54.0: Count:   8.3 (  1.3) A:  13.3 [11-34] B:  29.1 [11-125] Phase: 109% 279 (25.3) Direction:  {306 234}  49% 68 (37.8) Direction:  {42 138}
Phase: {1070,636,762,743,741,803,689,785,774,836,815,791,708,765,820,836,799,820,897,743,838,877,838,956,818,920,791,1068,983,949,956,972,992,926,1083,1048,1030,1075,1131,1100,1078,1149,1165,1160,1142,1330,1163,1250,1300,1265,1226,1345,1351,1319,1358,1479,1441,1371,1512,1526,1573,1525,1574,1707,1431,1551,1639,1650,1776,1613,1676,1550,1794,1726,1582,1705,1703,1741,1572,1651,1675,1750,1662,1590,1559,1624,1557,1488,1586,1402,1843,1330,1314,1409,1373,1427,1246,1244,1221,1221,1159,1106,987,1078,1078,1099,971,1019,1065,881,920,882,977,863,876,784,711,886,745,676,734,728,677,673,645,658,676,649,590,631,562,568,574,545,487,576,476,460,540,460,395,485,511,445,387,429,396,326,423,365,388,352,400,431,314,344,354,375,325,307,353,290,385,355,293,372,335,357,275,309,322,330,276,286,281,356,334,292,311,261,525,271,300,322,353,390,318,364,353,414,387,381,359,420,437,442,416,489,450,404,482,436,525,483,528,508,491,727,590,604,687,724,695,628,768,842,800,819,917,908,926,1016,1115,1001,1048,1366,1050,1237,1335,1358,1239,1362,1494,1405,1568,1612,1665,1456,1741,1762,1849,1766,1930,2230,1782,2010,2052,2263,2291,2053,2316,1998,2634,2489,2396,2692,2676,2660,2368,2631,2752,2985,2793,2930,2834,3151,3225,2911,2980,2720,4444,2771,3030,3116,3347,3369,2971,3162,3141,3485,3459,3345,2935,3372,3471,3373,3037,3172,3515,2685,3145,2953,3221,3167,2997,2955,2463,3396,2819,2507,2826,2752,2659,2153,2595,2640,2398,2352,2346,2293,2036,2187,2206,1878,1749,2281,1625,1693,1757,1691,1469,1490,1581,1391,1421,1439,1368,1064,1253,1224,1155,1053,1063,1277,882,954,928,987,983,833,926,735,972,779,766,878,798,861,675,795,871,801,740,778,684,791,781,747,681,668}
Count:   8.9   9.2   9.9   9.7   9.7   9.5   9.8   9.4   9.4   9.2   9.4   9.2   9.1   8.2   8.9   8.8   8.9   8.6   8.6   8.3   8.4   8.4   8.1   8.2   8.2   8.0   8.0   8.1   8.1   7.9   7.7   8.0   7.8   8.0   7.9   7.8   6.8   6.2   6.0   6.3   6.2   6.1   6.0   6.3   6.2   6.3  10.4  10.3  10.0  10.0   9.9  10.0   9.5   9.5   9.4   9.1   9.0   9.0   9.0   8.5   8.8   8.3   8.6   8.2   8.5   8.2   8.4   8.1   8.0   8.0   8.2   7.7   8.1   7.6   8.4   7.8   7.8   7.9   7.7   6.6   5.9   6.2   5.8   6.0   6.0   6.3   6.0   6.3   6.7  10.5  10.2   9.8   9.8   9.8  10.1   9.7   9.3   9.6   9.2   9.0   8.7   9.0   8.9   9.2   8.6   8.5   8.5   8.4   8.2   8.4   7.9   8.2   7.9   8.2   7.6   8.1   7.8   8.0   7.9   8.2   8.1   7.9   6.7   6.1   6.3   6.0   6.1   6.0   6.1   6.1   6.1   7.5  10.4   9.9  10.1  10.0   9.8   9.7   9.6   9.6   9.2   9.1   9.1   8.8   9.0   8.6   8.6   8.3   8.5   8.5   8.8   8.6   8.5   7.9   8.0   8.0   8.1   8.1   7.9   8.2   8.2   7.9   8.2   8.0   7.9   6.1   6.0   6.0   6.4   6.2   6.4   6.3   6.4   6.1   6.3   6.1   6.4   6.3   6.2   9.8  11.0  10.3  11.0  10.2  10.4  10.0   9.8   9.9  10.0   9.4   9.4   9.5   9.1   9.0   9.0   9.0   8.8   8.9   8.4   8.9 
B: 33.5 33.6 33.0 32.5 31.9 32.2 31.7 31.0 30.5 30.0 30.2 30.0 29.8 29.3 29.6 28.3 28.8 28.7 28.6 28.1 28.1 27.7 27.3 27.6 27.5 27.9 27.3 27.7 27.0 27.2 26.9 27.4 26.7 27.0 26.7 26.9 26.5 26.7 26.4 26.6 26.3 26.2 26.3 26.5 26.5 26.4 34.2 33.5 32.8 32.7 31.6 31.3 30.8 30.8 30.2 30.3 29.5 29.7 29.4 29.0 29.0 28.3 28.5 28.4 27.8 28.0 27.6 27.3 27.6 27.5 27.7 27.3 27.2 27.6 27.1 26.9 27.0 26.8 27.3 27.3 26.6 26.7 26.9 26.5 26.1 26.8 26.2 26.7 27.8 34.3 33.3 32.6 31.7 31.6 31.5 31.3 30.0 30.1 29.9 29.7 28.8 29.5 28.9 28.4 28.0 28.0 28.3 28.3 27.9 27.9 27.3 27.8 27.4 27.6 27.0 27.3 26.7 27.1 26.8 26.9 26.9 26.8 26.4 26.7 26.5 25.9 26.8 26.7 26.7 26.9 26.8 31.0 32.9 33.1 32.1 32.3 31.9 30.8 31.2 30.8 29.9 29.7 29.6 29.4 28.9 28.8 28.6 28.1 28.7 27.5 28.0 27.8 27.8 27.6 27.8 27.5 27.4 26.8 27.3 26.7 27.2 27.1 27.0 27.0 26.7 26.7 26.6 26.5 27.0 26.5 27.2 26.8 26.6 26.5 26.3 26.6 27.0 26.5 26.6 34.8 33.5 33.1 33.8 32.6 32.3 32.1 32.1 31.5 31.2 31.1 30.7 30.5 30.0 29.4 29.6 29.4 29.0 29.3 28.6 28.5 
Direction:  n n n n n n n n n n n n n n n n n n n n n n n n n n n {291 249} n n n n n n n n n n n n n n n n n {302 238} n n n n n n n n n n n n n n n n n n {297 243} n n n n n n n n n n n n n n n n n n n n n n n n {48 132} {50 130} n n n n n n n n n n n {303 237} n n n n n n n n n n n n n n n n n n n n n n n n n n n n n n {44 136} n n n n n n n n n n n n n n n n n n n n n n n n n n n n n n n n n n n n n n n n n n n {316 224} n n {41 139} n n n n n n n n n n n n n n n n n n n

54.1: Count:   9.8 (  1.3) A:  13.3 [11-35] B:  27.1 [11-119] Phase: 100% 281 (33.6) Direction:  {308 232}  43% 68 (31.4) Direction:  {42 138}
Phase: {1335,755,874,819,957,941,826,902,862,993,911,930,839,932,924,955,870,937,1053,838,913,954,978,1050,992,1046,933,1223,1142,1060,1132,1172,1227,1071,1135,1243,1208,1194,1342,1288,1233,1250,1369,1393,1338,1570,1373,1389,1523,1579,1498,1524,1516,1482,1632,1640,1630,1522,1664,1638,1744,1631,1628,1793,1434,1645,1627,1605,1625,1593,1654,1407,1645,1578,1530,1531,1579,1600,1417,1520,1486,1590,1394,1538,1454,1485,1438,1470,1449,1318,1831,1248,1381,1335,1426,1390,1301,1279,1258,1311,1300,1201,1142,1212,1191,1114,1059,1142,1294,957,1076,1030,1015,995,912,955,770,1056,887,760,855,776,839,749,800,726,649,667,727,647,629,588,661,588,546,644,486,587,553,578,470,510,520,475,480,547,479,445,473,436,420,436,435,489,359,419,364,388,392,391,374,291,426,384,350,424,374,370,325,335,382,335,332,349,302,368,354,318,319,313,551,291,342,321,409,414,340,410,366,440,454,419,323,414,438,467,400,511,560,423,544,450,598,565,544,551,527,811,598,652,763,781,775,715,913,891,883,967,1014,995,963,1102,1205,1183,1066,1487,1175,1317,1547,1490,1367,1519,1695,1612,1595,1835,1943,1675,1818,2048,2094,1989,2180,2751,2078,2269,2329,2578,2776,2534,2790,2320,3199,2945,2795,3301,3238,3219,2857,3282,3448,3654,3432,3607,3418,4103,3976,3777,3756,3387,5958,3494,3788,3964,4351,4542,3918,4249,4100,4516,4441,4250,3777,4343,4429,4571,3940,4157,4721,3448,4351,3939,4359,4141,3961,3802,3358,4565,3685,3553,3800,3779,3656,2946,3575,3650,3155,3048,3132,2974,2764,2897,2951,2573,2292,3125,2140,2177,2500,2314,2044,2038,2062,1862,1800,2028,1830,1435,1697,1654,1586,1377,1401,1600,1119,1179,1241,1173,1315,1053,1151,902,1237,1038,938,1166,1025,964,820,910,1061,992,914,873,848,951,989,879,892,742}
Count:  10.7  10.9  11.1  11.4  11.0  11.0  11.1  10.7  10.8  10.6  10.5  10.7  10.6  10.1  10.6  10.3  10.7   9.9   9.8   9.7  10.0  10.0   9.8   9.4   9.7   9.6   9.4   9.7   9.8   9.9   9.9   9.5   9.4   9.6   9.5   9.4   8.3   7.5   7.2   7.6   7.5   7.4   7.6   7.7   7.6   7.4  12.1  11.7  11.8  11.7  11.5  11.5  11.2  11.4  11.1  10.9  10.5  10.7  10.0  10.3  10.2  10.3  10.2   9.9  10.3  10.0  10.2   9.8   9.4   9.7   9.6   9.1   9.6   9.4   9.7   9.2   9.3   9.3   9.3   8.1   7.4   7.4   7.3   7.3   7.7   7.9   7.6   7.7   8.2  12.2  12.0  11.2  11.0  11.2  11.3  11.2  11.1  11.1  10.9  10.6  10.2  10.5  10.5  10.8  10.1  10.1  10.3   9.9   9.6  10.0   9.7   9.5   9.2   9.8   9.5   9.4   9.1   9.8   9.2   9.8   9.6   9.8   8.2   8.0   8.0   7.3   7.6   7.3   7.6   7.2   7.5   9.2  11.8  11.4  11.6  11.6  11.3  11.3  11.0  11.2  11.0  10.4  10.6  10.5  10.5  10.2  10.6   9.7  10.1  10.1  10.5  10.0  10.0   9.6   9.7   9.3   9.8   9.7   9.8   9.8   9.7   9.5  10.0   9.4   9.3   7.5   7.4   7.2   7.7   7.3   7.4   7.5   7.8   7.7   7.8   7.8   7.7   7.8   7.7  11.3  12.2  12.3  12.3  11.7  11.7  11.4  11.4  11.2  11.5  10.9  11.3  10.8  10.9  10.5  10.7  10.4  10.2  10.4  10.2  10.4 
Direction:  n n n {310 230} {305 235} {300 240} {311 229} {303 237} n n {317 223} {300 240} {310 230} {298 242} {296 244} {295 245} {305 235} {309 231} n {310 230} {318 222} {306 234} {315 225} n {283 257} {313 227} {312 228} {307 233} {295 245} {324 216} {301 239} {302 238} n {308 232} {307 233} {311 229} {310 230} {313 227} {311 229} {303 237} {315 225} {296 244} {294 246} {305 235} {295 245} {308 232} {298 242} {302 238} {309 231} {298 242} {313 227} {315 225} {304 236} {313 227} {311 229} {303 237} {302 238} {304 236} n {302 238} {306 234} {313 227} {307 233} {309 231} {304 236} {316 224} {312 228} {309 231} {308 232} {305 235} {306 234} n {300 240} {301 239} {295 245} n {314 226} {309 231} n {295 245} {315 225} {295 245} {313 227} {317 223} {315 225} {298 242} {307 233} {313 227} {316 224} {307 233} {300 240} {306 234} {300 240} {300 240} {312 228} {303 237} {302 238} {312 228} {306 234} {303 237} {306 234} {305 235} {311 229} {302 238} {310 230} {307 233} {308 232} {310 230} {306 234} {303 237} {318 222} n {310 230} {299 241} {313 227} {307 233} {295 245} {309 231} {306 234} {319 221} {305 235} {307 233} {302 238} {307 233} {311 229} {307 233} {319 221} {303 237} {298 242} {303 237} {313 227} {316 224} {310 230} n n {302 238} {315 225} {295 245} {317 223} {295 245} {295 245} {315 225} n {301 239} {313 227} {319 221} {312 228} {322 218} {291 249} {313 227} {310 230} {311 229} {308 232} n {312 228} n {295 245} {313 227} {317 223} {305 235} {309 231} {298 242} {316 224} {305 235} {308 232} {313 227} {315 225} {307 233} {319 221} {306 234} {307 233} {312 228} {295 245} {302 238} {313 227} {319 221} {313 227} {295 245} {307 233} {311 229} {311 229} {315 225} n {316 224} n {305 235} {313 227} {298 242} {326 214} {301 239} {308 232} {299 241} {314 226} {305 235} {311 229} {295 245} {295 245} {317 223} {308 232} {307 233}

54.2: Count:   8.2 (  1.4) A:  13.1 [11-30] B:  27.7 [11-118] Phase: 93% 277 (26.9) Direction:  {304 236}  49% 64 (15.7) Direction:  {39 141}
Phase: {1002,619,700,729,799,812,724,770,772,878,805,777,848,889,925,930,861,891,1063,921,1013,989,1005,1101,968,983,897,1275,1124,1127,1129,1224,1306,1167,1231,1282,1218,1255,1357,1351,1218,1342,1437,1363,1322,1614,1301,1422,1518,1464,1558,1594,1629,1420,1555,1534,1606,1433,1602,1586,1522,1539,1505,1827,1374,1533,1542,1576,1532,1547,1528,1362,1596,1526,1323,1505,1461,1527,1349,1479,1434,1517,1367,1436,1403,1427,1470,1331,1298,1151,1787,1181,1399,1287,1437,1338,1198,1231,1255,1386,1229,1211,1058,1200,1138,1166,1054,1129,1221,937,1115,1032,1062,981,986,968,776,1141,931,841,827,878,795,714,848,826,841,715,783,744,725,773,717,592,544,720,558,608,607,553,494,589,502,483,499,520,491,425,472,482,413,384,384,429,325,346,363,352,343,314,319,290,333,299,257,288,327,268,213,222,308,277,251,266,221,301,270,238,251,175,389,170,208,221,260,275,227,240,206,268,270,220,223,270,257,312,238,255,276,232,330,279,313,310,337,294,307,434,384,374,418,388,413,385,492,521,547,552,590,614,608,731,733,693,723,908,746,877,956,1084,996,990,1054,1134,1187,1261,1372,1251,1579,1528,1642,1546,1735,2162,1594,1921,2030,2071,2449,2261,2524,2147,2821,2585,2503,3243,3068,2986,2688,3102,3395,3445,3110,3502,3209,3969,3791,3461,3564,3208,5744,3214,3596,3841,4090,4360,3670,3842,3670,4079,4211,3923,3231,3780,3833,4193,3210,3632,3768,2817,3469,3148,3641,3117,2888,2736,2557,3492,2575,2431,2585,2502,2557,1914,2391,2371,2075,1965,2004,1834,1639,1856,1760,1476,1489,1737,1277,1277,1376,1349,1230,1102,1259,1151,1006,1130,1006,812,943,933,857,778,833,960,668,702,785,732,796,681,785,587,824,658,609,739,603,649,572,624,645,687,635,708,647,761,727,687,679,649}
Count:   9.1   9.4   9.6   9.9   9.7   9.5   9.6   9.2   9.3   9.3   8.9   9.6   9.2   8.5   9.0   8.9   9.2   8.6   8.2   8.1   8.4   8.4   8.4   7.8   8.4   8.1   7.9   8.0   8.4   8.1   8.2   8.2   8.0   8.0   7.8   7.7   6.8   5.7   5.6   5.6   5.7   5.9   5.5   5.7   5.9   5.8  10.1  10.5  10.1  10.2   9.7   9.9   9.4   9.7   9.5   9.4   9.4   9.2   8.9   8.7   8.2   8.2   8.7   8.3   8.7   8.7   8.4   8.3   7.8   7.9   8.1   7.7   8.3   8.1   8.2   7.7   7.6   7.4   7.9   6.5   5.4   5.7   5.5   5.5   5.9   5.8   5.9   5.9   6.6  10.5  10.4   9.6   9.2   9.6   9.4   9.7   9.8   9.3   9.7   8.9   9.1   9.2   9.0   9.0   8.8   8.6   8.5   8.7   8.1   8.4   8.0   8.3   7.9   8.4   7.7   8.2   7.9   8.2   7.8   7.9   7.9   8.0   6.5   6.1   6.1   5.8   5.8   5.7   5.6   5.7   5.7   7.5  10.0  10.2   9.6  10.3   9.7   9.6   9.5   9.3   9.2   9.0   8.8   9.0   9.0   8.4   8.6   8.3   8.5   8.5   9.0   8.5   8.4   8.2   8.2   7.9   8.6   7.9   8.5   8.2   8.2   7.9   8.4   7.7   7.9   5.8   6.0   5.6   6.1   5.7   5.6   5.6   5.9   5.7   6.4   6.0   6.0   6.3   6.2   9.6  10.6  10.4  10.3  10.0  10.3   9.7   9.9   9.8  10.2   9.2   9.8   9.5   9.3   9.0   9.3   8.8   8.9   9.1   8.6   8.5 
Direction:  n n {299 241} n n {308 232} {298 242} n n n n {298 242} n {298 242} n n {308 232} n n n n {295 245} {302 238} n n n n n {301 239} {310 230} n {302 238} {309 231} n n {312 228} {309 231} {303 237} {313 227} {290 250} {295 245} {295 245} n {291 249} {298 242} {295 245} n n {308 232} n n n n n {307 233} n {302 238} {302 238} n {299 241} n n n n {303 237} n n n n {296 244} n n {293 247} {307 233} {298 242} {306 234} {298 242} n {303 237} {304 236} {307 233} {307 233} {303 237} {287 253} {298 242} {303 237} {295 245} {306 234} {307 233} {295 245} n {306 234} n n n {300 240} {301 239} n n {304 236} n {303 237} {287 253} {290 250} n n {309 231} n n {313 227} {311 229} n {293 247} n {319 221} n {306 234} n n {298 242} n {308 232} {307 233} {301 239} {307 233} {298 242} {296 244} {298 242} {304 236} {300 240} n {302 238} n n n {303 237} n {302 238} {295 245} n {309 231} n n {283 257} n n n n {300 240} n {301 239} n n n {299 241} n {307 233} {311 229} n n n {311 229} {298 242} n {312 228} {313 227} {306 234} {285 255} {295 245} {306 234} n n {291 249} {301 239} {306 234} {295 245} {300 240} {320 220} {306 234} {302 238} {299 241} {313 227} n {301 239} n n n {303 237} {298 242} n n n n {306 234} {313 227} n n {303 237} {301 239} n

54.3: Count:   5.2 (  1.3) A:  12.9 [11-31] B:  29.1 [11-109] Phase: 70% 72 (38.2) Direction:  {45 135}  96% 276 (22.9) Direction:  {304 236}  13% 341 (17.3) Direction:  {349 191}
Phase: {642,389,457,469,464,461,434,476,489,557,508,560,487,555,621,583,528,594,632,557,679,620,681,693,653,687,679,887,822,831,889,908,853,814,921,994,1018,965,1034,1116,1049,1157,1121,1193,1124,1458,1262,1262,1443,1406,1366,1357,1491,1481,1527,1536,1544,1415,1570,1576,1619,1700,1621,1902,1477,1585,1682,1672,1794,1552,1701,1477,1801,1519,1528,1624,1496,1519,1433,1525,1512,1609,1482,1504,1487,1433,1560,1360,1434,1314,1786,1274,1350,1355,1412,1395,1244,1356,1328,1399,1183,1206,1109,1137,1132,1201,1044,1094,1154,889,962,951,917,933,814,748,692,934,751,679,691,684,654,563,634,622,600,531,561,520,490,444,474,396,395,435,330,345,380,359,305,358,348,276,246,268,274,207,229,219,219,211,209,246,199,173,199,188,195,182,155,146,191,184,141,139,132,161,150,129,162,126,143,125,129,124,114,112,103,112,182,100,109,127,128,130,102,139,104,112,95,96,98,111,106,113,88,94,129,97,125,109,121,117,111,127,116,144,135,142,147,159,157,134,146,214,159,170,195,216,154,224,248,232,229,327,247,279,367,380,323,415,361,390,507,505,540,494,607,601,597,686,763,900,716,817,871,1019,1128,971,1119,943,1236,1246,1254,1555,1515,1463,1372,1710,1957,1763,1702,1924,1812,2063,2024,1941,2081,1818,2936,1844,2167,2012,2224,2462,2057,2286,2070,2247,2440,2131,1825,2070,2084,2226,1913,1838,2073,1667,1856,1796,1834,1622,1542,1413,1237,1693,1335,1205,1241,1155,1097,916,1098,1007,1015,827,931,848,774,843,756,690,660,751,591,585,621,587,467,451,483,430,469,487,463,440,394,464,360,416,386,435,297,364,381,371,411,356,362,318,434,403,352,367,359,387,352,356,417,424,421,422,353,482,424,431,373,377}
Count:   6.6   6.3   6.8   7.0   6.6   7.0   6.5   6.5   6.3   6.4   6.1   6.6   5.9   5.6   5.9   5.7   6.0   5.6   5.6   5.2   5.4   5.3   5.3   4.7   5.0   5.0   5.0   4.9   5.1   5.0   5.0   4.6   5.2   4.6   4.8   4.8   4.0   3.1   2.8   3.0   2.7   2.8   2.8   3.0   2.9   3.1   7.1   7.5   6.9   7.0   6.6   6.8   6.8   6.5   6.1   6.3   6.0   6.0   5.8   5.6   5.4   5.8   5.5   5.6   5.5   5.5   5.3   5.0   5.3   4.7   4.8   4.9   4.8   5.0   5.0   4.9   4.6   4.9   5.0   3.3   3.0   2.8   2.9   2.7   2.8   2.8   3.1   3.1   3.6   7.3   7.2   6.6   7.0   6.7   6.9   6.5   6.0   6.1   6.5   6.0   6.2   5.8   5.8   5.7   5.2   5.4   5.1   5.6   5.1   5.4   4.9   5.2   5.1   5.2   4.7   5.0   4.8   4.9   4.7   5.0   4.6   5.0   3.3   3.3   3.1   3.0   3.0   2.9   2.9   3.0   2.8   4.7   7.0   7.0   6.6   7.1   6.5   6.8   6.6   6.4   6.0   6.1   5.9   6.5   6.0   5.9   5.9   5.9   5.5   5.8   5.7   5.6   5.3   5.1   5.5   5.2   5.3   4.8   5.0   5.2   4.9   4.9   5.2   4.8   5.0   2.9   3.1   3.2   3.2   3.0   3.1   2.9   3.1   2.9   3.2   2.9   3.1   3.0   3.2   6.6   7.9   7.1   7.3   6.8   7.5   6.6   6.9   6.9   7.0   6.3   6.9   6.2   6.7   6.0   5.9   5.7   6.1   5.7   5.9   5.6 
B: 34.0 33.4 33.2 32.8 31.8 31.7 31.2 31.0 30.1 30.4 29.9 30.0 29.2 29.0 29.5 28.3 28.6 27.7 27.7 27.4 27.5 27.5 27.2 26.5 27.1 26.4 26.8 26.6 26.5 26.1 26.1 25.4 26.4 25.6 26.3 25.5 26.7 27.8 26.6 27.8 28.0 27.0 27.2 28.3 27.6 27.3 34.6 33.3 32.9 32.3 31.7 31.7 31.0 31.1 30.2 29.8 29.2 29.2 28.8 28.1 28.0 27.7 27.9 27.4 27.1 27.7 26.7 26.7 27.1 27.0 26.7 26.2 26.6 26.8 26.0 26.6 26.6 26.2 26.2 27.3 28.1 27.1 28.1 26.6 27.1 27.4 27.4 27.6 32.1 33.6 33.4 33.0 31.9 31.6 32.2 31.4 30.6 29.8 30.1 29.1 29.1 27.6 28.1 27.5 27.6 27.8 27.7 27.6 26.7 26.9 26.8 26.8 26.8 26.3 26.1 26.3 25.7 26.2 25.8 26.4 26.1 25.7 27.4 27.7 27.5 28.2 27.4 27.9 27.6 27.7 27.5 32.8 33.9 32.7 32.4 32.5 31.0 31.0 30.7 30.8 29.9 29.9 29.2 29.1 29.1 28.7 28.2 28.5 27.7 27.5 27.0 27.7 27.2 27.0 26.8 26.5 26.9 26.0 26.6 26.5 26.5 25.8 26.3 25.8 26.3 27.8 27.8 27.4 27.2 27.4 26.7 27.2 27.7 26.9 27.5 27.0 27.6 27.2 28.1 34.8 34.2 33.2 33.4 32.8 32.3 32.2 31.6 31.5 31.4 30.8 31.1 30.3 30.0 29.4 29.6 28.9 28.9 28.3 27.5 28.4 
Direction:  {41 139} n n n n n n n n n n n n n n n n n n n n n n n n n n n n n n n n n n n n n n n n n n n n n n n n n n n n n n n n n n n n n n n n n n n n n n n n n n n n n n n n n n n n n n n n n n n n n n n n n n n n n n n n n n n n n n n n n n n n n n n n n n n n n n n n n n n n n n n n n n n n n n n n n n n n n n n n n n n n n n n n n n n n n n n n n n n n n n n n n n n {38 142} n n n n n n n n n n n n n n n n n n n

54.4: Count:   4.3 (  1.4) A:  12.8 [11-29] B:  29.4 [11-113] Phase: 112% 72 (22.8) Direction:  {45 135}  58% 287 (37.5) Direction:  {314 226}
Phase: {556,386,355,399,428,441,370,400,415,462,436,453,405,447,465,464,465,492,519,462,549,534,599,603,606,606,560,682,706,637,735,747,803,768,854,960,902,937,983,1013,985,1078,1159,1247,1132,1386,1276,1338,1397,1409,1381,1447,1650,1588,1557,1742,1709,1565,1835,1736,1690,1720,1817,1999,1595,1824,1823,1886,1859,1796,1961,1599,1948,1803,1800,1849,1818,1774,1664,1745,1793,1868,1627,1767,1586,1745,1604,1597,1625,1533,1986,1377,1537,1543,1509,1437,1380,1336,1252,1365,1297,1262,1137,1165,1163,1144,1020,1027,1084,850,969,822,876,742,705,742,564,786,627,552,587,538,542,448,467,445,449,419,439,316,348,345,327,302,247,339,277,219,240,246,225,212,206,185,173,174,177,131,173,162,131,115,140,163,115,148,117,135,146,122,145,90,112,106,104,92,113,98,70,93,113,84,73,83,71,75,88,81,71,63,102,71,73,61,72,91,57,84,71,68,64,48,62,68,62,74,58,76,76,53,83,81,87,67,90,70,75,84,83,91,84,112,83,67,102,129,82,111,140,122,114,131,152,141,136,205,116,191,192,197,178,201,243,243,240,252,280,226,305,346,327,316,386,471,316,438,447,459,564,476,532,522,638,614,571,765,680,729,681,763,873,941,843,1002,885,1121,1038,1032,1068,943,1626,993,1203,1193,1217,1288,1206,1330,1240,1333,1427,1269,1209,1346,1293,1333,1212,1262,1372,1106,1287,1233,1306,1236,1198,1131,1009,1310,1115,1008,1027,985,922,865,980,892,831,796,806,774,703,730,659,643,572,701,473,543,575,531,475,493,452,420,446,391,431,358,382,380,334,351,339,390,269,272,350,327,343,273,355,294,336,284,321,382,316,307,333,316,318,288,334,361,340,408,317,371,351,329}
Count:   5.4   5.5   5.8   5.9   5.6   5.7   5.5   5.8   5.7   5.2   5.2   5.2   4.9   4.9   4.8   4.7   4.5   4.6   4.5   4.2   4.4   4.3   4.5   4.1   4.1   4.1   4.0   3.9   4.1   4.0   3.7   4.0   4.0   3.6   3.8   3.7   3.1   2.0   1.9   1.9   1.8   2.0   1.9   2.2   1.9   2.0   6.4   6.1   5.7   5.8   5.5   5.7   5.9   5.6   5.2   5.2   5.0   5.4   4.9   4.9   4.5   4.7   4.5   4.6   4.4   4.6   4.2   4.0   4.1   4.0   3.8   3.9   3.9   4.0   4.0   3.9   3.8   3.8   3.7   2.5   2.0   2.0   2.0   1.8   1.9   1.7   1.9   2.1   3.0   6.4   6.0   5.6   6.2   5.9   6.1   5.5   5.9   4.9   5.5   5.2   5.3   4.5   4.9   4.7   4.5   4.5   4.8   4.2   4.5   4.2   4.1   4.1   4.1   4.5   4.1   3.9   3.9   4.1   4.3   3.8   3.9   3.9   2.1   2.1   2.1   1.8   1.9   2.1   2.0   2.0   1.9   3.9   6.2   6.1   6.0   6.3   5.6   6.1   5.4   5.8   5.3   5.3   4.7   5.3   5.0   4.9   5.0   5.1   4.7   4.8   4.7   4.6   4.2   4.5   4.3   4.3   4.3   4.2   4.2   4.3   4.1   4.2   4.5   4.2   4.3   2.0   2.0   2.1   2.0   1.9   2.2   2.1   2.0   1.9   1.9   2.0   2.1   2.0   2.3   5.6   6.7   6.4   6.5   6.3   5.9   5.6   6.1   5.9   5.8   5.4   6.0   5.5   5.5   5.1   5.3   5.2   5.5   4.8   4.9   4.7 
B: 34.7 34.5 33.8 33.7 33.4 32.7 31.9 31.5 30.8 31.3 30.2 30.8 30.4 29.4 29.3 28.5 28.8 28.8 27.3 27.2 27.5 27.1 27.5 27.5 26.7 26.4 26.5 27.1 26.2 27.0 26.2 26.3 26.1 25.9 26.4 25.4 25.7 26.4 26.4 25.6 26.8 26.4 26.2 26.8 25.7 26.3 34.8 34.2 34.2 32.6 32.3 32.6 32.0 31.7 31.1 30.7 30.5 30.2 29.0 29.5 28.3 28.6 27.8 28.1 27.4 27.1 27.4 27.3 27.1 26.7 26.5 26.6 26.8 27.1 26.0 25.9 26.0 26.3 26.2 25.6 26.1 26.2 25.7 25.2 26.4 26.2 25.6 26.7 31.9 34.2 33.3 32.7 32.2 32.3 32.5 31.6 31.7 30.0 31.6 29.3 29.2 28.7 29.0 28.5 28.8 27.9 28.0 27.5 27.6 26.9 26.5 26.5 26.7 26.4 26.2 26.4 26.1 25.8 26.1 25.9 25.8 25.5 27.0 26.3 26.4 26.7 26.8 26.2 26.9 26.5 26.4 34.4 33.8 32.8 33.4 33.3 32.5 32.5 30.9 31.1 30.1 30.6 30.0 29.7 29.3 28.1 28.6 28.2 27.8 28.0 27.8 27.2 27.0 28.1 27.1 26.9 27.3 26.7 26.6 26.0 26.5 25.7 26.1 25.7 26.5 26.1 26.8 26.5 26.6 26.2 26.3 26.2 26.9 25.9 26.7 26.4 26.7 25.8 26.6 35.5 34.6 34.2 34.0 34.5 32.6 33.1 33.0 32.4 31.7 31.7 31.9 30.8 31.3 30.1 30.0 30.0 29.8 28.4 28.7 28.5 
Direction:  n n n n n n n n n n n n n n n n n n n n n n n n n n n n n n n n n n n n n n n n n n n n n n n {44 136} n n n n n n n n n n n n n n n n n n n n n n n n n n n n n n n n n n n n n n n n n {42 138} n n n n n n n n n n n n n n n n n n n n n n n n n n n n n n n n n n n n n n n n n n n n n n n n n n n n n n n n n n n n n n n n n n n n n n n n n n n n n n n n n n n n n n n n n n {45 135} {50 130} n n n n n n n n n n n n n n n n n n

54.5: Count:   4.6 (  1.5) A:  12.9 [11-30] B:  29.0 [11-108] Phase: 103% 71 (26.3) Direction:  {44 136}  57% 292 (25.5) Direction:  {318 222}
Phase: {577,344,427,434,495,542,430,415,472,498,468,477,456,570,503,588,542,590,621,532,606,570,671,679,643,649,593,859,745,770,830,794,939,810,944,972,998,1016,1096,1138,1148,1258,1321,1291,1243,1662,1468,1552,1679,1562,1668,1783,1835,1746,1925,1922,1904,1715,2051,1930,2036,1947,2075,2362,1860,2074,2105,2167,2342,2042,2231,1913,2216,2072,1991,2090,2009,2052,1986,1954,1995,2023,1997,1964,1863,1940,2075,1805,1831,1586,2243,1609,1787,1591,1573,1598,1496,1521,1453,1497,1391,1252,1146,1277,1188,1097,1079,996,1026,814,895,795,817,834,735,700,597,786,670,517,546,530,536,455,469,424,412,420,423,357,340,314,350,273,262,333,244,225,247,235,236,212,233,177,178,164,185,147,170,138,163,123,167,171,110,125,127,136,104,113,111,113,97,95,81,108,101,103,75,84,110,75,98,78,84,79,61,80,73,51,120,46,54,68,77,72,71,64,57,83,87,72,53,63,85,72,70,69,66,54,65,68,102,84,79,64,54,93,75,73,92,113,82,72,107,122,105,103,107,105,116,153,137,143,130,173,125,163,212,207,187,175,224,201,216,261,248,222,312,293,281,296,346,417,241,345,384,399,427,450,509,401,535,544,458,549,572,559,498,623,679,764,694,753,655,789,823,821,826,727,1370,776,965,968,972,1121,952,1067,980,1180,1102,1042,1018,1145,1093,1251,1065,1178,1313,1011,1218,1210,1195,1200,1181,1109,1004,1358,1173,1072,1147,1158,1060,952,1137,1062,1073,946,1081,971,914,874,900,821,776,964,696,819,812,748,639,658,681,652,589,513,597,464,555,487,541,453,501,540,383,395,417,396,456,382,382,319,418,411,391,455,394,411,371,372,408,436,414,405,345,443,404,403,382,365}
Count:   5.5   5.8   5.9   6.2   5.8   6.1   6.1   6.0   5.8   5.7   5.5   5.4   5.4   5.2   5.3   5.3   4.8   5.0   4.7   5.0   4.7   4.6   4.9   4.6   4.3   4.2   4.4   4.5   4.5   4.2   4.1   4.3   4.5   4.0   4.1   3.9   3.4   2.1   2.1   1.9   2.0   1.9   1.9   2.1   2.0   2.1   6.5   6.2   6.4   6.0   5.6   6.0   6.1   5.6   5.5   5.7   5.2   5.6   5.0   5.6   5.0   5.1   5.0   4.9   4.5   4.7   4.4   4.6   4.5   4.7   4.3   4.2   4.3   4.5   4.4   4.4   4.0   4.5   4.4   2.8   2.0   1.8   2.0   1.9   2.3   1.8   1.9   1.9   2.9   6.4   6.2   5.8   6.6   5.8   6.3   5.9   6.1   5.5   5.8   5.6   5.6   5.0   5.5   5.0   4.8   5.0   5.2   4.9   4.8   4.3   4.5   4.6   4.6   4.6   4.6   4.3   4.4   4.4   4.6   4.2   4.2   4.2   2.3   2.2   1.9   2.0   2.2   2.1   2.1   2.1   2.1   4.0   6.4   6.5   6.3   6.3   6.1   6.4   5.8   6.2   5.7   5.8   5.1   5.9   5.1   5.5   5.1   5.5   4.7   5.3   4.7   5.0   4.7   5.0   4.7   4.8   4.6   4.9   4.5   4.8   4.2   4.5   4.8   4.7   4.8   2.1   2.2   1.9   2.0   2.0   1.9   1.8   2.0   2.0   2.2   2.0   2.1   1.8   2.1   5.5   6.7   6.7   6.4   6.5   6.7   6.1   6.2   6.0   6.0   5.9   6.3   6.1   5.5   5.6   5.6   5.3   5.7   5.2   5.5   4.8 
B: 34.5 34.1 33.4 33.0 33.3 32.2 31.3 31.3 31.0 30.9 30.2 30.2 29.6 29.3 28.7 28.4 27.8 28.5 28.2 27.5 27.4 27.2 27.0 26.9 26.2 26.8 26.1 26.7 25.9 26.7 25.4 25.7 25.7 24.6 25.3 25.6 24.9 24.3 23.9 23.6 24.2 24.9 25.3 23.9 23.9 25.2 34.2 34.4 34.1 31.7 31.4 32.2 32.2 31.6 31.0 30.2 29.7 30.1 28.6 29.3 28.1 28.3 27.6 28.6 27.0 27.5 26.7 26.8 26.6 26.3 26.2 26.1 26.4 26.0 25.9 25.5 25.8 26.1 25.6 25.1 23.8 23.8 23.9 24.2 24.3 24.4 24.1 24.8 29.4 34.6 32.6 32.3 32.2 32.6 31.6 30.3 31.3 30.4 30.3 29.4 29.1 28.5 28.9 28.1 29.2 27.8 27.5 26.5 27.5 26.6 27.0 26.5 26.5 26.1 26.2 26.0 25.8 25.7 26.1 26.0 26.3 25.7 25.8 24.5 24.8 23.8 23.8 22.9 23.4 24.1 24.7 33.1 33.1 32.3 33.1 32.7 32.0 32.6 31.1 31.3 30.4 31.0 29.6 30.2 29.5 29.1 28.9 28.8 27.8 27.6 27.9 27.1 26.4 27.4 27.3 26.9 26.7 26.0 26.7 25.9 25.9 25.4 26.0 25.7 25.5 24.1 24.3 24.5 24.2 24.3 23.9 24.1 24.7 23.8 24.7 24.6 24.4 24.1 25.0 33.5 33.4 33.1 32.8 34.6 32.5 32.5 32.7 32.1 32.5 32.0 30.7 31.2 31.0 30.1 29.8 29.8 29.4 29.0 28.3 28.5 
Direction:  n n n {60 120} n n n n n n n n n n n n n n n n n n n n n n n n n n n n n n n n n n n n n n n n n n {39 141} {43 137} n n n n n n n n n n n n n n n n n n n n n n n n n n n n n n n n n n n n n n n n n {42 138} n n n n n n n n n n n n n n n n n n n n n n n n n n n n n n n n n n n n n n n n n n n {45 135} {43 137} n n n n n n n n n n n n n n n n n n n n n n n n n n n n n n n n n n n n n n n n n n n n n {50 130} {54 126} n {37 143} n n n n n {44 136} n n n n n n n n n n

54.6: Count:   4.7 (  1.6) A:  13.0 [11-31] B:  28.9 [11-107] Phase: 96% 70 (30.5) Direction:  {43 137}  52% 293 (24.0) Direction:  {318 222}
Phase: {634,339,417,488,483,538,488,488,504,523,484,543,540,601,553,628,604,551,697,616,665,638,820,758,806,799,677,982,918,862,996,989,1056,959,1087,1041,1156,1128,1312,1300,1205,1355,1413,1433,1388,1672,1436,1669,1636,1605,1667,1694,1857,1842,1990,2038,2125,1824,2138,2210,2076,2151,2238,2578,1975,2208,2388,2354,2402,2278,2288,2168,2489,2396,2225,2527,2338,2309,2218,2162,2238,2298,2077,2152,2105,2193,2194,2034,2035,1756,2357,1612,1854,1601,1748,1647,1556,1522,1498,1519,1442,1368,1213,1237,1182,1208,1083,1113,1176,877,959,849,926,855,759,809,665,820,617,698,668,656,603,485,529,549,461,459,455,385,403,430,341,352,337,352,266,292,284,265,242,211,229,203,216,228,175,146,173,167,196,136,154,180,122,127,112,102,141,118,120,86,116,90,77,106,90,92,77,98,83,93,77,62,61,76,65,72,49,60,105,45,59,57,64,82,57,62,55,52,71,51,46,74,61,56,54,66,84,35,64,53,66,76,64,76,55,90,72,78,76,73,82,54,98,115,92,85,120,85,91,135,118,121,115,157,104,149,171,165,167,175,189,185,212,236,214,183,203,257,293,227,327,358,233,299,267,365,410,384,347,341,489,463,400,549,506,558,481,541,678,659,587,645,632,778,673,684,807,591,1111,653,865,812,987,1049,857,1065,937,1046,1180,1050,970,1158,1060,1132,1066,1110,1350,1059,1159,1144,1265,1159,1171,1096,962,1305,1084,1010,1072,1135,1092,926,1176,1041,1040,956,1066,915,851,968,901,790,776,906,750,782,806,747,668,595,720,602,569,590,595,447,577,581,493,515,451,592,382,418,450,382,453,344,414,327,422,429,316,412,383,473,372,406,470,424,373,406,354,435,497,427,384,405}
Count:   5.6   5.8   6.4   6.3   6.3   6.2   6.1   6.2   6.0   5.9   5.6   5.7   5.4   5.5   5.4   5.5   4.9   5.2   4.9   5.2   5.1   4.8   5.0   5.0   4.6   4.5   4.7   4.5   4.8   4.4   4.3   4.3   4.3   4.3   4.7   4.2   3.6   1.9   2.0   1.9   2.0   2.0   1.9   2.0   1.7   2.0   6.6   6.6   6.6   6.3   6.5   6.3   6.1   6.1   5.7   5.9   5.6   5.7   5.2   5.7   5.4   5.4   5.1   5.8   4.9   5.0   5.0   5.1   4.7   5.0   4.6   4.7   4.6   4.7   4.8   4.5   4.3   4.6   4.4   2.9   2.0   1.8   1.9   2.0   2.1   1.9   2.0   1.8   2.7   6.8   6.6   6.0   6.8   6.3   6.3   6.0   6.0   6.0   5.6   5.6   5.5   5.3   5.3   5.2   5.6   5.3   5.2   5.0   5.3   4.7   5.0   5.0   4.5   4.6   4.8   4.7   4.8   4.8   4.7   4.6   4.7   4.8   2.3   2.0   1.9   1.9   1.9   2.1   1.9   2.1   1.9   3.7   6.4   6.4   6.7   6.4   6.4   6.4   6.0   6.6   6.1   6.2   5.8   5.9   5.3   5.5   5.8   5.4   5.5   5.5   5.0   5.4   4.8   5.1   5.3   4.9   4.9   5.1   4.9   5.2   4.9   4.7   5.0   4.6   4.7   2.0   2.3   1.7   2.1   2.0   2.1   1.9   2.1   1.9   2.0   2.1   2.0   1.9   1.8   5.5   6.8   6.7   6.4   6.6   6.4   6.3   6.5   6.1   6.4   6.2   6.6   6.5   5.8   5.8   5.8   5.7   5.9   5.5   5.7   4.9 
B: 33.9 34.1 33.2 32.9 33.0 31.9 31.9 31.5 30.8 30.5 30.1 31.3 30.0 29.2 28.5 28.9 28.5 28.5 27.7 28.2 26.6 27.2 27.1 27.2 26.0 26.6 26.2 26.4 25.7 25.6 25.8 25.9 25.3 25.2 25.7 25.0 24.6 23.6 23.4 22.9 22.9 24.1 23.5 23.9 23.3 23.7 33.8 33.8 32.2 32.0 31.3 31.4 31.5 31.4 31.2 30.7 30.7 29.7 29.3 28.6 28.6 27.2 28.1 28.9 27.3 26.6 26.7 26.1 26.3 26.5 26.9 26.7 25.6 26.3 26.0 25.5 25.9 25.6 25.6 24.2 23.4 23.7 24.3 23.5 22.7 23.8 23.2 23.4 27.9 34.3 32.4 32.9 32.4 32.2 31.3 29.6 31.3 30.3 30.5 30.3 28.8 29.3 29.0 28.3 28.2 27.5 27.7 27.4 28.1 26.8 26.6 27.4 26.7 26.3 27.0 25.6 26.2 25.5 26.3 26.0 25.9 25.3 25.2 23.5 23.6 23.5 23.4 23.1 23.8 22.8 23.8 32.0 32.6 32.5 33.2 32.9 32.3 31.9 31.6 30.6 31.1 30.8 29.6 30.0 29.8 28.7 29.4 29.3 28.2 27.9 27.0 27.5 26.4 27.5 26.8 27.1 26.7 26.5 26.0 26.2 25.9 26.1 26.1 26.2 26.5 23.5 24.0 23.1 23.5 23.1 23.7 23.6 23.5 22.7 23.8 24.2 23.6 23.5 23.0 32.6 34.0 32.8 32.4 33.4 32.4 31.9 32.9 32.3 32.5 31.3 31.7 31.0 30.9 30.0 30.1 28.8 29.2 29.4 29.2 28.2 
Direction:  n {45 135} {47 133} {45 135} {48 132} n n n n n n n n n n n n n n n n n n n n n n n n n n n n n n n n n n n n n n n n n {39 141} {46 134} {41 139} n {43 137} {49 131} n {49 131} n n n n n n n n n n n n n n n n n n n n n n n n n n n n n n n n n n n {45 135} {40 140} {49 131} {43 137} {40 140} n n n n n n n n n n n n n n n n n n n n n n n n n n n n n n n n n n n n n n {53 127} n {45 135} {62 118} {42 138} n n {40 140} n n n {43 137} n n n n n n n n n n n n n n n n n n n n n n n n n n n n n n n n n n n n {54 126} {43 137} n {56 124} {50 130} {47 133} n {48 132} {47 133} {58 122} {46 134} {40 140} n n n n n n n n

54.7: Count:   5.2 (  1.7) A:  13.1 [11-32] B:  28.3 [11-98] Phase: 100% 70 (34.8) Direction:  {43 137}  62% 288 (20.3) Direction:  {315 225}
Phase: {710,404,467,468,508,599,484,532,551,641,627,562,536,652,550,763,693,775,791,646,779,808,888,865,884,937,817,1221,1113,1014,1139,1098,1179,1145,1339,1445,1338,1419,1517,1427,1478,1685,1622,1688,1725,2063,1703,1881,2108,2092,2112,2058,2135,2107,2255,2307,2344,2081,2332,2305,2279,2298,2333,2690,1987,2457,2310,2302,2454,2360,2435,2180,2448,2465,2242,2415,2415,2358,2208,2260,2320,2372,2233,2215,2078,2198,2271,2063,2219,1808,2571,1861,1988,1891,2042,1963,1917,1968,1719,1754,1740,1658,1532,1602,1484,1599,1341,1408,1400,1125,1254,1137,1190,1096,1071,1066,880,1090,904,814,718,747,780,618,697,686,632,534,597,571,473,464,456,417,400,445,389,312,344,326,264,314,332,261,290,222,237,206,215,207,174,169,176,175,136,165,150,149,132,138,124,101,149,127,118,119,110,117,73,108,87,87,72,77,59,57,71,79,63,55,115,63,75,61,67,79,38,59,39,68,67,41,51,61,41,74,41,43,66,48,74,68,58,83,46,46,40,75,61,63,78,59,58,51,84,83,77,75,89,81,79,137,107,76,112,121,85,128,148,147,119,155,167,126,166,205,233,167,222,245,247,222,251,350,228,257,280,354,465,372,439,328,486,424,444,585,547,604,544,712,785,757,650,836,683,952,814,893,950,814,1688,813,1095,1107,1187,1348,1076,1328,1249,1318,1375,1357,1144,1433,1398,1520,1282,1363,1496,1245,1435,1262,1526,1301,1330,1255,1138,1477,1236,1137,1197,1219,1163,934,1097,1064,970,989,1037,897,830,845,774,813,748,856,659,637,693,690,606,557,588,509,517,514,503,397,467,467,447,432,434,501,337,380,407,403,442,356,358,349,439,349,388,402,414,383,327,430,453,463,412,380,406,474,490,423,457,394}
Count:   6.4   6.3   6.4   6.8   6.9   6.6   6.7   6.7   6.4   6.4   6.3   6.6   5.8   6.3   5.7   6.1   5.8   5.7   5.7   5.9   6.0   5.5   5.5   5.8   5.2   5.1   5.3   5.2   5.4   5.0   5.1   5.0   5.3   4.8   5.4   4.8   3.6   2.1   2.1   2.1   2.2   2.1   2.0   2.0   2.1   2.0   6.6   6.8   7.6   6.7   7.1   6.7   6.7   6.3   6.5   5.9   6.2   6.2   6.3   6.2   5.6   5.9   5.4   5.9   5.7   5.7   5.6   5.5   5.4   5.8   5.4   5.4   5.3   5.8   5.3   5.2   5.4   5.0   5.3   3.1   2.1   1.9   2.2   1.9   2.0   2.0   2.1   1.7   3.1   7.2   7.1   6.7   7.1   6.8   6.9   6.6   6.7   6.6   5.7   6.1   6.5   6.0   6.2   5.8   6.1   5.8   5.8   5.7   6.1   5.3   6.0   5.8   5.5   5.6   4.9   5.1   5.7   5.0   5.3   5.4   5.8   4.7   2.4   2.1   2.0   2.1   2.0   2.3   2.1   2.2   2.0   4.1   6.9   7.0   6.9   6.8   6.9   7.3   6.7   6.8   6.7   6.7   6.4   6.6   6.3   6.3   6.2   6.2   6.0   6.4   5.7   6.0   5.5   6.2   5.7   5.9   5.5   6.1   5.3   5.6   5.4   5.6   5.3   5.5   5.3   2.0   2.1   2.1   2.1   2.1   2.3   2.0   1.9   2.2   2.4   1.9   2.2   1.8   2.0   6.2   7.7   7.4   6.8   7.4   7.0   6.9   6.9   6.7   6.9   6.7   7.0   7.1   6.5   6.3   6.3   6.5   6.8   5.9   6.2   5.8 
B: 33.1 33.0 32.2 32.3 31.9 31.0 31.0 31.6 30.7 29.8 28.9 30.4 28.8 28.9 29.1 28.9 28.1 27.6 27.6 27.6 26.8 26.2 26.4 26.3 26.6 25.6 26.2 26.1 25.7 25.1 26.0 25.3 25.2 25.0 25.0 25.1 24.2 22.5 22.5 22.1 22.2 23.2 23.7 22.4 22.6 23.0 32.7 32.4 31.3 32.0 31.0 30.6 30.8 31.2 30.3 29.2 29.9 28.8 29.1 29.0 28.4 27.4 27.6 28.5 27.5 27.4 26.3 26.3 26.1 26.4 26.8 25.8 25.7 25.4 25.5 25.3 25.3 25.0 25.4 23.9 22.2 22.8 22.1 23.0 23.0 23.0 23.1 22.4 27.6 34.1 32.4 30.9 32.3 31.6 31.1 30.2 30.5 30.3 29.4 29.5 27.9 29.1 28.2 27.6 29.0 27.9 28.3 26.6 27.3 26.3 26.1 26.8 26.2 25.7 25.8 25.3 25.4 24.5 25.9 25.4 25.4 25.1 24.2 23.3 23.8 22.9 23.0 22.6 23.2 22.8 22.3 31.1 32.0 31.9 32.8 31.4 32.0 30.7 30.5 30.8 30.2 30.1 30.1 29.6 27.8 28.5 29.0 28.8 27.0 27.0 27.4 26.9 26.3 27.1 26.4 26.2 26.0 26.9 25.1 25.7 25.8 26.1 26.1 25.1 25.6 23.6 22.5 21.9 22.2 22.0 22.6 22.5 22.7 22.5 22.5 22.8 22.7 22.6 22.7 31.3 33.6 32.0 31.6 32.3 32.5 31.8 31.4 31.2 31.8 30.5 31.0 31.2 29.9 29.5 30.1 29.4 28.8 29.5 28.1 27.8 
Direction:  n {53 127} n {47 133} {48 132} n n n {38 142} n n n n n n n n n n n n n n n n n n n n n n n n n n n n n n n n n n n n n n {41 139} {44 136} {53 127} {48 132} n n n n n n n n n n n n n n n n n n n n n n n n n n n n n n n n n n n n n n {43 137} {39 141} n {47 133} {43 137} {51 129} n {53 127} n n n n n {39 141} n n n n n n n n n n n n n n n n n n n n n n n n n n n n n {36 144} {37 143} {47 133} {46 134} {39 141} {49 131} n {46 134} n n {50 130} n n n n n n n n n n n n n n n n n n n n n n n n n n n n n n n n n n n n n {38 142} {30 150} n {38 142} {51 129} n {51 129} {37 143} n n n {61 119} n {33 147} n n n n n n

54.8: Count:   5.6 (  1.9) A:  13.3 [11-32] B:  28.5 [11-103] Phase: 100% 70 (35.1) Direction:  {43 137}
Phase: {691,467,535,532,566,604,519,547,616,625,694,653,682,705,742,808,721,786,901,757,923,888,931,968,1023,1020,938,1307,1217,1148,1213,1342,1422,1306,1523,1498,1529,1501,1618,1762,1635,1798,1914,1909,1881,2242,1923,2124,2175,2391,2234,2418,2549,2496,2532,2470,2637,2479,2730,2635,2730,2671,2746,3035,2527,2701,2664,2708,2713,2536,2762,2353,2843,2649,2576,2635,2547,2552,2251,2474,2472,2583,2358,2277,2355,2447,2559,2316,2367,2031,2953,1977,2273,2209,2317,2189,2035,2032,2064,2158,1925,1828,1804,1790,1673,1721,1534,1609,1616,1347,1452,1284,1312,1258,1184,1027,953,1155,1015,962,877,894,820,696,738,737,748,606,645,626,525,542,526,525,412,536,362,374,365,411,357,329,353,298,328,248,246,208,266,253,203,190,192,224,121,141,161,159,155,136,109,100,139,110,91,109,109,88,67,89,101,89,82,86,68,90,73,64,81,54,144,56,49,72,55,65,72,50,51,60,55,58,51,74,59,51,33,67,50,36,56,36,57,43,71,50,52,73,54,50,56,52,51,34,62,72,62,83,71,56,50,69,92,81,83,121,85,114,91,142,120,115,131,132,168,178,181,137,197,213,203,180,268,338,279,284,303,353,407,312,430,334,511,484,451,695,514,594,476,748,822,776,716,900,755,1079,998,977,898,815,1934,909,1050,1222,1302,1415,1064,1437,1215,1474,1505,1344,1077,1430,1415,1564,1384,1461,1612,1213,1366,1216,1488,1259,1215,1127,1041,1433,1100,1066,996,1101,966,890,978,1005,942,805,910,763,734,771,751,700,611,774,520,537,602,532,487,475,514,432,474,471,462,348,411,382,435,354,363,456,340,393,368,388,409,344,399,333,353,384,379,436,371,363,374,392,441,426,424,389,433,458,489,470,428,423}
Count:   6.7   7.1   7.2   7.1   7.1   7.3   6.8   7.3   6.6   6.7   6.7   7.0   6.6   6.8   6.4   6.8   5.9   6.1   6.1   6.8   6.0   6.2   6.1   6.3   5.6   5.6   5.8   5.9   5.8   5.7   5.7   5.5   5.7   5.2   5.4   5.6   4.0   2.0   2.3   2.1   1.9   2.2   2.0   2.0   1.7   2.0   7.1   7.1   7.6   7.3   7.5   6.9   6.8   6.8   6.7   6.6   6.4   6.7   6.2   7.1   6.3   6.3   6.0   6.7   6.0   6.3   5.8   6.2   5.8   6.3   5.9   6.0   5.8   6.1   5.9   5.8   5.2   6.0   5.8   3.5   2.1   2.1   1.8   1.9   1.7   2.1   1.9   1.8   2.6   7.7   7.6   7.1   7.8   7.5   7.2   6.5   7.4   6.7   6.5   6.6   6.9   6.6   6.8   6.5   6.6   6.3   6.1   6.0   6.4   6.2   5.9   6.2   6.3   6.2   6.1   5.9   6.6   5.4   6.2   5.9   5.8   5.3   2.6   2.0   1.9   2.0   2.0   2.3   1.9   2.1   2.1   4.0   7.5   7.7   7.3   7.2   7.7   7.5   6.9   7.3   6.9   7.1   7.2   7.0   6.3   6.9   6.8   6.6   6.3   6.4   6.4   6.7   6.4   6.6   6.0   6.7   6.3   6.5   6.2   6.3   5.7   6.2   6.2   6.1   6.1   2.0   2.0   2.2   2.1   2.1   2.1   2.1   1.8   1.9   2.0   1.9   1.9   1.9   2.1   5.9   7.8   7.5   7.4   7.8   7.5   7.6   7.3   7.2   7.3   7.1   7.9   7.4   7.2   6.9   6.9   6.9   6.9   6.9   6.7   6.1 
B: 33.3 32.9 32.4 32.9 32.0 30.9 30.9 31.7 30.5 30.1 29.6 30.8 29.2 28.5 29.7 29.1 28.2 28.1 28.2 28.0 27.3 26.5 27.0 26.8 26.6 26.4 27.0 26.3 26.0 25.7 26.5 26.2 25.8 25.3 25.4 25.1 24.1 21.7 21.8 21.8 21.9 21.5 22.3 21.0 21.6 21.2 32.5 31.8 32.0 32.2 31.7 30.6 31.1 30.4 31.1 29.9 29.8 28.7 29.9 28.8 28.7 27.9 27.3 28.6 28.3 27.6 26.8 26.9 26.7 27.6 26.8 26.3 26.3 26.1 25.6 25.7 25.6 25.1 25.8 24.5 22.3 21.7 21.3 21.8 21.6 21.7 21.4 21.2 28.5 33.6 31.8 32.2 32.9 32.1 31.2 31.6 30.7 30.5 28.5 30.1 28.9 28.5 28.3 28.5 29.5 27.9 28.1 27.5 27.3 26.8 27.2 26.4 26.2 26.3 26.5 25.4 25.7 25.5 26.0 26.1 26.3 25.2 23.4 22.1 22.4 21.7 22.5 21.5 22.2 21.5 21.8 29.9 32.2 30.7 32.1 31.4 32.1 31.9 30.9 30.4 31.0 30.3 30.3 29.6 28.4 28.9 28.6 28.2 28.7 27.6 28.0 28.4 27.2 28.0 26.5 26.9 26.1 27.9 26.4 26.5 26.1 26.7 26.0 25.8 25.7 22.1 21.8 21.3 21.8 22.6 22.3 21.6 22.0 22.2 21.2 21.6 21.9 21.5 21.2 31.2 33.0 32.5 31.4 32.7 32.4 31.9 31.9 31.5 30.9 31.3 30.9 31.6 29.8 29.8 29.8 29.4 29.4 29.6 28.5 28.8 
Direction:  {51 129} {41 139} n {39 141} {53 127} {41 139} n {38 142} {50 130} n n {45 135} n n n n n n n n n n n n n n n n n n n n n n n n n n n n n n n n n n {41 139} {45 135} {42 138} {57 123} {39 141} {36 144} {45 135} n {37 143} n n n {40 140} n n n n n n n n n n n n n n n n n n n n n n n n n n n n n n {39 141} {37 143} {39 141} {47 133} {32 148} {36 144} {35 145} {34 146} {43 137} n n {56 124} n {42 138} n n n n n n n n n n n n n n n n n n n n n n n n n n n n n {37 143} {39 141} {51 129} {39 141} {35 145} {39 141} {34 146} {32 148} {41 139} {35 145} {35 145} {38 142} n n {35 145} n n n n n n n n n n n n n n n n n n n n n n n n n n n n n n n n n {54 126} {54 126} {48 132} {32 148} n {45 135} {38 142} {37 143} {46 134} {40 140} {61 119} {39 141} {33 147} {45 135} {45 135} n n n n n

54.9: Count:   5.4 (  2.1) A:  13.4 [11-32] B:  30.5 [11-112] Phase: 100% 71 (30.5) Direction:  {44 136}
Phase: {559,369,385,412,418,442,461,458,479,530,512,523,483,617,579,646,623,713,801,613,783,828,858,912,898,991,900,1162,1041,1211,1285,1275,1423,1327,1479,1502,1616,1659,1820,1814,1897,1954,1992,2214,2155,2399,2233,2504,2457,2671,2532,2817,2855,2854,2954,2953,2947,2625,3116,3174,3127,3138,3154,3417,2715,3247,3089,3258,3306,3121,3290,3085,3371,3347,3371,3325,3188,3498,3101,3002,3282,3310,3092,3119,2981,3095,3015,2691,2833,2562,3248,2627,2595,2471,2541,2555,2206,2266,2185,2284,2149,2095,1899,2035,1947,1988,1704,1742,1736,1507,1496,1318,1374,1326,1211,1069,982,1246,1002,855,860,797,740,611,647,565,589,549,478,461,413,385,413,366,309,306,268,276,260,246,243,210,200,194,196,198,174,152,154,167,132,131,126,154,88,118,112,105,99,81,93,61,81,102,66,94,58,78,63,46,57,52,50,74,38,62,62,46,56,41,87,30,34,42,44,41,47,45,46,43,27,44,28,22,28,37,35,41,59,20,38,50,38,42,28,45,31,37,34,47,53,41,31,34,40,51,44,40,59,31,44,58,57,41,51,78,56,56,76,66,62,60,75,73,83,122,94,68,107,103,142,142,161,164,118,129,159,198,220,167,200,149,251,251,215,322,276,284,221,324,314,379,352,412,309,466,439,473,473,405,860,425,551,495,627,720,565,640,604,754,821,698,522,793,754,968,757,784,996,595,845,775,923,772,767,791,635,870,723,725,807,792,728,669,806,738,736,639,682,703,589,644,665,558,524,649,457,510,513,585,449,487,487,428,365,488,430,330,423,337,363,336,342,416,315,320,348,338,330,350,346,235,349,292,283,337,311,329,300,334,363,336,272,406,312,392,352,346,410,326}
Count:   6.3   7.1   7.1   6.9   6.9   6.7   6.4   7.1   6.3   6.6   6.6   6.9   6.2   6.9   6.4   6.9   5.8   6.1   6.1   6.8   5.7   6.1   5.9   6.5   5.6   5.6   5.6   5.8   5.6   5.6   5.6   5.6   5.3   5.3   5.4   5.4   3.3   1.3   1.4   1.3   1.3   1.4   1.4   1.3   1.2   1.4   6.8   7.1   7.3   6.7   7.4   6.6   6.7   6.9   6.8   6.3   6.4   6.4   6.3   6.7   6.4   6.2   5.7   6.7   6.0   6.3   5.9   6.2   5.8   6.0   5.8   5.8   5.6   5.6   5.8   5.8   5.4   5.6   5.7   3.0   1.4   1.5   1.3   1.3   1.2   1.3   1.4   1.3   2.0   7.6   7.3   7.0   7.4   7.4   7.1   6.7   7.0   6.4   6.2   6.3   6.6   6.6   7.0   6.0   6.8   6.8   5.9   6.4   6.7   6.1   6.1   6.2   6.1   6.1   6.1   5.7   6.6   5.5   6.3   6.2   5.9   5.7   2.1   1.2   1.4   1.4   1.4   1.6   1.3   1.4   1.6   3.7   7.3   7.1   6.9   6.8   7.6   7.3   6.7   7.1   6.9   7.1   7.5   7.2   6.1   6.6   7.1   6.9   6.3   6.7   6.2   6.4   6.6   6.7   5.9   6.8   6.0   6.4   6.3   6.6   5.6   6.2   6.1   6.5   6.1   1.3   1.4   1.3   1.5   1.5   1.4   1.4   1.3   1.2   1.3   1.4   1.4   1.4   1.3   5.8   7.5   7.5   7.0   7.6   7.2   7.5   7.3   7.5   6.9   6.9   7.4   7.5   7.1   7.1   6.7   6.8   6.7   7.1   7.0   6.1 
B: 36.2 34.4 34.8 34.7 33.5 33.2 33.6 33.2 32.6 32.1 32.0 33.1 32.0 31.1 30.8 30.7 30.8 30.7 30.2 29.7 28.9 29.2 29.2 28.2 29.0 28.2 29.2 28.2 28.0 28.1 28.5 27.4 27.4 27.5 28.3 27.5 26.6 21.0 20.2 20.2 19.9 21.2 21.5 20.9 20.4 21.1 34.4 33.6 33.6 33.8 33.5 32.1 32.9 32.2 33.6 33.0 31.3 30.7 32.1 31.3 31.2 30.2 28.9 29.8 29.7 29.5 28.7 29.4 28.7 29.1 28.3 28.4 28.2 28.6 28.3 28.1 27.9 27.3 27.0 26.9 21.2 20.3 20.8 21.0 21.3 20.8 20.4 20.5 29.2 34.7 34.3 34.1 34.3 34.1 34.3 33.5 32.4 32.1 30.4 31.9 30.7 30.7 31.1 31.0 30.8 29.5 29.8 29.6 28.6 29.9 29.0 28.6 27.9 28.2 28.5 28.0 27.7 27.7 27.5 27.7 28.7 27.7 24.1 20.8 21.7 20.6 20.7 20.5 21.4 21.1 20.1 30.9 34.9 33.2 33.4 33.2 34.6 34.0 32.1 31.8 32.8 31.8 32.7 31.4 30.5 30.6 30.4 30.0 30.6 29.1 30.5 30.4 29.1 30.1 29.1 28.8 28.2 30.0 29.3 29.0 28.6 28.3 28.0 28.9 27.6 20.8 21.0 20.5 21.0 20.7 21.0 21.4 21.3 21.9 20.9 21.1 22.1 20.5 20.9 32.6 34.8 34.6 33.5 34.4 33.7 34.2 34.2 33.4 32.6 33.3 33.3 33.7 31.7 31.8 32.3 31.1 30.8 31.5 30.0 30.8 
Direction:  {45 135} {44 136} {52 128} {42 138} {44 136} {55 125} {61 119} {37 143} {52 128} {44 136} {40 140} {48 132} {39 141} {44 136} {57 123} {36 144} n {39 141} n n n n n n n n n n n n n n n n n n n n n n n n n n n n {42 138} {47 133} {38 142} {48 132} {39 141} {42 138} {44 136} {53 127} {37 143} {43 137} {55 125} {48 132} {60 120} {39 141} n n n {43 137} {53 127} n n n n n n n n n n n n n n n n n n n n n n n n {46 134} {50 130} {46 134} {43 137} {48 132} {48 132} {47 133} {53 127} {44 136} n {35 145} {50 130} {34 146} {50 130} {41 139} {39 141} {39 141} {46 134} {32 148} n n {44 136} n n n n n n n {36 144} n {47 133} n n n n n n n n n n n {48 132} {45 135} {32 148} {45 135} {46 134} {48 132} {46 134} {39 141} {38 142} {31 149} {54 126} {57 123} {41 139} {44 136} {37 143} n {48 132} {37 143} {51 129} {42 138} {51 129} {42 138} n {46 134} n {48 132} {59 121} {36 144} n {48 132} n {51 129} n n n n n n n n n n n n n n n {45 135} {38 142} {45 135} {45 135} {45 135} {52 128} {42 138} {42 138} {63 117} {35 145} {50 130} {52 128} {42 138} {42 138} {39 141} {50 130} {34 146} {46 134} {45 135} {35 145} {53 127}

55.0: Count:   5.4 (  2.3) A:  13.6 [11-33] B:  32.7 [11-100] Phase: 100% 72 (24.9) Direction:  {45 135}
Phase: {501,294,381,370,388,377,301,447,425,409,427,452,434,541,500,605,568,603,677,596,738,669,838,792,822,835,875,1182,1037,1165,1170,1244,1401,1173,1426,1469,1619,1551,1700,1838,1802,1960,2073,2138,2095,2364,2232,2458,2597,2659,2797,2906,2920,3002,3163,3283,3307,3177,3564,3531,3627,3567,3876,4362,3533,3958,4061,4186,4274,4202,4330,3945,4553,4480,4182,4343,4215,4268,4015,3957,4260,4172,4097,3866,3517,3873,3755,3542,3593,3088,4024,2765,2999,2824,2963,2645,2468,2520,2418,2390,2226,2017,1852,1858,1836,1778,1571,1679,1544,1339,1422,1387,1256,1181,1108,1002,878,1007,826,743,747,646,695,569,602,524,505,481,452,353,329,353,307,323,268,279,187,224,178,175,160,179,169,130,134,136,86,97,148,108,95,99,83,79,69,84,59,68,51,55,51,37,37,58,45,39,45,53,21,53,54,33,39,39,33,36,33,27,28,29,49,20,26,31,32,33,15,33,20,15,27,28,29,23,26,17,18,12,35,12,26,21,30,22,23,18,20,44,19,34,29,17,39,17,30,35,14,38,38,30,28,47,44,36,20,56,42,33,46,54,34,37,60,65,59,59,53,43,55,44,54,58,81,91,44,94,74,54,103,86,91,76,119,101,113,168,108,153,102,148,193,182,179,183,163,244,189,207,216,187,398,173,212,293,275,361,289,311,303,364,405,359,325,418,355,390,377,396,556,351,433,416,493,491,437,448,377,610,506,472,526,536,496,413,506,519,478,445,547,486,407,520,476,398,355,563,374,380,418,424,365,377,412,311,349,361,372,285,285,358,320,270,293,388,252,293,231,268,311,246,299,240,298,316,282,307,281,275,225,252,261,262,295,287,251,356,304,325,323,304}
Count:   6.6   6.7   7.2   6.9   7.1   7.2   7.1   7.1   6.7   6.9   6.7   6.8   6.6   6.6   6.4   7.1   6.2   6.4   6.2   6.7   5.8   6.0   6.0   6.4   5.9   6.1   6.0   6.0   5.6   6.0   5.9   5.7   5.7   5.7   5.9   5.3   3.6   0.9   1.1   0.8   1.1   0.9   0.9   0.8   1.0   0.9   6.8   6.8   7.0   7.0   7.4   6.8   6.9   6.6   7.1   6.5   6.7   6.3   6.9   6.6   6.6   6.2   6.1   6.5   6.4   6.3   5.9   5.9   6.1   6.1   5.8   5.9   5.8   5.9   5.8   6.2   5.5   5.5   5.8   2.9   1.1   1.0   1.0   1.0   0.9   0.9   1.0   0.9   1.6   7.1   6.8   7.2   7.2   7.2   7.0   7.2   6.7   6.6   6.2   7.0   6.8   6.8   7.1   6.3   6.7   6.5   6.3   6.2   6.8   6.2   6.6   6.5   6.4   5.8   6.3   6.1   6.3   5.6   6.2   6.4   6.4   6.1   1.6   1.0   1.0   1.0   0.9   1.0   1.0   1.1   1.0   3.3   7.6   7.2   7.4   7.0   7.3   7.2   7.0   7.1   7.0   6.9   7.9   6.8   6.5   6.8   6.9   6.8   6.8   6.9   6.6   6.6   6.4   6.6   6.2   6.2   6.1   6.8   6.4   6.8   6.2   6.1   6.1   6.9   5.7   1.0   1.0   1.0   1.0   1.0   1.0   1.1   1.0   1.0   1.2   1.1   0.9   0.8   0.9   5.9   7.3   7.8   7.3   7.6   7.0   7.6   7.4   7.4   6.7   7.1   7.2   7.8   7.0   7.4   7.1   7.2   7.0   7.6   7.1   6.5 
B: 38.4 36.4 37.0 35.9 34.9 35.0 35.4 34.8 34.8 34.8 34.3 35.1 33.4 32.9 33.1 33.4 33.1 32.8 32.0 32.0 31.8 31.8 31.7 30.8 31.5 29.6 31.7 30.7 30.1 30.3 30.9 30.5 29.4 29.7 30.3 29.2 29.5 21.6 20.7 19.8 20.0 20.1 20.4 20.6 20.8 20.7 35.5 35.6 35.3 35.8 36.1 35.0 34.8 34.3 35.5 35.3 33.9 33.1 33.6 32.3 33.9 33.2 31.9 31.7 32.1 31.6 30.8 31.5 31.0 31.2 30.6 31.0 30.7 30.1 29.9 30.0 29.8 29.3 29.5 29.0 21.1 21.0 21.3 20.7 20.3 20.4 21.3 19.9 28.6 36.3 35.6 35.9 36.1 35.9 36.4 35.1 34.1 34.3 33.0 34.6 33.0 33.5 33.5 33.2 31.8 31.6 31.7 31.7 31.3 31.5 31.5 30.9 30.8 30.5 30.1 30.4 30.3 29.8 30.4 30.2 31.0 29.9 26.0 20.3 20.9 20.7 20.9 20.5 21.1 20.6 20.8 33.3 37.0 35.7 35.2 35.1 36.3 36.1 34.5 34.0 34.3 34.0 34.4 34.8 31.9 32.8 33.0 32.6 33.1 31.6 31.8 32.3 31.5 31.5 31.5 30.9 30.7 32.2 30.9 31.6 30.4 30.2 30.0 30.9 30.8 20.6 20.6 21.7 19.9 21.0 19.7 20.5 20.7 20.5 21.6 20.8 21.2 19.8 21.3 35.5 36.6 37.0 35.4 36.3 36.1 37.0 36.1 36.0 34.7 34.7 34.9 35.1 34.1 34.2 33.9 33.8 32.3 33.7 32.9 32.9 
Direction:  {51 129} {50 130} {45 135} {50 130} {45 135} {53 127} {48 132} {44 136} {47 133} {41 139} {42 138} {41 139} {53 127} {46 134} {38 142} {45 135} {41 139} {37 143} {45 135} {53 127} {51 129} {44 136} {42 138} {38 142} {37 143} {46 134} {50 130} {45 135} n {38 142} {50 130} {45 135} {34 146} {43 137} {44 136} n n n n n n n n n n n {43 137} {41 139} {45 135} {52 128} {51 129} {43 137} {52 128} {48 132} {46 134} {48 132} {35 145} {41 139} {40 140} {44 136} {39 141} {51 129} {40 140} {48 132} {43 137} {48 132} {50 130} {42 138} {51 129} {41 139} {37 143} {42 138} {58 122} {45 135} {42 138} {52 128} {56 124} {41 139} n n n n n n n n n n n {53 127} {51 129} {41 139} {46 134} {48 132} {48 132} {48 132} {41 139} {47 133} {48 132} {38 142} {50 130} {41 139} {48 132} {44 136} {47 133} {46 134} {43 137} {43 137} {45 135} {50 130} {56 124} {47 133} {48 132} {45 135} {45 135} {45 135} {44 136} {51 129} {44 136} {41 139} {41 139} {38 142} n n n n n n n n n n {47 133} {57 123} {45 135} {52 128} {42 138} {53 127} {46 134} {47 133} {45 135} {46 134} {51 129} {48 132} {39 141} {44 136} {46 134} {56 124} {48 132} {48 132} {41 139} {40 140} {45 135} {51 129} {41 139} {48 132} {41 139} {51 129} {41 139} {41 139} {44 136} {45 135} {37 143} {48 132} {42 138} n n n n n n n n n n n n n n {42 138} {45 135} {50 130} {41 139} {42 138} {44 136} {41 139} {45 135} {45 135} {45 135} {52 128} {48 132} {60 120} {38 142} {46 134} {45 135} {41 139} {47 133} {39 141} {46 134} {38 142}

55.1: Count:   6.1 (  2.5) A:  13.8 [11-36] B:  32.5 [11-113] Phase: 100% 72 (25.5) Direction:  {44 136}
Phase: {630,336,422,406,477,481,508,469,513,591,639,568,554,645,649,769,716,791,837,682,869,849,928,943,987,1073,856,1279,1303,1261,1376,1336,1388,1434,1552,1681,1746,1643,1862,1900,1980,2076,2102,2320,2202,2608,2452,2772,2735,2849,2770,2963,3205,3239,3314,3506,3521,3418,3867,3765,3960,3966,4163,4430,3803,4301,4358,4351,4751,4643,4738,4249,4919,4751,4611,4681,4712,4817,4508,4369,4457,4522,4245,4104,3967,4128,3863,3739,3696,3267,4179,3058,3190,2954,3018,2940,2526,2650,2580,2628,2290,2164,2165,2202,1960,1867,1695,1680,1724,1425,1530,1329,1312,1198,1199,1166,946,1039,963,863,917,820,749,640,688,651,682,575,565,497,494,421,477,337,352,418,289,317,287,247,218,276,218,173,159,159,173,149,133,126,115,115,114,148,91,89,104,68,78,74,73,69,63,57,58,63,39,42,40,44,42,56,42,42,26,44,62,36,44,38,73,27,20,37,25,39,24,38,23,28,30,23,19,30,40,22,28,26,27,29,20,37,50,28,19,29,22,40,31,26,49,30,40,26,60,48,33,51,56,53,54,62,63,40,56,63,38,40,65,72,76,74,88,63,94,75,79,71,86,109,133,81,116,181,107,123,132,161,159,151,192,117,237,172,171,219,228,234,167,289,297,258,272,276,263,362,389,387,322,307,754,320,392,386,467,577,441,531,409,597,635,567,431,596,611,718,588,650,750,565,689,624,860,676,686,675,646,863,733,611,752,784,639,560,701,755,635,589,710,637,552,728,618,542,486,646,485,498,543,533,485,456,457,398,355,452,427,305,381,404,378,353,358,440,310,322,340,336,359,320,352,268,366,364,317,350,317,381,278,339,398,359,337,383,287,373,394,437,372,327}
Count:   7.2   7.5   7.9   7.4   7.7   8.0   8.1   8.1   7.6   7.6   7.6   7.6   7.3   7.7   7.4   7.8   7.2   7.3   6.9   7.5   6.7   6.9   6.5   7.0   7.1   6.9   6.7   6.9   6.5   6.9   6.9   6.5   6.4   6.8   6.6   6.3   4.1   1.4   1.2   1.2   1.4   1.2   1.2   1.1   1.3   1.1   7.5   7.4   7.7   8.2   8.2   7.4   7.5   7.4   7.8   7.4   7.7   7.2   7.8   7.4   7.1   7.2   7.2   6.7   7.4   7.4   6.9   6.9   6.9   6.9   6.9   7.3   6.6   6.8   6.2   7.3   6.5   6.5   6.6   3.3   1.6   1.4   1.3   1.2   1.3   1.2   1.2   1.1   1.7   7.9   7.6   8.0   8.1   7.9   7.9   8.0   7.6   7.4   6.7   8.3   7.6   7.7   7.5   7.1   7.3   7.2   7.1   7.0   7.6   7.4   7.2   7.2   7.2   7.1   7.3   7.0   7.2   6.5   7.0   6.9   7.2   6.6   1.9   1.2   1.2   1.3   1.3   1.4   1.3   1.3   1.3   3.7   8.6   8.1   8.0   7.7   7.9   8.1   8.0   7.6   7.6   7.5   8.5   7.9   8.3   7.7   7.5   7.6   7.7   7.4   7.4   7.5   7.3   7.5   7.1   7.2   7.3   7.6   7.4   7.1   6.9   7.1   7.0   7.4   6.8   1.4   1.3   1.2   1.3   1.3   1.2   1.6   1.3   1.3   1.3   1.3   1.3   1.2   1.2   6.6   8.6   8.4   8.5   8.2   8.0   8.1   8.2   8.3   7.4   8.0   8.1   8.4   7.5   8.1   7.7   7.8   7.5   8.0   7.4   7.5 
B: 38.0 36.2 37.1 35.7 34.6 34.8 35.6 34.2 35.5 35.1 34.0 33.5 33.6 33.1 33.3 33.8 33.3 32.7 32.3 32.5 32.2 32.0 31.3 30.9 31.3 30.7 31.7 30.1 30.1 30.4 30.7 30.5 29.6 30.0 30.6 29.0 29.2 20.0 19.7 19.5 19.6 19.2 19.1 19.7 18.9 20.0 34.7 35.1 34.6 34.2 36.1 35.7 33.6 34.0 35.8 33.9 33.5 33.3 33.3 32.8 33.3 33.0 32.4 31.3 33.2 32.0 31.7 31.1 30.9 31.1 31.5 30.9 30.6 29.5 30.3 31.2 30.7 29.2 29.7 29.0 19.5 20.8 19.5 19.3 20.0 20.0 20.4 19.1 26.2 34.7 35.4 35.6 36.5 35.3 35.7 34.5 33.7 34.5 33.1 34.7 33.0 33.5 33.4 33.2 31.9 32.0 31.8 31.8 31.1 31.9 31.5 30.9 30.8 31.0 30.9 29.9 30.7 30.4 30.0 30.2 31.0 30.6 24.9 20.1 19.8 19.7 18.9 19.1 19.4 19.4 19.4 32.1 36.8 36.1 35.2 34.4 35.9 34.9 34.7 33.6 34.1 33.8 34.3 32.9 32.5 33.3 32.4 32.1 33.2 31.7 32.0 31.4 32.0 31.2 32.1 31.3 29.9 31.5 30.9 31.8 30.8 30.9 30.6 30.6 30.1 20.9 19.5 19.8 19.7 19.5 19.2 19.1 19.7 19.4 20.7 19.3 18.6 19.6 19.6 34.5 36.4 36.5 36.0 35.7 34.1 35.8 35.7 36.0 34.3 34.9 34.5 34.5 34.0 34.7 34.7 33.8 32.3 33.6 33.2 33.3 
Direction:  {44 136} {44 136} {54 126} {47 133} {43 137} {43 137} {48 132} {43 137} {44 136} {44 136} {44 136} {45 135} {45 135} {45 135} {51 129} {44 136} {44 136} {45 135} {45 135} {56 124} {36 144} {53 127} {38 142} {41 139} {48 132} {35 145} {47 133} {42 138} {49 131} {47 133} {44 136} {47 133} {41 139} {43 137} {47 133} n n n n n n n n n n n {47 133} {50 130} {47 133} {44 136} {44 136} {47 133} {45 135} {47 133} {47 133} {47 133} {44 136} {43 137} {46 134} {42 138} {47 133} {46 134} {45 135} {41 139} {56 124} {49 131} {41 139} {41 139} {45 135} {51 129} {41 139} {51 129} {42 138} {43 137} {42 138} {42 138} {42 138} {46 134} {47 133} n n n n n n n n n n {42 138} {44 136} {44 136} {49 131} {47 133} {44 136} {45 135} {46 134} {46 134} {45 135} {47 133} {38 142} {44 136} {48 132} {49 131} {58 122} {52 128} {54 126} {42 138} {49 131} {44 136} {43 137} {47 133} {47 133} {46 134} {38 142} {44 136} {40 140} {52 128} {44 136} {38 142} {43 137} {49 131} n n n n n n n n n n {41 139} {41 139} {47 133} {48 132} {41 139} {47 133} {45 135} {41 139} {47 133} {48 132} {48 132} {47 133} {46 134} {39 141} {46 134} {44 136} {49 131} {50 130} {47 133} {42 138} {52 128} {46 134} {41 139} {49 131} {48 132} {56 124} {53 127} {43 137} {43 137} {51 129} {49 131} {41 139} {41 139} n n n n n n n n n n n n n n {41 139} {47 133} {47 133} {47 133} {45 135} {47 133} {45 135} {41 139} {48 132} {47 133} {48 132} {50 130} {47 133} {42 138} {43 137} {44 136} {44 136} {47 133} {46 134} {44 136} {44 136}

55.2: Count:   7.4 (  2.7) A:  13.9 [11-35] B:  29.9 [11-100] Phase: 100% 70 (32.9) Direction:  {43 137}
Phase: {852,480,669,674,648,723,693,671,734,762,741,798,743,888,853,990,931,906,1159,944,1186,1174,1318,1339,1322,1473,1278,1666,1614,1608,1736,1720,1913,1749,2034,2168,2137,2211,2304,2361,2342,2731,2677,2819,2723,3017,2782,2991,3180,3100,3168,3331,3449,3446,3579,3664,3686,3628,3730,3635,3806,3723,3900,4180,3429,3856,3755,4062,4002,3725,3872,3620,4120,3995,3929,3915,3879,3976,3601,3750,3736,3853,3620,3683,3582,3591,3614,3417,3342,3113,4012,2980,3048,3092,2996,3115,2762,2836,2765,2876,2530,2608,2397,2364,2273,2408,2105,2162,2158,1819,1870,1767,1778,1699,1574,1467,1211,1426,1321,1244,1242,1150,1075,976,1034,1050,852,791,847,804,618,721,677,640,532,550,469,506,525,438,336,384,371,318,323,288,280,252,251,245,237,202,189,264,179,164,186,142,164,123,148,119,115,107,85,105,102,68,84,103,106,100,67,87,64,114,76,53,43,55,76,48,46,47,50,55,39,51,55,60,65,54,49,47,51,61,52,52,54,47,45,43,48,33,42,40,57,67,61,45,72,74,73,44,78,73,85,74,75,60,68,110,98,94,94,123,118,106,161,158,139,125,187,179,168,231,257,181,271,272,316,253,355,441,304,361,440,500,584,489,665,405,696,632,576,964,744,783,619,939,1164,1020,845,1181,920,1423,1292,1041,984,901,2817,1013,1192,1329,1704,1908,1247,1582,1393,1613,1894,1702,1196,1609,1617,2030,1309,1491,1836,1184,1701,1344,1836,1489,1280,1178,1106,1607,1248,1084,1362,1249,1168,901,1110,1206,925,945,984,826,759,898,878,732,710,970,592,638,700,647,570,570,626,576,490,521,520,398,444,452,450,454,467,565,349,456,448,466,481,404,493,398,528,408,403,475,472,505,423,461,482,486,445,467,447,530,553,503,460,466}
Count:   8.7   9.2   9.6   8.7   8.8   9.7   9.7   9.1   9.1   8.8   9.1   8.7   8.5   8.8   8.9   8.8   8.7   8.3   8.7   9.0   8.3   8.5   8.3   8.4   8.0   7.9   8.2   8.1   7.6   8.0   8.1   7.9   7.7   8.1   7.8   7.9   5.7   2.4   2.5   2.2   2.4   2.1   2.3   2.3   2.4   2.1   8.8   9.1   9.3   9.5   9.5   9.0   8.6   8.8   9.1   8.5   9.1   8.4   9.6   9.0   9.0   9.0   8.4   8.1   8.4   8.2   8.5   8.3   8.1   8.0   8.3   8.5   7.9   8.3   7.7   8.5   7.9   8.3   7.5   4.7   2.7   2.5   2.4   2.3   2.4   2.3   2.0   1.9   2.9   9.2   8.9   9.7   9.4   9.5   9.2   9.4   9.0   8.0   8.4   9.3   8.6   9.4   9.1   8.5   8.3   8.4   8.4   8.2   8.8   8.8   8.6   8.8   8.8   8.3   8.4   8.0   8.7   7.8   8.3   8.3   8.5   7.8   2.8   2.0   2.2   2.6   2.5   2.6   2.3   2.3   2.2   4.4   9.7   9.5   9.6   9.4   9.7   9.6   9.9   8.8   9.4   9.3   9.9   9.3   9.5   8.7   8.9   9.0   8.7   8.9   8.4   8.4   8.4   8.6   8.8   8.4   8.7   8.5   8.7   8.4   8.4   8.3   8.0   8.5   8.1   2.5   2.6   2.3   2.4   2.4   2.1   2.4   2.2   2.4   2.3   2.4   2.2   2.1   2.1   8.0   9.8   9.8   9.3   9.7   9.1   9.2   9.3   9.6   8.9   9.5   9.5   9.9   9.0   9.5   8.7   9.4   8.7   9.4   8.6   8.6 
B: 34.2 33.5 34.9 34.2 31.9 32.2 32.5 31.3 32.5 32.0 31.5 32.1 32.0 31.3 30.9 31.4 31.1 29.9 29.6 29.6 29.7 30.0 28.8 28.9 29.4 29.3 28.9 28.7 28.1 28.7 29.4 28.7 27.6 28.2 28.4 27.1 26.2 17.9 18.4 18.4 17.9 17.7 17.8 18.1 18.2 17.2 32.3 32.8 31.5 31.9 33.4 32.5 31.2 31.8 33.4 32.2 31.5 31.2 31.1 30.4 30.6 31.3 29.5 28.6 31.4 30.4 29.6 29.0 28.7 29.0 29.4 29.0 28.7 27.2 28.4 28.8 28.6 27.4 27.0 25.6 18.0 18.1 18.0 18.2 17.9 18.1 18.2 18.1 21.4 31.7 33.8 33.0 33.6 33.5 33.6 31.8 31.4 31.6 30.7 31.9 30.1 30.7 31.3 31.3 30.2 30.1 29.0 29.6 28.5 29.3 29.6 29.2 29.3 28.6 29.0 28.1 28.0 28.7 27.9 28.6 28.5 28.9 22.2 18.7 17.9 17.5 17.9 18.0 17.8 18.3 17.9 27.7 34.0 32.5 32.5 31.9 32.1 32.6 33.2 31.0 32.0 31.2 31.9 30.3 31.2 30.8 30.1 29.8 30.9 30.6 29.9 29.9 29.7 29.4 29.7 29.1 28.3 28.3 28.6 29.7 28.9 28.9 28.2 28.6 27.8 18.6 18.7 17.7 17.9 18.1 17.8 18.7 18.0 18.5 18.4 17.9 18.6 18.0 19.1 31.8 33.9 34.2 33.7 32.9 31.5 32.4 33.9 33.1 31.9 32.4 32.4 31.7 32.0 32.6 31.5 31.5 30.7 30.7 31.1 30.7 
Direction:  {33 147} {42 138} {46 134} {47 133} {37 143} {53 127} {50 130} {50 130} {46 134} {39 141} {47 133} {41 139} {54 126} {47 133} {41 139} {56 124} {41 139} {46 134} {50 130} {42 138} {44 136} {38 142} {45 135} {46 134} {32 148} {44 136} {37 143} {38 142} {35 145} {51 129} {42 138} {49 131} n {46 134} {38 142} n n n n n n n n n n n {34 146} {41 139} {36 144} {38 142} {40 140} {38 142} {51 129} {48 132} {49 131} {41 139} {47 133} {40 140} {47 133} {49 131} {45 135} {52 128} {56 124} {31 149} {42 138} {47 133} {49 131} {54 126} {56 124} {38 142} {35 145} {54 126} {37 143} {37 143} n {34 146} {38 142} {41 139} n n n n n n n n n n n {42 138} {41 139} {47 133} {43 137} {41 139} {47 133} {41 139} {47 133} {51 129} {39 141} {40 140} {35 145} {35 145} {44 136} {36 144} {33 147} {51 129} {38 142} {33 147} {47 133} {41 139} {53 127} {50 130} {42 138} {42 138} {56 124} {54 126} {32 148} {35 145} {38 142} {47 133} {54 126} {35 145} n n n n n n n n n n {54 126} {47 133} {33 147} {49 131} {41 139} {46 134} {34 146} {32 148} {46 134} {47 133} {36 144} {40 140} {47 133} {44 136} {38 142} {38 142} {52 128} {43 137} {43 137} {41 139} {44 136} {38 142} {43 137} {34 146} {53 127} {44 136} {43 137} {49 131} {49 131} {38 142} {44 136} {48 132} {43 137} n n n n n n n n n n n n n n {32 148} {35 145} {38 142} {41 139} {33 147} {41 139} {44 136} {38 142} {35 145} {35 145} {38 142} {40 140} {40 140} {47 133} {38 142} {51 129} {41 139} {47 133} {49 131} {51 129} {47 133}

55.3: Count:   8.1 (  2.7) A:  14.1 [11-34] B:  28.5 [11-102] Phase: 102% 69 (35.6) Direction:  {42 138}  52% 286 (26.8) Direction:  {314 226}
Phase: {1139,641,792,896,903,853,830,924,934,1066,974,926,1057,1178,1201,1252,1253,1331,1472,1244,1529,1391,1691,1736,1786,1782,1675,2151,2043,2128,2126,2272,2438,2169,2365,2477,2552,2544,2719,2808,2842,2977,3042,3133,2879,3394,3116,3010,3226,3233,3240,3293,3463,3202,3373,3398,3405,3399,3581,3421,3473,3481,3612,3818,3210,3446,3496,3541,3663,3396,3706,3183,3756,3622,3432,3436,3553,3567,3182,3374,3312,3430,3357,3328,3194,3303,3342,3188,3160,2724,3759,2869,2969,2802,2953,2839,2823,2758,2800,2635,2504,2567,2396,2538,2531,2429,2324,2176,2345,1874,2076,2101,2012,1944,1939,1892,1600,1930,1750,1612,1566,1532,1370,1143,1348,1312,1156,1128,1085,1093,934,872,933,844,705,820,640,756,629,660,504,567,455,424,433,409,398,360,350,327,287,238,237,254,223,175,197,206,181,160,206,124,151,161,131,124,116,141,82,119,102,118,67,88,76,98,95,90,73,55,137,48,57,78,85,97,55,52,74,93,76,51,50,67,60,74,70,62,57,46,68,56,94,56,62,74,76,110,69,58,95,107,71,68,83,75,77,76,111,100,119,150,148,89,120,204,126,143,178,210,208,209,244,267,229,329,297,205,370,399,483,379,422,635,408,412,506,645,754,557,675,558,920,767,683,1293,917,1018,698,1201,1469,1359,982,1455,1059,1880,1561,1356,1093,1055,3626,1192,1325,1583,1922,2454,1434,1973,1581,1995,2321,1964,1483,1959,1832,2456,1515,1845,2235,1409,2006,1719,2131,1881,1817,1601,1469,2158,1642,1443,1710,1719,1492,1180,1557,1525,1378,1199,1332,1185,991,1327,1192,931,887,1182,843,797,968,954,752,830,851,765,659,807,763,558,630,672,585,612,633,688,511,609,544,590,690,547,559,459,649,590,514,637,566,618,503,656,638,673,638,621,643,767,747,699,682,610}
Count:   9.1   9.9  10.8   9.7  10.0   9.9  10.6   9.8   9.8   9.5   9.9   9.6   9.6   9.7   9.6   9.1   9.2   9.1   9.2   9.5   8.9   9.6   9.5   9.2   8.6   8.9   8.8   8.8   8.2   8.7   9.0   8.5   8.3   9.0   8.3   8.6   6.5   3.1   3.1   2.9   2.8   3.0   3.0   3.0   2.9   3.0  10.2   9.8  10.2  10.7  10.5   9.8   9.6   9.7  10.3   9.5  10.0   9.2   9.8   9.5   9.6   9.5   9.5   9.0   9.3   8.7   9.4   8.7   9.1   8.8   8.6   9.3   8.9   8.7   8.1   9.3   8.6   9.2   8.1   5.3   3.2   3.3   3.2   2.7   3.1   3.0   2.6   2.6   3.3  10.3  10.2  10.5  10.4  10.3  10.0  10.6   9.9   8.9   9.2  10.0   9.2  10.4   9.7   9.2   8.8   8.8   9.3   9.1   9.1   9.4   9.6   9.8   9.6   9.1   9.1   8.7   9.0   8.8   9.0   8.4   9.1   8.8   3.3   2.7   2.9   3.0   2.9   2.8   3.2   3.0   2.6   5.1  10.9  10.5  10.6  10.1  10.5   9.9  10.2   9.6   9.9  10.0  10.3   9.3   9.9   9.4   9.7  10.0   9.6   9.8   8.7   9.5   9.4   9.0   9.6   9.0   9.8   8.8   9.2   9.3   9.3   8.9   8.8   9.4   8.7   3.2   3.3   2.9   2.8   2.8   2.6   2.9   2.6   3.0   2.7   2.8   2.7   2.7   2.7   8.8  10.4  10.4  10.1  10.8   9.9  10.4  10.1  10.4  10.0   9.9  10.2  10.2  10.1  10.4   9.8  10.1   9.8   9.7   9.6   9.0 
B: 33.1 32.4 33.3 33.1 31.5 29.9 31.8 30.5 30.7 29.8 30.2 30.3 30.6 30.3 30.0 29.8 29.5 29.5 28.4 28.1 29.6 28.7 27.5 28.1 27.5 28.7 26.9 27.8 26.9 27.4 27.3 27.8 26.9 27.1 27.1 26.3 25.1 17.2 17.2 16.8 17.2 17.5 17.1 17.1 17.5 17.1 31.4 31.4 31.0 30.4 31.9 31.7 30.5 30.5 30.9 31.6 30.6 29.0 29.1 29.0 29.9 29.4 28.2 28.0 29.9 28.3 29.9 26.7 26.5 27.4 27.7 27.7 26.7 26.4 26.8 28.0 27.0 26.0 26.0 23.9 17.3 17.4 17.4 17.3 16.8 17.4 17.4 17.5 20.8 30.8 31.9 31.2 30.3 31.5 32.0 31.0 30.3 30.4 28.8 30.1 29.0 28.9 29.6 29.9 28.8 29.1 28.2 28.0 27.6 28.2 28.4 28.0 27.4 27.3 27.4 27.2 25.9 26.9 26.8 26.8 27.4 27.9 20.6 17.1 17.4 17.6 17.1 17.0 17.6 17.2 17.9 24.7 32.5 31.6 30.7 30.6 30.7 31.9 31.6 30.1 30.4 30.0 29.5 29.9 31.3 29.2 28.7 28.2 28.9 31.1 28.7 28.2 27.6 27.9 29.0 27.0 27.3 27.1 27.7 27.9 27.1 27.1 26.6 27.0 26.9 17.7 17.3 17.3 17.2 17.6 17.3 17.3 17.4 18.0 17.3 17.0 17.3 17.4 17.9 31.9 32.4 33.7 33.0 31.6 30.4 30.7 32.6 32.3 30.5 30.5 31.0 30.5 30.8 30.7 29.7 29.5 29.4 29.5 29.4 29.0 
Direction:  {49 131} {45 135} {40 140} {43 137} {34 146} {44 136} {40 140} {45 135} {41 139} {45 135} {42 138} {46 134} {46 134} {37 143} {49 131} {37 143} {35 145} {46 134} {53 127} {51 129} {44 136} {51 129} {37 143} {38 142} n {53 127} {44 136} n n {46 134} {37 143} {51 129} n {55 125} {43 137} n n n n n n n n n n n {40 140} {29 151} {43 137} {46 134} {51 129} {40 140} {61 119} {58 122} {46 134} {35 145} {45 135} {37 143} {46 134} {35 145} {35 145} {70 110} {47 133} {46 134} {35 145} {36 144} {51 129} n {40 140} n {43 137} {43 137} n {33 147} n {32 148} n n n n n n n n n n n n n {45 135} {32 148} {40 140} {29 151} {46 134} {49 131} {37 143} {48 132} {31 149} {40 140} {46 134} {56 124} {37 143} {36 144} {36 144} {35 145} {44 136} {41 139} {42 138} {33 147} {39 141} {36 144} {65 115} n {36 144} n {49 131} n n {37 143} n {44 136} {29 151} n n n n n n n n n n {42 138} {35 145} {31 149} {35 145} {37 143} {46 134} {54 126} {61 119} {46 134} {47 133} {45 135} {51 129} {44 136} {44 136} {53 127} {41 139} {34 146} {38 142} {38 142} {37 143} {33 147} {28 152} {47 133} {43 137} {35 145} n {35 145} {32 148} {33 147} {41 139} {42 138} {51 129} n n n n n n n n n n n n n n n {41 139} {36 144} {35 145} {35 145} {50 130} {46 134} {34 146} {49 131} {46 134} {33 147} {33 147} {54 126} {44 136} {49 131} {37 143} {42 138} {24 156} {56 124} {38 142} {45 135} {45 135}

55.4: Count:   8.1 (  2.7) A:  14.2 [11-34] B:  28.1 [11-105] Phase: 101% 69 (32.5) Direction:  {42 138}  48% 294 (26.8) Direction:  {320 220}
Phase: {1177,644,719,838,909,963,812,890,913,998,967,1076,889,1077,1158,1134,1101,1239,1347,1169,1345,1318,1527,1525,1543,1561,1560,1937,1734,1836,2026,1865,2168,1991,2184,2312,2416,2408,2543,2540,2532,2576,2864,3027,2819,3270,3058,3166,3257,3254,3277,3539,3548,3435,3572,3643,3736,3391,3811,3812,3718,3620,3750,4303,3383,3976,3796,3977,3898,3687,3857,3543,4125,3863,3799,3871,3714,3830,3677,3713,3671,3680,3666,3621,3458,3434,3389,3255,3236,3143,3808,3025,3023,2946,3001,2864,2718,2777,2714,2772,2446,2497,2218,2344,2328,2230,2041,2004,2110,1797,1971,1755,1811,1593,1596,1596,1403,1612,1397,1273,1326,1211,1184,1093,1004,1028,906,956,872,866,731,725,746,674,580,638,497,509,524,515,411,456,412,375,387,354,386,292,310,263,292,245,250,310,157,230,249,167,229,178,149,120,177,137,123,148,147,127,88,111,99,113,91,113,97,81,90,84,75,50,145,62,88,79,76,96,63,66,61,81,56,57,62,76,68,97,64,83,119,53,75,65,105,109,92,69,68,133,106,95,126,118,137,93,140,158,149,127,139,127,125,172,220,160,184,181,166,190,247,264,243,264,267,278,260,393,398,254,394,470,440,384,442,700,380,450,494,529,688,491,698,439,799,661,542,975,799,801,604,913,1085,1038,821,1024,876,1420,1305,992,976,879,2827,886,1000,1337,1583,1842,1215,1629,1376,1707,1930,1580,1237,1649,1691,2119,1409,1693,2166,1369,1992,1622,2073,1909,1776,1650,1437,2225,1729,1656,1788,1893,1734,1323,1996,1871,1598,1657,1699,1529,1250,1671,1594,1347,1274,1766,1205,1137,1387,1309,1003,1174,1168,1081,1007,1025,1080,700,971,982,964,756,878,1041,620,756,685,755,904,684,742,537,765,663,655,725,669,669,607,667,791,737,608,729,617,783,773,726,692,625}
Count:   9.1   9.6  10.9  10.3  10.2  10.0  10.8   9.7   9.8   9.6  10.3   9.4   9.7  10.0  10.2   9.3   9.3   9.0   9.0   9.1   9.4   9.2   9.5   9.1   8.5   9.1   8.9   9.1   8.1   8.7   8.5   9.0   8.2   8.8   8.6   8.7   6.2   3.0   3.4   3.0   2.9   3.1   3.1   3.1   3.4   3.3  11.0  10.1  10.5  10.2  10.6   9.8  10.0   9.7   9.7   9.4   9.7   9.1  10.0   9.6   9.6   9.0   9.6   9.0   8.8   8.7   9.5   8.7   9.4   8.6   8.9   8.7   9.0   8.4   8.0   8.7   8.8   8.3   8.7   5.2   3.4   3.3   3.5   3.1   3.3   3.1   2.9   3.0   3.8  10.3  10.5  10.9  10.1  10.6  10.1  10.5  10.1   8.8   9.5  10.5   9.0   9.8   9.4   9.4   8.7   8.8   9.3   9.1   9.2   9.1   9.2   9.2   9.2   8.7   9.2   8.1   8.7   8.3   8.7   8.0   8.7   8.7   3.4   3.0   2.9   3.2   3.0   3.1   3.3   3.0   3.1   5.3  10.8  10.3  10.7  10.3  10.1   9.7  10.4   9.7   9.6   9.5  10.1   9.5  10.1   9.1   9.5  10.0   9.7   9.8   8.9   9.0   9.5   8.8   9.6   8.7   9.3   8.8   9.5   9.2   9.3   8.3   8.8   8.7   8.8   3.4   3.1   3.2   3.0   3.0   2.7   2.9   2.8   3.0   2.7   3.0   2.8   3.0   2.8   9.0  10.2  10.9  10.4  10.5  10.3  10.6  10.1  10.2  10.0  10.4   9.9  10.2  10.3  10.3   9.8  10.1   9.7   9.7   9.8   9.0 
B: 32.4 31.1 32.3 32.5 30.6 29.5 31.5 30.2 30.7 29.4 29.9 30.1 29.9 29.1 30.0 28.8 29.6 29.5 28.9 28.2 29.0 28.6 27.4 27.5 27.3 28.2 26.3 27.2 26.2 27.0 26.4 27.4 26.4 26.6 26.5 26.2 24.5 16.3 16.7 16.5 16.2 16.2 16.5 16.5 16.4 16.3 31.2 31.5 30.7 29.9 31.4 31.5 30.7 30.3 30.0 30.6 30.1 29.7 28.9 28.8 29.1 29.4 28.5 27.8 28.3 28.4 29.0 26.7 26.7 26.9 27.5 27.6 27.0 26.3 26.1 27.3 26.4 26.4 25.4 23.5 16.5 16.6 16.5 16.4 16.4 16.2 16.3 16.6 20.3 30.6 31.3 31.0 30.5 30.9 31.1 30.6 30.3 30.0 29.3 30.2 28.9 28.6 29.4 29.3 28.4 28.3 28.8 27.7 27.7 27.8 27.1 27.7 27.6 27.2 27.2 26.5 26.0 26.3 26.2 26.4 26.4 27.5 19.8 16.5 16.9 16.4 15.9 16.4 16.8 16.9 16.2 25.0 31.4 32.1 31.5 31.5 30.6 30.8 31.0 30.6 30.1 28.7 29.5 29.5 30.6 29.0 28.6 27.9 28.4 28.9 27.7 27.9 26.9 27.7 27.5 26.9 27.5 25.9 27.0 27.8 27.5 25.9 26.5 26.3 26.9 16.6 16.8 16.7 16.8 16.8 16.5 16.5 16.6 16.2 16.6 16.4 16.6 16.5 16.5 31.4 31.6 31.8 32.9 32.0 30.2 30.2 32.1 31.9 30.6 30.1 30.7 29.9 30.2 29.3 29.7 28.7 29.0 28.9 28.9 28.7 
Direction:  {38 142} {42 138} {41 139} {38 142} {31 149} {37 143} {35 145} {45 135} {44 136} {47 133} {41 139} {39 141} {37 143} {37 143} {37 143} {51 129} {37 143} {40 140} {43 137} {59 121} {41 139} {40 140} {45 135} {43 137} {44 136} {43 137} {38 142} {29 151} n {41 139} {35 145} {40 140} n {35 145} {34 146} {37 143} n n n n n n n n n n {42 138} {44 136} {37 143} {45 135} {35 145} {32 148} {43 137} {38 142} {35 145} {54 126} {36 144} {42 138} {37 143} {36 144} {43 137} {37 143} {42 138} {46 134} {31 149} {29 151} {29 151} n {49 131} {48 132} {37 143} {35 145} {51 129} {45 135} n {35 145} {51 129} n n n n n n n n n n n n {29 151} {37 143} {40 140} {40 140} {47 133} {40 140} {44 136} {35 145} {46 134} {46 134} {38 142} {46 134} {54 126} {44 136} {48 132} {35 145} {40 140} {37 143} {35 145} {38 142} {35 145} {50 130} {49 131} {43 137} {38 142} {36 144} {59 121} {38 142} {54 126} {40 140} n {38 142} {42 138} n n n n n n n n n n {40 140} {46 134} {43 137} {38 142} {40 140} {45 135} {51 129} {40 140} {45 135} {32 148} {44 136} {37 143} {40 140} {33 147} {46 134} {33 147} {38 142} {35 145} {40 140} {51 129} {40 140} {24 156} {35 145} {37 143} {47 133} {40 140} {29 151} {36 144} {29 151} {32 148} {34 146} {43 137} {35 145} n n n n n n n n n n n n n n {36 144} {35 145} {35 145} {40 140} {47 133} {51 129} {41 139} {43 137} {38 142} {34 146} {53 127} {40 140} {36 144} {44 136} {40 140} {34 146} {51 129} {50 130} {38 142} {42 138} {34 146}

55.5: Count:   6.1 (  2.5) A:  14.2 [11-34] B:  30.5 [11-105] Phase: 100% 70 (27.5) Direction:  {43 137}
Phase: {788,460,533,500,547,577,516,575,585,648,653,679,628,776,722,759,774,811,920,788,876,959,1041,1024,991,1106,1045,1398,1322,1307,1483,1435,1569,1510,1702,1744,1917,1842,2098,2098,2077,2358,2341,2508,2480,2857,2588,2952,2973,3129,3043,3259,3343,3277,3508,3499,3718,3579,3817,3787,3995,3822,4086,4324,3665,4094,3970,4273,4139,4118,4152,3879,4516,4416,4139,4222,4191,4132,3844,3979,3979,4046,3822,3718,3637,3618,3750,3375,3405,3040,3900,3025,2972,2930,2686,2774,2583,2525,2462,2373,2226,2173,1950,2120,1885,1897,1814,1674,1809,1311,1478,1447,1408,1361,1178,1153,964,1146,945,854,853,786,830,644,675,766,660,499,558,506,496,472,438,407,311,385,306,333,310,272,260,249,222,200,195,195,176,166,169,175,155,109,139,163,102,79,103,108,83,98,72,67,79,68,72,73,53,74,43,64,81,63,60,50,36,62,45,29,36,35,73,32,29,30,40,58,33,32,29,30,51,31,17,40,35,42,21,27,52,16,35,42,33,36,28,29,40,49,33,32,37,35,35,26,45,58,29,44,42,57,43,72,73,48,48,68,60,86,76,88,81,69,87,99,67,142,112,61,116,108,104,122,138,178,149,126,110,168,180,148,184,131,222,198,189,261,259,204,194,239,329,287,233,333,224,352,357,272,254,196,808,291,349,332,467,598,378,470,400,528,610,543,335,528,472,677,447,523,690,400,698,572,710,657,572,562,499,794,600,524,733,679,733,492,634,716,655,646,683,645,575,741,640,573,620,786,604,561,762,654,545,524,632,524,633,623,570,445,594,580,565,396,441,608,445,448,493,490,491,397,472,321,489,427,397,501,398,450,341,392,518,497,390,471,416,498,499,442,490,399}
Count:   7.9   8.0   8.8   8.3   8.2   7.9   9.0   8.2   7.8   7.6   8.3   7.1   7.3   7.8   7.9   7.0   7.5   7.1   7.2   6.8   7.2   7.3   7.1   7.1   6.6   7.0   6.4   6.6   6.2   6.8   6.2   6.7   6.0   6.7   5.8   6.6   4.0   1.4   1.4   1.4   1.4   1.3   1.5   1.4   1.4   1.5   8.6   8.3   8.2   8.2   8.6   7.8   8.2   7.4   7.7   7.7   7.9   7.6   7.9   7.6   7.6   7.2   7.5   6.5   6.9   6.7   7.1   6.3   7.3   6.6   6.6   6.3   6.5   6.0   6.1   6.6   6.4   6.3   5.9   3.0   1.6   1.5   1.5   1.4   1.4   1.4   1.3   1.3   2.3   8.4   7.9   8.4   8.0   8.6   7.8   8.4   7.9   7.1   7.8   8.1   7.3   7.7   7.2   7.5   6.8   7.1   7.1   6.7   6.7   6.9   6.9   6.8   6.7   6.5   6.5   5.6   6.1   6.1   6.2   5.7   6.4   6.4   1.9   1.4   1.4   1.4   1.6   1.4   1.4   1.4   1.4   3.5   8.4   8.5   8.3   8.2   7.9   7.9   8.5   8.0   7.5   7.5   8.0   7.2   8.0   7.1   7.0   7.4   7.2   7.4   6.6   6.3   7.3   6.9   7.2   6.5   7.0   6.0   6.9   6.6   7.0   6.1   6.4   6.6   6.3   1.5   1.5   1.6   1.4   1.4   1.2   1.5   1.5   1.3   1.3   1.4   1.3   1.5   1.3   7.4   8.5   8.4   9.1   8.7   8.0   8.5   8.3   8.8   8.2   8.1   7.8   7.5   7.5   7.6   8.0   7.6   7.3   7.7   7.5   6.9 
B: 33.8 33.8 34.2 34.2 32.1 32.0 33.4 32.2 32.0 32.5 32.2 31.5 31.7 32.6 32.0 31.0 32.0 30.7 31.1 30.5 30.5 30.8 30.5 29.6 29.4 30.3 29.0 29.8 28.5 28.4 28.1 30.0 28.9 28.5 27.7 28.2 26.6 18.1 17.5 16.8 16.6 17.0 16.7 17.7 16.8 18.6 34.2 34.2 32.5 32.2 32.7 33.4 32.7 32.0 32.2 32.9 32.9 31.1 31.9 31.4 30.5 31.1 31.3 30.5 30.4 29.9 31.4 28.9 29.2 29.1 30.0 28.9 28.9 27.6 28.5 29.0 28.4 28.3 27.6 27.2 17.5 17.0 17.2 16.8 18.0 16.4 16.7 16.5 23.6 32.5 33.4 33.3 33.2 33.6 32.9 33.3 32.8 32.0 33.2 33.9 31.1 30.4 31.4 31.1 30.1 30.6 30.8 30.2 28.8 29.7 29.8 30.8 29.2 29.7 28.6 28.2 28.2 28.0 28.7 28.0 28.1 29.1 21.1 17.4 17.1 17.0 17.0 16.9 17.4 17.0 16.2 27.3 33.9 33.8 34.1 33.5 32.2 32.7 33.0 32.1 32.0 32.1 31.4 31.2 31.9 30.6 30.8 30.6 30.2 31.0 30.2 29.2 29.2 28.6 29.8 29.1 28.5 27.0 29.7 29.2 29.1 27.5 28.3 27.5 28.6 17.4 17.3 16.7 16.9 17.2 17.9 17.2 16.5 17.7 16.6 17.0 17.2 17.2 17.0 33.4 33.4 33.4 34.2 34.2 32.0 32.3 33.7 33.2 32.4 32.3 33.4 31.5 32.1 31.9 32.0 31.3 30.8 31.3 31.5 31.2 
Direction:  {48 132} {45 135} {51 129} {33 147} {46 134} {41 139} {43 137} {43 137} {44 136} {46 134} {43 137} {45 135} {44 136} {38 142} {37 143} {36 144} {48 132} {44 136} {43 137} {43 137} {41 139} {45 135} {34 146} {48 132} {47 133} {45 135} {44 136} {49 131} {44 136} {37 143} {51 129} {40 140} {44 136} {37 143} n {40 140} n n n n n n n n n n {46 134} {42 138} {40 140} {51 129} {43 137} {48 132} {44 136} {49 131} {46 134} {49 131} {43 137} {43 137} {53 127} {44 136} {40 140} {43 137} {43 137} {49 131} {35 145} {37 143} {51 129} {33 147} {46 134} {37 143} {50 130} {56 124} {45 135} n {50 130} {43 137} {37 143} {57 123} n n n n n n n n n n n {41 139} {49 131} {32 148} {51 129} {46 134} {46 134} {46 134} {49 131} {40 140} {46 134} {55 125} {42 138} {50 130} {43 137} {40 140} {39 141} {46 134} {45 135} {48 132} {49 131} {43 137} {39 141} {44 136} {51 129} {51 129} {42 138} n {53 127} {40 140} {58 122} n {46 134} {48 132} n n n n n n n n n n {46 134} {37 143} {46 134} {43 137} {37 143} {45 135} {39 141} {37 143} {51 129} {39 141} {37 143} {32 148} {46 134} {45 135} {40 140} {46 134} {46 134} {38 142} {40 140} {41 139} {40 140} {37 143} {55 125} {45 135} {45 135} n {49 131} {45 135} {43 137} {47 133} {47 133} {45 135} {40 140} n n n n n n n n n n n n n n {40 140} {40 140} {41 139} {49 131} {34 146} {42 138} {41 139} {35 145} {43 137} {46 134} {45 135} {38 142} {43 137} {45 135} {50 130} {35 145} {45 135} {51 129} {33 147} {51 129} {46 134}

55.6: Count:   4.5 (  2.2) A:  13.9 [11-31] B:  31.6 [11-100] Phase: 100% 71 (25.9) Direction:  {43 137}
Phase: {419,202,271,280,280,347,270,293,273,322,369,400,323,443,406,489,474,505,607,419,560,602,656,690,711,801,728,923,907,861,1041,1042,1125,1027,1288,1339,1445,1477,1589,1796,1699,1788,2027,2174,1942,2342,2152,2518,2548,2761,2607,2792,3115,2988,2995,3232,3330,3064,3454,3528,3395,3512,3542,4100,3221,3846,3721,3813,3800,3702,3710,3373,3960,3835,3523,3900,3664,3676,3428,3433,3624,3704,3379,3387,3149,3362,3346,2964,3088,2624,3750,2556,2822,2554,2701,2490,2378,2343,2050,2046,2055,1845,1772,1738,1628,1606,1361,1511,1503,1067,1206,1102,1058,923,969,845,730,871,668,581,624,575,619,477,515,438,414,382,334,323,259,288,273,272,169,226,161,187,178,147,127,125,137,92,99,94,87,51,68,74,52,47,49,68,31,33,38,32,40,33,31,36,29,24,26,31,23,23,21,30,39,11,16,22,7,18,20,10,14,6,52,9,9,18,13,24,12,7,16,10,8,16,7,11,11,13,3,10,19,7,13,23,8,8,13,7,9,6,6,4,7,5,8,2,11,10,12,6,10,12,10,9,9,11,12,19,16,11,10,21,7,7,16,16,9,14,30,21,12,18,23,22,26,37,19,24,28,22,26,22,42,34,47,31,49,48,24,36,29,46,59,37,49,61,45,81,62,64,54,48,141,45,63,77,84,127,71,116,86,101,132,97,88,101,97,143,126,136,168,110,149,126,153,153,161,150,134,199,160,116,165,221,161,149,175,201,149,152,188,138,150,207,216,179,169,194,160,197,188,197,156,179,231,176,171,215,220,118,183,177,220,142,165,216,162,167,168,187,225,141,175,148,225,167,158,221,188,169,165,211,263,200,190,201,189,248,253,227,219,187}
Count:   6.7   6.7   7.0   6.9   6.9   6.2   7.1   6.2   6.1   5.8   6.5   5.6   5.8   5.7   6.1   5.3   5.5   5.5   5.8   5.2   5.4   5.7   5.1   5.0   4.4   4.7   4.7   4.8   4.3   4.9   4.6   5.0   4.8   4.5   3.9   4.7   2.6   0.4   0.5   0.6   0.5   0.5   0.4   0.5   0.5   0.5   7.0   6.9   6.2   6.0   6.8   6.7   6.8   6.0   6.0   5.8   5.9   5.7   6.3   5.6   5.4   5.6   5.9   5.0   5.0   5.1   5.5   4.5   5.2   4.6   5.1   4.5   4.5   4.1   4.5   4.7   4.7   4.6   4.3   1.7   0.6   0.6   0.5   0.4   0.4   0.4   0.4   0.4   1.4   6.6   6.4   6.7   6.3   6.6   6.2   6.7   6.4   5.8   6.0   6.3   5.4   5.9   5.6   6.0   5.0   5.3   5.3   5.5   4.9   4.9   5.2   5.2   4.8   4.8   4.9   4.2   4.3   4.4   4.5   4.2   4.4   4.5   0.9   0.4   0.4   0.4   0.4   0.4   0.5   0.4   0.4   2.5   6.9   6.5   6.6   6.3   6.1   6.2   6.6   6.1   6.2   6.0   5.9   5.8   6.0   5.6   5.7   5.6   5.5   5.6   5.3   4.8   4.9   5.0   5.7   5.0   4.8   4.2   5.1   4.6   4.9   4.2   4.7   4.6   4.6   0.5   0.4   0.6   0.6   0.4   0.4   0.5   0.4   0.4   0.5   0.4   0.5   0.4   0.4   5.7   6.3   7.0   7.0   7.2   6.4   6.5   6.6   7.0   6.5   6.4   6.2   6.1   6.1   6.1   6.4   5.9   5.5   6.0   5.7   5.3 
B: 35.8 34.8 34.8 35.1 33.5 33.6 33.9 33.7 33.1 33.5 33.2 33.3 32.2 32.8 32.2 32.2 32.0 32.7 31.8 31.2 30.3 32.1 31.0 30.2 30.2 30.9 29.4 30.3 29.5 29.5 27.9 30.4 28.8 29.5 27.2 30.0 27.1 17.5 16.3 18.1 17.3 17.9 16.8 18.3 17.8 19.9 34.7 34.7 34.0 33.2 33.9 34.6 33.4 32.8 33.5 33.6 33.4 32.9 32.6 32.1 31.4 31.6 31.8 31.0 30.2 30.1 31.5 29.2 29.8 29.1 31.2 29.1 29.3 29.3 28.7 29.3 28.1 29.0 28.1 28.0 18.3 18.9 18.5 17.8 16.5 18.5 17.5 18.0 30.4 33.8 33.6 34.3 33.9 33.7 33.3 34.7 33.5 33.9 33.6 34.2 32.0 31.7 32.5 31.7 30.8 31.8 30.3 30.8 30.0 29.6 31.4 30.9 29.7 29.7 28.8 28.3 28.7 28.9 28.0 27.9 28.3 29.4 23.8 19.4 18.2 17.3 18.3 17.8 18.3 17.0 18.5 30.3 34.4 34.8 33.7 33.5 33.6 33.1 33.6 32.8 33.3 32.5 31.7 31.7 32.1 32.0 30.9 31.0 31.0 31.7 30.4 29.9 29.7 30.6 30.3 30.9 29.1 27.6 29.9 29.1 30.1 27.9 28.6 28.4 28.7 18.2 18.7 17.2 18.9 17.9 18.3 18.6 20.0 18.6 18.1 18.8 18.1 18.5 17.9 34.2 33.7 33.4 34.3 34.3 33.7 33.7 33.3 33.3 33.7 33.3 32.8 32.8 32.7 32.9 31.8 31.9 31.7 31.4 31.8 31.1 
Direction:  {39 141} {41 139} {44 136} {39 141} {35 145} {50 130} {50 130} {36 144} {38 142} {36 144} {38 142} {45 135} {40 140} {44 136} {48 132} {40 140} {41 139} {40 140} {33 147} {47 133} {47 133} {51 129} {43 137} {41 139} n {38 142} n n n {48 132} n {51 129} n n n {45 135} n n n n n n n n n n {45 135} {50 130} {42 138} {45 135} {46 134} {36 144} {41 139} {35 145} {42 138} {42 138} {36 144} {44 136} {45 135} {53 127} {50 130} {46 134} {48 132} {41 139} {45 135} {48 132} {39 141} n {45 135} n {53 127} n {40 140} n n n n {35 145} n n n n n n n n n n n {50 130} {48 132} {44 136} {44 136} {42 138} {45 135} {35 145} {42 138} {36 144} {51 129} {39 141} {52 128} {46 134} {48 132} {45 135} {46 134} {40 140} {47 133} {41 139} {37 143} {34 146} {42 138} {37 143} n {36 144} {37 143} n n n n n n {36 144} n n n n n n n n n n {46 134} {45 135} {38 142} {39 141} {38 142} {37 143} {40 140} {43 137} {40 140} {47 133} {35 145} {40 140} {42 138} {38 142} {35 145} {35 145} {38 142} {52 128} {40 140} {38 142} {45 135} {55 125} {42 138} {46 134} n n {51 129} {34 146} {54 126} n {35 145} n {42 138} n n n n n n n n n n n n n n {40 140} {34 146} {39 141} {42 138} {40 140} {48 132} {40 140} {35 145} {41 139} {35 145} {36 144} {43 137} {47 133} {50 130} {56 124} {45 135} {38 142} {42 138} {48 132} {47 133} {47 133}

55.7: Count:   3.9 (  1.9) A:  13.4 [11-32] B:  29.1 [11-96] Phase: 100% 71 (25.3) Direction:  {43 137}
Phase: {396,205,286,267,327,356,305,309,329,417,406,358,350,382,423,455,515,464,574,486,551,561,641,620,659,672,631,842,835,809,996,938,1061,902,1076,1100,1214,1161,1282,1234,1306,1407,1538,1477,1429,1758,1674,1747,1911,2006,1987,2046,2200,2139,2352,2494,2471,2426,2671,2809,2807,2760,2938,3199,2573,3065,3019,3166,3110,3017,3222,2628,3347,3254,2952,3077,3057,3122,2719,2821,2952,2996,2768,2784,2569,2774,2520,2471,2495,2204,2994,2052,2094,2037,2045,1908,1679,1676,1622,1625,1505,1437,1314,1391,1211,1164,1175,1071,1051,915,914,768,878,808,722,635,605,758,608,532,577,526,546,432,476,428,415,402,334,393,340,294,312,252,281,274,184,245,236,197,182,199,184,175,129,136,137,105,109,119,117,85,83,131,78,79,84,55,93,76,51,55,57,43,32,52,30,46,38,31,44,34,39,50,31,38,35,32,19,14,46,11,16,18,22,31,18,9,4,15,26,21,13,12,15,19,20,31,13,10,12,15,21,14,6,15,14,23,23,28,32,15,22,11,23,19,16,28,19,16,16,42,21,14,16,37,21,24,30,50,33,30,26,35,32,40,57,37,57,62,58,39,63,83,68,71,72,73,116,92,112,63,127,105,113,201,130,152,107,186,227,203,146,244,140,341,273,193,151,170,643,162,220,249,323,400,231,344,265,313,413,344,203,293,266,448,227,282,382,238,307,304,375,273,233,230,200,359,256,216,262,261,206,204,244,249,240,235,242,220,190,208,212,207,149,215,173,154,227,210,174,163,180,144,179,166,205,128,158,196,185,121,141,195,128,194,193,173,193,166,204,147,234,197,157,224,169,201,178,197,232,245,212,258,208,267,223,262,265,230}
Count:   6.2   6.0   6.1   6.0   6.3   5.4   5.5   5.4   5.6   5.2   5.4   5.1   4.9   4.8   5.2   4.7   4.7   4.8   4.9   4.1   4.6   4.5   4.3   4.0   3.4   4.0   3.7   4.0   3.7   3.8   3.7   4.3   3.8   3.6   3.3   3.7   2.3   0.6   0.5   0.5   0.6   0.5   0.5   0.4   0.4   0.5   6.3   6.5   5.8   5.5   5.6   6.1   6.1   5.2   5.3   5.1   5.2   5.2   5.7   4.6   4.6   4.6   4.9   4.4   4.0   4.3   4.7   4.2   4.2   3.9   4.3   4.0   3.9   3.4   3.4   3.7   4.0   4.1   3.8   1.4   0.5   0.6   0.6   0.4   0.4   0.5   0.5   0.5   1.4   5.9   5.8   6.0   5.8   5.5   5.4   5.7   5.4   5.3   5.6   5.7   4.9   4.9   4.5   5.2   4.2   4.6   4.4   4.9   3.9   4.2   4.2   4.2   4.2   3.7   3.6   3.6   3.6   3.7   3.4   3.5   3.6   3.8   0.9   0.5   0.5   0.6   0.6   0.6   0.5   0.6   0.5   2.1   6.4   6.4   6.2   5.8   5.5   5.4   6.1   5.5   5.7   5.1   5.1   5.0   5.1   4.8   4.9   4.9   4.3   4.5   4.3   4.2   3.8   4.3   4.6   4.4   4.2   3.5   3.8   3.8   4.2   3.3   3.9   3.6   3.5   0.6   0.8   0.6   0.5   0.5   0.6   0.5   0.5   0.6   0.5   0.6   0.5   0.6   0.4   5.0   5.6   6.0   6.4   6.3   6.3   5.6   5.7   6.3   6.1   5.8   5.7   5.3   5.3   5.2   5.3   5.0   4.7   4.9   4.6   4.6 
B: 32.8 30.8 32.1 32.6 31.5 31.5 31.5 31.0 30.2 30.6 30.4 32.8 30.3 29.9 30.3 29.6 29.3 30.4 29.6 28.8 29.1 28.4 29.3 27.7 26.9 28.5 26.5 28.1 26.5 26.5 26.1 27.4 26.1 26.1 25.6 27.3 23.6 17.1 16.4 16.5 17.0 16.6 16.1 16.9 17.7 17.4 32.6 32.2 31.5 30.5 30.9 31.6 31.5 31.0 30.3 30.4 31.2 30.0 29.9 29.4 28.3 29.7 29.5 29.0 28.0 27.9 27.6 28.6 28.1 26.8 27.7 25.7 26.5 26.4 25.7 26.1 25.8 26.4 25.5 23.5 16.8 16.2 17.6 17.0 16.8 17.4 16.8 17.1 29.7 31.3 30.3 31.0 31.0 30.6 30.6 32.1 31.7 30.5 31.1 31.4 29.5 29.3 29.6 29.3 28.8 28.7 28.3 29.0 27.1 26.3 28.2 28.1 27.0 26.6 25.9 25.4 26.1 27.0 25.5 24.8 25.6 25.6 21.4 17.4 17.2 16.9 16.4 16.5 17.5 16.4 17.0 27.7 31.0 31.8 32.3 31.4 31.1 30.9 31.1 30.0 30.5 31.2 29.4 29.2 29.4 29.0 29.0 28.5 28.0 27.8 28.2 27.0 26.8 27.5 28.0 27.2 26.6 26.2 27.7 25.2 27.8 25.4 25.9 25.8 24.5 17.1 17.8 16.4 17.5 16.2 16.8 17.0 16.8 16.9 17.3 15.5 16.7 17.0 17.0 31.5 31.0 30.8 31.6 31.7 31.4 30.0 31.0 31.9 31.6 32.2 30.6 30.0 30.5 30.1 29.9 29.9 29.9 29.2 30.0 28.3 
Direction:  {45 135} {45 135} {48 132} {38 142} {42 138} {42 138} {48 132} {35 145} {45 135} {42 138} {36 144} {52 128} {45 135} n {39 141} n n {48 132} {40 140} n {42 138} n n n n n n n n n n {37 143} n n n n n n n n n n n n n n {48 132} {43 137} {39 141} {51 129} {37 143} {36 144} {32 148} {39 141} {42 138} {44 136} {36 144} {41 139} {41 139} n n n {42 138} n n {48 132} n n n n n n n n n n n n n n n n n n n n n n n {46 134} {43 137} {41 139} {41 139} {39 141} {45 135} {47 133} {39 141} {44 136} {35 145} {36 144} {42 138} n n {55 125} n {45 135} n {45 135} n n {41 139} n n n n n n n n n n n n n n n n n n n n n {36 144} {47 133} {45 135} {42 138} {48 132} {42 138} {43 137} {45 135} {41 139} {51 129} {46 134} {45 135} {48 132} {43 137} {56 124} {54 126} {48 132} n n n n n {36 144} {39 141} n n n n n n n n n n n n n n n n n n n n n n n {41 139} {43 137} {44 136} {42 138} {44 136} {42 138} {45 135} {48 132} {46 134} {39 141} {36 144} {43 137} {42 138} {52 128} {32 148} {39 141} {48 132} {44 136} n n n

55.8: Count:   6.4 (  1.6) A:  12.9 [11-31] B:  21.8 [11-87] Phase: 100% 270 (13.1) Direction:  {299 241}
Phase: {680,429,511,520,608,566,510,647,595,559,612,599,573,668,705,717,673,698,819,623,919,815,923,911,838,861,819,1027,1060,955,1140,1140,1169,1086,1250,1213,1294,1292,1415,1452,1418,1530,1545,1552,1488,1878,1591,1708,1805,1832,1777,1809,1849,1850,2007,1973,2025,1795,2040,2030,2197,1989,2221,2464,1834,2120,2119,2231,2242,2041,2157,1888,2407,2134,2102,2215,2075,2143,2009,2022,2070,2030,1906,2088,1975,1966,1972,1820,1695,1593,2294,1512,1585,1567,1575,1520,1419,1468,1389,1441,1402,1273,1148,1268,1184,1164,1129,1137,1182,821,1053,952,984,864,914,855,687,895,657,677,664,671,680,565,607,598,480,510,492,568,436,481,472,422,358,435,302,398,336,326,299,311,279,212,267,236,281,242,258,202,233,202,210,238,138,167,161,157,184,160,193,142,152,157,138,176,133,112,113,134,109,123,131,127,83,126,113,84,89,87,130,85,92,100,139,73,72,91,66,59,77,102,70,72,81,98,82,101,72,57,84,64,90,88,73,69,63,95,65,92,115,80,73,58,89,109,69,84,102,99,103,125,142,124,108,167,114,149,192,173,143,216,239,224,231,390,395,308,465,531,646,520,657,1014,652,900,1032,1150,1551,1356,1699,1302,2373,2113,2092,2876,2777,2998,2377,3333,4033,4136,3477,4104,3604,4649,5007,3984,3899,3627,8435,3666,3900,4391,5133,4799,3627,4062,3690,4150,4009,3312,2510,3186,2880,2990,2203,2169,2422,1478,1897,1527,1649,1439,1309,1196,859,1268,956,770,886,809,731,542,739,741,591,537,603,561,491,517,516,502,378,465,366,449,407,377,408,446,448,372,419,407,380,336,376,394,346,345,393,387,288,309,375,413,383,351,367,292,371,409,327,358,397,469,328,352,470,396,414,419,418,461,447,424,434,416}
Count:   8.2   8.1   8.6   8.0   7.7   7.7   8.3   8.0   7.9   7.7   7.8   7.3   7.5   7.1   7.5   6.9   7.4   7.2   7.1   6.4   7.2   7.0   6.7   6.3   6.1   6.4   6.6   6.4   6.2   6.4   5.9   6.6   6.1   6.2   6.2   6.6   5.2   3.7   3.6   3.9   3.7   3.6   3.2   3.5   3.3   3.3   8.3   8.6   8.7   8.0   8.0   8.3   7.9   7.7   7.2   7.2   7.4   7.7   7.8   7.1   6.7   6.9   6.9   7.0   6.7   6.5   7.3   6.6   7.0   6.1   6.4   6.4   6.6   6.7   6.4   5.8   6.3   6.3   6.4   4.3   3.9   3.7   3.8   3.5   3.4   3.6   3.5   3.6   4.5   8.4   7.7   7.8   8.0   8.7   7.2   7.5   7.6   7.8   8.1   7.6   7.4   7.1   6.9   7.3   7.1   6.8   6.4   7.2   6.8   6.7   6.3   6.6   6.8   6.5   6.2   6.4   6.5   6.6   6.1   6.2   6.2   6.3   3.8   3.5   3.5   3.5   3.7   3.8   3.6   3.8   3.6   5.3   8.3   8.4   8.3   8.0   8.1   8.0   8.3   7.7   7.5   7.7   7.4   6.9   7.4   7.6   7.0   7.0   6.9   6.9   6.6   6.6   6.6   6.8   7.1   7.2   6.8   6.2   6.1   6.0   6.4   6.0   6.3   6.5   6.3   3.8   4.0   3.9   3.8   3.9   3.8   3.8   3.8   3.9   3.9   4.1   3.6   3.6   3.3   7.6   8.4   8.4   8.7   8.7   8.0   8.1   8.1   7.9   8.6   8.2   7.2   7.7   7.3   7.7   7.3   6.9   6.9   7.1   7.2   6.9 
B: 25.0 24.5 25.6 25.3 24.7 24.1 24.3 25.0 23.1 23.7 23.3 24.5 23.0 22.9 23.2 22.2 22.2 23.2 23.3 21.2 21.7 21.1 22.1 20.5 21.0 21.4 20.8 21.7 20.0 20.1 19.7 20.7 19.6 19.6 19.2 20.5 18.3 15.8 15.9 15.9 15.7 16.1 15.6 15.8 16.1 16.5 25.4 24.9 24.9 24.1 24.0 24.5 24.7 23.9 23.3 23.4 22.6 22.9 23.8 22.0 21.4 22.4 22.9 22.6 21.2 21.2 21.7 20.9 21.6 20.9 21.6 20.0 20.9 20.4 19.9 19.7 19.7 20.5 20.5 17.7 15.7 16.1 15.4 15.5 15.6 15.9 15.7 15.6 20.3 25.3 23.6 23.4 23.9 24.1 23.6 23.8 24.3 24.1 24.2 24.1 22.5 22.4 23.1 22.2 22.2 22.2 21.7 23.1 20.9 21.1 20.6 21.3 20.9 20.5 20.1 20.7 19.6 20.0 20.5 20.2 19.2 19.9 16.6 15.7 15.3 15.4 15.9 15.8 15.7 15.9 16.2 20.3 23.7 23.7 24.9 24.4 23.7 24.0 24.1 23.1 23.9 23.7 22.7 22.4 23.2 22.5 21.9 21.4 21.3 21.0 21.1 21.4 21.0 21.3 21.0 21.5 20.6 20.2 20.6 19.8 20.9 19.5 20.4 20.0 19.5 16.2 15.8 15.9 15.7 15.8 15.7 16.2 15.5 16.1 16.1 15.7 15.5 16.0 15.8 24.5 24.1 24.1 23.8 24.5 24.9 24.2 23.7 24.4 24.9 24.7 23.7 23.4 22.1 23.1 23.1 23.6 23.1 22.5 23.0 21.9 
Direction:  {309 231} {299 241} {301 239} {306 234} {301 239} {299 241} {299 241} n {301 239} {301 239} {303 237} {301 239} {299 241} {303 237} {291 249} {301 239} {306 234} {303 237} {303 237} {299 241} {299 241} {301 239} {299 241} {301 239} {302 238} {301 239} {301 239} {299 241} {299 241} {294 246} {301 239} {306 234} {301 239} {288 252} {301 239} {302 238} {299 241} {297 243} {301 239} {299 241} {303 237} {299 241} {296 244} {285 255} {299 241} {295 245} {46 134} {301 239} {301 239} {301 239} {303 237} {303 237} {299 241} {301 239} {299 241} {295 245} {301 239} {303 237} {299 241} {301 239} {303 237} {299 241} {305 235} {301 239} {301 239} {299 241} {302 238} {299 241} {295 245} {299 241} n {299 241} {301 239} {288 252} {299 241} {301 239} {299 241} {301 239} {307 233} {303 237} {301 239} {301 239} {292 248} {301 239} {305 235} {299 241} {301 239} {299 241} {299 241} {38 142} {299 241} {302 238} {301 239} {305 235} {299 241} {299 241} {299 241} {301 239} {299 241} {299 241} {296 244} {292 248} {301 239} {299 241} n n {304 236} {296 244} {294 246} {291 249} {301 239} n {299 241} {301 239} n {292 248} {287 253} {306 234} {301 239} {301 239} {299 241} {301 239} {301 239} {306 234} {288 252} {303 237} {301 239} {299 241} {299 241} {301 239} {299 241} {301 239} {301 239} {294 246} {301 239} {305 235} {305 235} {299 241} {301 239} {294 246} {299 241} {299 241} {294 246} {301 239} {309 231} {299 241} {299 241} {304 236} {296 244} {301 239} {301 239} {307 233} {297 243} {303 237} {309 231} {299 241} {309 231} {303 237} {299 241} {305 235} n {307 233} n {306 234} {305 235} {296 244} {299 241} {299 241} {295 245} {301 239} {299 241} {299 241} {303 237} {294 246} {301 239} {307 233} {299 241} {292 248} {296 244} {294 246} {35 145} n {307 233} {299 241} {303 237} {301 239} {45 135} {303 237} {297 243} {35 145} {295 245} n {296 244} {301 239} {303 237} n {299 241} n n n

55.9: Count:  11.7 (  1.3) A:  12.8 [11-32] B:  19.1 [11-91] Phase: 100% 271 (15.7) Direction:  {301 239}
Phase: {1187,763,849,859,929,916,816,922,956,941,801,874,741,973,936,943,829,967,1081,816,925,951,970,982,954,984,825,1152,1014,1053,1145,1083,1015,989,1141,1175,1173,1320,1264,1239,1278,1312,1456,1423,1282,1607,1341,1480,1559,1438,1452,1589,1587,1612,1627,1746,1813,1471,1730,1784,1657,1648,1694,1904,1415,1614,1599,1714,1701,1641,1598,1408,1680,1506,1560,1674,1571,1631,1314,1470,1599,1560,1507,1397,1457,1529,1416,1315,1352,1192,1974,1080,1292,1231,1346,1239,1120,1179,1148,1073,1118,1061,899,1070,939,888,825,781,917,711,725,698,819,694,711,697,590,699,678,556,629,618,554,559,576,555,529,533,488,555,514,514,523,469,413,625,450,451,522,461,452,433,463,440,459,435,437,386,401,422,407,428,403,453,359,370,384,392,366,371,374,289,402,320,328,378,402,388,282,282,306,333,315,275,289,312,325,242,281,201,366,209,255,276,321,257,265,212,288,189,231,221,178,213,240,224,188,208,274,166,174,183,248,223,230,238,210,277,223,206,273,236,278,206,287,324,322,288,361,304,334,456,396,458,429,667,474,509,723,727,714,758,1049,1002,1050,1408,1487,1321,1671,1908,2294,2062,2515,3682,2364,3044,3527,3999,4647,4274,5047,4070,6598,5844,5793,7398,7652,7672,6248,8198,9204,9755,8840,9436,8715,11117,11913,9795,9168,8427,19166,8433,9158,10323,12225,11421,9275,9992,9661,10523,10071,9131,7133,8829,8317,8349,6497,6597,7422,4643,5892,4991,5345,4732,4182,3935,2997,4281,3246,2632,2976,2729,2439,1794,2146,1948,1615,1658,1628,1467,1289,1409,1407,1212,992,1432,946,997,1056,1055,869,933,986,900,903,938,885,712,821,809,832,768,802,931,657,803,850,791,827,664,793,644,880,803,755,845,712,773,719,803,810,868,830,827,744,825,839,801,818,721}
Count:  13.3  12.5  13.1  13.0  12.5  12.5  12.7  13.0  13.1  13.3  13.0  12.6  12.6  12.6  12.7  11.7  12.9  12.8  12.4  11.6  12.5  12.5  11.8  11.7  11.5  11.5  11.3  11.8  12.0  12.0  11.7  11.9  11.8  11.4  11.2  11.5  10.5   9.4   9.6  10.3   9.7   8.9   8.6   9.0   8.8   8.7  12.8  14.0  13.5  12.6  13.3  13.6  13.2  12.8  12.4  12.1  13.3  13.1  12.2  12.3  11.9  12.6  11.8  12.2  11.7  12.2  12.6  12.2  11.7  11.4  11.3  11.4  11.7  12.0  12.3  11.2  11.0  11.3  11.7  10.0   9.8   9.5   9.4   8.8   8.7   9.3  10.1   9.2  10.2  13.4  12.6  12.6  12.7  13.0  12.0  11.6  12.5  12.7  12.1  11.8  12.5  12.2  12.1  12.6  12.3  11.9  11.5  11.9  12.2  11.1  11.3  11.7  11.8  11.3  10.9  11.3  11.7  11.1  11.1  12.1  12.0  11.4   9.8   9.4   9.6   9.5   9.4   9.6   9.3   9.5   9.6  10.9  13.0  13.1  12.4  12.4  13.3  13.3  13.7  13.2  12.3  11.9  12.0  12.2  12.7  12.9  12.2  12.0  12.5  12.3  12.0  11.8  11.7  12.1  11.4  12.3  11.8  11.4  10.8  11.0  11.2  11.2  11.0  11.5  11.3   9.4   9.5  10.3  10.1  10.2  10.4  10.1  10.1  10.2  10.3  10.2   9.3   9.4   9.2  12.6  13.1  13.0  13.5  13.7  12.8  12.1  12.8  13.0  13.9  13.3  12.2  12.7  13.0  12.1  11.9  11.7  11.9  12.1  11.9  11.2 
Direction:  {301 239} {301 239} {303 237} {304 236} {305 235} {301 239} {293 247} {299 241} {305 235} {307 233} {299 241} {301 239} {299 241} {305 235} {299 241} {301 239} {301 239} {301 239} {299 241} {299 241} {301 239} {301 239} {306 234} {299 241} {304 236} {295 245} {300 240} {294 246} {304 236} {307 233} {301 239} {303 237} {301 239} {301 239} {299 241} {301 239} {300 240} {301 239} {301 239} {299 241} {299 241} {301 239} {301 239} {301 239} {295 245} {303 237} {299 241} {299 241} {305 235} {299 241} {304 236} {299 241} {299 241} {299 241} {305 235} {299 241} {304 236} {299 241} {303 237} {299 241} {301 239} {303 237} {299 241} {299 241} {301 239} {303 237} {299 241} {295 245} {301 239} {304 236} {304 236} {299 241} {302 238} {299 241} {299 241} {294 246} {301 239} {303 237} {303 237} {301 239} {301 239} {294 246} {299 241} {301 239} {305 235} {296 244} {301 239} {303 237} {305 235} {307 233} {291 249} {301 239} {306 234} {295 245} {299 241} {299 241} {307 233} {302 238} {301 239} {294 246} {299 241} {305 235} {301 239} {295 245} {301 239} {304 236} {299 241} {299 241} {305 235} {301 239} {303 237} {305 235} {301 239} {305 235} {299 241} {301 239} {301 239} {301 239} {301 239} {299 241} {306 234} {301 239} {299 241} {301 239} {301 239} {294 246} {304 236} {307 233} {294 246} {299 241} {301 239} {296 244} {296 244} {307 233} {306 234} {301 239} {299 241} {299 241} {303 237} {301 239} {294 246} {306 234} {301 239} {301 239} {301 239} {299 241} {301 239} {299 241} {299 241} {295 245} {306 234} {301 239} {299 241} {307 233} {301 239} {305 235} {293 247} {301 239} {301 239} {301 239} {296 244} {305 235} {301 239} {299 241} {299 241} {294 246} {299 241} {303 237} {299 241} {294 246} {299 241} {301 239} {301 239} {299 241} {294 246} {299 241} {301 239} {299 241} {309 231} {299 241} {294 246} {303 237} {306 234} {303 237} {299 241} {309 231} {299 241} {296 244} {293 247} {299 241} {303 237} {301 239} {299 241} {309 231} {299 241} {301 239} {299 241} {304 236} {300 240} {301 239}

56.0: Count:   9.7 (  1.4) A:  12.8 [11-36] B:  18.9 [11-84] Phase: 100% 276 (21.5) Direction:  {306 234}
Phase: {1477,913,1037,1002,1180,1121,1104,1161,1093,1172,1216,1085,1078,1246,1219,1235,1057,1235,1356,1141,1238,1250,1255,1317,1207,1319,1132,1516,1252,1278,1313,1378,1363,1259,1452,1490,1511,1294,1564,1513,1425,1540,1422,1400,1274,1772,1348,1498,1551,1494,1413,1489,1502,1329,1479,1500,1480,1223,1452,1441,1430,1381,1463,1708,1226,1337,1361,1364,1441,1390,1411,1104,1474,1307,1185,1464,1231,1382,1148,1203,1321,1266,1199,1195,1184,1262,1201,1165,1178,943,1761,960,1126,1016,1088,1110,998,1083,951,1072,980,868,871,1039,950,958,816,875,979,734,767,851,873,847,759,788,572,908,791,676,730,688,735,645,579,626,604,670,703,604,608,582,604,572,539,701,519,543,620,552,543,524,522,463,513,494,495,320,473,456,468,382,443,492,314,387,376,406,363,365,329,276,337,366,310,297,289,318,237,296,270,273,274,285,224,271,263,227,211,185,364,183,205,189,232,254,179,217,172,205,165,185,134,193,159,195,123,157,231,143,189,184,203,173,187,142,154,213,194,202,214,259,227,198,295,331,276,309,368,353,327,490,488,442,435,687,574,649,893,961,817,966,1148,1188,1188,1689,1669,1207,1791,2023,2162,1852,2348,3074,2125,2612,2879,3072,3704,3078,3654,2677,4485,3842,3407,4848,4516,4524,3499,4594,5195,5378,4471,5060,4455,6147,6199,5279,4736,4387,11050,4666,5272,5771,7130,7261,5769,6439,6048,7479,7262,6356,5211,6602,6444,7075,5852,5924,7059,4377,5775,4904,5642,4978,4595,4318,3191,4906,3717,3156,3488,3220,3081,2055,2628,2602,1979,1957,2099,1880,1557,1748,1669,1344,1194,1614,1035,1168,1161,1279,1011,1019,1072,1019,923,954,924,780,1038,931,948,822,911,1042,734,945,826,894,901,861,875,720,1035,890,845,942,964,924,864,917,932,986,918,912,898,994,1052,1050,984,932}
Count:  11.1  10.8  11.0  10.8  11.0  10.6  10.5  10.7  11.0  11.1  10.9  10.4  10.6  10.7  10.6   9.8  10.8  11.1  10.6  10.1  10.6  10.2  10.1   9.9   9.6   9.5   9.4  10.1  10.5  10.5   9.8  10.1   9.9   9.8   9.5   9.9   8.2   7.0   6.9   7.8   7.2   6.6   6.4   6.6   6.6   6.7  10.9  11.5  11.0  10.7  10.7  11.5  11.2  11.0  10.4  10.6  11.0  11.0  10.7  10.5  10.4  10.4   9.9  10.5  10.0  10.3  10.8  10.7   9.8   9.6  10.0  10.0   9.6  10.4  10.7   9.4   9.4   9.5   9.7   7.8   7.4   6.9   7.1   6.3   6.2   6.7   7.6   7.4   8.1  11.1  10.8  10.7  10.2  11.0  10.2  10.0  10.2  10.8  10.3  10.0  10.7  10.3  10.0  10.5  10.5  10.1   9.9  10.1  10.2   9.6   9.2  10.1  10.1   9.6   9.3   9.8   9.9   9.8   9.3  10.8  10.3   9.6   7.4   7.2   7.1   7.1   7.4   7.3   6.8   7.4   7.2   8.9  11.1  10.7  10.6  10.3  11.2  11.5  11.0  11.4  10.3  10.0  10.2  10.2  10.7  11.1  10.8  10.3  10.6  10.4  10.0  10.3   9.9  10.4  10.2   9.7   9.9   9.9   9.1   9.0   9.6   9.4   9.6  10.0   9.3   6.8   7.4   8.0   8.1   7.8   7.7   7.9   8.0   7.9   8.1   8.0   7.5   7.1   7.3  10.4  10.5  10.9  11.1  11.2  11.0  10.5  10.8  10.7  11.4  11.0  10.1  10.8  11.1  10.5  10.0  10.1  10.4   9.9  10.0  10.2 
Direction:  {315 225} {313 227} {305 235} {305 235} {317 223} {307 233} {310 230} {301 239} {310 230} {306 234} {299 241} {309 231} {308 232} {314 226} {313 227} {301 239} {314 226} {314 226} {310 230} {315 225} {309 231} {309 231} {317 223} {303 237} {309 231} {308 232} {302 238} {299 241} {308 232} {310 230} {299 241} {314 226} {310 230} {306 234} {306 234} {305 235} {306 234} {310 230} {308 232} {310 230} {310 230} {310 230} {314 226} {304 236} {310 230} {304 236} {313 227} {309 231} {301 239} {299 241} {305 235} {301 239} {308 232} {307 233} {301 239} {301 239} {299 241} {314 226} {308 232} {305 235} {302 238} {306 234} {310 230} {310 230} {301 239} {304 236} {313 227} {303 237} {299 241} {304 236} {309 231} {310 230} {310 230} {305 235} {309 231} {309 231} {299 241} {315 225} {301 239} {298 242} {309 231} {315 225} {301 239} {315 225} {313 227} {308 232} {299 241} {308 232} {308 232} {313 227} {301 239} {308 232} {313 227} {315 225} {306 234} {314 226} {301 239} {306 234} {316 224} {309 231} {315 225} {314 226} {308 232} {295 245} {301 239} {306 234} {310 230} {301 239} {299 241} {310 230} {312 228} {303 237} {307 233} {313 227} {314 226} {313 227} {308 232} {314 226} {301 239} {301 239} {304 236} {312 228} {299 241} {301 239} {315 225} {304 236} {313 227} {315 225} {301 239} {307 233} {301 239} {301 239} {305 235} {306 234} {310 230} {309 231} {299 241} {301 239} {306 234} {310 230} {312 228} {309 231} {310 230} {301 239} {310 230} {309 231} {309 231} {313 227} {308 232} {306 234} {308 232} {312 228} {301 239} {301 239} {301 239} {308 232} {314 226} {305 235} {301 239} {309 231} {310 230} {310 230} {310 230} {308 232} {305 235} {314 226} {304 236} {307 233} {315 225} {312 228} {314 226} {313 227} {313 227} {314 226} {307 233} {301 239} {309 231} {315 225} {301 239} {307 233} {303 237} {312 228} {310 230} {303 237} {304 236} {315 225} {303 237} {310 230} {306 234} {301 239} {313 227} {308 232} {301 239} {310 230} {301 239} {317 223} {313 227} {308 232} {309 231} {308 232}

