54.0: Count:  13.3 (  4.0) A:  14.2 [10-52] B:  26.3 [10-124] Phase: 92% 142 (27.3) Direction:  {47 133}  15% 208 (19.4) Direction:  {308 232}
Phase: {1258,385,388,408,438,441,409,318,327,332,362,345,238,291,270,278,278,300,289,201,284,243,277,243,321,231,201,328,283,286,238,275,266,222,300,300,307,333,341,324,318,364,348,336,337,431,341,354,417,441,385,459,435,452,431,480,499,466,552,507,590,567,613,677,497,658,696,689,770,775,778,708,920,960,835,1057,989,1020,957,1095,1151,1263,1208,1311,1353,1361,1436,1451,1508,1371,2223,1542,1686,1757,1954,1944,2033,2055,2108,2186,2243,2465,2152,2673,2530,2655,2659,2915,3097,2701,3089,3173,3343,3415,3597,3706,3317,4348,4012,4153,4162,4450,4633,4404,4877,4864,5066,5346,5459,5772,5610,6110,6106,6322,6025,7090,6454,6815,6848,7079,6931,7182,7073,7261,7053,7182,7029,6571,6991,6818,6462,6706,6482,6880,5626,5981,6078,5672,5794,5462,5183,4542,5263,5001,4559,4661,4377,4567,3875,4152,4040,3921,3692,3626,3573,3397,3497,3195,3121,2699,4018,2505,2851,2659,2740,2560,2557,2406,2365,2416,2354,2280,1944,2112,2061,2083,1810,2017,1926,1599,1710,1569,1624,1488,1575,1399,1167,1514,1372,1240,1225,1230,1195,968,1094,1071,1020,987,926,925,829,899,822,799,675,893,621,667,697,647,560,632,591,617,556,583,538,495,557,489,444,482,442,525,368,427,493,378,438,422,375,331,419,401,299,378,348,388,302,409,393,361,309,371,431,421,389,343,325,328,910,341,332,435,506,662,603,489,606,685,783,900,641,799,855,1059,873,1276,1361,901,1447,1403,1636,1657,2151,1752,1361,2698,2372,2613,2474,2695,3010,2232,3265,3443,2900,3740,3489,4017,3158,3784,4364,3482,3357,5778,3272,3597,4704,4162,3526,4467,4094,4506,3414,4181,4196,2843,3780,3728,3407,3456,3172,3958,1967,2711,3263,2545,2606,2194,2269,1584,2202,2166,1484,1761,1517,1346,998,1494,1262,1113,916,758,939,934,868,587,494,395}
Count:   8.7   8.9  15.7  19.1  18.5  18.6  17.6  17.2  16.5  15.2  14.5  13.8   9.1   9.5   9.5   9.3   9.4   9.4   9.5   9.4   9.7  15.6  19.1  18.4  18.5  17.3  17.1  14.9  15.4  14.2  14.5   8.8   9.3   9.3   9.6   9.2   9.3   9.5   9.3   9.2   9.4   9.5   9.5   9.7  10.0  18.4  19.5  18.7  18.9  17.9  17.9  17.3  16.4  15.7  13.2   9.7   9.5   9.7   9.5   9.7   9.4  10.0   9.6  10.1  18.2  19.5  18.8  18.2  17.8  17.0  15.9  15.8  14.3  12.9   9.5   9.9   9.7   9.6   9.4   9.5   9.6   9.8   9.6   9.6   9.4   9.4   9.8   9.9  20.4  19.6  19.0  18.4  18.0  18.2  17.1  17.0  16.2  12.0   9.8   9.5   9.9   9.4   9.9   9.6   9.6   9.4  10.2  20.1  19.5  18.5  18.3  17.5  17.4  15.7  15.5  14.0  11.8   9.6   9.5   9.6   9.8   9.8   9.7   9.5   9.6   9.8  20.3  19.2  18.5  18.1  17.3  16.3  15.7  15.1  14.1  11.9   9.4   9.5   9.8  10.1  17.6  18.4  17.1  16.0  14.9   9.7   9.6   9.5   9.5  13.4  18.6  17.7  16.7  16.4  11.9   9.4   9.6   9.6   9.7   9.6   9.8   9.7   9.6   9.5  10.0   9.8   9.6   9.4  12.9  20.3  19.4  18.8  19.0  18.1  17.8  17.3  16.6  15.4  11.3   9.4   9.6   9.6   9.6   9.6   9.8   9.7   9.5  12.8  20.1  18.8  18.9  18.0  17.4  17.0  15.9  15.1  14.5  11.0   9.8   9.8 
B: 19.2 19.5 29.9 31.0 30.4 30.6 29.3 28.9 27.3 25.9 24.4 24.0 21.1 20.7 21.4 21.0 21.1 21.0 21.0 21.0 21.5 30.5 31.3 30.4 30.5 29.0 28.2 26.6 25.5 23.8 24.2 20.7 21.2 21.4 21.5 21.0 21.1 21.4 21.4 21.1 21.4 21.5 21.4 21.2 21.3 31.8 31.8 30.9 31.3 30.3 30.1 28.9 27.6 26.3 24.9 21.6 21.3 21.5 21.2 21.2 21.3 21.5 21.3 21.5 32.2 32.0 30.5 30.2 29.6 28.7 27.5 26.2 24.5 23.4 21.3 21.7 21.2 21.0 21.3 21.3 21.4 21.4 21.5 21.5 21.5 21.5 21.5 22.1 32.3 32.2 31.3 30.9 30.3 30.1 28.8 28.4 26.9 24.0 21.4 21.3 21.6 21.4 21.3 21.2 21.4 21.3 21.8 32.8 32.1 30.6 31.2 29.4 29.0 27.1 26.3 24.2 23.1 21.5 21.2 21.2 21.2 21.2 21.4 21.3 21.4 21.4 33.5 31.1 30.8 29.8 29.0 27.8 26.6 25.1 23.4 23.2 21.2 21.4 21.3 21.4 31.0 30.7 29.0 27.2 25.9 20.9 21.4 21.1 21.0 26.9 31.0 30.1 28.4 26.8 24.1 21.3 21.5 21.3 21.1 21.3 21.3 21.3 21.7 21.1 21.3 21.2 21.7 21.2 26.4 32.5 31.7 31.1 31.0 30.8 29.9 28.5 27.6 26.5 23.2 21.3 21.5 21.4 21.3 21.4 21.3 21.7 21.5 26.8 32.5 31.4 30.9 30.1 29.4 28.8 26.9 25.4 24.5 22.1 21.5 21.5 
Direction:  {349 191} {347 193} {47 133} {46 134} {49 131} {46 134} {46 134} {52 128} {49 131} {47 133} {44 136} {46 134} {349 191} {347 193} {348 192} {347 193} {345 195} {348 192} {347 193} {347 193} {347 193} {48 132} {47 133} {47 133} {48 132} {48 132} {46 134} {45 135} {48 132} {45 135} {45 135} {347 193} {345 195} {349 191} {346 194} {346 194} {349 191} {348 192} {347 193} {346 194} {347 193} {346 194} {348 192} {349 191} {346 194} {48 132} {47 133} {47 133} {47 133} {48 132} {45 135} {48 132} {49 131} {47 133} {48 132} {349 191} {346 194} {347 193} {348 192} {347 193} {346 194} {347 193} {348 192} {348 192} {49 131} {46 134} {47 133} {49 131} {49 131} {47 133} {45 135} {51 129} {51 129} {45 135} {346 194} {347 193} {348 192} {349 191} {346 194} {346 194} {349 191} {349 191} {347 193} {348 192} {347 193} {348 192} {350 190} {350 190} {48 132} {46 134} {45 135} {44 136} {49 131} {49 131} {45 135} {50 130} {49 131} {48 132} {349 191} {347 193} {347 193} {347 193} {346 194} {348 192} {349 191} {346 194} {349 191} {48 132} {48 132} {46 134} {47 133} {49 131} {46 134} {45 135} {50 130} {42 138} {47 133} {347 193} {349 191} {350 190} {347 193} {349 191} {348 192} {346 194} {347 193} {346 194} {47 133} {45 135} {47 133} {46 134} {48 132} {47 133} {47 133} {46 134} {46 134} {48 132} {347 193} {348 192} {349 191} {347 193} {50 130} {45 135} {46 134} {45 135} {46 134} {348 192} {349 191} {347 193} {348 192} {45 135} {47 133} {48 132} {48 132} {48 132} {46 134} {347 193} {349 191} {346 194} {349 191} {349 191} {347 193} {348 192} {348 192} {347 193} {344 196} {350 190} n {346 194} {47 133} {47 133} {49 131} {46 134} {48 132} {46 134} {47 133} {50 130} {49 131} {44 136} {347 193} {346 194} {345 195} {347 193} {350 190} {346 194} {347 193} {347 193} {350 190} {45 135} {48 132} {47 133} {47 133} {48 132} {49 131} {45 135} {46 134} {48 132} {50 130} {346 194} {352 188} {347 193}

54.1: Count:  15.1 (  3.9) A:  14.1 [10-54] B:  24.2 [10-127] Phase: 100% 143 (37.0) Direction:  {47 133}  84% 318 (19.3) Direction:  {347 193}  14% 345 (18.5) Direction:  {355 185}
Phase: {2304,633,607,685,736,833,738,605,571,507,618,643,391,481,444,467,379,489,496,375,463,383,453,401,496,373,358,514,464,490,448,457,518,381,494,472,463,473,526,501,492,520,553,528,521,780,519,643,669,670,618,749,694,799,720,801,815,743,881,810,935,946,922,1088,790,965,1170,1075,1101,1118,1097,1049,1327,1407,1243,1317,1345,1431,1286,1489,1606,1610,1647,1614,1708,1773,1858,1831,1905,1699,2869,2002,2124,2107,2391,2442,2535,2566,2585,2682,2775,2980,2622,3130,3117,3242,3107,3578,3894,3251,3733,3977,4148,4036,4354,4372,3940,4799,4727,4715,4778,5146,5303,4854,5332,5464,5314,5418,5549,5756,5318,5676,5665,5859,5196,6455,5191,5773,5656,5692,5457,5790,5703,5775,5742,5711,5819,5313,5759,5796,5722,5770,5846,6154,5103,5538,5747,5553,5558,5328,5313,4854,5465,5259,4875,5001,4783,4670,4174,4551,4468,4337,4158,4001,3856,3891,3785,3448,3540,2957,4710,2850,3168,2934,3117,2831,2974,2661,2571,2547,2510,2529,2169,2400,2142,2242,1966,2142,2120,1703,1817,1868,1878,1747,1726,1572,1323,1679,1498,1520,1388,1440,1380,1217,1322,1261,1184,1232,1118,1141,941,1027,1099,1000,874,1201,854,913,965,886,823,838,825,851,756,827,792,621,725,741,681,682,666,749,498,551,645,587,579,526,600,505,534,558,503,499,449,488,437,513,503,504,459,460,500,567,504,460,440,422,1162,430,466,537,701,831,831,676,704,830,1069,1157,745,934,1153,1389,1127,1746,1499,1110,1742,1673,2213,1824,2778,1952,1615,3300,2626,3155,2839,3241,3676,2512,4055,4089,3243,4610,4047,4669,3628,4933,5227,4323,4343,7210,4464,4518,5986,5483,4374,5819,5321,6026,4587,5540,5627,3623,5219,5076,4555,4975,4487,5679,2785,3599,4968,3521,4163,3410,3519,2149,3228,3454,2168,2953,2446,2015,1499,2518,2260,1780,1426,1378,1679,1715,1339,964,796,704}
Count:  10.2  10.6  17.6  21.3  20.2  20.2  18.9  18.9  18.1  17.2  16.1  15.2  11.3  11.3  11.9  11.2  11.1  11.1  11.6  11.2  11.2  17.6  20.7  20.1  20.4  18.7  18.9  16.5  17.1  15.6  15.8  10.4  11.2  11.3  11.2  10.9  11.5  11.6  11.4  11.1  11.6  11.2  11.3  11.6  11.4  19.9  21.4  20.5  20.5  19.6  19.4  18.5  18.6  17.1  14.6  11.5  11.8  11.5  11.1  11.6  11.0  11.9  11.6  12.2  20.1  21.3  20.8  20.3  19.4  18.3  17.7  16.9  15.6  14.4  11.6  11.9  11.0  11.8  11.4  11.6  11.9  11.6  11.8  11.7  11.5  11.5  11.7  11.9  21.7  21.7  20.8  20.8  20.2  19.6  19.0  18.7  17.8  14.1  11.3  11.3  11.9  11.2  11.8  11.9  11.9  11.5  12.4  22.0  21.2  20.7  20.5  19.4  19.5  17.2  17.1  15.6  13.3  11.6  11.8  11.3  12.2  11.9  11.5  11.0  11.7  11.7  22.7  21.2  20.1  19.1  19.2  17.8  17.9  16.9  15.6  13.6  11.3  12.0  11.5  12.4  19.4  19.9  18.9  17.4  16.2  11.7  11.7  11.6  11.1  15.1  20.6  19.1  18.2  17.9  13.5  11.5  11.6  11.6  11.7  12.2  11.7  11.7  11.5  11.7  12.2  11.9  11.5  11.2  14.4  21.9  21.1  20.7  20.5  20.1  19.4  19.2  18.3  17.2  12.6  11.4  11.8  11.3  11.7  11.1  11.9  11.6  11.6  14.9  22.5  20.9  20.7  20.1  19.0  19.1  17.5  16.8  16.5  13.0  11.6  12.1 
B: 18.0 18.4 27.6 28.8 28.3 28.8 27.3 27.1 25.0 24.0 22.5 22.2 19.5 19.4 19.4 19.2 19.6 19.4 19.4 19.4 19.8 28.6 29.1 28.6 28.5 27.1 26.0 24.7 23.4 22.0 21.9 19.3 19.8 19.3 19.8 19.3 19.5 19.5 19.8 19.4 19.7 19.3 20.0 19.6 19.8 30.1 29.7 28.6 29.4 28.3 28.2 26.8 25.6 24.2 23.0 19.7 19.5 19.8 19.4 20.0 19.6 19.7 19.6 19.7 30.2 29.5 28.7 28.6 27.6 27.0 25.4 24.4 22.2 21.4 19.6 19.8 19.6 19.8 19.6 19.7 19.5 19.6 19.7 19.7 19.6 19.8 19.4 20.3 30.5 30.0 28.8 28.7 28.0 28.1 26.7 26.2 24.8 21.9 19.8 19.4 19.7 19.6 19.8 19.4 19.6 19.6 20.3 31.2 29.9 28.5 28.5 27.8 26.8 25.3 24.1 21.9 21.4 19.8 19.7 19.6 19.8 19.7 19.6 19.9 19.9 19.9 31.2 29.0 28.8 27.7 27.1 25.8 24.3 22.8 21.6 21.1 19.3 19.8 19.5 19.8 29.2 28.5 27.0 24.8 23.9 19.7 19.5 19.6 19.5 25.0 28.8 28.2 26.5 25.0 21.9 19.8 19.7 19.6 19.4 19.4 19.7 19.3 19.7 19.8 19.7 19.6 19.8 19.4 24.7 30.5 29.6 29.0 28.8 28.8 27.9 26.7 25.7 24.7 21.4 19.5 19.9 19.8 19.6 19.6 19.5 20.1 19.6 25.2 30.3 29.3 29.1 27.7 27.4 26.5 24.8 23.2 22.4 20.3 19.3 19.7 
Direction:  {349 191} {348 192} {43 137} {51 129} {43 137} {45 135} {51 129} {44 136} {44 136} {52 128} {43 137} {38 142} {349 191} {347 193} {347 193} {348 192} {349 191} {349 191} {349 191} {350 190} {348 192} {45 135} {51 129} {56 124} {43 137} {47 133} {48 132} {51 129} {45 135} {51 129} {53 127} {348 192} {348 192} {349 191} {349 191} {350 190} {347 193} {349 191} {347 193} {349 191} {350 190} {346 194} {347 193} {349 191} {347 193} {42 138} {48 132} {47 133} {42 138} {47 133} {44 136} {51 129} {43 137} {55 125} {43 137} {347 193} {348 192} {349 191} {347 193} {349 191} {347 193} {348 192} {348 192} {346 194} {42 138} {43 137} {52 128} {44 136} {52 128} {47 133} {43 137} {47 133} {51 129} {40 140} {347 193} {346 194} {347 193} {349 191} {349 191} {348 192} {349 191} {347 193} {349 191} {347 193} {346 194} {347 193} {350 190} {349 191} {50 130} {46 134} {47 133} {48 132} {43 137} {46 134} {43 137} {41 139} {50 130} {347 193} {349 191} {348 192} {349 191} {346 194} {349 191} {348 192} {349 191} {347 193} {349 191} {44 136} {44 136} {44 136} {49 131} {51 129} {47 133} {47 133} {44 136} {46 134} {349 191} {351 189} {349 191} {348 192} {347 193} {348 192} {351 189} {351 189} {350 190} {349 191} {51 129} {47 133} {43 137} {45 135} {41 139} {51 129} {50 130} {41 139} {40 140} {349 191} {348 192} {347 193} {349 191} {349 191} {47 133} {43 137} {40 140} {49 131} {56 124} {350 190} {352 188} {348 192} {346 194} {40 140} {53 127} {44 136} {45 135} {39 141} {349 191} {349 191} {348 192} {349 191} {346 194} {349 191} {348 192} {349 191} {347 193} {348 192} {348 192} {347 193} {349 191} {349 191} {351 189} {43 137} {46 134} {48 132} {43 137} {41 139} {50 130} {44 136} {42 138} {52 128} {349 191} {347 193} {349 191} {347 193} {350 190} {348 192} {349 191} {350 190} {348 192} {51 129} {50 130} {51 129} {42 138} {52 128} {48 132} {51 129} {51 129} {47 133} {53 127} {349 191} {345 195} {348 192}

54.2: Count:  13.0 (  4.0) A:  14.1 [10-59] B:  25.0 [10-133] Phase: 99% 141 (41.1) Direction:  {46 134}  50% 326 (22.7) Direction:  {350 190}
Phase: {2754,549,582,636,727,1001,831,664,505,498,655,700,393,417,456,545,422,506,484,320,422,418,484,342,500,396,353,475,430,505,447,430,464,336,471,503,506,552,539,506,478,582,650,596,524,868,581,719,757,764,707,790,745,844,868,976,961,889,1069,1019,1014,1114,1159,1299,981,1128,1355,1228,1363,1304,1509,1218,1592,1595,1498,1658,1662,1774,1501,1839,1823,1841,1902,1973,2039,2092,2234,2055,2248,2041,3339,2012,2536,2442,2855,2681,2885,2774,2855,3007,3118,3251,2975,3364,3409,3443,3414,3826,3979,3419,3952,4007,4161,4150,4414,4277,3921,4912,4572,4516,4693,4869,4934,4482,4974,5163,4970,5198,5238,5159,5060,5359,5147,5279,4747,5891,4894,5438,5423,5583,5247,5377,5424,5395,5379,5285,5322,4853,5613,5145,5117,5352,5315,5643,4445,5237,5272,5107,5054,4811,4910,4408,5154,4746,4428,4681,4528,4652,4016,4395,4316,4181,3938,3941,3949,3702,3646,3430,3357,3008,4559,2858,3163,2910,2989,2934,2853,2642,2646,2752,2543,2556,2135,2316,2269,2267,1938,2265,2268,1737,1897,1852,1860,1804,1943,1592,1328,1847,1595,1467,1447,1466,1510,1226,1333,1334,1246,1288,1204,1177,1076,1133,1071,1086,863,1194,810,906,893,910,785,844,814,853,661,716,695,570,765,688,596,602,552,624,385,453,560,508,540,516,418,361,482,533,376,424,441,402,310,474,454,345,329,402,483,481,384,351,308,309,1040,287,341,353,505,685,655,480,429,514,817,965,467,564,634,981,706,1181,869,613,1015,895,1347,904,1783,838,708,1752,1420,1661,1329,1529,1737,995,1948,1894,1397,2468,1764,2330,1495,2298,2335,1783,2015,3515,2083,2006,2618,2692,1770,2901,2348,3280,2023,2765,2997,1449,2662,2609,2408,3079,2545,3430,1486,1835,3611,2044,2946,2192,2258,1460,2105,2740,1688,2378,1760,1366,1257,2358,2086,1407,1075,1209,1711,1771,1126,882,737,647}
Count:   8.1   8.6  15.5  19.5  18.5  18.0  16.5  17.3  16.1  15.1  13.7  13.0   9.3   8.8   9.3   8.7   9.0   8.9   9.1   8.8   9.1  15.6  19.2  18.1  18.6  17.2  16.6  14.7  14.7  13.3  13.6   8.6   9.1   8.8   9.2   8.5   9.3   9.3   9.5   8.8   9.1   9.1   9.1   8.9   9.2  17.7  19.3  18.3  18.6  17.6  17.6  16.4  16.1  15.1  12.3   9.3   9.4   9.3   8.8   9.5   9.0   9.8   9.8  10.0  18.4  19.7  19.0  18.6  17.9  16.4  15.6  14.7  13.4  11.8   9.3   9.8   9.0   9.2   9.2   9.6   9.6   9.9   9.4   9.5   9.2   9.1   9.4  10.0  20.0  19.8  18.8  19.3  18.5  18.0  16.8  16.9  15.3  11.8   8.9   9.4   9.5   9.5   9.4   9.8   9.5   9.0  10.3  19.9  19.2  18.3  19.0  17.5  17.7  15.2  14.9  13.5  11.0   9.2   9.4   8.8  10.1   9.8   9.3   8.8   9.4   9.6  21.5  18.9  18.2  17.2  17.6  16.0  15.9  14.3  14.0  11.2   9.4  10.0   9.6   9.7  17.8  17.9  17.0  15.5  14.3   9.4   9.4   9.3   9.1  13.4  19.2  17.6  16.4  16.0  11.1   9.1   9.1   9.5   9.5   9.5   9.4   9.6   9.7   9.1  10.0   9.8   9.2   9.3  12.9  20.1  19.1  19.2  18.5  18.1  17.1  16.9  15.9  15.1  10.1   9.1   9.5   9.1   9.3   9.0   9.8   9.4   9.3  13.0  20.8  19.2  18.6  18.4  17.2  16.8  15.5  14.4  13.6  10.6   9.6   9.5 
B: 18.7 19.1 29.1 29.3 29.1 29.5 28.1 27.0 25.3 24.5 22.4 22.2 19.6 20.0 19.8 19.7 20.1 20.0 20.1 20.0 20.1 30.1 29.3 29.4 28.9 27.9 26.4 25.2 23.7 22.0 21.7 19.8 20.4 20.3 20.5 20.4 20.0 19.6 20.1 20.1 20.3 20.1 20.2 20.2 20.5 31.5 30.4 30.0 30.2 29.1 29.0 27.5 26.4 24.1 23.1 20.4 20.2 20.1 20.3 20.1 19.9 20.1 19.9 20.0 31.2 29.4 29.6 29.0 28.1 27.3 26.6 25.0 22.9 21.4 19.6 20.1 20.2 20.4 20.0 20.2 19.2 19.9 20.3 20.2 20.0 20.5 20.0 21.2 31.3 30.4 29.5 29.3 28.6 28.9 27.3 26.9 24.8 22.0 20.2 19.7 19.8 19.7 20.3 19.6 20.1 20.0 20.9 32.5 30.5 29.3 28.9 28.8 27.6 25.6 24.6 22.0 21.9 20.4 20.3 20.3 20.1 19.4 20.5 20.2 20.3 20.6 32.1 29.8 30.1 28.1 27.8 26.1 24.5 23.1 21.8 21.3 19.9 19.8 20.0 20.0 29.8 29.2 27.4 25.4 24.2 20.1 19.8 20.1 20.1 25.7 29.8 28.3 27.0 24.7 22.6 20.6 20.2 20.1 19.9 19.8 19.7 19.6 20.4 20.5 19.9 19.8 20.4 20.1 25.7 31.2 30.0 29.7 29.0 29.4 28.6 27.0 25.9 25.0 22.0 20.3 20.7 20.8 20.1 20.4 20.3 20.3 20.2 26.6 30.9 30.3 30.6 28.4 27.8 26.5 24.9 23.5 21.6 20.5 19.6 20.3 
Direction:  n n {46 134} {47 133} {46 134} {48 132} {44 136} {42 138} {44 136} {38 142} {41 139} {39 141} n n n n n n n n n {48 132} {52 128} {48 132} {55 125} {41 139} {45 135} {47 133} {38 142} {43 137} {46 134} n n n n n n n n n n n n n n {46 134} {53 127} {47 133} {46 134} {44 136} {47 133} {47 133} {46 134} {42 138} {42 138} n n n n n n n n n {47 133} {42 138} {47 133} {45 135} {44 136} {40 140} {47 133} {41 139} {48 132} {42 138} n n n n n n n n n n n n n n {46 134} {53 127} {41 139} {46 134} {53 127} {42 138} {50 130} {45 135} {45 135} {48 132} n n n n n n n n n {45 135} {43 137} {40 140} {50 130} {46 134} {49 131} {49 131} {45 135} {56 124} n n n n n n n n n n {49 131} {43 137} {51 129} {50 130} {42 138} {44 136} {45 135} {45 135} {40 140} {41 139} n n n n {47 133} {53 127} {45 135} {44 136} {47 133} n n n n {42 138} {44 136} {44 136} {49 131} {46 134} {44 136} n n n n n n n n n n n n n {52 128} {54 126} {40 140} {46 134} {52 128} {44 136} {46 134} {47 133} {50 130} {53 127} n n n n n n n n n {43 137} {47 133} {43 137} {43 137} {42 138} {49 131} {52 128} {40 140} {53 127} {53 127} n n n

54.3: Count:   8.8 (  4.2) A:  14.6 [10-54] B:  28.3 [10-116] Phase: 100% 141 (31.9) Direction:  {46 134}
Phase: {739,139,129,138,171,246,233,162,138,102,184,198,100,128,154,168,126,173,118,132,139,162,150,108,188,124,102,182,122,159,140,165,167,120,168,149,166,181,170,202,176,210,226,204,202,319,234,301,278,297,248,346,355,401,343,409,426,398,457,519,546,511,523,703,491,619,698,615,773,704,693,688,876,870,898,985,950,1051,908,1095,1129,1124,1182,1213,1413,1406,1391,1348,1479,1284,2415,1447,1667,1806,2014,1970,2189,2036,2154,2317,2464,2598,2248,2620,2660,2832,2714,3169,3448,2787,3312,3469,3531,3620,3987,3891,3576,4647,4344,4413,4571,4667,5052,4628,5073,5217,5373,5358,5401,5563,5194,5717,5505,5697,5007,6312,5096,5712,5644,5485,5426,5736,5524,5721,5481,5683,5657,4996,5703,5561,5454,5390,5589,6166,4594,5234,5429,5179,5083,4958,4889,4253,4854,4787,4294,4215,3984,4133,3436,3797,3542,3546,3323,3195,3062,2969,2878,2602,2628,2164,3391,1954,2170,2043,2103,2007,1955,1688,1656,1636,1593,1617,1203,1497,1287,1347,1172,1292,1247,890,1086,1007,985,985,1037,789,713,920,790,715,645,707,636,498,607,555,517,530,505,490,380,505,455,366,337,464,317,334,324,308,284,299,279,274,217,219,234,175,241,182,174,195,209,192,114,172,176,133,150,118,102,104,134,131,122,114,79,86,79,120,132,74,82,104,103,104,111,87,68,51,306,53,63,81,118,155,166,109,73,77,174,240,113,130,108,178,131,242,166,114,199,171,238,145,374,137,110,248,267,370,248,276,288,166,355,322,197,415,264,460,246,392,391,355,343,618,393,332,448,438,286,534,394,620,312,517,534,187,503,451,432,595,460,546,285,296,696,380,573,409,367,260,395,577,322,415,309,258,271,566,420,231,245,258,421,424,237,158,169,131}
Count:   4.5   4.7  11.7  15.6  14.6  14.4  13.1  13.1  11.4  11.2   9.1   8.4   4.6   4.8   4.8   4.9   4.6   4.8   4.6   4.6   4.6  12.3  14.8  14.7  13.9  13.4  12.2  11.0  10.3   8.5   8.5   4.6   4.5   4.6   5.1   4.6   4.7   4.6   5.3   4.9   4.9   5.0   4.7   4.5   4.8  14.6  15.7  14.7  14.7  13.5  13.3  12.6  12.3  10.8   8.3   4.8   5.0   4.9   5.0   4.9   5.1   5.2   4.9   5.4  14.4  15.5  15.2  14.3  13.8  12.5  12.3  10.7   9.1   7.7   4.7   4.9   4.9   4.9   4.8   5.1   4.9   5.4   4.9   5.1   4.7   5.0   4.8   6.0  16.3  15.6  15.1  15.2  13.7  13.9  13.1  12.6  11.2   7.1   4.6   4.7   5.0   4.9   5.0   4.8   4.9   4.5   5.7  16.3  15.4  14.5  14.4  13.5  12.9  11.4  11.0   9.0   6.6   4.9   5.1   4.8   5.2   4.9   5.0   4.9   5.0   5.3  17.0  14.7  14.3  13.2  12.9  12.0  11.5   9.7   9.2   6.2   4.9   5.2   4.9   4.9  13.9  13.5  13.3  11.3  10.2   4.7   4.8   5.2   4.9   8.6  15.1  13.5  12.8  11.4   6.8   4.8   4.9   5.0   5.2   5.2   5.0   5.3   4.8   4.8   5.0   5.2   5.1   5.2   8.4  16.5  15.4  15.4  14.5  14.3  12.9  13.2  11.9  11.1   5.9   4.9   5.1   4.9   5.2   4.8   5.1   4.9   4.9   8.7  16.7  15.2  14.8  14.0  13.5  12.5  11.6  10.0   8.9   5.7   5.0   5.1 
B: 20.9 20.8 33.0 32.2 31.5 32.2 30.9 30.5 28.2 26.8 24.0 23.5 22.4 22.0 22.3 22.6 22.5 22.5 22.6 22.6 22.5 33.8 32.5 32.1 31.7 30.6 28.8 27.8 25.4 23.4 22.6 22.3 23.3 22.9 23.0 22.5 22.2 22.3 22.5 23.1 22.6 22.5 22.3 22.5 22.9 34.6 33.1 32.6 32.6 31.5 32.8 29.7 29.2 26.0 25.9 22.7 22.5 22.6 22.6 22.3 22.2 22.0 22.3 21.9 33.7 32.6 32.9 31.7 30.9 30.0 28.6 26.0 24.4 23.0 22.3 22.4 22.4 22.5 22.2 21.9 22.2 22.5 22.3 22.0 22.5 23.0 21.8 24.2 34.2 33.3 32.2 32.4 31.7 31.8 30.4 29.6 26.8 24.6 22.5 22.3 22.2 22.4 22.1 22.2 22.2 22.3 23.4 35.4 32.9 32.8 31.7 31.7 30.1 27.8 25.8 24.0 23.9 22.6 22.5 22.9 22.6 21.8 22.2 22.6 22.8 23.5 36.2 32.9 33.2 31.4 31.0 28.7 27.2 24.5 23.4 22.7 22.5 22.3 22.6 22.3 34.2 32.1 29.7 27.2 26.3 22.7 22.4 22.7 22.2 30.1 33.0 31.4 29.3 26.7 25.0 22.9 22.7 22.3 22.3 22.3 22.3 22.0 22.5 22.5 21.8 22.0 22.7 22.3 30.2 33.8 33.1 32.4 32.3 31.7 31.4 30.1 27.9 27.0 24.1 22.7 22.9 22.8 22.6 22.5 22.2 22.6 22.6 32.4 33.4 32.2 32.9 30.9 30.9 29.6 27.8 26.1 23.3 22.9 22.5 22.8 
Direction:  n n {46 134} {52 128} {51 129} {43 137} {41 139} {49 131} {44 136} {53 127} {44 136} {36 144} n n n n n n n n n {44 136} {48 132} {52 128} {47 133} {42 138} {51 129} {42 138} {45 135} {53 127} {44 136} n n n n n n n n n n n n n n {52 128} {49 131} {51 129} {48 132} {41 139} {46 134} {50 130} {40 140} {45 135} {47 133} n n n n n n n n n {48 132} {41 139} {52 128} {46 134} {43 137} {51 129} {40 140} {47 133} {43 137} {49 131} n n n n n n n n n n n n n n {43 137} {46 134} {43 137} {44 136} {47 133} {44 136} {43 137} {44 136} {42 138} n n n n n n n n n n {49 131} {48 132} {49 131} {47 133} {42 138} {50 130} {43 137} {51 129} {48 132} n n n n n n n n n n {44 136} {42 138} {46 134} {51 129} {42 138} {48 132} {46 134} {41 139} {36 144} n n n n n {45 135} {45 135} {48 132} {49 131} {50 130} n n n n {42 138} {44 136} {47 133} {44 136} {47 133} {275 265 57 123} n n n n n n n n n n n n n {45 135} {50 130} {43 137} {40 140} {46 134} {42 138} {46 134} {40 140} {47 133} {44 136} n n n n n n n n n {45 135} {45 135} {50 130} {51 129} {42 138} {50 130} {47 133} {45 135} {41 139} {37 143} n n n

54.4: Count:   6.9 (  4.3) A:  15.0 [10-55] B:  30.1 [10-121] Phase: 100% 140 (25.1) Direction:  {46 134}
Phase: {50,5,6,1,9,17,31,11,16,9,14,29,9,11,16,13,8,29,17,9,17,13,14,15,17,25,9,30,32,24,22,34,28,27,41,42,40,55,46,47,35,42,45,57,46,98,62,72,103,93,102,128,111,108,131,160,146,93,195,190,202,195,213,282,215,210,316,277,324,331,353,297,451,472,493,528,478,494,523,682,653,672,711,759,867,835,923,907,966,786,1656,885,1150,1172,1230,1455,1521,1394,1468,1701,1679,1928,1655,1979,2027,2225,2265,2466,2627,2311,2734,2845,2933,3089,3488,3281,3023,4120,3876,3982,4183,4359,4771,4340,4948,5171,5178,5259,5441,5615,5518,5926,5870,5967,5450,6646,5485,6185,6045,5939,5586,6146,5952,6124,5869,5964,6040,5484,6009,5802,5790,5587,5434,6011,4575,5212,5210,4885,4926,4536,4465,3954,4421,4219,3790,3738,3440,3475,2851,3154,2948,2743,2474,2211,2401,2112,2123,1942,1816,1450,2517,1290,1423,1330,1329,1235,1266,988,1039,1046,931,987,737,836,666,715,619,638,570,476,507,449,487,442,474,306,274,413,316,326,250,225,239,170,214,179,165,184,156,166,119,119,144,117,101,131,80,107,73,73,73,66,34,55,46,49,43,26,47,59,47,55,29,46,24,19,38,15,12,30,17,14,15,29,6,17,29,19,10,30,21,19,10,13,22,16,11,9,8,7,24,8,10,8,7,17,11,8,14,6,6,19,5,6,7,6,8,15,7,13,12,6,20,16,16,1,4,15,13,23,12,12,9,3,24,25,5,20,7,17,15,18,17,11,14,27,23,9,8,32,7,13,12,18,9,13,12,15,34,11,15,30,19,13,8,7,25,18,18,25,9,9,17,32,26,14,6,13,12,25,21,10,18,13,27,13,15,5,13,10}
Count:   2.9   2.9  10.2  13.6  13.0  12.6  11.6  11.5   9.4   9.5   7.9   6.3   2.5   3.2   2.9   3.0   2.7   2.7   2.9   2.8   2.9  10.9  13.0  13.0  11.7  11.7  10.2   9.6   8.2   6.9   5.6   2.6   2.9   2.9   2.8   3.0   3.0   2.9   3.2   3.0   3.1   2.9   3.0   2.8   3.0  13.4  13.9  13.0  12.7  12.1  11.9  10.6  10.3   8.5   6.8   2.8   3.2   3.1   3.0   3.1   3.2   2.9   2.9   3.0  12.8  13.3  13.3  11.9  11.9  10.6  10.2   8.2   7.2   5.6   2.9   3.1   2.9   3.0   3.1   3.0   2.9   2.9   2.9   3.1   2.8   3.1   2.8   4.1  14.7  14.0  13.2  13.3  12.2  12.1  11.1  11.1   9.1   5.3   2.9   2.9   2.9   2.9   2.8   2.9   3.1   3.2   3.9  15.2  13.9  13.0  11.9  11.6  10.6   9.5   8.6   7.5   4.2   3.0   3.3   3.0   3.4   2.8   3.1   3.0   3.2   3.2  15.3  12.7  12.4  11.5  11.4   9.8   9.2   7.2   6.7   3.8   3.1   3.1   3.2   2.9  12.4  11.7  11.0   9.7   8.3   2.9   2.9   3.0   3.0   6.6  13.4  11.5  10.7   9.6   5.2   3.1   3.0   3.0   3.2   3.2   2.8   2.9   2.9   3.1   2.8   3.1   2.9   3.3   6.5  14.9  13.4  14.0  12.6  12.7  11.1  11.4  10.0   9.7   4.0   3.2   3.6   3.0   3.3   2.8   2.9   2.9   3.1   7.0  14.7  13.4  13.0  12.0  12.0  10.2  10.3   8.6   7.1   3.7   2.9   3.0 
B: 21.2 21.8 34.8 32.9 32.8 33.5 32.5 31.0 30.0 27.7 24.5 24.2 23.4 23.7 23.3 23.0 23.8 24.5 24.0 24.0 23.0 35.5 33.9 32.9 33.7 32.1 30.3 28.9 25.8 23.9 23.2 23.7 24.0 23.8 24.2 23.8 23.7 23.6 23.7 23.6 23.4 24.1 23.6 23.6 24.1 35.6 33.5 33.7 33.8 32.3 33.5 30.7 30.1 26.9 26.8 24.5 23.7 23.6 23.8 23.1 24.0 24.2 23.9 23.5 34.9 33.3 34.2 32.9 32.2 31.2 29.4 26.6 24.6 24.6 23.8 23.4 23.4 24.0 24.1 23.8 24.2 23.9 23.9 23.7 24.0 24.4 23.6 27.3 35.2 34.8 33.9 33.8 33.2 33.5 32.2 30.7 27.7 26.3 23.8 24.0 24.0 23.6 23.5 24.3 23.6 24.4 25.9 36.1 34.2 33.9 33.0 33.1 31.3 29.4 26.3 25.2 24.5 23.2 23.8 23.8 23.4 23.3 23.5 23.4 23.6 25.7 37.1 33.7 33.8 32.6 31.9 29.8 27.5 25.4 24.0 23.2 23.9 23.9 23.7 23.9 35.7 32.9 31.9 28.6 26.4 23.8 23.5 23.8 23.6 33.7 33.1 33.1 30.9 28.3 26.9 24.4 23.4 23.3 23.9 23.7 23.2 23.7 23.9 23.4 23.9 24.1 23.9 24.1 33.8 34.7 34.7 33.8 33.3 33.4 32.9 31.7 29.6 27.2 26.1 23.5 24.1 23.2 23.6 24.1 23.9 23.9 23.7 34.5 35.2 32.8 33.5 33.2 32.0 31.3 28.9 27.2 23.7 24.5 24.3 24.4 
Direction:  n n {45 135} {42 138} {43 137} {47 133} {47 133} {45 135} {43 137} {43 137} {43 137} {47 133} n n n n n n n n n {44 136} {44 136} {45 135} {47 133} {44 136} {46 134} {43 137} {41 139} {41 139} n n n n n n n n n n n n n n n {48 132} {45 135} {47 133} {45 135} {46 134} {49 131} {42 138} {43 137} {44 136} {50 130} n n n n n n n n n {44 136} {42 138} {43 137} {43 137} {46 134} {47 133} {43 137} {46 134} {40 140} {39 141} n n n n n n n n n n n n n n {41 139} {44 136} {45 135} {46 134} {47 133} {44 136} {42 138} {41 139} {52 128} n n n n n n n n n n {43 137} {46 134} {45 135} {46 134} {44 136} {48 132} {46 134} {40 140} {40 140} n n n n n n n n n n {48 132} {42 138} {45 135} {50 130} {46 134} {43 137} {43 137} {41 139} {41 139} n n n n n {50 130} {48 132} {47 133} {44 136} {47 133} n n n n {44 136} {48 132} {46 134} {45 135} {47 133} n n n n n n n n n n n n n n {45 135} {43 137} {49 131} {47 133} {47 133} {45 135} {46 134} {45 135} {46 134} {44 136} n n n n n n n n n {44 136} {48 132} {47 133} {46 134} {47 133} {48 132} {44 136} {50 130} {42 138} {44 136} n n n

54.5: Count:   6.7 (  4.4) A:  15.0 [10-57] B:  29.7 [10-121] Phase: 100% 140 (24.1) Direction:  {45 135}
Phase: {170,41,24,23,29,58,41,31,24,16,47,60,24,34,27,18,34,45,39,20,38,33,45,25,33,43,28,62,51,50,39,46,52,36,64,57,39,67,76,67,58,92,96,77,50,115,97,92,145,144,90,130,152,162,129,165,177,162,199,194,214,241,210,317,195,279,333,335,345,344,368,285,369,435,411,476,463,510,431,605,590,593,606,664,812,761,784,776,840,746,1492,816,1043,1108,1143,1290,1369,1365,1421,1577,1603,1813,1477,1971,1873,2062,2043,2308,2453,2051,2521,2578,2843,2951,3286,3261,2874,3865,3699,3904,4011,4172,4505,4125,4817,5008,4939,5215,5499,5542,5323,5672,5910,5956,5488,6690,5566,6191,5952,6172,5833,6140,5930,6068,5811,5931,5827,5433,5949,5716,5509,5684,5542,5910,4502,5120,5048,4712,4571,4450,4289,3764,4301,3890,3550,3482,3256,3192,2667,2765,2664,2493,2392,2213,2058,1966,1861,1767,1697,1274,2238,1157,1228,1214,1148,1087,985,887,920,854,861,753,643,696,644,586,510,592,513,374,386,394,349,356,416,316,211,363,248,280,226,194,221,154,180,189,160,202,147,175,134,144,112,89,73,133,99,85,85,92,67,61,69,87,42,53,56,39,54,44,34,62,28,53,20,41,37,23,45,36,34,30,25,30,16,26,28,14,13,20,36,18,17,15,27,17,23,21,10,3,30,13,12,11,12,21,23,9,10,9,13,36,12,18,14,24,19,42,27,17,22,20,33,24,51,18,27,57,33,45,30,43,43,21,44,63,38,77,57,89,38,68,82,73,64,111,71,69,83,78,60,126,77,158,56,97,116,24,86,95,80,139,104,94,55,52,132,65,111,90,85,53,90,123,61,78,44,52,46,108,67,25,64,47,82,82,34,42,12,25}
Count:   2.5   2.5  10.2  13.4  13.0  12.5  11.7  10.8   9.6   9.5   8.0   6.2   2.3   2.5   2.4   2.8   2.4   2.6   2.4   2.6   2.7  10.3  13.0  12.9  11.7  11.6  10.1   9.6   7.9   7.1   5.5   2.4   2.5   2.7   2.7   2.6   2.6   2.5   2.9   2.7   2.7   2.7   2.7   2.5   2.8  13.2  13.6  13.0  12.8  12.2  11.8  10.7  10.0   8.9   6.1   2.5   2.9   2.7   2.9   2.5   3.0   2.6   2.8   2.8  12.8  13.1  13.2  12.1  12.0  10.9  10.5   8.7   7.7   5.4   2.5   2.8   2.8   2.9   2.9   2.6   2.7   2.8   2.6   2.6   2.7   2.8   2.5   3.8  15.1  14.0  13.2  13.1  12.1  12.1  10.8  10.5   9.2   5.3   2.4   2.5   2.5   2.5   2.5   2.6   2.7   2.7   3.7  15.2  13.8  13.8  11.6  11.5  10.6   9.9   8.6   7.5   4.0   2.6   2.7   2.9   2.8   2.6   2.9   2.7   2.9   3.3  15.2  13.1  12.2  11.9  10.9   9.7   9.3   7.3   6.4   3.8   2.6   2.6   2.8   2.6  12.6  11.5  10.7   9.8   8.0   2.2   2.4   2.9   2.8   6.7  13.6  11.8  10.6   9.2   5.1   2.8   2.8   2.9   2.7   2.8   2.5   2.7   2.7   2.9   2.6   2.7   2.7   2.8   6.2  14.7  13.7  13.6  12.4  12.6  11.1  11.5   9.9   9.6   3.4   2.9   2.9   2.6   3.1   2.7   2.5   2.7   2.9   6.3  14.8  13.4  13.0  12.1  11.7   9.7   9.8   8.4   7.5   3.1   2.5   2.7 
B: 21.3 21.5 34.3 32.7 32.5 32.1 31.6 31.4 29.3 27.1 24.6 23.1 23.2 23.0 22.5 22.5 22.5 23.7 22.7 22.4 22.2 35.4 33.5 32.6 32.5 31.8 30.1 27.9 25.1 23.2 22.4 22.3 23.0 23.4 23.1 23.1 22.9 23.1 22.6 22.6 22.5 22.7 22.6 22.8 22.9 36.0 33.7 32.7 32.5 32.1 33.0 30.2 29.5 27.7 25.7 23.7 22.8 22.1 23.0 22.4 22.8 23.2 23.0 23.2 34.9 32.5 33.5 31.5 31.9 30.7 28.8 25.3 23.9 23.3 22.5 22.8 22.4 22.5 22.7 22.5 22.8 22.5 23.2 23.1 22.7 23.0 22.9 26.4 34.3 33.7 33.7 34.1 32.4 33.2 32.1 30.0 28.7 26.5 22.9 22.9 23.4 23.4 22.4 23.4 23.0 23.0 26.9 36.0 33.9 33.2 32.8 33.0 30.5 29.1 26.6 23.9 23.4 23.1 22.8 23.2 23.1 23.1 22.3 22.7 22.6 27.0 36.2 34.1 33.1 32.2 31.4 29.6 27.1 24.8 22.5 23.5 22.8 22.5 23.2 22.8 34.8 32.7 31.7 28.9 25.8 23.1 23.1 22.3 22.3 33.4 33.2 32.0 31.0 28.2 26.8 23.1 22.5 22.3 23.1 23.0 23.0 23.2 22.2 23.0 23.3 23.0 22.6 23.1 32.5 33.7 33.3 33.9 33.0 33.3 32.8 31.6 29.8 27.1 24.8 23.1 23.4 22.8 22.4 22.8 22.6 22.4 22.3 35.0 34.0 32.5 33.2 32.6 32.3 30.1 28.3 25.8 24.2 24.2 24.1 23.3 
Direction:  n n {46 134} {49 131} {45 135} {44 136} {44 136} {45 135} {45 135} {47 133} {46 134} {53 127} n n n n n n n n n {44 136} {48 132} {44 136} {48 132} {47 133} {48 132} {43 137} {41 139} {42 138} n n n n n n n n n n n n n n n {44 136} {49 131} {43 137} {48 132} {45 135} {45 135} {44 136} {44 136} {45 135} {47 133} n n n n n n n n n {44 136} {47 133} {49 131} {46 134} {51 129} {44 136} {50 130} {43 137} {46 134} {42 138} n n n n n n n n n n n n n n {44 136} {44 136} {46 134} {43 137} {48 132} {44 136} {44 136} {44 136} {41 139} n n n n n n n n n n {49 131} {43 137} {49 131} {44 136} {46 134} {44 136} {45 135} {44 136} {47 133} n n n n n n n n n n {44 136} {47 133} {42 138} {47 133} {47 133} {50 130} {43 137} {49 131} {43 137} n n n n n {48 132} {44 136} {47 133} {49 131} {47 133} n n n n {43 137} {44 136} {44 136} {44 136} {44 136} {45 135} n n n n n n n n n n n n n {44 136} {48 132} {45 135} {43 137} {44 136} {47 133} {50 130} {43 137} {46 134} {39 141} n n n n n n n n n {43 137} {44 136} {47 133} {44 136} {47 133} {45 135} {47 133} {44 136} {43 137} {49 131} n n n

54.6: Count:   7.2 (  4.7) A:  15.1 [10-55] B:  29.2 [10-119] Phase: 97% 141 (21.4) Direction:  {46 134}  13% 87 (11.2) Direction:  {26 154}
Phase: {269,42,50,54,54,100,114,42,72,62,69,94,34,66,52,62,65,88,80,48,54,94,81,74,109,78,55,106,97,107,92,104,94,90,121,117,119,147,141,173,151,166,171,182,179,273,179,220,216,249,204,257,302,312,298,271,340,260,357,374,359,452,377,472,364,430,524,509,531,549,572,490,589,665,579,653,698,702,594,793,806,772,868,839,921,993,942,990,1042,923,1758,960,1135,1300,1457,1444,1545,1414,1539,1614,1679,1834,1669,2093,1940,2012,1996,2417,2574,2200,2587,2670,2857,2911,3276,3088,2713,3791,3753,3816,3927,4080,4453,4148,4840,4981,5078,5329,5541,5837,5733,6066,6209,6351,5899,7203,6090,6710,6705,6976,6367,6984,6732,6758,6574,6638,6542,6115,6511,6220,6160,6005,5950,6127,4701,5074,5019,4782,4585,4228,4102,3588,4174,3985,3359,3339,3152,3075,2603,2740,2590,2460,2230,2069,2118,1922,1786,1728,1600,1303,2230,1183,1312,1224,1228,1142,1093,997,929,916,951,833,695,770,662,674,574,662,619,469,563,537,481,440,447,385,319,405,343,296,289,317,340,200,301,251,222,267,199,233,161,174,164,138,139,214,123,117,130,145,106,88,86,95,75,93,93,69,75,74,79,83,45,70,27,41,64,48,56,42,45,36,35,39,43,34,16,19,27,42,21,23,21,29,24,26,20,20,23,8,74,13,11,10,9,30,24,28,20,13,24,33,25,12,27,28,21,41,16,22,31,26,34,25,55,25,12,31,32,39,33,23,39,16,75,52,39,69,38,54,33,60,51,47,40,106,48,65,57,56,44,91,65,110,42,98,107,36,73,81,80,111,66,115,50,28,160,85,96,71,82,61,88,157,89,80,69,61,53,155,85,46,52,56,124,119,50,52,34,37}
Count:   2.7   2.8  10.6  14.2  13.7  13.1  12.6  11.5  10.4  10.0   9.2   7.6   2.5   2.8   2.8   2.9   2.8   2.7   2.5   2.8   2.8  11.0  13.5  13.8  12.6  12.2  10.6  10.6   9.0   8.5   6.7   2.6   2.8   2.8   3.0   2.6   2.8   2.8   2.9   2.6   3.0   3.0   2.8   2.8   3.0  13.8  14.3  14.0  13.5  13.1  12.3  11.7  10.9  10.1   6.9   2.7   2.8   2.9   3.1   2.8   2.9   2.7   2.8   2.8  13.6  13.8  14.0  12.8  12.2  11.6  11.1   9.4   9.4   6.0   2.7   2.7   2.9   2.9   2.9   2.8   2.9   2.9   2.9   3.0   2.8   2.9   2.8   3.9  15.5  15.0  14.4  13.7  12.7  12.9  11.5  11.3  10.0   6.1   2.7   2.9   2.6   2.7   2.6   2.9   2.8   2.7   3.8  15.8  14.2  14.0  12.3  12.3  10.9  11.3   9.5   8.9   4.7   2.9   2.9   3.0   2.8   2.9   2.9   3.0   3.0   3.7  15.7  14.1  13.0  12.4  12.0  10.6  10.1   8.5   7.7   4.3   2.9   2.6   2.8   2.7  13.0  12.4  11.9  10.3   8.7   2.4   2.6   3.0   2.9   6.7  14.3  12.6  11.6   9.9   5.7   3.0   3.1   3.1   2.7   2.9   2.7   2.9   3.0   3.0   2.8   2.9   2.9   3.0   6.8  15.3  14.5  15.0  12.9  13.4  11.9  12.3  10.5  10.4   3.6   2.9   3.0   3.0   3.2   2.8   3.0   3.0   3.1   6.4  15.5  14.0  13.6  12.8  12.5  10.8  10.7   9.6   8.9   3.7   2.7   2.6 
B: 20.7 20.8 34.7 31.7 31.9 31.1 32.0 30.6 29.0 27.6 25.3 23.6 22.3 22.4 22.1 21.4 22.3 22.3 22.3 21.6 21.5 34.2 32.9 32.1 31.7 32.0 29.8 28.2 25.7 24.2 22.4 21.3 21.6 22.3 21.9 22.0 22.2 21.9 21.8 21.5 21.5 21.9 22.1 21.5 22.1 35.4 33.9 32.9 32.1 32.7 32.1 30.5 29.8 27.8 25.7 21.9 22.8 21.8 21.8 22.2 21.7 21.7 22.0 22.5 33.7 32.6 32.4 31.3 31.5 30.6 29.2 25.9 25.1 23.6 22.0 22.0 21.9 21.6 21.4 21.6 21.8 22.4 21.5 21.6 22.0 22.0 21.8 25.3 34.7 33.1 33.1 33.1 32.1 32.1 31.3 29.9 28.6 26.8 22.3 22.2 21.9 22.5 22.3 21.7 22.2 22.5 26.2 34.6 32.8 32.7 31.8 32.9 30.2 29.5 26.9 24.8 23.2 21.7 22.2 22.1 21.9 21.7 21.8 21.9 21.9 26.8 35.4 33.5 31.7 31.1 31.2 29.9 27.3 25.2 22.4 22.9 21.9 21.6 21.8 21.9 34.7 32.3 31.3 28.7 25.7 22.0 22.5 21.6 21.9 33.0 32.9 31.9 30.9 27.6 25.6 22.5 21.8 21.2 22.2 21.9 21.8 22.2 22.0 21.8 21.6 21.7 21.4 22.1 31.9 33.7 32.6 32.9 31.8 32.2 31.4 30.7 29.7 27.5 24.2 21.7 22.4 21.9 21.9 22.3 22.1 21.6 21.9 34.3 33.5 32.3 32.6 32.1 31.9 29.8 28.6 26.2 24.1 22.5 22.9 22.4 
Direction:  n n {46 134} {46 134} {45 135} {47 133} {47 133} {46 134} {44 136} {46 134} {43 137} {39 141} n n n n n n n n n {44 136} {49 131} {44 136} {44 136} {48 132} {44 136} {44 136} {46 134} {42 138} {39 141} n n n n n n n n n n n n n n {47 133} {49 131} {49 131} {47 133} {45 135} {49 131} {44 136} {49 131} {47 133} {41 139} n n n n n n n n n {47 133} {49 131} {45 135} {46 134} {44 136} {45 135} {46 134} {45 135} {41 139} {47 133} n n n n n n n n n n n n n n {47 133} {45 135} {44 136} {44 136} {47 133} {45 135} {47 133} {44 136} {44 136} {47 133} n n n n n n n n n {44 136} {48 132} {47 133} {47 133} {44 136} {44 136} {44 136} {46 134} {44 136} n n n n n n n n n n {46 134} {46 134} {47 133} {43 137} {44 136} {44 136} {48 132} {44 136} {46 134} n n n n n {45 135} {47 133} {44 136} {47 133} {48 132} n n n n {48 132} {46 134} {44 136} {47 133} {44 136} {44 136} n n n n n n n n n n n n n {44 136} {45 135} {44 136} {44 136} {45 135} {47 133} {47 133} {48 132} {46 134} {45 135} n n n n n n n n n {45 135} {46 134} {47 133} {46 134} {41 139} {48 132} {44 136} {44 136} {45 135} {43 137} n n n

54.7: Count:   8.2 (  5.1) A:  15.2 [10-52] B:  28.4 [10-120] Phase: 100% 139 (26.3) Direction:  {45 135}
Phase: {582,115,97,123,155,198,204,165,145,121,142,199,124,153,139,176,149,194,131,144,166,153,143,122,236,160,129,177,167,218,189,201,199,148,240,206,201,249,233,234,235,326,323,300,307,363,247,341,350,361,345,398,407,473,439,428,446,409,522,549,524,615,635,698,515,623,815,677,691,733,744,681,948,913,831,928,943,937,856,1120,1109,1108,1129,1115,1324,1184,1276,1265,1396,1228,2312,1284,1574,1610,1695,1871,1921,1817,1984,2199,2199,2383,2007,2388,2445,2579,2651,2989,3252,2792,3237,3270,3662,3631,4150,3879,3541,4894,4445,4525,4787,5065,5443,4981,5667,5623,5798,5937,5945,6252,6078,6389,6447,6587,5960,7413,5875,6854,6661,6711,6295,6619,6622,6486,6378,6355,6308,5753,6371,6299,6132,6045,6086,6207,4924,5506,5587,5347,5149,4641,4728,4192,4600,4320,3823,3879,3659,3601,3069,3259,3181,3058,2786,2535,2631,2331,2414,2135,1897,1590,2757,1461,1465,1534,1399,1498,1349,1231,1066,1117,1041,1103,855,892,829,832,794,780,776,578,643,595,603,448,571,484,380,532,447,441,378,424,393,281,361,296,298,357,268,277,207,221,225,215,145,280,141,188,174,175,112,157,128,130,113,132,130,78,114,84,110,104,85,103,52,65,76,61,89,74,68,57,82,77,48,49,65,48,34,50,81,42,42,52,56,45,45,33,35,22,99,33,34,30,18,48,37,24,25,22,43,69,30,30,35,44,34,60,29,37,46,46,47,25,97,51,36,71,58,89,49,78,72,35,89,85,40,120,71,100,68,111,92,86,102,154,80,95,124,123,83,183,109,181,91,144,166,74,170,157,135,204,154,193,71,100,273,141,223,158,144,105,180,219,163,220,159,142,122,332,216,117,147,146,249,280,124,119,99,95}
Count:   3.0   3.3  11.1  15.5  15.8  14.7  14.4  12.7  12.1  11.7  10.6   9.9   3.0   3.3   2.9   3.0   3.2   3.2   3.1   3.3   3.3  12.0  15.1  15.2  14.0  14.1  12.2  12.3  10.7  10.7   9.2   3.2   3.4   3.3   3.3   3.3   3.3   3.2   3.5   3.5   3.7   3.3   3.4   3.2   3.5  15.3  15.8  15.6  14.8  14.8  13.8  13.6  12.7  12.2   7.8   3.2   3.2   3.3   3.5   3.3   3.6   3.2   3.4   3.1  14.8  15.3  15.4  14.4  14.0  13.2  12.9  11.4  11.0   7.2   3.0   3.4   3.3   3.4   3.6   3.4   3.4   3.4   3.5   3.5   3.5   3.4   3.4   4.4  16.8  15.9  15.7  15.1  14.4  13.7  13.2  12.4  11.9   7.2   3.4   3.4   3.4   3.4   3.2   3.3   3.4   3.6   4.6  16.7  15.5  15.3  14.1  14.0  12.6  12.7  10.9  11.0   5.8   3.6   3.4   3.7   3.6   3.3   3.5   3.6   3.6   4.6  16.4  15.7  14.8  13.9  13.2  12.3  11.8  10.3  10.3   5.6   3.4   3.3   3.4   3.5  14.3  13.8  13.6  11.9  10.8   2.9   3.7   3.5   3.6   7.7  15.4  13.9  13.0  11.5   7.3   3.4   3.6   3.5   3.3   3.3   3.3   3.4   3.5   3.7   3.1   3.5   3.5   3.4   7.9  16.5  15.7  16.3  14.8  14.9  13.6  13.4  11.9  12.2   4.8   3.4   3.8   3.5   3.6   3.3   3.5   3.4   3.3   7.2  16.5  15.5  15.1  14.1  14.0  12.7  12.5  11.2  11.0   4.5   3.6   3.2 
B: 19.6 19.3 33.9 31.4 31.3 30.0 31.4 29.8 28.8 27.8 26.1 23.9 20.6 21.0 20.6 20.5 20.7 20.8 20.7 20.8 20.6 33.1 31.8 31.8 31.8 31.2 29.7 28.4 26.3 24.3 22.8 20.7 20.3 20.2 21.5 20.6 20.6 20.6 20.5 20.2 20.7 20.5 20.5 19.8 20.7 34.3 32.0 32.1 32.7 31.9 30.5 30.8 29.3 28.4 25.6 21.4 21.2 20.4 20.7 20.7 20.9 20.4 20.6 20.7 33.2 31.9 32.2 30.5 31.0 30.3 29.4 26.8 26.1 23.2 21.1 20.3 20.6 20.3 20.3 20.2 20.3 21.4 20.2 20.6 20.5 20.7 20.7 24.0 33.7 31.9 33.1 32.3 31.1 31.7 30.6 30.3 28.1 26.5 20.0 20.6 20.7 21.0 20.7 20.6 21.1 21.3 24.2 33.9 32.0 31.9 31.2 31.9 29.4 30.0 27.1 25.7 22.6 20.8 20.5 20.8 20.6 20.4 20.4 20.9 20.5 25.3 34.4 32.8 30.8 31.0 30.8 30.0 27.7 25.4 23.3 22.3 20.8 20.3 20.7 20.7 34.1 31.6 30.5 29.1 26.6 21.0 20.7 20.6 20.3 30.7 32.6 30.5 30.4 28.4 25.5 21.2 20.7 20.1 20.8 20.7 20.9 20.7 20.6 20.7 20.5 21.1 20.2 20.5 29.5 33.5 32.0 32.0 31.8 31.8 30.2 29.9 29.3 27.8 23.2 21.0 20.5 20.3 21.0 20.7 20.1 21.0 21.1 32.1 32.8 32.5 31.4 31.2 30.8 29.7 28.4 26.3 25.0 21.8 21.3 21.3 
Direction:  n n {49 131} {49 131} {43 137} {41 139} {49 131} {50 130} {46 134} {46 134} {41 139} {40 140} n n n n n n n n n {44 136} {41 139} {43 137} {48 132} {43 137} {45 135} {42 138} {44 136} {45 135} {42 138} n n n n n n n n n n n n n n {44 136} {48 132} {47 133} {45 135} {45 135} {46 134} {46 134} {45 135} {45 135} {43 137} n n n n n n n n n {47 133} {44 136} {49 131} {45 135} {44 136} {49 131} {45 135} {44 136} {43 137} {51 129} n n n n n n n n n n n n n n {46 134} {43 137} {44 136} {48 132} {44 136} {48 132} {44 136} {50 130} {51 129} {40 140} n n n n n n n n n {46 134} {46 134} {46 134} {46 134} {47 133} {43 137} {44 136} {43 137} {49 131} n n n n n n n n n n {46 134} {44 136} {46 134} {44 136} {44 136} {44 136} {44 136} {52 128} {44 136} n n n n n {44 136} {41 139} {42 138} {46 134} {40 140} n n n n {44 136} {46 134} {45 135} {46 134} {40 140} {42 138} n n n n n n n n n n n n n {44 136} {46 134} {44 136} {45 135} {43 137} {42 138} {49 131} {45 135} {44 136} {40 140} n n n n n n n n n {44 136} {44 136} {47 133} {46 134} {46 134} {47 133} {43 137} {43 137} {42 138} {43 137} n n n

54.8: Count:   8.8 (  5.6) A:  15.6 [10-53] B:  28.9 [10-112] Phase: 100% 139 (26.0) Direction:  {45 135}
Phase: {716,148,133,150,199,274,284,192,181,148,259,274,155,168,146,226,163,236,247,164,160,210,245,178,257,203,181,274,239,276,210,253,249,185,285,284,248,316,292,309,340,407,383,330,334,502,382,366,469,446,386,433,435,586,523,544,605,470,578,561,625,636,706,808,564,690,854,706,799,791,755,710,979,968,968,966,1041,1055,884,1067,1154,1141,1121,1206,1331,1342,1279,1321,1348,1254,2425,1332,1643,1652,1789,1876,2049,1878,2058,2149,2317,2423,2094,2543,2680,2792,2740,3217,3369,2804,3268,3555,3806,3814,4153,4095,3795,5153,4762,4799,4995,5370,5835,5374,6108,6132,6245,6534,6488,6859,6681,7071,6891,7081,6503,7946,6549,6945,6912,6863,6589,6888,6757,6684,6690,6542,6530,6210,6505,6648,6313,6351,6505,6624,5444,6131,5973,5551,5629,5354,5034,4419,4974,4599,3998,4119,3868,3805,3236,3372,3295,3056,2842,2687,2678,2447,2324,2298,1958,1625,2765,1591,1614,1535,1480,1552,1436,1189,1152,1208,1074,1084,931,867,871,875,719,803,804,581,706,629,637,568,589,482,397,574,480,474,406,357,394,305,350,359,300,346,357,304,237,221,225,221,189,283,166,216,176,191,140,178,149,186,116,147,152,93,145,113,92,134,100,96,49,84,112,62,99,69,75,46,78,79,65,68,45,60,35,84,48,50,48,43,46,44,34,43,34,38,105,26,27,44,25,53,60,29,37,42,44,78,28,27,32,40,38,59,39,25,30,44,57,59,108,29,33,103,73,114,73,60,75,31,103,124,56,165,72,151,80,103,124,107,125,250,159,136,161,195,126,224,134,265,133,224,243,96,239,225,187,295,250,310,119,149,420,230,297,234,229,150,248,404,253,295,206,217,198,418,294,182,176,207,365,363,167,171,157,136}
Count:   3.1   3.0  11.9  16.4  16.4  15.5  15.6  14.3  13.4  12.6  12.0  11.0   3.0   2.9   3.2   3.1   3.2   3.2   3.0   3.4   3.3  12.4  16.1  16.0  15.5  14.8  13.7  13.5  12.3  11.9  10.8   3.0   3.2   3.3   3.4   3.2   3.1   3.4   3.4   3.3   3.4   3.2   3.3   3.4   3.4  15.8  16.7  16.6  16.2  15.6  14.9  14.9  14.3  13.5   8.7   3.2   3.6   3.2   3.5   3.6   3.4   3.0   3.6   3.2  15.1  16.3  16.4  15.4  15.4  14.5  14.1  12.6  12.9   8.5   3.4   3.4   3.5   3.3   3.6   3.5   3.3   3.5   3.4   3.5   3.4   3.4   3.4   4.7  17.2  16.7  16.6  16.5  15.7  15.2  15.0  13.6  13.6   7.7   3.5   3.3   3.2   3.6   3.3   3.5   3.3   3.7   4.5  17.4  16.7  16.4  15.5  15.1  13.7  13.9  12.6  12.6   6.4   3.6   3.1   3.6   3.6   3.5   3.5   3.5   3.4   4.8  17.1  16.8  15.5  14.9  14.7  13.4  13.0  12.3  12.3   6.4   3.1   3.4   3.3   3.4  14.9  15.5  14.8  13.2  12.3   3.1   3.3   3.4   3.7   7.8  16.4  15.3  14.4  12.4   7.9   3.5   3.6   3.5   3.4   3.6   3.4   3.4   3.5   3.5   3.4   3.4   3.4   3.7   7.8  17.0  16.8  17.4  16.1  15.7  14.7  14.5  13.5  13.7   5.2   3.6   3.7   3.6   3.5   3.4   3.2   3.3   3.6   7.6  17.1  16.7  15.9  15.3  15.3  14.4  13.6  13.0  12.6   4.8   3.9   3.6 
A: 12.2 12.0 17.3 17.0 16.8 16.5 16.7 16.2 16.1 15.6 15.0 14.5 12.1 12.3 12.3 12.2 12.1 12.3 12.1 12.2 12.2 16.8 16.8 16.9 16.9 16.7 16.3 15.7 14.9 14.3 14.0 12.3 12.2 12.3 12.3 12.2 12.2 12.4 12.1 12.2 12.3 12.1 12.1 12.2 12.2 17.6 17.1 17.2 17.1 16.8 16.4 16.6 15.9 15.7 14.4 12.2 12.2 12.2 12.0 12.2 12.1 12.2 12.2 12.0 17.3 17.0 16.9 16.6 16.9 16.4 16.0 15.2 14.6 14.0 12.3 12.2 12.1 12.1 12.2 12.1 12.3 12.3 12.2 12.2 12.1 11.9 12.2 13.2 17.5 16.8 17.4 16.8 16.8 16.6 16.1 16.3 15.4 14.8 12.4 12.3 12.1 12.1 12.3 12.2 12.1 12.1 13.5 17.4 16.9 17.0 16.9 16.7 16.0 16.2 15.1 14.8 13.4 12.2 12.4 12.2 12.0 12.1 12.1 12.3 12.1 14.0 17.6 17.1 16.7 16.7 16.4 16.0 15.4 14.5 14.0 13.4 12.4 12.3 12.2 12.1 17.3 16.4 16.3 15.9 14.9 11.9 12.3 12.1 12.1 16.2 17.2 16.6 16.0 15.5 14.9 12.2 12.1 12.2 12.1 12.1 12.1 12.2 12.2 12.1 12.1 12.3 12.2 12.2 16.3 17.2 16.9 17.1 17.0 17.1 16.2 16.1 15.9 15.6 13.4 12.3 12.3 12.1 12.2 12.3 12.4 12.3 12.2 16.1 17.2 17.3 16.7 16.7 16.4 16.3 15.8 14.9 14.6 13.0 12.3 12.1 
B: 18.6 18.7 32.6 31.9 32.0 30.9 31.5 30.2 29.8 28.9 27.4 25.4 19.3 20.2 19.7 19.8 19.7 20.0 20.0 19.4 20.0 32.6 32.4 32.2 32.2 31.8 30.6 29.6 27.4 25.8 24.5 19.3 19.8 19.8 20.1 20.0 19.6 19.9 19.9 19.7 20.1 19.9 19.5 19.4 19.6 34.8 32.3 33.0 32.9 32.5 31.1 31.6 29.8 29.4 26.1 20.1 20.1 19.6 19.5 19.2 19.6 19.4 19.7 20.0 33.9 32.7 32.8 31.0 31.9 31.0 30.2 28.4 26.6 24.5 20.0 20.2 19.5 19.9 19.9 19.5 19.9 19.9 19.6 19.8 19.7 20.0 19.7 22.9 34.2 32.5 33.8 32.4 32.2 31.8 30.4 30.9 28.8 27.9 19.7 19.9 19.7 20.0 19.8 19.5 19.7 19.4 23.6 34.1 32.3 33.3 32.4 32.3 30.2 30.9 28.2 26.8 23.2 19.9 20.0 19.7 19.7 19.4 19.9 20.2 19.6 23.9 34.7 33.1 31.5 32.3 31.6 30.8 28.6 26.4 24.6 23.1 20.3 19.3 19.8 19.5 33.7 31.5 31.4 30.0 27.3 19.4 20.2 19.7 19.5 30.5 33.7 30.8 30.4 28.9 27.3 19.4 19.6 19.7 19.9 20.1 19.2 19.8 19.7 19.5 19.7 20.1 20.0 19.2 30.3 33.7 32.6 32.6 32.4 32.7 30.3 30.5 29.9 29.2 23.7 20.2 19.7 19.4 19.9 20.1 19.9 19.9 19.4 30.0 33.4 33.2 32.3 31.6 31.0 30.5 29.6 27.3 26.5 21.7 20.0 19.7 
Direction:  n n {43 137} {42 138} {47 133} {44 136} {43 137} {48 132} {49 131} {42 138} {43 137} {40 140} n n n n n n n n n {46 134} {42 138} {42 138} {45 135} {43 137} {41 139} {40 140} {45 135} {43 137} {40 140} n n n n n n n n n n n n n n {46 134} {45 135} {43 137} {43 137} {46 134} {41 139} {44 136} {44 136} {50 130} {41 139} n n n n n n n n n {43 137} {42 138} {44 136} {43 137} {42 138} {43 137} {43 137} {44 136} {43 137} {43 137} n n n n n n n n n n n n n n {49 131} {45 135} {43 137} {43 137} {43 137} {42 138} {43 137} {42 138} {48 132} {39 141} n n n n n n n n n {46 134} {45 135} {43 137} {49 131} {42 138} {41 139} {43 137} {42 138} {41 139} n n n n n n n n n n {42 138} {43 137} {46 134} {46 134} {44 136} {43 137} {43 137} {44 136} {45 135} {39 141} n n n n {42 138} {43 137} {45 135} {49 131} {38 142} n n n n {42 138} {47 133} {45 135} {41 139} {49 131} {49 131} n n n n n n n n n n n n n {42 138} {42 138} {43 137} {45 135} {42 138} {49 131} {44 136} {42 138} {43 137} {43 137} n n n n n n n n n {47 133} {42 138} {46 134} {47 133} {41 139} {44 136} {46 134} {39 141} {39 141} {42 138} n n n

54.9: Count:   8.4 (  6.2) A:  16.3 [10-57] B:  31.5 [10-108] Phase: 100% 140 (20.6) Direction:  {45 135}
Phase: {238,26,38,48,55,90,70,55,50,42,75,75,47,39,51,79,52,84,70,54,65,44,81,55,78,55,66,117,75,96,93,100,99,75,114,120,116,122,123,183,118,183,166,172,162,211,162,181,238,202,154,259,227,278,262,276,325,222,332,293,309,388,343,453,329,394,410,405,509,504,465,443,589,591,515,603,648,678,556,799,645,751,727,740,938,835,913,967,970,789,1810,884,1076,1149,1311,1370,1517,1413,1598,1806,1822,2126,1701,2166,2198,2334,2261,2811,2931,2424,2889,3194,3380,3550,3682,3889,3666,4622,4580,4849,5127,5322,5850,5520,6056,6435,6578,6934,7167,7503,7141,7798,7828,8165,7246,8994,7784,8856,8642,8817,8584,8950,8880,8844,8710,8397,8528,7684,7974,7765,7362,7173,7185,7428,5959,6107,6095,5992,5881,5521,5063,4474,5027,4668,4079,4072,3746,3714,3063,3327,2979,2908,2578,2303,2450,2193,2091,1869,1657,1373,2233,1163,1342,1347,1049,1084,1085,915,807,861,796,777,568,732,580,571,488,496,456,339,387,329,315,336,339,300,187,292,232,222,234,227,174,136,176,171,112,139,134,134,81,117,111,91,74,177,49,52,62,64,71,81,73,52,55,42,61,37,46,45,38,26,42,36,18,23,49,27,24,31,24,16,18,13,15,24,34,13,11,22,10,22,8,14,14,18,20,9,13,9,35,10,6,8,5,14,18,9,9,9,20,13,6,9,9,16,7,30,17,2,15,14,22,8,27,8,8,20,26,33,21,12,30,14,34,26,14,41,28,35,6,41,28,36,24,78,39,26,62,45,27,63,38,61,20,64,91,20,62,54,57,98,60,108,46,44,130,66,99,93,54,44,82,115,67,60,43,54,60,130,120,58,56,43,96,100,59,41,29,37}
Count:   2.0   2.1  11.4  16.7  16.4  15.9  15.8  14.5  13.9  13.2  12.9  11.3   1.9   2.1   2.3   2.2   2.4   2.4   2.1   2.4   2.1  11.7  16.4  16.5  15.9  15.3  14.2  13.8  13.3  12.4  11.2   2.3   2.1   2.4   2.5   2.2   2.2   2.5   2.2   2.3   2.2   2.3   2.6   2.3   2.2  15.2  16.6  16.6  16.2  16.3  15.4  15.3  14.1  13.9   8.3   2.3   2.5   2.2   2.5   2.6   2.4   2.3   2.5   2.3  15.3  16.9  16.5  16.0  15.6  14.9  14.3  13.2  13.1   8.4   2.3   2.5   2.5   2.3   2.3   2.6   2.5   2.3   2.3   2.4   2.3   2.5   2.2   4.1  17.0  17.0  16.9  16.3  15.8  15.8  15.1  13.8  14.4   6.9   2.4   2.3   2.3   2.6   2.2   2.5   2.3   2.3   3.6  17.3  17.0  16.6  15.9  15.3  14.2  14.2  12.9  13.7   5.8   2.6   2.3   2.5   2.6   2.5   2.5   2.6   2.4   3.7  17.5  17.1  15.6  15.8  14.8  13.9  13.4  12.8  12.2   6.0   2.2   2.2   2.5   2.3  14.3  15.8  15.0  13.8  12.6   2.1   2.4   2.3   2.5   7.3  16.7  15.3  14.5  13.0   7.2   2.3   2.6   2.4   2.3   2.3   2.3   2.3   2.5   2.4   2.5   2.5   2.2   2.4   7.0  17.1  16.5  17.2  16.3  16.0  15.1  15.0  14.1  13.8   4.7   2.5   2.4   2.3   2.5   2.5   2.3   2.5   2.6   6.7  17.1  17.0  16.0  16.0  15.5  14.9  13.7  13.4  13.3   3.9   2.5   2.5 
A: 12.1 12.2 17.8 17.5 17.4 17.1 17.3 16.8 17.0 16.1 15.5 14.8 12.2 12.1 12.2 12.1 12.1 12.1 12.1 12.1 12.4 17.3 17.2 17.5 17.6 17.1 16.7 16.3 15.4 15.0 14.3 12.2 12.1 12.3 12.3 12.2 12.1 12.4 12.0 12.5 12.5 12.3 12.2 12.1 12.3 18.2 17.5 17.9 17.8 17.6 17.1 17.0 16.8 16.4 15.2 12.1 11.9 11.9 12.1 12.4 12.1 12.0 12.2 12.3 17.7 17.6 17.3 17.1 17.8 17.0 16.7 15.7 15.2 14.4 12.2 12.2 12.0 12.2 12.2 12.1 12.2 12.3 12.3 12.3 12.2 12.0 12.3 13.5 18.1 17.5 17.7 17.6 17.4 17.0 17.0 16.6 16.1 15.9 12.4 12.0 12.0 12.3 12.4 12.0 12.2 12.1 14.0 17.8 17.3 17.7 17.4 17.2 16.7 16.8 15.8 15.1 14.1 12.2 12.3 12.0 12.1 12.0 12.2 12.1 12.1 14.8 17.8 17.8 17.4 17.1 16.8 16.5 16.0 15.3 14.6 13.5 12.4 12.3 12.1 12.1 17.7 16.8 17.3 16.4 15.4 11.9 12.3 12.3 12.3 16.1 17.8 17.0 16.5 16.0 15.8 12.2 12.1 12.2 12.3 12.1 12.1 12.2 12.3 12.1 12.3 12.2 12.3 12.1 16.9 17.7 17.6 17.6 17.5 17.5 16.7 16.9 16.6 16.5 14.1 12.3 12.3 12.2 12.1 11.9 12.1 12.0 12.2 16.5 17.8 17.8 17.6 17.2 17.1 17.0 16.3 15.8 14.9 13.4 12.3 12.1 
B: 19.2 19.4 34.3 33.6 34.3 33.6 33.8 32.3 32.8 30.8 29.8 27.9 20.9 21.1 20.6 19.8 20.0 21.1 21.1 20.4 20.8 34.8 33.9 34.7 34.4 33.3 32.2 32.2 29.7 28.1 26.8 20.3 21.2 21.2 20.6 20.9 20.5 20.4 20.6 20.6 20.3 20.6 20.0 20.4 21.0 36.8 35.0 35.1 35.1 34.9 33.2 33.3 32.4 31.9 28.9 20.9 20.8 20.4 20.5 20.1 20.2 20.1 20.6 20.1 35.6 35.2 34.5 33.1 34.8 33.4 32.3 30.1 28.8 26.7 20.9 20.7 20.7 20.4 20.6 20.3 20.3 20.5 20.7 20.4 20.6 20.4 20.8 24.5 36.1 34.7 35.5 34.7 34.3 33.7 33.5 32.8 31.3 31.3 21.2 20.5 20.5 21.1 20.0 20.1 21.0 20.0 25.7 35.9 34.7 35.5 34.4 34.3 32.7 33.2 30.7 28.8 26.2 21.3 20.5 20.6 20.3 20.2 20.5 20.4 19.6 26.6 36.2 35.7 34.3 33.9 33.3 32.4 31.3 29.3 27.6 24.5 21.0 20.7 20.7 21.0 35.4 33.0 34.1 32.4 30.2 20.4 21.1 20.4 20.8 31.6 36.2 33.1 32.4 31.5 30.7 20.6 20.2 19.9 20.3 21.2 20.2 20.2 20.3 20.6 20.7 20.3 21.0 20.4 33.3 35.5 34.9 35.1 34.6 34.3 32.2 33.0 31.9 32.5 26.1 21.3 20.6 20.3 20.8 20.9 20.3 20.2 20.3 32.5 36.0 35.2 35.1 34.0 33.8 33.2 31.6 30.1 28.6 23.8 21.0 20.3 
Direction:  n n {47 133} {45 135} {47 133} {45 135} {46 134} {44 136} {44 136} {41 139} {45 135} {45 135} n n n n n n n n n {46 134} {45 135} {45 135} {45 135} {46 134} {43 137} {45 135} {48 132} {46 134} {44 136} n n n n n n n n n n n n n n {44 136} {43 137} {45 135} {45 135} {46 134} {45 135} {44 136} {47 133} {45 135} {46 134} n n n n n n n n n {46 134} {46 134} {44 136} {45 135} {47 133} {44 136} {47 133} {47 133} {41 139} {43 137} n n n n n n n n n n n n n n {47 133} {46 134} {47 133} {43 137} {46 134} {45 135} {47 133} {45 135} {47 133} {44 136} n n n n n n n n n {45 135} {45 135} {47 133} {44 136} {44 136} {46 134} {44 136} {47 133} {44 136} {47 133} n n n n n n n n n {46 134} {46 134} {45 135} {44 136} {46 134} {44 136} {45 135} {44 136} {43 137} {46 134} n n n n {46 134} {46 134} {47 133} {45 135} {46 134} n n n n {45 135} {44 136} {44 136} {45 135} {44 136} {43 137} n n n n n n n n n n n n n {45 135} {47 133} {44 136} {44 136} {44 136} {46 134} {45 135} {47 133} {44 136} {45 135} n n n n n n n n n {45 135} {46 134} {45 135} {44 136} {45 135} {48 132} {46 134} {47 133} {45 135} {46 134} n n n

55.0: Count:   8.3 (  6.7) A:  17.0 [10-52] B:  34.0 [10-111] Phase: 96% 140 (15.3) Direction:  {45 135}  10% 175 ( 5.8) Direction:  {291 249 62 118}
Phase: {7,0,4,2,4,7,5,1,2,4,0,4,2,11,4,3,4,14,8,6,6,5,12,5,17,9,11,17,16,25,26,23,28,7,28,35,26,41,48,52,37,68,47,67,40,122,64,92,101,121,70,133,114,135,117,172,169,122,178,172,205,171,180,225,182,228,277,262,265,340,290,260,354,399,350,380,403,442,346,440,516,515,512,504,631,635,573,608,574,556,1173,658,811,822,897,980,1030,1002,1143,1285,1258,1527,1247,1599,1582,1758,1788,2063,2357,1982,2294,2561,2618,2893,3224,3247,3080,4162,4090,4299,4562,4785,5236,5404,5972,6475,6609,7106,7380,7869,8058,8537,8935,9436,9127,10936,10024,10812,10993,10961,11225,11531,11134,11226,11237,10754,10330,9693,9994,9311,8902,8493,8212,8108,6559,6610,6543,6031,5611,5324,5002,4398,4562,4114,3712,3389,3205,3007,2513,2796,2430,2347,2109,1906,1886,1691,1611,1345,1182,969,1808,939,1007,802,866,688,747,585,575,537,503,499,349,399,327,365,313,294,263,175,220,180,130,146,217,126,114,138,100,110,88,87,101,42,68,66,47,65,32,36,37,29,40,26,30,45,34,21,24,15,17,19,11,20,10,11,14,9,9,14,9,9,3,8,2,10,9,9,2,9,1,3,5,14,0,3,4,4,3,3,5,3,0,2,5,4,0,2,3,0,9,1,2,0,0,2,5,0,3,1,2,1,1,1,0,0,0,0,0,0,0,0,2,2,0,0,0,1,1,2,5,1,0,0,0,3,2,2,0,0,0,0,0,2,0,2,0,3,0,0,1,2,0,0,0,1,1,0,1,0,1,2,4,0,1,0,3,0,3,3,1,1,3,2,2,2,1,1,2,4,4,1,1,1,3,11,3,3,2,0}
Count:   1.4   1.5  11.2  16.8  16.9  16.5  16.2  15.1  14.6  13.4  13.4  11.7   1.5   1.7   1.7   1.6   1.6   1.8   1.8   1.7   1.7  11.4  16.9  16.7  16.3  15.8  14.5  13.9  13.5  13.0  12.0   1.4   1.6   1.9   1.7   1.6   1.6   1.8   1.8   1.7   1.5   1.8   1.7   1.8   1.9  15.2  16.9  17.1  16.5  16.7  15.8  15.3  14.0  13.8   8.6   1.7   1.8   1.6   1.7   1.9   1.8   1.9   1.7   1.7  15.6  17.2  16.7  16.4  16.1  15.1  14.4  13.8  12.9   8.5   1.8   1.7   1.9   1.6   1.8   1.8   1.8   1.7   1.8   1.7   1.8   1.8   1.6   3.2  17.7  17.6  17.2  16.7  16.3  16.2  15.4  14.4  14.7   6.3   1.7   1.7   1.7   1.7   1.8   1.8   1.6   1.7   3.1  17.8  16.9  16.7  16.0  15.8  14.5  14.4  13.5  13.7   5.4   1.8   1.7   1.9   1.8   1.8   1.7   1.8   1.8   3.1  17.5  17.3  16.2  16.5  14.9  14.6  13.9  13.3  12.9   5.5   1.7   1.7   1.8   1.7  14.3  16.4  15.4  14.2  12.6   1.5   1.7   1.7   1.9   6.6  17.1  15.8  15.3  13.8   6.8   1.8   1.7   1.9   1.8   1.8   1.7   1.6   1.9   1.8   1.9   1.8   1.9   1.8   6.4  17.5  17.5  17.3  16.9  16.5  16.3  15.4  13.9  14.0   4.2   2.0   1.7   1.9   1.7   1.9   1.8   1.9   1.8   6.3  17.7  17.6  16.6  16.6  15.9  14.7  13.9  13.5  13.5   3.4   2.0   2.1 
A: 12.2 12.0 18.3 18.0 18.4 17.8 17.8 17.3 17.8 17.0 16.1 15.4 12.4 12.2 12.3 12.2 12.2 12.0 12.0 12.0 12.0 17.4 17.9 18.2 18.2 17.5 17.5 17.1 16.2 15.3 14.6 12.0 11.9 12.4 12.2 12.2 12.0 12.4 11.8 12.4 12.3 12.0 12.0 11.9 12.1 18.7 17.9 18.4 18.1 18.1 17.5 17.9 17.2 17.1 16.0 12.3 12.2 11.9 11.9 12.0 12.0 11.8 12.1 12.3 18.2 18.3 17.9 17.5 18.1 17.7 17.3 16.5 15.8 14.9 12.2 12.1 11.8 12.1 11.9 12.0 12.2 12.4 12.1 12.4 12.1 12.0 12.2 13.7 18.8 18.1 18.5 18.0 18.4 17.7 18.1 17.2 16.8 16.2 12.5 12.2 11.9 12.2 12.1 11.9 12.2 12.0 14.3 18.2 18.1 18.1 18.0 17.8 17.6 17.3 16.5 15.7 14.6 12.4 12.0 12.2 12.2 11.9 11.9 11.8 11.8 15.6 18.2 18.4 17.7 17.7 17.4 17.1 16.7 15.7 15.1 14.0 12.1 12.0 12.0 12.1 18.1 17.3 17.9 17.1 16.2 12.2 12.4 12.4 12.1 16.6 18.6 17.7 17.4 16.6 16.4 12.1 12.1 12.1 12.2 11.9 12.2 12.0 12.3 12.0 12.1 12.2 12.2 12.2 17.2 18.1 18.1 18.4 18.2 18.3 17.2 17.6 17.4 16.8 15.5 12.4 11.9 12.1 12.3 12.2 12.1 12.0 12.1 17.4 18.4 18.4 18.1 17.7 17.8 17.7 16.9 16.5 15.4 13.8 12.3 11.9 
B: 19.7 20.1 36.5 36.0 37.5 35.9 35.9 34.1 35.5 33.5 32.0 30.1 22.1 22.0 21.1 20.9 21.4 21.5 21.2 21.0 20.7 35.7 36.3 37.4 36.5 35.2 35.2 34.4 32.2 30.3 28.1 22.1 21.6 21.6 21.1 21.7 20.8 21.4 20.8 21.6 21.6 21.7 21.6 21.1 21.3 38.5 36.8 37.5 36.5 36.7 35.1 35.9 34.7 34.4 31.9 21.4 21.1 20.4 20.7 20.7 20.9 20.6 20.8 21.0 37.6 37.6 36.4 35.4 36.1 35.7 34.5 33.1 31.5 29.2 21.5 21.1 21.0 21.2 20.8 20.9 21.5 21.2 21.7 21.4 21.2 21.2 21.7 25.9 38.6 36.9 37.9 36.8 37.6 35.8 36.9 34.5 33.8 32.4 21.7 21.1 21.4 21.7 21.5 21.3 22.1 21.1 27.9 37.8 37.2 37.2 37.2 36.6 35.5 35.0 33.3 31.8 28.4 22.6 21.0 21.0 21.1 21.4 21.0 20.6 20.5 30.5 37.7 38.0 35.9 36.2 35.4 34.6 33.8 32.0 29.8 26.3 22.1 21.0 21.5 21.1 37.0 35.0 36.4 34.8 32.6 21.2 21.9 21.5 21.5 33.2 38.2 35.8 35.1 33.3 32.7 21.5 21.6 21.2 21.2 21.1 21.6 20.5 21.2 20.8 20.9 21.5 20.5 21.1 34.5 37.2 37.2 37.8 37.1 37.0 34.5 35.1 34.7 33.7 30.4 21.6 21.0 21.1 21.5 22.0 21.0 21.1 21.5 35.4 38.0 37.5 36.8 36.0 36.3 35.8 33.9 33.3 30.7 25.4 21.5 21.1 
Direction:  n n {45 135} {45 135} {45 135} {46 134} {44 136} {45 135} {44 136} {44 136} {46 134} {44 136} n n n n n n n n n {45 135} {47 133} {47 133} {45 135} {45 135} {44 136} {46 134} {45 135} {47 133} {47 133} n n n n n n n n n n n n n n {45 135} {46 134} {47 133} {46 134} {46 134} {46 134} {45 135} {46 134} {44 136} {46 134} n n n n n n n n n {44 136} {44 136} {45 135} {44 136} {47 133} {46 134} {46 134} {46 134} {44 136} {43 137} n n n n n n n n n n n n n n {47 133} {46 134} {45 135} {46 134} {45 135} {45 135} {46 134} {46 134} {46 134} {45 135} n n n n n n n n n {45 135} {45 135} {46 134} {46 134} {46 134} {46 134} {46 134} {45 135} {45 135} {44 136} n n n n n n n n n {46 134} {47 133} {44 136} {45 135} {47 133} {46 134} {45 135} {47 133} {46 134} {45 135} n n n n {44 136} {47 133} {44 136} {47 133} {45 135} n n n n {44 136} {47 133} {45 135} {46 134} {45 135} {47 133} n n n n n n n n n n n n n {42 138} {46 134} {45 135} {44 136} {46 134} {44 136} {45 135} {47 133} {46 134} {47 133} {44 136} n n n n n n n n {46 134} {44 136} {46 134} {45 135} {47 133} {46 134} {44 136} {45 135} {45 135} {44 136} n n n

55.1: Count:   8.8 (  7.0) A:  17.4 [10-62] B:  34.5 [10-112] Phase: 93% 140 (14.8) Direction:  {45 135}  10% 144 ( 4.6) Direction:  {46 134}
Phase: {136,24,18,23,26,68,60,41,32,34,35,71,42,46,50,40,60,84,79,45,50,53,76,69,112,55,38,109,81,106,84,114,109,98,155,114,125,201,175,198,162,154,171,221,179,339,184,209,266,231,210,272,291,293,251,318,386,300,347,349,329,387,347,425,308,406,532,391,431,466,443,398,549,581,559,603,569,605,483,667,642,683,629,597,768,689,712,730,689,676,1417,810,905,969,1098,1133,1218,1125,1226,1350,1394,1461,1284,1591,1709,1820,1640,2091,2295,1876,2204,2473,2776,2969,3103,3196,2932,4229,4020,4285,4572,4851,5389,5381,5854,6216,6602,7068,7479,8161,8279,9057,9273,9872,9818,11104,10515,11527,11404,12041,11781,12407,11832,11950,11472,11574,11306,10278,10216,9942,9458,8775,8347,8364,6731,6871,6454,6206,5716,5310,4871,4214,4478,4105,3448,3524,3209,2958,2589,2635,2403,2275,2020,1852,1845,1707,1614,1429,1272,1028,1821,843,917,920,907,883,805,686,643,622,558,561,467,499,455,417,361,374,353,254,297,268,288,259,271,206,159,243,213,138,167,167,144,87,131,140,108,101,101,92,61,87,81,57,38,83,49,54,48,43,23,41,22,48,26,37,32,22,28,9,29,16,23,23,17,20,29,8,14,11,14,6,16,11,4,6,3,11,13,22,15,4,2,8,9,7,2,7,6,2,15,8,2,3,7,6,6,2,2,2,9,8,1,4,1,10,4,3,2,0,5,6,3,14,3,4,4,9,11,17,11,2,10,7,8,10,4,12,6,9,5,18,14,10,13,25,12,11,18,13,8,19,5,26,10,20,18,7,23,14,22,21,23,28,6,15,48,22,25,36,16,19,43,45,41,27,21,27,30,56,36,6,31,41,55,50,21,32,15,28}
Count:   1.8   1.8  12.1  18.0  17.9  17.1  16.9  15.9  15.1  14.4  14.0  11.7   1.7   1.9   1.8   2.0   1.9   1.9   1.9   2.0   1.9  12.1  18.0  18.0  17.0  16.6  15.2  14.7  14.1  13.5  11.8   1.7   1.9   2.1   1.8   2.0   2.0   2.0   2.0   2.1   1.9   1.8   2.0   1.9   2.1  16.2  18.1  18.1  17.3  17.6  16.5  16.3  15.0  14.6   9.0   1.8   2.0   1.7   2.1   2.0   2.0   1.9   2.2   2.0  16.0  17.9  17.6  17.5  17.0  16.0  14.9  14.5  13.7   8.7   1.9   2.0   2.0   2.0   2.0   1.9   2.1   1.9   2.2   1.9   2.0   2.1   2.0   3.3  18.6  18.4  17.7  17.8  17.6  16.8  16.4  15.1  15.4   6.8   2.0   1.9   2.0   2.0   2.0   1.9   1.8   2.1   3.7  18.4  17.9  18.1  17.1  16.4  15.4  15.1  14.3  13.9   6.0   2.1   2.0   2.2   1.9   2.1   2.1   2.1   2.1   3.1  18.3  18.2  17.1  17.3  15.8  15.5  14.6  13.9  13.6   6.0   1.9   2.1   1.9   2.1  15.3  17.3  15.8  15.1  12.7   1.8   2.0   2.1   2.2   7.1  18.1  17.0  16.0  14.5   6.9   2.1   2.1   2.1   2.1   2.1   2.0   2.0   2.0   2.0   2.0   2.0   2.0   2.0   7.1  18.3  18.2  18.1  17.6  17.3  16.8  16.1  14.9  14.8   4.4   2.3   2.1   2.1   2.0   2.1   2.1   2.0   1.9   7.0  18.2  18.2  17.3  17.5  16.9  15.5  14.7  13.8  13.9   3.8   2.2   2.2 
A: 11.9 12.1 18.4 18.9 18.8 18.8 18.4 17.9 18.6 17.4 16.4 15.6 12.2 12.0 12.1 11.9 12.1 12.1 12.2 12.0 12.0 17.5 18.5 18.7 18.7 17.9 18.1 17.7 16.8 15.8 14.8 11.9 12.1 12.0 12.1 12.0 12.0 12.3 12.1 12.3 12.0 12.1 12.0 12.0 12.1 19.1 18.2 18.8 18.6 18.3 17.9 18.4 17.8 17.6 16.4 12.3 12.2 12.0 12.1 12.3 11.9 12.1 12.0 11.9 18.9 18.9 18.4 18.3 18.2 18.3 17.5 17.1 16.2 15.3 12.3 12.1 11.9 12.1 11.9 12.1 12.0 12.3 12.0 12.2 12.2 12.1 12.1 14.1 19.2 18.7 18.9 18.5 18.7 18.2 18.7 17.7 17.6 16.4 12.2 12.2 11.9 12.1 12.2 12.4 12.0 12.4 14.4 18.9 18.7 18.7 18.7 18.2 18.3 17.6 16.9 16.3 14.9 12.3 11.9 12.1 12.1 11.9 12.0 12.0 12.0 15.8 18.7 19.0 18.2 18.2 17.9 17.7 17.3 16.3 15.4 14.2 12.3 12.1 12.1 12.1 18.5 18.2 18.3 17.6 16.9 12.3 12.3 12.2 12.0 16.7 18.8 18.4 18.1 17.3 17.0 12.3 11.9 12.3 12.1 12.0 12.2 12.2 12.3 11.9 12.1 12.2 12.1 12.4 16.7 18.7 19.0 18.8 18.5 18.8 18.1 18.3 17.9 17.5 16.1 12.1 12.0 12.1 11.9 12.2 11.9 12.3 12.0 17.5 18.9 18.7 18.8 18.3 18.1 18.2 17.4 16.9 15.9 13.9 12.2 12.0 
B: 18.8 19.3 36.7 37.7 37.8 37.3 36.6 35.4 36.8 33.9 32.4 30.9 20.3 20.0 20.3 20.3 20.0 19.9 20.0 20.1 19.9 35.9 37.8 38.2 37.7 35.7 36.1 35.3 32.5 31.1 28.3 20.2 20.0 19.7 19.9 20.0 19.9 20.5 19.8 19.9 19.8 20.5 20.1 19.9 19.9 39.1 37.1 38.0 37.4 37.4 35.8 37.0 35.5 35.2 31.9 20.8 20.8 19.9 19.7 19.8 20.3 19.8 19.5 19.1 39.0 38.5 37.5 36.9 36.4 36.7 34.9 34.0 31.9 29.4 20.3 19.7 19.8 20.0 19.7 19.9 19.8 20.2 20.2 19.6 20.3 20.0 20.3 25.8 39.7 38.3 38.9 37.9 38.4 36.6 37.6 35.5 35.2 31.9 20.8 20.4 20.0 20.5 20.0 20.5 20.7 20.5 27.1 39.0 38.5 38.7 38.3 37.3 37.0 35.4 33.7 32.8 28.0 21.6 19.3 19.5 20.5 20.0 19.8 19.6 19.9 30.5 38.7 39.2 37.3 37.2 36.1 35.5 34.9 32.7 30.1 25.9 20.3 20.5 20.3 19.9 37.8 37.2 36.8 35.4 33.7 20.1 20.1 19.4 20.2 33.1 38.8 37.3 36.3 34.7 33.4 21.0 20.0 19.9 19.7 19.8 20.8 20.0 19.8 19.5 19.9 19.5 20.1 20.3 33.4 38.4 38.5 38.4 37.7 38.2 36.4 36.6 35.7 34.6 31.0 20.4 19.9 20.3 19.8 20.2 20.0 19.9 19.7 35.0 38.6 38.2 38.2 37.0 36.6 36.7 34.7 33.4 31.3 25.1 20.6 19.4 
Direction:  n n {45 135} {44 136} {45 135} {44 136} {45 135} {45 135} {45 135} {44 136} {45 135} {42 138} n n n n n n n n n {46 134} {46 134} {46 134} {47 133} {45 135} {45 135} {46 134} {45 135} {45 135} {44 136} n n n n n n n n n n n n n n {46 134} {46 134} {46 134} {46 134} {45 135} {45 135} {46 134} {47 133} {45 135} {45 135} n n n n n n n n n {45 135} {45 135} {46 134} {45 135} {46 134} {46 134} {45 135} {46 134} {44 136} {46 134} n n n n n n n n n n n n n n {45 135} {44 136} {46 134} {45 135} {45 135} {46 134} {46 134} {45 135} {44 136} {44 136} n n n n n n n n n {46 134} {46 134} {46 134} {47 133} {45 135} {45 135} {45 135} {46 134} {46 134} {45 135} n n n n n n n n n {45 135} {47 133} {45 135} {45 135} {46 134} {45 135} {46 134} {44 136} {44 136} {46 134} n n n n {43 137} {44 136} {45 135} {45 135} {45 135} n n n n {46 134} {45 135} {45 135} {44 136} {46 134} {46 134} n n n n n n n n n n n n n {44 136} {45 135} {45 135} {46 134} {44 136} {45 135} {46 134} {45 135} {45 135} {46 134} {49 131} n n n n n n n n {44 136} {45 135} {46 134} {46 134} {47 133} {45 135} {44 136} {45 135} {46 134} {46 134} n n n

55.2: Count:   9.6 (  7.0) A:  17.5 [10-56] B:  33.5 [10-113] Phase: 100% 140 (19.3) Direction:  {45 135}
Phase: {732,134,161,159,191,350,341,268,181,191,272,336,197,241,222,259,197,295,254,216,219,257,324,216,340,226,207,346,299,366,311,303,345,254,400,410,361,423,371,470,418,441,420,392,367,628,405,458,499,505,482,516,597,642,576,547,677,480,692,632,663,653,703,820,496,727,883,710,829,880,844,681,949,931,804,922,896,893,760,1075,1082,1057,1029,983,1145,1175,1237,1167,1191,1047,2281,1111,1369,1436,1539,1501,1726,1603,1739,1925,1947,2103,1780,2236,2186,2465,2442,2771,2897,2416,2939,3252,3623,3745,3886,3750,3638,4962,4875,5060,5047,5414,5968,5840,6782,7029,7364,7562,7873,8375,8403,8978,9110,9371,9000,10350,9378,10028,9944,10242,9819,10370,10199,9943,9775,9555,9411,8801,9130,8727,8376,8046,8205,8186,6572,6779,6839,6281,6057,5584,5417,4730,4890,4756,4082,4016,3582,3542,2853,3172,2770,2647,2350,2435,2193,1928,1945,1653,1670,1361,2446,1080,1255,1194,1149,1065,1049,925,907,831,818,783,596,664,596,618,509,593,579,394,474,421,397,358,384,357,245,361,261,280,269,302,296,210,245,241,197,205,175,166,117,148,132,155,123,189,111,103,123,113,81,100,78,100,79,92,105,52,73,78,80,71,84,63,52,64,87,52,53,61,47,30,53,33,26,41,46,29,25,51,40,40,26,25,48,35,16,16,33,15,59,23,15,19,19,24,17,13,24,23,24,34,17,16,18,27,22,27,20,12,26,18,38,22,36,22,29,37,37,39,32,36,33,20,68,28,35,67,51,70,42,49,57,57,57,82,85,48,81,79,51,119,53,161,61,146,139,53,120,94,122,168,125,171,87,90,238,143,198,187,139,100,189,276,183,212,166,115,126,356,258,122,196,188,343,338,192,176,122,135}
Count:   2.3   2.5  12.8  19.0  18.7  18.1  18.0  16.6  16.0  15.1  14.9  11.9   2.4   2.9   2.5   2.7   2.7   2.7   2.6   2.8   2.8  12.6  19.0  18.5  17.9  17.3  16.1  15.2  14.7  14.3  12.5   2.6   2.8   2.9   2.7   2.9   2.8   2.7   2.7   3.1   2.8   3.0   2.7   3.0   2.6  17.0  18.9  18.6  18.1  18.3  17.5  17.3  15.6  15.5   9.7   2.7   2.8   3.0   3.0   2.8   2.8   2.9   2.9   2.8  16.9  18.7  18.6  18.6  17.8  16.9  15.6  15.0  14.6   9.3   2.9   2.6   3.0   2.9   2.8   2.7   2.9   2.8   2.9   2.6   2.8   2.8   3.0   4.0  18.9  19.1  18.8  18.3  18.3  17.4  17.3  16.2  16.5   7.5   2.7   2.7   2.8   2.9   2.6   2.9   2.8   3.0   4.5  19.1  18.7  18.9  18.0  16.8  16.3  15.7  14.9  14.9   6.6   2.9   2.9   2.8   2.7   2.8   2.8   3.0   3.0   4.1  19.3  18.8  18.1  18.1  16.7  16.3  15.5  14.9  14.2   6.7   2.6   3.1   3.0   2.7  16.0  18.3  16.7  15.9  13.7   2.4   2.8   2.8   2.8   7.5  18.9  17.9  16.9  15.4   7.8   2.8   2.7   3.0   2.9   2.7   2.8   2.8   2.8   3.0   3.0   2.9   2.7   2.9   7.9  19.0  19.1  19.2  18.7  18.3  18.0  16.8  16.0  15.4   5.4   2.9   2.9   2.8   2.8   2.8   2.9   2.9   3.0   7.9  19.0  19.1  18.2  18.7  17.7  16.6  15.6  14.7  14.5   4.5   3.2   3.2 
A: 12.0 12.1 18.8 19.3 19.1 19.1 18.9 18.1 18.8 17.6 16.5 15.7 12.1 11.8 12.2 11.8 12.1 12.0 12.2 12.0 12.1 18.3 19.3 19.6 19.1 18.1 18.5 17.9 16.8 15.8 15.1 11.9 12.0 12.1 12.1 12.1 12.1 12.0 12.0 12.2 12.0 12.0 12.0 12.0 12.1 19.4 18.8 19.3 19.1 18.9 18.5 18.7 18.2 17.6 16.5 12.3 12.1 12.1 12.0 12.1 11.9 12.0 12.3 12.0 19.3 19.4 19.1 18.8 18.3 18.4 17.8 17.4 16.2 15.2 12.1 12.0 12.0 12.2 12.1 12.1 12.0 12.1 12.0 12.1 12.0 12.1 12.1 13.6 19.5 19.1 19.2 18.7 19.1 18.5 19.0 17.9 18.2 16.2 12.3 12.3 12.2 12.0 12.1 12.1 11.8 12.1 14.6 19.4 19.1 18.8 19.3 18.6 18.8 17.8 17.2 16.4 14.9 12.0 12.0 11.9 12.1 12.1 12.0 12.1 11.9 14.5 19.3 19.1 18.9 18.8 18.2 18.1 17.5 16.6 15.6 14.1 12.2 12.1 12.0 12.1 18.6 19.0 18.2 17.4 17.0 12.0 12.1 12.1 12.1 16.7 19.5 18.7 18.6 17.6 16.6 12.1 12.0 12.0 11.9 12.0 12.1 12.1 12.3 12.0 12.0 12.3 12.1 12.1 16.7 19.4 19.1 19.1 19.3 18.9 18.4 18.6 18.2 17.5 15.7 12.2 12.0 12.0 12.1 11.9 11.8 12.1 11.9 17.2 19.2 19.2 19.3 18.9 18.7 18.6 17.7 17.2 16.0 13.8 12.1 11.8 
B: 17.3 17.2 36.5 38.0 37.6 37.2 36.7 35.0 36.3 33.2 31.1 29.2 18.7 18.0 18.5 18.4 18.4 18.1 18.3 17.9 17.9 36.0 38.6 38.9 37.5 35.2 35.8 34.3 31.6 29.8 27.6 17.6 18.2 18.2 17.9 18.0 18.0 18.2 17.8 17.6 17.8 18.1 17.9 17.9 18.3 39.0 38.1 38.6 38.0 37.5 36.1 36.7 35.4 34.0 31.2 18.5 18.3 18.0 17.8 18.0 18.2 18.4 18.2 18.2 38.8 38.6 37.8 37.1 36.0 36.0 34.6 33.4 30.6 27.5 19.0 17.9 18.4 18.1 17.9 18.3 18.3 17.8 18.1 18.0 18.2 17.9 18.3 22.5 39.5 38.5 38.8 37.8 38.1 36.6 37.5 34.5 35.6 30.1 19.4 18.2 18.1 18.5 18.3 18.1 17.9 18.4 25.7 39.3 38.6 37.7 38.5 36.9 36.8 34.4 33.2 31.0 26.7 18.3 17.8 17.7 18.1 18.5 17.6 18.6 18.0 25.3 39.1 38.9 37.6 37.8 35.4 35.5 33.8 31.9 29.0 24.2 18.3 18.2 18.5 18.1 36.8 37.8 35.9 33.6 33.3 18.0 18.1 17.8 18.2 31.7 39.2 36.9 36.4 34.2 30.7 18.9 18.6 17.6 17.7 18.1 18.1 18.2 18.3 18.0 17.7 18.3 18.6 18.3 32.1 39.3 38.5 37.9 38.5 37.3 36.3 36.4 35.4 33.4 28.5 17.9 18.1 18.2 18.5 18.1 17.8 18.4 17.6 33.2 38.6 38.5 38.4 37.5 36.4 36.6 34.3 33.0 30.2 23.4 17.9 18.2 
Direction:  n n {43 137} {43 137} {43 137} {43 137} {46 134} {46 134} {45 135} {43 137} {42 138} {46 134} n n n n n n n n n {43 137} {45 135} {45 135} {45 135} {46 134} {46 134} {45 135} {46 134} {46 134} {41 139} n n n n n n n n n n n n n n {46 134} {45 135} {43 137} {45 135} {46 134} {46 134} {43 137} {42 138} {45 135} {43 137} n n n n n n n n n {45 135} {46 134} {44 136} {45 135} {45 135} {45 135} {43 137} {44 136} {45 135} {45 135} n n n n n n n n n n n n n n {44 136} {45 135} {45 135} {46 134} {46 134} {44 136} {44 136} {43 137} {47 133} {44 136} n n n n n n n n n {46 134} {45 135} {43 137} {46 134} {47 133} {45 135} {43 137} {44 136} {43 137} {40 140} n n n n n n n n n {44 136} {45 135} {46 134} {44 136} {44 136} {44 136} {45 135} {44 136} {42 138} {45 135} n n n n {44 136} {46 134} {44 136} {45 135} {45 135} n n n n {43 137} {47 133} {43 137} {46 134} {46 134} {46 134} n n n n n n n n n n n n n {43 137} {45 135} {44 136} {45 135} {44 136} {44 136} {45 135} {45 135} {43 137} {43 137} {47 133} n n n n n n n n {47 133} {46 134} {46 134} {45 135} {45 135} {46 134} {45 135} {44 136} {44 136} {46 134} n n n

55.3: Count:   9.6 (  6.9) A:  17.6 [10-60] B:  33.3 [10-129] Phase: 100% 139 (22.3) Direction:  {44 136}
Phase: {414,66,45,83,97,176,186,107,139,98,165,197,120,134,136,131,135,189,202,128,174,224,201,174,258,172,149,284,274,280,287,247,306,276,330,290,334,439,340,444,341,439,502,421,379,706,405,569,619,671,517,689,666,726,681,724,837,625,784,809,786,958,890,1125,670,944,1110,998,1097,1057,963,815,1216,1224,1011,1174,1206,1280,1033,1479,1325,1408,1249,1325,1552,1441,1523,1493,1391,1303,2917,1369,1660,1714,2031,2010,2179,1903,2076,2205,2279,2608,2118,2620,2747,2928,2833,3236,3484,2930,3468,3581,4106,3962,4521,4482,4265,5588,5534,5442,5549,6057,6729,6244,7032,7369,7359,7638,7737,8121,8010,8319,8315,8444,8243,9205,8378,8964,9120,9291,8849,9120,9117,8972,8975,8583,8526,8090,8160,7691,7480,7309,7302,7780,6115,6501,6398,6201,5965,5847,5440,4848,5162,5061,4300,4339,3841,3846,3321,3191,3134,2957,2621,2478,2415,2290,2309,2024,1877,1502,2440,1297,1442,1297,1379,1299,1216,1059,934,972,943,833,639,797,694,667,514,674,595,426,451,507,438,399,428,348,255,382,310,262,253,210,265,176,216,185,165,205,179,174,90,141,141,87,93,148,77,83,75,102,67,80,80,72,52,63,58,37,61,44,36,53,41,41,35,43,48,26,30,31,25,15,29,22,9,17,16,26,21,24,15,19,12,14,22,14,14,9,7,10,19,4,3,5,6,13,17,19,10,9,11,23,7,15,6,8,4,11,12,11,6,9,9,8,18,1,4,16,11,4,12,3,6,6,21,18,6,24,3,29,11,16,15,12,19,29,17,9,30,28,12,39,24,56,20,43,53,16,43,51,41,62,41,54,31,33,97,51,53,61,56,34,76,131,59,77,52,55,73,171,97,36,71,93,173,138,79,63,54,52}
Count:   2.4   2.3  13.3  18.8  18.4  18.1  17.8  16.6  16.1  14.5  14.4  11.4   2.6   2.8   2.8   2.7   2.6   2.7   2.6   2.9   2.9  13.0  18.6  18.6  17.5  17.1  15.8  15.2  14.6  13.2  11.6   2.7   2.8   2.8   2.8   3.0   2.8   2.8   2.7   2.8   2.7   3.3   2.7   3.0   2.9  17.2  19.0  18.6  18.0  18.2  17.4  16.8  15.8  15.4   9.6   2.9   2.9   2.9   2.8   2.9   2.8   2.9   2.7   3.0  17.1  18.9  18.3  18.6  17.8  16.5  15.3  15.2  13.7   8.9   2.8   2.8   3.0   2.9   3.0   2.9   2.9   2.7   3.0   2.8   3.0   2.9   3.0   4.3  19.2  19.1  18.9  18.5  18.1  17.3  17.2  15.9  16.3   7.6   3.0   2.8   3.0   2.9   2.9   2.9   2.9   3.1   4.4  19.2  18.8  18.7  17.8  17.1  16.3  15.4  14.5  14.5   6.5   3.1   2.8   3.2   2.9   2.7   2.9   3.1   3.0   4.1  19.4  18.9  18.1  17.8  16.8  16.4  15.2  14.5  13.7   6.5   2.9   3.0   3.0   2.9  16.3  18.2  16.3  15.5  13.0   2.9   2.8   2.9   2.8   7.6  18.8  17.6  16.8  15.4   7.6   2.9   2.9   2.9   2.9   2.7   3.1   2.8   2.8   3.2   2.9   3.0   2.9   3.0   8.0  19.1  18.6  19.3  19.1  17.9  17.8  17.1  16.2  15.6   5.0   2.8   3.0   3.0   2.7   2.8   3.0   3.2   3.0   8.1  18.8  19.3  18.2  18.5  17.3  16.5  14.7  14.5  13.5   4.6   3.0   3.1 
A: 11.9 11.8 18.8 19.3 19.3 18.9 19.0 18.2 18.5 17.5 16.7 15.8 12.2 11.9 11.9 11.8 12.0 12.0 12.0 12.0 12.0 18.2 19.6 19.6 19.5 18.2 18.7 17.9 17.0 15.6 15.3 11.9 11.8 12.1 11.7 11.8 11.9 11.9 12.0 11.9 12.0 11.9 12.0 12.1 11.9 19.5 19.3 19.5 19.4 19.2 18.9 18.9 18.4 17.7 16.3 12.1 12.1 12.0 12.0 12.2 11.9 12.0 11.9 12.0 19.8 19.8 19.3 19.3 18.7 18.3 18.0 17.3 16.4 15.2 12.2 11.9 11.9 11.9 11.9 11.8 12.0 12.0 12.0 11.9 12.1 12.1 12.0 14.0 19.7 19.5 19.7 18.9 19.3 18.8 18.7 18.1 18.0 16.3 12.2 11.9 11.9 11.8 12.0 12.0 11.8 12.0 14.5 19.4 19.5 19.1 19.1 18.8 18.5 17.8 17.3 16.7 14.9 12.0 11.9 11.8 11.9 12.1 11.9 11.9 11.9 14.3 19.7 19.5 19.0 19.1 18.6 18.2 17.2 16.8 15.7 14.1 11.9 12.0 12.0 12.0 18.8 19.3 18.5 17.5 17.1 11.9 11.9 12.0 12.0 17.0 19.6 18.9 18.5 17.8 16.6 11.9 11.9 12.0 12.0 12.0 12.1 11.9 12.1 11.8 11.8 12.0 12.1 12.0 17.0 19.7 19.4 19.5 19.6 19.3 18.9 18.6 18.3 17.7 15.7 12.1 11.9 12.0 11.9 12.0 11.9 11.9 12.0 17.1 19.4 19.6 19.4 19.4 18.9 18.9 17.6 17.0 16.2 13.5 12.1 12.0 
B: 16.5 16.5 36.3 37.8 37.6 36.6 36.5 34.6 35.1 32.5 30.7 28.4 17.9 17.2 17.9 18.0 18.0 17.6 17.5 17.7 17.7 35.5 38.7 38.6 38.0 35.2 35.9 33.8 31.8 28.3 27.2 17.9 17.2 17.9 17.3 16.9 17.3 17.8 18.0 17.5 17.9 17.3 17.9 17.6 17.8 39.0 38.8 38.7 38.3 38.0 36.6 36.8 35.7 33.8 30.5 18.0 18.1 17.6 17.9 18.1 17.7 17.7 17.5 17.3 39.2 39.2 38.0 38.2 36.5 35.3 34.4 32.6 30.7 26.9 18.5 17.8 17.6 17.6 17.4 17.6 17.5 17.4 17.6 17.1 17.7 17.5 17.3 23.6 39.5 39.1 39.3 37.4 38.2 36.9 36.4 34.9 34.5 30.1 18.4 17.6 17.2 17.8 17.6 17.8 17.5 18.0 25.6 39.2 39.4 38.4 37.9 37.4 35.9 34.1 33.0 31.5 26.2 18.2 17.5 17.6 17.5 18.0 17.4 17.7 17.9 24.7 39.8 39.1 37.5 37.9 36.1 35.5 33.0 31.7 28.3 23.6 17.8 17.4 17.7 17.3 37.2 38.3 35.6 33.5 32.9 17.2 17.8 17.3 17.8 32.2 39.5 37.2 35.9 34.1 30.5 17.7 17.7 17.5 17.7 17.4 17.7 17.6 17.6 17.6 17.5 17.7 18.1 16.9 32.1 39.1 39.0 38.5 39.0 37.7 36.8 35.7 35.2 33.4 28.0 17.8 17.8 17.5 18.2 17.9 17.2 17.8 17.9 32.1 38.6 39.4 38.6 38.4 36.7 37.0 33.6 32.1 30.1 22.2 17.9 17.8 
Direction:  n n {47 133} {44 136} {43 137} {45 135} {42 138} {43 137} {46 134} {46 134} {44 136} {38 142} n n n n n n n n n {45 135} {45 135} {45 135} {43 137} {47 133} {45 135} {46 134} {43 137} {42 138} {40 140} n n n n n n n n n n n n n n {43 137} {48 132} {43 137} {46 134} {44 136} {45 135} {44 136} {45 135} {44 136} {41 139} n n n n n n n n n {45 135} {44 136} {44 136} {44 136} {46 134} {45 135} {44 136} {44 136} {43 137} {43 137} n n n n n n n n n n n n n n {44 136} {44 136} {43 137} {45 135} {45 135} {44 136} {47 133} {44 136} {43 137} {41 139} n n n n n n n n n {46 134} {46 134} {45 135} {44 136} {44 136} {44 136} {48 132} {45 135} {44 136} {39 141} n n n n n n n n n {44 136} {46 134} {45 135} {42 138} {45 135} {46 134} {43 137} {44 136} {44 136} {43 137} n n n n {45 135} {46 134} {45 135} {46 134} {46 134} n n n n {45 135} {44 136} {45 135} {45 135} {45 135} {46 134} n n n n n n n n n n n n n {45 135} {42 138} {46 134} {45 135} {44 136} {43 137} {45 135} {45 135} {47 133} {44 136} {43 137} n n n n n n n n {44 136} {44 136} {44 136} {45 135} {44 136} {45 135} {47 133} {44 136} {48 132} {44 136} n n n

55.4: Count:   8.5 (  6.8) A:  17.8 [10-56] B:  35.0 [10-126] Phase: 100% 140 (18.4) Direction:  {44 136}
Phase: {252,30,24,40,62,119,100,47,64,61,79,127,45,79,63,74,85,99,82,72,64,102,119,95,166,73,67,132,111,139,127,125,145,131,186,162,139,215,175,234,168,222,221,204,200,421,223,263,293,312,293,391,338,395,367,407,439,317,470,465,483,477,487,579,382,454,624,525,638,657,678,516,709,751,623,763,699,751,675,926,793,823,766,823,956,967,1045,943,886,883,1906,853,1004,1207,1284,1421,1444,1321,1401,1537,1629,1801,1547,1933,1946,2096,2021,2442,2497,2069,2665,2784,3115,3061,3489,3643,3331,4486,4500,4713,5025,5397,5886,5685,6540,6887,7037,7500,7577,8397,8292,8902,8811,9331,8794,10216,9064,9878,9608,9940,9602,9732,9416,9358,9673,9014,9372,8461,9036,8369,8028,7945,7742,7826,6239,6566,6393,6211,5834,5178,4962,4354,4657,4125,3762,3513,3320,3042,2680,2772,2438,2292,1998,1897,1811,1725,1560,1368,1354,1077,1717,896,881,844,917,827,773,699,598,605,639,571,444,506,413,410,338,346,336,211,293,268,237,207,217,185,118,209,153,139,129,112,110,86,113,92,80,97,72,103,49,58,74,56,42,80,36,25,44,44,26,27,35,41,17,21,19,14,18,18,18,20,16,21,9,1,15,9,10,24,9,8,13,12,5,10,7,8,13,24,2,5,4,4,7,7,0,1,4,7,14,3,3,3,2,1,10,2,2,1,0,7,5,4,7,3,0,8,4,6,1,1,2,2,5,0,2,1,1,5,4,6,2,0,8,2,6,9,4,11,2,3,3,3,2,20,11,5,9,15,6,18,5,29,11,18,23,10,23,13,13,38,26,19,9,8,52,27,40,42,22,22,34,57,30,49,32,39,43,97,62,21,37,43,94,97,38,29,34,39}
Count:   1.7   1.6  12.3  18.0  17.4  16.7  16.5  15.4  14.5  13.2  12.7  10.1   1.7   1.9   1.8   1.9   1.9   1.8   1.8   1.9   1.8  12.2  17.8  17.6  16.7  15.8  14.6  13.7  12.9  11.5   9.9   1.7   1.9   2.0   1.8   2.0   1.8   1.9   1.9   1.9   1.8   2.1   1.9   2.0   2.0  16.5  18.0  18.0  17.0  16.9  16.3  15.7  14.4  13.8   8.2   2.4   2.2   1.9   1.9   2.0   2.1   2.1   2.0   2.2  16.2  17.8  17.6  17.6  15.9  14.9  13.9  13.4  11.8   7.6   2.1   1.8   2.0   2.0   1.9   1.9   2.1   1.9   2.0   1.8   2.0   1.9   2.0   3.7  18.4  18.0  18.3  17.4  17.1  16.4  16.1  14.5  14.8   6.3   2.1   2.1   2.1   2.0   2.0   2.1   2.1   2.2   3.8  18.0  18.2  17.5  16.7  15.9  15.0  13.8  12.9  12.4   4.9   2.0   1.9   2.2   2.0   2.2   1.9   2.2   2.0   3.4  18.7  17.7  17.2  16.4  15.4  14.8  13.3  12.7  11.7   5.3   2.0   2.0   2.0   2.1  15.3  17.3  15.0  14.1  12.0   2.0   2.0   2.1   2.1   7.0  17.6  16.5  15.3  14.0   6.3   2.1   2.0   2.0   2.0   1.9   2.2   2.0   2.0   2.1   1.9   1.8   2.0   1.9   7.2  18.4  18.2  18.2  17.8  16.1  16.5  15.4  14.6  13.7   4.0   2.3   2.1   1.9   2.0   2.0   1.9   2.1   2.2   7.5  18.1  18.4  16.9  17.1  16.1  14.9  13.2  12.9  11.9   3.2   2.1   2.1 
A: 11.8 12.0 19.0 19.2 20.0 19.2 18.7 18.3 18.5 17.4 16.5 15.9 12.4 11.8 11.7 12.0 12.1 11.7 12.0 12.0 11.8 18.5 19.4 19.5 19.2 18.3 18.7 17.9 16.9 15.6 15.0 12.0 12.1 11.9 12.0 12.1 11.9 11.8 12.1 11.8 11.9 11.6 11.9 11.9 11.8 19.5 19.0 19.5 19.3 18.9 18.9 19.1 18.5 17.5 16.2 12.1 12.0 12.0 12.0 11.8 11.5 11.7 11.8 11.8 19.6 19.9 19.1 19.5 18.8 18.3 18.2 17.2 16.1 15.1 12.2 11.9 11.8 11.9 12.0 11.8 11.7 12.0 12.0 12.0 11.9 12.1 12.0 14.3 19.7 19.8 19.7 18.6 19.4 19.0 18.7 18.4 17.8 16.8 12.1 12.1 11.8 11.8 12.0 12.1 11.7 12.1 15.3 19.3 19.6 19.0 19.3 18.8 18.4 17.4 17.7 16.4 15.0 12.0 11.9 12.0 12.1 12.0 11.8 12.0 12.0 15.0 19.7 19.3 18.8 19.2 18.3 17.9 17.3 16.9 15.6 14.0 12.1 12.1 11.8 12.0 19.0 19.4 18.3 17.6 16.9 11.8 11.9 11.9 11.9 17.3 19.7 19.3 18.4 17.8 16.4 12.0 11.8 12.0 11.9 12.0 12.0 11.7 11.8 12.1 11.7 12.1 12.1 12.1 16.7 19.2 19.4 19.4 19.7 19.3 19.1 18.5 18.1 17.7 16.3 12.0 11.8 11.7 12.1 12.0 11.7 12.0 12.1 17.4 19.6 19.5 18.9 19.4 18.9 18.6 17.9 17.2 15.9 13.9 12.0 11.9 
B: 16.8 17.5 37.7 38.9 39.9 38.2 37.2 35.7 35.9 33.2 31.9 29.8 18.8 17.6 18.3 18.6 19.0 17.8 17.4 18.4 18.2 37.5 39.5 39.4 38.4 36.1 37.1 35.1 32.7 29.5 27.6 18.9 18.1 17.6 18.7 18.4 18.0 18.5 18.2 17.9 18.2 17.8 17.6 18.1 18.6 39.9 39.1 39.5 38.8 38.1 37.7 37.8 36.7 34.1 31.1 19.4 18.0 18.4 18.6 17.9 17.7 18.0 17.4 17.5 40.2 40.5 38.4 39.1 37.6 36.3 35.8 33.2 31.0 28.1 19.3 18.3 18.1 18.0 18.7 18.0 18.0 18.1 18.6 17.8 17.9 18.0 17.7 26.4 40.6 40.5 40.2 37.7 39.5 38.5 37.8 36.7 35.5 32.4 19.5 17.7 17.8 18.6 17.8 17.9 17.9 18.8 28.6 39.8 40.4 39.4 39.1 38.0 36.9 34.4 35.2 31.5 27.2 19.1 18.3 17.6 18.2 17.6 18.0 18.2 18.4 27.4 41.0 39.4 38.3 39.1 36.1 35.8 34.2 33.1 29.2 24.6 18.5 18.2 18.6 18.0 38.6 39.4 36.5 34.7 33.2 18.1 17.9 17.9 18.0 33.9 40.2 39.0 36.8 35.3 31.9 18.6 18.5 18.4 18.5 18.5 17.8 17.8 18.0 18.6 18.0 18.1 18.5 18.1 33.1 39.5 39.7 39.8 40.0 38.9 38.2 36.8 35.4 34.5 30.5 18.5 18.3 17.9 18.1 18.6 17.7 18.4 18.3 34.4 39.8 40.1 38.0 39.4 38.1 37.3 35.0 34.0 30.4 25.0 18.9 17.7 
Direction:  n n {43 137} {44 136} {44 136} {44 136} {44 136} {44 136} {42 138} {45 135} {46 134} {44 136} n n n n n n n n n {42 138} {43 137} {45 135} {45 135} {44 136} {45 135} {44 136} {43 137} {45 135} {41 139} n n n n n n n n n n n n n n {41 139} {43 137} {45 135} {42 138} {45 135} {46 134} {43 137} {43 137} {42 138} {41 139} n n n n n n n n n {44 136} {44 136} {42 138} {44 136} {44 136} {43 137} {44 136} {43 137} {45 135} {44 136} n n n n n n n n n n n n n n {46 134} {45 135} {43 137} {46 134} {45 135} {46 134} {44 136} {46 134} {46 134} {43 137} n n n n n n n n n {46 134} {43 137} {44 136} {42 138} {44 136} {41 139} {44 136} {46 134} {42 138} {42 138} n n n n n n n n n {44 136} {44 136} {45 135} {44 136} {43 137} {45 135} {46 134} {46 134} {43 137} {39 141} n n n n {44 136} {44 136} {45 135} {41 139} {45 135} n n n n {44 136} {46 134} {44 136} {45 135} {43 137} {46 134} n n n n n n n n n n n n n {43 137} {44 136} {46 134} {45 135} {46 134} {44 136} {46 134} {43 137} {45 135} {43 137} {43 137} n n n n n n n n {44 136} {44 136} {45 135} {44 136} {44 136} {44 136} {44 136} {44 136} {44 136} {44 136} n n n

55.5: Count:   7.3 (  6.6) A:  17.9 [10-55] B:  36.8 [10-118] Phase: 100% 140 (13.5) Direction:  {44 136}
Phase: {7,4,1,2,1,1,5,4,0,2,4,7,4,3,2,2,4,7,8,3,4,5,6,9,23,5,8,11,14,21,5,16,25,3,19,21,18,19,28,24,32,27,23,40,27,90,35,41,54,70,47,74,62,90,80,111,104,54,102,132,102,110,123,161,76,126,209,121,191,202,162,96,227,216,199,260,247,249,195,300,294,277,249,275,333,288,299,368,347,298,777,326,359,448,499,570,682,556,659,691,855,1002,722,944,958,1025,1127,1284,1395,1289,1552,1674,1866,2020,2224,2355,2199,3112,3138,3458,3713,4022,4405,4441,5252,5672,6122,6764,7369,7764,8231,9087,9307,9922,9958,11190,10744,11535,11753,12084,11694,12031,11627,11665,11510,11025,10914,9726,10028,9490,8744,8346,7902,7719,6126,6314,5899,5478,4725,4333,4122,3488,3585,3194,2706,2657,2230,2031,1666,1783,1534,1416,1213,1162,1011,954,843,768,703,589,909,447,426,434,408,396,337,261,256,267,251,215,151,158,147,126,145,111,101,87,80,81,75,65,75,30,34,47,30,21,22,35,26,20,17,15,10,19,15,13,12,9,13,8,3,20,11,8,4,5,10,3,8,4,1,5,3,1,1,2,5,4,0,4,1,0,2,2,1,0,0,2,0,3,0,1,0,0,0,0,0,1,0,0,0,2,0,0,0,0,0,0,0,1,0,0,1,0,0,0,0,0,0,0,0,0,0,0,0,0,0,0,0,0,0,0,0,0,0,0,0,0,0,0,0,0,0,0,0,0,0,0,0,0,0,0,0,0,2,0,0,0,0,1,0,1,0,0,0,1,0,1,0,0,0,0,3,0,0,2,0,0,0,1,0,2,0,2,0,3,1,0,0,0,2,2,2,2,1,2}
Count:   0.8   1.1  11.7  17.2  16.5  15.6  14.9  13.7  12.4  11.7  10.8   8.2   1.0   1.0   1.1   1.1   1.2   0.9   0.9   1.1   1.2  11.1  16.9  16.6  15.4  14.3  13.0  12.2  11.1  10.0   8.2   1.0   1.1   0.9   1.1   1.1   1.1   1.1   1.1   0.9   1.1   0.9   1.1   1.2   1.1  15.3  17.3  16.8  15.9  15.6  15.0  14.4  12.8  12.3   6.7   1.2   1.1   1.1   1.1   1.0   0.9   1.2   1.0   1.2  15.4  16.6  16.1  16.5  14.3  13.5  11.9  11.4   9.7   5.8   1.2   1.1   1.0   1.1   1.1   1.0   1.2   1.1   1.1   0.9   1.0   1.1   1.1   2.8  17.8  17.4  17.0  16.3  15.6  15.0  14.1  13.2  13.1   5.2   1.0   1.1   1.2   1.1   1.1   1.0   1.0   1.2   2.9  17.1  17.0  16.4  15.4  14.5  13.5  11.8  11.1  10.9   3.9   1.2   1.1   1.3   1.0   1.1   1.1   1.1   1.0   2.5  18.0  16.7  15.7  15.0  13.9  13.0  11.6  10.6   9.6   3.8   1.1   1.2   1.1   1.3  14.4  16.3  13.6  12.4  10.5   1.0   1.1   1.1   1.1   6.3  16.2  15.2  14.0  12.3   4.7   1.2   1.0   1.1   1.2   1.2   1.1   1.1   1.1   1.1   1.2   1.0   1.2   1.1   6.6  17.2  17.2  17.1  16.7  14.9  15.2  13.9  12.9  11.9   3.0   1.2   1.0   1.1   1.0   1.3   1.0   1.2   1.1   6.7  17.0  17.5  15.3  15.9  14.5  13.3  11.5  11.0   9.8   2.4   1.3   1.2 
A: 11.9 11.8 19.0 19.1 19.4 19.0 18.4 18.4 18.1 17.4 16.6 15.3 12.3 11.7 12.0 12.1 12.1 12.1 11.9 12.1 11.7 19.1 19.2 19.1 19.0 18.3 18.2 17.8 16.7 15.4 14.5 12.2 11.9 12.0 11.9 11.7 12.1 12.0 11.9 12.0 11.5 12.1 11.8 11.8 11.9 19.5 18.8 19.1 19.0 18.6 18.7 19.2 18.0 17.4 16.4 12.4 11.7 11.8 11.7 11.9 11.9 11.8 11.9 12.0 19.3 19.0 18.9 18.9 18.7 18.3 17.8 16.8 16.0 15.0 12.1 11.7 11.7 11.9 11.8 12.0 11.8 12.0 12.0 11.7 11.9 11.9 11.8 14.2 19.6 19.5 19.4 18.4 18.8 18.5 18.3 18.7 17.5 17.3 12.0 12.1 11.9 11.9 12.0 12.2 12.0 12.1 16.4 19.1 19.3 18.7 18.8 19.0 18.5 17.7 17.3 15.8 14.8 12.1 11.7 11.9 11.8 11.8 11.9 12.0 11.7 16.2 19.4 18.8 18.4 18.7 18.2 17.7 17.2 16.4 14.8 13.8 12.2 12.0 11.8 11.9 18.8 19.2 18.0 17.7 16.7 12.1 12.0 11.9 11.8 17.9 18.6 19.2 18.2 17.7 17.6 12.2 11.8 11.8 11.9 12.1 11.8 11.8 11.9 12.1 11.8 12.0 11.9 12.0 17.6 19.2 19.3 19.0 19.2 18.7 18.8 18.3 17.9 17.4 16.7 12.0 12.1 11.6 12.1 12.0 11.8 11.6 11.8 17.4 19.1 19.2 18.3 19.2 18.9 18.0 17.8 17.0 15.8 14.1 11.9 11.9 
B: 18.3 20.3 39.1 39.7 40.1 39.2 37.7 37.3 36.4 35.0 33.2 30.4 21.1 20.0 21.3 19.8 20.5 20.2 19.4 21.2 20.0 39.9 40.1 39.9 39.5 37.6 37.4 36.2 33.6 30.9 28.4 20.7 19.6 19.5 20.3 20.0 19.6 19.8 20.2 20.6 19.9 19.9 19.6 20.1 20.2 41.4 39.8 39.9 39.8 38.7 38.6 39.6 36.9 35.7 32.8 22.6 19.9 19.6 19.6 19.9 20.1 19.1 20.0 20.5 41.1 39.8 39.5 39.4 38.6 37.5 36.1 33.9 31.8 29.5 20.9 20.6 20.0 19.7 20.4 20.8 19.4 20.1 20.0 19.3 20.5 20.0 19.3 28.6 41.8 40.8 40.8 38.7 39.3 38.9 38.2 38.7 35.9 35.3 21.6 20.0 20.4 20.8 19.9 20.1 20.9 20.6 33.5 41.0 41.1 39.6 39.3 39.7 38.4 36.4 35.6 31.9 29.0 21.7 19.5 19.6 19.6 19.9 20.2 20.0 19.7 33.1 41.6 39.7 38.9 39.3 37.7 36.9 35.4 33.3 29.5 26.3 21.5 20.0 19.9 20.1 39.7 40.5 37.3 36.1 34.4 21.9 19.9 20.5 19.5 36.4 39.3 40.0 37.7 36.1 35.5 21.2 20.5 19.8 20.2 20.5 19.8 20.7 19.4 19.7 19.3 19.0 20.5 19.6 36.8 40.4 40.6 40.3 40.4 38.8 38.8 37.6 35.8 35.6 33.7 20.6 20.4 19.1 20.4 20.9 19.5 19.2 19.7 36.4 40.2 40.5 38.2 40.4 39.1 37.3 36.4 34.7 31.7 26.5 21.1 21.1 
Direction:  n n {44 136} {44 136} {44 136} {44 136} {44 136} {43 137} {45 135} {45 135} {44 136} {41 139} n n n n n n n n n {43 137} {44 136} {45 135} {44 136} {46 134} {44 136} {43 137} {44 136} {42 138} {46 134} n n n n n n n n n n n n n n {44 136} {45 135} {45 135} {44 136} {46 134} {44 136} {45 135} {45 135} {45 135} {44 136} n n n n n n n n n {44 136} {45 135} {44 136} {44 136} {45 135} {45 135} {46 134} {46 134} {44 136} {44 136} n n n n n n n n n n n n n n {44 136} {44 136} {43 137} {44 136} {46 134} {46 134} {44 136} {43 137} {46 134} {45 135} n n n n n n n n {48 132} {44 136} {44 136} {45 135} {44 136} {46 134} {45 135} {44 136} {44 136} {42 138} {42 138} n n n n n n n n n {44 136} {44 136} {45 135} {44 136} {46 134} {44 136} {44 136} {44 136} {44 136} {40 140} n n n n {46 134} {45 135} {45 135} {45 135} {45 135} n n n n {46 134} {44 136} {46 134} {44 136} {44 136} {43 137} n n n n n n n n n n n n n {44 136} {46 134} {46 134} {44 136} {45 135} {44 136} {44 136} {46 134} {44 136} {44 136} {46 134} n n n n n n n n {44 136} {46 134} {44 136} {44 136} {46 134} {44 136} {43 137} {46 134} {43 137} {44 136} n n n

55.6: Count:   6.9 (  6.3) A:  17.5 [10-54] B:  36.4 [10-113] Phase: 100% 140 (13.4) Direction:  {44 136}
Phase: {0,0,0,0,0,0,0,0,0,0,0,3,0,2,0,1,0,0,0,0,1,1,1,5,5,1,2,2,2,3,6,0,5,0,4,3,1,7,5,7,5,7,13,7,12,26,8,15,17,28,20,29,29,32,33,27,65,25,48,63,44,61,63,67,45,76,89,76,76,91,98,88,110,130,94,108,137,156,120,164,173,197,181,162,255,194,237,236,199,216,528,235,330,350,363,381,477,479,515,547,593,728,622,782,814,842,924,1134,1276,1105,1361,1408,1651,1753,2091,2158,1964,2802,2895,3253,3451,3810,4235,4193,5145,5700,6100,6763,7226,7978,8254,9071,9320,9992,9958,11219,10616,11278,11496,11582,11000,11732,11438,11351,11187,10800,10207,9619,9755,8868,8601,8025,7676,7579,5836,6056,5733,5110,4691,4167,3693,3148,3257,2874,2394,2311,2039,1918,1569,1563,1316,1228,1033,902,920,750,734,627,546,406,736,356,379,285,264,266,245,195,140,159,171,100,102,94,89,83,63,49,56,43,51,32,35,35,44,33,26,27,17,24,10,13,18,2,9,10,11,2,9,4,7,3,5,2,1,9,4,1,0,1,3,4,2,0,2,2,1,1,0,0,1,2,0,0,0,0,0,0,0,0,0,3,0,0,0,1,0,0,0,0,0,0,0,0,1,1,0,0,0,0,0,0,0,0,0,2,0,0,0,0,0,0,0,0,0,0,0,0,0,0,0,0,0,0,0,0,0,0,0,0,0,0,1,0,0,0,0,0,0,0,0,0,0,0,0,0,0,0,0,0,0,0,0,0,0,0,0,0,0,0,0,0,0,0,0,0,1,0,0,0,0,0,0,1,0,0,0,0,0,0,0,0,0,0,0,0,0,0,0,0}
Count:   0.7   0.9  11.3  16.6  16.1  14.9  14.3  13.1  11.4  10.9   9.8   7.5   0.9   0.8   0.9   0.9   0.9   0.9   0.8   0.9   0.9  11.0  16.4  15.5  15.0  13.8  12.4  11.4  10.6   9.2   7.4   0.8   0.9   0.9   0.8   0.9   0.9   1.1   1.0   0.8   1.0   0.8   0.8   0.9   1.0  15.0  16.6  16.2  15.3  14.5  14.0  13.7  11.9  11.1   5.8   1.1   1.0   0.9   0.9   0.9   0.9   0.9   0.8   1.0  15.0  16.1  15.4  15.3  13.8  13.0  11.5  10.9   8.9   5.3   1.0   0.9   0.8   0.9   0.9   0.9   1.0   0.8   0.9   0.9   0.9   0.9   0.9   2.6  17.1  16.8  16.4  15.8  14.9  14.2  13.4  12.6  11.8   4.7   1.1   0.8   1.0   1.0   0.8   0.9   0.9   1.0   2.8  16.6  16.3  15.9  15.0  13.3  12.6  10.5  10.8   9.7   3.9   1.0   1.0   0.9   0.9   0.9   0.9   0.9   0.9   2.5  17.3  16.1  15.1  14.0  13.0  12.0  10.3   9.8   8.4   3.5   1.0   1.0   0.9   1.0  13.7  15.6  12.4  11.5   9.9   0.8   1.0   0.8   0.8   6.2  15.5  14.8  12.6  11.2   4.2   1.0   0.9   0.8   0.9   0.9   0.9   1.0   0.9   0.8   0.9   0.9   0.9   0.9   6.6  16.4  16.6  16.5  16.3  14.4  14.2  13.0  12.1  10.9   2.7   1.1   1.0   0.9   1.0   0.9   0.9   0.8   0.9   6.4  16.4  16.8  14.7  15.5  13.8  12.4  11.2  10.4   9.1   2.1   1.0   1.0 
A: 11.6 11.8 18.7 18.2 18.6 18.3 17.8 18.0 17.7 17.0 15.8 14.9 12.0 11.6 11.9 11.7 12.1 12.2 11.9 12.1 12.0 18.6 19.1 18.8 18.4 17.8 17.9 17.2 16.5 15.1 14.0 12.2 11.9 11.8 12.0 11.9 11.6 11.7 11.7 11.7 12.0 11.9 11.7 11.9 11.8 19.0 18.3 18.8 18.6 17.9 18.2 18.7 17.5 16.8 16.5 12.3 11.7 11.3 11.7 11.8 11.6 11.9 11.6 11.9 19.3 18.4 18.7 18.6 18.2 18.0 17.3 16.5 15.8 14.6 12.0 11.8 11.9 12.0 12.1 11.7 11.5 12.0 11.9 12.0 11.8 12.0 11.7 14.9 19.0 18.6 18.8 18.0 18.0 18.2 17.7 18.1 17.4 17.4 11.9 11.8 11.8 11.8 11.7 11.7 11.9 11.9 17.2 18.6 18.4 18.3 18.4 18.6 18.0 17.3 16.7 15.3 14.2 12.3 11.7 12.0 11.9 11.6 11.7 11.8 11.7 17.0 18.8 18.3 18.0 18.4 17.9 17.7 16.9 15.7 14.5 13.6 12.2 11.8 11.6 11.8 18.7 18.7 17.7 16.8 16.2 12.3 11.8 11.8 12.1 17.5 17.8 18.4 17.8 17.2 16.4 12.0 11.6 12.0 11.9 12.0 11.8 11.6 12.4 11.8 11.8 11.7 11.9 11.9 17.8 18.6 18.3 18.4 18.3 17.9 18.3 17.9 17.5 16.7 16.4 12.1 11.5 11.8 11.7 12.1 11.6 11.9 11.8 17.7 18.5 18.6 17.9 18.7 18.5 17.4 17.1 16.7 15.1 13.9 11.8 11.9 
B: 19.0 20.5 38.8 38.0 38.8 38.2 37.0 37.0 36.1 34.5 31.8 29.8 21.8 20.3 21.0 20.4 21.0 20.4 19.2 21.4 20.4 39.1 40.1 39.4 38.3 37.0 36.7 35.0 33.6 29.9 27.7 20.9 20.3 21.0 21.0 20.1 19.8 20.3 20.3 20.8 20.8 21.4 19.5 20.5 19.9 40.6 39.0 39.9 39.4 37.9 37.7 39.1 36.3 34.8 33.6 22.2 21.1 19.6 19.7 19.5 19.6 19.9 20.2 20.3 41.3 38.9 38.9 38.9 37.8 37.1 36.0 33.9 32.1 29.1 21.0 20.8 20.7 20.7 20.1 20.3 19.3 19.0 20.3 20.1 20.3 20.5 19.2 30.6 40.6 39.7 39.8 38.0 37.9 38.2 37.2 37.6 36.2 36.0 21.0 19.8 20.7 20.0 19.2 20.2 20.0 20.6 35.6 40.2 39.5 39.2 39.1 39.2 38.0 36.2 34.6 31.3 28.2 21.6 20.8 20.4 20.8 19.7 20.7 20.7 19.8 35.4 40.5 38.9 38.4 38.8 37.5 37.0 35.2 32.1 28.6 26.7 21.3 20.5 20.7 20.2 39.9 39.5 37.1 34.9 33.5 22.7 19.6 20.5 20.5 36.9 37.4 38.8 37.1 35.7 32.9 21.5 20.9 20.6 20.1 20.5 19.6 20.8 22.2 20.3 20.0 19.9 19.7 20.3 37.2 39.6 39.0 39.1 38.7 37.3 38.5 37.1 35.5 34.4 32.9 21.9 20.1 20.2 20.4 21.3 19.5 19.9 19.6 37.4 39.7 39.9 37.6 39.3 38.7 36.3 35.2 34.6 30.6 26.7 21.4 20.5 
Direction:  n n {45 135} {43 137} {45 135} {44 136} {44 136} {43 137} {44 136} {43 137} {46 134} {42 138} n n n n n n n n n {43 137} {43 137} {43 137} {45 135} {45 135} {46 134} {43 137} {46 134} {43 137} {45 135} n n n n n n n n n n n n n n {44 136} {43 137} {43 137} {45 135} {45 135} {43 137} {43 137} {45 135} {44 136} {46 134} n n n n n n n n n {45 135} {45 135} {43 137} {45 135} {44 136} {43 137} {43 137} {44 136} {43 137} {42 138} n n n n n n n n n n n n n {43 137} {45 135} {46 134} {43 137} {44 136} {44 136} {46 134} {46 134} {43 137} {43 137} {46 134} n n n n n n n n {46 134} {45 135} {46 134} {45 135} {44 136} {46 134} {45 135} {44 136} {43 137} {43 137} {43 137} n n n n n n n n n {46 134} {45 135} {45 135} {45 135} {46 134} {44 136} {44 136} {44 136} {44 136} {45 135} n n n n {45 135} {43 137} {43 137} {45 135} {43 137} n n n n {46 134} {43 137} {44 136} {45 135} {44 136} {43 137} n n n n n n n n n n n n n {45 135} {45 135} {43 137} {44 136} {46 134} {45 135} {45 135} {45 135} {45 135} {42 138} n n n n n n n n n {45 135} {46 134} {44 136} {44 136} {47 133} {44 136} {46 134} {44 136} {46 134} {44 136} n n n

55.7: Count:   6.9 (  6.1) A:  16.9 [10-53] B:  34.5 [10-104] Phase: 100% 140 (13.7) Direction:  {44 136}
Phase: {81,5,11,13,16,41,59,21,12,12,37,59,23,17,15,34,31,65,45,37,36,46,85,43,68,27,31,56,70,70,60,67,75,62,81,98,70,116,61,122,65,92,115,105,96,174,114,130,132,171,123,193,196,232,184,184,205,164,239,200,249,293,242,339,220,276,338,282,359,332,324,251,374,386,381,397,367,387,297,415,438,494,372,432,499,481,520,482,490,431,1076,495,575,601,702,740,785,704,750,839,900,1067,865,1030,1089,1225,1231,1424,1521,1272,1575,1714,1894,2031,2397,2486,2126,3102,2970,3225,3505,3888,4300,4349,5002,5364,5679,6137,6714,7156,7408,8334,8751,9197,9125,10523,9831,10753,10693,10847,10447,10803,10489,10668,10200,9783,9559,8858,9274,8420,7635,7349,7073,6830,5032,5239,4933,4603,4276,3701,3406,2706,2937,2802,2299,2330,2062,1852,1539,1606,1346,1363,1223,1078,1049,917,899,737,620,578,794,431,446,463,432,373,422,279,289,240,247,253,153,172,156,154,148,160,128,84,102,118,108,94,84,77,41,61,48,44,63,51,57,36,41,45,22,45,22,30,10,23,25,17,11,15,24,8,14,8,8,9,7,13,2,9,12,2,9,6,2,8,4,4,1,4,9,3,4,2,1,2,2,4,2,0,0,4,3,7,2,0,0,4,1,2,1,0,0,0,5,0,0,0,2,0,3,3,0,0,1,0,0,0,0,3,1,1,0,0,0,3,3,0,0,2,0,0,2,0,0,0,0,0,0,1,0,0,0,3,0,0,0,3,0,3,0,2,0,0,0,2,0,1,0,1,1,0,0,3,3,1,1,12,3,0,7,0,3,3,1,1,3,3,8,7,2,1,6,18,10,7,5,8,33,16,6,6,14,17}
Count:   0.8   1.0  11.3  16.4  15.4  14.6  13.9  13.0  11.4  10.8   9.6   7.3   1.1   0.9   1.0   1.0   1.1   0.9   1.1   1.1   0.9  11.0  16.4  15.4  14.5  13.3  11.8  11.1  10.2   9.1   6.8   1.1   1.1   1.1   1.1   1.2   1.0   1.1   1.2   1.1   1.1   1.0   1.0   1.1   1.0  14.8  16.4  16.3  15.0  14.2  13.7  13.5  11.7  11.3   6.0   1.3   1.2   1.0   1.0   1.2   1.1   1.1   1.1   1.1  14.8  16.1  15.1  15.2  13.6  12.8  11.2  10.0   8.7   5.7   1.1   1.0   0.8   1.2   1.1   1.0   1.2   1.1   1.2   1.0   1.0   1.2   1.1   2.9  17.0  16.3  16.1  15.4  14.7  13.8  12.9  12.5  11.5   4.7   1.2   1.1   1.1   1.2   1.1   1.1   1.2   1.1   3.3  16.3  15.9  15.8  14.9  13.3  12.2  10.6  10.6   9.3   3.5   1.2   1.2   1.1   1.1   1.1   1.1   1.2   1.2   2.9  16.6  15.8  15.0  14.2  12.7  11.5  10.1   9.6   7.9   3.3   1.1   1.2   1.3   1.2  13.8  15.1  12.2  11.4   9.5   1.0   1.1   1.1   1.0   6.4  15.2  14.5  12.1  11.0   4.4   1.2   1.1   1.1   1.2   1.0   1.0   1.0   1.2   1.2   1.2   1.0   1.1   1.1   6.6  16.5  15.9  16.3  15.6  13.9  14.0  12.0  11.8  10.5   2.7   1.2   1.1   1.1   1.1   1.3   1.1   1.2   1.2   6.5  16.0  16.3  14.7  15.1  13.9  12.2  11.3  10.4   8.6   2.1   1.2   1.1 
A: 11.5 11.7 18.1 17.6 17.6 17.5 17.4 17.4 16.6 16.4 15.4 14.3 11.6 11.8 11.7 11.6 11.5 11.6 11.8 11.7 11.8 18.0 18.2 17.8 17.5 17.1 16.8 16.8 16.0 14.7 13.7 12.0 11.8 11.8 11.9 11.5 11.6 11.7 11.5 11.8 11.8 11.8 11.7 11.5 11.7 18.4 18.0 18.2 17.7 17.4 17.5 17.8 17.5 16.5 16.0 11.9 11.6 11.6 11.7 11.8 11.7 11.7 11.6 11.7 18.6 17.8 17.7 17.8 17.7 17.6 17.1 16.2 15.1 14.2 11.8 11.5 11.9 11.8 11.7 11.8 11.7 11.7 11.8 11.8 11.3 11.9 11.7 15.0 18.1 17.8 17.8 17.7 17.4 17.4 17.5 17.2 16.6 16.4 12.0 11.7 11.8 11.5 11.6 11.5 11.8 11.5 16.3 18.0 17.8 17.9 17.7 17.3 17.4 17.0 16.2 14.7 14.0 11.8 11.4 11.8 11.7 11.8 11.7 11.8 11.7 16.9 18.2 17.7 17.4 17.7 17.6 17.2 16.1 15.2 14.1 13.4 12.0 11.8 11.5 11.4 18.3 18.0 17.0 16.5 15.8 11.8 11.7 11.4 11.6 17.3 17.2 17.4 17.4 16.4 16.2 12.0 11.5 12.0 11.8 11.8 11.8 11.6 11.8 11.7 11.6 11.7 11.9 11.6 17.8 17.8 17.9 18.0 17.4 17.0 17.7 17.4 16.9 16.6 14.9 11.8 11.6 11.6 11.8 11.9 11.5 11.5 11.8 17.6 17.7 18.0 17.4 17.7 17.4 17.1 16.5 16.1 14.5 13.4 11.8 11.5 
B: 18.2 18.2 37.0 36.6 36.4 36.0 35.7 35.4 33.7 32.6 30.1 27.5 19.5 18.3 19.7 18.7 18.4 18.6 18.8 18.4 18.9 37.6 38.2 37.2 36.2 35.2 34.0 33.9 32.0 28.2 25.9 19.8 19.0 19.1 19.1 17.8 18.4 17.9 18.5 19.1 18.8 18.2 18.1 18.4 18.2 39.1 38.2 38.3 36.7 36.1 36.2 36.8 35.8 34.0 32.1 20.1 18.2 18.6 18.0 19.1 19.0 18.2 18.1 19.6 39.8 37.2 36.9 36.9 36.6 36.2 34.7 32.5 29.7 27.8 19.6 18.3 18.7 18.8 18.7 18.6 17.8 18.4 17.7 17.8 18.8 19.9 18.3 29.8 38.4 37.7 37.6 37.1 36.2 36.1 36.0 35.4 33.9 33.5 19.7 17.8 18.8 18.2 18.2 17.7 18.9 18.6 33.4 38.6 38.0 37.9 37.4 36.0 36.3 34.9 33.4 29.2 26.5 19.3 17.8 17.7 18.5 18.8 18.8 19.9 18.4 34.6 39.0 37.2 36.7 36.8 36.4 35.8 33.1 30.5 27.9 25.2 19.4 18.3 17.8 17.6 38.9 38.0 35.3 33.8 32.0 20.4 18.3 17.9 18.3 35.8 36.1 36.5 35.9 33.4 32.6 20.4 18.2 19.4 18.2 18.3 18.1 18.9 18.4 19.3 18.3 18.7 18.6 18.2 37.6 38.0 37.8 38.2 36.5 35.3 36.9 35.5 33.8 33.4 29.5 19.7 18.4 18.4 18.8 19.5 18.1 18.4 18.7 36.7 37.8 38.0 36.3 37.2 35.9 35.3 34.0 32.6 28.3 25.3 19.0 18.9 
Direction:  n n {45 135} {44 136} {44 136} {44 136} {45 135} {45 135} {43 137} {45 135} {44 136} {43 137} n n n n n n n n n {44 136} {44 136} {44 136} {44 136} {46 134} {46 134} {44 136} {43 137} {42 138} {43 137} n n n n n n n n n n n n n n {43 137} {44 136} {43 137} {44 136} {43 137} {44 136} {44 136} {44 136} {45 135} {43 137} n n n n n n n n n {44 136} {42 138} {44 136} {45 135} {44 136} {43 137} {44 136} {45 135} {44 136} {45 135} n n n n n n n n n n n n n n {44 136} {43 137} {45 135} {43 137} {44 136} {44 136} {44 136} {44 136} {45 135} {44 136} n n n n n n n n {45 135} {45 135} {43 137} {44 136} {43 137} {44 136} {42 138} {42 138} {46 134} {45 135} {43 137} n n n n n n n n {45 135} {44 136} {43 137} {45 135} {44 136} {44 136} {43 137} {43 137} {45 135} {42 138} n n n n n {43 137} {44 136} {44 136} {45 135} {44 136} n n n n {46 134} {45 135} {44 136} {45 135} {45 135} {43 137} n n n n n n n n n n n n n {43 137} {45 135} {44 136} {44 136} {43 137} {43 137} {44 136} {43 137} {46 134} {45 135} n n n n n n n n n {44 136} {45 135} {45 135} {43 137} {46 134} {46 134} {43 137} {43 137} {46 134} {45 135} n n n

55.8: Count:   7.7 (  5.9) A:  15.8 [10-62] B:  30.4 [10-110] Phase: 100% 139 (16.8) Direction:  {44 136}
Phase: {2264,445,402,601,657,1382,1217,887,699,700,1197,1357,687,772,854,1280,796,1486,1030,687,929,938,1122,808,1362,649,581,1206,826,942,730,737,728,488,837,791,549,687,577,690,481,586,591,488,491,692,402,505,529,586,480,563,525,612,583,555,579,406,559,619,498,594,592,756,447,525,654,540,651,588,555,522,749,696,578,677,643,689,531,746,761,708,690,742,710,732,925,846,730,672,1510,699,881,944,1033,1205,1154,1091,1163,1288,1371,1445,1293,1428,1592,1750,1692,1999,2186,1968,2158,2392,2656,2589,3060,3016,2794,3716,3707,3899,4238,4431,4861,4598,5424,5727,5825,6316,6607,6969,7099,7494,7364,8090,7583,9101,8122,8850,8954,8584,8514,8843,8646,8487,8316,8188,7763,7228,7522,6989,6660,6319,6061,6101,4851,4995,4716,4368,4193,3806,3539,3047,3384,3138,2584,2623,2383,2219,1901,1883,1783,1655,1511,1454,1299,1174,1144,931,955,749,1273,678,690,646,576,550,548,468,444,432,422,353,285,328,272,265,257,224,245,181,200,186,165,154,149,114,93,170,110,83,102,107,115,72,85,98,85,81,93,68,54,57,47,55,54,67,38,43,50,52,38,38,31,41,22,32,31,21,26,36,23,38,13,20,21,17,29,27,23,21,26,12,11,24,16,20,12,7,12,14,22,10,16,16,18,22,9,12,12,6,35,6,4,8,10,12,13,8,10,11,17,17,12,16,8,7,13,12,2,6,7,12,11,7,25,8,3,17,13,12,10,9,10,10,9,8,11,21,20,9,5,21,22,11,15,46,33,22,20,15,21,44,28,59,42,46,57,22,58,66,63,126,67,117,37,55,240,117,146,192,119,117,202,308,190,238,178,198,282,519,498,311,346,433,703,766,494,441,351,357}
Count:   2.0   1.9  11.6  16.8  16.0  15.4  14.6  14.0  12.5  11.6  10.3   7.6   2.2   2.0   2.1   1.9   1.9   2.0   2.2   2.0   2.4  11.8  16.9  16.2  14.9  13.9  12.6  11.9  11.4   9.8   7.7   2.0   2.0   2.1   2.1   2.3   2.1   2.3   2.2   2.1   2.1   2.3   2.4   2.0   2.2  15.6  16.6  16.5  15.4  14.9  14.3  14.0  12.7  12.0   6.4   2.4   2.1   2.0   2.0   2.2   2.0   1.9   2.1   1.9  15.4  16.4  15.7  15.4  14.3  13.4  11.7  10.7   9.5   6.3   2.4   2.2   2.0   2.3   2.2   2.3   2.2   2.1   2.1   2.0   2.1   2.1   2.0   4.1  17.0  16.8  16.5  16.0  15.3  14.4  13.6  13.5  11.9   5.5   2.2   2.1   2.3   2.1   2.2   2.2   2.3   2.1   4.2  16.5  16.6  15.9  15.7  13.8  12.7  11.8  11.3  10.0   4.5   2.2   2.2   2.3   2.2   2.1   2.0   2.2   2.2   4.1  16.8  16.0  15.5  14.4  13.6  12.5  11.1  10.3   9.0   4.1   2.2   2.2   2.1   2.1  14.3  15.7  13.0  12.5  10.5   2.2   2.3   2.2   2.1   7.4  15.9  15.3  13.1  11.5   5.1   2.4   2.2   2.2   2.0   2.2   2.2   2.2   2.2   2.2   2.2   1.9   2.2   1.9   7.5  16.8  16.7  17.0  15.6  14.5  15.0  13.2  12.5  11.1   3.6   2.1   2.4   2.2   2.1   2.1   2.1   2.1   2.3   7.5  16.5  16.9  15.4  15.4  14.6  12.7  12.0  11.4   9.9   3.0   2.4   2.3 
A: 11.6 11.4 17.4 17.2 16.7 16.5 16.7 16.6 15.8 15.9 14.9 13.9 11.7 11.3 11.5 11.6 11.5 11.5 11.5 11.5 11.4 17.3 17.3 16.9 16.8 16.6 16.2 15.8 15.2 14.2 13.4 11.8 11.4 11.6 11.4 11.4 11.5 11.3 11.3 11.4 11.5 11.5 11.5 11.5 11.5 17.4 17.2 17.0 16.8 16.5 16.6 16.7 16.3 15.6 14.6 11.7 11.6 11.4 11.4 11.7 11.3 11.5 11.7 11.5 17.3 16.9 16.5 16.9 16.6 16.5 15.8 15.6 14.5 13.6 11.6 11.6 11.3 11.6 11.5 11.3 11.5 11.3 11.5 11.5 11.5 11.4 11.3 14.4 17.3 17.2 17.2 17.0 16.9 16.8 16.5 16.2 15.8 15.3 11.7 11.4 11.4 11.4 11.4 11.5 11.4 11.3 15.2 17.3 17.0 16.9 16.7 16.2 16.1 16.3 15.4 14.2 13.0 11.9 11.4 11.7 11.3 11.5 11.4 11.6 11.3 15.4 17.4 16.6 16.7 16.7 16.6 16.2 15.4 14.4 14.0 12.6 11.4 11.3 11.4 11.4 17.7 16.8 16.5 16.0 15.1 11.5 11.5 11.4 11.5 16.5 16.6 16.5 16.4 15.7 14.7 11.7 11.5 11.5 11.5 11.5 11.5 11.3 11.5 11.5 11.5 11.5 11.5 11.3 16.4 17.3 17.1 17.0 17.1 16.4 16.9 16.6 15.9 15.4 13.9 11.6 11.3 11.4 11.5 11.5 11.2 11.5 11.5 16.7 17.0 17.4 16.6 17.0 16.5 16.4 15.9 15.3 14.0 12.5 11.5 11.3 
B: 14.8 15.1 35.1 34.7 33.6 32.9 33.1 32.5 30.1 30.4 27.9 25.3 16.0 15.0 15.8 15.3 15.5 15.2 15.3 15.4 15.5 35.3 35.1 34.1 33.5 33.0 32.1 30.5 29.3 25.9 23.1 17.0 15.5 15.9 15.2 15.5 15.2 15.4 15.2 14.9 15.0 15.1 15.6 15.6 15.6 35.9 35.4 34.8 34.2 32.9 33.1 33.4 32.2 30.8 27.3 16.7 15.7 14.9 15.2 16.0 15.2 15.0 16.1 15.3 35.9 34.5 33.4 33.9 32.9 32.7 30.3 30.6 27.4 24.4 16.0 15.7 15.1 15.6 15.6 15.2 15.4 15.1 14.8 15.7 15.3 15.1 15.4 26.4 36.0 35.0 35.0 34.8 34.3 33.1 32.5 32.4 31.1 28.7 16.2 14.9 15.2 15.6 15.7 15.0 15.2 14.9 28.6 36.1 35.0 34.8 33.8 32.5 32.0 31.7 29.9 26.5 22.4 16.5 15.4 15.2 15.6 15.2 15.5 15.6 15.5 28.8 36.0 33.4 33.9 33.6 33.6 31.9 30.1 26.9 25.3 20.0 15.6 14.9 15.3 15.2 36.4 34.1 33.6 31.5 29.0 15.6 15.0 15.1 16.0 32.8 33.6 33.4 32.7 30.6 27.1 16.2 15.3 15.6 14.9 15.2 15.1 15.2 15.4 15.7 16.1 15.7 15.2 15.2 32.9 35.6 35.2 34.6 34.6 32.8 33.8 32.7 30.9 29.3 24.2 16.1 15.3 14.8 15.8 15.8 14.8 15.2 15.6 32.5 34.8 35.4 33.5 33.8 32.9 32.6 31.1 29.4 25.6 19.2 15.8 15.3 
Direction:  n n {43 137} {43 137} {42 138} {44 136} {44 136} {42 138} {42 138} {42 138} {41 139} {44 136} n n n n n n n n n {43 137} {42 138} {42 138} {42 138} {43 137} {42 138} {44 136} {43 137} {44 136} {44 136} n n n n n n n n n n n n n n {44 136} {43 137} {45 135} {43 137} {43 137} {43 137} {43 137} {46 134} {46 134} {46 134} n n n n n n n n n {44 136} {41 139} {45 135} {45 135} {43 137} {44 136} {44 136} {44 136} {46 134} {47 133} n n n n n n n n n n n n n {45 135} {46 134} {45 135} {42 138} {43 137} {43 137} {42 138} {43 137} {45 135} {44 136} {42 138} n n n n n n n n {43 137} {42 138} {45 135} {42 138} {43 137} {42 138} {43 137} {45 135} {44 136} {45 135} n n n n n n n n n {44 136} {43 137} {44 136} {44 136} {42 138} {44 136} {41 139} {46 134} {42 138} {41 139} n n n n n {42 138} {44 136} {44 136} {44 136} {42 138} n n n n {42 138} {45 135} {42 138} {45 135} {43 137} {42 138} n n n n n n n n n n n n n {44 136} {44 136} {43 137} {44 136} {45 135} {43 137} {45 135} {43 137} {44 136} {42 138} n n n n n n n n n {42 138} {44 136} {44 136} {44 136} {45 135} {45 135} {45 135} {45 135} {46 134} {41 139} n n n

55.9: Count:  10.1 (  5.6) A:  14.6 [10-55] B:  25.4 [10-111] Phase: 97% 138 (18.5) Direction:  {43 137}  63% 15 ( 6.3) Direction:  {4 176}
Phase: {7364,1675,1726,2135,2810,4406,3780,3082,2494,2923,4297,4706,2525,2898,3431,4167,2837,4303,3580,2501,3532,3217,3850,2973,4429,2445,1883,3849,2767,3081,2576,2681,2728,1698,2663,2307,1846,2472,1846,2124,1559,1856,1885,1409,1476,2245,1250,1313,1617,1542,1110,1483,1317,1400,1189,1423,1366,1067,1332,1257,1279,1326,1225,1469,903,1203,1262,1188,1213,1138,1183,924,1282,1334,1159,1174,1248,1297,918,1270,1309,1268,1173,1177,1327,1297,1336,1174,1168,1159,2250,1119,1284,1463,1578,1488,1553,1626,1667,1614,1767,1947,1746,1902,1916,2235,1988,2409,2635,2255,2584,2788,2875,3129,3105,3303,2951,3721,3737,4007,4120,4331,4563,4455,4848,5471,5485,5960,6273,6326,6467,7076,7218,7429,7052,7938,7069,7392,7352,7246,7062,7208,6970,6956,6811,6644,6726,6064,6388,6354,6027,5601,5607,5580,4334,4568,4444,3900,3852,3516,3305,2879,3089,2882,2401,2421,2243,2122,1839,1917,1821,1572,1501,1547,1417,1299,1225,1127,1080,940,1441,809,845,873,809,863,743,724,643,629,573,552,467,533,445,430,391,508,457,351,348,360,350,296,325,284,218,279,249,245,197,183,189,144,168,204,167,171,150,177,120,159,167,135,105,153,91,91,124,156,101,125,118,113,73,90,89,50,101,55,67,62,79,92,49,63,65,64,56,54,40,43,49,59,52,52,45,47,41,67,58,43,40,42,47,52,31,28,31,22,106,44,30,42,38,44,69,38,37,38,62,51,26,41,40,31,40,47,38,21,29,39,37,51,60,28,22,76,69,47,41,43,57,50,60,44,34,88,48,78,51,81,77,57,71,151,106,71,114,144,87,191,151,259,153,202,245,125,295,268,262,384,378,538,288,357,778,475,742,650,627,573,886,1286,790,1316,985,1011,943,1922,1944,1283,1319,1764,2303,2861,1992,1738,1446,1523}
Count:   4.1   4.4  13.9  18.8  17.7  17.4  16.6  16.2  14.7  13.8  12.3  10.1   4.9   4.7   4.8   4.4   4.3   4.8   4.7   4.3   4.8  14.2  18.8  18.3  16.9  16.1  14.7  13.7  13.7  12.5  10.1   4.8   4.8   4.5   4.7   4.7   4.8   5.2   4.8   4.9   5.0   4.7   5.2   4.4   4.8  17.1  18.1  18.1  17.5  16.8  16.8  15.9  14.4  13.9   9.1   5.0   4.9   4.7   4.9   4.7   4.4   5.4   4.5   4.7  17.6  17.9  17.7  17.7  16.5  15.5  14.1  13.0  12.0   8.8   5.3   5.2   4.8   4.6   4.7   4.8   5.2   5.2   4.7   4.5   4.7   4.6   4.7   7.0  18.7  18.4  18.1  18.0  17.1  16.6  16.1  15.9  14.0   8.3   4.7   5.1   5.1   4.8   4.7   5.0   4.9   4.6   6.7  18.4  18.2  17.9  17.8  16.1  15.2  14.0  13.5  12.0   7.0   4.9   5.0   4.5   5.0   4.8   4.8   4.5   4.8   6.3  18.6  18.1  17.8  16.6  15.4  14.3  14.0  12.9  11.4   6.7   5.1   5.0   4.8   5.0  16.4  16.8  15.1  14.8  12.5   5.0   4.9   4.9   4.8  10.3  17.7  16.9  15.8  13.7   7.4   5.1   4.7   4.6   4.8   4.8   5.0   4.8   4.6   5.1   5.0   4.9   4.6   4.4   9.3  18.6  18.5  18.4  18.1  16.9  16.9  15.3  14.6  13.3   6.2   4.7   4.7   4.7   4.8   4.8   4.9   4.8   4.6  10.0  18.6  18.3  17.6  17.5  16.3  15.0  14.4  13.5  12.2   6.0   4.8   5.0 
A: 11.6 11.5 16.1 16.0 15.8 15.6 15.7 15.5 15.0 14.9 14.4 13.3 11.5 11.4 11.3 11.4 11.4 11.5 11.5 11.4 11.5 16.2 16.1 15.7 15.8 15.5 15.1 15.0 14.5 13.7 12.8 11.4 11.4 11.4 11.4 11.4 11.4 11.5 11.5 11.4 11.5 11.6 11.5 11.4 11.4 16.3 16.3 16.4 15.8 15.5 15.6 15.6 15.3 15.2 13.8 11.5 11.4 11.3 11.4 11.5 11.4 11.5 11.5 11.4 16.2 16.0 15.6 16.1 15.7 15.9 15.0 14.8 14.1 13.2 11.5 11.5 11.3 11.6 11.5 11.6 11.5 11.5 11.5 11.5 11.5 11.5 11.5 13.5 16.3 16.0 16.3 16.0 15.9 15.8 15.6 15.4 14.8 13.9 11.6 11.6 11.5 11.5 11.5 11.4 11.4 11.5 14.1 16.3 16.0 16.1 16.2 15.4 15.1 15.3 14.7 13.8 12.4 11.6 11.5 11.7 11.5 11.4 11.4 11.3 11.5 14.3 16.2 15.6 15.8 15.8 15.5 15.3 14.7 13.8 13.4 12.2 11.4 11.5 11.4 11.5 16.5 15.8 15.5 15.2 14.4 11.5 11.5 11.4 11.4 14.8 15.9 15.8 15.4 14.9 13.4 11.7 11.5 11.5 11.5 11.4 11.4 11.4 11.5 11.5 11.4 11.4 11.4 11.5 15.2 16.2 16.1 16.0 15.8 15.5 16.0 15.7 15.1 14.8 13.1 11.5 11.5 11.5 11.5 11.4 11.4 11.5 11.6 15.6 16.3 16.3 15.8 15.8 15.8 15.5 15.0 14.8 13.6 12.0 11.6 11.5 
B: 13.5 13.7 29.8 30.8 29.6 29.2 29.1 28.8 26.7 26.7 25.3 21.2 14.4 14.0 14.0 14.1 13.7 13.5 14.1 13.6 13.9 30.5 30.9 29.5 29.8 29.1 27.5 27.0 25.7 23.4 20.1 14.2 13.9 13.7 14.1 13.9 13.6 13.8 14.0 13.8 13.7 14.1 14.0 13.7 14.0 31.9 31.8 31.9 30.1 28.8 29.3 28.7 28.0 27.9 23.3 14.3 13.7 13.6 13.9 14.0 13.8 13.8 13.9 13.9 31.3 31.1 29.4 30.5 29.2 29.6 26.6 26.5 24.2 21.0 14.3 13.9 13.7 14.1 13.9 13.8 14.0 13.8 13.9 14.0 14.0 14.0 14.0 21.9 32.1 31.0 31.4 31.0 30.4 29.4 29.3 28.5 27.0 22.9 14.4 14.3 14.2 13.9 14.2 13.8 14.0 14.1 23.2 31.9 31.0 31.2 31.3 28.6 27.9 27.9 26.7 23.8 17.9 14.4 13.9 14.1 14.0 14.1 13.9 14.0 13.8 23.8 31.7 29.7 30.7 30.0 29.0 28.4 26.4 24.0 22.2 17.3 14.2 14.2 13.8 13.9 32.0 30.2 29.1 27.9 25.2 14.1 14.0 13.9 14.4 26.5 30.1 29.9 28.2 27.4 21.8 14.5 14.0 14.0 13.9 14.1 13.9 14.0 14.3 14.1 14.0 13.8 13.9 13.9 27.4 31.3 31.4 30.6 30.1 29.1 30.3 29.0 27.5 26.1 19.5 14.4 13.8 14.0 14.4 14.0 14.1 13.9 14.3 27.9 31.1 31.4 30.4 29.7 29.3 28.6 27.2 26.3 22.8 16.3 14.4 14.1 
Direction:  {2 178} {2 178} {43 137} {43 137} {43 137} {43 137} {43 137} {42 138} {41 139} {42 138} {41 139} {40 140} n n {3 177} n n {1 179} n n {3 177} {42 138} {46 134} {43 137} {43 137} {43 137} {43 137} {43 137} {44 136} {45 135} {41 139} {3 177} n {2 178} n n {4 176} {0 180} {3 177} {3 177} {3 177} {5 175} {7 173} n {3 177} {42 138} {42 138} {46 134} {43 137} {44 136} {42 138} {42 138} {42 138} {44 136} {40 140} {4 176} {4 176} {2 178} {4 176} n n {3 177} n n {42 138} {43 137} {41 139} {44 136} {46 134} {44 136} {42 138} {42 138} {41 139} {41 139} {3 177} {2 178} n n n {2 178} {5 175} {3 177} n n n n n n {41 139} {42 138} {43 137} {42 138} {42 138} {44 136} {42 138} {42 138} {43 137} {46 134} n {5 175} {3 177} {2 178} n {6 174} {4 176} n n {42 138} {42 138} {42 138} {44 136} {43 137} {42 138} {41 139} {42 138} {43 137} n {5 175} n n {7 173} n {6 174} n n {4 176} {44 136} {42 138} {42 138} {42 138} {42 138} {41 139} {44 136} {44 136} {39 141} {6 174} {6 174} n {4 176} {3 177} {42 138} {42 138} {43 137} {43 137} {41 139} {2 178} {6 174} n {3 177} {42 138} {42 138} {42 138} {42 138} {43 137} {43 137} n n n n n {3 177} {3 177} n n {1 179} {5 175} {7 173} n {44 136} {42 138} {45 135} {43 137} {42 138} {41 139} {42 138} {42 138} {40 140} {42 138} n n n n n n n n n {45 135} {46 134} {44 136} {44 136} {43 137} {44 136} {45 135} {47 133} {42 138} {40 140} {4 176} {6 174} {3 177}

56.0: Count:   9.3 (  5.6) A:  14.5 [10-50] B:  25.8 [10-101] Phase: 97% 135 (23.1) Direction:  {42 138}  42% 31 (17.1) Direction:  {9 171}
Phase: {3077,755,724,910,1283,1762,1704,1335,1136,1369,2071,2314,1257,1433,1665,2234,1619,2546,2163,1429,2322,2219,2623,2121,3044,1921,1461,3093,2391,2748,2285,2356,2567,1582,2742,2450,1974,2678,2003,2397,1727,2129,2230,1637,1614,2710,1519,1539,1897,1769,1307,1673,1520,1823,1181,1457,1639,1019,1481,1422,1288,1399,1346,1561,910,1199,1532,1239,1408,1383,1204,958,1514,1507,1374,1312,1316,1329,1108,1544,1439,1417,1335,1337,1582,1591,1515,1531,1391,1367,2645,1415,1630,1756,1884,1963,1907,1892,2014,2174,2149,2343,2128,2464,2535,2738,2661,3083,3169,2898,3272,3366,3642,3662,3983,4078,3650,4830,4329,4659,4626,4786,5073,4884,5252,5570,5510,5755,5962,6088,5917,6319,6314,6514,5920,6984,6121,6332,6408,6470,6211,6492,6204,6050,6163,5880,5786,5376,5641,5083,5319,4880,4829,5253,3973,4256,4052,3801,3832,3703,3396,2909,3276,3038,2610,2691,2588,2475,2113,2078,2054,2091,1913,1678,1700,1674,1552,1392,1365,1044,1707,951,1067,1037,1034,915,848,805,709,685,676,645,629,618,564,547,466,515,518,359,390,399,373,305,355,292,220,298,259,236,199,208,208,168,237,210,121,185,162,122,145,125,144,114,90,160,103,93,95,80,76,120,90,100,56,68,90,65,57,51,39,60,42,77,34,40,61,40,59,66,33,22,42,43,50,43,38,46,30,42,47,18,30,38,31,39,23,14,21,21,85,25,22,32,24,45,32,27,31,14,26,41,17,14,9,33,19,47,20,13,19,39,44,23,63,20,16,45,34,44,37,38,51,38,53,64,41,85,54,58,55,79,106,61,89,169,95,86,135,134,98,184,146,252,117,201,260,120,252,218,273,378,257,399,197,223,583,341,481,444,397,343,466,673,499,563,506,464,453,931,807,554,590,719,990,1123,771,761,585,689}
Count:   3.4   3.6  13.4  17.3  16.7  16.2  15.8  15.1  13.5  12.8  12.5   9.5   3.9   3.8   3.7   3.6   3.5   3.8   3.9   3.9   3.8  13.3  17.8  17.5  16.0  15.8  14.2  13.1  12.6  11.6   8.8   3.5   4.0   3.7   4.0   3.8   3.9   4.0   4.0   3.9   4.1   4.0   3.7   3.9   3.7  16.6  17.2  17.3  16.7  16.1  15.9  14.7  13.8  13.5   8.6   4.2   4.1   3.7   3.9   4.1   3.9   4.1   3.7   4.0  16.0  17.4  16.6  16.4  16.0  15.4  13.9  12.2  11.6   7.8   4.0   4.0   3.9   4.0   4.1   4.0   3.9   4.1   4.0   4.0   4.1   4.1   3.8   6.1  17.9  17.0  17.1  16.9  16.7  15.4  15.2  14.9  12.9   7.3   4.2   4.1   4.2   4.0   3.9   4.1   4.1   3.9   5.9  17.8  17.0  16.8  16.8  15.1  14.6  13.9  12.9  11.2   6.4   3.9   3.9   3.9   4.1   3.9   3.9   3.7   4.1   5.7  17.8  17.0  16.7  16.0  14.7  14.2  13.1  12.3  10.5   5.9   4.0   4.4   3.9   4.1  15.8  16.5  15.3  14.1  11.9   4.1   4.1   3.8   4.4   9.2  16.8  16.7  14.6  13.1   7.0   4.1   4.0   3.7   3.9   3.9   4.0   4.1   3.7   3.9   4.1   3.9   4.0   3.5   8.9  17.4  17.6  17.3  17.0  16.0  16.1  14.9  14.0  12.8   5.6   4.1   4.1   4.1   4.1   3.9   4.2   3.9   4.1   9.1  17.6  17.7  17.4  16.7  15.6  14.7  13.8  13.0  11.4   5.1   3.9   4.0 
B: 14.2 14.0 29.7 30.1 29.5 28.7 29.4 29.0 26.8 26.8 25.2 21.8 14.7 14.2 14.2 14.2 14.3 14.1 14.3 13.9 14.6 30.4 31.2 29.6 29.8 29.3 27.9 27.4 25.4 23.8 20.3 14.4 14.4 14.4 14.4 14.9 13.9 14.7 14.2 14.2 14.1 14.6 14.6 14.0 14.4 31.3 31.3 31.2 30.1 28.6 29.7 28.6 28.0 27.4 23.3 14.6 14.0 14.0 14.4 14.4 14.1 14.3 14.7 14.4 31.8 30.9 29.6 29.2 29.7 29.4 27.2 26.0 24.7 22.1 14.8 14.7 13.9 14.3 14.2 14.5 14.1 14.2 14.6 14.3 14.4 14.6 14.2 23.2 31.6 30.1 30.5 30.9 29.9 29.2 29.9 28.0 27.1 23.7 14.6 14.3 14.5 14.4 14.1 14.3 14.4 14.5 24.4 31.4 31.3 31.0 30.7 28.2 28.1 27.9 26.8 24.6 19.1 14.5 14.4 14.3 14.8 14.4 14.2 14.2 14.6 25.0 31.1 29.6 30.8 29.4 29.1 27.8 27.2 24.8 22.7 17.8 14.8 14.2 14.1 14.4 30.4 29.6 29.0 28.9 26.0 14.7 14.4 14.2 14.6 27.5 30.2 29.2 28.4 28.3 22.3 14.7 14.3 14.2 14.4 14.5 14.1 14.0 14.4 14.7 14.3 14.5 14.4 14.6 27.7 31.3 31.3 30.8 29.8 29.1 29.9 29.1 28.3 26.2 20.6 14.7 14.5 14.3 14.7 14.7 14.3 14.5 14.5 29.4 30.2 30.2 29.5 29.3 29.4 28.4 27.5 25.7 24.0 16.9 14.6 14.4 
Direction:  n n {40 140} {43 137} {46 134} {43 137} {42 138} {41 139} {42 138} {42 138} {44 136} {38 142} n n n n n n n n n {45 135} {44 136} {42 138} {43 137} {44 136} {44 136} {39 141} {44 136} {41 139} {45 135} n n n n n n n n n n n n n n {42 138} {42 138} {43 137} {42 138} {44 136} {45 135} {40 140} {40 140} {42 138} {48 132} n n n n n n n n n {40 140} {43 137} {41 139} {42 138} {45 135} {45 135} {46 134} {42 138} {46 134} {43 137} n n n n n n n n n n n n n {43 137} {40 140} {42 138} {42 138} {42 138} {38 142} {41 139} {43 137} {40 140} {45 135} {43 137} n n n n n n n n n {45 135} {42 138} {44 136} {43 137} {46 134} {45 135} {40 140} {42 138} {43 137} n n n n n n n n n n {43 137} {43 137} {41 139} {42 138} {45 135} {45 135} {43 137} {43 137} {41 139} n n n n n {42 138} {43 137} {41 139} {43 137} {39 141} n n n n {44 136} {40 140} {43 137} {45 135} {43 137} {42 138} n n n n n n n n n n n n n {40 140} {43 137} {44 136} {42 138} {43 137} {41 139} {46 134} {41 139} {44 136} {42 138} n n n n n n n n n {44 136} {42 138} {42 138} {43 137} {44 136} {45 135} {43 137} {42 138} {43 137} {42 138} n n n

