54.0: Count:  11.9 (  3.8) A:  13.7 [10-46] B:  24.1 [10-105] Phase: 92% 141 (30.3) Direction:  {46 134}  14% 216 (20.1) Direction:  {312 228}
Phase: {1564,455,437,510,571,561,520,444,416,425,446,442,304,328,332,375,278,409,337,288,314,328,329,315,352,296,241,362,354,314,320,365,375,286,372,373,349,356,382,391,361,407,408,403,377,548,363,445,471,484,434,528,493,546,530,567,626,521,618,593,632,672,720,834,626,740,876,752,872,856,853,834,1027,1034,948,1096,1080,1147,1012,1264,1269,1270,1274,1287,1439,1515,1472,1469,1561,1347,2401,1469,1766,1806,1903,1981,1998,1915,2128,2320,2210,2296,2255,2465,2453,2622,2524,2838,2920,2459,2944,3013,3189,3244,3402,3261,3014,3919,3612,3739,3859,3873,4101,3797,4473,4383,4465,4592,4800,4773,4742,5044,5030,5327,4891,6067,5145,5614,5976,5733,5665,5991,5748,5889,5815,5799,5853,5411,5796,5573,5538,5532,5471,5840,4470,4810,5150,4802,4722,4587,4372,3835,4318,4283,3816,4020,3689,3840,3286,3629,3403,3393,3185,3064,3078,2941,2892,2699,2828,2296,3642,2254,2559,2227,2373,2313,2191,2120,1998,2060,1970,1917,1659,1811,1724,1695,1543,1772,1651,1293,1429,1411,1433,1290,1389,1185,1036,1397,1212,1111,1009,1007,925,852,1020,923,836,893,792,833,696,774,707,727,617,877,560,603,681,575,550,618,516,571,517,511,501,404,454,453,445,463,483,440,325,372,455,398,404,376,356,311,371,396,359,375,313,333,281,389,362,305,346,317,356,344,358,305,275,279,759,288,287,357,463,488,520,439,431,507,637,711,440,603,646,827,645,1005,936,659,1005,998,1252,1229,1580,1245,940,2049,1559,1856,1817,2099,2134,1594,2551,2609,2173,2918,2728,3062,2502,3264,3564,2797,2846,4890,3006,3074,4081,3719,3201,4085,3584,4223,3280,3912,4139,2692,3997,3812,3410,3660,3327,4224,2150,2930,3640,2826,3068,2506,2710,1681,2561,2518,1791,2045,1782,1664,1188,1787,1630,1311,1182,1008,1149,1159,984,717,603,489}
Count:   7.7   7.6   8.4   8.3   8.3   8.2   8.1  12.0  17.3  17.5  17.4  17.4  16.9  16.5  16.3  16.4  16.2  15.8  15.1  15.2  14.4  14.4  13.7  13.5  12.5  12.5  10.5   8.0   8.2   8.4   8.3   8.3   8.3   8.4   8.1   8.5   8.4   8.0   8.3   8.3   8.4   8.4   8.1   8.5   8.7  11.8  17.5  17.3  17.3  17.1  16.8  16.4  16.6  16.2  16.3  15.9  15.9  15.3  15.7  14.7  15.1  13.6  13.7  12.6  11.2   8.1   8.5   8.2   8.2   8.3   8.5   8.4   8.2   8.5   8.4   8.4   8.6   8.7   8.4   8.3   8.3   8.4   8.3  11.9  18.0  17.6  17.5  17.4  17.4  17.2  16.9  16.9  16.0  16.1  15.5  15.1  14.6  14.6  13.3  14.0  13.0  12.9  10.7   7.9   8.5   8.4   8.4   8.4   8.3   8.2   8.6   8.5   8.4   8.3   8.6   8.2   8.5   8.6   8.6   8.5   8.5  11.3  19.1  18.1  17.8  16.9  17.3  16.6  17.0  16.0  16.7  15.5  15.9  15.0  15.2  14.5  14.4  14.1  13.7  12.9  10.9   8.1   8.5   8.6   8.3   8.5   8.3   8.7   8.3   8.6   8.4   8.5   8.3   8.6   8.5   8.4   8.1   8.3   8.3  11.5  18.0  18.1  17.3  17.7  16.5  16.8  16.7  16.6  16.4  15.8  15.7  15.4  15.4  14.3  14.1  13.1  13.4  12.3  11.2   8.1   8.5   8.3   8.3   8.2   8.6   8.4   8.3   8.4   8.5   8.6   8.4   8.3   8.3   8.3   8.2   8.6   8.6  11.3  18.0  17.6 
B: 17.6 17.6 18.8 19.0 18.6 18.9 19.0 24.7 28.8 28.0 28.4 28.4 28.4 28.3 27.8 28.3 27.4 27.2 26.4 25.8 25.4 24.9 23.8 23.4 22.1 21.5 20.6 18.8 19.0 18.9 18.9 19.3 19.1 19.1 19.1 19.3 19.4 19.2 19.3 19.1 19.1 19.0 19.2 19.0 19.5 25.1 28.2 28.6 28.5 27.9 28.0 28.0 28.1 27.5 27.6 27.3 26.9 26.5 26.7 25.4 25.3 23.5 23.1 22.1 21.2 18.9 19.3 19.5 19.5 19.4 19.2 19.3 19.4 19.5 19.1 19.3 19.2 19.4 19.2 19.3 19.1 19.2 19.1 24.6 28.4 28.6 29.0 28.2 28.0 28.4 27.8 27.9 27.7 27.4 26.7 26.3 24.9 24.4 23.7 24.0 22.7 22.3 21.2 18.9 19.4 19.3 19.3 19.4 19.4 19.2 19.4 19.2 19.2 19.2 19.2 19.2 19.4 19.3 19.3 19.0 19.3 23.9 29.3 28.8 29.0 28.5 28.7 28.0 28.6 27.6 27.6 27.1 27.3 25.8 26.0 25.4 24.7 24.2 23.2 22.6 21.7 19.3 19.4 19.6 19.3 19.5 19.1 19.3 19.1 19.4 19.1 19.2 19.4 19.4 19.2 19.4 19.5 19.4 19.2 24.9 28.7 28.9 28.4 28.4 28.4 28.9 27.8 27.8 27.6 27.7 26.9 26.3 26.3 24.8 24.2 23.2 23.0 21.6 21.3 18.9 19.6 19.4 19.3 19.2 19.6 19.2 19.2 19.3 19.4 19.4 19.1 19.3 19.2 19.4 19.2 19.4 19.4 24.1 28.8 28.4 
Direction:  {349 191} {349 191} {350 190} {349 191} {351 189} {348 192} {349 191} {46 134} {48 132} {45 135} {48 132} {46 134} {48 132} {47 133} {46 134} {49 131} {49 131} {49 131} {44 136} {48 132} {49 131} {45 135} {47 133} {48 132} {49 131} {46 134} n n n {351 189} {350 190} n {348 192} {350 190} {350 190} {348 192} {349 191} {349 191} n n {350 190} {349 191} {350 190} {348 192} {351 189} {46 134} {45 135} {47 133} {48 132} {47 133} {51 129} {45 135} {46 134} {49 131} {49 131} {47 133} {48 132} {51 129} {48 132} {45 135} {46 134} {46 134} {42 138} {50 130} {349 191} {347 193} n n {347 193} n n {352 188} {350 190} {347 193} {349 191} n {349 191} {347 193} {350 190} n {351 189} n {348 192} {47 133} {46 134} {49 131} {47 133} {47 133} {48 132} {49 131} {47 133} {46 134} {47 133} {46 134} {49 131} {45 135} {51 129} {50 130} {51 129} {43 137} {50 130} {46 134} {45 135} {349 191} {347 193} n {352 188} {349 191} n n {348 192} {349 191} {350 190} {350 190} {352 188} {348 192} n {348 192} {348 192} {349 191} {348 192} {43 137} {46 134} {49 131} {48 132} {46 134} {50 130} {49 131} {46 134} {45 135} {46 134} {46 134} {48 132} {49 131} {46 134} {48 132} {49 131} {45 135} {43 137} {49 131} {46 134} {347 193} n {349 191} n n n {351 189} n {349 191} n {348 192} n {351 189} n {349 191} {349 191} n {348 192} {46 134} {46 134} {46 134} {46 134} {46 134} {48 132} {48 132} {48 132} {50 130} {44 136} {51 129} {46 134} {51 129} {48 132} {47 133} {50 130} {48 132} {46 134} {49 131} {47 133} {351 189} n {349 191} n {349 191} {347 193} {349 191} {350 190} {349 191} n {349 191} {350 190} {351 189} {349 191} {347 193} n n {350 190} {47 133} {50 130} {46 134}

54.1: Count:  13.9 (  4.1) A:  13.7 [10-47] B:  23.0 [10-114] Phase: 100% 142 (37.7) Direction:  {47 133}  82% 322 (18.6) Direction:  {349 191}  9% 51 (18.4) Direction:  {15 165}  13% 346 (22.7) Direction:  {356 184}
Phase: {2456,670,702,727,859,873,822,641,626,660,669,747,420,521,513,579,449,547,529,401,457,495,518,448,541,484,386,538,445,466,494,516,539,399,525,527,503,612,512,557,552,648,626,591,610,786,565,662,751,676,721,839,734,823,769,901,874,737,894,891,935,1004,1025,1161,818,1076,1175,1156,1164,1198,1224,964,1329,1316,1275,1394,1405,1555,1348,1627,1540,1685,1607,1689,1844,1761,1883,1905,1931,1779,3036,1812,2170,2267,2355,2458,2600,2510,2471,2804,2884,2890,2611,3129,3135,3247,3258,3555,3714,3175,3603,3768,3967,3998,4180,4057,3693,4734,4383,4561,4606,4658,4860,4614,4898,5038,5045,5106,5169,5225,4777,5322,5139,5294,4642,5813,4696,5144,5168,5311,4840,5320,5117,5090,5088,5124,5143,4746,5179,5084,5000,5063,5066,5588,4328,4987,5193,4882,5022,5014,4812,4458,5124,4773,4388,4455,4502,4400,3790,4170,4056,4044,3717,3624,3742,3697,3347,3327,3258,2684,4282,2481,2818,2761,2769,2532,2613,2492,2354,2414,2265,2285,1861,2197,1870,1970,1810,1950,1812,1496,1646,1576,1598,1518,1671,1420,1182,1560,1339,1334,1214,1248,1262,1048,1222,1175,1081,1112,1017,1002,927,980,912,957,792,1101,700,809,834,824,696,771,756,747,708,656,682,565,643,616,584,572,575,690,421,505,593,495,515,501,517,368,473,500,401,446,388,428,333,515,447,426,388,351,467,440,406,414,349,324,884,323,347,409,542,604,578,490,518,645,722,910,470,669,798,901,742,1121,951,760,1238,1101,1520,1217,1977,1375,1105,2332,1890,2375,2040,2419,2512,1784,2923,2957,2492,3713,3159,3810,2913,3901,4344,3298,3487,5971,3742,3757,4923,4888,3817,5286,4729,5494,4108,5076,5459,3198,5137,4729,4367,4950,4557,5753,2834,3462,5105,3442,4079,3355,3625,2313,3265,3742,2361,3099,2515,2155,1651,2847,2410,1893,1558,1422,1757,1893,1451,1028,846,749}
Count:   9.4   9.6   9.9  10.1   9.9   9.4   9.7  13.2  19.8  19.7  19.8  19.7  19.6  18.7  18.7  18.9  18.7  17.7  17.3  17.4  16.7  16.3  15.4  15.5  15.1  14.7  12.5   9.9   9.6   9.8  10.1  10.2   9.9  10.2   9.6  10.5  10.2  10.1  10.0   9.8   9.8   9.8   9.6  10.1  10.2  13.4  19.8  20.0  19.4  19.7  19.3  18.9  19.1  18.5  18.2  18.1  18.2  17.7  17.9  17.1  17.2  15.8  15.5  14.7  13.4  10.1  10.2  10.0  10.0  10.0  10.4  10.2  10.1  10.1   9.9  10.1  10.3  10.2   9.6   9.8   9.8  10.2   9.7  13.5  20.5  19.9  19.8  19.8  19.3  19.3  18.8  18.9  18.6  18.4  17.7  17.2  16.5  16.7  15.5  16.4  15.0  15.3  12.7   9.6  10.2  10.2  10.3  10.3  10.0   9.8  10.3  10.2  10.2   9.8  10.2  10.1  10.3  10.1  10.3   9.9  10.2  13.3  21.0  20.8  20.7  19.1  19.7  19.5  20.0  18.3  18.9  17.5  18.2  17.0  17.5  16.7  17.1  16.1  15.9  14.7  13.3   9.9  10.0  10.4   9.9  10.1   9.6  10.1  10.0  10.6  10.2  10.7   9.4  10.1  10.1  10.5  10.0  10.3   9.9  12.8  20.2  20.5  19.8  19.9  19.2  19.2  18.7  18.7  18.5  18.0  17.7  17.7  17.0  16.4  16.3  15.3  15.4  15.0  13.3   9.8  10.4  10.0  10.2  10.1  10.2  10.0  10.0  10.0  10.4  10.4  10.0  10.3  10.5  10.2   9.9  10.0  10.2  13.2  20.8  20.0 
B: 17.0 16.7 17.9 17.7 17.7 17.9 18.0 23.7 28.1 27.4 27.9 27.7 27.9 27.2 27.3 27.2 26.8 26.6 25.8 25.3 24.8 24.2 23.1 22.1 21.3 20.6 19.6 17.6 18.0 17.9 18.0 18.0 18.1 18.0 17.8 18.1 18.1 18.0 18.0 18.2 17.9 18.1 18.2 17.9 18.1 23.9 27.4 27.9 27.6 27.0 26.9 27.4 27.0 26.8 26.7 26.3 26.0 25.9 25.5 24.7 24.6 22.5 22.0 21.2 20.2 17.8 18.2 18.3 18.1 18.1 17.8 18.0 18.1 18.3 17.8 18.0 18.3 18.1 18.1 18.1 17.9 18.1 17.9 23.2 27.6 27.9 27.7 27.3 27.8 27.6 27.1 26.9 26.9 26.4 25.9 25.6 24.2 23.4 23.2 23.7 22.0 21.4 20.1 17.8 17.9 18.1 18.2 17.9 17.9 18.1 18.4 18.1 18.1 18.1 18.4 17.9 18.4 18.1 18.2 18.1 18.2 22.5 28.9 28.1 28.0 27.7 27.8 27.2 27.2 26.5 26.8 26.1 26.2 25.1 24.9 24.4 24.3 23.4 22.8 21.6 20.6 17.9 18.1 18.3 18.0 18.3 18.0 18.5 17.9 18.5 17.8 18.1 18.1 18.3 17.9 18.3 18.0 18.0 18.2 23.6 27.9 28.3 27.2 27.7 27.6 28.1 27.1 27.2 26.9 26.8 26.2 25.8 25.2 24.3 23.4 22.6 22.1 20.7 20.4 17.7 18.5 18.1 18.0 17.9 18.2 18.1 18.1 18.2 18.0 18.0 17.9 18.1 18.1 18.3 18.3 18.4 18.1 22.9 27.5 27.3 
Direction:  {350 190} {349 191} {351 189} {349 191} {350 190} {352 188} {350 190} {42 138} {52 128} {44 136} {43 137} {42 138} {43 137} {43 137} {54 126} {45 135} {47 133} {52 128} {45 135} {39 141} {49 131} {53 127} {54 126} {47 133} {47 133} {38 142} {349 191} {349 191} {350 190} {349 191} {351 189} {348 192} {349 191} {348 192} {352 188} {349 191} {351 189} {347 193} {348 192} {351 189} {349 191} {349 191} {349 191} {349 191} {351 189} {49 131} {50 130} {53 127} {50 130} {43 137} {52 128} {41 139} {43 137} {51 129} {49 131} {44 136} {44 136} {51 129} {43 137} {42 138} {47 133} {51 129} {41 139} {47 133} {349 191} {350 190} {348 192} {348 192} {348 192} {351 189} {350 190} {348 192} {349 191} {349 191} {352 188} {349 191} {351 189} {348 192} {350 190} {350 190} {353 187} {349 191} {349 191} {51 129} {50 130} {43 137} {45 135} {46 134} {49 131} {55 125} {43 137} {43 137} {43 137} {42 138} {41 139} {40 140} {44 136} {44 136} {43 137} {40 140} {50 130} {44 136} {349 191} {352 188} {350 190} {349 191} {348 192} {349 191} {349 191} {348 192} {350 190} {348 192} {351 189} {349 191} {351 189} {347 193} {351 189} {351 189} {351 189} {352 188} {349 191} {349 191} {52 128} {47 133} {51 129} {55 125} {41 139} {46 134} {53 127} {48 132} {52 128} {53 127} {41 139} {41 139} {52 128} {40 140} {47 133} {47 133} {56 124} {49 131} {46 134} {353 187} {350 190} {351 189} {348 192} {347 193} {349 191} {348 192} {349 191} {350 190} {349 191} {349 191} {349 191} {350 190} {349 191} {348 192} {349 191} {347 193} {351 189} {46 134} {52 128} {40 140} {47 133} {44 136} {44 136} {54 126} {41 139} {53 127} {44 136} {52 128} {45 135} {44 136} {44 136} {41 139} {41 139} {45 135} {52 128} {49 131} {348 192} {346 194} {348 192} {351 189} {349 191} {351 189} {352 188} {349 191} {352 188} {350 190} {349 191} {349 191} {348 192} {351 189} {350 190} {350 190} {351 189} {350 190} {349 191} {347 193} {47 133} {46 134}

54.2: Count:  12.3 (  4.7) A:  13.9 [10-48] B:  24.5 [10-109] Phase: 100% 141 (43.0) Direction:  {46 134}
Phase: {1822,363,360,397,426,612,509,414,342,317,416,472,232,336,299,348,271,413,312,239,327,305,339,271,374,258,250,432,364,377,326,413,332,333,422,464,387,514,494,528,450,585,596,577,584,735,567,669,698,736,640,885,748,856,832,980,898,788,1098,1017,984,1117,1173,1355,979,1099,1368,1242,1344,1229,1390,1177,1612,1552,1475,1658,1573,1717,1486,1834,1834,1853,1881,1886,1925,2096,2114,2131,2169,1877,3513,2011,2403,2412,2707,2633,2767,2822,2849,3061,3031,3274,2895,3349,3242,3460,3348,3824,4078,3298,3979,3930,4034,4155,4321,4175,3828,5015,4472,4545,4888,4711,4952,4505,4929,5102,4969,5195,5182,5222,4923,5341,5115,5078,4677,5950,4733,5208,5372,5315,5075,5373,5259,5073,5237,5320,5205,4779,5347,5110,5193,5132,5118,5532,4422,5048,5192,4960,4983,4970,4934,4287,5113,4844,4426,4577,4455,4531,3984,4379,4315,4096,3831,3896,3854,3884,3653,3415,3324,2816,4571,2752,3010,2866,2919,2867,2694,2711,2562,2422,2342,2351,2013,2278,2095,2073,1890,2092,2070,1547,1768,1737,1704,1637,1761,1526,1153,1681,1419,1541,1275,1375,1252,1128,1244,1200,1114,1111,1116,1082,883,962,986,902,792,1065,699,799,774,767,626,743,663,651,594,630,591,498,570,506,442,490,485,455,302,335,426,336,341,310,299,267,308,346,252,237,243,221,178,271,281,212,214,209,248,254,220,186,168,165,584,172,184,190,231,317,360,227,278,249,391,536,240,283,319,499,361,701,464,320,572,596,898,555,1202,530,506,1235,958,1315,943,1076,1425,793,1729,1590,1079,2202,1520,2290,1429,2266,2266,1761,2100,3584,2190,2076,2684,2867,1885,3354,2452,3608,1981,3150,3353,1570,2981,2553,2302,3219,2583,3268,1412,1649,3535,1848,2637,1952,1973,1249,1832,2448,1382,1806,1243,1007,934,1988,1554,888,716,882,1254,1191,711,548,446,452}
Count:   7.1   7.0   7.7   7.6   7.5   7.4   7.1  11.6  19.1  19.0  19.4  18.7  18.7  17.6  17.8  17.7  17.8  16.6  16.6  16.4  15.1  15.2  14.6  14.4  13.8  13.6  10.9   7.7   7.8   7.9   7.7   7.9   7.7   8.0   7.9   8.2   7.9   7.6   7.4   7.7   7.2   7.3   7.3   7.9   8.0  11.5  18.7  19.4  18.5  18.9  18.4  18.1  17.8  17.9  17.3  16.9  17.0  16.6  16.5  16.1  15.8  14.3  14.5  13.4  11.6   7.6   8.3   7.6   7.9   7.7   8.1   8.0   7.7   7.8   7.7   7.9   8.2   7.8   7.5   7.5   7.3   7.9   7.7  11.8  19.7  19.0  19.0  18.9  18.7  18.5  18.3  18.4  17.7  17.1  16.5  16.2  15.4  15.2  14.3  15.2  13.8  13.8  11.3   7.4   7.6   7.9   8.2   8.5   8.1   7.8   8.1   7.8   7.6   7.8   8.0   7.9   8.2   8.0   8.1   7.8   8.2  11.3  20.1  19.8  19.8  18.4  18.0  18.2  18.8  17.6  17.8  16.4  17.2  16.4  16.2  15.3  15.4  14.6  14.4  13.6  11.5   7.6   7.6   8.5   7.6   7.9   7.4   8.1   7.9   8.4   8.0   8.4   7.5   7.8   8.2   8.4   7.8   8.3   8.1  11.3  19.1  19.3  19.0  19.0  18.5  18.8  17.8  17.9  17.1  17.4  17.0  16.2  16.1  15.3  14.5  14.0  14.3  13.7  11.6   7.1   8.5   7.9   8.0   7.7   8.1   7.6   7.8   7.2   8.4   8.2   8.1   8.2   8.4   7.8   8.1   7.5   8.0  11.4  19.9  19.0 
B: 17.4 17.0 18.3 18.0 17.9 18.1 18.6 25.3 30.2 28.9 29.5 29.2 29.8 28.8 29.2 28.9 28.4 27.8 27.3 27.2 26.7 25.5 24.6 23.3 22.2 21.4 20.2 17.9 18.0 18.4 18.2 18.2 18.1 18.1 18.2 17.8 18.1 18.2 18.8 18.7 18.5 18.7 18.5 17.9 17.9 26.0 29.2 29.8 29.1 28.8 28.4 29.1 28.6 28.5 27.9 28.5 27.8 28.1 27.4 26.4 26.1 23.8 23.0 22.2 20.8 17.9 18.1 18.3 18.4 18.1 18.1 18.0 18.8 18.4 18.0 18.0 18.3 18.7 18.1 18.5 18.1 18.2 18.4 24.6 29.6 29.6 29.7 28.8 29.6 29.1 28.9 28.2 28.4 27.8 28.0 26.9 25.9 24.8 24.5 25.0 23.2 22.0 20.9 18.2 18.2 18.6 18.0 18.0 18.4 17.9 18.3 18.1 18.3 18.4 18.4 18.2 18.1 18.4 18.2 18.4 18.6 24.1 29.9 30.2 29.2 29.5 29.4 29.1 29.1 28.0 28.1 28.4 27.9 26.3 26.8 25.2 25.9 24.5 23.8 22.6 21.2 18.2 18.5 18.1 18.1 18.4 18.6 18.7 18.2 18.3 18.0 18.0 18.4 18.6 17.8 18.5 18.4 18.5 18.2 24.3 29.8 30.2 28.6 29.7 29.3 29.4 28.9 29.2 28.9 28.4 27.6 27.5 26.2 26.1 24.7 23.6 22.5 21.5 20.8 18.1 18.2 18.1 18.4 18.2 18.3 17.9 18.6 18.5 18.2 18.3 18.5 17.8 18.1 18.2 18.5 18.3 18.3 24.2 29.8 29.2 
Direction:  n n n n n n n {51 129} {44 136} {44 136} {43 137} {49 131} {47 133} {49 131} {46 134} {56 124} {54 126} {47 133} {46 134} {42 138} {44 136} {57 123} {41 139} {49 131} {41 139} {44 136} n n n n n n n n n n n n n n n n n n n {54 126} {47 133} {45 135} {48 132} {40 140} {42 138} {49 131} {44 136} {45 135} {42 138} {55 125} {38 142} {47 133} {42 138} {44 136} {49 131} {47 133} {57 123} {55 125} {39 141} n n n n n n n n n n n n n n n n n n {49 131} {42 138} {47 133} {53 127} {46 134} {41 139} {48 132} {46 134} {47 133} {47 133} {51 129} {53 127} {56 124} {46 134} {50 130} {49 131} {46 134} {42 138} {41 139} {45 135} n n n n n n n n n n n n n n n n n n {50 130} {44 136} {42 138} {47 133} {49 131} {42 138} {46 134} {45 135} {51 129} {43 137} {52 128} {49 131} {39 141} {45 135} {47 133} {41 139} {37 143} {45 135} {45 135} {48 132} n n n n n n n n n n n n n n n n n n {41 139} {54 126} {46 134} {43 137} {41 139} {46 134} {41 139} {44 136} {43 137} {44 136} {44 136} {46 134} {51 129} {51 129} {42 138} {53 127} {43 137} {44 136} {40 140} {47 133} n n n n n n n n n n n n n n n n n n {44 136} {48 132} {42 138}

54.3: Count:   8.8 (  5.3) A:  14.7 [10-44] B:  29.2 [10-115] Phase: 100% 141 (29.7) Direction:  {46 134}
Phase: {397,77,46,70,81,137,121,89,96,73,100,110,59,70,53,88,59,113,87,53,74,64,77,66,91,63,56,88,69,91,101,109,102,88,135,114,94,154,137,184,148,157,196,164,187,241,194,220,233,258,206,266,314,367,328,364,369,316,387,374,428,421,424,556,430,474,588,559,601,612,639,581,736,853,659,879,746,862,737,931,1052,1062,1030,1004,1186,1246,1195,1218,1252,1095,2232,1152,1528,1589,1668,1833,1905,1858,2059,2061,2289,2320,2076,2504,2528,2814,2609,3148,3425,2898,3297,3434,3600,3922,3988,4023,3603,4852,4683,4767,4896,5097,5336,4872,5545,5570,5815,5983,6053,6098,5923,6170,6091,6236,5603,6905,5607,6122,6063,6182,5731,6246,5888,6190,6011,6016,5926,5589,6050,5824,5956,5937,5973,6484,5053,5738,6043,5922,5661,5382,5275,4547,5506,5171,4694,4610,4427,4444,3802,4026,3911,3682,3429,3321,3376,3158,2888,2721,2592,2185,3459,2033,2051,2088,1958,1803,1785,1651,1624,1550,1501,1476,1185,1282,1186,1185,1054,1027,1120,846,832,866,830,804,813,683,554,736,596,598,572,555,558,412,533,469,360,472,412,386,288,349,337,317,255,344,227,267,263,204,166,203,187,205,191,171,190,104,140,118,111,97,99,140,76,89,84,81,91,94,96,56,72,84,52,48,52,66,37,58,50,41,41,49,46,48,43,22,34,23,139,30,39,41,45,79,57,56,51,40,85,107,47,54,71,73,62,130,70,38,85,103,152,96,198,80,71,161,169,241,151,158,196,111,295,267,158,356,226,346,205,343,293,243,252,608,313,289,374,379,264,513,318,596,233,420,556,193,426,309,345,551,389,443,179,172,555,292,416,302,248,183,251,454,201,308,176,151,156,390,273,104,143,168,282,272,131,87,69,68}
Count:   3.3   3.2   3.7   3.7   3.7   3.5   3.5   8.3  16.9  16.5  16.6  15.8  16.0  15.3  15.1  14.7  14.7  13.7  13.5  13.1  12.9  12.6  11.7  11.4  10.6  10.2   7.3   3.4   3.8   3.9   3.6   3.9   3.7   3.5   3.4   3.7   3.7   3.9   3.5   3.7   3.6   3.7   3.5   3.8   3.8   8.2  16.5  16.9  15.9  16.1  15.3  15.6  15.1  15.0  14.3  14.6  14.1  14.1  13.3  13.2  12.5  12.0  11.4  10.2   7.8   3.4   3.8   3.7   3.7   3.8   4.0   3.8   3.8   3.7   3.9   3.5   3.9   3.7   3.7   3.7   3.5   3.6   3.9   8.1  17.3  16.4  16.4  15.9  16.4  15.4  15.3  15.0  15.1  14.0  13.8  12.8  12.5  11.5  11.7  12.4  10.5  10.5   7.8   3.5   3.9   3.7   3.7   4.0   3.7   3.6   3.7   3.6   3.5   3.5   3.7   3.5   3.9   3.8   3.9   3.7   3.9   7.9  17.4  17.4  16.6  16.4  15.7  15.6  15.5  14.9  14.9  13.7  14.1  13.0  13.3  12.1  12.5  11.5  12.0  10.5   8.0   3.5   3.9   3.8   3.8   3.8   3.6   3.9   3.9   3.9   3.9   3.9   3.6   3.7   3.6   4.0   3.7   4.0   3.7   8.0  17.1  16.8  15.9  16.4  15.7  15.9  14.9  15.4  14.5  14.9  14.0  13.7  12.7  12.7  11.5  11.5  10.6  10.5   8.1   3.5   4.0   3.6   3.8   3.9   3.7   3.6   3.8   3.5   3.7   4.0   3.9   3.6   4.0   3.8   3.4   3.8   4.0   7.5  17.2  16.2 
B: 19.0 19.6 20.3 20.4 20.1 20.5 20.4 30.3 34.3 33.3 33.7 33.5 33.9 32.5 33.3 32.6 32.8 31.7 31.7 31.0 30.3 29.2 28.2 27.2 25.6 24.3 23.4 19.8 20.2 20.5 20.6 20.5 20.5 20.5 20.2 20.6 20.1 20.6 20.7 20.4 20.3 20.4 20.9 20.5 19.9 30.5 33.1 33.8 33.0 33.5 32.4 33.1 32.1 32.8 32.3 32.6 31.6 31.6 30.9 30.8 29.8 27.9 26.0 24.7 23.8 19.9 20.3 20.6 20.6 20.5 20.4 20.0 20.5 20.9 20.1 20.4 20.6 20.8 20.6 20.3 20.1 20.5 20.3 30.1 34.6 33.9 34.1 33.4 33.7 32.9 33.5 32.4 32.8 32.0 32.5 30.8 29.9 28.3 28.5 28.4 26.7 24.7 23.1 20.3 20.5 20.4 20.1 20.5 20.5 20.7 20.4 20.5 20.4 19.9 20.8 20.5 20.6 20.6 20.9 20.5 20.6 29.0 34.3 34.8 34.0 33.6 33.2 32.8 33.3 32.5 32.1 32.2 32.0 30.7 31.2 28.7 30.0 28.1 27.8 25.7 24.0 20.1 20.7 20.6 20.1 20.7 20.3 20.1 20.4 20.3 19.7 21.0 20.7 20.8 20.4 20.4 20.4 20.6 20.6 29.0 33.6 34.2 33.4 33.9 33.6 33.5 32.6 33.1 32.5 32.4 31.6 32.2 30.5 30.2 28.6 27.4 25.9 24.7 23.9 20.2 20.4 20.4 20.5 20.4 20.7 20.0 20.6 20.4 21.1 20.2 20.6 20.1 20.6 20.3 20.5 20.6 21.0 28.7 34.1 33.6 
Direction:  n n n n n n n {44 136} {52 128} {46 134} {49 131} {43 137} {47 133} {43 137} {42 138} {46 134} {49 131} {51 129} {41 139} {44 136} {44 136} {46 134} {40 140} {46 134} {53 127} {46 134} {43 137} n n n n n n n n n n n n n n n n n n {53 127} {47 133} {45 135} {48 132} {42 138} {47 133} {48 132} {52 128} {51 129} {45 135} {46 134} {42 138} {43 137} {45 135} {42 138} {45 135} {49 131} {47 133} {40 140} {40 140} n n n n n n n n n n n n n n n n n n {42 138} {45 135} {44 136} {44 136} {43 137} {46 134} {45 135} {47 133} {42 138} {42 138} {47 133} {44 136} {50 130} {48 132} {41 139} {49 131} {42 138} {43 137} {46 134} {43 137} n n n n n n n n n n n n n n n n n n {53 127} {41 139} {46 134} {42 138} {50 130} {48 132} {41 139} {50 130} {45 135} {48 132} {51 129} {46 134} {41 139} {50 130} {51 129} {51 129} {54 126} {42 138} {47 133} {40 140} n n n n n n n n n n n n n n n n n n {47 133} {44 136} {43 137} {41 139} {42 138} {47 133} {40 140} {43 137} {42 138} {47 133} {42 138} {45 135} {50 130} {41 139} {40 140} {42 138} {48 132} {40 140} {54 126} {42 138} n n n n n n n n n n n n n n n n n n {45 135} {46 134} {46 134}

54.4: Count:   7.7 (  5.6) A:  15.4 [10-45] B:  32.1 [10-111] Phase: 100% 141 (23.2) Direction:  {46 134}
Phase: {37,7,4,10,2,21,15,4,15,8,10,16,10,7,9,12,11,20,3,9,7,17,19,8,8,9,5,19,17,27,21,19,16,13,25,23,22,26,23,27,39,37,37,34,34,53,58,49,61,81,68,74,72,118,82,70,133,92,130,131,178,169,131,190,169,187,266,222,260,288,240,260,355,386,370,378,461,420,395,525,550,549,566,601,643,716,673,744,838,706,1481,839,1004,1022,1215,1246,1295,1258,1347,1599,1495,1726,1641,1880,1987,2065,2038,2453,2709,2290,2682,2875,3042,3131,3572,3589,3273,4492,4092,4495,4648,4946,5285,4864,5678,5687,6216,6304,6496,6767,6461,6991,6966,7262,6650,8143,6757,7525,7501,7415,7080,7411,7457,7556,7237,7409,7618,6864,7337,7164,7073,6822,6827,7498,5860,6215,6277,5994,5796,5664,5392,4801,5409,4818,4516,4291,4040,3880,3371,3632,3334,3175,2809,2521,2584,2407,2240,2056,1863,1489,2599,1366,1479,1479,1299,1318,1240,1113,1018,927,883,860,594,710,624,606,541,559,530,350,409,428,395,324,321,316,219,286,273,242,216,169,181,109,160,134,129,130,96,103,67,111,74,82,52,96,43,66,53,66,33,40,50,50,28,27,25,35,30,23,24,18,28,22,8,19,21,18,9,18,8,6,5,15,6,7,16,7,3,7,17,2,6,2,3,6,8,7,1,2,19,6,1,2,6,8,4,6,7,3,11,17,6,4,5,6,5,9,5,4,5,2,3,4,16,4,3,4,4,15,9,3,6,0,13,9,4,10,4,15,1,6,11,6,8,12,4,3,8,12,8,14,10,20,4,16,24,4,11,8,15,20,11,15,7,7,24,9,9,6,7,7,21,17,3,12,8,9,18,13,10,4,4,7,21,15,15,7,8,10}
Count:   2.1   2.2   2.4   2.3   2.4   2.4   2.2   7.5  16.1  16.0  15.9  15.3  15.3  14.6  14.6  13.7  14.3  12.8  13.1  12.0  12.2  11.5  11.3  10.3  10.2   9.2   6.2   2.0   2.2   2.2   2.2   2.5   2.4   2.4   2.2   2.4   2.2   2.3   2.4   2.4   2.3   2.4   2.3   2.4   2.3   7.4  15.6  16.0  15.6  15.1  14.8  14.9  14.3  14.1  13.7  13.7  13.3  13.5  12.6  12.5  11.7  11.2  10.6   9.7   6.7   2.0   2.5   2.3   2.5   2.3   2.5   2.5   2.6   2.3   2.3   2.3   2.4   2.2   2.4   2.5   2.4   2.5   2.5   6.9  16.6  16.2  15.7  15.3  15.6  14.9  14.4  13.9  14.2  13.1  13.5  12.6  12.2  10.9  11.0  11.4  10.4   9.9   6.8   2.1   2.4   2.5   2.2   2.4   2.3   2.4   2.3   2.3   2.4   2.3   2.4   2.4   2.3   2.4   2.4   2.3   2.5   7.1  17.0  17.0  15.7  15.7  15.1  14.9  14.8  14.7  13.9  13.4  13.4  12.0  12.3  11.3  12.0  10.9  11.6   9.6   7.0   2.0   2.6   2.3   2.5   2.4   2.4   2.5   2.7   2.4   2.3   2.3   2.5   2.4   2.3   2.6   2.5   2.5   2.3   6.9  16.6  16.2  15.9  15.8  15.3  15.3  14.3  14.6  13.4  13.9  13.1  13.2  11.9  12.1  10.8  11.3   9.6  10.2   6.9   2.2   2.6   2.4   2.5   2.1   2.4   2.1   2.4   2.2   2.5   2.2   2.6   2.2   2.4   2.3   2.4   2.3   2.4   6.4  16.6  15.6 
A: 11.7 11.8 11.8 11.9 11.6 11.9 12.0 16.1 17.2 16.7 17.2 17.0 16.9 16.7 16.6 16.7 16.7 16.2 16.2 15.8 15.5 15.2 14.8 14.2 13.9 13.3 13.3 11.7 11.8 11.8 11.8 11.8 11.9 11.9 11.8 11.8 11.8 11.9 11.7 11.6 11.7 11.9 11.8 11.8 11.8 16.3 16.6 17.1 16.5 17.0 16.4 16.6 16.3 16.4 16.0 16.4 15.9 16.0 15.5 15.5 14.9 14.5 14.0 13.5 13.4 11.5 11.7 11.9 11.8 11.7 11.8 11.7 11.8 11.8 11.7 11.8 11.8 11.9 11.8 11.8 11.8 11.7 11.7 15.4 17.1 16.7 16.8 16.4 16.8 16.6 16.7 16.5 16.4 16.4 16.2 15.6 15.6 14.7 14.6 14.8 14.3 13.6 13.2 11.6 11.9 11.8 11.8 11.7 11.7 11.8 11.7 11.7 11.7 11.7 11.7 11.7 11.8 11.8 11.8 11.7 11.6 15.3 16.8 17.1 17.0 16.7 16.5 16.5 16.4 16.2 16.2 16.0 15.9 15.6 15.5 15.0 15.0 14.6 14.4 13.7 13.4 11.7 11.9 11.9 11.6 11.8 11.7 11.8 11.9 11.6 11.9 11.9 11.8 11.8 11.7 11.7 11.7 11.8 11.8 15.4 16.8 17.0 16.5 16.8 16.5 16.8 16.3 16.5 16.3 16.4 15.9 15.8 15.5 15.2 14.7 14.4 13.8 13.5 13.2 11.6 11.7 11.8 11.5 11.9 11.7 11.9 11.8 11.7 11.9 11.9 11.8 11.6 11.7 11.6 11.8 11.7 11.8 15.9 16.9 16.6 
B: 21.0 21.2 21.9 22.6 21.6 21.7 22.3 33.7 36.9 35.8 36.7 36.3 36.6 35.2 35.5 35.4 35.6 34.5 34.2 33.3 32.8 31.4 30.8 29.1 27.9 26.3 25.4 21.2 21.5 21.9 22.1 21.8 22.1 21.7 22.0 22.3 21.8 22.2 22.1 21.7 21.4 22.2 22.1 22.1 22.0 35.0 35.1 36.7 35.1 36.5 34.4 35.1 34.9 35.2 34.2 34.8 33.8 34.0 32.6 33.3 31.5 29.9 28.6 26.2 26.6 21.7 22.4 22.5 22.2 21.6 22.5 21.4 23.0 21.8 21.9 22.3 23.0 22.2 21.7 22.1 21.8 21.6 21.5 33.1 37.1 36.1 36.4 35.4 36.2 35.1 36.0 35.1 35.2 34.7 34.3 33.2 32.6 30.3 30.1 30.8 29.1 27.3 25.0 21.9 22.3 21.4 22.2 22.2 22.0 21.8 22.1 21.7 21.5 21.9 22.1 22.0 22.4 22.3 22.1 22.1 21.4 32.3 36.5 37.1 36.6 36.1 35.3 35.8 35.4 34.6 34.4 34.5 34.3 33.3 32.9 31.5 31.5 29.9 29.9 27.7 26.9 21.3 21.9 21.7 21.8 22.6 21.8 22.3 22.2 21.5 21.6 21.8 22.0 22.2 21.7 22.3 22.1 22.2 21.7 32.4 36.5 36.8 35.3 36.2 35.5 35.9 34.3 35.3 34.7 34.8 33.8 33.5 32.7 32.2 30.2 30.0 27.9 26.6 25.8 21.4 21.5 21.8 22.1 22.0 22.2 22.1 21.9 21.4 22.0 22.3 21.9 21.9 22.2 22.0 21.9 21.5 22.4 33.6 36.9 36.3 
Direction:  n n n n n n n {48 132} {47 133} {48 132} {48 132} {44 136} {49 131} {47 133} {44 136} {47 133} {46 134} {51 129} {44 136} {46 134} {48 132} {47 133} {43 137} {41 139} {40 140} {45 135} {50 130} n n n n n n n n n n n n n n n n n n {46 134} {48 132} {47 133} {44 136} {44 136} {47 133} {45 135} {44 136} {47 133} {49 131} {46 134} {45 135} {47 133} {49 131} {46 134} {44 136} {45 135} {43 137} {46 134} {46 134} n n n n n n n n n n n n n n n n n n {48 132} {43 137} {46 134} {47 133} {49 131} {51 129} {47 133} {49 131} {44 136} {42 138} {46 134} {46 134} {44 136} {44 136} {45 135} {48 132} {40 140} {47 133} {47 133} {45 135} n n n n n n n n n n n n n n n n n n {49 131} {49 131} {45 135} {49 131} {47 133} {47 133} {46 134} {47 133} {48 132} {43 137} {47 133} {47 133} {47 133} {49 131} {45 135} {43 137} {44 136} {42 138} {44 136} {42 138} n n n n n n n n n n n n n n n n n n {46 134} {47 133} {47 133} {48 132} {47 133} {47 133} {45 135} {47 133} {48 132} {46 134} {49 131} {43 137} {46 134} {47 133} {41 139} {41 139} {44 136} {47 133} {47 133} {42 138} n n n n n n n n n n n n n n n n n n {50 130} {47 133} {47 133}

54.5: Count:   7.8 (  5.8) A:  15.7 [10-47] B:  32.7 [10-105] Phase: 100% 141 (21.1) Direction:  {46 134}
Phase: {149,31,25,23,27,52,58,40,26,25,42,48,16,30,29,39,36,73,40,29,31,31,35,40,31,33,33,61,49,38,37,49,49,42,68,64,47,64,61,73,53,65,82,75,84,88,50,92,98,91,73,110,157,146,119,136,180,127,169,226,177,188,184,241,177,216,298,238,285,289,287,270,310,400,340,401,419,366,392,548,522,576,532,590,606,612,661,677,723,655,1297,716,922,982,954,1123,1174,1056,1199,1327,1415,1593,1389,1759,1746,2001,1825,2121,2440,2071,2485,2570,2885,3019,3411,3484,3091,4063,4034,4300,4647,4811,5139,4967,5492,5830,6210,6523,6572,6847,6776,7357,7370,7604,6978,8366,7115,8149,8032,7821,7474,8052,7816,8121,7842,7754,7726,7252,7561,7431,7198,7210,7188,7351,6082,6399,6524,6127,5944,5635,5306,4716,5048,4744,4199,3968,3840,3551,3056,3247,3006,2774,2547,2346,2345,2240,1994,1766,1753,1370,2235,1214,1227,1186,1066,1102,1096,897,817,816,820,777,556,634,553,478,495,495,442,329,375,352,374,331,295,246,198,261,226,207,224,179,184,120,141,141,134,139,128,102,87,90,97,69,59,109,57,67,69,68,53,51,54,41,54,45,52,32,27,35,35,42,35,42,20,28,36,30,23,17,18,14,19,23,1,12,20,10,17,17,18,9,16,13,22,14,4,11,14,5,41,1,2,12,19,16,12,8,10,3,17,33,9,2,10,10,16,26,8,8,8,12,44,23,27,6,17,30,25,29,26,22,27,19,43,28,25,38,32,37,18,38,39,30,39,69,58,44,64,54,40,62,43,63,53,55,50,35,68,55,51,87,41,74,34,43,89,41,75,52,57,24,71,80,54,80,51,56,44,92,68,26,35,53,78,63,43,23,21,31}
Count:   2.0   2.1   2.3   2.1   2.1   2.1   2.3   7.6  16.5  16.0  16.3  15.5  15.3  14.7  14.7  13.8  14.1  13.1  13.2  12.5  12.7  11.8  11.4  10.2  10.6   9.1   6.4   2.0   2.2   2.1   2.1   2.2   2.1   2.1   2.1   2.4   2.2   2.4   2.3   2.3   2.3   2.1   2.2   2.1   2.2   7.4  15.9  16.4  15.7  15.3  15.1  14.7  14.3  14.7  13.6  13.8  13.4  13.6  12.9  12.9  12.1  11.4  10.5   9.9   6.6   1.9   2.2   2.2   2.2   2.2   2.1   2.2   2.4   2.2   2.3   2.2   2.3   2.3   2.4   2.4   2.2   2.4   2.3   6.9  17.0  16.3  15.8  15.2  15.9  15.4  15.2  14.2  14.0  13.5  13.7  12.7  12.4  11.0  11.5  11.1  10.7   9.6   6.9   2.2   2.2   2.3   2.0   2.1   2.1   2.2   2.2   2.2   2.2   2.2   2.4   2.7   2.3   2.2   2.1   2.2   2.3   7.4  17.0  16.8  16.1  16.0  15.2  15.4  14.8  14.6  14.1  13.9  13.3  12.5  12.1  11.5  12.2  11.3  11.5   9.9   6.7   2.1   2.4   2.1   2.4   2.3   2.2   2.4   2.3   2.3   2.4   2.3   2.3   2.4   2.2   2.3   2.2   2.2   2.1   6.9  16.9  16.4  15.9  15.8  15.3  15.5  14.6  14.8  13.4  14.0  13.5  13.1  12.0  12.4  11.1  11.4   9.8  10.0   7.0   2.0   2.3   2.2   2.2   2.1   2.2   2.0   2.2   2.0   2.4   2.3   2.2   2.2   2.2   2.1   2.4   2.4   2.3   6.4  16.8  15.9 
A: 11.9 11.9 12.0 11.9 11.7 12.0 11.9 16.5 17.4 17.2 17.3 17.3 17.4 16.9 17.2 16.8 17.1 16.4 16.8 16.1 16.1 15.6 15.2 14.7 14.3 13.5 13.4 11.7 11.6 11.8 11.8 11.8 11.8 11.9 11.9 11.7 11.7 11.8 11.8 11.8 11.8 12.1 11.9 11.9 11.7 16.6 16.9 17.3 17.3 17.2 17.0 17.1 16.9 16.8 16.6 16.8 16.5 16.3 15.7 16.1 15.1 14.8 14.5 13.8 13.7 11.5 11.9 12.0 11.7 11.9 11.9 11.8 11.8 11.9 11.9 11.8 11.8 11.8 11.9 11.7 11.7 11.8 11.7 15.7 17.5 17.2 17.4 16.8 17.2 16.9 16.8 16.9 16.7 16.5 16.4 15.8 15.8 14.9 15.1 15.2 14.6 13.6 13.4 11.7 11.8 11.8 11.7 12.0 11.5 11.9 11.8 11.6 11.9 11.8 11.6 11.8 11.8 11.7 11.8 11.8 11.8 15.6 17.4 17.4 17.3 17.2 16.9 16.9 16.6 16.5 16.6 16.2 16.2 16.0 15.5 15.6 15.2 15.0 14.6 14.2 13.6 11.5 11.9 12.0 11.8 11.6 11.8 11.8 11.8 11.8 11.8 11.8 12.0 11.7 11.9 11.6 11.7 12.0 11.9 16.1 17.5 17.2 16.8 17.1 16.8 17.1 16.3 16.4 16.7 16.7 16.1 16.2 15.7 15.8 14.9 14.9 14.2 13.8 13.4 11.6 11.8 11.7 11.6 11.8 11.8 11.6 11.7 11.8 11.8 11.9 11.8 11.8 11.7 11.5 11.9 11.8 11.8 16.1 17.3 17.1 
B: 20.7 20.3 21.4 21.4 21.6 21.1 21.5 34.5 37.3 37.1 36.7 37.0 37.7 36.1 36.6 35.7 36.0 34.7 35.4 33.6 34.0 32.7 31.7 30.6 28.6 26.5 25.8 20.8 21.1 21.4 21.2 21.6 21.2 21.5 21.8 21.7 21.1 21.1 21.6 21.4 21.1 21.5 21.0 21.9 21.2 34.9 35.7 37.2 36.9 36.9 36.0 36.1 36.0 35.6 35.0 35.3 34.7 34.5 32.7 34.3 31.3 30.5 29.7 27.5 26.9 21.0 21.2 21.4 21.8 21.6 22.2 21.3 22.3 21.1 21.2 21.5 22.0 21.9 21.2 21.3 20.9 20.9 21.5 33.4 38.1 36.6 37.6 36.3 36.9 35.9 36.0 36.3 35.7 35.3 34.7 33.2 33.0 30.8 31.2 31.3 29.9 27.3 25.9 20.8 21.5 21.0 21.3 21.6 21.5 21.3 21.1 21.1 21.4 21.2 21.7 21.2 21.1 21.3 21.7 21.2 21.0 32.4 38.1 37.7 37.4 37.1 35.8 36.5 35.6 35.4 35.3 34.3 34.5 34.1 32.5 33.1 31.8 31.1 29.9 28.9 26.6 21.0 21.3 21.5 21.5 21.5 21.2 21.3 21.7 20.9 21.0 20.6 22.0 21.0 21.4 21.1 21.5 21.3 21.1 34.1 37.5 37.3 36.0 36.7 36.2 36.9 34.9 35.0 35.7 35.7 34.3 34.5 33.1 33.4 30.9 31.0 28.4 27.5 26.4 20.5 21.1 21.4 21.2 21.3 21.4 21.3 21.3 20.9 21.2 21.9 21.8 21.2 21.8 21.0 21.4 20.7 21.4 33.8 37.6 37.2 
Direction:  n n n n n n n {47 133} {47 133} {47 133} {48 132} {47 133} {48 132} {46 134} {49 131} {48 132} {46 134} {46 134} {44 136} {47 133} {45 135} {49 131} {44 136} {44 136} {45 135} {43 137} {46 134} n n n n n n n n n n n n n n n n n n {46 134} {45 135} {43 137} {45 135} {50 130} {44 136} {46 134} {47 133} {47 133} {44 136} {45 135} {44 136} {45 135} {51 129} {45 135} {45 135} {44 136} {42 138} {45 135} {44 136} n n n n n n n n n n n n n n n n n n {44 136} {45 135} {48 132} {45 135} {44 136} {47 133} {44 136} {46 134} {47 133} {44 136} {44 136} {44 136} {46 134} {46 134} {44 136} {46 134} {47 133} {50 130} {45 135} {41 139} n n n n n n n n n n n n n n n n n n {47 133} {46 134} {44 136} {47 133} {44 136} {44 136} {45 135} {46 134} {43 137} {49 131} {45 135} {45 135} {47 133} {47 133} {45 135} {47 133} {47 133} {46 134} {50 130} {43 137} n n n n n n n n n n n n n n n n n n {47 133} {47 133} {47 133} {46 134} {47 133} {46 134} {44 136} {49 131} {46 134} {46 134} {43 137} {45 135} {46 134} {47 133} {44 136} {42 138} {47 133} {42 138} {43 137} {44 136} n n n n n n n n n n n n n n n n n n {50 130} {49 131} {44 136}

54.6: Count:   7.8 (  5.8) A:  16.0 [10-46] B:  33.0 [10-103] Phase: 100% 141 (19.1) Direction:  {46 134}
Phase: {142,22,28,19,31,55,67,47,29,13,39,58,19,33,30,37,36,46,32,23,45,33,41,43,75,38,41,50,62,68,61,48,71,56,78,74,91,97,70,104,88,129,120,110,103,173,114,125,159,161,176,208,198,200,214,228,252,179,226,266,241,284,262,334,246,288,402,354,442,432,376,394,480,502,507,551,524,484,450,598,663,601,552,726,779,779,754,801,758,700,1362,764,908,1056,1081,1151,1224,1183,1302,1375,1477,1642,1337,1567,1717,1800,1714,2054,2271,1926,2323,2530,2749,2773,2998,3045,2626,3770,3792,3931,4161,4527,4781,4571,5130,5550,5601,6109,6212,6670,6570,7121,7424,7772,7247,8665,7600,8498,8539,8977,8219,8780,8548,8618,8709,8315,8200,7678,8166,7797,7703,7347,7345,7554,5662,6241,6078,5635,5562,5056,4988,4231,4583,4338,3940,3803,3544,3341,2818,3058,2749,2584,2342,2237,2203,1908,1789,1670,1566,1281,2037,1102,1207,1100,1032,996,944,850,866,765,837,783,552,640,585,636,526,521,475,349,409,417,391,338,336,288,225,277,231,247,233,215,250,146,210,154,170,159,156,139,98,145,102,99,86,105,89,62,107,89,39,92,71,69,59,40,47,44,43,33,28,33,35,26,22,10,29,13,31,28,10,20,29,8,7,18,19,11,15,29,13,9,5,14,18,9,11,11,3,9,28,7,4,18,7,18,6,5,8,7,10,18,3,13,5,17,13,22,13,4,7,14,17,9,31,7,9,18,17,29,19,24,20,7,24,26,15,32,15,33,18,32,23,39,30,56,17,40,37,22,31,62,30,68,27,38,67,20,49,45,49,77,46,54,29,10,81,30,50,62,31,32,50,75,40,40,33,29,34,101,62,34,42,42,68,64,24,22,26,12}
Count:   2.0   2.0   2.2   2.0   2.1   2.2   2.1   7.9  16.4  15.9  16.0  15.6  15.8  14.8  14.8  13.9  14.7  13.1  13.5  12.6  12.3  11.8  11.4  10.4  10.5   9.2   6.0   2.0   2.3   2.3   2.2   2.1   2.1   2.1   2.1   2.3   2.2   2.4   2.3   2.3   2.2   2.2   2.2   2.2   2.0   7.4  16.1  16.1  16.0  15.4  14.8  15.0  14.7  15.0  13.4  13.9  13.2  13.6  13.2  13.0  11.8  11.5  10.6  10.0   6.7   2.0   2.2   2.3   2.4   2.2   2.0   2.0   2.4   2.4   2.4   1.9   2.3   2.2   2.3   2.3   2.5   2.4   2.2   7.1  16.7  16.1  16.3  15.2  16.0  14.9  15.4  14.4  14.1  13.8  13.3  12.7  12.8  10.7  11.7  11.0  10.8   9.5   7.2   2.0   2.2   2.3   2.3   2.3   2.0   2.3   2.3   2.2   2.2   2.3   2.0   2.3   2.3   2.2   2.2   2.0   2.0   7.3  17.5  16.9  16.1  15.8  15.2  15.3  14.6  14.4  14.0  13.9  13.1  12.5  11.6  11.7  11.9  12.0  11.3  10.0   6.9   1.9   2.3   2.2   2.3   2.3   2.3   2.1   2.1   2.1   2.3   2.4   2.3   2.3   2.2   2.4   2.1   2.1   2.1   7.1  17.3  16.4  16.1  16.1  15.0  15.2  14.8  14.3  13.6  14.1  13.3  12.9  12.0  12.3  11.3  11.3  10.2   9.7   6.8   2.0   2.2   2.4   2.2   2.0   2.2   2.0   2.2   2.1   2.4   2.3   2.0   2.0   2.2   2.1   2.1   2.4   2.2   6.8  17.1  15.5 
A: 12.0 11.8 11.9 11.9 11.8 12.0 11.9 16.6 17.7 17.7 17.5 17.6 17.4 17.1 17.3 17.0 17.3 16.6 16.9 16.4 16.3 15.8 15.5 15.0 14.4 13.8 13.5 11.8 11.9 11.7 11.9 11.9 12.2 11.8 12.0 11.8 11.9 11.9 11.7 11.8 11.8 11.8 11.9 12.0 11.8 16.8 17.2 17.4 17.3 17.3 17.1 17.2 17.2 17.2 17.1 17.2 16.6 16.9 16.1 16.5 15.4 15.0 14.8 13.9 13.8 11.6 11.7 11.8 11.7 11.9 11.7 11.7 12.0 11.9 11.8 11.8 12.0 11.8 11.9 11.8 11.7 11.7 12.0 15.8 17.8 17.4 17.7 17.2 17.3 17.1 17.3 17.1 17.1 16.6 16.7 16.3 16.0 15.2 15.2 15.2 14.7 13.9 13.5 11.9 11.7 11.9 11.8 12.0 11.7 11.9 11.9 11.9 11.7 11.9 11.8 11.8 11.7 11.7 11.7 12.0 11.9 16.2 17.8 17.5 17.5 17.7 17.2 17.2 17.2 17.1 16.9 16.6 16.5 16.1 15.9 16.0 15.3 15.3 14.7 14.5 13.5 11.7 11.7 11.9 11.9 11.7 11.8 11.8 11.8 11.7 11.8 11.9 11.9 11.9 11.9 11.8 11.9 11.8 11.9 16.5 17.6 17.7 17.6 17.3 17.1 17.2 16.6 16.9 16.9 17.0 16.4 16.4 16.1 15.8 15.1 15.1 14.3 14.1 13.7 11.6 11.9 12.0 11.7 11.9 12.0 11.9 11.7 11.8 11.8 12.1 12.1 11.6 11.8 11.7 12.0 11.8 11.7 16.1 17.7 17.5 
B: 20.3 19.7 20.8 20.8 21.2 20.8 21.1 34.4 38.3 37.8 37.5 37.5 37.4 36.5 36.7 35.9 36.2 35.0 35.7 34.1 34.2 32.7 31.8 31.2 29.4 26.9 26.0 20.2 20.4 20.2 21.1 20.8 21.0 20.6 21.3 20.6 20.7 20.2 20.0 20.8 20.2 20.6 20.0 21.4 20.6 35.4 36.2 37.4 37.0 37.2 36.5 36.7 36.4 36.7 35.6 36.0 34.7 35.0 33.6 34.6 31.8 31.0 30.3 27.7 26.2 19.9 21.2 20.5 19.7 21.0 20.8 21.2 21.0 20.8 20.2 20.8 21.3 20.5 21.2 20.2 20.0 19.8 21.1 33.7 38.4 37.3 38.3 37.0 37.2 36.3 36.6 36.1 37.0 34.9 35.1 34.0 33.6 31.6 30.9 31.1 29.6 27.6 26.5 20.2 20.2 19.9 20.6 20.5 20.2 20.7 21.6 20.8 20.2 20.9 21.1 21.2 20.6 19.9 20.7 21.7 21.1 33.7 38.6 37.9 37.7 38.1 36.7 36.7 36.5 36.8 35.5 34.8 35.1 34.0 33.4 33.5 31.6 31.8 30.1 28.9 26.0 20.5 20.8 20.3 20.3 20.4 20.7 20.8 20.2 20.3 20.4 20.1 20.8 20.3 19.7 20.3 20.7 20.6 20.9 34.7 38.2 37.8 37.5 37.3 37.0 37.1 34.8 36.2 35.7 35.9 34.8 34.9 33.6 33.3 30.8 31.2 28.7 28.4 26.9 20.0 20.7 20.5 20.2 20.8 21.2 21.1 20.9 20.8 20.6 21.3 21.5 20.3 20.6 20.4 20.6 20.3 20.6 33.8 38.7 37.7 
Direction:  n n n n n n n {43 137} {47 133} {47 133} {44 136} {46 134} {47 133} {46 134} {45 135} {45 135} {48 132} {47 133} {44 136} {48 132} {44 136} {47 133} {49 131} {43 137} {44 136} {45 135} {43 137} n n n n n n n n n n n n n n n n n n {44 136} {45 135} {47 133} {47 133} {45 135} {46 134} {46 134} {45 135} {45 135} {48 132} {44 136} {45 135} {44 136} {44 136} {47 133} {47 133} {46 134} {47 133} {46 134} {47 133} n n n n n n n n n n n n n n n n n n {44 136} {47 133} {49 131} {48 132} {49 131} {45 135} {44 136} {44 136} {46 134} {49 131} {46 134} {44 136} {45 135} {44 136} {47 133} {44 136} {45 135} {48 132} {46 134} {47 133} n n n n n n n n n n n n n n n n n n {46 134} {45 135} {47 133} {47 133} {46 134} {44 136} {46 134} {44 136} {46 134} {47 133} {44 136} {45 135} {47 133} {46 134} {47 133} {50 130} {42 138} {45 135} {50 130} {45 135} n n n n n n n n n n n n n n n n n n {47 133} {44 136} {46 134} {47 133} {44 136} {46 134} {47 133} {47 133} {46 134} {47 133} {45 135} {45 135} {45 135} {45 135} {47 133} {46 134} {47 133} {47 133} {46 134} {47 133} n n n n n n n n n n n n n n n n n n {47 133} {47 133} {46 134}

54.7: Count:   7.9 (  5.8) A:  16.1 [10-47] B:  32.5 [10-106] Phase: 100% 141 (22.1) Direction:  {46 134}
Phase: {253,36,37,42,45,64,103,71,39,36,57,92,33,60,43,60,31,64,51,59,62,44,83,52,95,52,50,89,70,82,72,74,117,76,115,113,119,113,121,128,165,152,136,175,146,216,170,219,216,229,176,246,229,262,248,260,300,213,366,329,292,327,354,449,344,369,503,415,462,484,485,445,571,567,558,609,665,638,501,710,643,752,728,755,872,845,918,940,937,856,1659,910,1125,1131,1281,1291,1434,1269,1401,1496,1676,1699,1518,1818,1858,2029,2125,2462,2537,2329,2596,2880,3073,2973,3364,3367,3229,4261,4135,4325,4624,4740,5227,4851,5621,5966,6160,6317,6643,6654,6796,7108,7260,7355,7092,8112,7152,7646,7459,7463,7160,7507,7478,7484,7213,7303,7439,6868,7305,7106,7103,6814,6764,7118,5724,6417,6095,5826,5707,5384,5127,4445,4914,4627,3962,4119,3708,3582,2877,3203,2931,2935,2560,2426,2237,2208,2016,1767,1733,1360,2288,1159,1330,1325,1208,1152,1086,920,896,890,860,914,666,639,670,628,596,604,542,375,461,405,435,356,369,334,256,327,295,251,231,258,187,161,204,171,191,213,120,137,163,134,131,103,115,164,56,84,112,101,85,87,61,100,51,58,55,34,43,47,55,61,46,56,14,28,41,29,34,27,21,25,25,33,16,30,17,15,9,27,25,24,15,15,10,15,3,13,5,9,39,8,9,13,10,21,14,13,9,5,24,16,3,5,5,15,18,21,15,2,8,10,27,13,48,21,19,27,28,26,28,29,19,8,37,32,10,51,39,70,30,53,51,51,33,100,54,36,59,67,44,113,64,131,44,82,126,39,101,75,77,172,103,116,43,48,178,85,120,94,58,56,104,148,88,93,85,84,56,139,124,58,91,81,113,124,47,42,43,31}
Count:   2.1   2.0   2.4   2.1   2.3   2.4   2.4   7.9  16.3  16.0  16.1  15.8  15.9  14.9  15.0  14.3  14.9  13.1  13.3  12.8  12.3  11.9  11.1  10.5  10.2   9.3   5.9   2.3   2.2   2.3   2.1   2.6   2.3   2.1   2.2   2.3   2.2   2.3   2.3   2.4   2.4   2.6   2.2   2.3   2.3   7.7  16.2  16.0  15.9  15.6  14.9  15.1  14.6  14.8  13.7  14.2  13.3  13.7  13.3  12.9  11.5  11.5  10.6   9.8   6.4   2.3   2.2   2.1   2.6   2.5   2.2   2.5   2.7   2.1   2.5   2.1   2.5   2.1   2.3   2.3   2.7   2.1   2.4   7.1  16.9  16.4  16.7  15.4  15.8  14.9  15.2  14.1  14.7  13.7  13.7  12.7  13.0  10.5  11.3  10.8  10.8   9.5   6.8   2.4   2.2   2.4   2.3   2.4   2.2   2.8   2.1   2.3   2.5   2.3   2.4   2.3   2.3   2.4   2.4   2.1   2.4   7.4  17.3  17.3  15.8  16.3  14.9  15.4  15.0  14.9  14.5  14.2  13.2  12.9  11.6  12.0  12.2  12.0  10.9  10.2   7.1   2.0   2.5   2.2   2.6   2.5   2.4   2.5   2.2   2.4   2.2   2.5   2.5   2.6   2.6   2.2   2.5   2.3   2.4   7.2  17.1  16.5  16.1  15.8  15.6  15.2  15.1  14.7  14.3  14.0  13.2  13.4  12.4  12.3  11.1  11.2   9.9   9.8   6.8   2.5   2.4   2.2   2.2   2.5   2.1   2.1   2.5   2.2   2.4   2.3   2.4   2.3   2.3   2.3   2.5   2.4   2.4   7.0  17.2  15.9 
A: 11.9 12.1 11.8 11.7 11.8 11.9 12.0 17.3 17.9 18.0 18.0 17.7 17.6 17.7 17.4 17.1 17.2 17.1 17.2 16.4 16.6 16.0 15.6 15.0 14.6 14.0 13.5 11.8 11.8 11.9 12.0 11.8 12.0 11.8 11.9 12.0 11.8 12.1 11.8 11.9 11.9 11.6 11.8 11.8 11.7 16.9 17.5 17.4 17.6 17.3 17.1 17.2 17.2 17.5 17.1 17.3 16.9 17.2 16.6 17.0 15.7 15.5 15.2 13.9 13.9 11.7 11.7 11.8 11.7 11.9 11.8 11.9 11.8 12.0 12.0 11.9 11.8 11.9 11.9 11.9 11.8 12.0 11.7 16.6 18.0 17.5 17.8 17.2 17.4 17.2 17.6 17.0 17.3 16.6 17.1 16.3 16.0 15.5 15.5 15.6 14.7 14.1 13.5 11.7 11.7 11.6 11.8 11.9 11.7 11.8 11.9 11.7 11.9 12.1 11.7 12.1 12.0 11.7 11.8 11.9 11.8 16.4 17.8 17.3 17.2 17.6 17.3 17.1 17.2 17.2 17.1 16.9 16.8 16.1 16.3 16.0 15.6 15.5 14.9 14.6 13.4 11.7 12.0 11.7 11.7 11.7 11.9 11.8 12.0 11.8 12.0 11.7 11.6 11.9 11.6 11.9 11.9 11.8 11.9 16.9 17.7 17.5 18.2 17.5 17.6 17.4 16.9 17.2 17.0 17.1 16.8 16.5 16.2 16.1 15.4 15.2 14.2 14.3 13.5 11.6 11.9 11.9 11.9 11.8 12.0 11.9 11.9 11.9 11.8 11.8 11.8 11.8 11.7 11.8 11.9 11.7 11.8 16.0 17.8 17.5 
B: 19.1 19.6 19.9 20.1 20.1 19.1 20.2 35.7 37.8 38.3 37.6 36.9 36.9 36.7 36.2 35.7 35.7 35.2 35.4 33.0 33.7 32.5 31.1 30.1 28.8 26.6 24.7 19.0 19.9 19.6 20.3 19.7 20.2 19.8 20.3 19.9 19.7 20.1 19.9 20.0 19.7 19.0 20.0 19.8 19.6 34.5 37.1 36.2 36.9 36.1 35.3 36.2 35.5 36.5 35.0 35.8 34.5 35.4 33.8 35.0 32.0 31.7 30.1 26.8 26.0 19.2 20.1 20.1 18.9 19.7 20.2 19.1 20.1 20.3 19.5 19.2 19.9 20.0 20.1 19.1 19.1 19.7 19.4 34.4 38.3 36.8 37.1 36.2 37.1 35.5 36.7 35.5 35.9 34.3 35.4 33.6 32.6 31.4 30.7 31.3 28.7 27.2 26.0 19.2 19.6 19.2 19.6 20.6 19.7 19.2 20.5 19.8 18.9 20.2 19.5 20.4 19.7 19.9 19.4 20.6 19.3 33.7 38.1 36.7 36.9 37.4 36.1 36.1 35.5 36.3 35.9 35.0 35.1 33.6 33.4 33.3 31.5 31.5 29.6 28.4 24.9 19.5 19.5 19.8 19.0 18.7 20.2 19.1 20.2 19.2 19.6 19.3 20.2 19.7 19.6 20.4 19.9 19.4 19.8 34.3 37.9 36.5 38.4 37.2 37.0 36.2 34.8 35.8 35.3 35.8 34.6 33.6 33.3 32.6 31.2 30.3 27.6 27.3 24.7 18.9 20.0 19.9 19.7 19.6 20.8 20.1 19.8 19.7 20.0 19.8 19.6 20.2 20.1 19.0 19.9 19.7 19.6 33.0 38.8 37.0 
Direction:  n n n n n n n {48 132} {47 133} {44 136} {46 134} {49 131} {47 133} {47 133} {45 135} {49 131} {44 136} {42 138} {42 138} {49 131} {49 131} {48 132} {49 131} {44 136} {43 137} {44 136} {46 134} n n n n n n n n n n n n n n n n n n {44 136} {43 137} {45 135} {45 135} {46 134} {45 135} {46 134} {44 136} {47 133} {43 137} {47 133} {45 135} {42 138} {42 138} {50 130} {43 137} {45 135} {50 130} {41 139} {40 140} n n n n n n n n n n n n n n n n n n {42 138} {46 134} {45 135} {44 136} {49 131} {43 137} {44 136} {44 136} {44 136} {42 138} {50 130} {44 136} {46 134} {43 137} {45 135} {46 134} {50 130} {46 134} {41 139} {44 136} n n n n n n n n n n n n n n n n n n {42 138} {48 132} {43 137} {46 134} {44 136} {47 133} {46 134} {46 134} {48 132} {43 137} {45 135} {46 134} {46 134} {47 133} {44 136} {49 131} {44 136} {42 138} {46 134} {45 135} n n n n n n n n n n n n n n n n n n {44 136} {43 137} {44 136} {42 138} {42 138} {43 137} {46 134} {43 137} {46 134} {47 133} {44 136} {48 132} {44 136} {47 133} {44 136} {44 136} {44 136} {45 135} {47 133} {40 140} n n n n n n n n n n n n n n n n n n {44 136} {43 137} {44 136}

54.8: Count:   7.8 (  5.7) A:  16.0 [10-46] B:  31.9 [10-107] Phase: 100% 140 (23.0) Direction:  {45 135}
Phase: {374,41,38,48,69,106,143,78,57,62,77,111,66,77,65,83,75,89,68,51,75,92,118,91,126,77,86,108,133,116,100,108,167,96,171,178,161,193,179,227,182,197,217,229,217,351,231,247,295,287,257,348,320,339,351,386,402,315,382,396,430,454,474,504,367,474,621,509,492,565,536,534,741,630,609,711,732,743,619,763,794,787,826,828,987,967,975,944,936,918,1743,983,1097,1156,1229,1394,1390,1363,1477,1657,1614,1867,1503,1904,1892,2003,1989,2246,2645,2048,2617,2779,3007,2958,3523,3499,3136,4137,4163,4439,4647,4969,5282,4835,5616,6008,6033,6478,6478,6761,6672,6932,6950,7098,6737,7819,6827,6983,6918,6810,6724,6866,7034,6891,6862,6828,6648,6362,6841,6657,6850,6653,6499,7029,5589,6153,5926,5735,5738,5364,5098,4497,4875,4490,4041,3783,3425,3481,2951,3272,2830,2661,2571,2296,2298,2141,2053,1758,1676,1442,2325,1224,1188,1100,1203,1075,1084,941,933,873,855,809,639,680,607,622,541,621,533,444,508,512,482,392,456,347,229,434,350,301,256,238,275,180,234,211,210,232,193,164,144,160,123,132,96,192,81,108,140,110,77,110,64,108,77,70,89,42,71,79,76,59,45,38,19,41,55,22,32,52,33,29,22,37,21,38,15,28,19,22,21,20,18,20,29,16,6,5,8,11,42,8,9,14,14,16,17,16,22,12,20,21,16,5,15,14,18,21,5,9,8,28,23,19,39,12,16,32,27,48,22,29,35,15,36,48,32,100,38,64,48,66,72,69,52,107,59,86,100,102,65,137,97,173,55,134,156,36,120,140,130,208,160,188,59,76,248,124,193,140,95,85,151,196,122,141,86,107,116,275,145,62,107,104,211,149,76,54,47,50}
Count:   2.1   2.1   2.4   2.3   2.4   2.1   2.5   8.0  16.4  15.9  15.8  15.6  15.6  14.7  14.8  14.3  14.4  13.3  13.2  12.2  12.6  11.7  10.9  10.4  10.0   8.8   5.8   2.2   2.4   2.4   2.4   2.3   2.7   2.4   2.3   2.3   2.3   2.5   2.6   2.3   2.4   2.6   2.3   2.4   2.4   7.8  16.2  15.9  15.8  15.4  15.2  15.0  14.7  14.9  13.4  14.4  13.1  13.6  13.1  12.7  11.7  11.3  10.2   9.0   6.1   2.4   2.2   2.6   2.5   2.5   2.4   2.5   2.6   2.3   2.4   2.2   2.4   2.3   2.3   2.4   2.5   2.3   2.5   7.6  16.6  16.2  16.5  15.3  15.7  14.6  15.3  14.2  14.4  13.3  13.9  12.5  13.1  10.4  11.0  10.8  10.4   9.4   6.8   2.3   2.6   2.5   2.2   2.5   2.4   2.5   2.2   2.2   2.4   2.4   2.1   2.4   2.3   2.3   2.8   2.4   2.2   7.9  17.0  16.7  15.9  16.1  15.2  15.1  14.7  14.8  14.0  14.0  13.3  13.1  11.5  12.1  11.6  11.6  10.5   9.6   6.4   2.2   2.6   2.5   2.6   2.5   2.6   2.1   2.5   2.5   2.4   2.5   2.6   2.2   2.7   2.4   2.5   2.5   2.5   7.5  16.9  16.1  16.2  15.4  15.4  14.8  15.4  14.8  13.9  14.4  13.5  12.9  12.3  11.7  10.8  10.9   9.3   9.4   6.5   2.4   2.4   2.5   2.2   2.3   2.6   2.3   2.2   2.5   2.4   2.4   2.3   2.3   2.5   2.5   2.4   2.5   2.4   6.7  17.0  15.7 
A: 12.0 12.0 11.6 12.0 11.8 11.8 12.2 17.5 17.5 17.6 17.8 17.7 17.7 17.7 17.3 17.1 17.0 17.3 17.4 16.6 16.5 15.9 15.7 14.9 14.4 13.7 13.5 11.8 11.8 11.8 11.9 11.9 12.0 11.7 11.9 11.9 11.9 11.9 11.8 11.7 11.9 11.6 11.8 11.7 11.8 16.8 17.9 17.4 17.5 17.4 17.1 17.2 17.0 17.3 17.2 17.1 16.8 17.0 16.6 16.8 15.7 15.4 15.0 14.2 13.7 11.6 12.0 11.7 11.9 11.7 11.7 11.6 11.9 11.7 11.8 12.0 11.6 12.0 11.9 11.8 11.9 11.9 11.7 16.8 18.2 17.7 17.5 17.1 17.6 17.2 17.3 16.7 17.2 16.7 17.0 16.1 16.1 15.6 15.7 15.6 14.9 14.0 13.4 11.6 11.7 11.8 11.9 12.0 11.9 11.7 11.9 11.7 11.8 12.0 11.8 12.0 11.9 11.7 11.8 11.9 11.7 16.2 17.6 17.5 17.1 17.6 17.2 17.1 17.0 17.3 17.4 16.7 16.9 16.5 16.5 16.0 15.9 15.6 14.8 14.7 13.3 11.6 11.9 11.8 11.9 11.6 11.8 11.9 12.0 11.7 12.0 11.8 12.1 11.9 11.7 11.8 11.7 11.8 12.0 16.5 17.6 17.5 18.0 17.7 17.5 17.3 17.2 17.4 17.0 17.1 16.8 16.7 16.1 16.1 15.5 15.1 14.5 14.0 13.3 11.5 12.0 11.9 11.9 12.0 11.8 11.8 11.9 11.9 11.8 12.1 12.0 11.9 11.7 11.9 11.8 11.7 12.0 16.3 17.6 17.1 
B: 18.6 18.3 18.5 19.6 19.0 19.3 19.8 35.5 36.3 37.0 37.1 36.9 37.1 36.8 35.5 35.1 35.2 35.4 35.5 33.6 33.1 31.6 31.0 28.8 27.7 25.2 23.8 18.3 19.0 19.4 18.7 19.6 18.8 18.6 19.8 19.3 19.0 19.6 19.0 19.1 19.3 18.6 19.1 18.7 18.3 33.5 37.6 35.8 36.4 35.9 34.8 35.6 35.2 35.5 35.0 35.3 34.4 35.1 33.4 33.8 32.1 30.8 29.0 26.8 24.7 18.5 18.7 18.6 19.1 19.2 18.8 18.9 19.0 18.9 19.4 19.0 19.1 18.9 19.0 19.1 19.0 19.0 19.0 34.1 38.1 37.4 36.4 35.5 36.7 35.3 35.4 34.3 35.7 33.5 35.0 32.9 32.6 31.6 30.7 31.2 28.7 26.6 24.7 18.6 18.3 18.8 19.5 19.6 18.7 18.5 19.4 18.9 18.6 19.8 19.8 19.2 18.5 18.9 17.9 18.8 19.5 33.2 37.3 37.0 35.7 36.7 35.3 35.3 34.8 35.7 36.1 34.2 34.7 34.1 33.2 32.6 31.7 31.0 29.0 28.4 23.8 18.0 18.6 18.4 18.7 18.2 19.0 19.4 18.7 19.2 19.3 18.4 19.0 18.6 18.7 18.9 18.8 18.7 19.2 33.0 37.2 36.5 37.7 36.9 36.3 35.8 35.7 35.6 35.2 35.0 34.0 34.3 32.0 32.3 30.6 29.7 27.4 26.9 23.9 18.8 19.0 19.2 19.5 19.3 18.6 18.9 19.6 19.1 19.0 19.6 18.5 19.1 18.9 18.4 19.1 18.9 19.0 34.0 37.5 35.4 
Direction:  n n n n n n n {43 137} {44 136} {46 134} {43 137} {43 137} {46 134} {43 137} {43 137} {43 137} {44 136} {43 137} {45 135} {41 139} {50 130} {42 138} {44 136} {49 131} {48 132} {49 131} {40 140} n n n n n n n n n n n n n n n n n n {45 135} {46 134} {45 135} {42 138} {42 138} {44 136} {50 130} {49 131} {46 134} {43 137} {42 138} {45 135} {46 134} {43 137} {43 137} {46 134} {49 131} {43 137} {42 138} {40 140} n n n n n n n n n n n n n n n n n n {45 135} {41 139} {43 137} {45 135} {43 137} {43 137} {43 137} {43 137} {42 138} {43 137} {41 139} {48 132} {41 139} {47 133} {43 137} {47 133} {40 140} {47 133} {40 140} {40 140} n n n n n n n n n n n n n n n n n n {43 137} {49 131} {44 136} {51 129} {42 138} {42 138} {42 138} {42 138} {48 132} {44 136} {43 137} {46 134} {49 131} {41 139} {43 137} {43 137} {43 137} {47 133} {41 139} {40 140} n n n n n n n n n n n n n n n n n n {43 137} {43 137} {46 134} {42 138} {48 132} {47 133} {49 131} {44 136} {49 131} {48 132} {49 131} {44 136} {43 137} {46 134} {44 136} {42 138} {42 138} {46 134} {43 137} {43 137} n n n n n n n n n n n n n n n n n n {49 131} {49 131} {46 134}

54.9: Count:   7.0 (  5.5) A:  16.2 [10-44] B:  33.0 [10-105] Phase: 100% 141 (19.3) Direction:  {45 135}
Phase: {130,17,15,14,21,45,40,18,24,22,34,48,25,31,29,27,18,34,30,25,33,52,38,38,73,25,40,41,49,61,42,67,47,46,81,60,75,65,60,86,66,88,98,111,86,169,79,122,132,121,123,164,122,192,167,166,198,156,189,211,225,221,246,289,215,228,320,261,323,291,301,275,389,367,378,395,440,400,350,464,503,448,544,494,626,587,683,672,559,598,1189,688,744,891,835,1013,1092,961,1074,1249,1180,1338,1128,1517,1510,1720,1703,1816,2191,1775,2226,2403,2434,2708,3152,2955,2658,3777,3816,3872,4119,4527,5060,4651,5114,5453,5574,6007,6137,6166,6412,6719,6792,7087,6654,8049,7184,7546,7765,7728,7773,7999,7837,7946,7776,7733,7531,6746,7272,6966,6612,6483,6474,6518,5427,5534,5597,5431,5203,4722,4723,3904,4362,4092,3560,3413,3111,2951,2523,2644,2517,2448,2048,1969,1877,1738,1655,1391,1388,1020,1793,962,972,920,814,920,835,676,684,613,605,555,389,438,401,388,368,379,314,274,252,261,250,187,211,176,140,190,170,124,120,137,103,101,104,108,79,100,88,75,62,52,66,55,41,79,26,48,32,54,41,39,35,35,19,17,40,20,26,19,24,12,11,15,13,21,20,15,24,12,15,6,16,11,11,13,2,7,7,15,11,2,9,4,8,10,4,4,6,3,17,0,2,9,2,11,16,6,4,5,6,5,1,4,5,2,10,10,14,4,4,7,10,6,17,4,4,10,14,11,12,12,11,3,20,16,8,31,10,32,8,20,30,12,27,36,23,12,22,29,17,31,21,47,23,22,43,28,15,21,19,52,30,39,16,19,82,30,58,37,31,18,49,64,35,35,24,25,21,63,41,15,20,40,49,47,34,20,30,27}
Count:   1.5   1.5   1.7   1.8   1.8   1.7   1.8   7.7  15.4  15.3  15.1  14.8  14.6  14.1  14.1  13.5  13.4  12.3  12.0  11.4  11.4  10.7  10.0   9.0   8.9   7.5   4.8   1.7   1.7   2.0   1.8   1.6   2.2   1.6   1.8   2.0   1.7   1.8   1.8   1.7   1.7   1.8   1.8   1.8   1.7   7.0  15.7  15.1  14.7  14.7  14.4  14.1  13.8  13.6  12.8  12.9  12.4  12.5  11.6  11.8  10.6   9.7   9.1   8.0   4.9   1.8   1.9   2.0   1.6   1.9   1.7   1.7   1.9   1.7   1.7   1.8   1.6   1.7   1.7   1.9   2.0   1.8   1.7   7.4  15.9  15.7  15.2  14.7  15.2  14.0  14.6  13.2  13.2  12.1  12.8  10.9  11.5   9.2  10.3   9.3   8.9   8.1   5.2   1.5   1.9   1.8   1.6   1.8   1.8   1.9   1.8   1.6   1.7   1.6   1.6   1.9   1.7   1.9   2.0   1.8   1.6   7.5  16.5  16.2  15.1  15.4  14.3  14.4  13.5  14.1  12.6  12.9  11.8  12.2  10.9  11.1  10.0  10.6   8.6   8.4   4.8   1.4   1.8   1.6   1.8   1.7   1.8   1.6   1.8   1.7   1.7   1.8   1.8   1.6   2.2   1.7   1.8   1.6   1.7   6.5  16.1  15.4  15.6  15.1  14.4  13.7  14.7  13.9  12.9  12.9  12.7  11.8  11.5  10.4   9.8   9.4   8.2   8.1   5.0   1.5   1.9   2.0   1.7   1.8   1.9   1.8   1.8   1.9   1.7   1.9   1.7   1.8   1.8   1.8   1.7   1.9   1.7   6.3  16.1  14.8 
A: 12.0 11.9 11.9 11.9 11.9 11.9 12.0 17.3 17.4 17.5 17.6 17.8 17.4 17.7 17.4 17.2 17.1 17.5 17.3 16.5 16.8 15.9 15.6 15.2 14.6 13.7 13.3 11.7 11.9 11.8 11.9 12.1 11.9 11.7 11.8 11.9 12.0 11.8 12.0 11.8 11.7 11.7 11.8 12.0 11.8 17.1 17.7 17.2 17.8 17.4 17.2 17.2 16.9 17.3 16.9 17.1 17.0 17.1 16.4 16.2 16.0 15.4 14.8 14.1 13.6 11.6 12.0 11.7 11.8 11.8 11.7 11.6 11.9 11.9 11.7 11.8 11.8 11.9 11.6 11.8 11.7 11.8 12.0 17.2 17.6 17.6 17.6 17.2 17.5 17.6 17.3 16.9 17.0 17.0 17.1 16.2 16.4 15.1 15.3 15.3 14.7 14.1 13.4 11.8 11.8 11.7 11.9 12.0 11.7 11.7 11.9 11.7 11.7 11.9 11.9 11.8 11.9 11.9 11.8 11.9 12.0 16.4 17.5 18.0 17.2 17.4 17.1 17.0 16.9 17.2 17.1 16.6 16.6 16.6 16.2 15.9 16.1 15.5 15.0 14.7 13.5 11.6 12.0 11.9 12.0 11.9 11.9 11.7 11.9 11.8 12.1 12.0 11.9 11.8 11.8 11.7 11.7 11.8 11.8 17.0 17.5 17.3 17.6 17.1 17.2 16.9 17.4 17.3 16.8 17.1 16.7 16.5 16.3 16.2 15.7 15.0 14.4 14.0 13.5 11.6 11.8 11.9 11.7 12.0 11.8 11.8 11.8 11.8 11.9 11.7 11.8 11.6 11.8 11.7 11.7 11.7 11.7 16.4 17.5 17.1 
B: 19.3 19.6 19.6 19.0 19.7 20.5 20.8 36.2 36.6 37.0 37.6 37.6 36.5 37.3 36.5 35.8 35.7 36.2 35.9 33.7 34.2 32.5 31.7 29.9 28.7 26.0 24.2 19.2 20.0 19.6 19.6 20.3 19.8 19.9 20.2 19.7 20.3 20.9 19.4 19.7 20.0 19.5 19.0 20.2 19.6 35.4 37.5 36.1 37.6 36.7 35.5 36.0 35.3 35.9 35.0 35.6 35.0 35.1 33.9 33.2 33.3 31.4 28.8 26.8 25.2 19.3 19.9 19.3 20.1 19.8 20.1 19.3 19.1 19.7 19.6 19.9 20.0 20.0 20.6 19.5 20.3 19.6 20.3 36.1 37.2 37.5 37.0 35.9 36.9 37.2 36.1 34.9 35.9 35.1 35.8 33.7 33.9 30.9 30.8 31.3 29.2 27.7 25.1 19.8 19.2 19.8 20.1 20.3 20.1 19.1 20.1 19.8 19.7 20.4 20.2 19.3 19.6 19.5 19.3 19.3 20.0 34.0 37.6 38.6 36.2 37.3 35.8 35.8 35.3 36.2 36.1 34.3 34.7 35.6 32.8 32.5 33.6 31.1 29.8 28.7 24.5 19.5 20.0 19.9 19.6 19.3 20.2 19.5 19.3 19.9 20.0 19.5 19.2 19.7 20.2 20.3 19.9 19.6 20.6 35.5 37.3 37.0 37.5 36.1 36.2 35.9 36.8 36.0 35.2 35.3 34.7 34.5 33.5 33.5 31.7 30.1 28.1 27.0 25.5 19.4 19.4 20.2 20.2 20.2 20.0 20.4 19.9 19.5 19.7 19.8 20.1 20.0 19.6 20.5 19.4 19.5 19.4 34.2 37.8 36.4 
Direction:  n n n n n n n {43 137} {45 135} {45 135} {46 134} {46 134} {47 133} {45 135} {47 133} {47 133} {47 133} {45 135} {47 133} {46 134} {44 136} {47 133} {47 133} {46 134} {45 135} {49 131} {43 137} n n n n n n n n n n n n n n n n n n {44 136} {46 134} {44 136} {47 133} {46 134} {47 133} {44 136} {47 133} {43 137} {46 134} {44 136} {45 135} {45 135} {44 136} {44 136} {45 135} {47 133} {43 137} {43 137} {46 134} n n n n n n n n n n n n n n n n n n {45 135} {46 134} {47 133} {45 135} {47 133} {46 134} {46 134} {45 135} {45 135} {49 131} {44 136} {44 136} {46 134} {46 134} {44 136} {44 136} {45 135} {46 134} {42 138} {44 136} n n n n n n n n n n n n n n n n n n {44 136} {47 133} {47 133} {44 136} {46 134} {45 135} {43 137} {44 136} {46 134} {46 134} {44 136} {45 135} {46 134} {43 137} {47 133} {46 134} {43 137} {48 132} {44 136} n n n n n n n n n n n n n n n n n n n {47 133} {45 135} {45 135} {46 134} {43 137} {47 133} {45 135} {43 137} {46 134} {43 137} {45 135} {46 134} {46 134} {44 136} {47 133} {44 136} {41 139} {45 135} {48 132} {43 137} n n n n n n n n n n n n n n n n n n {47 133} {45 135} {44 136}

55.0: Count:   6.3 (  5.3) A:  16.1 [10-44] B:  33.4 [10-108] Phase: 100% 141 (16.4) Direction:  {45 135}
Phase: {3,0,1,1,3,0,4,2,2,0,1,1,0,0,0,4,2,0,4,1,5,9,3,5,20,2,3,5,10,5,6,13,10,11,15,19,23,19,14,13,22,33,24,25,19,47,25,59,42,47,71,58,63,76,76,69,81,72,108,88,101,108,113,204,109,122,162,138,155,186,172,166,257,258,232,251,229,283,233,349,353,348,316,363,403,392,407,431,444,376,944,453,548,639,642,764,871,751,797,764,964,1179,949,1150,1201,1295,1343,1527,1721,1474,1730,1843,2089,2019,2373,2485,2348,3082,3076,3376,3413,3858,4115,3998,4633,4812,5122,5398,5672,6090,6053,6541,6750,7202,6958,8288,7368,8431,8180,8467,8279,8610,8576,8459,8565,8458,8008,7406,7746,7388,7112,6737,6401,6544,5177,5454,5223,4862,4702,4399,4086,3555,3717,3392,3059,2901,2656,2632,2063,2183,2058,1837,1605,1530,1374,1249,1187,1113,938,788,1335,662,720,672,593,571,544,493,425,471,344,287,258,311,238,238,193,208,220,119,134,127,104,121,115,81,69,99,75,81,55,42,64,37,39,34,37,31,41,40,24,24,18,12,20,19,9,5,9,10,11,5,5,21,8,9,6,3,4,14,5,5,7,0,1,3,3,4,5,3,4,1,2,2,1,4,4,2,2,5,0,0,0,0,2,1,0,0,0,0,2,0,0,0,0,0,0,0,0,0,0,0,1,0,0,0,0,1,3,0,2,0,5,0,0,0,0,1,0,0,0,1,0,0,0,0,0,0,0,0,0,0,2,0,0,0,0,2,2,0,0,1,0,1,1,1,1,1,0,0,1,2,0,0,0,0,0,0,3,0,0,0,0,2,0,0,1,1,0,0,0,0,0,0,1,2,0,0,0,0}
Count:   1.2   1.3   1.4   1.4   1.3   1.4   1.5   7.4  14.6  14.8  14.1  14.5  13.4  13.7  12.8  12.8  12.1  11.4  10.8  10.4  10.3   9.6   8.8   8.0   7.8   6.3   4.0   1.2   1.4   1.3   1.4   1.4   1.5   1.4   1.4   1.4   1.4   1.4   1.3   1.4   1.4   1.4   1.5   1.4   1.3   6.2  15.0  14.2  14.5  13.9  13.5  13.6  12.9  12.3  12.2  12.0  11.6  11.3  10.5  10.1   9.7   8.6   8.1   6.8   4.3   1.2   1.3   1.4   1.4   1.3   1.4   1.3   1.4   1.5   1.3   1.5   1.2   1.5   1.3   1.3   1.5   1.5   1.3   7.0  15.3  15.3  14.1  13.9  14.1  13.6  13.2  12.5  12.7  11.4  12.0  10.2  10.3   8.3   8.8   8.3   8.0   6.4   4.2   1.0   1.3   1.3   1.4   1.3   1.4   1.3   1.4   1.5   1.3   1.4   1.4   1.4   1.3   1.4   1.4   1.4   1.4   6.7  16.0  15.7  14.2  14.6  13.4  13.6  12.9  13.0  11.8  12.0  10.5  10.9   9.9  10.2   9.2   9.5   7.6   7.8   4.1   1.3   1.4   1.3   1.3   1.3   1.5   1.4   1.4   1.3   1.4   1.4   1.3   1.3   1.5   1.4   1.3   1.3   1.4   6.2  16.0  14.7  15.0  14.1  13.6  13.0  13.4  12.9  12.2  11.8  11.8  10.2  10.7   9.4   9.1   8.0   7.1   6.8   4.0   1.2   1.3   1.4   1.2   1.4   1.4   1.5   1.3   1.4   1.4   1.3   1.4   1.4   1.3   1.3   1.4   1.2   1.5   5.8  15.2  14.2 
A: 12.0 12.1 12.1 11.7 12.0 11.7 11.8 17.6 17.0 17.4 17.5 17.0 17.1 17.5 16.9 17.1 16.9 17.3 17.0 16.4 16.7 15.9 15.6 14.9 14.3 13.7 13.3 11.8 11.8 11.7 11.8 11.9 12.0 11.8 11.9 12.2 11.7 11.9 11.9 12.1 11.8 11.9 11.9 12.0 11.6 17.1 17.2 16.8 17.2 17.5 17.0 17.0 16.9 17.0 17.0 16.8 17.1 17.0 16.6 16.1 16.1 15.2 14.6 14.0 13.3 11.6 11.7 11.8 11.8 11.9 11.9 11.8 11.6 11.8 11.8 11.8 11.9 11.9 11.8 11.9 11.8 11.6 12.0 17.2 16.8 16.9 17.3 17.0 17.2 17.3 17.0 16.6 16.9 17.1 16.7 16.3 16.3 15.1 15.3 15.0 14.5 13.9 13.2 11.8 11.8 11.8 11.8 12.0 11.6 12.0 12.0 11.8 11.7 11.8 11.8 12.2 11.4 11.6 11.7 12.0 11.8 16.9 17.3 17.5 17.0 17.5 16.8 16.8 16.7 17.2 16.7 16.3 16.5 16.3 15.9 15.7 15.6 15.0 14.7 14.3 13.2 11.7 11.8 11.9 11.9 11.8 11.5 11.7 12.0 11.7 12.0 11.6 11.6 11.8 11.7 11.9 11.6 11.6 12.0 17.2 17.1 17.0 17.1 16.5 17.0 16.9 17.3 16.6 16.4 16.6 16.2 16.4 16.3 15.7 15.4 14.5 14.6 13.5 13.5 11.5 12.1 11.9 11.8 11.8 11.7 11.8 11.6 11.8 11.7 11.7 11.5 11.9 12.0 11.8 11.6 11.7 11.7 16.5 17.4 16.8 
B: 20.4 20.9 19.9 20.5 20.6 20.6 20.3 37.9 36.5 37.2 37.3 36.7 36.2 37.2 35.7 36.2 35.4 36.2 35.8 34.1 34.6 33.0 32.2 30.7 28.7 26.2 25.0 19.6 21.3 20.4 20.8 20.7 20.8 20.0 20.8 20.6 20.6 20.8 20.9 20.1 20.5 19.9 20.5 21.0 20.1 35.9 36.6 35.5 36.4 36.7 35.5 35.8 35.6 36.2 35.3 35.3 35.6 35.6 34.3 33.4 33.7 31.4 28.9 26.9 25.5 19.7 20.2 20.6 19.6 21.3 20.4 21.0 20.6 20.2 20.9 20.6 20.9 20.4 20.6 19.8 20.6 19.9 20.6 37.1 36.0 36.4 36.9 36.2 36.9 36.8 36.2 35.4 35.7 36.3 35.4 34.0 34.0 31.2 31.2 30.7 29.1 27.3 25.2 20.4 20.6 20.8 19.9 21.4 20.3 20.4 21.5 21.6 20.6 20.3 20.1 21.2 19.8 20.0 20.4 19.9 20.7 36.1 37.4 38.2 36.6 37.6 35.8 36.0 35.6 36.4 35.4 34.7 34.9 34.5 33.3 32.7 32.9 30.8 29.5 28.6 25.4 19.8 20.8 20.9 20.7 20.2 20.1 19.6 20.6 19.3 20.2 21.1 20.2 20.9 20.8 21.2 20.6 20.3 21.8 36.9 37.0 36.2 36.7 35.3 36.0 35.7 36.9 34.9 34.7 34.9 34.3 34.4 33.8 33.0 31.8 29.4 30.2 26.7 26.6 20.3 20.8 20.4 21.3 20.4 21.2 20.3 20.2 20.5 20.3 20.6 20.4 20.4 20.6 20.0 20.3 20.2 20.3 35.4 37.6 36.2 
Direction:  n n n n n n n {44 136} {46 134} {47 133} {46 134} {47 133} {47 133} {44 136} {45 135} {45 135} {45 135} {47 133} {44 136} {47 133} {45 135} {44 136} {44 136} {46 134} {46 134} {43 137} n n n n n n n n n n n n n n n n n n n {46 134} {45 135} {44 136} {46 134} {47 133} {45 135} {46 134} {45 135} {45 135} {45 135} {48 132} {47 133} {45 135} {46 134} {45 135} {44 136} {43 137} {43 137} {42 138} {43 137} n n n n n n n n n n n n n n n n n n {46 134} {46 134} {46 134} {46 134} {47 133} {46 134} {45 135} {46 134} {45 135} {46 134} {46 134} {46 134} {47 133} {45 135} {42 138} {49 131} {44 136} {43 137} {43 137} {47 133} n n n n n n n n n n n n n n n n n n {47 133} {45 135} {47 133} {47 133} {46 134} {46 134} {44 136} {45 135} {47 133} {45 135} {45 135} {45 135} {45 135} {47 133} {45 135} {45 135} {47 133} {47 133} {47 133} n n n n n n n n n n n n n n n n n n n {45 135} {45 135} {44 136} {46 134} {46 134} {47 133} {43 137} {45 135} {46 134} {46 134} {44 136} {45 135} {45 135} {44 136} {47 133} {44 136} {46 134} {45 135} {43 137} {44 136} n n n n n n n n n n n n n n n n n n {46 134} {45 135} {47 133}

55.1: Count:   6.2 (  5.1) A:  15.7 [10-46] B:  32.0 [10-99] Phase: 100% 141 (16.4) Direction:  {45 135}
Phase: {75,10,7,9,12,12,18,16,11,15,24,38,10,20,15,17,29,32,14,19,31,24,31,23,59,20,25,33,41,42,39,61,46,30,67,41,64,97,63,84,90,100,85,87,82,171,91,126,133,163,132,181,146,201,170,174,249,185,211,229,242,298,253,330,197,324,343,278,276,390,348,300,373,402,359,441,466,453,393,528,486,475,487,512,636,561,599,617,570,558,1194,580,613,711,811,860,944,842,920,987,1054,1084,985,1235,1263,1305,1350,1564,1701,1359,1777,1844,2041,2150,2374,2259,2253,3087,3155,3192,3324,3588,3949,3893,4466,4512,4772,5175,5282,5797,5881,6162,6507,6631,6423,7806,7121,7858,7811,8254,7701,8249,8071,8093,8072,7838,7658,6943,7214,6872,6404,6291,6067,6112,4751,4943,5002,4513,4255,3898,3593,3128,3570,3078,2641,2740,2529,2382,2048,2113,1902,1788,1663,1517,1584,1252,1245,1044,937,776,1231,642,697,641,636,555,582,485,459,507,477,396,316,310,328,317,283,292,300,175,214,202,190,152,180,159,124,176,119,117,87,110,113,48,90,86,46,77,40,39,40,47,42,39,39,73,26,28,45,25,17,22,25,30,25,22,20,21,11,10,17,13,7,11,10,5,11,2,7,5,3,0,4,5,10,13,2,2,2,9,3,2,1,2,4,10,3,1,9,2,20,1,0,0,2,1,4,1,1,1,0,0,1,0,0,1,2,4,0,3,2,4,7,2,1,0,2,7,0,3,3,6,3,0,2,2,0,6,0,1,2,3,2,10,5,15,1,0,3,7,2,12,2,7,5,5,9,0,8,14,8,17,4,18,4,7,27,11,19,5,11,8,13,22,9,13,3,14,14,16,16,4,10,10,29,18,7,9,3,17}
Count:   1.3   1.5   1.5   1.5   1.5   1.5   1.6   7.5  14.3  14.6  13.9  14.0  13.2  13.4  12.3  12.5  11.6  11.0  10.4  10.4   9.8   9.0   8.3   7.6   7.0   5.9   3.7   1.4   1.6   1.3   1.5   1.5   1.5   1.4   1.5   1.5   1.6   1.4   1.3   1.7   1.5   1.5   1.6   1.6   1.4   6.3  15.2  14.1  14.1  13.5  13.1  12.7  12.6  12.0  12.0  11.5  11.5  10.8  10.7  10.0   9.2   8.7   7.1   6.6   3.9   1.4   1.5   1.5   1.5   1.5   1.5   1.5   1.4   1.5   1.5   1.6   1.4   1.4   1.6   1.4   1.5   1.6   1.5   7.3  15.0  14.8  13.8  13.8  13.8  13.3  12.7  12.4  12.7  11.5  11.2   9.8   9.8   8.0   8.5   8.0   7.8   6.3   3.8   1.3   1.6   1.5   1.5   1.5   1.5   1.7   1.7   1.6   1.5   1.4   1.4   1.6   1.4   1.6   1.4   1.6   1.5   6.8  15.5  15.3  14.1  14.6  13.0  13.4  12.5  12.8  11.1  11.7  10.2  10.4   9.2   9.4   8.5   8.9   6.8   7.2   4.0   1.4   1.4   1.5   1.4   1.5   1.6   1.5   1.7   1.4   1.6   1.5   1.5   1.5   1.7   1.6   1.5   1.4   1.6   6.2  15.5  14.4  14.3  13.8  13.4  12.9  13.3  12.3  11.9  10.8  11.3  10.0  10.4   8.8   8.8   6.9   6.5   6.2   4.1   1.3   1.4   1.5   1.4   1.5   1.6   1.5   1.5   1.5   1.4   1.5   1.6   1.7   1.3   1.4   1.5   1.4   1.5   6.0  15.0  14.5 
A: 12.0 11.8 11.8 11.8 11.8 11.7 11.8 16.9 16.7 17.1 16.9 17.1 16.7 17.2 16.6 16.8 16.6 16.6 16.4 16.0 16.2 15.8 15.3 14.6 14.1 13.4 12.9 11.8 11.8 11.9 11.5 11.6 12.0 11.8 11.8 12.1 11.7 11.8 11.9 11.9 11.8 11.8 11.8 11.8 11.9 16.6 16.9 16.6 16.9 17.0 16.4 16.4 16.7 16.4 16.7 16.3 16.2 16.5 16.2 15.8 15.6 15.2 14.3 13.8 13.1 11.4 11.9 11.8 11.8 11.7 11.8 11.8 11.9 12.0 11.8 12.0 11.6 11.9 11.6 11.7 11.6 11.6 12.1 16.6 16.3 16.7 16.8 16.6 16.6 16.6 16.5 16.4 16.5 16.6 16.4 16.1 15.9 15.1 15.2 14.8 14.2 13.7 13.0 11.7 11.9 11.7 11.8 11.7 11.7 11.7 11.7 12.1 11.8 11.7 11.9 11.7 11.7 11.9 11.7 12.1 11.8 16.3 16.8 16.9 16.3 16.7 16.5 16.6 16.3 16.8 16.2 16.2 16.0 16.2 15.6 15.6 15.4 14.7 14.3 14.0 13.3 11.5 11.9 11.6 11.6 11.9 11.8 11.7 11.8 11.8 11.7 11.8 11.6 11.5 11.7 11.9 11.6 11.8 12.0 17.3 16.8 16.6 16.9 16.5 16.7 16.6 16.9 16.2 16.6 16.3 15.8 16.0 16.2 15.6 14.6 14.3 14.4 13.4 13.2 11.6 11.8 11.7 11.7 12.0 11.9 11.7 11.6 11.5 11.5 11.7 11.7 12.1 11.9 11.7 11.9 11.8 11.9 16.5 17.0 16.5 
B: 19.7 19.8 19.5 19.4 18.7 19.1 19.8 36.1 35.6 36.3 35.8 36.4 35.3 36.0 34.7 34.9 34.6 34.6 33.6 32.8 33.4 32.1 31.5 29.1 27.3 25.3 23.4 19.4 19.6 19.9 18.9 19.4 19.9 18.6 19.7 19.4 19.2 20.0 19.7 18.9 19.2 19.0 19.3 19.8 20.3 34.5 35.6 34.8 35.2 35.5 33.8 34.2 34.9 33.8 34.6 33.6 33.2 33.8 33.2 32.2 31.9 31.1 28.1 25.7 24.4 18.4 19.3 19.2 19.2 20.1 19.2 19.5 19.7 19.7 19.5 19.8 19.2 19.5 18.7 18.9 18.7 18.8 19.3 35.3 34.5 35.5 35.7 34.9 35.0 35.0 34.7 34.2 34.5 34.7 34.5 33.4 32.9 30.5 30.6 29.9 27.7 25.9 24.0 18.7 19.7 19.2 18.7 19.9 18.8 19.2 20.0 20.0 19.2 19.3 18.8 19.9 18.5 19.9 19.1 19.4 19.6 34.3 35.9 36.3 34.8 35.4 34.4 35.4 34.3 35.2 33.8 33.9 33.1 33.7 32.2 32.1 31.7 29.7 28.0 27.1 25.2 18.8 19.6 19.0 18.7 19.4 19.4 19.3 19.5 18.8 18.6 18.7 18.6 20.1 19.3 20.4 19.0 19.9 20.1 36.7 35.6 35.0 36.0 34.6 35.2 34.6 35.0 34.0 35.1 33.6 33.0 33.3 33.4 32.2 29.7 28.4 28.5 25.0 23.7 18.8 19.9 19.2 19.4 19.1 20.0 19.2 19.4 19.7 20.0 19.3 19.0 19.8 19.6 19.0 19.7 20.0 19.4 35.1 36.6 35.2 
Direction:  n n n n n n n {45 135} {46 134} {47 133} {46 134} {44 136} {45 135} {45 135} {47 133} {47 133} {46 134} {45 135} {46 134} {47 133} {46 134} {44 136} {45 135} {45 135} {46 134} {48 132} n n n n n n n n n n n n n n n n n n n {46 134} {44 136} {46 134} {44 136} {44 136} {46 134} {47 133} {45 135} {45 135} {45 135} {45 135} {46 134} {45 135} {43 137} {43 137} {44 136} {46 134} {48 132} {43 137} n n n n n n n n n n n n n n n n n n n {46 134} {45 135} {46 134} {46 134} {46 134} {46 134} {46 134} {44 136} {47 133} {45 135} {46 134} {45 135} {45 135} {46 134} {47 133} {45 135} {47 133} {45 135} {48 132} {45 135} n n n n n n n n n n n n n n n n n n {45 135} {46 134} {45 135} {47 133} {46 134} {46 134} {45 135} {48 132} {46 134} {45 135} {43 137} {45 135} {46 134} {46 134} {46 134} {46 134} {43 137} {44 136} {49 131} n n n n n n n n n n n n n n n n n n n {45 135} {45 135} {45 135} {46 134} {45 135} {44 136} {46 134} {46 134} {46 134} {45 135} {43 137} {45 135} {43 137} {44 136} {43 137} {46 134} {46 134} {43 137} {44 136} n n n n n n n n n n n n n n n n n n n {45 135} {47 133} {44 136}

55.2: Count:   6.6 (  5.0) A:  15.3 [10-44] B:  29.5 [10-101] Phase: 100% 139 (21.9) Direction:  {44 136}
Phase: {479,59,59,84,79,176,229,123,121,83,138,209,64,118,109,138,107,194,132,89,96,127,153,138,219,108,98,145,163,166,134,173,202,165,185,207,254,225,196,264,200,255,259,217,217,401,209,304,322,380,305,412,392,446,355,415,424,350,467,422,446,465,568,621,407,451,661,488,587,643,522,467,688,716,575,625,737,780,632,845,869,866,826,787,937,908,932,912,803,738,1809,801,981,1085,1238,1144,1365,1323,1375,1434,1603,1793,1396,1872,1886,1916,1931,2216,2318,1950,2442,2508,2786,2804,3081,3131,2777,3936,3686,3885,3822,4005,4391,4077,4739,4931,4990,5240,5513,5631,5645,5680,5815,6182,5772,6738,5881,6414,6289,6533,6259,6500,6415,6297,6159,6109,6072,5262,6042,5737,5596,5454,5239,5314,4254,4726,4515,4418,4094,3930,3849,3263,3698,3487,3049,3055,2796,2606,2319,2515,2189,2074,1991,1769,1757,1663,1530,1368,1270,1127,1809,933,915,897,930,867,868,651,712,640,672,643,421,503,452,470,397,389,407,275,348,307,307,295,335,257,167,273,239,246,194,197,209,143,174,109,95,134,122,125,81,107,102,98,77,125,64,64,70,63,49,75,56,59,50,34,64,31,41,39,33,40,39,46,27,34,46,21,16,28,24,27,23,21,15,30,32,20,9,18,19,7,8,14,21,14,9,11,7,2,27,6,8,11,7,16,17,1,4,4,5,8,4,7,7,1,4,9,11,6,5,5,12,2,13,5,6,12,14,17,2,8,8,6,9,10,4,6,4,20,6,8,20,9,14,44,12,9,32,22,31,23,11,60,27,49,72,15,43,51,70,58,57,73,33,39,114,60,107,85,52,66,93,178,105,82,63,102,78,147,125,66,92,99,209,192,83,54,64,70}
Count:   1.6   1.7   2.0   1.9   1.8   1.9   1.9   7.7  14.4  14.6  14.6  14.2  13.5  14.0  12.7  12.8  11.9  11.2  10.9  10.3   9.8   9.5   8.5   7.9   6.9   6.7   4.1   1.8   2.1   1.7   2.1   2.0   2.1   2.0   2.0   2.0   2.1   2.0   1.9   1.9   2.1   1.8   2.1   2.1   2.1   6.9  15.3  14.4  14.1  13.9  13.6  13.2  13.3  11.8  12.4  11.5  12.0  10.8  10.7  10.2   9.7   8.5   7.7   6.9   4.2   1.7   2.0   1.9   2.0   1.9   2.0   1.9   2.0   1.9   2.1   2.0   2.0   1.9   2.0   2.0   2.0   2.1   2.0   7.4  14.7  15.1  14.0  14.0  13.8  13.5  12.8  12.7  12.8  11.3  11.5  10.5   9.9   8.5   9.4   8.6   8.1   6.7   4.0   1.9   2.1   1.9   2.0   1.9   2.0   2.1   2.0   2.0   1.9   2.0   1.9   2.2   1.9   2.0   1.9   2.1   2.0   7.0  15.9  15.4  14.2  14.8  13.4  13.5  12.9  13.3  11.7  11.9  11.1  10.7   9.6   9.8   8.9   8.8   7.5   7.3   4.6   1.8   2.1   2.0   2.1   2.0   1.9   1.8   2.1   2.1   2.0   2.0   1.8   1.9   2.0   2.3   1.9   2.0   2.0   6.6  15.5  14.0  14.8  14.1  14.2  13.4  13.9  12.5  12.8  11.7  11.6  10.9  10.7   9.3   8.8   7.1   7.5   6.5   4.0   1.8   2.0   2.1   2.0   2.1   1.9   1.9   2.0   2.0   1.8   2.0   2.1   2.0   2.0   2.0   1.9   1.9   2.0   6.4  15.0  14.4 
A: 11.8 11.9 11.7 11.9 11.9 11.8 11.9 16.5 16.4 16.6 16.8 16.7 16.3 16.6 16.3 16.4 16.0 16.3 16.0 15.5 15.5 15.4 14.9 14.4 13.8 13.3 12.6 11.6 11.9 11.8 11.6 11.8 11.8 11.9 11.9 11.8 11.8 11.9 11.8 12.0 11.9 11.8 11.8 11.7 11.8 15.9 16.8 16.4 16.6 16.1 16.0 16.1 16.4 16.0 15.9 15.8 16.0 16.0 15.8 15.2 15.5 14.7 13.9 13.6 13.0 11.6 11.7 12.0 11.6 11.8 11.8 12.0 12.1 11.6 11.5 12.0 11.8 11.8 11.6 11.8 11.6 11.8 11.7 16.7 16.3 16.4 16.4 16.2 16.1 16.3 16.4 16.2 16.0 16.0 16.0 15.6 15.5 14.8 15.1 14.6 14.1 13.6 12.9 11.5 11.8 11.6 11.6 11.7 11.5 11.8 11.8 11.9 11.8 11.7 11.9 11.8 11.7 11.8 11.7 12.0 11.8 16.2 16.4 16.3 15.7 16.4 16.2 16.2 15.8 16.0 15.8 16.0 15.5 15.7 15.2 15.4 14.9 14.6 14.1 13.8 13.1 11.7 11.6 11.9 11.5 11.7 11.8 11.8 11.7 11.7 11.7 11.8 11.8 11.7 11.7 11.7 11.8 11.7 11.9 16.8 16.4 16.2 16.4 16.4 16.3 15.9 16.8 15.6 16.0 15.9 15.9 15.6 15.7 14.9 14.4 14.1 14.2 13.0 12.7 11.6 11.7 11.5 11.6 11.7 11.9 11.8 11.7 11.8 11.8 11.8 11.7 11.9 11.7 11.7 11.7 12.0 11.8 15.7 16.5 16.0 
B: 17.8 18.2 18.3 18.2 17.8 17.6 18.3 33.8 33.6 33.6 34.1 34.4 33.2 33.2 32.6 33.2 32.5 32.7 31.8 30.6 30.7 29.9 29.3 26.6 24.9 23.5 20.9 17.7 18.3 18.1 17.3 17.5 17.9 17.6 18.4 18.0 18.1 18.3 18.3 18.3 18.1 18.0 18.0 17.7 18.0 31.4 34.0 33.0 33.6 32.2 31.8 32.4 33.1 31.7 31.8 31.2 31.4 31.5 31.0 30.0 30.4 28.1 25.7 23.9 22.2 17.7 17.6 18.3 17.6 17.9 18.0 18.3 17.8 18.1 17.8 18.0 17.3 18.1 17.6 17.8 17.6 18.2 17.6 33.7 33.4 33.6 33.6 32.5 32.1 33.1 32.9 32.2 32.4 32.3 31.8 30.8 30.6 28.4 28.5 27.4 26.5 24.0 21.5 17.2 17.7 17.8 17.7 17.1 17.8 17.4 17.7 17.9 17.6 17.9 17.5 17.9 17.7 18.3 17.4 17.6 17.4 32.4 33.9 33.6 32.0 33.1 32.2 33.3 31.8 32.4 32.0 32.4 30.7 31.6 29.9 30.2 29.0 28.1 26.0 24.8 23.0 17.5 17.8 17.9 17.6 17.6 18.5 18.0 17.7 17.1 17.5 17.2 18.7 17.6 17.1 17.8 17.8 17.9 18.0 34.3 33.8 32.7 33.6 33.3 32.9 32.2 33.9 31.0 32.2 31.5 31.5 31.3 31.5 29.2 27.3 26.4 26.1 22.5 20.0 17.3 17.6 17.0 17.6 17.5 18.6 17.7 18.2 18.2 17.9 17.4 17.4 18.2 17.5 17.2 17.9 17.5 17.8 31.9 34.3 32.7 
Direction:  n n n n n n n {44 136} {46 134} {43 137} {44 136} {45 135} {44 136} {45 135} {46 134} {47 133} {44 136} {45 135} {44 136} {45 135} {45 135} {43 137} {46 134} {47 133} {42 138} {43 137} n n n n n n n n n n n n n n n n n n n {46 134} {45 135} {42 138} {43 137} {45 135} {46 134} {45 135} {42 138} {44 136} {48 132} {46 134} {44 136} {42 138} {43 137} {44 136} {46 134} {46 134} {43 137} {43 137} n n n n n n n n n n n n n n n n n n n {44 136} {43 137} {45 135} {43 137} {45 135} {46 134} {43 137} {47 133} {46 134} {46 134} {43 137} {46 134} {46 134} {43 137} {46 134} {43 137} {38 142} {42 138} {46 134} n n n n n n n n n n n n n n n n n n n {44 136} {46 134} {45 135} {46 134} {46 134} {44 136} {42 138} {45 135} {44 136} {46 134} {43 137} {43 137} {44 136} {43 137} {47 133} {44 136} {45 135} {45 135} {44 136} n n n n n n n n n n n n n n n n n n n {43 137} {45 135} {46 134} {46 134} {44 136} {42 138} {45 135} {44 136} {44 136} {46 134} {45 135} {46 134} {43 137} {41 139} {45 135} {48 132} {45 135} {44 136} {44 136} n n n n n n n n n n n n n n n n n n n {43 137} {48 132} {43 137}

55.3: Count:   6.7 (  5.0) A:  15.0 [10-45] B:  28.2 [10-93] Phase: 100% 137 (27.0) Direction:  {43 137}
Phase: {141,21,14,19,31,50,102,30,28,25,21,93,38,42,32,47,39,79,58,29,49,64,61,64,125,63,56,75,87,106,90,110,108,82,147,134,126,213,162,156,154,210,230,230,182,399,262,279,286,363,298,357,371,495,349,420,463,380,521,513,475,529,578,731,502,596,797,653,703,744,718,542,924,833,837,890,933,869,725,1120,1039,1035,1007,1096,1240,1231,1264,1183,1167,1107,2454,1124,1373,1466,1618,1701,1810,1769,1866,2000,1997,2271,1858,2280,2418,2659,2420,2956,3071,2645,3172,3196,3481,3513,3877,3739,3395,4609,4317,4355,4452,4640,4932,4359,4766,5152,5076,5051,5222,5291,4915,5291,5400,5563,5026,6182,4886,5583,5617,5661,5509,5706,5514,5500,5375,5468,5274,4608,5018,4936,4693,4616,4583,4975,3858,4255,4220,3921,3962,3979,3782,3062,3746,3610,3248,3103,3042,3217,2595,2899,2651,2402,2307,2139,2270,2116,1930,1680,1625,1346,2235,1146,1216,1183,1215,1143,1079,927,911,798,863,752,569,678,551,562,581,533,509,356,431,399,390,322,325,303,175,298,235,218,189,192,159,119,177,160,95,129,106,102,85,108,83,67,55,92,49,44,32,52,41,29,47,40,24,35,28,17,21,17,26,22,14,21,15,14,27,14,20,25,8,3,6,14,3,7,17,6,3,10,1,2,2,3,7,7,1,1,0,2,15,1,3,1,2,0,4,2,2,1,4,5,4,3,1,5,5,1,1,3,4,0,1,1,4,1,0,0,1,0,0,7,0,3,0,0,1,8,1,6,2,2,0,0,7,4,8,8,8,6,4,4,1,12,8,7,8,2,10,8,14,27,14,9,8,3,52,7,26,18,11,15,35,31,23,18,13,30,17,64,32,18,26,27,44,39,15,16,14,11}
Count:   1.6   1.8   2.0   2.1   2.0   2.0   2.0   7.6  14.7  14.5  14.4  14.5  13.5  13.6  13.2  12.9  12.0  11.8  11.1  10.7  10.3   9.7   8.6   8.1   7.6   7.1   4.4   2.0   2.0   2.0   2.2   2.0   2.1   2.1   2.1   1.9   2.1   2.0   2.1   2.1   2.1   2.0   2.1   2.0   2.1   6.9  15.1  14.4  14.2  13.6  13.8  13.4  13.3  12.6  12.3  11.7  12.2  11.0  11.0  10.3  10.0   8.7   7.8   7.5   4.6   1.8   2.0   2.1   1.9   2.1   2.0   1.9   1.9   2.0   2.0   2.2   2.2   2.0   2.0   2.0   2.1   2.2   2.1   7.3  14.8  14.9  14.3  14.0  14.0  13.8  13.1  12.9  12.6  11.6  11.4  10.5   9.7   8.8   9.2   8.5   8.2   7.2   4.2   1.8   2.1   1.9   1.9   2.2   1.8   1.9   2.0   2.0   1.8   2.1   2.0   2.3   1.9   2.1   2.0   2.1   2.0   7.4  15.4  15.0  14.5  14.8  14.0  13.7  12.8  13.2  12.0  11.7  10.7  11.0  10.0  10.6   9.3   9.1   8.0   7.9   4.6   1.9   2.2   2.3   2.1   2.2   2.1   1.9   2.2   2.1   2.2   2.0   2.0   1.8   2.1   1.8   2.0   2.0   2.1   6.7  15.0  14.0  14.3  14.0  14.3  13.3  13.8  12.8  12.8  11.5  11.7  10.9  10.9   9.5   9.1   7.7   8.1   7.1   4.5   1.9   2.0   2.2   1.9   2.0   2.1   2.0   1.8   2.0   1.7   2.2   2.0   2.0   2.2   1.9   2.0   2.0   2.1   6.7  15.0  14.2 
B: 17.3 17.0 17.1 17.3 17.1 17.8 17.8 31.8 32.6 32.4 32.9 32.9 31.7 31.5 31.3 31.5 30.8 31.8 30.1 29.7 28.7 28.7 27.6 25.5 23.9 22.8 20.7 17.0 17.3 17.6 17.0 17.5 17.3 17.3 17.5 17.2 17.5 17.7 18.1 17.2 17.3 16.8 17.6 17.4 17.5 30.7 32.5 31.8 31.6 30.4 32.2 30.7 31.5 29.5 30.5 29.2 30.7 29.7 29.5 28.3 29.0 26.5 24.8 23.0 21.6 17.7 17.7 17.8 17.2 17.2 17.1 17.7 17.7 17.5 16.9 17.1 17.4 17.5 17.6 17.9 17.5 17.4 17.3 31.9 32.5 32.1 32.0 31.7 30.1 31.7 31.1 30.9 30.3 30.7 29.8 29.5 28.5 27.8 27.8 25.8 25.3 23.1 20.3 16.6 17.7 17.7 17.1 17.3 17.3 18.3 17.6 17.8 17.6 17.5 17.0 17.1 17.0 17.2 17.4 17.1 17.0 28.9 33.0 32.6 31.5 31.9 31.3 30.5 30.3 30.3 30.5 30.8 29.1 30.5 28.5 29.1 27.8 27.0 25.3 24.0 23.1 17.1 17.1 17.1 17.3 17.2 17.3 17.3 17.0 16.9 17.2 17.5 17.7 17.2 18.0 17.4 17.3 17.7 16.9 32.3 33.0 31.6 32.3 31.6 31.4 31.0 32.1 30.7 30.3 29.6 30.8 29.9 29.8 27.3 26.6 25.6 25.0 22.0 20.3 16.9 17.4 17.1 17.4 17.1 17.6 17.1 17.4 17.2 17.5 17.3 17.3 17.1 17.6 17.4 17.1 17.3 18.4 30.0 32.8 30.7 
Direction:  n n n n n n n {45 135} {44 136} {44 136} {45 135} {44 136} {44 136} {44 136} {44 136} {47 133} {45 135} {46 134} {44 136} {45 135} {40 140} {43 137} {40 140} {43 137} {42 138} {37 143} n n n n n n n n n n n n n n n n n n n {44 136} {44 136} {43 137} {46 134} {43 137} {42 138} {46 134} {44 136} {45 135} {44 136} {42 138} {43 137} {47 133} {42 138} {44 136} {42 138} {42 138} {42 138} {41 139} n n n n n n n n n n n n n n n n n n n {44 136} {47 133} {46 134} {44 136} {41 139} {46 134} {44 136} {47 133} {43 137} {40 140} {44 136} {43 137} {42 138} {44 136} {40 140} {42 138} {44 136} {42 138} {40 140} n n n n n n n n n n n n n n n n n n n {47 133} {46 134} {44 136} {43 137} {45 135} {46 134} {41 139} {42 138} {46 134} {46 134} {48 132} {45 135} {44 136} {43 137} {46 134} {47 133} {44 136} {36 144} {41 139} n n n n n n n n n n n n n n n n n n n {43 137} {45 135} {42 138} {45 135} {45 135} {41 139} {41 139} {44 136} {45 135} {42 138} {46 134} {43 137} {45 135} {45 135} {45 135} {41 139} {42 138} {37 143} {42 138} n n n n n n n n n n n n n n n n n n n {44 136} {45 135} {44 136}

55.4: Count:   6.3 (  5.1) A:  14.8 [10-39] B:  29.0 [10-92] Phase: 100% 139 (22.6) Direction:  {44 136}
Phase: {96,8,23,7,21,36,51,29,31,26,30,42,16,42,22,42,33,61,53,47,29,58,58,47,80,41,27,57,61,75,37,77,66,69,79,91,94,136,109,125,97,168,113,130,120,198,166,148,186,192,156,188,189,272,184,227,265,216,297,312,348,315,335,374,242,355,467,367,351,431,447,346,474,552,459,525,494,560,374,715,657,647,633,645,821,795,808,684,721,701,1585,733,882,1025,1105,1153,1254,1165,1323,1399,1571,1658,1470,1814,1827,2036,1902,2296,2378,2059,2509,2702,2995,2945,3356,3389,2968,4051,3862,4112,4228,4508,4771,4613,5066,5228,5176,5565,5737,5604,5670,6015,6213,6130,5770,6769,5491,6124,6176,6131,5848,6254,5940,5880,5927,5945,5795,5298,5693,5442,5449,5242,5391,5502,4229,4835,4775,4390,4273,4002,3877,3515,3958,3547,3121,3147,2869,2688,2394,2563,2432,2219,2004,1870,1703,1620,1604,1360,1289,1042,1844,917,953,932,841,835,738,570,611,627,604,547,385,419,336,378,353,391,326,243,229,227,209,179,225,160,112,181,140,138,86,109,108,71,87,87,77,96,58,58,29,59,38,35,28,56,19,28,24,33,11,18,12,20,20,25,23,13,14,16,6,19,4,12,5,4,11,3,6,4,6,2,9,9,2,4,4,1,2,1,1,0,1,3,5,5,1,5,0,2,7,3,3,0,1,1,0,3,3,0,4,1,0,4,0,0,0,0,2,2,0,0,1,0,0,1,0,2,0,3,3,0,0,0,1,2,1,2,1,1,2,1,2,2,1,7,2,3,2,1,1,2,3,7,2,1,6,4,6,8,1,12,8,9,6,3,19,7,11,23,9,5,14,21,12,17,11,16,17,36,37,8,10,23,30,22,11,13,13,8}
Count:   1.3   1.4   1.3   1.5   1.4   1.4   1.5   6.9  14.1  13.9  14.1  14.1  13.0  13.4  12.6  12.8  11.6  11.8  10.7  10.5   9.7   9.6   9.1   8.3   7.6   7.2   4.3   1.4   1.6   1.5   1.6   1.6   1.6   1.4   1.7   1.6   1.4   1.5   1.5   1.4   1.5   1.5   1.5   1.5   1.5   6.5  14.6  13.9  13.5  13.1  13.4  12.8  12.8  11.8  12.5  11.5  12.1  10.6  11.0  10.0   9.9   8.6   7.7   7.5   4.4   1.5   1.6   1.5   1.3   1.5   1.5   1.7   1.5   1.4   1.5   1.6   1.5   1.6   1.5   1.5   1.6   1.5   1.4   6.7  14.5  14.4  13.8  13.6  13.3  13.4  12.8  13.1  12.5  12.0  10.7  10.4   9.2   8.4   9.4   8.0   8.2   6.8   4.1   1.4   1.5   1.7   1.5   1.6   1.6   1.5   1.5   1.6   1.5   1.6   1.6   1.6   1.5   1.6   1.5   1.5   1.5   6.5  14.9  14.3  14.1  13.9  13.8  12.9  12.3  12.5  11.9  11.2  10.5  11.1   9.8  10.5   8.4   9.3   7.9   7.9   4.4   1.3   1.5   1.6   1.5   1.6   1.5   1.4   1.6   1.5   1.6   1.4   1.6   1.4   1.6   1.4   1.5   1.4   1.5   6.1  14.8  13.7  14.0  13.8  13.7  12.7  13.5  12.4  12.3  11.6  11.5  10.4  10.3   9.3   9.3   8.1   7.8   6.7   4.2   1.5   1.7   1.5   1.6   1.5   1.6   1.5   1.5   1.6   1.4   1.6   1.4   1.5   1.6   1.5   1.5   1.4   1.5   6.1  14.4  13.8 
B: 18.5 18.0 18.7 17.6 17.8 18.1 17.9 31.3 33.0 32.9 32.3 32.5 31.4 31.5 31.5 31.6 31.8 31.3 30.5 30.1 29.9 29.6 28.6 26.3 24.6 24.1 22.2 17.6 18.2 17.8 17.6 17.8 18.4 18.8 17.9 17.7 18.0 18.7 18.6 17.7 18.0 16.9 18.2 17.9 17.7 30.6 33.2 32.8 32.0 30.8 31.6 31.3 32.1 29.4 30.9 29.4 30.5 30.6 30.2 29.2 28.8 27.8 25.4 24.6 22.6 17.5 17.5 19.3 18.5 18.3 18.3 18.3 18.2 18.0 17.5 18.2 17.9 17.7 17.4 17.8 17.5 18.5 17.9 31.8 31.8 31.7 31.6 32.5 30.5 31.9 31.6 31.7 30.3 31.5 29.8 28.9 28.8 28.7 28.6 27.2 26.0 24.1 21.5 17.2 18.3 17.8 17.5 17.5 17.4 17.7 18.3 18.2 18.4 17.2 17.7 17.5 17.5 17.6 18.3 18.5 17.3 29.6 33.0 32.7 31.9 31.4 32.1 32.3 30.3 30.2 30.8 30.9 28.8 30.4 29.6 29.8 28.6 27.8 26.5 25.3 24.1 17.2 17.4 17.6 18.1 18.4 18.0 17.8 17.5 18.3 17.4 17.5 18.2 17.8 17.9 18.2 18.3 18.4 17.7 32.1 33.1 31.4 31.6 32.2 31.5 30.5 31.6 31.3 31.0 29.7 30.3 30.1 30.7 28.3 28.0 26.7 26.1 23.8 21.5 16.6 17.6 17.6 18.2 18.1 18.1 17.8 18.8 17.7 17.9 18.0 17.9 18.0 18.4 17.4 17.3 17.4 17.9 31.9 32.5 31.2 
Direction:  n n n n n n n {42 138} {44 136} {44 136} {46 134} {46 134} {46 134} {46 134} {42 138} {44 136} {41 139} {46 134} {45 135} {49 131} {44 136} {47 133} {41 139} {43 137} {42 138} {43 137} n n n n n n n n n n n n n n n n n n n {46 134} {44 136} {43 137} {46 134} {42 138} {42 138} {45 135} {41 139} {47 133} {43 137} {44 136} {49 131} {46 134} {44 136} {42 138} {44 136} {41 139} {44 136} {42 138} n n n n n n n n n n n n n n n n n n n {46 134} {42 138} {42 138} {42 138} {46 134} {44 136} {45 135} {46 134} {45 135} {46 134} {46 134} {42 138} {44 136} {44 136} {43 137} {43 137} {44 136} {41 139} {42 138} n n n n n n n n n n n n n n n n n n n {44 136} {44 136} {43 137} {46 134} {44 136} {41 139} {43 137} {41 139} {45 135} {45 135} {43 137} {45 135} {41 139} {42 138} {39 141} {43 137} {45 135} {40 140} {40 140} n n n n n n n n n n n n n n n n n n n {43 137} {43 137} {41 139} {41 139} {43 137} {41 139} {42 138} {42 138} {42 138} {46 134} {42 138} {44 136} {41 139} {46 134} {44 136} {43 137} {38 142} {44 136} {40 140} n n n n n n n n n n n n n n n n n n n {43 137} {44 136} {45 135}

55.5: Count:   5.9 (  5.2) A:  14.7 [10-48] B:  30.8 [10-94] Phase: 100% 140 (16.5) Direction:  {44 136}
Phase: {2,0,0,4,4,6,0,0,5,2,0,3,2,2,0,0,4,0,5,1,2,2,2,0,10,10,0,2,8,6,1,7,11,9,2,3,4,16,13,16,7,18,18,15,14,39,17,33,26,41,37,52,29,47,26,42,64,37,70,59,47,62,87,62,76,100,110,93,84,123,97,100,154,126,116,153,170,167,158,198,196,185,209,228,297,281,274,292,260,256,678,307,338,380,424,497,599,473,588,629,778,863,673,995,977,1073,1042,1331,1467,1318,1521,1726,1773,2116,2400,2378,2263,3372,2999,3410,3622,3910,4351,4271,4737,5014,5347,5683,5951,6423,6376,6650,7014,7350,6995,8245,7167,7913,7864,8033,7995,7953,7818,8125,7956,7694,7301,6774,7293,6727,6273,6122,6117,6207,4793,5199,4929,4540,4393,4069,3854,3071,3480,3016,2667,2478,2318,2270,1757,1813,1637,1512,1398,1201,1154,1050,939,796,802,525,946,465,493,466,390,402,343,341,242,247,219,227,129,157,135,148,109,109,111,81,83,62,72,52,67,41,25,32,45,35,44,19,21,21,21,15,15,11,13,15,13,13,10,11,1,9,2,7,4,4,2,7,0,13,3,1,3,2,0,1,0,1,1,0,1,0,0,0,2,1,2,0,0,0,3,0,0,1,0,0,0,0,1,0,0,0,1,0,0,3,0,0,0,0,0,0,0,0,0,0,0,0,0,0,0,0,0,0,0,0,0,0,0,0,0,0,0,0,0,0,0,0,0,0,0,0,0,0,0,0,0,0,0,0,0,0,1,0,0,0,0,0,0,0,0,0,0,0,0,0,0,0,0,0,0,0,0,0,1,0,0,0,0,4,2,1,0,1,1,1,0,0,0,0,0,0,1,0,0,0}
Count:   0.9   0.9   0.9   0.9   1.1   0.9   0.9   6.7  13.9  13.8  13.4  13.6  12.6  12.9  11.8  12.5  11.8  11.5  10.5  10.9   9.5   9.4   8.9   8.4   7.6   7.4   4.0   0.9   1.1   0.9   1.0   1.0   0.8   1.0   0.9   0.9   0.9   0.9   1.0   1.0   0.9   0.9   1.0   0.8   0.9   6.0  14.0  13.7  13.1  12.5  13.1  12.5  12.5  11.2  12.2  11.1  11.5  10.4  10.7   9.7   9.0   8.6   7.1   7.5   4.4   0.8   0.9   0.9   0.9   0.9   0.8   0.9   0.8   0.8   0.9   0.9   0.9   0.9   0.9   1.0   0.8   0.9   0.9   6.0  13.9  13.4  13.2  13.2  12.6  13.0  12.3  12.5  11.9  11.8  10.7  10.1   9.4   8.8   9.2   8.2   7.9   6.5   3.8   0.8   1.0   0.9   0.9   0.9   0.9   0.9   1.0   0.9   0.9   0.9   0.9   0.9   0.8   0.9   1.0   1.0   0.8   5.5  14.4  13.9  13.6  13.4  13.0  12.7  12.2  12.1  11.2  11.5  10.1  10.5   9.1  10.3   8.5   9.0   7.8   7.9   4.5   0.9   0.8   0.9   0.9   1.0   0.9   0.8   0.9   0.9   0.7   0.9   0.9   0.9   0.9   0.9   1.0   0.8   1.0   5.6  14.2  13.3  13.6  13.0  13.3  12.3  12.7  11.9  12.2  11.1  11.0   9.6  10.1   9.3   9.4   7.9   8.2   6.6   4.2   0.8   0.8   1.0   0.9   0.8   0.9   0.8   0.9   0.9   0.8   0.8   0.7   0.8   0.9   0.7   0.9   0.9   0.8   5.5  13.9  13.3 
B: 22.0 20.3 20.7 20.4 20.8 20.5 19.3 32.2 33.9 33.8 32.8 32.8 32.5 33.5 32.4 32.9 32.4 32.5 32.1 31.8 31.3 31.1 30.9 28.4 27.1 26.6 24.2 19.7 19.2 19.7 19.5 20.4 20.7 20.6 21.0 20.5 19.1 20.6 20.2 19.2 20.6 19.6 20.3 19.5 20.3 32.6 33.8 33.7 32.8 31.4 32.4 32.7 33.2 30.8 32.3 31.2 32.2 31.3 31.7 31.2 30.0 29.3 27.7 26.9 24.7 19.7 20.3 20.7 19.7 20.0 20.2 19.5 21.8 20.0 20.2 19.8 20.7 20.0 19.6 20.5 19.4 20.0 20.4 31.7 32.9 32.4 32.5 33.0 32.3 32.3 31.9 32.6 31.5 32.7 31.6 30.9 30.1 30.5 30.2 28.9 27.7 26.4 23.8 19.1 19.9 20.3 20.3 19.3 20.0 19.5 19.8 20.7 21.1 20.8 19.2 19.0 19.9 19.4 19.0 19.6 19.9 31.7 33.6 32.4 33.1 32.0 33.2 33.0 31.8 31.2 33.0 32.7 30.6 31.3 31.8 31.5 29.5 29.4 28.7 26.9 26.0 18.2 20.2 19.0 20.2 20.4 20.0 19.7 19.9 19.9 19.7 19.5 20.5 19.7 20.6 20.6 20.2 20.1 20.4 33.8 34.0 32.2 33.0 33.5 33.4 32.2 32.3 32.1 33.1 31.3 32.1 31.5 31.8 29.9 29.8 29.0 28.4 25.7 24.4 18.7 20.0 20.2 19.9 20.0 20.4 20.4 21.1 19.9 20.4 20.1 20.6 19.6 20.9 19.9 19.2 19.5 20.8 33.0 32.6 32.4 
Direction:  n n n n n n n {47 133} {46 134} {44 136} {46 134} {46 134} {42 138} {45 135} {44 136} {45 135} {45 135} {46 134} {46 134} {45 135} {45 135} {44 136} {46 134} {42 138} {43 137} {45 135} {49 131} n n n n n n n n n n n n n n n n n n {42 138} {46 134} {45 135} {46 134} {45 135} {46 134} {45 135} {46 134} {47 133} {44 136} {45 135} {44 136} {46 134} {45 135} {45 135} {42 138} {44 136} {42 138} {42 138} {46 134} n n n n n n n n n n n n n n n n n n {47 133} {43 137} {46 134} {46 134} {44 136} {46 134} {43 137} {46 134} {45 135} {44 136} {46 134} {43 137} {44 136} {46 134} {44 136} {46 134} {41 139} {45 135} {45 135} {44 136} n n n n n n n n n n n n n n n n n n {43 137} {45 135} {44 136} {43 137} {45 135} {44 136} {44 136} {44 136} {44 136} {46 134} {44 136} {44 136} {46 134} {43 137} {44 136} {45 135} {45 135} {46 134} {46 134} {42 138} n n n n n n n n n n n n n n n n n n {42 138} {44 136} {44 136} {44 136} {46 134} {44 136} {46 134} {44 136} {45 135} {44 136} {43 137} {45 135} {44 136} {45 135} {42 138} {44 136} {43 137} {46 134} {44 136} {44 136} n n n n n n n n n n n n n n n n n n {43 137} {44 136} {44 136}

55.6: Count:   5.9 (  5.4) A:  14.7 [10-42] B:  31.5 [10-96] Phase: 100% 140 (15.8) Direction:  {44 136}
Phase: {0,0,0,0,0,0,0,0,0,0,0,0,0,0,0,0,1,0,1,0,0,0,0,0,0,2,0,0,0,5,0,0,2,1,0,1,0,3,0,0,2,1,2,3,6,12,0,7,7,3,4,13,5,13,13,13,4,11,21,15,14,25,28,32,18,32,42,35,41,60,60,49,97,80,62,54,82,87,60,96,83,99,98,99,153,103,129,144,166,146,368,162,197,276,250,359,366,380,364,433,504,635,558,706,750,834,913,1085,1187,1056,1360,1439,1755,1787,2154,2126,2161,3044,3134,3356,3552,4018,4328,4332,5166,5444,5636,6140,6372,6941,6802,7390,7751,7961,7579,8978,7991,8483,8539,8590,8254,8723,8521,8373,8131,8046,7902,7314,7543,7268,6838,6472,6454,6734,5049,5314,5258,4843,4619,4225,3861,3104,3366,3065,2578,2482,2333,2099,1678,1726,1514,1495,1182,1146,1021,931,796,653,617,447,811,349,343,364,335,256,244,203,194,163,125,152,78,109,102,90,71,60,80,50,40,41,27,33,26,26,6,11,16,25,12,6,9,6,7,1,9,6,9,2,4,1,9,0,1,4,0,0,2,0,0,1,3,1,0,0,0,2,0,0,2,0,0,2,0,0,0,0,0,0,0,0,0,1,0,0,0,0,0,0,0,0,0,0,0,0,0,0,0,0,0,0,0,0,0,0,0,0,0,0,0,0,0,0,0,0,0,0,0,0,0,0,0,0,0,0,0,0,0,0,0,0,0,0,0,0,0,0,0,0,0,0,0,0,0,0,0,0,0,0,0,0,0,0,0,0,0,0,0,0,0,0,0,0,0,0,0,0,0,0,0,0,0,0,0,0,0,0,0,0,0,0,0,0,0,0,0,0,0,0}
Count:   0.7   0.7   0.8   0.9   0.7   0.7   0.8   6.4  13.9  13.8  13.8  13.7  13.1  13.0  12.4  12.7  11.9  11.9  10.9  11.2   9.7  10.0   9.2   9.3   8.0   7.9   4.3   0.6   0.8   0.7   0.7   0.8   0.8   0.8   0.8   0.7   0.8   0.8   0.7   0.7   0.8   0.7   0.7   0.6   0.8   5.6  14.0  13.8  13.2  13.0  13.1  12.6  12.4  11.8  12.4  11.6  12.0  10.6  11.4  10.2   9.9   9.0   7.8   8.1   4.5   0.5   0.7   0.8   0.7   0.8   0.6   0.6   0.6   0.8   0.7   0.8   0.8   0.7   0.7   0.7   0.6   0.6   0.6   5.6  13.9  13.6  13.1  13.4  13.2  12.7  12.5  12.8  11.9  11.9  11.2  10.3   9.6   9.4   9.6   9.2   8.3   7.7   4.3   0.5   0.7   0.7   0.7   0.7   0.7   0.6   0.7   0.7   0.7   0.8   0.6   0.8   0.7   0.6   0.7   0.6   0.7   5.5  14.5  13.7  13.7  13.4  13.2  12.9  12.6  12.0  12.0  11.7  10.5  10.9   9.8  10.4   9.5   9.2   8.3   8.1   4.6   0.7   0.7   0.7   0.5   0.6   0.7   0.7   0.7   0.7   0.7   0.7   0.7   0.8   0.7   0.7   0.9   0.8   0.7   5.7  13.8  13.5  13.7  13.5  13.5  12.7  12.8  12.1  12.4  11.4  11.2  10.2  10.3   9.3   9.9   8.3   8.4   7.0   4.6   0.6   0.7   0.7   0.6   0.6   0.7   0.6   0.7   0.7   0.7   0.6   0.6   0.7   0.6   0.6   0.7   0.7   0.7   5.1  13.4  12.7 
B: 21.3 21.7 21.9 20.8 21.3 20.8 21.1 32.4 34.3 34.4 33.7 33.1 33.4 34.0 32.6 33.2 32.7 32.3 32.0 32.9 31.9 30.6 31.2 28.9 28.1 27.5 25.5 20.0 20.4 21.0 19.1 21.8 20.4 20.7 20.7 20.2 20.6 21.1 20.5 19.7 21.5 20.7 19.7 21.0 19.8 33.0 33.6 34.4 33.0 31.8 32.8 32.6 33.4 31.9 32.8 32.4 32.4 31.0 32.0 32.1 30.6 30.7 28.6 28.1 25.5 20.4 20.8 21.3 19.6 20.4 20.7 20.2 21.1 21.0 20.2 20.3 22.0 19.2 20.6 20.7 19.5 21.1 19.7 32.1 33.9 32.8 32.7 33.4 33.3 32.8 31.9 33.1 32.2 32.9 32.1 32.1 31.0 30.6 31.5 30.3 28.9 27.1 25.9 19.4 20.4 20.9 19.5 20.2 20.0 21.1 21.0 19.9 21.7 20.3 20.0 20.3 21.3 20.1 20.4 20.1 20.1 32.4 33.9 33.3 33.2 32.8 33.0 33.3 31.9 32.0 33.6 33.0 32.1 31.3 32.5 32.9 30.6 30.1 29.9 28.4 26.9 20.1 20.3 20.0 20.9 19.7 20.5 20.1 20.0 20.6 19.6 20.4 21.1 20.5 19.2 20.3 19.9 20.9 20.5 32.9 34.1 32.5 32.8 33.2 33.7 32.9 33.1 33.9 33.8 32.1 32.2 32.4 32.2 31.3 30.7 29.6 29.3 26.4 26.3 20.4 19.9 21.2 20.4 19.5 20.5 20.3 20.4 20.3 20.3 21.4 20.3 20.2 20.2 19.4 19.6 20.6 19.9 34.8 33.0 32.9 
Direction:  n n n n n n n {43 137} {44 136} {43 137} {46 134} {45 135} {45 135} {43 137} {45 135} {46 134} {46 134} {45 135} {44 136} {43 137} {43 137} {44 136} {44 136} {44 136} {46 134} {43 137} {43 137} n n n n n n n n n n n n n n n n n n {43 137} {46 134} {46 134} {44 136} {42 138} {43 137} {44 136} {46 134} {43 137} {47 133} {46 134} {43 137} {45 135} {43 137} {45 135} {43 137} {46 134} {43 137} {47 133} {42 138} n n n n n n n n n n n n n n n n n n {45 135} {43 137} {45 135} {43 137} {42 138} {45 135} {43 137} {42 138} {45 135} {46 134} {44 136} {46 134} {45 135} {43 137} {46 134} {43 137} {42 138} {43 137} {46 134} {43 137} n n n n n n n n n n n n n n n n n n {45 135} {43 137} {42 138} {44 136} {43 137} {44 136} {44 136} {46 134} {46 134} {44 136} {44 136} {45 135} {43 137} {44 136} {43 137} {45 135} {44 136} {43 137} {42 138} {44 136} n n n n n n n n n n n n n n n n n n {45 135} {45 135} {44 136} {44 136} {45 135} {45 135} {46 134} {42 138} {44 136} {44 136} {43 137} {44 136} {43 137} {44 136} {41 139} {44 136} {45 135} {43 137} {44 136} {46 134} n n n n n n n n n n n n n n n n n n {43 137} {43 137} {43 137}

55.7: Count:   6.2 (  5.6) A:  14.7 [10-43] B:  31.4 [10-88] Phase: 100% 140 (15.1) Direction:  {44 136}
Phase: {20,0,1,2,2,9,15,4,8,2,6,12,5,9,1,9,11,27,6,2,15,21,23,20,27,17,2,9,18,37,16,21,36,14,52,48,28,50,26,34,32,46,46,49,40,117,36,46,65,66,57,107,59,106,79,103,123,58,103,117,135,145,155,184,144,148,237,173,168,195,194,173,242,272,184,228,216,263,238,352,290,269,298,281,393,349,359,359,354,317,878,373,419,450,616,623,623,653,657,797,863,843,777,1011,974,1153,1137,1264,1545,1246,1580,1681,1883,2089,2285,2319,2189,2979,3010,3127,3435,3644,4111,3867,4696,4988,5395,5832,6050,6537,6841,7367,7715,8223,7786,9307,8286,8990,8870,8997,8832,9072,9020,8749,8740,8373,8292,7404,7795,7341,6854,6411,6288,6432,4921,5091,4738,4507,4155,3800,3478,2932,3143,2947,2468,2338,2153,2215,1645,1827,1516,1487,1253,1187,1116,1017,934,796,773,615,983,475,518,555,434,457,460,383,343,316,308,283,212,278,199,158,135,172,130,120,133,113,111,91,110,85,50,101,41,60,45,47,34,40,31,19,22,38,21,21,12,14,18,11,12,40,10,4,7,9,3,17,2,2,1,2,4,2,3,7,2,3,4,5,1,7,2,2,1,2,0,0,3,1,0,1,2,0,1,2,0,1,0,0,1,0,0,0,2,0,1,0,1,2,0,0,0,0,0,0,0,0,0,0,0,0,0,0,0,0,0,0,0,0,0,0,0,0,0,0,0,0,0,2,0,1,0,0,0,0,0,0,0,0,0,5,2,0,1,0,0,1,0,0,0,0,0,0,3,0,0,0,1,0,0,0,5,2,0,0,1,0,1,1,0,0,5,2,3,1,3,2,0,1,4,5,7,5,0,2}
Count:   0.9   0.7   0.9   0.8   0.9   0.8   0.8   6.3  14.1  14.2  14.0  13.7  13.3  13.3  13.0  13.4  12.5  12.4  11.4  11.9  10.7  10.6  10.1   9.9   8.8   8.5   4.8   0.8   0.9   0.9   0.9   0.9   0.9   0.9   0.9   0.9   0.8   0.8   0.9   0.8   0.8   0.8   0.8   0.8   0.8   5.6  14.6  13.8  13.7  13.2  13.4  12.9  13.1  12.6  12.7  12.2  12.3  11.4  12.1  11.0  10.5   9.6   8.6   8.7   5.2   0.7   0.8   0.7   0.6   0.9   0.7   0.8   0.8   0.8   0.8   0.7   0.8   0.8   0.9   0.8   0.7   0.8   0.9   5.9  14.3  13.8  13.5  14.1  13.6  13.4  12.9  13.4  12.2  12.6  11.3  10.9  10.0  10.1   9.9  10.1   8.6   8.3   4.8   0.7   0.7   0.6   0.7   0.8   0.7   0.7   0.8   0.8   0.8   0.8   0.8   0.8   0.6   0.8   0.7   0.8   0.8   5.3  15.0  13.7  14.3  13.7  13.5  13.0  13.0  11.8  12.8  11.8  11.2  11.0  10.7  10.9  10.0   9.8   9.1   9.0   4.7   0.7   0.8   0.9   0.8   0.8   0.7   0.7   0.8   0.9   0.9   0.7   0.9   0.9   0.9   0.8   0.8   0.8   0.8   5.7  14.2  13.6  13.7  13.8  14.1  13.2  12.8  12.4  13.0  11.9  11.8  11.1  11.2  10.3  10.3   9.1   9.0   7.8   5.4   0.8   0.9   0.8   0.7   0.8   0.8   0.8   0.8   0.7   0.7   0.8   0.7   0.7   0.8   0.8   0.7   0.7   0.8   5.5  13.7  12.8 
B: 19.2 20.0 18.7 18.1 19.1 20.1 19.7 31.0 33.7 34.7 34.1 33.1 33.9 33.9 33.5 34.1 33.4 33.2 32.5 33.4 32.3 31.4 31.2 29.7 28.1 27.7 25.4 19.2 18.7 19.1 18.5 19.8 18.5 18.9 18.5 18.2 18.6 19.1 18.7 19.0 18.7 17.1 19.6 19.1 18.2 32.9 32.7 33.9 33.4 31.6 33.0 32.9 33.3 33.0 33.1 31.7 32.6 30.9 32.7 32.6 30.9 29.9 28.9 28.5 25.5 18.1 17.8 19.2 19.0 19.2 19.7 17.4 19.6 20.2 18.2 18.3 19.6 18.9 18.7 18.9 17.7 18.8 18.5 31.2 34.2 33.1 32.6 33.9 33.8 33.5 32.8 32.9 32.3 32.9 31.9 31.8 31.4 30.5 30.9 30.4 29.2 27.3 26.2 18.7 18.7 19.6 19.3 18.6 19.3 18.7 19.0 18.4 18.8 18.9 18.5 18.6 19.2 18.5 18.5 18.2 18.8 31.8 34.1 33.8 34.1 32.8 33.5 33.4 32.3 31.8 33.3 32.9 32.7 30.9 32.4 32.8 30.7 30.7 30.3 28.8 25.9 19.7 18.9 19.2 18.4 18.1 20.4 18.2 17.5 18.9 18.0 18.1 18.1 19.1 16.7 19.2 19.5 19.3 20.1 31.4 33.7 33.2 32.6 32.9 33.7 32.7 32.2 33.5 33.5 32.6 32.1 32.4 30.8 31.3 31.1 29.7 29.0 27.0 27.5 18.3 18.6 20.0 18.4 18.6 18.1 18.7 19.3 19.0 18.7 18.9 18.6 18.4 19.5 18.8 18.0 19.3 19.1 33.2 33.4 32.9 
Direction:  n n n n n n n {44 136} {44 136} {44 136} {43 137} {46 134} {44 136} {44 136} {45 135} {44 136} {45 135} {45 135} {44 136} {45 135} {45 135} {45 135} {44 136} {45 135} {44 136} {46 134} {45 135} n n n n n n n n n n n n n n n n n n {44 136} {43 137} {44 136} {45 135} {42 138} {44 136} {43 137} {44 136} {44 136} {42 138} {44 136} {44 136} {43 137} {43 137} {42 138} {43 137} {44 136} {44 136} {44 136} {44 136} n n n n n n n n n n n n n n n n n n {45 135} {47 133} {43 137} {45 135} {43 137} {45 135} {46 134} {44 136} {45 135} {45 135} {46 134} {44 136} {44 136} {44 136} {43 137} {43 137} {46 134} {44 136} {44 136} {45 135} n n n n n n n n n n n n n n n n n n {43 137} {43 137} {44 136} {43 137} {43 137} {43 137} {43 137} {45 135} {45 135} {43 137} {43 137} {46 134} {46 134} {44 136} {44 136} {44 136} {45 135} {46 134} {43 137} {43 137} n n n n n n n n n n n n n n n n n n {44 136} {44 136} {44 136} {44 136} {44 136} {43 137} {45 135} {42 138} {45 135} {43 137} {44 136} {44 136} {44 136} {42 138} {44 136} {44 136} {42 138} {44 136} {43 137} {44 136} n n n n n n n n n n n n n n n n n n {47 133} {44 136} {43 137}

55.8: Count:   7.1 (  5.7) A:  14.5 [10-40] B:  29.5 [10-99] Phase: 100% 139 (18.1) Direction:  {44 136}
Phase: {1798,309,342,339,427,888,945,566,497,368,774,932,476,453,493,714,571,906,714,452,544,535,763,507,781,420,369,667,482,587,454,436,519,262,525,463,351,511,380,510,284,437,372,341,307,515,315,341,360,415,321,401,418,444,378,412,394,332,450,404,382,367,404,517,306,430,482,414,399,439,472,410,490,529,438,493,464,527,393,589,553,531,482,552,659,597,598,638,544,500,1246,589,699,733,840,1005,1093,920,982,1073,1133,1294,1093,1443,1459,1577,1654,1948,2060,1864,2201,2370,2597,2621,2996,2918,2996,3820,3756,3959,4102,4272,4723,4444,5257,5428,5616,6125,6074,6468,6232,7045,6982,7281,7008,8066,7192,7742,8052,7824,7646,7981,7980,7904,7599,7521,7304,6609,6960,6560,6466,6071,5871,6002,4522,4813,4622,4213,4195,3869,3708,3224,3604,3210,2743,2810,2528,2555,1959,2088,1858,1788,1556,1480,1361,1251,1290,1200,1018,858,1357,750,750,705,654,604,626,555,468,504,513,432,357,343,297,319,255,302,259,159,209,234,197,184,183,127,131,195,146,111,117,129,109,76,100,91,80,83,62,86,65,88,64,62,48,80,39,56,45,43,48,44,46,55,58,29,40,32,27,38,35,20,21,43,15,16,30,23,19,17,15,10,16,23,14,16,23,20,18,13,15,15,16,13,10,17,6,12,6,6,19,0,8,8,11,8,11,8,12,14,12,8,7,5,5,7,7,11,8,1,12,1,17,8,12,6,4,9,8,7,11,2,5,3,8,4,4,12,8,12,4,10,23,17,3,18,17,11,25,28,33,33,32,48,31,37,94,22,54,51,61,103,78,116,55,47,221,108,144,146,117,110,169,301,191,190,167,209,220,540,339,193,286,377,517,599,333,287,295,302}
Count:   1.5   1.4   1.5   1.4   1.7   1.4   1.6   6.9  15.2  14.8  14.8  14.2  14.5  14.3  14.2  14.3  13.7  13.5  12.9  13.2  11.6  11.5  10.6  11.1   9.9   9.3   5.7   1.5   1.5   1.6   1.6   1.8   1.6   1.6   1.6   1.6   1.5   1.5   1.6   1.5   1.4   1.5   1.8   1.3   1.6   6.8  14.7  14.7  14.4  14.4  14.0  14.1  13.6  13.9  14.1  13.1  13.2  12.7  12.9  11.9  11.7  10.9  10.0   9.9   6.0   1.7   1.7   1.5   1.4   1.6   1.6   1.5   1.6   1.5   1.5   1.3   1.6   1.6   1.4   1.3   1.5   1.7   1.5   6.9  14.9  14.6  14.3  14.9  14.5  14.3  14.0  14.3  13.2  14.1  12.5  12.5  11.8  11.4  10.9  11.3  10.1   9.2   5.7   1.4   1.4   1.5   1.8   1.7   1.5   1.3   1.4   1.3   1.7   1.8   1.5   1.5   1.5   1.7   1.6   1.6   1.7   5.8  15.5  14.4  15.0  14.8  14.3  13.9  14.4  13.4  13.6  13.3  12.4  12.6  12.1  11.7  10.7  10.8  10.7  10.2   5.8   1.5   1.5   1.5   1.3   1.6   1.6   1.3   1.8   1.8   1.7   1.9   1.7   1.5   1.6   1.5   1.7   1.4   1.6   6.4  14.4  14.7  14.5  14.8  14.3  14.1  13.9  13.5  13.8  13.4  13.1  12.5  12.0  11.7  11.3   9.9  10.3   9.0   6.2   1.5   1.4   1.5   1.6   1.6   1.5   1.6   1.4   1.5   1.6   1.4   1.4   1.5   1.6   1.5   1.4   1.5   1.6   6.1  14.6  14.2 
B: 15.5 16.2 15.3 15.4 15.7 15.5 15.9 28.5 32.8 34.1 32.8 32.0 32.5 32.4 32.4 33.2 32.1 31.9 31.7 32.6 31.4 30.6 29.4 28.6 27.4 25.9 24.4 15.7 15.4 15.5 15.5 15.3 15.5 15.3 15.8 15.5 15.0 15.6 15.9 15.2 15.1 15.1 15.9 15.8 15.1 30.7 32.2 32.2 32.2 31.6 32.2 31.9 31.9 32.0 32.2 30.7 31.5 30.3 31.8 31.4 29.8 29.2 27.8 27.5 24.1 14.2 15.1 15.7 15.5 15.2 15.2 15.3 15.3 16.2 14.9 15.5 15.0 15.3 15.5 15.4 15.1 15.8 15.6 28.6 32.8 32.7 32.1 33.1 31.9 32.7 32.1 32.2 31.3 31.8 30.5 31.1 30.2 29.1 29.9 29.3 27.3 26.4 24.3 15.6 15.6 14.8 15.7 16.0 15.7 15.3 15.8 15.7 15.5 15.3 14.6 15.7 15.4 15.0 14.5 14.7 15.6 28.4 34.0 32.5 33.3 32.5 32.7 32.5 32.4 31.1 32.5 32.1 31.1 29.2 30.3 31.5 29.4 29.4 29.0 28.0 24.8 15.9 15.2 14.9 16.0 15.6 15.3 15.6 14.7 15.7 14.9 14.8 15.4 16.0 15.5 15.5 16.2 16.5 15.3 29.2 33.0 32.9 32.2 32.6 32.8 32.1 31.1 32.5 32.1 31.4 30.8 31.1 29.5 30.3 28.7 28.6 27.8 25.5 25.4 15.8 14.9 15.8 15.8 15.3 15.4 14.8 15.4 16.0 15.1 15.1 14.6 15.7 14.9 15.5 15.2 15.5 15.2 30.8 32.4 31.7 
Direction:  n n n n n n n {47 133} {45 135} {46 134} {43 137} {45 135} {44 136} {44 136} {44 136} {47 133} {43 137} {46 134} {43 137} {45 135} {43 137} {44 136} {43 137} {45 135} {42 138} {44 136} {42 138} n n n n n n n n n n n n n n n n n n {44 136} {45 135} {45 135} {46 134} {43 137} {44 136} {45 135} {42 138} {44 136} {44 136} {43 137} {44 136} {44 136} {45 135} {44 136} {42 138} {45 135} {46 134} {41 139} {45 135} n n n n n n n n n n n n n n n n n n {44 136} {45 135} {44 136} {46 134} {45 135} {42 138} {45 135} {43 137} {45 135} {46 134} {44 136} {45 135} {43 137} {44 136} {44 136} {46 134} {43 137} {45 135} {43 137} {43 137} n n n n n n n n n n n n n n n n n n {44 136} {44 136} {42 138} {42 138} {43 137} {42 138} {43 137} {45 135} {43 137} {47 133} {46 134} {45 135} {42 138} {44 136} {42 138} {45 135} {40 140} {40 140} {46 134} {43 137} n n n n n n n n n n n n n n n n n n {40 140} {44 136} {43 137} {44 136} {46 134} {45 135} {44 136} {43 137} {44 136} {46 134} {44 136} {45 135} {40 140} {44 136} {44 136} {43 137} {46 134} {46 134} {44 136} {43 137} n n n n n n n n n n n n n n n n n n {45 135} {44 136} {44 136}

55.9: Count:   9.2 (  5.6) A:  14.0 [10-42] B:  25.8 [10-93] Phase: 98% 138 (18.9) Direction:  {43 137}  48% 9 (11.4) Direction:  {2 178}
Phase: {7752,1415,1507,1960,2484,4023,3525,2709,2253,2402,3827,4080,1932,2167,2409,3234,2128,3461,2605,1675,2365,2174,2572,1975,2887,1496,1280,2311,1792,1737,1425,1622,1593,862,1507,1383,994,1392,1193,1227,800,1039,1070,912,758,1309,810,912,978,924,852,975,1004,971,826,997,1015,814,995,996,960,974,945,1160,701,948,1050,960,1005,965,958,706,1082,989,835,1018,1000,914,791,1041,1069,1051,968,979,1116,1109,1196,1060,1046,945,2004,1074,1192,1240,1451,1368,1424,1413,1458,1592,1718,1704,1736,1917,1896,2072,1930,2350,2445,2185,2428,2718,2753,2835,3103,2977,2746,3747,3653,3670,4010,4359,4743,4368,5098,5319,5579,5648,6120,6597,6383,6585,6615,6996,6639,7738,6597,7201,6861,6958,6528,6827,7025,6795,6640,6731,6498,5902,6524,6029,5770,5548,5748,5671,4371,4652,4636,4357,4046,3771,3565,2988,3368,3002,2567,2667,2285,2176,1951,1966,1758,1746,1650,1476,1547,1433,1310,1279,1123,962,1424,912,882,927,937,878,768,750,695,638,657,652,547,576,539,530,463,484,480,389,390,451,377,337,372,281,258,359,290,300,266,271,253,192,230,218,166,207,180,156,126,170,179,125,109,163,111,124,107,119,90,120,90,111,71,105,97,40,86,70,60,58,69,90,41,42,81,53,69,48,56,24,44,34,36,41,29,26,36,67,59,32,42,33,35,45,51,17,29,26,88,37,34,25,37,28,29,44,21,25,37,65,25,19,28,46,24,40,41,30,25,41,56,56,53,44,10,28,34,34,34,26,41,18,43,46,32,63,31,77,35,56,67,56,47,119,46,84,69,121,70,138,97,178,116,167,192,109,261,208,215,370,353,474,253,303,811,452,770,606,634,484,866,1352,777,1243,911,999,998,2010,1913,1307,1296,1802,2579,2814,1726,1651,1385,1316}
Count:   3.5   3.5   3.4   3.7   3.7   3.3   3.5   8.9  16.6  16.8  17.0  16.3  16.6  16.4  16.1  15.8  15.9  15.0  15.1  15.4  13.8  13.3  13.6  13.0  12.4  11.4   8.2   3.6   4.0   4.0   3.8   3.9   3.9   3.9   3.8   3.9   3.5   3.5   3.5   3.4   3.7   3.4   3.7   3.9   3.8   8.7  16.4  16.2  17.0  16.2  16.4  15.7  15.6  16.4  16.1  15.2  15.6  14.8  15.3  14.1  13.6  13.0  12.4  11.5   8.1   4.0   4.3   3.7   3.9   3.5   3.5   3.6   3.8   3.8   3.5   3.6   3.7   3.5   3.5   3.5   3.5   3.9   3.9   8.5  16.9  16.5  16.2  16.8  16.8  17.0  16.2  16.2  15.8  16.0  14.5  14.7  13.8  13.7  12.7  13.3  11.9  11.3   8.0   3.7   4.0   3.6   4.2   4.2   3.4   3.5   3.7   3.5   3.5   3.8   3.9   3.7   3.6   3.6   3.6   3.5   3.6   7.9  17.3  16.4  16.5  16.7  16.2  16.0  16.4  16.0  15.7  15.3  14.7  14.3  14.2  13.8  13.1  13.1  13.1  11.7   8.0   3.7   3.7   3.7   3.7   3.5   3.5   3.4   4.4   4.0   4.0   4.3   3.9   4.0   3.6   3.3   3.4   3.4   4.0   8.6  16.3  16.5  16.4  16.5  16.5  16.1  15.9  16.2  16.2  15.6  15.2  14.6  14.4  14.1  13.2  12.2  11.9  11.3   8.3   3.7   3.6   3.6   3.9   3.6   3.8   3.8   3.8   3.8   3.9   3.8   4.1   3.6   4.0   3.7   3.8   3.6   3.7   8.0  16.4  15.6 
B: 13.3 13.7 13.4 13.8 13.9 13.8 13.5 25.8 31.6 31.5 31.3 30.3 30.8 31.0 30.8 30.3 30.3 29.4 28.8 29.9 28.9 28.1 27.0 27.3 24.8 24.1 21.9 13.6 13.3 13.4 13.8 13.8 13.6 13.6 13.8 13.3 13.8 13.9 13.6 13.8 13.2 13.3 14.0 13.6 13.5 26.6 30.3 30.0 30.4 30.1 29.9 30.4 29.0 30.0 29.8 28.6 28.8 28.5 28.6 28.9 27.7 26.5 25.8 24.4 21.4 13.3 13.6 13.7 13.3 14.0 13.8 13.3 13.3 13.0 13.5 13.6 13.7 13.5 13.5 13.7 13.5 13.7 13.6 24.4 30.8 31.2 30.0 30.7 29.6 29.9 29.6 29.9 29.2 28.9 28.8 29.3 27.7 27.2 27.0 27.0 25.9 23.7 20.9 13.5 13.5 13.7 13.9 13.9 13.6 13.5 13.6 13.5 13.8 13.6 13.4 13.3 13.4 13.6 13.5 13.6 13.5 23.7 31.8 29.7 31.3 30.5 30.6 30.1 30.5 29.5 29.6 29.7 28.7 27.8 27.9 27.7 27.5 27.3 26.3 24.5 22.2 13.4 13.6 13.4 13.5 13.9 13.6 13.7 13.4 13.8 13.4 13.5 13.5 13.6 13.6 13.6 14.3 13.7 13.5 25.2 30.0 31.6 30.8 30.3 30.3 30.5 29.2 30.1 29.5 29.3 28.3 28.2 27.3 28.1 26.2 26.8 25.8 23.3 22.0 13.7 13.4 13.7 13.7 13.7 13.7 13.1 14.0 13.6 13.6 13.4 13.4 13.4 13.4 13.9 13.3 14.0 13.6 25.4 30.5 29.8 
Direction:  {0 180} n n {3 177} n n n {41 139} {42 138} {45 135} {46 134} {46 134} {43 137} {43 137} {42 138} {44 136} {41 139} {42 138} {43 137} {42 138} {45 135} {41 139} {43 137} {41 139} {41 139} {39 141} {40 140} n n {1 179} n n {2 178} n n n n n n n n n n n n {41 139} {43 137} {45 135} {43 137} {42 138} {46 134} {43 137} {42 138} {42 138} {45 135} {40 140} {43 137} {46 134} {44 136} {42 138} {46 134} {45 135} {44 136} {44 136} {45 135} n {3 177} n n n n n n n n n n n n n n n n {42 138} {42 138} {43 137} {46 134} {42 138} {40 140} {46 134} {46 134} {42 138} {43 137} {42 138} {42 138} {43 137} {42 138} {43 137} {42 138} {44 136} {43 137} {42 138} {39 141} n n n n {4 176} n n n n n n {0 180} n n n n n n {41 139} {42 138} {42 138} {44 136} {42 138} {44 136} {46 134} {42 138} {41 139} {41 139} {42 138} {45 135} {41 139} {42 138} {45 135} {41 139} {42 138} {42 138} {40 140} {41 139} n n n n n n n {2 178} n {1 179} {2 178} n n n n n n n {45 135} {40 140} {42 138} {44 136} {42 138} {42 138} {42 138} {44 136} {45 135} {40 140} {46 134} {46 134} {42 138} {44 136} {42 138} {42 138} {42 138} {43 137} {39 141} {43 137} n n n n n n n n {2 178} n n {0 180} n {3 177} n {4 176} n n {40 140} {47 133} {41 139}

56.0: Count:   8.3 (  5.8) A:  14.3 [10-40] B:  27.2 [10-94] Phase: 97% 136 (22.3) Direction:  {42 138}  30% 16 (12.5) Direction:  {4 176}
Phase: {3878,695,762,901,1239,2137,1922,1367,1074,1119,2099,2443,1168,1196,1403,2032,1440,2193,1641,1112,1583,1598,1715,1291,2171,1075,886,1905,1354,1409,1027,1168,1276,739,1233,1084,930,1240,908,1020,772,926,919,732,748,1218,754,783,885,935,725,906,888,915,782,931,956,711,930,844,911,985,873,1116,611,859,1014,854,902,928,957,771,1005,1040,819,1031,993,944,758,1095,1152,1089,1005,1047,1170,1268,1240,1148,1056,952,2211,1107,1316,1401,1590,1672,1642,1609,1801,2006,2029,2098,1838,2439,2387,2602,2435,2921,2976,2650,3057,3211,3377,3526,3736,3735,3371,4474,4285,4535,4563,4776,5114,4774,5213,5407,5568,5623,5903,5926,5759,6141,6170,6209,5805,7128,6033,6345,6337,6446,6084,6393,6122,5642,5945,5926,5755,5271,5723,5310,5236,5127,5189,5068,4084,4391,4259,4074,4055,3666,3602,3024,3698,3341,2871,2956,2739,2637,2236,2312,2225,2124,1930,1880,1874,1711,1527,1520,1448,1193,1814,1135,1142,1082,1113,994,904,862,840,715,762,749,643,670,629,586,455,504,507,391,449,385,439,344,339,330,229,317,288,258,243,211,191,161,255,203,199,194,140,144,101,133,132,115,99,125,85,70,90,133,64,65,70,61,56,72,67,35,67,55,41,59,36,67,29,28,35,28,41,51,34,30,37,53,29,40,32,25,25,49,35,26,16,26,36,46,13,22,14,23,92,18,9,27,24,22,23,20,17,18,28,34,15,20,19,29,25,53,31,8,30,19,10,16,24,15,6,30,25,34,17,19,23,9,25,47,20,35,23,56,22,30,51,26,45,77,41,46,85,57,46,117,62,126,70,123,163,56,121,211,160,282,204,273,176,141,443,268,386,327,342,290,426,706,428,653,460,457,491,946,886,491,624,773,1141,1352,765,741,588,665}
Count:   2.7   2.8   2.4   2.7   2.7   2.2   2.6   7.9  15.8  16.2  16.3  15.8  15.9  15.6  15.6  15.0  14.7  14.6  14.4  14.0  13.4  13.1  12.9  12.6  11.7  10.9   7.0   2.7   2.9   2.8   2.9   2.9   2.7   2.9   2.8   2.7   2.7   2.7   2.5   2.5   2.8   2.8   2.9   2.8   2.9   8.2  15.5  15.7  15.8  15.9  15.8  15.1  14.8  15.4  15.1  14.5  14.6  14.2  14.6  13.6  13.1  12.6  11.6  10.8   7.4   2.8   3.1   2.6   2.7   2.6   3.0   2.7   2.7   2.6   2.8   2.7   2.6   2.8   2.6   2.6   2.6   2.5   2.6   7.6  15.9  15.6  15.4  15.8  16.2  15.5  15.7  15.6  15.4  14.8  14.1  14.0  13.0  13.3  12.1  12.8  11.6  10.7   7.1   2.5   3.1   3.0   2.9   3.2   2.6   2.7   3.1   2.9   3.0   3.0   2.6   2.7   2.8   2.7   2.7   2.5   2.5   6.9  15.9  16.0  16.0  15.6  15.4  14.9  15.8  15.8  15.1  14.8  14.3  13.8  13.3  12.8  13.1  12.3  12.3  11.2   6.7   2.5   2.7   2.8   2.7   2.9   2.8   2.6   3.2   3.3   3.0   2.4   2.4   2.7   2.6   2.8   2.6   2.4   2.8   7.4  15.5  15.9  15.9  15.6  15.9  15.5  15.2  15.4  15.0  14.9  15.0  14.0  14.2  13.2  12.6  11.9  11.4  10.8   7.4   2.6   2.8   2.8   2.8   3.1   2.9   3.0   2.5   2.7   2.9   2.8   2.8   2.7   2.9   3.0   2.8   2.9   2.9   7.2  15.6  14.7 
B: 13.2 13.6 13.8 13.6 14.0 14.3 13.9 27.4 32.6 31.7 31.5 31.5 32.7 32.1 31.7 31.0 30.8 31.4 30.4 30.7 29.4 29.1 27.9 27.8 25.8 24.9 22.6 13.8 13.7 13.5 13.8 13.9 14.0 13.9 13.8 13.9 14.0 14.1 13.8 14.0 13.5 14.0 13.8 13.9 13.9 28.4 31.5 30.8 31.5 31.6 31.0 31.0 29.8 30.2 30.6 29.5 29.6 29.8 29.6 28.9 28.5 26.7 26.5 25.2 22.6 13.7 13.7 13.7 13.5 14.2 13.5 14.1 14.0 13.6 14.0 13.9 14.5 13.7 14.0 14.2 14.0 14.1 13.5 26.3 32.4 32.2 30.7 31.4 31.3 31.4 30.4 30.8 30.2 30.9 29.0 29.6 29.2 27.3 28.4 27.5 26.4 24.5 23.1 14.3 14.0 14.1 14.1 13.5 14.1 13.7 14.0 13.8 14.0 13.8 14.2 13.8 13.9 13.6 13.9 14.1 14.2 25.3 32.7 30.4 31.8 31.7 31.3 30.6 31.0 30.2 30.6 29.3 29.5 29.0 28.9 28.1 27.6 27.7 27.7 25.7 22.4 13.9 14.1 13.8 13.7 13.6 13.6 13.9 13.8 13.8 13.7 14.0 14.3 14.0 13.8 14.1 13.8 14.1 13.7 27.1 31.2 32.6 31.7 31.1 31.0 31.3 30.6 30.5 29.7 29.9 29.5 29.3 28.7 28.8 27.4 27.4 25.6 24.2 22.8 14.0 13.6 14.2 13.9 13.7 13.9 13.5 14.0 13.6 13.6 13.6 13.7 14.0 13.5 13.7 13.8 13.8 13.6 26.6 31.5 29.8 
Direction:  n n n n n n n {43 137} {44 136} {42 138} {42 138} {41 139} {43 137} {42 138} {43 137} {42 138} {42 138} {45 135} {42 138} {42 138} {42 138} {42 138} {44 136} {47 133} {40 140} {40 140} {46 134} n n n n n n n n n n n n n n n n n n {43 137} {44 136} {45 135} {41 139} {43 137} {42 138} {42 138} {42 138} {43 137} {46 134} {43 137} {43 137} {42 138} {42 138} {42 138} {45 135} {44 136} {42 138} {39 141} {41 139} n n n n n n n n n n n n n n n n n n {40 140} {42 138} {42 138} {42 138} {43 137} {41 139} {43 137} {43 137} {43 137} {43 137} {42 138} {46 134} {44 136} {42 138} {42 138} {43 137} {44 136} {44 136} {39 141} {48 132} n n n n n n n n n n n n n n n n n n {44 136} {43 137} {44 136} {43 137} {41 139} {40 140} {42 138} {44 136} {42 138} {42 138} {46 134} {42 138} {42 138} {39 141} {40 140} {40 140} {42 138} {47 133} {38 142} {39 141} n n n n n n n n n n n n n n n n n n {44 136} {44 136} {41 139} {43 137} {43 137} {46 134} {43 137} {44 136} {41 139} {44 136} {42 138} {44 136} {46 134} {42 138} {43 137} {42 138} {41 139} {43 137} {42 138} {41 139} n n n n n n n n n n n n n n n n n n {42 138} {43 137} {41 139}

