54.0: Count:   6.8 (  3.6) A:  17.2 [13-54] B:  32.0 [13-127] Phase: 94% 142 (23.0) Direction:  {47 133}  13% 197 (13.1) Direction:  {303 237}
Phase: {281,82,92,89,161,75,90,67,92,86,56,87,76,81,75,76,74,67,71,68,81,52,69,88,71,85,57,99,84,89,89,106,109,70,111,101,106,117,102,107,146,117,142,156,116,174,139,160,150,154,182,187,189,203,228,203,221,217,241,234,251,232,266,308,236,287,240,360,291,346,341,282,395,377,397,421,379,419,439,478,515,544,523,515,582,573,677,646,674,621,984,704,817,795,994,873,1038,1016,1120,1151,1176,1240,1246,1470,1350,1562,1564,1668,1823,1583,1829,1911,1968,2173,2129,2236,2080,2539,2592,2583,2812,2822,3072,3018,3147,3301,3501,3476,3737,3977,3814,4081,4168,4477,4251,4829,4523,4958,4791,4990,5036,5234,5094,4884,5319,4920,4801,4722,5020,4725,4748,4485,4605,4575,3824,3996,3828,3728,3546,3486,3302,3026,3382,3130,2978,2929,2657,2788,2483,2403,2398,2274,2280,2098,2075,1837,2145,1858,1792,1585,2000,1440,1527,1402,1570,1289,1309,1224,1250,1203,1099,1063,1018,1080,956,937,891,858,899,783,751,769,661,656,612,626,485,619,563,555,544,515,512,452,408,453,453,379,377,404,373,345,365,317,291,355,267,285,306,249,264,276,250,282,275,223,260,238,237,218,221,204,194,218,160,165,157,176,147,143,173,129,159,126,132,142,149,151,125,116,102,102,119,112,124,82,132,127,108,76,186,93,99,111,176,85,114,119,170,181,137,173,181,239,200,217,241,300,335,257,369,348,392,462,395,606,402,688,569,722,699,720,906,735,835,875,944,1032,937,1333,1022,1100,1207,1089,995,1602,993,1136,1292,1210,1137,1447,1118,1217,1207,1089,1086,914,1223,967,999,1027,897,1117,582,949,641,805,649,663,558,448,636,514,448,388,345,415,353,295,237,313,289,187,168,131,280,128,111,94}
Count:   3.2   3.2   3.7   9.7  12.7  12.1  11.6  10.7  10.2   8.9   8.4   6.8   6.5   3.2   3.7   3.7   3.7   3.5   3.6   3.4   3.7   3.5   9.9  12.7  12.0  11.0  10.8   9.3   8.5   7.1   6.9   6.1   3.5   3.7   3.6   3.4   3.7   3.7   3.6   3.6   3.6   3.8   3.9   3.8   3.8   3.6  12.4  12.9  13.0  12.0  11.9  11.0  10.9   9.7   8.5   6.5   3.6   4.0   3.6   3.6   3.6   3.7   3.7   3.6   3.6  12.5  13.6  12.2  12.0  10.9  10.5   9.0   8.4   7.4   5.5   3.6   3.6   3.6   3.4   3.7   3.5   3.6   3.6   3.7  11.8  12.8  12.3  11.1  10.3  10.0   8.6   7.7   6.7   5.7   3.6   3.7   3.8   3.9   3.6   3.9   3.6   3.7   3.7   3.9   3.7   3.8   3.8   4.1  13.7  13.1  11.8  12.0  11.0  11.5   9.4   9.4   7.6   5.2   3.4   3.6   3.6   3.8  11.1  13.2  11.3  10.4   8.5   3.5   3.6   3.7   3.6   3.7   3.8   3.7   3.7   3.6   9.2  12.6  11.6  10.9  10.0  10.6   9.5   8.5   7.7   6.6   3.3   3.6   3.6   3.4   3.7   3.7   3.8   3.6   3.7   3.6   3.7   3.6   3.6   3.6  12.1  13.5  12.7  12.3  12.2  11.4  11.1   9.4   9.4   6.9   3.7   3.7   3.8   3.6   4.0   3.7   3.9   3.6   3.6  11.5  13.4  12.3  12.0  11.0  10.8   9.6   8.7   7.5   5.9   3.5   3.6   3.6   3.7   3.6   3.7   3.5   3.7   3.8   3.6   3.8 
B: 21.9 22.3 24.0 37.0 38.4 38.0 37.7 35.9 34.8 31.8 30.5 27.7 28.5 23.1 24.2 23.7 23.4 23.5 24.2 23.5 24.0 23.7 37.1 37.9 37.4 36.5 35.8 32.5 30.8 28.3 28.3 27.4 23.4 23.1 23.6 23.9 23.7 23.9 24.1 23.8 24.5 23.8 23.8 24.1 23.9 23.7 38.7 37.9 39.0 37.9 37.5 36.7 36.0 33.8 30.6 27.7 23.2 24.0 23.5 24.1 23.9 23.7 23.8 24.1 24.1 39.7 38.8 38.2 38.1 35.7 35.2 32.7 30.2 28.5 27.1 24.0 24.7 24.1 23.7 23.8 24.0 24.1 23.6 24.3 38.1 38.1 37.7 36.9 35.7 33.9 31.2 29.3 27.6 26.9 23.7 24.1 24.1 23.7 24.3 23.8 23.8 23.8 24.0 23.7 22.9 24.1 23.5 25.3 38.9 38.2 37.4 37.9 36.4 35.5 33.7 32.9 30.2 27.0 23.3 23.9 23.7 23.7 38.3 38.2 36.7 34.7 30.9 23.9 24.0 23.4 24.0 23.7 23.3 23.4 23.6 24.2 37.0 38.0 36.3 36.4 35.0 34.9 33.0 31.0 29.4 28.1 23.8 24.0 23.9 23.8 24.0 23.7 24.3 23.3 23.5 23.6 23.8 23.4 24.0 23.5 37.5 38.2 38.4 37.7 37.8 36.8 35.8 33.8 31.9 28.9 23.7 23.2 23.9 23.9 23.7 23.5 23.9 24.1 23.6 37.4 37.8 38.1 37.2 36.1 35.9 33.6 31.5 28.9 27.6 23.8 23.7 23.6 23.8 23.5 24.0 23.8 23.7 23.6 23.8 23.5 
Direction:  n n n {48 132} {46 134} {46 134} {47 133} {46 134} {49 131} {44 136} {46 134} {49 131} {51 129} n n n n n n n n n {47 133} {47 133} {48 132} {49 131} {46 134} {48 132} {49 131} {50 130} n n n n n n n n n n n n n n n n {48 132} {46 134} {46 134} {46 134} {47 133} {48 132} {49 131} {48 132} {49 131} n n n n n n n n n n {47 133} {46 134} {50 130} {47 133} {46 134} {45 135} {45 135} {47 133} {51 129} n n n n n n n n n n {47 133} {47 133} {45 135} {48 132} {44 136} {47 133} {49 131} {50 130} n n n n n n n n n n n n n n n n {47 133} {46 134} {48 132} {48 132} {51 129} {48 132} {49 131} {43 137} {45 135} n n n n n {47 133} {45 135} {47 133} {50 130} {49 131} n n n n n n n n n {46 134} {46 134} {48 132} {44 136} {48 132} {47 133} {48 132} {45 135} {45 135} {47 133} n n n n n n n n n n n n n n {47 133} {46 134} {44 136} {46 134} {46 134} {47 133} {46 134} {47 133} {45 135} {45 135} n n n n n n n n n {46 134} {48 132} {47 133} {44 136} {46 134} {46 134} {46 134} {46 134} {46 134} n n n n n n n n n n n n

54.1: Count:   7.0 (  3.7) A:  17.4 [13-55] B:  31.1 [13-125] Phase: 100% 142 (32.7) Direction:  {47 133}
Phase: {312,90,117,130,198,88,119,107,93,116,89,95,91,123,81,101,95,104,131,71,97,96,95,116,116,112,111,138,122,143,122,111,146,130,131,159,156,169,149,222,162,177,212,222,182,280,195,242,268,261,228,283,257,271,316,324,327,326,390,359,363,388,402,523,382,523,415,514,470,533,570,497,640,646,585,631,607,711,729,687,724,727,767,821,868,898,972,877,1000,950,1364,958,1179,1115,1343,1152,1300,1341,1434,1480,1531,1638,1615,1881,1784,1924,1942,2055,2312,1960,2268,2310,2438,2556,2575,2781,2427,3149,3123,3179,3224,3326,3634,3385,3719,3666,3797,3788,3798,4004,3962,4043,3983,4097,3774,4307,3835,4106,4082,4160,3953,4055,3935,4070,4231,3950,3908,3941,4233,4128,4126,4119,4218,4290,3708,4110,3776,4048,3774,3839,3519,3372,3814,3371,3306,3185,2975,3090,2783,2812,2586,2639,2500,2366,2315,2081,2290,2148,2021,1766,2351,1547,1712,1640,1784,1473,1452,1428,1350,1317,1181,1261,1145,1193,1023,1122,1001,1093,1054,811,917,898,797,827,798,786,679,825,757,669,649,677,711,563,582,564,545,527,531,565,481,516,474,436,428,459,405,422,442,361,336,379,354,313,342,323,300,278,281,253,230,248,251,276,187,241,188,215,198,161,201,150,199,161,177,129,151,146,124,142,125,135,126,102,111,101,159,110,125,79,205,90,80,109,177,95,122,95,168,145,140,138,148,193,200,151,202,228,272,184,227,259,280,323,288,393,242,534,360,493,480,471,577,468,532,534,644,676,600,939,672,740,824,760,681,1231,690,879,927,990,823,1158,816,929,966,893,856,794,1092,901,863,967,788,1030,561,843,679,807,626,591,592,422,640,555,463,366,373,530,359,303,253,299,328,176,214,174,339,159,143,89}
Count:   3.5   3.6   3.8  10.3  13.0  12.3  11.5  11.0  10.6   9.3   8.4   6.9   6.5   3.6   4.1   3.8   3.7   3.6   4.0   3.7   3.8   3.5  10.0  13.0  12.2  11.2  11.0   9.7   8.7   7.4   7.0   6.4   3.7   3.6   3.8   3.6   3.9   3.5   3.7   3.5   3.9   3.7   4.1   3.9   4.0   3.9  12.6  12.9  13.0  12.3  12.3  11.4  11.2   9.6   9.1   6.7   4.0   4.1   3.8   3.8   3.9   4.0   3.9   3.7   3.8  12.9  14.0  12.5  12.3  10.9  10.9   9.3   8.3   7.6   5.7   3.8   3.8   4.0   3.6   3.8   3.8   3.9   3.9   4.3  12.5  13.0  12.7  11.3  10.9  10.3   8.9   7.8   6.8   5.9   3.7   4.0   3.8   4.1   3.6   3.9   3.8   4.0   3.8   3.9   3.9   3.8   3.8   4.5  14.1  13.2  12.0  12.2  11.3  11.5   9.7   9.7   8.1   5.5   3.8   3.9   3.7   3.8  11.3  13.6  11.6  10.5   8.8   3.8   3.9   4.0   3.9   3.8   4.0   3.9   3.7   3.8   9.3  12.7  11.8  11.5  10.4  10.7   9.8   8.9   7.9   6.8   3.4   3.6   3.8   3.5   3.9   4.2   4.0   3.6   3.8   3.9   4.2   3.8   3.9   3.9  12.0  13.9  13.1  13.0  12.5  11.9  11.4   9.8   9.7   7.1   3.9   3.6   4.0   3.9   4.1   3.8   3.7   3.7   4.2  11.7  13.5  13.0  12.3  11.3  10.5  10.1   9.2   7.4   6.0   3.4   3.8   3.6   3.9   3.8   4.0   3.8   3.7   3.9   3.9   3.8 
B: 22.0 22.3 23.5 36.8 37.1 37.2 36.7 35.2 32.6 30.9 29.6 26.8 26.8 22.6 23.4 23.3 23.7 23.7 23.3 23.3 23.6 23.3 36.4 36.9 36.3 35.7 34.7 31.4 29.2 27.7 27.1 26.2 22.9 23.2 23.2 23.6 23.3 23.5 24.0 23.9 23.8 23.8 23.6 23.1 23.6 23.2 38.4 37.7 37.5 36.5 36.2 35.5 34.8 32.2 29.7 27.1 22.9 23.2 23.4 23.5 23.9 23.5 23.0 23.7 24.0 38.7 37.7 36.3 37.5 34.8 34.3 31.0 29.5 27.6 25.3 23.5 23.7 23.8 23.8 23.8 23.5 23.4 23.2 23.3 37.3 36.7 36.8 36.2 34.8 31.9 30.4 28.0 26.2 26.1 22.9 23.2 23.7 23.3 23.5 23.7 22.9 23.3 23.6 23.2 23.1 23.7 23.2 24.7 38.6 37.5 36.7 36.9 35.2 34.2 33.3 31.7 28.5 26.9 23.1 23.5 22.9 23.8 37.3 36.8 35.5 34.1 30.5 23.7 23.2 22.9 23.0 23.4 22.8 23.0 23.7 23.5 36.9 37.5 35.1 34.9 34.0 33.6 31.1 30.2 27.7 26.6 23.8 23.5 23.9 23.8 23.5 23.6 23.9 23.8 23.7 23.0 22.8 23.5 23.5 23.7 37.1 37.2 37.2 36.9 36.3 35.8 34.1 33.1 31.0 27.4 23.8 23.6 23.9 23.0 23.7 23.1 23.3 23.6 23.1 36.3 36.7 36.6 36.4 35.2 34.3 32.5 30.2 27.9 26.4 23.4 23.3 23.5 23.4 23.3 23.2 23.7 23.3 23.1 23.4 23.4 
Direction:  n n n {51 129} {43 137} {43 137} {50 130} {41 139} {43 137} {40 140} {45 135} n n n n n n n n n n n {52 128} {45 135} {51 129} {41 139} {53 127} {46 134} {46 134} {42 138} n n n n n n n n n n n n n n n n {51 129} {46 134} {48 132} {51 129} {51 129} {46 134} {47 133} {52 128} {42 138} n n n n n n n n n n {43 137} {43 137} {45 135} {46 134} {48 132} {48 132} {40 140} {49 131} n n n n n n n n n n n {49 131} {44 136} {50 130} {43 137} {43 137} {50 130} {53 127} n n n n n n n n n n n n n n n n n {49 131} {50 130} {48 132} {44 136} {48 132} {42 138} {51 129} {47 133} {38 142} n n n n n {48 132} {42 138} {46 134} {45 135} {46 134} n n n n n n n n n {43 137} {51 129} {48 132} {46 134} {52 128} {44 136} {49 131} {44 136} {44 136} n n n n n n n n n n n n n n n {43 137} {45 135} {48 132} {44 136} {47 133} {42 138} {47 133} {46 134} {51 129} n n n n n n n n n n {49 131} {43 137} {44 136} {52 128} {42 138} {52 128} {49 131} {39 141} {52 128} n n n n n n n n n n n n

54.2: Count:   6.1 (  3.7) A:  17.7 [13-56] B:  32.2 [13-124] Phase: 100% 141 (34.1) Direction:  {46 134}
Phase: {131,27,36,32,62,33,45,28,44,48,44,33,39,45,39,29,48,31,45,40,60,44,49,35,51,57,45,77,51,57,66,69,78,73,68,72,104,101,89,129,104,121,137,125,111,187,164,169,203,190,161,229,169,236,291,264,236,258,339,308,350,387,387,438,339,459,444,460,474,481,513,541,690,632,656,675,725,784,753,749,812,910,902,940,940,962,1166,1024,1084,1091,1589,1073,1372,1293,1571,1387,1533,1560,1707,1717,1670,1824,1814,2087,1927,2060,1973,2326,2458,2104,2421,2586,2627,2744,2767,3103,2732,3211,3114,3255,3328,3290,3455,3323,3584,3585,3610,3606,3495,3745,3532,3857,3687,3926,3582,4154,3664,4021,3728,3902,3757,4011,3934,3885,3923,3825,3879,3687,4062,3813,3696,3743,3884,3922,3395,3767,3512,3728,3705,3465,3519,3177,3491,3251,3198,3055,2844,2987,2771,2664,2535,2707,2540,2505,2417,2171,2422,2112,2031,1817,2403,1632,1804,1607,1801,1433,1472,1449,1479,1370,1248,1238,1177,1200,1056,1067,1088,1008,1090,831,901,849,849,834,743,747,623,780,695,637,612,529,576,470,525,483,488,453,378,426,336,382,348,304,254,399,222,249,289,233,226,243,210,189,193,171,182,131,165,160,130,134,140,124,88,109,106,100,81,62,96,57,93,67,67,44,52,49,41,46,46,62,53,33,47,31,74,19,39,21,71,33,27,19,46,19,28,27,33,38,30,19,33,45,39,28,42,44,41,25,40,26,35,53,38,50,25,75,27,73,39,54,51,47,48,61,61,75,46,84,50,98,79,98,63,143,52,82,90,110,74,146,88,100,122,108,90,122,139,121,89,140,68,172,64,165,129,131,104,93,87,72,168,111,118,72,96,123,100,48,82,105,101,31,70,48,118,43,41,31}
Count:   2.7   3.0   3.0   9.7  12.1  12.0  10.8  10.1   9.2   8.3   7.1   6.0   5.3   2.8   3.0   2.7   3.0   2.8   3.0   3.0   2.9   2.9   9.1  12.5  11.2  10.7  10.0   9.0   7.5   6.4   6.0   4.8   2.9   2.8   2.9   2.9   3.0   2.7   3.0   2.6   3.1   2.7   3.2   3.1   3.1   3.0  11.6  12.4  12.7  11.5  11.4  10.6  10.1   8.7   8.0   5.7   3.1   3.1   3.0   3.0   2.9   2.9   2.8   2.9   2.8  12.1  13.4  11.9  11.4   9.8   9.9   8.3   7.4   6.2   4.7   2.9   3.1   2.8   2.9   3.0   3.0   3.0   3.1   3.1  11.8  12.0  11.7  10.5  10.2   9.0   8.6   6.8   5.7   4.7   2.8   3.2   2.9   3.1   2.9   3.1   2.8   3.0   2.9   3.2   2.9   3.0   2.9   3.6  13.4  12.3  11.5  11.2  10.4  10.3   8.7   8.8   7.0   4.8   3.0   2.8   2.7   3.0  10.7  12.4  10.5   9.7   7.6   2.8   3.1   2.9   2.9   3.1   3.1   2.9   2.8   3.0   8.4  12.2  10.8  10.7   9.7  10.1   8.8   8.2   6.7   5.8   2.7   2.9   2.9   2.8   3.0   3.2   2.8   2.8   2.9   3.0   2.9   2.8   3.1   2.9  11.1  13.3  12.4  12.2  11.3  11.0  10.1   8.9   8.3   6.2   2.9   2.7   3.3   3.0   3.4   2.8   2.9   2.9   3.2  11.0  12.8  12.1  11.1  10.8   9.5   9.1   8.0   6.6   5.0   2.8   3.0   2.7   3.0   3.0   3.0   2.8   3.0   3.0   3.1   3.0 
B: 23.2 22.7 24.7 38.8 37.3 38.0 37.0 35.2 33.3 31.8 29.9 27.2 26.4 24.6 24.7 24.4 24.8 24.3 24.7 24.6 24.8 24.7 36.9 37.3 36.5 36.3 35.1 32.2 29.6 28.3 26.9 26.3 24.1 24.1 24.3 24.8 24.2 24.0 25.1 24.8 24.9 24.8 24.4 24.5 24.5 24.3 38.1 38.0 38.2 36.9 37.1 36.6 35.8 32.8 30.2 28.1 24.2 24.6 24.6 24.6 24.4 24.7 24.9 24.9 23.9 38.9 37.5 37.3 37.7 35.1 34.9 31.2 29.8 27.3 25.8 24.2 24.6 24.4 24.5 24.6 24.3 24.2 24.7 24.2 37.8 37.0 37.8 35.8 35.7 32.2 31.7 28.7 26.3 26.3 24.2 24.3 24.6 24.3 25.1 25.0 24.0 24.6 24.7 23.8 24.0 24.5 24.3 25.4 38.6 37.8 37.0 36.9 35.7 34.7 34.1 31.8 28.9 27.7 24.3 24.3 23.1 24.0 37.5 37.3 36.0 34.5 30.7 24.4 24.4 24.7 23.9 24.2 24.1 23.7 24.6 24.4 38.3 37.8 36.0 35.6 34.9 33.7 31.7 30.9 28.1 26.4 24.3 24.6 24.3 24.0 24.8 24.5 25.0 24.9 24.5 24.5 24.5 24.7 24.6 24.2 38.2 38.1 36.9 37.3 36.9 36.4 35.0 33.8 31.1 28.6 24.8 24.8 24.8 24.4 24.2 23.9 24.5 24.7 24.2 37.4 36.7 37.6 36.6 35.4 34.8 33.0 30.1 27.7 26.4 23.8 24.5 24.7 24.3 24.5 24.2 24.5 24.6 24.2 24.6 24.1 
Direction:  n n n {48 132} {49 131} {47 133} {44 136} {49 131} {47 133} {43 137} {42 138} n n n n n n n n n n n {44 136} {47 133} {47 133} {54 126} {49 131} {49 131} {40 140} {49 131} n n n n n n n n n n n n n n n n {47 133} {44 136} {49 131} {45 135} {47 133} {47 133} {54 126} {50 130} {38 142} n n n n n n n n n n {47 133} {50 130} {43 137} {44 136} {45 135} {45 135} {48 132} {46 134} n n n n n n n n n n n {47 133} {45 135} {44 136} {43 137} {41 139} {47 133} {47 133} n n n n n n n n n n n n n n n n n {44 136} {43 137} {47 133} {51 129} {44 136} {44 136} {40 140} {54 126} {43 137} n n n n n {40 140} {42 138} {46 134} {51 129} {52 128} n n n n n n n n n {44 136} {47 133} {52 128} {47 133} {49 131} {44 136} {46 134} {45 135} n n n n n n n n n n n n n n n n {42 138} {50 130} {49 131} {47 133} {44 136} {42 138} {47 133} {46 134} {47 133} n n n n n n n n n n {48 132} {46 134} {45 135} {43 137} {43 137} {47 133} {44 136} {43 137} {42 138} n n n n n n n n n n n n

54.3: Count:   4.7 (  3.7) A:  18.0 [13-52] B:  34.6 [13-132] Phase: 100% 141 (25.6) Direction:  {46 134}
Phase: {16,2,4,13,7,4,3,2,6,4,13,5,6,7,8,2,5,3,8,7,4,6,11,13,12,17,8,16,13,8,22,21,13,11,16,14,22,14,20,31,27,32,21,23,24,52,32,39,66,64,53,64,58,66,66,68,84,86,130,118,125,122,109,167,124,156,163,171,165,191,200,185,264,267,243,290,300,331,287,303,349,397,371,361,423,393,543,460,579,539,884,573,670,635,870,761,847,927,979,953,967,1182,1131,1330,1275,1387,1428,1567,1729,1609,1890,1897,2072,2199,2196,2448,2234,2836,2694,2902,3042,3068,3345,3159,3461,3465,3620,3831,3760,3888,3805,3992,3980,4131,3677,4206,3752,4195,3949,4030,3777,4234,3806,3923,4025,3957,4004,3809,3996,3899,3927,3835,3928,4018,3378,3792,3584,3591,3367,3240,3161,2994,3145,2839,2750,2672,2450,2521,2176,2148,1917,1946,1816,1625,1585,1427,1590,1323,1291,1070,1442,960,990,1001,934,751,810,743,750,684,580,572,493,562,475,464,410,423,443,320,362,305,292,312,251,269,212,237,211,234,205,203,212,142,142,140,114,113,113,117,86,92,95,97,64,114,50,57,58,48,36,39,36,39,54,32,38,25,42,33,29,30,17,24,15,16,15,19,17,19,10,13,19,16,11,10,3,14,9,10,11,6,5,2,7,8,13,11,2,5,11,3,9,4,4,2,6,0,3,2,8,5,1,6,1,3,11,2,6,4,3,5,4,4,4,4,1,8,2,3,3,7,4,2,6,5,14,3,4,7,4,12,3,7,2,10,3,6,8,12,6,12,5,8,5,7,11,7,16,13,4,8,10,12,9,7,4,7,8,2,15,6,11,5,12,10,4,9,6,8,6,10,3,1,3,2,14,6,6,1}
Count:   1.4   1.4   1.7   8.5  10.6  10.7   9.5   9.1   7.7   6.8   5.6   4.5   3.7   1.5   1.5   1.7   1.6   1.6   1.6   1.7   1.5   1.8   8.2  11.3   9.9   9.2   8.6   7.6   5.9   4.9   4.1   3.0   1.5   1.6   1.5   1.8   1.6   1.5   1.5   1.7   1.6   1.7   1.7   1.7   1.8   1.6  10.5  11.4  11.4  10.4   9.6   9.7   8.7   7.3   6.8   4.0   1.7   1.7   1.8   1.6   1.7   1.5   1.6   1.7   1.7  10.8  11.4  10.4   9.9   8.5   8.6   6.8   5.7   4.3   3.1   1.6   1.6   1.5   1.7   1.6   1.6   1.7   1.7   1.8  10.7  10.6  10.7   9.1   9.1   7.1   6.6   5.1   3.8   2.6   1.6   1.6   1.5   1.6   1.7   1.7   1.7   1.7   1.4   1.7   1.6   1.6   1.6   2.4  12.3  11.0  10.7   9.8   9.2   9.0   7.8   6.9   5.5   3.0   1.6   1.7   1.5   1.6   9.4  11.0   9.3   8.6   6.5   1.5   1.6   1.6   1.5   1.7   1.6   1.8   1.6   1.7   7.2  11.0   9.3   9.3   8.0   8.5   6.6   6.6   4.9   3.7   1.5   1.6   1.6   1.7   1.6   1.8   1.6   1.7   1.6   1.5   1.6   1.6   1.6   1.6  10.0  11.8  10.7  10.7   9.6   9.6   8.4   7.7   6.9   4.3   1.5   1.5   1.6   1.6   1.7   1.6   1.8   1.6   1.6  10.1  10.8  10.8   9.5   9.6   8.2   8.1   6.5   4.6   3.6   1.4   1.7   1.6   1.7   1.6   1.8   1.4   1.8   1.7   1.6   1.5 
B: 24.5 23.3 25.6 41.3 39.0 39.2 38.3 37.2 35.4 32.8 30.1 27.9 27.6 25.2 25.4 26.1 25.3 24.8 25.4 25.5 25.7 25.8 39.0 39.4 38.1 38.2 37.2 33.9 31.4 29.5 27.1 28.2 25.0 25.0 24.8 25.1 25.0 25.2 25.7 25.3 25.7 25.1 24.7 25.7 25.1 24.8 39.9 39.0 39.0 39.0 39.0 38.3 37.6 34.3 31.9 29.8 25.6 24.7 24.1 25.3 25.4 25.7 25.9 26.2 25.5 40.3 39.1 39.4 39.3 36.8 36.7 32.3 32.0 29.2 27.7 24.8 25.5 24.8 25.6 25.2 26.2 25.1 26.3 25.6 39.7 38.1 38.9 38.9 37.1 33.9 33.3 30.6 27.6 27.3 25.2 25.4 25.6 25.4 26.0 24.9 25.5 24.6 24.6 25.0 25.2 25.3 24.5 27.4 40.1 38.9 39.6 38.6 37.5 36.7 35.7 33.7 30.6 29.1 25.7 25.4 25.1 25.0 38.7 39.0 38.3 35.9 31.8 26.2 25.7 26.0 25.0 24.8 25.3 25.4 24.8 25.2 41.1 39.0 37.4 37.8 37.1 36.2 32.5 31.8 28.5 27.4 24.9 25.6 25.2 25.2 25.2 25.4 25.9 25.3 25.0 23.9 25.4 25.2 26.1 24.9 38.9 38.8 38.2 38.8 38.7 37.8 36.4 35.0 32.8 30.2 25.8 24.8 25.4 25.4 24.6 24.4 25.3 25.9 24.7 39.1 38.2 38.8 38.9 37.4 36.4 35.0 32.1 28.7 27.9 25.3 24.3 25.1 25.3 25.9 24.9 25.4 25.4 24.3 25.5 25.2 
Direction:  n n n {46 134} {50 130} {42 138} {50 130} {41 139} {41 139} {45 135} {45 135} n n n n n n n n n n n {43 137} {43 137} {44 136} {47 133} {49 131} {47 133} {44 136} n n n n n n n n n n n n n n n n n {48 132} {41 139} {52 128} {43 137} {46 134} {44 136} {45 135} {44 136} {42 138} n n n n n n n n n n {46 134} {46 134} {44 136} {48 132} {43 137} {46 134} {40 140} {43 137} n n n n n n n n n n n {45 135} {45 135} {51 129} {44 136} {46 134} {42 138} {48 132} n n n n n n n n n n n n n n n n n {48 132} {46 134} {49 131} {46 134} {48 132} {45 135} {42 138} {43 137} {52 128} n n n n n {47 133} {46 134} {43 137} {46 134} {44 136} n n n n n n n n n {51 129} {43 137} {43 137} {43 137} {49 131} {46 134} {42 138} {52 128} n n n n n n n n n n n n n n n n {48 132} {43 137} {44 136} {50 130} {47 133} {51 129} {44 136} {48 132} {44 136} n n n n n n n n n n {46 134} {46 134} {47 133} {50 130} {49 131} {46 134} {48 132} {45 135} n n n n n n n n n n n n n

54.4: Count:   4.0 (  3.6) A:  18.1 [13-54] B:  36.1 [13-122] Phase: 100% 141 (20.6) Direction:  {46 134}
Phase: {2,0,0,2,0,0,2,2,0,1,2,0,0,0,1,3,0,2,2,1,1,0,0,0,2,0,0,4,0,2,2,4,3,1,3,1,2,4,1,7,2,4,1,3,1,3,2,5,8,8,6,7,9,6,13,10,18,16,24,14,18,16,20,30,38,34,32,28,40,46,56,37,88,59,69,71,77,105,95,120,124,135,148,164,167,193,296,217,216,244,397,256,341,345,485,458,468,513,580,585,594,672,733,873,863,924,942,1086,1341,1120,1318,1522,1581,1803,1662,1921,1841,2385,2288,2485,2692,2641,3006,3060,3201,3283,3642,3530,3727,4014,3878,4037,4106,4212,3998,4449,4358,4477,4338,4329,4306,4443,4279,4219,4383,4249,4185,4038,4106,4096,3956,4013,4001,3818,3354,3622,3360,3384,3008,3004,2800,2561,2725,2626,2164,2073,1943,1900,1669,1632,1498,1468,1298,1194,1188,954,1016,867,817,636,901,582,529,535,539,376,427,345,322,316,288,283,243,188,165,165,177,153,149,106,119,123,100,90,93,63,61,83,58,66,32,37,39,49,37,24,35,22,16,13,19,20,16,20,4,12,14,6,7,6,3,7,6,2,3,5,8,5,9,2,4,5,5,5,1,0,1,2,2,0,5,0,2,2,2,0,1,0,0,0,0,2,3,1,0,1,0,2,0,0,0,0,3,1,1,0,0,2,1,0,0,0,0,0,0,0,0,0,0,1,0,2,0,0,0,2,0,0,0,0,0,0,0,0,0,0,0,0,0,2,0,0,0,0,0,0,0,1,1,0,0,0,1,1,0,0,0,0,0,0,0,0,3,0,1,0,0,2,1,0,0,0,0,0,0,0,0,0,2,0,0,1,2,0,0,0,2,0,0,0}
Count:   0.8   0.9   1.2   7.8  10.1   9.6   8.7   8.3   7.2   6.0   4.7   3.8   2.1   0.8   1.0   1.0   1.0   0.9   1.0   1.0   1.0   1.0   7.6  10.6   9.1   8.7   7.4   6.8   5.2   3.8   3.2   2.4   0.8   1.1   1.1   0.9   0.9   1.0   1.1   1.0   1.0   1.0   1.1   1.0   1.1   1.1   9.6  10.7   9.7   9.8   8.8   9.0   7.9   6.9   5.5   3.2   0.9   1.0   1.1   0.9   1.0   1.0   1.2   1.1   1.0  10.3  11.0   9.7   9.2   8.2   8.0   5.9   5.6   3.7   2.2   0.9   1.1   0.9   1.0   1.0   0.9   0.9   1.1   0.9  10.1   9.9   9.9   8.5   8.4   6.5   5.9   4.0   2.8   1.9   0.9   0.9   0.9   0.9   1.1   0.9   1.1   1.1   0.9   0.9   1.1   1.1   0.9   1.9  11.8  10.0   9.7   9.2   8.8   7.9   7.1   6.1   4.6   2.3   1.0   1.1   1.0   1.0   8.8  10.3   8.6   7.5   5.4   0.8   1.0   0.9   0.9   0.9   1.0   1.0   1.1   1.0   6.4   9.7   8.2   8.3   7.7   7.7   5.9   5.6   3.8   2.7   0.7   1.1   1.0   1.0   1.0   1.1   1.0   0.9   1.0   1.0   1.0   0.8   1.1   1.0   9.3  10.9   9.7   9.9   9.0   9.1   7.6   7.4   6.3   3.5   0.9   1.0   0.9   1.0   1.1   1.1   1.0   1.1   1.0   9.9  10.3   9.9   8.6   9.0   7.6   7.1   5.5   3.8   2.5   0.9   1.1   1.0   1.0   1.0   1.0   1.0   1.0   1.1   1.0   1.0 
B: 26.7 24.9 26.3 42.8 39.8 39.9 38.6 39.1 35.9 33.8 30.5 28.6 28.6 25.9 25.9 26.0 26.1 26.8 26.1 26.2 26.8 25.2 40.1 40.4 38.6 38.3 37.4 34.5 31.3 28.9 28.0 28.4 27.0 26.6 27.0 25.8 26.3 26.3 25.7 27.6 27.1 28.0 25.4 26.7 26.1 25.9 40.5 39.9 39.5 40.1 39.5 39.1 37.7 34.0 32.2 29.9 26.7 25.9 25.7 26.1 27.1 25.3 26.4 26.7 25.7 40.0 40.1 40.3 40.2 38.2 37.0 34.1 31.9 28.4 27.6 27.5 24.9 26.4 26.4 25.8 26.7 27.0 27.2 27.3 41.4 37.6 40.0 39.0 38.1 35.3 33.1 30.6 29.1 27.1 26.7 26.7 26.9 26.8 26.7 26.1 25.9 25.6 26.0 26.6 26.5 26.6 26.5 30.5 40.6 38.6 39.9 38.9 38.3 37.3 36.5 33.2 31.5 28.9 26.3 26.0 25.6 26.0 40.7 39.1 39.1 37.3 33.3 27.9 26.4 25.3 26.5 26.9 27.0 26.2 26.3 26.0 42.6 39.4 38.4 37.7 37.5 36.5 34.2 32.7 29.0 27.5 26.6 26.3 27.0 26.5 25.8 25.3 26.1 26.0 27.1 26.3 27.0 26.3 26.5 25.7 39.1 39.8 38.5 39.3 38.4 38.6 37.4 35.5 33.1 31.8 26.3 26.5 27.2 26.1 26.5 27.0 26.4 26.7 25.8 39.7 39.4 39.4 39.4 39.8 37.5 36.2 33.0 28.5 28.2 27.3 26.3 25.9 26.7 26.8 25.6 25.3 26.2 27.0 26.8 26.5 
Direction:  n n n {46 134} {49 131} {46 134} {47 133} {45 135} {45 135} {44 136} {44 136} n n n n n n n n n n n {43 137} {45 135} {46 134} {46 134} {44 136} {45 135} {49 131} n n n n n n n n n n n n n n n n n {47 133} {49 131} {48 132} {44 136} {51 129} {49 131} {45 135} {48 132} {43 137} n n n n n n n n n n {43 137} {44 136} {46 134} {46 134} {49 131} {46 134} {44 136} {44 136} n n n n n n n n n n n {45 135} {46 134} {47 133} {43 137} {42 138} {42 138} {44 136} n n n n n n n n n n n n n n n n n {47 133} {47 133} {47 133} {45 135} {44 136} {43 137} {50 130} {44 136} {45 135} n n n n n {46 134} {46 134} {43 137} {48 132} {45 135} n n n n n n n n n {45 135} {43 137} {47 133} {47 133} {50 130} {44 136} {43 137} {42 138} n n n n n n n n n n n n n n n n {45 135} {43 137} {46 134} {44 136} {41 139} {44 136} {44 136} {49 131} {49 131} n n n n n n n n n n {45 135} {45 135} {47 133} {44 136} {45 135} {43 137} {45 135} {48 132} n n n n n n n n n n n n n

54.5: Count:   3.9 (  3.6) A:  18.0 [13-59] B:  35.5 [13-132] Phase: 100% 141 (19.7) Direction:  {46 134}
Phase: {2,0,1,3,0,1,2,1,0,2,1,1,0,3,2,4,1,4,4,0,2,3,1,5,1,1,1,4,6,3,1,2,1,2,9,5,7,6,6,11,10,9,14,5,16,13,12,16,9,22,10,26,19,24,40,27,28,29,34,37,49,61,41,61,27,58,45,71,55,68,66,62,89,108,92,89,86,125,92,146,146,176,150,148,207,148,219,220,200,220,395,264,323,326,423,374,415,470,515,557,569,630,610,787,712,922,908,1062,1272,971,1230,1328,1492,1587,1691,1836,1761,2258,2278,2397,2668,2705,2889,2848,3149,3382,3549,3483,3773,3947,4078,3996,4116,4210,3879,4517,4110,4431,4395,4448,4346,4545,4282,4390,4358,4376,4294,4071,4220,3996,4191,3966,3857,3999,3312,3560,3346,3277,3174,2836,2719,2372,2687,2414,2214,1999,1781,1786,1450,1495,1203,1297,1197,1035,937,854,940,784,740,556,794,497,487,468,437,401,326,327,315,283,257,234,192,217,205,144,155,134,152,97,107,117,88,76,91,70,63,92,50,60,66,38,51,30,30,40,20,20,19,27,16,27,13,20,15,16,9,16,9,18,11,22,5,6,15,4,5,4,8,5,7,3,5,5,0,5,4,0,4,1,2,2,3,0,1,0,3,1,0,1,2,0,3,4,0,2,4,3,3,0,0,2,0,0,0,0,1,0,2,2,1,0,0,2,0,0,0,3,0,0,0,0,0,4,0,0,1,0,0,0,0,0,0,0,0,0,0,1,1,2,0,0,0,0,0,0,0,1,0,1,2,0,6,0,4,0,2,4,0,3,0,0,1,1,0,5,3,0,2,2,2,0,1,0,0,1,3,2,0,0,2,1,0,0,0,1,10,0,2,0}
Count:   0.7   0.9   0.9   7.5  10.1   9.4   8.6   8.1   7.2   6.2   4.7   3.6   2.1   0.8   1.0   0.9   0.9   0.8   0.9   0.9   0.9   1.0   7.4  10.3   8.9   8.7   7.2   7.0   5.3   3.9   2.9   2.2   0.7   0.9   0.9   1.0   1.0   0.9   1.0   1.0   0.9   1.1   1.0   0.9   1.0   0.9   9.6  11.0   9.3  10.0   9.0   8.9   7.5   6.9   5.7   3.3   0.9   0.8   1.0   0.8   1.0   0.8   1.1   0.9   0.9  10.3  11.0  10.0   9.1   8.0   7.6   6.3   5.5   3.1   2.0   1.0   0.8   0.8   0.9   0.8   0.9   0.8   1.0   0.9  10.3   9.7   9.4   8.1   8.1   6.5   5.9   3.5   2.8   1.8   0.9   0.8   0.9   0.9   0.8   1.0   0.8   0.9   0.8   0.8   1.0   0.9   0.8   2.0  11.4  10.2   9.6   8.9   9.1   7.4   7.1   6.0   4.9   2.1   0.9   0.9   1.0   1.0   8.6   9.9   9.1   7.4   5.6   0.7   0.9   0.8   0.8   0.9   0.9   1.0   0.9   1.0   6.8   9.5   8.8   8.1   7.5   7.5   6.3   5.5   4.0   2.9   0.7   1.0   0.9   1.0   0.9   0.9   0.9   0.9   0.9   0.9   0.9   0.9   1.0   1.0   9.5  10.9   9.6   9.9   8.7   9.2   7.3   7.6   6.4   3.7   0.9   0.8   0.8   0.9   0.9   0.9   1.0   0.8   0.9   9.8  10.3   9.7   8.3   8.8   7.2   6.9   5.3   3.8   2.0   0.8   0.9   0.9   0.9   0.9   0.8   0.9   1.0   1.0   1.0   0.8 
B: 26.3 23.8 26.2 41.4 39.3 38.7 37.2 37.9 35.0 33.1 29.4 27.3 26.6 24.7 24.7 25.9 26.3 26.0 26.1 25.9 27.2 25.5 38.6 39.4 38.0 37.5 37.1 34.2 30.9 27.2 26.7 27.5 27.0 26.5 27.3 25.3 25.2 26.5 26.0 26.3 27.0 26.5 25.2 25.5 24.6 25.7 39.5 38.2 38.9 40.1 38.6 38.2 38.3 34.0 32.0 28.9 26.8 26.1 26.1 25.2 26.6 25.3 25.2 26.0 26.0 39.5 38.4 39.6 39.0 37.5 36.1 34.5 30.6 27.4 26.3 25.9 25.1 25.7 26.8 25.9 26.0 26.1 25.7 25.8 40.6 37.9 39.8 37.7 37.0 34.2 33.0 27.9 26.7 29.0 26.1 25.8 25.5 25.5 25.7 25.0 25.3 24.3 26.4 27.3 25.3 25.8 26.1 33.3 40.1 38.7 38.2 37.7 38.7 36.4 35.7 33.3 30.6 28.2 26.1 26.3 24.8 24.9 41.4 38.2 38.2 35.9 32.8 27.8 25.7 25.8 25.1 25.8 24.9 25.5 25.1 24.4 41.0 38.6 38.9 37.7 37.3 35.8 34.4 32.0 28.3 26.8 27.1 26.6 26.8 26.0 25.6 25.6 25.8 25.8 25.4 25.3 25.8 25.1 26.0 26.0 39.3 39.1 38.1 38.1 38.6 38.2 36.1 35.5 32.9 30.5 25.9 26.4 26.0 26.0 27.5 27.0 25.3 26.2 24.9 38.8 38.8 38.1 38.1 38.6 36.9 35.3 30.9 27.9 26.8 26.2 25.5 26.0 26.4 25.8 25.9 25.3 24.9 26.2 24.3 26.2 
Direction:  n n n {46 134} {46 134} {44 136} {45 135} {45 135} {44 136} {47 133} {45 135} n n n n n n n n n n n {44 136} {47 133} {45 135} {45 135} {46 134} {44 136} {44 136} n n n n n n n n n n n n n n n n n {49 131} {44 136} {47 133} {46 134} {45 135} {47 133} {43 137} {44 136} {46 134} n n n n n n n n n n {44 136} {47 133} {45 135} {44 136} {46 134} {44 136} {44 136} {46 134} n n n n n n n n n n n {45 135} {47 133} {46 134} {45 135} {45 135} {47 133} {44 136} n n n n n n n n n n n n n n n n n {47 133} {47 133} {48 132} {46 134} {45 135} {46 134} {44 136} {47 133} {44 136} n n n n n {47 133} {47 133} {44 136} {46 134} {43 137} n n n n n n n n n {44 136} {43 137} {45 135} {45 135} {43 137} {47 133} {44 136} {52 128} n n n n n n n n n n n n n n n n {44 136} {43 137} {48 132} {43 137} {45 135} {47 133} {47 133} {46 134} {49 131} n n n n n n n n n n {48 132} {45 135} {44 136} {46 134} {48 132} {44 136} {48 132} {48 132} n n n n n n n n n n n n n

54.6: Count:   4.2 (  3.8) A:  18.0 [13-57] B:  34.6 [13-123] Phase: 100% 140 (18.9) Direction:  {45 135}
Phase: {2,0,0,1,3,0,2,4,1,2,5,0,0,1,4,1,5,1,5,7,4,0,1,2,7,3,3,15,6,6,0,8,6,4,11,5,13,10,13,15,11,15,17,14,19,31,10,21,23,22,19,38,37,35,41,51,64,35,77,75,63,85,63,91,94,106,86,112,92,148,126,116,167,139,135,171,157,189,192,207,202,284,212,261,282,252,333,291,359,357,548,403,462,520,573,488,568,647,674,770,662,771,793,976,919,1029,1162,1232,1220,1220,1352,1479,1604,1666,1707,1947,1830,2417,2309,2525,2558,2660,2942,2937,3073,3269,3544,3521,3658,4078,3941,4301,4365,4555,4394,4931,4476,4851,4904,4937,4825,5005,4866,4832,4990,4830,4638,4491,4753,4333,4226,4177,4123,3933,3356,3484,3308,3139,2959,2884,2643,2261,2442,2270,1988,1920,1787,1735,1489,1535,1364,1371,1180,1163,1053,940,958,836,731,631,914,543,604,572,563,452,451,407,401,373,330,373,286,260,251,223,223,182,215,150,138,146,142,134,105,112,77,97,90,76,69,67,68,45,49,41,44,49,27,40,42,37,16,19,5,26,13,15,18,18,21,19,5,11,13,10,12,8,8,12,3,6,7,1,4,3,7,1,8,5,3,5,2,1,0,1,2,1,1,2,3,3,3,0,4,5,6,0,1,1,5,1,5,1,4,1,6,0,2,0,0,2,1,1,0,0,2,0,0,0,0,0,0,2,0,1,0,0,0,2,1,0,0,0,2,0,3,0,1,0,1,0,1,0,2,1,0,1,1,2,0,0,0,0,0,0,1,0,1,2,1,2,1,1,1,0,0,0,2,3,1,0,2,0,0,3,0,1,0,0,2,3,0,0,1,0,3,0,2,2}
Count:   0.9   0.9   0.9   7.6  10.9  10.2   8.8   8.8   7.3   6.4   5.3   4.4   2.8   0.8   1.0   1.0   0.9   1.1   1.0   0.9   1.0   1.0   7.3  10.8   9.4   9.1   7.7   7.5   5.8   4.5   3.7   2.6   0.9   1.0   1.0   1.0   1.0   1.0   1.0   1.0   1.0   1.3   1.1   1.0   0.9   1.0  10.0  11.7  10.1  10.5   9.8   9.3   7.9   7.6   6.3   3.5   1.0   1.1   1.1   0.9   1.0   1.0   1.0   0.9   1.0  10.5  11.3  10.5   9.5   8.6   8.0   6.8   5.6   3.8   2.4   0.9   1.0   0.9   0.9   1.0   1.0   0.9   1.1   0.9  10.6  10.4  10.1   8.4   8.9   7.0   6.4   4.7   3.8   2.2   1.0   1.0   1.0   0.9   0.9   1.1   0.9   1.1   1.0   1.0   1.0   0.9   1.1   2.0  11.8  10.8  10.1   9.3   9.6   7.8   8.0   6.4   5.9   2.6   1.0   1.0   1.0   1.1   9.1  10.3   9.7   7.7   6.5   0.9   1.0   1.0   1.0   0.9   0.9   1.0   0.9   1.1   7.3  10.1   9.5   8.4   8.5   7.6   6.7   6.3   4.8   3.7   0.8   1.1   1.0   1.0   1.0   1.0   1.0   1.0   0.9   1.0   1.1   0.9   1.0   1.0  10.0  10.9  10.2  10.2   9.5   9.5   8.0   8.1   6.6   4.0   0.9   0.9   0.9   1.0   1.0   1.1   1.1   1.0   1.0  10.0  10.9  10.2   9.0   9.3   7.4   7.8   5.9   4.8   2.8   0.8   1.0   1.0   0.9   1.0   0.8   0.9   1.0   1.1   1.0   0.9 
B: 25.1 23.9 24.7 40.4 38.4 37.5 36.9 36.9 35.0 33.1 28.9 27.3 25.5 24.5 25.1 25.2 24.9 25.0 25.7 24.6 25.7 25.0 36.7 38.5 38.4 36.6 36.7 34.3 31.0 27.6 25.5 26.3 25.7 24.3 24.8 24.4 24.0 24.7 25.3 25.8 24.5 25.0 25.7 24.1 24.5 24.5 38.0 37.0 38.0 38.4 37.9 37.4 37.1 34.7 31.8 28.5 25.4 24.7 24.8 24.6 25.2 25.4 24.6 26.7 25.1 38.4 37.2 38.1 37.8 37.2 36.0 33.9 29.5 26.7 26.5 26.0 24.6 24.2 25.7 23.8 24.7 26.0 25.4 25.0 39.8 36.6 38.1 37.7 36.7 34.1 33.4 27.6 25.7 27.6 24.6 25.7 26.2 24.8 24.8 24.5 25.3 23.7 25.2 25.5 24.6 23.8 24.7 33.6 38.6 38.5 37.4 37.6 37.7 36.3 35.5 33.7 30.2 28.7 25.3 25.5 24.6 24.3 40.1 37.1 38.2 35.6 32.5 25.7 25.2 24.0 24.0 25.3 25.0 24.3 24.3 23.8 38.9 37.9 37.9 37.4 37.1 34.9 33.0 31.2 28.8 26.5 25.7 25.1 25.4 24.6 25.0 24.9 26.1 25.3 24.4 24.8 25.4 24.1 24.6 25.0 38.4 37.9 36.9 37.4 37.2 37.0 35.2 35.5 32.2 29.5 25.1 25.4 24.6 24.6 26.2 25.6 23.4 24.1 24.6 37.3 37.8 37.1 36.8 36.9 35.9 34.4 30.2 28.3 25.9 26.4 24.6 24.6 24.9 24.6 25.8 24.5 25.1 24.1 23.7 23.9 
Direction:  n n n {47 133} {44 136} {48 132} {47 133} {45 135} {46 134} {44 136} {45 135} {44 136} n n n n n n n n n n {47 133} {47 133} {44 136} {45 135} {44 136} {46 134} {46 134} {47 133} n n n n n n n n n n n n n n n n {45 135} {44 136} {49 131} {44 136} {43 137} {46 134} {43 137} {47 133} {46 134} {45 135} n n n n n n n n n {47 133} {45 135} {43 137} {45 135} {47 133} {46 134} {46 134} {42 138} n n n n n n n n n n n {47 133} {47 133} {44 136} {49 131} {46 134} {44 136} {47 133} {44 136} n n n n n n n n n n n n n n n n {47 133} {46 134} {46 134} {47 133} {46 134} {45 135} {45 135} {41 139} {43 137} n n n n n {47 133} {44 136} {48 132} {48 132} {46 134} n n n n n n n n n {48 132} {46 134} {47 133} {46 134} {43 137} {46 134} {46 134} {48 132} {47 133} n n n n n n n n n n n n n n n {45 135} {45 135} {47 133} {45 135} {45 135} {45 135} {47 133} {44 136} {45 135} n n n n n n n n n n {44 136} {45 135} {47 133} {47 133} {44 136} {47 133} {48 132} {42 138} {49 131} n n n n n n n n n n n n

54.7: Count:   4.7 (  4.1) A:  18.1 [13-51] B:  33.7 [13-121] Phase: 100% 140 (21.8) Direction:  {45 135}
Phase: {7,4,5,3,3,0,3,3,8,11,5,2,3,7,8,9,2,11,15,7,11,12,9,7,5,8,12,26,23,20,23,23,36,21,20,23,16,33,24,45,35,34,41,46,51,68,59,53,53,59,64,84,91,98,84,92,89,98,107,109,116,144,150,132,145,184,156,208,170,196,194,164,254,243,219,260,228,347,269,311,286,356,385,399,372,402,523,398,471,446,728,467,618,606,810,675,793,839,849,922,884,988,1042,1229,1156,1331,1461,1429,1734,1515,1656,1948,1942,2279,2272,2465,2247,2901,2850,2889,3196,3354,3607,3402,3778,3784,4183,4140,4002,4483,4312,4597,4593,4837,4472,4958,4310,4827,4431,4849,4760,4911,4624,4510,4633,4518,4412,4465,4684,4339,4356,4113,4176,4246,3548,3870,3592,3413,3422,3317,3085,2690,3147,2682,2390,2347,2270,2173,1930,1941,1698,1688,1545,1389,1385,1080,1267,1099,1015,778,1105,721,695,635,742,539,608,478,483,420,421,437,322,332,271,283,219,275,244,181,181,160,177,175,135,127,105,131,96,84,86,76,90,60,80,61,58,58,48,68,54,45,25,25,31,41,22,20,23,28,33,17,15,10,15,24,15,11,10,13,8,14,6,3,6,5,13,11,7,8,3,2,6,9,2,6,4,5,6,2,8,13,12,2,2,2,1,8,0,3,4,0,4,3,2,0,5,1,1,0,4,2,0,4,1,1,7,9,1,2,1,0,3,3,0,2,1,2,0,2,6,0,4,3,2,0,0,1,2,4,1,0,3,5,0,1,3,0,1,0,2,7,1,0,2,1,0,6,2,1,1,5,2,3,0,5,4,11,1,4,8,3,4,1,4,3,1,4,0,3,4,2,1,4,4,2,6,1,3,1}
Count:   0.9   1.1   1.1   8.1  11.5  10.7  10.1   9.3   8.3   7.5   6.6   5.9   4.3   0.9   1.1   1.3   1.2   1.3   1.1   1.1   1.1   1.2   7.9  11.4  10.7  10.0   8.2   8.2   6.8   6.1   5.1   4.2   0.9   1.2   1.2   1.1   1.2   1.1   1.2   1.3   1.1   1.2   1.2   1.1   0.9   1.3  10.4  12.2  10.8  11.4  10.4  10.2   8.7   8.3   7.3   4.2   1.2   1.2   1.1   1.1   1.1   1.2   1.1   1.2   1.2  10.6  12.0  11.4  10.1   9.6   8.3   8.0   7.0   5.4   3.6   1.1   1.1   1.1   1.3   1.1   1.2   1.0   1.2   1.0  11.3  11.2  11.1   9.9   9.6   7.6   7.0   5.8   5.4   3.1   1.0   1.0   1.1   1.1   1.2   1.1   1.2   1.2   1.2   1.0   1.2   1.0   1.4   2.1  12.4  11.3  10.9  10.3  10.2   8.9   9.0   7.3   7.0   3.2   1.1   1.2   1.1   1.0   9.6  11.1  10.7   8.3   7.4   0.9   1.2   1.2   1.1   1.1   1.1   1.1   1.3   1.3   7.7  10.4  10.3   9.6   9.6   8.4   7.8   7.3   6.3   5.1   1.0   1.3   1.1   1.0   1.1   1.2   1.0   1.1   1.1   1.1   1.2   1.2   1.1   1.1  10.7  11.7  10.6  10.9  10.5   9.9   9.1   8.6   7.3   4.7   1.0   1.1   1.1   1.1   1.1   1.2   1.2   1.1   1.0  10.3  11.2  11.6   9.8   9.7   8.4   8.5   6.7   6.7   3.7   0.9   1.1   1.2   1.0   1.2   1.1   1.1   1.0   1.1   1.1   1.1 
B: 22.9 23.5 23.6 38.3 36.8 36.3 36.1 36.1 34.5 32.6 29.2 27.4 25.7 23.6 24.6 24.6 23.2 24.4 23.1 23.5 23.4 23.7 35.7 37.5 37.2 37.1 35.0 34.5 31.0 28.4 25.2 25.7 24.7 23.1 23.9 23.3 22.4 23.4 23.5 23.5 25.2 23.5 23.7 24.4 23.2 23.3 37.3 36.6 36.7 38.0 36.9 36.5 35.6 34.9 31.1 29.7 24.0 23.3 23.4 23.4 23.5 22.9 23.6 25.3 24.3 37.4 36.6 37.7 36.8 36.2 35.0 34.3 30.6 27.0 27.1 23.7 24.9 23.3 24.2 23.5 23.4 24.2 24.1 24.3 38.3 36.4 36.5 36.9 36.3 34.5 32.4 29.6 26.0 25.9 24.4 25.1 23.3 22.6 24.6 23.7 24.5 23.3 23.8 23.9 22.7 24.1 24.4 31.3 37.6 36.5 36.5 36.5 37.5 35.3 36.1 33.7 31.0 28.1 24.1 22.7 23.5 24.7 38.2 36.3 37.0 35.7 32.7 25.2 23.1 24.4 24.0 23.3 24.2 23.5 23.2 24.0 37.4 36.5 37.7 36.4 36.2 34.5 32.9 32.6 28.1 26.9 23.4 23.8 23.3 25.2 22.9 23.6 25.3 24.0 22.9 24.4 24.4 23.7 23.4 23.6 38.4 36.6 36.2 36.5 36.6 36.9 34.9 35.3 32.2 30.0 24.2 24.1 23.8 23.7 24.6 22.8 23.2 23.2 23.7 36.4 36.6 36.6 36.4 36.1 35.7 34.9 30.6 29.3 26.7 24.2 22.2 23.1 24.8 23.3 24.1 25.1 23.8 23.3 23.3 23.1 
Direction:  n n n {44 136} {43 137} {49 131} {46 134} {44 136} {47 133} {43 137} {42 138} {47 133} n n n n n n n n n n {50 130} {45 135} {45 135} {45 135} {46 134} {42 138} {44 136} {46 134} {47 133} n n n n n n n n n n n n n n n {46 134} {45 135} {43 137} {46 134} {42 138} {42 138} {45 135} {45 135} {49 131} {47 133} n n n n n n n n n {46 134} {43 137} {47 133} {47 133} {47 133} {42 138} {45 135} {42 138} {45 135} n n n n n n n n n n {46 134} {46 134} {42 138} {45 135} {43 137} {47 133} {44 136} {45 135} {41 139} n n n n n n n n n n n n n n n {46 134} {46 134} {45 135} {43 137} {45 135} {46 134} {47 133} {45 135} {42 138} n n n n n {44 136} {47 133} {46 134} {46 134} {46 134} n n n n n n n n n {45 135} {44 136} {44 136} {43 137} {45 135} {43 137} {46 134} {44 136} {48 132} {40 140} n n n n n n n n n n n n n n {44 136} {47 133} {42 138} {44 136} {41 139} {44 136} {48 132} {48 132} {40 140} n n n n n n n n n n {43 137} {46 134} {43 137} {46 134} {46 134} {46 134} {46 134} {45 135} {39 141} n n n n n n n n n n n n

54.8: Count:   5.1 (  4.5) A:  18.4 [13-51] B:  34.1 [13-122] Phase: 100% 139 (22.0) Direction:  {45 135}
Phase: {14,1,15,2,12,3,7,6,5,7,6,12,14,10,4,12,7,7,10,5,20,15,17,21,12,24,9,42,14,26,35,35,25,21,26,36,40,33,44,62,56,48,66,51,46,77,49,66,80,83,83,105,102,104,122,106,118,129,168,143,150,152,152,194,122,172,200,200,193,237,217,201,296,289,312,288,311,383,326,353,321,426,433,441,427,478,623,490,522,470,794,533,629,720,803,665,790,777,953,995,977,1114,1088,1357,1329,1368,1449,1663,2050,1633,1953,1926,2072,2413,2429,2691,2493,3083,3122,3228,3379,3648,3944,3819,4227,4272,4377,4597,4564,4961,4814,5065,5077,5261,4877,5438,4686,5268,4887,5136,4917,5122,4876,4860,5103,4854,4731,4509,4915,4719,4773,4548,4437,4674,3871,4234,3946,3804,3784,3469,3261,3031,3200,3000,2718,2465,2340,2410,2071,1994,1732,1735,1641,1445,1332,1124,1313,1174,1074,875,1252,738,772,721,735,596,565,532,486,518,418,386,365,403,315,304,291,261,284,202,236,222,197,209,142,190,94,155,114,111,121,73,96,90,71,79,62,55,54,78,37,65,55,37,38,34,26,23,14,27,16,36,17,16,18,18,17,24,20,6,14,15,12,7,13,8,6,7,6,4,6,9,17,6,1,6,4,1,6,1,0,1,2,1,1,4,6,3,2,2,8,1,3,1,4,1,2,2,2,5,0,2,3,2,2,4,7,0,0,2,2,1,4,2,0,0,0,3,2,0,1,2,0,0,0,0,1,1,4,2,2,0,5,2,0,2,0,3,2,2,3,2,0,5,4,1,2,5,2,0,2,5,2,10,1,5,2,4,5,5,2,1,6,2,2,2,4,6,9,5,8,1,1,7,6,2,15,1,2,4}
Count:   0.9   1.0   1.1   8.4  12.5  11.8  11.1  10.2   9.4   8.4   7.7   7.0   5.5   0.9   1.1   1.1   1.0   1.1   1.0   1.3   1.1   1.1   8.5  12.2  11.6  10.6   9.3   8.7   7.8   7.5   6.6   5.7   0.9   1.1   1.1   1.1   1.0   1.1   1.1   1.1   1.2   1.0   1.0   1.1   1.0   1.2  10.6  13.1  11.4  12.6  11.2  10.9   9.6   9.6   8.1   5.2   1.1   1.2   0.9   1.2   1.2   1.1   1.1   1.3   1.2  11.0  13.0  12.1  10.7  10.7   9.3   9.1   8.0   6.9   4.4   0.9   1.1   1.1   1.1   1.1   1.1   1.1   1.1   1.0  11.7  11.8  11.9  11.2  10.3   9.0   8.2   7.1   6.7   3.6   1.0   1.0   1.1   1.1   1.2   1.1   1.2   1.2   1.3   1.0   1.0   0.9   1.3   2.0  13.1  12.1  12.0  11.0  11.1   9.8   9.4   8.3   8.4   3.5   1.1   1.1   1.0   1.3  10.5  11.9  11.4   9.2   8.6   0.8   1.1   1.0   1.1   1.1   1.1   1.2   1.2   1.1   7.9  11.0  11.2  10.5  10.2   9.3   8.8   8.2   7.7   6.4   0.9   1.1   1.1   1.1   0.9   1.2   1.0   1.2   1.0   1.1   1.2   1.1   1.0   1.2  10.9  12.2  12.0  11.8  11.5  10.9   9.7   9.1   8.1   5.7   1.1   1.2   1.1   1.2   1.2   1.2   1.0   1.2   1.0  10.6  12.4  12.4  10.7  10.6   9.3   9.7   7.8   7.9   4.6   1.0   1.2   1.0   1.1   1.1   1.2   1.0   1.0   1.1   1.0   1.0 
B: 22.0 22.8 23.6 36.5 38.3 36.7 36.9 36.7 35.6 34.4 31.0 28.8 27.1 22.8 23.7 23.3 23.1 23.5 22.8 22.9 22.8 22.9 36.0 37.9 37.2 37.3 35.5 34.9 32.5 30.1 27.0 25.6 24.0 22.6 22.9 22.6 21.9 23.1 23.1 23.8 23.2 22.8 23.3 21.8 22.5 22.1 37.8 37.3 36.9 37.7 36.1 37.7 35.7 35.5 32.4 30.7 23.8 23.4 22.4 22.3 22.8 23.4 23.2 23.2 22.2 38.1 37.6 37.3 37.4 35.5 35.4 35.3 32.1 29.2 27.9 23.4 23.8 22.8 23.6 23.1 23.1 24.6 23.4 23.7 38.2 36.6 37.3 38.0 36.6 34.7 32.4 30.8 28.5 26.8 23.2 23.3 22.1 22.6 23.5 23.7 22.7 22.9 22.4 23.6 23.4 22.2 23.5 28.7 37.5 36.6 36.6 37.0 37.4 35.4 36.8 34.2 32.5 30.2 24.1 22.4 22.5 22.2 37.7 37.1 36.9 35.6 34.0 24.8 24.0 22.9 22.8 22.6 23.2 23.0 22.8 23.7 36.7 36.6 37.4 36.8 36.8 35.9 33.8 33.6 30.4 28.0 23.3 23.0 23.0 23.1 22.8 23.8 23.4 22.8 22.6 23.6 22.7 22.0 22.8 22.1 38.1 37.2 36.3 36.4 37.2 36.9 36.0 35.8 32.7 32.1 22.3 22.4 23.3 23.1 22.6 22.2 23.0 24.0 22.9 36.5 37.3 37.9 36.4 35.6 37.4 35.3 32.2 30.3 28.6 22.5 22.3 23.9 22.8 22.9 22.8 24.0 23.0 23.1 22.2 23.3 
Direction:  n n n {43 137} {49 131} {46 134} {43 137} {49 131} {46 134} {43 137} {40 140} {40 140} {40 140} n n n n n n n n n {43 137} {42 138} {44 136} {42 138} {41 139} {47 133} {42 138} {41 139} {42 138} {43 137} n n n n n n n n n n n n n n {43 137} {43 137} {43 137} {42 138} {41 139} {43 137} {43 137} {47 133} {42 138} {47 133} n n n n n n n n n {46 134} {42 138} {46 134} {43 137} {43 137} {44 136} {42 138} {46 134} {39 141} n n n n n n n n n n {46 134} {42 138} {45 135} {44 136} {46 134} {45 135} {47 133} {42 138} {40 140} n n n n n n n n n n n n n n n {44 136} {46 134} {43 137} {46 134} {44 136} {43 137} {44 136} {47 133} {43 137} n n n n n {46 134} {46 134} {43 137} {49 131} {47 133} n n n n n n n n n {42 138} {44 136} {42 138} {42 138} {46 134} {50 130} {41 139} {45 135} {44 136} {42 138} n n n n n n n n n n n n n n {43 137} {42 138} {43 137} {49 131} {42 138} {42 138} {43 137} {44 136} {44 136} {44 136} n n n n n n n n n {45 135} {48 132} {46 134} {43 137} {48 132} {43 137} {46 134} {43 137} {41 139} n n n n n n n n n n n n

54.9: Count:   5.3 (  5.0) A:  18.9 [13-51] B:  36.3 [13-117] Phase: 100% 140 (18.1) Direction:  {45 135}
Phase: {1,1,2,2,4,1,0,1,1,5,4,0,0,3,1,1,2,4,1,3,0,6,2,8,6,11,8,8,1,11,6,7,10,11,10,4,12,10,17,28,22,18,16,21,18,31,24,20,45,35,38,34,38,28,60,48,30,41,63,77,54,45,47,64,68,74,65,93,81,81,98,65,138,99,149,142,146,168,137,162,188,207,169,174,212,201,244,249,282,273,448,285,391,428,533,480,483,530,648,685,701,705,835,1005,917,1097,1188,1320,1490,1406,1573,1831,1950,2106,2150,2434,2251,3028,3050,3243,3486,3516,4081,4005,4465,4357,4907,4994,5124,5436,5317,5707,5639,6137,5788,6391,5994,6478,6427,6470,6361,6659,6614,6496,6497,6305,6160,5607,6061,5560,5482,5146,5175,5128,4227,4562,4143,4196,3988,3885,3475,3089,3367,2987,2655,2513,2354,2258,1890,1826,1753,1701,1380,1267,1271,1058,1078,848,844,712,1014,578,600,539,569,421,423,379,331,302,224,259,188,245,150,173,163,124,179,89,98,102,68,91,90,73,60,69,38,47,44,46,57,35,35,14,20,24,20,25,22,25,14,13,8,26,9,15,14,8,5,4,5,10,7,6,3,0,5,4,1,2,3,2,1,6,3,3,0,3,2,4,1,1,2,1,3,0,0,1,1,0,0,1,2,1,0,0,1,1,2,0,0,0,0,1,0,2,1,0,0,0,0,1,0,0,0,0,2,0,0,0,0,1,2,0,0,3,0,2,0,2,0,0,0,0,0,0,0,1,1,1,0,0,0,0,3,0,1,2,0,1,0,1,0,0,1,2,1,0,0,1,0,0,0,0,0,1,3,0,0,0,0,2,0,0,0,1,1,0,0,1,4,0,1,3,1,0,0,0}
Count:   0.8   0.7   0.8   8.2  13.1  12.3  11.8  10.8  10.4   9.5   8.8   7.7   6.3   0.6   0.7   0.8   0.8   0.8   0.7   0.9   0.7   0.8   8.3  12.7  11.9  11.4  10.0   9.6   9.0   8.9   7.9   6.8   0.6   0.8   0.8   0.7   0.8   0.8   0.8   0.8   0.8   0.9   0.9   0.9   0.8   0.9  11.2  13.4  12.1  13.1  11.6  11.8  10.2  10.3   8.9   5.8   0.8   0.8   0.6   0.8   0.9   0.8   0.7   0.8   0.9  11.3  13.1  12.7  11.7  11.5   9.9   9.6   8.5   8.2   4.9   0.7   0.8   0.8   0.9   0.8   0.7   0.9   0.8   0.7  11.9  12.7  12.2  11.9  10.4  10.2   9.4   7.9   7.8   4.2   0.8   0.8   0.8   0.8   0.8   0.7   0.8   0.9   0.9   0.7   0.8   0.7   0.9   1.8  13.8  12.5  12.3  12.1  11.3  10.5  10.5   8.9   9.3   3.5   0.9   0.7   0.8   0.9  11.0  12.6  11.9   9.8   9.1   0.6   0.8   0.7   0.8   0.7   0.7   0.8   0.8   0.8   7.7  11.2  12.1  11.2  10.7  10.0  10.0   9.0   8.8   7.1   0.6   0.7   0.7   0.8   0.6   0.9   0.9   0.8   0.9   0.8   0.7   0.7   0.8   0.9  11.3  12.7  12.6  12.4  12.1  11.4  10.2  10.2   9.3   6.3   0.8   0.8   0.7   0.8   0.7   0.8   0.9   0.9   0.9  10.7  12.9  12.8  11.7  11.3  10.1  10.4   8.5   8.7   5.2   0.8   0.9   0.7   0.7   0.9   0.8   0.8   0.7   0.9   0.9   0.7 
A: 14.9 15.3 15.0 19.8 20.0 19.7 19.8 19.2 19.2 18.7 17.7 17.0 16.7 15.8 15.2 14.9 14.8 15.2 15.2 15.4 14.8 15.5 19.7 19.8 19.7 20.0 19.2 18.9 18.4 17.5 16.8 16.5 15.8 15.3 15.2 15.1 14.6 15.0 15.2 15.3 14.8 15.2 15.1 14.8 14.9 15.0 19.8 20.1 19.4 20.1 19.2 19.8 19.1 19.1 18.1 17.9 15.5 15.3 14.9 15.2 14.9 15.2 14.9 15.0 15.1 20.1 20.1 19.7 19.5 19.8 19.0 19.1 18.1 17.1 16.6 15.5 15.2 14.9 14.9 14.9 15.3 15.1 15.0 15.1 19.4 19.4 19.7 19.6 19.4 19.0 18.1 17.2 16.5 16.2 14.9 15.1 15.3 14.7 15.1 15.1 15.2 15.1 14.9 14.9 15.3 15.2 15.0 17.3 19.6 19.6 19.6 19.6 20.0 19.2 19.3 18.4 18.2 17.3 15.3 15.1 15.0 15.0 20.0 19.9 19.9 19.4 18.7 15.5 15.1 14.8 15.2 14.7 15.3 15.2 14.9 15.3 19.4 19.1 20.1 19.4 19.5 19.3 19.1 18.4 17.6 16.8 15.9 14.9 15.4 14.9 14.7 15.1 15.1 14.9 15.1 15.4 14.7 15.4 15.3 14.8 20.1 19.7 19.9 19.8 20.3 19.9 19.3 19.2 18.4 18.5 15.5 15.1 15.2 15.8 14.8 14.8 14.9 15.1 15.2 19.2 19.4 20.1 19.5 19.4 19.5 19.3 18.2 17.4 16.9 15.3 15.4 15.2 15.4 15.0 15.0 15.3 15.0 14.9 14.9 15.2 
B: 23.5 24.6 25.4 39.1 40.0 38.9 39.0 37.9 38.2 37.3 33.8 31.4 29.4 25.7 24.1 23.4 23.7 24.2 24.8 24.0 24.8 24.3 38.2 38.9 38.7 39.3 37.0 37.2 35.2 33.2 30.6 28.0 25.0 24.8 23.1 24.2 23.9 24.0 24.1 25.0 23.5 24.5 24.1 23.3 23.8 23.0 39.1 39.2 38.1 40.0 37.8 39.3 37.4 37.2 34.7 33.3 25.4 24.2 24.4 23.2 24.3 25.3 24.6 25.1 22.5 39.6 40.1 39.0 38.0 38.4 36.8 37.5 34.8 31.5 30.2 26.3 24.1 24.3 23.8 24.7 24.5 23.8 25.4 23.5 38.5 37.8 39.3 38.8 38.1 37.3 35.1 32.0 30.3 28.9 25.0 25.2 23.1 23.0 23.9 24.3 23.8 23.7 23.4 25.6 25.0 23.3 23.6 31.5 38.5 38.0 38.0 38.2 39.4 37.5 38.2 36.2 34.6 32.1 24.7 24.6 23.0 22.2 39.4 38.9 39.3 37.6 36.6 25.5 25.0 23.3 23.8 22.7 23.7 24.0 24.0 24.6 38.6 37.5 38.9 37.9 38.5 37.8 36.9 35.6 33.6 30.6 26.1 23.0 24.0 23.1 24.9 24.8 23.9 23.7 23.7 25.3 23.9 24.5 23.6 23.1 39.3 38.2 39.2 38.3 39.9 38.7 37.7 36.8 35.4 35.5 24.4 24.4 24.1 24.9 23.5 23.7 24.0 24.6 23.1 37.5 38.3 39.8 38.0 37.3 38.4 37.6 34.6 32.9 30.8 24.9 23.4 24.9 22.9 24.3 24.0 23.8 23.5 22.9 23.5 24.3 
Direction:  n n n {46 134} {45 135} {44 136} {48 132} {47 133} {47 133} {46 134} {44 136} {44 136} {45 135} n n n n n n n n n {44 136} {47 133} {44 136} {44 136} {46 134} {47 133} {46 134} {44 136} {46 134} {47 133} n n n n n n n n n n n n n n {46 134} {44 136} {47 133} {46 134} {45 135} {46 134} {47 133} {47 133} {46 134} {45 135} n n n n n n n n n {44 136} {44 136} {47 133} {44 136} {47 133} {46 134} {45 135} {44 136} {44 136} {45 135} n n n n n n n n n {45 135} {47 133} {46 134} {46 134} {44 136} {45 135} {45 135} {46 134} {45 135} n n n n n n n n n n n n n n n {46 134} {44 136} {45 135} {46 134} {46 134} {44 136} {45 135} {41 139} {46 134} n n n n n {45 135} {46 134} {46 134} {46 134} {44 136} n n n n n n n n n {47 133} {44 136} {47 133} {44 136} {45 135} {44 136} {46 134} {44 136} {46 134} {43 137} n n n n n n n n n n n n n n {47 133} {45 135} {47 133} {45 135} {44 136} {45 135} {46 134} {46 134} {46 134} {46 134} n n n n n n n n n {47 133} {47 133} {43 137} {46 134} {44 136} {45 135} {48 132} {46 134} {43 137} {43 137} n n n n n n n n n n n

55.0: Count:   5.6 (  5.4) A:  19.4 [13-52] B:  38.4 [13-112] Phase: 100% 141 (14.5) Direction:  {45 135}
Phase: {0,0,0,0,0,0,0,0,0,0,0,0,0,0,0,0,0,0,0,0,0,0,0,1,0,1,0,0,0,0,0,0,0,1,1,1,0,3,2,2,1,5,2,0,0,6,6,4,0,3,4,9,10,2,10,0,4,9,5,8,12,25,20,19,14,20,18,26,36,17,31,30,34,47,25,52,38,57,45,52,82,66,112,83,106,87,123,126,135,146,282,148,222,243,323,284,288,361,411,479,463,537,495,708,699,737,913,997,1202,1050,1294,1507,1526,1710,1813,2015,1961,2708,2679,2782,3300,3292,3967,3805,4387,4474,5004,5169,5431,5874,5934,6586,6837,7281,7193,7844,7797,8444,8273,8611,8685,8695,8638,8317,8561,8113,7671,7324,7613,6910,6600,6076,6027,5743,4733,4995,4543,4312,4052,3748,3409,2932,3072,2772,2530,2236,2006,1914,1591,1525,1377,1394,1114,1079,917,784,859,649,597,469,544,398,376,340,351,248,236,234,223,187,136,144,131,115,106,96,102,95,79,47,56,42,37,25,32,26,22,33,15,21,28,16,12,14,4,7,10,12,9,5,4,4,3,5,1,3,7,0,1,2,0,0,1,1,0,2,3,1,2,0,1,0,0,0,0,0,0,0,1,0,0,0,0,0,0,0,0,1,3,1,0,0,0,0,0,0,0,0,0,2,0,0,0,0,0,0,0,0,0,0,0,0,0,0,0,0,0,0,0,0,0,1,0,0,0,2,0,0,0,0,0,0,0,0,0,0,0,0,0,0,0,0,0,0,0,0,0,0,0,0,0,0,0,0,0,0,0,0,0,0,0,0,0,0,0,0,0,0,0,0,0,0,0,0,0,0,0,0,0,0,0,0,0,0,0,0,0,0,0,0}
Count:   0.6   0.5   0.6   8.8  14.2  13.2  12.4  11.6  11.1  10.3  10.2   8.8   7.0   0.5   0.5   0.6   0.6   0.6   0.6   0.5   0.5   0.6   8.6  13.5  12.7  12.3  11.0  10.5   9.9  10.0   8.5   7.4   0.4   0.6   0.6   0.6   0.5   0.6   0.6   0.7   0.5   0.7   0.7   0.6   0.6   0.6  12.1  13.6  13.1  13.5  12.5  12.6  11.5  11.3  10.0   6.3   0.6   0.7   0.5   0.7   0.6   0.6   0.6   0.5   0.6  11.9  13.9  13.3  12.0  12.2  10.8  10.7   9.4   9.4   5.5   0.7   0.7   0.6   0.6   0.6   0.6   0.6   0.6   0.6  12.2  13.3  12.8  12.7  11.4  11.2  10.1   9.3   8.5   4.8   0.7   0.6   0.7   0.6   0.7   0.6   0.6   0.5   0.7   0.7   0.7   0.6   0.7   1.6  14.3  13.3  13.2  12.6  12.3  11.0  11.2   9.6  10.3   3.8   0.6   0.6   0.6   0.5  11.8  13.3  13.0  10.6   9.5   0.5   0.7   0.5   0.6   0.5   0.6   0.6   0.7   0.6   7.9  12.6  12.7  11.6  11.5  10.7  11.0  10.0   9.7   7.6   0.5   0.6   0.7   0.6   0.5   0.6   0.6   0.6   0.6   0.6   0.6   0.6   0.7   0.6  11.8  13.6  13.8  12.8  13.1  12.3  11.7  10.8  10.5   6.9   0.6   0.6   0.6   0.7   0.5   0.7   0.6   0.7   0.6  11.1  13.4  13.6  12.5  12.2  10.8  11.1   9.4   9.8   5.8   0.6   0.7   0.5   0.5   0.7   0.5   0.7   0.5   0.5   0.6   0.5 
A: 14.8 15.3 14.7 20.0 20.3 19.7 20.1 19.9 19.7 19.0 18.3 17.3 16.8 15.6 14.9 14.6 15.0 14.7 15.1 15.0 14.8 15.0 19.8 20.2 20.1 20.1 19.5 19.5 18.8 17.9 17.0 16.6 15.9 14.7 14.9 15.1 15.2 15.1 15.1 14.8 14.5 15.2 15.1 14.9 14.9 15.3 20.7 20.5 19.8 20.4 19.8 20.3 19.5 19.5 18.6 18.3 14.8 15.0 14.9 15.0 15.4 15.3 15.2 14.7 15.0 20.4 20.4 19.9 19.9 20.2 19.6 19.5 18.4 17.5 17.0 15.0 14.9 15.4 14.6 14.7 15.3 15.4 15.2 15.0 19.8 20.0 20.3 20.2 20.3 19.6 18.6 17.7 16.8 16.6 15.4 15.0 15.1 15.2 14.8 15.3 14.8 15.0 15.0 15.0 15.1 15.0 15.1 17.1 20.2 20.0 19.8 20.4 20.4 19.9 20.0 19.3 18.6 17.3 15.1 14.8 15.1 14.9 20.4 20.3 20.1 19.9 19.2 15.5 15.1 14.9 15.2 15.0 15.2 14.8 14.6 15.2 20.2 19.4 20.7 20.2 20.1 19.6 19.5 18.8 18.0 16.9 15.6 15.5 14.9 14.7 15.1 15.1 15.0 15.4 15.1 15.0 15.0 14.9 14.7 14.8 20.7 20.0 20.3 19.9 20.6 20.0 19.9 19.6 19.0 18.9 15.7 15.2 14.7 14.8 14.7 14.6 15.3 15.2 15.2 19.7 19.7 20.3 20.0 19.8 19.9 19.8 18.6 18.0 17.2 15.5 15.0 14.7 14.9 15.2 14.9 15.2 15.0 14.9 14.9 14.9 
B: 25.5 25.3 26.0 40.3 41.4 39.7 40.7 39.7 39.6 38.6 36.3 32.9 32.1 25.7 24.5 24.1 25.6 24.3 24.2 24.3 24.8 25.2 40.1 40.6 40.5 40.7 39.0 39.0 37.5 35.6 32.2 30.7 27.7 24.5 25.7 24.0 25.4 24.7 25.7 24.8 23.8 24.6 24.9 25.7 25.8 25.4 41.6 41.2 39.6 41.9 40.1 41.1 39.0 39.3 36.8 36.2 25.4 25.5 25.6 24.9 25.3 25.8 26.0 23.9 25.5 41.3 41.5 40.3 40.0 41.3 39.0 39.4 36.4 34.0 32.7 26.4 23.8 25.5 24.5 24.4 25.2 25.0 25.5 24.4 40.0 40.2 40.9 40.9 40.2 39.5 37.7 35.5 32.7 30.5 27.1 25.1 25.5 24.0 24.1 25.1 24.4 24.5 24.0 25.9 24.9 25.3 26.5 32.0 41.1 39.6 39.6 40.9 41.1 39.6 40.2 38.8 37.2 34.2 24.9 25.0 24.4 25.0 40.8 41.0 40.5 39.6 39.1 26.4 26.1 26.7 25.0 24.2 24.4 23.5 23.9 26.6 41.2 38.7 41.8 40.1 40.6 39.8 39.3 37.3 35.6 32.6 26.5 25.6 24.6 24.9 25.3 24.4 24.8 25.6 26.0 25.5 25.8 24.7 24.4 24.5 41.8 39.9 40.7 39.3 41.2 40.0 39.7 39.0 37.7 37.4 27.0 23.9 23.7 23.8 24.8 24.5 24.3 24.8 25.8 39.4 39.0 41.2 40.1 39.6 40.0 39.5 37.0 35.0 32.7 26.3 25.2 24.2 25.2 26.7 25.4 23.3 24.0 24.8 24.5 23.8 
Direction:  n n n {47 133} {45 135} {45 135} {45 135} {44 136} {45 135} {44 136} {45 135} {43 137} {43 137} n n n n n n n n n {45 135} {45 135} {46 134} {46 134} {43 137} {45 135} {45 135} {46 134} {47 133} {44 136} n n n n n n n n n n n n n n {46 134} {45 135} {45 135} {46 134} {45 135} {45 135} {44 136} {46 134} {44 136} {47 133} n n n n n n n n n {45 135} {47 133} {45 135} {44 136} {45 135} {46 134} {45 135} {45 135} {45 135} {44 136} n n n n n n n n n {46 134} {45 135} {45 135} {46 134} {44 136} {47 133} {46 134} {42 138} {45 135} {44 136} n n n n n n n n n n n n n n {46 134} {45 135} {47 133} {45 135} {44 136} {44 136} {43 137} {47 133} {45 135} {47 133} n n n n {46 134} {45 135} {45 135} {45 135} {44 136} n n n n n n n n n {45 135} {45 135} {45 135} {44 136} {46 134} {44 136} {44 136} {46 134} {45 135} {43 137} n n n n n n n n n n n n n n {44 136} {45 135} {46 134} {46 134} {46 134} {44 136} {45 135} {44 136} {46 134} {46 134} n n n n n n n n n {46 134} {46 134} {44 136} {43 137} {47 133} {46 134} {45 135} {44 136} {45 135} {46 134} n n n n n n n n n n n

55.1: Count:   6.0 (  5.8) A:  19.9 [13-59] B:  39.3 [13-122] Phase: 100% 141 (14.1) Direction:  {45 135}
Phase: {1,0,0,0,1,1,1,0,3,0,0,2,5,0,1,0,1,4,0,0,1,3,1,1,3,4,4,7,2,8,6,3,5,8,8,14,4,5,12,22,25,16,15,13,23,23,23,33,20,19,31,50,19,19,33,45,56,25,69,31,49,62,63,78,39,69,55,71,84,72,111,73,105,94,97,99,116,160,119,137,126,179,167,163,185,177,272,183,256,189,409,231,314,345,424,341,463,465,552,610,579,635,683,820,800,906,901,1068,1314,1235,1372,1538,1641,1730,1867,2141,2009,2703,2793,2893,3244,3594,3801,3869,4359,4568,5088,5224,5630,6411,6603,6746,7236,7814,7680,8632,8511,9297,9142,9451,9161,9653,9246,9478,9172,8835,8525,8012,8137,7316,6987,6776,6287,6114,5060,5269,4726,4425,4035,3739,3435,2964,3212,2731,2477,2156,2048,2035,1730,1612,1416,1364,1176,1065,1068,916,901,743,661,525,677,473,417,420,410,317,301,263,269,250,226,223,180,174,155,119,139,118,139,76,106,91,67,66,54,53,50,48,40,44,32,33,34,21,21,15,13,27,15,22,17,12,16,6,3,6,2,10,10,1,4,4,2,2,2,3,1,0,2,1,1,4,2,5,0,2,1,2,1,2,0,0,0,2,0,0,2,0,0,0,0,2,0,0,0,0,0,0,0,1,0,0,0,2,0,0,0,0,2,1,0,0,0,0,0,0,0,0,0,0,0,0,0,0,0,0,0,0,0,1,0,0,0,1,0,0,0,0,0,1,0,0,0,0,0,0,0,0,0,0,0,0,0,0,0,0,0,0,0,0,0,0,0,0,0,1,0,1,0,1,0,0,0,1,1,0,0,0,1,0,0,0,1,0,0,0,0,0,1,2}
Count:   0.6   0.6   0.8   9.4  14.7  13.8  13.5  12.6  12.0  10.8  10.6   9.3   7.8   0.6   0.7   0.7   0.6   0.7   0.6   0.7   0.7   0.6   9.2  14.4  13.8  13.2  11.9  11.2  10.6  10.7   9.0   7.7   0.6   0.6   0.6   0.8   0.6   0.7   0.6   0.7   0.5   0.7   0.7   0.7   0.6   0.7  12.9  14.5  14.5  14.7  13.8  13.8  12.5  12.3  11.0   6.9   0.6   0.6   0.6   0.7   0.7   0.7   0.6   0.7   0.7  12.8  14.7  14.6  13.2  13.4  11.6  12.0  10.1  10.6   5.6   0.7   0.7   0.7   0.6   0.7   0.7   0.7   0.7   0.6  13.0  14.5  13.6  13.5  12.5  11.9  11.1   9.7   9.1   5.1   0.7   0.7   0.7   0.7   0.7   0.7   0.7   0.7   0.7   0.7   0.7   0.6   0.7   2.0  15.1  14.4  14.2  13.8  13.5  12.0  12.2  10.5  11.1   4.1   0.7   0.7   0.7   0.6  12.7  14.3  14.1  11.4  10.2   0.5   0.6   0.6   0.7   0.7   0.7   0.6   0.6   0.7   8.4  13.6  13.9  12.7  12.4  11.8  11.8  10.6  10.1   8.1   0.6   0.7   0.7   0.6   0.6   0.6   0.7   0.7   0.7   0.6   0.6   0.6   0.7   0.6  12.2  14.6  14.6  13.8  13.9  12.9  12.6  12.1  11.2   7.3   0.7   0.7   0.7   0.6   0.6   0.8   0.6   0.7   0.6  12.2  14.6  14.3  13.8  13.1  12.3  11.8  10.4  10.2   6.7   0.6   0.7   0.6   0.6   0.7   0.6   0.7   0.7   0.6   0.6   0.6 
A: 15.0 15.1 14.7 19.9 20.9 20.3 20.6 20.1 20.3 19.7 19.3 18.1 17.3 15.0 15.0 14.9 15.1 14.8 15.1 15.1 14.8 14.7 20.7 20.6 20.9 20.6 20.0 20.1 19.5 18.8 17.4 17.1 15.2 15.0 15.0 15.1 14.8 14.6 14.9 14.8 14.6 15.2 14.8 15.1 14.8 15.1 21.2 21.0 20.3 20.9 20.7 20.7 20.1 20.1 19.4 18.7 14.6 15.3 15.1 15.0 15.0 15.1 15.0 14.7 15.0 20.6 21.0 20.2 20.1 20.5 20.5 20.1 19.1 18.0 17.2 15.1 14.7 15.3 15.2 14.9 15.3 15.1 15.2 15.0 20.1 20.8 20.8 20.6 20.6 20.4 19.4 18.6 17.2 16.8 15.5 14.9 15.1 14.8 14.9 14.9 15.0 14.7 15.0 14.7 14.7 14.8 15.1 16.8 21.2 20.3 20.6 20.8 20.6 20.7 20.4 19.7 19.0 17.7 15.7 15.0 14.4 14.9 20.7 21.0 20.6 20.2 19.5 15.6 15.1 15.2 15.1 15.0 15.0 14.6 15.6 14.9 20.8 19.9 21.0 20.7 20.4 20.5 20.2 19.6 18.5 17.1 15.6 15.3 15.0 15.0 14.7 15.0 14.7 15.1 15.0 14.7 14.9 15.1 14.6 14.9 21.0 20.4 21.0 20.0 20.5 20.6 20.7 20.2 19.8 19.2 15.8 14.9 14.7 14.7 15.0 14.8 15.0 15.1 14.9 20.6 20.4 20.7 20.6 20.7 20.5 20.3 19.6 18.4 17.9 15.4 14.8 14.5 14.7 14.7 14.9 14.9 15.1 15.0 14.7 14.9 
B: 25.9 23.9 23.2 39.9 42.6 40.5 41.4 40.1 40.6 39.2 38.1 34.6 32.9 25.1 22.7 22.1 25.1 23.4 23.2 23.5 23.8 22.9 41.8 41.4 41.9 41.6 39.9 39.6 38.8 37.1 33.0 31.2 23.6 23.8 24.0 23.9 23.7 22.3 23.9 24.7 24.5 23.6 23.4 23.7 23.8 24.3 42.6 42.5 41.0 42.6 41.9 41.6 40.3 40.0 38.3 37.2 23.6 24.6 24.1 23.9 23.2 23.9 24.2 24.0 23.5 41.4 43.1 40.8 40.4 41.4 41.0 40.4 38.2 35.5 33.1 24.7 23.6 24.2 23.4 23.0 24.0 23.5 25.1 23.9 40.7 41.8 41.9 41.8 41.0 41.1 39.2 36.9 33.1 31.4 25.9 21.8 24.5 22.8 23.5 23.5 23.3 22.7 24.0 22.3 22.8 23.9 24.3 31.1 43.0 40.7 40.9 41.5 41.4 41.3 40.8 39.5 38.2 34.3 24.8 23.9 22.2 23.2 41.9 42.5 41.4 40.3 39.3 26.4 23.4 24.0 24.3 23.0 23.6 22.4 23.5 23.6 42.3 39.7 41.9 40.6 40.5 40.9 40.3 38.8 36.8 33.0 24.9 23.8 23.5 24.4 24.1 23.3 24.0 22.8 25.0 22.6 23.1 22.9 22.5 24.0 42.6 40.7 42.2 39.9 41.0 40.7 41.5 40.2 38.8 37.9 25.4 23.0 22.9 24.5 24.3 23.6 22.9 24.6 23.2 41.6 40.5 42.0 41.5 41.8 41.2 40.2 38.9 35.8 34.0 25.4 24.0 22.6 23.8 24.5 23.3 22.4 23.4 23.8 22.3 24.0 
Direction:  n n n {45 135} {45 135} {45 135} {44 136} {46 134} {44 136} {45 135} {44 136} {46 134} {44 136} n n n n n n n n n {46 134} {47 133} {47 133} {44 136} {45 135} {46 134} {46 134} {43 137} {47 133} {44 136} n n n n n n n n n n n n n n {45 135} {46 134} {46 134} {45 135} {46 134} {45 135} {44 136} {45 135} {45 135} {44 136} n n n n n n n n n {46 134} {44 136} {46 134} {45 135} {43 137} {45 135} {44 136} {44 136} {44 136} {45 135} n n n n n n n n n {44 136} {46 134} {45 135} {45 135} {44 136} {45 135} {47 133} {44 136} {43 137} {44 136} n n n n n n n n n n n n n n {45 135} {45 135} {44 136} {44 136} {46 134} {46 134} {45 135} {46 134} {46 134} {45 135} n n n n {46 134} {46 134} {45 135} {46 134} {44 136} n n n n n n n n n {45 135} {43 137} {46 134} {45 135} {45 135} {44 136} {46 134} {45 135} {47 133} {42 138} n n n n n n n n n n n n n n {45 135} {44 136} {44 136} {44 136} {47 133} {44 136} {44 136} {44 136} {44 136} {45 135} n n n n n n n n n {46 134} {46 134} {44 136} {46 134} {45 135} {46 134} {46 134} {45 135} {44 136} {42 138} n n n n n n n n n n n

55.2: Count:   6.4 (  6.1) A:  20.3 [13-54] B:  39.2 [13-128] Phase: 100% 140 (17.1) Direction:  {45 135}
Phase: {5,7,3,3,7,3,8,3,8,5,8,10,8,9,8,10,13,13,17,13,20,21,20,10,24,27,20,32,23,31,38,35,62,37,38,28,49,52,41,55,59,63,56,70,56,99,66,69,87,83,73,127,90,106,126,118,140,101,140,100,153,206,156,197,120,194,142,197,184,175,169,195,283,263,224,253,253,301,234,270,265,309,333,362,336,327,468,385,419,384,722,424,528,575,723,604,703,705,776,868,840,929,1052,1190,1141,1196,1363,1612,1738,1623,1853,2080,2162,2293,2457,2652,2778,3434,3373,3678,3928,4110,4522,4686,4915,5426,5779,5844,6241,6531,6793,7177,7320,7738,7294,8337,7775,8328,7998,8037,8306,8380,8001,8037,7996,7792,7606,7431,7362,6944,6614,6737,6254,6190,5350,5489,4974,4828,4459,4155,3861,3350,3491,3307,2882,2643,2505,2494,2078,1977,1729,1746,1444,1364,1347,1119,1165,1044,930,818,1010,706,696,648,596,449,477,419,420,359,286,350,265,285,229,245,199,190,230,141,159,138,104,106,131,96,98,103,79,99,78,84,65,51,71,45,38,34,42,30,28,23,21,28,29,26,25,17,28,9,8,13,4,15,4,3,5,2,11,4,3,10,3,6,1,6,0,8,4,5,1,1,8,5,4,2,0,0,0,2,0,2,4,0,0,3,1,0,0,1,0,0,0,0,5,1,0,0,0,0,2,0,0,0,0,1,0,0,1,0,2,0,1,2,0,0,1,0,2,1,0,3,0,2,2,0,0,0,0,0,0,0,0,0,0,1,0,0,0,0,0,2,2,2,1,0,0,0,1,0,1,5,0,3,0,1,2,0,1,0,2,0,4,2,2,1,8,5,1,1,4,2,0,1,3,4,2,0,2,3}
Count:   0.7   0.8   0.7   9.7  15.4  14.6  14.6  13.5  12.4  11.4  11.3   9.7   8.0   0.8   0.7   0.9   0.9   0.9   0.9   0.9   0.8   0.9  10.0  15.1  14.8  14.1  13.3  11.9  11.3  10.8   9.4   7.7   0.8   0.9   0.9   0.9   0.8   0.9   0.8   0.8   0.8   0.9   0.9   0.9   0.8   0.8  13.4  15.8  15.4  15.4  14.6  14.1  13.2  12.8  11.3   7.3   0.9   0.9   0.8   0.9   1.0   0.9   0.8   0.9   0.8  13.6  15.7  15.1  14.2  13.8  12.7  12.7  10.4  10.8   5.8   0.7   0.9   0.8   0.7   0.9   0.8   0.8   0.9   0.8  13.2  15.3  14.4  14.2  13.3  12.6  11.6  10.6   9.6   5.3   1.0   0.8   0.9   0.9   0.9   0.9   0.8   0.9   1.0   0.9   0.9   0.8   0.9   2.1  15.9  15.3  15.4  14.4  14.2  12.9  12.6  11.2  11.3   4.2   0.9   0.8   0.8   0.7  13.2  15.3  14.7  12.0  10.6   0.6   0.9   0.8   0.9   0.9   0.9   0.9   1.0   0.9   9.0  14.6  14.6  13.6  13.1  12.4  12.5  11.2  10.6   8.2   0.8   0.8   0.9   0.8   0.9   0.9   0.7   0.8   0.8   0.9   0.8   0.8   0.8   0.7  12.4  15.2  15.7  14.7  14.6  13.7  13.2  12.4  11.6   7.8   0.8   0.8   0.9   0.8   0.9   0.8   0.8   1.0   0.8  13.2  15.5  15.0  14.5  13.9  13.2  12.5  11.0  10.3   7.1   0.8   0.9   0.8   0.7   0.8   0.9   0.8   0.8   0.9   0.7   1.0 
A: 15.6 15.0 14.8 20.2 21.4 21.0 21.0 20.4 20.7 20.2 19.7 18.1 17.7 15.1 15.1 14.9 15.0 14.9 15.0 14.8 15.1 14.6 21.2 20.9 21.7 21.4 20.6 20.4 20.2 19.2 17.9 17.6 15.1 15.0 15.0 14.9 14.9 14.8 14.9 15.0 14.8 14.9 14.6 14.9 14.9 15.2 21.4 21.6 21.1 21.4 20.9 21.3 20.9 20.7 20.2 19.4 15.0 15.1 14.9 14.8 15.0 15.2 15.0 15.1 15.1 21.3 21.8 21.1 20.8 20.9 21.1 20.4 19.6 18.8 17.7 15.2 15.0 15.0 14.6 14.8 15.1 15.0 15.0 15.3 20.8 21.4 21.1 21.1 21.1 21.1 20.0 18.9 17.9 17.1 15.3 14.8 14.8 14.8 14.7 14.8 15.2 14.7 15.0 15.2 14.9 14.7 15.0 16.7 21.6 20.8 21.2 21.0 21.3 21.0 20.6 20.2 19.8 18.4 15.5 14.8 14.7 14.7 21.4 21.3 21.3 20.8 20.1 15.0 14.9 15.3 15.0 15.2 15.0 14.8 15.1 15.0 21.5 20.9 21.3 20.7 20.9 20.9 20.6 20.4 19.0 17.6 15.6 15.1 15.3 14.8 15.0 15.0 15.3 14.8 14.9 14.8 15.1 15.0 14.9 15.0 21.8 20.7 21.5 20.8 21.1 21.2 21.8 20.7 20.4 19.6 15.4 14.9 14.7 14.7 14.9 15.2 14.9 15.1 15.0 21.4 21.2 21.1 21.2 21.1 20.9 21.0 20.1 18.7 18.4 15.0 14.8 15.2 14.8 14.9 15.1 15.0 14.9 14.8 14.7 14.9 
B: 22.0 21.4 22.0 39.3 42.9 41.5 42.0 40.2 40.6 39.3 38.5 33.6 32.5 22.3 22.7 20.9 21.4 21.6 22.2 21.5 21.7 20.4 42.3 41.3 43.0 42.6 40.1 39.6 38.8 36.5 32.7 31.4 22.1 21.9 21.3 22.2 21.5 20.3 22.1 21.6 21.9 21.9 21.4 21.0 21.9 22.5 42.1 43.2 41.7 42.9 41.8 41.7 41.0 40.3 39.8 37.3 22.2 22.0 21.5 22.0 22.7 22.2 21.0 21.5 21.7 42.7 43.7 42.0 41.2 41.4 41.9 40.2 38.0 35.8 32.2 22.1 22.2 21.8 21.7 20.6 22.1 21.9 22.7 21.6 40.7 42.3 42.3 41.7 41.9 41.7 39.2 36.0 32.6 30.7 22.0 21.2 22.1 21.9 20.9 21.8 22.0 20.8 21.6 21.6 21.9 21.0 21.9 28.9 43.1 40.9 41.4 41.9 41.7 41.0 40.9 39.7 38.6 34.3 22.6 21.5 20.5 20.7 42.8 42.5 42.0 41.1 39.3 23.2 20.9 22.3 21.0 22.6 21.2 21.3 22.3 21.7 42.6 40.9 41.9 40.4 40.7 40.8 40.1 39.4 36.4 32.4 24.2 21.9 21.9 21.8 21.2 21.1 22.1 21.0 23.3 21.0 22.2 21.6 22.1 22.5 43.1 40.5 42.3 40.7 41.2 41.1 42.8 39.8 39.6 37.5 22.7 22.5 21.0 22.4 22.7 21.8 21.1 22.3 21.4 42.2 42.1 42.2 42.4 41.6 41.6 41.0 39.0 35.1 34.2 22.3 22.0 21.3 21.9 21.1 21.8 19.9 22.8 21.9 22.2 22.4 
Direction:  n n n {44 136} {45 135} {46 134} {46 134} {46 134} {46 134} {47 133} {44 136} {41 139} {45 135} n n n n n n n n n {47 133} {45 135} {46 134} {46 134} {47 133} {46 134} {45 135} {45 135} {44 136} {43 137} n n n n n n n n n n n n n n {45 135} {44 136} {45 135} {46 134} {45 135} {45 135} {47 133} {45 135} {42 138} {44 136} n n n n n n n n n {45 135} {45 135} {45 135} {45 135} {43 137} {44 136} {46 134} {45 135} {42 138} {43 137} n n n n n n n n n {44 136} {44 136} {47 133} {45 135} {45 135} {45 135} {47 133} {43 137} {42 138} {42 138} n n n n n n n n n n n n n n {43 137} {46 134} {43 137} {43 137} {43 137} {46 134} {43 137} {43 137} {47 133} {45 135} n n n n {44 136} {45 135} {43 137} {44 136} {46 134} n n n n n n n n n {46 134} {43 137} {43 137} {44 136} {46 134} {45 135} {45 135} {44 136} {45 135} {43 137} n n n n n n n n n n n n n n {42 138} {46 134} {44 136} {43 137} {42 138} {46 134} {45 135} {43 137} {44 136} {45 135} n n n n n n n n n {44 136} {46 134} {45 135} {46 134} {43 137} {45 135} {45 135} {46 134} {46 134} {46 134} n n n n n n n n n n n

55.3: Count:   6.4 (  6.2) A:  20.6 [13-57] B:  39.7 [13-117] Phase: 100% 139 (19.1) Direction:  {44 136}
Phase: {2,0,1,3,0,1,0,3,0,1,0,2,0,2,2,5,2,2,4,2,9,4,3,3,6,7,8,12,12,9,9,25,16,6,16,17,18,32,14,31,20,35,35,53,27,90,22,42,39,69,51,90,70,63,78,96,76,84,96,101,119,142,132,142,120,163,140,167,160,190,159,214,232,217,204,247,233,268,287,301,239,328,331,345,396,371,498,407,467,435,769,502,589,598,840,670,809,759,999,1025,1043,1163,1110,1392,1414,1506,1647,1839,2118,1785,2263,2318,2546,2809,2826,3341,3040,3904,4119,4198,4504,4601,5093,5051,5499,5764,6143,6115,6352,6555,6459,6536,6938,7176,6831,7499,6940,7436,7121,7740,7524,7681,7283,7539,7340,6811,6741,6466,6812,6628,6180,5921,5973,5871,5105,5285,5004,5035,4653,4532,4177,3777,4026,3520,3370,3144,2748,2799,2499,2389,2050,2002,1831,1697,1461,1401,1348,1158,1113,879,1182,698,731,726,685,581,560,508,464,386,338,357,300,306,241,225,201,195,205,123,140,147,93,131,85,100,48,64,54,77,50,45,46,26,33,26,25,22,15,29,23,16,16,20,11,24,16,6,8,16,3,8,5,7,4,0,0,0,4,0,5,4,2,3,1,0,1,3,4,0,2,1,0,0,2,1,0,0,0,0,0,0,1,0,1,0,1,0,0,0,0,0,0,0,0,0,0,0,2,0,0,0,0,0,0,0,0,0,0,0,0,0,0,1,0,0,0,0,0,0,0,0,0,0,0,0,0,0,0,0,0,0,0,0,0,0,0,0,0,0,2,0,0,0,0,0,0,0,0,2,0,0,0,0,0,0,0,0,0,0,0,0,0,0,0,0,0,2,0,1,0,0,0,0,0,0,1,0,0,1}
Count:   0.7   0.7   0.8  10.1  15.6  15.1  14.5  13.3  12.5  11.4  11.1   9.0   7.6   0.7   0.8   0.8   0.9   0.8   0.8   0.9   0.8   0.9  10.3  15.6  14.9  14.0  13.0  12.2  11.1  10.3   9.0   6.9   0.8   0.9   0.8   0.8   0.8   0.8   0.8   0.8   0.9   0.8   0.8   0.9   0.8   0.8  14.0  16.0  15.4  15.4  14.7  14.4  13.3  12.5  11.2   7.0   0.9   0.9   0.8   0.8   0.8   0.8   0.8   0.8   0.8  14.0  15.8  15.4  14.3  13.8  12.7  13.0  10.6  10.6   5.5   0.7   0.7   0.8   0.8   0.7   0.8   0.8   0.8   0.9  13.2  16.0  14.4  14.3  13.1  12.5  11.4  10.1   8.9   5.1   0.9   0.8   0.9   0.8   0.9   0.9   0.8   0.8   0.8   0.9   0.9   0.7   0.8   2.3  16.0  15.4  15.4  14.7  14.1  13.6  12.4  11.5  11.1   4.1   0.9   0.8   0.8   0.7  13.4  15.8  14.6  12.1  10.4   0.8   0.8   0.7   0.8   0.9   0.9   0.7   1.0   0.8   9.2  15.0  14.8  13.7  13.0  12.3  12.2  10.7  10.4   7.6   0.8   0.9   0.9   0.8   1.0   0.8   0.8   0.7   0.8   0.8   0.8   0.9   0.8   0.8  13.0  15.2  16.2  15.0  14.9  13.8  13.4  12.5  11.8   7.7   0.8   0.7   0.9   0.9   0.8   0.8   0.8   0.9   0.8  13.4  15.8  15.2  15.1  14.3  13.5  12.2  10.7  10.0   6.7   0.9   0.8   0.8   0.7   0.9   0.9   0.9   0.8   0.8   0.6   0.9 
A: 15.4 15.0 14.9 20.9 21.8 21.5 21.8 21.0 21.0 20.5 20.3 18.5 17.9 15.6 15.1 15.4 15.1 14.8 15.0 14.7 15.2 14.7 21.6 20.9 21.7 21.4 21.2 20.5 20.3 19.6 18.1 17.9 15.1 14.9 15.2 15.3 15.0 14.9 15.1 15.2 14.7 15.1 14.9 14.9 14.4 15.1 21.6 22.0 21.7 21.8 21.4 21.8 21.0 21.1 20.4 19.5 15.2 14.8 15.2 15.0 15.3 14.8 15.1 15.4 15.2 22.1 22.1 21.6 21.1 21.3 21.5 20.4 19.9 18.9 17.7 14.9 14.8 14.8 14.7 15.0 15.0 15.0 15.2 14.8 21.0 22.1 21.3 21.1 21.3 21.4 20.2 19.2 17.9 17.4 15.5 14.9 15.1 14.7 14.7 15.1 14.8 14.9 15.3 15.2 14.8 14.8 15.2 17.6 22.3 21.7 21.8 21.3 21.4 21.3 20.8 20.4 19.4 18.7 14.9 15.1 14.9 14.3 21.6 21.7 21.6 21.4 20.4 14.7 15.1 15.0 14.9 15.1 14.9 14.9 14.8 15.0 21.4 21.4 21.7 21.5 21.1 20.8 20.7 20.6 19.4 17.8 15.3 14.8 15.3 14.9 14.9 14.9 14.9 14.8 15.0 14.9 15.1 14.5 14.7 15.0 22.1 21.7 22.1 21.4 21.4 21.4 21.5 20.8 21.1 19.9 15.4 14.9 14.6 14.2 14.9 15.2 15.1 15.4 15.0 21.5 21.7 21.4 21.5 21.6 21.1 20.9 20.3 18.9 18.5 15.2 14.8 15.1 14.9 14.8 15.0 14.9 15.1 14.9 15.3 14.7 
B: 21.5 20.4 21.0 41.0 43.5 42.6 43.0 41.0 41.0 39.5 38.8 33.9 32.4 22.1 21.4 21.6 21.5 20.9 22.5 20.9 21.2 21.1 42.8 41.5 43.2 42.3 41.4 39.4 39.0 37.1 32.4 31.0 22.0 21.3 21.4 22.1 21.4 21.9 21.4 21.9 21.3 21.4 21.4 21.3 20.4 21.5 42.0 43.9 42.8 43.7 42.9 42.8 41.1 41.0 39.5 37.2 21.8 21.9 21.8 20.9 21.5 21.6 21.5 22.2 21.7 44.1 44.1 42.8 41.1 42.6 42.4 39.8 38.5 35.2 31.8 21.7 20.3 21.3 22.6 21.2 21.8 22.4 21.9 21.1 41.6 43.9 42.5 41.7 41.9 41.9 39.2 36.4 32.6 30.6 23.9 20.1 20.9 21.0 21.0 21.3 21.2 20.5 20.7 21.7 20.9 20.6 20.7 30.8 44.3 43.1 43.0 41.9 41.8 41.2 40.6 40.2 38.2 34.6 22.4 21.8 20.9 20.4 42.5 42.9 42.5 41.6 39.9 21.8 21.6 21.8 21.0 21.6 21.0 21.6 21.0 21.0 42.5 42.0 42.3 42.3 41.3 39.9 39.9 39.5 36.3 31.9 23.0 22.2 21.8 21.5 20.7 22.0 20.9 20.4 23.2 21.7 20.9 21.5 21.3 22.7 43.5 42.2 43.4 41.8 41.8 41.5 41.6 40.1 40.8 37.3 22.5 22.1 20.4 19.8 21.3 22.6 22.7 20.8 21.9 42.4 42.9 42.2 42.7 42.0 41.2 40.6 39.1 35.0 33.9 22.6 21.6 20.9 21.6 20.7 20.2 20.5 21.0 21.4 21.6 20.9 
Direction:  n n n {46 134} {44 136} {45 135} {45 135} {40 140} {42 138} {43 137} {43 137} {45 135} {41 139} n n n n n n n n n {43 137} {42 138} {45 135} {47 133} {44 136} {44 136} {45 135} {43 137} {42 138} {45 135} n n n n n n n n n n n n n n {44 136} {45 135} {42 138} {46 134} {44 136} {46 134} {43 137} {45 135} {49 131} {42 138} n n n n n n n n n {44 136} {44 136} {45 135} {46 134} {45 135} {44 136} {44 136} {45 135} {44 136} {38 142} n n n n n n n n n {44 136} {44 136} {46 134} {43 137} {44 136} {44 136} {45 135} {46 134} {43 137} {43 137} n n n n n n n n n n n n n n {47 133} {44 136} {45 135} {43 137} {44 136} {42 138} {46 134} {44 136} {44 136} {47 133} n n n n {44 136} {47 133} {43 137} {46 134} {44 136} n n n n n n n n n {45 135} {43 137} {44 136} {44 136} {45 135} {46 134} {44 136} {45 135} {45 135} {46 134} n n n n n n n n n n n n n n {44 136} {47 133} {42 138} {44 136} {45 135} {45 135} {44 136} {46 134} {44 136} {43 137} n n n n n n n n n {46 134} {45 135} {45 135} {44 136} {44 136} {47 133} {42 138} {43 137} {44 136} {39 141} n n n n n n n n n n n

55.4: Count:   6.0 (  6.0) A:  20.7 [13-54] B:  40.9 [13-119] Phase: 100% 140 (16.2) Direction:  {44 136}
Phase: {0,0,0,0,0,0,0,1,0,0,1,0,0,0,1,0,0,2,0,0,2,0,3,3,3,5,2,6,2,4,8,2,4,7,7,8,8,15,7,10,5,26,9,11,20,22,22,22,25,19,26,31,31,23,34,36,28,49,66,27,30,54,58,78,37,54,79,72,89,75,75,88,131,101,129,110,105,143,103,141,110,184,177,119,201,166,246,210,228,217,390,246,302,322,435,349,494,453,598,595,641,729,794,822,861,951,1031,1174,1445,1161,1496,1670,1832,2145,2118,2545,2383,3096,3235,3223,3693,4004,4422,4507,4941,5437,5851,5918,6363,6577,6765,7273,7610,7706,7530,8310,7848,8416,8269,8353,7931,8122,7976,8160,7997,7833,7572,7292,7363,7084,6911,6229,6408,6215,5222,5390,5046,4656,4475,4164,3736,3503,3400,3198,2811,2606,2275,2166,1874,1715,1591,1481,1286,1197,1114,891,958,732,712,582,762,437,481,451,400,314,346,224,261,249,194,193,172,151,110,115,133,107,117,75,63,53,54,46,46,37,27,44,28,26,19,23,23,23,7,17,13,7,10,22,7,10,6,6,5,9,3,2,5,5,0,4,5,5,1,4,1,2,1,1,0,2,2,0,1,1,0,0,0,1,1,0,0,0,1,0,0,0,1,0,1,0,0,0,0,0,0,0,0,0,1,0,0,0,1,0,0,0,0,0,0,0,0,0,0,0,0,0,0,0,0,0,0,0,0,0,0,0,0,0,0,0,0,0,0,0,0,0,0,0,0,0,0,0,0,0,0,0,0,0,0,0,0,2,1,0,0,0,0,0,0,0,0,0,0,1,0,0,0,0,0,0,0,0,0,0,0,0,0,0,0,0,0,0,0,0,0,0,0,0}
Count:   0.6   0.5   0.5   9.9  15.5  14.8  13.9  12.6  11.8  10.8  10.0   8.0   6.6   0.4   0.6   0.6   0.6   0.6   0.5   0.6   0.6   0.7  10.2  15.2  14.6  13.2  12.5  11.3  10.1   9.5   7.9   6.0   0.5   0.6   0.6   0.6   0.6   0.6   0.7   0.6   0.6   0.5   0.6   0.6   0.5   0.7  13.7  15.6  15.4  15.2  14.1  13.8  13.0  11.4  10.2   6.4   0.6   0.6   0.5   0.5   0.5   0.5   0.5   0.6   0.5  14.2  15.7  15.2  13.9  13.6  12.1  12.0   9.9   9.4   4.9   0.5   0.5   0.6   0.6   0.5   0.5   0.6   0.6   0.5  12.8  15.7  14.0  13.8  12.5  12.1  10.6   9.4   7.3   4.3   0.7   0.7   0.6   0.6   0.6   0.6   0.6   0.6   0.6   0.6   0.6   0.5   0.6   1.9  15.9  15.1  15.2  14.3  13.3  12.6  11.5  10.7  10.4   3.4   0.7   0.5   0.5   0.5  12.8  15.2  14.2  11.5   9.6   0.6   0.6   0.5   0.6   0.6   0.6   0.5   0.6   0.5   9.3  14.7  14.2  13.0  12.4  11.7  11.5   9.9   9.7   6.4   0.5   0.7   0.6   0.5   0.6   0.5   0.6   0.6   0.6   0.6   0.6   0.5   0.5   0.6  12.9  14.8  15.6  14.6  14.3  13.3  12.2  11.4  11.0   6.8   0.6   0.6   0.6   0.6   0.7   0.5   0.5   0.7   0.5  13.4  15.7  14.4  14.7  13.2  13.1  11.3  10.7   8.7   5.7   0.7   0.6   0.6   0.5   0.7   0.6   0.6   0.6   0.5   0.5   0.5 
A: 15.6 14.7 14.8 21.5 21.4 21.3 21.8 20.9 20.8 20.5 20.1 18.4 17.3 15.3 15.2 15.3 14.9 14.7 14.8 14.7 15.2 14.5 21.7 20.8 21.6 21.1 21.1 20.2 20.3 19.5 17.7 17.5 15.3 14.7 15.0 14.9 14.9 15.2 15.1 15.0 14.8 15.3 15.3 15.1 14.4 14.8 21.2 21.7 21.8 21.6 21.3 21.5 20.9 20.9 20.5 19.5 15.0 14.9 15.3 14.9 14.9 15.2 14.8 15.3 14.9 22.2 22.2 21.8 21.0 21.6 21.1 20.3 19.6 18.9 17.5 14.9 14.6 14.8 14.9 15.1 15.1 15.2 14.7 14.8 21.2 21.9 21.5 20.9 20.5 21.1 20.4 19.0 17.6 17.6 15.1 15.4 14.9 14.8 15.1 14.5 14.8 14.8 15.1 14.7 14.9 15.0 14.9 18.3 21.8 22.0 21.5 21.1 21.7 21.2 21.2 20.5 19.4 18.6 15.2 14.8 14.7 14.5 21.5 21.5 21.7 21.2 20.0 14.5 14.9 14.7 14.8 15.6 15.0 14.9 14.9 15.1 22.1 21.3 21.4 21.0 21.3 20.6 20.5 20.3 19.1 17.6 15.3 15.0 15.2 14.5 14.9 14.5 14.8 14.9 15.0 15.0 14.8 14.8 15.2 14.9 22.1 21.3 22.0 21.5 21.7 21.1 21.7 21.1 20.7 19.7 15.3 14.8 14.7 14.9 15.0 14.9 15.0 14.9 15.4 21.6 21.7 21.5 21.1 21.1 21.4 20.8 20.2 18.8 18.3 15.1 14.7 15.0 14.6 14.3 15.1 14.9 15.2 14.6 14.5 14.3 
B: 23.2 21.1 21.8 43.2 43.8 43.3 44.3 42.2 41.6 40.2 39.4 34.1 32.3 23.9 22.0 22.5 21.1 22.4 22.8 20.9 21.8 21.7 43.9 41.9 43.8 42.2 42.2 39.6 39.7 37.6 32.9 31.1 22.5 21.1 22.1 22.7 21.1 21.4 21.9 23.6 22.0 22.4 23.1 23.1 21.3 21.2 42.4 44.5 44.3 44.0 43.5 43.5 41.8 41.5 40.4 38.2 22.3 22.6 22.9 20.6 20.9 22.0 22.5 22.0 22.7 45.3 45.3 44.1 42.0 43.8 42.5 41.0 38.7 36.3 32.1 23.2 21.6 23.1 23.9 22.1 22.8 22.8 23.0 21.0 42.6 44.5 43.7 42.5 41.0 42.5 40.9 36.9 32.5 32.3 24.9 21.2 22.2 22.4 22.1 20.4 22.1 22.0 22.3 21.9 21.9 21.8 20.5 34.5 44.3 44.4 43.3 42.3 43.4 42.7 42.5 41.2 38.7 35.4 23.2 21.0 20.9 22.2 43.5 43.4 43.9 42.5 40.3 22.2 22.3 21.3 21.6 22.6 21.8 21.0 21.8 22.8 44.6 42.7 43.0 42.1 42.5 40.5 40.7 40.0 37.4 32.5 23.3 22.0 22.8 21.7 21.2 21.1 21.5 22.1 22.7 22.7 21.6 22.2 21.5 23.0 44.5 42.8 44.3 43.0 43.5 42.5 43.3 41.9 40.8 38.9 23.7 21.7 22.0 22.5 22.9 22.6 22.5 22.4 22.5 43.5 43.8 43.3 42.7 42.1 43.0 41.5 39.5 35.9 34.3 23.4 22.0 21.4 21.9 21.6 21.6 21.8 22.9 22.6 21.9 21.7 
Direction:  n n n {45 135} {43 137} {46 134} {43 137} {43 137} {45 135} {45 135} {47 133} {46 134} {44 136} n n n n n n n n n {43 137} {43 137} {42 138} {47 133} {46 134} {42 138} {42 138} {46 134} {45 135} {44 136} n n n n n n n n n n n n n n {43 137} {44 136} {44 136} {44 136} {45 135} {44 136} {44 136} {44 136} {44 136} {45 135} n n n n n n n n n {46 134} {43 137} {43 137} {47 133} {44 136} {46 134} {45 135} {44 136} {42 138} {46 134} n n n n n n n n n {44 136} {46 134} {43 137} {46 134} {46 134} {44 136} {46 134} {40 140} {41 139} {44 136} n n n n n n n n n n n n n n {44 136} {45 135} {44 136} {45 135} {44 136} {43 137} {44 136} {44 136} {45 135} n n n n n {46 134} {46 134} {44 136} {45 135} {46 134} n n n n n n n n n {46 134} {44 136} {42 138} {44 136} {43 137} {46 134} {43 137} {45 135} {44 136} {40 140} n n n n n n n n n n n n n n {43 137} {44 136} {42 138} {46 134} {43 137} {44 136} {42 138} {46 134} {44 136} {47 133} n n n n n n n n n {45 135} {44 136} {46 134} {44 136} {45 135} {43 137} {45 135} {46 134} {42 138} {44 136} n n n n n n n n n n n

55.5: Count:   5.5 (  5.8) A:  20.4 [13-54] B:  41.8 [13-115] Phase: 100% 141 (12.2) Direction:  {45 135}
Phase: {0,0,0,0,0,0,0,0,0,0,0,0,0,0,0,0,0,0,0,0,0,0,0,0,0,0,0,0,0,0,0,0,0,0,0,0,1,0,1,1,0,0,0,0,0,4,3,0,0,0,0,3,2,2,2,1,2,0,8,5,4,13,6,12,10,3,8,2,6,11,5,1,13,8,9,14,24,15,23,31,20,18,33,20,38,36,56,47,47,63,127,63,97,118,161,121,154,162,197,219,201,238,273,341,380,445,525,521,708,586,750,802,924,1112,1279,1357,1407,1900,2040,2240,2464,2604,3159,3377,3829,4488,4949,5228,5794,6562,6815,7246,7825,8222,8368,9327,9104,9716,9822,10084,9977,10309,10229,9964,9688,9299,9068,8284,8338,7577,7415,6588,6540,6065,4960,4940,4291,4169,3704,3296,2811,2411,2436,2005,1758,1505,1369,1273,1050,944,808,807,680,571,493,428,493,321,309,222,293,172,165,153,176,121,112,86,86,71,53,41,31,50,33,23,26,20,28,11,11,13,16,5,9,7,3,4,3,2,0,0,2,4,4,0,0,0,0,0,3,2,0,1,0,2,0,0,0,0,1,0,2,0,0,0,0,0,0,0,0,0,0,0,0,0,0,0,0,0,0,0,0,0,0,0,0,0,0,0,0,0,0,0,0,0,0,0,0,0,0,0,0,0,0,0,0,0,0,0,0,0,0,0,0,0,0,0,0,0,0,0,0,0,0,0,0,0,0,0,0,0,0,0,0,0,0,0,0,0,0,0,0,0,0,0,0,0,0,0,0,0,0,0,0,0,0,0,0,0,0,0,0,0,0,0,0,0,0,0,0,0,0,0,0,0,0,0,0,0,0,0,0,0,0,0,0,0,0,0}
Count:   0.3   0.3   0.4   9.7  14.9  14.5  13.1  11.7  10.7   9.5   8.8   7.3   5.2   0.4   0.4   0.4   0.4   0.4   0.3   0.3   0.3   0.4   9.9  14.2  13.7  12.3  11.7  10.0   8.9   8.3   6.6   4.9   0.4   0.3   0.3   0.3   0.3   0.3   0.4   0.4   0.4   0.4   0.4   0.3   0.3   0.3  13.4  15.2  15.2  13.9  13.8  12.4  12.2  10.3   9.5   5.4   0.4   0.3   0.3   0.4   0.3   0.4   0.4   0.4   0.3  14.0  15.4  14.6  12.9  12.9  10.6  10.5   9.1   8.1   4.0   0.4   0.4   0.3   0.4   0.3   0.3   0.4   0.3   0.3  12.7  15.6  13.4  12.7  11.3  11.0   9.5   8.5   5.9   3.5   0.4   0.4   0.3   0.3   0.3   0.3   0.4   0.4   0.4   0.3   0.4   0.3   0.4   1.8  15.2  14.8  14.6  13.8  12.4  11.6  10.2  10.0   9.2   2.9   0.5   0.3   0.4   0.2  12.6  15.0  13.3  10.4   8.9   0.3   0.4   0.3   0.3   0.4   0.3   0.3   0.3   0.3   8.7  14.3  13.7  12.1  11.5  10.9  10.4   8.8   8.7   5.4   0.3   0.3   0.4   0.4   0.4   0.4   0.4   0.3   0.4   0.4   0.3   0.3   0.4   0.4  12.9  14.1  14.9  14.2  13.7  12.2  11.3  10.1  10.5   6.3   0.4   0.4   0.4   0.4   0.3   0.3   0.3   0.3   0.4  13.0  15.2  13.9  13.5  12.2  12.1  10.0  10.3   8.0   4.9   0.4   0.3   0.3   0.2   0.3   0.4   0.4   0.4   0.3   0.4   0.3 
A: 15.9 14.8 14.1 20.7 20.9 20.9 21.3 20.5 20.3 20.2 19.6 17.6 17.0 14.6 14.5 14.6 14.7 15.0 14.4 14.2 14.7 14.2 21.6 20.4 21.2 21.3 21.2 20.2 19.9 18.9 17.1 16.5 14.5 14.6 14.8 14.5 14.4 14.9 14.5 14.8 14.6 14.8 14.5 14.9 14.3 14.5 20.7 21.4 21.1 20.8 20.8 20.9 21.0 20.3 19.9 19.1 14.6 14.3 14.5 14.5 14.9 14.6 14.7 14.5 14.8 21.0 21.8 21.4 20.7 21.4 20.9 20.0 19.4 18.4 17.3 14.5 14.2 14.4 14.6 14.3 14.0 15.1 14.7 14.7 21.1 21.2 21.1 20.3 20.4 20.8 19.6 18.8 16.9 16.8 15.1 14.3 14.5 14.5 14.4 14.6 14.5 14.5 14.7 14.2 14.5 14.7 15.0 19.4 21.3 21.4 21.1 20.8 20.7 20.7 21.1 20.3 18.9 18.0 15.3 14.4 14.8 14.7 21.2 20.6 20.9 20.6 19.7 15.1 15.0 14.7 14.7 14.7 14.7 14.3 14.8 14.6 21.6 20.8 20.9 20.7 20.7 20.5 20.0 20.0 18.6 17.2 15.0 14.7 14.7 14.8 14.6 14.7 14.6 14.8 14.5 14.5 14.8 14.1 14.7 14.7 21.6 20.9 21.2 21.1 21.1 20.8 20.8 21.1 20.4 19.2 14.8 15.0 14.3 14.5 14.7 14.2 14.4 14.6 14.7 21.5 21.2 20.8 21.0 20.6 21.0 20.3 19.9 18.1 17.2 15.0 14.5 14.1 14.6 15.1 14.9 14.9 14.5 14.3 14.5 14.5 
B: 26.4 25.4 23.7 42.9 43.7 43.6 44.3 42.7 41.9 41.1 40.0 34.8 32.9 24.5 23.3 23.1 24.6 24.6 24.0 22.8 23.4 22.5 44.9 42.4 43.6 43.9 43.8 41.4 40.3 37.4 33.6 31.7 23.5 23.6 23.5 24.1 21.9 23.5 24.4 24.6 24.1 24.0 24.4 23.3 21.8 23.0 42.7 44.6 44.4 43.7 43.7 43.2 43.3 41.6 40.5 39.1 24.1 26.2 22.3 22.0 23.5 22.7 24.6 23.8 23.8 44.1 45.6 44.6 42.9 44.7 43.4 41.6 40.1 37.1 33.6 24.9 22.5 23.2 24.4 23.5 23.6 23.4 24.4 22.6 44.3 44.2 44.3 42.4 42.3 42.9 40.5 38.2 32.5 32.5 25.8 22.8 22.8 23.7 23.2 23.4 24.3 23.9 25.1 23.6 24.7 24.5 22.7 38.6 44.6 44.6 43.8 43.0 42.6 42.9 43.3 41.8 38.3 35.7 24.6 22.3 23.7 24.2 44.3 42.9 43.3 42.9 41.0 24.5 24.2 24.4 22.2 24.4 23.4 22.8 24.7 22.7 44.9 43.0 43.4 42.6 42.6 41.8 40.8 41.2 37.7 33.7 25.4 24.5 22.1 22.6 24.3 23.6 22.2 23.4 23.4 23.4 23.0 22.5 23.5 25.8 45.0 43.4 43.7 43.4 43.9 42.8 42.9 43.0 41.7 39.3 25.4 23.5 24.6 23.0 23.5 22.2 23.2 23.4 23.3 44.9 44.2 43.2 43.7 42.5 43.4 41.6 40.6 35.9 33.5 26.3 23.1 22.9 23.5 22.9 24.8 23.8 23.8 23.7 23.3 23.1 
Direction:  n n n {45 135} {46 134} {44 136} {45 135} {46 134} {44 136} {45 135} {45 135} {44 136} {43 137} n n n n n n n n n {44 136} {45 135} {44 136} {44 136} {45 135} {44 136} {45 135} {43 137} {45 135} {43 137} n n n n n n n n n n n n n n {45 135} {46 134} {46 134} {45 135} {43 137} {45 135} {45 135} {43 137} {47 133} {44 136} n n n n n n n n n {46 134} {45 135} {46 134} {45 135} {44 136} {46 134} {46 134} {44 136} {44 136} {46 134} n n n n n n n n n {45 135} {45 135} {44 136} {45 135} {44 136} {43 137} {42 138} {44 136} {44 136} {44 136} n n n n n n n n n n n n n n {45 135} {44 136} {45 135} {46 134} {46 134} {43 137} {46 134} {44 136} {44 136} {44 136} n n n n {45 135} {44 136} {45 135} {44 136} {46 134} n n n n n n n n n {45 135} {44 136} {46 134} {45 135} {44 136} {44 136} {43 137} {43 137} {44 136} {44 136} n n n n n n n n n n n n n n {45 135} {45 135} {43 137} {45 135} {44 136} {44 136} {45 135} {44 136} {43 137} {44 136} n n n n n n n n n {45 135} {44 136} {46 134} {44 136} {45 135} {46 134} {45 135} {46 134} {46 134} {45 135} n n n n n n n n n n n

55.6: Count:   5.1 (  5.5) A:  19.9 [13-49] B:  41.3 [13-115] Phase: 100% 140 (12.1) Direction:  {44 136}
Phase: {0,0,0,0,0,0,0,0,0,0,0,0,0,0,0,0,0,0,0,0,0,0,0,0,0,0,0,0,0,0,0,0,0,0,0,0,0,0,0,0,0,0,0,0,0,0,0,0,0,0,1,0,0,1,0,0,0,3,0,0,1,3,0,1,3,0,1,2,0,0,6,7,6,3,7,5,5,10,12,6,2,7,19,9,12,24,21,17,36,16,51,27,51,52,93,82,85,116,129,171,157,187,200,218,249,263,336,415,511,410,563,689,789,915,986,1195,1094,1540,1779,1982,2213,2519,2946,3171,3787,4020,4666,5148,5742,6370,6575,7407,7942,8524,8437,9319,9026,9643,9394,9595,9685,9782,9607,9264,9391,8930,8690,7963,8248,7498,7136,6573,6287,5651,4763,4616,4071,3806,3179,3063,2630,2130,2074,1840,1458,1390,1174,1091,863,725,621,665,468,423,394,297,343,253,180,162,176,104,120,106,107,64,46,50,37,56,23,16,20,14,11,8,15,18,6,12,4,2,2,2,1,5,11,1,1,3,3,1,0,0,0,1,0,2,1,0,0,0,0,1,0,0,0,0,0,0,0,0,0,0,0,0,0,1,1,0,0,0,0,0,0,0,0,0,0,0,0,0,0,0,0,0,0,0,0,0,0,0,0,0,0,0,0,0,0,0,0,0,0,0,0,0,0,0,0,0,0,0,0,0,0,0,0,0,0,0,0,0,0,0,0,0,0,0,0,0,0,0,0,0,0,0,0,0,0,0,0,0,0,0,0,0,0,0,0,0,0,0,0,0,0,0,0,0,0,0,0,0,0,0,0,0,0,0,0,0,0,0,0,0,0,0,0,0,0,0,0,0,0,0,0,0,0,0,0,0}
Count:   0.3   0.3   0.3   9.4  14.2  13.8  12.1  11.0  10.1   8.7   8.5   6.5   4.4   0.4   0.3   0.2   0.4   0.3   0.3   0.2   0.2   0.3   9.6  13.7  13.3  12.0  11.2   9.7   8.4   7.3   6.4   4.0   0.3   0.3   0.2   0.2   0.3   0.3   0.3   0.3   0.2   0.4   0.3   0.2   0.3   0.3  12.8  14.7  14.4  13.3  13.2  11.3  11.3   9.4   8.6   4.8   0.3   0.3   0.3   0.3   0.3   0.2   0.3   0.3   0.3  13.5  14.6  13.5  12.0  12.6  10.2   9.8   8.2   7.3   3.5   0.4   0.3   0.3   0.3   0.3   0.2   0.3   0.3   0.4  12.6  14.7  12.7  12.1  10.2  10.5   8.2   7.5   5.5   3.0   0.3   0.3   0.2   0.3   0.3   0.3   0.3   0.3   0.3   0.3   0.3   0.3   0.3   2.1  14.3  14.1  14.2  13.1  11.6  11.3   9.3   9.7   8.4   2.5   0.4   0.3   0.3   0.3  12.1  14.2  12.6   9.6   8.2   0.2   0.3   0.2   0.2   0.3   0.3   0.3   0.2   0.3   8.7  13.6  12.8  11.6  11.0  10.4   9.5   7.9   8.3   4.5   0.3   0.2   0.3   0.3   0.2   0.3   0.3   0.2   0.3   0.3   0.4   0.3   0.3   0.2  12.6  13.9  14.3  13.6  13.1  11.5  10.5  10.0   9.5   5.4   0.4   0.3   0.3   0.3   0.3   0.2   0.3   0.2   0.3  12.9  14.8  13.5  13.0  11.6  11.2   8.8   9.4   7.2   4.4   0.3   0.3   0.3   0.3   0.4   0.3   0.3   0.3   0.2   0.3   0.2 
A: 14.7 14.4 14.2 20.0 20.5 20.3 20.6 19.9 19.9 19.7 18.9 17.4 16.4 14.6 14.4 14.0 14.4 14.7 14.3 14.3 14.7 14.5 20.8 20.2 20.7 20.5 20.4 19.8 19.3 18.2 16.5 16.2 14.7 14.1 14.4 14.5 14.1 14.7 14.3 14.6 14.4 14.6 14.0 14.6 14.5 14.1 20.7 20.4 20.9 20.4 20.7 20.9 20.8 19.7 19.3 19.2 14.4 14.4 14.1 14.7 14.1 14.3 14.3 14.5 14.2 20.3 20.9 20.9 20.4 20.7 20.3 19.7 19.0 17.8 16.9 14.9 14.5 14.3 14.7 14.2 14.1 14.4 14.4 14.7 20.9 21.0 20.4 19.9 19.8 20.4 19.2 18.3 16.7 16.2 15.3 14.4 14.2 14.6 14.4 14.5 14.5 14.6 14.8 14.1 14.5 14.0 14.5 18.7 20.8 20.8 20.4 20.2 20.4 20.2 20.5 19.8 18.3 17.8 14.4 13.9 15.1 14.6 20.9 19.9 20.3 20.3 19.3 15.1 14.8 14.0 14.3 14.3 14.4 14.0 14.5 14.7 20.5 20.7 20.8 20.3 20.5 20.2 19.4 19.4 18.2 17.2 14.8 14.4 14.3 15.0 14.9 14.5 14.1 14.5 14.4 14.1 14.4 14.5 14.4 14.3 21.0 20.6 20.5 20.7 20.7 20.0 20.3 20.8 20.1 18.9 14.6 14.2 14.8 13.9 14.1 14.5 14.2 14.5 14.5 20.9 20.8 20.1 20.4 20.1 20.6 20.0 19.6 17.6 16.6 14.7 14.5 15.0 13.9 14.6 14.4 14.8 14.3 14.7 14.7 14.8 
B: 24.1 23.4 23.0 42.4 43.3 43.0 43.2 41.8 41.4 40.4 39.2 34.8 31.5 25.8 24.2 24.8 23.3 25.3 23.3 24.6 25.8 22.8 43.6 42.4 43.2 43.0 42.3 40.9 39.1 36.7 32.5 30.7 24.1 22.5 25.3 22.5 22.9 23.4 23.7 22.9 23.3 23.7 22.4 24.7 23.0 23.8 43.4 43.0 44.3 43.2 43.8 43.6 43.5 41.1 39.7 40.2 24.4 24.5 22.5 23.1 23.5 25.2 23.3 23.9 22.7 43.3 44.3 44.1 42.6 43.3 42.7 41.4 39.4 35.8 32.7 25.2 23.5 25.6 26.1 22.8 25.0 23.1 22.2 22.3 43.8 44.3 43.3 41.7 41.4 42.9 39.7 37.4 33.6 30.5 26.1 23.0 21.7 24.8 25.8 23.6 24.2 23.5 25.2 25.1 24.4 22.0 24.6 38.3 43.7 43.6 42.7 42.3 42.4 42.1 42.3 40.8 37.7 35.7 24.0 24.3 23.6 23.0 43.9 41.5 42.7 42.3 40.5 26.2 24.4 24.0 24.8 23.5 24.0 23.2 23.8 24.8 43.2 43.5 43.1 42.0 42.3 42.0 39.6 39.8 37.2 33.1 25.7 24.0 23.9 23.3 23.6 24.0 22.5 24.7 25.2 24.8 25.4 23.1 24.1 24.6 43.8 43.0 43.1 43.1 43.2 41.2 41.7 42.7 41.3 39.0 24.9 23.8 22.7 22.1 23.1 24.5 23.6 22.5 23.7 44.0 43.8 41.8 42.6 42.1 43.1 41.4 40.0 35.6 32.3 25.1 23.4 23.9 21.9 24.4 23.6 24.5 22.5 23.3 25.1 24.3 
Direction:  n n n {43 137} {44 136} {45 135} {45 135} {45 135} {44 136} {46 134} {43 137} {43 137} {42 138} n n n n n n n n n {46 134} {45 135} {45 135} {44 136} {43 137} {45 135} {46 134} {42 138} {42 138} {44 136} n n n n n n n n n n n n n n {45 135} {46 134} {44 136} {46 134} {46 134} {47 133} {44 136} {45 135} {46 134} {45 135} n n n n n n n n n {46 134} {45 135} {44 136} {43 137} {43 137} {45 135} {45 135} {43 137} {42 138} {46 134} n n n n n n n n n {44 136} {44 136} {44 136} {45 135} {43 137} {44 136} {43 137} {44 136} {44 136} {44 136} n n n n n n n n n n n n n n {44 136} {45 135} {44 136} {45 135} {45 135} {45 135} {44 136} {45 135} {43 137} n n n n n {43 137} {43 137} {44 136} {43 137} {43 137} n n n n n n n n n {45 135} {44 136} {45 135} {44 136} {43 137} {45 135} {42 138} {46 134} {44 136} {43 137} n n n n n n n n n n n n n n {45 135} {46 134} {44 136} {43 137} {46 134} {44 136} {44 136} {47 133} {45 135} {44 136} n n n n n n n n n {46 134} {43 137} {43 137} {46 134} {43 137} {45 135} {45 135} {46 134} {46 134} {43 137} n n n n n n n n n n n

55.7: Count:   4.9 (  5.2) A:  19.4 [13-54] B:  39.9 [13-111] Phase: 100% 140 (12.3) Direction:  {44 136}
Phase: {0,0,0,0,0,0,0,0,0,0,0,0,0,0,0,0,1,0,0,0,0,0,0,0,1,0,0,0,0,0,0,2,0,0,0,0,2,2,2,3,2,0,4,3,2,5,2,2,4,7,5,5,0,2,12,4,5,17,16,24,19,26,17,22,24,21,27,30,30,42,35,23,45,44,47,37,46,53,46,33,63,47,87,69,81,73,123,93,94,104,205,125,176,162,236,181,172,215,302,314,336,364,378,461,441,503,583,639,704,642,848,961,1085,1327,1168,1422,1314,1859,1958,2292,2389,2591,3229,3134,3513,3873,4236,4631,5095,5580,5920,6336,6968,7439,7337,8413,8098,9151,8918,9037,8896,9076,8648,8196,8845,8209,7856,7422,7118,6624,6272,5630,5310,5118,4025,3913,3551,3301,2933,2724,2449,1944,2078,1795,1495,1402,1199,1225,944,850,847,797,634,558,460,461,398,333,359,227,346,163,193,193,189,147,106,130,145,96,95,61,46,47,37,48,41,19,31,18,19,27,19,19,15,11,8,6,3,6,9,3,2,5,4,4,10,1,3,7,0,0,0,3,1,0,2,1,0,0,0,1,2,0,0,0,0,1,0,0,0,0,0,0,0,0,0,0,0,0,0,0,0,0,0,0,0,0,0,0,0,0,0,0,0,0,3,0,0,0,0,0,0,0,0,0,0,0,2,0,0,0,0,0,0,0,0,0,0,0,0,0,0,0,0,0,0,0,0,0,0,0,0,0,0,0,0,0,0,0,0,0,0,0,0,0,0,0,0,0,0,0,0,0,0,0,0,0,0,0,0,0,0,0,0,0,0,0,0,0,0,0,0,0,0,0,0,0,0,0,0,0,0,0,0,0,0,0,0,0}
Count:   0.2   0.3   0.3   9.1  13.3  12.9  11.8  10.9   9.8   8.4   8.0   5.9   3.8   0.4   0.2   0.2   0.3   0.3   0.3   0.3   0.3   0.3   9.3  13.1  12.6  11.3  10.4   9.2   7.7   6.4   5.5   3.5   0.4   0.2   0.3   0.2   0.3   0.2   0.3   0.3   0.3   0.3   0.4   0.3   0.3   0.2  12.5  13.9  13.7  12.7  12.7  10.8  10.9   8.8   8.2   4.8   0.4   0.3   0.3   0.3   0.3   0.3   0.3   0.3   0.2  13.2  14.1  12.7  11.6  11.7   9.5   9.2   7.9   6.7   3.3   0.4   0.2   0.3   0.3   0.3   0.3   0.3   0.3   0.3  12.3  14.1  12.3  11.6  10.1   9.7   7.7   7.2   4.9   2.6   0.4   0.3   0.3   0.3   0.3   0.2   0.3   0.3   0.3   0.3   0.3   0.4   0.2   1.9  13.4  13.3  13.4  12.4  10.6  10.6   8.8   9.2   7.4   2.6   0.3   0.3   0.3   0.3  12.0  13.5  11.9   9.6   7.9   0.3   0.2   0.2   0.3   0.2   0.3   0.3   0.3   0.3   8.4  12.9  11.8  11.7   9.8  10.0   8.5   7.7   7.7   4.0   0.3   0.2   0.3   0.3   0.3   0.3   0.2   0.3   0.3   0.3   0.4   0.3   0.3   0.3  12.4  13.2  13.8  13.1  12.4  10.8  10.0   9.7   9.2   4.9   0.4   0.3   0.3   0.3   0.3   0.3   0.3   0.3   0.4  12.0  14.0  12.4  12.5  11.1  10.6   8.3   9.1   6.7   3.9   0.3   0.3   0.3   0.3   0.3   0.3   0.3   0.3   0.2   0.3   0.2 
A: 14.3 14.5 14.5 20.4 19.7 20.2 20.1 19.6 19.4 19.6 18.3 17.0 16.3 14.6 14.3 14.3 14.3 14.7 14.4 14.7 14.4 14.9 20.6 19.7 19.9 19.6 20.2 19.2 18.5 17.7 16.4 16.2 14.6 14.4 14.3 14.8 14.3 14.4 14.4 14.4 14.5 14.4 14.3 14.5 15.0 14.5 20.3 19.8 20.4 19.8 20.3 19.7 20.1 19.5 18.7 18.8 14.5 14.4 14.4 14.3 14.4 14.5 14.8 14.5 14.6 19.6 20.3 20.4 19.9 20.0 19.8 19.0 18.3 17.2 16.4 14.7 14.7 14.3 14.4 14.4 14.8 14.3 14.3 14.1 20.4 19.9 19.4 19.5 19.3 19.2 18.6 17.7 16.6 16.2 14.6 14.1 14.5 14.7 14.7 14.8 14.3 14.2 14.8 14.7 14.2 14.5 14.2 18.9 19.8 20.5 20.0 19.8 19.7 19.8 20.1 19.5 18.0 17.9 14.4 14.2 14.7 14.6 20.4 19.3 19.8 19.4 18.6 14.9 14.1 14.6 14.6 14.7 14.8 13.9 14.5 14.5 20.2 20.1 19.8 19.8 19.9 19.6 18.5 18.7 17.8 16.5 14.5 14.7 14.3 14.7 14.1 14.4 15.0 14.0 15.2 14.5 15.2 14.7 14.8 14.1 20.2 20.1 20.3 20.2 20.2 19.1 19.9 19.8 19.4 18.7 15.0 14.3 14.7 14.5 14.2 15.0 14.6 14.1 14.7 20.3 20.0 19.5 19.9 19.4 20.4 19.0 19.0 17.5 16.3 14.7 14.6 14.5 14.5 14.3 14.0 14.8 14.5 14.4 14.6 14.4 
B: 23.1 21.3 22.5 43.1 41.5 42.4 41.9 40.7 40.1 40.3 37.3 33.8 30.4 23.1 22.3 23.9 23.3 23.2 23.0 24.1 23.3 24.7 43.5 41.1 41.3 40.7 41.3 39.2 36.9 34.8 30.8 29.7 24.3 21.0 21.5 21.9 22.0 24.1 22.9 22.5 19.2 23.1 22.1 23.1 22.1 24.0 42.6 41.7 42.7 41.4 42.7 40.7 41.8 40.2 37.7 38.8 22.9 21.9 21.3 21.6 23.1 23.8 22.2 23.6 20.5 41.6 42.8 42.8 41.3 41.5 41.2 39.8 37.1 34.3 31.3 24.1 22.2 23.5 23.2 21.9 22.0 24.1 22.9 22.1 42.9 41.9 40.4 40.4 40.2 39.8 38.1 36.0 32.9 29.9 22.5 23.9 20.5 22.9 23.1 22.9 21.1 22.8 23.8 21.6 22.0 23.5 21.4 39.0 41.5 42.8 41.6 41.2 40.7 40.8 41.6 39.8 36.4 35.3 22.4 21.7 22.9 22.6 42.8 40.0 41.3 40.1 38.6 25.8 19.9 21.4 24.4 21.0 22.6 22.4 20.8 22.9 42.5 41.9 40.8 41.1 41.0 40.7 37.4 37.9 35.8 31.4 24.2 22.6 21.8 21.8 22.1 21.3 21.5 20.2 21.8 23.5 24.5 22.8 23.3 22.4 42.3 41.3 42.0 41.8 41.9 38.9 41.0 40.6 39.7 37.6 24.5 22.9 21.5 22.2 22.6 24.2 21.3 23.2 22.8 42.7 42.0 40.1 41.3 40.3 42.6 38.6 38.7 34.5 30.9 23.1 24.8 24.0 21.8 22.8 22.2 23.0 21.6 22.6 23.0 23.9 
Direction:  n n n {44 136} {44 136} {43 137} {44 136} {43 137} {43 137} {44 136} {46 134} {43 137} {45 135} n n n n n n n n n {43 137} {44 136} {44 136} {44 136} {44 136} {45 135} {45 135} {43 137} {43 137} {43 137} n n n n n n n n n n n n n n {44 136} {44 136} {45 135} {45 135} {43 137} {44 136} {44 136} {44 136} {44 136} {44 136} n n n n n n n n n {46 134} {44 136} {46 134} {44 136} {45 135} {45 135} {45 135} {43 137} {44 136} {43 137} n n n n n n n n n {43 137} {43 137} {44 136} {44 136} {44 136} {43 137} {46 134} {43 137} {46 134} n n n n n n n n n n n n n n n {44 136} {45 135} {44 136} {45 135} {44 136} {45 135} {43 137} {44 136} {44 136} {43 137} n n n n {43 137} {43 137} {43 137} {47 133} {43 137} n n n n n n n n n {45 135} {43 137} {43 137} {44 136} {43 137} {45 135} {45 135} {43 137} {46 134} {44 136} n n n n n n n n n n n n n n {43 137} {44 136} {44 136} {44 136} {44 136} {44 136} {44 136} {44 136} {46 134} {42 138} n n n n n n n n n {46 134} {43 137} {44 136} {43 137} {43 137} {45 135} {43 137} {43 137} {43 137} {43 137} n n n n n n n n n n n

55.8: Count:   4.8 (  5.0) A:  18.8 [13-50] B:  37.5 [13-105] Phase: 100% 139 (14.7) Direction:  {44 136}
Phase: {20,1,8,3,23,10,11,7,20,13,24,6,16,34,13,24,16,26,32,18,33,25,28,24,20,35,21,44,33,56,24,29,42,32,32,37,46,41,37,66,34,60,64,65,52,124,40,69,65,79,73,100,110,104,142,116,127,132,148,136,134,130,104,187,122,191,167,158,166,153,165,149,201,200,206,158,154,181,164,190,173,242,248,203,232,218,279,250,281,287,423,245,278,366,423,364,410,445,516,588,505,577,662,722,802,904,872,1125,1189,1053,1325,1399,1510,1703,1698,1933,1947,2473,2706,2537,2991,3129,3618,3690,3908,4273,4617,4676,4885,5574,5432,5907,6090,6611,6222,7003,6479,7280,7142,7277,7222,7215,6928,6938,6828,6456,6208,5769,5901,5432,5191,4796,4770,4487,3671,3739,3448,3249,3045,2791,2688,2171,2435,2024,1761,1651,1472,1432,1193,1218,1073,1005,853,804,758,599,596,532,545,410,459,332,337,337,320,245,222,203,193,199,169,135,142,129,119,92,95,73,99,57,63,71,66,55,46,60,38,42,32,25,25,40,31,14,18,23,31,30,22,19,10,18,12,6,14,4,2,9,9,6,0,5,6,3,6,4,6,7,1,5,2,0,0,0,0,3,0,1,1,1,0,0,4,0,0,5,0,0,0,0,0,0,0,0,2,2,0,0,0,0,0,2,0,0,3,0,0,0,0,0,0,0,0,1,0,0,0,0,0,0,0,0,0,0,0,0,0,2,0,0,0,0,0,0,0,0,0,0,0,0,0,0,0,0,0,3,0,0,0,0,0,0,0,0,0,0,0,0,0,0,0,0,1,0,1,0,0,0,0,0,1,0,5,3,5,0,5,4,1,0,4,6,2,1,10,3,12,4,1,4}
Count:   0.3   0.4   0.4   9.0  12.9  12.7  11.3  10.5   9.5   8.8   6.6   5.6   3.8   0.5   0.4   0.4   0.4   0.4   0.4   0.3   0.5   0.3   9.0  12.4  12.1  10.7  10.2   9.1   7.5   6.4   5.4   3.6   0.5   0.4   0.4   0.4   0.5   0.4   0.3   0.4   0.5   0.4   0.4   0.3   0.4   0.4  12.3  13.3  13.2  12.5  12.2  10.5  10.5   8.6   8.1   5.0   0.5   0.4   0.4   0.5   0.4   0.4   0.4   0.4   0.5  12.4  13.6  12.3  11.2  11.1   9.5   8.9   7.7   6.1   3.8   0.5   0.4   0.3   0.4   0.4   0.4   0.4   0.3   0.4  12.0  13.3  11.9  10.7   9.7   9.0   8.1   6.7   4.8   2.7   0.4   0.3   0.3   0.4   0.4   0.4   0.4   0.4   0.4   0.5   0.4   0.4   0.4   2.2  13.0  13.0  13.0  12.2  10.6  10.0   8.6   8.7   6.8   2.5   0.4   0.4   0.4   0.3  11.7  12.7  11.3   9.6   7.6   0.4   0.5   0.3   0.4   0.2   0.4   0.3   0.5   0.4   8.3  12.7  11.1  11.4   9.8  10.0   7.9   7.6   7.2   4.0   0.4   0.3   0.4   0.4   0.4   0.4   0.5   0.5   0.3   0.4   0.5   0.4   0.3   0.4  12.0  12.6  13.2  12.9  12.1  10.3  10.0   9.6   8.4   4.4   0.5   0.4   0.4   0.4   0.4   0.4   0.4   0.3   0.5  12.0  13.4  12.0  11.8  10.7  10.7   7.7   9.1   6.8   3.8   0.4   0.4   0.5   0.3   0.5   0.3   0.4   0.4   0.4   0.4   0.3 
A: 14.4 14.4 14.6 19.8 19.5 19.8 19.2 18.9 18.7 18.8 17.9 16.8 15.9 14.7 14.2 14.2 14.6 14.0 14.5 14.3 14.6 14.5 20.2 19.6 19.1 18.9 19.6 18.8 17.9 17.0 16.4 15.9 14.4 14.4 14.1 14.4 14.2 14.4 14.3 14.2 14.4 14.8 14.3 14.5 15.1 14.6 19.4 19.3 19.4 19.0 19.8 18.7 19.3 18.4 18.3 18.0 14.9 14.3 14.5 14.4 14.9 14.7 14.7 14.3 14.5 19.5 19.7 19.5 19.4 19.3 18.8 18.7 18.0 17.1 16.1 14.7 14.1 15.1 14.2 14.5 14.7 14.4 14.2 14.4 20.0 19.2 19.4 19.1 18.5 18.8 18.1 17.5 16.5 16.2 15.0 14.3 14.3 14.3 14.7 14.7 14.8 14.3 14.7 14.7 14.5 14.4 14.4 19.1 19.2 20.2 19.9 19.4 19.0 19.3 19.6 18.7 18.0 16.7 14.6 14.0 14.4 15.0 19.3 18.8 19.2 19.5 18.2 14.6 14.0 14.6 14.3 13.9 14.6 14.6 14.2 14.3 19.5 19.5 19.3 19.3 19.4 19.3 17.9 18.6 17.6 16.4 14.1 14.2 14.3 14.9 14.7 14.3 14.3 14.2 14.4 14.3 14.7 14.2 14.7 14.7 19.9 19.7 19.3 19.5 19.5 18.7 19.0 19.3 18.8 18.3 14.7 14.3 14.6 14.5 14.6 14.4 14.2 14.3 14.9 19.6 19.3 19.3 19.2 19.0 19.2 18.6 18.5 17.6 16.3 14.6 14.3 14.3 14.7 14.5 14.4 14.5 14.5 14.5 14.5 14.1 
B: 21.4 19.1 20.9 41.2 40.3 41.0 39.1 38.1 37.5 37.7 34.2 32.0 27.4 21.0 19.0 19.9 20.7 20.9 20.8 20.3 21.8 20.6 41.1 39.4 38.7 38.3 39.3 37.5 34.1 32.4 28.8 27.5 22.4 20.2 20.1 20.4 20.8 20.4 19.9 20.9 20.9 21.7 20.7 21.2 21.3 20.7 39.4 39.4 40.1 38.9 40.7 37.4 40.3 36.4 36.0 35.7 21.3 20.1 19.0 21.4 20.9 21.1 20.4 20.6 21.0 40.4 40.7 39.6 39.7 39.2 38.3 37.5 35.3 32.2 29.2 21.0 20.4 21.1 20.3 20.4 20.8 20.3 20.0 19.1 41.5 39.5 39.4 38.8 37.8 37.9 36.3 34.4 29.0 29.2 23.2 21.4 19.2 20.0 19.1 21.3 20.4 20.4 20.6 21.2 20.7 19.8 19.1 37.2 39.0 41.6 40.7 39.4 37.8 38.8 39.5 37.2 35.6 32.2 22.1 20.2 19.4 21.4 39.7 37.6 39.4 39.6 36.7 20.5 19.8 20.1 20.9 19.6 21.3 18.9 19.6 20.2 40.6 40.0 38.5 39.0 39.1 38.9 34.9 36.8 33.9 28.8 21.0 20.3 21.3 21.0 19.5 19.4 20.9 20.2 19.9 21.4 20.9 21.2 21.9 20.7 40.8 39.9 39.1 39.9 39.6 37.2 38.2 38.8 37.1 35.2 20.7 20.6 18.8 19.6 21.2 20.4 19.8 20.6 20.1 40.2 39.6 39.1 38.9 38.0 39.1 36.1 36.6 33.1 29.7 19.5 20.0 20.7 20.3 20.3 19.9 19.8 18.7 20.5 20.4 19.1 
Direction:  n n n {44 136} {44 136} {42 138} {44 136} {44 136} {44 136} {44 136} {43 137} {41 139} {42 138} n n n n n n n n n {44 136} {43 137} {45 135} {44 136} {44 136} {44 136} {41 139} {43 137} {42 138} n n n n n n n n n n n n n n n {44 136} {45 135} {45 135} {45 135} {43 137} {44 136} {42 138} {45 135} {46 134} {44 136} n n n n n n n n n {43 137} {42 138} {44 136} {44 136} {45 135} {44 136} {46 134} {44 136} {44 136} {44 136} n n n n n n n n n {42 138} {44 136} {44 136} {45 135} {42 138} {42 138} {42 138} {43 137} {45 135} n n n n n n n n n n n n n n n {44 136} {42 138} {43 137} {44 136} {43 137} {45 135} {43 137} {44 136} {43 137} n n n n n {43 137} {44 136} {43 137} {44 136} {43 137} n n n n n n n n n {43 137} {45 135} {44 136} {44 136} {43 137} {44 136} {44 136} {43 137} {42 138} {47 133} n n n n n n n n n n n n n n {44 136} {44 136} {44 136} {43 137} {44 136} {42 138} {44 136} {44 136} {42 138} {41 139} n n n n n n n n n {43 137} {45 135} {44 136} {44 136} {44 136} {44 136} {44 136} {43 137} {44 136} {40 140} n n n n n n n n n n n

55.9: Count:   4.9 (  4.8) A:  18.3 [13-50] B:  34.7 [13-95] Phase: 97% 138 (16.8) Direction:  {43 137}  13% 97 ( 4.6) Direction:  {29 151}
Phase: {336,65,78,101,261,104,180,68,192,259,223,150,164,286,203,151,202,193,290,142,196,154,202,241,193,191,99,214,173,265,182,173,227,182,183,195,242,178,200,284,185,243,227,260,210,354,196,283,327,287,273,360,294,329,350,327,331,304,400,353,421,379,365,446,299,368,376,348,406,383,391,346,533,445,455,478,402,485,482,449,467,477,569,499,576,453,623,566,520,505,863,518,681,659,781,741,827,861,913,1098,1033,1024,1133,1140,1221,1303,1350,1524,1548,1413,1759,1740,1923,2081,2134,2095,2096,2511,2529,2742,2936,3041,3442,3333,3530,3757,4224,4488,4612,4918,5066,5332,5377,5760,5506,6002,5660,5787,5663,5804,5763,5602,5641,5534,5430,5294,5094,4930,4971,4720,4509,4301,4136,4332,3358,3314,3146,2871,2592,2497,2247,1986,2112,1853,1615,1583,1458,1453,1165,1229,1006,1014,977,889,792,729,892,636,597,559,690,492,519,522,470,396,420,417,353,399,288,337,289,306,260,240,219,191,230,168,170,189,158,156,114,145,71,140,105,87,99,67,96,70,71,94,57,52,68,50,52,40,49,40,18,46,28,29,22,30,28,20,43,10,8,19,15,11,6,9,18,11,7,6,10,14,2,4,9,2,15,1,4,3,3,0,9,2,3,5,1,3,1,2,4,1,1,0,2,3,3,1,2,1,7,4,3,0,0,3,1,2,0,4,0,0,4,3,0,4,0,0,0,0,0,1,2,0,0,0,2,0,0,0,3,0,2,2,2,2,1,2,0,1,1,0,5,0,1,3,0,3,3,0,3,0,0,2,4,8,6,8,4,7,9,6,17,19,11,17,19,7,22,18,31,17,36,57,28,18,66,68,50,28,89,49,160,77,70,64}
Count:   0.5   0.6   0.6   8.9  12.4  12.5  10.9  10.5   9.3   8.5   6.8   5.7   3.9   0.7   0.7   0.7   0.6   0.7   0.6   0.7   0.7   0.5   9.0  12.3  11.4  11.1  10.3   9.5   7.3   6.5   5.6   4.0   0.7   0.7   0.7   0.6   0.7   0.7   0.6   0.8   0.6   0.6   0.5   0.6   0.7   0.7  12.3  12.4  12.5  12.2  12.1  10.3  10.5   8.4   8.2   4.8   0.7   0.6   0.7   0.8   0.5   0.6   0.7   0.7   0.6  12.1  13.2  11.9  11.3  11.0  10.0   8.6   8.2   6.2   3.4   0.7   0.5   0.6   0.6   0.8   0.6   0.6   0.6   0.7  11.5  12.5  11.8  11.4   9.9   9.0   7.6   7.1   5.0   2.6   0.6   0.7   0.6   0.8   0.7   0.8   0.7   0.7   0.7   0.7   0.8   0.8   0.7   2.7  12.7  13.2  12.5  11.9  10.1  10.1   9.4   8.7   7.1   2.8   0.8   0.7   0.7   0.6  11.6  12.4  11.1   9.6   7.5   0.8   0.6   0.7   0.6   0.7   0.9   0.8   0.5   0.8   8.3  12.6  10.7  11.3   9.7  10.4   7.8   7.6   7.1   4.1   0.5   0.6   0.7   0.7   0.5   0.7   0.8   0.7   0.8   0.9   0.9   0.7   0.6   0.7  11.8  12.4  12.9  12.6  11.5  10.4  10.3  10.0   8.5   4.0   0.8   0.7   0.7   0.9   0.7   0.7   0.7   0.6   0.6  11.4  12.9  12.1  11.9  10.5  10.3   7.8   8.9   6.5   4.1   0.8   0.7   0.7   0.7   0.7   0.7   0.6   0.6   0.6   0.5   0.5 
A: 14.1 14.2 14.3 19.2 18.8 19.1 18.5 18.4 18.2 18.1 17.1 17.0 15.9 14.2 14.3 14.3 14.5 14.3 14.3 14.2 14.6 14.0 19.3 19.5 18.7 18.4 18.8 18.5 17.5 16.9 16.4 15.8 14.5 14.3 14.1 14.0 14.4 14.1 14.4 14.0 14.5 14.6 14.3 14.3 14.4 14.1 19.6 19.0 19.0 18.7 19.1 18.3 19.0 18.3 18.0 17.2 14.8 14.2 14.2 14.4 14.7 14.3 14.2 14.3 14.7 19.1 18.9 18.6 18.8 18.7 18.6 17.9 18.0 16.9 16.0 14.3 14.2 14.2 14.3 14.7 14.3 14.2 14.3 14.0 19.8 18.6 18.7 19.0 18.5 18.5 18.1 17.3 16.3 15.8 14.1 14.1 13.9 14.1 14.5 14.5 14.1 14.5 14.2 14.6 14.1 14.2 14.4 18.3 19.0 19.1 19.5 18.8 18.3 18.5 18.6 18.7 17.4 16.9 14.3 14.2 13.9 14.5 19.5 18.7 18.5 18.9 17.9 14.1 14.2 14.2 14.2 14.1 14.2 14.2 14.6 14.2 18.9 19.1 19.0 18.7 18.8 19.2 17.8 18.2 17.4 16.0 14.3 14.2 14.4 14.1 14.3 14.1 14.3 14.3 14.0 14.1 14.4 14.4 14.0 14.3 19.0 19.2 18.9 19.0 18.7 18.3 18.5 18.6 18.2 17.5 14.4 14.2 14.2 14.2 14.1 14.3 14.3 14.2 14.6 19.5 19.2 18.9 19.2 18.9 18.9 18.4 18.1 17.5 16.4 14.3 14.3 14.7 14.0 14.2 14.4 14.7 14.1 14.4 14.5 14.1 
B: 17.7 17.3 19.3 38.0 37.3 38.5 36.0 35.8 35.2 34.9 31.6 30.7 25.4 17.9 18.1 18.1 18.9 18.3 18.6 18.1 19.9 18.4 38.3 38.5 36.5 35.9 36.1 35.9 32.5 30.5 27.3 25.7 19.0 17.5 17.3 17.6 18.5 19.6 19.0 17.8 19.8 18.7 18.7 17.8 18.6 17.3 39.0 37.4 37.5 37.0 37.5 35.6 37.5 34.5 34.1 32.1 20.4 18.2 17.4 19.0 19.3 18.7 17.0 18.8 18.9 38.5 37.4 36.4 37.5 36.8 36.0 34.3 34.0 29.8 27.0 19.2 18.7 18.4 18.7 19.5 19.1 19.2 19.1 18.1 39.5 36.7 37.0 37.7 36.1 35.8 34.4 32.6 27.8 25.9 20.5 18.8 18.3 17.5 18.8 18.8 18.3 19.4 19.2 19.1 17.4 17.5 17.9 35.1 37.2 37.6 39.0 37.0 34.5 36.9 36.5 35.8 32.8 30.0 18.4 17.6 17.5 18.1 38.9 36.4 35.9 37.0 34.7 19.0 18.3 19.1 18.2 18.0 17.7 17.9 19.0 18.2 37.2 37.3 37.0 36.7 36.7 37.2 33.4 34.5 31.9 26.4 18.5 18.4 19.3 18.8 18.7 18.5 18.7 18.3 17.6 17.7 18.4 18.6 19.0 18.8 38.2 37.4 36.4 37.2 36.1 34.9 35.7 36.1 34.4 31.4 18.9 18.7 18.6 17.5 18.4 18.5 17.2 17.5 18.3 38.5 38.1 37.3 37.4 36.5 36.8 34.6 34.7 31.5 28.0 19.0 18.2 19.0 17.7 18.8 19.2 17.8 17.3 18.8 20.4 18.2 
Direction:  n n n {41 139} {44 136} {42 138} {43 137} {44 136} {44 136} {45 135} {41 139} {42 138} n n n n n n n n n n {43 137} {44 136} {44 136} {43 137} {46 134} {42 138} {44 136} {41 139} {42 138} n n n n n n n n n n n n n n n {43 137} {43 137} {46 134} {42 138} {42 138} {42 138} {43 137} {42 138} {44 136} {43 137} n n n n n n n n n {43 137} {42 138} {46 134} {42 138} {43 137} {46 134} {43 137} {41 139} {42 138} n n n n n n n n n n {41 139} {43 137} {43 137} {42 138} {44 136} {43 137} {46 134} {42 138} {41 139} n n n n n n n n n n n n n n n {42 138} {42 138} {41 139} {43 137} {45 135} {41 139} {42 138} {43 137} {42 138} n n n n n {46 134} {41 139} {43 137} {43 137} {41 139} n n n n n n n n n {42 138} {42 138} {42 138} {42 138} {44 136} {42 138} {42 138} {44 136} {44 136} {43 137} n n n n n n n n n n n n n n {42 138} {42 138} {42 138} {44 136} {44 136} {45 135} {43 137} {45 135} {41 139} {42 138} n n n n n n n n n {42 138} {42 138} {44 136} {42 138} {44 136} {43 137} {44 136} {42 138} {42 138} {44 136} n n n n n n n n n n n

56.0: Count:   4.7 (  4.7) A:  18.0 [13-49] B:  33.8 [13-104] Phase: 100% 136 (20.7) Direction:  {42 138}
Phase: {89,25,32,29,86,18,72,20,60,93,49,32,50,92,69,45,89,119,147,72,69,79,106,112,97,134,66,158,111,138,131,138,150,99,127,127,168,156,132,170,109,134,145,158,109,239,130,192,186,225,156,286,187,207,260,209,207,245,267,225,268,275,240,375,231,283,252,300,274,294,298,310,345,386,365,351,387,507,376,383,402,493,425,447,516,455,659,562,581,505,956,557,769,726,972,778,970,897,1086,1139,1067,1176,1229,1429,1423,1522,1647,1827,1981,1846,2045,2263,2160,2501,2633,2761,2588,3146,3014,3280,3324,3588,3704,3652,3985,3844,4156,4343,4312,4573,4566,4702,4891,5112,4524,5270,4626,4893,4883,4905,4858,4839,4735,4659,4733,4496,4258,4056,4176,3774,3878,3693,3698,3612,2951,3169,2950,2935,2650,2530,2331,2151,2324,2109,1983,1750,1561,1780,1448,1385,1310,1209,1306,1049,1121,895,956,822,818,697,834,554,565,553,573,483,524,414,455,382,321,329,308,342,239,215,244,207,247,156,165,164,131,126,117,110,86,108,67,76,85,75,70,46,57,68,47,51,43,46,25,37,27,27,21,34,12,23,20,24,24,11,28,13,4,3,5,2,6,5,1,11,7,6,8,6,1,5,7,2,4,0,0,3,2,0,0,3,0,0,1,3,3,5,2,2,4,0,3,0,1,0,4,1,0,0,1,1,0,2,2,0,0,0,1,4,0,0,1,1,0,0,0,0,1,0,0,2,1,0,1,0,1,0,0,0,0,0,0,0,2,0,4,1,0,0,0,0,0,0,0,0,4,0,0,1,2,2,3,3,1,1,2,3,0,0,2,5,1,0,11,1,11,13,6,4,11,13,13,12,20,26,14,8,29,23,42,22,27,18}
Count:   0.4   0.5   0.5   8.2  11.9  11.8  10.8  10.2   9.2   8.1   6.7   5.9   4.2   0.6   0.5   0.5   0.5   0.4   0.4   0.5   0.7   0.5   8.7  12.1  10.7  10.4   9.7   8.8   7.0   6.5   5.0   3.9   0.6   0.5   0.5   0.5   0.6   0.5   0.5   0.5   0.6   0.5   0.5   0.6   0.6   0.6  11.4  12.0  12.4  11.4  11.6   9.7  10.4   8.5   7.7   4.3   0.5   0.5   0.6   0.5   0.4   0.5   0.6   0.6   0.5  11.4  12.7  11.3  11.2  10.6   9.7   7.8   7.8   6.1   3.3   0.6   0.5   0.5   0.4   0.6   0.4   0.4   0.5   0.6  11.3  11.6  11.4  11.1   9.8   8.5   7.6   6.8   4.9   2.9   0.5   0.6   0.5   0.6   0.5   0.6   0.5   0.6   0.5   0.6   0.5   0.6   0.5   2.6  11.7  12.1  12.1  11.5  10.0   9.7   9.0   8.4   6.7   2.9   0.8   0.6   0.6   0.5  10.8  12.4  10.3   9.3   7.3   0.6   0.6   0.5   0.4   0.4   0.7   0.5   0.5   0.4   7.8  11.8  10.6  10.7   9.6  10.1   7.6   8.0   6.9   4.0   0.5   0.5   0.6   0.6   0.5   0.6   0.6   0.6   0.6   0.7   0.6   0.5   0.4   0.4  10.7  12.2  12.0  12.1  11.1  10.5  10.3   9.3   8.0   3.9   0.7   0.6   0.6   0.7   0.5   0.5   0.5   0.5   0.5  11.4  12.3  11.4  11.6  10.2   9.8   8.1   8.3   6.8   3.8   0.6   0.6   0.6   0.5   0.5   0.6   0.6   0.5   0.5   0.4   0.5 
B: 18.6 16.8 19.3 36.9 37.3 36.0 34.7 34.8 34.3 33.6 31.4 30.2 25.4 18.3 19.2 17.8 20.1 19.0 17.0 19.1 18.7 17.9 36.8 36.8 34.4 34.7 35.6 35.5 31.3 29.7 27.1 25.8 19.7 18.3 18.4 18.4 18.4 18.0 18.6 19.0 18.2 18.7 18.8 18.7 18.6 18.9 38.9 34.9 35.6 35.5 36.2 34.3 35.6 34.4 33.6 30.9 20.9 18.9 18.2 19.2 19.4 17.8 18.5 18.4 19.0 37.0 36.2 35.6 36.1 35.3 34.5 33.0 32.4 28.7 27.2 19.8 18.9 19.8 18.4 18.3 21.0 17.9 19.7 19.5 38.2 36.3 35.8 36.7 34.3 33.9 33.0 31.6 27.0 25.9 19.0 18.2 18.4 18.1 19.3 18.9 17.8 18.3 18.3 18.2 18.0 18.3 18.2 36.8 35.1 36.3 36.7 34.9 33.6 35.6 35.4 34.8 31.8 30.3 18.8 17.5 17.6 19.5 39.1 35.4 33.7 34.7 34.9 19.9 17.9 19.4 18.9 18.6 18.6 18.5 18.7 17.7 36.1 35.4 35.1 35.2 35.1 34.3 32.8 32.7 30.0 26.1 19.3 19.0 19.9 19.0 17.8 18.2 19.4 18.3 18.2 18.3 17.7 19.8 18.4 19.3 36.7 36.6 35.7 35.6 36.0 35.0 33.8 34.4 33.9 31.2 20.0 19.0 19.1 18.2 19.7 18.7 19.5 19.4 18.3 37.0 37.1 36.0 35.7 34.8 35.1 34.3 32.8 31.3 28.4 18.8 18.6 18.8 18.3 18.5 17.9 17.7 18.1 18.1 20.4 17.7 
Direction:  n n n {41 139} {43 137} {44 136} {44 136} {42 138} {42 138} {43 137} {40 140} {44 136} n n n n n n n n n n {42 138} {43 137} {42 138} {43 137} {43 137} {43 137} {43 137} {40 140} {45 135} n n n n n n n n n n n n n n n {45 135} {38 142} {44 136} {45 135} {42 138} {41 139} {41 139} {43 137} {41 139} {42 138} n n n n n n n n n {42 138} {42 138} {43 137} {42 138} {43 137} {44 136} {44 136} {45 135} {40 140} n n n n n n n n n n {43 137} {45 135} {43 137} {42 138} {40 140} {43 137} {45 135} {41 139} {43 137} n n n n n n n n n n n n n n n {41 139} {40 140} {40 140} {41 139} {44 136} {43 137} {42 138} {43 137} {45 135} n n n n n {46 134} {43 137} {42 138} {45 135} {42 138} n n n n n n n n n {42 138} {44 136} {44 136} {46 134} {42 138} {40 140} {43 137} {41 139} {41 139} n n n n n n n n n n n n n n n {43 137} {43 137} {40 140} {45 135} {40 140} {40 140} {42 138} {41 139} {42 138} n n n n n n n n n n {42 138} {41 139} {43 137} {41 139} {42 138} {45 135} {43 137} {44 136} {43 137} n n n n n n n n n n n n

