54.0: Count:  10.9 (  3.8) A:  15.1 [11-54] B:  27.7 [11-121] Phase: 93% 145 (26.5) Direction:  {48 132}  12% 82 (18.0) Direction:  {25 155}
Phase: {760,244,248,252,313,302,221,244,216,223,234,216,164,179,203,215,176,189,222,150,201,169,164,193,166,197,171,207,199,193,220,204,242,194,242,238,242,219,259,224,230,273,257,263,263,325,267,294,321,291,337,322,356,328,354,377,406,387,415,446,468,459,480,538,434,489,551,546,575,578,627,539,711,710,661,792,793,814,785,835,978,998,966,1036,1054,1138,1216,1212,1185,1107,1779,1241,1476,1499,1660,1708,1556,1721,1848,1896,1957,1948,1931,2227,2292,2390,2283,2474,2896,2403,2780,2808,3024,3022,3073,3109,2994,3900,3592,3756,3665,4107,4069,3843,4443,4527,4752,4642,5029,4983,5218,5389,5575,5652,5536,6374,5653,6250,6240,6290,6276,6399,6456,6296,6293,6344,6410,5861,6118,5969,5879,5623,5847,6100,4832,5092,5062,5034,5036,4671,4706,4018,4658,4258,3894,3985,3864,3814,3299,3386,3577,3563,3133,3116,2941,2924,2896,2589,2720,2376,3268,2120,2438,2185,2302,2180,2042,2008,1962,1959,1909,1801,1555,1726,1692,1650,1507,1525,1547,1172,1314,1304,1356,1256,1091,1156,988,1231,1036,980,961,898,942,743,841,790,778,684,755,653,630,670,644,555,535,616,523,527,533,473,443,467,468,470,407,457,415,335,383,367,374,365,355,361,250,346,293,308,311,286,317,251,289,296,250,258,268,259,205,254,277,271,221,246,250,318,251,244,243,225,498,232,268,263,394,427,311,361,379,504,511,443,362,585,647,816,554,727,936,616,1039,890,1241,1277,1237,1317,1109,1965,1641,1553,1831,2192,2121,1703,2338,2699,2161,2517,2686,2819,2602,2962,3472,2776,2691,4148,2637,2920,3675,3280,2875,3245,3254,2994,2704,3255,3033,2233,2918,2935,2710,2301,2182,3014,1604,2035,2022,2056,1994,1435,1708,1111,1683,1227,990,1270,1116,1022,687,764,826,864,635,556,456,629,591,400,291,303}
Count:  17.4  15.8  16.3  15.1  15.2  13.5  13.6  12.3  11.7   7.8   7.4   7.4   7.6   7.2   7.2   7.4   7.4   7.4  11.1  17.1  16.3  15.8  15.2  14.2  13.4  12.6  11.7  11.7   7.6   7.6   7.2   7.6   7.3   7.5   7.5   7.6   7.2   7.2   7.1   7.6   7.5   7.5  13.5  17.4  16.4  16.7  15.6  16.0  14.5  14.3  13.3  12.2   7.4   7.6   7.5   7.4   7.8   7.2   7.3   7.5   7.4  13.6  17.2  16.4  16.0  15.6  14.9  13.8  12.8  12.0  11.0   7.1   7.6   7.4   7.7   7.2   7.4   7.3   7.6   7.6   7.6   7.2   7.3   7.5   7.4  15.8  18.0  16.7  16.5  15.7  15.5  14.5  14.8  13.1  11.2   7.4   7.5   7.4   7.5   7.4   7.8   7.6   7.4   7.7  16.3  16.9  16.8  15.9  15.7  14.7  13.8  13.1  12.3  10.0   7.3   7.6   7.2   7.5   7.5   7.5   7.2   7.4   7.1  15.9  16.7  15.8  15.6  14.5  14.0  13.3  11.9  11.9   9.9   7.5   7.4   7.5   7.4   7.8   7.2   7.6   7.5   7.7  15.5  16.9  16.0  15.6  14.5  14.0  13.2  12.4  11.3  10.9   7.2   7.3   7.3   7.5   7.2   7.7   7.5   7.6   7.4   7.3   7.2   7.6   7.3   7.7  18.2  17.3  15.8  16.7  15.2  15.5  14.3  13.5  12.4   9.3   7.1   7.1   7.3   7.7   7.8   7.6   7.7   7.7   7.7  18.0  16.9  16.4  15.4  15.3  14.6  13.8  13.1  12.0   8.9   7.2   7.7   7.4   8.0   7.3 
B: 33.0 32.4 32.9 31.4 30.9 29.4 27.9 25.9 25.1 22.8 21.8 21.8 22.0 21.6 21.7 21.6 21.7 22.0 31.2 33.4 32.9 32.1 31.6 30.0 28.1 26.8 25.1 25.2 23.2 22.3 21.6 22.3 21.6 22.1 21.6 22.1 21.8 21.9 21.8 22.3 22.0 22.3 32.4 33.8 33.1 33.6 32.3 32.0 30.6 29.5 28.0 25.9 21.7 21.8 21.7 21.8 22.4 22.1 22.1 22.3 22.1 32.1 33.9 33.2 32.2 31.6 30.3 28.3 27.0 25.9 24.8 21.9 22.1 21.5 21.8 22.0 21.8 21.8 22.4 21.8 22.5 22.4 22.0 22.3 21.8 34.6 34.1 33.2 33.0 32.3 32.4 30.8 30.8 28.3 26.9 22.0 22.2 22.1 22.1 21.8 21.5 22.0 22.1 22.3 33.3 33.1 33.6 32.1 31.5 30.5 29.4 27.7 25.7 24.4 21.9 22.5 22.1 21.7 21.9 22.0 21.5 22.2 21.6 33.5 33.5 32.8 31.9 30.7 29.4 27.8 26.4 25.6 23.9 22.2 21.8 21.9 22.0 22.0 22.2 22.0 22.3 22.3 33.3 33.3 32.7 31.5 30.4 28.8 27.0 25.6 24.3 24.9 22.2 21.9 21.5 22.3 21.7 22.1 22.1 22.3 22.0 22.2 22.2 22.1 22.2 22.1 35.4 33.7 32.9 33.2 31.8 31.7 30.1 28.8 26.8 24.5 22.2 22.2 21.9 22.1 22.4 22.0 22.4 22.1 22.1 34.9 33.4 33.2 31.6 32.0 30.0 28.4 26.6 24.7 23.9 21.8 22.4 21.6 22.3 21.8 
Direction:  {46 134} {49 131} {46 134} {47 133} {45 135} {48 132} {50 130} {45 135} {49 131} n n n n n n n {347 193} n {46 134} {47 133} {47 133} {46 134} {47 133} {48 132} {51 129} {47 133} {51 129} {46 134} n n n n n n n n n n n n n n {49 131} {46 134} {44 136} {45 135} {47 133} {50 130} {47 133} {46 134} {48 132} {48 132} n n {348 192} n n n n n n {49 131} {46 134} {46 134} {49 131} {44 136} {46 134} {48 132} {45 135} {44 136} {50 130} n n n n n n {347 193} n n n n n n n {46 134} {48 132} {47 133} {48 132} {47 133} {46 134} {48 132} {49 131} {48 132} {49 131} n n n n n n {346 194} n n {46 134} {45 135} {48 132} {45 135} {47 133} {46 134} {49 131} {44 136} {46 134} {48 132} n n n {347 193} n n n n n {46 134} {49 131} {47 133} {47 133} {46 134} {47 133} {47 133} {50 130} {47 133} {46 134} n n n n n n n n n {46 134} {47 133} {46 134} {49 131} {49 131} {42 138} {47 133} {47 133} {51 129} {51 129} n n n n n n n n n n n n n n {47 133} {46 134} {47 133} {47 133} {48 132} {46 134} {46 134} {49 131} {46 134} {43 137} n n n n n n n n n {45 135} {45 135} {47 133} {46 134} {48 132} {49 131} {49 131} {44 136} {49 131} {46 134} n n n n n

54.1: Count:  11.9 (  3.8) A:  15.0 [11-54] B:  26.1 [11-122] Phase: 100% 142 (37.6) Direction:  {47 133}
Phase: {1327,403,386,439,530,488,361,442,383,370,379,319,253,348,303,371,266,299,340,221,297,271,333,281,316,271,297,354,338,306,290,335,352,299,349,427,336,338,363,381,372,418,469,419,388,536,435,449,490,535,531,537,598,586,604,665,694,561,691,723,695,676,801,887,708,788,835,830,916,913,925,833,1079,1039,979,1130,1152,1246,1087,1290,1278,1377,1349,1475,1339,1550,1654,1511,1630,1461,2411,1638,1909,1851,2098,2174,2020,2156,2227,2444,2445,2443,2287,2746,2691,2882,2771,3042,3319,2860,3319,3186,3657,3602,3688,3863,3505,4502,4294,4157,4435,4555,4814,4277,4730,4975,4909,4668,5001,5126,4901,5169,5144,5388,4860,5499,4664,5262,5176,5088,5149,5082,5154,4964,5242,5117,5176,4779,5231,5133,5175,5040,5202,5554,4656,5118,4918,4963,4932,4769,4958,4237,4934,4604,4353,4404,4106,4247,3696,3711,3776,3694,3483,3557,3187,3226,3175,2976,2957,2669,3649,2453,2589,2494,2526,2500,2243,2264,2062,2206,2117,2035,1750,1877,1795,1777,1589,1651,1710,1336,1521,1397,1459,1417,1361,1271,1031,1403,1243,1132,1163,1072,1092,901,1077,1034,916,924,976,936,872,868,896,826,694,871,684,648,768,759,682,633,622,580,579,626,574,536,557,558,525,493,472,577,411,450,447,422,501,388,414,331,463,393,320,401,351,355,295,337,368,355,316,339,312,383,352,312,328,250,691,270,285,372,497,571,381,471,446,625,669,553,446,649,735,922,603,820,1117,642,1166,904,1456,1194,1294,1166,1185,2130,1453,1575,1921,2133,2155,1559,2407,2797,2338,2358,2844,2703,2497,3129,3397,2681,2825,4056,3013,2916,3893,3628,3091,3568,3493,3161,3162,3774,3584,2383,3346,3482,3276,2762,2722,3787,2177,2343,2588,2633,2788,1955,2433,1352,2330,1887,1348,2122,1756,1332,931,1192,1532,1316,961,927,727,1151,971,606,461,463}
Count:  17.6  16.9  17.3  16.3  15.6  14.9  14.7  13.5  12.6   8.4   8.4   8.5   8.7   8.3   8.3   8.5   8.5   8.6  12.4  18.0  17.8  17.0  16.3  15.0  14.2  13.3  12.4  12.4   8.9   8.6   8.0   8.4   8.1   8.5   8.3   9.0   8.5   8.2   8.2   8.4   8.3   8.4  14.6  18.4  17.3  17.5  16.6  17.0  15.1  15.2  14.1  13.5   8.6   8.6   8.6   8.8   9.0   8.3   8.2   8.5   8.7  14.6  18.0  17.6  16.6  16.4  15.3  15.0  13.5  13.0  12.4   7.9   8.7   8.3   8.3   8.0   8.6   8.2   8.6   8.9   8.8   8.4   8.6   8.4   8.6  16.7  18.9  17.6  17.5  17.1  16.3  15.2  15.7  14.2  12.2   8.6   8.4   8.4   9.0   8.0   8.6   8.5   8.7   8.6  17.4  18.0  17.6  16.5  16.5  15.5  15.0  13.8  13.3  10.9   8.4   8.4   8.4   8.5   8.7   8.4   8.4   8.5   8.3  16.7  18.1  16.9  16.9  15.4  15.4  14.4  12.9  12.7  10.5   8.2   8.3   8.7   8.0   8.3   8.4   8.5   8.3   8.6  16.3  17.8  17.4  16.0  15.4  14.3  13.7  13.1  12.5  11.9   8.0   8.4   8.1   8.3   8.4   8.8   8.4   8.4   8.2   8.5   8.3   8.6   8.4   8.6  19.4  18.5  17.4  17.9  16.0  16.6  15.0  14.9  13.2  10.2   8.6   8.2   8.2   8.8   8.8   8.4   8.9   8.4   8.9  19.1  18.2  17.4  16.2  16.3  14.9  14.9  13.6  12.5  10.5   8.5   8.8   8.4   9.0   8.6 
B: 31.5 30.6 31.1 30.2 29.2 27.6 26.3 24.1 23.4 21.4 20.8 20.8 20.9 20.6 20.5 20.7 20.6 20.8 29.7 31.4 31.3 30.3 30.6 28.5 27.0 25.2 23.6 23.1 21.7 21.0 20.8 20.9 20.9 21.3 20.5 20.7 20.9 20.7 20.7 20.8 20.6 20.8 30.4 32.1 31.5 31.9 30.8 29.9 29.0 27.9 26.4 23.8 20.4 20.7 20.8 20.9 21.1 20.8 21.1 20.9 21.0 30.9 32.4 31.7 30.5 30.4 28.1 27.3 25.6 24.1 23.2 20.8 21.1 20.6 21.0 21.1 20.9 20.7 21.0 20.6 20.9 21.1 21.2 20.7 20.9 33.1 32.3 31.8 31.3 30.6 30.7 29.3 29.1 26.9 25.1 20.8 21.1 20.6 20.7 20.9 20.8 20.8 21.2 21.0 32.4 31.5 32.0 31.0 30.3 28.9 27.8 26.2 24.0 23.0 20.6 21.3 21.0 21.1 20.9 21.2 21.1 21.1 20.9 32.1 31.7 30.8 30.5 29.0 28.1 25.6 24.5 24.0 22.4 21.1 20.6 20.7 20.9 21.2 20.7 21.2 20.9 21.2 32.0 31.4 31.3 30.3 29.0 27.4 25.6 23.9 22.5 23.4 20.9 21.1 20.6 21.1 20.7 21.0 20.8 21.3 20.8 21.5 20.9 21.1 20.8 21.1 33.9 31.9 31.1 31.2 30.3 29.8 28.9 26.9 25.2 23.0 20.6 20.9 20.8 20.7 20.9 20.7 21.0 21.1 20.8 33.0 31.6 31.5 30.0 30.6 28.2 26.6 25.5 23.3 22.1 21.1 21.3 20.3 20.9 20.9 
Direction:  {53 127} {43 137} {41 139} {50 130} {44 136} {49 131} {44 136} {43 137} {53 127} n n n {347 193} {347 193} n n n n {44 136} {51 129} {46 134} {51 129} {43 137} {50 130} {39 141} {39 141} {50 130} {46 134} n {351 189} {349 191} n n n {348 192} {348 192} n n n n {348 192} n {47 133} {50 130} {51 129} {47 133} {46 134} {51 129} {43 137} {42 138} {47 133} {52 128} {346 194} n n {347 193} n n {350 190} n n {47 133} {47 133} {43 137} {41 139} {44 136} {43 137} {51 129} {57 123} {43 137} {45 135} n {346 194} n n n n n {350 190} {348 192} n n n {348 192} n {46 134} {43 137} {52 128} {43 137} {50 130} {53 127} {47 133} {43 137} {45 135} {46 134} n n n {350 190} n {348 192} n n n {43 137} {42 138} {51 129} {51 129} {42 138} {41 139} {48 132} {49 131} {52 128} n n n n n {349 191} n {348 192} n n {50 130} {52 128} {48 132} {53 127} {45 135} {51 129} {50 130} {46 134} {54 126} n n {352 188} {347 193} n n n n n n {44 136} {44 136} {47 133} {45 135} {52 128} {43 137} {46 134} {46 134} {49 131} {44 136} n n n n n {350 190} {348 192} n n n n n n n {44 136} {43 137} {47 133} {50 130} {43 137} {48 132} {43 137} {43 137} {50 130} n n n n n {347 193} n n n n {43 137} {51 129} {44 136} {41 139} {53 127} {44 136} {46 134} {47 133} {49 131} n n n {349 191} n n

54.2: Count:  10.0 (  3.9) A:  15.2 [11-53] B:  27.4 [11-128] Phase: 100% 141 (40.8) Direction:  {46 134}
Phase: {1243,275,235,351,449,466,248,366,301,290,338,253,185,249,253,333,176,256,264,196,269,201,292,259,224,227,196,300,229,253,281,294,271,268,328,341,363,324,392,328,332,466,423,415,395,504,425,514,548,588,536,576,602,590,700,714,672,638,765,832,820,784,877,1039,775,972,996,1144,1152,1076,1146,921,1361,1198,1232,1381,1330,1464,1282,1387,1604,1521,1557,1649,1632,1672,1979,1929,1990,1673,2780,1766,2055,2192,2287,2342,2260,2487,2458,2647,2569,2734,2532,3123,2986,3003,2855,3201,3580,3004,3362,3599,3646,3705,3939,3943,3478,4435,4219,4132,4471,4471,4353,4265,4489,4655,4663,4632,4828,4803,4664,4786,4882,4999,4346,5255,4396,4837,4834,4955,4695,4874,4837,4870,4870,4818,4852,4567,4928,4754,4570,4616,4830,5144,4131,4529,4553,4392,4567,4369,4356,3926,4517,4219,4097,4285,3969,4014,3642,3754,3529,3553,3431,3440,3182,3351,3208,2975,2935,2638,3757,2413,2738,2464,2641,2590,2277,2330,2200,2251,2128,1968,1865,2059,1842,1894,1671,1751,1826,1484,1567,1447,1540,1443,1386,1323,1148,1454,1286,1201,1198,1077,1127,959,1071,1066,905,952,981,891,794,813,879,763,608,841,644,647,665,648,543,566,600,507,531,535,532,406,473,457,406,401,356,421,298,328,346,319,351,231,286,235,318,248,221,309,271,231,166,211,251,234,169,245,137,300,221,189,177,146,469,164,182,186,294,387,175,281,187,269,380,309,182,273,356,565,245,337,444,253,472,340,583,464,430,383,482,787,535,478,610,765,702,422,876,880,839,719,855,837,804,1142,1124,761,1011,1211,1075,914,1243,1271,953,1128,1153,1062,1234,1333,1293,782,1304,1366,1208,1037,1071,1599,941,910,1088,1119,1384,966,1229,608,1185,907,596,1468,897,700,488,853,1096,830,486,683,431,959,672,463,311,303}
Count:  15.9  15.3  15.4  14.8  14.1  13.1  12.7  11.0  10.6   6.3   6.4   6.3   6.8   6.1   6.3   6.4   6.4   6.5  10.6  16.5  15.9  15.0  14.2  13.4  12.5  11.2  10.0  10.2   6.6   6.7   6.0   6.4   6.5   6.4   6.3   7.0   6.7   6.4   6.1   6.4   6.5   6.2  13.0  16.3  15.8  15.7  14.6  15.1  13.3  13.3  11.9  11.5   6.1   6.6   6.5   6.3   6.8   6.4   6.2   6.7   6.7  12.7  16.5  15.9  14.6  14.6  14.2  12.9  11.4  11.5  10.2   6.2   6.2   6.3   6.5   6.1   6.4   6.7   6.7   6.9   7.0   6.4   6.3   6.5   6.5  15.2  17.1  16.0  16.0  15.5  14.6  13.7  14.0  12.8  10.3   6.6   6.3   5.9   6.8   6.1   6.8   6.6   7.0   6.8  15.6  16.2  16.1  15.0  14.3  13.6  13.5  11.8  11.7   8.9   6.3   6.6   6.6   7.0   6.9   6.5   6.2   6.4   6.3  14.9  16.1  14.9  15.3  13.6  13.3  11.8  11.3  10.9   8.5   6.2   6.4   6.8   6.3   6.3   6.3   6.7   6.4   6.8  14.7  16.1  15.9  14.4  14.1  12.3  11.7  11.3  10.3   9.1   6.1   6.3   6.4   6.4   6.1   6.9   6.6   6.5   6.5   6.6   6.2   6.4   6.2   7.0  17.7  16.7  15.8  15.9  14.5  14.5  13.3  12.8  11.3   8.1   6.4   6.3   6.1   7.1   6.7   6.5   6.8   6.7   6.9  17.9  16.3  16.0  14.6  14.6  13.2  13.2  11.6  10.6   8.2   6.5   6.6   6.4   6.8   6.4 
B: 32.3 31.6 32.1 31.2 30.2 28.4 27.2 24.6 23.6 22.0 21.8 21.9 22.0 21.4 21.8 21.8 21.6 21.9 32.2 31.9 32.2 31.5 31.9 28.9 27.3 25.6 24.1 22.7 22.8 21.8 21.7 22.0 21.9 22.5 21.5 21.4 21.8 21.9 22.2 22.0 21.8 22.1 31.0 33.1 32.6 32.5 31.6 31.3 30.1 28.2 27.1 25.1 21.4 21.6 21.6 22.2 22.0 22.3 21.8 21.8 22.2 32.5 33.8 33.6 31.7 31.7 28.6 28.7 26.2 24.2 23.4 21.9 22.0 22.3 22.0 22.2 21.8 21.8 21.8 21.5 21.8 22.4 22.7 22.4 22.0 35.1 33.5 32.8 32.2 31.8 31.4 30.5 29.1 27.8 26.2 21.5 22.5 22.0 21.7 21.7 21.3 21.4 21.8 21.5 34.2 32.4 32.6 32.5 31.7 29.9 28.7 26.6 24.7 23.4 21.9 22.1 22.0 21.8 21.6 22.0 22.3 21.8 21.6 32.7 32.9 31.6 31.6 30.0 29.2 26.0 25.2 24.2 22.8 21.9 21.4 21.8 22.3 22.1 22.3 22.4 21.7 22.2 33.8 32.4 32.5 31.0 29.8 27.8 26.0 24.3 22.4 23.7 22.1 22.2 21.6 22.0 21.8 21.7 21.4 22.0 21.8 22.4 22.4 22.1 22.6 22.2 35.5 32.6 32.3 32.3 31.1 30.5 29.3 27.8 26.0 24.1 22.0 22.1 21.9 21.5 21.9 21.8 21.8 22.1 21.7 33.9 32.4 32.2 31.0 31.5 29.2 27.3 25.7 23.5 23.1 21.8 22.2 21.4 21.6 22.1 
Direction:  {46 134} {44 136} {48 132} {43 137} {48 132} {46 134} {42 138} {42 138} {47 133} n n n n n n n n n {41 139} {47 133} {40 140} {46 134} {45 135} {42 138} {47 133} {47 133} n n n n n n n n n n n n n n n n {42 138} {47 133} {47 133} {40 140} {42 138} {43 137} {48 132} {40 140} {47 133} {41 139} n n n n n n n n n {49 131} {46 134} {42 138} {42 138} {47 133} {48 132} {38 142} {50 130} {49 131} {44 136} n n n n n n n n n n n n n n {42 138} {50 130} {49 131} {45 135} {48 132} {46 134} {41 139} {45 135} {57 123} {45 135} n n n n n n n n n {42 138} {45 135} {46 134} {47 133} {46 134} {41 139} {45 135} {41 139} {42 138} n n n n n n n n n n {42 138} {51 129} {49 131} {47 133} {47 133} {41 139} {56 124} {38 142} {44 136} n n n n n n n n n n {42 138} {52 128} {46 134} {45 135} {45 135} {47 133} {43 137} {54 126} {49 131} {45 135} n n n n n n n n n n n n n n {48 132} {42 138} {46 134} {51 129} {50 130} {49 131} {45 135} {41 139} {53 127} n n n n n n n n n n {47 133} {47 133} {44 136} {43 137} {41 139} {48 132} {45 135} {43 137} {292 248 66 114} n n n n n n

54.3: Count:   7.0 (  4.0) A:  15.7 [11-52] B:  30.2 [11-122] Phase: 100% 140 (29.8) Direction:  {46 134}
Phase: {240,39,48,66,88,114,57,70,38,52,76,53,37,46,51,80,40,51,66,40,74,49,69,67,50,62,43,95,81,69,68,101,68,59,107,131,80,96,141,109,141,162,126,134,129,211,160,160,205,221,217,203,228,277,231,285,262,287,304,361,406,348,353,465,309,417,471,450,572,486,562,394,619,604,627,730,708,726,643,798,865,876,878,924,879,1085,1104,1053,1189,984,1730,1119,1441,1312,1530,1600,1566,1792,1797,1857,1947,1959,1884,2195,2147,2319,2288,2493,2875,2266,2845,2928,3249,3294,3345,3269,3204,3946,3861,3916,4002,4222,4389,3957,4652,4627,4798,4694,4955,4901,4792,5051,5000,5166,4700,5466,4723,5111,5109,4956,4638,4942,4893,4719,5083,4970,4919,4494,4850,4956,5028,4762,4790,5132,4216,4626,4620,4626,4594,4130,4201,3676,4371,3905,3574,3608,3367,3442,3004,2897,2911,2933,2698,2656,2355,2658,2269,2235,2137,1633,2584,1596,1700,1590,1648,1576,1353,1442,1229,1260,1181,1108,944,1007,1035,1018,839,838,925,683,776,704,811,652,612,571,487,586,489,486,536,471,495,372,413,429,360,345,377,298,321,337,319,245,199,304,175,224,236,178,171,174,176,165,164,144,158,78,135,102,94,105,94,142,67,85,76,106,113,58,82,48,79,61,53,77,58,56,32,48,52,52,45,44,28,43,49,45,31,20,98,21,28,31,36,63,29,43,41,43,63,52,35,36,37,83,38,60,54,37,82,42,97,72,59,34,59,129,68,63,81,113,92,43,132,117,100,94,119,118,99,163,162,92,154,118,148,82,169,211,115,168,140,142,194,139,175,94,172,186,172,111,142,254,121,106,138,148,227,122,168,120,154,139,85,261,107,69,62,130,203,137,54,131,70,151,88,65,46,53}
Count:  13.5  12.9  12.6  12.0  11.0  10.4   9.1   8.1   7.4   3.5   3.4   3.4   3.6   3.3   3.4   3.3   3.2   3.3   7.9  13.5  13.2  12.0  11.6  10.4   9.6   8.4   7.1   6.5   3.8   3.6   3.2   3.3   3.5   3.4   3.5   3.8   3.4   3.7   3.3   3.8   3.6   3.5  10.3  13.8  13.4  13.1  11.7  12.2  10.3  10.6   9.0   8.0   3.0   3.5   3.4   3.6   3.6   3.6   3.3   3.7   3.6  10.0  13.7  13.1  12.0  12.2  10.6  10.2   8.1   7.9   6.6   3.2   3.8   3.5   3.5   3.3   3.6   3.5   3.3   3.5   3.6   3.5   3.8   3.4   3.4  13.0  14.2  13.5  12.8  12.8  11.8  11.3  11.0   9.6   7.1   3.2   3.6   3.4   3.5   3.2   3.6   3.4   3.7   3.6  12.8  13.4  13.1  12.2  11.8  11.0  10.1   8.8   8.2   5.5   3.5   3.6   3.5   3.5   3.8   3.5   3.6   3.5   3.7  12.0  13.5  12.4  12.3  10.9  10.6   8.8   8.2   7.4   5.1   3.5   3.5   3.6   3.4   3.2   3.4   3.5   3.5   3.5  12.4  13.5  13.0  11.1  11.4   9.1   8.6   7.7   6.5   5.7   3.3   3.6   3.6   3.5   3.3   3.6   3.6   3.5   3.5   3.8   3.4   3.6   3.3   3.7  14.9  13.8  13.1  13.0  11.9  11.4  10.3  10.0   8.2   5.1   3.4   3.8   3.8   3.5   3.4   3.7   3.7   3.6   3.6  15.3  13.3  13.1  11.7  12.1  10.1   9.9   8.2   7.4   4.8   3.5   3.6   3.5   3.8   3.4 
B: 34.5 34.6 34.0 34.4 32.3 31.3 28.5 26.6 24.6 24.1 23.8 23.8 23.7 23.3 24.2 23.4 23.8 23.5 35.9 34.5 34.9 34.1 34.0 30.8 29.6 27.2 25.0 23.7 25.7 23.9 23.6 23.9 23.8 23.6 23.5 23.3 23.1 23.7 24.0 23.9 23.7 23.8 33.8 34.9 35.1 35.0 34.0 33.5 32.1 31.1 28.9 26.8 23.9 23.6 23.6 23.2 23.5 23.5 23.0 23.9 23.7 35.1 35.3 35.7 33.5 34.1 31.2 31.1 27.4 26.0 23.7 24.0 23.9 23.9 23.3 23.7 23.6 23.1 23.4 23.7 23.5 23.7 23.7 23.6 24.1 37.4 35.8 35.5 34.4 34.2 33.6 33.5 31.4 30.1 28.2 23.6 23.8 24.4 24.2 24.1 23.7 23.3 23.6 23.4 37.1 33.9 34.6 34.5 33.8 31.9 30.7 28.5 26.1 24.6 23.7 23.7 23.9 23.5 23.9 23.7 24.0 23.7 24.4 36.0 35.1 33.5 34.5 31.6 31.3 27.8 26.8 25.5 24.9 23.4 23.6 23.2 23.7 23.7 23.4 23.6 23.1 24.2 36.1 34.1 34.8 33.7 31.8 29.5 27.6 25.4 23.6 24.9 23.9 23.9 23.7 24.2 23.4 24.0 23.7 23.5 23.3 24.0 23.8 23.5 23.7 24.3 37.8 34.8 34.8 35.1 33.2 32.9 31.6 29.4 27.8 25.4 23.8 24.1 23.6 23.2 24.1 23.8 23.2 24.4 23.1 36.2 35.0 35.3 34.1 33.3 30.7 29.3 27.8 24.3 24.6 23.4 23.7 23.4 23.6 23.7 
Direction:  {47 133} {44 136} {42 138} {41 139} {42 138} {42 138} {39 141} {49 131} {42 138} n n n n n n n n n {50 130} {42 138} {46 134} {45 135} {52 128} {41 139} {42 138} {44 136} {45 135} n n n n n n n n n n n n n n n {47 133} {51 129} {43 137} {44 136} {50 130} {52 128} {42 138} {53 127} {42 138} {44 136} n n n n n n n n n {49 131} {43 137} {44 136} {50 130} {44 136} {53 127} {49 131} {40 140} {41 139} n n n n n n n n n n n n n n n {44 136} {43 137} {46 134} {48 132} {50 130} {48 132} {45 135} {52 128} {53 127} {47 133} n n n n n n n n n {48 132} {44 136} {43 137} {41 139} {43 137} {40 140} {40 140} {42 138} {42 138} n n n n n n n n n n {43 137} {51 129} {51 129} {43 137} {44 136} {41 139} {49 131} {43 137} {41 139} n n n n n n n n n n {44 136} {43 137} {49 131} {44 136} {48 132} {43 137} {44 136} {47 133} n n n n n n n n n n n n n n n n {44 136} {43 137} {49 131} {48 132} {50 130} {41 139} {44 136} {41 139} {39 141} n n n n n n n n n n {47 133} {44 136} {46 134} {39 141} {44 136} {53 127} {44 136} {44 136} {49 131} n n n n n n

54.4: Count:   5.7 (  4.0) A:  15.9 [11-52] B:  31.7 [11-121] Phase: 100% 140 (23.4) Direction:  {46 134}
Phase: {11,1,4,5,5,11,2,6,2,1,6,10,4,0,11,2,8,3,5,4,4,3,5,8,11,7,4,8,10,2,4,13,6,14,19,12,12,21,14,19,20,26,24,28,24,36,31,34,38,58,50,38,66,54,72,64,83,55,92,100,117,111,147,132,133,175,157,165,216,188,202,177,278,256,279,351,298,358,342,369,482,453,410,521,474,608,576,573,698,595,1153,650,828,826,989,1185,972,1207,1197,1272,1398,1368,1256,1659,1666,1834,1681,1925,2298,1855,2241,2271,2611,2719,2716,2938,2677,3490,3430,3365,3793,3940,4058,3896,4343,4512,4471,4562,4859,4850,5006,4987,5057,5296,4899,5835,5079,5399,5413,5578,5183,5441,5344,5159,5239,5228,5258,4924,5314,5066,5061,4706,4765,5090,4076,4391,4172,4220,4165,3817,3817,3173,3676,3277,3044,3192,2803,2811,2303,2349,2240,2272,1942,1875,1675,1694,1636,1398,1419,1111,1814,958,1123,947,1024,980,746,806,657,728,725,566,499,612,492,465,407,424,394,346,317,243,308,267,276,251,183,242,183,165,144,169,129,70,156,101,95,94,85,75,59,69,53,53,56,70,33,42,42,64,26,36,24,23,20,22,29,6,17,24,21,25,13,17,20,13,12,10,10,6,8,5,1,5,4,5,5,6,4,7,4,6,6,3,7,8,3,6,1,2,12,1,2,4,1,4,2,2,5,5,2,4,3,1,1,2,1,0,3,3,4,4,3,7,6,0,5,5,1,0,4,2,2,0,7,2,2,2,3,1,3,7,9,0,6,2,4,1,2,6,4,8,2,2,5,2,6,0,4,5,5,0,1,5,3,1,3,1,3,2,4,6,4,4,8,9,3,8,0,4,6,4,1,6,0,7,1,4,2,1}
Count:  12.3  11.9  10.9  10.8   9.8   9.2   7.5   6.6   5.6   2.1   2.1   2.1   2.2   2.0   2.3   2.0   2.3   2.0   6.9  12.0  11.8  10.8  10.2   8.9   8.4   7.1   5.6   4.6   2.5   2.2   2.2   2.2   2.1   2.2   2.1   2.2   2.1   2.4   2.2   2.4   2.2   2.3   9.0  12.4  12.2  11.6  10.7  10.5   9.2   9.1   7.6   6.4   1.8   2.2   2.0   2.1   2.3   2.2   2.1   2.2   2.3   8.7  12.6  12.0  10.8  10.6   9.0   9.3   7.0   6.2   4.3   2.1   2.2   2.3   2.2   2.1   2.1   2.2   2.0   2.1   2.4   2.1   2.2   2.2   2.2  11.9  12.7  12.4  11.1  11.7  10.2  10.1   9.2   8.6   5.6   2.0   2.1   2.3   2.2   1.9   2.2   2.0   2.2   2.2  11.6  12.5  11.8  11.4  10.5   9.7   8.7   7.3   6.6   3.8   2.2   2.3   2.3   2.3   2.2   2.0   2.4   2.0   2.2  11.4  12.5  11.1  10.9   9.5   9.5   7.9   6.6   5.4   3.5   2.0   2.4   2.0   2.2   2.0   2.0   2.2   2.1   2.1  11.1  11.6  11.7   9.9   9.9   7.8   7.2   5.7   4.8   3.8   2.0   2.4   2.4   2.3   2.1   2.1   1.9   2.1   2.1   2.4   2.2   2.3   2.1   2.6  13.7  12.4  12.0  11.6  10.5  10.0   9.3   8.4   6.8   4.0   2.0   2.2   2.2   2.6   2.2   2.2   2.1   2.3   2.3  14.0  12.0  11.8  11.0  10.2   9.0   8.5   6.4   5.7   3.5   2.2   2.2   2.1   2.3   2.0 
B: 35.3 35.2 34.8 34.8 33.1 32.5 28.8 26.7 24.9 26.2 24.6 25.0 25.0 24.7 24.8 24.3 24.5 24.5 37.8 36.2 36.1 34.8 35.2 32.9 30.3 27.6 25.7 23.9 26.6 24.9 25.2 24.8 25.0 24.6 25.1 25.4 24.6 23.8 24.2 24.7 24.4 24.3 34.7 35.7 36.6 36.4 34.4 34.9 32.8 31.2 29.2 27.1 24.0 25.0 24.8 24.7 25.2 24.5 24.7 25.1 24.6 36.9 36.0 36.5 34.2 35.0 32.7 31.5 27.1 26.2 24.4 25.3 24.8 24.4 25.0 24.8 24.6 24.8 24.0 25.1 24.2 24.8 24.3 25.0 24.6 38.3 36.5 36.0 35.6 35.7 34.9 34.6 32.2 30.4 29.2 25.1 25.2 24.7 24.9 24.6 25.1 24.9 25.1 24.8 39.0 35.6 35.2 34.7 34.9 32.8 31.6 28.7 26.4 24.6 24.2 24.3 24.3 24.2 25.1 24.4 24.1 24.4 24.1 36.4 35.8 34.9 35.0 33.0 31.7 29.3 27.2 25.9 25.5 24.6 24.4 24.9 25.1 24.3 24.4 24.4 24.7 24.8 36.5 35.2 35.4 34.5 33.3 30.3 26.9 26.2 24.5 25.6 24.6 24.0 24.1 24.8 24.7 24.7 25.1 24.3 24.5 24.7 25.0 24.6 24.2 25.5 37.6 35.5 36.5 36.2 35.1 33.1 32.3 30.2 28.0 25.7 25.6 25.7 23.9 24.0 24.6 24.5 24.2 24.9 24.3 37.2 34.4 36.0 35.0 35.4 31.1 30.8 27.0 25.0 25.0 24.5 23.9 24.2 24.5 25.9 
Direction:  {46 134} {42 138} {49 131} {42 138} {46 134} {45 135} {46 134} {39 141} {50 130} n n n n n n n n n {46 134} {44 136} {48 132} {44 136} {45 135} {45 135} {45 135} {46 134} {40 140} n n n n n n n n n n n n n n n {48 132} {46 134} {43 137} {45 135} {47 133} {46 134} {49 131} {46 134} {46 134} {46 134} n n n n n n n n n {45 135} {46 134} {44 136} {45 135} {46 134} {43 137} {47 133} {46 134} {43 137} n n n n n n n n n n n n n n n {44 136} {48 132} {43 137} {45 135} {46 134} {48 132} {45 135} {44 136} {43 137} {44 136} n n n n n n n n n {46 134} {46 134} {45 135} {46 134} {46 134} {41 139} {45 135} {43 137} {42 138} n n n n n n n n n n {43 137} {42 138} {43 137} {44 136} {47 133} {48 132} {46 134} {45 135} {44 136} n n n n n n n n n n {43 137} {43 137} {45 135} {48 132} {47 133} {45 135} {42 138} {51 129} {42 138} n n n n n n n n n n n n n n n {43 137} {45 135} {47 133} {47 133} {47 133} {47 133} {42 138} {44 136} {41 139} n n n n n n n n n n {47 133} {46 134} {48 132} {48 132} {49 131} {47 133} {47 133} {45 135} {40 140} n n n n n n

54.5: Count:   5.5 (  4.1) A:  15.9 [11-53] B:  31.2 [11-122] Phase: 100% 140 (22.4) Direction:  {45 135}
Phase: {38,8,9,13,16,18,5,8,13,24,18,8,9,15,7,14,13,18,14,10,15,11,27,15,23,25,13,24,20,15,27,17,20,24,39,22,41,28,50,26,44,57,50,37,60,77,77,73,74,77,70,64,78,74,104,120,109,99,127,139,131,136,157,203,147,150,164,187,214,222,202,212,289,250,243,327,284,359,343,362,427,383,388,464,447,587,542,528,619,515,1034,660,748,874,966,1000,811,1115,1008,1209,1275,1273,1264,1492,1446,1644,1611,1956,2046,1665,2144,2144,2454,2586,2604,2613,2505,3418,3161,3311,3667,3903,4029,3740,4231,4317,4660,4626,4778,4888,4892,5194,5037,5272,4815,5848,5035,5377,5528,5501,5239,5305,5325,5328,5319,5376,5070,4784,5114,5037,4928,4698,4724,5011,3980,4329,4137,4235,3999,3677,3520,3135,3463,3156,2904,2830,2672,2647,2115,2144,1992,2096,1817,1754,1597,1541,1436,1185,1119,943,1546,859,873,869,859,797,660,668,613,612,560,515,404,506,398,381,307,367,340,259,287,257,283,241,213,200,132,232,140,128,171,132,109,116,126,122,81,77,96,89,60,78,56,54,51,84,50,40,47,46,33,32,45,38,39,33,44,15,24,18,20,18,21,33,15,23,12,14,26,14,20,17,24,9,3,10,7,6,11,16,10,5,6,3,6,13,7,6,9,10,18,4,7,6,6,7,2,5,8,3,6,4,5,2,8,8,5,7,12,4,3,2,9,8,13,4,9,27,8,7,12,19,14,7,24,13,14,15,28,18,17,23,31,11,25,31,21,11,28,43,25,26,27,18,39,38,28,31,19,38,36,18,18,56,13,27,17,25,51,27,53,20,23,26,14,45,19,13,15,21,41,16,20,18,6,41,28,15,7,9}
Count:  12.5  11.8  11.1  10.9   9.4   9.0   7.4   6.7   5.5   1.8   1.8   1.8   1.9   1.7   2.1   1.7   1.9   1.7   6.9  12.0  11.9  10.8  10.4   8.7   8.3   6.6   5.7   4.4   2.1   1.9   1.9   2.0   1.9   1.9   1.8   2.0   1.9   1.9   2.1   1.9   1.9   2.0   9.1  12.3  12.5  11.5  11.1  10.1   9.6   8.6   7.7   6.1   1.6   1.8   1.9   2.0   2.0   2.0   1.8   1.9   1.9   9.0  12.4  12.0  10.8  10.6   8.9   9.2   7.1   6.4   4.7   1.8   1.9   2.0   2.0   1.9   1.9   2.0   1.9   1.9   1.8   2.1   1.8   2.0   2.0  11.9  12.7  12.2  11.1  11.3   9.8  10.2   9.2   8.5   5.7   1.8   2.0   2.2   2.0   1.7   2.0   1.9   2.0   2.0  11.6  12.6  11.7  11.3  10.3   9.4   8.7   7.5   6.6   4.2   2.0   1.9   1.9   1.9   1.9   1.8   1.9   1.8   2.0  11.4  12.4  11.2  10.7   9.5   9.4   7.4   6.6   5.1   3.8   1.8   2.0   2.0   2.1   1.8   1.9   1.8   1.9   1.8  10.9  11.6  11.5   9.8   9.3   8.1   7.5   5.6   4.6   3.3   1.8   2.1   2.0   1.9   2.0   1.9   1.8   1.8   1.8   2.0   2.0   2.0   2.0   2.3  13.7  12.4  12.0  11.2  10.9   9.6   9.0   7.8   6.9   3.9   1.8   2.1   1.8   2.0   1.9   1.9   1.9   2.1   2.3  13.7  12.0  11.7  10.7  10.2   9.3   8.0   6.6   5.5   3.1   1.9   1.9   1.9   2.0   1.9 
B: 34.3 35.4 34.4 34.1 33.5 32.1 29.3 26.4 23.8 25.5 23.9 24.6 23.6 24.1 23.9 23.8 23.4 23.9 36.2 35.3 35.0 33.8 34.4 31.8 30.1 26.4 24.3 22.4 24.9 24.4 24.1 24.3 23.7 24.2 23.5 24.0 24.0 23.9 23.4 23.6 24.1 23.3 35.0 35.2 35.5 35.0 34.3 34.3 33.1 30.4 28.4 27.2 23.2 24.0 23.6 24.1 24.3 23.8 23.7 24.3 22.8 35.9 35.3 36.1 33.8 33.9 32.6 31.3 27.0 24.9 24.8 24.5 24.0 24.1 24.1 23.7 23.3 23.6 23.7 24.2 23.6 23.2 24.6 24.0 23.3 37.2 35.2 35.4 34.5 35.0 33.8 34.3 31.3 29.6 28.3 24.6 24.2 24.1 24.5 24.2 23.8 24.0 24.0 24.2 37.5 35.5 34.9 34.0 34.2 33.4 31.0 28.4 25.6 24.0 23.4 23.9 23.8 23.9 24.5 23.2 24.1 24.0 24.0 36.2 35.6 34.3 33.6 33.4 31.5 29.1 25.5 23.8 24.4 24.3 23.7 24.1 24.0 24.0 23.7 24.1 24.4 22.7 35.2 34.8 35.3 33.1 32.5 29.9 26.9 24.9 23.7 23.8 23.4 23.6 24.2 24.2 23.4 24.0 24.3 24.2 22.8 24.3 23.8 23.8 23.7 25.0 36.1 34.8 35.1 34.6 34.9 34.0 31.7 29.8 27.7 26.1 24.3 24.4 23.5 24.0 24.2 23.8 23.9 23.9 24.2 36.3 33.5 35.1 35.3 34.4 30.6 29.9 26.1 23.4 24.1 23.8 23.4 24.1 23.9 24.8 
Direction:  {49 131} {43 137} {44 136} {48 132} {45 135} {47 133} {42 138} {44 136} {41 139} n n n n n n n n n {45 135} {45 135} {42 138} {47 133} {44 136} {44 136} {44 136} {51 129} {51 129} n n n n n n n n n n n n n n n {45 135} {45 135} {47 133} {47 133} {43 137} {44 136} {48 132} {43 137} {43 137} {47 133} n n n n n n n n n {47 133} {44 136} {44 136} {43 137} {46 134} {47 133} {45 135} {47 133} {41 139} n n n n n n n n n n n n n n n {47 133} {46 134} {46 134} {44 136} {44 136} {44 136} {47 133} {43 137} {41 139} {45 135} n n n n n n n n n {45 135} {45 135} {44 136} {49 131} {47 133} {45 135} {51 129} {41 139} {38 142} n n n n n n n n n n {48 132} {48 132} {45 135} {45 135} {48 132} {47 133} {42 138} {41 139} n n n n n n n n n n n {44 136} {45 135} {45 135} {42 138} {47 133} {44 136} {45 135} {45 135} n n n n n n n n n n n n n n n n {47 133} {46 134} {46 134} {43 137} {45 135} {45 135} {41 139} {44 136} {46 134} n n n n n n n n n n {44 136} {44 136} {43 137} {43 137} {44 136} {46 134} {47 133} {41 139} n n n n n n n

54.6: Count:   6.0 (  4.3) A:  15.9 [11-53] B:  30.4 [11-128] Phase: 97% 140 (20.8) Direction:  {45 135}  12% 88 ( 8.6) Direction:  {27 153}
Phase: {65,12,9,21,21,42,12,34,15,25,39,27,24,20,17,47,21,27,30,23,38,32,50,30,37,38,28,59,37,66,50,66,65,48,90,60,63,56,79,56,85,81,128,95,99,150,117,121,122,161,139,170,172,155,190,225,221,178,225,248,251,259,345,361,252,308,378,353,391,373,416,316,491,418,518,513,478,554,477,536,648,683,636,709,600,775,809,762,801,695,1283,737,902,978,1078,1284,1073,1116,1227,1405,1494,1447,1315,1703,1664,1824,1729,1876,2235,1931,2283,2320,2511,2530,2525,2680,2441,3369,3280,3311,3723,3747,4015,3686,4342,4528,4679,4628,5205,5150,5161,5350,5558,5921,5291,6089,5344,6063,6045,5923,5969,6066,5754,5662,5721,5727,5770,5331,5580,5366,5219,4925,4916,5281,4151,4456,4163,4128,3865,3604,3351,2980,3441,2992,2803,2696,2619,2451,2174,2106,2080,2055,1847,1698,1578,1582,1548,1373,1318,1050,1661,887,965,954,889,873,744,741,716,769,709,590,460,583,494,535,455,446,479,371,359,322,322,325,319,227,223,283,227,183,226,215,199,140,145,175,129,145,126,122,117,119,84,89,86,101,79,82,59,75,51,71,67,53,46,43,42,38,22,47,43,23,35,34,21,19,17,20,29,15,33,16,19,11,15,20,20,16,10,17,20,8,10,19,6,6,12,9,8,2,20,6,5,3,14,15,7,11,13,6,11,7,3,16,6,14,8,3,13,4,6,3,12,5,3,2,4,15,12,8,11,9,14,1,14,12,17,10,13,15,9,12,24,21,14,18,9,12,22,23,15,18,26,16,13,31,32,12,24,32,21,10,19,35,35,17,14,16,40,19,29,25,46,21,17,43,22,16,16,18,38,24,16,26,13,47,18,21,18,8}
Count:  13.0  12.4  11.6  11.4  10.3   9.3   8.1   7.5   6.4   1.9   2.2   2.1   1.9   2.0   2.1   2.0   2.2   2.0   6.8  12.7  12.9  11.6  11.1   9.7   9.6   7.6   7.1   5.5   2.3   2.0   1.9   2.0   2.0   2.1   2.0   2.1   2.1   2.2   2.1   2.0   2.1   2.0   9.5  13.1  12.8  11.8  11.8  10.6  10.3   9.2   8.5   6.9   1.9   2.2   2.0   2.2   2.2   2.2   2.0   1.9   2.0   9.2  12.9  12.6  11.3  11.0   9.5   9.4   7.9   7.6   5.7   2.0   2.2   2.1   2.2   2.2   2.0   2.2   1.8   2.2   2.0   2.2   2.1   2.2   2.2  12.5  13.0  13.1  11.7  11.9  10.3  10.7   9.6   9.5   6.2   2.0   2.2   2.1   2.2   1.9   2.0   2.3   2.3   2.3  12.1  13.4  12.3  11.8  11.1  10.1   9.4   8.6   7.5   5.1   2.0   2.1   2.2   2.0   2.1   2.0   2.1   2.1   2.2  12.0  12.9  11.8  11.4  10.5  10.1   8.0   7.4   6.1   4.5   2.0   2.2   2.2   2.2   1.9   2.1   2.1   2.1   1.9  11.6  11.8  11.8  10.7  10.1   9.1   8.6   6.8   6.0   4.0   2.0   2.2   2.2   2.2   2.0   2.0   2.1   2.0   2.1   2.2   2.3   2.2   2.1   2.3  14.1  12.5  12.9  11.4  11.5  10.4  10.2   8.8   8.3   4.5   2.2   2.2   2.1   2.2   2.1   2.1   2.1   2.2   2.4  14.4  13.0  12.6  11.3  10.9   9.6   9.0   7.6   6.9   3.8   2.3   2.2   2.2   2.3   2.2 
B: 34.3 34.2 33.2 33.5 32.5 30.8 28.6 26.8 24.4 25.0 22.9 23.1 23.5 22.5 23.0 22.9 22.1 22.4 33.5 36.0 34.5 33.3 33.3 31.2 29.4 27.2 24.1 22.7 23.5 24.3 23.2 22.9 23.4 23.4 22.7 22.8 23.0 22.2 22.8 21.8 22.7 23.3 34.1 34.4 34.4 33.7 34.4 33.1 33.2 30.3 28.4 27.4 22.8 22.8 22.9 22.9 23.0 23.3 23.0 23.5 21.9 35.5 34.3 34.4 32.9 33.4 31.5 30.8 27.6 25.4 25.0 23.0 22.9 23.0 23.0 22.6 22.7 22.9 23.1 23.4 22.4 22.4 24.1 23.1 22.6 36.0 34.5 33.8 33.7 34.1 33.3 33.3 31.4 29.5 27.7 24.2 23.0 23.2 23.0 23.4 22.8 22.8 22.7 23.4 37.1 34.8 34.1 32.7 33.3 32.9 30.7 27.9 26.3 24.8 23.5 23.5 23.0 23.3 23.2 22.5 22.8 22.9 23.4 35.3 34.6 32.3 32.8 33.1 30.7 28.6 25.1 23.3 23.7 22.7 23.1 22.8 22.8 23.1 22.8 22.9 23.1 22.6 34.4 33.4 34.1 32.9 32.3 29.9 27.0 24.4 23.3 23.5 22.6 22.8 23.6 22.4 22.9 23.4 22.4 23.2 23.5 22.6 23.1 22.8 22.8 24.4 34.8 34.2 34.3 34.2 34.4 33.0 31.5 29.5 27.2 26.0 23.3 22.6 23.1 22.8 22.8 22.6 22.8 22.4 23.7 36.1 33.2 34.3 35.1 33.4 30.5 29.2 26.4 24.1 24.8 23.5 23.0 22.1 22.6 22.8 
Direction:  {44 136} {46 134} {44 136} {41 139} {47 133} {42 138} {45 135} {46 134} {44 136} n n n n n n n n n {44 136} {46 134} {47 133} {44 136} {45 135} {45 135} {44 136} {48 132} {44 136} {42 138} n n n n n n n n n n n n n n {45 135} {46 134} {44 136} {44 136} {45 135} {44 136} {44 136} {47 133} {49 131} {44 136} n n n n n n n n n {47 133} {45 135} {45 135} {47 133} {45 135} {45 135} {46 134} {44 136} {40 140} {45 135} n n n n n n n n n n n n n n {45 135} {45 135} {44 136} {46 134} {46 134} {44 136} {45 135} {42 138} {44 136} {41 139} n n n n n n n n n {45 135} {46 134} {47 133} {44 136} {43 137} {42 138} {47 133} {42 138} {46 134} {40 140} n n n n n n n n n {46 134} {44 136} {47 133} {49 131} {49 131} {42 138} {42 138} {40 140} {45 135} n n n n n n n n n n {45 135} {45 135} {45 135} {46 134} {43 137} {43 137} {44 136} {44 136} {41 139} n n n n n n n n n n n n n n n {45 135} {46 134} {44 136} {45 135} {45 135} {46 134} {42 138} {46 134} {44 136} {49 131} n n n n n n n n n {44 136} {46 134} {44 136} {44 136} {45 135} {49 131} {48 132} {48 132} {43 137} n n n n n n

54.7: Count:   6.8 (  4.8) A:  16.1 [11-54] B:  29.9 [11-121] Phase: 100% 138 (25.4) Direction:  {44 136}
Phase: {170,42,43,63,68,116,34,63,67,63,81,70,34,52,86,108,46,65,86,52,86,67,83,99,83,66,69,120,63,93,114,110,107,100,126,150,123,112,170,161,139,164,175,156,172,229,192,215,240,250,269,251,267,210,291,274,352,254,347,354,353,381,382,551,384,445,488,463,604,500,526,517,662,609,643,689,695,794,595,784,829,844,840,947,833,1014,1024,982,1152,993,1777,954,1250,1262,1446,1547,1384,1479,1630,1747,1874,1879,1684,2027,2195,2331,2311,2526,2911,2353,2953,2857,3292,3228,3393,3541,3180,4292,4119,3923,4317,4411,4648,4460,5035,5123,5249,5115,5687,5527,5592,5654,5886,5908,5451,6368,5302,5890,5807,5899,5614,5903,5849,5356,5680,5792,5547,5223,5524,5473,5273,5116,5018,5517,4254,4870,4668,4461,4510,4146,4016,3500,4158,3594,3349,3344,3003,3110,2571,2684,2623,2537,2219,2170,1947,1981,1868,1626,1597,1269,2061,1173,1313,1167,1208,1109,955,950,807,822,843,809,585,660,611,644,472,520,544,399,457,421,467,379,319,298,251,395,309,254,312,236,236,178,206,198,190,151,169,160,119,154,157,147,104,153,78,94,107,111,66,101,98,77,62,75,66,59,52,71,58,56,62,78,33,47,29,34,46,25,35,24,29,25,37,23,23,25,23,19,28,25,15,25,15,35,19,21,12,11,38,6,9,12,15,28,4,16,2,16,10,23,9,9,9,19,9,25,21,17,14,4,21,14,20,20,14,21,16,12,20,20,23,14,20,23,28,14,27,16,34,49,17,18,23,37,39,32,35,52,29,54,33,28,52,45,64,32,53,43,65,31,50,78,51,25,52,74,93,34,53,30,73,58,41,91,62,50,45,75,82,83,38,76,44,133,59,56,24,17}
Count:  14.7  13.6  12.6  12.4  11.5  11.0   9.7   9.1   8.1   2.6   2.3   2.4   2.5   2.3   2.3   2.3   2.2   2.2   7.0  14.3  14.0  12.7  12.4  10.9  10.8   8.9   8.7   7.9   2.9   2.2   2.4   2.2   2.1   2.5   2.3   2.2   2.4   2.4   2.4   2.5   2.6   2.5  10.3  14.4  13.9  13.3  13.3  11.7  11.8  10.6  10.2   8.8   2.0   2.5   2.6   2.4   2.5   2.8   2.3   2.3   2.6  10.0  14.3  13.7  12.7  12.1  10.8  10.7   9.4   9.6   7.1   2.2   2.4   2.4   2.6   2.4   2.4   2.5   2.3   2.7   2.4   2.4   2.6   2.3   2.3  13.0  14.6  14.4  13.0  13.4  12.1  12.5  10.8  11.0   7.5   2.3   2.5   2.7   2.5   2.3   2.5   2.5   2.3   2.5  13.1  14.3  13.9  13.3  12.4  11.5  10.8  10.0   8.9   6.5   2.5   2.7   2.5   2.0   2.7   2.2   2.6   2.2   2.7  13.0  13.6  13.1  12.5  12.1  11.1   9.0   9.0   7.9   5.9   2.3   2.5   2.5   2.4   2.6   2.5   2.3   2.6   2.1  12.5  13.5  13.5  12.1  11.4  10.4  10.5   8.3   8.1   5.4   2.5   2.4   2.6   2.4   2.7   2.3   2.6   2.5   2.4   2.6   2.5   2.6   2.3   2.8  15.0  14.2  14.3  12.9  13.0  12.2  11.1  10.4  10.5   5.0   2.5   2.8   2.5   2.7   2.5   2.7   2.5   2.6   2.9  15.4  14.1  13.7  13.2  12.1  10.5  10.3   9.0   8.8   4.7   2.6   2.5   2.4   2.4   2.6 
B: 33.5 34.0 32.5 32.4 32.2 30.4 28.3 27.1 24.2 23.0 22.1 21.7 21.4 21.5 21.5 21.5 21.9 21.4 31.3 34.9 33.2 32.9 32.7 30.5 29.7 28.0 25.2 23.4 23.3 22.4 21.9 22.4 21.7 22.0 21.6 22.3 21.5 21.0 21.9 21.6 22.0 21.9 33.9 34.0 33.7 33.2 33.7 32.2 33.0 30.6 29.4 27.9 22.2 21.8 20.9 22.3 21.6 21.3 21.9 21.8 21.3 35.1 34.3 33.6 33.2 33.0 31.8 30.4 28.8 27.0 24.8 21.6 21.7 21.7 21.4 21.2 21.7 21.7 21.8 21.4 22.1 21.5 22.4 21.9 22.2 35.2 34.0 33.8 32.8 32.9 32.6 32.8 30.9 30.1 28.0 22.2 21.8 21.6 21.8 21.9 22.0 22.1 22.8 21.6 35.8 34.1 33.6 32.7 32.8 32.4 31.2 28.8 26.6 25.2 21.5 21.9 21.8 22.5 21.6 21.3 21.6 21.5 21.7 34.3 33.4 31.8 32.7 31.9 30.6 28.7 26.3 24.1 23.5 21.7 21.9 21.4 21.7 21.3 21.0 21.6 21.2 21.9 34.8 33.1 33.9 31.7 31.8 30.8 28.5 24.2 24.3 22.9 22.0 21.2 20.9 21.9 21.2 21.7 21.6 21.9 21.4 21.0 22.1 21.0 21.8 22.5 35.3 33.8 34.3 32.9 33.9 32.2 31.8 29.8 28.2 26.5 22.2 21.3 22.0 22.1 21.7 21.5 21.5 21.9 22.9 34.9 33.8 33.4 33.8 32.9 30.4 29.9 27.0 25.1 24.9 22.2 22.1 21.5 21.4 21.7 
Direction:  {44 136} {43 137} {46 134} {45 135} {46 134} {41 139} {48 132} {44 136} {45 135} n n n n n n n n n {49 131} {44 136} {41 139} {42 138} {46 134} {44 136} {44 136} {44 136} {42 138} {40 140} n n n n n n n n n n n n n n {44 136} {44 136} {45 135} {43 137} {43 137} {43 137} {43 137} {43 137} {41 139} {42 138} n n n n n n n n n {47 133} {46 134} {49 131} {47 133} {48 132} {44 136} {42 138} {50 130} {42 138} {44 136} n n n n n n n n n n n n n n {47 133} {41 139} {42 138} {45 135} {43 137} {46 134} {42 138} {45 135} {46 134} {41 139} n n n n n n n n n {48 132} {46 134} {46 134} {48 132} {46 134} {48 132} {43 137} {44 136} {44 136} {43 137} n n n n n n n n n {45 135} {44 136} {47 133} {40 140} {41 139} {46 134} {42 138} {40 140} {42 138} {44 136} n n n n n n n n n {42 138} {48 132} {44 136} {45 135} {45 135} {43 137} {40 140} {41 139} {49 131} n n n n n n n n n n n n n n n {42 138} {45 135} {45 135} {44 136} {44 136} {49 131} {42 138} {49 131} {41 139} n n n n n n n n n n {43 137} {48 132} {46 134} {48 132} {43 137} {43 137} {48 132} {41 139} {43 137} n n n n n n

54.8: Count:   7.4 (  5.3) A:  16.4 [11-53] B:  30.4 [11-112] Phase: 100% 139 (24.9) Direction:  {45 135}
Phase: {260,49,70,82,74,111,54,72,61,70,104,73,52,74,80,122,50,90,95,71,94,84,151,91,109,120,92,147,109,153,142,159,145,120,136,171,171,190,200,179,198,250,269,242,205,273,241,323,264,317,288,316,351,309,364,398,421,384,447,492,476,471,464,553,394,518,533,581,675,562,599,494,698,671,582,765,730,778,712,848,847,968,922,965,870,1074,1042,1060,1025,983,1747,1099,1329,1334,1470,1634,1405,1604,1633,1871,1899,1935,1847,2079,2187,2430,2321,2555,2909,2502,2927,2935,3355,3427,3591,3687,3381,4604,4354,4161,4639,4613,5287,5029,5497,5661,5851,5872,6113,6293,5918,6117,6244,6394,6012,6799,5889,6188,6447,6047,5784,5988,5990,5786,5963,6004,5866,5668,6055,5748,5957,5632,5674,6104,4701,5537,5200,4849,4975,4545,4308,3917,4325,3871,3517,3597,3234,3227,2756,2815,2721,2596,2400,2140,1932,2043,1951,1858,1619,1377,2094,1246,1230,1204,1199,1163,921,949,929,1035,815,723,665,730,627,706,513,578,612,418,496,422,428,417,348,334,284,407,335,306,301,291,256,201,248,240,192,152,202,172,140,176,166,142,92,168,108,106,108,127,65,60,115,95,79,88,68,59,66,74,57,49,58,65,44,51,51,29,42,42,45,18,38,35,31,37,35,20,20,22,24,15,27,22,11,20,16,14,13,3,29,13,12,12,9,24,7,21,13,13,17,10,6,9,15,20,14,12,17,11,20,7,22,16,10,19,18,39,6,17,17,26,22,13,21,31,28,36,16,20,40,35,40,43,41,37,64,34,42,74,34,39,40,49,38,74,69,31,52,60,49,53,80,113,56,41,63,76,128,76,78,53,81,68,58,161,62,58,36,77,133,73,46,95,46,137,106,79,36,41}
Count:  15.3  14.7  14.1  13.3  12.3  12.2  10.7  11.0   9.4   2.8   2.6   2.2   2.4   2.5   2.1   2.3   2.3   2.2   7.0  15.4  14.6  13.9  13.3  12.3  11.8  10.5  10.4   9.3   3.2   2.4   2.4   2.3   2.4   2.1   2.6   2.3   2.4   2.3   2.2   2.5   2.6   2.3  10.8  14.9  14.8  14.4  14.2  13.0  13.0  11.6  11.5   9.5   2.2   2.6   2.1   2.4   2.6   2.4   2.4   2.3   2.4  10.6  15.3  14.4  13.7  13.5  12.6  11.8  11.3  10.8   8.7   2.3   2.4   2.4   2.2   2.3   2.4   2.5   2.5   2.5   2.2   2.4   2.5   2.6   2.2  13.2  15.6  15.2  14.5  14.2  12.9  13.4  11.9  12.0   7.9   2.5   2.6   2.4   2.7   2.4   2.4   2.3   2.3   2.4  13.4  15.4  14.5  14.1  13.5  12.5  11.6  11.1  10.1   7.8   2.4   2.5   2.5   2.3   2.3   2.5   2.8   2.5   2.5  13.7  14.8  14.2  13.5  13.0  12.3  11.0  10.8  10.3   7.0   2.3   2.5   2.4   2.6   2.0   2.5   2.5   2.4   2.4  13.2  14.5  14.4  13.5  12.8  11.8  11.8   9.7   9.5   6.7   2.5   2.5   2.5   2.4   2.6   2.3   2.5   2.3   2.3   2.5   2.4   2.3   2.3   2.6  16.0  15.3  15.0  13.8  14.2  13.4  12.2  11.5  11.4   5.6   2.4   2.4   2.6   2.4   2.4   2.6   2.2   2.4   2.9  15.7  15.2  14.2  14.2  13.1  12.0  11.7  10.7  10.0   5.1   2.6   2.4   2.6   2.2   2.5 
A: 17.8 17.9 17.2 17.4 17.4 16.6 16.0 15.6 15.1 14.2 13.1 13.2 12.9 13.0 13.1 13.1 13.1 13.0 16.6 18.0 17.6 17.2 17.4 17.0 16.5 15.6 15.1 14.7 14.2 13.2 12.9 13.4 13.2 12.9 13.2 13.2 13.2 13.0 13.3 13.2 13.1 13.0 17.9 17.8 17.5 17.8 18.0 16.8 17.5 17.1 16.4 16.0 13.2 13.1 13.2 13.1 13.1 13.3 13.2 13.1 13.2 18.2 17.8 17.6 17.8 17.5 17.1 16.5 16.0 15.4 14.7 13.1 13.3 13.3 13.3 13.2 13.2 13.3 13.1 13.0 13.2 12.9 13.0 12.9 13.0 18.2 17.9 18.1 17.6 17.5 17.6 17.7 16.8 16.7 16.2 13.2 12.9 12.9 13.1 13.1 13.1 13.2 13.2 13.3 18.5 17.9 17.6 17.4 17.2 17.1 17.1 16.1 15.3 14.9 12.9 13.3 13.2 13.0 13.1 12.9 13.0 13.1 12.8 17.8 17.4 17.3 17.4 17.2 16.8 16.1 15.5 14.8 14.5 13.2 12.9 12.8 13.3 13.0 12.9 12.9 13.0 12.9 18.2 17.7 18.0 17.2 17.0 17.0 15.8 15.2 14.7 14.0 13.2 13.4 13.0 13.0 12.9 13.0 13.3 13.3 13.2 13.1 13.0 13.2 13.1 13.3 18.2 17.8 17.9 17.4 17.8 17.2 17.2 16.5 16.0 15.3 13.2 13.0 13.0 13.2 13.0 13.0 13.2 13.4 13.5 17.8 17.9 18.0 17.5 17.4 16.9 16.5 15.6 15.0 14.5 13.3 12.9 13.2 13.1 13.2 
B: 34.6 34.4 32.9 33.2 33.3 31.0 29.6 28.3 26.3 23.7 20.8 21.2 21.1 20.9 20.9 20.0 21.3 20.9 30.9 34.7 33.7 32.7 33.2 31.7 31.2 28.4 26.3 25.0 23.0 21.0 21.0 20.8 21.4 21.3 20.6 20.9 21.7 20.7 20.9 21.1 20.7 21.1 35.1 34.3 33.3 34.5 34.4 31.7 33.5 31.8 30.5 29.5 21.1 21.0 20.8 20.6 21.3 20.9 20.7 21.0 20.8 35.7 34.3 33.8 34.1 33.3 32.3 31.2 30.1 28.0 25.3 21.1 20.3 20.5 21.1 20.8 21.4 20.7 20.7 20.5 21.0 21.0 21.0 20.8 20.8 35.2 34.5 35.2 33.2 33.8 33.2 33.8 31.5 31.0 30.3 21.0 21.1 20.8 21.0 21.4 21.0 21.7 20.8 21.1 36.0 34.3 33.7 33.2 32.8 32.7 32.2 30.0 27.5 26.3 21.1 20.8 20.2 20.4 20.6 19.8 20.9 20.9 20.9 34.8 33.6 32.6 33.2 32.7 32.1 30.3 28.6 25.3 24.3 21.1 21.2 20.5 21.1 20.6 20.4 20.6 21.2 20.5 35.3 33.9 34.9 32.2 32.7 31.9 29.2 26.6 25.0 23.2 21.1 20.9 20.4 20.2 20.7 20.7 21.1 21.7 21.1 20.4 21.1 21.4 21.0 21.7 35.4 34.7 35.2 33.0 34.1 32.7 32.3 31.1 30.3 27.3 22.0 20.4 20.6 21.0 21.3 20.7 20.9 21.2 22.0 34.7 34.5 34.5 34.4 33.1 31.6 30.6 28.5 26.5 24.6 21.1 20.6 20.6 20.6 21.1 
Direction:  {40 140} {42 138} {43 137} {41 139} {46 134} {43 137} {44 136} {45 135} {40 140} n n n n n n n n n {42 138} {45 135} {46 134} {47 133} {47 133} {42 138} {47 133} {43 137} {45 135} {43 137} n n n n n n n n n n n n n n {41 139} {42 138} {43 137} {43 137} {43 137} {47 133} {42 138} {46 134} {40 140} {43 137} n n n n n n n n n {48 132} {48 132} {43 137} {46 134} {46 134} {44 136} {52 128} {43 137} {43 137} {43 137} n n n n n n n n n n n n n n {45 135} {43 137} {42 138} {44 136} {44 136} {43 137} {44 136} {41 139} {43 137} {48 132} n n n n n n n n n {44 136} {46 134} {42 138} {41 139} {45 135} {40 140} {43 137} {43 137} {44 136} {46 134} n n n n n n n n n {47 133} {49 131} {50 130} {47 133} {40 140} {45 135} {50 130} {47 133} {40 140} {42 138} n n n n n n n n n {44 136} {45 135} {45 135} {40 140} {42 138} {49 131} {48 132} {41 139} {43 137} {38 142} n n n n n n n n n n n n n n {43 137} {42 138} {43 137} {44 136} {43 137} {50 130} {46 134} {43 137} {43 137} n n n n n n n n n n {42 138} {50 130} {42 138} {47 133} {40 140} {50 130} {41 139} {44 136} {51 129} n n n n n n

54.9: Count:   7.2 (  5.8) A:  17.0 [11-51] B:  32.8 [11-107] Phase: 100% 140 (20.2) Direction:  {45 135}
Phase: {67,3,13,17,31,35,16,36,13,16,42,18,10,14,28,26,14,24,30,17,26,25,38,27,42,19,25,62,45,25,47,41,58,51,65,74,50,71,61,67,67,86,106,99,92,109,83,88,129,153,111,100,129,128,170,139,175,157,183,225,199,211,209,278,192,226,261,304,290,286,340,260,345,367,362,377,372,435,363,464,498,539,511,558,512,709,626,728,698,600,1180,704,847,927,1049,1107,1038,1173,1226,1346,1494,1480,1496,1714,1825,2020,1831,2156,2623,2136,2435,2631,3187,3212,3178,3511,3310,4530,4250,4278,4707,4864,5234,5261,5636,5939,5905,6244,6376,6592,6620,6823,7326,7457,6967,7798,7205,8009,7743,8015,7949,7764,7948,7941,7844,7498,7542,6757,7217,6753,6615,6206,6290,6561,5344,5641,5333,5220,5149,4721,4487,3923,4369,3923,3532,3499,3177,3075,2455,2581,2342,2373,2169,2017,1751,1700,1636,1422,1378,1070,1816,951,1041,928,937,889,691,693,651,671,602,496,445,457,377,379,321,307,351,227,255,234,246,200,185,179,141,188,154,128,126,103,88,78,125,93,99,90,91,75,46,63,68,59,38,59,50,49,56,34,22,29,32,16,23,31,21,8,16,31,21,16,14,21,8,17,11,15,17,10,24,7,15,9,4,5,9,5,7,6,13,10,4,3,8,12,12,5,4,1,15,4,1,1,1,10,4,5,2,1,3,6,1,4,3,3,6,4,7,1,5,2,5,5,2,0,5,10,4,6,1,9,7,1,9,5,12,6,15,7,2,8,5,5,11,8,12,4,11,19,5,10,12,17,21,12,16,12,9,17,17,12,16,18,15,11,7,19,30,26,24,13,24,31,14,37,8,10,11,28,53,20,4,12,10,31,20,8,9,16}
Count:  15.9  14.9  14.1  14.0  12.7  13.1  11.5  12.0  10.7   2.3   1.7   1.6   1.6   1.9   1.5   1.7   1.6   1.5   6.8  15.7  15.0  14.7  13.7  12.9  12.1  11.2  11.2  10.3   2.6   1.5   1.7   1.8   1.7   1.4   1.9   1.5   1.5   1.6   1.5   1.8   1.8   1.7  10.9  14.9  15.3  14.9  14.7  13.3  13.4  12.4  12.2  10.0   1.4   2.0   1.4   1.6   1.5   1.7   1.7   1.6   1.7  10.5  15.3  14.5  14.4  13.7  13.0  11.9  12.0  10.9   9.1   1.5   1.5   1.7   1.7   1.6   1.7   2.0   1.7   1.7   1.5   1.6   1.7   1.7   1.5  13.3  15.8  15.4  14.6  14.8  13.5  13.8  12.6  12.8   8.1   1.7   1.7   1.6   1.6   1.5   1.7   1.6   1.5   1.7  13.2  15.6  15.1  14.4  13.5  13.4  12.3  12.1  11.1   8.2   1.6   1.8   1.6   1.6   1.6   1.8   1.9   1.7   1.5  13.7  14.8  14.5  14.0  13.3  12.6  12.2  11.1  10.7   7.2   1.5   1.8   1.6   1.7   1.6   1.8   1.6   1.6   1.7  13.2  15.0  14.6  13.9  13.2  11.9  11.8  10.7  10.5   7.1   1.6   1.8   1.6   1.7   1.8   1.6   1.7   1.6   1.5   1.7   1.6   1.6   1.7   2.1  16.0  14.9  15.4  14.4  14.7  13.5  12.7  12.0  11.9   5.4   1.7   1.6   2.0   1.8   1.5   1.7   1.8   1.7   2.1  15.7  15.6  14.9  14.8  13.5  12.6  12.4  11.2  11.0   5.2   1.7   1.6   2.0   1.7   1.6 
A: 18.6 18.2 17.9 17.7 17.9 17.1 16.9 16.3 15.3 14.5 13.2 13.2 13.0 12.9 13.0 13.1 13.1 13.0 17.3 18.6 17.9 18.0 17.9 17.6 17.3 16.3 15.3 14.8 14.2 13.5 13.0 13.2 13.0 12.9 13.1 13.0 13.2 13.3 13.3 13.0 13.2 13.1 18.3 18.2 17.9 18.4 18.6 17.4 17.9 17.4 17.0 16.4 13.5 13.0 13.1 12.9 13.2 13.2 13.1 13.2 13.2 18.6 18.2 17.9 18.0 17.8 17.7 17.4 16.7 15.7 14.9 13.3 13.4 13.1 13.0 13.2 13.2 12.9 13.1 13.0 13.0 13.1 13.3 13.1 13.2 18.6 18.4 18.5 18.0 17.8 18.1 18.0 17.6 17.2 16.8 13.1 13.0 13.2 13.2 13.1 12.9 13.2 13.3 13.2 18.0 18.3 17.9 18.0 17.7 17.6 17.5 16.7 15.7 15.3 13.4 13.0 13.1 13.1 12.8 12.9 13.0 13.2 13.1 18.5 18.1 18.2 18.2 17.9 17.5 16.6 16.0 15.3 14.7 13.4 13.2 12.9 13.2 13.0 13.1 13.0 13.1 12.9 18.5 18.2 18.2 17.8 17.8 17.5 16.2 15.5 14.8 14.2 13.4 13.0 12.9 13.1 13.0 13.2 13.4 13.2 13.1 13.0 13.0 13.2 13.4 13.4 18.6 18.4 18.4 17.7 18.3 17.6 17.9 17.3 16.7 16.1 13.3 12.8 13.0 13.0 13.2 13.2 12.8 13.1 14.0 18.2 18.5 18.2 17.9 17.9 17.6 17.1 16.1 15.3 14.9 13.1 13.3 13.0 13.0 13.1 
B: 37.6 36.4 35.3 35.0 35.2 33.4 31.9 31.0 28.6 25.4 21.7 21.9 21.9 21.0 21.8 21.2 22.5 21.6 33.7 36.9 35.7 35.3 34.9 34.5 34.6 30.8 28.4 26.9 24.8 22.0 21.6 21.7 21.3 22.1 21.2 21.7 22.0 21.5 21.9 21.2 21.1 21.7 36.9 36.0 35.4 36.4 36.8 33.8 35.2 33.5 32.7 31.3 22.0 21.6 21.8 21.3 21.9 21.5 22.3 22.4 22.1 37.1 36.0 35.2 35.0 34.7 34.7 33.9 32.4 30.1 27.4 21.9 21.5 20.8 22.0 21.7 22.2 21.3 21.4 21.9 22.8 21.6 21.2 22.7 22.0 36.3 36.4 37.1 34.9 35.2 35.5 35.3 34.5 33.3 33.2 21.1 21.7 20.9 21.5 22.7 21.3 22.7 21.0 22.3 35.8 36.2 35.6 35.2 34.4 34.8 34.5 32.9 29.7 28.5 22.4 22.0 21.7 21.6 21.5 21.5 20.9 21.7 23.0 37.1 36.3 35.7 35.6 35.2 34.0 32.2 30.9 27.8 26.5 23.0 21.1 21.4 21.4 20.8 21.7 21.3 22.1 21.4 37.1 36.2 36.0 35.2 35.1 34.2 31.3 29.0 26.9 24.8 22.4 21.0 21.8 21.4 21.4 21.7 21.7 22.5 22.1 21.3 21.1 23.2 22.2 22.3 37.4 36.4 37.0 34.7 36.0 35.0 35.0 33.5 32.5 28.9 22.1 20.8 21.4 21.9 23.0 22.1 21.9 21.9 23.7 36.6 36.5 36.0 35.7 35.2 33.9 33.4 31.2 28.5 26.5 22.0 21.6 21.3 21.3 21.4 
Direction:  {44 136} {44 136} {43 137} {45 135} {45 135} {46 134} {44 136} {42 138} {43 137} n n n n n n n n n {45 135} {46 134} {45 135} {44 136} {44 136} {45 135} {44 136} {47 133} {47 133} {44 136} n n n n n n n n n n n n n n {44 136} {47 133} {46 134} {45 135} {45 135} {44 136} {44 136} {44 136} {46 134} {46 134} n n n n n n n n n {46 134} {44 136} {45 135} {47 133} {46 134} {45 135} {47 133} {45 135} {44 136} {44 136} n n n n n n n n n n n n n n {48 132} {44 136} {45 135} {44 136} {45 135} {47 133} {44 136} {45 135} {43 137} {47 133} n n n n n n n n n {45 135} {46 134} {47 133} {46 134} {44 136} {45 135} {46 134} {45 135} {43 137} {45 135} n n n n n n n n n {43 137} {45 135} {44 136} {44 136} {46 134} {42 138} {43 137} {47 133} {46 134} {43 137} n n n n n n n n n {46 134} {45 135} {43 137} {45 135} {43 137} {44 136} {48 132} {45 135} {44 136} {41 139} n n n n n n n n n n n n n n {44 136} {47 133} {46 134} {45 135} {46 134} {44 136} {45 135} {46 134} {47 133} {43 137} n n n n n n n n n {44 136} {46 134} {44 136} {44 136} {45 135} {44 136} {45 135} {44 136} {42 138} {43 137} n n n n n

55.0: Count:   7.3 (  6.3) A:  17.6 [11-60] B:  35.0 [11-143] Phase: 100% 140 (15.6) Direction:  {45 135}
Phase: {0,0,0,3,2,2,1,2,3,8,2,0,1,3,1,2,2,0,3,1,1,2,6,5,0,3,6,4,8,4,10,10,9,7,6,9,11,4,20,4,20,26,22,25,32,28,23,26,43,30,32,32,60,60,54,51,79,49,109,87,67,83,97,145,105,133,140,129,149,140,158,131,232,134,196,259,222,278,216,283,296,287,284,358,300,402,409,426,415,437,767,407,587,635,692,806,690,804,888,1012,1044,1037,1122,1253,1328,1508,1524,1710,1976,1742,2142,2117,2490,2722,2748,2929,2792,3828,3854,3839,4294,4700,5177,5022,5588,6024,6360,6616,6946,7347,7560,8053,8347,8811,8590,9963,9328,9808,9983,10469,10167,10510,10423,9750,9936,9365,9412,8709,8784,8286,7816,7348,7071,7259,5802,5935,5392,5476,4970,4632,4384,3798,4243,3548,3208,3023,2715,2679,2207,2145,2120,1803,1705,1550,1379,1435,1270,1044,1010,796,1235,636,721,636,608,602,467,486,384,371,383,323,214,279,280,223,194,170,207,113,153,139,143,120,94,81,52,76,75,30,63,53,41,44,21,26,30,34,25,27,17,23,13,18,18,18,9,17,15,10,3,4,11,7,7,5,3,6,1,10,2,4,4,2,1,7,5,4,7,0,1,0,0,2,1,2,2,0,0,2,6,2,0,0,0,2,1,1,1,0,0,0,0,0,2,1,0,0,2,0,2,1,0,0,0,0,0,0,0,0,0,0,0,0,0,0,0,0,0,0,0,0,0,1,0,0,0,0,0,0,0,1,0,0,0,0,1,0,2,0,0,0,0,0,0,0,0,0,2,2,0,0,0,0,0,0,1,0,1,0,0,3,2,0,1,0,4,0,0,0,0,0,0,0,0,4,0,0,0,0}
Count:  16.3  15.2  15.4  14.9  13.5  13.3  12.3  12.7  11.4   2.1   1.3   1.1   1.3   1.2   1.2   1.2   1.0   1.2   6.5  16.3  15.5  15.4  14.3  13.3  13.0  12.1  11.7  10.6   2.0   1.3   1.1   1.1   1.2   1.2   1.3   1.2   1.3   1.2   1.2   1.4   1.4   1.3  10.9  15.8  15.4  15.5  15.2  14.0  14.3  13.2  13.1  10.9   1.2   1.2   1.3   1.2   1.2   1.2   1.1   1.3   1.2  10.6  16.3  15.4  15.4  14.2  13.6  12.4  12.8  11.5   9.8   1.1   1.3   1.2   1.2   1.3   1.1   1.2   1.1   1.4   1.2   1.3   1.3   1.3   1.1  13.7  16.3  15.9  15.5  15.3  14.5  14.6  13.3  13.7   8.4   1.4   1.1   1.3   1.3   1.3   1.2   1.3   1.3   1.2  13.4  15.9  15.8  14.7  14.4  13.8  12.7  13.1  11.8   8.2   1.2   1.2   1.3   1.3   1.2   1.3   1.3   1.3   1.3  14.0  15.6  15.1  14.7  13.9  13.1  12.5  11.6  11.1   7.5   1.3   1.2   1.3   1.3   1.2   1.3   1.2   1.3   1.3  13.3  15.6  15.0  14.5  13.7  12.8  12.6  11.8  11.7   7.3   1.4   1.3   1.3   1.2   1.1   1.2   1.4   1.1   1.3   1.0   1.3   1.3   1.3   1.8  16.4  16.0  15.7  15.0  15.3  14.3  13.9  12.9  12.7   5.4   1.3   1.3   1.4   1.4   1.3   1.3   1.3   1.3   1.7  16.2  16.2  15.5  15.1  13.7  13.6  12.9  12.4  11.7   5.3   1.4   1.3   1.2   1.2   1.3 
A: 19.2 18.7 18.4 18.3 18.1 17.9 17.6 16.8 15.8 14.8 13.1 13.1 13.0 13.0 13.1 13.2 12.8 13.1 18.3 18.8 18.6 18.5 18.6 18.1 17.8 16.8 15.8 15.2 14.7 12.9 13.1 13.0 12.6 13.0 13.0 12.7 12.8 12.8 13.1 13.0 13.0 13.1 18.6 18.9 18.2 18.6 18.9 18.0 18.4 17.7 17.5 16.6 13.4 13.4 12.6 13.1 13.3 13.4 13.1 12.9 13.2 18.6 18.6 18.0 18.4 18.5 18.4 17.9 17.1 16.3 15.5 13.2 12.9 13.4 13.0 13.0 13.4 13.1 13.3 13.2 12.9 13.1 13.1 13.2 12.8 18.9 18.8 18.9 18.6 18.6 18.4 18.3 18.2 17.9 17.6 13.0 13.0 13.1 12.8 13.2 12.4 12.9 12.9 13.0 18.1 19.0 18.7 18.8 17.9 18.3 17.7 17.4 16.4 16.0 13.4 13.1 12.9 13.0 13.3 13.2 13.1 13.1 13.2 19.3 18.5 18.8 18.9 18.3 18.3 17.5 16.7 15.5 14.9 13.6 13.0 13.1 12.7 12.9 13.0 13.3 13.1 13.0 19.3 18.8 18.4 18.7 18.3 18.0 17.0 15.9 15.1 14.9 13.3 12.9 13.0 13.4 13.0 12.9 13.3 13.1 12.8 13.0 13.0 13.0 13.3 13.7 18.8 18.4 19.2 17.8 18.8 18.3 18.4 17.8 17.3 16.1 13.4 12.7 13.3 12.9 12.9 13.1 13.1 12.7 13.8 19.1 19.1 18.6 18.4 18.3 18.2 17.9 16.7 15.6 15.0 13.0 13.1 12.8 13.0 13.0 
B: 39.7 38.2 37.3 37.0 36.1 35.9 34.6 33.1 30.6 27.7 22.4 22.9 22.6 22.0 22.1 23.1 22.1 22.2 36.7 38.5 37.9 37.2 37.3 36.4 35.8 33.2 30.8 28.9 26.9 22.1 22.7 22.5 22.2 21.9 22.1 21.6 21.3 22.6 22.1 22.5 22.2 22.5 37.9 38.4 37.0 37.7 38.2 36.1 37.0 35.1 35.0 32.5 22.9 22.5 22.3 23.2 22.0 22.4 22.9 22.1 22.9 37.9 37.8 36.5 36.7 37.0 37.0 36.0 34.1 32.2 29.9 22.9 22.6 22.6 22.7 22.1 23.3 22.5 22.4 22.4 22.6 23.0 21.9 22.7 21.5 38.2 38.5 38.5 37.3 37.4 37.0 36.8 36.5 35.9 35.2 22.9 22.5 22.3 23.0 22.6 21.9 21.7 21.6 22.3 36.9 39.2 38.0 38.2 35.8 36.8 35.8 35.2 32.9 31.7 22.8 22.1 22.3 22.7 23.1 23.0 22.2 23.0 23.7 39.9 37.8 38.0 38.0 37.1 36.4 35.1 33.4 30.1 28.2 23.3 22.2 22.3 22.1 21.8 21.3 21.9 23.3 22.5 39.3 38.1 36.9 37.9 36.4 36.3 33.9 31.3 29.0 27.5 23.6 22.1 22.3 22.1 22.5 22.5 21.4 22.3 22.1 22.1 21.9 22.4 23.6 25.0 38.8 37.5 39.1 36.2 38.1 36.5 36.7 35.6 34.6 30.6 23.0 22.5 22.9 22.4 23.2 21.6 22.4 21.6 24.8 39.0 38.7 37.7 37.2 36.8 36.2 35.4 33.2 30.7 28.4 23.8 21.7 22.7 22.5 22.4 
Direction:  {44 136} {45 135} {45 135} {45 135} {43 137} {47 133} {47 133} {45 135} {45 135} n n n n n n n n n {43 137} {44 136} {46 134} {48 132} {44 136} {45 135} {45 135} {46 134} {47 133} {44 136} n n n n n n n n n n n n n n {44 136} {45 135} {47 133} {45 135} {44 136} {46 134} {44 136} {44 136} {44 136} {45 135} n n n n n n n n n {45 135} {46 134} {46 134} {45 135} {46 134} {46 134} {46 134} {44 136} {46 134} {43 137} n n n n n n n n n n n n n n {47 133} {46 134} {45 135} {46 134} {45 135} {44 136} {45 135} {45 135} {45 135} {44 136} n n n n n n n n n {45 135} {44 136} {46 134} {46 134} {44 136} {45 135} {47 133} {44 136} {45 135} {42 138} n n n n n n n n n {44 136} {44 136} {46 134} {47 133} {45 135} {45 135} {44 136} {46 134} {47 133} {44 136} n n n n n n n n n {44 136} {45 135} {44 136} {45 135} {45 135} {46 134} {45 135} {46 134} {46 134} {44 136} n n n n n n n n n n n n n n {45 135} {44 136} {45 135} {46 134} {44 136} {45 135} {44 136} {46 134} {44 136} {47 133} n n n n n n n n n {44 136} {46 134} {44 136} {45 135} {44 136} {44 136} {45 135} {46 134} {47 133} {44 136} n n n n n

55.1: Count:   7.8 (  6.6) A:  18.1 [11-59] B:  35.7 [11-144] Phase: 100% 140 (15.1) Direction:  {45 135}
Phase: {18,6,3,8,12,19,13,20,8,11,18,13,15,18,22,25,11,9,26,17,26,23,34,40,25,27,13,50,34,19,52,59,47,40,60,57,56,72,95,97,78,100,96,92,107,127,91,128,148,161,151,161,164,155,172,192,219,158,227,237,250,220,262,318,206,247,298,312,270,317,312,256,400,285,315,409,423,437,378,444,458,445,447,451,489,596,587,575,606,540,1073,492,692,685,886,876,892,971,896,1169,1108,1208,1153,1442,1451,1617,1506,1763,2090,1798,2124,2161,2522,2612,2762,3023,2792,3963,3896,3863,4472,4585,5307,5026,5858,6033,6464,6795,7321,7740,7806,8553,8874,9459,9155,10485,9669,10795,10901,11069,10912,11375,11177,10774,10525,10744,10348,9128,9152,8676,8383,7595,7495,7566,6138,6228,5710,5414,5162,4604,4392,3517,4087,3436,3267,3099,2724,2566,2158,2242,1955,1932,1691,1615,1436,1425,1234,1115,1067,883,1340,701,763,694,647,657,545,507,483,454,436,405,318,301,358,345,272,278,257,188,172,179,194,187,154,123,108,140,110,99,104,107,72,69,68,68,59,57,60,37,49,48,60,25,40,40,35,29,31,21,16,20,22,16,14,17,15,12,19,14,32,13,14,9,1,9,13,6,10,5,5,4,6,2,2,10,6,5,4,4,12,2,0,0,0,0,3,2,0,1,4,5,0,3,0,3,4,0,7,3,2,0,0,0,3,1,2,1,2,0,4,1,1,0,0,1,1,1,0,1,2,1,1,1,0,3,2,0,2,1,2,1,2,2,0,2,0,0,4,3,3,2,4,2,6,3,5,0,1,0,5,3,4,8,7,3,2,2,5,0,3,3,12,8,0,10,1,3,1,18,9,6,5,11,6,12,4,10,5,4}
Count:  17.1  16.3  16.3  15.4  14.6  14.0  13.0  12.9  12.4   2.4   1.4   1.3   1.4   1.5   1.4   1.5   1.3   1.4   7.0  17.2  16.4  16.3  15.0  14.6  13.6  13.0  12.3  11.3   2.2   1.4   1.3   1.3   1.5   1.3   1.5   1.4   1.5   1.3   1.5   1.6   1.5   1.5  11.2  16.7  16.6  16.5  16.4  14.8  15.0  13.9  14.2  11.4   1.3   1.4   1.6   1.3   1.4   1.5   1.4   1.5   1.6  11.2  17.0  16.1  16.3  15.4  14.7  13.2  13.2  12.5  10.8   1.3   1.6   1.5   1.3   1.4   1.4   1.4   1.4   1.5   1.5   1.5   1.4   1.5   1.4  14.7  17.1  16.7  16.5  16.2  15.2  15.4  14.5  14.6   8.6   1.5   1.6   1.4   1.4   1.6   1.5   1.5   1.4   1.5  14.2  16.7  17.0  16.3  15.5  14.5  13.6  13.9  12.2   9.1   1.5   1.4   1.5   1.4   1.4   1.4   1.4   1.4   1.5  14.6  16.4  16.2  15.5  14.6  13.9  14.0  11.9  11.7   8.3   1.5   1.7   1.5   1.6   1.3   1.3   1.4   1.5   1.5  14.0  16.6  16.0  15.7  14.6  13.7  13.3  12.4  12.3   7.8   1.5   1.5   1.4   1.4   1.4   1.5   1.5   1.3   1.6   1.2   1.5   1.3   1.5   2.3  17.8  16.9  17.2  16.2  16.2  15.5  14.5  13.6  13.6   5.9   1.5   1.5   1.5   1.5   1.5   1.4   1.6   1.5   2.2  17.3  17.0  16.3  16.1  14.8  14.7  13.7  13.0  12.3   6.0   1.6   1.4   1.5   1.6   1.4 
A: 19.6 19.0 19.0 19.3 18.3 18.6 18.2 17.3 16.3 14.4 13.0 12.9 12.9 12.9 13.0 12.9 12.9 12.7 19.8 19.4 19.1 19.2 19.0 18.6 18.2 17.5 16.3 15.5 14.7 12.9 12.9 12.9 13.1 12.9 12.9 12.6 13.0 12.8 12.9 12.9 13.0 12.8 19.1 19.2 18.7 19.1 19.3 18.6 18.8 18.4 18.1 17.0 13.3 13.2 12.5 13.1 13.3 13.2 12.8 12.7 13.0 19.4 19.4 18.6 18.8 18.9 18.6 18.5 17.7 16.7 15.9 13.1 12.8 12.9 13.3 13.0 13.2 13.1 13.2 12.8 12.8 12.9 13.0 13.2 12.7 19.2 19.4 19.3 19.2 19.1 19.0 18.6 18.7 18.1 18.0 13.2 12.7 13.0 12.8 12.9 13.1 13.0 13.0 12.8 18.7 19.8 19.5 19.5 18.6 18.7 18.4 18.0 16.7 16.3 13.3 12.9 13.0 13.3 13.1 13.0 13.1 13.1 13.3 20.0 19.1 19.5 19.4 18.8 18.6 17.8 17.3 16.1 15.1 13.3 13.0 12.8 12.8 12.9 12.8 13.0 12.9 12.9 19.7 19.3 18.9 19.3 18.7 18.3 17.8 16.7 15.5 15.2 13.2 13.1 12.9 12.9 13.2 12.9 13.2 13.1 13.1 12.9 13.1 12.9 13.1 14.1 19.8 19.2 19.3 18.4 19.1 18.9 19.1 18.4 18.1 16.3 13.2 12.8 13.1 12.7 13.0 13.0 12.9 12.8 13.9 19.7 19.7 19.0 19.0 19.0 19.0 18.4 17.3 16.2 15.5 13.0 13.2 12.8 13.0 12.7 
B: 40.3 38.5 38.2 38.8 36.4 36.9 35.6 34.1 31.8 25.9 21.5 21.4 21.2 21.0 20.9 21.3 20.9 20.8 39.9 39.5 39.1 38.8 38.1 37.2 36.3 34.5 31.6 29.2 25.8 20.9 20.9 21.2 20.9 21.2 21.3 20.9 20.8 20.7 21.0 21.8 20.9 21.3 38.9 38.9 37.9 38.7 39.0 37.0 37.4 36.2 36.1 33.0 21.8 21.2 20.7 21.3 21.8 21.5 21.0 20.5 21.0 39.5 39.6 37.3 37.6 37.9 37.2 36.7 35.3 32.6 30.6 21.9 21.3 20.3 20.8 20.7 21.7 20.6 21.0 20.7 20.7 20.9 20.5 21.1 21.0 39.3 39.4 39.1 38.7 38.3 38.1 37.2 37.3 36.0 36.2 21.7 20.6 21.5 21.4 21.1 20.9 21.2 21.1 20.9 38.1 40.4 39.5 39.7 37.5 37.9 37.0 36.3 33.2 32.0 21.7 20.9 20.9 21.9 21.6 21.1 20.2 21.2 21.7 40.7 38.8 39.4 38.6 37.9 37.1 35.4 33.9 31.2 28.0 22.0 20.1 21.0 20.2 20.3 19.8 21.4 21.2 21.2 40.2 39.2 38.0 38.9 36.8 36.4 35.6 32.7 30.0 28.0 22.3 20.9 21.1 21.3 20.9 20.7 20.2 21.4 19.9 21.1 21.0 21.1 21.4 24.9 40.6 38.8 39.2 37.1 38.6 37.5 37.8 36.3 35.8 31.7 22.3 20.7 22.0 21.3 21.1 19.9 20.7 21.0 24.5 40.6 40.0 38.3 38.3 37.9 37.8 36.8 34.4 31.8 29.5 21.4 21.3 21.3 20.6 21.8 
Direction:  {45 135} {45 135} {45 135} {45 135} {46 134} {45 135} {44 136} {47 133} {46 134} n n n n n n n n n {45 135} {45 135} {46 134} {46 134} {44 136} {44 136} {45 135} {44 136} {44 136} {45 135} n n n n n n n n n n n n n n {45 135} {45 135} {46 134} {46 134} {46 134} {45 135} {45 135} {45 135} {46 134} {46 134} n n n n n n n n n {46 134} {45 135} {45 135} {44 136} {47 133} {46 134} {43 137} {46 134} {42 138} {44 136} n n n n n n n n n n n n n n {46 134} {44 136} {45 135} {45 135} {44 136} {46 134} {46 134} {44 136} {46 134} {43 137} n n n n n n n n n {46 134} {45 135} {44 136} {44 136} {46 134} {45 135} {47 133} {45 135} {46 134} {43 137} n n n n n n n n n {43 137} {46 134} {44 136} {45 135} {46 134} {46 134} {46 134} {46 134} {46 134} {46 134} n n n n n n n n n {44 136} {44 136} {44 136} {46 134} {44 136} {46 134} {46 134} {44 136} {44 136} {43 137} n n n n n n n n n n n n n n {44 136} {46 134} {47 133} {45 135} {46 134} {45 135} {46 134} {44 136} {44 136} {43 137} n n n n n n n n n {45 135} {46 134} {46 134} {44 136} {46 134} {45 135} {45 135} {45 135} {43 137} {41 139} n n n n n

55.2: Count:   8.4 (  6.7) A:  18.4 [11-53] B:  35.2 [11-115] Phase: 100% 139 (18.7) Direction:  {44 136}
Phase: {198,40,63,55,91,137,60,109,59,95,135,102,82,88,91,166,76,88,123,88,110,125,160,143,121,107,113,167,143,145,183,167,172,151,216,211,191,201,214,295,207,242,307,248,246,347,231,281,352,310,334,365,393,362,348,429,443,336,418,443,442,433,520,591,397,536,523,498,568,566,519,435,706,662,625,654,780,739,632,743,745,799,777,767,799,939,953,825,990,869,1668,888,1040,1137,1307,1329,1216,1471,1367,1568,1599,1674,1599,1975,1879,2156,2057,2315,2570,2252,2741,2920,3267,3325,3569,3764,3633,4464,4622,4637,5047,5328,5907,5750,6343,6563,7195,7233,7801,7625,8059,8626,8421,8942,8474,9641,8819,9672,9427,9645,9499,9350,9482,9124,9204,9111,8765,8202,8109,8086,7800,7397,7278,7337,5902,6264,5920,5920,5489,4908,4591,4138,4440,4097,3642,3535,3297,2970,2583,2767,2445,2247,2045,1979,1839,1785,1753,1445,1274,1065,1640,994,1036,954,1094,852,733,749,628,623,594,551,534,513,440,500,390,437,439,282,269,286,316,278,230,209,207,230,191,160,174,180,180,117,167,143,103,130,125,93,83,94,113,96,78,98,63,73,53,62,43,40,59,38,56,58,50,34,48,31,37,27,46,40,17,31,21,25,25,18,22,7,28,19,15,16,26,14,6,11,22,11,25,13,14,17,23,12,7,9,17,8,2,6,12,7,16,6,20,9,14,14,2,10,8,18,8,1,9,5,5,9,10,3,5,13,8,7,11,3,15,14,8,2,16,11,10,5,6,13,6,19,10,13,15,21,26,3,17,37,16,32,15,17,31,37,32,14,42,24,29,32,41,70,47,27,34,35,58,41,59,24,61,61,46,100,54,39,27,81,85,54,38,90,46,124,66,48,36,41}
Count:  17.5  17.1  16.8  16.5  15.5  14.8  13.9  13.2  12.4   2.8   1.9   1.8   2.0   2.0   1.9   1.9   1.8   2.0   7.8  17.8  17.2  16.8  15.5  15.3  14.1  13.6  12.9  11.7   2.6   1.9   1.9   1.7   2.0   1.8   2.0   1.8   2.0   1.9   2.1   2.0   2.0   2.0  12.0  17.6  17.9  17.4  17.0  15.7  15.6  14.6  14.8  11.8   1.7   1.8   2.1   1.9   1.8   1.9   1.9   2.0   2.1  11.4  17.5  17.0  17.2  16.0  15.3  13.7  14.0  12.9  11.5   1.8   2.0   2.1   1.9   2.0   1.9   2.0   1.8   2.1   1.9   1.9   1.9   2.0   1.9  15.5  17.8  17.5  17.4  16.7  16.3  16.3  15.3  15.0   8.9   2.0   2.0   2.0   1.9   2.0   1.9   2.0   2.0   2.2  14.9  17.6  17.4  17.2  16.3  15.9  14.2  14.3  12.6   9.3   2.0   1.9   2.0   2.0   2.1   2.1   2.0   2.0   1.9  15.1  17.3  17.3  16.0  15.7  14.5  14.4  12.9  12.3   8.3   1.9   2.1   2.0   2.1   1.9   2.0   2.0   2.1   2.0  14.8  17.2  16.8  16.6  15.3  14.5  13.5  12.9  12.4   8.0   2.1   2.0   1.9   1.8   2.0   1.9   1.8   1.9   2.0   1.8   2.0   1.8   2.1   2.7  18.4  17.7  17.5  17.2  17.0  16.1  15.4  13.8  14.4   6.3   2.0   1.9   2.0   2.0   2.0   1.9   2.1   2.0   2.9  18.2  18.0  17.3  17.0  15.4  16.0  14.5  13.8  12.9   6.2   2.1   2.0   2.0   1.9   1.8 
A: 19.9 19.5 19.6 19.6 18.7 19.1 18.6 17.6 16.8 14.2 12.8 13.0 12.9 12.9 13.1 13.2 13.0 12.9 20.1 19.7 19.9 20.1 19.5 19.2 18.6 17.8 16.6 16.0 14.2 13.2 13.0 13.2 13.2 13.3 12.9 12.8 13.2 12.7 13.0 13.1 13.0 13.2 19.8 19.5 19.5 19.3 19.7 19.3 19.4 18.6 18.9 17.5 13.1 13.0 12.8 12.8 13.0 13.0 13.1 13.0 13.1 20.3 20.2 19.1 19.4 19.8 19.1 18.7 18.3 17.0 16.4 12.9 13.1 12.9 12.9 13.0 13.2 13.2 13.0 13.1 13.1 12.9 13.0 13.2 12.9 19.9 20.1 19.8 20.0 19.5 19.6 19.2 19.4 18.7 18.1 13.2 13.2 12.9 13.1 13.0 13.2 12.9 12.8 13.0 19.1 20.1 20.0 19.9 19.2 19.2 18.8 18.1 17.0 16.4 13.4 13.2 13.0 12.8 13.0 12.9 13.0 13.0 13.3 20.2 19.6 19.6 19.4 19.1 18.5 17.9 17.4 16.6 15.3 13.2 12.9 12.9 13.0 13.0 12.8 12.9 12.9 12.9 20.1 19.9 19.7 19.8 19.2 18.6 18.1 17.3 16.1 15.0 13.1 13.3 13.3 13.0 13.2 13.2 13.1 12.8 12.9 13.1 13.0 13.1 13.2 14.4 20.6 20.1 19.9 19.2 19.7 19.6 19.4 18.8 18.4 16.4 13.3 13.0 13.1 12.7 13.1 12.8 13.1 13.3 13.9 20.3 20.2 19.7 19.6 19.6 19.4 18.7 17.9 16.8 15.5 13.2 13.1 12.8 13.3 13.3 
B: 40.0 38.4 39.1 38.5 36.5 36.8 35.1 33.4 31.5 23.3 19.2 19.7 19.6 18.9 18.9 19.6 19.9 19.1 39.4 39.5 39.7 39.7 38.2 37.8 35.8 33.7 30.9 28.9 23.4 19.7 19.1 19.3 19.1 19.5 19.5 19.5 19.5 18.8 19.4 19.8 18.9 19.4 38.9 39.1 39.2 38.6 39.1 37.7 37.8 35.9 36.8 33.1 19.9 19.3 19.2 18.6 19.8 19.0 19.4 18.6 20.4 40.0 40.5 37.6 38.4 39.1 37.3 36.1 35.3 32.2 30.3 19.3 20.2 19.0 19.3 19.7 19.4 19.7 19.6 19.0 19.2 19.1 19.2 19.6 19.1 39.9 40.4 39.5 39.8 38.7 38.6 37.6 37.9 36.4 35.3 19.7 19.7 19.7 19.2 19.6 19.7 19.6 18.9 19.2 37.7 40.6 39.4 39.5 37.9 37.8 36.8 35.4 32.1 30.2 19.9 19.3 19.0 19.5 19.9 18.9 19.2 19.1 19.2 40.3 38.6 38.8 38.0 37.2 35.6 34.2 33.5 31.1 27.0 19.3 19.4 19.1 18.8 19.3 19.0 19.5 19.6 19.2 40.4 40.1 38.9 39.3 37.3 36.1 35.0 32.9 29.6 25.8 20.3 19.5 19.6 19.8 19.7 19.5 19.2 19.3 19.7 19.8 19.5 19.6 19.4 24.1 42.0 39.9 40.0 38.0 39.0 38.3 37.8 36.7 35.2 29.9 19.9 19.0 19.9 19.3 19.2 18.8 19.5 19.1 22.6 40.5 40.5 39.2 38.5 38.6 37.9 36.0 34.4 31.8 27.6 19.6 19.1 19.3 19.3 19.2 
Direction:  {44 136} {44 136} {45 135} {44 136} {43 137} {44 136} {43 137} {43 137} {44 136} n n n n n n n n n {45 135} {45 135} {43 137} {42 138} {43 137} {46 134} {44 136} {47 133} {43 137} {44 136} n n n n n n n n n n n n n n {45 135} {45 135} {46 134} {46 134} {42 138} {45 135} {43 137} {43 137} {45 135} {44 136} n n n n n n n n n {46 134} {46 134} {45 135} {44 136} {44 136} {45 135} {45 135} {44 136} {45 135} {46 134} n n n n n n n n n n n n n n {44 136} {44 136} {44 136} {45 135} {46 134} {46 134} {46 134} {44 136} {46 134} {44 136} n n n n n n n n n {45 135} {44 136} {46 134} {46 134} {46 134} {44 136} {45 135} {45 135} {46 134} {43 137} n n n n n n n n n {45 135} {44 136} {45 135} {43 137} {45 135} {45 135} {44 136} {45 135} {43 137} {43 137} n n n n n n n n n {44 136} {46 134} {46 134} {44 136} {44 136} {44 136} {46 134} {46 134} {45 135} {44 136} n n n n n n n n n n n n n n {43 137} {45 135} {44 136} {46 134} {45 135} {45 135} {45 135} {46 134} {46 134} {43 137} n n n n n n n n n {43 137} {45 135} {46 134} {43 137} {45 135} {43 137} {44 136} {42 138} {42 138} {46 134} n n n n n

55.3: Count:   8.4 (  6.7) A:  18.6 [11-57] B:  35.2 [11-128] Phase: 100% 138 (21.2) Direction:  {44 136}
Phase: {82,14,14,8,47,54,13,50,23,34,49,29,28,32,30,79,43,43,68,31,50,68,85,71,69,67,88,114,75,96,138,124,101,93,134,176,171,173,207,181,194,233,187,255,198,371,229,316,321,338,292,293,443,394,395,531,485,406,469,501,569,520,579,679,400,590,655,668,724,665,673,571,840,720,725,930,876,852,723,928,997,1073,889,1061,949,1141,1244,1125,1104,933,2019,1107,1338,1321,1686,1747,1555,1730,1671,2136,2150,2011,1917,2270,2324,2605,2585,2669,3156,2791,3305,3220,3591,3736,4002,4188,4122,5306,5124,5217,5647,5744,6209,6117,6710,7052,7096,7315,7331,7571,7651,7789,8036,8107,7553,8723,7951,8512,8363,8618,8568,8643,8576,8219,8415,8088,7777,7368,7714,7239,6946,6568,6650,6890,5663,5997,5750,5608,5524,5158,5043,4382,4681,4440,3895,3667,3564,3399,2808,2909,2611,2587,2314,2272,1959,1997,1871,1613,1509,1247,1937,1074,1177,1005,1040,1032,823,865,764,691,690,725,524,553,504,547,397,491,452,308,350,296,317,269,208,197,169,236,188,125,137,151,158,104,146,115,109,83,124,67,73,72,76,47,58,68,63,31,59,46,29,41,24,40,21,26,24,13,11,20,24,7,30,33,19,5,6,6,14,10,12,4,23,11,10,13,3,3,6,7,10,4,3,5,6,13,3,9,3,4,14,2,1,2,3,5,0,1,1,0,7,2,1,0,1,5,3,7,4,0,1,0,7,2,4,2,2,7,2,1,3,0,2,0,0,4,7,0,1,2,2,6,2,4,4,2,0,5,1,8,3,5,4,4,7,8,6,4,2,6,7,3,8,9,13,1,7,18,10,12,12,7,14,13,9,27,13,14,11,18,21,15,7,30,10,43,23,24,13,16}
Count:  17.4  16.9  17.3  16.1  15.2  14.8  14.0  12.9  12.0   2.8   1.8   2.0   1.9   2.0   1.9   2.0   1.7   2.1   7.8  17.9  17.5  16.7  15.7  15.5  13.8  13.4  12.5  11.3   2.5   2.0   1.8   1.9   2.0   1.9   1.8   2.1   2.0   2.0   2.1   2.1   1.8   1.9  12.3  17.9  17.7  17.1  17.2  15.6  15.8  15.0  14.7  11.1   1.9   2.1   2.2   2.0   2.0   1.9   2.0   2.0   2.0  11.6  18.1  17.1  17.1  15.9  15.2  13.9  14.1  11.8  10.8   1.9   2.1   1.9   2.1   2.1   1.9   1.9   2.0   2.1   1.9   1.8   1.9   2.0   1.8  15.7  17.6  17.4  17.5  16.5  16.7  16.0  15.4  14.5   9.1   2.0   2.1   2.0   1.9   2.0   2.1   2.1   2.1   2.1  15.4  17.7  17.4  17.1  16.3  15.6  14.2  13.8  12.5   9.1   2.0   2.0   1.9   2.1   2.2   1.9   2.0   1.8   1.9  15.1  17.1  17.4  16.3  15.5  14.4  13.9  12.4  11.6   8.2   2.0   2.1   2.0   2.0   1.9   2.0   2.1   2.0   2.1  15.2  17.6  16.5  16.4  15.2  14.0  13.3  13.0  11.9   7.3   1.9   2.3   1.9   2.0   2.0   1.7   1.9   1.8   1.9   1.9   2.0   2.0   2.1   3.0  18.3  17.8  17.6  16.9  16.7  16.3  15.2  13.7  14.1   5.9   2.3   2.0   1.9   2.0   2.0   1.9   2.2   1.8   2.8  18.1  17.7  17.0  17.1  15.6  15.3  14.3  13.3  12.6   6.0   2.1   2.2   2.0   2.0   2.1 
A: 20.2 19.8 20.1 20.0 19.2 18.8 18.7 17.7 16.9 14.4 12.7 13.0 12.7 12.9 12.9 13.0 13.0 12.6 20.4 20.0 20.0 19.9 19.7 19.1 19.2 17.8 16.8 15.7 14.5 12.9 12.8 12.8 13.0 13.2 13.0 12.7 13.2 12.6 12.8 13.0 12.9 13.1 20.0 19.8 20.0 19.8 20.4 19.8 19.3 19.0 18.9 17.5 12.8 12.7 12.8 12.6 12.7 12.8 13.0 12.9 13.1 19.8 20.6 19.5 19.8 19.8 19.5 18.5 18.6 17.3 16.6 12.9 12.8 13.0 12.8 12.8 12.9 12.9 13.0 12.9 13.0 12.8 13.0 13.0 13.0 20.3 20.6 19.9 20.6 20.0 19.8 19.6 19.5 19.1 17.9 13.2 12.9 13.0 12.9 13.0 13.1 12.7 12.7 13.0 19.6 20.3 20.2 20.4 19.5 19.3 18.8 18.6 17.1 16.4 13.0 13.0 13.0 12.8 13.0 12.9 12.8 12.7 12.8 20.6 20.0 20.1 19.6 19.5 18.7 18.2 17.3 16.7 15.4 13.0 12.9 12.8 12.8 13.0 12.7 12.9 12.6 12.8 20.1 20.5 19.8 20.3 19.4 18.7 18.0 17.2 16.2 14.9 13.0 13.2 13.2 12.9 12.9 13.0 13.0 12.9 13.0 13.1 12.9 12.9 13.1 14.7 21.1 20.6 20.2 20.0 19.8 19.7 19.7 19.0 18.4 16.7 12.9 13.0 12.8 12.8 12.8 13.1 12.8 13.0 13.9 20.1 20.9 20.2 19.5 19.6 19.7 18.6 17.8 16.8 15.5 12.9 12.8 12.9 13.3 12.9 
B: 40.2 39.0 39.7 39.2 37.3 36.3 35.8 33.1 31.5 22.5 18.8 19.1 18.4 18.6 18.3 18.2 18.6 18.6 38.9 39.8 39.7 39.2 38.3 36.7 36.7 33.7 30.4 27.9 23.3 19.2 18.6 18.4 18.7 18.4 18.2 18.5 19.0 18.4 19.1 18.7 18.8 18.7 39.2 39.7 39.4 39.2 40.0 38.6 37.5 36.6 36.5 32.5 19.1 18.9 17.9 17.7 19.0 18.5 18.5 18.6 18.7 39.2 40.8 38.3 39.0 38.9 37.9 35.5 35.3 32.1 29.8 19.2 19.2 18.7 18.2 18.4 19.2 18.3 18.6 18.6 18.6 18.2 18.4 19.4 19.0 40.4 41.2 39.8 41.1 39.3 38.7 38.1 37.6 37.0 34.2 19.4 19.0 19.2 19.0 18.9 19.0 18.6 18.7 19.2 38.8 41.0 40.0 40.3 38.2 37.7 36.3 36.2 31.7 29.6 19.5 18.5 18.6 18.5 19.0 18.8 18.8 17.8 18.5 40.7 39.6 40.2 38.2 37.3 35.4 34.8 32.8 30.5 26.8 19.5 18.7 18.1 18.7 19.2 18.9 18.9 17.9 18.4 39.9 41.2 38.8 39.6 37.3 35.8 33.4 31.9 29.1 24.6 19.5 18.1 18.7 18.7 18.9 19.0 19.1 19.1 18.9 19.2 19.0 18.1 18.7 24.3 42.6 40.7 40.6 39.2 39.0 38.5 38.1 36.4 35.0 30.3 18.6 18.6 18.8 18.7 18.2 18.9 18.7 19.1 22.0 40.0 41.7 39.7 38.5 38.0 38.1 35.6 33.3 30.7 26.6 19.2 18.6 18.0 18.7 18.6 
Direction:  {43 137} {45 135} {42 138} {45 135} {42 138} {44 136} {43 137} {46 134} {44 136} n n n n n n n n n {46 134} {46 134} {44 136} {44 136} {45 135} {43 137} {41 139} {46 134} {41 139} {36 144} n n n n n n n n n n n n n n {45 135} {47 133} {44 136} {46 134} {47 133} {44 136} {43 137} {42 138} {45 135} {42 138} n n n n n n n n n {45 135} {44 136} {46 134} {43 137} {44 136} {45 135} {44 136} {45 135} {43 137} {46 134} n n n n n n n n n n n n n n {45 135} {45 135} {46 134} {46 134} {44 136} {44 136} {42 138} {44 136} {44 136} {44 136} n n n n n n n n n {43 137} {45 135} {44 136} {45 135} {41 139} {44 136} {42 138} {43 137} {44 136} {46 134} n n n n n n n n n {42 138} {46 134} {45 135} {43 137} {44 136} {44 136} {45 135} {45 135} {41 139} {44 136} n n n n n n n n n {44 136} {43 137} {43 137} {45 135} {44 136} {41 139} {44 136} {44 136} {41 139} {39 141} n n n n n n n n n n n n n n {44 136} {45 135} {44 136} {43 137} {44 136} {46 134} {46 134} {45 135} {46 134} {45 135} n n n n n n n n n {44 136} {44 136} {45 135} {46 134} {44 136} {44 136} {42 138} {47 133} {39 141} {45 135} n n n n n

55.4: Count:   7.5 (  6.6) A:  18.7 [11-55] B:  36.7 [11-130] Phase: 100% 139 (17.8) Direction:  {44 136}
Phase: {49,5,8,14,20,16,8,19,17,17,35,24,7,5,28,34,12,22,32,17,28,19,32,31,25,32,29,53,42,31,53,57,45,56,74,81,68,82,69,69,82,116,102,118,93,168,106,133,152,199,125,184,217,166,195,232,257,176,230,291,281,240,302,381,270,297,293,331,363,312,312,318,472,409,410,472,471,458,383,478,572,681,492,582,577,698,684,625,674,540,1347,705,789,819,1047,1043,987,1128,1099,1256,1352,1243,1260,1495,1608,1841,1728,1878,2253,1999,2285,2477,2847,2954,2938,3301,3152,4216,4217,4318,4638,5012,5636,5363,6125,6653,6754,7009,7783,7679,8043,8327,8549,9061,8578,9525,8776,9317,9124,9318,9046,9125,9334,8576,8593,8756,8595,7871,8364,8003,7396,7301,7143,7240,5852,6027,5558,5537,5301,4737,4429,3904,4084,3629,3330,3259,2881,2648,2218,2233,2098,1992,1781,1635,1469,1454,1324,1132,1053,891,1231,744,741,718,740,648,554,561,465,430,402,389,319,336,345,296,217,208,215,149,196,156,179,161,129,124,81,124,95,96,64,64,58,40,57,54,44,38,36,55,36,30,32,26,15,36,15,19,7,36,23,22,21,19,11,9,21,5,5,6,5,4,12,12,4,3,2,12,3,3,8,5,7,3,4,12,10,3,0,5,7,6,1,0,3,2,3,0,0,0,1,3,0,0,3,2,2,1,0,0,4,0,0,1,0,1,0,0,0,1,0,4,0,1,5,0,0,0,0,1,1,0,0,0,2,2,2,2,1,0,2,1,1,1,1,2,0,1,4,9,0,0,2,4,3,3,4,1,3,7,2,1,3,9,6,4,4,7,7,5,9,2,4,10,4,15,8,1,4,14,12,1,4,11,5,18,10,7,1,3}
Count:  16.6  16.4  16.3  15.3  14.1  13.7  12.6  11.5  10.9   2.2   1.4   1.4   1.2   1.3   1.3   1.2   1.2   1.2   7.4  17.2  16.8  16.1  14.5  14.6  12.7  12.4  10.9   9.5   1.8   1.5   1.1   1.3   1.2   1.2   1.5   1.3   1.3   1.1   1.4   1.4   1.3   1.3  11.6  17.5  17.1  16.6  15.9  15.2  14.4  13.5  13.2  10.0   1.3   1.3   1.4   1.3   1.3   1.3   1.3   1.4   1.3  11.1  17.3  16.0  16.4  14.9  14.2  12.7  12.7  10.7   9.6   1.3   1.4   1.5   1.5   1.2   1.3   1.3   1.2   1.4   1.4   1.3   1.3   1.4   1.1  15.0  17.3  17.0  16.9  15.6  15.9  14.9  14.5  13.4   7.9   1.5   1.4   1.3   1.3   1.3   1.3   1.4   1.4   1.4  14.8  17.3  17.0  16.3  15.3  14.2  13.0  12.0  10.9   7.6   1.3   1.4   1.3   1.4   1.4   1.3   1.4   1.2   1.4  14.3  16.3  16.8  14.9  14.4  12.9  12.2  11.3  10.3   6.2   1.4   1.3   1.4   1.4   1.4   1.4   1.4   1.2   1.3  14.7  16.9  15.5  15.7  14.0  12.9  11.8  11.8   9.7   6.0   1.3   1.4   1.5   1.3   1.4   1.3   1.3   1.4   1.5   1.4   1.3   1.3   1.5   2.5  18.1  17.2  16.7  16.1  15.9  15.4  14.0  12.4  12.2   4.7   1.4   1.4   1.4   1.3   1.2   1.3   1.5   1.4   2.2  17.4  17.3  16.0  16.0  14.6  13.9  12.7  11.9  10.6   4.7   1.5   1.5   1.4   1.3   1.3 
A: 20.0 19.7 20.1 20.2 19.2 18.6 18.8 17.6 16.7 14.5 13.0 13.0 12.8 13.0 13.2 12.7 12.8 12.8 21.0 19.8 19.6 20.1 20.0 18.8 18.9 18.0 16.8 15.3 14.7 12.9 12.9 12.8 13.0 12.9 12.8 13.0 13.0 12.7 12.8 12.8 12.7 12.9 20.4 20.0 20.3 19.5 19.9 20.0 19.2 19.1 18.7 17.2 12.9 13.1 12.8 12.7 13.0 12.8 12.9 12.9 13.0 19.7 20.4 19.8 19.6 19.8 19.6 18.4 18.5 17.1 16.1 12.9 12.9 12.8 13.0 12.5 13.0 12.7 13.1 12.9 12.7 12.7 12.8 13.0 13.0 20.4 20.4 19.6 20.5 19.7 19.7 19.6 19.6 18.6 17.9 13.1 12.8 12.9 12.9 12.9 12.9 12.6 12.5 12.8 19.7 19.9 19.9 20.2 19.5 19.3 18.8 18.5 16.8 16.3 13.1 13.1 12.6 12.9 12.9 12.8 12.9 13.0 12.7 20.9 20.0 20.1 19.7 19.4 18.6 18.2 17.0 16.4 15.2 13.2 12.7 12.8 12.8 12.7 12.5 12.9 12.7 12.7 19.8 20.3 19.6 20.2 19.3 18.9 17.7 17.2 16.1 14.6 12.9 13.1 12.9 12.8 12.8 12.9 12.7 12.6 12.7 13.0 12.8 13.0 12.7 15.8 20.8 20.4 20.3 19.6 19.7 19.6 19.7 18.7 18.3 16.5 12.9 13.1 12.6 12.8 13.0 13.1 12.7 12.8 14.3 20.0 20.8 20.4 19.8 19.4 19.4 18.6 17.9 16.8 15.5 12.8 13.0 13.2 12.9 12.6 
B: 40.9 39.9 41.0 40.8 38.5 37.0 37.0 34.1 31.9 24.1 20.3 19.8 18.6 19.5 19.6 19.5 18.8 19.4 42.2 40.8 39.9 40.6 40.0 37.1 36.9 34.8 31.5 27.8 25.4 19.9 19.9 19.6 19.0 19.2 19.0 20.7 19.2 19.2 19.6 19.7 19.5 18.8 41.4 40.9 41.2 39.5 40.2 40.0 37.9 37.8 37.1 32.9 20.4 19.5 19.7 19.4 20.1 19.2 18.5 19.2 19.4 39.2 41.5 39.7 39.7 39.7 39.3 35.9 36.0 32.8 30.0 19.6 19.5 19.3 19.2 18.6 19.4 18.2 19.3 19.4 19.1 18.9 18.8 19.7 19.0 42.2 42.0 39.8 41.6 40.0 39.6 39.3 39.0 36.8 34.7 19.7 19.0 19.8 18.8 19.5 19.8 19.5 18.6 19.1 40.2 40.9 40.5 40.7 39.5 38.4 37.0 36.7 32.3 30.9 20.1 19.5 19.2 19.1 19.6 19.3 19.7 19.3 19.5 42.7 40.3 40.9 39.5 38.6 36.2 35.7 32.7 30.6 27.6 19.9 19.1 18.5 19.5 18.9 19.5 19.2 19.6 19.2 40.0 41.2 39.7 40.7 38.1 37.1 34.2 32.9 29.9 24.7 19.2 19.4 19.5 18.7 19.9 19.0 19.2 19.4 19.2 19.1 19.0 19.2 18.9 28.7 42.9 41.4 41.2 39.2 39.6 39.2 39.0 36.6 35.8 31.2 20.1 18.7 18.5 19.5 18.8 19.9 19.2 18.7 23.9 40.8 42.3 41.4 40.1 38.5 38.7 36.6 34.7 31.4 27.5 19.7 19.2 19.8 19.4 19.0 
Direction:  {44 136} {45 135} {44 136} {42 138} {44 136} {42 138} {43 137} {46 134} {44 136} n n n n n n n n n {45 135} {44 136} {42 138} {44 136} {44 136} {42 138} {44 136} {45 135} {41 139} {42 138} n n n n n n n n n n n n n n {44 136} {44 136} {44 136} {46 134} {46 134} {46 134} {44 136} {44 136} {43 137} {44 136} n n n n n n n n n {42 138} {47 133} {44 136} {46 134} {46 134} {46 134} {44 136} {42 138} {43 137} {42 138} n n n n n n n n n n n n n n {45 135} {42 138} {43 137} {44 136} {42 138} {43 137} {41 139} {47 133} {44 136} {42 138} n n n n n n n n n {44 136} {44 136} {44 136} {44 136} {44 136} {45 135} {43 137} {42 138} {41 139} {44 136} n n n n n n n n n {46 134} {44 136} {43 137} {42 138} {45 135} {43 137} {44 136} {42 138} {42 138} {44 136} n n n n n n n n n {46 134} {44 136} {44 136} {45 135} {45 135} {44 136} {42 138} {44 136} {42 138} {41 139} n n n n n n n n n n n n n n {43 137} {44 136} {43 137} {43 137} {43 137} {44 136} {45 135} {46 134} {45 135} {44 136} n n n n n n n n n {43 137} {44 136} {43 137} {44 136} {44 136} {47 133} {44 136} {43 137} {42 138} {44 136} n n n n n

55.5: Count:   6.6 (  6.3) A:  18.7 [11-57] B:  38.2 [11-128] Phase: 100% 140 (13.1) Direction:  {44 136}
Phase: {1,2,0,0,0,0,0,1,0,0,0,0,0,0,0,1,0,0,2,0,1,3,0,0,2,1,2,3,4,2,3,4,7,1,6,7,6,4,12,2,12,16,6,10,7,13,8,18,28,26,29,19,38,27,22,40,34,31,40,53,71,55,62,59,34,62,57,70,111,63,94,75,129,106,87,107,94,127,101,156,147,141,125,169,130,212,203,202,218,172,387,184,316,290,379,356,379,433,472,549,621,592,578,758,812,883,878,984,1170,1049,1257,1380,1639,1804,1951,2149,2124,2754,2866,3044,3554,3905,4188,4307,5040,5527,5972,6307,7081,7474,7809,8637,8994,9616,9652,10958,10089,11171,10888,11221,11004,11174,11546,10846,10874,10402,9941,9171,8956,8542,8064,7413,7404,6786,5497,5524,5051,4662,4321,3753,3590,2822,3145,2546,2267,2259,1902,1794,1483,1293,1252,1179,998,903,807,702,685,585,537,430,653,274,354,294,284,281,188,196,151,149,154,126,101,119,90,51,58,44,69,46,56,39,42,33,24,34,33,29,26,9,21,13,17,9,15,9,5,10,10,6,2,8,5,2,5,4,7,4,1,4,2,1,3,2,0,1,1,2,1,0,0,0,0,0,0,1,0,0,1,0,0,0,1,0,0,0,0,0,0,2,0,0,0,2,0,0,0,0,0,1,0,0,2,0,0,0,0,0,0,0,0,0,0,0,0,0,0,0,0,0,0,0,0,0,0,0,0,0,0,0,0,0,0,0,0,0,0,0,0,0,0,0,0,0,0,0,0,0,0,0,0,0,0,0,0,0,0,0,0,0,0,0,0,0,0,0,0,0,0,0,0,0,0,0,0,0,0,0,0,0,0,0,0,0,0,1,0,0,0,0}
Count:  15.9  15.7  15.3  14.2  13.2  12.1  11.5   9.9   8.9   1.3   0.8   0.8   0.8   0.8   0.9   0.8   0.6   0.8   7.0  16.5  15.9  15.0  13.4  13.5  11.6  10.8   9.3   7.7   1.2   0.9   0.7   0.7   0.7   0.7   0.7   0.7   0.7   0.7   0.7   0.8   0.6   0.9  11.0  16.5  16.4  15.7  14.5  14.0  12.4  12.6  11.1   8.4   0.7   0.8   0.7   0.7   0.8   0.8   0.7   0.7   0.8  10.7  16.7  15.2  15.5  13.6  13.2  11.5  10.9   9.5   8.0   0.7   0.9   0.9   0.8   0.7   0.9   0.8   0.7   0.8   0.8   0.7   0.7   0.8   0.7  14.3  16.8  16.2  16.0  14.6  14.5  13.4  12.9  11.6   6.7   0.9   0.8   0.7   0.8   0.8   0.6   0.8   0.8   0.7  14.2  16.4  16.3  15.2  14.1  12.6  11.8  10.3   9.5   6.0   0.8   0.7   0.7   0.7   0.7   0.8   0.7   0.8   0.7  13.4  15.8  16.0  13.3  13.3  11.4  10.8   9.6   8.7   4.8   0.8   0.7   0.7   0.8   0.7   0.6   0.8   0.8   0.7  14.0  15.9  14.4  14.7  12.7  11.9   9.9  10.0   8.3   4.4   0.7   0.8   0.8   0.7   0.7   0.9   0.7   0.8   0.8   0.8   0.7   0.8   0.8   2.1  17.3  16.6  15.7  15.0  15.2  14.0  12.7  11.2  10.8   3.7   0.8   0.8   0.8   0.7   0.7   0.8   0.8   0.7   1.6  16.9  16.6  15.0  14.6  13.3  12.6  11.4  10.3   8.9   3.4   0.8   0.8   0.8   0.7   0.8 
A: 19.6 19.2 19.7 19.7 18.8 18.4 18.3 17.3 16.3 14.1 13.0 12.7 12.6 12.8 12.7 12.6 12.6 12.5 21.2 19.1 19.6 20.2 19.7 19.0 18.3 18.0 16.5 14.9 14.9 13.0 12.6 12.7 12.5 12.7 12.8 13.1 12.9 12.4 12.7 12.5 12.9 12.5 19.6 19.8 19.9 19.3 19.4 19.5 18.9 18.9 18.4 17.0 13.2 13.0 12.9 12.9 12.8 12.7 12.7 12.7 12.9 19.5 20.1 19.5 19.6 19.1 19.4 18.5 18.2 16.3 15.5 13.0 12.9 12.7 12.7 12.7 12.7 12.8 13.0 13.1 12.6 12.8 12.5 12.7 13.0 20.5 20.0 19.4 19.7 19.6 19.7 19.1 19.3 18.5 18.0 13.2 12.8 12.7 13.1 12.8 12.9 12.8 12.2 13.0 19.8 19.5 19.4 19.7 19.5 19.1 18.3 18.3 16.7 15.8 13.3 13.1 12.5 12.8 12.9 12.7 12.7 12.6 12.9 20.4 19.2 19.3 19.6 18.8 18.4 18.1 16.7 15.6 14.9 13.2 12.8 12.7 12.5 12.7 12.9 12.6 12.5 12.7 19.5 20.0 19.1 19.5 19.4 18.7 17.0 16.9 15.7 14.3 13.0 12.9 12.7 12.5 12.5 12.5 12.7 12.7 12.9 12.8 12.5 12.7 12.5 17.4 20.6 20.1 19.6 20.0 19.4 19.3 19.3 18.4 18.0 16.4 12.7 12.9 12.9 13.1 12.6 12.9 12.8 12.7 15.7 19.8 20.4 20.2 19.4 18.9 19.5 18.2 17.5 16.1 15.5 13.2 12.8 12.6 12.8 12.6 
B: 41.7 40.2 41.4 40.6 39.0 37.9 37.3 34.5 32.3 25.2 22.3 22.0 20.1 21.3 21.1 21.3 20.6 20.7 44.4 40.2 41.0 42.3 40.8 38.8 37.2 36.3 32.6 28.7 29.1 22.8 20.1 20.6 21.2 20.8 21.4 22.3 21.3 20.2 21.1 21.7 21.6 20.9 41.5 41.7 42.0 40.2 40.5 40.2 38.6 38.9 37.7 34.1 22.0 21.9 21.9 22.7 21.0 21.0 21.7 20.0 20.5 40.5 42.2 40.6 41.0 39.5 40.2 37.5 36.7 32.8 30.5 22.0 22.6 21.8 21.3 20.8 19.8 21.2 20.3 20.8 21.1 22.5 21.1 21.2 21.6 43.6 42.0 40.6 41.1 40.3 40.8 39.8 39.7 38.0 35.9 22.5 21.4 21.0 21.8 21.5 21.5 21.8 21.2 21.2 41.8 41.2 40.8 41.2 40.6 39.6 37.4 37.7 33.5 31.6 22.7 21.4 21.3 20.0 21.8 21.6 21.1 20.2 22.7 42.8 40.4 40.0 40.5 39.0 37.2 36.7 33.5 30.4 28.4 22.5 21.5 20.5 21.3 21.3 21.3 20.7 20.6 22.2 41.0 41.6 39.8 40.6 39.5 38.2 34.7 34.1 30.7 25.9 22.0 21.2 21.3 20.0 21.7 20.6 20.6 20.1 21.3 21.5 20.6 21.5 20.6 35.0 43.9 42.1 40.8 41.5 40.2 39.6 39.3 37.5 36.4 32.3 22.8 21.4 20.6 22.2 20.7 20.7 21.4 20.7 30.3 41.7 43.0 42.3 40.5 38.9 40.3 37.2 35.5 31.8 29.5 22.3 21.5 20.3 21.4 20.6 
Direction:  {45 135} {45 135} {44 136} {44 136} {44 136} {43 137} {43 137} {44 136} {42 138} n n n n n n n n n {44 136} {43 137} {46 134} {45 135} {45 135} {43 137} {45 135} {46 134} {46 134} {43 137} n n n n n n n n n n n n n n {44 136} {46 134} {46 134} {45 135} {45 135} {45 135} {46 134} {44 136} {45 135} {45 135} n n n n n n n n n {45 135} {44 136} {44 136} {46 134} {46 134} {45 135} {42 138} {45 135} {45 135} {43 137} n n n n n n n n n n n n n n {44 136} {43 137} {44 136} {44 136} {43 137} {45 135} {44 136} {44 136} {46 134} {44 136} n n n n n n n n n {45 135} {44 136} {46 134} {45 135} {44 136} {45 135} {44 136} {45 135} {43 137} {44 136} n n n n n n n n n {44 136} {45 135} {44 136} {43 137} {44 136} {46 134} {44 136} {46 134} {43 137} {43 137} n n n n n n n n n {45 135} {45 135} {44 136} {44 136} {46 134} {45 135} {46 134} {42 138} {46 134} {43 137} n n n n n n n n n n n n n n {46 134} {44 136} {46 134} {44 136} {45 135} {45 135} {46 134} {44 136} {45 135} {44 136} n n n n n n n n n {45 135} {44 136} {44 136} {44 136} {45 135} {44 136} {44 136} {44 136} {45 135} {45 135} n n n n n

55.6: Count:   6.2 (  6.1) A:  18.2 [11-56] B:  37.6 [11-119] Phase: 100% 140 (13.1) Direction:  {44 136}
Phase: {0,0,0,0,0,1,0,0,0,0,0,1,0,0,0,0,0,0,0,0,0,0,4,0,0,0,0,0,0,0,0,0,0,1,0,1,1,2,1,0,2,2,3,0,2,1,2,4,3,4,7,7,12,6,15,13,8,5,15,16,18,15,12,32,20,27,25,42,37,39,27,39,26,57,42,86,49,55,54,65,67,88,106,70,109,136,108,113,119,117,280,121,150,176,266,303,203,299,334,421,433,412,448,565,628,730,646,833,1051,880,1159,1222,1460,1471,1786,1911,1979,2641,2601,2883,3129,3638,3959,4048,4772,5289,5899,6433,7047,7882,7737,8737,9071,9686,9179,10670,9942,10684,10490,10682,10788,10734,10738,10474,10440,9857,9607,8582,8834,8297,7817,7147,7243,6642,5217,5225,4834,4521,4088,3361,3317,2679,2984,2405,2036,1928,1559,1521,1195,1106,1033,1047,786,743,682,637,462,455,381,319,458,235,249,197,190,192,130,137,117,95,92,80,44,72,56,51,34,39,45,24,18,20,27,21,21,5,8,14,6,4,6,2,10,4,6,2,0,2,0,1,1,0,4,0,2,1,1,0,2,2,0,0,0,0,3,0,2,0,0,0,0,0,0,0,0,0,0,1,0,0,0,0,0,0,0,0,0,0,0,0,0,0,0,0,0,0,0,0,0,0,0,0,0,0,0,0,0,0,0,0,0,0,0,0,0,0,0,0,0,0,0,0,0,0,0,0,0,0,0,0,0,0,0,0,0,0,0,0,0,0,0,0,0,0,0,0,0,0,0,0,0,0,0,0,0,0,0,0,0,0,0,0,0,0,0,0,0,0,0,0,0,0,0,0,0,0,0,0,1,0,0,0,0,0,0,0,0,0,1,0}
Count:  15.4  15.1  14.9  13.3  12.6  11.0  11.0   9.1   8.0   1.0   0.7   0.6   0.5   0.5   0.6   0.6   0.6   0.6   6.9  15.9  15.0  14.1  12.7  12.2  10.2  10.0   8.2   6.6   1.1   0.8   0.6   0.5   0.6   0.7   0.5   0.7   0.7   0.6   0.6   0.6   0.6   0.6  10.9  15.7  16.2  15.2  13.6  13.1  11.6  11.9  10.2   7.8   0.7   0.8   0.7   0.6   0.6   0.7   0.6   0.6   0.7  10.5  15.7  14.9  15.3  13.0  12.7  10.9  10.2   8.6   7.4   0.7   0.7   0.7   0.7   0.6   0.8   0.6   0.7   0.6   0.6   0.5   0.6   0.7   0.6  14.0  16.1  15.6  15.6  14.0  14.0  12.5  12.2  10.5   6.3   0.7   0.6   0.7   0.6   0.6   0.5   0.6   0.6   0.7  13.9  16.0  15.4  14.4  13.6  11.7  11.1   9.0   8.7   5.5   0.7   0.7   0.5   0.6   0.6   0.8   0.6   0.6   0.6  13.2  15.4  14.8  13.1  12.7  10.4  10.0   9.0   7.7   3.9   0.7   0.5   0.6   0.6   0.7   0.6   0.6   0.6   0.5  13.4  15.3  14.0  14.0  11.8  11.2   9.1   8.9   7.2   3.8   0.6   0.7   0.6   0.7   0.5   0.7   0.6   0.6   0.7   0.6   0.6   0.6   0.5   2.0  16.8  16.5  14.9  14.2  14.4  13.1  11.5  10.2   9.5   3.2   0.7   0.6   0.6   0.7   0.7   0.6   0.7   0.6   1.5  16.8  15.7  14.7  14.2  12.6  11.8  10.4   9.6   7.7   2.8   0.7   0.6   0.6   0.7   0.6 
A: 18.5 18.3 19.1 18.7 18.5 18.0 17.6 16.5 15.9 13.7 12.8 12.6 12.5 12.4 12.4 12.8 12.6 12.5 20.7 18.7 19.3 19.4 19.1 18.3 17.7 17.3 16.1 14.5 14.8 13.0 12.8 12.7 12.6 12.5 12.5 12.7 12.9 12.4 12.6 12.8 12.5 13.0 18.6 19.5 19.4 19.2 18.9 19.2 18.9 18.6 18.1 16.9 12.9 12.9 12.4 12.5 12.5 12.8 12.2 12.5 12.4 18.3 19.7 19.0 18.8 18.5 19.3 18.3 17.8 16.1 15.6 12.7 12.8 12.7 12.5 12.6 12.4 13.0 12.8 13.2 12.5 12.9 12.8 12.8 12.8 20.0 19.4 19.0 18.7 19.0 19.1 18.4 18.9 18.4 17.6 12.9 12.7 12.8 12.6 12.5 12.8 12.8 12.5 12.5 19.1 18.6 19.0 18.9 19.5 18.8 18.0 17.6 16.4 15.3 12.9 12.8 12.7 12.6 12.7 12.9 12.6 12.8 12.9 19.4 19.0 18.9 18.7 19.0 18.4 17.5 16.2 15.4 14.3 12.6 12.9 12.5 12.7 12.5 12.7 12.4 13.0 12.5 18.9 19.3 18.7 18.8 18.7 18.3 16.9 16.7 14.9 13.7 12.5 12.7 12.4 12.7 12.6 12.7 12.7 12.3 12.6 13.1 12.8 13.1 12.5 17.2 19.8 19.2 18.5 19.7 18.8 18.8 18.4 18.1 17.4 16.4 13.1 12.5 12.8 12.9 12.6 13.0 12.4 12.5 16.5 19.3 19.5 19.5 18.7 17.9 18.9 17.6 17.1 16.0 14.7 13.0 12.8 12.5 12.4 13.0 
B: 39.3 38.7 40.3 39.1 38.2 37.1 36.2 33.4 31.8 25.3 22.5 21.4 20.7 20.9 21.1 21.6 21.0 20.0 43.5 39.7 40.6 40.7 39.6 38.1 36.3 35.3 32.2 28.5 28.5 22.4 20.7 21.4 21.7 20.6 20.8 21.3 20.9 20.4 20.3 21.6 21.7 21.7 39.5 41.3 41.0 40.7 39.2 40.0 39.1 38.5 37.1 33.9 22.0 21.8 21.9 20.7 21.5 21.3 20.6 20.0 21.7 38.6 41.7 39.6 39.4 37.8 39.8 37.3 36.5 32.2 30.8 22.9 21.5 21.6 21.0 20.9 20.5 22.2 22.3 21.0 21.2 21.9 21.5 21.0 22.0 42.7 41.2 40.1 39.4 39.4 39.9 38.2 38.9 37.9 35.6 23.5 22.3 21.9 21.0 21.5 22.3 22.2 21.3 20.7 40.8 39.3 40.2 39.5 40.9 39.5 37.1 36.5 33.0 30.7 23.1 22.3 21.5 20.1 21.7 22.7 20.5 21.5 21.9 41.1 40.2 39.5 38.6 39.7 37.4 35.9 32.8 30.1 27.5 22.8 21.9 21.5 21.3 21.5 21.9 21.7 21.6 20.2 40.0 40.8 39.3 39.5 38.3 37.7 34.5 34.0 29.2 25.7 21.7 22.1 21.3 21.1 21.0 22.1 21.4 20.9 22.5 22.0 22.3 21.8 21.9 35.3 42.0 40.3 38.8 41.4 39.4 39.1 38.2 37.3 35.4 32.5 23.1 21.5 21.5 21.7 21.6 21.0 21.2 21.2 32.9 40.7 41.0 40.9 39.2 37.0 39.3 36.2 35.1 31.7 28.6 23.0 21.2 21.3 21.0 21.1 
Direction:  {44 136} {46 134} {45 135} {42 138} {46 134} {43 137} {44 136} {44 136} {41 139} n n n n n n n n n {45 135} {44 136} {43 137} {46 134} {44 136} {44 136} {45 135} {47 133} {41 139} {43 137} n n n n n n n n n n n n n n {43 137} {43 137} {45 135} {45 135} {44 136} {45 135} {46 134} {45 135} {46 134} {46 134} n n n n n n n n n {43 137} {45 135} {45 135} {44 136} {43 137} {43 137} {44 136} {44 136} {43 137} {44 136} n n n n n n n n n n n n n n {45 135} {43 137} {43 137} {43 137} {43 137} {44 136} {43 137} {43 137} {43 137} {44 136} n n n n n n n n n {43 137} {44 136} {45 135} {45 135} {44 136} {45 135} {43 137} {44 136} {41 139} {44 136} n n n n n n n n n {44 136} {46 134} {45 135} {44 136} {44 136} {44 136} {44 136} {45 135} {45 135} {43 137} n n n n n n n n n {43 137} {46 134} {45 135} {43 137} {44 136} {45 135} {46 134} {45 135} {44 136} {42 138} n n n n n n n n n n n n n n {43 137} {44 136} {43 137} {44 136} {45 135} {44 136} {45 135} {45 135} {44 136} {43 137} n n n n n n n n n {45 135} {43 137} {45 135} {45 135} {45 135} {43 137} {45 135} {46 134} {44 136} n n n n n n

55.7: Count:   6.1 (  5.8) A:  17.6 [11-51] B:  35.9 [11-116] Phase: 100% 140 (13.2) Direction:  {44 136}
Phase: {12,0,0,1,2,15,4,1,2,4,18,2,0,1,11,7,1,12,6,5,7,2,16,4,7,12,8,13,9,5,16,16,21,9,29,31,32,29,30,28,23,46,27,47,47,55,61,54,73,77,87,78,81,89,83,130,113,80,93,91,117,101,153,162,85,146,140,172,189,177,157,136,230,173,210,239,224,226,190,271,253,256,241,280,289,369,365,303,323,257,683,313,441,406,478,612,456,567,579,709,688,719,665,851,911,1066,993,1181,1416,1194,1340,1420,1721,1909,1996,2149,2104,2814,2679,2895,3253,3489,3973,3954,4641,5091,5509,5727,6371,6831,6982,7850,8099,8715,8694,9610,9304,10027,9944,10238,10002,9778,10179,9388,9609,9387,8630,7916,8037,7394,7073,6194,6009,5928,4451,4853,4296,4066,3633,3122,2847,2342,2656,2238,2075,1803,1666,1538,1289,1245,1110,1091,976,763,756,765,653,586,500,413,648,364,335,339,307,286,266,223,197,206,225,155,113,147,135,139,108,104,95,57,81,73,75,40,47,50,29,43,36,24,34,27,19,17,20,25,23,17,8,7,15,17,9,4,4,9,12,6,3,6,5,2,2,5,3,4,1,7,4,4,3,0,1,4,0,0,2,1,2,0,2,0,0,2,0,1,0,0,0,0,0,0,2,1,0,2,0,0,0,3,0,1,1,0,0,0,0,0,0,0,0,0,0,0,0,0,0,1,0,0,0,0,0,0,0,0,0,0,0,0,0,0,0,0,0,0,0,0,0,0,0,0,0,0,0,0,0,0,0,0,3,0,0,0,1,1,0,0,1,0,0,0,0,0,0,0,0,2,0,4,3,0,1,0,0,0,0,0,2,2,1,3,0,1,0,7,1,0,2,0}
Count:  15.0  14.6  14.9  12.8  12.2  10.7  10.8   8.5   7.6   1.0   0.8   0.6   0.6   0.6   0.7   0.6   0.7   0.7   6.9  15.3  14.4  13.6  12.4  12.1  10.1  10.0   7.8   5.9   1.1   0.9   0.7   0.8   0.7   0.7   0.7   0.8   0.7   0.7   0.7   0.7   0.7   0.7  10.5  15.4  15.8  15.0  13.2  12.9  11.6  11.6   9.6   7.6   0.7   0.7   0.8   0.6   0.8   0.6   0.6   0.7   0.8  10.1  15.1  14.5  14.7  12.3  11.8  10.2  10.0   8.0   6.7   0.6   0.8   0.7   0.7   0.8   0.8   0.7   0.7   0.8   0.8   0.5   0.7   0.7   0.7  14.1  15.7  15.2  15.2  13.7  13.4  11.9  11.7  10.2   6.3   0.7   0.8   0.8   0.6   0.7   0.7   0.7   0.7   0.8  13.8  15.5  15.2  13.7  13.3  11.4  10.5   8.7   8.3   5.2   0.8   0.8   0.7   0.8   0.7   0.7   0.6   0.7   0.7  13.3  15.1  14.2  13.0  12.2   9.9   9.7   8.7   7.2   3.9   0.9   0.8   0.7   0.6   0.7   0.7   0.8   0.8   0.6  13.2  14.7  13.6  13.4  11.1  11.0   8.2   8.2   6.8   3.4   0.7   0.7   0.6   0.7   0.6   0.7   0.7   0.7   0.7   0.9   0.7   0.6   0.8   2.4  16.0  15.7  14.3  14.3  13.5  12.9  11.1  10.0   8.9   3.2   0.9   0.6   0.7   0.8   0.8   0.7   0.8   0.8   2.0  16.1  14.9  14.3  13.5  11.9  11.4   9.9   9.1   7.3   2.8   0.9   0.8   0.7   0.7   1.0 
A: 17.7 18.0 18.6 17.9 18.4 17.4 17.2 16.0 15.1 14.0 12.7 12.6 12.4 12.2 12.7 12.4 12.6 12.8 20.0 18.3 18.5 18.5 18.3 17.7 17.1 16.8 15.2 14.2 14.1 12.8 12.4 12.4 12.7 12.4 12.8 12.6 12.6 12.5 12.5 12.6 12.9 12.4 18.0 18.7 18.5 18.1 18.3 18.3 18.6 18.0 17.5 16.3 12.4 12.9 12.5 12.3 12.4 12.6 12.5 12.5 12.7 17.8 18.7 18.2 18.5 18.3 18.2 18.0 17.3 15.2 15.0 12.7 12.6 12.6 12.6 12.7 12.6 12.3 12.5 12.7 12.5 12.6 12.4 12.4 12.9 19.3 18.9 18.3 18.2 18.0 18.6 17.5 18.5 18.0 17.2 12.4 12.8 12.3 12.5 12.7 12.2 12.3 12.7 12.3 18.8 18.1 18.1 18.3 18.4 18.2 17.6 16.8 15.9 15.3 12.6 12.8 12.6 12.5 12.3 12.6 12.4 12.4 12.7 18.9 18.6 18.1 18.2 18.6 17.7 17.0 15.8 14.9 14.4 12.9 12.5 12.3 12.4 12.4 12.6 12.6 12.5 12.8 18.0 18.6 18.2 18.4 18.4 17.5 16.4 16.0 14.7 13.6 12.7 12.5 12.3 12.4 12.4 12.4 12.7 12.1 12.5 12.5 12.6 12.5 12.5 18.3 18.7 18.5 18.2 18.5 18.1 17.9 17.7 17.3 17.0 15.4 12.9 12.3 12.8 12.4 12.3 12.2 12.3 12.3 16.9 18.7 18.4 19.1 18.5 17.4 17.8 17.4 16.8 15.3 14.6 12.7 12.2 12.6 12.9 12.6 
B: 37.0 37.8 39.1 37.3 38.0 35.3 35.0 31.5 29.7 24.9 21.7 19.3 19.3 18.4 19.6 19.5 19.6 21.4 41.3 38.7 38.6 38.4 37.9 36.3 34.8 33.9 29.9 26.3 25.3 19.9 20.0 19.3 19.1 20.6 18.9 20.6 19.6 19.3 19.5 20.6 20.2 19.2 38.1 39.6 39.1 38.1 38.1 37.6 38.1 37.0 35.4 32.4 20.2 20.0 19.3 18.4 19.5 19.5 20.5 18.4 20.2 37.3 39.4 37.8 38.2 37.6 37.4 36.5 35.3 30.0 29.0 20.9 19.3 20.1 19.2 18.8 19.1 19.2 19.6 19.5 19.6 20.4 20.0 18.5 20.6 41.0 39.5 38.2 37.8 37.2 38.8 35.6 38.1 36.7 34.5 20.3 20.2 18.8 19.2 19.0 18.6 19.2 19.6 20.2 40.0 37.8 38.1 37.9 38.5 37.4 36.0 34.4 31.3 29.5 21.0 20.9 19.9 19.2 18.9 19.9 20.3 19.7 20.4 39.5 39.2 37.6 37.3 38.8 35.5 34.2 31.1 28.8 26.6 20.5 19.0 19.7 19.3 20.2 20.1 20.3 19.0 20.2 38.0 38.8 37.5 38.2 37.4 35.5 33.0 31.7 27.5 24.7 20.0 20.7 19.8 20.9 19.2 20.9 20.1 19.2 19.9 20.0 20.4 20.2 19.3 35.5 39.5 38.8 37.7 38.5 37.3 37.3 36.3 35.0 34.5 30.3 22.5 20.0 20.5 20.6 19.3 19.6 19.0 19.7 33.1 39.1 38.8 39.9 38.3 35.8 36.6 35.1 33.5 29.8 26.9 19.9 19.5 19.9 20.2 18.4 
Direction:  {44 136} {44 136} {44 136} {43 137} {43 137} {44 136} {44 136} {45 135} {43 137} n n n n n n n n n {44 136} {44 136} {44 136} {43 137} {44 136} {44 136} {44 136} {43 137} {42 138} {41 139} n n n n n n n n n n n n n n {44 136} {45 135} {44 136} {45 135} {43 137} {43 137} {47 133} {43 137} {45 135} {45 135} n n n n n n n n n {43 137} {44 136} {46 134} {44 136} {44 136} {44 136} {43 137} {44 136} {47 133} {45 135} n n n n n n n n n n n n n n {45 135} {44 136} {43 137} {45 135} {44 136} {44 136} {43 137} {44 136} {43 137} {42 138} n n n n n n n n n {43 137} {44 136} {44 136} {45 135} {43 137} {44 136} {44 136} {43 137} {43 137} {42 138} n n n n n n n n n {43 137} {43 137} {44 136} {44 136} {44 136} {43 137} {43 137} {44 136} {43 137} {40 140} n n n n n n n n n {44 136} {44 136} {45 135} {43 137} {43 137} {44 136} {45 135} {43 137} {44 136} n n n n n n n n n n n n n n n {44 136} {44 136} {44 136} {46 134} {44 136} {44 136} {46 134} {43 137} {46 134} {45 135} n n n n n n n n n {44 136} {44 136} {44 136} {44 136} {44 136} {45 135} {44 136} {44 136} {42 138} n n n n n n

55.8: Count:   6.4 (  5.6) A:  16.8 [11-54] B:  32.7 [11-120] Phase: 100% 138 (16.0) Direction:  {43 137}
Phase: {843,111,147,228,336,575,137,444,227,326,582,388,192,292,403,642,280,366,437,285,440,345,562,446,374,306,353,567,371,279,354,382,364,265,377,389,328,291,363,353,282,371,382,295,253,417,295,301,354,432,288,361,378,297,335,360,411,306,380,398,366,370,401,536,286,432,432,450,486,390,448,306,505,410,400,452,525,532,385,467,535,551,472,547,509,569,674,560,493,478,1046,567,648,610,769,806,736,813,826,1089,1164,1152,998,1398,1352,1453,1447,1635,1972,1711,2019,2107,2347,2435,2495,2778,2586,3448,3374,3477,3954,3951,4534,4384,4917,5386,5595,5580,6058,6598,6586,7148,7197,7563,6939,8153,7423,8102,8177,8344,8068,8296,7957,7757,7594,7335,7016,6262,6609,6260,5973,5619,5130,5486,4132,4417,4007,3961,3659,3286,3093,2663,2873,2365,2246,2123,1953,1915,1591,1628,1531,1344,1231,1044,959,1010,946,802,716,574,911,445,555,518,462,409,423,361,293,355,278,264,215,226,240,209,165,161,205,125,115,101,131,128,90,115,86,131,94,65,68,74,60,58,94,60,44,44,53,35,43,58,52,32,35,52,24,32,32,29,9,22,16,14,22,27,29,16,15,11,21,5,14,15,10,13,16,13,16,8,20,10,8,10,5,16,10,5,9,4,19,11,8,3,7,5,9,9,1,0,13,5,2,2,3,12,6,1,2,5,3,0,6,7,2,8,1,1,2,4,1,1,7,0,2,2,3,2,1,2,0,1,1,3,3,4,5,0,5,4,2,4,3,2,2,3,11,3,11,16,5,12,4,13,8,7,16,1,17,12,12,9,25,40,17,23,27,36,65,21,45,32,69,51,53,149,69,58,43,137,158,128,100,164,86,278,192,166,88,84}
Count:  14.5  14.6  14.5  12.8  12.4  10.7  11.0   8.9   8.0   1.5   1.4   1.2   1.2   1.1   1.2   1.1   1.2   1.3   7.3  15.5  14.7  13.4  12.7  12.0  10.3  10.1   8.1   6.2   1.5   1.3   1.3   1.1   1.3   1.2   1.1   1.2   1.2   1.2   1.2   1.3   1.1   1.3  10.5  15.4  15.6  14.6  13.9  13.0  11.9  11.7   9.6   7.4   1.2   1.1   1.1   1.2   1.2   1.2   1.3   1.3   1.3  10.5  14.9  14.8  14.7  12.6  11.8  10.4  10.2   8.0   6.8   1.2   1.4   1.1   1.2   1.2   1.4   1.2   1.1   1.3   1.3   1.4   1.3   1.1   1.1  14.1  15.6  15.2  14.9  13.8  13.5  11.6  11.9  10.4   6.7   1.3   1.3   1.2   1.3   1.1   1.1   1.2   1.1   1.2  14.0  15.0  14.9  13.4  13.2  12.1  10.9   8.9   9.2   5.3   1.3   1.2   1.4   1.3   1.2   1.2   1.2   1.2   1.3  13.9  15.5  14.1  13.1  12.6  10.2   9.7   8.6   7.5   4.1   1.5   1.2   1.3   1.3   1.1   1.1   1.3   1.2   1.3  13.3  14.2  13.6  13.4  11.2  11.5   8.8   8.5   7.3   4.1   1.3   1.2   1.3   1.1   1.2   1.3   1.2   1.4   1.1   1.2   1.2   1.0   1.1   2.7  15.9  15.3  14.0  14.2  13.4  13.0  11.2  10.4   8.7   3.6   1.3   1.2   1.3   1.3   1.3   1.1   1.2   1.2   2.5  16.0  14.8  14.4  13.4  12.1  11.4  10.0   9.2   7.9   3.5   1.3   1.3   1.2   1.5   1.1 
A: 17.4 17.5 17.6 17.2 17.4 17.0 16.6 15.2 14.7 13.2 12.4 12.4 12.6 12.3 12.6 12.4 12.4 12.2 18.1 17.5 17.8 17.7 17.4 17.2 16.6 16.3 14.7 14.0 13.3 12.9 12.1 12.4 12.0 12.4 12.4 12.3 12.3 12.7 12.2 12.5 12.4 12.2 17.5 18.1 17.7 17.4 17.5 17.3 17.4 17.3 16.4 15.5 12.5 12.6 12.7 12.2 12.3 12.4 12.5 12.4 12.8 17.6 17.7 17.6 17.7 17.6 17.5 17.3 16.1 15.5 14.5 12.3 12.7 12.5 12.3 12.2 12.6 12.5 12.3 12.4 12.1 12.3 12.3 12.4 12.4 18.9 18.2 17.5 17.7 17.2 17.8 17.0 17.4 16.9 16.2 12.5 12.3 12.2 12.1 12.4 12.2 12.4 12.3 12.6 18.4 17.6 17.6 17.5 17.6 17.6 17.0 16.0 15.4 14.4 12.5 12.7 12.2 12.4 12.4 12.4 12.4 12.2 12.5 18.0 18.2 17.2 17.4 18.1 17.4 16.2 15.7 14.8 13.9 12.6 12.4 12.3 12.3 12.4 12.4 12.6 12.1 12.3 18.1 17.9 17.5 17.6 17.3 16.6 16.1 15.4 14.5 13.5 12.4 12.7 12.4 12.3 12.3 12.3 12.4 12.3 12.2 12.3 12.3 12.3 12.6 17.2 18.0 18.0 17.7 17.9 17.6 17.4 17.1 16.6 16.0 14.9 12.5 12.0 12.6 12.4 12.4 12.3 12.6 12.4 16.4 18.1 17.5 18.3 17.7 17.1 16.9 16.7 16.2 15.0 14.4 12.4 12.5 12.5 12.5 12.5 
B: 35.6 36.1 36.5 35.0 34.9 33.5 32.5 28.6 26.9 18.9 17.6 17.3 17.5 16.9 16.9 17.5 17.5 16.8 36.6 35.8 36.0 36.2 34.8 34.3 32.6 31.5 27.2 24.5 21.1 18.3 17.5 17.1 16.2 16.6 16.9 17.5 17.5 16.7 16.7 17.8 17.0 16.2 35.9 37.3 36.1 35.6 35.3 34.6 34.8 34.2 31.9 28.9 18.1 16.4 17.5 16.9 16.6 16.9 17.1 15.9 17.0 35.6 36.2 35.3 36.0 35.2 35.0 34.0 31.5 29.3 26.2 17.3 17.7 17.4 17.0 16.3 17.6 16.7 16.1 16.6 16.3 17.4 17.1 16.7 18.1 39.2 37.7 35.6 36.1 34.4 35.9 33.4 34.9 33.3 30.7 17.8 16.8 16.8 16.9 17.5 17.1 17.6 16.6 17.5 37.9 36.3 36.3 35.8 36.0 35.4 33.7 31.0 29.3 26.4 17.5 17.3 16.9 17.5 17.6 17.4 17.2 16.8 17.7 37.0 37.1 34.8 34.9 36.8 34.6 30.9 29.7 26.8 23.8 17.6 17.0 16.7 16.5 17.3 17.2 17.5 17.3 17.2 36.9 36.4 35.3 35.2 34.2 32.3 31.3 28.7 25.1 22.1 17.3 17.1 17.4 17.3 16.2 17.3 17.1 16.6 16.5 17.3 16.6 16.5 16.5 32.5 37.0 37.1 35.8 36.4 35.1 34.7 34.0 32.5 30.6 26.9 17.8 16.0 17.1 17.1 17.0 16.7 17.2 17.4 30.3 36.9 35.8 37.4 36.0 33.8 33.3 32.9 31.1 27.3 24.5 17.6 17.4 16.6 17.7 17.1 
Direction:  {42 138} {44 136} {44 136} {43 137} {45 135} {43 137} {45 135} {42 138} {44 136} n n n n n n n n n {44 136} {44 136} {44 136} {44 136} {44 136} {43 137} {41 139} {45 135} {43 137} {42 138} n n n n n n n n n n n n n n {44 136} {44 136} {46 134} {45 135} {44 136} {43 137} {42 138} {44 136} {42 138} {44 136} n n n n n n n n n {45 135} {45 135} {44 136} {45 135} {44 136} {43 137} {44 136} {43 137} {42 138} {43 137} n n n n n n n n n n n n n n {44 136} {44 136} {43 137} {44 136} {44 136} {44 136} {42 138} {43 137} {46 134} {44 136} n n n n n n n n n {44 136} {44 136} {43 137} {42 138} {44 136} {42 138} {43 137} {42 138} {44 136} {44 136} n n n n n n n n n {45 135} {45 135} {43 137} {42 138} {44 136} {43 137} {46 134} {43 137} {42 138} {43 137} n n n n n n n n n {42 138} {43 137} {44 136} {43 137} {46 134} {46 134} {44 136} {45 135} {39 141} n n n n n n n n n n n n n n n {44 136} {44 136} {44 136} {45 135} {42 138} {43 137} {43 137} {44 136} {44 136} n n n n n n n n n n {44 136} {44 136} {44 136} {42 138} {43 137} {43 137} {42 138} {41 139} {42 138} n n n n n n

55.9: Count:   7.7 (  5.4) A:  15.7 [11-52] B:  28.1 [11-106] Phase: 97% 137 (17.7) Direction:  {43 137}  19% 79 ( 6.1) Direction:  {23 157}
Phase: {3696,748,835,1213,1879,2493,1173,1904,1350,2043,2450,2029,1029,1741,2004,2803,1158,1856,2215,1193,2112,1576,2150,1666,1732,1338,1213,2110,1458,1328,1286,1488,1293,945,1328,1326,1119,1122,1169,1034,901,1030,1025,875,828,1248,740,832,1103,1031,892,930,931,824,828,1108,956,778,1021,902,947,849,940,1206,762,864,937,984,977,972,1038,730,1015,967,930,922,984,1058,855,917,999,1097,1025,992,997,1034,1114,981,1027,920,1631,964,1101,1217,1376,1374,1241,1279,1345,1502,1540,1624,1468,1751,1743,1859,1905,2068,2271,1991,2375,2404,2648,2732,2630,2841,2675,3567,3469,3425,3811,3834,4275,4214,4797,4871,5320,5420,5893,6049,5940,6424,6645,6725,6217,7273,6551,6744,6761,6767,6452,6461,6330,6357,6177,6219,5948,5575,5804,5527,5217,4895,4755,4808,3874,3998,3727,3439,3268,2935,2873,2402,2581,2432,2092,2013,1877,1741,1524,1467,1499,1417,1220,1159,1103,1058,1072,938,937,744,1069,694,739,611,680,617,572,501,587,539,503,486,450,387,360,373,332,337,410,288,278,262,231,266,234,206,176,277,207,198,197,166,176,121,171,156,138,149,107,130,100,123,116,104,47,118,68,80,87,67,66,63,93,53,62,53,50,28,40,32,36,38,20,38,42,31,30,38,54,10,26,16,23,23,18,23,27,15,13,21,19,16,13,16,15,21,16,13,14,7,53,12,14,10,21,34,13,23,12,15,21,16,16,12,13,22,15,27,18,11,25,6,12,23,19,10,17,17,23,31,27,11,29,10,25,17,29,17,18,19,11,34,35,13,23,27,26,20,31,50,24,48,57,49,47,71,81,31,70,103,107,72,126,199,154,111,152,261,307,241,330,197,422,359,273,731,509,429,283,754,885,779,615,1072,585,1625,1213,884,705,692}
Count:  15.8  15.3  14.9  14.0  13.6  12.2  11.8  10.2   9.9   3.2   3.1   2.7   2.6   2.6   2.5   2.5   2.8   2.9   8.6  16.1  15.6  14.8  14.0  13.0  11.8  11.0   9.3   7.6   2.9   2.9   2.9   2.8   2.8   2.8   2.7   3.0   2.7   2.8   2.8   2.6   2.9   2.5  11.8  16.5  16.3  15.5  14.7  13.9  13.1  12.7  10.6   8.6   2.6   2.5   2.9   2.7   2.7   2.6   2.9   2.9   3.3  11.8  15.7  15.9  15.4  14.0  13.2  12.0  11.1   9.8   7.9   2.8   2.8   2.8   2.7   2.8   2.8   2.8   2.9   2.9   3.1   2.9   2.9   2.7   2.9  15.1  16.4  15.3  15.7  15.0  14.8  12.7  13.2  11.6   8.2   2.9   2.9   2.5   2.6   2.7   3.0   2.8   3.0   3.0  15.1  16.0  15.6  14.7  14.2  13.4  12.0   9.9  10.8   6.6   3.0   2.7   2.7   2.7   2.7   2.9   2.6   2.6   2.7  14.7  15.9  14.8  14.0  13.1  11.9  10.4  10.1   8.7   5.6   3.1   2.8   3.1   2.9   2.7   2.7   2.9   2.8   2.7  14.6  15.2  14.8  14.0  12.7  11.8  10.2  10.2   8.8   5.6   3.2   2.7   2.6   2.5   2.6   2.9   2.8   2.6   2.4   3.0   3.0   2.7   2.6   4.0  16.4  16.4  15.1  15.5  14.0  14.0  12.7  11.9  10.1   5.4   3.0   2.6   2.8   2.9   2.9   2.8   2.7   2.7   4.0  16.6  15.7  15.4  14.6  13.1  12.5  11.3  10.9   9.5   5.5   2.8   2.7   2.7   3.0   2.4 
A: 16.8 16.7 16.8 16.5 16.6 16.3 15.9 15.0 14.4 12.8 12.1 12.3 12.2 12.1 12.3 12.2 12.1 12.3 16.7 16.8 17.1 16.8 16.6 16.7 16.1 15.5 14.4 14.0 12.5 12.4 12.2 12.2 12.1 12.3 12.3 12.2 12.3 12.3 12.2 12.2 12.2 12.3 16.3 17.2 16.9 16.8 16.7 16.5 16.6 16.3 16.0 15.3 12.4 12.4 12.1 12.3 12.2 12.3 12.2 12.3 12.3 17.0 17.0 17.3 17.1 16.6 16.4 16.5 15.5 15.0 14.3 12.2 12.3 12.2 12.1 12.3 12.2 12.2 12.1 12.3 12.4 12.2 12.4 12.3 12.1 17.8 17.6 16.8 17.0 16.9 17.0 16.2 16.7 16.3 15.2 12.4 12.3 12.2 12.2 12.3 12.2 12.3 12.2 12.3 17.6 16.7 16.8 16.8 16.8 16.8 16.4 15.5 15.1 14.3 12.4 12.4 12.2 12.4 12.2 12.3 12.2 12.2 12.2 17.1 16.9 16.8 16.5 16.9 16.4 15.4 15.1 14.4 13.7 12.4 12.2 12.3 12.4 12.1 12.1 12.4 12.3 12.2 17.1 17.2 16.8 16.7 16.6 16.2 15.3 15.0 14.2 13.2 12.3 12.2 12.4 12.3 12.2 12.4 12.2 12.2 12.2 12.3 12.3 12.3 12.1 15.2 17.6 17.0 16.7 17.2 16.9 16.4 16.3 15.8 15.3 14.0 12.3 12.1 12.4 12.4 12.3 12.2 12.3 12.3 14.9 17.2 16.8 17.1 17.3 16.8 15.8 16.0 15.5 14.8 13.9 12.4 12.2 12.2 12.3 12.3 
B: 32.4 32.2 32.6 31.4 31.6 30.0 28.6 26.1 23.9 16.5 15.0 15.2 15.0 14.6 15.3 15.1 15.4 15.0 31.0 32.2 32.8 32.2 31.4 31.5 29.2 27.8 24.4 21.9 17.0 15.6 15.1 14.9 14.7 14.8 15.3 15.0 15.1 15.3 15.1 15.4 14.9 15.0 31.0 33.8 32.9 32.6 31.8 31.3 31.2 30.7 28.8 26.4 15.5 15.0 15.2 14.9 14.9 15.1 15.0 15.0 14.8 32.7 33.4 33.7 33.1 31.4 30.7 30.5 28.3 26.4 23.7 15.2 15.8 15.0 15.2 14.7 15.3 14.7 14.9 14.9 14.9 15.3 15.1 15.2 14.7 35.4 34.5 32.6 32.9 32.3 33.3 29.6 31.6 30.2 26.5 15.4 15.3 15.3 15.1 15.2 14.7 15.2 15.0 14.8 34.5 32.5 32.6 32.4 32.6 32.0 30.8 27.3 26.6 23.2 15.2 15.1 15.4 15.1 15.1 15.7 15.0 15.1 15.4 33.2 32.9 32.4 31.4 32.8 30.8 27.2 26.9 23.8 20.6 15.4 14.9 15.0 15.0 14.8 15.1 15.8 15.0 15.2 32.8 33.4 31.9 31.8 31.2 30.1 27.6 25.8 23.4 19.3 14.7 15.3 15.0 14.9 15.0 15.4 14.8 15.1 14.8 15.4 15.4 15.3 15.1 24.9 35.0 33.3 32.7 33.2 32.2 30.7 30.7 29.4 27.1 22.2 15.4 14.7 15.0 15.3 15.4 15.2 15.3 15.2 25.2 33.7 32.5 33.1 33.2 32.2 28.9 29.3 27.7 25.1 21.2 15.6 15.2 15.4 15.7 14.8 
Direction:  {43 137} {42 138} {40 140} {41 139} {42 138} {43 137} {43 137} {40 140} {43 137} n n n n n n n n n {40 140} {44 136} {45 135} {42 138} {42 138} {42 138} {40 140} {42 138} {41 139} {43 137} n n n n n n n n n n n n n n {44 136} {42 138} {41 139} {43 137} {44 136} {42 138} {41 139} {43 137} {42 138} {40 140} n n n n n n n n n {43 137} {44 136} {42 138} {42 138} {41 139} {42 138} {45 135} {42 138} {41 139} {42 138} n n n n n n n n n n n n n n {43 137} {43 137} {43 137} {46 134} {41 139} {42 138} {42 138} {42 138} {41 139} {42 138} n n n n n n n n n {41 139} {42 138} {44 136} {46 134} {44 136} {42 138} {44 136} {44 136} {46 134} {41 139} n n n n n n n n n {44 136} {40 140} {42 138} {42 138} {41 139} {42 138} {42 138} {42 138} {42 138} n n n n n n n n n n {42 138} {43 137} {43 137} {42 138} {42 138} {45 135} {44 136} {42 138} {39 141} n n n n n n n n n n n n n n n {42 138} {42 138} {44 136} {41 139} {43 137} {41 139} {42 138} {44 136} {42 138} n n n n n n n n n n {43 137} {43 137} {42 138} {43 137} {42 138} {46 134} {45 135} {43 137} {45 135} n n n n n n

56.0: Count:   7.1 (  5.3) A:  15.6 [11-47] B:  28.2 [11-103] Phase: 88% 133 (22.6) Direction:  {41 139}  11% 150 (14.1) Direction:  {48 132}
Phase: {1587,333,316,478,650,1111,447,759,583,874,1260,840,494,844,1033,1482,690,1009,1282,698,1296,1007,1555,1163,1185,951,1033,1653,1151,1101,1211,1255,1128,757,1151,1251,1053,971,1086,998,897,1050,1088,857,871,1132,759,802,1007,983,808,775,843,848,839,970,945,709,928,900,911,800,780,1101,723,853,873,850,1033,812,889,716,1093,876,881,1094,955,994,785,1078,1025,1112,1002,1078,1051,1226,1204,1229,1178,1100,2156,1189,1347,1364,1621,1639,1541,1556,1706,1956,1927,1900,1784,2182,2214,2433,2353,2570,2863,2448,2752,2967,3293,3293,3534,3475,3263,4265,4042,3998,4347,4414,4661,4379,4840,5107,5090,5149,5421,5467,5435,5682,5771,5773,5462,6454,5429,5893,5748,5948,5462,5500,5557,5332,5170,5109,5022,4869,4976,4647,4535,4139,4167,4326,3457,3737,3489,3427,3375,3053,2875,2583,2848,2615,2250,2359,2146,2229,1652,1811,1723,1689,1586,1541,1340,1339,1329,1142,1147,950,1297,829,902,826,820,750,584,621,605,638,562,508,447,459,430,452,380,400,369,289,292,276,305,240,262,211,170,260,165,148,220,168,155,131,129,117,113,74,84,97,73,97,129,68,73,102,50,64,97,66,56,49,62,33,34,47,58,13,31,41,28,23,27,28,17,25,18,21,23,14,31,6,25,20,15,23,22,21,11,7,26,8,14,11,1,14,16,7,3,7,29,5,10,6,13,12,5,9,10,7,7,14,7,17,9,15,5,3,14,8,11,9,8,10,6,9,6,11,6,5,11,13,15,5,11,16,17,7,13,10,15,23,12,13,21,21,26,13,28,49,31,45,45,52,45,51,76,34,62,64,81,51,78,152,93,60,104,129,193,125,150,97,194,201,127,292,210,198,125,315,399,327,216,418,206,584,465,346,290,280}
Count:  14.7  14.9  14.1  13.3  12.9  11.8  11.1   9.8   9.0   2.5   2.2   2.2   2.1   1.9   2.1   2.1   2.1   2.2   8.0  15.4  15.1  14.0  13.0  12.2  11.4  10.0   8.7   7.2   2.6   2.2   2.1   2.0   2.3   2.1   2.1   2.0   2.1   2.1   2.1   2.0   2.4   2.1  11.4  15.5  15.3  14.6  14.0  13.7  12.6  11.8  10.2   8.8   2.0   2.1   2.2   2.2   2.0   2.0   2.2   2.3   2.3  11.4  15.1  15.2  14.5  13.6  12.5  11.6  10.2   9.5   7.2   2.1   2.3   2.3   2.1   2.2   2.1   2.1   2.2   2.4   2.3   2.3   2.4   2.1   2.1  14.0  15.3  14.7  14.7  14.4  14.3  12.2  12.7  11.5   7.5   2.3   2.3   1.9   2.2   2.1   2.1   2.2   2.2   2.1  14.3  15.0  14.6  14.1  14.0  12.5  12.0   9.8  10.1   6.1   2.3   2.2   2.1   2.2   2.3   2.2   2.2   1.9   2.0  13.8  15.2  14.6  13.7  12.4  11.5  10.5  10.2   8.7   5.5   2.6   2.2   2.4   2.2   2.2   2.1   2.2   2.2   2.2  13.9  14.6  13.8  13.4  12.4  11.0  10.0   9.7   8.4   5.2   2.3   2.2   2.0   2.0   2.1   2.4   2.3   1.9   2.1   2.2   2.4   2.3   2.0   3.4  15.3  15.3  14.5  15.1  14.1  13.6  12.0  11.6   9.6   4.8   2.4   1.9   2.2   2.4   2.3   2.0   2.1   2.1   3.8  15.8  15.0  14.7  14.0  13.1  11.8  11.0   9.9   9.1   4.5   2.4   2.2   2.1   2.2   2.1 
B: 32.0 32.0 31.4 30.2 31.6 29.5 28.3 26.5 24.2 17.0 15.1 15.6 14.8 15.3 15.3 15.8 15.0 15.4 29.4 32.3 32.3 31.7 30.7 30.0 29.5 28.2 24.6 22.2 17.0 15.6 15.7 15.5 15.7 15.5 15.4 15.4 15.3 15.9 15.6 15.6 15.2 15.6 31.0 32.7 33.3 32.0 30.5 31.0 31.4 30.6 28.8 26.5 16.1 15.3 15.5 15.2 15.6 15.7 15.3 15.1 15.4 31.5 32.6 32.9 31.9 30.5 30.3 30.1 28.1 26.8 23.3 15.6 15.2 15.3 15.7 14.9 15.5 15.4 15.2 15.3 16.0 15.3 15.9 15.4 15.6 34.9 33.2 31.3 30.9 31.7 33.0 29.7 30.8 30.2 26.7 16.2 15.5 15.4 15.6 15.4 15.8 15.1 15.3 15.7 33.5 32.8 31.7 31.8 31.8 30.5 30.4 28.0 26.7 22.9 15.6 15.5 15.8 15.1 15.7 15.7 15.4 15.5 15.5 31.9 33.1 31.2 30.7 31.3 30.4 28.4 26.5 24.2 21.1 15.7 14.8 15.7 15.6 15.0 15.6 15.9 15.8 15.6 32.5 32.5 31.9 31.2 30.0 30.6 27.4 25.7 23.0 19.9 15.6 15.5 15.4 15.4 14.7 15.6 15.0 16.3 15.4 15.5 15.8 15.7 15.5 23.9 34.0 33.3 31.2 32.4 31.3 30.2 30.2 30.2 26.9 22.7 16.5 15.4 15.6 15.2 15.3 15.4 15.4 15.6 27.2 33.0 30.5 31.6 32.9 31.9 29.5 28.9 27.4 25.3 22.0 16.0 15.5 16.1 15.7 15.5 
Direction:  {42 138} {42 138} {43 137} {42 138} {43 137} {39 141} {39 141} {42 138} {45 135} n n n n n n n n n {41 139} {42 138} {46 134} {47 133} {41 139} {42 138} {42 138} {44 136} {42 138} {37 143} n n n n n n n n n n n n n n {43 137} {43 137} {42 138} {41 139} {44 136} {41 139} {41 139} {43 137} {40 140} {41 139} n n n n n n n n n {42 138} {42 138} {42 138} {42 138} {42 138} {40 140} {42 138} {42 138} {42 138} {40 140} n n n n n n n n n n n n n n {43 137} {42 138} {43 137} {41 139} {44 136} {42 138} {40 140} {42 138} {40 140} {42 138} n n n n n n n n n {41 139} {45 135} {42 138} {43 137} {43 137} {43 137} {39 141} {39 141} {41 139} {40 140} n n n n n n n n n {41 139} {43 137} {44 136} {40 140} {42 138} {41 139} {42 138} {38 142} {44 136} n n n n n n n n n n {44 136} {41 139} {44 136} {45 135} {40 140} {43 137} {42 138} {39 141} {41 139} n n n n n n n n n n n n n n n {42 138} {43 137} {42 138} {43 137} {41 139} {42 138} {42 138} {42 138} {42 138} n n n n n n n n n n {44 136} {45 135} {42 138} {45 135} {41 139} {42 138} {41 139} {46 134} {43 137} n n n n n n

