54.0: Count:   5.3 (  3.3) A:  18.3 [14-56] B:  34.6 [14-132] Phase: 95% 141 (22.2) Direction:  {46 134}  12% 195 (12.5) Direction:  {302 238}
Phase: {105,31,30,42,49,39,47,32,45,35,25,31,41,39,31,35,41,41,30,36,39,42,37,55,43,49,36,56,49,44,61,45,48,58,80,73,79,65,88,106,78,99,93,81,82,133,102,127,120,110,106,136,165,139,158,175,130,171,167,148,222,196,215,237,222,218,219,235,241,250,275,226,315,310,312,314,326,357,333,404,391,419,413,426,468,455,574,566,549,523,772,595,687,719,824,791,828,909,972,960,1027,1004,1113,1132,1263,1225,1394,1518,1693,1514,1678,1719,1788,1840,1952,2066,1955,2331,2477,2363,2596,2531,2795,2657,2886,3022,3348,3330,3450,3623,3684,3773,3893,4198,4046,4494,4213,4461,4361,4432,4383,4573,4374,4511,4525,4422,4368,4171,4334,4009,4046,3684,3897,3702,3276,3448,3370,3210,3014,2934,2843,2570,2776,2604,2338,2415,2256,2247,2137,2035,1905,1847,1802,1790,1683,1528,1596,1439,1418,1229,1654,1075,1205,1102,1160,1009,1012,963,969,885,797,808,713,760,711,707,656,667,687,492,524,504,495,471,474,465,351,394,406,360,362,302,356,340,294,293,345,270,256,291,271,267,275,251,204,280,203,201,206,188,202,166,188,181,159,162,160,131,156,140,152,106,148,133,111,129,118,115,104,106,85,71,85,102,81,71,71,91,68,56,72,61,54,52,49,56,61,52,56,57,86,50,51,46,75,56,66,61,76,60,49,100,56,85,81,89,116,138,107,111,165,163,117,199,159,280,161,249,300,233,270,217,351,297,374,292,409,418,385,406,422,404,517,402,439,523,491,472,471,444,491,544,419,584,543,397,507,385,475,329,429,324,442,333,243,406,248,290,190,301,264,184,153,203,173,152,115,123,126,123,75,89,140,70,51,57,97,60,43,47}
Count:   4.1  11.1   9.9  10.1   9.0   8.4   7.7   6.5   5.1   4.9   3.2   2.3   2.3   2.4   2.4   2.2   2.3   2.3   2.4   2.1   2.4   2.1   2.3   2.0   6.7  11.3  10.9  10.4   9.8   9.2   8.4   7.7   7.3   6.0   2.6   2.1   2.3   2.3   2.4   2.2   2.2   2.2   2.4   6.5  11.6  10.0  10.3   9.0   8.8   7.8   7.0   5.9   4.7   2.6   2.3   2.5   2.3   2.4   2.3   2.2   2.1   2.3   2.1   2.4   2.3   2.4   2.3   8.4  10.2  10.1   9.2   9.7   8.7   8.4   7.5   6.6   5.4   2.1   2.4   2.2   2.2   2.3   2.4   2.2   2.5   2.4   8.3  10.4   9.9   9.8   9.3   7.9   7.4   6.4   5.7   4.3   2.4   2.6   2.3   2.2   2.4   2.3   2.5   2.4   2.4   8.3  11.2  10.2   9.9   8.6   8.1   7.2   5.8   5.1   4.3   2.4   2.5   2.5   2.4   2.6   2.5   2.4   2.3   2.5   7.9  11.1   9.7   9.8   7.9   8.1   6.2   5.8   4.9   4.5   2.3   2.4   2.4   2.4   2.6   2.2   2.5   2.4   2.4   2.3   2.4   2.5   2.5   2.3  10.8  10.9  10.7   9.9   9.9   9.0   8.9   7.0   6.7   4.1   2.3   2.5   2.6   2.4   2.4   2.4   2.6   2.5   2.3  10.2  10.8  10.4   9.7   9.4   8.1   7.6   5.8   5.2   4.1   2.5   2.6   2.4   2.6   2.5   2.5   2.4   2.4   2.4   2.6   2.2   2.7   2.3   2.8  11.7  10.8  10.3  10.4   9.5   9.3   8.4   8.0   6.2 
B: 35.0 40.6 39.9 40.0 38.3 36.4 35.1 32.1 30.4 29.4 29.1 25.7 26.4 26.6 25.4 25.4 25.5 25.3 26.0 25.7 25.6 24.8 26.5 26.1 40.5 40.3 40.7 39.9 39.4 38.0 37.3 36.0 33.7 31.9 27.5 25.6 25.8 25.4 25.7 25.1 25.6 25.1 25.9 38.3 40.2 39.8 40.0 38.7 37.5 35.3 33.3 31.4 29.5 28.1 25.6 25.7 25.6 25.6 25.9 25.7 26.5 26.0 25.1 26.0 25.7 25.8 25.4 39.7 39.8 39.6 38.8 39.0 37.9 36.7 34.8 32.8 31.3 25.3 25.6 24.9 25.6 25.4 25.9 25.1 25.8 25.2 40.4 39.6 39.2 38.8 37.8 36.3 34.9 32.5 30.2 30.0 24.9 25.0 25.8 25.9 25.8 26.0 26.2 25.4 25.5 39.6 40.2 39.0 38.4 37.5 36.1 33.8 30.6 29.6 28.9 24.7 25.5 25.8 26.0 25.2 25.3 25.8 25.8 25.6 40.3 40.2 39.2 38.4 37.0 35.3 31.6 30.4 29.4 29.9 25.1 25.8 25.5 25.6 25.6 26.5 25.2 24.7 25.6 25.5 25.8 25.8 25.6 25.5 40.1 39.9 39.7 39.1 39.5 37.4 36.8 33.7 32.0 30.3 24.9 25.4 25.4 25.4 25.6 26.1 26.0 25.6 24.8 39.6 40.0 39.5 38.2 37.7 35.2 33.5 31.6 29.6 29.1 25.8 25.5 25.5 26.0 25.5 25.4 25.1 25.2 25.4 25.7 25.5 25.7 25.3 27.6 40.3 40.0 39.9 38.9 38.5 38.5 35.9 34.8 32.0 
Direction:  n {45 135} {47 133} {46 134} {47 133} {45 135} {46 134} {47 133} n n n n n n n n n n n n n n n n {49 131} {48 132} {49 131} {44 136} {49 131} {46 134} {48 132} {45 135} {48 132} {47 133} n n n n n n n n n {48 132} {46 134} {46 134} {46 134} {49 131} {43 137} {43 137} {48 132} {49 131} n n n n n n n n n n n n n n n {48 132} {45 135} {48 132} {47 133} {44 136} {48 132} {46 134} {45 135} {42 138} {49 131} n n n n n n n n n {47 133} {47 133} {48 132} {45 135} {45 135} {48 132} {47 133} {46 134} {50 130} n n n n n n n n n n {46 134} {48 132} {46 134} {45 135} {46 134} {47 133} {48 132} n n n n n n n n n n n n {48 132} {47 133} {49 131} {44 136} {43 137} {45 135} {42 138} n n n n n n n n n n n n n n n n n {48 132} {44 136} {46 134} {46 134} {48 132} {47 133} {44 136} {43 137} {50 130} n n n n n n n n n n {46 134} {46 134} {49 131} {48 132} {48 132} {45 135} {49 131} {46 134} n n n n n n n n n n n n n n n n {47 133} {47 133} {45 135} {46 134} {47 133} {46 134} {49 131} {46 134} {49 131}

54.1: Count:   5.5 (  3.3) A:  18.6 [14-53] B:  33.5 [14-122] Phase: 100% 141 (30.9) Direction:  {46 134}
Phase: {112,44,37,50,65,45,44,50,58,62,34,37,53,40,42,44,60,57,47,33,51,69,43,60,48,54,46,64,73,41,92,59,82,60,81,96,83,105,98,107,130,113,120,118,137,136,143,145,158,173,188,192,187,191,222,202,200,246,240,271,298,257,295,336,280,355,322,317,411,350,404,356,463,497,490,464,451,508,523,596,624,620,681,657,699,719,818,769,786,784,1029,907,989,959,1135,1017,1159,1229,1304,1289,1324,1343,1407,1583,1614,1710,1745,1856,2036,1908,2071,2262,2283,2393,2357,2534,2290,2837,2956,2816,3167,2969,3280,3272,3386,3445,3622,3583,3576,3663,3633,3735,3591,3860,3434,3845,3501,3697,3669,3546,3572,3636,3577,3610,3574,3611,3753,3605,3740,3669,3600,3577,3861,3708,3272,3545,3395,3238,3371,3226,3177,2911,3046,2974,2691,2715,2664,2540,2303,2314,2134,2164,2094,1947,1873,1738,1848,1564,1563,1365,1831,1242,1348,1252,1372,1130,1127,1114,1082,1043,993,962,875,909,823,875,839,834,778,597,620,678,685,575,588,576,528,543,538,450,506,432,484,459,424,412,419,373,381,355,326,350,305,328,275,335,251,272,237,236,216,213,223,212,201,208,183,183,193,133,165,139,134,133,108,123,115,107,116,108,98,80,110,92,96,69,55,66,77,69,48,81,74,50,53,52,55,59,40,50,96,44,45,50,74,57,58,45,62,63,41,68,62,66,43,81,69,100,88,74,110,109,81,108,100,143,92,119,181,112,161,135,179,177,193,149,220,243,236,264,262,200,279,279,263,306,257,267,285,246,304,330,251,375,325,255,320,274,324,221,297,265,321,254,196,312,235,218,167,278,248,148,178,228,183,163,127,124,170,148,69,110,150,82,75,66,84,71,57,52}
Count:   4.3  11.3  10.3  10.3   9.3   8.5   7.7   6.8   5.3   5.0   3.2   2.5   2.6   2.5   2.5   2.5   2.4   2.3   2.6   2.4   2.5   2.3   2.4   2.2   6.9  11.8  11.2  10.7  10.1   9.5   8.7   8.1   7.5   6.2   2.6   2.3   2.5   2.4   2.4   2.5   2.6   2.4   2.5   6.9  12.0  10.4  10.6   9.3   9.3   7.6   7.3   6.1   5.0   2.9   2.4   2.5   2.6   2.6   2.1   2.5   2.4   2.5   2.3   2.6   2.4   2.4   2.3   8.5  10.5  10.4   9.5  10.0   8.9   8.8   7.8   6.9   5.5   2.2   2.6   2.5   2.5   2.6   2.4   2.4   2.8   2.5   8.8  10.8  10.4  10.1   9.5   8.6   7.4   6.6   6.1   4.8   2.3   2.5   2.6   2.4   2.7   2.5   2.6   2.6   2.5   8.7  11.5  10.3   9.9   8.9   8.4   7.3   5.9   5.1   4.5   2.5   2.5   2.7   2.5   2.6   2.8   2.6   2.6   2.7   8.5  11.2  10.2  10.3   8.1   8.4   6.7   6.0   5.3   4.9   2.6   2.6   2.7   2.7   2.7   2.3   2.6   2.6   2.6   2.5   2.7   2.5   2.6   2.7  11.3  11.5  10.7  10.3  10.0   9.2   9.3   7.1   6.9   4.4   2.6   2.8   2.6   2.6   2.6   2.7   2.6   2.7   2.5  10.4  11.3  10.8   9.9   9.3   8.1   7.8   6.2   5.3   4.3   2.8   2.8   2.8   2.6   2.6   2.6   2.7   2.6   2.6   2.6   2.6   2.7   2.6   3.3  12.0  11.0  10.8  10.6   9.7   9.6   8.4   8.0   6.2 
B: 34.1 39.4 38.5 38.7 37.2 35.8 34.1 30.9 29.1 28.0 28.0 25.3 25.4 26.1 25.3 25.2 25.4 25.2 25.1 25.5 25.4 24.9 25.5 25.3 38.7 38.7 39.1 38.4 37.9 36.7 36.1 34.5 32.7 31.2 26.7 24.8 25.5 25.5 25.8 24.8 25.1 25.3 25.2 37.3 38.8 38.0 38.8 36.9 36.7 33.7 32.0 30.1 27.6 27.1 25.1 24.7 24.8 25.1 25.5 25.5 25.4 25.3 24.9 25.1 25.2 24.8 25.2 39.5 38.3 38.3 37.3 37.7 36.7 35.5 33.7 31.8 30.1 25.1 24.8 25.1 25.2 25.0 25.1 25.7 25.2 24.9 39.1 37.8 37.9 37.4 36.5 34.8 33.5 31.4 29.2 28.5 24.5 25.4 25.1 25.0 25.7 25.2 25.0 24.4 24.9 38.6 38.6 38.2 37.6 36.8 35.1 32.9 29.6 29.1 27.5 25.3 25.4 25.9 25.4 25.3 25.4 25.5 25.0 25.4 39.0 39.3 38.0 37.0 35.8 33.9 30.5 29.4 27.3 28.7 24.9 25.6 25.1 24.7 25.1 25.6 25.1 25.1 25.2 25.1 25.2 25.1 25.2 25.0 39.2 38.2 38.0 37.9 38.0 36.6 35.8 32.8 31.0 29.1 25.1 24.7 24.9 25.0 25.0 25.4 25.5 25.1 25.1 38.7 38.9 37.7 37.0 36.6 33.5 33.1 30.1 28.2 27.3 24.9 24.5 24.7 25.0 25.0 24.9 25.1 24.8 24.9 25.1 25.1 25.0 24.5 27.3 39.5 38.6 39.5 37.6 37.6 36.5 35.0 33.8 30.5 
Direction:  n {41 139} {43 137} {43 137} {52 128} {46 134} {41 139} {39 141} n n n n n n n n n n n n n n n n {47 133} {41 139} {44 136} {42 138} {50 130} {48 132} {50 130} {40 140} {50 130} n n n n n n n n n n {51 129} {50 130} {51 129} {43 137} {41 139} {46 134} {47 133} {56 124} n n n n n n n n n n n n n n n n {46 134} {44 136} {43 137} {50 130} {48 132} {41 139} {43 137} {43 137} {48 132} n n n n n n n n n n {48 132} {46 134} {51 129} {43 137} {49 131} {46 134} {47 133} {38 142} n n n n n n n n n n n {43 137} {46 134} {45 135} {43 137} {46 134} {45 135} {53 127} n n n n n n n n n n n n {49 131} {48 132} {43 137} {48 132} {45 135} {45 135} {47 133} n n n n n n n n n n n n n n n n n {48 132} {42 138} {52 128} {44 136} {43 137} {40 140} {51 129} {43 137} {44 136} n n n n n n n n n n {48 132} {48 132} {47 133} {43 137} {42 138} {49 131} {46 134} n n n n n n n n n n n n n n n n n {49 131} {42 138} {43 137} {51 129} {42 138} {50 130} {39 141} {41 139} {43 137}

54.2: Count:   5.0 (  3.3) A:  18.8 [14-52] B:  33.8 [14-127] Phase: 100% 140 (31.7) Direction:  {46 134}
Phase: {27,11,4,15,14,7,10,7,9,10,3,10,14,15,11,10,8,19,11,10,26,22,14,11,16,23,21,22,22,16,31,28,38,26,24,31,54,54,42,51,51,59,54,56,54,92,63,67,86,95,102,134,103,153,121,145,151,164,199,175,217,196,238,262,229,263,264,298,305,336,336,311,481,463,397,478,487,525,526,621,606,651,727,717,752,709,931,819,930,830,1228,922,1126,1084,1227,1237,1224,1334,1481,1506,1425,1505,1590,1739,1745,1954,1910,2054,2227,2056,2245,2308,2465,2439,2527,2651,2373,2868,3046,2863,3118,2941,3223,3043,3211,3180,3381,3412,3362,3354,3407,3483,3283,3550,3115,3712,3342,3601,3430,3505,3518,3503,3554,3440,3670,3389,3388,3388,3464,3474,3494,3260,3410,3374,2996,3248,3108,3110,3148,3114,3005,2811,2955,2866,2754,2672,2514,2488,2327,2209,2135,2137,2092,2037,1889,1830,1916,1768,1679,1444,1883,1347,1291,1361,1302,1103,1123,1133,1108,1034,929,928,874,868,724,786,770,769,700,578,626,574,528,540,511,514,412,480,445,367,409,334,346,299,313,279,275,263,223,232,205,214,192,202,184,188,140,152,173,98,134,118,85,95,80,71,77,78,68,51,53,45,47,57,47,57,39,31,25,37,37,17,34,30,18,23,12,24,20,21,14,14,19,21,13,14,16,11,14,11,24,10,9,11,16,10,8,5,12,7,8,8,10,16,2,9,2,18,8,5,10,11,7,4,3,4,5,6,5,7,8,12,13,8,10,7,12,15,9,8,5,10,11,10,18,12,18,14,20,12,10,19,21,16,18,8,14,16,14,10,13,17,23,13,16,17,20,18,12,17,19,16,19,24,14,14,12,13,12,11,13,11,24,5,18,5,21,9,12,7}
Count:   3.8  10.9  10.0   9.7   9.0   7.8   7.2   6.2   4.6   4.3   2.9   2.2   2.3   1.9   2.1   2.0   2.0   2.1   2.0   1.9   2.1   2.0   2.0   1.9   6.2  11.4  10.8  10.3   9.4   9.1   8.2   7.6   7.1   5.9   2.0   1.8   2.0   2.0   2.2   1.9   2.3   2.0   2.1   6.5  11.4  10.0  10.2   8.9   8.7   7.6   6.8   5.4   4.7   2.2   2.0   2.0   2.1   2.1   1.7   2.0   2.0   2.0   1.9   2.1   2.0   2.2   2.0   8.2  10.3   9.9   8.7   9.4   8.2   8.2   7.1   6.7   4.8   2.0   2.1   1.9   2.0   2.2   2.0   2.0   2.3   1.9   8.0  10.3   9.5   9.4   8.4   8.2   6.9   6.1   5.4   3.9   2.0   2.1   2.3   2.0   2.4   2.1   2.1   2.1   2.2   8.5  10.7   9.8   9.5   8.2   8.0   6.6   5.7   4.7   3.8   2.0   2.0   2.2   2.2   2.3   2.2   2.3   2.1   2.2   8.1  10.5  10.0   9.5   7.6   7.8   6.3   5.5   4.7   3.7   2.1   2.2   2.2   2.2   2.2   2.1   2.1   2.2   2.2   2.1   2.1   2.1   2.2   2.1  10.8  10.9   9.9   9.8   9.3   8.3   8.4   6.5   6.4   4.0   1.9   2.3   2.3   2.1   2.2   2.0   2.2   2.1   2.0  10.1  11.1  10.3   9.3   8.5   7.7   7.3   5.7   4.8   3.7   2.1   2.2   2.4   2.1   2.2   2.3   2.0   2.2   2.0   2.1   2.0   2.0   2.0   2.8  11.7  10.4  10.5  10.2   9.0   9.4   7.9   7.9   5.9 
B: 36.2 39.1 38.0 38.1 37.0 35.8 34.2 30.0 28.0 28.1 28.0 25.7 25.3 25.5 25.2 25.2 25.2 25.2 25.4 24.9 25.2 25.1 25.0 25.3 38.9 38.5 39.1 38.6 37.0 37.2 36.2 34.6 33.2 30.6 27.0 25.4 25.0 25.8 25.4 25.0 25.6 25.3 25.4 37.2 38.6 38.2 38.7 36.7 36.8 34.0 31.9 29.2 27.4 27.4 24.6 25.1 25.2 25.5 25.4 24.6 25.6 25.4 25.2 25.5 25.2 25.4 25.0 40.3 37.8 38.5 37.9 37.6 37.1 35.3 33.6 31.5 29.9 25.2 25.1 24.9 24.7 25.6 25.4 25.2 26.2 25.7 39.0 38.0 38.2 37.8 36.0 35.4 33.3 31.5 29.2 27.8 25.1 25.4 24.6 24.5 25.8 25.2 25.2 25.1 25.0 39.2 38.8 38.8 37.6 36.4 35.6 32.8 29.7 29.3 28.0 25.5 25.3 25.9 25.6 25.0 25.3 25.3 25.1 25.5 39.9 38.8 37.5 37.3 35.9 33.9 30.9 29.5 26.8 28.3 24.5 25.6 25.6 25.4 24.9 25.6 25.1 24.7 25.5 25.3 25.3 24.7 25.1 24.8 39.5 38.2 37.6 38.4 38.4 36.3 35.7 32.2 31.4 29.2 25.9 24.9 25.1 25.0 25.5 25.3 25.3 26.0 24.8 39.3 38.5 38.4 37.2 36.2 34.1 32.5 30.2 27.9 27.4 24.7 25.3 24.5 25.4 24.8 25.0 25.2 25.2 25.6 25.5 25.5 25.2 25.0 27.0 39.5 38.9 39.1 37.8 37.4 37.0 34.7 34.2 31.0 
Direction:  n {46 134} {41 139} {45 135} {43 137} {42 138} {37 143} n n n n n n n n n n n n n n n n n {47 133} {41 139} {41 139} {41 139} {44 136} {45 135} {44 136} {47 133} {43 137} {43 137} n n n n n n n n n {50 130} {44 136} {49 131} {47 133} {47 133} {50 130} {53 127} {45 135} n n n n n n n n n n n n n n n n {42 138} {41 139} {49 131} {47 133} {49 131} {49 131} {47 133} {41 139} {52 128} n n n n n n n n n n {48 132} {43 137} {46 134} {50 130} {44 136} {42 138} {45 135} {45 135} n n n n n n n n n n n {48 132} {44 136} {42 138} {45 135} {44 136} {50 130} {49 131} n n n n n n n n n n n n {44 136} {49 131} {46 134} {47 133} {48 132} {46 134} {51 129} n n n n n n n n n n n n n n n n n {49 131} {47 133} {41 139} {47 133} {47 133} {47 133} {44 136} {50 130} {41 139} n n n n n n n n n n {43 137} {42 138} {48 132} {46 134} {41 139} {41 139} {39 141} {49 131} n n n n n n n n n n n n n n n n {48 132} {43 137} {42 138} {45 135} {51 129} {49 131} {47 133} {52 128} {46 134}

54.3: Count:   3.9 (  3.3) A:  18.9 [14-49] B:  36.0 [14-118] Phase: 100% 139 (24.1) Direction:  {45 135}
Phase: {0,0,2,4,3,0,3,3,2,3,0,0,0,2,2,0,1,9,0,2,0,2,1,2,4,4,6,0,7,8,7,6,8,5,1,4,12,8,10,9,12,7,5,8,6,23,24,25,11,19,17,23,26,40,35,30,30,33,43,52,78,53,57,59,57,104,75,76,100,100,136,92,139,165,148,128,161,223,211,197,217,246,269,261,270,322,335,323,325,360,553,371,528,524,632,521,708,658,794,797,853,964,959,1079,1069,1190,1251,1393,1542,1444,1627,1738,1789,2036,2063,2202,2074,2580,2580,2657,2790,2813,2994,3138,3273,3337,3521,3347,3254,3560,3536,3614,3385,3688,3444,3810,3356,3604,3425,3532,3440,3541,3509,3520,3711,3422,3557,3478,3602,3378,3501,3276,3315,3442,2853,3252,2959,3042,2959,2785,2648,2343,2609,2444,2197,2092,1952,2048,1682,1618,1535,1461,1382,1295,1199,1060,1039,963,922,762,1024,663,685,625,693,520,563,451,504,408,361,384,344,296,303,319,293,228,265,205,207,213,174,168,125,162,120,132,114,87,97,73,99,85,92,52,84,70,67,67,46,33,31,42,33,24,19,31,17,21,17,25,23,29,8,17,12,10,5,6,8,13,10,6,2,9,2,5,2,5,4,2,9,1,2,6,0,1,0,1,1,1,3,2,2,3,1,1,1,3,0,1,2,1,4,1,0,0,3,0,0,0,2,1,0,3,0,0,1,3,0,4,0,0,1,5,0,1,0,0,2,3,0,2,1,3,1,2,2,0,3,0,1,1,2,1,3,0,1,0,0,1,0,2,1,0,1,0,0,0,0,0,1,0,1,3,0,1,0,0,5,1,1,2,1,0,1,0,0,0,0,1,3,1,0,3,1,0,2,1}
Count:   3.1   9.6   9.3   8.4   7.8   7.0   6.3   4.9   3.6   2.8   1.7   1.3   1.1   1.1   1.1   1.2   1.1   1.2   1.1   1.2   1.2   1.1   1.0   1.0   5.5  10.0   9.6   9.2   8.3   8.0   7.2   6.7   5.7   4.4   1.0   1.0   1.0   1.0   1.1   1.0   1.2   1.0   1.0   5.5  10.0   8.8   8.8   7.5   7.8   6.0   5.2   4.1   3.2   1.0   1.2   1.1   1.2   1.1   1.0   1.0   1.1   1.1   1.0   1.1   1.1   1.1   1.0   6.8   9.0   8.5   7.9   8.3   7.5   6.9   5.7   5.1   3.6   1.0   1.0   1.1   1.2   1.2   1.1   1.1   1.2   0.9   7.2   9.6   8.7   8.4   7.5   7.2   5.9   5.4   3.8   2.4   0.9   1.0   1.2   1.0   1.1   1.0   1.2   1.1   1.1   7.7   9.5   8.7   8.4   7.2   7.1   5.5   4.3   3.2   2.4   1.1   1.1   1.1   1.3   1.2   1.2   1.2   1.2   1.2   6.9   9.1   8.8   8.0   6.8   6.5   4.5   4.2   2.5   2.2   1.0   1.3   1.2   1.0   1.2   1.1   1.1   1.2   1.2   1.2   1.2   1.0   1.1   1.1   9.7   9.5   9.2   8.7   8.7   7.8   7.4   5.4   4.8   2.5   1.1   1.2   1.2   1.1   1.2   1.1   1.1   1.1   1.1   9.2   9.8   8.8   7.9   7.5   6.6   5.5   4.4   3.5   2.1   1.2   1.1   1.2   1.1   1.2   1.1   1.2   1.1   1.0   1.0   1.1   1.0   1.1   2.0  10.6   9.3   9.2   8.5   8.0   8.0   7.2   6.2   4.6 
B: 41.0 40.4 39.8 39.4 39.0 37.1 35.6 31.5 28.7 28.4 28.8 26.0 26.2 26.5 25.3 25.6 25.0 26.0 25.6 25.7 25.6 25.8 25.5 26.4 40.6 40.1 40.1 39.3 38.7 38.7 37.6 36.7 34.5 31.2 28.6 25.7 25.2 26.0 25.9 26.1 26.1 25.9 26.6 39.7 39.5 39.4 39.7 38.3 39.9 35.3 33.9 30.5 27.9 29.6 26.2 26.6 25.9 25.7 26.3 25.6 26.2 26.0 25.5 25.5 25.7 26.1 26.1 41.7 39.2 40.0 39.2 38.7 38.5 36.7 34.2 32.6 31.9 26.9 25.3 25.1 26.0 25.2 26.1 26.3 26.0 26.0 40.7 39.4 39.2 39.4 38.0 36.8 34.3 32.9 30.1 28.3 25.3 25.8 25.9 26.1 25.9 25.2 25.6 26.1 25.6 40.8 40.0 39.6 38.9 38.0 36.8 33.3 30.6 29.1 27.6 26.1 25.9 26.4 25.9 25.2 26.0 26.6 25.5 26.3 41.7 40.1 39.4 38.9 36.8 34.5 32.0 31.1 27.4 28.2 26.5 26.3 27.3 25.6 25.7 26.2 25.6 25.9 25.1 25.6 25.7 25.5 25.7 25.4 41.1 39.6 40.0 40.0 39.4 38.3 37.4 33.5 31.7 29.9 27.0 25.1 26.2 25.5 26.5 25.9 26.4 25.8 25.7 41.6 40.1 39.5 39.0 37.8 36.3 33.8 31.4 29.6 28.5 25.5 26.1 25.8 25.7 26.0 25.6 25.8 25.6 26.5 26.3 25.5 26.8 25.6 30.8 41.2 39.2 39.9 40.5 38.9 38.0 36.9 35.3 32.0 
Direction:  n {45 135} {43 137} {44 136} {48 132} {42 138} {40 140} n n n n n n n n n n n n n n n n n {49 131} {44 136} {44 136} {42 138} {42 138} {46 134} {44 136} {43 137} {43 137} n n n n n n n n n n {50 130} {46 134} {49 131} {44 136} {48 132} {41 139} {44 136} {49 131} n n n n n n n n n n n n n n n n {44 136} {42 138} {40 140} {41 139} {43 137} {47 133} {41 139} {41 139} {49 131} n n n n n n n n n n {42 138} {49 131} {46 134} {48 132} {44 136} {42 138} {45 135} {39 141} n n n n n n n n n n n {42 138} {49 131} {50 130} {48 132} {44 136} {49 131} {42 138} n n n n n n n n n n n n {49 131} {46 134} {47 133} {42 138} {49 131} {43 137} n n n n n n n n n n n n n n n n n n {48 132} {45 135} {47 133} {48 132} {51 129} {44 136} {49 131} {42 138} {46 134} n n n n n n n n n n {48 132} {43 137} {46 134} {50 130} {47 133} {46 134} {45 135} {49 131} n n n n n n n n n n n n n n n n {44 136} {48 132} {44 136} {47 133} {42 138} {49 131} {47 133} {43 137} {43 137}

54.4: Count:   3.4 (  3.2) A:  18.9 [14-50] B:  37.2 [14-118] Phase: 100% 139 (19.4) Direction:  {45 135}
Phase: {0,0,0,0,0,0,0,0,0,0,0,0,0,0,0,0,0,0,2,0,0,0,1,3,1,0,0,1,1,0,0,2,0,0,2,0,0,2,1,5,1,0,1,3,1,0,2,0,0,6,2,4,6,5,5,5,4,4,7,10,7,8,10,15,10,15,14,12,17,16,15,22,27,32,39,48,44,55,65,72,66,60,88,56,105,88,122,123,137,148,253,154,199,230,311,256,321,337,416,447,437,551,546,661,687,715,783,990,1118,1039,1149,1335,1404,1591,1628,1836,1764,2094,2251,2275,2515,2554,2753,2768,3078,3255,3292,3310,3471,3466,3588,3715,3710,3900,3810,4124,3782,4065,3879,3801,3952,3762,3900,3712,4019,3814,3762,3629,3636,3485,3625,3318,3372,3316,2820,2939,2782,2834,2664,2510,2447,2039,2182,1919,1797,1648,1515,1502,1168,1188,1065,943,932,838,763,628,637,552,461,437,505,398,353,333,282,218,229,205,173,165,126,128,115,131,71,100,91,90,80,44,70,48,54,45,46,41,19,33,25,20,30,17,19,10,25,11,10,8,5,10,4,2,3,5,2,5,2,6,2,8,4,3,1,1,3,1,4,0,0,1,1,1,2,1,0,0,3,0,0,0,0,0,1,0,0,2,0,0,2,0,0,0,0,0,0,0,0,0,0,0,0,0,0,2,0,0,1,0,0,0,0,1,0,0,0,1,0,0,0,0,0,0,0,0,0,0,0,0,0,0,0,0,0,0,0,0,0,0,0,0,0,0,0,0,0,0,0,0,0,0,2,0,0,0,0,0,0,0,0,0,0,0,0,0,0,0,0,0,0,0,0,0,0,0,0,0,0,0,0,0,0,0,0,0,0,0,3,0,0,0}
Count:   2.8   8.8   8.8   7.7   7.4   6.5   5.7   4.1   2.6   2.0   1.0   0.7   0.7   0.7   0.6   0.7   0.6   0.8   0.7   0.7   0.6   0.6   0.7   0.6   5.1   9.6   9.1   8.8   7.8   7.3   7.1   6.2   4.7   3.8   0.6   0.6   0.8   0.6   0.6   0.6   0.7   0.6   0.7   5.0   9.2   8.9   8.3   6.9   7.3   5.0   4.8   3.1   2.4   0.6   0.6   0.6   0.7   0.6   0.7   0.7   0.6   0.6   0.6   0.7   0.6   0.7   0.7   6.2   8.5   7.7   7.7   7.2   7.1   6.3   5.2   4.6   2.9   0.5   0.6   0.7   0.6   0.6   0.6   0.6   0.7   0.7   6.9   8.9   8.1   8.0   6.7   6.6   5.1   4.8   2.7   1.9   0.6   0.6   0.8   0.8   0.7   0.7   0.6   0.6   0.7   7.1   9.1   7.8   7.8   6.7   6.4   4.4   3.7   2.1   1.5   0.6   0.8   0.7   0.6   0.7   0.7   0.7   0.8   0.6   6.4   8.7   7.9   7.2   6.5   5.4   4.1   3.0   1.7   1.2   0.6   0.7   0.7   0.7   0.6   0.7   0.6   0.7   0.7   0.7   0.7   0.7   0.6   0.7   9.0   9.1   8.6   8.4   8.0   7.4   6.6   5.3   4.1   2.0   0.7   0.7   0.7   0.6   0.7   0.8   0.7   0.7   0.7   8.8   9.3   8.1   7.9   6.7   6.4   4.6   3.7   2.4   1.2   0.7   0.7   0.7   0.7   0.7   0.7   0.8   0.6   0.6   0.7   0.7   0.6   0.7   1.7  10.1   8.9   8.8   8.0   7.8   7.1   6.3   5.1   4.1 
B: 43.0 41.2 40.6 39.9 39.4 38.0 35.7 31.8 28.7 28.5 30.9 27.7 27.0 27.3 26.5 26.3 25.9 27.8 27.7 26.5 27.4 26.0 26.6 28.6 43.1 40.1 40.6 40.9 38.9 38.9 38.9 36.6 34.3 31.5 32.0 28.3 26.6 26.8 28.1 25.7 27.6 26.8 27.1 39.0 40.5 40.3 39.0 38.1 39.9 34.8 33.5 31.0 29.8 32.8 28.2 29.0 26.6 26.7 26.3 28.5 26.9 26.0 27.1 26.3 26.5 27.4 27.2 42.3 40.5 40.5 39.1 39.7 38.7 37.0 34.8 32.8 32.1 27.4 28.3 24.8 26.3 27.4 27.3 26.3 27.0 27.2 41.8 39.3 40.4 39.7 38.9 37.1 35.7 32.4 30.0 30.1 27.3 27.1 26.2 26.4 28.1 26.7 26.6 26.7 27.6 42.7 40.2 39.6 39.3 38.3 36.8 33.4 31.4 29.3 29.6 26.2 28.5 27.3 26.5 26.0 28.5 28.2 27.2 28.2 41.5 40.7 39.7 39.2 37.0 34.5 31.9 31.1 28.5 28.1 27.7 27.5 26.4 27.5 26.9 27.1 28.0 26.7 25.6 26.7 25.7 26.7 26.6 26.8 41.4 40.4 40.5 40.8 38.8 39.5 36.8 34.7 32.4 30.7 27.4 26.1 27.2 27.2 28.4 26.8 28.4 26.4 28.2 41.7 40.1 40.3 39.5 38.7 37.5 34.6 32.8 29.8 29.5 27.4 26.2 27.2 25.6 26.2 25.7 27.7 27.8 28.6 26.9 28.1 27.0 27.3 35.0 41.5 39.6 39.6 40.1 39.1 38.8 37.9 35.4 32.3 
Direction:  n {43 137} {44 136} {47 133} {47 133} {45 135} {42 138} {42 138} n n n n n n n n n n n n n n n n {46 134} {43 137} {45 135} {49 131} {45 135} {46 134} {44 136} {44 136} {41 139} {46 134} n n n n n n n n n {44 136} {46 134} {47 133} {43 137} {47 133} {46 134} {46 134} {44 136} n n n n n n n n n n n n n n n n {45 135} {47 133} {43 137} {47 133} {45 135} {45 135} {43 137} {43 137} {45 135} n n n n n n n n n n {47 133} {46 134} {47 133} {47 133} {47 133} {46 134} {48 132} {47 133} n n n n n n n n n n n {47 133} {47 133} {43 137} {43 137} {43 137} {44 136} {46 134} n n n n n n n n n n n n {46 134} {45 135} {44 136} {42 138} {46 134} {43 137} {46 134} n n n n n n n n n n n n n n n n n {46 134} {43 137} {47 133} {44 136} {44 136} {44 136} {44 136} {46 134} {50 130} n n n n n n n n n n {43 137} {46 134} {43 137} {45 135} {47 133} {44 136} {44 136} n n n n n n n n n n n n n n n n n {44 136} {46 134} {43 137} {44 136} {46 134} {46 134} {42 138} {40 140} {43 137}

54.5: Count:   3.3 (  3.2) A:  18.8 [14-50] B:  36.6 [14-113] Phase: 100% 139 (19.0) Direction:  {45 135}
Phase: {0,0,0,1,0,0,0,0,0,0,2,2,0,1,0,0,0,0,1,1,2,2,0,0,0,0,0,0,0,3,2,0,2,1,0,2,1,2,2,3,4,5,0,2,2,9,2,3,8,5,6,4,11,1,10,4,15,12,17,9,16,26,15,22,17,23,21,35,23,44,30,38,44,46,46,57,38,69,60,49,57,103,92,107,98,139,134,128,140,167,271,194,221,235,312,256,356,340,370,416,381,546,549,647,633,721,801,925,947,917,1111,1244,1345,1476,1566,1777,1647,2131,2187,2107,2456,2633,2657,2884,2896,3264,3459,3276,3465,3724,3648,3583,3603,3904,3666,4014,3880,4081,3680,3956,3803,3792,3886,3854,3969,3840,3615,3552,3631,3560,3474,3354,3293,3243,2827,2977,2718,2664,2540,2439,2302,1945,2022,1931,1623,1534,1443,1353,1156,1081,1025,903,857,763,663,574,594,492,464,368,498,305,294,257,293,213,197,171,191,157,115,134,97,124,77,105,79,78,77,54,69,53,50,44,36,44,35,41,34,19,28,21,15,15,13,18,12,14,6,15,3,10,7,4,2,11,2,4,4,2,5,5,4,4,5,2,3,1,2,1,3,1,1,0,0,1,0,0,2,0,0,0,2,3,0,0,0,1,1,0,0,0,0,1,0,0,0,0,0,0,0,0,0,0,0,0,0,0,1,0,0,0,0,0,0,0,0,0,0,1,1,0,0,0,0,0,0,1,0,0,0,0,0,0,0,0,0,0,0,0,1,0,0,0,0,0,0,0,0,0,0,0,0,0,0,0,0,0,0,0,0,0,0,0,2,0,0,0,0,0,0,0,0,0,0,0,0,0,0,0,0,0,0,0,0,0,0,2,1,0}
Count:   2.8   8.7   8.6   7.6   7.2   6.2   5.7   3.8   2.7   1.7   0.7   0.6   0.6   0.7   0.6   0.6   0.6   0.7   0.6   0.6   0.6   0.7   0.6   0.7   5.0   9.3   8.7   8.8   7.6   7.1   7.0   6.3   4.8   3.8   0.5   0.7   0.6   0.6   0.7   0.6   0.6   0.5   0.7   5.0   9.0   8.8   7.9   7.1   7.0   5.2   5.0   2.9   2.0   0.6   0.6   0.5   0.7   0.6   0.6   0.6   0.6   0.6   0.6   0.7   0.6   0.6   0.6   6.2   9.2   7.8   7.5   7.4   7.3   6.4   5.1   4.4   2.9   0.5   0.6   0.6   0.6   0.6   0.5   0.5   0.6   0.6   6.8   8.9   8.3   7.7   6.8   6.5   5.0   4.4   2.7   1.8   0.4   0.7   0.7   0.7   0.7   0.6   0.5   0.5   0.6   7.2   8.9   7.9   7.8   6.8   5.9   4.7   3.8   2.1   1.4   0.5   0.7   0.6   0.6   0.6   0.6   0.5   0.7   0.6   6.4   8.4   8.0   7.5   6.6   5.7   4.1   2.9   1.6   1.3   0.5   0.7   0.6   0.6   0.6   0.6   0.7   0.7   0.7   0.6   0.7   0.6   0.6   0.6   8.8   9.1   8.7   8.4   7.3   7.6   5.6   5.5   4.2   2.0   0.7   0.5   0.6   0.6   0.7   0.7   0.6   0.6   0.6   8.8   9.1   7.8   7.6   6.3   6.4   4.3   3.6   2.2   1.2   0.6   0.6   0.6   0.6   0.7   0.6   0.6   0.6   0.7   0.6   0.6   0.6   0.6   1.8  10.1   8.4   8.9   7.8   8.0   7.0   6.3   5.1   4.3 
B: 42.3 40.3 39.4 38.4 38.2 38.3 34.3 32.4 27.9 27.0 29.9 28.7 26.0 26.5 26.6 26.2 25.7 26.5 27.4 27.2 28.1 26.6 27.1 27.7 41.6 39.1 39.4 40.4 38.8 38.0 39.0 36.3 33.4 31.2 29.4 27.6 26.8 27.7 26.5 26.9 26.9 26.5 25.8 38.4 40.0 39.7 39.2 38.5 37.9 34.3 31.9 30.1 27.6 31.0 28.5 27.1 26.0 27.0 26.2 26.7 27.8 26.6 27.2 27.2 26.1 26.4 27.6 41.2 40.4 39.3 38.1 39.7 38.2 37.0 34.0 32.3 29.4 27.0 26.6 25.0 26.0 27.6 24.7 26.7 27.8 26.2 41.8 38.4 40.1 39.4 37.9 36.5 33.9 32.4 29.6 28.2 25.6 27.0 26.5 26.6 27.2 26.6 27.6 26.3 27.8 40.7 40.2 39.3 38.5 37.6 35.7 33.3 30.4 27.6 29.2 26.3 27.0 27.2 26.5 26.0 27.9 27.6 28.4 28.0 41.8 40.1 39.0 38.6 37.7 35.6 31.0 29.1 27.9 28.2 25.7 26.6 26.2 26.1 27.3 26.7 26.1 26.0 26.4 26.6 25.0 25.9 25.7 26.2 38.6 39.8 39.3 39.6 38.3 38.5 36.7 34.8 32.3 30.8 26.5 26.7 25.0 25.7 27.8 25.8 26.9 27.1 26.4 41.0 39.1 38.6 38.6 36.8 36.4 32.6 30.6 28.6 29.1 25.6 27.6 26.8 25.7 25.6 25.9 27.3 26.9 26.2 26.5 26.6 25.6 26.7 33.9 40.2 39.4 39.5 39.6 38.3 39.0 36.0 35.1 31.9 
Direction:  {46 134} {47 133} {45 135} {43 137} {44 136} {47 133} {47 133} {40 140} n n n n n n n n n n n n n n n n {44 136} {43 137} {44 136} {47 133} {44 136} {41 139} {44 136} {44 136} {43 137} {41 139} n n n n n n n n n {43 137} {47 133} {43 137} {42 138} {48 132} {45 135} {41 139} {50 130} n n n n n n n n n n n n n n n n {46 134} {48 132} {43 137} {46 134} {44 136} {44 136} {47 133} {47 133} {44 136} n n n n n n n n n n {46 134} {46 134} {46 134} {44 136} {48 132} {50 130} {47 133} {44 136} n n n n n n n n n n n {46 134} {44 136} {45 135} {43 137} {44 136} {46 134} {44 136} n n n n n n n n n n n n {45 135} {44 136} {46 134} {46 134} {44 136} {44 136} {47 133} n n n n n n n n n n n n n n n n n {47 133} {47 133} {44 136} {44 136} {45 135} {42 138} {44 136} {44 136} {44 136} n n n n n n n n n n {48 132} {43 137} {47 133} {42 138} {44 136} {40 140} {43 137} n n n n n n n n n n n n n n n n n {45 135} {44 136} {47 133} {41 139} {43 137} {47 133} {47 133} {45 135} {42 138}

54.6: Count:   3.5 (  3.3) A:  18.8 [14-52] B:  35.8 [14-111] Phase: 100% 139 (17.8) Direction:  {45 135}
Phase: {0,0,0,1,1,0,0,0,0,3,0,0,0,1,1,1,1,3,0,0,1,0,1,1,0,0,3,0,3,0,0,0,4,1,3,4,4,1,2,2,5,5,9,4,6,5,8,3,16,4,17,17,15,16,16,22,26,24,25,34,34,22,39,37,34,31,35,40,48,57,52,65,77,74,92,110,70,110,76,110,109,142,141,169,168,171,207,217,223,274,374,232,322,330,384,365,453,503,509,505,604,617,622,742,778,864,952,1028,1168,1050,1252,1364,1431,1547,1546,1782,1591,2189,2218,2206,2458,2463,2705,2644,2815,2940,3280,3429,3535,3630,3754,3888,3933,4372,4052,4423,3983,4720,4300,4416,4295,4430,4363,4314,4230,4016,3981,3821,3948,3709,3601,3282,3292,3364,2742,2805,2607,2455,2397,2236,2065,1884,1874,1790,1539,1463,1290,1314,1208,1085,1034,945,889,824,771,687,716,626,578,437,544,366,376,367,365,262,253,256,258,220,199,178,182,160,126,116,104,117,112,89,93,67,58,59,53,43,28,51,37,38,44,9,18,18,26,24,13,23,19,12,7,8,9,7,8,6,8,9,7,4,5,3,12,4,3,3,0,1,1,2,5,2,3,1,0,2,0,2,3,2,2,1,2,0,0,3,1,3,0,1,1,0,1,1,0,0,0,0,0,1,0,0,0,2,0,0,0,3,1,1,0,0,0,0,0,0,0,0,0,2,0,0,0,0,0,0,0,0,0,0,0,0,0,0,0,0,0,0,0,0,0,0,0,0,0,0,0,0,0,0,0,0,0,0,0,0,0,0,1,0,0,0,0,0,0,0,0,0,0,0,0,0,0,0,2,0,0,0,0,0,1,3,2,1,2,1,0,1,0,0}
Count:   2.8   9.0   9.0   7.9   7.5   6.5   5.9   4.5   3.3   2.0   0.8   0.7   0.7   0.7   0.7   0.7   0.6   0.6   0.6   0.6   0.7   0.6   0.5   0.7   5.3   9.7   9.0   9.0   7.7   7.6   7.7   6.8   5.2   4.6   0.6   0.7   0.6   0.7   0.7   0.6   0.7   0.6   0.7   4.9   9.5   8.9   8.1   7.6   6.9   5.8   5.3   3.4   2.6   0.6   0.7   0.7   0.7   0.6   0.6   0.6   0.6   0.6   0.5   0.7   0.7   0.7   0.6   6.7   9.5   8.0   8.2   7.9   7.4   6.7   5.6   5.1   3.7   0.5   0.8   0.7   0.6   0.7   0.6   0.7   0.7   0.6   6.3   9.1   8.2   8.2   7.2   6.6   5.7   5.3   2.9   2.3   0.5   0.8   0.7   0.6   0.6   0.6   0.6   0.6   0.7   7.4   8.9   8.0   8.1   7.5   6.2   4.9   4.1   2.9   1.9   0.5   0.7   0.7   0.7   0.6   0.8   0.7   0.7   0.5   6.5   8.8   8.3   7.8   6.8   5.9   4.7   3.4   2.3   1.9   0.5   0.6   0.6   0.7   0.7   0.7   0.7   0.8   0.7   0.7   0.7   0.7   0.7   0.6   8.6   9.5   8.9   8.7   7.8   7.6   5.9   6.2   4.7   2.3   0.7   0.6   0.7   0.6   0.6   0.6   0.6   0.7   0.6   9.0   9.4   8.1   7.9   6.5   6.6   5.0   3.9   2.7   1.6   0.6   0.7   0.7   0.6   0.7   0.6   0.6   0.7   0.7   0.7   0.7   0.6   0.6   1.8  10.6   8.9   9.6   8.1   8.3   7.3   6.5   5.8   4.6 
B: 39.9 39.0 39.4 37.3 37.6 37.1 34.2 31.5 28.4 25.6 27.7 27.3 24.7 25.3 25.8 25.9 25.4 26.1 26.3 27.1 26.3 25.7 26.0 26.5 40.5 38.9 39.1 39.2 37.4 37.2 38.8 35.9 33.7 30.9 29.2 25.5 24.8 26.5 25.9 26.2 27.5 26.7 25.5 38.6 39.4 38.5 38.2 38.0 37.3 35.0 32.3 28.7 26.8 29.0 25.9 25.6 25.4 25.1 24.8 26.0 26.3 25.0 26.2 26.2 25.6 25.2 26.2 40.4 38.9 37.4 38.1 37.9 37.6 35.8 33.9 32.2 30.0 26.8 24.9 24.8 26.1 26.1 25.3 25.7 26.7 26.3 40.9 38.5 38.6 38.4 37.3 35.8 33.0 32.4 27.7 28.0 24.2 26.3 26.7 25.1 26.2 25.9 27.5 26.1 26.7 41.1 38.7 37.5 38.2 37.6 35.5 33.2 30.4 28.4 27.9 26.3 25.9 25.7 25.0 26.6 26.5 25.7 25.8 25.8 39.9 38.9 38.0 38.2 36.7 34.7 31.4 28.3 26.9 28.4 24.7 26.2 25.8 25.7 26.3 25.2 26.1 24.7 26.1 25.3 25.3 24.5 25.2 26.5 38.5 38.7 38.4 38.2 37.6 38.2 36.0 34.4 31.0 30.5 25.3 24.7 24.0 25.6 27.1 24.8 24.8 26.8 24.7 40.4 38.7 38.3 37.7 36.9 36.3 32.7 29.5 27.7 27.6 25.5 24.7 26.5 25.8 25.2 24.8 26.3 25.1 25.1 25.9 24.6 24.8 25.7 34.0 39.3 38.1 38.8 38.4 38.1 38.1 35.6 35.3 31.6 
Direction:  n {44 136} {46 134} {45 135} {44 136} {44 136} {44 136} {44 136} n n n n n n n n n n n n n n n n {44 136} {43 137} {47 133} {44 136} {47 133} {45 135} {45 135} {45 135} {47 133} {43 137} n n n n n n n n n {49 131} {44 136} {44 136} {44 136} {45 135} {46 134} {43 137} {44 136} n n n n n n n n n n n n n n n n {49 131} {44 136} {44 136} {46 134} {45 135} {48 132} {46 134} {45 135} {47 133} {46 134} n n n n n n n n n {46 134} {43 137} {49 131} {47 133} {47 133} {44 136} {45 135} {47 133} n n n n n n n n n n n {44 136} {44 136} {46 134} {46 134} {44 136} {46 134} {42 138} {46 134} n n n n n n n n n n n {45 135} {44 136} {45 135} {45 135} {46 134} {43 137} {46 134} {42 138} n n n n n n n n n n n n n n n n {43 137} {46 134} {46 134} {43 137} {44 136} {48 132} {47 133} {45 135} {48 132} n n n n n n n n n n {43 137} {44 136} {44 136} {44 136} {45 135} {44 136} {42 138} n n n n n n n n n n n n n n n n n {46 134} {45 135} {42 138} {45 135} {45 135} {46 134} {45 135} {46 134} {43 137}

54.7: Count:   4.0 (  3.6) A:  18.9 [14-52] B:  34.8 [14-112] Phase: 100% 138 (21.2) Direction:  {44 136}
Phase: {1,0,0,3,0,0,1,1,3,0,3,2,0,2,0,0,3,0,0,1,3,3,1,5,1,5,3,2,11,4,4,1,5,9,8,10,14,11,2,20,4,9,12,19,22,28,11,28,20,26,46,34,27,27,35,32,51,47,39,60,59,56,63,77,63,61,66,79,86,108,101,79,125,129,142,163,138,179,162,172,158,197,240,232,260,244,339,272,329,308,498,400,423,462,575,504,577,670,681,760,780,808,811,1029,983,1123,1140,1389,1427,1330,1543,1711,1886,2003,2106,2391,2111,2563,2584,2761,3007,3040,3306,3307,3417,3588,3711,3796,3761,4076,3986,4263,4121,4303,4038,4265,4049,4162,4217,4118,4192,4172,4089,4159,4074,4086,3879,3715,3831,3664,3783,3474,3752,3531,3098,3046,3201,2884,2807,2581,2504,2176,2403,2200,2011,1973,1747,1737,1460,1521,1292,1144,1125,1052,932,872,850,802,647,597,753,461,508,469,452,333,327,287,325,311,243,232,252,203,160,158,183,163,139,85,125,99,95,108,75,79,52,68,50,35,42,36,54,29,36,32,27,17,15,17,17,18,7,15,11,15,25,11,12,14,4,19,7,5,2,6,10,2,2,3,3,0,1,6,4,8,3,1,2,0,2,0,3,2,0,0,1,6,0,0,0,0,1,0,0,0,2,0,1,2,1,0,0,1,1,0,0,0,0,0,0,0,0,0,0,0,0,2,0,3,0,2,2,0,0,0,0,0,0,2,0,0,0,0,0,0,0,0,0,2,2,0,0,0,0,0,0,0,0,0,0,0,0,1,0,0,0,0,0,0,0,0,0,2,1,0,1,1,0,2,0,0,0,0,0,0,0,0,2,0,0,1,0,3,0,1,0,0,0,0}
Count:   3.0   9.5   9.9   8.5   8.3   7.4   6.9   5.3   4.6   3.5   1.2   0.8   0.7   0.7   0.8   0.7   0.7   0.8   0.7   0.8   0.7   0.7   0.8   0.9   5.5  10.6   9.6   9.6   8.8   8.0   8.0   7.4   5.8   5.5   0.7   0.9   0.6   0.7   0.8   0.7   0.7   0.7   0.8   5.4  10.1   9.7   8.8   8.3   7.5   7.1   5.9   5.0   4.2   0.8   0.7   0.7   0.8   0.7   0.8   0.6   0.6   0.7   0.8   0.7   0.7   0.7   0.7   7.1   9.7   8.8   9.3   8.4   8.3   7.2   6.7   5.9   4.3   0.7   0.9   0.8   0.8   0.9   0.7   0.7   0.6   0.8   7.0   9.9   8.9   9.1   7.6   7.4   6.2   6.3   4.4   3.5   0.7   0.7   0.7   0.7   0.8   0.8   0.8   0.7   0.7   7.6   9.3   8.7   8.9   8.2   6.8   6.0   5.1   3.8   2.6   0.6   0.8   0.8   0.7   0.8   0.7   0.8   0.8   0.8   6.9   9.8   9.1   8.2   7.6   6.2   5.9   4.6   3.9   2.9   0.7   0.7   0.8   0.7   0.7   0.8   0.8   0.7   0.8   0.8   0.8   0.7   0.7   0.7   9.1  10.1   9.5   9.5   8.5   7.8   7.0   6.9   5.5   2.9   0.9   0.6   0.7   0.7   0.8   0.8   0.8   0.8   0.7   9.5  10.1   9.1   8.6   7.5   6.9   5.6   4.9   3.6   2.5   0.7   0.7   0.8   0.7   0.7   0.7   0.8   0.7   0.8   0.7   0.7   0.7   0.7   2.1  11.1   9.4   9.9   8.8   9.0   7.6   7.3   6.5   5.7 
B: 36.8 38.3 38.7 36.8 37.3 36.3 34.2 31.4 29.1 26.5 26.1 26.6 24.1 25.1 24.0 25.1 23.7 25.8 25.7 25.1 26.4 23.7 23.7 24.9 38.8 37.6 37.1 38.0 36.4 36.4 36.9 35.3 33.6 31.2 28.2 24.3 23.9 24.6 24.4 24.8 25.5 24.8 23.9 37.9 38.0 37.5 38.2 36.7 36.1 35.5 33.4 29.3 27.5 27.3 24.1 24.4 24.7 22.8 24.5 23.3 24.7 24.0 24.3 26.3 24.6 24.1 25.5 39.6 37.6 36.3 37.6 37.3 37.0 36.3 34.0 32.0 31.5 24.8 24.6 23.8 24.2 24.7 25.1 23.5 25.5 25.5 39.5 36.7 37.5 36.9 36.6 34.6 34.6 31.8 28.3 27.6 24.9 25.2 24.7 25.1 23.7 22.6 25.1 23.6 25.3 39.3 37.5 36.3 38.0 37.7 34.4 32.0 30.4 27.7 27.9 25.4 25.5 23.5 24.4 24.2 24.6 25.2 24.9 23.7 37.8 37.9 37.8 37.1 36.0 34.2 31.0 28.7 27.9 26.6 24.0 25.6 23.9 24.0 25.0 24.0 24.1 24.9 24.7 25.1 24.6 24.4 24.7 23.7 37.3 38.4 37.6 37.8 36.6 36.6 35.5 34.4 31.5 29.8 25.3 24.2 24.5 25.3 24.5 25.3 24.0 25.2 24.8 39.1 37.6 37.0 37.1 37.0 35.4 33.1 30.3 27.9 27.2 23.4 24.9 23.8 24.4 25.1 24.7 24.7 24.3 23.9 25.0 24.4 24.1 24.6 31.9 38.2 37.4 37.6 37.8 37.2 37.3 35.5 35.4 31.7 
Direction:  n {42 138} {43 137} {42 138} {43 137} {46 134} {41 139} {41 139} {40 140} n n n n n n n n n n n n n n n {42 138} {47 133} {46 134} {46 134} {44 136} {40 140} {48 132} {45 135} {43 137} {42 138} n n n n n n n n n {46 134} {44 136} {41 139} {43 137} {46 134} {42 138} {44 136} {42 138} {40 140} n n n n n n n n n n n n n n n {42 138} {43 137} {41 139} {42 138} {42 138} {42 138} {44 136} {43 137} {42 138} {45 135} n n n n n n n n n {45 135} {40 140} {45 135} {47 133} {47 133} {41 139} {42 138} {46 134} n n n n n n n n n n n {45 135} {46 134} {46 134} {45 135} {42 138} {46 134} {43 137} {42 138} n n n n n n n n n n n {44 136} {45 135} {46 134} {42 138} {48 132} {46 134} {45 135} {47 133} {44 136} n n n n n n n n n n n n n n n {46 134} {45 135} {44 136} {46 134} {47 133} {41 139} {43 137} {42 138} {42 138} n n n n n n n n n n {45 135} {42 138} {43 137} {45 135} {42 138} {45 135} {45 135} {44 136} n n n n n n n n n n n n n n n n {44 136} {48 132} {43 137} {42 138} {42 138} {43 137} {46 134} {42 138} {41 139}

54.8: Count:   4.4 (  3.9) A:  19.2 [14-51] B:  35.2 [14-116] Phase: 100% 138 (21.1) Direction:  {44 136}
Phase: {0,1,3,0,0,1,1,1,2,0,0,1,1,0,5,5,1,1,2,1,3,1,9,3,3,2,5,1,9,6,8,4,8,7,9,15,7,7,14,22,15,5,15,12,28,30,22,40,30,32,31,39,34,47,47,46,62,52,50,59,68,82,81,92,63,124,96,92,105,125,109,123,133,160,172,176,157,192,162,230,214,243,264,280,249,294,359,322,372,353,558,464,520,508,636,594,670,671,770,766,765,933,941,1066,1079,1199,1303,1420,1580,1423,1767,1827,2027,2124,2255,2457,2255,2933,2953,2986,3185,3254,3736,3712,3912,4041,4291,4422,4431,4637,4624,4766,4515,4640,4492,4866,4314,4581,4382,4366,4540,4372,4335,4335,4397,4253,4240,4324,4241,4159,4259,3917,4037,4138,3452,3762,3290,3357,3177,3033,2792,2491,2606,2372,2095,1964,1798,1716,1470,1409,1361,1264,1174,1083,1072,874,927,767,708,643,857,544,549,552,482,417,393,372,381,330,260,272,262,225,190,189,139,191,140,105,129,120,91,81,86,77,64,99,38,40,68,50,54,30,25,27,21,23,35,21,22,23,23,28,5,8,9,15,7,9,14,10,7,7,1,4,3,8,3,3,3,2,5,4,1,1,2,1,1,2,1,1,2,1,1,2,1,2,2,2,0,0,2,0,4,0,1,0,0,0,2,1,0,1,1,2,0,1,0,0,0,0,0,0,0,0,0,0,0,0,0,0,0,0,0,2,0,0,0,0,1,0,0,0,0,0,0,0,0,0,0,1,0,0,0,0,0,0,0,0,0,0,0,0,0,0,0,0,1,0,0,0,0,0,1,0,0,0,0,3,2,0,0,1,0,1,0,0,0,0,0,0,1,1,0,0,0,0,2,0}
Count:   3.1  10.4  10.5   9.5   9.3   8.2   7.9   6.1   5.8   4.7   1.4   0.8   0.7   0.6   0.7   0.7   0.7   0.6   0.6   0.7   0.8   0.7   0.8   0.7   5.6  11.1  10.4  10.5   9.6   9.0   8.8   8.5   6.7   6.9   0.7   0.9   0.7   0.8   0.8   0.7   0.7   0.7   0.7   5.6  10.7  10.7   9.8   8.9   8.5   7.6   7.0   6.2   5.2   0.8   0.7   0.7   0.8   0.7   0.8   0.7   0.6   0.8   0.7   0.6   0.7   0.8   0.6   7.4  10.4   9.6  10.3   8.8   8.8   7.9   7.6   6.8   5.3   0.6   0.8   0.7   0.8   0.7   0.8   0.8   0.7   0.8   7.3  10.5   9.8   9.4   8.6   8.3   7.3   7.0   5.7   4.8   0.6   0.7   0.7   0.7   0.7   0.7   0.6   0.8   0.7   7.8  10.4   9.4   9.8   9.2   7.7   7.1   6.5   5.5   3.2   0.6   0.8   0.7   0.7   0.8   0.8   0.7   0.7   0.7   7.1  10.6   9.9   9.2   8.5   6.8   6.9   5.9   5.0   4.0   0.6   0.8   0.7   0.8   0.8   0.8   0.8   0.7   0.8   0.7   0.6   0.8   0.7   0.6   9.5  10.8   9.9  10.6   9.1   8.6   8.0   7.9   6.3   3.7   0.7   0.6   0.7   0.8   0.7   0.7   0.8   0.7   0.8   9.6  10.9   9.8   9.3   8.3   7.9   6.8   6.5   4.6   3.4   0.7   0.6   0.7   0.7   0.8   0.8   0.7   0.7   0.8   0.7   0.7   0.7   0.7   1.9  11.3  10.3  10.4   9.8   9.8   8.4   8.3   7.5   6.7 
B: 34.5 37.9 38.7 37.9 37.4 37.4 35.4 32.1 29.9 28.1 27.4 25.7 23.9 24.3 24.4 23.6 23.9 25.0 23.8 22.7 24.8 24.4 22.2 23.7 37.6 37.8 37.5 37.9 36.8 36.6 37.1 36.5 34.1 32.5 29.2 23.8 23.7 24.0 23.3 24.1 24.6 22.8 24.1 37.5 37.2 37.9 38.4 37.3 36.0 36.5 34.5 31.3 28.7 28.5 23.8 23.8 23.2 23.4 23.3 23.6 23.4 23.2 23.2 24.6 22.9 23.7 24.6 40.2 38.4 37.4 37.8 37.7 37.3 37.1 35.6 33.0 32.6 24.8 24.5 23.7 24.3 23.5 24.6 22.6 23.2 24.0 39.8 37.4 37.5 37.3 36.8 35.5 35.9 33.2 30.4 28.8 23.0 23.7 23.6 23.1 24.1 23.7 23.4 23.1 24.7 38.6 37.8 36.9 38.7 38.6 35.2 34.2 31.3 29.1 27.5 24.1 26.3 23.9 23.9 24.9 23.9 23.4 23.9 24.1 38.3 37.6 38.1 38.2 36.5 34.2 32.5 29.7 29.0 27.1 24.7 23.9 24.5 23.4 23.5 24.0 23.7 23.0 23.5 24.1 24.0 25.1 23.4 23.8 37.8 38.1 37.4 38.4 37.3 36.4 36.1 35.7 32.2 30.2 25.1 23.9 24.2 23.3 22.8 24.2 24.4 24.7 23.1 38.4 37.6 38.2 37.3 36.8 36.0 34.5 32.7 29.0 28.5 22.1 24.9 23.1 22.9 24.0 22.7 23.7 24.6 23.1 24.4 22.8 24.2 24.3 30.4 38.3 37.7 37.1 38.3 37.2 36.9 37.3 35.7 33.2 
Direction:  n {43 137} {45 135} {43 137} {46 134} {42 138} {39 141} {40 140} {39 141} {40 140} n n n n n n n n n n n n n n {46 134} {43 137} {44 136} {43 137} {44 136} {47 133} {42 138} {41 139} {41 139} {47 133} n n n n n n n n n {40 140} {43 137} {42 138} {43 137} {43 137} {43 137} {39 141} {46 134} {37 143} {45 135} n n n n n n n n n n n n n n {41 139} {43 137} {41 139} {46 134} {42 138} {41 139} {42 138} {40 140} {40 140} {40 140} n n n n n n n n n {41 139} {42 138} {48 132} {45 135} {42 138} {42 138} {40 140} {39 141} {42 138} {46 134} n n n n n n n n n {42 138} {42 138} {44 136} {42 138} {44 136} {43 137} {40 140} {41 139} {41 139} n n n n n n n n n n {39 141} {49 131} {48 132} {46 134} {46 134} {44 136} {46 134} {40 140} {43 137} n n n n n n n n n n n n n n n {42 138} {41 139} {41 139} {40 140} {42 138} {44 136} {44 136} {45 135} {41 139} n n n n n n n n n n {43 137} {44 136} {42 138} {48 132} {40 140} {44 136} {41 139} {38 142} {41 139} n n n n n n n n n n n n n n n {43 137} {40 140} {45 135} {41 139} {41 139} {41 139} {42 138} {43 137} {41 139}

54.9: Count:   4.6 (  4.4) A:  19.5 [14-51] B:  37.1 [14-107] Phase: 100% 139 (17.5) Direction:  {44 136}
Phase: {1,0,0,0,0,0,1,0,2,0,0,1,2,0,0,0,0,0,5,0,0,2,0,0,0,2,0,0,1,4,0,1,0,0,1,0,2,3,2,3,5,8,2,7,5,4,4,4,6,8,2,15,24,13,11,10,11,22,18,24,23,16,19,26,30,29,30,53,42,40,34,40,56,73,59,88,65,61,96,93,96,110,148,133,138,128,190,145,155,179,285,268,273,255,328,343,370,414,501,539,573,631,639,752,854,934,1016,1158,1301,1208,1430,1640,1722,1885,2129,2359,2296,2946,3108,3120,3314,3586,3889,3838,4161,4348,4723,4666,4817,5204,5120,5189,5232,5655,5374,6035,5607,6150,5839,6096,5739,6270,6043,5803,5781,5469,5442,5102,5184,4854,4775,4363,4260,4444,3778,3974,3607,3637,3384,3107,2898,2508,2741,2522,2150,2072,1814,1705,1432,1501,1278,1105,1111,864,812,763,799,576,515,458,575,345,343,314,295,214,240,219,226,170,162,158,108,114,90,95,86,75,84,62,84,64,36,51,43,49,35,26,27,13,25,25,14,19,14,12,4,11,5,13,12,7,8,11,0,7,9,1,5,4,7,0,4,1,4,5,0,1,3,0,0,3,0,0,0,0,0,0,1,0,0,0,0,0,0,0,0,0,0,0,0,0,0,0,0,0,2,0,0,0,0,0,0,0,0,1,0,0,2,0,0,0,0,2,0,0,0,0,0,0,0,0,0,0,0,0,0,0,0,0,0,0,0,0,0,0,0,0,0,0,0,0,0,0,0,0,0,0,0,1,0,0,0,0,0,0,0,0,0,0,0,0,0,0,0,0,0,1,0,0,0,0,0,1,1,0,0,0,0,0,0,0,1,0,0,0,0,2,0,0}
Count:   3.0  11.0  11.0  10.1   9.9   8.8   9.0   7.3   6.9   5.3   1.7   0.6   0.6   0.5   0.6   0.5   0.6   0.5   0.4   0.5   0.6   0.4   0.4   0.5   5.4  11.8  11.4  11.0  10.2   9.8   9.6   8.7   7.7   7.7   0.6   0.5   0.5   0.6   0.4   0.5   0.6   0.4   0.5   5.5  11.1  11.2  10.8  10.0   9.1   8.4   7.7   7.4   6.2   0.7   0.5   0.5   0.6   0.5   0.5   0.5   0.4   0.5   0.4   0.5   0.5   0.5   0.5   7.7  11.1   9.8  10.5   9.5   9.7   8.4   8.9   7.6   6.4   0.4   0.5   0.5   0.5   0.4   0.7   0.5   0.5   0.5   7.7  11.1  10.3   9.9   9.1   8.9   8.0   8.2   7.1   5.5   0.4   0.5   0.5   0.4   0.5   0.6   0.5   0.4   0.5   7.9  11.4   9.9  10.4  10.0   8.3   8.2   7.2   6.4   4.2   0.4   0.6   0.5   0.6   0.6   0.6   0.5   0.5   0.5   7.5  10.9  10.6   9.7   9.7   7.9   8.2   7.2   6.0   4.6   0.5   0.5   0.6   0.6   0.6   0.5   0.5   0.5   0.5   0.5   0.5   0.6   0.5   0.4   9.9  11.0  11.0  11.1  10.0   9.8   9.1   8.7   7.5   4.7   0.5   0.5   0.4   0.5   0.4   0.5   0.5   0.5   0.5  10.0  10.9  10.7  10.3   9.0   8.5   7.7   7.4   5.8   3.9   0.5   0.5   0.5   0.5   0.5   0.5   0.4   0.5   0.5   0.5   0.5   0.5   0.4   1.5  11.6  11.0  10.7  10.4  10.4   9.2   9.2   8.3   7.9 
B: 35.2 39.1 40.2 39.5 38.5 38.2 37.4 33.9 32.0 30.5 29.5 25.3 24.8 24.4 26.7 25.6 25.3 25.0 24.5 23.1 24.7 24.9 23.8 23.9 39.1 38.9 39.0 38.8 38.8 38.7 38.6 38.3 36.4 34.1 30.6 26.6 24.9 24.7 24.6 23.9 25.3 23.8 24.2 37.5 38.8 39.0 39.7 39.2 37.9 38.0 36.6 34.0 30.9 30.8 23.6 24.0 24.9 25.5 23.4 24.1 23.8 24.1 23.7 24.2 23.7 24.4 24.9 41.5 39.3 38.8 39.6 38.7 38.9 38.4 37.9 35.6 34.2 25.3 24.3 26.0 25.2 22.5 24.8 24.9 23.6 24.3 40.3 38.7 38.4 39.0 39.1 38.6 37.4 35.3 33.7 31.2 24.5 24.7 24.4 25.1 25.1 24.4 23.3 24.6 23.8 40.6 38.8 39.1 40.3 40.2 37.2 35.6 34.0 30.9 28.7 25.7 25.2 24.9 24.5 25.1 25.7 24.3 24.6 25.7 39.8 39.2 39.5 38.9 38.7 36.5 35.5 32.2 30.6 29.1 24.6 26.9 24.6 25.0 23.9 24.8 25.3 24.4 25.3 24.1 24.2 25.2 24.0 25.0 38.7 39.7 39.3 40.1 39.0 38.3 38.4 37.4 35.4 32.8 24.8 24.6 25.0 24.7 23.7 25.4 24.4 25.0 25.8 38.8 38.9 39.0 38.6 39.4 38.1 36.9 34.2 31.6 31.0 25.3 23.5 24.1 23.8 24.7 25.4 25.8 25.3 25.1 24.8 25.1 24.3 23.7 29.5 40.4 38.7 38.9 38.7 38.7 38.0 38.6 37.8 35.5 
Direction:  n {46 134} {45 135} {47 133} {46 134} {46 134} {45 135} {44 136} {44 136} {42 138} n n n n n n n n n n n n n n {44 136} {46 134} {47 133} {43 137} {46 134} {45 135} {46 134} {46 134} {44 136} {45 135} n n n n n n n n n {44 136} {46 134} {46 134} {45 135} {43 137} {44 136} {47 133} {44 136} {45 135} {43 137} n n n n n n n n n n n n n n {45 135} {44 136} {46 134} {43 137} {45 135} {45 135} {45 135} {46 134} {45 135} {44 136} n n n n n n n n n {47 133} {45 135} {45 135} {44 136} {46 134} {44 136} {46 134} {47 133} {41 139} {44 136} n n n n n n n n n {44 136} {48 132} {46 134} {47 133} {47 133} {46 134} {43 137} {46 134} {41 139} n n n n n n n n n n {46 134} {46 134} {45 135} {44 136} {43 137} {43 137} {45 135} {43 137} {42 138} {43 137} n n n n n n n n n n n n n n {42 138} {46 134} {44 136} {44 136} {45 135} {44 136} {45 135} {45 135} {45 135} {43 137} n n n n n n n n n {46 134} {44 136} {43 137} {45 135} {44 136} {44 136} {44 136} {44 136} {43 137} {43 137} n n n n n n n n n n n n n n {44 136} {45 135} {45 135} {43 137} {46 134} {43 137} {43 137} {45 135} {45 135}

55.0: Count:   5.0 (  4.8) A:  19.9 [14-48] B:  39.0 [14-116] Phase: 100% 139 (14.3) Direction:  {44 136}
Phase: {0,0,0,0,0,0,0,0,0,0,0,0,0,0,0,0,0,0,0,0,0,0,0,0,0,0,1,1,0,0,0,0,1,0,0,0,0,0,0,3,4,1,0,0,1,0,0,2,0,2,0,5,1,1,0,3,6,4,1,1,5,4,1,4,5,7,7,8,6,6,4,5,13,13,20,19,18,17,34,43,30,36,39,46,42,74,74,68,96,83,171,116,155,122,206,178,209,234,325,278,363,445,494,516,588,706,801,880,1030,1001,1189,1400,1516,1714,1712,2080,2084,2510,2730,2803,3232,3397,3758,3860,4233,4465,4868,5070,5355,5887,5832,6272,6546,7157,7024,7666,7474,8036,7653,7879,7942,7918,7882,7647,7548,7241,6711,6588,6375,5685,5598,5045,5234,4712,3992,3988,3742,3501,3341,3039,2814,2384,2420,2065,1873,1759,1627,1557,1245,1176,1059,987,806,737,670,572,593,412,381,294,372,245,245,187,191,128,153,134,108,98,75,88,42,62,56,31,43,31,29,23,30,17,11,14,18,12,8,17,11,5,12,3,5,9,1,5,3,0,0,3,3,8,2,0,2,1,1,3,0,0,1,0,4,0,0,0,0,1,3,0,1,2,0,0,0,0,0,0,0,0,0,0,0,1,0,0,2,0,0,0,0,0,0,2,0,0,0,0,0,0,0,0,0,0,0,0,0,0,0,0,0,0,0,0,0,0,0,0,0,0,0,0,0,0,0,0,0,0,0,0,0,0,0,0,0,0,0,0,0,0,0,0,0,0,0,0,0,0,0,0,0,0,0,0,0,0,0,0,0,0,0,0,0,0,0,0,0,0,0,0,0,0,0,0,0,0,0,0,0,0,0,0,0,0,0,0,0,0,0,0}
Count:   3.2  11.8  11.8  10.6  10.6   9.9   9.8   8.6   7.9   6.2   1.7   0.4   0.4   0.3   0.5   0.4   0.3   0.4   0.4   0.4   0.4   0.3   0.4   0.4   5.8  12.3  12.0  11.7  10.7  10.7  10.4   9.6   8.4   8.9   0.5   0.4   0.3   0.4   0.3   0.4   0.4   0.3   0.4   5.9  12.3  12.2  11.7  11.0   9.4   9.7   8.9   8.3   7.2   0.6   0.5   0.3   0.3   0.3   0.4   0.4   0.4   0.4   0.4   0.3   0.3   0.3   0.3   8.2  11.7  11.0  11.5  10.3  10.5   9.3   9.8   8.6   7.1   0.4   0.4   0.4   0.4   0.4   0.4   0.4   0.3   0.3   8.0  12.1  11.5  11.0  10.3   9.7   9.1   9.4   8.0   6.3   0.3   0.4   0.4   0.4   0.4   0.4   0.3   0.4   0.3   8.5  11.9  11.0  10.9  10.8   9.1   9.4   8.3   7.4   4.7   0.3   0.3   0.4   0.4   0.5   0.5   0.3   0.4   0.4   8.0  11.9  11.4  10.6  10.2   8.8   9.0   8.1   6.7   4.8   0.3   0.4   0.4   0.4   0.4   0.4   0.4   0.4   0.4   0.3   0.3   0.3   0.4   0.4  10.2  12.1  11.5  11.7  10.9  10.5   9.5   9.7   8.4   5.4   0.4   0.3   0.4   0.4   0.4   0.3   0.4   0.4   0.4  10.4  11.5  11.3  11.0  10.1   9.3   8.8   8.5   6.8   4.5   0.4   0.3   0.4   0.4   0.3   0.4   0.3   0.4   0.3   0.4   0.4   0.4   0.4   1.3  12.6  11.7  11.9  10.9  11.0  10.2   9.9   9.3   8.5 
A: 19.4 20.3 21.0 20.9 20.7 20.3 19.9 18.9 18.1 17.3 17.1 15.8 15.6 15.9 16.0 15.8 16.5 16.0 16.1 16.2 15.9 16.1 15.7 15.8 20.2 20.7 20.6 20.4 20.4 20.8 20.4 19.9 19.5 18.8 17.9 16.0 15.7 15.7 16.2 15.6 15.7 15.6 15.8 20.0 20.6 20.5 20.5 20.5 20.3 20.2 19.4 18.3 17.6 17.2 16.2 15.9 16.2 15.6 15.7 15.4 15.9 15.6 15.7 16.0 16.0 15.8 15.8 21.2 20.3 20.6 20.8 20.2 20.5 20.3 19.9 19.2 18.3 16.2 15.9 15.5 15.6 15.6 15.7 16.1 15.8 15.9 20.9 20.4 20.1 20.3 20.2 20.3 20.1 19.1 18.4 17.7 16.3 15.7 16.0 15.9 15.5 15.7 15.5 15.8 16.2 20.7 21.1 20.3 20.6 20.7 19.9 19.4 18.6 17.7 17.2 15.7 15.8 15.8 15.4 15.8 15.6 16.0 15.6 16.0 20.9 20.5 20.8 20.3 20.4 19.8 19.4 18.1 17.8 17.1 16.2 16.3 15.6 16.1 15.8 15.8 16.4 15.8 15.6 15.6 15.9 16.0 15.7 15.4 20.6 20.7 20.7 21.0 20.9 20.7 20.4 19.6 19.1 18.3 16.0 15.6 15.6 15.9 16.3 16.0 15.8 15.7 16.4 20.2 20.4 20.5 20.4 20.4 20.0 19.8 18.7 17.6 17.4 16.1 16.0 15.8 15.9 15.6 16.0 15.8 15.6 16.1 15.5 16.1 15.7 15.5 16.5 20.7 20.6 20.4 20.7 20.8 20.3 20.4 20.0 19.2 
B: 38.4 40.3 42.1 41.3 41.2 39.8 39.3 36.2 34.5 31.6 30.1 26.4 23.3 25.6 24.4 24.4 26.4 25.5 25.3 25.8 25.5 26.8 24.4 25.3 40.1 41.5 41.1 40.4 40.6 41.3 40.1 39.6 38.7 36.6 31.4 25.7 25.8 26.0 25.4 26.0 25.0 25.0 25.8 39.7 40.8 41.3 41.0 40.6 39.9 40.0 38.2 34.8 33.2 31.6 26.8 24.2 25.3 27.7 25.9 25.0 25.1 23.9 26.3 25.7 24.6 26.1 24.5 42.6 40.4 40.9 41.3 39.9 40.4 39.7 39.7 37.8 35.6 27.7 24.4 27.8 24.1 25.6 24.7 26.3 25.0 25.5 42.2 40.8 39.6 40.4 40.1 40.4 39.5 37.4 36.0 33.2 27.3 26.4 26.4 24.9 25.3 26.4 24.7 24.7 28.8 41.3 41.9 40.1 40.7 40.8 39.1 38.1 36.3 33.5 31.4 25.8 24.9 25.2 23.9 24.8 26.3 25.6 24.8 25.4 41.6 40.8 41.5 40.5 40.7 39.0 38.0 34.8 33.2 31.1 26.6 27.5 23.7 27.1 25.8 25.6 26.2 25.3 25.7 25.3 25.5 27.5 26.6 24.9 40.8 41.4 41.1 41.9 41.7 41.0 40.3 38.9 37.6 35.9 26.4 24.2 26.0 27.0 24.9 25.3 24.6 24.9 26.7 40.1 40.8 40.8 40.5 40.5 40.2 39.3 36.8 33.6 32.2 24.5 25.9 25.4 25.2 25.9 27.0 25.0 25.6 26.5 25.3 24.9 23.8 24.9 28.4 41.0 40.6 40.5 40.6 41.0 40.2 40.4 39.6 37.5 
Direction:  {46 134} {42 138} {45 135} {44 136} {44 136} {45 135} {47 133} {46 134} {45 135} {45 135} n n n n n n n n n n n n n n {46 134} {45 135} {46 134} {45 135} {44 136} {46 134} {47 133} {45 135} {46 134} {44 136} n n n n n n n n n {43 137} {46 134} {45 135} {46 134} {44 136} {46 134} {44 136} {46 134} {42 138} {43 137} n n n n n n n n n n n n n n {42 138} {47 133} {44 136} {43 137} {44 136} {44 136} {44 136} {44 136} {44 136} {47 133} n n n n n n n n n {45 135} {44 136} {45 135} {44 136} {46 134} {45 135} {45 135} {43 137} {45 135} {44 136} n n n n n n n n n {44 136} {46 134} {45 135} {46 134} {45 135} {44 136} {43 137} {46 134} {46 134} {43 137} n n n n n n n n n {43 137} {46 134} {46 134} {44 136} {45 135} {44 136} {44 136} {47 133} {45 135} {40 140} n n n n n n n n n n n n n n {46 134} {44 136} {45 135} {44 136} {46 134} {45 135} {43 137} {44 136} {45 135} {42 138} n n n n n n n n n {45 135} {45 135} {47 133} {47 133} {44 136} {45 135} {45 135} {44 136} {45 135} {43 137} n n n n n n n n n n n n n n {44 136} {45 135} {43 137} {45 135} {44 136} {45 135} {46 134} {45 135} {45 135}

55.1: Count:   5.4 (  5.3) A:  20.4 [14-51] B:  39.9 [14-105] Phase: 100% 139 (13.7) Direction:  {44 136}
Phase: {1,0,0,0,0,0,0,0,0,0,0,0,0,0,0,0,0,1,1,0,0,1,0,0,0,0,0,1,1,2,3,0,2,3,1,1,0,6,3,7,7,6,8,6,6,9,2,9,5,12,4,8,8,11,18,11,13,10,18,17,26,10,32,19,23,26,30,38,21,33,40,35,45,45,48,55,54,89,59,89,68,87,98,112,100,119,172,121,166,176,280,184,207,266,314,285,328,382,456,477,479,558,580,685,682,830,877,1041,1114,1050,1322,1406,1537,1746,1859,2138,2091,2582,2846,2855,3250,3476,3812,4032,4324,4664,5168,5314,5865,6187,6489,6803,7057,7934,7671,8494,8206,8742,8674,8920,8769,8858,8588,8352,8335,7814,7678,6988,6867,6359,6063,5533,5523,5209,4169,4295,3973,3592,3423,3075,2637,2446,2557,2167,1985,1792,1625,1560,1356,1219,1171,941,934,839,715,646,652,538,497,397,496,339,347,279,278,243,203,187,176,160,147,136,114,110,72,73,62,69,58,57,52,44,33,29,21,32,25,33,22,18,17,8,9,16,9,9,6,14,7,5,3,1,3,5,3,1,5,0,2,0,1,4,1,3,1,0,1,2,0,0,0,0,1,0,0,2,0,0,0,0,0,0,1,5,0,0,0,0,0,0,0,0,0,0,0,0,0,0,1,0,0,0,0,0,0,0,0,0,0,0,0,0,0,0,0,0,0,0,0,0,0,0,0,0,0,0,0,0,0,0,0,0,0,0,0,0,0,0,0,0,0,0,0,0,0,0,0,0,0,0,0,0,0,0,0,0,0,0,0,0,0,0,0,0,0,0,0,0,0,0,0,0,0,0,0,0,0,0,0,0,0,0,0,0,0,0,0,0,0,1}
Count:   3.3  12.8  12.8  11.9  11.7  10.6  10.6   9.5   8.8   6.9   2.0   0.4   0.5   0.4   0.5   0.5   0.3   0.4   0.4   0.5   0.4   0.4   0.4   0.4   6.3  13.4  13.0  12.5  12.2  11.5  11.4  10.1   9.7   9.3   0.5   0.4   0.4   0.4   0.4   0.5   0.4   0.4   0.4   6.4  13.1  13.1  12.2  12.1  10.5  10.8   9.5   9.4   7.7   0.6   0.4   0.3   0.4   0.4   0.4   0.4   0.5   0.4   0.4   0.4   0.4   0.4   0.4   8.8  12.6  12.0  12.2  11.4  11.2  10.1  10.7   9.6   7.7   0.3   0.4   0.5   0.4   0.5   0.5   0.4   0.3   0.4   8.8  12.7  12.2  12.0  11.5  10.9  10.4   9.8   8.4   6.7   0.4   0.4   0.3   0.4   0.4   0.4   0.4   0.5   0.3   8.9  13.1  12.2  11.9  11.8   9.9  10.2   8.7   8.4   5.4   0.3   0.4   0.4   0.4   0.4   0.5   0.4   0.5   0.4   8.5  12.8  12.3  11.7  11.3  10.0   9.9   8.5   7.9   5.1   0.4   0.4   0.5   0.4   0.4   0.5   0.4   0.5   0.5   0.4   0.4   0.4   0.4   0.4  11.1  13.3  12.7  12.6  11.8  11.6  10.3  10.7   9.0   5.4   0.5   0.5   0.5   0.4   0.5   0.4   0.4   0.4   0.4  11.1  12.7  12.5  12.4  11.3  10.2   9.7   9.4   7.4   4.4   0.5   0.4   0.4   0.5   0.4   0.5   0.4   0.4   0.4   0.4   0.4   0.4   0.4   1.5  13.6  12.7  12.8  12.0  11.9  11.5  11.0  10.2   9.3 
A: 20.5 20.9 21.7 21.1 21.5 20.9 20.4 19.3 18.6 17.7 17.2 16.0 15.8 15.7 16.2 15.8 16.5 16.3 16.4 15.9 16.2 16.0 15.8 15.8 20.7 21.3 21.2 20.9 21.3 21.4 20.9 20.8 20.2 19.5 16.9 16.1 16.2 16.3 15.9 16.2 15.5 15.9 15.8 20.5 20.7 21.3 21.0 21.1 20.6 20.8 19.8 18.9 18.0 17.7 16.0 15.5 15.7 15.4 16.1 15.6 15.8 15.9 16.1 15.6 16.0 15.5 16.0 21.2 20.8 21.2 21.2 20.7 21.0 20.5 20.6 19.9 19.3 15.8 16.1 15.5 15.8 15.7 16.0 15.7 15.7 15.7 21.2 21.1 20.7 20.8 20.9 20.9 20.7 19.7 18.8 18.0 16.4 15.9 16.0 15.5 15.4 15.6 15.5 15.7 15.7 20.9 21.6 20.9 20.8 20.9 20.8 20.0 19.1 18.1 17.7 15.6 15.8 15.2 16.0 16.1 15.8 15.8 15.5 16.1 21.0 21.4 21.0 21.3 20.9 20.6 19.8 18.9 18.1 17.4 15.7 16.0 15.8 15.8 16.3 15.6 16.0 15.8 15.8 15.7 16.2 15.8 15.4 15.5 21.0 21.1 21.3 21.1 21.3 21.2 21.1 20.2 19.8 18.8 16.5 15.7 15.9 15.9 16.5 15.6 15.3 15.8 16.0 20.6 20.6 20.8 20.8 20.7 20.7 20.2 19.3 18.1 17.8 15.7 15.9 15.7 15.9 15.7 15.5 15.9 16.2 16.1 15.5 16.1 15.5 15.7 17.0 21.2 21.0 21.2 21.3 21.3 20.7 20.8 20.3 19.7 
B: 41.3 41.7 43.2 41.4 42.5 41.1 40.2 37.4 35.4 32.5 30.3 24.4 23.0 23.4 24.6 23.8 25.1 24.9 25.2 25.3 25.5 25.5 23.7 24.8 40.9 42.5 41.8 41.1 42.1 42.5 41.1 41.0 39.8 38.2 30.4 24.6 23.5 24.7 24.1 24.2 21.7 24.4 24.2 40.8 40.7 42.4 41.5 41.8 40.8 41.0 38.7 36.6 34.5 30.9 24.9 23.9 23.9 24.1 24.3 23.1 23.8 24.1 23.7 22.8 23.4 23.7 23.9 41.9 40.9 41.9 42.4 40.6 41.0 40.3 40.8 38.8 37.3 25.0 25.1 24.3 24.3 23.7 24.0 23.4 24.5 25.7 42.3 41.5 40.3 41.0 41.4 41.5 40.6 39.0 36.3 34.0 26.1 24.5 26.9 23.8 24.2 24.6 23.2 24.5 25.0 41.1 42.7 41.4 41.0 41.2 41.0 39.7 37.3 34.3 31.9 24.6 25.4 23.9 25.2 24.1 24.4 24.3 24.5 25.6 41.4 42.6 41.5 42.2 41.5 40.7 38.4 36.2 33.7 31.5 25.2 26.8 23.1 24.2 24.9 24.1 22.9 24.2 24.6 24.0 23.2 25.3 23.6 24.3 41.5 42.2 42.2 42.0 42.8 41.7 41.8 40.3 38.8 37.0 25.7 22.9 24.5 25.8 25.1 24.3 25.1 23.4 25.1 40.8 41.2 41.3 41.4 41.3 41.3 40.3 37.5 34.3 32.9 24.1 24.9 24.1 23.6 23.9 23.0 26.0 22.4 24.6 23.2 23.7 24.2 25.0 29.2 42.4 41.5 42.3 41.7 41.6 40.6 41.2 39.8 38.6 
Direction:  {43 137} {43 137} {46 134} {44 136} {46 134} {46 134} {45 135} {45 135} {46 134} {49 131} n n n n n n n n n n n n n n {44 136} {44 136} {45 135} {45 135} {45 135} {45 135} {43 137} {46 134} {46 134} {46 134} n n n n n n n n n {45 135} {44 136} {45 135} {43 137} {45 135} {44 136} {45 135} {44 136} {44 136} {43 137} n n n n n n n n n n n n n n {45 135} {44 136} {46 134} {44 136} {44 136} {45 135} {45 135} {43 137} {45 135} {44 136} n n n n n n n n n {46 134} {44 136} {44 136} {44 136} {44 136} {45 135} {45 135} {44 136} {44 136} {45 135} n n n n n n n n n {43 137} {46 134} {46 134} {44 136} {44 136} {44 136} {45 135} {44 136} {46 134} {46 134} n n n n n n n n n {45 135} {45 135} {44 136} {46 134} {45 135} {46 134} {46 134} {42 138} {45 135} {46 134} n n n n n n n n n n n n n n {45 135} {45 135} {44 136} {45 135} {44 136} {45 135} {46 134} {43 137} {45 135} {44 136} n n n n n n n n n {45 135} {44 136} {45 135} {44 136} {44 136} {44 136} {43 137} {44 136} {45 135} {45 135} n n n n n n n n n n n n n n {44 136} {44 136} {45 135} {42 138} {44 136} {44 136} {45 135} {44 136} {45 135}

55.2: Count:   5.8 (  5.6) A:  20.9 [14-59] B:  39.8 [14-110] Phase: 100% 139 (16.6) Direction:  {44 136}
Phase: {0,1,4,0,0,0,0,2,0,3,1,3,0,3,0,0,4,10,4,6,1,5,3,9,3,6,5,13,2,3,23,7,13,12,16,8,24,18,18,23,15,25,25,32,23,38,31,33,31,45,56,63,35,58,56,55,63,57,56,65,83,53,86,95,86,102,83,83,96,128,139,116,144,168,137,111,136,164,167,187,179,180,216,238,240,263,321,277,272,301,473,377,387,480,492,500,527,609,664,652,709,778,905,911,1084,1241,1214,1523,1545,1621,1800,1951,2062,2333,2473,2806,2758,3363,3398,3687,3945,4112,4606,4684,4882,5279,6026,6022,6027,6602,6664,6979,7016,7397,7282,7859,7362,8013,7658,7961,7634,7768,7763,7612,7492,7091,6968,6620,6412,6166,6112,5672,5752,5472,4502,4957,4292,4276,3828,3575,3425,3155,3007,2720,2612,2364,1957,2004,1779,1640,1424,1507,1316,1103,1069,940,881,818,728,532,810,492,504,441,442,353,343,291,313,241,233,222,173,206,148,152,132,129,111,104,93,74,87,55,55,52,43,63,62,38,41,47,30,21,19,23,25,21,20,12,10,12,12,19,7,3,6,10,7,4,3,3,3,7,6,1,1,3,1,0,0,3,3,4,0,3,0,5,0,0,1,0,0,0,0,0,0,0,0,1,0,0,0,0,2,0,0,0,0,2,0,1,0,0,2,0,0,0,0,0,0,0,0,0,0,0,0,3,0,0,0,0,0,0,0,0,0,0,0,0,0,0,0,0,0,0,0,0,2,0,0,0,0,0,0,0,0,0,0,0,0,0,0,0,0,0,2,0,0,1,0,0,0,0,0,1,0,0,0,0,0,1,0,0,0,0,0,0,2,0,0,1,0,0,1,0,1,2,1,1}
Count:   3.7  13.9  14.0  13.3  12.7  11.5  11.1  10.3   8.9   7.4   2.2   0.6   0.6   0.5   0.6   0.5   0.5   0.5   0.7   0.4   0.5   0.6   0.6   0.6   6.9  14.3  13.9  13.4  13.0  12.6  12.3  11.0  10.5   9.4   0.6   0.5   0.6   0.5   0.5   0.7   0.5   0.5   0.5   6.9  13.9  14.1  13.2  12.9  11.9  11.4   9.9  10.0   8.0   0.7   0.6   0.5   0.5   0.5   0.5   0.5   0.5   0.6   0.5   0.5   0.5   0.5   0.6   9.2  13.3  13.3  12.9  12.3  12.2  10.8  11.1  10.1   7.8   0.4   0.5   0.6   0.5   0.6   0.5   0.5   0.5   0.5   9.4  13.6  13.4  12.8  12.0  11.4  11.2   9.9   8.8   6.9   0.5   0.7   0.5   0.5   0.6   0.5   0.6   0.6   0.5   9.7  14.3  13.2  12.9  12.4  10.5  10.7   8.7   8.4   6.2   0.5   0.6   0.6   0.6   0.6   0.7   0.5   0.5   0.6   9.0  13.5  13.2  12.6  12.2  10.7  10.6   8.8   8.1   5.4   0.5   0.5   0.6   0.6   0.5   0.5   0.5   0.6   0.6   0.6   0.6   0.6   0.5   0.6  12.4  13.9  14.1  13.3  12.7  12.3  11.1  11.3   9.7   5.7   0.6   0.5   0.6   0.5   0.5   0.6   0.5   0.5   0.5  12.1  13.8  13.5  13.1  11.8  11.4  10.4   9.7   8.2   4.5   0.6   0.6   0.6   0.5   0.5   0.6   0.5   0.5   0.6   0.6   0.5   0.5   0.6   1.8  14.1  13.9  13.8  13.4  12.8  12.4  11.7  10.8   9.7 
A: 21.5 21.7 22.0 21.6 21.9 21.3 21.3 20.2 19.3 18.3 18.3 15.7 16.2 16.0 15.8 16.0 16.1 16.2 16.1 16.1 15.8 16.3 15.7 15.7 21.4 21.8 21.7 21.6 21.9 22.0 21.1 21.3 20.9 20.2 16.5 15.7 15.7 16.4 15.9 16.1 15.6 16.2 15.9 21.5 21.3 21.8 21.5 21.9 21.5 21.4 20.5 19.8 18.9 17.6 16.1 15.7 15.9 16.0 16.2 16.2 15.8 15.8 15.8 16.0 16.0 16.1 15.9 21.3 21.1 21.8 21.8 21.6 21.3 20.9 21.2 20.6 19.8 15.9 16.1 15.9 15.9 15.9 16.0 15.9 15.5 15.5 21.6 21.7 21.4 21.4 21.6 21.3 21.2 20.3 19.6 18.3 16.6 15.8 15.6 15.6 16.0 15.9 15.6 16.1 15.8 21.5 21.7 21.5 21.1 21.8 21.2 21.0 19.5 18.8 18.2 16.2 15.8 15.8 15.6 15.6 15.9 15.8 15.6 15.8 21.3 21.9 21.5 21.6 21.4 20.8 20.2 19.3 18.3 17.7 16.1 16.4 15.7 15.9 16.0 15.9 16.1 16.3 15.7 15.5 15.6 15.8 16.2 15.8 21.5 21.7 21.5 21.7 21.6 21.6 21.3 20.6 20.2 19.3 16.3 15.1 16.1 15.9 16.2 16.2 16.0 16.0 16.0 21.4 21.4 21.6 21.4 21.5 21.1 20.5 19.8 18.7 18.2 16.5 15.7 15.7 15.8 15.8 15.7 15.8 15.8 16.0 16.0 16.2 15.9 15.9 17.6 21.4 21.6 21.4 21.6 21.7 21.3 21.5 20.8 20.3 
B: 42.7 42.6 43.1 41.7 42.7 41.1 41.3 38.2 35.7 32.2 31.4 22.3 21.7 21.8 22.7 22.9 22.8 23.6 23.0 23.0 22.9 23.8 21.7 22.7 41.5 43.1 42.3 41.8 42.5 42.8 40.3 41.4 39.9 38.0 26.2 23.1 23.5 23.5 22.5 22.7 22.0 22.1 22.0 41.8 41.3 42.6 41.8 42.7 41.3 41.2 39.3 37.0 34.3 28.1 22.1 23.2 22.4 23.4 23.7 21.9 22.9 20.7 21.9 22.6 23.0 21.9 22.4 41.2 40.9 42.3 42.5 41.3 40.7 40.3 41.1 39.0 37.4 23.2 23.0 21.9 22.1 21.9 23.3 22.3 22.4 22.4 42.0 42.0 40.9 41.4 42.0 41.3 41.0 38.8 36.3 32.7 24.0 22.0 22.3 22.2 22.5 23.6 20.3 23.9 22.4 41.6 42.4 41.7 40.5 42.1 41.2 40.2 37.2 34.2 31.9 23.4 22.1 21.9 22.3 21.7 22.5 21.4 22.4 21.9 41.4 42.8 41.9 42.1 42.0 40.2 38.4 36.1 32.9 29.9 23.8 22.2 22.2 22.8 23.1 22.7 22.1 22.2 21.4 22.0 22.6 23.7 23.3 23.1 42.3 42.5 42.1 42.5 42.3 42.0 41.2 39.5 38.9 35.7 23.6 20.4 23.5 22.6 22.7 22.8 21.6 22.0 24.0 41.6 42.2 42.4 42.1 42.1 41.0 39.6 37.7 34.1 32.1 23.3 22.8 21.6 22.0 23.1 22.5 23.4 22.0 23.2 21.7 22.0 21.9 22.5 29.4 41.9 42.2 41.6 42.0 41.6 41.3 41.7 39.9 38.5 
Direction:  {44 136} {43 137} {44 136} {45 135} {43 137} {46 134} {45 135} {45 135} {44 136} {42 138} n n n n n n n n n n n n n n {44 136} {45 135} {44 136} {43 137} {44 136} {43 137} {45 135} {46 134} {46 134} {45 135} n n n n n n n n n {43 137} {44 136} {42 138} {44 136} {44 136} {45 135} {44 136} {43 137} {45 135} {42 138} n n n n n n n n n n n n n n {46 134} {46 134} {41 139} {42 138} {43 137} {43 137} {44 136} {46 134} {46 134} {43 137} n n n n n n n n n {46 134} {46 134} {46 134} {43 137} {44 136} {45 135} {44 136} {42 138} {43 137} {41 139} n n n n n n n n n {47 133} {44 136} {45 135} {45 135} {44 136} {43 137} {45 135} {41 139} {46 134} {43 137} n n n n n n n n n {43 137} {46 134} {42 138} {44 136} {42 138} {46 134} {46 134} {46 134} {42 138} {39 141} n n n n n n n n n n n n n n {46 134} {45 135} {43 137} {45 135} {45 135} {46 134} {45 135} {46 134} {44 136} {42 138} n n n n n n n n n {44 136} {46 134} {45 135} {43 137} {43 137} {43 137} {46 134} {47 133} {44 136} {46 134} n n n n n n n n n n n n n n {44 136} {44 136} {42 138} {43 137} {44 136} {44 136} {43 137} {46 134} {44 136}

55.3: Count:   5.8 (  5.7) A:  21.1 [14-53] B:  40.1 [14-109] Phase: 100% 138 (18.8) Direction:  {44 136}
Phase: {0,0,1,0,0,0,0,0,1,0,0,0,0,0,0,0,0,0,0,1,3,1,0,3,6,3,3,6,2,4,4,2,3,2,4,4,11,0,1,6,13,9,8,15,5,21,14,16,12,14,13,18,19,36,24,18,35,38,32,40,48,44,56,42,49,66,63,74,75,93,97,76,104,114,109,122,103,134,140,150,153,139,189,217,206,216,301,252,272,281,496,392,406,426,610,567,610,639,783,822,845,922,1075,1194,1264,1403,1472,1811,1898,1762,2129,2337,2531,2735,3026,3322,3138,3869,4113,4252,4627,4791,5248,5346,5551,5538,5944,6125,6133,6364,6052,6481,6242,6977,6626,7099,6652,7107,6902,7313,6976,7249,6974,6842,6789,6543,6291,6164,6043,5624,5590,5458,5323,5496,4649,4783,4743,4274,4216,3972,3617,3439,3375,3175,2960,2815,2549,2460,2076,1869,1849,1662,1551,1353,1157,1197,1030,901,868,693,941,561,513,530,503,449,364,384,326,286,231,208,225,179,172,128,139,132,122,87,82,80,86,55,38,65,33,39,42,22,28,11,11,20,9,13,13,15,9,12,4,9,7,6,6,2,5,5,4,4,2,3,3,3,3,0,3,0,1,2,2,2,3,3,0,0,0,0,0,2,0,0,0,0,1,0,0,0,0,0,0,0,0,0,0,0,0,0,0,0,0,0,0,0,0,0,0,0,0,0,0,0,0,0,0,0,0,0,0,0,0,0,0,0,0,0,0,0,0,0,0,0,0,0,0,0,0,0,0,0,0,0,0,0,0,0,0,0,0,0,0,0,0,0,0,0,0,0,0,0,0,0,0,0,0,0,0,0,0,0,0,0,0,0,0,0,0,0,0,0,0,0,0,0,0,0,0,0,0,0}
Count:   4.2  14.4  14.0  13.6  13.0  11.9  11.0  10.0   8.4   7.0   1.9   0.6   0.6   0.4   0.6   0.5   0.5   0.5   0.5   0.5   0.5   0.5   0.5   0.5   6.9  14.3  14.5  14.0  13.9  12.8  12.2  10.8  10.2   9.2   0.5   0.5   0.5   0.6   0.5   0.6   0.5   0.6   0.5   6.9  14.4  14.4  13.4  12.9  12.3  11.7   9.7   9.8   8.2   0.6   0.6   0.5   0.6   0.5   0.5   0.5   0.5   0.4   0.5   0.5   0.5   0.4   0.5   9.6  13.8  13.6  13.1  12.9  12.4  11.2  11.6  10.3   7.6   0.5   0.6   0.4   0.5   0.6   0.5   0.5   0.4   0.4   9.6  13.9  13.6  13.1  12.2  11.4  10.7   9.5   8.6   6.4   0.5   0.6   0.5   0.4   0.5   0.5   0.5   0.5   0.4  10.3  14.2  13.6  13.2  12.8  10.9  10.5   8.7   8.0   5.8   0.5   0.6   0.7   0.5   0.5   0.5   0.5   0.5   0.5   9.0  14.1  13.4  12.5  11.9  10.9  10.3   8.3   7.2   4.9   0.5   0.5   0.6   0.6   0.5   0.6   0.5   0.5   0.5   0.5   0.5   0.5   0.6   0.5  12.6  14.4  14.0  13.8  12.9  12.9  11.6  11.0   9.5   5.5   0.6   0.5   0.5   0.6   0.5   0.6   0.5   0.5   0.5  12.8  14.0  13.8  12.7  11.9  11.3  10.1   9.1   7.8   4.2   0.5   0.5   0.6   0.6   0.5   0.6   0.5   0.5   0.5   0.5   0.6   0.5   0.5   1.9  14.1  14.2  13.9  13.5  12.9  12.4  12.1  10.6   9.7 
A: 21.4 21.9 21.6 22.0 21.8 21.8 21.4 20.7 19.6 18.3 18.5 16.4 16.0 16.7 16.3 16.0 16.3 16.3 16.0 15.9 16.1 16.1 15.9 15.3 22.0 22.1 22.2 21.5 21.7 22.5 21.6 21.4 21.0 20.3 17.1 16.5 15.9 15.9 15.5 16.0 15.8 16.2 15.9 22.1 21.9 22.1 21.7 22.0 21.7 21.3 20.7 20.2 19.0 17.3 15.8 16.2 15.8 15.8 16.0 16.1 16.0 15.8 16.0 16.0 16.1 16.1 15.8 21.9 21.6 21.9 22.2 21.8 21.3 21.0 21.6 20.7 20.0 16.1 16.1 16.2 16.4 15.4 15.7 15.8 16.0 16.1 21.5 22.0 21.7 21.6 22.0 21.6 21.5 20.4 19.8 18.7 16.5 15.7 15.6 16.0 16.0 15.6 15.7 15.8 15.7 21.5 21.8 21.3 21.6 22.0 21.5 20.9 19.8 19.0 18.3 16.9 15.8 16.0 16.0 16.1 16.1 15.9 15.6 16.0 21.3 22.0 21.9 21.4 21.3 21.2 20.5 19.6 18.5 17.6 16.2 16.1 15.3 15.8 16.0 15.9 15.8 16.0 15.7 16.0 15.7 16.0 16.0 15.7 22.1 22.1 22.0 21.5 21.9 21.7 21.6 20.9 20.3 19.8 16.4 16.0 16.0 15.7 15.9 16.2 16.1 16.1 15.9 22.0 21.7 21.7 21.3 21.8 21.3 20.7 20.4 19.3 18.1 16.2 15.8 15.8 15.8 15.8 15.9 15.8 15.8 15.8 16.2 16.2 16.2 16.1 18.8 21.8 21.9 21.9 21.8 21.9 21.7 21.8 20.9 20.8 
B: 41.8 42.9 42.2 42.9 42.2 42.0 41.5 38.9 35.7 30.8 31.6 22.3 22.0 22.4 22.3 22.9 21.8 22.4 21.2 22.2 21.7 22.0 21.3 23.2 42.6 42.7 43.1 41.3 42.1 43.5 41.2 41.2 39.7 38.0 26.7 23.9 22.1 21.8 21.6 22.1 21.6 22.0 22.1 42.7 42.3 42.7 41.7 42.6 42.1 40.7 39.7 37.4 34.1 25.8 22.1 22.3 22.5 22.7 21.8 21.9 22.7 21.1 21.8 22.5 21.8 21.3 23.1 42.1 41.8 42.2 42.9 41.8 41.0 40.2 41.7 38.9 36.8 22.5 22.5 22.2 22.4 21.4 22.0 21.7 22.1 21.6 41.8 42.7 41.9 41.5 42.7 41.7 41.6 38.7 36.2 33.7 22.8 21.8 20.7 21.8 22.3 21.7 20.5 22.0 22.5 42.1 42.6 41.2 41.5 42.8 41.9 39.7 36.6 33.8 31.2 24.3 21.8 21.7 21.9 21.2 22.7 21.8 22.2 22.2 40.8 43.0 42.9 41.2 41.4 40.7 38.6 36.2 32.1 28.8 21.7 22.5 21.1 21.9 21.9 20.8 21.0 22.3 21.3 21.8 21.3 22.4 22.6 21.1 43.4 43.3 42.8 41.5 42.2 42.0 41.7 39.8 37.9 36.1 23.7 21.5 23.0 20.7 21.5 22.0 20.9 22.6 20.9 42.7 42.4 42.7 41.3 41.7 41.1 38.8 37.3 34.8 31.0 23.2 22.7 21.3 21.7 21.4 23.1 21.7 21.4 22.0 21.7 21.6 23.2 22.2 32.0 42.5 42.7 42.1 42.2 42.2 41.8 42.2 40.0 38.8 
Direction:  {44 136} {45 135} {44 136} {44 136} {44 136} {44 136} {41 139} {43 137} {44 136} {42 138} n n n n n n n n n n n n n n {45 135} {44 136} {45 135} {44 136} {44 136} {45 135} {44 136} {45 135} {44 136} {47 133} n n n n n n n n n {43 137} {44 136} {43 137} {44 136} {45 135} {44 136} {44 136} {42 138} {43 137} {44 136} n n n n n n n n n n n n n n {44 136} {44 136} {43 137} {44 136} {43 137} {44 136} {44 136} {44 136} {46 134} {43 137} n n n n n n n n n {44 136} {44 136} {45 135} {45 135} {45 135} {41 139} {43 137} {44 136} {45 135} {45 135} n n n n n n n n n {43 137} {44 136} {43 137} {43 137} {41 139} {44 136} {45 135} {43 137} {43 137} {42 138} n n n n n n n n n {43 137} {44 136} {43 137} {45 135} {42 138} {46 134} {43 137} {44 136} {44 136} {38 142} n n n n n n n n n n n n n n {45 135} {45 135} {43 137} {43 137} {43 137} {42 138} {45 135} {44 136} {43 137} {44 136} n n n n n n n n n {43 137} {44 136} {44 136} {45 135} {46 134} {45 135} {44 136} {42 138} {45 135} {40 140} n n n n n n n n n n n n n n {45 135} {44 136} {43 137} {46 134} {44 136} {43 137} {43 137} {44 136} {44 136}

55.4: Count:   5.5 (  5.5) A:  21.1 [14-51] B:  41.0 [14-112] Phase: 100% 139 (16.3) Direction:  {44 136}
Phase: {0,0,0,0,0,1,0,0,0,0,0,0,0,0,0,0,0,0,0,0,0,1,2,0,2,3,1,0,1,2,2,0,1,4,2,0,3,4,0,4,4,4,8,5,6,12,6,9,8,1,6,8,4,7,17,23,17,8,25,16,32,8,24,21,31,29,24,28,23,30,35,42,66,40,39,51,68,79,55,99,58,72,83,93,105,117,132,125,157,135,291,204,217,229,290,319,325,437,433,493,480,599,613,715,794,962,977,1100,1235,1313,1522,1727,1839,1941,2227,2470,2548,3061,3256,3477,3942,4064,4556,4702,5151,5362,5913,6166,6316,6578,6996,7107,7333,7618,7462,7963,7338,7741,7599,7825,7511,7510,7626,7498,7264,7203,6670,6546,6891,6238,6233,5824,5645,5527,4703,4693,4296,4182,3893,3446,3386,2835,2962,2574,2423,2294,1968,1768,1505,1497,1257,1214,1128,892,815,711,718,644,525,403,558,335,321,271,297,243,241,144,193,165,113,118,109,94,62,78,63,61,41,47,53,37,46,21,23,25,23,18,25,24,16,10,11,5,6,5,8,7,6,7,4,4,1,3,2,0,6,0,1,0,1,1,0,2,2,0,0,2,0,1,2,1,1,0,0,1,1,0,1,3,0,1,0,0,0,0,0,0,0,0,0,0,0,0,0,0,0,0,0,0,0,0,0,0,0,0,0,0,0,0,0,0,0,0,0,0,0,0,0,0,0,0,0,0,0,0,0,0,0,0,0,0,0,0,0,0,0,0,0,0,0,0,0,0,0,0,0,0,0,0,0,0,0,0,0,0,0,0,0,0,0,0,0,0,0,0,0,0,0,0,0,0,0,0,0,0,0,0,0,0,0,0,0,0,0,0,0,0,0,0}
Count:   3.8  14.1  13.5  13.0  11.9  11.5  10.1   9.4   7.1   5.9   1.6   0.5   0.5   0.3   0.4   0.5   0.4   0.5   0.4   0.3   0.3   0.4   0.3   0.3   6.7  14.2  14.2  13.3  13.6  12.3  11.9   9.9   9.9   8.5   0.4   0.3   0.3   0.4   0.3   0.4   0.4   0.4   0.3   6.9  14.4  14.1  13.1  12.9  11.3  10.8   8.9   9.1   7.0   0.5   0.3   0.3   0.4   0.4   0.4   0.4   0.4   0.4   0.4   0.3   0.4   0.3   0.3   9.5  13.6  13.4  12.9  12.1  11.7  10.9  11.0   9.6   7.0   0.4   0.3   0.3   0.3   0.3   0.4   0.4   0.3   0.4   9.7  13.5  13.4  12.9  11.8  10.5  10.6   8.6   7.9   5.6   0.4   0.3   0.3   0.4   0.4   0.3   0.3   0.4   0.2   9.9  14.0  13.1  12.9  11.7  10.0   9.7   8.4   7.2   4.9   0.4   0.4   0.3   0.3   0.4   0.3   0.4   0.3   0.4   8.9  14.0  12.9  11.7  11.5  10.5   9.1   7.4   6.6   3.9   0.2   0.3   0.3   0.4   0.3   0.4   0.4   0.3   0.4   0.3   0.4   0.4   0.4   0.4  12.6  14.3  13.9  13.2  12.4  12.4  10.9  10.2   8.9   4.9   0.4   0.3   0.4   0.4   0.4   0.4   0.4   0.4   0.3  12.8  13.5  13.4  12.6  11.0  11.0   9.7   8.4   6.7   3.4   0.4   0.3   0.4   0.4   0.4   0.4   0.4   0.3   0.3   0.4   0.4   0.4   0.4   1.7  13.7  14.0  13.9  13.3  12.5  11.8  11.3  10.0   8.8 
A: 21.6 21.7 21.1 21.7 21.5 21.5 21.0 20.4 19.4 17.9 17.6 16.4 15.7 16.2 16.0 15.4 16.1 15.9 15.5 15.7 15.9 15.8 15.8 15.5 22.0 21.9 21.8 21.5 21.8 21.6 21.7 20.9 20.8 19.7 18.9 15.5 15.7 15.9 15.9 15.4 15.7 15.6 15.5 22.1 21.4 21.7 21.3 21.9 21.5 21.4 20.4 19.7 18.6 17.7 15.8 15.4 15.9 15.4 15.8 15.6 15.5 16.1 15.6 16.5 15.9 15.7 15.5 21.5 21.6 21.6 22.0 21.5 21.2 21.1 21.4 20.8 19.9 16.2 16.0 15.5 15.5 15.7 16.1 15.5 16.2 15.7 21.4 21.5 21.6 21.4 21.8 21.6 21.2 20.4 19.3 18.7 15.9 16.2 15.8 15.7 15.5 15.4 16.0 15.6 15.7 21.9 21.4 22.3 21.6 21.8 21.5 20.6 19.8 18.5 17.8 16.2 15.7 15.6 15.6 16.0 15.4 15.8 16.0 15.9 21.4 21.9 21.7 21.3 21.5 21.3 20.3 19.1 18.4 17.2 15.6 15.6 15.2 16.1 15.8 15.7 15.7 16.0 15.6 16.1 15.6 16.0 15.9 15.8 22.0 21.7 21.5 21.2 21.7 21.8 21.6 21.1 20.3 19.4 16.5 15.7 16.2 15.9 15.8 15.6 15.9 15.6 15.4 21.8 21.7 21.8 21.3 21.4 21.1 20.3 20.0 19.0 17.7 16.0 15.8 15.8 15.6 15.6 16.2 16.0 15.8 16.1 16.0 16.0 15.7 15.9 18.6 21.5 21.8 21.8 21.4 21.8 21.6 21.5 21.0 20.9 
B: 43.0 43.5 42.0 42.9 42.2 42.1 41.0 39.1 35.7 31.0 29.2 22.8 21.1 23.4 23.8 22.6 21.7 22.4 22.6 21.3 21.9 22.7 22.3 22.5 44.1 43.3 43.3 42.3 43.4 42.8 43.1 41.2 40.5 37.7 31.7 24.3 22.9 22.1 21.4 21.7 22.4 22.4 20.9 43.8 42.6 43.0 42.0 43.6 42.4 41.8 39.0 37.4 34.2 29.9 22.3 22.1 22.3 23.5 22.6 22.5 21.8 21.5 22.9 22.2 21.8 22.0 21.1 42.5 43.0 42.9 43.4 42.3 41.5 41.9 41.8 40.5 38.1 23.0 24.4 23.7 23.0 22.1 23.7 22.2 21.2 21.4 42.3 42.4 42.5 42.1 43.5 42.5 42.0 39.8 36.2 34.8 23.8 23.7 23.0 21.2 23.1 21.7 22.0 22.5 22.1 44.2 42.2 44.2 42.7 43.0 42.6 39.9 38.1 34.3 31.4 23.4 22.7 23.4 21.8 22.9 22.8 23.0 22.2 22.2 42.2 43.6 43.0 42.0 42.3 42.2 39.0 35.5 33.2 29.8 23.3 22.6 23.5 22.3 21.6 21.4 22.9 23.3 21.5 22.9 21.0 22.9 21.7 22.1 44.2 42.9 42.7 42.1 43.0 43.2 42.7 41.7 39.6 36.6 25.2 23.6 23.6 22.4 22.2 21.6 21.2 22.0 21.7 43.6 43.0 43.9 42.3 42.0 41.8 39.4 38.2 35.6 31.1 23.6 22.3 21.7 22.6 22.5 23.0 22.8 23.4 22.8 23.1 22.7 22.1 22.4 33.6 43.0 43.6 43.0 42.6 43.1 42.8 42.4 41.0 40.3 
Direction:  {44 136} {46 134} {45 135} {42 138} {42 138} {44 136} {42 138} {46 134} {44 136} {42 138} n n n n n n n n n n n n n n {42 138} {42 138} {44 136} {42 138} {42 138} {43 137} {42 138} {43 137} {42 138} {42 138} n n n n n n n n n {43 137} {44 136} {44 136} {43 137} {44 136} {45 135} {41 139} {44 136} {43 137} {41 139} n n n n n n n n n n n n n n {44 136} {42 138} {44 136} {44 136} {46 134} {43 137} {44 136} {44 136} {47 133} {41 139} n n n n n n n n n {45 135} {42 138} {45 135} {43 137} {47 133} {44 136} {41 139} {42 138} {42 138} {47 133} n n n n n n n n n {42 138} {43 137} {43 137} {44 136} {44 136} {44 136} {42 138} {44 136} {41 139} {40 140} n n n n n n n n n {43 137} {43 137} {44 136} {44 136} {46 134} {42 138} {44 136} {42 138} {41 139} {42 138} n n n n n n n n n n n n n n {44 136} {46 134} {43 137} {45 135} {42 138} {43 137} {45 135} {42 138} {42 138} {45 135} n n n n n n n n n {43 137} {44 136} {46 134} {44 136} {43 137} {45 135} {46 134} {42 138} {42 138} n n n n n n n n n n n n n n n {44 136} {46 134} {44 136} {42 138} {44 136} {43 137} {46 134} {42 138} {43 137}

55.5: Count:   5.0 (  5.3) A:  20.7 [14-52] B:  41.9 [14-109] Phase: 100% 139 (12.3) Direction:  {44 136}
Phase: {0,0,0,0,0,0,0,0,0,0,0,0,0,0,0,0,0,0,0,0,0,0,0,0,0,0,0,0,0,0,0,0,0,0,0,0,0,0,0,0,0,0,1,0,1,0,0,0,0,1,0,1,0,2,1,1,0,0,0,1,1,1,1,7,4,1,1,7,5,6,7,5,1,12,8,11,5,4,20,11,15,12,11,12,20,32,40,29,38,28,68,54,76,95,89,82,123,136,128,162,167,208,251,290,300,340,415,515,634,628,760,781,895,1123,1206,1406,1426,1820,2133,2167,2643,2833,3447,3558,4147,4495,5025,5560,6009,6568,6872,7461,7660,8469,8255,9077,8962,9408,9016,9260,9300,9364,9032,8978,8950,8291,7965,7175,7372,6518,6345,5677,5486,5297,4184,4158,3720,3424,2851,2670,2418,1986,1835,1712,1420,1256,1055,985,831,703,592,526,479,456,368,310,311,247,212,142,207,98,111,116,75,65,50,51,42,51,28,32,15,13,14,9,1,16,7,9,14,5,8,3,5,2,1,1,1,0,11,1,1,1,0,1,2,0,2,0,0,0,1,0,0,0,0,0,0,0,0,0,0,0,0,0,0,0,0,0,0,0,0,0,0,0,0,0,0,0,2,0,0,0,0,0,0,0,0,0,0,0,0,0,0,0,0,0,0,0,0,0,0,0,0,0,0,0,0,0,0,0,0,0,0,0,0,0,0,0,0,0,0,0,0,0,0,0,0,0,0,0,0,0,0,0,0,0,0,0,0,0,0,0,0,0,0,0,0,0,0,0,0,0,0,0,0,0,0,0,0,0,0,0,0,0,0,0,0,0,0,0,0,0,0,0,0,0,0,0,0,0,0,0,0,0,0,0,0,0}
Count:   3.3  13.9  12.4  12.4  10.8  10.6   9.0   9.0   6.3   4.5   1.3   0.3   0.2   0.1   0.2   0.2   0.2   0.2   0.2   0.2   0.2   0.2   0.1   0.2   6.7  14.0  13.5  12.8  12.8  11.4  10.7   8.6   8.8   7.6   0.2   0.2   0.3   0.3   0.2   0.2   0.2   0.2   0.1   6.7  14.1  13.3  11.8  12.0  10.4   9.7   8.5   7.7   5.7   0.3   0.2   0.2   0.2   0.2   0.2   0.2   0.2   0.2   0.2   0.3   0.2   0.1   0.2   9.1  13.1  12.6  12.0  11.1  10.5  10.4   9.7   8.9   6.4   0.2   0.2   0.1   0.2   0.2   0.2   0.2   0.2   0.2   9.6  12.5  13.1  12.0  11.1   9.4   9.8   7.4   6.6   4.6   0.3   0.2   0.1   0.2   0.2   0.2   0.2   0.2   0.2   9.6  13.4  12.5  12.0  10.5   9.4   8.8   7.3   6.3   3.9   0.2   0.2   0.2   0.2   0.2   0.3   0.2   0.2   0.2   8.4  13.3  12.2  10.8  10.5   9.9   8.2   6.4   5.6   3.1   0.2   0.1   0.2   0.2   0.2   0.2   0.2   0.2   0.2   0.2   0.2   0.2   0.3   0.2  12.3  13.7  13.1  12.3  11.6  11.2   9.4   9.1   8.1   4.1   0.3   0.2   0.2   0.2   0.2   0.2   0.2   0.2   0.1  12.7  13.0  13.2  11.4  10.3  10.1   9.3   7.2   6.0   2.9   0.2   0.2   0.2   0.2   0.2   0.2   0.2   0.2   0.2   0.2   0.2   0.2   0.3   1.7  13.3  13.7  13.2  12.5  11.5  11.0  10.1   8.7   8.2 
A: 21.1 21.6 20.8 21.0 21.4 21.3 20.5 19.6 18.6 17.4 17.3 16.2 15.8 15.8 15.8 15.5 15.5 15.6 15.2 15.4 15.8 15.8 15.5 15.6 21.6 21.7 21.5 21.3 21.6 21.1 21.2 20.4 20.4 19.3 18.3 15.3 15.4 15.9 16.5 15.1 15.0 15.1 15.7 22.0 21.0 21.3 21.1 21.2 21.2 20.8 19.9 19.1 18.3 17.8 15.5 15.3 15.9 15.6 15.5 15.2 15.7 15.9 15.5 15.5 15.7 15.6 15.6 21.2 21.1 21.0 21.3 21.2 21.0 21.1 20.3 20.2 19.2 15.2 15.4 15.2 15.4 15.0 15.2 15.1 15.4 15.6 21.0 21.2 21.1 21.4 21.2 20.6 20.9 20.1 19.0 18.3 15.4 15.5 15.5 15.7 15.0 15.3 15.3 15.6 15.5 21.6 20.9 21.6 21.4 21.3 21.0 20.0 19.0 18.2 17.1 15.7 15.5 15.8 15.2 15.2 15.5 15.4 15.4 15.2 21.5 21.6 21.0 20.9 20.9 21.0 19.8 18.7 17.8 16.7 15.5 15.5 15.0 16.1 15.8 15.4 15.6 15.5 15.0 15.2 15.2 15.2 15.8 15.1 21.5 21.1 21.1 21.0 21.2 21.5 21.3 20.5 19.8 19.0 16.1 15.5 15.3 15.5 15.2 15.1 16.0 15.5 15.8 21.3 21.2 21.4 21.1 21.1 20.7 20.5 19.3 18.3 17.3 15.4 15.5 15.5 14.9 15.0 16.2 15.6 15.1 15.3 15.1 15.3 15.4 15.6 19.3 21.0 21.2 21.5 21.2 21.4 21.3 21.2 20.8 20.2 
B: 43.8 44.7 42.5 42.9 43.5 43.3 41.3 39.0 35.6 31.7 31.7 26.5 23.5 23.9 24.1 23.1 23.3 24.3 23.7 23.1 24.7 24.2 24.7 26.3 44.4 44.3 44.1 43.2 43.9 43.1 43.3 40.9 40.9 38.2 32.2 23.6 24.4 24.3 27.2 24.8 24.1 24.2 23.5 45.6 43.2 43.4 42.9 43.4 43.1 42.6 39.5 38.2 35.1 31.3 25.5 22.4 25.5 24.0 22.8 25.2 25.1 23.5 24.9 25.6 23.0 23.1 24.7 43.2 43.1 42.9 43.8 43.2 42.8 42.9 41.3 40.9 38.3 21.9 26.4 25.8 25.3 23.4 24.2 24.1 22.7 23.1 43.2 43.5 42.9 43.8 43.4 41.5 42.6 40.4 37.3 35.0 25.3 23.7 24.2 25.4 25.6 22.6 24.4 24.7 23.1 44.6 42.7 44.1 43.5 43.2 42.3 40.8 38.3 35.6 31.8 23.9 22.4 24.2 24.0 22.7 24.4 24.5 23.7 23.1 44.0 44.5 42.7 42.4 42.6 42.5 39.7 36.3 33.6 31.3 24.2 23.3 24.4 24.2 22.3 22.0 24.7 23.5 22.9 22.3 23.2 22.4 22.9 25.4 44.3 43.4 43.5 42.9 43.1 44.0 42.9 41.2 39.9 37.2 25.2 23.6 24.4 27.2 23.9 25.1 24.0 26.0 24.2 44.3 43.7 43.9 43.4 42.8 42.5 41.6 38.4 35.6 31.7 25.5 24.3 23.4 24.2 22.8 24.6 24.1 23.5 21.8 24.0 22.5 23.1 24.3 38.3 43.1 43.6 44.0 42.9 43.3 43.1 43.0 41.9 40.5 
Direction:  {42 138} {44 136} {44 136} {44 136} {44 136} {44 136} {43 137} {42 138} {43 137} {43 137} n n n n n n n n n n n n n n {43 137} {45 135} {44 136} {45 135} {44 136} {45 135} {45 135} {43 137} {45 135} {44 136} n n n n n n n n n {46 134} {44 136} {46 134} {43 137} {43 137} {44 136} {44 136} {44 136} {44 136} {43 137} n n n n n n n n n n n n n n {43 137} {44 136} {45 135} {45 135} {45 135} {44 136} {44 136} {43 137} {44 136} {46 134} n n n n n n n n n {45 135} {45 135} {43 137} {44 136} {44 136} {45 135} {46 134} {45 135} {42 138} {45 135} n n n n n n n n n {45 135} {44 136} {45 135} {46 134} {42 138} {43 137} {46 134} {44 136} {41 139} {43 137} n n n n n n n n n {46 134} {45 135} {44 136} {45 135} {45 135} {43 137} {43 137} {44 136} {42 138} {45 135} n n n n n n n n n n n n n n {45 135} {44 136} {43 137} {44 136} {44 136} {44 136} {42 138} {45 135} {46 134} {44 136} n n n n n n n n n {42 138} {45 135} {44 136} {45 135} {46 134} {42 138} {43 137} {43 137} {43 137} {42 138} n n n n n n n n n n n n n n {44 136} {44 136} {43 137} {44 136} {44 136} {42 138} {44 136} {46 134} {44 136}

55.6: Count:   4.7 (  5.0) A:  20.3 [14-49] B:  41.4 [14-112] Phase: 100% 139 (12.1) Direction:  {44 136}
Phase: {0,0,0,0,0,0,0,0,0,0,0,0,0,0,0,0,0,0,0,0,0,0,0,0,0,0,0,0,0,0,0,0,0,0,0,0,0,0,0,0,0,0,0,0,0,0,1,0,0,0,0,0,0,0,1,0,1,3,0,0,0,0,0,0,0,1,0,3,4,0,0,2,1,3,0,2,1,7,1,5,7,7,7,3,14,7,17,11,17,14,34,33,28,36,50,52,67,87,111,124,121,134,182,194,203,274,287,380,410,451,552,604,672,857,965,1160,1187,1749,1712,1861,2397,2635,3045,3363,3877,4257,5024,5390,5851,6555,6763,7268,7516,8099,8279,8759,8673,9055,8685,9017,8659,8877,8631,8448,8348,8004,7524,7122,7074,6348,6046,5486,5177,4995,3753,4049,3429,3141,2594,2434,2113,1742,1664,1529,1146,1032,853,833,613,532,496,401,319,243,225,208,161,136,125,105,145,55,37,64,58,50,29,28,19,18,19,11,15,12,3,9,2,7,2,2,1,2,0,0,0,3,0,0,1,2,0,0,0,0,1,0,0,0,0,0,0,0,0,0,0,0,0,0,0,0,1,0,0,0,0,0,0,0,0,0,0,0,0,0,0,0,0,0,0,0,0,0,0,0,0,0,0,0,0,0,0,0,0,0,0,0,0,0,0,0,0,0,0,0,0,0,0,0,0,0,0,0,0,0,0,0,0,0,0,0,0,0,0,0,0,0,0,0,0,0,0,0,0,0,0,0,0,0,0,0,0,0,0,0,0,0,0,0,0,0,0,0,0,0,0,0,0,0,0,0,0,0,0,0,0,0,0,0,0,0,0,0,0,0,0,0,0,0,0,0,0,0,0,0,0,0,0,0,0,0}
Count:   3.4  13.1  11.8  11.7  10.6   9.7   8.2   8.2   5.8   3.6   1.0   0.2   0.2   0.2   0.2   0.1   0.1   0.2   0.2   0.1   0.2   0.1   0.2   0.1   6.9  13.4  12.8  12.5  12.2  10.4  10.1   7.8   8.4   6.4   0.2   0.2   0.2   0.1   0.1   0.2   0.2   0.1   0.2   6.7  13.2  12.7  11.0  11.4   9.5   9.1   8.0   7.3   4.7   0.3   0.2   0.2   0.1   0.1   0.1   0.2   0.2   0.2   0.1   0.2   0.1   0.2   0.1   8.8  12.1  11.8  11.5  10.9   9.4  10.3   8.8   8.1   5.9   0.2   0.2   0.1   0.2   0.2   0.2   0.1   0.1   0.1   9.3  12.1  12.5  11.7  10.5   8.9   9.3   6.8   5.7   4.2   0.2   0.2   0.2   0.1   0.1   0.2   0.2   0.2   0.2   9.6  12.8  11.4  11.6   9.8   8.6   8.0   6.5   5.4   3.3   0.2   0.2   0.2   0.2   0.1   0.1   0.2   0.1   0.2   7.8  13.0  11.3  10.4   9.9   9.0   7.1   5.4   4.6   2.7   0.2   0.1   0.2   0.2   0.1   0.1   0.2   0.2   0.2   0.1   0.1   0.1   0.2   0.2  11.8  13.0  12.5  11.5  10.9  10.5   8.6   8.2   7.7   3.6   0.1   0.2   0.2   0.2   0.2   0.1   0.2   0.2   0.1  12.2  12.6  12.4  10.6   9.6   9.0   8.3   6.6   5.1   2.2   0.2   0.2   0.2   0.2   0.1   0.2   0.1   0.2   0.1   0.1   0.1   0.2   0.2   1.4  12.9  13.4  12.3  11.7  10.8  10.5   9.1   8.0   7.4 
A: 20.8 21.2 19.9 20.1 21.0 21.1 19.9 19.1 18.1 16.8 17.0 16.0 15.5 15.5 16.2 15.3 15.0 15.4 14.8 15.0 15.7 15.2 15.2 15.3 21.8 21.0 21.0 20.6 20.8 21.0 20.6 20.3 20.0 18.9 19.8 15.9 15.4 15.1 15.5 15.8 15.4 14.8 15.8 21.1 21.0 20.8 20.6 20.4 20.7 20.8 19.2 18.8 17.5 18.2 15.5 14.8 15.1 15.3 15.0 15.5 15.1 15.2 15.3 15.5 15.6 15.7 15.8 20.9 20.6 20.9 20.8 20.8 20.5 21.0 20.0 19.9 19.0 15.1 15.5 15.5 15.0 15.1 15.4 15.4 14.5 14.7 20.6 21.0 20.5 20.9 21.0 20.2 20.4 19.3 18.5 17.9 15.8 15.5 15.1 15.5 15.0 15.7 14.9 15.1 15.6 21.6 20.5 21.2 21.2 20.6 20.5 19.8 18.8 17.4 16.8 15.4 15.1 15.2 15.1 14.6 15.6 15.4 15.3 15.1 21.8 21.0 20.7 20.2 20.3 20.4 19.7 18.2 17.4 16.5 15.2 15.0 15.4 15.8 14.6 14.7 15.5 15.5 14.9 15.2 15.2 15.3 14.7 15.8 21.2 20.8 20.7 20.6 20.6 20.5 20.6 20.0 19.2 18.4 15.1 15.0 14.8 15.3 15.0 15.3 14.9 15.8 15.2 21.0 20.8 21.1 20.3 20.5 20.2 20.0 18.6 17.7 17.0 15.4 14.9 15.3 15.2 15.7 15.5 15.1 15.3 16.0 15.3 15.5 15.9 15.5 19.3 20.7 20.8 20.8 20.6 20.7 20.8 20.5 20.3 19.6 
B: 43.9 44.4 41.1 41.6 43.2 43.4 40.3 38.5 35.6 31.3 31.3 25.7 24.9 21.4 25.2 22.8 23.1 23.8 23.7 22.5 26.7 24.7 24.0 24.9 45.5 43.4 43.0 42.3 42.5 42.9 42.3 41.0 40.4 37.7 39.0 25.9 23.1 25.8 24.1 24.6 28.0 24.6 24.3 44.4 43.3 42.8 42.1 42.4 42.5 42.5 38.6 37.3 33.4 31.8 27.0 22.6 25.8 24.8 24.5 23.9 24.0 21.9 24.5 24.6 24.5 22.0 27.1 43.4 42.3 43.4 43.2 43.1 42.0 43.0 40.8 40.4 38.7 24.1 27.4 24.5 24.2 22.9 24.3 27.2 21.1 28.1 42.8 43.2 42.1 43.0 43.2 41.0 41.8 39.0 36.6 34.5 25.1 25.4 23.4 25.8 22.5 23.6 24.7 23.2 24.4 45.0 42.2 43.7 43.5 42.5 41.9 40.0 37.9 33.8 31.7 24.8 22.1 22.9 23.4 23.0 27.9 24.3 23.5 25.0 45.4 43.3 42.5 41.5 41.2 41.9 39.5 35.7 33.4 30.0 23.9 25.3 24.4 23.6 21.7 22.6 23.7 24.3 23.4 25.7 23.4 23.0 24.8 25.3 43.9 43.3 42.7 42.6 42.3 42.5 42.4 40.3 38.7 36.5 23.0 24.1 21.0 25.8 23.1 24.4 23.3 27.1 25.2 43.7 43.2 43.6 41.7 42.2 41.1 40.6 37.0 34.4 31.3 24.0 25.4 22.2 24.3 24.2 26.7 26.5 24.2 27.9 26.2 23.9 26.4 25.3 38.5 42.9 43.4 42.8 42.0 42.3 42.4 42.0 41.0 39.9 
Direction:  {43 137} {44 136} {44 136} {44 136} {44 136} {43 137} {44 136} {43 137} {44 136} {44 136} n n n n n n n n n n n n n n {43 137} {43 137} {44 136} {46 134} {44 136} {42 138} {44 136} {42 138} {43 137} {42 138} n n n n n n n n n {46 134} {44 136} {44 136} {43 137} {46 134} {46 134} {43 137} {43 137} {45 135} {42 138} n n n n n n n n n n n n n n {43 137} {42 138} {43 137} {43 137} {46 134} {44 136} {46 134} {45 135} {46 134} {45 135} n n n n n n n n n {43 137} {45 135} {45 135} {46 134} {45 135} {43 137} {44 136} {43 137} {46 134} {43 137} n n n n n n n n n {42 138} {43 137} {43 137} {43 137} {43 137} {43 137} {44 136} {44 136} {41 139} {41 139} n n n n n n n n n {44 136} {44 136} {43 137} {43 137} {45 135} {45 135} {43 137} {43 137} {44 136} n n n n n n n n n n n n n n n {43 137} {45 135} {44 136} {46 134} {44 136} {43 137} {43 137} {44 136} {44 136} {43 137} n n n n n n n n n {43 137} {42 138} {44 136} {45 135} {44 136} {43 137} {43 137} {43 137} {42 138} n n n n n n n n n n n n n n n {43 137} {44 136} {44 136} {44 136} {45 135} {45 135} {43 137} {46 134} {45 135}

55.7: Count:   4.4 (  4.7) A:  19.9 [14-50] B:  40.0 [14-104] Phase: 100% 139 (12.1) Direction:  {44 136}
Phase: {0,0,0,0,0,0,0,0,0,0,0,0,0,0,0,0,0,0,0,0,0,0,0,0,1,0,0,0,0,0,1,0,0,0,0,0,4,0,1,3,0,2,0,4,2,5,0,0,0,8,2,2,3,5,4,7,0,4,6,12,6,5,8,17,2,12,7,11,12,12,11,6,23,21,16,19,13,21,34,23,27,41,35,39,49,62,106,64,68,72,116,84,106,112,157,139,142,212,216,249,293,309,349,419,382,420,515,620,652,691,838,1006,1069,1165,1259,1469,1456,1862,1977,2244,2450,2606,2999,3217,3491,3777,4385,4806,5045,5747,5858,6539,6531,7315,7301,7911,7844,8358,7953,8293,8162,7974,7964,7734,7687,6931,6681,6219,6062,5521,5148,4592,4364,4046,3325,3218,2776,2684,2392,2180,1910,1593,1685,1417,1189,1183,927,837,737,670,610,534,478,441,362,319,303,273,233,168,230,163,140,103,106,80,96,58,97,76,43,47,38,49,24,34,33,31,23,19,11,11,13,6,7,11,9,7,2,0,6,0,3,0,5,3,5,2,0,2,0,2,2,2,0,2,0,0,0,0,0,0,2,0,0,0,0,0,0,0,0,0,0,0,0,0,0,0,0,0,0,0,0,0,0,0,0,0,0,0,0,0,0,0,0,0,0,0,0,0,0,0,0,0,0,0,0,0,0,0,0,0,0,0,0,0,0,0,0,0,0,0,0,0,0,0,0,0,0,0,0,0,0,0,0,0,0,0,0,0,0,0,0,0,0,0,0,0,0,0,0,0,0,0,0,0,0,0,0,0,0,0,0,0,0,0,0,0,0,0,0,0,0,0,0,0,0,0,0,0,0,0,0,0,0,0,0,0,0,0}
Count:   3.3  12.1  10.9  10.8   9.6   9.1   7.6   7.2   4.7   3.0   0.8   0.2   0.2   0.1   0.3   0.2   0.1   0.2   0.3   0.1   0.2   0.2   0.2   0.2   6.6  12.6  11.9  11.6  10.8   9.9   9.2   7.9   7.8   5.8   0.2   0.2   0.1   0.2   0.1   0.2   0.2   0.2   0.2   6.5  12.7  11.5  10.9  10.9   8.7   8.3   7.5   6.7   3.9   0.3   0.2   0.1   0.2   0.1   0.1   0.1   0.1   0.2   0.1   0.1   0.2   0.2   0.2   8.3  11.5  11.3  10.6  10.3   8.8   9.6   8.1   7.5   5.1   0.2   0.2   0.1   0.1   0.3   0.2   0.1   0.1   0.2   8.5  11.3  11.8  10.6  10.0   8.6   8.7   6.5   5.4   3.9   0.2   0.2   0.2   0.2   0.1   0.1   0.1   0.2   0.1   9.4  12.3  10.9  10.8   9.5   7.8   7.1   6.5   5.1   2.9   0.2   0.2   0.2   0.1   0.2   0.2   0.2   0.1   0.2   7.8  12.2  10.6  10.1   8.9   8.5   6.4   4.8   4.3   2.1   0.2   0.1   0.2   0.1   0.1   0.1   0.2   0.1   0.2   0.1   0.1   0.1   0.2   0.1  11.5  12.1  11.7  11.0  10.4   9.8   8.3   7.6   6.9   3.5   0.2   0.2   0.1   0.2   0.2   0.1   0.2   0.2   0.1  11.4  12.1  11.5   9.8   9.7   8.5   7.6   5.8   4.8   2.1   0.2   0.2   0.2   0.2   0.2   0.2   0.1   0.1   0.2   0.2   0.2   0.1   0.2   1.6  12.4  12.7  11.2  10.7  10.0  10.0   8.7   7.3   6.6 
A: 20.4 20.7 19.6 20.0 20.4 20.9 19.2 18.8 18.0 16.5 16.2 15.6 15.8 15.6 15.2 15.3 15.6 15.7 15.3 15.6 15.3 15.2 15.5 15.4 21.2 20.2 20.8 20.2 20.1 20.0 19.9 20.2 19.2 18.3 19.5 15.8 15.5 15.4 15.1 15.7 15.3 15.3 15.7 21.0 20.4 19.8 20.2 19.9 20.2 20.0 18.7 18.5 16.9 18.3 15.9 15.3 15.3 15.1 15.5 15.3 15.4 16.0 15.3 15.1 15.1 15.5 15.2 20.4 20.5 20.1 20.3 20.5 20.0 19.9 19.6 19.5 18.8 15.4 15.7 15.3 15.1 15.2 15.3 15.5 15.0 15.1 20.0 20.5 20.2 20.5 20.3 19.5 19.8 18.7 18.2 17.2 15.4 15.5 15.7 15.0 15.6 15.5 15.4 15.3 15.4 20.9 20.5 20.2 20.6 19.9 19.7 19.6 19.0 17.6 16.6 15.5 15.4 15.5 15.6 15.1 15.1 15.3 15.3 15.3 21.0 20.2 20.1 20.1 19.7 20.0 19.2 17.8 17.4 16.3 15.6 15.2 15.1 14.9 15.6 15.9 15.8 15.1 15.3 15.0 15.4 15.2 15.6 15.4 20.7 20.2 20.2 20.0 19.9 20.2 20.0 19.3 18.5 18.2 15.9 15.2 15.0 16.0 15.6 15.1 15.2 16.0 15.8 20.1 20.5 20.5 20.1 19.8 19.7 19.5 18.3 17.4 17.0 15.6 15.8 15.0 14.9 15.1 15.2 15.9 15.1 15.5 15.2 15.2 15.2 15.2 19.1 20.3 20.3 20.2 20.2 20.4 20.4 19.9 19.5 19.1 
B: 42.4 42.8 39.8 41.0 41.6 42.5 38.4 37.5 34.4 29.7 27.4 26.0 22.8 22.8 24.3 25.3 21.2 20.8 23.4 20.7 24.0 21.4 22.6 24.1 44.2 41.2 42.4 41.1 40.8 40.2 40.5 40.7 38.3 36.0 34.8 23.4 23.5 24.7 23.2 22.7 24.8 24.9 22.2 43.6 42.2 40.5 41.3 40.9 40.8 40.5 37.7 36.6 31.3 30.4 25.4 22.5 23.5 24.5 21.7 24.3 21.6 22.9 25.0 24.6 22.8 22.5 23.8 42.0 41.8 41.2 41.1 42.0 40.9 40.5 39.6 39.4 37.3 23.8 24.8 23.8 24.4 22.6 22.8 22.3 23.1 23.5 41.5 42.1 41.2 41.8 41.4 39.3 40.5 37.0 35.1 32.2 25.4 23.6 22.4 22.6 21.8 23.7 23.1 22.2 21.4 42.9 42.2 40.8 41.6 40.4 39.3 39.4 37.8 33.5 31.1 25.1 24.2 24.1 24.4 22.9 25.5 21.0 24.0 21.7 43.5 41.7 41.1 40.9 39.6 40.4 37.9 34.2 33.3 29.0 22.9 22.9 23.4 23.3 22.6 22.2 24.2 24.4 23.1 21.6 21.9 23.8 24.2 25.7 43.1 41.8 41.4 41.1 40.5 41.2 40.7 38.5 36.8 35.2 26.8 22.7 21.6 24.0 22.8 23.5 24.1 25.5 24.6 41.7 42.2 42.3 40.8 40.5 39.2 38.9 35.6 33.2 30.3 21.7 23.1 22.4 24.2 22.0 22.4 25.4 20.0 21.7 26.5 21.6 22.1 22.9 38.7 41.5 41.3 41.3 41.5 41.2 41.5 40.7 39.4 38.4 
Direction:  {44 136} {43 137} {44 136} {44 136} {43 137} {43 137} {44 136} {44 136} {44 136} {44 136} n n n n n n n n n n n n n n {43 137} {44 136} {43 137} {43 137} {43 137} {43 137} {43 137} {45 135} {41 139} {43 137} n n n n n n n n n {43 137} {43 137} {43 137} {43 137} {43 137} {44 136} {43 137} {44 136} {44 136} {41 139} n n n n n n n n n n n n n n {43 137} {44 136} {44 136} {45 135} {44 136} {43 137} {44 136} {44 136} {42 138} {42 138} n n n n n n n n n {44 136} {45 135} {44 136} {44 136} {42 138} {45 135} {43 137} {42 138} {43 137} {45 135} n n n n n n n n n {44 136} {43 137} {43 137} {44 136} {43 137} {43 137} {44 136} {43 137} {45 135} {46 134} n n n n n n n n n {45 135} {44 136} {44 136} {43 137} {44 136} {44 136} {43 137} {45 135} {42 138} n n n n n n n n n n n n n n n {43 137} {44 136} {44 136} {44 136} {44 136} {43 137} {43 137} {44 136} {46 134} {43 137} n n n n n n n n n {44 136} {43 137} {43 137} {44 136} {43 137} {43 137} {43 137} {42 138} {43 137} n n n n n n n n n n n n n n n {44 136} {43 137} {43 137} {43 137} {45 135} {45 135} {44 136} {43 137} {41 139}

55.8: Count:   4.2 (  4.4) A:  19.3 [14-49] B:  37.9 [14-103] Phase: 100% 138 (14.7) Direction:  {43 137}
Phase: {4,1,0,2,0,4,3,5,6,0,1,1,0,2,0,2,2,3,3,1,2,6,4,0,11,7,3,6,12,3,5,5,5,4,13,13,15,14,12,9,13,19,29,21,26,33,23,36,35,39,33,40,36,46,66,30,66,55,59,56,90,54,61,91,55,91,85,72,90,107,113,59,98,129,91,101,114,97,127,158,132,122,158,161,137,139,260,215,221,191,281,257,276,280,284,317,416,394,436,487,434,532,577,633,651,756,816,1026,1025,1026,1195,1331,1459,1524,1649,1826,1842,2292,2567,2591,2867,3090,3421,3565,3804,4072,4411,4681,4756,5202,5280,5717,5631,6052,5927,6443,6099,6577,6244,6456,6207,6452,6032,5897,5791,5388,5311,5098,4897,4509,4597,3893,4061,3854,3214,3061,2874,2565,2416,2227,2057,1709,1789,1612,1460,1241,1197,1156,869,845,810,757,703,555,564,418,469,391,385,311,404,224,202,208,202,162,160,158,127,111,107,119,90,92,84,82,76,74,57,35,38,35,48,45,37,27,25,29,25,24,22,9,18,20,23,16,10,9,12,7,6,4,9,7,1,7,1,2,4,0,2,0,5,2,11,0,1,0,1,1,1,0,0,1,1,0,1,1,0,0,0,0,0,2,0,0,0,0,1,0,0,0,0,0,0,0,0,0,0,0,0,1,0,0,0,0,0,0,0,0,0,1,0,0,0,0,0,0,0,0,0,0,0,0,0,0,0,0,0,0,0,0,0,0,0,0,0,0,0,0,0,0,0,0,0,0,0,0,0,0,0,0,0,0,0,0,0,0,0,0,0,0,0,0,0,0,1,0,0,0,0,0,1,0,0,0,0,0,0,0,0,0,0,0,0,0,0,1,0,0}
Count:   3.1  11.4  10.7  10.3   9.2   8.5   7.0   6.6   5.1   3.1   0.8   0.3   0.2   0.2   0.2   0.2   0.2   0.3   0.2   0.2   0.3   0.1   0.1   0.2   6.2  11.8  11.3  11.3  10.4   9.4   8.9   7.8   7.5   5.6   0.3   0.2   0.2   0.2   0.1   0.2   0.2   0.2   0.2   6.0  11.7  10.8  10.2   9.8   8.1   8.0   7.0   6.1   3.6   0.3   0.2   0.2   0.2   0.2   0.2   0.1   0.2   0.2   0.2   0.2   0.2   0.2   0.2   8.1  10.9  10.6   9.8   9.7   8.3   9.3   7.4   6.8   4.5   0.2   0.2   0.2   0.2   0.2   0.2   0.2   0.2   0.2   8.1  10.6  10.9  10.0   9.4   8.5   8.4   5.8   5.4   3.4   0.3   0.2   0.2   0.2   0.2   0.2   0.2   0.2   0.2   8.4  11.2   9.9  10.5   8.6   7.8   6.6   5.7   4.5   2.4   0.3   0.2   0.3   0.2   0.3   0.2   0.2   0.2   0.2   7.4  11.9   9.9   9.3   8.5   7.3   6.0   4.7   3.6   1.8   0.3   0.2   0.2   0.2   0.2   0.2   0.2   0.3   0.4   0.2   0.2   0.2   0.2   0.2  11.5  11.3  11.2  10.6   9.9   9.0   7.9   7.4   6.8   3.2   0.3   0.2   0.2   0.2   0.2   0.2   0.2   0.2   0.2  10.5  11.2  10.9   9.6   9.2   7.6   7.3   5.3   4.4   2.0   0.3   0.3   0.2   0.3   0.2   0.2   0.2   0.1   0.2   0.2   0.2   0.2   0.2   2.0  11.6  11.8  10.5  10.3   9.7   9.0   8.1   7.1   6.1 
B: 38.8 40.5 38.8 38.2 39.5 39.9 36.8 34.9 31.6 27.3 24.6 23.1 20.0 21.6 22.3 21.9 22.9 20.6 21.0 21.5 22.8 20.5 21.7 20.3 42.2 38.6 39.1 39.9 38.2 38.2 39.7 39.0 37.0 34.5 28.4 21.2 22.5 22.4 21.0 21.9 19.6 20.1 20.0 42.0 39.7 39.6 38.7 38.1 40.3 38.6 36.6 34.2 29.6 30.2 21.2 22.6 20.7 22.4 21.2 21.2 20.5 20.5 21.5 20.0 21.3 21.8 22.2 39.3 39.1 39.1 38.9 39.4 39.0 38.6 36.8 37.4 35.5 20.7 22.1 21.2 21.9 22.8 20.7 20.2 21.0 22.0 39.8 39.0 39.5 39.0 39.1 38.1 38.2 34.3 33.5 30.3 21.2 20.3 20.4 23.7 23.0 21.4 20.7 21.8 21.4 41.5 39.5 39.2 40.6 38.4 37.3 36.1 35.1 30.7 29.0 24.7 23.3 21.5 20.1 21.0 21.0 19.7 21.7 22.1 41.6 39.4 38.8 38.6 38.1 37.2 36.5 32.4 30.6 26.3 21.4 23.4 20.7 20.8 19.5 20.5 21.4 21.1 20.4 22.9 21.4 19.9 22.5 22.3 40.8 39.2 39.7 39.0 39.3 39.7 38.5 37.5 36.0 33.0 22.9 22.5 21.4 21.6 21.7 20.0 22.1 20.0 22.4 39.7 40.2 39.8 39.6 37.9 37.8 36.4 33.0 30.9 29.7 22.0 22.2 19.8 21.5 22.2 22.0 21.2 21.1 22.0 21.5 21.9 20.7 22.3 38.7 39.8 40.2 38.9 39.0 39.3 38.1 37.5 37.5 36.2 
Direction:  {45 135} {42 138} {44 136} {44 136} {42 138} {41 139} {42 138} {44 136} {44 136} n n n n n n n n n n n n n n n {45 135} {43 137} {43 137} {43 137} {44 136} {44 136} {45 135} {44 136} {44 136} {43 137} n n n n n n n n n {43 137} {44 136} {43 137} {44 136} {43 137} {42 138} {44 136} {42 138} {44 136} {43 137} n n n n n n n n n n n n n n {42 138} {44 136} {46 134} {44 136} {42 138} {44 136} {44 136} {42 138} {43 137} {41 139} n n n n n n n n n {42 138} {44 136} {44 136} {45 135} {44 136} {44 136} {46 134} {44 136} {43 137} {43 137} n n n n n n n n n {44 136} {43 137} {44 136} {42 138} {44 136} {44 136} {46 134} {43 137} {41 139} n n n n n n n n n n {42 138} {45 135} {43 137} {44 136} {42 138} {43 137} {44 136} {46 134} {41 139} n n n n n n n n n n n n n n n {42 138} {41 139} {42 138} {42 138} {43 137} {45 135} {42 138} {43 137} {42 138} {45 135} n n n n n n n n n {44 136} {42 138} {42 138} {41 139} {42 138} {41 139} {44 136} {43 137} {45 135} n n n n n n n n n n n n n n n {42 138} {44 136} {43 137} {43 137} {44 136} {44 136} {42 138} {42 138} {42 138}

55.9: Count:   4.1 (  4.1) A:  19.0 [14-49] B:  35.5 [14-98] Phase: 100% 137 (17.0) Direction:  {43 137}
Phase: {54,23,10,13,51,20,21,6,47,31,20,38,53,32,30,38,43,66,33,18,43,42,28,43,45,62,19,47,51,47,69,45,44,68,62,78,98,91,87,99,78,112,97,105,101,121,122,99,160,133,115,177,149,165,172,161,144,187,184,172,236,176,219,210,184,288,213,270,194,272,249,209,254,309,219,255,296,338,307,353,328,349,388,424,374,416,487,519,454,481,702,486,573,668,637,689,798,823,838,874,936,1031,955,1123,1132,1277,1347,1415,1529,1302,1555,1653,1694,1728,1825,2129,1965,2248,2329,2466,2641,2899,3199,3213,3465,3620,3841,4268,4260,4651,4704,4899,4867,5148,4968,5408,4889,5253,4887,5296,4740,5012,4773,4684,4632,4419,4430,4149,4291,3795,3976,3683,3447,3099,2655,2816,2456,2446,2213,1960,1701,1558,1747,1451,1353,1230,1150,1070,1000,951,854,839,770,632,702,658,596,606,615,402,541,434,454,420,371,308,332,317,284,247,225,249,192,187,174,187,181,159,154,114,118,117,117,104,105,78,81,80,81,56,55,63,47,49,41,45,57,36,19,39,28,16,14,12,32,13,18,15,23,12,13,4,8,9,5,8,4,3,7,1,4,0,2,5,4,7,0,3,0,5,2,2,1,3,1,2,0,0,0,1,0,1,2,0,0,0,1,0,0,0,1,0,2,0,0,0,0,0,0,0,0,0,0,0,0,0,1,0,0,1,0,1,0,0,0,0,0,0,0,0,3,0,0,0,0,0,0,0,0,0,0,0,0,0,0,0,0,0,0,0,0,0,0,0,0,3,0,0,3,0,0,2,2,0,1,3,1,0,1,6,4,1,1,6,2,4,1,7,10,8,5,11,19,3,14,10,39,6,4,11}
Count:   3.3  10.9   9.9   9.7   9.1   8.4   6.7   6.4   5.0   3.3   0.6   0.3   0.4   0.4   0.3   0.3   0.3   0.3   0.4   0.3   0.4   0.3   0.3   0.3   6.2  10.8  10.7  10.8  10.1   9.1   8.3   8.0   7.4   5.4   0.3   0.3   0.4   0.3   0.3   0.4   0.3   0.2   0.4   5.9  11.0  10.4   9.9   8.7   8.1   7.4   7.0   5.7   3.9   0.4   0.4   0.3   0.3   0.4   0.3   0.3   0.3   0.3   0.3   0.3   0.3   0.3   0.3   7.8  10.1  10.4   9.6   9.2   8.2   9.2   7.2   6.5   4.8   0.4   0.3   0.2   0.3   0.2   0.4   0.3   0.3   0.3   7.7  10.3  10.3   9.3   8.7   8.3   8.0   5.8   5.1   3.3   0.4   0.3   0.3   0.3   0.3   0.4   0.3   0.3   0.3   8.1  10.6   9.6  10.1   8.1   7.6   7.0   5.9   4.4   2.5   0.4   0.3   0.3   0.3   0.3   0.2   0.3   0.5   0.4   7.4  11.1   9.4   8.9   8.5   7.2   5.6   5.1   3.6   1.9   0.4   0.3   0.2   0.3   0.3   0.3   0.3   0.3   0.3   0.3   0.4   0.3   0.3   0.3  10.8  10.6  10.4  10.1   9.7   8.6   8.0   7.1   6.4   3.2   0.4   0.3   0.3   0.3   0.4   0.4   0.3   0.4   0.2   9.8  10.8  10.4   9.3   9.0   7.3   6.8   5.0   4.4   2.2   0.4   0.3   0.3   0.5   0.3   0.4   0.4   0.4   0.3   0.3   0.3   0.3   0.3   2.1  11.1  11.5  10.1   9.7   9.6   9.1   7.7   6.6   6.1 
B: 37.1 38.4 36.9 36.6 36.8 37.3 35.0 33.3 30.3 26.3 23.3 20.5 20.3 19.4 20.2 20.5 19.4 20.6 20.0 20.6 20.9 18.5 19.3 19.8 39.8 35.9 36.5 37.7 35.8 36.5 37.4 36.7 36.2 32.7 21.9 19.7 19.5 19.4 18.9 20.7 20.1 19.8 19.2 39.3 38.0 37.3 37.2 36.1 36.1 36.4 34.5 32.5 28.5 23.6 19.0 19.9 19.9 19.9 19.2 19.9 20.3 20.2 21.4 18.7 19.4 19.8 20.4 37.4 36.6 37.4 35.8 36.6 36.2 36.6 35.0 34.8 32.6 19.8 19.8 20.2 19.7 20.5 20.6 20.8 19.4 20.4 38.0 37.8 37.3 36.4 36.9 36.2 36.6 32.7 31.5 29.1 20.4 21.5 18.9 19.7 18.2 18.5 18.2 19.0 20.8 39.7 36.9 36.3 37.8 36.0 35.3 34.6 34.2 29.5 26.1 22.2 20.3 19.9 19.9 21.4 21.6 20.2 20.0 19.0 39.4 37.3 35.6 35.9 36.8 34.4 34.1 31.2 28.1 24.4 21.3 20.7 18.9 19.1 19.8 19.7 20.5 20.1 19.5 18.0 21.0 18.6 19.5 19.9 37.5 37.8 37.3 36.6 36.5 36.4 36.7 35.5 33.6 30.5 20.1 19.3 20.4 19.7 19.8 19.2 19.1 19.5 20.1 37.9 36.9 37.3 37.5 36.8 35.9 35.3 31.6 29.6 27.1 19.1 19.0 18.5 19.2 18.9 20.1 19.6 19.1 20.6 19.3 18.8 19.1 20.5 35.3 38.5 38.6 36.0 37.0 37.2 36.7 36.6 34.9 34.1 
Direction:  {42 138} {42 138} {42 138} {43 137} {44 136} {43 137} {42 138} {42 138} {42 138} n n n n n n n n n n n n n n n {43 137} {43 137} {42 138} {44 136} {44 136} {42 138} {43 137} {42 138} {43 137} {43 137} n n n n n n n n n {42 138} {42 138} {41 139} {42 138} {41 139} {44 136} {46 134} {41 139} {42 138} {39 141} n n n n n n n n n n n n n n {42 138} {45 135} {41 139} {42 138} {44 136} {45 135} {42 138} {46 134} {44 136} {43 137} n n n n n n n n n {42 138} {41 139} {43 137} {41 139} {42 138} {41 139} {47 133} {42 138} {42 138} n n n n n n n n n n {44 136} {45 135} {41 139} {43 137} {41 139} {42 138} {45 135} {43 137} {43 137} n n n n n n n n n n {42 138} {44 136} {42 138} {42 138} {41 139} {45 135} {42 138} {41 139} n n n n n n n n n n n n n n n n {41 139} {42 138} {44 136} {43 137} {41 139} {42 138} {40 140} {45 135} {45 135} n n n n n n n n n n {41 139} {43 137} {43 137} {42 138} {44 136} {41 139} {43 137} {44 136} {41 139} n n n n n n n n n n n n n n n {43 137} {41 139} {45 135} {43 137} {43 137} {42 138} {42 138} {42 138} {41 139}

56.0: Count:   3.8 (  3.9) A:  18.6 [14-50] B:  34.1 [14-100] Phase: 100% 135 (20.7) Direction:  {42 138}
Phase: {11,10,0,2,11,9,12,5,18,13,2,9,20,21,5,11,7,22,12,9,10,9,8,13,12,22,14,14,18,21,18,13,21,30,34,34,51,33,14,54,33,55,37,40,65,77,51,67,83,72,62,88,72,112,110,113,122,113,103,112,130,102,153,142,115,155,153,174,158,177,178,164,208,233,214,244,233,231,253,297,275,279,388,293,337,341,456,410,437,511,707,510,658,633,699,778,727,837,932,1039,986,1123,1203,1335,1358,1398,1567,1692,1839,1672,1986,1985,2150,2271,2343,2508,2315,2827,2837,2957,3088,2902,3312,3375,3585,3704,3743,3860,3946,3979,4032,4342,4000,4345,3972,4461,3949,4331,4049,3997,3987,4152,3836,3944,3822,3622,3451,3319,3353,3180,3186,2992,2917,2925,2402,2496,2344,2249,2148,1948,1913,1660,1685,1685,1482,1490,1392,1332,1093,1088,997,1035,971,925,758,749,810,562,596,519,701,390,419,458,404,359,346,338,304,292,228,224,227,199,186,163,145,136,120,80,137,92,75,94,84,93,49,76,59,41,52,37,37,35,43,37,29,22,13,19,24,6,16,13,6,14,8,16,7,2,10,2,5,3,2,5,4,4,1,4,3,1,0,1,0,1,1,0,0,2,0,1,0,1,1,0,0,0,0,0,0,0,0,0,0,0,0,0,0,0,0,0,0,0,0,0,0,0,0,0,0,0,0,0,0,0,0,0,0,0,0,0,0,0,0,0,0,0,0,0,0,0,0,0,0,0,3,1,0,0,0,0,0,0,0,0,0,0,0,0,0,0,0,0,0,0,0,0,0,1,0,0,0,0,0,0,1,0,0,0,0,1,1,2,0,2,0,2,0,0,3,4,1,3,0,3,7,1,2,2}
Count:   3.3  10.1   9.7   9.1   8.7   8.0   6.7   6.2   4.8   3.3   0.7   0.3   0.3   0.2   0.3   0.2   0.2   0.2   0.2   0.2   0.3   0.2   0.2   0.2   5.4   9.5   9.5   9.9   9.2   8.9   7.8   7.6   6.9   5.1   0.3   0.2   0.2   0.2   0.3   0.2   0.2   0.2   0.2   5.2  10.3  10.0   9.6   8.1   7.4   7.2   6.5   5.3   3.7   0.2   0.2   0.2   0.2   0.2   0.2   0.2   0.3   0.2   0.2   0.2   0.2   0.2   0.2   7.6   9.5   9.8   9.0   8.6   8.0   8.4   6.6   6.1   4.5   0.3   0.3   0.2   0.3   0.2   0.3   0.2   0.2   0.2   7.3   9.9   9.8   8.8   8.1   8.0   7.0   5.5   5.2   3.6   0.3   0.2   0.3   0.3   0.3   0.3   0.2   0.2   0.3   7.4  10.2   9.5   9.3   7.7   7.3   6.5   5.9   4.2   2.6   0.3   0.2   0.2   0.3   0.2   0.2   0.3   0.3   0.3   7.2   9.9   8.8   8.8   8.0   6.8   5.5   5.1   3.7   1.7   0.3   0.3   0.2   0.3   0.3   0.2   0.3   0.2   0.2   0.2   0.4   0.2   0.2   0.3  10.1  10.1   9.8   9.2   9.1   7.9   7.4   6.6   6.1   2.7   0.3   0.3   0.2   0.3   0.3   0.3   0.3   0.3   0.2   9.6   9.7   9.7   8.7   8.7   7.1   6.2   5.0   4.6   2.2   0.3   0.3   0.2   0.3   0.3   0.2   0.2   0.3   0.2   0.3   0.2   0.3   0.3   1.9  10.5  10.4   9.1   9.2   9.3   8.6   7.3   6.3   5.6 
B: 39.3 36.1 35.2 34.3 35.9 35.4 33.4 32.7 29.9 26.1 23.6 19.1 21.2 21.8 20.0 19.0 21.1 20.0 18.0 19.3 20.1 19.1 21.0 21.9 37.2 34.4 35.0 35.7 33.7 34.3 35.2 35.5 34.0 32.2 20.7 19.7 19.9 21.1 19.2 19.9 21.0 19.7 19.1 36.5 36.2 35.7 35.5 34.5 34.1 34.8 33.4 32.1 27.6 23.5 21.0 19.5 19.7 20.1 20.2 19.7 19.4 20.5 19.4 19.8 21.1 19.9 20.2 37.1 35.4 35.6 34.9 34.5 34.7 35.1 34.1 32.8 31.7 20.3 19.5 20.1 19.5 19.2 21.1 20.8 18.6 22.1 37.1 36.2 35.2 34.4 35.2 34.7 33.9 32.7 30.9 28.0 19.7 21.3 18.7 20.1 19.9 20.6 19.1 19.3 20.2 38.3 36.0 35.4 34.8 34.6 33.4 33.8 31.6 27.9 25.8 19.8 20.9 19.5 20.0 19.9 20.3 21.2 20.0 20.8 38.1 35.4 34.1 35.8 34.2 33.8 32.5 30.1 27.3 23.8 20.1 19.4 18.7 19.6 21.6 19.5 19.4 18.9 19.0 18.4 20.1 19.1 19.8 20.9 36.3 36.3 35.7 34.2 34.2 34.4 34.8 33.5 33.0 30.1 20.2 19.5 19.2 19.3 19.5 20.3 20.2 18.6 18.0 36.3 34.9 35.3 35.7 35.5 33.8 33.9 30.8 28.9 26.8 20.7 19.0 18.4 19.7 20.0 18.3 19.6 21.3 18.9 20.8 18.3 20.9 19.2 34.8 37.2 36.4 34.4 34.0 35.3 35.4 34.2 32.9 33.4 
Direction:  {41 139} {41 139} {42 138} {41 139} {41 139} {43 137} {43 137} {44 136} {38 142} n n n n n n n n n n n n n n n {42 138} {42 138} {40 140} {44 136} {45 135} {41 139} {44 136} {45 135} {41 139} {41 139} n n n n n n n n n {43 137} {44 136} {44 136} {41 139} {43 137} {42 138} {46 134} {42 138} {41 139} n n n n n n n n n n n n n n n {42 138} {41 139} {40 140} {41 139} {42 138} {43 137} {41 139} {43 137} {43 137} {41 139} n n n n n n n n n {43 137} {42 138} {43 137} {42 138} {42 138} {40 140} {40 140} {43 137} {42 138} n n n n n n n n n n {39 141} {42 138} {42 138} {40 140} {45 135} {39 141} {39 141} {39 141} {39 141} n n n n n n n n n n {43 137} {42 138} {40 140} {41 139} {44 136} {43 137} {44 136} {42 138} n n n n n n n n n n n n n n n n {44 136} {41 139} {43 137} {44 136} {40 140} {43 137} {46 134} {42 138} {39 141} n n n n n n n n n n {44 136} {42 138} {42 138} {42 138} {42 138} {39 141} {44 136} {40 140} {42 138} n n n n n n n n n n n n n n n {42 138} {44 136} {42 138} {46 134} {42 138} {42 138} {44 136} {43 137} {43 137}

