54.0: Count:  18.5 (  3.7) A:  15.1 [10-58] B:  26.6 [10-145] Phase: 100% 322 (19.6) Direction:  {349 191}
Phase: {4326,1474,1431,1589,1700,1590,1563,1294,1159,1175,1304,1275,828,1018,926,961,826,991,924,681,765,786,832,758,805,664,503,805,694,702,679,716,709,574,734,671,637,753,710,700,674,712,688,673,663,852,727,756,832,805,740,838,855,941,838,911,916,789,963,904,932,1045,1062,1174,892,1079,1163,1181,1131,1200,1233,1188,1393,1437,1335,1486,1444,1589,1509,1720,1787,1760,1788,1794,1917,1954,2077,2186,2239,2114,3186,2323,2582,2644,2859,2989,2934,3072,3079,3292,3448,3663,3430,3936,3975,3950,3844,4345,4663,4037,4645,4854,5115,5228,5358,5541,4964,6551,6036,6125,6442,6606,6942,6669,7188,7542,7697,7933,8175,8381,8087,8604,8791,8959,8615,9795,8849,9518,9509,9777,9422,9720,9901,9931,9733,9949,9667,9318,10023,9534,9547,9366,9501,9874,8253,8728,8791,8566,8566,8080,7938,7325,8087,7624,6959,7184,6739,6698,6018,6227,5935,5934,5683,5545,5347,5195,5068,4771,4701,4234,5564,3866,4086,3868,4009,3767,3610,3477,3335,3429,3225,3199,2753,2925,2693,2685,2508,2647,2690,2118,2194,2177,2171,2044,2038,1884,1666,1998,1791,1670,1594,1630,1559,1401,1452,1412,1329,1450,1271,1331,1179,1269,1138,1150,1050,1282,949,1011,1009,960,946,1030,930,957,878,882,865,807,831,823,849,876,804,901,646,750,870,704,792,739,729,694,782,787,684,772,746,791,576,862,818,773,748,810,849,927,936,856,798,776,2060,779,909,1080,1320,1390,1458,1363,1396,1709,1928,2209,1596,2091,2197,2482,2269,3142,3160,2302,3428,3441,4019,4004,4960,4397,3306,6337,5424,5875,6055,6407,7153,5561,7771,8067,7418,9047,8865,9714,8425,9544,10944,9304,8897,14276,9292,10211,12555,11422,10381,12123,11858,12124,10574,12016,11664,9025,11665,10893,10742,10168,10245,11833,6738,8721,9590,8311,8468,7613,7439,5306,7246,6895,5519,6083,5173,4906,3750,4962,4423,3886,3482,3141,3227,3208,2924,2338,1866,1641}
Count:  21.4  21.9  21.7  21.6  21.0  21.0  20.6  20.2  19.5  15.9  15.0  14.9  14.9  14.7  14.6  14.9  15.3  14.8  14.7  14.6  15.0  14.7  14.9  14.6  14.7  14.3  14.7  14.6  22.0  23.7  24.1  23.6  24.0  23.1  22.9  22.2  22.6  21.9  22.2  21.5  21.3  20.8  20.7  20.1  20.1  20.1  19.5  15.9  14.6  15.0  14.9  14.7  14.6  14.7  14.4  15.2  14.8  15.0  14.7  14.7  14.1  15.1  14.9  14.8  14.5  14.8  21.4  24.2  23.3  23.8  22.9  23.0  23.1  23.1  22.6  22.3  22.2  21.6  21.5  21.1  21.2  20.7  20.4  19.6  20.1  15.6  14.8  14.6  15.1  14.6  14.5  14.6  15.0  15.0  14.9  14.4  14.4  14.5  14.7  14.7  14.3  14.6  14.7  14.5  21.7  24.0  23.8  23.8  23.3  23.2  23.1  23.2  22.6  22.6  21.8  22.5  21.0  21.2  20.6  20.5  20.0  19.9  19.1  15.7  15.0  15.0  15.1  14.6  14.6  14.5  14.7  14.5  14.5  14.9  15.2  14.9  15.3  14.4  14.8  15.1  14.9  14.6  21.2  23.9  24.2  23.3  23.5  23.5  23.5  23.1  22.4  22.4  21.7  21.8  21.5  21.5  20.0  20.5  19.6  19.9  19.6  15.9  14.3  14.8  14.6  14.5  14.7  14.5  15.1  15.0  14.9  15.1  15.1  14.8  14.7  14.6  14.7  14.4  14.7  15.0  21.8  23.6  23.9  23.2  23.3  23.4  22.7  22.8  22.7  22.7  22.1  22.3  21.2  20.8  20.7  20.7  19.8  20.3  19.2  15.8 
B: 28.6 29.2 29.0 29.3 28.6 27.9 27.3 26.4 25.7 22.9 21.7 21.4 21.8 21.5 21.8 21.3 21.5 21.6 21.9 21.5 21.8 21.6 21.7 21.5 21.8 21.5 22.0 21.9 30.4 31.3 32.0 31.3 31.6 30.7 31.6 31.0 31.4 30.5 30.7 30.2 29.8 29.3 28.5 27.6 26.9 26.1 24.9 23.0 21.8 22.2 21.8 22.2 22.0 22.1 21.7 21.9 21.6 21.9 21.7 22.2 21.8 21.8 21.8 22.1 22.0 22.0 29.5 32.0 31.1 31.6 30.9 31.6 30.7 31.3 30.4 30.6 30.1 30.0 29.3 28.7 27.9 27.1 26.7 25.2 25.0 22.5 21.9 22.0 21.9 21.7 21.9 21.5 21.8 21.8 21.6 21.9 22.0 21.8 22.0 21.9 22.1 21.9 21.7 22.0 30.4 31.8 31.6 31.5 31.2 31.5 30.8 30.8 30.7 30.7 29.8 29.7 29.1 29.0 28.1 27.8 26.7 26.1 25.1 22.6 21.7 21.8 22.1 21.4 22.1 21.9 22.0 21.7 21.8 21.8 21.9 21.9 21.9 21.8 22.1 21.8 21.7 22.1 29.4 31.7 31.7 31.8 31.4 31.1 30.8 30.8 30.3 30.5 30.2 30.2 29.1 28.9 28.1 27.4 26.5 25.7 24.8 22.8 21.8 21.8 22.1 22.1 22.2 21.9 22.0 21.6 21.8 21.5 21.9 22.0 22.1 21.9 22.0 22.1 22.0 21.7 30.2 31.3 31.7 31.2 31.4 30.8 31.0 30.7 30.5 30.3 30.1 29.5 28.7 28.9 27.9 26.9 26.0 25.8 24.3 23.0 
Direction:  {46 134} {46 134} {49 131} {46 134} {46 134} {48 132} {46 134} {47 133} {349 191} {349 191} {348 192} {349 191} {350 190} {349 191} {348 192} {349 191} {348 192} {348 192} {349 191} {349 191} {350 190} {348 192} {348 192} {348 192} {349 191} {348 192} {350 190} {348 192} {47 133} {47 133} {47 133} {49 131} {51 129} {49 131} {44 136} {46 134} {47 133} {49 131} {48 132} {46 134} {47 133} {47 133} {46 134} {47 133} {43 137} {47 133} {48 132} {350 190} {351 189} {348 192} {349 191} {348 192} {349 191} {351 189} {348 192} {349 191} {350 190} {349 191} {349 191} {347 193} {349 191} {349 191} {351 189} {348 192} {348 192} {349 191} {48 132} {46 134} {47 133} {46 134} {48 132} {47 133} {45 135} {46 134} {45 135} {46 134} {48 132} {46 134} {47 133} {45 135} {45 135} {43 137} {45 135} {347 193} {348 192} {351 189} {347 193} {349 191} {351 189} {349 191} {349 191} {349 191} {349 191} {347 193} {348 192} {349 191} {349 191} {351 189} {348 192} {350 190} {350 190} {347 193} {350 190} {349 191} {52 128} {49 131} {50 130} {49 131} {48 132} {49 131} {49 131} {49 131} {48 132} {50 130} {46 134} {50 130} {47 133} {50 130} {47 133} {49 131} {47 133} {48 132} {349 191} {351 189} {348 192} {347 193} {350 190} {349 191} {348 192} {348 192} {349 191} {346 194} {349 191} {349 191} {349 191} {347 193} {348 192} {348 192} {348 192} {350 190} {349 191} {347 193} {47 133} {48 132} {48 132} {49 131} {49 131} {45 135} {49 131} {46 134} {49 131} {51 129} {49 131} {49 131} {44 136} {47 133} {51 129} {52 128} {349 191} {45 135} {348 192} {349 191} {350 190} {349 191} {348 192} {349 191} {349 191} {347 193} {349 191} {349 191} {347 193} {347 193} {349 191} {349 191} {348 192} {348 192} {349 191} {348 192} {349 191} {347 193} {46 134} {48 132} {48 132} {49 131} {47 133} {50 130} {49 131} {45 135} {48 132} {49 131} {46 134} {46 134} {47 133} {51 129} {49 131} {51 129} {50 130} {44 136} {349 191} {347 193}

54.1: Count:  19.0 (  4.0) A:  15.0 [10-62] B:  26.2 [10-145] Phase: 100% 324 (20.1) Direction:  {349 191}
Phase: {5029,1579,1592,1652,1891,1823,1696,1473,1292,1261,1352,1401,942,1126,1057,1095,882,1129,986,708,867,869,887,763,960,683,587,899,704,789,712,771,764,647,825,779,685,790,820,830,726,810,814,810,792,1052,800,830,958,888,866,941,1010,996,1020,1119,1054,970,1167,1197,1235,1181,1257,1472,1126,1397,1512,1390,1532,1548,1529,1436,1883,1874,1689,1879,1911,2007,1890,2143,2177,2302,2332,2399,2411,2530,2691,2714,2795,2509,3963,2766,3117,3189,3447,3446,3494,3749,3794,4059,4087,4198,3988,4581,4526,4634,4611,5129,5352,4733,5286,5334,5612,5867,6063,6189,5772,7037,6701,6801,7021,7273,7447,7028,7581,7723,8133,8045,8113,8277,8220,8520,8508,8636,8255,9390,8590,8855,8708,8788,8579,8877,8814,8834,8816,8869,8900,8435,8957,8667,8700,8562,8754,9308,7831,8569,8350,8315,8248,8118,7923,7176,8046,7873,7226,7321,7032,7057,6534,6598,6425,6411,6048,5962,5762,5443,5445,5186,5062,4526,6200,4142,4412,4318,4197,4079,4034,3866,3747,3800,3640,3482,3124,3266,3049,2979,2814,3082,2904,2296,2614,2437,2480,2267,2342,2112,1821,2258,1921,1865,1811,1812,1859,1474,1689,1572,1511,1604,1502,1474,1348,1374,1303,1289,1151,1463,1062,1096,1145,1093,1019,1045,1031,1023,953,883,998,773,990,860,809,855,848,925,589,725,807,759,736,774,769,616,821,780,625,726,699,701,596,709,775,741,696,734,822,911,851,831,704,685,1921,742,795,981,1222,1278,1351,1191,1256,1401,1674,1962,1340,1739,1900,2371,1948,2839,2765,1958,2988,2968,3511,3401,4461,3632,2799,5680,4981,5404,5319,5940,6697,4932,7358,7669,6513,8510,8109,9088,7729,9601,10879,8643,8543,14464,8966,9518,12310,11367,9781,12355,11713,12519,10489,12213,12454,8937,12240,11527,10965,10999,10606,12810,6870,9336,10831,8801,9095,8179,8299,5510,8019,8067,5777,6779,5979,5516,4049,5794,5115,4433,3915,3486,3822,3856,3565,2515,2053,1780}
Count:  22.5  23.0  22.9  22.6  21.7  22.0  20.8  21.2  20.2  16.2  15.4  14.9  15.1  14.9  15.0  15.0  15.0  15.1  14.9  14.8  15.0  14.7  15.1  15.1  14.9  14.5  14.7  14.7  22.2  24.3  24.8  24.5  24.5  23.8  23.8  23.1  23.3  23.0  22.8  22.6  22.3  21.8  21.5  21.0  20.8  20.5  20.5  15.9  14.6  15.2  15.0  15.0  14.5  14.8  14.6  15.4  15.0  15.4  15.1  14.8  14.9  15.2  14.9  14.6  14.8  15.4  21.9  25.0  24.1  24.4  23.5  23.9  23.8  24.0  23.3  23.5  22.6  22.5  22.0  21.8  21.7  21.3  21.0  20.5  20.8  15.6  14.7  14.9  15.2  14.5  15.2  15.2  15.2  14.9  15.1  14.6  14.7  14.6  14.9  14.8  14.5  14.8  14.9  14.8  22.2  24.7  24.7  24.7  24.0  23.9  23.9  23.9  23.4  23.7  22.7  22.8  21.8  22.2  21.1  21.3  20.7  20.8  19.6  15.9  15.0  15.1  15.1  15.0  14.8  14.7  14.6  14.4  14.9  15.0  15.3  15.1  15.4  14.4  15.2  15.2  15.1  14.6  21.8  24.6  24.8  24.0  24.1  24.4  24.2  23.7  23.2  23.4  22.7  22.1  22.3  22.2  21.2  21.3  20.3  20.3  20.2  16.4  14.7  15.0  15.0  14.7  14.6  14.7  15.3  14.7  15.1  14.9  15.5  14.6  15.0  14.8  15.3  14.5  14.7  15.1  22.1  24.4  24.7  24.2  24.3  23.8  23.5  23.7  23.5  23.3  23.3  23.0  22.0  21.6  21.2  21.4  20.6  21.2  20.2  15.8 
B: 29.1 29.2 28.9 29.3 28.3 27.8 27.1 26.4 25.2 21.9 20.6 20.6 20.9 20.5 20.7 20.4 20.4 20.4 20.8 20.5 20.5 20.5 20.6 20.3 20.8 20.6 20.9 20.7 30.0 31.5 31.9 31.2 31.8 30.5 31.6 30.9 30.9 30.1 30.7 29.5 29.4 28.5 28.4 27.2 26.9 25.7 24.6 21.8 20.6 20.7 20.6 20.9 20.6 21.1 20.6 20.9 20.5 20.6 20.5 21.0 21.0 20.8 20.7 21.0 20.9 20.9 29.3 31.9 31.4 31.7 31.0 31.8 30.8 31.2 30.3 30.6 29.7 30.1 29.2 28.8 27.5 27.0 26.3 25.2 24.5 21.8 20.5 20.5 20.9 20.7 20.8 20.4 20.8 20.7 20.5 20.8 20.9 20.8 20.9 20.9 20.7 20.8 20.9 20.9 30.3 31.7 31.6 31.4 31.8 31.7 31.1 30.8 30.6 30.6 29.9 29.6 28.8 28.8 28.1 27.6 26.4 25.8 24.6 22.1 20.7 20.7 21.0 20.7 21.0 20.7 20.8 20.9 20.8 20.5 20.9 20.5 20.8 21.0 20.7 20.9 20.7 20.8 29.1 31.7 32.0 31.6 31.7 31.0 31.0 30.9 30.4 30.0 30.2 29.7 28.6 28.6 27.6 27.0 26.1 25.5 24.5 21.8 20.6 20.7 20.7 20.7 21.1 21.0 20.6 20.6 20.8 20.5 20.8 20.7 21.0 20.8 21.0 20.8 20.9 20.7 29.8 31.4 31.9 31.4 31.7 30.9 31.0 30.7 30.5 30.4 30.0 29.4 28.7 28.7 27.7 26.9 25.6 25.4 24.0 22.0 
Direction:  {45 135} {47 133} {41 139} {50 130} {44 136} {45 135} {349 191} {42 138} {351 189} {349 191} {349 191} {349 191} {349 191} {350 190} {349 191} {348 192} {348 192} {348 192} {349 191} {351 189} {348 192} {350 190} {349 191} {351 189} {350 190} {349 191} {349 191} {349 191} {45 135} {45 135} {45 135} {48 132} {47 133} {47 133} {45 135} {53 127} {44 136} {44 136} {43 137} {43 137} {49 131} {47 133} {50 130} {43 137} {50 130} {351 189} {351 189} {349 191} {348 192} {349 191} {349 191} {352 188} {351 189} {351 189} {347 193} {351 189} {351 189} {350 190} {348 192} {348 192} {346 194} {349 191} {350 190} {351 189} {349 191} {349 191} {47 133} {45 135} {45 135} {49 131} {46 134} {48 132} {45 135} {51 129} {49 131} {46 134} {47 133} {51 129} {50 130} {44 136} {44 136} {49 131} {349 191} {349 191} {349 191} {349 191} {349 191} {348 192} {351 189} {351 189} {349 191} {349 191} {349 191} {349 191} {349 191} {349 191} {347 193} {349 191} {347 193} {349 191} {351 189} {349 191} {350 190} {349 191} {48 132} {50 130} {52 128} {52 128} {46 134} {47 133} {51 129} {50 130} {50 130} {50 130} {47 133} {47 133} {47 133} {45 135} {47 133} {47 133} {349 191} {50 130} {351 189} {350 190} {348 192} {349 191} {350 190} {349 191} {349 191} {349 191} {349 191} {349 191} {351 189} {349 191} {348 192} {349 191} {349 191} {349 191} {349 191} {349 191} {347 193} {349 191} {44 136} {47 133} {45 135} {52 128} {50 130} {47 133} {48 132} {51 129} {45 135} {46 134} {46 134} {43 137} {46 134} {42 138} {46 134} {51 129} {350 190} {41 139} {349 191} {348 192} {350 190} {351 189} {346 194} {350 190} {349 191} {349 191} {348 192} {349 191} {349 191} {352 188} {351 189} {350 190} {349 191} {349 191} {347 193} {352 188} {350 190} {351 189} {48 132} {48 132} {50 130} {49 131} {45 135} {47 133} {49 131} {43 137} {47 133} {47 133} {47 133} {48 132} {44 136} {49 131} {51 129} {51 129} {348 192} {350 190} {346 194} {351 189}

54.2: Count:  16.9 (  4.4) A:  14.9 [10-59] B:  27.5 [10-144] Phase: 97% 143 (34.1) Direction:  {47 133}  11% 61 (12.1) Direction:  {18 162}
Phase: {5473,1320,1252,1501,1647,1820,1681,1350,1100,1205,1396,1358,844,996,1035,1110,796,1069,895,585,744,787,780,701,928,622,496,876,650,739,719,725,741,526,736,707,622,756,696,737,680,795,780,738,785,1082,781,884,953,964,881,937,969,1089,991,1157,1269,978,1315,1230,1312,1311,1377,1535,1288,1508,1532,1667,1725,1633,1723,1539,1958,1995,1865,2050,2074,2163,2131,2268,2340,2540,2473,2409,2562,2577,2791,2756,2870,2693,3955,2766,3190,3181,3536,3500,3682,3592,3825,3973,4050,4276,4058,4475,4425,4760,4649,5298,5535,4649,5183,5470,5765,5931,5928,5983,5706,7278,6686,6921,6924,7201,7631,7459,7589,7730,8140,8190,8390,8709,8292,8631,8676,8851,8332,9539,8539,9144,9015,9050,8943,9104,9421,9107,9243,9136,9063,8588,9263,8796,8994,8704,8742,9382,7829,8525,8488,8333,8436,8161,8056,7302,8004,7660,7095,7179,7135,7033,6346,6682,6392,6252,5908,5739,5666,5410,5348,5032,5068,4316,5888,4030,4399,4170,4176,4042,3985,3718,3500,3678,3444,3347,3040,3045,3028,2975,2758,2848,2934,2221,2511,2508,2406,2344,2347,2102,1743,2297,1974,1878,1946,1828,1776,1617,1627,1576,1524,1526,1380,1422,1256,1332,1363,1301,1074,1387,1009,1102,1119,981,913,945,931,918,718,931,878,678,821,761,653,755,689,816,542,586,693,625,670,622,539,469,589,657,488,596,506,522,420,639,638,601,512,606,693,746,670,625,528,496,1746,592,585,721,929,1244,1165,968,923,1163,1517,1752,1023,1295,1476,1898,1458,2453,2000,1439,2274,2302,3037,2305,3889,2483,2070,4314,3442,4364,3550,4195,4738,3022,5511,5386,4298,6594,5408,6596,4754,6690,7193,5617,5992,10099,6305,6258,7988,7957,6002,8688,7529,9079,6362,8269,8890,5101,8523,7858,6996,8454,7147,9376,4619,5580,8841,5383,7161,5786,6200,3890,5545,6534,4139,5761,4531,3658,2838,5341,4776,3475,2767,2827,3460,3836,2737,2005,1578,1537}
Count:  21.0  21.0  21.2  20.9  19.9  20.0  19.3  19.4  18.5  14.1  12.7  12.5  12.7  12.4  12.6  12.7  12.7  12.5  12.2  12.3  12.6  12.1  12.6  12.5  12.2  11.8  11.9  11.7  20.5  22.7  23.1  22.7  23.0  22.3  22.3  21.6  21.9  21.3  21.1  20.8  20.9  19.8  19.9  19.2  19.2  18.8  18.8  13.0  11.9  12.6  12.5  12.1  12.1  12.5  12.1  12.8  12.7  13.2  12.6  12.4  11.8  12.8  12.4  12.2  11.9  12.4  19.9  23.2  22.4  22.9  22.1  22.4  22.2  22.2  21.9  22.0  21.2  21.1  20.4  20.1  19.7  19.7  18.8  19.1  19.1  13.1  12.2  12.2  12.9  12.1  12.7  12.6  12.8  12.3  12.6  12.0  12.4  12.2  12.5  12.1  12.5  12.3  12.5  12.5  20.0  22.8  22.5  23.0  22.5  22.3  22.2  22.2  22.1  22.0  21.5  21.4  20.4  20.4  19.2  19.8  18.8  19.5  17.6  13.7  12.3  12.7  12.5  12.4  12.1  12.0  12.0  12.3  12.3  12.5  13.2  12.7  12.8  11.9  12.5  12.3  12.8  11.9  19.7  23.0  23.1  22.6  22.5  22.5  22.5  21.9  21.7  21.6  21.0  20.9  20.6  20.7  19.6  19.5  18.6  18.8  18.2  13.9  11.7  12.4  12.3  12.4  11.9  12.3  12.4  12.2  12.7  12.2  12.6  11.8  12.2  12.3  12.6  11.9  12.1  12.7  20.3  22.8  23.0  22.2  22.5  22.1  22.2  22.0  21.8  21.7  21.7  21.2  20.5  20.0  19.5  19.7  18.9  19.6  18.2  13.6 
B: 31.1 31.2 31.0 31.0 30.1 29.8 28.3 27.6 25.8 22.2 20.2 20.3 20.7 20.3 20.5 20.0 20.3 20.1 20.8 20.3 20.5 20.5 20.7 20.0 20.5 20.5 20.8 20.4 31.7 33.9 34.1 33.6 33.6 32.7 33.5 32.7 32.7 31.7 32.5 31.4 31.1 30.0 29.8 28.7 28.3 26.7 25.9 21.6 20.7 20.7 20.8 20.7 20.7 20.9 20.5 20.7 20.0 20.6 20.4 20.8 20.8 20.6 20.4 20.9 20.4 20.7 31.2 33.8 33.3 33.7 33.4 33.5 32.9 33.1 32.2 32.9 31.4 31.4 30.8 30.9 28.9 28.4 27.5 26.2 25.2 22.1 20.5 20.5 20.8 20.9 20.5 20.7 20.3 20.5 20.6 20.7 20.8 20.5 20.6 20.6 20.7 20.4 20.7 20.7 32.4 33.9 34.4 33.1 34.6 33.5 33.2 32.6 32.6 32.0 31.6 31.1 30.5 30.2 29.7 29.1 27.6 26.9 25.4 22.3 20.4 20.7 20.5 20.6 20.7 20.8 21.0 20.9 20.6 20.4 20.6 20.4 20.7 20.8 20.5 20.4 20.6 20.7 31.2 33.9 34.1 33.5 34.3 32.9 33.2 32.4 32.3 31.4 32.5 30.9 30.2 29.8 29.0 28.4 27.2 26.5 25.2 22.2 20.7 20.7 20.6 21.2 21.0 20.4 20.7 20.5 20.8 20.4 20.7 20.6 21.0 20.5 20.8 20.6 20.9 20.4 31.4 33.6 33.6 33.6 34.1 32.9 33.0 32.4 32.4 32.2 31.4 30.9 30.3 30.3 29.1 28.1 26.6 26.1 24.8 22.4 
Direction:  {50 130} {45 135} {43 137} {47 133} {47 133} {44 136} {45 135} {46 134} {42 138} {349 191} {349 191} {352 188} {347 193} {351 189} {349 191} {349 191} {351 189} {347 193} {352 188} {349 191} {350 190} {350 190} {351 189} {349 191} {349 191} {351 189} {350 190} {348 192} {46 134} {47 133} {48 132} {52 128} {51 129} {47 133} {47 133} {50 130} {44 136} {46 134} {43 137} {46 134} {47 133} {47 133} {44 136} {41 139} {49 131} {41 139} {54 126} {350 190} {347 193} {352 188} {347 193} {351 189} {351 189} {348 192} {349 191} {351 189} {351 189} {351 189} {351 189} {349 191} {349 191} {351 189} {352 188} {352 188} {349 191} {347 193} {49 131} {44 136} {47 133} {47 133} {48 132} {44 136} {48 132} {49 131} {46 134} {47 133} {45 135} {45 135} {48 132} {44 136} {43 137} {47 133} {43 137} {55 125} {49 131} {351 189} {351 189} {350 190} {349 191} {352 188} {348 192} {349 191} {351 189} {347 193} {349 191} {349 191} {349 191} {350 190} {349 191} {347 193} {349 191} {348 192} {348 192} {350 190} {48 132} {46 134} {49 131} {50 130} {44 136} {47 133} {49 131} {51 129} {48 132} {47 133} {45 135} {53 127} {50 130} {46 134} {46 134} {45 135} {50 130} {51 129} {57 123} {351 189} {349 191} {350 190} {350 190} {351 189} {351 189} {352 188} {349 191} {349 191} {351 189} {349 191} {349 191} {351 189} {351 189} {350 190} {351 189} {348 192} {352 188} {352 188} {47 133} {47 133} {48 132} {43 137} {49 131} {48 132} {45 135} {45 135} {50 130} {49 131} {44 136} {47 133} {44 136} {49 131} {45 135} {45 135} {45 135} {45 135} {42 138} {348 192} {350 190} {351 189} {352 188} {350 190} {349 191} {349 191} {350 190} {349 191} {349 191} {349 191} {349 191} {351 189} {352 188} {350 190} {350 190} {348 192} {349 191} {347 193} {48 132} {51 129} {47 133} {49 131} {48 132} {44 136} {41 139} {49 131} {49 131} {50 130} {54 126} {44 136} {43 137} {43 137} {50 130} {42 138} {42 138} {46 134} {44 136} {350 190}

54.3: Count:  12.4 (  4.9) A:  16.0 [10-59] B:  32.6 [10-138] Phase: 94% 144 (27.6) Direction:  {47 133}  13% 79 (17.1) Direction:  {24 156}
Phase: {2599,521,520,637,627,935,871,612,483,490,694,774,389,421,427,542,392,588,432,282,371,372,461,306,529,300,284,445,356,415,329,360,357,300,408,384,347,499,395,454,325,429,461,425,410,653,480,556,561,606,536,647,733,725,639,778,810,726,945,871,879,986,993,1238,999,1121,1301,1301,1376,1336,1391,1253,1710,1609,1551,1803,1699,1904,1802,1926,2023,2158,2095,2172,2433,2412,2610,2372,2637,2267,3788,2528,2852,3018,3255,3100,3341,3324,3382,3726,3648,3854,3540,4217,4041,4299,4318,4716,5050,4360,4970,5208,5603,5552,5847,5930,5511,6789,6613,6776,7075,6952,7297,7155,7829,7971,8256,8470,8559,8882,8846,9190,9307,9489,8970,10376,9327,10300,10196,10364,10038,10491,10816,10604,10850,10419,10671,10113,10537,9910,9751,9654,9834,10155,8466,8914,8979,8796,8580,8090,8139,7400,8198,7812,7205,7249,6867,7126,6099,6404,5944,5934,5603,5470,5048,4760,4916,4655,4556,3895,5335,3609,3777,3619,3633,3449,3452,3128,3129,3214,2964,2963,2543,2792,2515,2411,2118,2308,2222,1789,2053,1953,1929,1802,1780,1621,1366,1702,1519,1442,1311,1231,1271,1018,1128,1068,995,921,972,894,810,873,747,736,614,859,555,583,639,609,498,596,464,481,443,397,409,293,382,341,311,361,366,368,262,244,350,254,310,244,247,187,283,287,218,254,221,202,193,322,275,233,208,227,326,319,257,208,171,182,733,179,187,253,273,488,511,333,296,340,600,729,306,387,416,582,484,939,658,413,646,729,956,676,1332,593,534,1267,1066,1391,1032,1176,1428,798,1608,1669,1006,2019,1429,2048,1300,2045,2021,1610,1784,3208,1742,1701,2461,2378,1677,2815,2068,3102,1815,2563,2843,1423,2534,2359,2175,3008,2318,2892,1294,1613,3307,1810,2681,2008,2016,1323,1901,2662,1502,2025,1531,1286,1069,2300,1820,1081,1008,1139,1540,1646,1005,759,632,594}
Count:  16.9  16.8  17.1  16.7  16.0  16.0  15.3  15.5  14.9   8.9   7.2   7.3   7.2   7.5   7.3   7.3   7.4   7.4   7.3   7.2   7.5   7.5   7.5   7.1   7.4   6.9   7.3   7.4  16.0  18.8  19.0  18.9  18.7  18.6  18.5  17.9  18.5  17.7  17.4  17.3  17.1  16.1  16.2  15.5  15.7  14.7  14.9   8.4   7.5   7.8   7.2   7.2   7.6   7.6   7.2   7.5   7.4   7.6   7.4   7.4   7.1   7.6   7.3   7.2   7.1   7.5  15.9  19.2  18.6  18.7  18.2  18.6  18.3  18.7  18.1  18.1  17.5  17.0  16.2  16.4  15.6  15.9  14.8  15.2  14.6   8.2   7.2   7.4   7.5   7.2   7.2   7.3   7.6   7.2   7.4   7.2   7.5   7.1   7.5   7.1   7.5   7.2   7.2   7.4  15.7  19.1  18.9  18.7  18.8  18.6  18.3  18.4  18.1  18.1  17.4  17.1  16.6  16.4  15.5  15.7  15.0  15.1  14.0   9.3   7.1   7.4   7.2   7.5   7.0   7.1   7.0   7.6   7.2   7.2   7.5   7.5   7.3   7.1   7.4   7.3   7.7   7.2  16.1  18.8  19.4  18.5  19.0  18.1  18.7  18.1  18.0  17.6  17.3  16.9  16.7  16.3  16.0  15.7  15.0  14.8  13.8   9.0   7.1   7.4   7.3   7.6   7.4   7.3   7.4   7.3   7.5   7.3   7.4   7.4   7.3   7.4   7.6   6.9   7.5   7.3  15.9  19.0  18.9  18.7  18.6  18.5  18.4  18.1  18.0  17.9  17.9  17.1  16.6  16.2  15.8  15.3  15.1  15.2  14.0   9.1 
A: 17.9 17.7 17.4 17.1 16.8 16.6 15.8 15.8 15.1 13.3 12.4 12.5 12.4 12.5 12.4 12.5 12.4 12.5 12.4 12.5 12.4 12.4 12.4 12.4 12.5 12.5 12.4 12.4 17.8 18.8 18.8 18.5 18.3 18.1 18.4 18.2 17.7 17.8 17.9 17.6 17.1 17.0 16.5 16.1 15.8 15.2 14.9 13.0 12.4 12.3 12.6 12.5 12.4 12.5 12.4 12.4 12.5 12.4 12.6 12.6 12.4 12.5 12.4 12.5 12.4 12.5 17.8 18.6 18.4 18.3 18.5 18.3 18.0 18.0 17.9 17.8 17.4 17.6 17.2 17.1 16.4 16.2 15.7 15.2 14.6 13.2 12.3 12.3 12.4 12.5 12.5 12.4 12.5 12.4 12.5 12.4 12.4 12.5 12.5 12.5 12.5 12.5 12.3 12.5 18.2 18.6 18.7 18.3 18.7 18.4 18.4 18.0 18.4 17.5 17.7 17.5 17.1 16.8 16.3 16.2 15.6 15.5 14.6 13.4 12.4 12.4 12.4 12.4 12.5 12.5 12.5 12.4 12.5 12.5 12.5 12.5 12.5 12.4 12.5 12.4 12.4 12.4 17.6 18.7 18.5 18.3 18.4 18.4 18.3 17.9 18.0 17.5 17.8 17.2 17.2 16.6 16.6 16.1 15.4 15.1 14.8 13.4 12.3 12.5 12.4 12.5 12.4 12.6 12.4 12.5 12.5 12.5 12.5 12.5 12.5 12.5 12.5 12.5 12.6 12.4 17.7 18.4 18.6 18.5 18.7 18.1 17.9 18.0 18.2 17.6 17.6 17.2 17.0 16.7 16.6 15.9 15.4 15.1 14.6 13.4 
B: 36.4 36.9 36.1 35.9 34.8 34.4 32.2 31.9 30.0 25.4 23.3 23.7 23.2 23.1 23.2 23.4 23.3 23.3 23.3 23.4 23.4 23.3 23.6 23.5 23.6 23.4 23.5 23.5 37.6 40.1 40.1 39.2 39.1 38.1 38.8 38.5 36.8 37.1 37.0 36.2 35.5 35.0 34.2 32.9 32.4 30.6 29.6 24.4 23.3 23.2 24.0 23.7 23.6 23.5 23.9 23.4 23.6 23.3 23.8 23.9 23.7 23.1 23.9 24.1 23.2 24.1 37.3 39.6 39.1 39.2 39.2 38.9 38.2 37.8 37.2 37.6 36.3 36.9 35.4 35.5 33.5 33.1 31.6 30.8 28.6 25.8 23.6 23.2 23.5 23.8 24.0 23.6 23.6 23.4 23.6 23.3 23.6 23.5 23.7 23.5 23.8 23.8 23.4 23.8 38.6 39.7 39.8 38.4 39.8 38.9 39.0 37.7 38.5 36.2 36.7 36.3 35.0 34.8 34.0 33.5 31.3 31.0 29.2 25.8 23.3 23.6 23.4 24.0 23.6 24.1 23.8 23.6 23.6 23.3 23.6 23.4 23.5 23.6 23.7 23.2 23.4 23.4 37.5 39.9 39.4 38.5 39.2 38.5 39.1 37.2 38.0 36.3 37.1 35.4 35.3 33.8 33.8 32.9 30.8 30.4 28.9 25.8 23.7 23.5 23.3 23.5 23.6 23.8 23.5 23.7 23.5 23.6 23.6 23.6 23.7 23.5 23.8 23.6 23.7 23.5 37.0 39.2 39.8 39.2 40.0 38.4 38.1 37.7 38.1 36.5 36.4 35.3 35.3 34.5 34.0 32.0 30.9 29.9 28.4 26.2 
Direction:  {47 133} {46 134} {46 134} {44 136} {48 132} {47 133} {47 133} {48 132} {44 136} {47 133} n n {48 132} n n {40 140} n n n n n {47 133} n n n n n n {46 134} {47 133} {46 134} {46 134} {48 132} {47 133} {49 131} {49 131} {45 135} {49 131} {49 131} {45 135} {47 133} {46 134} {45 135} {51 129} {50 130} {47 133} {46 134} {42 138} n n n n n {47 133} n n n n n n n n n n n n {47 133} {46 134} {48 132} {47 133} {46 134} {48 132} {45 135} {46 134} {47 133} {49 131} {47 133} {47 133} {45 135} {48 132} {50 130} {46 134} {47 133} {42 138} {46 134} {49 131} n n n n n {46 134} n n n n n n n n n {43 137} n n {46 134} {48 132} {46 134} {45 135} {46 134} {47 133} {47 133} {47 133} {47 133} {47 133} {47 133} {48 132} {46 134} {44 136} {49 131} {46 134} {45 135} {47 133} {47 133} {38 142} n n n n n n n n n n n n n n n n n n {46 134} {48 132} {46 134} {48 132} {49 131} {47 133} {47 133} {47 133} {47 133} {47 133} {46 134} {47 133} {46 134} {44 136} {49 131} {47 133} {47 133} {46 134} {43 137} {46 134} n n n n n n n n {37 143} n n {47 133} n n n n n n {46 134} {48 132} {48 132} {49 131} {45 135} {49 131} {45 135} {48 132} {47 133} {47 133} {49 131} {47 133} {48 132} {47 133} {50 130} {45 135} {47 133} {46 134} {49 131} {46 134}

54.4: Count:  10.2 (  5.3) A:  17.2 [10-57] B:  37.2 [10-140] Phase: 100% 142 (23.4) Direction:  {46 134}
Phase: {700,116,137,134,178,244,220,153,168,130,205,273,101,132,130,143,154,189,139,68,125,134,139,101,220,116,96,166,100,165,133,130,188,102,166,164,135,191,174,171,173,199,202,192,184,277,214,205,297,326,246,310,370,379,329,394,418,348,467,490,488,496,545,693,573,634,742,826,843,822,824,715,995,1063,1043,1071,1215,1279,1142,1434,1400,1486,1452,1521,1738,1717,1845,1758,2004,1777,2845,1911,2367,2148,2520,2546,2621,2737,2763,3019,3067,3176,2963,3483,3426,3772,3760,4074,4308,3659,4506,4578,4886,5008,5386,5306,5041,6725,6397,6343,6838,7273,7562,7390,8153,8496,8879,8932,9284,9383,9541,10089,10137,10558,10135,11558,10967,11404,11471,11798,11787,12245,12278,12175,12245,12136,11865,11195,11863,11270,11155,10988,10610,11097,9451,9620,9512,9497,9282,8880,8274,7648,8366,7759,7150,7053,6587,6533,5676,5821,5444,5371,4893,4670,4442,4268,4082,3760,3690,2995,4379,2800,3095,2715,2895,2623,2374,2351,2144,2133,1975,1957,1610,1751,1633,1599,1541,1496,1415,1024,1194,1166,1163,1016,988,858,687,977,769,734,659,665,645,497,560,530,407,515,428,389,350,289,401,291,235,367,212,247,239,235,183,214,203,200,153,138,181,115,159,113,120,128,108,152,70,82,94,110,79,105,77,81,64,101,62,76,79,67,57,121,90,55,53,72,105,99,71,52,35,39,274,52,46,55,80,165,153,91,86,59,142,221,87,95,96,119,128,204,172,95,134,155,233,140,266,95,102,264,214,261,211,222,249,121,314,301,192,411,221,349,202,346,346,259,269,547,297,267,329,365,267,473,290,453,266,408,436,166,417,319,351,460,358,438,203,262,563,271,404,309,291,188,322,485,242,383,233,228,203,478,351,162,202,234,387,364,184,139,128,162}
Count:  14.8  14.8  15.1  14.7  14.3  14.2  13.3  13.3  12.9   6.2   4.4   4.8   4.5   4.7   4.6   4.5   4.5   4.6   4.6   4.6   4.6   4.9   4.8   4.7   4.7   4.6   4.7   4.9  14.0  17.0  17.0  16.8  16.8  16.5  16.5  16.3  16.1  16.2  15.3  15.4  14.9  14.2  14.4  13.3  13.4  12.4  12.9   5.8   4.8   4.8   4.8   4.7   4.9   4.8   4.8   4.7   4.6   4.9   4.7   4.7   4.7   4.6   4.6   4.7   4.7   5.0  14.0  16.9  16.6  16.7  16.4  16.8  16.2  16.3  16.2  15.9  15.4  15.3  14.5  14.5  13.4  13.8  12.9  13.3  12.6   6.2   4.7   4.6   4.7   4.6   5.0   4.5   4.6   4.5   4.8   4.7   5.1   4.7   4.9   4.7   4.7   4.7   4.6   4.7  14.0  17.2  17.0  16.6  17.0  16.8  16.5  16.2  16.2  15.9  15.5  14.9  14.8  14.3  13.7  13.7  13.3  13.1  12.4   6.6   4.5   4.6   4.6   4.9   4.5   4.7   4.6   4.8   4.6   4.8   4.7   4.9   4.6   4.6   4.7   4.5   4.9   4.6  14.0  16.9  17.2  16.7  17.0  16.3  16.6  16.1  16.3  15.4  15.5  14.8  14.6  14.3  14.0  13.5  13.1  13.1  12.4   6.5   4.5   5.0   4.6   4.8   4.5   4.8   4.5   4.6   4.7   4.7   4.7   4.7   4.7   5.0   5.0   4.6   5.0   4.8  13.9  17.0  16.8  16.8  16.7  16.6  16.5  16.2  16.0  15.7  15.6  15.0  14.8  14.0  13.8  13.4  13.3  13.0  12.3   6.8 
A: 18.8 18.6 18.6 18.2 17.8 17.4 16.6 16.5 15.7 13.5 12.5 12.5 12.5 12.6 12.6 12.6 12.6 12.5 12.4 12.7 12.4 12.4 12.5 12.7 12.6 12.5 12.5 12.5 19.2 20.4 20.2 19.8 19.3 19.6 19.5 19.5 18.6 18.9 18.8 18.6 18.4 18.2 17.3 17.2 16.6 16.1 15.5 13.3 12.5 12.4 12.5 12.5 12.5 12.7 12.4 12.5 12.7 12.4 12.6 12.6 12.6 12.6 12.6 12.6 12.6 12.5 19.3 20.0 20.0 19.4 19.8 19.6 19.4 19.4 18.9 19.3 18.6 18.7 17.9 18.2 17.4 17.0 16.4 16.1 15.0 13.9 12.5 12.4 12.4 12.5 12.5 12.5 12.6 12.5 12.5 12.4 12.5 12.6 12.6 12.5 12.6 12.6 12.4 12.5 19.1 19.9 20.1 19.6 19.8 19.5 19.6 19.1 19.5 18.7 19.0 18.4 18.3 17.8 17.3 16.9 16.3 16.2 15.2 14.0 12.4 12.6 12.6 12.4 12.6 12.5 12.6 12.5 12.6 12.6 12.5 12.5 12.5 12.4 12.6 12.5 12.5 12.5 19.1 20.2 20.0 19.5 19.4 19.4 19.6 18.9 19.2 18.6 19.0 18.2 18.2 17.6 17.6 16.9 16.2 15.8 15.3 13.8 12.5 12.5 12.6 12.6 12.5 12.5 12.4 12.4 12.7 12.6 12.6 12.6 12.5 12.6 12.5 12.6 12.6 12.6 19.2 19.7 19.9 19.6 20.2 19.2 19.2 19.0 19.5 19.0 18.7 18.2 18.2 17.3 17.6 16.5 16.4 15.6 15.3 13.7 
B: 40.5 40.5 40.1 39.6 38.4 37.4 35.8 35.4 33.4 29.0 26.7 26.8 26.9 26.2 26.7 27.2 26.7 26.3 26.6 27.3 26.8 26.3 26.2 26.5 26.9 26.0 26.4 26.2 42.6 45.3 45.0 44.0 42.8 43.2 43.0 42.8 40.7 41.2 40.5 40.1 39.6 39.0 37.8 36.8 35.6 34.0 32.5 27.9 26.3 26.4 27.0 26.1 26.9 26.8 26.9 27.0 27.0 26.2 26.6 27.0 26.4 26.6 26.8 27.2 26.3 26.6 42.7 44.5 44.0 43.1 43.5 43.3 43.2 42.5 41.3 42.6 40.7 40.9 38.6 39.4 37.5 37.0 34.9 34.2 31.4 29.2 25.8 26.2 26.5 26.5 26.9 26.9 27.2 26.7 27.0 26.4 26.2 26.7 26.7 26.8 26.4 26.2 26.4 26.4 42.7 44.2 44.8 43.0 43.9 42.7 43.2 41.8 42.6 40.6 41.3 39.8 39.3 38.4 37.3 36.5 34.5 34.3 31.9 29.3 26.4 26.8 26.0 27.2 26.4 26.7 26.6 26.4 26.4 26.4 26.3 26.9 26.8 26.2 26.8 26.3 26.4 26.5 42.5 44.5 44.5 42.8 43.3 42.6 43.4 41.2 42.2 40.4 41.6 39.2 39.4 37.4 37.5 36.4 34.1 33.5 31.8 29.7 26.3 26.6 26.3 26.7 26.3 26.6 26.2 26.8 26.2 26.6 26.9 26.9 26.4 26.9 26.4 25.8 26.7 26.7 41.9 44.0 44.4 43.6 44.8 42.3 42.2 41.3 42.5 41.2 40.8 39.1 39.5 37.3 38.0 35.0 34.8 32.5 31.7 28.7 
Direction:  {46 134} {49 131} {46 134} {43 137} {44 136} {47 133} {47 133} {47 133} {46 134} {49 131} n {48 132} n n n n n n n n n n n n n n n n {47 133} {47 133} {47 133} {47 133} {46 134} {47 133} {46 134} {45 135} {46 134} {46 134} {47 133} {46 134} {47 133} {46 134} {45 135} {46 134} {47 133} {47 133} {46 134} {41 139} n n n n n n n n n n n {41 139} n n n n n n {47 133} {47 133} {46 134} {46 134} {47 133} {46 134} {46 134} {46 134} {47 133} {48 132} {47 133} {47 133} {46 134} {46 134} {47 133} {47 133} {49 131} {46 134} {45 135} {43 137} n n n n n n n n n n n {45 135} n n n n n n {49 131} {47 133} {47 133} {47 133} {47 133} {46 134} {46 134} {46 134} {46 134} {47 133} {47 133} {47 133} {48 132} {47 133} {43 137} {47 133} {47 133} {46 134} {43 137} {45 135} n n n n n n n n n n n n n n n n n n {46 134} {46 134} {47 133} {47 133} {47 133} {46 134} {46 134} {49 131} {46 134} {46 134} {46 134} {48 132} {47 133} {46 134} {48 132} {46 134} {47 133} {47 133} {49 131} {48 132} n n n n n n n n n n {40 140} n n n n n n n {46 134} {47 133} {46 134} {46 134} {46 134} {46 134} {49 131} {48 132} {47 133} {47 133} {47 133} {47 133} {48 132} {47 133} {45 135} {46 134} {45 135} {47 133} {47 133} {47 133}

54.5: Count:   9.5 (  5.4) A:  17.8 [10-60] B:  38.8 [10-142] Phase: 100% 142 (20.2) Direction:  {46 134}
Phase: {764,122,111,133,174,241,249,185,103,118,196,265,108,144,143,194,130,191,127,105,112,172,125,112,224,84,86,179,153,174,147,128,159,137,163,144,146,233,164,175,162,197,186,191,173,306,218,234,251,276,258,299,317,348,359,376,366,332,386,451,492,481,482,593,476,559,674,582,689,665,645,704,848,882,828,907,971,987,824,1137,1053,1170,1210,1216,1362,1316,1364,1344,1448,1354,2237,1444,1812,1763,1965,2021,2115,2113,2255,2451,2513,2603,2333,2838,2803,3062,3043,3499,3432,3174,3775,3947,4095,4333,4641,4688,4640,5835,5602,5840,6200,6500,7137,6921,7607,8204,8560,9121,9159,9914,9970,10753,11208,11395,11373,12544,11881,12850,12747,12915,12528,13164,12838,13152,12756,13108,12767,12142,12582,12326,12116,11756,11524,12052,9963,10161,10343,9631,9261,8370,8246,7362,7757,7206,6460,6160,5856,5707,4922,4935,4699,4287,4024,3942,3723,3352,3269,2846,2799,2422,3458,2122,2298,1998,2105,1990,1812,1753,1637,1563,1489,1427,1138,1238,1183,1101,1026,996,920,724,775,707,752,681,788,576,518,560,480,523,475,424,500,307,342,378,323,343,321,307,234,306,233,220,229,293,145,177,175,182,154,128,127,131,140,117,134,81,122,99,79,104,86,103,51,67,102,50,71,66,57,48,73,89,52,58,53,40,35,68,62,60,62,54,78,59,54,42,44,36,156,47,35,46,33,77,109,74,45,46,65,81,50,56,68,116,72,155,68,61,120,96,148,82,181,88,68,157,146,211,133,135,184,83,203,183,105,232,152,204,117,185,208,160,194,369,211,190,263,275,171,318,171,388,186,285,309,123,254,264,244,374,308,314,173,190,457,215,379,221,250,193,264,386,217,307,232,213,204,486,329,174,192,241,310,371,177,150,110,126}
Count:  14.6  14.4  14.7  14.4  14.0  13.6  12.5  12.7  12.4   5.3   3.7   3.9   3.9   4.1   3.9   3.8   3.8   3.9   3.8   3.9   3.7   3.8   3.9   4.0   3.9   4.1   4.1   4.1  13.6  16.7  16.5  16.3  16.1  16.3  15.9  15.8  15.8  15.5  15.0  15.2  14.4  14.2  13.6  13.0  13.0  12.1  12.1   5.0   4.0   4.0   3.9   3.8   4.1   4.0   4.1   3.8   3.9   4.0   4.0   4.0   4.0   4.0   3.9   3.9   3.9   4.1  13.4  16.5  16.3  16.3  16.2  16.4  15.9  15.8  15.8  15.3  15.1  15.0  14.1  14.2  13.2  13.5  12.2  12.6  12.0   5.6   3.8   3.9   3.9   4.0   4.2   3.8   4.1   3.7   4.0   3.9   4.1   4.3   4.4   3.9   4.1   4.1   4.0   4.0  13.3  16.5  16.5  16.2  16.4  16.1  16.3  15.7  15.9  15.4  14.8  14.5  14.6  13.8  13.1  13.1  12.7  12.8  12.1   5.8   3.8   4.1   4.0   4.1   3.9   4.0   3.8   4.1   4.1   3.8   4.0   3.9   4.0   3.9   3.9   3.7   4.0   3.8  13.4  16.7  16.7  16.4  16.3  16.2  16.0  15.8  15.9  15.0  15.2  14.5  14.1  13.5  13.6  12.9  12.5  12.5  11.8   5.5   3.8   4.3   4.1   4.2   4.0   4.1   3.9   4.0   3.8   3.8   3.8   4.0   3.9   4.1   4.1   3.8   4.0   4.1  13.2  16.5  16.5  16.2  16.2  15.7  15.9  15.8  15.5  15.3  15.2  14.3  14.5  13.4  13.3  12.5  12.7  11.9  12.0   5.9 
A: 19.5 19.1 19.4 18.6 18.4 17.9 17.2 16.9 16.3 13.8 12.4 12.6 12.5 12.7 12.6 12.5 12.4 12.5 12.5 12.7 12.5 12.6 12.5 12.6 12.5 12.4 12.6 12.4 19.9 21.1 20.7 20.8 19.9 20.2 20.2 20.4 19.2 19.8 19.0 19.1 18.8 18.5 17.9 17.9 16.9 16.5 15.8 13.4 12.5 12.4 12.6 12.7 12.6 12.5 12.5 12.6 12.5 12.5 12.5 12.4 12.7 12.3 12.6 12.6 12.6 12.6 20.3 20.5 20.9 20.2 20.5 20.2 19.9 20.0 19.7 19.7 18.9 19.1 18.4 19.0 17.9 17.5 16.6 16.7 15.4 14.2 12.6 12.6 12.5 12.6 12.4 12.6 12.5 12.6 12.5 12.5 12.5 12.5 12.6 12.4 12.4 12.6 12.5 12.5 19.9 20.8 20.8 20.3 20.4 20.3 20.0 20.1 20.3 19.3 19.7 18.7 18.8 18.4 18.2 17.4 17.1 16.3 15.7 14.3 12.3 12.5 12.5 12.6 12.5 12.5 12.6 12.5 12.5 12.7 12.6 12.6 12.5 12.5 12.5 12.5 12.5 12.6 19.6 20.9 20.8 20.1 20.3 20.0 20.2 19.8 19.7 19.4 19.5 18.8 18.9 18.1 18.3 17.3 16.6 16.3 15.5 13.8 12.5 12.5 12.4 12.4 12.5 12.6 12.5 12.4 12.6 12.7 12.6 12.6 12.5 12.7 12.3 12.7 12.6 12.6 19.9 20.6 20.5 20.0 21.0 20.1 19.9 19.5 20.1 19.5 19.5 19.0 18.6 18.3 18.2 17.3 16.7 15.9 15.6 13.7 
B: 42.4 41.6 41.9 40.6 39.4 38.7 37.6 36.5 34.8 29.2 26.7 26.7 26.8 26.0 26.2 26.6 26.1 26.6 26.1 26.8 26.8 26.4 25.6 26.7 26.3 25.5 26.1 26.2 44.7 47.3 46.5 46.3 44.4 45.3 44.9 45.1 41.9 43.2 41.1 41.5 40.6 39.4 38.9 38.4 36.3 35.3 33.6 28.4 26.1 26.8 26.8 26.6 26.3 26.3 26.1 26.5 26.9 26.6 26.8 26.7 26.6 26.4 26.9 26.3 26.3 26.7 45.1 46.0 46.6 45.0 45.8 44.6 44.1 44.0 43.2 43.9 41.4 41.3 39.6 41.3 38.5 38.1 35.4 35.7 32.2 29.6 26.0 26.5 26.5 26.4 25.8 26.2 26.3 26.2 26.8 26.1 26.4 26.3 26.0 25.8 26.6 25.8 25.8 26.2 44.4 46.7 46.5 45.2 45.5 44.8 44.5 44.0 44.6 42.4 43.2 40.6 41.0 39.6 39.2 37.4 36.6 34.4 33.2 30.0 26.0 26.7 26.2 26.4 26.1 26.3 26.6 26.2 26.2 26.4 26.5 26.3 26.1 26.8 26.7 26.7 26.9 26.4 43.9 46.7 46.1 44.6 45.4 44.3 45.1 43.7 43.4 42.5 42.6 41.0 41.1 39.0 39.2 37.9 35.5 34.9 32.5 29.9 26.2 26.4 25.9 25.6 25.8 26.5 26.1 26.9 26.7 26.5 26.4 26.2 26.5 25.9 25.8 26.7 26.1 26.1 44.3 46.2 45.4 44.7 46.8 44.6 43.9 43.1 44.4 42.6 42.4 41.1 40.3 39.4 39.1 37.1 35.9 33.4 32.9 28.6 
Direction:  {49 131} {47 133} {44 136} {47 133} {47 133} {47 133} {45 135} {44 136} {43 137} {45 135} n n n n n n n n n n n n n n n n n n {48 132} {44 136} {47 133} {46 134} {50 130} {46 134} {45 135} {44 136} {46 134} {46 134} {47 133} {47 133} {44 136} {50 130} {45 135} {48 132} {47 133} {45 135} {44 136} {44 136} n n n n n n n n n n n n n n n n n n {44 136} {47 133} {45 135} {48 132} {48 132} {47 133} {47 133} {47 133} {47 133} {47 133} {46 134} {47 133} {48 132} {47 133} {47 133} {47 133} {47 133} {44 136} {45 135} {47 133} n n n n n n n n n n n n n n n n n n {43 137} {46 134} {46 134} {50 130} {47 133} {47 133} {44 136} {46 134} {48 132} {45 135} {47 133} {48 132} {45 135} {48 132} {47 133} {48 132} {47 133} {46 134} {44 136} {43 137} n n n n n n n n n n n n n n {47 133} n n n {47 133} {47 133} {47 133} {47 133} {48 132} {47 133} {44 136} {46 134} {48 132} {44 136} {44 136} {47 133} {45 135} {50 130} {47 133} {47 133} {47 133} {47 133} {44 136} {44 136} n n n n n n n n n n n n n n n n n n {45 135} {48 132} {47 133} {47 133} {46 134} {47 133} {45 135} {47 133} {49 131} {45 135} {49 131} {46 134} {45 135} {44 136} {48 132} {44 136} {50 130} {45 135} {49 131} {50 130}

54.6: Count:   9.8 (  5.4) A:  18.0 [10-60] B:  38.2 [10-140] Phase: 96% 143 (18.3) Direction:  {47 133}  16% 95 ( 6.6) Direction:  {29 151}
Phase: {1521,275,289,302,364,517,499,370,269,293,389,505,230,248,257,322,291,333,271,208,305,277,291,246,381,208,179,306,246,277,274,272,278,186,307,269,255,342,267,359,285,343,333,321,329,439,384,397,348,453,419,474,447,495,523,549,656,512,617,591,609,649,697,808,623,728,844,803,881,816,937,854,1018,1047,925,1066,1070,1119,1064,1293,1265,1300,1316,1304,1387,1465,1477,1484,1628,1400,2336,1520,1905,1820,1962,2059,2093,2146,2240,2525,2399,2491,2371,2760,2705,2865,2862,3217,3713,3058,3643,3553,3968,4084,4385,4555,4069,5657,5491,5606,5928,6365,6811,6402,7054,7649,8171,8704,9019,9407,9553,10766,10574,11238,11088,12549,11634,12691,12784,12970,12740,13319,13564,13446,13139,13361,13240,12667,12770,12580,11904,11732,11486,11760,9689,9818,9758,9128,8726,8252,7661,7028,7212,6452,6050,5749,5404,5358,4501,4692,4288,4275,3754,3521,3362,3275,2944,2780,2716,2279,3260,1927,2066,1994,1972,1857,1794,1604,1559,1559,1416,1418,1119,1299,1104,1138,996,1143,1010,799,830,832,859,712,808,656,487,745,577,547,503,490,507,399,457,450,385,376,379,343,325,299,353,271,258,330,208,222,210,230,202,201,175,187,166,149,174,120,178,142,128,106,120,171,93,93,108,111,103,75,91,69,92,106,75,91,67,71,69,121,82,67,62,72,109,97,67,68,61,48,236,62,56,66,94,121,157,80,77,71,148,199,82,111,77,177,131,244,137,86,147,164,245,192,366,146,114,304,249,283,257,267,267,143,399,320,218,468,259,492,273,453,409,340,374,693,417,370,520,596,362,679,486,844,387,630,662,277,657,574,526,779,573,713,339,378,944,565,791,593,584,458,618,918,493,646,494,466,370,934,725,370,430,431,731,747,452,300,251,284}
Count:  14.7  14.8  14.8  14.2  14.5  13.8  13.1  12.7  12.6   5.4   3.9   4.2   4.1   4.3   4.2   4.3   4.0   4.1   4.1   4.2   4.0   4.4   4.1   4.1   4.2   4.2   4.3   4.2  13.7  17.0  16.8  16.6  16.3  16.5  16.3  16.2  16.0  15.8  15.0  15.6  14.7  14.1  13.7  13.3  13.0  12.1  12.6   5.1   4.4   4.1   4.3   4.3   4.3   4.4   4.3   4.1   4.4   4.1   4.5   4.3   4.4   4.0   4.1   4.4   4.5   4.3  14.0  16.7  16.4  16.4  16.4  16.5  16.3  16.3  15.9  15.4  15.1  15.3  14.5  14.6  13.4  13.5  12.4  12.6  12.2   6.1   4.1   4.2   3.9   4.1   4.5   4.0   4.3   4.1   4.3   4.1   4.6   4.3   4.5   4.0   4.4   4.2   4.3   4.3  13.5  16.9  16.6  16.7  16.7  16.3  16.6  15.8  16.2  15.9  15.3  14.8  14.8  13.8  13.9  13.7  13.3  12.8  12.3   6.0   4.0   4.1   4.0   4.3   4.1   4.3   4.1   4.5   4.3   4.2   4.1   4.3   4.3   4.1   4.2   4.0   4.5   4.1  13.8  17.1  17.0  16.5  16.6  16.6  16.2  15.6  16.0  15.0  15.5  14.7  14.6  13.9  13.7  13.4  12.7  12.9  12.1   5.7   4.0   4.7   4.1   4.5   4.4   4.3   4.1   4.0   4.1   4.3   4.0   4.3   4.5   4.4   4.2   4.3   4.4   4.1  13.5  16.7  16.8  16.4  16.7  16.0  16.3  16.0  15.9  15.5  15.3  14.5  14.8  13.6  13.9  12.5  12.9  12.0  12.3   6.1 
A: 19.8 19.2 19.9 18.8 18.6 18.1 17.3 17.1 16.6 13.8 12.5 12.5 12.5 12.6 12.5 12.5 12.5 12.6 12.5 12.6 12.5 12.4 12.4 12.5 12.3 12.6 12.5 12.5 20.3 21.2 21.1 21.0 20.1 20.4 20.3 20.8 19.6 20.1 19.4 19.1 18.8 19.0 18.2 18.3 16.9 16.5 16.1 13.5 12.4 12.5 12.5 12.6 12.5 12.6 12.6 12.4 12.5 12.4 12.6 12.6 12.5 12.4 12.5 12.5 12.5 12.4 20.3 20.5 21.3 20.5 20.8 20.2 20.4 20.2 19.8 20.1 19.5 19.2 18.7 19.1 18.4 17.7 16.8 16.9 15.6 14.2 12.4 12.6 12.6 12.4 12.4 12.5 12.5 12.5 12.6 12.5 12.4 12.5 12.5 12.3 12.5 12.4 12.5 12.4 20.0 21.3 21.2 20.5 20.7 20.4 20.2 20.1 20.1 19.6 19.8 19.2 19.1 18.8 18.0 17.5 17.6 16.4 15.8 14.2 12.4 12.7 12.5 12.6 12.4 12.5 12.4 12.5 12.6 12.5 12.7 12.6 12.4 12.5 12.3 12.6 12.3 12.5 19.9 21.3 21.1 20.9 20.5 20.4 20.5 20.5 20.1 19.7 19.6 19.2 19.0 18.5 18.4 17.6 16.9 16.3 15.8 13.8 12.6 12.5 12.4 12.4 12.3 12.7 12.5 12.6 12.5 12.5 12.5 12.5 12.4 12.6 12.5 12.5 12.5 12.6 20.1 21.0 20.6 20.5 20.8 20.3 20.3 19.6 20.3 19.6 19.8 19.2 19.1 18.6 18.4 17.5 17.0 16.0 15.8 13.6 
B: 42.4 41.3 42.7 40.4 39.2 38.7 36.8 36.0 34.4 27.9 24.5 24.8 24.4 24.1 24.4 24.4 24.1 24.9 24.2 24.6 24.2 24.4 23.9 24.8 24.2 24.0 24.1 24.3 44.8 47.0 46.5 46.5 44.5 45.0 44.2 45.3 42.3 43.3 42.0 40.8 40.0 40.0 38.6 38.5 35.5 34.3 33.0 26.6 24.0 24.9 25.1 24.8 24.5 24.4 24.1 24.1 24.3 24.1 24.6 24.1 24.6 24.8 24.9 24.6 24.3 24.6 44.8 45.4 47.3 45.1 45.7 44.2 44.7 43.9 43.3 44.0 41.9 41.3 40.0 40.5 38.7 37.6 35.4 35.3 31.9 29.2 24.2 24.3 24.8 24.3 24.2 24.8 23.8 24.7 24.5 24.5 24.0 24.0 24.3 24.1 24.5 23.7 24.2 24.0 44.1 47.0 46.8 45.1 45.5 44.5 44.2 43.9 43.5 42.6 42.6 41.1 40.6 39.5 37.7 37.1 37.0 33.9 32.8 28.4 24.9 25.0 24.6 24.6 24.0 23.8 24.5 24.5 24.8 24.3 24.1 24.7 24.4 24.6 25.0 24.6 24.4 24.1 43.6 47.2 46.1 45.5 45.3 44.7 44.8 44.4 44.0 42.3 42.3 40.9 40.3 38.9 38.7 37.3 35.6 33.7 32.7 27.8 23.3 24.3 24.0 24.0 23.8 24.7 24.5 24.9 24.9 24.7 24.2 24.2 24.4 24.1 24.0 24.4 24.1 24.5 44.1 46.8 45.6 44.9 45.9 44.6 44.5 42.8 44.1 42.2 42.6 41.2 40.6 39.6 39.2 36.5 35.4 33.3 32.6 27.0 
Direction:  {45 135} {46 134} {47 133} {46 134} {47 133} {47 133} {45 135} {47 133} {46 134} {41 139} n n n n n n n n n n n n n n n n n n {47 133} {49 131} {47 133} {48 132} {47 133} {46 134} {47 133} {44 136} {46 134} {47 133} {47 133} {47 133} {46 134} {46 134} {48 132} {44 136} {47 133} {48 132} {44 136} {50 130} n n n n n {42 138} n n n n n n n n n n n n {46 134} {48 132} {47 133} {47 133} {46 134} {46 134} {46 134} {47 133} {47 133} {47 133} {48 132} {46 134} {44 136} {47 133} {48 132} {48 132} {47 133} {44 136} {44 136} {41 139} n n n n n n n n n n n n n n n n n n {47 133} {47 133} {47 133} {47 133} {47 133} {48 132} {48 132} {46 134} {46 134} {46 134} {47 133} {49 131} {47 133} {43 137} {46 134} {47 133} {46 134} {47 133} {42 138} {47 133} n n n n n n n n n n n n n n n n n n {48 132} {48 132} {46 134} {46 134} {47 133} {45 135} {47 133} {47 133} {46 134} {47 133} {47 133} {47 133} {46 134} {46 134} {48 132} {48 132} {47 133} {46 134} {45 135} {49 131} n n n n n n n n n n n n n n n n n n {48 132} {47 133} {46 134} {45 135} {49 131} {46 134} {45 135} {46 134} {47 133} {47 133} {45 135} {48 132} {45 135} {44 136} {47 133} {47 133} {42 138} {42 138} {45 135} {47 133}

54.7: Count:  10.3 (  5.3) A:  17.9 [10-62] B:  36.8 [10-141] Phase: 100% 142 (20.7) Direction:  {46 134}
Phase: {1752,475,434,458,559,705,636,451,420,383,441,522,295,370,330,378,290,400,351,243,328,344,318,296,386,248,217,357,289,346,291,316,327,197,347,336,290,392,381,361,359,427,422,328,330,524,351,434,454,488,422,568,583,587,597,669,608,617,695,730,717,774,786,995,689,834,1014,942,1021,926,1059,943,1180,1238,1099,1307,1249,1357,1152,1478,1456,1515,1502,1467,1666,1702,1809,1581,1909,1528,2659,1697,2024,1970,2232,2297,2440,2378,2486,2676,2723,2793,2558,3037,3069,3247,3124,3649,3741,3355,3841,3979,4242,4391,4633,4676,4444,5552,5627,5765,5999,6376,6916,6910,7507,7972,8156,8637,8976,9413,9443,10056,10497,11029,10630,12000,11385,11964,12229,12241,11830,12394,12703,12266,12280,12299,12177,11695,12056,11729,11489,11248,10947,11039,9207,9578,9398,9132,8698,8133,7777,6984,7175,6744,6193,5907,5532,5367,4604,4682,4421,4171,4069,3714,3400,3353,3204,2962,2777,2429,3510,2040,2295,2101,2072,1967,1883,1663,1593,1638,1380,1548,1226,1281,1125,1135,1055,1172,1073,865,818,897,858,750,748,660,559,732,603,564,534,512,538,382,501,402,393,379,342,377,288,290,285,300,268,391,217,253,242,237,194,207,186,195,171,156,184,152,196,152,129,154,115,206,105,105,170,95,131,121,117,108,118,116,84,94,91,100,69,80,99,84,89,92,123,97,97,88,49,52,248,57,88,64,107,140,152,114,114,89,163,208,105,130,142,182,133,238,176,155,185,212,304,208,409,185,149,374,357,425,358,428,465,310,597,621,399,698,567,739,523,821,772,588,731,1264,756,788,1042,1075,753,1183,1029,1457,1006,1368,1362,800,1383,1286,1255,1510,1321,1584,817,1118,1703,1226,1492,1190,1272,864,1302,1570,1117,1298,1153,983,778,1500,1275,870,753,800,1118,1096,828,613,470,480}
Count:  15.1  15.2  15.1  14.6  14.8  14.1  13.6  13.2  13.1   6.0   4.6   4.8   4.5   5.1   4.5   4.7   4.5   4.7   4.5   4.8   4.8   5.0   4.7   4.7   4.7   4.6   4.8   4.8  14.2  17.3  17.1  17.2  17.1  16.5  16.5  16.8  16.4  16.0  15.4  15.7  14.8  14.6  14.6  13.9  13.4  12.8  12.5   5.7   5.1   4.6   4.9   4.7   5.2   4.9   4.8   4.7   4.8   4.6   4.9   5.0   4.8   4.6   4.7   4.7   4.9   4.8  14.6  17.2  17.0  16.9  16.8  16.7  16.7  16.3  16.4  15.9  15.4  15.6  14.9  14.5  13.7  13.9  12.9  13.2  12.5   6.3   4.8   4.6   4.6   4.9   4.9   4.5   4.8   4.9   4.7   4.9   4.8   4.8   5.1   5.0   5.0   4.9   4.9   5.1  14.2  17.2  16.9  17.0  17.0  16.7  17.0  16.1  16.4  16.1  15.3  15.3  15.3  14.4  14.4  13.7  13.7  13.0  12.5   6.3   4.4   4.8   4.6   4.9   4.9   4.8   4.6   4.9   4.9   4.8   4.9   4.9   4.6   4.3   4.8   4.6   4.8   4.8  14.1  17.4  17.4  17.1  16.9  16.8  16.8  16.2  16.4  15.3  15.9  15.2  14.8  14.2  14.2  13.9  13.1  13.1  12.4   6.0   4.7   5.1   4.8   5.0   5.1   4.8   4.5   4.7   4.7   4.7   4.6   4.8   4.8   5.0   4.6   4.8   4.6   4.5  14.1  17.0  16.9  17.1  17.2  16.6  16.5  16.2  16.2  15.9  15.5  14.7  15.4  13.8  14.3  12.6  13.2  12.2  12.8   6.6 
A: 19.7 19.0 19.6 18.8 18.6 18.0 17.4 17.0 16.6 13.8 12.5 12.6 12.7 12.6 12.8 12.6 12.6 12.5 12.7 12.7 12.5 12.6 12.5 12.6 12.7 12.7 12.6 12.5 20.4 21.1 21.0 21.1 19.9 20.4 20.3 20.7 19.4 20.2 19.8 19.3 18.9 19.3 18.3 18.3 17.0 16.7 16.2 13.5 12.6 12.6 12.7 12.6 12.6 12.6 12.7 12.6 12.6 12.6 12.7 12.6 12.6 12.5 12.6 12.6 12.6 12.6 20.4 20.7 21.2 20.6 20.9 19.9 20.7 20.0 19.9 19.7 19.8 19.1 18.8 19.1 18.4 18.0 17.2 16.7 15.8 14.4 12.4 12.6 12.7 12.5 12.5 12.7 12.6 12.5 12.7 12.4 12.6 12.5 12.5 12.4 12.6 12.5 12.6 12.5 20.0 21.1 21.1 20.7 20.9 20.3 20.3 19.9 20.1 19.5 19.7 19.2 19.5 18.6 18.1 17.7 17.5 16.2 16.2 13.8 12.7 12.6 12.6 12.5 12.4 12.7 12.6 12.6 12.5 12.6 12.6 12.7 12.7 12.6 12.5 12.7 12.5 12.5 20.3 21.3 20.7 20.9 20.5 20.4 20.5 20.2 19.8 19.7 19.5 19.0 18.8 18.4 18.5 17.5 17.0 16.4 15.8 13.6 12.8 12.5 12.5 12.6 12.5 12.6 12.6 12.7 12.4 12.7 12.5 12.5 12.6 12.8 12.8 12.6 12.7 12.7 19.9 21.5 20.5 20.6 20.5 20.9 20.1 19.8 20.4 19.9 19.5 19.0 18.9 19.0 18.3 17.6 16.9 16.2 15.9 13.7 
B: 41.3 40.0 41.2 39.3 38.1 37.3 35.9 34.6 33.5 26.1 22.7 22.9 22.9 22.8 22.5 23.1 22.4 22.9 22.8 22.8 22.4 22.8 22.1 23.1 22.6 22.6 22.8 23.0 44.0 46.0 45.7 45.5 43.4 43.8 43.3 44.3 41.0 43.0 41.9 40.8 39.2 40.2 38.0 37.8 34.4 33.6 32.7 25.4 22.7 22.9 22.6 23.0 22.4 22.7 22.3 23.0 22.7 22.5 22.5 22.3 22.7 23.2 22.8 22.9 22.6 22.4 44.3 45.1 46.4 44.0 45.1 42.6 44.5 42.6 42.8 42.0 41.7 40.4 39.0 39.6 38.1 37.2 34.9 34.2 31.7 27.4 22.1 22.4 23.1 22.4 22.5 22.5 22.3 23.2 23.2 21.9 22.4 22.5 22.3 22.5 22.7 21.9 22.9 22.0 43.2 45.9 46.1 44.9 45.0 43.4 43.6 42.3 42.7 41.4 41.6 39.9 40.9 38.5 37.2 36.2 35.6 32.6 32.0 26.6 23.2 22.8 22.8 22.7 22.5 22.5 22.6 22.7 22.4 22.6 22.7 22.9 22.4 22.7 22.0 23.0 22.8 22.2 43.6 46.3 44.6 44.6 43.9 43.9 43.7 43.2 42.3 41.4 41.0 39.5 38.7 38.2 37.8 36.1 34.6 33.1 31.6 25.2 22.4 22.9 22.0 22.6 22.4 22.6 22.5 22.5 23.0 23.0 22.9 22.7 22.6 22.5 22.3 22.0 22.4 23.1 42.8 46.7 44.2 44.2 44.1 45.0 43.2 42.3 43.2 42.1 41.2 39.7 39.4 39.3 37.6 36.3 34.3 32.7 31.8 26.2 
Direction:  {46 134} {44 136} {46 134} {48 132} {46 134} {46 134} {46 134} {43 137} {49 131} {39 141} n n n n n n n n n n n n n n n n n n {49 131} {46 134} {47 133} {47 133} {46 134} {46 134} {47 133} {44 136} {48 132} {44 136} {46 134} {45 135} {48 132} {45 135} {44 136} {49 131} {44 136} {49 131} {45 135} {46 134} n n n n n n n n n n n n n n n n n n {47 133} {44 136} {47 133} {47 133} {45 135} {47 133} {46 134} {46 134} {48 132} {46 134} {46 134} {47 133} {46 134} {46 134} {44 136} {46 134} {49 131} {44 136} {43 137} {50 130} n n n n n n n n n n n n n n n n n n {46 134} {46 134} {48 132} {47 133} {47 133} {44 136} {46 134} {49 131} {44 136} {46 134} {48 132} {46 134} {45 135} {46 134} {44 136} {45 135} {46 134} {44 136} {47 133} {42 138} n n n n n n n n n n n n n n n n n n {48 132} {48 132} {46 134} {46 134} {47 133} {46 134} {46 134} {44 136} {48 132} {46 134} {47 133} {46 134} {46 134} {46 134} {48 132} {46 134} {44 136} {44 136} {45 135} {46 134} n n n n n n n n n n n n n n n n n n {49 131} {48 132} {46 134} {46 134} {46 134} {46 134} {47 133} {47 133} {46 134} {45 135} {46 134} {50 130} {47 133} {46 134} {47 133} {46 134} {47 133} {48 132} {44 136} {51 129}

54.8: Count:   9.9 (  5.3) A:  17.9 [10-60] B:  36.8 [10-137] Phase: 100% 142 (20.7) Direction:  {46 134}
Phase: {1834,421,381,431,502,699,627,509,427,440,496,495,278,369,362,431,297,431,398,211,308,351,312,296,400,217,213,380,271,346,351,329,358,235,359,317,338,415,356,376,334,418,383,405,351,526,378,459,429,558,463,568,543,607,547,621,669,592,685,724,727,798,817,955,704,844,978,911,1020,909,979,897,1177,1212,1186,1224,1184,1357,1106,1439,1514,1376,1577,1491,1628,1708,1738,1657,1708,1471,2859,1610,2046,2072,2258,2320,2388,2326,2441,2552,2666,2815,2458,2916,2882,3131,3108,3489,3606,3223,3790,4012,4170,4184,4707,4425,4253,5652,5455,5720,5941,6188,6673,6592,7518,7892,8198,8699,9094,9338,9473,10222,10426,10852,10707,11916,11113,11879,11995,11911,11650,12378,11989,12168,11931,11919,11783,11416,11452,11316,10775,10948,10625,11000,9154,9286,9405,8809,8580,8151,7341,6791,7330,6657,5901,5961,5207,5188,4399,4697,4364,4110,3790,3551,3457,3218,3184,2855,2694,2069,3304,1980,2062,1942,1855,1872,1768,1644,1434,1599,1348,1387,1118,1151,1090,1034,925,1016,973,756,791,769,793,694,749,608,468,625,521,532,472,406,471,353,397,357,335,388,360,317,288,270,326,219,207,353,230,222,224,223,162,219,168,188,149,181,177,128,131,148,149,151,97,152,86,100,132,102,131,92,112,74,90,80,120,92,88,62,85,107,97,64,65,57,90,96,80,72,69,56,207,60,73,50,81,100,94,97,104,68,146,153,85,109,133,176,120,178,144,126,189,197,212,183,321,177,142,343,235,369,278,368,414,260,499,481,368,604,502,647,453,615,695,579,617,1099,665,693,929,980,725,1067,856,1233,851,1166,1273,704,1191,1072,1013,1358,1059,1427,658,877,1639,1041,1307,1130,1212,701,1138,1405,824,1208,992,794,678,1456,1269,883,707,742,991,1142,793,599,470,465}
Count:  14.8  14.6  15.0  14.2  14.3  13.5  12.9  12.7  12.7   5.7   4.3   4.5   4.2   4.8   4.3   4.4   4.3   4.2   4.4   4.4   4.7   4.6   4.3   4.5   4.3   4.3   4.6   4.7  13.8  17.0  16.5  16.5  16.7  16.3  16.3  16.3  15.9  16.1  15.2  15.0  14.4  14.6  13.9  13.3  12.6  12.7  12.1   5.5   4.7   4.2   4.4   4.5   4.9   4.4   4.6   4.4   4.3   4.5   4.5   4.5   4.6   4.5   4.6   4.5   4.7   4.7  14.1  16.8  16.9  16.8  16.4  16.5  16.6  16.1  15.9  15.6  15.1  15.1  14.7  14.3  13.5  13.4  12.3  12.6  11.9   5.8   4.4   4.6   4.3   4.7   4.3   4.4   4.5   4.5   4.7   4.6   4.7   4.6   4.6   4.5   4.6   4.5   4.4   4.6  14.2  17.0  16.6  16.8  16.7  16.6  16.4  15.7  16.1  15.7  15.5  14.6  15.0  13.8  14.0  13.5  13.2  12.1  11.7   6.2   4.2   4.6   4.1   4.6   4.4   4.5   4.5   4.7   4.2   4.4   4.6   4.5   4.4   4.5   4.5   4.6   4.1   4.5  14.0  17.0  16.9  17.0  16.7  16.5  16.3  16.0  15.7  15.1  15.4  14.9  14.5  13.9  14.1  12.8  12.7  12.4  11.5   5.3   4.4   4.6   4.5   4.5   4.7   4.8   4.4   4.4   4.4   4.4   4.5   4.6   4.5   4.6   4.8   4.7   4.7   4.3  13.7  17.0  16.6  16.9  16.6  16.3  15.9  15.7  15.8  15.4  14.8  14.5  14.4  13.7  13.7  12.3  12.8  11.6  12.1   6.1 
A: 19.6 19.3 19.8 18.8 18.5 18.0 17.6 17.1 16.7 13.7 12.5 12.4 12.5 12.5 12.5 12.5 12.4 12.4 12.4 12.7 12.4 12.5 12.4 12.7 12.6 12.5 12.5 12.3 20.7 21.0 21.3 21.4 20.2 20.2 20.0 20.7 19.8 20.0 19.7 19.5 18.9 19.4 18.3 18.1 17.0 16.9 16.0 13.5 12.4 12.5 12.5 12.5 12.4 12.7 12.4 12.6 12.5 12.5 12.6 12.5 12.5 12.5 12.4 12.4 12.4 12.5 20.6 20.9 20.9 20.3 21.1 20.2 20.6 19.8 20.0 19.3 19.9 19.2 18.9 19.1 18.5 17.9 17.0 16.6 16.1 14.6 12.4 12.5 12.5 12.4 12.3 12.4 12.5 12.6 12.5 12.3 12.5 12.5 12.4 12.5 12.5 12.5 12.5 12.4 20.2 21.0 21.1 20.9 20.8 20.4 20.7 20.2 20.5 19.3 19.7 19.0 19.7 18.5 18.2 17.7 17.4 16.4 16.1 13.5 12.5 12.5 12.5 12.5 12.5 12.6 12.4 12.5 12.4 12.6 12.4 12.6 12.4 12.4 12.5 12.4 12.5 12.4 20.3 21.1 21.0 20.8 20.5 20.3 20.6 20.3 19.9 19.7 19.6 19.0 19.4 18.4 18.4 17.8 17.2 16.6 15.7 13.2 12.5 12.5 12.3 12.5 12.4 12.4 12.4 12.5 12.5 12.5 12.5 12.4 12.4 12.7 12.5 12.6 12.4 12.6 20.1 21.3 20.5 20.7 20.3 21.1 19.9 20.0 20.1 20.2 19.9 19.1 19.0 18.5 18.2 17.8 17.0 16.2 16.0 13.6 
B: 41.2 40.2 41.4 39.1 37.9 37.3 36.0 34.6 33.1 25.3 22.2 22.7 22.9 22.2 21.8 23.2 22.4 22.4 22.4 22.7 21.8 22.1 22.3 22.3 22.1 22.9 21.8 22.6 44.9 45.2 46.6 45.8 43.9 43.3 42.5 44.2 42.0 42.5 41.6 41.2 39.6 40.2 37.6 37.5 34.6 34.3 31.8 25.8 22.1 22.1 22.7 22.2 21.9 22.1 22.4 22.1 22.1 22.3 22.8 21.9 22.1 22.5 22.6 22.4 22.2 21.7 44.6 45.5 45.3 43.4 45.5 43.3 43.8 42.1 42.6 40.6 41.8 40.1 39.1 39.3 38.6 36.7 34.3 33.5 31.9 28.0 21.9 22.2 22.4 21.7 22.3 22.5 21.6 22.5 22.5 21.2 22.2 22.3 21.9 21.9 21.6 22.4 22.0 22.1 43.4 45.2 45.6 45.0 45.0 43.2 44.6 42.7 43.4 40.8 41.4 39.3 41.1 38.2 37.5 35.8 35.2 32.9 31.8 25.1 22.1 22.6 22.3 22.4 21.8 22.4 21.9 22.1 22.1 22.5 22.3 22.9 22.2 22.2 22.2 22.1 22.5 22.2 43.9 45.8 45.3 44.7 43.7 43.6 43.6 43.0 42.3 41.4 41.1 39.4 39.9 38.0 37.5 36.6 34.7 33.5 30.5 24.6 22.1 22.3 22.2 21.9 22.1 22.0 22.3 22.2 22.2 22.1 22.3 22.1 21.5 22.4 22.2 21.8 21.6 22.2 43.4 46.2 44.0 44.4 43.6 45.1 42.2 42.4 42.4 43.0 41.8 39.8 39.6 38.3 37.5 36.2 34.4 32.2 31.7 25.6 
Direction:  {46 134} {46 134} {43 137} {43 137} {44 136} {47 133} {47 133} {46 134} {47 133} n n n n n n n n n n n n n n n n n n n {47 133} {47 133} {47 133} {46 134} {46 134} {45 135} {49 131} {47 133} {46 134} {47 133} {46 134} {46 134} {44 136} {46 134} {46 134} {49 131} {47 133} {47 133} {49 131} {41 139} n n n n n n n n n n n n n n n n n n {46 134} {45 135} {43 137} {48 132} {45 135} {46 134} {46 134} {46 134} {47 133} {46 134} {47 133} {46 134} {47 133} {45 135} {49 131} {46 134} {45 135} {45 135} {44 136} {45 135} n n n n n n n n n n n n n n n n n n {48 132} {46 134} {48 132} {46 134} {46 134} {47 133} {47 133} {47 133} {46 134} {48 132} {47 133} {47 133} {46 134} {44 136} {47 133} {46 134} {43 137} {45 135} {43 137} {44 136} n n n n n n n n n n n n n n n n n n {45 135} {46 134} {44 136} {47 133} {47 133} {46 134} {46 134} {47 133} {47 133} {48 132} {43 137} {47 133} {43 137} {47 133} {46 134} {47 133} {47 133} {45 135} {44 136} n n n n n n n n n n n n n n n n n n n {46 134} {44 136} {44 136} {47 133} {45 135} {46 134} {47 133} {47 133} {47 133} {46 134} {44 136} {44 136} {45 135} {43 137} {47 133} {44 136} {45 135} {47 133} {45 135} {49 131}

54.9: Count:   8.8 (  5.2) A:  18.3 [10-58] B:  38.5 [10-137] Phase: 100% 142 (18.6) Direction:  {46 134}
Phase: {777,148,123,200,154,314,303,201,170,183,256,285,171,172,154,192,201,258,208,114,175,197,211,174,242,144,146,234,167,230,171,178,201,177,255,244,218,283,207,242,232,295,353,292,264,397,293,284,371,439,358,483,439,449,403,460,558,369,550,581,583,649,586,777,589,670,793,750,800,813,824,808,988,1042,910,1039,1070,1125,929,1188,1289,1258,1348,1340,1388,1503,1402,1425,1535,1183,2543,1443,1665,1766,1957,1971,2081,2022,2054,2246,2244,2444,2151,2696,2674,2961,2838,3044,3296,3003,3327,3455,4013,3872,4174,4258,3898,5214,5067,5328,5569,5917,6501,6181,7019,7446,7882,8054,8696,9286,9142,9910,9983,10771,10571,11874,11065,11862,12069,12350,12172,12618,12834,12723,12705,12520,12134,11702,12041,11508,11161,10830,10458,10544,8873,9429,9034,8471,8241,7536,7196,6190,6595,6169,5560,5296,4808,4713,3924,4236,3875,3626,3336,3130,3124,2840,2694,2378,2379,1921,3017,1727,1765,1659,1554,1485,1380,1246,1229,1174,1199,1042,865,914,909,780,786,785,719,515,602,568,572,493,536,412,372,430,386,356,376,314,336,242,317,280,251,265,209,244,178,192,187,186,107,208,120,157,118,123,91,128,99,95,88,98,76,84,99,82,81,71,62,91,42,45,97,50,55,46,40,41,56,47,41,42,41,44,43,78,50,38,38,30,45,44,31,40,28,28,108,14,19,32,20,47,63,36,62,33,53,96,30,59,33,88,56,86,76,37,66,75,99,75,159,62,53,122,106,126,121,107,113,79,154,164,107,225,116,221,125,196,236,158,199,329,202,214,197,268,169,318,213,388,194,358,340,150,346,315,270,374,337,373,145,204,504,289,365,314,262,205,327,437,276,395,244,246,209,509,427,203,211,268,366,471,245,193,172,131}
Count:  13.7  13.1  14.0  13.0  13.0  11.9  11.8  11.2  11.3   4.6   3.3   3.5   3.4   3.5   3.3   3.5   3.1   3.4   3.4   3.5   3.6   3.4   3.2   3.3   3.4   3.5   3.4   3.6  13.2  16.1  15.6  15.4  15.5  15.4  15.3  14.9  14.8  14.9  14.0  13.7  12.8  13.3  12.4  11.8  11.1  11.7  10.4   4.5   3.5   3.5   3.4   3.4   3.6   3.6   3.7   3.1   3.4   3.3   3.5   3.4   3.5   3.3   3.6   3.5   3.5   3.6  13.3  15.7  16.0  15.8  15.5  15.4  15.4  15.2  14.9  14.1  14.1  13.7  13.3  13.1  12.4  12.0  11.2  11.1  10.2   4.8   3.7   3.5   3.3   3.3   3.4   3.3   3.4   3.3   3.5   3.4   3.7   3.4   3.7   3.4   3.4   3.3   3.6   3.3  13.1  16.0  15.8  15.6  15.8  15.5  15.2  14.9  15.2  14.8  14.4  13.4  13.7  12.4  12.2  11.7  11.5  10.5  10.3   4.7   3.3   3.6   3.2   3.5   3.4   3.5   3.3   3.5   3.0   3.5   3.3   3.6   3.3   3.5   3.6   3.5   3.2   3.5  13.1  16.2  15.9  15.8  15.5  15.3  15.3  15.0  14.4  14.1  14.3  13.9  13.0  12.5  12.7  11.2  11.3  10.8  10.1   4.2   3.4   3.4   3.5   3.6   3.5   3.7   3.4   3.4   3.4   3.4   3.3   3.5   3.6   3.3   3.6   3.4   3.5   3.5  12.8  15.9  15.3  15.8  15.4  15.5  14.8  15.1  14.6  14.6  14.1  13.6  13.4  12.2  12.3  11.4  11.5  10.2  10.4   4.7 
A: 19.6 19.5 20.1 18.8 19.0 18.2 18.1 17.0 16.7 13.7 12.4 12.5 12.5 12.4 12.5 12.4 12.5 12.4 12.4 12.5 12.4 12.5 12.5 12.7 12.6 12.5 12.6 12.5 21.0 21.1 21.4 21.7 20.7 20.3 20.2 20.8 20.3 20.2 19.8 19.8 19.3 19.4 18.7 18.6 17.1 17.1 16.1 13.8 12.6 12.5 12.4 12.5 12.4 12.6 12.5 12.5 12.5 12.5 12.6 12.4 12.3 12.5 12.3 12.4 12.4 12.4 20.7 21.3 21.2 20.3 21.0 20.3 20.8 19.8 20.3 19.7 20.6 19.3 19.3 19.1 18.7 18.4 17.2 16.6 16.2 14.3 12.4 12.5 12.5 12.6 12.3 12.6 12.5 12.6 12.4 12.4 12.5 12.6 12.3 12.5 12.6 12.6 12.3 12.5 20.6 21.1 21.0 20.6 20.8 20.4 20.8 20.3 20.8 19.8 20.0 19.5 19.9 18.6 18.4 18.4 17.5 16.7 16.2 13.5 12.4 12.5 12.6 12.4 12.5 12.5 12.4 12.5 12.5 12.3 12.6 12.4 12.5 12.3 12.3 12.2 12.3 12.4 20.8 21.1 20.9 20.8 20.7 20.5 20.4 20.3 20.1 19.9 19.8 19.3 19.9 18.9 18.8 17.9 17.6 16.5 15.7 13.2 12.5 12.4 12.3 12.3 12.5 12.5 12.4 12.5 12.4 12.6 12.3 12.5 12.3 12.6 12.6 12.4 12.4 12.4 20.5 21.2 20.6 21.2 20.3 21.0 20.1 20.1 20.0 20.2 20.0 19.5 19.1 18.6 18.8 18.1 17.0 16.4 16.1 14.0 
B: 42.0 41.4 43.0 39.8 40.4 38.2 37.8 35.4 33.6 27.6 23.6 23.5 23.4 23.7 23.3 23.9 23.5 23.3 23.4 23.2 23.0 23.7 23.6 23.9 23.6 23.2 23.6 23.3 46.3 46.2 46.9 47.1 45.5 44.4 43.4 45.0 44.0 43.6 42.5 42.2 40.6 40.9 39.5 38.7 35.4 35.2 32.4 27.3 23.5 23.8 23.7 23.2 23.6 22.9 23.6 23.5 23.9 23.5 24.1 23.8 23.2 23.4 23.6 23.5 23.4 23.0 45.0 47.0 46.3 43.9 45.5 44.0 45.1 42.6 43.7 42.1 43.9 40.6 40.7 40.0 39.5 38.4 35.2 34.2 32.7 28.5 22.8 23.2 23.5 23.9 23.8 23.3 23.3 23.4 23.8 23.1 22.9 23.4 23.3 23.5 23.3 23.6 22.9 23.1 45.1 46.1 45.9 45.3 45.3 44.4 45.3 43.6 44.5 42.1 42.4 41.0 41.9 38.5 38.1 37.8 36.2 34.2 33.0 26.4 23.1 24.0 23.6 23.3 23.2 23.5 23.7 23.4 23.4 23.0 23.6 23.7 23.3 23.7 23.7 23.5 22.9 23.1 45.6 46.4 45.8 45.3 44.8 44.6 44.3 43.7 43.0 42.4 42.4 40.5 41.9 39.5 39.3 37.3 37.1 33.2 31.5 25.7 23.4 23.4 22.8 23.7 23.5 23.4 23.8 23.5 23.7 23.7 23.5 23.4 23.0 23.0 23.4 23.0 23.0 23.5 44.9 46.6 44.9 46.3 44.1 45.8 43.2 43.4 42.6 43.3 42.5 41.2 40.4 39.2 39.2 37.1 35.3 33.1 32.2 26.9 
Direction:  {47 133} {43 137} {45 135} {44 136} {48 132} {46 134} {44 136} {44 136} {47 133} {38 142} n n n n n n n n n n n n n n n n n n {46 134} {44 136} {48 132} {46 134} {48 132} {46 134} {49 131} {45 135} {46 134} {46 134} {47 133} {45 135} {46 134} {49 131} {46 134} {46 134} {47 133} {47 133} {45 135} {44 136} n n n n n n n n n n n n n n n n n n {46 134} {46 134} {46 134} {46 134} {46 134} {47 133} {46 134} {47 133} {45 135} {46 134} {45 135} {46 134} {46 134} {45 135} {47 133} {49 131} {46 134} {47 133} {45 135} {47 133} n n n n n n n n n n n n n n n n n n {46 134} {45 135} {48 132} {46 134} {45 135} {44 136} {46 134} {46 134} {47 133} {44 136} {48 132} {45 135} {45 135} {47 133} {47 133} {46 134} {46 134} {46 134} {44 136} n n n n n n n n n n n n n n n n n n n {46 134} {46 134} {43 137} {47 133} {45 135} {46 134} {46 134} {46 134} {47 133} {45 135} {49 131} {44 136} {46 134} {45 135} {46 134} {45 135} {45 135} {45 135} {43 137} n n n n n n n n n n n n n n n n n n n {45 135} {45 135} {45 135} {46 134} {44 136} {47 133} {47 133} {47 133} {46 134} {47 133} {47 133} {45 135} {45 135} {44 136} {46 134} {44 136} {46 134} {43 137} {43 137} {48 132}

55.0: Count:   8.2 (  5.2) A:  18.3 [10-57] B:  38.7 [10-143] Phase: 100% 142 (16.9) Direction:  {46 134}
Phase: {716,118,95,124,178,293,279,190,172,137,190,265,117,142,160,180,146,239,179,128,164,171,179,169,246,147,122,224,194,209,171,162,188,143,240,216,196,258,200,236,239,262,285,269,258,408,286,298,341,334,319,409,352,379,413,418,474,391,532,502,500,588,566,641,495,544,711,636,722,700,688,707,895,870,783,930,938,1018,800,1073,1038,1112,1103,1061,1174,1308,1157,1268,1322,1155,2160,1186,1480,1526,1668,1628,1687,1817,1790,2007,2071,2130,1972,2236,2175,2472,2388,2643,2786,2500,2976,3072,3219,3358,3777,3665,3491,4703,4598,4801,4928,5323,5766,5617,6315,7042,7300,7803,8315,8639,8798,9755,10240,10818,10519,12128,11446,12445,12692,12544,12715,13264,13141,12770,13204,12678,12850,12029,12311,11581,11312,10780,10590,10665,8586,8990,8546,8109,7822,7062,6657,5783,6107,5654,4855,4722,4317,4326,3528,3736,3364,3167,2864,2679,2567,2475,2242,2091,1855,1571,2401,1376,1403,1303,1316,1197,1184,1127,966,966,853,885,718,816,688,697,636,639,575,439,448,452,435,385,430,345,283,375,279,293,294,261,241,165,229,200,211,203,159,170,144,146,172,126,103,160,110,94,127,118,78,94,59,90,63,83,80,58,77,65,58,58,51,78,42,40,48,35,43,48,35,28,39,42,28,29,42,27,16,26,34,19,24,35,37,32,25,18,8,14,74,10,23,19,17,33,41,26,30,13,37,51,23,22,35,42,39,57,39,27,44,47,57,41,95,37,33,71,78,88,56,81,80,54,92,81,35,111,72,116,73,121,101,89,108,193,113,90,142,150,89,193,142,193,129,187,209,89,211,155,157,221,202,242,118,96,323,182,235,205,180,150,195,323,214,231,158,178,139,380,266,164,147,194,292,295,197,158,122,128}
Count:  13.0  12.7  12.9  12.3  12.5  11.3  10.7  10.1  10.1   3.6   2.9   3.0   2.9   3.1   3.0   2.9   2.8   3.0   2.9   3.1   3.0   3.1   2.9   2.9   2.9   2.9   3.0   3.1  12.7  15.4  15.4  15.0  15.1  14.4  14.7  14.4  14.3  14.3  13.2  13.2  12.1  12.3  11.5  11.5  10.5  10.4   9.3   3.6   3.0   3.0   2.9   3.1   3.2   3.3   3.1   2.8   2.9   2.8   2.9   3.0   3.1   2.8   3.1   3.0   3.1   3.0  12.9  15.3  15.2  15.2  15.0  14.8  14.8  14.5  14.3  13.8  13.5  12.7  12.8  12.3  11.7  10.7   9.9   9.9   9.2   4.1   3.1   2.8   3.0   3.0   3.0   3.1   2.9   3.0   3.0   3.1   3.1   3.0   2.9   2.9   2.8   2.9   3.0   2.8  12.9  15.4  15.4  15.1  15.2  15.1  14.5  14.3  14.6  14.1  13.8  12.5  12.8  11.7  11.7  10.8  10.7   9.4   9.6   3.9   2.9   3.0   3.0   2.9   2.8   3.1   2.9   3.1   2.9   3.0   3.0   3.0   2.9   3.1   2.9   3.0   2.8   3.2  12.4  15.5  15.3  15.2  15.1  15.0  14.6  14.2  14.1  13.5  13.6  12.9  12.6  11.8  11.9  10.4  10.3   9.7   9.1   3.6   3.1   3.0   3.0   3.2   3.2   3.0   2.8   3.1   2.7   2.9   3.0   3.1   3.0   3.0   3.1   3.1   3.1   2.8  12.5  15.3  15.1  15.3  14.8  15.0  14.0  14.5  14.1  14.2  13.4  13.0  12.4  11.6  11.6  10.6  10.3   9.3   9.1   4.0 
A: 19.5 19.6 19.9 18.9 19.2 18.1 18.3 16.9 16.5 13.7 12.5 12.4 12.7 12.6 12.6 12.5 12.6 12.5 12.5 12.5 12.5 12.5 12.6 12.6 12.7 12.6 12.7 12.5 20.9 21.1 20.9 21.2 20.7 20.3 20.3 20.5 20.2 20.1 19.7 20.0 19.0 19.4 18.9 18.1 17.0 16.9 15.9 14.1 12.5 12.6 12.5 12.6 12.6 12.5 12.5 12.7 12.5 12.6 12.7 12.6 12.4 12.6 12.5 12.5 12.6 12.4 20.3 20.8 20.9 20.1 20.6 20.5 20.7 19.8 20.1 19.6 20.3 19.7 19.4 19.0 18.5 18.3 17.2 16.6 15.9 14.4 12.4 12.7 12.6 12.6 12.4 12.5 12.4 12.5 12.7 12.4 12.6 12.7 12.6 12.8 12.5 12.6 12.7 12.4 20.4 20.9 20.5 20.9 20.5 20.2 20.5 20.0 20.7 19.6 19.7 19.3 19.3 18.7 18.2 18.3 17.1 16.8 15.9 13.2 12.4 12.5 12.4 12.4 12.6 12.5 12.6 12.4 12.5 12.5 12.3 12.4 12.6 12.6 12.6 12.5 12.5 12.6 20.8 20.7 20.6 20.8 20.3 20.2 20.2 20.7 20.0 19.7 19.7 19.3 19.6 18.7 18.3 18.0 18.0 16.1 15.5 13.1 12.5 12.5 12.5 12.4 12.6 12.5 12.3 12.5 12.6 12.6 12.3 12.4 12.5 12.5 12.5 12.3 12.5 12.5 20.3 21.1 20.3 20.8 20.1 20.8 20.2 20.1 19.7 20.5 19.9 19.5 18.9 18.7 18.9 17.7 17.0 16.2 16.0 14.2 
B: 41.2 41.9 42.7 39.8 40.8 38.1 39.0 34.9 33.7 27.0 23.9 23.6 23.7 23.4 23.7 23.4 23.8 23.7 23.8 23.0 23.7 23.6 23.2 24.4 23.6 23.5 23.5 23.2 45.8 46.3 46.0 46.4 45.2 44.3 44.0 44.3 43.8 43.5 42.4 42.8 40.2 40.9 40.0 38.1 34.9 34.8 32.0 27.5 23.0 23.3 23.5 23.5 23.7 23.3 23.3 23.8 24.1 24.0 24.1 23.7 23.1 23.6 24.1 23.3 23.9 22.8 44.7 45.8 46.0 43.9 45.0 44.5 44.8 42.7 43.3 41.9 43.5 41.8 41.2 40.0 38.7 38.5 35.8 34.1 32.2 28.1 23.1 23.7 23.6 23.7 23.5 23.6 24.1 23.6 24.0 23.4 23.1 23.4 23.5 23.5 23.4 24.1 23.7 22.9 44.7 46.0 45.2 46.0 44.6 44.2 44.6 43.3 45.3 41.9 42.3 40.8 41.0 39.1 38.3 38.4 35.4 34.5 32.5 25.6 23.3 24.0 23.2 23.2 23.4 23.7 23.4 23.4 23.8 23.9 23.6 23.5 24.2 23.6 24.0 23.3 23.5 23.7 45.6 45.5 45.4 45.6 44.0 43.9 43.6 44.9 42.9 42.5 41.9 40.7 41.6 39.6 38.0 37.3 37.5 32.2 31.3 25.6 23.4 23.7 23.3 23.6 22.9 23.6 24.3 23.6 23.7 24.1 23.7 23.6 23.1 23.3 23.3 23.1 23.4 23.2 44.9 46.5 44.2 45.9 43.4 45.1 43.7 43.3 42.6 44.0 42.4 41.6 40.0 39.2 39.5 36.6 35.4 32.7 32.5 27.2 
Direction:  {45 135} {44 136} {46 134} {45 135} {46 134} {48 132} {47 133} {43 137} {44 136} n n n n n n n n n n n n n n n n n n n {46 134} {46 134} {45 135} {47 133} {46 134} {47 133} {46 134} {46 134} {44 136} {44 136} {45 135} {46 134} {46 134} {46 134} {46 134} {45 135} {47 133} {46 134} {44 136} n n n n n n n n n n n n n n n n n n n {48 132} {44 136} {47 133} {45 135} {46 134} {47 133} {46 134} {46 134} {46 134} {46 134} {48 132} {47 133} {44 136} {47 133} {46 134} {47 133} {47 133} {44 136} {43 137} {48 132} n n n n n n n n n n n n n n n n n n {46 134} {46 134} {48 132} {45 135} {45 135} {44 136} {46 134} {46 134} {46 134} {45 135} {45 135} {46 134} {45 135} {47 133} {45 135} {43 137} {47 133} {44 136} {46 134} {47 133} n n n n n n n n n n n n n n n n n n {46 134} {48 132} {47 133} {46 134} {46 134} {44 136} {46 134} {45 135} {48 132} {46 134} {47 133} {45 135} {45 135} {45 135} {47 133} {45 135} {47 133} {46 134} {44 136} n n n n n n n n n n n n n n n n n n n {44 136} {47 133} {44 136} {45 135} {46 134} {46 134} {45 135} {45 135} {47 133} {47 133} {47 133} {47 133} {47 133} {45 135} {44 136} {44 136} {44 136} {46 134} {43 137} {45 135}

55.1: Count:   8.4 (  5.0) A:  17.7 [10-59] B:  36.5 [10-129] Phase: 100% 142 (17.1) Direction:  {46 134}
Phase: {1913,340,330,371,492,789,724,484,357,402,639,661,374,325,445,487,340,556,428,314,391,405,470,359,490,321,270,483,328,476,313,395,374,285,487,340,339,448,388,488,379,438,379,395,433,538,447,507,496,527,447,563,535,572,535,564,665,533,731,616,635,725,759,809,628,654,893,869,863,906,884,789,988,1034,877,995,1022,1090,896,1204,1197,1217,1216,1228,1269,1271,1424,1392,1301,1245,2359,1291,1484,1694,1648,1792,1797,1764,1915,2087,2031,2171,1934,2461,2256,2393,2392,2686,2984,2711,2919,3233,3389,3522,3634,3755,3358,4638,4457,4731,4878,5363,5805,5530,6457,6729,6996,7548,7821,8559,8340,9171,9556,10284,10058,11584,10932,11774,12007,12209,12159,12528,12674,12391,12571,12442,11759,11519,11743,10903,10594,10523,9841,9877,8388,8501,8260,7578,7087,6632,6214,5425,5733,5176,4767,4512,4369,4032,3367,3526,3263,3120,2805,2653,2531,2437,2249,2056,1889,1573,2335,1409,1387,1414,1337,1130,1208,1034,1012,959,933,943,685,791,671,750,668,671,637,473,507,516,439,433,462,381,325,433,357,367,367,295,308,207,268,248,256,302,236,238,178,198,206,178,132,200,162,137,172,154,125,143,136,130,105,98,144,76,79,93,71,81,87,94,55,72,85,65,88,45,67,41,68,76,56,60,43,38,23,60,55,42,37,36,65,50,38,27,38,27,106,34,23,33,29,58,44,28,44,41,69,63,35,40,48,48,43,83,70,41,66,73,86,55,145,55,53,125,85,124,78,121,131,85,162,138,102,240,143,210,117,207,203,189,195,346,254,207,325,299,190,395,257,453,246,432,400,205,493,372,397,578,495,596,269,322,724,408,610,552,523,361,540,807,528,655,504,421,404,845,813,414,481,628,785,911,582,408,335,360}
Count:  13.2  12.8  12.9  12.2  12.6  11.2  10.9   9.8   9.8   3.7   3.4   3.2   3.3   3.5   3.3   3.3   3.4   3.2   3.3   3.3   3.3   3.6   3.4   3.2   3.3   3.5   3.4   3.5  12.9  15.6  15.4  15.1  15.5  14.8  15.0  14.7  14.7  14.3  13.4  13.5  12.1  12.5  11.6  11.5  10.0  10.0   8.9   4.1   3.4   3.4   3.3   3.4   3.6   3.5   3.3   3.2   3.4   3.3   3.3   3.4   3.5   3.1   3.4   3.3   3.6   3.2  13.1  15.4  15.4  15.1  15.3  15.0  15.0  14.5  14.6  14.1  13.8  12.8  12.9  11.9  11.5  10.8  10.1   9.6   9.4   4.2   3.5   3.3   3.3   3.3   3.3   3.3   3.2   3.3   3.3   3.3   3.6   3.4   3.4   3.4   3.3   3.4   3.4   3.5  12.9  15.5  15.6  15.3  15.2  15.4  14.6  14.4  14.5  14.2  13.7  12.6  12.7  11.7  11.3  10.8  10.3   9.5   9.5   4.1   3.1   3.3   3.2   3.4   3.1   3.4   3.3   3.6   3.3   3.3   3.4   3.3   3.4   3.5   3.1   3.3   3.1   3.4  12.8  15.7  15.3  15.6  15.4  15.1  14.9  14.7  14.1  13.9  13.7  13.0  12.5  11.9  11.4  10.4  10.2   9.4   9.1   3.7   3.5   3.4   3.4   3.5   3.5   3.4   3.2   3.3   3.1   3.4   3.1   3.4   3.3   3.5   3.4   3.3   3.3   3.3  12.6  15.6  15.2  15.4  15.0  15.2  14.2  14.7  14.4  13.8  13.5  13.4  12.5  11.6  11.4  10.4  10.1   9.2   9.3   4.3 
A: 18.8 19.1 19.3 18.5 18.6 17.7 18.0 16.3 16.1 13.9 12.6 12.4 12.5 12.6 12.4 12.3 12.5 12.5 12.6 12.5 12.4 12.4 12.2 12.4 12.4 12.6 12.3 12.4 20.4 20.5 20.3 20.5 20.0 19.3 19.2 19.6 19.6 19.4 19.5 19.4 18.3 18.6 18.5 17.7 16.6 16.5 15.5 13.7 12.3 12.5 12.4 12.6 12.3 12.3 12.5 12.5 12.4 12.4 12.5 12.3 12.5 12.5 12.3 12.4 12.3 12.4 19.7 20.0 20.3 19.6 20.0 19.9 20.1 18.9 19.3 18.9 19.9 19.2 19.0 18.4 18.1 18.1 16.8 15.7 15.7 13.8 12.4 12.6 12.5 12.6 12.4 12.5 12.4 12.4 12.4 12.3 12.6 12.6 12.5 12.5 12.5 12.5 12.4 12.3 19.9 20.4 19.8 20.3 19.9 19.6 19.9 19.5 19.8 19.1 19.0 18.7 18.9 18.0 18.0 17.5 17.0 16.5 15.4 13.2 12.4 12.3 12.4 12.3 12.5 12.4 12.5 12.3 12.5 12.3 12.3 12.4 12.3 12.4 12.5 12.5 12.5 12.5 20.0 20.0 20.0 20.3 19.9 19.8 19.6 19.8 19.4 19.3 19.3 18.9 19.1 18.2 17.7 17.3 16.9 15.8 15.3 12.9 12.3 12.5 12.3 12.4 12.4 12.4 12.3 12.3 12.5 12.5 12.4 12.4 12.4 12.4 12.5 12.4 12.4 12.5 19.9 20.3 19.8 20.2 19.7 20.0 19.5 19.8 18.8 19.9 19.3 19.0 18.7 18.2 17.9 17.2 16.6 15.9 15.3 13.8 
B: 38.9 40.0 40.8 38.5 39.0 36.5 37.4 32.6 31.9 25.4 22.4 22.4 21.8 21.7 21.7 21.5 21.6 22.0 21.6 21.8 22.0 22.0 21.3 22.5 21.6 22.0 21.6 21.7 44.2 44.2 43.9 44.3 42.9 41.1 41.0 41.7 41.3 41.3 41.0 41.3 37.9 38.6 38.1 36.5 33.4 33.4 30.5 25.2 22.0 21.8 21.9 21.8 21.7 21.5 21.8 21.3 21.8 21.8 22.3 21.5 22.0 21.8 21.7 22.0 21.6 21.3 43.0 43.7 43.9 42.4 42.8 42.5 42.7 40.1 41.2 39.4 41.8 40.3 39.7 38.0 37.4 36.8 33.8 30.8 31.0 24.9 21.6 21.7 21.8 22.3 21.8 22.0 21.8 21.9 22.5 21.4 21.4 21.7 21.4 21.6 21.8 21.8 21.7 21.3 43.0 44.6 42.6 43.3 43.1 42.4 42.4 41.2 42.4 40.6 39.9 39.1 39.2 36.8 37.4 35.6 34.3 33.5 30.0 23.9 22.0 22.2 21.8 21.9 22.0 21.7 22.2 21.7 21.9 22.3 21.6 21.7 21.5 21.8 21.7 21.8 21.8 21.8 43.0 43.5 43.3 44.1 42.8 42.4 41.9 42.3 41.1 40.8 40.4 39.1 40.1 37.7 35.9 34.8 34.1 31.4 29.8 23.5 21.6 22.0 21.0 21.9 21.4 21.8 22.1 22.0 21.9 21.8 22.0 21.4 21.2 21.7 21.2 21.7 22.0 21.9 43.2 43.9 42.9 43.6 41.9 43.0 41.3 42.0 40.0 42.2 40.3 39.7 38.5 37.4 37.2 34.8 33.7 31.2 29.9 25.3 
Direction:  {46 134} {44 136} {44 136} {47 133} {46 134} {46 134} {43 137} {46 134} {45 135} n n n n n n n n n n n n n n n n n n n {45 135} {47 133} {46 134} {45 135} {46 134} {46 134} {45 135} {44 136} {45 135} {46 134} {46 134} {46 134} {46 134} {45 135} {46 134} {46 134} {46 134} {45 135} {46 134} n n n n n n n n n n n n n n n n n n n {47 133} {46 134} {46 134} {44 136} {46 134} {45 135} {48 132} {46 134} {44 136} {46 134} {46 134} {46 134} {46 134} {46 134} {46 134} {46 134} {47 133} {47 133} {47 133} {48 132} n n n n n n n n n n n n n n n n n n {47 133} {45 135} {45 135} {48 132} {45 135} {48 132} {45 135} {46 134} {46 134} {45 135} {48 132} {46 134} {46 134} {44 136} {46 134} {43 137} {44 136} {44 136} {43 137} n n n n n n n n n n n n n n n n n n n {46 134} {46 134} {44 136} {46 134} {45 135} {48 132} {46 134} {47 133} {45 135} {47 133} {46 134} {46 134} {46 134} {45 135} {46 134} {45 135} {44 136} {43 137} {44 136} n n n n n n n n n n n n n n n n n n n {46 134} {46 134} {46 134} {46 134} {47 133} {48 132} {46 134} {45 135} {45 135} {45 135} {46 134} {47 133} {44 136} {45 135} {45 135} {46 134} {46 134} {48 132} {42 138} {42 138}

55.2: Count:   9.0 (  4.9) A:  17.0 [10-59] B:  33.6 [10-123] Phase: 94% 142 (18.3) Direction:  {46 134}  19% 90 (12.1) Direction:  {27 153}
Phase: {3221,630,617,734,944,1452,1204,885,802,777,1082,1195,644,672,769,960,688,1013,774,565,686,717,755,647,911,520,456,802,684,751,579,589,667,418,697,643,587,743,631,692,523,656,658,643,551,903,605,684,755,749,649,807,786,852,760,876,944,713,914,902,940,1058,1003,1199,824,1085,1258,1108,1271,1201,1190,1068,1404,1419,1295,1406,1403,1513,1275,1685,1576,1694,1588,1684,1766,1887,1755,1611,1821,1542,2980,1624,1904,2088,2214,2158,2301,2313,2423,2428,2609,2706,2319,2834,2990,3001,2891,3237,3619,3064,3605,3689,3841,4066,4457,4456,4167,5161,5122,5288,5549,5660,6222,5816,6710,7018,7175,7827,7785,8264,8213,8939,9054,9319,9142,10769,9651,10739,10655,11173,11108,11561,11540,11294,11359,10968,11115,10283,10689,10035,9807,9340,9057,9311,7379,7859,7772,7369,6868,6309,6041,5393,6067,5435,4793,4709,4399,4247,3656,3770,3674,3475,3264,2925,2845,2623,2572,2240,2232,1831,2842,1711,1734,1669,1594,1486,1426,1281,1229,1171,1150,1244,890,923,942,877,821,836,752,629,666,603,649,578,632,541,470,581,463,470,425,482,430,312,375,363,307,378,328,317,237,272,257,222,162,329,188,223,220,212,196,170,143,157,170,177,170,105,161,118,120,119,106,145,101,100,136,123,97,92,98,64,84,107,81,90,97,76,66,94,82,63,63,58,80,58,57,63,48,36,138,36,34,59,33,73,64,66,59,51,85,87,43,63,56,99,56,87,79,39,78,93,106,79,167,73,87,169,109,162,124,128,170,86,187,224,158,270,217,329,139,285,287,236,252,566,325,370,424,485,308,589,417,667,381,554,621,286,743,687,632,868,744,890,424,591,1233,762,1017,940,863,593,922,1310,795,1196,932,853,787,1554,1452,785,759,997,1448,1557,946,777,682,644}
Count:  13.8  13.7  13.6  12.6  12.9  11.4  11.4  10.6  10.2   4.5   4.2   3.9   4.1   4.4   4.0   3.9   4.1   4.2   4.0   4.2   4.1   4.2   4.0   4.0   4.0   4.0   4.0   4.2  13.6  16.0  16.0  15.9  16.0  15.3  15.4  15.0  14.9  14.9  14.3  14.3  12.7  13.1  12.2  12.1  10.7  10.9   9.2   4.9   4.1   3.9   4.2   4.1   4.0   4.3   4.0   4.0   4.4   4.1   4.3   4.0   4.2   4.0   4.1   3.8   4.0   4.3  13.6  15.9  16.0  15.5  15.8  15.7  15.5  15.3  14.9  14.5  14.4  13.4  13.4  12.7  11.9  11.6  10.7   9.9   9.9   5.0   4.1   4.4   4.0   4.0   4.1   4.2   4.2   4.0   4.1   4.1   4.0   4.3   4.2   4.1   4.1   4.2   4.3   4.0  13.5  16.0  16.0  15.9  15.5  15.6  15.4  15.2  15.1  14.6  14.2  13.4  13.3  12.4  12.0  11.3  10.6  10.2  10.1   4.8   4.1   4.1   3.8   4.0   3.9   4.2   4.1   4.2   4.0   4.1   3.9   4.1   4.0   4.2   4.0   4.0   3.7   4.3  13.5  16.2  16.0  16.1  15.7  15.6  15.6  15.0  14.8  14.5  14.0  13.3  13.4  12.8  12.2  10.9  10.7   9.8   9.8   4.6   4.4   4.1   4.4   4.2   4.0   3.9   4.0   4.0   4.0   4.2   4.1   4.1   4.1   4.2   4.3   4.1   4.1   4.4  13.3  15.9  15.6  15.8  15.6  16.0  14.8  15.0  14.5  14.5  14.1  13.7  12.9  12.0  11.8  11.1  10.8   9.9   9.9   4.8 
A: 18.1 18.0 18.6 18.0 17.8 17.2 17.2 16.0 15.4 13.1 12.4 12.4 12.4 12.4 12.4 12.3 12.4 12.5 12.3 12.3 12.4 12.2 12.4 12.4 12.4 12.5 12.4 12.3 19.4 19.4 19.6 19.6 19.3 18.9 18.8 19.1 18.7 18.6 18.8 18.4 17.7 17.8 17.7 17.1 16.2 16.0 15.1 13.3 12.2 12.2 12.4 12.3 12.3 12.4 12.3 12.4 12.3 12.4 12.3 12.4 12.4 12.3 12.3 12.4 12.4 12.3 18.8 19.6 19.6 19.2 18.9 19.2 19.4 18.3 18.7 18.2 18.8 18.0 18.3 17.2 17.4 17.1 16.1 15.3 15.2 13.4 12.4 12.3 12.3 12.3 12.1 12.2 12.4 12.3 12.3 12.2 12.6 12.3 12.5 12.3 12.1 12.4 12.2 12.3 19.2 19.7 19.1 19.6 19.6 19.1 18.8 19.0 18.7 18.8 18.2 18.3 18.3 17.5 17.8 16.7 16.4 16.1 15.0 13.0 12.4 12.2 12.4 12.4 12.3 12.3 12.4 12.4 12.2 12.2 12.4 12.4 12.3 12.4 12.2 12.4 12.4 12.3 19.2 19.3 19.3 19.6 19.3 19.1 18.6 19.1 18.5 18.3 18.4 18.1 17.9 17.8 16.8 16.7 16.2 15.5 14.7 12.9 12.3 12.3 12.3 12.2 12.3 12.3 12.3 12.3 12.3 12.4 12.3 12.2 12.2 12.2 12.3 12.4 12.2 12.3 18.9 19.6 19.3 19.6 18.9 18.9 19.0 19.0 18.2 19.0 18.5 18.2 17.7 17.5 17.5 16.5 16.0 15.3 14.9 13.3 
B: 36.2 36.8 38.1 36.2 35.8 34.0 34.2 30.7 29.3 22.4 20.3 20.1 20.6 19.8 20.1 19.9 19.7 20.1 20.0 20.3 19.8 20.2 20.0 20.1 20.0 20.7 20.4 19.9 41.2 41.4 41.6 41.7 40.4 39.6 39.6 39.2 39.0 38.5 38.5 37.8 35.1 36.1 35.3 33.9 31.4 31.2 28.0 22.9 20.4 20.0 20.3 20.1 20.1 20.2 19.9 20.1 20.0 20.2 20.4 20.0 20.5 20.3 20.2 20.3 20.0 19.8 39.9 41.8 41.5 40.5 40.0 40.2 40.5 37.5 38.9 37.0 38.6 36.5 36.9 33.9 34.7 33.8 31.3 28.8 28.7 22.6 19.8 20.0 20.2 20.2 19.7 20.0 19.8 20.0 20.5 20.0 20.1 19.8 20.0 19.8 19.6 20.0 19.4 19.9 40.4 42.1 40.5 41.4 41.4 40.1 39.2 39.3 39.0 39.1 37.2 37.2 37.0 35.0 35.7 32.5 32.1 30.9 28.1 22.3 20.2 20.6 20.4 20.1 20.2 19.7 20.3 20.2 19.9 19.8 20.3 19.7 20.1 20.0 19.6 20.3 20.6 20.3 40.3 40.8 40.9 41.6 40.5 40.4 39.0 39.6 38.2 37.6 37.1 36.7 36.2 35.5 33.2 32.8 31.4 29.9 27.8 21.7 19.9 19.8 19.7 19.9 20.0 20.4 20.3 20.1 19.8 20.3 20.3 19.8 19.8 20.1 19.6 20.3 19.7 20.0 39.9 41.7 40.6 41.5 39.7 39.6 39.2 39.4 37.1 39.3 37.2 36.9 35.5 34.7 35.1 32.2 31.4 29.5 27.6 22.7 
Direction:  {46 134} {45 135} {45 135} {46 134} {46 134} {46 134} {45 135} {47 133} {43 137} n n n n n n n n n n n n n n n n n n n {46 134} {46 134} {47 133} {44 136} {45 135} {45 135} {47 133} {46 134} {44 136} {47 133} {45 135} {47 133} {45 135} {44 136} {44 136} {44 136} {44 136} {46 134} {46 134} n n n n n n n n n n n n n n n n n n n {48 132} {46 134} {44 136} {46 134} {45 135} {46 134} {47 133} {46 134} {45 135} {45 135} {46 134} {45 135} {45 135} {44 136} {47 133} {45 135} {47 133} {46 134} {46 134} n n n n n n n n n n n n n n n n n n n {45 135} {47 133} {44 136} {46 134} {46 134} {46 134} {46 134} {45 135} {47 133} {45 135} {45 135} {46 134} {46 134} {44 136} {46 134} {47 133} {46 134} {46 134} {46 134} n n n n n n n n n n n n n n n n n n n {45 135} {45 135} {45 135} {46 134} {46 134} {46 134} {46 134} {47 133} {45 135} {46 134} {47 133} {46 134} {45 135} {45 135} {46 134} {47 133} {46 134} {45 135} {46 134} n n n n n n n n n n n n n n n n n n n {44 136} {46 134} {46 134} {45 135} {45 135} {46 134} {47 133} {44 136} {47 133} {45 135} {47 133} {45 135} {46 134} {46 134} {47 133} {45 135} {45 135} {43 137} {46 134} n

55.3: Count:   9.0 (  4.9) A:  16.7 [10-59] B:  32.9 [10-121] Phase: 97% 140 (22.5) Direction:  {44 136}  19% 80 ( 7.8) Direction:  {24 156}
Phase: {3289,578,548,732,816,1433,1283,869,823,672,1126,1347,615,658,727,964,677,1147,824,551,719,807,852,581,1052,604,442,902,738,817,613,683,773,491,749,726,540,765,661,839,602,709,805,672,657,1032,737,746,836,890,739,986,891,984,929,936,1027,871,1050,1059,1077,1188,1061,1329,942,1096,1419,1323,1338,1234,1444,1225,1596,1569,1470,1555,1588,1768,1462,1848,1750,1736,1797,1816,1995,2061,1924,2003,1993,1744,3263,1817,2093,2271,2381,2401,2534,2470,2574,2731,2903,2917,2662,3086,3210,3073,3149,3506,3890,3239,3774,4042,4148,4247,4734,4815,4258,5824,5711,5660,5912,6510,6881,6437,7007,7204,7841,8151,8327,8475,8651,8903,9393,9445,8962,10553,9439,9940,10007,9802,9499,10090,9686,9833,9727,9614,9566,9061,9558,9147,8956,8636,8709,8891,7285,7531,7680,7376,6980,6581,6455,5716,6194,5592,5010,5085,4738,4648,4016,4097,3903,3619,3253,3121,3071,2991,2654,2455,2267,1822,2992,1696,1798,1749,1774,1503,1534,1413,1294,1323,1197,1260,934,1017,947,1017,758,820,827,660,660,656,721,549,599,535,444,577,520,521,459,432,369,315,374,357,283,371,324,275,211,281,244,251,209,309,145,167,201,205,145,178,134,158,113,137,136,101,123,114,110,95,124,129,68,80,114,89,80,86,53,41,62,80,46,63,48,49,57,62,62,51,23,44,48,56,47,37,28,30,113,27,21,33,34,57,51,28,49,25,45,56,22,36,41,46,40,45,23,37,36,55,67,27,98,43,26,64,78,111,81,69,110,63,135,100,86,186,112,145,85,178,131,149,182,306,199,175,234,294,186,408,214,451,261,388,520,188,460,398,400,597,535,679,298,375,1018,474,793,683,634,417,728,1052,652,890,629,620,586,1380,1132,646,678,893,1357,1423,818,689,545,570}
Count:  13.5  13.4  14.0  12.7  12.8  11.7  11.4  10.3  10.1   4.5   4.1   3.9   4.0   4.2   4.1   3.9   3.8   4.2   3.8   3.9   4.2   4.2   3.9   4.1   4.0   4.0   4.1   4.2  13.4  15.8  15.8  15.6  15.5  15.2  15.3  14.9  15.1  14.8  14.2  14.4  12.8  12.9  12.2  12.1  10.7  10.7   9.6   5.0   4.0   4.1   4.1   4.0   4.2   4.1   4.1   4.0   4.1   4.1   4.3   4.1   4.2   4.1   4.1   3.9   4.3   4.2  13.5  15.6  15.9  15.4  15.8  15.6  15.4  14.9  14.9  14.4  14.3  13.5  13.7  12.7  12.3  11.4  10.7  10.0  10.2   4.9   4.1   4.1   4.0   4.0   3.9   4.1   4.1   4.0   3.9   4.0   4.0   4.3   4.0   4.0   3.8   3.8   3.9   4.0  13.3  15.9  15.3  15.8  15.4  15.3  15.1  14.8  14.9  14.6  14.4  13.5  13.0  12.3  12.2  11.6  11.0  10.2  10.2   4.6   4.2   4.0   4.1   4.0   4.1   3.8   4.0   4.2   4.0   4.2   3.9   4.1   3.8   3.9   3.8   4.0   3.9   4.1  13.2  16.1  15.8  15.8  15.6  15.5  15.3  15.1  14.5  14.4  14.3  13.6  13.0  12.8  11.8  11.4  11.0   9.9   9.7   5.0   4.0   4.3   3.9   3.9   3.9   4.1   4.1   4.0   3.8   4.1   3.8   4.1   4.0   4.0   4.0   4.1   4.0   4.3  13.3  15.7  15.4  15.6  15.5  15.5  14.8  14.9  14.6  14.5  14.1  13.5  12.9  12.2  11.6  11.6  10.5  10.1   9.9   4.6 
A: 18.1 17.9 18.1 17.5 17.1 16.6 16.9 15.8 15.1 13.0 12.2 12.3 12.1 12.2 12.2 12.2 12.2 12.3 12.2 12.3 12.3 12.2 12.2 12.2 12.3 12.4 12.1 12.1 19.3 19.1 19.2 19.1 19.3 18.8 18.5 18.5 18.4 18.1 18.4 17.8 17.5 17.7 17.3 17.0 16.2 15.8 15.0 13.1 12.3 12.1 12.3 12.0 12.2 12.3 12.3 12.1 12.2 12.2 12.1 12.1 12.2 12.2 12.2 12.2 12.3 12.2 18.5 19.2 19.5 18.8 18.5 18.7 18.8 18.4 18.3 18.4 18.6 18.0 17.8 17.0 17.1 16.5 16.0 15.0 15.1 13.0 12.2 12.2 12.3 12.2 12.1 12.2 12.3 12.2 12.2 12.3 12.4 12.2 12.3 12.4 12.2 12.3 12.2 12.2 19.1 19.2 18.9 19.3 18.7 18.6 18.3 18.7 18.4 18.7 18.1 17.6 17.4 17.6 17.4 16.3 16.0 15.9 15.0 12.9 12.3 12.2 12.2 12.2 12.2 12.3 12.4 12.3 12.1 12.0 12.2 12.3 12.2 12.2 12.4 12.2 12.2 12.1 18.5 19.0 18.7 19.5 18.8 18.4 18.3 18.6 18.1 18.1 17.7 17.8 17.7 17.4 16.6 16.3 16.0 15.5 14.9 12.9 12.1 12.1 12.2 12.3 12.2 12.1 12.3 12.3 12.2 12.3 12.2 12.3 12.3 12.3 12.3 12.4 12.2 12.2 18.5 19.4 19.0 19.0 18.3 18.6 18.6 18.9 17.8 18.5 18.1 17.9 17.4 17.0 17.1 16.2 15.7 15.3 15.0 13.0 
B: 36.2 36.2 36.5 34.6 34.1 32.6 33.4 30.4 28.1 22.1 19.9 20.0 19.7 19.1 19.9 19.3 19.8 19.9 19.8 19.8 19.6 19.9 20.1 19.6 19.9 20.3 19.7 19.5 41.0 40.7 40.7 40.4 40.4 39.0 39.1 38.2 38.1 37.1 37.8 36.0 34.6 35.6 34.4 33.5 31.1 30.2 27.9 22.6 19.9 19.7 19.9 19.7 19.6 19.9 19.7 19.4 19.8 19.9 19.4 19.5 20.1 19.6 20.0 19.9 19.5 19.8 38.8 40.7 40.9 39.2 38.8 39.5 39.2 37.6 38.1 37.2 37.7 36.2 35.8 33.4 33.5 32.3 30.4 28.2 28.1 21.6 19.6 19.5 19.7 20.0 19.5 19.6 19.6 19.7 20.2 19.7 19.9 19.9 19.3 19.7 19.5 19.7 19.5 19.9 40.2 40.7 39.9 40.6 39.7 39.0 37.9 38.6 38.1 38.6 36.4 35.4 34.8 34.9 34.3 31.5 31.0 30.8 27.6 21.4 19.6 20.1 19.8 19.9 19.4 19.9 20.1 19.7 19.6 19.4 19.5 19.6 19.8 20.0 20.1 19.7 20.0 19.7 38.8 40.3 39.3 41.1 39.4 39.0 38.1 38.2 37.2 37.0 35.1 36.0 35.1 34.1 32.1 31.4 31.0 29.9 27.8 21.7 19.7 19.4 19.9 19.7 19.9 20.1 19.9 19.7 19.5 20.0 19.8 19.6 19.8 19.6 19.4 19.7 19.1 19.4 38.8 40.9 39.8 40.1 38.3 38.7 38.4 39.0 36.5 38.0 36.6 36.4 34.5 33.3 33.5 31.3 29.9 28.8 27.4 21.8 
Direction:  {43 137} {43 137} {47 133} {44 136} {45 135} {45 135} {40 140} {45 135} {40 140} n n n n n n n n n n n n n n n n n n n {45 135} {43 137} {44 136} {45 135} {44 136} {45 135} {46 134} {43 137} {44 136} {47 133} {44 136} {45 135} {43 137} {45 135} {45 135} {44 136} {43 137} {43 137} {43 137} n n n n n n n n n n n n n n n n n n n {44 136} {44 136} {44 136} {46 134} {43 137} {45 135} {46 134} {43 137} {43 137} {47 133} {47 133} {43 137} {45 135} {48 132} {44 136} {42 138} {43 137} {47 133} {47 133} n n n n n n n n n n n n n n n n n n n {47 133} {44 136} {44 136} {47 133} {44 136} {46 134} {48 132} {44 136} {43 137} {44 136} {44 136} {45 135} {47 133} {43 137} {46 134} {46 134} {43 137} {42 138} {40 140} n n n n n n n n n n n n n n n n n n n {43 137} {48 132} {44 136} {44 136} {47 133} {43 137} {46 134} {46 134} {45 135} {44 136} {44 136} {45 135} {45 135} {48 132} {46 134} {43 137} {45 135} {43 137} {40 140} n n n n n n n n n n n n n n n n n n n {46 134} {44 136} {43 137} {47 133} {44 136} {47 133} {48 132} {41 139} {43 137} {43 137} {47 133} {45 135} {45 135} {43 137} {47 133} {47 133} {43 137} {40 140} {43 137} n

55.4: Count:   8.3 (  5.1) A:  16.8 [10-59] B:  34.2 [10-132] Phase: 100% 140 (22.3) Direction:  {44 136}
Phase: {1163,173,198,213,315,497,539,305,286,258,485,562,248,289,352,356,325,607,376,275,352,397,451,357,622,255,264,498,388,512,369,377,432,330,523,515,398,578,422,530,453,521,506,491,400,715,478,562,627,633,501,695,598,784,663,751,778,645,882,715,799,871,953,1050,751,872,1165,1041,1094,1200,1071,1034,1221,1290,1222,1338,1319,1408,1107,1551,1503,1550,1481,1508,1778,1639,1623,1702,1660,1539,2830,1564,1909,1893,2182,2329,2299,2198,2276,2614,2518,2759,2473,2934,2814,3075,2978,3587,3592,3041,3631,3990,4205,4396,4506,4679,4160,5568,5575,5761,6118,6486,6760,6630,7305,7865,8178,8513,8595,9002,9130,9627,9679,9713,9673,10988,9634,10249,10159,10339,10085,10154,10209,10274,9989,9991,9938,9274,9624,9285,9176,8892,8896,8903,7589,7951,7721,7453,7431,6852,6434,5844,6269,5765,5082,5202,4706,4707,4143,4041,3783,3840,3360,2940,2831,2693,2708,2296,2153,1797,2807,1616,1733,1518,1516,1486,1277,1174,1091,1183,1119,983,750,926,856,756,648,730,734,507,527,571,518,429,481,374,321,436,311,290,284,248,309,176,280,254,162,210,187,189,142,127,181,123,130,172,83,96,102,110,76,84,94,104,63,85,92,67,65,44,57,80,72,76,34,30,66,34,34,28,29,20,16,46,32,24,32,21,22,33,29,13,12,20,29,18,13,25,8,11,62,11,9,19,16,24,22,17,10,12,14,31,20,25,12,24,17,40,14,13,9,28,28,12,61,20,10,27,32,43,25,45,49,35,52,37,28,77,43,66,38,65,57,33,73,111,67,58,98,86,64,112,76,162,71,132,149,60,135,94,106,171,163,188,110,115,277,166,204,198,163,154,236,310,185,260,195,206,160,486,384,168,210,275,456,407,233,219,199,204}
Count:  13.1  13.0  13.4  12.6  12.2  11.4  11.0  10.1   9.7   3.8   3.1   3.2   3.3   3.1   3.2   3.1   3.2   3.1   3.1   3.2   3.1   3.2   2.9   3.2   3.2   3.2   3.1   3.2  12.7  15.1  15.1  15.0  14.7  14.7  14.7  14.2  14.2  13.9  13.4  13.5  12.4  12.6  11.4  11.6  10.2  10.4   9.0   4.1   3.2   3.2   3.1   3.0   3.1   3.3   3.3   3.0   3.1   3.4   3.2   3.2   3.2   3.3   3.2   3.1   3.2   3.1  13.0  15.1  15.1  15.0  14.8  14.7  14.9  14.4  14.6  13.9  13.5  13.1  13.5  12.3  11.6  10.5  10.6   9.8   9.4   4.0   3.1   3.1   3.1   3.2   3.2   3.2   3.1   3.2   3.0   3.2   3.3   3.2   3.1   3.1   3.0   3.0   2.9   3.1  12.7  15.3  14.8  15.1  14.8  14.9  14.5  14.4  14.2  14.2  13.5  13.0  12.6  11.9  11.8  11.0  10.5  10.2  10.2   3.7   3.3   3.0   3.2   3.1   3.2   3.1   3.0   3.1   3.2   3.2   3.1   3.1   3.1   2.9   3.0   3.2   3.2   3.1  12.4  15.3  15.1  15.0  14.8  14.6  14.6  14.4  14.2  13.9  13.6  13.3  12.5  12.0  11.3  10.9  10.3  10.1   9.5   4.1   3.2   3.3   2.9   3.2   3.2   3.2   3.3   3.1   3.1   3.3   3.1   3.2   3.2   3.2   3.2   3.3   3.1   3.3  12.3  14.8  14.9  15.2  14.9  14.7  14.2  14.6  14.0  14.0  13.6  13.1  12.4  12.1  11.5  11.1   9.9   9.6   9.3   3.8 
A: 18.1 18.0 18.0 17.5 17.0 16.7 17.0 16.0 15.3 13.5 12.3 12.3 12.3 12.3 12.2 12.2 12.3 12.3 12.2 12.3 12.2 12.3 12.4 12.3 12.4 12.4 12.2 12.1 19.3 19.3 18.9 18.8 19.1 18.5 18.1 18.1 18.6 17.8 18.4 17.9 17.1 17.4 17.2 17.1 16.3 15.6 15.1 13.4 12.3 12.4 12.3 12.3 12.2 12.3 12.1 12.5 12.1 12.2 12.2 12.3 12.4 12.2 12.2 12.2 12.3 12.1 18.3 18.9 19.1 18.7 18.8 18.7 18.5 18.1 18.1 18.0 18.3 18.3 17.7 17.2 17.1 16.6 16.3 15.5 15.1 13.1 12.4 12.2 12.2 12.4 12.2 12.3 12.3 12.3 12.4 12.3 12.3 12.3 12.2 12.3 12.2 12.3 12.2 12.2 19.0 18.9 18.6 19.1 18.7 18.8 17.9 18.3 18.4 18.2 18.0 17.5 17.2 17.6 17.2 16.5 16.0 15.9 15.1 12.7 12.2 12.2 12.3 12.2 12.2 12.4 12.3 12.3 12.3 12.2 12.2 12.1 12.2 12.2 12.2 12.1 12.3 12.2 18.7 19.2 18.4 19.1 18.8 18.1 18.1 18.4 18.2 18.2 17.6 17.7 17.6 17.6 16.6 16.3 16.2 15.5 14.9 13.0 12.2 12.2 12.2 12.1 12.2 12.2 12.2 12.2 12.2 12.3 12.2 12.3 12.2 12.4 12.2 12.4 12.1 12.3 18.4 19.1 18.9 18.6 18.4 18.2 18.3 18.4 18.0 18.4 17.8 18.3 17.2 17.0 16.9 16.1 15.9 15.7 14.7 12.9 
B: 37.7 37.2 37.3 35.3 35.0 33.8 34.2 31.6 29.8 24.3 20.8 21.4 20.6 20.8 21.3 20.5 20.5 20.5 20.8 20.6 20.8 21.4 20.8 20.5 20.5 21.3 20.8 20.4 42.0 42.0 40.7 40.6 40.9 39.4 39.2 38.4 39.3 37.6 38.3 37.1 34.9 36.0 34.7 34.6 32.5 30.6 28.5 24.3 20.8 20.6 20.9 20.4 20.7 20.6 20.5 20.2 20.7 20.9 20.8 20.5 21.3 20.7 20.4 20.7 21.0 20.5 39.4 40.9 40.7 40.3 40.0 39.8 39.3 38.4 38.3 37.6 38.4 38.0 36.5 34.9 34.5 33.2 32.2 30.2 29.2 23.3 20.9 21.0 20.5 20.8 20.4 20.7 20.7 20.6 21.0 21.0 20.7 21.4 20.4 20.4 21.0 21.0 20.7 21.1 41.0 40.6 40.1 41.2 40.4 40.1 37.6 39.0 39.0 38.3 37.2 36.0 34.9 35.4 34.8 32.9 31.9 31.6 28.9 21.9 20.8 20.4 20.3 20.7 20.6 20.8 21.0 21.1 20.7 20.6 20.6 20.2 20.4 20.7 20.7 20.8 20.8 20.5 40.1 41.6 39.8 41.3 40.3 39.1 38.1 38.7 38.3 38.4 36.3 36.8 35.7 36.0 33.0 33.0 32.1 31.0 28.3 23.5 20.2 20.5 20.8 21.1 20.8 21.0 20.6 21.0 20.2 20.6 21.0 20.8 20.9 20.3 20.7 20.6 20.3 20.5 39.7 41.3 40.7 40.0 39.3 38.8 38.5 38.9 37.6 38.3 36.5 37.7 34.7 33.8 33.8 31.7 31.2 30.7 27.6 22.3 
Direction:  {44 136} {43 137} {43 137} {46 134} {46 134} {48 132} {46 134} {44 136} {41 139} n n n n n n n n n n n n n n n n n n n {44 136} {44 136} {42 138} {45 135} {47 133} {46 134} {46 134} {44 136} {44 136} {44 136} {46 134} {46 134} {43 137} {44 136} {44 136} {43 137} {46 134} {42 138} {46 134} n n n n n n n n n n n n n n n n n n n {42 138} {46 134} {45 135} {46 134} {42 138} {43 137} {46 134} {44 136} {44 136} {43 137} {45 135} {43 137} {44 136} {47 133} {45 135} {43 137} {42 138} {44 136} {45 135} n n n n n n n n n n n n n n n n n n n {44 136} {44 136} {45 135} {44 136} {44 136} {46 134} {45 135} {43 137} {42 138} {46 134} {47 133} {45 135} {43 137} {45 135} {45 135} {47 133} {41 139} {43 137} {41 139} n n n n n n n n n n n n n n n n n n n {44 136} {45 135} {47 133} {46 134} {47 133} {45 135} {46 134} {43 137} {45 135} {45 135} {44 136} {42 138} {42 138} {42 138} {46 134} {40 140} {45 135} {44 136} {47 133} n n n n n n n n n n n n n n n n n n n {44 136} {44 136} {43 137} {48 132} {43 137} {47 133} {44 136} {45 135} {45 135} {46 134} {45 135} {43 137} {45 135} {44 136} {42 138} {45 135} {44 136} {42 138} {43 137} n

55.5: Count:   7.5 (  5.3) A:  17.1 [10-54] B:  36.5 [10-114] Phase: 100% 141 (18.0) Direction:  {45 135}
Phase: {86,10,11,15,25,35,67,30,23,11,32,87,26,37,30,46,54,82,55,37,58,41,78,39,124,37,58,102,112,124,88,96,87,75,138,113,100,155,115,162,99,180,153,149,143,278,145,205,211,258,189,244,231,333,265,281,339,289,358,368,383,427,466,521,350,449,622,528,577,633,546,545,707,716,632,800,759,823,692,917,891,905,902,890,1102,1150,1059,1084,1013,945,2044,1026,1216,1319,1416,1491,1659,1499,1770,1693,1942,2087,1743,2077,2096,2255,2296,2690,3058,2479,2906,3095,3282,3459,3856,3882,3755,5239,5056,5210,5518,5822,6476,6355,7302,7503,7831,8368,8836,9371,9494,10195,10561,10773,10520,12127,10790,11632,11639,11727,11671,12005,11971,12131,11853,11463,11208,10625,11402,10487,10173,9750,9621,9914,7915,8475,8172,7809,7561,6848,6383,5667,6169,5523,4856,4689,4344,4227,3460,3607,3082,3041,2710,2430,2361,2098,1958,1780,1593,1335,2110,1115,1184,1076,1002,939,905,796,724,683,580,605,455,418,416,380,410,357,350,226,261,228,248,209,174,170,138,197,140,129,117,138,95,71,94,84,69,71,53,69,37,68,54,55,37,42,29,34,38,24,20,36,14,23,20,18,26,15,19,9,10,5,9,19,10,14,10,14,11,4,9,6,14,1,7,7,4,9,5,6,4,2,5,3,2,0,4,7,0,2,7,2,1,2,0,6,1,0,0,0,0,2,1,1,2,1,4,4,2,1,3,3,1,5,6,1,1,1,1,8,1,3,2,0,3,2,5,2,3,7,4,0,5,0,0,8,6,5,4,1,1,8,3,6,0,13,8,2,1,5,10,8,17,14,4,2,20,7,24,7,11,8,4,13,12,7,12,4,11,34,22,13,11,17,39,22,11,13,12,10}
Count:  12.7  12.4  12.7  12.0  11.6  11.1  10.3   9.8   9.2   3.0   2.0   2.2   2.2   2.0   2.1   2.1   2.0   2.2   2.1   2.1   2.1   2.1   2.0   2.1   2.1   2.1   2.1   2.2  11.9  14.4  14.4  14.3  14.1  14.1  13.9  13.6  13.4  13.5  13.3  12.8  11.9  12.0  11.3  10.8  10.0  10.1   9.1   3.3   2.2   2.1   1.9   2.1   2.0   2.2   2.2   2.1   2.0   2.2   2.2   2.0   2.2   2.1   2.3   2.1   2.1   2.1  12.0  14.3  14.4  14.3  14.1  13.9  14.2  13.8  14.0  13.1  13.0  12.5  12.6  11.4  11.1  10.0   9.9   9.3   9.0   2.9   2.1   2.2   2.1   2.2   2.0   2.0   2.1   2.1   2.1   2.1   2.3   2.2   2.1   2.1   1.9   2.1   2.0   2.2  12.1  14.5  14.1  14.4  14.2  14.1  13.9  14.0  13.8  13.5  12.7  12.3  11.8  11.6  11.5  10.7  10.2   9.6   9.7   3.0   2.1   2.0   2.0   2.0   2.2   2.1   2.1   2.2   2.2   2.2   2.0   2.2   2.0   2.1   2.0   2.2   2.2   2.2  11.5  14.5  14.4  14.3  14.4  14.1  13.9  13.7  13.7  13.3  12.9  12.9  12.0  11.7  10.4  10.0   9.8   9.4   9.4   3.2   2.2   2.1   2.1   2.0   2.0   2.2   2.2   2.2   2.1   2.2   2.2   2.2   2.1   2.2   2.0   2.2   2.1   2.3  11.5  14.1  14.3  14.2  14.2  14.0  13.6  13.7  13.3  13.7  12.9  12.4  11.8  11.5  11.1  10.4   9.4   9.2   8.9   3.1 
A: 18.0 17.8 17.8 17.8 16.9 17.2 17.1 16.3 15.6 13.8 12.4 12.2 12.2 12.2 12.4 12.1 12.4 12.2 12.3 12.6 12.3 12.3 12.5 12.2 12.6 12.3 12.2 12.2 19.2 18.9 18.8 18.4 18.8 18.6 18.4 18.1 18.2 17.7 18.3 18.1 17.5 17.4 17.3 17.2 16.4 15.9 15.2 13.8 12.3 12.4 12.4 12.4 12.3 12.2 12.1 12.5 12.2 12.2 12.2 12.2 12.3 12.4 12.0 12.2 12.5 12.2 18.3 18.6 18.7 18.5 18.4 18.5 18.4 18.1 18.3 17.7 18.0 18.0 18.1 17.3 17.0 16.7 16.5 15.8 15.4 13.5 12.4 12.3 12.4 12.2 12.1 12.5 12.2 12.2 12.2 12.3 12.2 12.2 12.5 12.2 12.3 12.3 12.2 12.4 18.9 18.7 18.4 18.7 18.5 18.8 17.9 18.5 18.2 18.2 17.9 17.3 17.3 17.6 17.4 16.6 16.2 16.1 15.4 13.0 12.4 12.3 12.3 12.5 12.3 12.4 12.2 12.3 12.4 12.1 12.2 12.0 12.4 12.1 12.3 12.2 12.2 12.1 18.3 19.1 18.4 18.8 18.8 18.1 18.0 18.2 18.1 18.2 17.9 17.9 17.4 17.5 16.9 16.6 16.1 15.8 15.2 13.5 12.1 12.3 12.2 12.3 12.4 12.2 12.3 12.2 12.1 12.2 12.1 12.2 12.2 12.0 12.0 12.2 12.2 12.2 18.1 18.8 18.8 18.8 18.6 18.1 18.1 18.5 17.8 18.1 17.7 18.2 17.8 17.3 16.9 16.3 16.1 16.2 15.0 13.1 
B: 39.4 38.4 38.4 38.1 36.2 36.5 35.9 33.9 32.1 27.6 22.8 22.5 21.8 21.9 23.1 22.7 22.6 22.6 22.6 22.9 21.9 22.7 22.9 22.2 22.0 22.9 22.8 22.4 42.8 42.8 42.3 40.9 41.8 40.9 40.9 40.1 40.1 38.8 39.7 39.3 37.7 37.4 36.7 35.9 34.2 32.8 30.6 27.0 22.3 22.2 22.5 22.7 22.6 22.0 22.5 22.5 22.1 22.9 22.5 22.6 22.5 21.9 22.2 22.5 22.9 22.2 41.0 42.0 41.5 41.3 41.1 41.0 40.9 39.9 40.0 38.6 39.0 39.2 38.9 36.7 36.0 34.7 34.1 32.4 31.7 26.3 22.7 22.5 22.5 22.5 22.2 23.4 22.1 22.3 22.4 23.4 22.2 22.7 22.3 22.8 22.5 22.8 22.6 22.7 42.0 41.6 40.9 41.7 41.3 42.0 39.4 41.2 39.9 39.8 38.9 37.4 36.6 37.5 36.5 35.0 34.2 33.6 31.8 25.3 22.7 22.9 22.9 22.3 22.2 22.3 22.3 22.9 22.7 22.2 22.8 22.0 22.3 23.0 22.5 22.5 22.5 22.4 40.7 42.7 41.3 41.7 41.8 40.3 39.4 40.0 39.8 39.8 38.3 38.8 37.4 37.1 35.6 34.5 33.6 33.0 30.7 25.7 22.1 22.8 22.5 23.0 23.0 22.1 22.2 22.5 21.4 22.1 22.1 22.7 22.7 21.5 22.1 22.1 22.2 22.0 40.8 42.1 42.0 41.9 41.3 40.0 39.8 40.9 39.1 39.4 38.2 39.4 38.0 36.5 35.5 34.1 33.6 33.6 30.2 24.5 
Direction:  {43 137} {44 136} {45 135} {42 138} {46 134} {45 135} {45 135} {45 135} {44 136} n n n n n n n n n n n n n n n n n n n {45 135} {45 135} {46 134} {46 134} {46 134} {45 135} {45 135} {44 136} {45 135} {44 136} {45 135} {46 134} {45 135} {45 135} {46 134} {44 136} {45 135} {45 135} {45 135} n n n n n n n n n n n n n n n n n n n {46 134} {45 135} {46 134} {46 134} {44 136} {42 138} {43 137} {45 135} {43 137} {46 134} {45 135} {44 136} {44 136} {43 137} {46 134} {46 134} {47 133} {45 135} {46 134} n n n n n n n n n n n n n n n n n n n {45 135} {46 134} {47 133} {46 134} {43 137} {46 134} {45 135} {46 134} {44 136} {45 135} {45 135} {46 134} {45 135} {45 135} {46 134} {44 136} {46 134} {46 134} {46 134} n n n n n n n n n n n n n n n n n n n {44 136} {45 135} {46 134} {46 134} {46 134} {44 136} {46 134} {45 135} {45 135} {44 136} {46 134} {46 134} {43 137} {46 134} {47 133} {44 136} {46 134} {44 136} {44 136} n n n n n n n n n n n n n n n n n n n {45 135} {47 133} {46 134} {46 134} {45 135} {45 135} {43 137} {46 134} {44 136} {46 134} {44 136} {44 136} {44 136} {44 136} {46 134} {43 137} {47 133} {46 134} {43 137} n

55.6: Count:   7.3 (  5.4) A:  17.1 [10-52] B:  37.7 [10-113] Phase: 100% 141 (16.0) Direction:  {45 135}
Phase: {15,0,3,3,13,8,16,3,8,5,14,32,8,14,7,15,12,19,10,12,13,18,15,21,41,20,9,19,18,29,26,29,41,20,48,36,24,58,24,33,27,59,49,53,44,104,77,80,98,90,101,128,126,151,95,125,132,115,173,141,207,211,179,270,214,249,320,275,311,354,295,296,410,448,408,436,493,485,404,616,604,585,573,589,747,788,754,788,825,698,1510,735,954,1028,1015,1063,1311,1104,1233,1300,1506,1579,1372,1678,1697,1827,1819,2196,2355,2038,2390,2495,2960,2977,3537,3638,3316,4392,4358,4606,4927,5437,6170,5847,6677,7454,7789,8445,8966,9631,9708,10621,10673,11442,11497,13259,11706,13164,12977,13365,13218,13596,13293,13355,13506,13024,12950,11917,12499,11973,11198,10562,10631,10587,8700,8596,8389,7960,7443,6856,6353,5533,5745,5375,4548,4424,4048,3781,3111,3094,2863,2689,2356,2060,2088,1805,1667,1443,1344,1024,1727,888,940,838,780,711,677,613,565,465,436,456,320,312,269,283,230,231,203,153,154,180,119,126,110,90,67,100,67,89,58,48,37,43,56,40,43,40,40,36,17,12,26,16,12,27,11,13,16,17,11,17,15,17,9,11,9,4,10,10,7,6,3,3,0,2,6,0,2,1,3,0,0,0,2,3,0,2,4,1,1,1,4,2,2,0,0,0,0,0,3,0,2,2,0,0,0,1,2,0,0,3,0,0,2,0,0,2,1,1,0,5,1,2,0,0,0,1,0,4,3,0,0,1,0,2,0,0,0,0,0,0,0,2,1,2,2,1,1,2,0,5,1,1,0,0,0,0,0,0,0,2,2,0,0,5,2,0,2,5,5,0,2,4,0,0,2,4,0,2,1,1,4,3,1,8,0,2,0,0}
Count:  12.7  12.7  12.8  12.2  11.6  11.3  10.7   9.9   9.2   2.5   1.7   1.6   1.6   1.7   1.8   1.8   1.6   1.7   1.8   1.8   1.9   1.7   1.7   1.8   1.8   1.8   1.7   1.8  11.7  14.2  14.3  14.0  14.0  13.7  13.9  13.7  13.5  13.1  13.0  12.9  12.1  12.2  11.3  10.8  10.2   9.9   9.4   2.7   1.8   1.7   1.6   1.8   1.8   1.8   1.8   1.8   1.8   1.9   1.7   1.8   1.7   1.9   1.6   1.6   1.7   1.8  11.8  13.9  14.1  13.9  13.9  14.1  14.0  13.6  13.6  13.0  13.2  13.0  12.2  11.6  11.1  10.3  10.4   9.7   9.2   2.7   1.8   1.7   1.7   1.8   1.8   2.0   1.6   1.7   1.7   1.8   1.9   1.8   1.7   1.8   1.8   1.7   1.6   1.9  11.7  14.1  13.9  14.2  13.8  13.9  13.8  13.9  13.6  13.3  12.8  12.7  11.8  11.6  11.4  10.8  10.7   9.9   9.7   2.8   1.9   1.8   1.6   1.7   1.9   1.8   1.9   1.8   1.6   1.7   1.8   1.6   1.7   1.7   1.7   1.9   1.6   1.7  11.3  14.1  14.1  14.1  14.1  13.8  13.5  13.8  13.5  13.1  12.8  12.9  11.9  11.7  10.2  10.5   9.8   9.8   9.8   2.8   1.8   1.8   1.7   1.7   2.0   1.7   1.7   1.7   1.8   1.7   1.7   1.7   1.6   1.7   1.7   1.8   1.7   1.7  11.2  14.0  14.2  14.2  13.9  13.8  13.7  13.6  13.3  13.5  12.9  12.6  12.0  11.7  10.8  10.7   9.8  10.0   9.2   2.9 
A: 17.9 17.5 17.5 17.5 17.0 17.3 17.1 16.5 15.8 14.4 12.1 12.1 12.3 12.2 12.5 12.1 12.5 12.2 12.3 12.3 12.1 12.3 12.3 12.2 12.0 12.1 12.2 12.3 18.5 18.7 18.6 18.2 18.4 18.8 18.2 17.9 17.9 18.0 18.0 18.1 17.8 17.2 17.2 17.0 16.6 16.1 15.5 14.2 12.2 12.6 12.2 12.3 12.1 12.4 12.1 12.3 12.0 12.2 12.1 12.0 12.2 12.2 12.0 12.3 12.4 12.1 18.3 18.4 18.2 18.5 18.4 18.1 18.3 18.4 18.3 18.1 17.7 18.0 17.8 17.3 17.1 16.6 16.5 16.0 15.6 13.7 12.3 12.2 12.1 12.2 12.1 12.3 12.3 12.1 12.1 12.0 12.1 12.1 12.0 12.2 12.1 12.2 12.1 12.1 18.9 18.7 18.2 18.5 18.5 18.7 17.8 18.4 18.1 18.2 18.0 17.5 17.1 17.7 17.6 17.0 16.5 16.2 15.8 13.6 12.1 12.2 12.3 12.2 12.3 12.2 11.9 12.1 12.1 12.4 12.3 12.2 12.0 12.2 12.2 12.3 11.9 12.1 18.0 18.7 18.2 18.3 19.0 18.4 18.1 17.8 18.3 18.2 17.5 17.9 17.6 17.8 17.4 16.4 16.3 15.9 15.5 13.9 12.3 12.1 12.1 12.2 12.2 12.3 12.3 12.3 12.1 12.0 12.1 12.2 12.2 12.1 12.2 12.2 12.0 12.1 18.2 18.5 18.5 18.8 18.5 17.9 17.8 18.5 18.3 17.8 17.5 17.8 17.7 17.3 17.3 16.5 16.4 16.0 15.3 13.7 
B: 40.2 38.7 38.9 38.3 37.1 38.0 36.7 35.7 33.6 29.6 23.2 22.5 23.2 23.0 23.9 22.8 23.7 23.0 23.1 23.1 22.8 23.5 23.8 22.9 23.2 23.4 23.3 23.2 42.3 42.6 42.5 41.8 42.1 42.6 41.4 40.7 40.5 40.5 40.5 40.2 39.4 37.8 37.6 37.2 35.6 34.4 32.9 28.6 22.4 23.6 23.1 23.8 23.1 23.0 23.4 23.5 22.8 23.4 22.3 22.8 24.1 22.1 22.9 23.4 23.5 23.5 41.6 42.1 41.5 42.4 41.7 41.2 41.4 41.5 41.4 40.2 39.6 40.0 39.7 38.2 37.0 35.8 35.5 34.2 33.0 28.1 23.4 23.4 23.5 22.8 22.8 23.7 23.1 23.0 22.7 23.2 22.2 23.4 23.1 22.9 23.1 23.8 23.1 23.1 43.3 42.8 41.6 42.3 42.0 42.6 40.2 42.2 40.7 40.9 39.9 38.8 37.7 39.1 38.2 36.6 35.7 34.7 33.7 28.1 22.7 22.8 23.2 23.3 23.3 22.9 22.8 23.2 23.6 23.6 23.4 22.9 23.0 23.7 23.5 22.6 23.1 23.7 41.1 43.1 41.7 41.5 43.3 41.7 40.4 40.5 40.9 41.0 38.8 39.9 38.7 39.2 37.8 35.5 35.0 34.1 33.2 28.3 23.3 22.9 23.3 23.1 23.3 23.4 23.2 23.1 23.5 23.4 22.9 23.7 23.3 22.7 23.4 23.1 23.1 22.8 41.6 42.2 42.2 42.9 42.3 40.7 40.0 41.9 40.7 39.9 39.0 39.3 38.6 37.9 37.5 35.4 35.2 34.1 32.1 27.4 
Direction:  {46 134} {46 134} {46 134} {45 135} {46 134} {45 135} {43 137} {45 135} {44 136} n n n n n n n n n n n n n n n n n n n {46 134} {46 134} {43 137} {45 135} {47 133} {45 135} {45 135} {47 133} {46 134} {47 133} {46 134} {44 136} {45 135} {44 136} {43 137} {44 136} {43 137} {46 134} {45 135} n n n n n n n n n n n n n n n n n n n {46 134} {46 134} {47 133} {45 135} {43 137} {45 135} {46 134} {47 133} {44 136} {45 135} {44 136} {45 135} {46 134} {45 135} {46 134} {45 135} {45 135} {44 136} {44 136} n n n n n n n n n n n n n n n n n n n {43 137} {46 134} {47 133} {45 135} {44 136} {45 135} {46 134} {45 135} {46 134} {46 134} {43 137} {44 136} {44 136} {44 136} {46 134} {44 136} {44 136} {46 134} {44 136} {44 136} n n n n n n n n n n n n n n n n n n {46 134} {46 134} {46 134} {43 137} {44 136} {43 137} {46 134} {46 134} {46 134} {44 136} {43 137} {46 134} {43 137} {46 134} {45 135} {42 138} {44 136} {45 135} {44 136} {43 137} n n n n n n n n n n n n n n n n n n {45 135} {46 134} {45 135} {47 133} {46 134} {45 135} {44 136} {46 134} {44 136} {46 134} {46 134} {44 136} {45 135} {45 135} {45 135} {46 134} {47 133} {45 135} {47 133} n

55.7: Count:   8.0 (  5.5) A:  16.8 [10-53] B:  36.1 [10-130] Phase: 100% 141 (14.9) Direction:  {44 136}
Phase: {1194,274,261,339,374,735,750,481,385,432,685,868,404,469,494,780,530,893,664,495,731,699,797,653,1029,559,415,957,734,869,737,730,775,470,841,700,583,971,643,758,518,824,813,593,571,894,634,567,710,685,530,663,587,691,519,698,660,518,620,589,571,642,667,710,530,663,775,673,699,702,697,556,801,824,688,735,803,788,700,932,918,853,867,818,962,872,1113,994,1000,885,1736,932,1065,1159,1179,1340,1458,1275,1424,1399,1475,1683,1462,1861,1847,1891,2012,2155,2306,2078,2436,2569,2778,3027,3341,3341,3106,4460,4090,4358,4816,5148,5625,5543,6277,6995,7164,7879,8446,9155,9276,10150,10789,11432,11491,13338,12427,13634,13380,14023,13913,14372,14222,13776,13942,13559,13295,12527,12909,12073,11682,10801,10291,10420,8437,8381,7840,7584,6981,6230,5894,4878,5315,4714,4080,4000,3680,3291,2924,3006,2605,2421,2324,2013,1906,1715,1754,1468,1264,1110,1731,1010,1032,980,929,815,825,728,595,636,579,562,426,428,397,445,333,392,383,274,318,266,246,251,271,211,142,204,206,177,159,148,178,105,118,128,87,144,96,110,88,87,95,85,39,110,60,58,65,57,61,32,45,66,29,28,54,24,40,32,28,32,28,30,10,26,40,23,24,24,33,29,12,24,6,13,20,13,10,24,22,18,8,18,27,22,7,10,9,10,38,3,13,13,15,16,31,11,11,9,21,13,6,15,9,10,4,22,11,14,19,10,14,7,40,13,2,28,20,32,27,35,46,13,51,41,28,67,19,41,24,54,51,50,34,130,43,43,88,72,40,84,62,128,57,118,112,31,98,99,98,164,138,128,66,82,251,125,180,152,147,118,194,294,174,239,185,180,179,420,284,190,240,292,404,424,256,250,214,209}
Count:  13.9  13.6  13.5  13.1  12.6  12.3  11.7  11.3  10.3   3.1   2.3   2.4   2.4   2.3   2.2   2.5   2.5   2.2   2.4   2.4   2.4   2.3   2.2   2.3   2.4   2.4   2.5   2.4  12.3  14.7  14.8  14.4  14.5  14.4  14.4  14.2  14.3  14.1  14.1  13.7  13.1  12.9  12.3  11.8  11.3  10.7  10.4   3.5   2.4   2.6   2.4   2.3   2.6   2.4   2.3   2.5   2.4   2.5   2.3   2.4   2.4   2.6   2.2   2.4   2.2   2.3  12.1  14.7  14.7  14.6  14.5  14.4  14.5  14.5  14.2  14.1  13.9  13.5  13.0  12.5  12.1  11.7  11.3  11.0   9.9   3.4   2.3   2.5   2.3   2.3   2.1   2.5   2.5   2.7   2.5   2.3   2.5   2.2   2.4   2.5   2.2   2.3   2.3   2.4  12.2  14.6  14.5  14.7  14.5  14.4  14.3  14.6  14.4  14.1  13.7  13.7  12.8  12.7  12.2  11.9  11.6  10.7  10.7   3.3   2.6   2.4   2.2   2.4   2.4   2.3   2.4   2.3   2.3   2.4   2.4   2.4   2.3   2.5   2.3   2.5   2.4   2.4  11.8  14.6  14.6  14.7  14.7  14.4  14.4  14.3  14.3  14.3  13.7  13.8  13.1  12.7  11.7  11.8  11.1  11.1  10.8   3.4   2.4   2.2   2.4   2.2   2.4   2.4   2.3   2.4   2.5   2.3   2.5   2.3   2.3   2.5   2.3   2.4   2.3   2.4  11.7  14.6  14.8  14.6  14.4  14.4  14.3  14.5  14.3  14.0  13.9  13.3  12.9  12.6  11.9  11.7  10.7  10.9  10.4   3.9 
A: 17.6 17.3 17.5 16.9 16.8 17.0 16.5 16.3 15.8 13.8 11.8 11.9 12.0 12.1 12.0 11.8 11.8 12.0 11.9 11.9 12.1 12.0 12.0 12.1 11.8 12.0 12.0 11.9 18.1 18.5 18.1 18.1 17.9 18.6 18.1 17.5 18.0 17.7 17.6 17.6 17.5 17.6 17.0 16.9 16.2 16.1 15.7 14.0 12.1 11.9 11.9 11.9 11.7 12.0 12.0 11.9 11.9 12.0 12.0 11.8 11.9 12.2 11.9 11.8 11.9 12.0 18.2 18.1 17.9 18.4 18.1 18.0 17.9 18.1 18.2 17.7 17.4 17.9 17.5 17.3 16.9 16.4 16.5 16.2 15.5 13.2 12.0 11.9 11.9 11.9 12.0 12.0 11.9 11.9 11.9 11.8 12.1 11.9 11.8 12.0 12.1 12.0 11.9 12.0 18.6 18.6 18.4 18.1 18.1 18.6 17.6 17.9 17.5 17.8 17.8 17.6 17.0 17.2 17.7 17.1 16.3 16.0 15.7 13.5 11.9 12.0 12.1 12.0 12.1 11.9 11.7 12.0 12.1 12.0 12.0 12.0 12.0 12.1 11.9 12.0 11.7 11.9 17.7 18.2 17.9 18.0 18.4 18.3 17.8 17.9 18.0 18.0 17.2 17.8 17.0 17.4 16.8 16.8 16.3 15.8 15.5 13.5 12.0 11.8 11.9 12.0 11.9 11.8 11.9 11.9 12.0 11.8 11.9 11.9 12.1 11.7 12.1 11.9 12.1 11.9 17.9 18.1 18.5 18.5 18.1 17.7 17.5 18.3 18.2 17.9 17.3 17.3 17.7 17.2 17.0 16.5 16.3 16.1 15.2 13.3 
B: 39.2 38.2 38.9 37.1 36.5 37.1 35.4 34.3 33.6 26.6 20.0 19.7 19.8 19.4 20.3 19.4 19.5 19.3 20.0 19.5 19.7 20.3 19.9 19.7 19.9 20.0 20.6 19.8 41.1 41.8 41.2 41.0 40.6 41.9 41.1 39.3 40.5 39.5 39.2 39.0 38.9 38.6 36.9 36.2 34.3 33.9 32.5 25.9 19.8 19.4 19.3 20.3 19.4 19.9 19.7 19.5 19.0 19.7 19.4 19.5 20.1 19.3 19.3 19.8 21.0 19.9 41.2 41.2 40.3 41.8 40.6 41.1 40.5 40.8 40.6 39.1 38.8 39.9 38.8 37.8 36.0 34.9 35.1 34.3 32.3 24.6 20.5 19.9 19.7 19.7 18.9 20.0 19.6 19.7 19.5 20.1 19.6 20.4 19.8 19.3 20.2 20.5 19.3 20.1 42.2 41.8 41.6 41.2 41.1 41.8 40.0 40.5 39.1 39.7 39.4 38.8 37.3 37.9 38.3 37.1 35.0 33.6 32.7 25.4 19.4 19.7 20.3 19.8 20.3 19.7 19.3 19.3 19.9 19.5 19.8 19.3 19.8 20.2 19.6 19.6 18.9 20.1 39.7 41.7 40.9 40.9 41.9 41.5 39.6 40.0 40.3 40.3 38.2 39.3 37.1 38.0 36.1 36.2 34.6 33.4 32.4 25.1 20.0 19.8 20.0 20.1 19.5 19.2 19.3 19.6 19.7 19.6 19.4 20.0 20.0 19.4 20.3 19.6 20.4 19.6 40.6 40.9 41.9 41.7 40.9 40.1 39.3 41.1 40.3 40.2 38.2 38.3 38.6 37.5 36.9 35.2 34.1 34.0 31.7 25.0 
Direction:  {44 136} {43 137} {45 135} {44 136} {43 137} {44 136} {44 136} {46 134} {45 135} {42 138} n n n n n n n n n n n n n n n n n n {44 136} {45 135} {43 137} {47 133} {43 137} {44 136} {45 135} {45 135} {44 136} {46 134} {44 136} {44 136} {44 136} {46 134} {44 136} {45 135} {45 135} {44 136} {43 137} {43 137} n n n n n n n n n n n n n n n n n n {44 136} {44 136} {45 135} {46 134} {44 136} {45 135} {46 134} {44 136} {46 134} {44 136} {45 135} {44 136} {46 134} {44 136} {44 136} {44 136} {45 135} {43 137} {43 137} n n n n n n n n n n n n n n n n n n n {44 136} {44 136} {45 135} {46 134} {44 136} {45 135} {44 136} {46 134} {45 135} {44 136} {45 135} {45 135} {43 137} {45 135} {44 136} {44 136} {46 134} {44 136} {45 135} n n n n n n n n n n n n n n n n n n n {45 135} {45 135} {45 135} {43 137} {44 136} {44 136} {44 136} {43 137} {45 135} {44 136} {44 136} {45 135} {43 137} {45 135} {46 134} {45 135} {46 134} {46 134} {45 135} n n n n n n n n n n n n n n n n n n n {46 134} {46 134} {44 136} {44 136} {43 137} {45 135} {44 136} {44 136} {44 136} {45 135} {44 136} {43 137} {46 134} {45 135} {44 136} {43 137} {46 134} {44 136} {45 135} {42 138}

55.8: Count:  10.3 (  5.4) A:  16.0 [10-56] B:  31.5 [10-119] Phase: 100% 141 (17.4) Direction:  {44 136}
Phase: {7212,2138,2255,2900,3726,4069,3616,3153,3106,3498,3855,4035,2645,3281,3288,3631,2685,3875,3508,2171,3225,3026,3089,2657,3354,2565,1772,3121,2374,2518,2254,2137,2319,1499,2193,1958,1627,2060,1469,1853,1266,1538,1516,1209,1264,1814,949,1098,1236,1212,972,1198,1086,1192,921,1077,1180,874,1067,952,982,1154,1100,1169,811,990,1181,958,1133,1122,1012,871,1183,1201,1046,1194,1229,1221,1071,1264,1318,1219,1189,1258,1296,1403,1356,1469,1273,1185,2280,1280,1409,1587,1763,1762,1799,1753,1802,1997,1932,2138,1915,2332,2377,2498,2377,2756,2963,2630,3137,3291,3507,3600,3923,4031,3779,4936,4937,5118,5386,5662,6248,5867,6824,7297,7725,8183,8622,9104,9153,10237,10518,10987,10899,11869,11194,12174,12141,12649,12168,12477,12317,12197,12089,12137,11877,11118,11347,10753,10395,10010,9578,9643,7897,8078,7935,7166,7141,6402,5968,5223,5424,5096,4481,4234,4029,3827,3208,3378,3045,2782,2531,2369,2343,2271,1916,1809,1739,1507,1945,1204,1285,1168,1129,1125,1068,897,972,856,857,869,637,674,621,652,446,547,532,372,470,434,446,370,384,382,262,378,326,268,245,264,270,209,263,234,205,204,170,218,202,191,201,178,143,191,115,138,154,124,97,132,106,129,120,121,119,69,92,87,92,107,91,115,60,85,112,81,102,78,67,78,75,89,66,88,61,64,59,82,67,52,54,69,71,67,60,62,44,56,127,48,45,73,70,84,64,75,73,50,58,67,52,78,60,87,56,97,79,43,71,63,73,83,108,56,64,99,91,126,69,89,135,84,141,165,134,215,153,177,191,219,285,214,236,406,227,286,360,378,346,453,516,626,499,671,690,479,815,788,747,987,924,1286,663,1061,1647,1187,1513,1514,1540,1121,1882,2101,1598,2107,1991,1934,1683,2877,2768,2529,2282,2327,2865,3222,3231,2543,2190,2119}
Count:  16.1  15.9  15.4  15.2  15.1  14.9  14.3  13.6  12.8   5.7   4.5   4.7   4.9   4.7   4.9   4.8   4.8   4.9   4.9   4.9   4.7   4.4   4.9   4.8   4.9   4.5   4.8   4.4  14.3  16.9  16.8  16.4  16.4  16.4  16.5  16.4  16.3  16.1  16.1  15.5  15.3  15.1  14.5  14.4  13.7  13.7  13.2   5.8   4.7   4.9   4.8   4.6   4.7   4.7   4.6   4.9   5.0   4.7   4.8   4.6   4.8   5.1   4.6   4.6   4.7   4.6  14.3  16.5  16.6  16.5  16.3  16.4  16.2  16.8  16.4  16.3  15.9  16.0  15.5  14.8  14.7  14.1  13.8  13.5  12.8   5.8   4.7   4.7   4.6   4.5   4.4   4.9   4.8   4.8   4.8   4.8   4.6   4.7   4.5   4.7   4.7   4.8   4.5   4.6  14.1  16.4  16.6  16.5  16.5  16.5  16.4  16.7  16.5  16.4  15.7  16.0  15.2  15.3  14.6  14.2  14.3  13.1  12.9   6.0   4.9   5.0   4.6   4.7   4.6   4.6   4.7   4.5   4.7   5.0   4.7   4.6   4.8   4.9   4.8   4.8   4.7   4.6  13.9  16.7  16.2  16.4  16.5  16.5  16.2  16.6  16.3  16.3  15.6  15.9  15.4  15.1  14.4  14.2  13.3  13.6  12.8   5.8   4.6   4.6   4.4   4.4   4.9   4.8   4.9   4.7   4.8   4.9   4.9   4.6   4.4   4.6   4.8   4.7   4.8   4.8  14.1  16.8  16.6  16.3  16.2  16.4  16.2  16.7  16.2  16.0  16.1  15.7  15.2  14.8  14.5  14.3  13.4  13.9  12.7   6.2 
A: 17.4 16.9 17.0 16.7 16.5 16.7 16.2 15.7 15.6 13.2 12.2 12.2 12.2 12.2 12.2 12.1 12.2 12.0 12.3 12.1 12.3 12.2 12.0 12.2 12.0 12.2 12.2 12.2 17.8 17.9 17.6 17.4 17.6 17.8 17.7 17.3 17.5 17.2 17.5 17.5 17.3 17.3 16.7 16.2 16.1 15.5 15.5 13.4 12.2 12.1 12.1 12.2 12.3 12.2 12.3 12.1 12.1 12.1 12.0 12.2 12.2 12.2 12.1 12.3 12.3 12.2 17.4 17.8 17.3 18.2 17.4 17.4 17.4 17.5 17.6 17.3 17.1 17.3 17.2 16.9 16.8 16.1 16.1 15.8 15.2 13.2 12.2 12.0 12.2 12.2 12.2 12.0 12.2 12.1 12.1 12.2 12.2 12.2 12.2 12.1 12.1 12.2 12.2 12.2 18.0 17.9 17.4 17.6 17.5 18.2 17.4 17.7 17.2 17.1 16.9 17.3 16.6 16.5 16.9 16.8 16.1 15.9 15.4 13.3 12.1 12.2 12.1 12.1 12.2 12.2 12.1 12.1 12.1 12.0 12.2 12.2 12.2 12.1 12.2 12.2 12.1 12.2 16.8 17.8 17.6 17.2 17.6 17.9 17.2 17.3 17.4 17.3 17.2 17.6 16.7 16.6 16.3 16.5 15.9 15.6 15.4 13.2 12.1 12.1 12.1 12.2 12.1 12.1 12.1 12.1 12.2 12.2 12.1 12.2 12.2 12.2 12.3 12.1 12.0 12.2 17.0 17.4 17.7 17.7 17.9 17.6 17.1 17.9 17.9 17.8 16.7 16.7 17.3 17.0 16.6 16.2 15.9 15.7 15.0 13.3 
B: 36.9 35.1 35.5 34.6 34.0 33.9 32.5 30.8 31.1 20.5 16.3 16.2 16.2 16.2 16.3 16.3 16.6 16.5 16.8 16.2 16.6 16.4 16.3 16.3 16.6 16.8 16.6 16.6 38.2 38.8 38.1 37.7 38.0 38.5 38.5 37.0 37.5 36.4 36.8 36.7 36.8 36.0 34.2 32.3 31.9 30.3 30.1 21.3 16.6 15.8 16.3 16.3 16.3 16.2 16.2 16.2 16.0 16.6 15.9 16.4 16.2 16.4 16.3 16.7 16.5 16.3 36.6 38.6 37.2 39.1 37.5 37.3 37.5 37.7 37.8 36.3 36.0 36.8 35.8 35.4 34.0 32.0 31.7 31.0 29.4 20.7 16.5 15.8 16.4 16.5 16.4 16.3 16.2 16.0 16.2 16.4 16.3 16.4 16.4 16.2 16.1 16.7 16.5 16.3 38.7 38.6 37.7 37.9 37.7 39.0 37.5 38.3 36.5 36.1 35.5 35.9 34.6 33.9 34.5 34.4 32.4 31.7 29.8 20.9 16.3 16.3 16.3 16.1 16.4 16.5 16.1 16.4 16.2 16.5 16.2 16.1 16.1 16.5 16.6 16.3 15.8 16.3 35.4 38.5 38.1 37.2 37.8 38.5 36.7 36.7 37.1 36.7 36.2 37.1 34.7 33.8 32.7 33.4 31.6 30.3 29.8 20.1 16.7 16.2 16.4 16.3 16.5 16.0 16.2 16.3 16.2 16.1 16.2 16.2 16.9 16.4 16.1 16.2 16.1 16.0 36.4 37.3 38.4 38.1 38.6 37.7 36.1 38.2 38.2 37.7 35.1 34.6 35.9 35.0 33.1 32.4 31.2 30.7 28.4 21.5 
Direction:  {45 135} {42 138} {45 135} {43 137} {44 136} {45 135} {44 136} {44 136} {45 135} {1 179} n {4 176} {1 179} n {2 178} {3 177} {1 179} {3 177} n {1 179} n {2 178} {2 178} n n n n {2 178} {44 136} {47 133} {46 134} {44 136} {46 134} {45 135} {45 135} {44 136} {44 136} {44 136} {42 138} {44 136} {46 134} {46 134} {45 135} {42 138} {44 136} {45 135} {44 136} n n {0 180} {1 179} n n {1 179} {7 173} {1 179} {4 176} n {4 176} n {0 180} {3 177} n n n n {46 134} {45 135} {46 134} {44 136} {44 136} {44 136} {44 136} {43 137} {44 136} {45 135} {45 135} {47 133} {43 137} {44 136} {42 138} {45 135} {46 134} {42 138} {46 134} {2 178} n {4 176} {1 179} n n {7 173} {3 177} {0 180} n n n {0 180} n n {0 180} n n n {45 135} {45 135} {44 136} {46 134} {46 134} {44 136} {42 138} {43 137} {45 135} {44 136} {45 135} {45 135} {45 135} {44 136} {44 136} {46 134} {44 136} {43 137} {45 135} {3 177} n n n n n {3 177} n n {3 177} {2 178} {2 178} n {2 178} {0 180} {0 180} n n n {43 137} {45 135} {43 137} {44 136} {46 134} {45 135} {44 136} {44 136} {44 136} {46 134} {43 137} {46 134} {43 137} {44 136} {44 136} {46 134} {45 135} {43 137} {44 136} {360 180} n n {3 177} n n n n n {3 177} {3 177} n {2 178} n {3 177} {3 177} n {1 179} {1 179} {42 138} {44 136} {46 134} {45 135} {44 136} {44 136} {43 137} {46 134} {46 134} {46 134} {44 136} {43 137} {46 134} {45 135} {44 136} {44 136} {44 136} {44 136} {44 136} n

55.9: Count:  12.2 (  5.3) A:  15.4 [10-61] B:  28.7 [10-131] Phase: 100% 140 (19.8) Direction:  {44 136}
Phase: {14451,3967,4123,5059,6551,7834,6875,5752,5360,6025,7369,7846,4492,5400,5814,6930,4818,7009,5982,3972,5591,5111,5532,4376,5922,3959,2852,5307,3939,4154,3604,3603,3560,2144,3496,3018,2491,3130,2355,2630,1910,2259,2287,1851,1776,2591,1590,1632,1689,1689,1406,1675,1532,1633,1481,1504,1543,1140,1469,1321,1408,1486,1406,1594,1144,1385,1620,1467,1501,1471,1501,1195,1717,1526,1500,1524,1402,1512,1279,1731,1625,1546,1655,1504,1707,1619,1855,1790,1577,1544,2805,1587,1815,1940,2123,2133,2174,2057,2157,2338,2385,2725,2286,2770,2836,2888,2911,3280,3505,3179,3646,3822,3920,4043,4395,4607,4372,5550,5345,5602,5743,6150,6677,6329,7115,7548,7951,8333,8490,8785,8809,9901,9659,10369,9968,11138,10329,11165,11203,11169,11030,11323,10905,10947,10987,10500,10517,9803,10126,9775,9208,9068,8899,8711,7276,7891,7353,7114,6508,6037,5733,5190,5543,5103,4608,4377,4085,4036,3388,3464,3238,2969,2784,2836,2555,2418,2299,2016,1859,1654,2276,1473,1545,1392,1365,1349,1198,1166,1130,1114,941,952,829,834,766,776,654,713,707,581,611,558,570,516,547,485,396,510,393,435,375,365,355,329,324,306,299,351,320,280,232,321,233,223,220,286,165,198,249,232,189,216,212,194,167,192,195,146,162,218,154,164,166,176,84,121,188,141,133,98,112,97,132,139,106,146,127,112,90,143,107,107,92,100,126,118,93,98,82,101,217,86,82,99,108,99,95,69,77,88,116,119,71,110,99,104,85,125,90,59,109,104,121,84,147,98,57,141,124,143,118,151,167,128,172,193,106,237,192,220,210,283,361,255,286,542,377,344,526,562,435,656,517,871,601,832,1072,641,1183,1165,1155,1445,1424,1974,1141,1434,2663,1772,2440,2228,2461,1865,3010,3731,2590,3945,3282,3340,2772,5107,4837,3963,3972,4491,5282,6438,5471,4432,3749,3822}
Count:  17.6  17.8  17.3  17.5  17.1  16.9  16.4  15.7  15.1   7.7   6.6   7.1   7.0   6.8   6.7   7.0   6.9   6.6   6.9   7.0   6.9   6.6   6.7   6.9   6.9   6.5   7.1   6.5  16.4  18.5  18.2  18.1  18.5  18.2  17.9  17.8  17.9  17.9  17.8  17.4  17.1  17.2  16.5  16.7  15.8  15.7  15.3   7.6   6.5   7.2   6.9   6.8   6.7   7.0   6.8   6.8   7.2   7.1   6.6   6.9   6.8   6.9   6.7   6.6   6.5   6.6  16.0  18.6  18.5  18.4  18.0  17.9  18.5  18.5  18.0  18.1  17.7  17.9  17.2  17.0  16.7  16.5  15.8  15.2  14.6   7.7   6.5   6.8   7.2   6.9   6.8   7.0   7.2   6.9   6.9   7.0   6.8   7.0   6.8   6.3   6.4   6.4   6.2   6.6  16.2  18.2  18.1  18.2  17.9  18.3  18.1  18.6  18.2  17.9  17.8  18.0  17.2  17.0  16.5  16.3  16.1  15.1  14.6   8.0   6.8   6.7   6.3   6.6   6.4   6.9   6.7   6.7   6.5   7.1   7.5   6.9   7.1   6.5   7.1   6.9   6.8   6.5  15.6  18.5  18.0  18.3  18.1  18.0  18.0  18.1  18.0  17.8  17.4  18.0  17.5  17.1  16.3  16.6  15.3  15.5  15.0   8.1   6.5   6.7   6.5   6.3   6.5   6.7   6.9   6.7   6.9   7.0   7.2   6.9   6.5   6.5   6.5   6.7   6.8   6.9  15.7  18.0  18.5  18.0  17.9  18.1  18.0  18.3  17.9  18.2  18.0  17.4  17.3  17.0  16.8  16.5  15.9  16.1  14.7   8.2 
A: 17.2 16.5 16.5 16.3 16.3 16.2 15.7 15.7 15.5 12.6 12.1 11.9 12.0 12.0 12.1 11.9 12.0 11.9 12.0 11.9 12.0 12.1 12.0 11.9 11.9 12.0 12.0 12.0 17.1 17.2 16.9 16.9 17.1 17.2 17.6 17.0 17.1 16.8 16.9 16.9 17.0 16.8 16.4 15.6 15.6 15.4 15.2 13.0 12.0 12.0 12.0 12.0 12.0 12.1 12.1 11.9 11.9 11.9 11.9 12.0 12.0 12.0 11.8 12.0 12.0 12.0 17.0 17.2 16.8 17.4 17.2 17.1 16.9 17.1 17.1 16.9 16.9 16.6 16.8 16.5 16.2 15.7 15.9 15.6 15.0 12.8 12.0 11.8 11.9 12.0 11.9 11.9 12.0 12.0 11.9 12.1 12.0 12.0 12.0 12.0 12.0 12.1 11.9 12.0 16.6 17.3 17.0 17.1 17.1 17.4 17.3 17.2 16.9 16.8 16.6 16.8 16.4 16.3 16.4 16.2 16.1 15.7 15.1 12.9 12.0 12.0 12.0 11.9 12.0 12.0 12.0 12.0 11.9 11.9 12.0 11.8 11.9 12.0 12.0 11.9 12.0 12.0 16.4 17.5 17.3 16.9 17.1 17.4 17.0 17.0 16.9 16.9 16.8 17.0 16.3 16.2 16.1 16.4 15.6 15.2 15.1 12.6 12.0 12.0 11.9 12.0 12.0 11.8 11.9 12.0 12.0 11.9 11.9 12.0 12.0 12.0 12.0 12.0 11.9 12.0 16.3 17.2 17.1 17.2 17.4 17.4 16.9 17.1 17.2 17.2 16.4 16.5 16.8 16.6 16.4 15.6 15.6 15.4 14.7 13.1 
B: 35.0 33.4 33.6 32.5 32.2 31.5 30.1 29.6 29.5 17.7 14.9 14.7 14.7 15.2 15.1 14.8 15.1 15.0 15.2 14.9 15.1 14.9 15.1 14.9 15.1 15.2 15.0 14.8 35.0 36.0 35.5 35.3 36.1 35.6 37.0 35.1 35.7 34.4 34.5 34.5 34.8 33.8 32.4 30.2 29.6 28.8 28.3 19.0 14.9 14.6 15.1 15.2 15.2 15.0 14.7 15.2 14.9 15.1 14.7 15.2 14.7 15.2 14.9 15.0 15.0 15.0 34.7 35.8 34.7 36.2 36.0 35.8 34.7 35.4 35.6 34.8 34.7 33.8 33.9 32.8 31.4 30.4 30.2 29.1 27.8 18.4 15.1 14.9 14.9 15.1 15.0 15.2 14.8 14.9 14.9 15.1 14.9 15.1 14.8 14.9 15.0 15.5 14.8 15.0 33.8 36.2 35.7 35.7 35.3 36.5 36.3 35.7 34.9 34.3 33.7 34.2 33.2 32.4 32.3 31.7 30.8 29.7 27.7 18.8 14.8 14.9 15.0 14.9 15.1 14.8 15.2 15.0 15.0 15.0 14.8 14.8 14.7 15.1 14.9 14.8 15.0 14.9 32.8 36.6 35.9 35.2 35.8 36.7 35.1 35.3 34.9 34.7 34.5 34.7 32.2 31.9 30.8 32.2 29.8 28.4 27.6 17.8 15.2 14.7 15.0 15.1 15.0 15.0 15.0 14.8 15.0 15.0 14.9 14.8 14.9 15.0 15.0 15.0 14.9 14.8 32.9 35.7 35.7 35.8 36.5 35.8 34.6 35.8 35.3 35.3 33.4 33.2 33.9 32.6 31.7 29.9 29.8 29.4 26.5 19.8 
Direction:  {43 137} {42 138} {43 137} {42 138} {43 137} {42 138} {45 135} {46 134} {42 138} {2 178} {4 176} {3 177} {0 180} {0 180} {1 179} {1 179} {1 179} {2 178} {5 175} {2 178} {0 180} {3 177} {6 174} {3 177} {3 177} {360 180} {3 177} {2 178} {44 136} {44 136} {44 136} {44 136} {44 136} {43 137} {45 135} {47 133} {43 137} {46 134} {43 137} {45 135} {43 137} {46 134} {43 137} {44 136} {41 139} {43 137} {42 138} {1 179} {0 180} {4 176} {0 180} {0 180} {3 177} {3 177} {2 178} {360 180} {1 179} {360 180} {2 178} {360 180} {0 180} {0 180} {2 178} {2 178} {2 178} {3 177} {44 136} {45 135} {42 138} {45 135} {44 136} {43 137} {44 136} {46 134} {46 134} {44 136} {43 137} {43 137} {43 137} {45 135} {45 135} {45 135} {43 137} {45 135} {42 138} {3 177} {2 178} {4 176} {360 180} {5 175} {3 177} {5 175} {4 176} {0 180} {1 179} {3 177} {360 180} {1 179} {0 180} {3 177} {0 180} {2 178} {4 176} {2 178} {44 136} {43 137} {44 136} {43 137} {43 137} {42 138} {45 135} {45 135} {43 137} {42 138} {43 137} {46 134} {45 135} {42 138} {45 135} {41 139} {43 137} {43 137} {42 138} {360 180} {0 180} {0 180} {360 180} {1 179} {0 180} {3 177} {0 180} {2 178} {4 176} {1 179} {0 180} {1 179} {4 176} {3 177} {360 180} {3 177} {3 177} {6 174} {44 136} {43 137} {45 135} {46 134} {43 137} {44 136} {45 135} {44 136} {44 136} {44 136} {44 136} {46 134} {43 137} {42 138} {43 137} {45 135} {44 136} {44 136} {47 133} {3 177} {1 179} {3 177} {4 176} {1 179} {1 179} {0 180} {2 178} {2 178} {1 179} {0 180} {360 180} {1 179} {0 180} {4 176} {0 180} {2 178} {2 178} {1 179} {43 137} {44 136} {46 134} {46 134} {44 136} {46 134} {44 136} {42 138} {43 137} {43 137} {46 134} {45 135} {43 137} {44 136} {44 136} {42 138} {45 135} {47 133} {41 139} {1 179}

56.0: Count:  11.5 (  5.3) A:  15.5 [10-53] B:  29.6 [10-121] Phase: 100% 139 (22.1) Direction:  {43 137}
Phase: {13123,3081,3100,4019,4981,7269,5782,4918,4061,4896,7090,7002,3683,4465,5186,6436,4304,6559,5252,3351,5055,4565,5018,3899,5637,3285,2591,4968,3530,3974,3230,3315,3368,1908,2979,2861,2225,2720,2169,2315,1703,2208,2014,1715,1546,2323,1437,1423,1653,1509,1215,1531,1488,1574,1364,1435,1342,1216,1405,1458,1447,1390,1355,1570,1155,1384,1560,1473,1475,1386,1539,1239,1714,1651,1474,1542,1569,1700,1428,1715,1654,1683,1728,1608,1827,1767,1906,1743,1742,1560,3124,1681,2016,1965,2264,2317,2236,2203,2412,2505,2591,2824,2453,2985,3101,3176,3119,3661,3823,3372,4057,4067,4546,4479,4829,4995,4710,5879,5775,6284,6434,6519,7031,6684,7304,7781,7877,8503,8597,9155,8783,9376,9718,9927,9691,10537,9713,10336,10198,10253,10234,10228,10183,10103,10014,10041,9655,9087,9359,8916,8845,8488,8207,8571,7033,7252,7179,6790,6336,6035,5880,5194,5712,5130,4642,4543,4257,4048,3589,3636,3432,3244,3050,2800,2680,2669,2467,2261,2125,1842,2431,1568,1536,1412,1524,1374,1325,1207,1158,1126,1052,968,914,882,779,816,704,733,720,498,557,530,556,483,474,422,344,469,443,386,356,356,353,255,346,298,275,295,290,247,197,234,235,216,168,257,154,172,187,164,145,197,140,211,148,122,157,94,113,140,159,134,93,135,74,95,128,104,97,101,114,67,121,144,73,98,90,100,61,91,75,91,81,88,97,104,83,75,58,51,162,46,62,55,86,84,105,67,75,63,72,90,36,64,59,77,37,74,56,30,61,60,68,61,94,61,46,103,86,88,77,73,91,79,119,143,70,178,142,154,101,174,222,153,181,368,291,226,374,376,275,457,343,729,362,653,776,407,836,760,830,1176,1032,1557,687,916,2082,1272,1935,1728,1748,1300,2033,2717,1953,3000,2451,2134,2112,4186,4016,2845,2707,3486,4471,5555,3991,3332,2717,2842}
Count:  17.0  16.9  17.0  16.8  16.3  15.9  15.5  15.2  14.7   7.2   6.3   6.1   5.9   6.4   5.9   6.6   5.9   6.2   5.9   6.0   6.0   5.8   5.6   6.3   6.1   6.0   6.2   5.9  15.5  17.7  17.5  17.3  17.7  17.3  17.6  17.2  17.6  17.3  17.1  17.0  17.0  16.5  16.1  15.4  15.2  14.9  14.9   6.9   5.7   5.8   6.2   6.0   6.1   6.0   6.3   6.1   6.0   6.1   6.1   6.0   5.9   5.9   5.7   5.8   5.8   5.7  15.4  17.6  17.4  17.4  17.4  17.5  17.6  18.0  18.1  17.6  17.2  17.1  16.7  16.4  16.0  15.6  15.4  14.5  14.5   7.0   5.7   6.0   6.4   6.0   5.9   6.2   6.1   5.9   6.1   6.0   5.9   5.8   5.9   5.7   5.9   5.8   5.5   5.5  15.0  17.7  17.5  17.4  17.1  17.3  17.4  17.6  17.3  17.0  17.4  17.4  16.6  16.4  16.3  15.7  15.4  14.4  13.8   6.9   5.9   5.8   5.5   5.9   5.8   5.7   5.9   6.0   6.1   6.0   6.6   6.2   6.0   6.1   6.2   6.1   6.0   6.0  14.8  17.6  17.4  17.4  17.5  17.6  17.7  17.4  17.2  17.4  16.7  17.0  16.6  16.2  15.7  16.1  14.9  14.6  14.0   7.2   6.1   5.7   5.6   5.7   5.8   5.9   5.8   6.0   6.0   6.2   6.3   5.8   5.9   5.8   5.7   6.0   5.7   5.9  14.6  17.5  17.8  17.2  17.3  17.7  17.4  17.4  17.3  17.5  17.2  17.0  16.8  16.2  16.2  15.4  15.7  15.3  13.9   7.5 
A: 16.9 16.5 16.3 16.2 16.5 16.2 15.6 15.4 15.5 12.5 11.5 11.6 11.6 11.7 11.6 11.6 11.7 11.6 11.6 11.6 11.6 11.6 11.6 11.5 11.6 11.6 11.7 11.7 17.2 17.2 17.0 17.0 17.3 17.3 17.5 17.1 17.0 17.0 17.0 16.8 16.9 16.8 16.2 15.7 15.7 15.6 15.1 12.8 11.6 11.6 11.7 11.7 11.7 11.7 11.6 11.6 11.6 11.6 11.4 11.7 11.6 11.6 11.5 11.6 11.5 11.6 17.2 17.4 16.9 17.2 17.3 17.2 17.1 17.1 17.1 17.1 16.8 16.7 16.2 16.3 16.6 15.9 15.8 15.6 15.0 12.7 11.6 11.5 11.6 11.6 11.6 11.5 11.6 11.6 11.6 11.6 11.7 11.6 11.7 11.6 11.6 11.6 11.6 11.6 16.8 17.2 17.6 17.4 17.2 17.4 17.3 17.5 17.2 16.8 16.6 16.9 16.8 16.3 16.1 16.1 15.9 15.6 14.8 12.7 11.6 11.6 11.5 11.6 11.7 11.7 11.7 11.8 11.6 11.5 11.7 11.4 11.7 11.6 11.6 11.6 11.6 11.6 16.5 17.3 17.5 16.9 17.1 17.3 17.2 17.3 17.1 17.0 16.9 17.1 16.3 16.3 16.0 16.4 15.9 15.3 14.9 12.6 11.6 11.6 11.5 11.6 11.7 11.6 11.6 11.6 11.5 11.6 11.6 11.6 11.6 11.6 11.6 11.6 11.5 11.6 16.5 17.1 17.2 17.2 17.3 17.2 16.8 17.0 17.4 17.5 16.7 16.5 16.6 16.8 16.1 15.9 15.5 15.1 14.9 13.0 
B: 35.3 34.4 34.0 33.0 33.6 32.3 30.7 29.7 29.8 17.8 14.7 14.8 14.6 14.9 14.7 14.4 14.7 14.7 14.8 14.6 14.9 14.4 14.6 14.4 14.6 14.5 14.9 14.6 35.7 36.9 36.1 36.5 37.2 37.1 37.3 36.3 35.9 35.9 35.7 34.9 35.0 34.5 32.9 31.1 30.6 30.2 29.0 19.0 14.7 14.7 14.6 14.8 14.9 14.7 14.7 14.4 14.4 14.6 14.5 14.6 14.8 14.9 14.5 14.9 14.9 14.8 35.8 36.9 36.1 36.6 36.6 36.8 36.1 36.1 35.8 36.4 35.0 35.0 33.5 33.1 33.1 31.8 30.7 29.8 28.3 19.1 14.8 14.7 14.7 14.7 14.5 14.8 14.8 14.6 14.7 14.9 15.0 14.7 14.4 14.7 14.9 14.9 14.6 14.8 35.0 36.5 38.0 37.6 36.7 37.0 37.1 37.1 36.3 35.2 34.4 35.0 35.0 33.2 32.3 32.4 31.3 30.5 27.5 19.0 14.3 14.5 14.6 14.7 15.0 14.9 14.9 14.7 14.7 14.9 14.8 14.5 14.6 14.9 14.8 14.4 14.7 14.6 34.0 37.0 37.6 36.0 36.3 37.0 36.6 37.0 36.4 36.3 36.1 36.0 33.2 32.7 31.9 32.8 30.9 29.3 27.8 18.8 14.8 14.5 14.8 14.4 14.8 14.7 14.6 14.7 14.6 14.7 14.5 14.4 15.0 14.6 14.6 14.8 14.9 14.6 34.3 36.4 36.9 36.8 37.1 36.3 35.6 36.3 36.7 37.1 34.4 34.1 34.0 34.1 32.0 31.6 30.2 29.0 27.6 20.4 
Direction:  {43 137} {42 138} {41 139} {45 135} {46 134} {44 136} {46 134} {41 139} {43 137} {4 176} {3 177} {1 179} {3 177} {5 175} {2 178} {3 177} {3 177} {0 180} {7 173} {3 177} {2 178} {3 177} {2 178} {5 175} {2 178} {3 177} {0 180} {4 176} {44 136} {42 138} {46 134} {44 136} {45 135} {44 136} {43 137} {46 134} {44 136} {43 137} {45 135} {46 134} {43 137} {43 137} {45 135} {43 137} {45 135} {43 137} {43 137} {7 173} {0 180} {4 176} {4 176} {4 176} {4 176} {1 179} {3 177} {0 180} {3 177} {5 175} {3 177} {2 178} {3 177} {1 179} {2 178} {4 176} {4 176} {2 178} {45 135} {42 138} {42 138} {45 135} {43 137} {42 138} {43 137} {45 135} {46 134} {44 136} {46 134} {46 134} {45 135} {43 137} {43 137} {45 135} {44 136} {42 138} {43 137} {0 180} {2 178} {2 178} {4 176} {0 180} {1 179} {5 175} {3 177} {4 176} {3 177} {3 177} {360 180} {0 180} {4 176} {0 180} {0 180} {3 177} {3 177} {2 178} {41 139} {44 136} {44 136} {44 136} {42 138} {46 134} {44 136} {42 138} {43 137} {43 137} {46 134} {43 137} {45 135} {44 136} {45 135} {46 134} {45 135} {46 134} {41 139} {2 178} {5 175} {360 180} {3 177} {2 178} {0 180} {0 180} {3 177} {3 177} {3 177} {3 177} {4 176} {4 176} {0 180} {2 178} {3 177} {0 180} {360 180} {2 178} {43 137} {43 137} {44 136} {45 135} {43 137} {45 135} {42 138} {44 136} {44 136} {44 136} {44 136} {44 136} {43 137} {46 134} {44 136} {43 137} {45 135} {46 134} {41 139} {3 177} {2 178} {3 177} {0 180} {3 177} {0 180} {0 180} {0 180} {4 176} {1 179} {2 178} {1 179} {0 180} {4 176} {3 177} {3 177} {2 178} {360 180} {2 178} {43 137} {46 134} {44 136} {43 137} {42 138} {45 135} {46 134} {42 138} {42 138} {44 136} {45 135} {43 137} {41 139} {43 137} {44 136} {42 138} {42 138} {45 135} {42 138} {1 179}

