54.0: Count:   9.0 (  4.0) A:  16.3 [12-59] B:  30.3 [12-128] Phase: 93% 141 (23.9) Direction:  {46 134}  14% 197 (14.8) Direction:  {303 237}
Phase: {377,135,156,155,203,153,118,133,135,138,124,117,80,126,144,108,120,102,118,92,120,108,136,121,112,121,100,141,138,149,121,146,134,120,165,143,150,144,184,184,170,159,199,196,162,216,206,216,220,215,220,258,267,240,289,273,308,274,333,328,377,316,337,381,334,356,408,406,462,426,482,425,544,529,492,575,595,639,646,648,672,770,774,793,799,895,932,898,991,863,1457,1028,1198,1162,1269,1309,1323,1465,1425,1653,1598,1628,1653,1904,1984,1929,2006,2109,2427,2069,2548,2486,2545,2821,2839,2988,2677,3398,3275,3448,3383,3703,3864,3677,3999,4283,4472,4431,4539,5044,4893,5213,5419,5394,5334,5881,5364,5952,5998,5948,5756,6162,6051,6084,6177,5958,6055,5475,5962,5538,5387,5400,5266,5400,4574,4933,4609,4513,4334,4343,4201,3618,4125,3671,3595,3553,3427,3421,3016,3081,2896,2994,2763,2697,2532,2570,2592,2247,2332,1924,2721,1825,1982,1897,1896,1769,1718,1612,1649,1640,1440,1473,1340,1345,1336,1164,1181,1209,1219,946,1110,961,1015,926,885,820,662,873,789,678,737,663,678,540,555,621,544,537,494,505,445,506,487,490,383,414,349,390,388,327,338,348,367,357,337,304,297,290,281,275,277,265,266,283,203,207,203,251,225,203,207,175,195,207,177,166,194,164,160,160,137,188,151,139,136,147,184,144,151,116,288,123,164,172,223,211,176,190,253,283,191,258,258,314,369,283,369,493,623,359,630,496,628,723,751,821,586,1064,984,1158,986,1489,1314,1192,1352,1701,1540,1606,1561,2087,1701,1739,2310,1908,1699,2622,1881,2201,2524,1921,1967,2505,1954,2040,1966,2323,1912,1576,1957,2146,1623,1718,1627,1804,970,1426,1364,1267,1178,939,1168,729,1011,819,708,564,744,624,481,445,373,560,458,266,260,293,387,238,145,165}
Count:   4.9   4.8   5.3  14.9  16.1  14.7  14.5  13.5  13.1  12.7  11.5  10.6   8.2   4.9   5.4   5.2   5.2   5.2   5.4   5.3   5.2   5.6  15.0  15.5  15.3  13.7  13.5  11.6  11.9   9.8   9.7   7.4   5.3   5.4   5.1   5.2   5.3   5.4   4.9   5.4   5.5   5.4   5.2   5.4   5.0   5.8  16.4  15.1  14.8  14.5  14.2  13.2  13.3  12.4  11.4   7.8   5.2   5.5   5.4   5.6   5.2   5.5   5.3   5.3   5.6  16.7  15.0  14.7  13.2  13.4  12.5  11.9  10.4   9.8   6.6   5.5   5.5   5.4   5.4   5.6   5.4   5.0   5.4   5.7  15.6  15.2  14.0  13.9  12.8  11.9  10.9  10.1   9.1   6.7   5.5   5.5   5.2   5.2   5.4   5.5   5.8   5.3   6.2  17.5  14.6  14.3  13.0  12.0  11.3  10.1   9.9   8.7   6.9   5.4   5.1   5.3   5.5   5.3   5.7   5.5   5.5   5.3   5.6   5.5   5.6   5.6   8.7  16.1  15.3  14.3  14.2  13.1  13.2  11.3  11.8   9.7   6.4   5.6   5.7   5.4   5.6   5.6   5.3   5.6   5.6   8.2  16.7  15.1  14.4  13.8  13.4  11.9  11.4  10.1   9.1   6.0   5.4   5.5   5.4   5.5   5.3   5.3   5.4   5.3   8.6  15.6  14.8  14.0  13.3  12.3  11.7  10.5   9.4   9.1   6.0   5.6   5.2   5.5   5.3   5.2   5.4   5.4   5.3   5.5   5.6   5.3   5.3   5.5  11.3  16.8  16.1  14.4  14.4  13.1  12.3  12.1  11.1  10.1   5.3   5.3 
B: 21.2 21.6 22.9 37.5 36.4 36.1 35.4 34.9 33.5 32.9 31.7 29.4 27.6 22.8 23.0 23.1 22.9 22.5 23.3 22.8 23.3 22.7 36.3 36.1 35.9 34.6 34.3 32.9 31.2 27.9 28.0 25.2 22.6 22.8 23.0 23.3 23.1 23.1 22.9 23.1 22.5 23.2 23.2 23.0 23.1 25.1 37.3 36.3 36.0 35.4 35.6 34.1 33.8 32.1 31.1 27.7 23.0 23.4 23.3 23.2 23.0 22.4 22.7 23.0 25.0 37.9 36.2 35.8 34.5 34.5 32.4 31.4 28.7 27.5 26.8 22.8 23.2 23.3 23.1 23.0 23.2 23.2 23.4 24.2 36.8 36.3 35.0 34.6 32.7 32.2 29.3 27.9 26.5 24.8 23.1 22.8 23.4 22.7 23.6 23.1 22.6 23.0 24.2 37.7 36.2 35.7 34.2 32.4 30.6 28.9 27.2 25.8 25.9 23.0 23.9 23.0 22.6 23.4 23.4 22.8 23.3 23.2 23.2 22.7 23.7 23.2 32.9 36.6 35.9 34.8 35.1 33.4 33.6 31.7 30.5 28.0 25.1 23.1 23.3 22.8 23.2 23.1 23.6 22.9 23.2 33.2 37.0 35.3 36.0 33.9 33.4 32.2 30.7 27.9 26.6 23.7 22.9 23.1 23.3 23.1 23.2 23.2 23.5 23.7 31.5 36.0 36.0 34.7 34.8 33.1 30.7 28.9 27.0 26.6 24.7 23.3 23.0 23.3 22.7 23.6 23.2 23.5 23.5 22.8 22.6 23.6 23.1 23.3 34.8 36.9 36.3 35.6 35.4 34.4 33.7 31.9 29.4 28.5 22.8 23.2 
Direction:  n n n {47 133} {47 133} {46 134} {46 134} {47 133} {45 135} {47 133} {46 134} {47 133} {49 131} n n n n n n n n n {47 133} {48 132} {47 133} {46 134} {46 134} {46 134} {46 134} {49 131} {51 129} {52 128} n n n n n n n n n n n n n n {48 132} {48 132} {45 135} {49 131} {45 135} {47 133} {47 133} {47 133} {43 137} {47 133} n n n n n n n n n {47 133} {48 132} {47 133} {45 135} {47 133} {49 131} {50 130} {51 129} {49 131} n n n n n n n n n n {48 132} {47 133} {45 135} {45 135} {47 133} {48 132} {44 136} {50 130} {44 136} n n n n n n n n n n {48 132} {47 133} {46 134} {47 133} {48 132} {43 137} {47 133} {46 134} {48 132} n n n n n n n n n n n n n n {46 134} {46 134} {48 132} {47 133} {46 134} {47 133} {46 134} {47 133} {47 133} {47 133} n n n n n n n n n {46 134} {45 135} {46 134} {45 135} {46 134} {49 131} {50 130} {48 132} {44 136} {45 135} n n n n n n n n n {48 132} {47 133} {47 133} {46 134} {46 134} {49 131} {48 132} {48 132} {44 136} {49 131} n n n n n n n n n n n n n n {47 133} {48 132} {46 134} {47 133} {48 132} {46 134} {44 136} {47 133} {47 133} {48 132} n n

54.1: Count:   9.4 (  4.0) A:  16.4 [12-57] B:  29.2 [12-128] Phase: 100% 142 (33.9) Direction:  {47 133}
Phase: {654,195,213,223,342,222,189,188,211,235,143,187,140,172,173,134,181,181,186,130,183,164,160,180,170,184,160,220,201,201,163,198,220,209,216,251,218,246,234,257,245,282,293,275,300,382,298,329,378,327,337,373,374,426,458,483,468,435,533,516,512,528,603,645,500,625,666,680,698,716,802,668,852,849,740,795,898,938,908,965,968,1113,1109,1091,1126,1218,1229,1298,1423,1189,1827,1247,1507,1520,1682,1625,1735,1808,1968,2083,1943,2104,2121,2318,2453,2555,2565,2684,2931,2609,2927,2920,3109,3350,3324,3556,3149,4036,3835,3952,3994,4164,4497,4294,4341,4631,4734,4663,4646,4856,4624,4907,4813,4924,4500,5174,4554,4993,4931,4907,4837,4977,4835,4921,4883,4996,4771,4687,5241,4958,4856,4758,4850,5173,4318,4926,4602,4700,4390,4471,4441,3843,4492,4052,3868,3837,3664,3690,3442,3450,3214,3381,3064,2878,2897,2758,2877,2564,2618,2178,3059,2045,2220,2133,2202,2013,1784,1834,1814,1850,1636,1612,1493,1571,1431,1406,1398,1370,1438,1080,1199,1124,1186,1099,1079,1015,856,1057,960,885,853,957,815,767,781,769,794,723,686,687,633,598,671,615,578,635,500,528,588,471,438,513,434,451,444,427,413,398,406,389,347,355,316,370,255,293,291,319,261,231,264,226,277,231,207,209,258,232,208,219,161,239,166,202,184,219,254,161,181,147,342,160,155,183,282,259,190,173,244,351,223,275,257,336,424,302,336,443,524,327,558,460,550,682,802,656,496,936,848,933,831,1288,1049,870,1062,1376,1123,1290,1159,1708,1293,1410,1914,1622,1528,2160,1457,1781,2234,1620,1709,2262,1577,1920,1734,2199,1744,1432,1810,2307,1546,1815,1608,1867,997,1468,1551,1472,1264,1015,1431,879,1281,1067,892,722,1078,819,608,630,563,800,572,403,406,445,554,317,249,197}
Count:   5.3   5.3   5.6  15.3  16.2  15.4  14.8  14.1  13.2  13.1  11.6  11.4   8.9   5.5   6.1   5.5   6.0   5.6   5.9   5.8   5.6   5.5  15.1  16.0  15.3  14.2  14.2  12.2  12.5  10.5  10.1   7.7   5.5   5.5   5.7   5.4   5.6   5.8   5.7   5.3   5.8   5.7   5.7   5.7   5.7   6.8  17.0  16.0  15.5  14.9  15.2  13.7  13.8  12.4  11.7   8.0   5.8   6.0   5.8   6.1   5.7   5.7   5.6   6.0   6.3  16.8  15.4  15.0  13.8  13.8  12.9  12.4  10.7  10.4   7.2   6.0   5.6   5.8   5.7   5.8   5.5   5.6   5.7   6.3  15.7  15.7  14.5  14.2  12.9  12.5  11.3  10.1   9.1   7.3   5.7   5.8   5.7   5.7   6.1   5.8   5.8   5.8   6.5  17.5  14.9  15.0  13.5  12.4  11.0  10.8   9.9   9.0   7.3   5.7   6.0   5.8   6.0   5.7   6.0   5.8   5.7   5.8   6.0   5.9   6.2   5.8   9.4  16.5  15.6  14.4  14.9  13.5  13.6  11.8  12.1  10.3   6.9   5.9   6.1   6.0   6.0   5.9   5.8   5.8   6.0   9.1  16.9  15.4  14.9  14.1  13.5  12.3  11.9  10.3   9.3   5.9   5.9   5.7   6.4   5.9   5.9   5.6   6.1   5.7   9.4  15.8  15.3  14.3  13.8  12.9  12.5  10.9   9.8   9.1   6.3   5.4   5.7   5.8   5.9   6.0   6.0   5.7   5.4   5.8   5.8   5.7   5.6   5.5  11.7  17.4  16.1  14.8  14.7  13.5  12.7  12.1  12.0  10.6   5.8   5.9 
B: 20.4 21.1 22.4 36.8 35.4 35.1 34.1 33.5 32.1 32.0 30.4 28.2 26.2 22.2 22.2 22.3 22.6 22.0 22.5 22.4 23.0 22.4 35.2 35.2 34.8 33.8 33.0 31.2 29.7 26.7 26.3 24.3 22.4 22.3 22.3 22.4 23.1 22.6 22.5 22.6 22.3 22.6 22.5 22.5 22.8 24.4 36.1 34.9 34.7 34.1 34.3 32.8 32.6 31.3 30.2 26.8 22.4 22.3 22.5 22.5 22.2 22.3 22.0 22.6 24.9 36.4 35.3 34.7 33.2 33.1 31.1 29.9 27.6 26.9 25.5 22.7 22.8 23.0 22.6 22.2 22.0 22.7 22.1 23.5 35.5 34.9 33.7 33.5 31.4 30.8 27.8 26.5 25.3 23.9 22.7 22.4 22.7 22.7 22.9 22.3 22.6 22.6 23.5 36.7 34.8 34.1 32.6 31.5 29.7 27.3 26.0 24.3 24.2 22.6 23.1 22.2 22.3 22.6 22.9 22.2 22.6 22.6 22.4 22.5 22.4 22.3 31.5 35.2 34.8 33.8 34.1 32.6 32.4 30.3 29.6 26.8 24.5 22.5 22.4 22.3 22.7 22.7 23.0 22.5 22.6 31.7 35.2 34.5 34.7 32.9 32.8 31.3 29.0 26.7 25.6 23.1 22.7 22.0 22.4 22.6 22.6 22.8 22.6 22.9 30.5 34.7 34.5 33.5 33.3 31.6 29.6 28.1 25.7 25.0 23.7 23.0 22.2 22.4 23.0 22.8 22.2 22.9 22.5 22.4 22.6 22.8 22.9 22.7 33.4 35.8 35.7 34.3 34.4 33.0 32.3 30.5 28.7 27.1 22.1 22.6 
Direction:  n n n {47 133} {49 131} {41 139} {47 133} {46 134} {43 137} {52 128} {42 138} {44 136} {50 130} n n n n n n n n n {52 128} {50 130} {49 131} {47 133} {50 130} {50 130} {44 136} {42 138} {49 131} n n n n n n n n n n n n n n n {43 137} {50 130} {49 131} {42 138} {51 129} {47 133} {47 133} {45 135} {45 135} n n n n n n n n n n {51 129} {48 132} {44 136} {45 135} {45 135} {49 131} {54 126} {51 129} {53 127} n n n n n n n n n n {50 130} {42 138} {51 129} {45 135} {46 134} {39 141} {43 137} {46 134} n n n n n n n n n n n {49 131} {44 136} {47 133} {51 129} {47 133} {41 139} {55 125} {56 124} {50 130} n n n n n n n n n n n n n n {49 131} {46 134} {45 135} {48 132} {41 139} {46 134} {47 133} {42 138} {50 130} {45 135} n n n n n n n n n {44 136} {51 129} {46 134} {50 130} {46 134} {50 130} {47 133} {45 135} {52 128} {48 132} n n n n n n n n n {42 138} {51 129} {47 133} {43 137} {51 129} {49 131} {45 135} {43 137} {40 140} n n n n n n n n n n n n n n n {49 131} {49 131} {43 137} {46 134} {45 135} {48 132} {47 133} {47 133} {40 140} {39 141} n n

54.2: Count:   8.0 (  4.1) A:  16.8 [12-55] B:  30.5 [12-131] Phase: 100% 141 (35.9) Direction:  {46 134}
Phase: {432,81,106,131,195,147,83,91,110,138,93,96,90,113,130,74,104,108,132,100,146,92,102,101,117,103,94,109,107,155,126,142,138,111,146,147,173,191,183,202,187,203,263,241,195,298,281,260,344,314,293,365,392,376,419,461,416,427,472,543,522,574,595,692,542,628,718,760,746,745,849,733,995,895,894,1019,1024,1126,1088,1131,1116,1225,1264,1253,1289,1303,1582,1397,1534,1387,2192,1425,1779,1711,2029,1919,1947,2082,2262,2368,2191,2361,2275,2665,2560,2649,2712,3032,3234,2792,3216,3214,3388,3478,3509,3535,3285,3959,3812,4005,4079,4243,4231,4014,4276,4369,4452,4375,4383,4624,4450,4709,4750,4823,4354,4867,4400,4734,4862,4637,4383,4703,4476,4529,4695,4708,4508,4400,4676,4689,4495,4510,4696,4759,4049,4457,4372,4329,4268,4142,4208,3708,4212,3979,3555,3604,3613,3682,3186,3311,3106,3340,2928,3004,2839,2735,2883,2582,2489,2231,3078,1977,2218,2116,2183,2007,1838,1846,1854,1887,1622,1632,1513,1544,1451,1443,1420,1370,1505,1116,1254,1107,1132,1177,999,1003,878,1025,1014,927,837,919,830,694,755,717,665,613,565,611,530,473,599,529,416,522,381,439,481,397,314,351,358,331,325,357,271,216,246,269,231,245,212,223,208,186,170,184,172,149,194,129,135,116,133,107,138,110,87,99,102,114,89,83,94,76,111,92,59,65,197,42,75,82,126,97,65,75,79,112,86,98,88,107,143,80,59,126,146,114,167,90,179,151,199,138,105,164,198,218,151,305,218,174,204,312,228,231,183,314,257,250,380,272,295,373,310,367,354,296,379,454,325,424,336,499,359,289,358,642,337,499,416,500,274,353,446,433,435,247,568,285,423,391,285,288,434,322,245,290,258,370,277,203,201,273,315,148,125,97}
Count:   3.9   4.1   4.1  14.5  15.0  14.4  13.5  13.2  11.9  12.2  10.5   9.8   7.2   4.1   4.3   4.4   4.4   4.2   4.5   4.4   4.4   4.1  14.4  14.8  14.1  12.9  12.6  10.9  11.1   9.1   8.6   5.9   4.1   4.1   4.2   4.1   4.3   4.2   4.4   3.9   4.1   4.0   4.4   4.1   4.5   5.4  15.6  14.4  14.0  13.6  13.5  12.2  12.1  10.9  10.5   6.8   4.3   4.6   4.5   4.7   4.2   4.4   4.1   4.6   5.0  15.5  14.4  13.5  13.1  12.4  11.8  11.0   9.1   8.8   5.6   4.7   4.3   4.5   4.5   4.5   4.5   4.2   4.4   5.0  15.2  14.3  13.1  12.8  11.5  11.2   9.7   8.8   7.6   5.7   4.0   4.3   4.3   4.5   4.6   4.5   4.4   4.6   4.9  16.6  14.0  13.7  11.6  11.0   9.7   9.2   8.1   7.5   5.4   4.4   4.6   4.4   4.6   4.4   4.8   4.4   4.6   4.2   4.5   4.4   4.6   4.3   8.0  15.4  14.2  13.5  13.5  12.2  12.2  10.4  10.7   9.1   5.1   4.4   4.7   4.7   4.7   4.4   4.4   4.4   4.6   7.8  15.4  14.5  13.8  12.9  12.0  11.1  10.4   8.9   8.1   4.6   4.4   4.2   4.5   4.3   4.4   4.1   4.5   4.5   8.2  14.5  14.3  13.2  12.9  11.5  11.0   9.3   8.3   7.4   4.7   4.3   4.2   4.6   4.6   4.4   4.3   4.6   4.1   4.4   4.3   4.4   4.3   4.2  10.5  15.9  15.0  13.5  13.6  12.2  11.6  10.6  10.3   9.3   4.0   4.8 
B: 21.9 22.6 23.5 38.5 36.4 36.0 34.8 34.1 33.2 33.1 31.4 28.9 27.3 23.6 23.5 23.0 23.5 23.3 24.2 23.9 23.8 23.6 36.1 35.8 35.5 34.4 34.1 32.0 30.2 27.4 27.0 25.5 23.8 23.7 23.5 23.6 24.0 23.6 23.9 23.4 23.9 23.7 23.7 23.5 23.7 26.0 36.9 35.7 36.0 34.9 35.1 33.5 34.2 32.4 31.6 27.7 23.6 23.4 23.7 23.8 23.5 23.9 23.9 23.9 26.8 36.5 36.6 34.9 34.6 33.8 32.5 30.5 28.2 27.3 26.1 23.6 23.8 23.4 23.6 24.0 23.6 24.1 23.2 25.1 36.6 35.2 34.8 34.0 32.7 31.9 28.4 27.3 25.5 24.6 24.4 23.7 24.1 23.9 23.6 23.8 23.6 23.9 25.3 37.4 35.2 35.2 33.1 32.8 30.5 27.7 26.4 24.5 25.1 23.8 24.0 23.7 23.8 23.5 23.6 23.3 23.3 23.8 23.9 23.9 23.9 23.8 34.1 35.9 35.0 34.8 34.6 33.9 32.7 31.4 30.3 26.9 25.6 23.5 23.6 23.0 23.5 23.2 24.1 23.8 23.8 33.5 36.1 35.5 35.2 33.6 33.1 32.2 29.5 27.4 25.9 24.2 24.2 23.3 23.8 24.0 24.0 24.1 24.0 23.7 33.1 34.8 35.2 34.3 33.9 32.7 30.5 28.3 26.4 25.1 24.9 24.5 24.0 23.5 23.8 23.8 23.5 23.8 23.4 23.7 23.6 23.9 24.2 23.5 35.3 36.0 35.5 35.1 35.2 33.9 33.5 31.7 29.6 27.4 23.6 23.5 
Direction:  n n n {44 136} {50 130} {49 131} {46 134} {47 133} {41 139} {48 132} {42 138} {51 129} n n n n n n n n n n {50 130} {44 136} {50 130} {45 135} {47 133} {49 131} {43 137} {45 135} {38 142} n n n n n n n n n n n n n n n {49 131} {46 134} {46 134} {44 136} {42 138} {53 127} {49 131} {46 134} {52 128} {46 134} n n n n n n n n n {48 132} {45 135} {44 136} {41 139} {45 135} {42 138} {44 136} {48 132} {44 136} n n n n n n n n n n {41 139} {47 133} {49 131} {48 132} {43 137} {43 137} {41 139} {47 133} n n n n n n n n n n n {46 134} {48 132} {49 131} {46 134} {45 135} {42 138} {50 130} {52 128} n n n n n n n n n n n n n n n {47 133} {49 131} {48 132} {43 137} {41 139} {44 136} {45 135} {41 139} {41 139} {42 138} n n n n n n n n n {44 136} {47 133} {44 136} {42 138} {50 130} {42 138} {43 137} {48 132} {52 128} {51 129} n n n n n n n n n {42 138} {49 131} {48 132} {42 138} {51 129} {44 136} {42 138} {50 130} {49 131} n n n n n n n n n n n n n n n {41 139} {52 128} {44 136} {43 137} {44 136} {44 136} {44 136} {51 129} {47 133} {43 137} n n

54.3: Count:   6.0 (  4.1) A:  17.1 [12-56] B:  32.8 [12-121] Phase: 100% 140 (27.2) Direction:  {46 134}
Phase: {60,14,16,14,27,25,17,25,22,29,23,24,13,19,25,16,24,28,22,14,32,16,25,14,28,17,27,26,38,40,29,48,25,24,34,40,37,38,56,68,54,51,58,68,67,111,93,87,103,88,105,131,113,130,126,147,189,134,176,228,191,205,219,266,194,252,236,293,307,305,385,301,425,391,391,423,527,494,485,524,565,675,683,672,661,720,842,725,804,790,1287,775,1092,1064,1215,1235,1172,1324,1333,1524,1442,1501,1605,1870,1887,1865,2007,2132,2346,2112,2528,2552,2553,2779,2993,3064,2896,3513,3536,3693,3723,4036,4094,3939,4269,4376,4649,4579,4479,4745,4711,4658,4954,4848,4350,5092,4467,4937,4966,4648,4736,4830,4555,4677,4821,4715,4816,4562,4753,4843,4842,4607,4538,4673,4095,4386,4257,4307,4120,3948,3940,3312,3820,3475,3281,3062,3061,3063,2662,2575,2506,2518,2317,2210,2037,1992,2032,1643,1682,1366,1993,1232,1382,1278,1329,1182,1027,972,972,1043,805,792,713,767,775,642,615,636,647,491,568,503,449,429,455,374,306,406,340,323,273,326,276,251,245,233,226,214,201,196,159,174,192,148,120,170,108,118,138,95,93,107,93,78,72,67,60,51,61,75,54,46,58,46,40,30,37,35,37,12,36,25,42,24,25,14,19,20,15,26,16,23,22,19,22,20,27,10,14,11,28,4,12,12,21,14,15,8,8,15,12,15,7,14,14,11,15,8,11,25,13,5,13,13,13,16,10,20,22,25,12,33,19,21,16,42,14,29,20,36,33,14,48,28,31,39,33,39,40,47,31,53,21,35,24,58,27,34,29,64,32,46,43,36,31,37,60,40,42,20,64,38,34,35,23,46,66,32,21,41,16,50,36,20,24,43,47,26,25,11}
Count:   2.0   2.2   2.4  12.8  13.3  12.5  11.6  10.9   9.9  10.2   8.5   7.3   4.9   2.2   2.5   2.4   2.4   2.4   2.5   2.5   2.5   2.3  12.5  13.6  12.1  11.3  10.4   9.2   8.6   7.2   6.3   3.8   2.2   2.5   2.4   2.3   2.4   2.3   2.3   2.4   2.5   2.3   2.4   2.2   2.4   3.5  13.7  12.1  12.4  11.7  11.7  10.1  10.5   8.7   8.8   4.5   2.3   2.4   2.4   2.4   2.4   2.6   2.4   2.4   3.4  13.3  12.7  11.6  11.1  10.5   9.8   8.5   7.1   6.4   4.0   2.7   2.4   2.5   2.5   2.7   2.5   2.6   2.4   3.2  13.3  12.2  11.1  10.9   9.5   9.0   7.1   6.5   5.0   3.5   2.2   2.5   2.5   2.6   2.6   2.7   2.4   2.7   3.2  14.9  11.8  11.8   9.7   9.4   7.9   7.0   5.7   4.9   3.3   2.5   2.6   2.5   2.5   2.6   2.6   2.6   2.6   2.4   2.4   2.5   2.5   2.5   6.2  14.1  12.1  11.6  11.1  10.8   9.8   8.9   8.2   6.9   3.0   2.4   2.6   2.6   2.4   2.4   2.5   2.4   2.5   6.3  13.5  12.3  11.6  11.5  10.0   9.1   8.1   6.4   5.6   2.8   2.6   2.4   2.7   2.3   2.6   2.4   2.5   2.4   6.4  12.4  12.1  11.1  10.8   9.2   8.6   7.4   5.8   4.6   2.7   2.4   2.4   2.5   2.3   2.3   2.5   2.5   2.3   2.3   2.6   2.4   2.5   2.4   9.1  14.0  13.3  11.7  11.9  10.1  10.1   8.5   8.5   6.6   2.1   2.6 
B: 22.8 23.3 24.4 39.7 37.3 37.4 36.8 35.7 35.2 34.6 33.1 30.0 28.4 24.7 24.6 24.1 24.6 24.0 25.2 24.6 24.9 25.0 37.3 37.4 36.2 36.7 35.9 33.7 31.7 28.7 28.1 28.0 24.6 24.5 24.7 24.8 24.9 25.0 25.1 25.0 24.1 24.8 24.7 24.5 24.4 28.8 39.0 37.2 37.6 36.7 36.6 35.9 35.5 33.3 32.8 29.5 24.7 24.6 25.0 24.7 24.7 24.3 24.7 24.5 30.2 38.5 37.8 36.6 36.0 35.8 34.2 32.0 29.5 27.8 27.2 24.4 25.1 25.0 24.5 24.6 24.1 24.9 24.7 27.3 38.0 37.5 36.5 35.5 35.2 33.4 31.1 28.1 26.2 25.6 24.5 24.8 24.6 25.1 24.8 24.7 24.5 24.9 27.9 38.6 36.5 37.3 34.8 34.5 31.3 29.2 26.9 25.0 26.4 24.9 24.9 24.1 24.8 24.4 24.3 24.6 24.1 24.7 25.1 25.0 24.9 25.1 37.6 36.8 36.7 37.0 37.0 35.4 34.2 33.0 31.5 27.9 26.5 24.6 24.9 24.3 24.4 24.9 25.0 24.5 25.4 37.1 37.6 36.5 36.5 35.9 35.8 33.5 31.4 28.8 26.8 25.3 25.1 24.6 25.1 24.7 24.9 24.5 25.1 24.9 36.8 36.2 37.3 35.6 36.4 33.7 31.6 29.6 26.5 25.6 26.3 25.1 24.8 25.0 24.1 24.5 23.9 24.9 24.6 24.4 24.5 25.4 24.7 24.9 37.8 38.0 37.2 36.1 36.8 35.4 35.2 32.8 32.0 27.6 26.0 24.7 
Direction:  n n n {51 129} {46 134} {49 131} {47 133} {40 140} {46 134} {49 131} {49 131} {43 137} n n n n n n n n n n {46 134} {44 136} {49 131} {49 131} {49 131} {47 133} {41 139} {46 134} {49 131} n n n n n n n n n n n n n n n {44 136} {43 137} {43 137} {42 138} {49 131} {40 140} {47 133} {44 136} {45 135} n n n n n n n n n n {47 133} {42 138} {44 136} {51 129} {40 140} {47 133} {51 129} {42 138} {43 137} n n n n n n n n n n {41 139} {45 135} {50 130} {41 139} {46 134} {40 140} {49 131} {46 134} n n n n n n n n n n n {46 134} {49 131} {42 138} {49 131} {41 139} {39 141} {43 137} n n n n n n n n n n n n n n n n {49 131} {46 134} {44 136} {49 131} {44 136} {50 130} {42 138} {40 140} {51 129} {47 133} n n n n n n n n n {47 133} {42 138} {42 138} {45 135} {46 134} {42 138} {45 135} {53 127} {42 138} n n n n n n n n n n {49 131} {46 134} {45 135} {50 130} {40 140} {42 138} {44 136} {48 132} {45 135} n n n n n n n n n n n n n n n {46 134} {47 133} {42 138} {49 131} {48 132} {43 137} {50 130} {42 138} {49 131} {51 129} n n

54.4: Count:   5.1 (  4.1) A:  17.2 [12-56] B:  34.1 [12-123] Phase: 100% 140 (21.6) Direction:  {46 134}
Phase: {3,2,0,1,0,0,0,2,0,4,1,0,4,3,0,3,2,1,6,2,6,5,2,2,3,1,0,5,6,3,7,5,4,4,8,11,6,19,4,5,9,21,12,16,12,19,15,21,23,9,24,36,21,24,39,40,39,23,38,45,55,68,46,89,54,85,74,87,90,98,153,97,169,131,154,156,185,204,185,234,191,320,259,260,310,361,390,369,404,402,732,426,609,616,688,676,699,800,841,1008,949,1083,1050,1216,1214,1295,1332,1560,1906,1619,1857,2048,2163,2396,2405,2606,2428,2978,3184,3150,3295,3465,3705,3763,3863,4192,4435,4323,4553,4827,4697,4936,4981,5111,4754,5453,4962,5345,5304,5100,5133,5399,5173,4951,5093,5173,5098,4754,4993,4949,4802,4614,4609,4723,3906,4324,4034,3944,3701,3544,3511,3023,3426,2960,2714,2620,2490,2457,1959,1990,1883,1799,1616,1529,1440,1368,1356,1053,1091,875,1278,779,844,703,694,628,539,501,502,593,448,420,338,300,351,264,258,262,274,155,204,146,160,142,136,143,96,116,85,113,62,89,71,53,57,68,58,57,19,38,20,26,50,32,25,39,24,16,28,15,20,15,8,16,16,21,12,8,6,18,11,6,6,5,3,8,4,6,1,7,10,0,5,3,2,0,3,8,4,3,2,1,1,1,1,1,4,4,3,2,5,0,0,3,4,1,1,0,1,0,1,3,0,2,0,0,0,1,1,2,1,3,0,1,2,1,1,4,1,1,1,0,0,0,0,1,3,1,0,0,1,0,0,0,3,0,0,0,4,0,0,3,0,0,1,3,2,1,1,1,1,0,0,1,0,0,0,0,0,4,3,0,3,2,0,2,2,0,0,4,0,0,1,0,0,2,3,0,3,0}
Count:   1.3   1.4   1.5  12.2  12.1  11.7  10.7  10.1   8.8   9.1   7.6   6.6   3.9   1.3   1.5   1.5   1.5   1.5   1.5   1.5   1.4   1.5  11.4  12.7  11.0  10.5   9.1   8.2   7.3   6.1   4.8   2.7   1.5   1.6   1.5   1.4   1.5   1.5   1.6   1.5   1.7   1.3   1.5   1.5   1.5   2.8  12.8  11.4  12.0  10.9  10.8   9.5   9.2   8.1   8.1   3.6   1.5   1.5   1.6   1.5   1.5   1.5   1.6   1.5   2.4  12.5  12.1  10.4   9.9   9.2   9.0   7.7   6.3   5.1   2.6   1.5   1.5   1.6   1.4   1.6   1.5   1.6   1.5   2.5  12.4  11.1  10.2   9.6   8.6   8.0   6.4   5.4   3.4   2.3   1.4   1.6   1.5   1.5   1.5   1.5   1.4   1.7   2.2  13.6  10.9  11.0   8.6   8.5   6.9   6.1   4.4   3.2   2.0   1.6   1.4   1.5   1.5   1.6   1.4   1.6   1.5   1.5   1.6   1.5   1.5   1.5   5.4  12.5  11.1  10.7  10.1   9.9   8.6   8.2   6.8   5.6   1.8   1.4   1.5   1.6   1.5   1.4   1.6   1.6   1.4   5.3  12.8  11.8  10.5  10.4   9.0   8.2   7.2   5.6   4.1   1.5   1.5   1.3   1.4   1.8   1.9   1.6   1.7   1.4   5.1  11.8  11.2  10.2   9.7   8.4   7.6   5.9   4.7   3.3   1.5   1.6   1.5   1.7   1.6   1.5   1.7   1.6   1.6   1.7   1.7   1.4   1.6   1.5   8.2  13.3  12.3  10.9  10.6   9.1   9.0   7.7   7.3   5.2   1.2   1.5 
B: 25.3 24.6 25.7 39.6 37.1 38.0 37.3 35.6 36.4 35.7 32.9 30.6 27.8 25.4 26.0 25.5 25.4 24.8 25.8 25.0 26.3 25.2 38.0 37.4 36.4 37.2 36.9 34.6 32.7 29.6 28.3 27.4 25.4 25.4 25.3 25.2 25.7 25.5 25.3 25.9 25.4 25.5 25.2 24.9 24.8 31.2 39.0 37.5 37.2 36.6 37.3 37.1 35.9 34.5 33.4 30.3 25.6 25.3 26.2 25.4 25.3 25.3 25.1 25.6 33.3 38.8 37.4 37.3 37.0 36.2 34.7 33.0 29.9 27.9 29.0 25.2 25.3 26.0 24.9 25.9 25.4 25.0 24.5 29.5 37.8 37.9 37.1 36.9 35.9 34.4 31.4 28.3 25.6 26.5 25.6 25.6 25.6 25.5 25.4 25.3 25.7 25.2 30.0 38.7 37.1 37.8 35.6 35.2 31.6 29.6 26.6 25.5 27.2 25.3 26.2 26.2 25.1 25.6 25.2 26.2 25.2 25.5 25.7 25.6 25.8 25.9 39.5 38.3 37.0 37.7 37.7 35.8 35.4 34.3 32.9 28.7 27.4 26.0 26.0 25.0 25.7 25.3 24.8 25.2 25.9 39.3 37.8 37.6 37.2 36.1 36.6 34.6 30.9 28.7 26.0 26.6 25.9 25.3 26.0 24.6 25.7 25.0 25.1 25.9 38.4 37.3 37.9 37.0 37.5 34.9 33.2 30.2 26.8 25.0 28.1 25.4 25.5 25.4 24.7 25.2 24.4 25.3 25.3 24.8 25.3 25.5 25.2 25.1 39.8 37.0 37.9 36.6 37.7 36.2 35.2 34.0 32.1 28.0 28.2 25.1 
Direction:  n n n {45 135} {42 138} {47 133} {46 134} {45 135} {47 133} {45 135} {42 138} {43 137} n n n n n n n n n n {49 131} {50 130} {47 133} {44 136} {41 139} {47 133} {45 135} {46 134} {43 137} n n n n n n n n n n n n n n n {43 137} {44 136} {45 135} {45 135} {44 136} {48 132} {43 137} {43 137} {45 135} n n n n n n n n n n {46 134} {47 133} {44 136} {45 135} {47 133} {47 133} {48 132} {45 135} {46 134} n n n n n n n n n n {50 130} {42 138} {44 136} {45 135} {45 135} {43 137} {43 137} {46 134} n n n n n n n n n n n {48 132} {47 133} {46 134} {47 133} {44 136} {46 134} {41 139} n n n n n n n n n n n n n n n n {46 134} {47 133} {43 137} {42 138} {44 136} {45 135} {44 136} {44 136} {46 134} {43 137} n n n n n n n n n {48 132} {45 135} {45 135} {43 137} {47 133} {41 139} {44 136} {47 133} {43 137} n n n n n n n n n n {48 132} {45 135} {45 135} {46 134} {47 133} {46 134} {41 139} {47 133} n n n n n n n n n n n n n n n n {43 137} {46 134} {43 137} {46 134} {43 137} {47 133} {45 135} {48 132} {43 137} {46 134} n n

54.5: Count:   4.9 (  4.1) A:  17.2 [12-56] B:  33.6 [12-118] Phase: 100% 140 (20.7) Direction:  {45 135}
Phase: {13,0,1,2,10,6,6,2,4,4,4,1,5,2,6,7,1,5,6,1,3,8,4,4,7,7,7,6,11,6,4,14,13,8,11,17,16,8,16,20,17,10,35,32,32,26,19,30,31,30,35,36,47,39,37,58,56,58,64,73,79,66,68,105,74,101,95,110,99,145,143,125,157,152,173,197,186,202,214,197,227,287,280,261,276,334,384,356,433,387,664,456,537,504,656,694,644,703,739,890,880,923,996,1091,1167,1210,1360,1474,1712,1453,1818,2008,2017,2098,2260,2452,2297,2846,3018,3125,3215,3465,3793,3621,3978,4080,4389,4394,4544,4807,4644,4756,4988,5129,4891,5313,4971,5057,5303,5329,5213,5397,5285,5203,5115,4969,5026,4653,4956,5095,4758,4642,4518,4626,3874,4402,3956,3729,3712,3321,3410,2847,3098,2840,2586,2458,2317,2225,1898,1895,1726,1690,1466,1439,1228,1201,1185,999,926,747,1097,659,729,672,612,532,497,481,391,430,336,350,324,330,313,272,235,262,207,164,180,170,142,158,126,126,103,124,110,91,89,74,80,75,54,52,73,55,52,62,32,48,54,42,39,43,20,33,35,18,10,22,22,24,29,24,17,10,10,15,7,16,6,5,4,7,4,7,3,3,11,7,7,4,3,4,2,4,2,3,2,3,3,3,0,2,2,7,1,3,6,1,0,5,2,2,1,0,0,3,1,4,4,2,2,2,0,1,2,0,5,1,0,0,1,1,1,0,4,4,2,6,1,0,5,3,7,5,1,1,1,2,0,0,4,0,7,3,5,5,1,6,5,2,3,10,2,6,2,15,9,9,6,4,1,4,12,8,4,5,16,2,3,4,8,8,9,3,5,12,8,4,7,3,3,10,3,1,2,0}
Count:   1.1   1.2   1.4  12.1  12.1  11.7  10.6  10.0   9.0   8.9   7.2   7.0   3.8   1.3   1.3   1.3   1.3   1.3   1.3   1.5   1.3   1.5  11.3  12.5  10.9  10.6   9.1   8.6   7.2   6.3   4.7   2.6   1.3   1.4   1.2   1.3   1.3   1.3   1.3   1.3   1.3   1.2   1.3   1.5   1.4   2.7  12.5  11.5  11.8  10.8  10.2   9.5   8.9   8.0   8.2   3.3   1.2   1.3   1.4   1.2   1.4   1.3   1.4   1.3   2.3  12.6  12.0  10.4  10.2   9.3   8.8   7.3   6.6   4.9   2.3   1.4   1.4   1.4   1.4   1.5   1.4   1.4   1.4   2.2  12.6  11.0  10.3   9.3   9.0   7.9   6.1   5.4   3.4   2.0   1.3   1.3   1.2   1.3   1.3   1.3   1.3   1.4   2.2  13.7  11.0  10.6   8.8   8.8   6.6   6.0   4.2   3.3   1.7   1.3   1.2   1.3   1.3   1.4   1.4   1.6   1.2   1.5   1.4   1.4   1.3   1.3   5.1  12.7  11.1  10.6  10.0   9.7   8.1   8.1   6.4   5.8   1.7   1.3   1.3   1.4   1.4   1.3   1.3   1.3   1.3   5.0  12.3  11.8  10.6  10.0   8.6   8.2   7.1   6.0   4.0   1.7   1.3   1.2   1.3   1.5   1.5   1.2   1.6   1.2   5.1  12.0  11.2  10.6   9.4   8.3   7.5   5.6   4.3   3.2   1.6   1.3   1.5   1.5   1.3   1.4   1.5   1.3   1.5   1.3   1.3   1.4   1.4   1.4   8.0  12.7  12.6  10.9  10.6   8.9   8.7   7.6   7.2   5.2   1.2   1.3 
B: 24.8 24.1 24.6 39.1 36.8 37.4 36.6 35.5 36.1 35.7 32.8 31.1 27.2 24.6 25.1 24.7 25.6 24.6 25.0 24.7 25.0 24.7 37.6 37.2 35.3 36.5 36.1 35.0 32.4 30.0 26.5 26.3 25.4 24.6 24.2 24.3 24.2 24.8 24.9 25.0 25.3 24.7 25.0 24.6 24.2 32.7 38.0 36.5 36.0 36.8 36.4 36.1 34.7 34.0 33.1 30.1 25.3 26.0 24.7 24.6 24.5 24.0 24.3 24.6 32.3 37.4 37.0 36.1 36.4 36.5 34.8 32.3 29.9 25.9 27.7 25.1 24.9 24.8 25.2 24.9 25.4 24.6 24.8 26.6 38.5 37.3 36.6 36.4 36.1 32.9 30.6 27.5 24.6 26.0 24.5 24.7 25.2 25.1 24.6 25.2 24.3 25.5 32.8 37.4 36.5 36.7 35.6 34.8 30.1 28.2 25.4 24.8 26.3 24.7 25.9 26.0 25.1 25.9 24.8 24.3 25.5 24.4 25.4 25.0 26.0 25.6 39.1 37.3 35.4 36.8 37.0 35.9 34.6 34.3 31.3 28.6 27.3 25.3 24.9 25.2 24.4 25.1 24.1 25.0 25.3 36.9 36.2 36.7 36.9 35.9 36.0 34.1 30.8 27.5 25.3 24.8 25.6 24.8 25.2 24.4 25.2 25.3 24.4 25.4 38.6 37.4 36.4 35.7 36.7 34.7 32.4 28.5 26.1 24.7 27.5 24.9 24.2 25.1 24.8 24.8 24.7 25.8 24.2 24.9 24.9 23.1 24.2 25.3 38.4 36.5 36.6 35.6 37.9 35.2 34.7 34.2 31.0 27.2 27.2 25.4 
Direction:  n n n {47 133} {46 134} {45 135} {44 136} {44 136} {44 136} {49 131} {43 137} {41 139} n n n n n n n n n n {45 135} {46 134} {44 136} {45 135} {45 135} {43 137} {47 133} {50 130} n n n n n n n n n n n n n n n n {46 134} {46 134} {47 133} {42 138} {49 131} {45 135} {43 137} {43 137} {44 136} n n n n n n n n n n {43 137} {43 137} {46 134} {43 137} {44 136} {52 128} {44 136} {47 133} {46 134} n n n n n n n n n n {45 135} {47 133} {47 133} {49 131} {46 134} {49 131} {49 131} {42 138} n n n n n n n n n n n {44 136} {47 133} {44 136} {44 136} {45 135} {46 134} {42 138} {43 137} n n n n n n n n n n n n n n n {43 137} {44 136} {45 135} {49 131} {45 135} {47 133} {44 136} {46 134} {46 134} {44 136} n n n n n n n n n {46 134} {44 136} {46 134} {43 137} {45 135} {44 136} {49 131} {41 139} {43 137} n n n n n n n n n n {46 134} {42 138} {45 135} {44 136} {44 136} {46 134} {42 138} {49 131} n n n n n n n n n n n n n n n n {47 133} {43 137} {47 133} {46 134} {48 132} {48 132} {46 134} {42 138} {45 135} {44 136} n n

54.6: Count:   5.3 (  4.3) A:  17.1 [12-59] B:  32.8 [12-119] Phase: 100% 140 (19.9) Direction:  {45 135}
Phase: {27,7,3,11,11,3,0,4,5,15,6,4,7,14,5,5,12,7,7,7,12,7,8,9,14,10,5,10,13,24,14,34,20,17,21,27,26,32,39,26,40,37,44,33,38,57,38,75,67,52,62,75,95,53,83,101,103,89,110,122,112,165,159,174,134,187,165,227,181,183,219,224,230,301,290,292,306,337,340,369,323,465,410,465,446,458,589,576,580,517,940,555,582,778,848,896,780,888,955,1137,973,1140,1106,1216,1427,1378,1488,1556,1757,1572,1969,1917,2086,2213,2353,2521,2279,3022,3063,3075,3227,3576,3590,3554,3881,4197,4592,4600,4720,4829,4941,5119,5454,5592,5258,6135,5279,5841,5972,5677,5773,5823,5695,5581,5831,5658,5442,5322,5626,5320,4898,4921,4726,4726,3757,4347,3892,3738,3519,3349,3209,2745,3072,2728,2554,2304,2390,2204,1931,1769,1658,1696,1513,1453,1245,1273,1234,1041,1057,834,1284,687,811,754,677,607,536,571,558,473,480,427,355,388,392,352,315,286,274,186,232,198,211,215,166,176,134,156,160,122,112,133,101,77,77,92,74,56,68,62,45,53,52,43,32,62,33,51,35,36,33,29,23,20,25,20,16,12,20,16,8,19,8,14,12,11,10,8,7,9,12,6,10,6,12,3,2,3,6,10,5,4,9,1,3,2,11,6,6,4,10,3,2,2,5,5,0,3,1,2,0,1,3,3,1,6,5,6,2,2,3,0,1,1,5,4,2,2,0,2,4,2,0,3,2,1,2,2,6,6,8,7,5,0,1,5,1,2,3,1,1,3,2,2,6,6,3,7,11,10,1,2,8,5,2,4,11,3,8,5,7,5,4,3,5,9,9,2,4,7,7,5,2,6,6,7,4,8,5,2}
Count:   1.2   1.4   1.5  12.3  12.7  12.1  11.2  10.6   9.6   9.4   8.1   7.7   4.4   1.4   1.2   1.3   1.4   1.5   1.5   1.5   1.4   1.6  11.7  12.7  11.6  11.1   9.6   9.1   7.8   7.0   5.4   3.0   1.4   1.5   1.4   1.4   1.4   1.5   1.4   1.5   1.4   1.3   1.4   1.4   1.4   3.2  13.1  12.3  12.0  11.6  10.9  10.0   9.4   8.9   8.7   3.4   1.5   1.4   1.4   1.4   1.5   1.5   1.5   1.5   2.5  13.1  12.4  11.2  10.7   9.9   9.2   8.0   7.2   6.0   2.7   1.6   1.6   1.6   1.6   1.5   1.6   1.5   1.4   2.4  13.2  11.5  11.3   9.6   9.3   8.0   7.3   5.9   4.3   2.4   1.5   1.4   1.5   1.5   1.4   1.4   1.5   1.6   2.5  13.9  11.6  11.0   9.7   9.2   7.5   7.0   5.4   4.4   2.2   1.5   1.4   1.7   1.6   1.5   1.5   1.6   1.5   1.4   1.5   1.5   1.5   1.5   5.2  12.9  11.7  11.4  10.8  10.1   8.8   8.7   7.2   7.1   1.8   1.4   1.6   1.7   1.5   1.4   1.5   1.5   1.6   5.3  12.8  12.5  11.2  10.4   9.4   9.0   7.5   6.6   4.9   1.8   1.6   1.4   1.5   1.4   1.6   1.5   1.6   1.4   5.6  12.8  11.5  10.8   9.6   8.9   8.0   6.5   5.2   4.2   2.1   1.4   1.7   1.6   1.5   1.4   1.6   1.5   1.6   1.4   1.6   1.4   1.6   1.5   7.9  13.1  13.2  11.3  11.2   9.5   9.0   8.1   8.2   5.9   1.4   1.5 
B: 24.1 23.4 24.0 37.5 35.9 36.9 36.1 35.3 34.9 34.6 32.9 30.5 27.5 24.0 23.1 23.3 24.6 24.6 23.6 23.9 24.1 23.5 37.2 36.3 35.1 35.8 34.7 34.5 31.8 29.8 26.4 24.8 24.3 24.1 24.0 23.4 23.8 24.1 24.5 24.1 24.5 23.3 24.4 24.1 24.1 33.4 37.2 36.2 35.8 36.1 35.8 35.0 34.1 34.0 32.1 30.0 24.3 24.6 24.3 25.0 23.4 24.2 23.5 23.8 31.3 36.4 36.3 35.8 35.4 35.4 33.9 31.9 29.7 26.6 26.2 23.9 24.3 24.0 24.8 24.7 24.1 24.0 23.9 26.6 37.0 35.6 36.2 34.6 35.3 31.9 29.8 27.2 24.0 24.5 23.8 23.6 23.2 23.3 23.8 23.4 23.2 23.6 31.3 36.5 35.9 35.9 35.2 34.2 30.7 28.4 25.2 24.2 24.9 24.1 24.9 24.1 24.2 23.8 23.8 23.1 24.1 23.4 24.4 24.0 23.6 24.5 36.5 37.2 34.9 35.4 35.4 34.6 34.3 34.2 30.4 29.0 26.8 24.3 24.0 23.9 23.1 23.8 24.5 24.2 23.8 33.2 36.0 36.5 35.3 35.5 35.1 33.6 30.3 27.6 25.4 25.1 24.1 23.3 24.7 23.6 24.0 23.5 24.0 23.9 37.2 36.7 35.5 34.6 35.2 33.6 32.2 28.3 26.4 24.2 26.0 24.0 23.6 23.8 24.1 23.8 23.3 23.7 23.4 22.9 23.6 23.2 24.3 23.5 37.1 36.0 36.6 35.6 37.2 34.4 34.5 33.6 31.2 28.3 25.3 25.1 
Direction:  n n n {47 133} {44 136} {43 137} {45 135} {47 133} {44 136} {44 136} {48 132} {48 132} {44 136} n n n n n n n n n {46 134} {43 137} {47 133} {44 136} {43 137} {42 138} {43 137} {48 132} {43 137} n n n n n n n n n n n n n n n {43 137} {45 135} {45 135} {45 135} {45 135} {44 136} {45 135} {46 134} {45 135} n n n n n n n n n n {47 133} {47 133} {44 136} {47 133} {45 135} {46 134} {47 133} {44 136} {44 136} n n n n n n n n n n {48 132} {46 134} {47 133} {46 134} {43 137} {47 133} {43 137} {43 137} n n n n n n n n n n n {45 135} {45 135} {44 136} {45 135} {46 134} {47 133} {44 136} {46 134} n n n n n n n n n n n n n n n {44 136} {43 137} {44 136} {43 137} {47 133} {44 136} {46 134} {49 131} {45 135} {44 136} n n n n n n n n n {48 132} {46 134} {45 135} {45 135} {43 137} {42 138} {42 138} {49 131} {47 133} {43 137} n n n n n n n n n {44 136} {47 133} {44 136} {48 132} {46 134} {46 134} {44 136} {43 137} {41 139} n n n n n n n n n n n n n n n {47 133} {45 135} {46 134} {46 134} {45 135} {47 133} {48 132} {45 135} {45 135} {45 135} n n

54.7: Count:   5.9 (  4.6) A:  17.3 [12-53] B:  32.0 [12-113] Phase: 100% 139 (23.1) Direction:  {45 135}
Phase: {45,6,7,9,25,13,22,15,11,29,19,23,26,28,35,13,8,22,26,25,28,31,33,33,39,58,24,43,25,51,36,49,44,29,79,84,73,59,71,87,53,61,87,77,77,104,60,104,123,115,107,127,145,150,161,181,184,173,205,250,200,179,250,242,220,231,297,291,285,315,319,296,420,356,362,375,428,449,422,494,488,630,597,603,567,641,734,713,691,646,1187,723,906,950,1135,1058,1066,1212,1217,1394,1324,1579,1391,1693,1730,1729,1948,2051,2441,2087,2386,2425,2610,2964,3062,3122,2862,3643,3704,3601,4004,4216,4508,4235,4458,4957,4946,4944,5006,5618,5044,5404,5474,5809,5296,6022,5132,5698,5681,5553,5403,5701,5469,5387,5500,5676,5281,5090,5485,5076,5242,4888,4968,4928,4048,4640,4258,4322,4055,3774,3822,3233,3563,3284,2884,2825,2840,2750,2317,2195,2025,2098,1851,1770,1563,1490,1644,1379,1193,1007,1586,881,962,900,932,812,725,713,632,712,564,476,527,493,504,388,414,376,370,293,321,243,291,266,236,237,184,259,182,165,144,182,140,124,120,118,116,98,90,111,83,66,70,96,77,74,49,42,73,45,38,50,47,45,38,42,27,18,21,30,19,21,19,29,21,16,26,21,8,8,15,13,12,11,8,3,14,10,18,3,5,14,8,9,8,13,6,3,5,5,9,4,3,4,11,10,4,6,3,11,4,2,1,3,12,4,11,3,0,3,2,3,5,3,8,3,9,9,12,11,2,7,7,3,11,4,2,7,3,1,3,10,2,11,7,3,8,10,9,8,4,5,7,10,8,10,15,7,5,15,10,15,14,14,7,11,11,14,21,15,14,18,22,21,12,9,27,12,7,19,22,26,7,12,9,29,12,14,20,9}
Count:   1.5   1.5   1.6  12.9  13.9  13.4  11.9  11.4  10.6  10.3   9.2   8.8   5.1   1.6   1.6   1.5   1.6   1.6   1.6   1.6   1.6   1.6  12.7  13.6  12.4  11.9  10.5  10.1   8.9   8.2   7.2   4.5   1.6   1.6   1.6   1.6   1.7   1.7   1.6   1.6   1.8   1.6   1.5   1.7   1.6   3.2  13.9  13.1  12.9  12.5  11.9  11.3  10.2   9.8   9.4   3.8   1.7   1.7   1.7   1.5   1.7   2.0   1.6   1.4   2.9  13.4  13.6  12.2  11.7  10.6  10.3   9.2   8.4   7.3   3.5   1.7   1.6   1.9   1.6   1.6   1.8   1.6   1.7   2.8  13.7  12.5  12.2  10.7  10.6   9.3   8.5   7.4   6.6   3.2   1.7   1.8   1.5   1.8   1.6   1.7   1.5   1.9   2.8  14.4  12.9  11.8  10.8   9.8   8.8   8.4   7.0   6.2   3.0   1.7   1.7   1.7   1.7   1.6   1.7   1.8   1.7   1.9   1.7   1.6   1.6   1.5   5.4  13.9  12.8  12.8  11.9  11.2  10.0  10.0   8.2   8.3   2.3   1.6   1.7   1.8   1.6   1.6   1.8   1.6   1.8   5.7  13.8  13.1  11.7  11.7  10.7  10.3   8.6   8.2   6.8   2.4   1.8   1.7   1.7   1.7   1.7   1.8   1.9   1.7   5.7  13.6  12.6  11.9  10.7   9.8   9.4   8.0   7.1   6.0   2.3   1.7   1.7   1.7   1.8   1.5   1.9   1.8   1.8   1.7   1.8   1.6   1.7   1.6   8.5  14.0  13.9  12.5  12.3  11.2  10.5   9.4   8.9   7.2   1.8   1.8 
B: 22.5 22.8 22.9 36.5 35.9 36.0 35.8 34.8 34.4 34.7 32.1 30.4 28.5 23.3 22.9 22.0 22.5 22.6 22.8 23.3 23.2 22.3 36.6 34.8 35.5 34.5 34.3 33.2 31.4 29.9 26.4 25.8 22.9 22.7 22.9 22.4 22.8 22.5 23.0 23.7 22.7 22.6 23.0 22.6 22.6 32.6 36.0 35.7 34.9 35.2 34.8 34.1 33.4 33.7 31.9 29.4 23.6 23.3 22.3 23.5 22.7 22.5 22.3 22.4 30.4 34.8 35.1 34.6 35.1 33.1 33.3 31.9 30.2 26.3 24.8 23.4 23.0 22.8 22.5 22.7 23.3 22.0 23.0 26.1 35.9 35.1 35.7 33.6 33.4 31.6 30.0 27.2 25.0 24.3 22.2 23.0 22.8 22.4 22.9 22.8 22.2 22.2 30.9 36.3 35.5 34.3 34.9 34.0 32.1 29.0 26.3 24.3 24.4 24.4 22.6 23.4 23.2 23.2 23.5 22.9 23.0 22.6 22.2 22.9 23.8 23.2 34.6 36.0 34.5 34.2 33.8 34.6 33.3 33.5 31.3 29.6 26.1 24.7 22.7 23.0 22.8 24.0 22.9 23.7 22.4 31.8 35.7 35.6 33.7 34.1 34.4 32.8 30.7 28.5 25.2 24.0 22.6 22.7 23.1 22.9 22.9 22.5 23.1 23.3 36.6 35.9 34.9 34.7 33.5 33.9 32.3 28.6 27.6 24.4 26.5 22.4 23.3 23.4 22.7 23.6 22.9 22.6 23.1 22.5 23.6 23.1 22.5 22.9 35.4 35.8 36.3 35.1 36.1 33.6 33.9 33.1 31.5 28.6 23.8 22.2 
Direction:  n n n {44 136} {43 137} {45 135} {44 136} {44 136} {44 136} {50 130} {42 138} {46 134} {46 134} n n n n n n n n n {42 138} {42 138} {43 137} {47 133} {47 133} {45 135} {43 137} {43 137} {43 137} n n n n n n n n n n n n n n n {42 138} {43 137} {46 134} {45 135} {47 133} {43 137} {42 138} {45 135} {47 133} n n n n n n n n n n {44 136} {42 138} {41 139} {44 136} {45 135} {44 136} {47 133} {40 140} {42 138} n n n n n n n n n n {48 132} {43 137} {45 135} {48 132} {45 135} {46 134} {42 138} {46 134} {39 141} n n n n n n n n n n {49 131} {45 135} {41 139} {42 138} {46 134} {47 133} {50 130} {45 135} {47 133} n n n n n n n n n n n n n n {47 133} {47 133} {44 136} {44 136} {42 138} {46 134} {43 137} {44 136} {45 135} {44 136} n n n n n n n n n {47 133} {45 135} {44 136} {50 130} {42 138} {42 138} {44 136} {42 138} {42 138} {40 140} n n n n n n n n n {47 133} {47 133} {47 133} {46 134} {45 135} {40 140} {46 134} {43 137} {40 140} {49 131} n n n n n n n n n n n n n n {46 134} {45 135} {45 135} {46 134} {43 137} {47 133} {46 134} {42 138} {46 134} {44 136} n n

54.8: Count:   6.4 (  5.1) A:  17.7 [12-53] B:  32.5 [12-114] Phase: 100% 139 (23.4) Direction:  {45 135}
Phase: {72,13,18,14,32,22,24,12,23,38,13,40,24,20,27,31,22,26,44,26,35,35,34,43,50,39,36,62,53,68,52,66,67,52,76,65,68,66,94,97,81,105,111,131,110,152,148,148,168,162,171,175,165,190,185,261,197,198,245,281,259,285,278,319,248,324,291,348,362,359,438,344,447,457,446,383,552,515,551,560,571,682,671,628,634,710,828,784,795,743,1182,741,926,987,1221,1144,1098,1257,1244,1518,1410,1579,1408,1801,1793,1887,2025,2270,2360,2069,2681,2675,2847,3046,3175,3369,2955,3972,3956,4140,4256,4539,4535,4569,4988,5457,5539,5666,5594,5826,5653,5844,5899,6032,5509,6472,5496,6078,5809,5898,5875,5807,5538,5863,5929,5784,5438,5350,5841,5660,5527,5387,5497,5560,4627,4850,4697,4690,4374,4154,4163,3623,3876,3496,3232,2930,2982,2979,2397,2365,2143,2304,1991,1834,1755,1535,1662,1427,1359,1094,1639,950,938,1002,950,870,779,715,701,669,561,633,511,556,489,428,455,423,422,286,384,321,277,277,257,253,174,249,170,186,192,163,153,107,127,148,105,114,105,115,103,65,98,63,64,79,58,58,44,59,61,40,47,38,40,49,47,36,26,38,27,40,26,34,22,24,20,16,18,12,14,14,21,19,13,11,18,12,19,15,9,30,8,10,7,6,6,7,10,7,10,4,4,5,0,4,6,3,7,13,2,3,3,8,1,7,5,5,6,1,3,9,1,3,3,8,3,5,5,2,5,1,4,8,5,16,4,2,5,10,1,5,4,2,10,5,12,11,6,7,11,10,5,10,4,11,11,11,9,26,12,28,21,20,16,14,10,22,18,12,38,18,19,20,10,32,18,15,26,23,14,34,21,14,18,29,17,16,22,16}
Count:   1.5   1.3   1.7  13.0  14.3  14.1  12.6  12.5  11.6  11.5   9.8  10.2   6.1   1.8   1.6   1.6   1.7   1.6   1.6   1.5   1.5   1.8  13.1  14.2  13.1  12.7  11.9  11.5  10.1   9.4   8.4   5.7   1.6   1.5   1.6   1.7   1.7   1.7   1.6   1.5   1.6   1.6   1.5   1.6   1.7   3.0  14.5  14.0  13.8  13.5  12.6  12.5  11.7  11.0  10.3   4.4   1.7   1.7   1.7   1.7   1.7   1.7   1.8   1.4   3.0  14.2  14.1  13.1  12.7  11.6  11.3  10.0   9.8   8.7   4.2   1.6   1.8   1.7   1.5   1.6   1.6   1.7   1.6   2.6  14.0  13.2  13.3  11.8  11.6  10.3  10.0   8.7   8.2   3.6   1.7   1.7   1.6   1.9   1.7   1.5   1.4   1.8   2.6  14.3  13.7  12.7  11.6  10.9  10.5   9.0   8.7   7.6   3.5   1.6   1.4   1.7   1.6   1.7   1.6   1.7   1.6   1.7   1.6   1.8   1.4   1.6   5.8  14.7  13.7  13.6  13.0  11.9  11.0  11.1   9.4   9.5   2.7   1.7   1.7   1.6   1.7   1.7   1.8   1.5   1.6   5.8  14.3  14.0  12.7  12.6  11.6  11.2   9.4   9.8   8.2   2.6   1.6   1.7   1.6   1.7   1.7   1.6   1.9   1.7   5.9  14.4  13.6  13.4  11.6  11.2  10.4   9.8   8.2   7.2   2.5   1.6   1.8   1.7   1.7   1.6   1.7   1.6   1.7   1.5   1.9   1.5   1.7   1.7   8.6  14.8  14.6  13.7  13.0  12.2  11.0  10.7   9.6   8.7   1.5   1.6 
A: 14.3 14.3 13.9 19.3 19.2 18.9 18.8 18.7 18.3 18.1 17.8 17.3 16.8 14.3 14.1 14.2 14.2 14.1 14.0 14.2 14.3 14.2 19.2 18.7 18.9 18.7 18.5 18.1 17.4 17.0 16.1 15.7 14.2 14.1 14.3 14.1 14.2 14.3 14.2 14.2 14.0 14.1 14.2 14.3 14.3 17.7 19.0 19.3 18.6 18.3 18.6 18.3 18.4 18.1 17.6 16.6 14.3 14.2 14.0 13.9 14.2 14.2 13.9 13.9 17.5 18.4 18.6 18.6 18.5 18.2 18.3 17.7 17.0 16.4 15.6 14.4 14.1 14.2 14.1 14.0 14.4 13.9 14.0 15.5 18.9 18.6 19.0 17.9 18.2 17.6 17.1 16.7 15.7 15.6 13.9 14.0 14.2 14.1 14.3 14.1 14.6 14.1 17.0 19.1 18.8 18.5 18.6 18.1 17.7 16.8 16.1 15.5 15.0 14.1 14.1 14.3 14.3 14.0 14.2 14.3 14.2 14.3 14.1 14.3 14.3 14.2 18.3 18.9 18.7 18.5 18.3 18.5 18.2 18.0 17.2 16.8 15.7 13.9 13.9 13.9 14.1 14.3 13.9 14.2 14.1 17.6 18.8 19.0 18.1 18.3 18.7 18.1 17.5 16.7 16.0 15.0 14.1 14.1 14.0 14.1 14.0 14.1 14.2 14.3 18.6 19.1 18.6 18.6 18.0 18.3 17.7 16.7 16.2 15.4 15.5 14.0 14.2 14.1 14.1 14.3 14.3 14.1 14.2 14.1 14.3 14.0 14.0 14.0 18.3 19.1 18.9 18.6 18.5 18.3 18.1 18.0 17.3 16.7 14.5 14.2 
B: 21.6 21.6 21.4 37.7 36.5 36.5 35.5 35.0 34.6 34.6 33.0 32.1 30.0 22.4 23.3 21.3 21.4 22.0 22.2 22.5 22.1 22.1 37.4 35.3 35.9 35.1 34.9 34.6 32.9 31.0 28.0 27.0 22.6 22.1 21.9 21.9 21.8 22.5 21.8 22.8 21.9 22.2 22.5 21.8 22.0 31.7 36.2 37.2 35.4 35.1 35.2 34.6 34.9 33.8 32.1 30.3 22.4 22.3 21.5 22.1 22.3 21.3 22.2 22.1 31.7 35.0 35.0 35.1 35.1 33.5 33.9 33.2 30.9 29.2 25.6 22.9 22.3 22.4 21.9 21.7 22.5 21.1 21.8 26.5 36.1 35.3 36.3 33.3 34.4 32.3 31.7 30.0 26.8 25.8 21.3 21.7 21.8 22.1 22.1 22.1 21.5 22.1 30.4 36.9 35.3 34.7 35.5 34.2 33.2 30.7 27.7 25.4 24.5 22.8 22.4 22.6 21.7 21.6 22.7 22.1 21.8 22.0 22.2 21.9 22.5 22.2 33.7 36.0 35.6 35.1 34.5 34.9 34.4 33.6 31.7 30.3 27.0 22.1 22.4 22.1 21.7 22.2 21.5 22.1 22.2 33.2 36.6 35.7 33.7 34.4 34.6 34.3 32.5 30.3 27.5 24.7 22.4 21.5 22.0 21.8 21.5 21.8 21.4 23.1 35.7 36.5 35.4 35.5 33.7 34.5 33.5 30.5 28.4 25.5 24.7 22.1 21.9 21.7 21.7 22.4 22.2 22.3 22.6 23.0 22.0 22.2 21.7 21.9 34.1 36.6 36.3 35.3 35.2 34.8 33.8 33.7 32.2 30.2 23.2 21.5 
Direction:  n n n {48 132} {42 138} {43 137} {43 137} {45 135} {47 133} {46 134} {45 135} {42 138} {49 131} n n n n n n n n n {44 136} {47 133} {47 133} {45 135} {43 137} {42 138} {43 137} {42 138} {38 142} {40 140} n n n n n n n n n n n n n n {43 137} {49 131} {46 134} {42 138} {46 134} {43 137} {43 137} {45 135} {45 135} {42 138} n n n n n n n n n {44 136} {43 137} {49 131} {41 139} {43 137} {43 137} {40 140} {48 132} {40 140} n n n n n n n n n n {44 136} {43 137} {43 137} {50 130} {46 134} {40 140} {44 136} {43 137} {42 138} n n n n n n n n n n {45 135} {42 138} {41 139} {43 137} {46 134} {52 128} {43 137} {43 137} {45 135} n n n n n n n n n n n n n n {43 137} {46 134} {46 134} {44 136} {42 138} {44 136} {46 134} {48 132} {44 136} {47 133} n n n n n n n n n {46 134} {43 137} {49 131} {44 136} {42 138} {47 133} {41 139} {42 138} {42 138} {41 139} n n n n n n n n n {44 136} {44 136} {42 138} {43 137} {43 137} {44 136} {42 138} {46 134} {45 135} {38 142} n n n n n n n n n n n n n n {49 131} {44 136} {47 133} {49 131} {45 135} {45 135} {41 139} {40 140} {42 138} {47 133} n n

54.9: Count:   6.4 (  5.6) A:  18.2 [12-53] B:  34.7 [12-113] Phase: 100% 140 (19.2) Direction:  {45 135}
Phase: {13,4,6,0,6,4,3,6,5,7,4,12,8,14,5,8,4,4,7,4,18,10,13,8,12,8,14,18,17,17,17,32,20,17,23,24,30,28,42,31,18,23,77,30,26,68,42,51,66,55,85,83,99,56,63,104,101,71,77,117,107,107,113,126,108,124,144,151,137,150,160,147,228,198,190,226,251,283,249,275,297,339,336,367,312,458,439,450,479,381,756,496,602,606,726,794,729,798,972,1058,1005,1129,1102,1416,1449,1474,1530,1824,2022,1816,2317,2378,2629,2707,2869,3085,2993,3901,3970,3953,4030,4719,4934,4843,5228,5484,5722,5889,6183,6295,6468,6440,6868,7294,6689,7491,6910,7763,7648,7471,7524,7589,7625,7343,7536,7156,7148,6710,6785,6430,6094,5977,6089,5989,5056,5436,5053,4819,4648,4268,4261,3644,3936,3444,3357,3004,2895,2679,2312,2292,2057,2041,1846,1694,1568,1418,1343,1192,1036,868,1282,788,758,743,701,592,614,507,486,482,388,367,310,348,288,209,226,220,232,138,192,128,148,146,130,152,92,115,88,85,65,70,74,51,62,42,35,34,51,48,17,26,45,39,32,34,13,20,30,23,16,22,23,14,13,14,8,7,15,6,13,1,6,8,9,2,13,6,12,10,5,5,7,4,5,0,3,2,2,1,1,6,1,1,3,3,1,3,1,2,2,1,0,0,2,0,3,0,0,1,0,1,1,2,2,6,1,0,0,0,2,2,0,7,4,1,0,1,3,0,0,2,0,0,2,0,0,3,0,1,2,2,0,1,3,3,7,3,1,0,1,2,1,0,2,3,4,1,1,8,2,3,1,4,2,2,6,13,11,4,14,5,0,2,2,3,10,0,9,6,7,8,8,3,1,8,9,3,9,2}
Count:   1.0   1.0   1.1  13.2  14.9  14.0  13.4  13.1  12.4  12.1  10.4  11.2   6.7   1.1   1.1   1.2   1.1   1.1   1.1   1.0   1.2   1.3  13.3  14.5  13.8  13.5  12.6  11.9  10.6  10.5   9.2   6.1   1.1   1.1   1.0   1.1   1.4   1.2   1.2   1.1   1.1   1.1   1.1   1.1   1.0   2.8  14.5  14.7  14.4  13.9  13.3  13.2  12.2  11.7  10.9   4.3   1.3   1.1   1.2   1.2   1.2   1.1   1.1   1.0   2.7  14.4  14.3  13.5  13.7  12.5  11.8  10.7  10.9   9.3   4.4   1.2   1.1   1.3   1.1   1.1   1.1   1.2   1.1   2.3  14.6  13.8  13.8  12.6  12.2  10.8  10.8   9.4   9.5   4.1   1.0   1.2   1.1   1.4   1.2   1.1   1.3   1.2   2.4  14.8  14.5  13.6  12.7  11.2  11.0  10.1   9.5   8.5   3.6   1.2   1.1   1.2   1.1   1.1   1.2   1.1   1.3   1.2   1.1   1.3   1.1   1.3   5.7  14.9  14.1  13.8  13.2  13.0  12.0  12.0  10.2  10.4   2.4   1.3   1.2   1.1   1.2   1.1   1.1   1.2   1.1   5.4  14.6  14.9  13.3  13.1  12.4  12.1  10.2  10.7   8.9   2.4   1.1   1.2   1.1   1.2   1.2   1.0   1.3   1.2   5.4  14.8  14.0  13.9  12.0  12.2  10.7  10.5   9.0   8.6   1.9   1.2   1.2   1.1   1.1   1.1   1.1   1.3   1.0   1.1   1.3   1.1   1.1   1.1   8.3  15.0  14.7  13.9  13.3  13.1  11.7  11.1  10.6  10.0   1.0   1.1 
A: 14.1 14.2 13.9 19.8 19.7 19.4 19.0 19.3 18.6 18.8 18.4 18.0 17.2 14.5 14.3 14.4 14.0 14.0 14.3 14.1 14.1 14.0 19.4 19.3 19.2 19.0 18.8 18.5 18.2 17.4 16.4 16.2 14.4 14.3 14.5 14.5 14.0 14.1 14.0 14.4 14.4 14.1 14.0 14.2 14.2 18.7 19.1 19.7 18.9 19.1 18.7 19.0 19.0 18.7 18.0 17.8 14.6 14.2 14.0 14.0 14.1 14.1 14.1 14.4 18.9 19.1 19.0 19.0 19.3 18.5 19.1 17.8 17.7 17.0 16.3 14.2 14.3 14.5 14.0 13.9 14.0 14.2 14.1 15.6 19.0 18.9 19.8 18.3 19.0 18.2 17.9 17.1 15.9 16.0 14.3 14.4 14.5 14.1 14.1 13.9 14.0 14.3 17.6 19.4 19.1 18.7 19.0 18.5 18.2 17.2 16.4 15.7 15.3 14.2 13.9 14.0 14.0 13.9 14.1 14.2 14.5 14.1 14.2 14.3 14.0 14.4 18.4 19.4 19.1 18.9 18.7 18.8 18.5 18.4 17.7 17.3 16.3 14.1 13.9 14.1 14.5 14.5 13.9 14.1 13.8 17.7 19.3 19.3 18.5 19.0 18.8 18.8 17.8 17.2 16.3 15.6 14.5 14.0 14.2 14.3 14.2 14.1 14.4 14.1 19.0 19.1 19.2 18.9 18.6 18.5 18.1 17.3 16.5 15.6 15.7 13.9 14.0 14.3 14.3 14.5 14.3 13.8 14.2 14.5 14.0 14.1 13.6 14.1 18.8 20.0 19.4 19.0 18.8 18.9 18.6 18.5 17.9 17.2 14.9 14.2 
B: 22.4 22.2 22.0 39.4 38.6 37.8 36.9 37.7 36.2 36.1 35.2 34.6 32.4 24.2 23.3 22.4 23.1 22.8 23.0 23.2 23.4 22.5 38.5 37.5 37.1 36.5 36.8 36.6 35.1 33.7 30.3 29.9 23.4 22.6 22.6 23.1 23.2 22.9 22.5 22.8 23.4 21.7 22.6 23.4 22.7 35.4 37.4 38.7 37.1 37.4 36.4 36.9 37.0 36.0 34.3 33.5 23.9 22.8 22.6 22.5 23.4 22.4 23.2 23.4 35.7 37.5 37.0 36.7 37.5 35.2 36.7 33.9 33.3 32.1 29.2 23.5 23.6 23.8 22.3 21.7 23.5 22.9 22.9 27.3 37.5 37.1 38.6 35.0 37.2 35.5 34.2 32.1 29.0 28.2 22.2 23.4 22.2 23.0 22.3 23.3 22.1 22.6 31.8 38.3 37.4 36.0 37.1 35.7 35.3 32.9 29.8 27.8 26.8 23.4 22.1 23.2 22.2 23.0 23.4 22.1 23.2 23.0 23.5 22.9 22.3 22.9 35.7 38.1 36.9 36.8 35.8 36.2 35.7 35.3 33.9 32.7 30.5 23.2 22.9 22.6 23.4 22.8 22.1 22.7 22.8 34.4 38.1 37.7 35.7 36.2 35.7 36.4 34.2 32.8 29.9 27.1 23.5 22.2 23.4 23.5 23.3 23.2 22.5 23.4 37.3 37.3 37.3 36.8 35.6 35.9 35.1 33.0 30.6 28.0 25.8 22.9 22.7 24.3 23.6 22.1 22.0 22.1 22.8 24.1 22.5 22.9 22.2 23.0 35.9 39.3 38.0 37.0 36.4 36.3 35.9 35.6 34.2 33.0 25.8 22.3 
Direction:  n n n {46 134} {44 136} {47 133} {46 134} {45 135} {44 136} {45 135} {42 138} {44 136} {48 132} n n n n n n n n n {44 136} {46 134} {47 133} {45 135} {45 135} {45 135} {45 135} {46 134} {45 135} {41 139} n n n n n n n n n n n n n n {44 136} {44 136} {46 134} {46 134} {43 137} {46 134} {45 135} {47 133} {46 134} {51 129} n n n n n n n n n {46 134} {46 134} {47 133} {44 136} {44 136} {44 136} {44 136} {46 134} {43 137} {43 137} n n n n n n n n n {45 135} {46 134} {44 136} {43 137} {45 135} {44 136} {45 135} {45 135} {45 135} n n n n n n n n n n {44 136} {46 134} {44 136} {46 134} {44 136} {46 134} {44 136} {45 135} {45 135} n n n n n n n n n n n n n n {44 136} {42 138} {44 136} {47 133} {44 136} {44 136} {44 136} {43 137} {43 137} {46 134} n n n n n n n n n {43 137} {45 135} {44 136} {44 136} {46 134} {48 132} {45 135} {42 138} {48 132} {44 136} n n n n n n n n n {44 136} {46 134} {43 137} {46 134} {45 135} {46 134} {45 135} {44 136} {45 135} {46 134} n n n n n n n n n n n n n n {47 133} {44 136} {43 137} {45 135} {46 134} {45 135} {44 136} {45 135} {43 137} {43 137} n n

55.0: Count:   6.7 (  6.1) A:  18.7 [12-54] B:  36.8 [12-109] Phase: 100% 140 (15.0) Direction:  {45 135}
Phase: {0,0,0,0,3,0,0,1,1,0,0,0,0,0,0,0,0,0,3,0,2,3,1,0,0,1,0,2,0,3,2,5,3,6,1,3,7,5,1,5,3,6,9,7,6,10,6,14,5,12,8,14,22,19,18,25,28,24,18,27,22,29,36,54,28,50,42,70,68,54,74,80,86,84,103,85,115,105,121,99,146,166,168,196,171,215,233,249,243,267,498,296,296,330,540,504,510,541,576,729,704,789,897,980,1090,1057,1254,1365,1603,1450,1732,1951,2027,2292,2478,2749,2525,3303,3538,3751,3981,4463,4582,4664,5238,5648,6003,6157,6644,7061,7226,7566,8290,8504,8147,9385,8857,9807,9790,10012,9812,10239,9740,9681,9900,9235,8707,8108,8187,8106,7197,7017,6925,6767,5567,5623,5056,4901,4641,4282,4173,3407,3613,3256,2715,2662,2581,2267,1954,1883,1653,1656,1408,1355,1195,1020,1123,930,827,608,957,537,537,486,482,430,374,321,321,288,175,196,197,202,172,153,111,122,131,58,118,84,76,82,72,72,31,45,47,35,30,24,32,25,15,29,17,16,12,21,10,12,7,12,8,9,5,7,12,4,1,4,2,3,2,5,3,0,5,0,2,0,5,6,3,0,3,0,1,0,2,0,4,4,0,0,0,1,0,3,1,0,0,0,0,2,0,0,0,0,0,0,0,0,0,0,0,0,1,0,0,0,0,0,2,0,0,0,0,0,0,0,0,0,0,0,0,0,0,0,0,0,0,0,0,0,0,0,0,0,0,0,0,0,0,0,0,0,0,0,0,1,0,1,0,0,0,0,0,1,0,0,0,0,0,0,0,0,0,0,0,0,0,0,0,0,0,0,0,0,0,0,0,0,0,0,2,1,0,0}
Count:   0.8   0.9   0.9  13.7  15.6  14.8  14.3  13.6  13.5  12.6  11.7  11.6   6.8   0.9   0.9   0.8   0.8   0.8   1.0   1.0   0.9   1.0  14.1  15.6  14.9  14.3  13.2  12.7  11.5  10.9  10.4   6.6   0.8   0.9   0.8   0.9   0.8   0.9   0.8   0.9   0.8   1.0   0.8   0.8   0.8   2.7  15.1  15.1  14.8  14.7  14.1  13.9  12.8  12.9  11.6   4.7   0.8   0.8   0.9   0.9   0.8   0.9   0.9   0.8   2.3  15.2  15.1  14.8  14.3  13.5  12.7  11.5  11.6  10.7   4.4   0.8   0.9   0.9   1.0   0.9   0.8   0.9   0.9   2.0  15.3  14.6  14.5  13.4  12.9  11.8  11.7  10.1  10.1   4.2   0.8   0.8   0.8   0.9   0.8   0.8   0.9   0.8   2.4  15.4  15.3  14.3  13.1  12.2  11.8  11.1  10.3   9.2   3.8   0.9   0.9   0.8   0.8   0.9   0.8   0.8   0.9   0.9   1.0   1.0   0.9   0.9   5.6  15.0  14.8  14.5  14.2  13.4  12.4  12.1  11.3  11.5   2.0   0.8   0.9   0.9   0.8   0.9   1.0   0.9   0.8   5.7  15.5  15.4  14.3  13.9  12.8  12.4  11.6  11.4  10.0   2.2   0.9   0.9   0.8   0.9   0.8   0.9   0.9   0.8   5.2  15.5  14.5  14.9  13.0  12.9  11.6  11.2  10.1   9.5   1.8   0.9   0.8   0.8   0.9   0.9   0.9   0.8   0.8   0.9   0.9   0.8   0.9   0.7   8.5  15.7  15.4  14.8  14.2  13.3  12.5  12.2  11.4  10.4   0.7   0.8 
A: 14.1 14.2 13.9 20.0 20.5 19.5 19.6 20.1 19.5 19.4 18.7 18.6 17.8 14.2 14.2 14.5 14.4 13.9 14.2 14.0 13.9 14.0 19.9 20.1 19.2 19.3 19.2 19.1 18.5 18.2 16.8 16.4 14.1 14.0 14.3 14.2 14.1 14.2 14.0 14.3 14.4 14.2 14.2 14.2 14.3 18.7 19.5 20.2 19.6 19.8 19.4 19.3 19.8 19.0 18.9 18.4 14.4 14.2 14.6 13.9 14.2 14.2 14.0 14.0 20.6 19.4 19.3 19.3 19.4 19.0 19.4 18.5 18.2 17.3 16.5 14.2 13.9 14.2 14.1 14.0 14.1 14.1 14.2 15.7 19.4 19.3 19.8 18.8 19.5 18.7 18.4 17.2 16.4 16.1 14.2 14.0 14.2 14.0 14.0 14.0 14.0 14.4 17.5 19.7 19.6 19.3 19.4 18.6 18.7 17.7 16.7 15.8 15.5 14.3 14.1 13.9 14.0 14.3 14.1 14.1 14.5 14.1 14.1 14.1 14.1 14.1 19.6 19.6 19.7 19.5 19.2 19.7 19.1 19.0 18.3 17.9 17.4 14.8 13.9 14.8 14.2 14.3 14.1 14.4 14.0 18.6 19.6 19.6 19.3 18.8 19.2 19.0 18.5 17.7 16.6 16.2 14.5 14.1 13.9 14.3 14.4 14.2 14.2 14.6 19.1 19.7 19.4 19.3 18.8 19.0 18.4 17.6 16.9 15.9 15.5 14.3 13.9 14.2 14.0 13.9 14.1 14.0 14.4 14.1 13.9 14.2 13.9 14.1 19.3 20.4 19.3 19.3 19.3 19.5 19.2 19.0 18.4 17.9 14.4 13.9 
B: 24.0 23.6 22.9 40.6 41.2 39.3 38.8 40.4 38.8 38.3 36.6 36.7 35.2 24.9 23.6 23.3 23.2 23.9 24.1 24.1 23.0 23.6 39.9 40.0 38.2 38.1 38.2 38.3 36.5 35.9 32.8 31.5 24.8 23.5 23.4 24.1 23.7 23.0 23.0 24.1 24.6 23.0 22.9 23.6 25.2 36.8 39.3 40.7 39.4 39.7 38.8 38.3 39.4 37.7 36.9 36.3 25.2 23.3 24.8 23.8 23.4 23.9 23.8 24.7 40.8 39.0 38.7 38.5 39.0 37.4 38.2 36.0 35.6 33.8 31.5 24.1 23.4 23.3 23.5 23.5 24.1 24.1 22.9 28.6 38.6 38.5 39.5 37.3 38.6 37.2 35.9 33.5 31.5 30.1 24.6 24.3 23.6 23.9 22.8 22.9 22.5 22.6 33.2 39.9 39.1 38.4 38.1 36.8 37.1 35.1 31.8 29.7 28.1 24.5 23.7 23.7 23.5 24.5 24.3 22.8 24.1 22.5 23.7 24.2 23.1 23.4 39.5 39.7 39.6 38.6 37.6 38.8 37.3 37.3 36.2 35.3 33.5 25.2 23.9 24.4 24.0 24.1 23.9 23.9 23.4 37.2 39.5 39.6 38.1 37.0 37.8 37.8 36.1 34.8 32.1 30.3 24.3 23.0 22.3 24.2 23.6 23.6 24.5 24.7 37.6 39.6 38.7 38.4 37.3 37.9 36.7 35.1 32.7 30.0 28.5 24.6 23.8 24.1 24.3 23.5 23.3 23.6 23.9 23.7 22.9 23.0 23.1 23.6 38.7 41.0 38.9 38.4 38.4 39.0 37.8 37.9 36.1 35.4 26.3 23.4 
Direction:  n n n {46 134} {46 134} {46 134} {44 136} {45 135} {46 134} {45 135} {45 135} {46 134} {46 134} n n n n n n n n n {45 135} {46 134} {45 135} {46 134} {46 134} {46 134} {44 136} {45 135} {46 134} {44 136} n n n n n n n n n n n n n n {44 136} {45 135} {46 134} {45 135} {46 134} {44 136} {46 134} {45 135} {46 134} {44 136} n n n n n n n n n {45 135} {45 135} {46 134} {45 135} {45 135} {46 134} {44 136} {45 135} {45 135} {45 135} n n n n n n n n n {46 134} {44 136} {44 136} {45 135} {46 134} {46 134} {44 136} {47 133} {47 133} {43 137} n n n n n n n n n {45 135} {45 135} {45 135} {46 134} {46 134} {46 134} {44 136} {45 135} {46 134} n n n n n n n n n n n n n n {44 136} {45 135} {45 135} {45 135} {47 133} {44 136} {46 134} {43 137} {44 136} {44 136} n n n n n n n n n {44 136} {45 135} {45 135} {44 136} {46 134} {44 136} {44 136} {44 136} {44 136} {45 135} n n n n n n n n n {42 138} {44 136} {46 134} {44 136} {44 136} {44 136} {46 134} {44 136} {45 135} {42 138} n n n n n n n n n n n n n n {46 134} {45 135} {46 134} {45 135} {44 136} {45 135} {43 137} {44 136} {44 136} {45 135} n n

55.1: Count:   7.2 (  6.5) A:  19.2 [12-61] B:  37.5 [12-111] Phase: 100% 140 (14.5) Direction:  {45 135}
Phase: {4,0,3,1,0,0,4,0,3,7,6,5,2,2,6,6,3,3,13,3,12,8,4,9,9,11,11,12,10,24,21,15,19,13,12,23,33,25,30,28,35,34,38,42,29,53,52,49,54,45,53,89,69,62,83,99,93,79,91,152,92,134,105,137,117,144,124,152,146,162,206,135,232,225,226,205,268,213,224,259,226,351,288,292,274,362,382,459,356,351,691,420,517,491,650,572,634,634,801,902,788,889,933,1130,1243,1141,1297,1488,1655,1418,1730,1903,2107,2284,2449,2627,2594,3343,3353,3667,4046,4319,4774,4836,5208,5812,6284,6432,6807,7386,7597,8052,8207,9147,8975,10031,9750,10591,10606,10866,10715,10913,10646,10734,10805,10353,9605,8977,8986,8370,8080,7461,7186,7142,5639,5939,5419,5037,4683,4300,4047,3568,3633,3307,2911,2667,2508,2346,1967,1941,1731,1817,1433,1312,1219,1096,1135,996,847,688,968,643,578,567,560,520,387,376,363,364,311,251,239,225,249,218,199,196,183,85,152,96,121,111,97,99,57,56,73,66,64,87,46,32,38,38,30,29,32,24,17,20,28,21,16,28,14,21,10,7,9,7,12,6,4,13,7,8,4,6,3,5,9,5,2,4,1,1,3,3,1,3,0,0,2,0,2,1,2,3,0,2,4,0,0,0,1,0,0,0,0,0,0,0,2,3,0,0,0,0,2,0,0,1,0,1,0,1,0,0,0,0,2,0,2,1,0,0,0,2,0,3,0,0,0,0,0,0,0,0,0,0,2,0,0,0,0,0,2,2,0,2,0,0,0,4,0,0,1,2,1,0,0,0,0,2,2,1,3,1,3,2,0,1,0,0,0,3,0,0,0,3,0,1,0,4,1,1,3,0}
Count:   0.9   0.9   1.1  14.7  16.6  15.9  15.2  14.9  14.4  13.2  12.8  12.2   7.2   1.0   0.9   1.1   1.0   0.9   0.9   0.9   1.0   1.1  14.6  16.4  15.8  15.6  14.3  13.6  12.0  11.7  11.1   7.1   0.9   1.0   0.9   1.1   0.9   1.0   0.9   1.1   1.0   0.9   0.9   1.1   1.0   2.8  16.2  16.3  15.8  16.1  15.0  15.2  14.0  13.8  12.4   5.0   0.9   0.9   1.0   0.9   0.9   1.0   0.9   0.9   2.4  16.0  15.9  15.4  14.9  14.5  13.8  12.7  12.6  11.1   4.5   1.1   1.0   1.0   1.0   0.9   1.0   1.0   0.9   2.4  16.3  15.9  15.5  14.5  13.6  12.5  12.7  10.7  10.9   4.5   0.9   0.9   1.0   1.1   1.0   1.0   1.1   1.0   2.3  16.2  16.3  15.3  13.8  12.9  12.7  11.7  11.1   9.9   3.6   0.9   1.0   1.0   1.0   1.0   1.0   1.0   1.0   1.0   1.1   0.9   0.9   1.0   5.9  16.2  15.7  15.4  15.2  14.5  13.6  12.8  12.4  12.0   2.1   1.0   1.0   1.1   0.9   1.0   1.0   1.1   1.0   6.1  16.6  16.5  15.7  15.2  14.2  13.6  12.5  12.0  11.0   2.4   1.1   1.1   1.0   1.0   1.0   1.1   1.1   1.0   5.5  16.5  15.6  15.6  14.0  14.0  12.2  11.9  11.0  10.2   1.9   1.1   0.9   1.1   1.1   1.0   1.0   1.0   0.9   1.0   0.9   1.0   1.0   1.0   9.1  16.9  16.2  16.0  15.3  14.1  13.4  12.9  12.0  11.2   0.9   1.0 
A: 13.9 14.2 13.9 20.6 20.9 19.7 20.2 20.5 20.0 19.6 19.2 19.3 18.6 13.9 13.7 14.2 13.8 13.7 14.4 14.0 13.6 14.0 20.2 20.5 19.5 20.1 19.7 20.0 19.0 18.6 17.5 16.8 14.1 14.0 13.9 14.1 14.0 13.8 14.1 14.0 13.9 14.0 13.8 14.1 14.1 17.8 19.6 20.5 19.9 20.1 19.7 19.6 20.1 19.4 19.4 18.8 14.5 14.2 14.1 13.6 14.4 14.2 13.8 14.0 21.2 19.7 19.7 20.0 19.7 19.6 19.6 19.1 19.0 17.8 17.0 13.8 14.2 14.0 13.9 14.0 13.9 14.2 13.7 15.9 19.7 19.5 20.1 19.2 19.9 19.1 18.9 17.6 16.6 17.0 14.1 13.9 13.8 14.3 14.0 13.9 13.9 14.1 17.8 20.4 20.5 19.9 20.2 19.3 19.6 18.4 17.3 16.6 15.9 14.4 14.0 13.9 14.0 14.2 14.2 13.8 14.1 14.6 14.0 14.0 14.3 14.3 20.3 20.3 20.0 20.1 20.0 19.9 19.7 19.5 19.0 18.3 16.9 14.0 14.0 14.2 13.6 14.2 13.8 14.1 14.1 19.6 20.3 20.0 19.8 19.2 19.6 19.6 19.0 18.2 17.2 15.4 14.0 13.8 14.3 14.2 13.9 13.9 13.8 14.0 19.1 20.6 20.0 19.9 19.7 19.7 19.1 18.5 17.3 16.5 15.3 13.9 13.6 14.1 14.2 13.8 14.2 13.6 13.9 14.2 14.0 14.2 14.0 14.0 19.1 20.9 20.2 19.9 19.9 20.1 19.3 19.7 19.0 18.1 14.3 14.1 
B: 23.6 22.0 21.9 41.6 42.0 39.9 40.3 41.0 40.0 38.5 37.5 38.0 36.4 22.6 21.6 22.2 21.9 22.4 23.1 22.5 22.2 21.9 40.4 41.2 39.1 39.5 39.0 39.4 37.9 36.5 33.9 32.2 23.9 21.6 22.5 22.6 22.2 22.2 21.9 22.0 22.9 22.5 22.2 23.1 21.8 33.4 39.5 41.3 39.7 40.2 39.4 38.7 39.9 37.6 38.6 36.8 23.3 22.0 22.9 21.4 22.6 22.4 21.5 22.4 41.2 39.2 39.4 40.0 39.1 38.4 38.3 37.0 36.9 34.5 31.9 22.5 22.5 22.2 22.3 22.4 22.0 23.0 21.5 28.3 39.1 38.4 40.4 38.1 39.0 37.7 36.9 33.7 31.7 31.5 23.0 21.8 22.1 22.7 23.0 22.1 21.8 21.8 33.3 41.1 40.4 39.7 39.9 38.6 38.3 36.1 32.8 31.3 28.2 23.3 23.0 22.5 22.4 22.9 22.3 22.5 23.2 22.8 22.1 21.9 22.5 22.5 39.9 40.6 40.1 40.1 39.5 39.0 38.7 38.5 37.5 35.9 32.2 23.3 22.1 22.5 21.3 22.2 22.4 22.2 21.8 38.7 40.8 40.2 39.2 37.7 38.6 38.7 36.9 35.6 33.2 27.7 22.3 22.3 21.6 22.5 22.0 21.3 22.1 22.0 37.2 41.4 40.1 39.9 39.2 39.3 38.0 36.5 33.5 30.9 27.0 22.7 21.4 21.7 22.7 22.3 22.6 21.5 22.3 22.3 22.2 22.4 22.4 22.2 37.9 41.9 40.4 39.8 39.5 40.3 38.3 39.2 37.2 35.7 24.2 21.9 
Direction:  n n n {46 134} {44 136} {44 136} {44 136} {46 134} {44 136} {45 135} {45 135} {46 134} {45 135} n n n n n n n n n {45 135} {44 136} {46 134} {46 134} {44 136} {44 136} {45 135} {44 136} {44 136} {44 136} n n n n n n n n n n n n n {46 134} {44 136} {46 134} {44 136} {44 136} {43 137} {45 135} {46 134} {46 134} {45 135} {45 135} n n n n n n n n n {45 135} {46 134} {46 134} {46 134} {44 136} {45 135} {44 136} {46 134} {43 137} {44 136} n n n n n n n n n {45 135} {46 134} {44 136} {44 136} {44 136} {46 134} {46 134} {43 137} {44 136} {46 134} n n n n n n n n n {45 135} {46 134} {45 135} {44 136} {44 136} {45 135} {45 135} {47 133} {44 136} {43 137} n n n n n n n n n n n n n {46 134} {46 134} {47 133} {44 136} {46 134} {45 135} {45 135} {45 135} {45 135} {42 138} n n n n n n n n n {44 136} {45 135} {46 134} {46 134} {44 136} {46 134} {45 135} {45 135} {44 136} {46 134} n n n n n n n n n {46 134} {46 134} {44 136} {46 134} {44 136} {45 135} {45 135} {45 135} {43 137} {46 134} n n n n n n n n n n n n n n {45 135} {46 134} {46 134} {46 134} {46 134} {45 135} {43 137} {45 135} {43 137} {45 135} n n

55.2: Count:   7.6 (  6.6) A:  19.5 [12-60] B:  37.3 [12-115] Phase: 100% 140 (17.8) Direction:  {45 135}
Phase: {64,6,28,21,21,27,16,23,12,39,32,21,21,24,44,20,28,37,24,33,39,28,35,45,66,52,43,63,58,83,61,89,79,67,81,92,99,97,117,86,77,117,143,127,101,140,118,143,207,184,167,206,206,201,236,231,191,207,244,262,238,252,299,343,216,327,331,343,325,324,320,273,417,397,358,381,475,379,444,439,464,504,561,455,556,585,711,645,625,588,981,629,822,808,1061,936,1001,986,1097,1281,1198,1252,1300,1663,1613,1654,1773,1978,2323,2054,2445,2567,2897,2859,3115,3336,3221,4067,4404,4273,4738,5025,5411,5388,5742,6335,6623,7002,7202,7780,7726,8095,8368,8585,8181,9352,8767,9271,9189,9155,9001,9642,9281,8882,9010,8781,8487,7861,8458,8015,7660,7213,6931,7058,5904,6038,5623,5545,5275,4796,4561,3865,4023,3690,3454,3019,3024,2826,2494,2344,2130,2134,1972,1746,1572,1472,1518,1206,1288,936,1272,802,860,684,876,686,620,625,565,614,394,394,374,419,338,344,289,309,325,199,248,189,175,190,159,167,123,180,136,101,106,142,101,59,86,70,68,61,68,81,50,27,44,43,41,45,13,45,33,23,33,33,28,29,24,28,14,11,15,20,16,6,12,8,11,14,9,16,20,7,10,8,9,14,5,10,9,7,6,7,12,9,4,5,7,1,2,8,4,4,4,3,0,4,6,6,2,4,1,2,2,0,1,6,2,0,1,0,0,1,5,2,0,5,3,3,1,2,1,6,1,5,4,1,0,6,3,3,2,2,6,4,0,4,4,3,1,2,3,3,7,8,2,3,1,4,4,1,1,10,6,5,18,7,10,5,18,2,6,6,17,6,17,14,9,5,16,13,21,22,10,17,10,17,11,33,22,12,7,17}
Count:   1.3   1.0   1.2  15.2  17.3  16.5  16.0  15.3  15.3  14.0  13.5  12.4   7.6   1.3   1.3   1.2   1.3   1.3   1.1   1.4   1.3   1.3  14.9  16.9  16.6  16.1  14.8  14.5  12.8  12.2  11.5   7.3   1.1   1.3   1.2   1.2   1.2   1.4   1.2   1.2   1.4   1.3   1.1   1.3   1.3   3.1  16.7  17.0  16.5  16.6  15.8  15.6  14.5  14.3  12.9   5.4   1.2   1.3   1.5   1.3   1.3   1.1   1.2   1.2   2.9  17.0  16.6  16.0  15.7  15.1  14.4  13.6  13.1  11.6   4.9   1.3   1.4   1.3   1.4   1.4   1.2   1.4   1.3   2.7  17.1  16.6  16.0  14.9  14.3  13.5  13.0  11.0  11.1   4.9   1.2   1.2   1.4   1.3   1.2   1.2   1.2   1.2   2.6  17.0  17.1  16.3  15.1  13.4  13.1  11.8  11.2  10.1   4.0   1.2   1.2   1.2   1.2   1.3   1.2   1.2   1.4   1.1   1.2   1.4   1.4   1.3   6.3  16.8  16.4  16.0  15.9  15.2  14.6  13.7  12.9  12.5   2.3   1.5   1.3   1.4   1.2   1.5   1.3   1.3   1.3   6.5  17.1  16.7  16.3  16.0  14.6  13.9  13.1  12.4  11.5   2.8   1.3   1.3   1.4   1.4   1.3   1.4   1.4   1.3   5.8  17.3  16.6  16.2  14.7  14.7  13.1  12.2  11.1   9.9   2.0   1.3   1.2   1.4   1.3   1.2   1.3   1.3   1.3   1.4   1.2   1.3   1.3   1.3   9.8  17.5  17.1  16.6  15.9  15.0  14.1  13.7  12.4  11.8   1.3   1.3 
A: 14.2 14.0 14.1 21.2 21.6 20.2 20.4 20.8 20.7 19.8 19.5 19.4 18.9 14.1 14.0 14.0 13.9 13.8 14.0 13.8 13.9 14.0 21.0 21.3 20.4 20.5 20.4 20.3 19.4 19.1 18.2 17.3 14.6 14.1 14.2 14.3 13.9 14.3 13.9 14.2 14.0 14.1 14.2 14.2 13.9 17.3 20.1 21.1 20.4 20.5 19.8 20.3 20.4 20.0 19.5 18.6 14.5 14.0 13.9 13.6 14.0 14.2 13.9 14.0 20.7 20.5 20.5 20.8 20.5 20.0 20.1 19.7 19.4 18.1 17.5 14.3 13.9 14.1 14.2 14.0 14.0 14.4 13.7 16.0 20.5 20.2 20.7 20.1 20.4 19.7 19.6 18.1 17.2 17.0 14.1 14.1 14.1 13.9 14.4 13.9 13.9 14.1 18.2 21.0 20.9 20.5 20.4 19.7 19.9 18.5 17.6 16.8 16.0 14.2 14.2 14.1 14.1 14.0 14.4 14.1 14.2 14.1 13.9 13.7 14.2 14.4 20.9 20.8 20.8 20.4 20.3 20.1 20.0 20.0 19.6 18.8 16.6 14.0 14.1 14.0 13.8 13.9 14.0 14.2 14.0 20.1 20.8 20.8 20.3 20.0 20.0 20.0 19.6 18.8 18.1 15.5 14.1 13.9 14.3 14.1 14.4 14.0 13.9 14.2 19.3 21.3 20.5 20.5 20.5 20.0 19.4 19.1 17.5 17.0 15.5 14.0 14.0 14.2 14.0 14.3 14.1 14.2 13.8 14.3 14.2 14.3 13.9 14.0 19.4 21.3 20.8 20.4 20.3 20.6 19.9 19.8 19.4 18.5 14.1 14.0 
B: 20.7 20.4 21.0 42.6 42.9 39.9 39.8 40.7 39.8 38.3 37.2 37.3 35.7 21.1 20.4 21.0 20.4 19.9 20.5 19.9 20.2 20.1 41.1 42.3 40.1 40.1 39.4 39.2 37.4 36.7 34.3 31.2 21.7 20.9 20.9 20.9 20.3 21.0 20.7 20.8 20.4 21.0 20.7 20.8 20.2 31.7 39.8 41.7 40.1 39.9 38.5 39.3 39.7 38.4 37.7 34.8 21.7 20.5 20.6 20.2 20.6 20.4 19.7 20.2 39.1 40.8 40.6 40.8 39.9 38.7 38.5 37.6 37.0 34.1 31.8 20.8 20.9 21.0 20.9 21.1 20.3 20.9 20.0 27.3 40.4 39.5 40.4 38.8 39.4 37.7 37.4 34.0 31.3 30.0 21.5 20.9 20.4 21.2 21.7 20.8 20.8 20.2 32.3 41.7 41.1 40.3 39.8 38.1 37.9 35.0 32.4 29.7 26.8 21.6 20.9 21.1 20.9 20.4 20.9 20.5 20.8 21.2 20.1 20.9 20.5 20.8 40.8 41.0 40.8 40.3 39.7 38.8 38.5 39.0 37.9 35.8 28.7 20.7 20.5 20.7 19.8 19.9 20.5 20.6 20.5 39.1 41.3 40.7 39.5 38.5 38.7 38.3 36.9 35.8 33.8 25.2 21.2 20.2 20.7 20.8 20.5 20.1 20.2 20.9 37.0 42.3 40.4 40.2 40.0 38.9 38.0 36.3 32.3 30.7 25.2 20.2 20.5 20.7 20.4 20.7 20.7 20.3 19.7 20.2 21.3 20.8 19.9 20.2 37.8 42.4 41.0 39.6 39.4 40.0 38.8 38.5 36.5 35.0 21.7 21.0 
Direction:  n n n {45 135} {47 133} {46 134} {44 136} {46 134} {44 136} {46 134} {46 134} {45 135} {43 137} n n n n n n n n n {45 135} {45 135} {45 135} {45 135} {46 134} {45 135} {46 134} {44 136} {46 134} {47 133} n n n n n n n n n n n n n n {45 135} {43 137} {46 134} {43 137} {46 134} {46 134} {45 135} {44 136} {44 136} {45 135} n n n n n n n n n {47 133} {43 137} {43 137} {44 136} {45 135} {45 135} {46 134} {44 136} {45 135} {43 137} n n n n n n n n n {47 133} {46 134} {45 135} {44 136} {44 136} {45 135} {43 137} {46 134} {42 138} {42 138} n n n n n n n n n {45 135} {44 136} {46 134} {46 134} {43 137} {45 135} {42 138} {43 137} {42 138} n n n n n n n n n n n n n n {45 135} {46 134} {44 136} {44 136} {45 135} {46 134} {43 137} {45 135} {43 137} {45 135} n n n n n n n n n {42 138} {47 133} {45 135} {46 134} {43 137} {45 135} {44 136} {44 136} {45 135} {44 136} n n n n n n n n n {42 138} {43 137} {42 138} {43 137} {44 136} {43 137} {44 136} {43 137} {46 134} {44 136} n n n n n n n n n n n n n n {46 134} {46 134} {43 137} {46 134} {44 136} {44 136} {45 135} {48 132} {45 135} {43 137} n n

55.3: Count:   7.6 (  6.6) A:  19.8 [12-54] B:  37.6 [12-122] Phase: 100% 139 (20.1) Direction:  {44 136}
Phase: {15,2,7,4,7,1,9,8,4,24,5,14,6,7,13,3,9,19,17,10,20,16,24,27,19,23,10,42,24,25,27,60,34,39,65,42,77,57,69,83,64,64,97,120,68,128,101,159,142,133,123,169,157,180,188,255,182,204,215,266,230,286,265,319,223,334,310,333,311,307,421,322,443,400,438,405,540,524,458,470,510,663,605,540,578,761,757,774,720,724,1338,773,836,983,1153,1130,1091,1171,1384,1536,1422,1419,1592,1848,2014,2019,2082,2241,2608,2496,2879,2933,3142,3473,3548,3832,3598,4656,4688,4763,5202,5694,5876,5999,6375,6796,6934,7017,7161,7525,7253,7496,7822,7879,7791,8475,7922,8315,8439,8520,8271,8613,8368,7978,8363,8019,7734,7257,7277,7335,6737,6783,6637,6652,5495,5894,5963,5683,5251,4990,4684,4208,4554,4030,3892,3611,3359,3300,2856,2723,2452,2460,2155,2011,1822,1742,1676,1452,1380,1105,1589,909,970,830,960,805,593,640,626,522,499,507,458,439,382,303,289,283,301,226,262,195,190,154,171,172,118,147,90,104,96,104,96,64,61,84,59,39,58,51,23,43,37,30,25,34,23,18,15,7,11,13,13,18,7,11,10,7,11,5,9,10,2,10,9,5,2,2,2,4,5,2,1,4,0,2,3,7,1,2,2,0,0,0,2,0,1,0,1,2,1,0,2,1,3,1,0,0,0,0,1,0,2,2,0,0,0,0,1,0,0,0,0,0,0,2,1,2,0,2,0,0,2,0,0,0,0,0,0,1,0,0,0,5,0,0,0,1,3,1,0,4,1,0,0,1,0,3,5,4,0,2,0,2,0,0,1,0,1,0,5,0,3,5,0,4,5,4,2,6,3,6,1,1,2,5,10,1,1,0}
Count:   1.2   1.1   1.3  15.7  17.2  16.6  16.5  15.4  15.2  13.7  13.5  12.2   7.4   1.3   1.3   1.2   1.2   1.3   1.2   1.2   1.2   1.3  14.9  17.0  16.5  16.3  14.6  14.3  12.9  12.0  11.1   6.8   1.2   1.2   1.2   1.2   1.2   1.3   1.2   1.2   1.3   1.2   1.2   1.3   1.3   3.3  16.9  17.0  16.5  16.7  15.8  15.6  14.6  14.3  12.9   5.2   1.3   1.3   1.3   1.3   1.3   1.2   1.4   1.1   3.0  17.3  16.9  16.2  15.7  15.0  14.7  13.6  12.8  11.5   4.4   1.2   1.4   1.2   1.5   1.4   1.3   1.2   1.4   2.7  16.9  16.6  16.1  15.0  14.3  13.6  12.6  10.7  10.3   4.7   1.2   1.1   1.3   1.3   1.3   1.2   1.3   1.3   3.0  17.4  17.0  16.5  15.0  13.3  13.3  11.5  11.0   9.7   3.9   1.4   1.3   1.3   1.5   1.3   1.3   1.3   1.3   1.3   1.3   1.2   1.3   1.4   6.7  17.0  16.6  16.1  15.8  15.4  14.6  13.2  12.9  12.3   2.7   1.4   1.3   1.4   1.4   1.5   1.3   1.4   1.4   6.6  17.2  16.6  16.4  15.9  14.8  14.1  13.0  12.2  11.1   2.6   1.2   1.3   1.3   1.3   1.2   1.3   1.5   1.3   5.8  17.6  16.8  15.9  14.9  14.8  12.9  12.2  10.9   9.8   2.0   1.2   1.3   1.4   1.3   1.3   1.4   1.2   1.3   1.3   1.2   1.3   1.2   1.3   9.8  17.7  17.2  16.9  15.8  15.2  14.0  13.2  12.5  11.4   1.1   1.2 
A: 14.2 14.0 13.9 21.7 21.9 20.4 20.8 21.1 20.9 20.0 20.0 19.5 19.1 14.3 14.1 13.9 14.0 13.9 13.9 13.9 14.3 14.1 21.3 21.3 21.0 21.0 20.6 20.4 19.8 19.1 18.2 17.5 14.6 14.1 14.3 14.0 14.0 14.2 14.0 14.1 14.1 14.2 14.2 14.0 13.8 17.3 21.2 21.5 21.3 20.9 20.6 20.8 20.6 20.3 19.9 18.7 14.5 14.0 13.9 13.6 14.0 13.9 13.9 14.1 20.9 21.4 20.8 21.1 20.9 20.7 20.2 20.0 19.8 18.1 18.2 14.1 14.0 14.3 13.8 14.1 14.1 14.1 13.9 16.1 21.1 21.0 20.8 20.8 20.6 20.1 20.1 18.4 17.6 17.2 14.3 13.9 14.1 13.8 14.1 14.0 13.9 13.8 18.6 21.5 21.1 20.6 20.4 20.1 20.0 18.7 17.9 16.9 15.9 13.8 13.8 13.9 13.9 13.9 13.9 13.7 13.8 13.9 13.9 14.4 14.3 14.1 21.3 20.9 21.1 20.6 20.9 20.1 20.1 19.9 20.2 18.9 16.4 14.3 14.1 14.1 13.9 14.1 14.3 13.7 14.0 21.4 21.3 21.4 20.9 20.8 20.6 20.2 20.0 19.1 17.9 15.3 14.1 14.0 14.2 14.3 14.0 14.1 13.8 14.0 19.5 21.2 20.7 20.8 20.6 20.1 20.0 19.3 17.7 17.0 15.4 14.1 13.9 14.3 13.9 13.8 14.1 14.1 13.7 14.0 14.0 14.1 13.7 13.8 20.0 21.8 21.0 20.6 20.4 20.9 20.4 20.1 19.4 18.8 14.2 13.9 
B: 19.7 18.9 19.7 43.4 43.4 40.2 40.5 41.1 40.1 38.6 38.0 36.5 35.4 20.7 20.0 20.4 19.6 19.5 19.6 19.5 19.6 19.9 41.5 42.0 40.7 40.8 39.6 39.1 37.5 36.5 33.9 30.6 21.0 19.6 19.4 19.9 20.0 20.7 20.1 20.3 20.0 19.8 19.8 19.9 19.3 31.1 41.6 42.8 41.8 40.5 39.7 40.0 39.6 39.0 37.6 34.0 21.3 20.5 19.8 19.9 20.1 19.4 19.7 19.7 39.3 42.0 41.1 41.7 40.8 40.4 38.2 37.9 37.3 33.1 32.4 20.5 19.4 21.2 20.2 20.6 20.2 19.9 19.8 27.2 41.9 41.0 40.5 40.1 39.3 37.9 38.1 33.7 31.1 29.9 20.8 20.8 20.1 19.3 20.0 20.4 19.8 19.5 33.3 42.3 41.3 40.5 39.5 38.8 38.2 34.6 32.1 29.1 25.8 20.4 19.6 19.3 20.2 20.0 19.8 19.5 19.0 19.6 19.8 19.8 20.0 19.9 40.5 41.2 41.2 40.1 40.3 37.9 38.6 37.9 38.4 35.6 27.6 20.5 19.8 19.9 19.8 20.3 20.0 19.1 19.7 41.5 41.6 41.9 40.6 40.6 39.7 38.3 37.7 36.5 32.8 24.2 20.4 19.9 19.9 20.2 19.3 19.7 19.8 20.4 37.1 41.9 40.6 40.7 39.8 39.0 38.3 36.1 31.6 29.5 25.1 20.2 20.0 19.9 19.3 19.4 19.2 19.5 19.1 19.9 20.3 19.7 18.8 19.7 38.3 43.5 41.1 40.2 39.1 40.5 39.5 39.0 36.5 35.0 21.3 19.5 
Direction:  n n n {44 136} {47 133} {46 134} {42 138} {43 137} {47 133} {44 136} {45 135} {44 136} {42 138} n n n n n n n n n {45 135} {43 137} {44 136} {44 136} {43 137} {43 137} {46 134} {44 136} {47 133} {42 138} n n n n n n n n n n n n n n {45 135} {44 136} {45 135} {46 134} {43 137} {45 135} {44 136} {43 137} {44 136} {39 141} n n n n n n n n n {45 135} {46 134} {44 136} {45 135} {45 135} {44 136} {42 138} {44 136} {44 136} {46 134} n n n n n n n n n {45 135} {44 136} {43 137} {45 135} {44 136} {46 134} {43 137} {45 135} {37 143} {40 140} n n n n n n n n n {44 136} {46 134} {44 136} {40 140} {43 137} {46 134} {43 137} {40 140} {43 137} n n n n n n n n n n n n n n {43 137} {44 136} {45 135} {44 136} {42 138} {45 135} {43 137} {44 136} {45 135} {44 136} n n n n n n n n n {46 134} {43 137} {44 136} {46 134} {44 136} {46 134} {45 135} {44 136} {43 137} {45 135} n n n n n n n n n {46 134} {44 136} {41 139} {42 138} {45 135} {44 136} {45 135} {43 137} {46 134} {45 135} n n n n n n n n n n n n n n {44 136} {46 134} {44 136} {44 136} {45 135} {46 134} {44 136} {44 136} {45 135} {44 136} n n

55.4: Count:   7.0 (  6.5) A:  19.9 [12-54] B:  38.8 [12-114] Phase: 100% 140 (17.1) Direction:  {44 136}
Phase: {7,0,3,1,2,1,1,6,0,7,4,10,1,0,4,5,1,1,10,1,9,4,5,5,10,8,8,9,7,14,9,15,16,20,30,21,29,32,38,37,25,31,57,38,19,70,41,61,70,62,60,64,72,53,77,112,111,97,76,140,89,122,119,132,93,138,156,195,159,160,182,174,252,217,198,199,230,209,234,282,277,300,269,299,301,340,439,355,358,329,702,434,526,628,697,650,656,760,860,969,951,1041,1038,1193,1257,1330,1419,1572,1891,1653,2055,2049,2323,2738,2778,2919,2863,3647,4010,4310,4275,4873,5064,5426,5980,6305,6602,7053,7411,7604,7730,8002,8564,8862,8764,9392,8765,9164,9117,9139,9248,9284,8941,8630,8943,8591,8545,8274,8451,7978,7636,7328,7211,6868,5845,5984,5508,5427,4930,4845,4237,3562,4005,3557,3322,2959,2724,2574,2241,2024,1890,1731,1516,1539,1262,1133,1133,948,925,727,1066,634,651,594,572,476,404,402,338,379,266,255,225,257,216,173,130,160,156,104,138,105,91,87,74,56,47,63,62,53,51,32,44,44,25,35,28,26,39,23,18,14,19,8,10,20,11,8,11,17,7,5,7,3,5,7,1,2,7,2,0,0,0,4,1,3,1,2,0,1,3,2,2,0,0,1,1,0,0,0,2,1,2,0,0,0,0,2,0,0,2,0,1,0,0,0,0,0,0,0,0,0,0,0,2,0,0,0,0,0,0,0,0,0,0,0,0,0,0,0,0,0,0,0,2,0,0,0,0,0,1,0,0,0,0,0,0,0,1,0,0,0,0,1,0,0,2,0,0,0,0,0,0,0,1,0,0,0,3,0,0,0,0,2,0,0,1,2,0,0,2,0,2,0,0,2,3,1,0,1}
Count:   0.7   0.8   0.9  15.5  17.0  16.3  16.1  14.6  14.6  13.0  12.5  11.0   6.8   0.9   0.8   0.9   0.8   0.9   0.9   0.9   0.9   0.9  15.0  16.8  16.0  15.6  14.1  13.3  12.3  10.8  10.1   5.8   1.0   0.9   0.8   1.0   0.8   0.9   0.8   0.9   0.9   0.9   0.7   1.0   0.8   3.0  16.9  16.6  16.0  16.0  15.3  15.0  13.7  13.5  11.6   4.5   0.9   1.0   0.8   0.8   0.9   0.9   0.8   0.8   2.7  17.0  16.4  15.9  15.0  14.7  13.7  12.5  11.1  10.0   3.6   0.9   0.9   0.8   0.9   0.9   1.0   0.8   1.0   2.4  16.9  16.3  15.5  14.3  13.4  12.4  11.9   9.2   8.9   4.0   0.9   0.8   0.9   0.7   0.9   0.9   0.8   0.9   2.8  17.1  16.6  15.5  14.5  12.2  12.3  10.4  10.1   8.4   3.0   0.9   0.9   0.9   1.0   0.9   0.9   0.9   0.9   0.9   0.9   0.9   1.0   0.9   6.2  16.4  16.2  15.7  15.0  14.7  13.9  12.6  12.2  10.9   2.2   0.9   0.8   0.9   0.7   0.9   0.9   0.9   0.9   6.3  17.3  16.1  16.2  15.5  14.1  12.8  12.3  11.0  10.0   1.8   0.9   0.9   0.9   0.9   0.8   0.9   0.9   0.8   5.6  17.2  16.4  15.0  14.2  13.3  11.7  11.1   9.3   8.4   1.5   0.9   0.8   1.0   0.8   0.9   0.9   0.9   0.9   0.9   0.9   0.9   0.8   0.8   9.7  17.2  16.7  16.5  15.2  14.7  13.2  12.5  11.2  10.1   0.7   0.8 
A: 14.1 13.8 13.4 21.8 21.8 20.5 20.9 21.4 20.8 19.8 20.3 19.4 18.6 14.2 13.8 14.0 13.9 13.9 14.0 13.7 14.0 14.1 21.1 21.1 20.8 20.6 20.8 20.2 19.8 19.1 17.7 16.7 14.1 13.7 13.8 13.6 13.8 13.9 13.7 13.9 14.0 13.9 14.2 14.0 13.8 17.5 21.1 21.1 21.1 20.9 20.5 20.8 20.6 20.2 19.9 19.0 14.0 13.8 13.7 13.6 14.1 14.1 14.2 14.1 22.0 20.9 20.7 20.8 20.4 20.7 20.2 20.1 19.5 17.7 17.8 13.9 13.9 13.8 13.7 14.0 14.0 14.0 14.2 16.1 21.2 20.9 20.6 20.3 20.4 20.2 19.6 17.7 17.1 16.8 14.1 13.8 13.9 13.5 13.6 13.9 14.2 14.1 19.1 21.0 20.7 20.3 20.4 20.1 19.9 18.4 17.4 16.6 16.0 14.5 13.5 13.7 14.0 13.8 13.9 13.7 14.2 13.8 14.2 13.9 14.3 14.0 21.3 20.8 20.9 20.6 20.7 19.9 20.3 19.8 20.1 18.6 16.9 14.2 13.9 14.2 14.1 13.9 14.0 13.8 13.9 21.7 21.0 21.1 20.8 21.0 20.5 20.0 19.6 18.9 17.7 15.3 14.2 14.0 14.2 14.2 13.9 14.1 14.0 13.9 19.5 21.1 20.6 20.8 20.4 19.9 19.9 19.0 17.3 16.8 15.7 14.2 13.9 13.9 13.8 14.0 13.9 13.9 13.8 14.1 13.9 13.6 13.6 13.9 20.6 21.7 21.0 20.5 20.3 20.6 20.4 20.2 19.4 19.0 14.3 13.9 
B: 20.5 20.3 19.9 44.7 44.5 41.2 41.9 42.5 41.1 38.7 39.7 37.7 35.6 21.0 20.2 21.0 20.2 20.6 20.2 21.0 20.3 21.1 42.1 42.6 41.4 40.8 41.0 39.6 38.2 37.1 33.5 30.2 21.9 20.3 20.2 20.6 21.2 20.9 20.8 20.8 20.6 20.4 21.5 20.5 19.9 33.1 42.6 42.6 42.6 41.7 41.1 41.1 40.6 39.7 38.7 36.1 21.1 20.6 19.9 21.0 21.6 21.0 19.7 20.8 43.7 42.2 41.6 41.7 40.5 41.2 39.2 39.2 37.2 33.3 33.4 21.1 20.9 20.2 20.4 20.8 20.9 21.1 21.5 28.8 42.6 41.5 41.0 39.9 39.8 39.0 38.2 33.2 31.7 30.0 21.1 21.3 20.3 20.6 20.3 20.8 21.6 20.7 36.0 42.2 41.1 40.6 40.6 39.6 38.9 35.3 32.6 29.8 27.7 22.5 20.5 20.7 21.3 21.4 20.9 20.0 20.1 20.0 20.3 21.4 21.6 20.5 42.3 41.9 41.6 40.7 41.0 38.9 39.9 38.2 38.9 36.0 29.4 22.0 20.2 20.9 20.3 21.0 21.0 20.3 19.3 43.6 42.1 42.1 41.4 41.6 40.5 38.8 38.3 36.7 32.9 26.0 21.1 19.8 20.9 20.6 19.5 20.8 20.7 21.3 38.3 42.6 41.4 41.2 40.2 39.2 39.1 36.2 32.0 30.2 27.2 21.9 20.1 20.6 20.1 20.3 19.9 20.8 20.8 20.3 20.1 19.4 20.4 19.7 40.8 44.2 42.0 41.2 40.0 41.2 40.2 40.0 37.4 36.6 22.5 20.5 
Direction:  n n n {47 133} {44 136} {43 137} {43 137} {43 137} {47 133} {43 137} {42 138} {45 135} {43 137} n n n n n n n n n {43 137} {43 137} {45 135} {45 135} {43 137} {44 136} {42 138} {44 136} {45 135} {47 133} n n n n n n n n n n n n n n {42 138} {44 136} {44 136} {42 138} {43 137} {41 139} {43 137} {44 136} {46 134} {40 140} n n n n n n n n n {45 135} {45 135} {44 136} {42 138} {44 136} {43 137} {45 135} {44 136} {46 134} n n n n n n n n n n {42 138} {43 137} {44 136} {44 136} {45 135} {43 137} {41 139} {44 136} {44 136} n n n n n n n n n n {44 136} {44 136} {42 138} {42 138} {43 137} {45 135} {42 138} {40 140} {43 137} n n n n n n n n n n n n n n {44 136} {43 137} {43 137} {43 137} {46 134} {46 134} {43 137} {44 136} {44 136} {42 138} n n n n n n n n n {42 138} {44 136} {46 134} {45 135} {44 136} {44 136} {43 137} {44 136} {44 136} {42 138} n n n n n n n n n {46 134} {44 136} {45 135} {42 138} {44 136} {46 134} {43 137} {42 138} {46 134} {44 136} n n n n n n n n n n n n n n {42 138} {45 135} {44 136} {44 136} {45 135} {42 138} {46 134} {43 137} {45 135} {44 136} n n

55.5: Count:   6.4 (  6.3) A:  19.6 [12-54] B:  39.8 [12-121] Phase: 100% 140 (12.8) Direction:  {44 136}
Phase: {0,0,0,0,0,2,0,0,1,0,0,0,0,0,0,0,0,0,0,0,0,0,0,0,0,0,1,1,0,0,0,0,2,0,0,0,0,0,5,0,0,0,0,0,3,4,1,6,8,8,2,6,9,1,9,16,6,9,13,19,15,14,19,16,11,14,20,41,27,20,35,22,30,31,36,40,52,62,51,46,67,74,88,63,77,95,133,106,118,118,219,129,159,182,216,247,212,215,321,338,356,365,440,549,600,563,618,818,1025,825,1048,1160,1231,1478,1609,1856,1700,2503,2586,2784,3108,3611,4056,4141,4765,5293,5790,6418,6785,7287,7983,8305,9054,9721,9590,10285,10346,11357,10906,11328,11088,11338,11070,10884,10989,10443,10043,9262,9511,8534,8000,7531,7177,6783,5440,5637,5054,4520,4252,3755,3276,2777,2947,2480,2066,1888,1773,1594,1264,1175,1029,1001,763,740,690,598,578,464,394,341,466,266,277,224,211,168,171,135,146,129,110,83,71,58,52,49,52,25,49,30,36,15,20,23,19,17,3,6,5,6,9,9,9,8,11,6,0,2,3,3,9,0,5,1,0,5,1,3,0,2,0,0,0,1,1,0,0,0,0,1,0,0,0,3,0,2,0,0,0,0,2,0,1,0,0,0,0,0,0,0,0,0,0,0,0,0,0,0,0,0,0,0,0,0,0,0,0,0,0,0,0,0,0,0,0,0,0,0,0,0,0,0,0,0,0,0,0,0,0,0,0,0,0,0,0,0,0,0,0,0,0,0,0,0,0,0,0,0,0,0,0,0,0,0,0,0,0,0,0,0,0,0,0,0,0,0,0,0,0,0,0,0,0,0,0,0,0,0,0,0,0,0,0,0,0,0,0,0,0,0}
Count:   0.4   0.4   0.4  15.2  16.5  15.7  15.5  13.9  13.6  11.6  11.5   9.7   5.9   0.5   0.5   0.5   0.4   0.4   0.5   0.6   0.5   0.5  14.3  16.3  15.6  14.7  13.5  12.0  10.9   9.8   8.8   4.8   0.6   0.6   0.4   0.6   0.5   0.5   0.5   0.5   0.5   0.5   0.4   0.6   0.5   2.8  16.7  16.0  15.6  15.5  14.4  14.1  12.1  12.1  11.0   3.8   0.6   0.5   0.5   0.5   0.4   0.4   0.4   0.6   2.4  16.9  15.8  15.1  13.9  14.0  12.0  11.3  10.1   8.5   3.3   0.5   0.5   0.5   0.5   0.5   0.6   0.5   0.5   2.1  16.6  15.8  14.6  13.3  12.1  11.2  10.5   7.9   7.3   3.4   0.5   0.4   0.4   0.4   0.6   0.6   0.5   0.6   2.2  16.7  15.9  14.4  13.4  11.0  11.2   9.2   8.4   6.7   2.2   0.5   0.5   0.5   0.7   0.6   0.5   0.5   0.6   0.5   0.5   0.5   0.6   0.5   6.1  16.0  15.8  14.6  14.2  13.7  12.8  11.2  11.4   9.5   1.7   0.5   0.4   0.5   0.4   0.6   0.6   0.6   0.5   6.1  16.7  15.2  15.6  14.6  13.2  11.6  10.9   9.8   8.5   1.1   0.6   0.6   0.5   0.5   0.4   0.5   0.5   0.5   5.6  16.6  15.6  14.3  13.5  12.2  10.5   9.8   7.9   7.1   1.1   0.6   0.4   0.6   0.5   0.5   0.4   0.5   0.5   0.5   0.5   0.6   0.5   0.4   9.5  17.0  15.8  15.9  14.6  13.3  11.6  11.8  10.0   8.3   0.4   0.6 
A: 14.0 13.8 13.5 21.2 21.2 19.8 20.4 20.5 20.5 19.8 20.3 19.2 18.3 14.1 13.7 13.8 13.8 13.9 14.1 14.0 13.9 13.7 20.5 20.6 20.1 20.1 20.3 19.8 19.2 18.6 17.6 16.2 14.0 13.3 13.6 13.6 13.8 13.5 13.6 13.5 13.7 14.0 13.6 13.9 13.9 18.2 20.2 20.3 20.1 20.5 20.2 20.3 19.7 19.8 19.8 18.8 13.8 13.3 13.7 13.7 13.9 14.3 13.6 13.8 23.6 20.2 20.2 20.4 19.9 20.1 19.7 19.7 19.0 17.3 17.4 13.8 13.5 13.5 13.9 13.7 13.6 13.7 14.2 17.4 20.7 20.3 19.9 20.2 19.9 19.6 19.0 17.3 16.5 16.1 13.9 13.8 13.6 13.7 14.0 13.9 13.8 13.6 19.6 20.5 20.3 20.1 20.3 20.0 19.2 18.0 17.0 16.1 15.0 14.2 13.7 13.7 13.6 13.7 13.6 13.8 14.0 13.9 13.8 13.8 14.0 13.8 21.5 20.5 20.3 20.2 20.7 19.3 20.2 19.8 19.3 17.9 17.4 14.0 13.5 14.2 13.8 13.4 13.9 13.8 13.7 21.2 20.3 19.9 20.6 20.4 20.4 19.6 19.2 18.3 17.1 15.3 13.7 13.7 13.8 14.0 13.9 13.9 13.3 14.0 19.7 20.5 20.2 20.2 20.0 19.8 19.7 18.5 16.9 15.8 15.4 13.6 13.5 13.8 14.0 13.7 13.6 13.9 13.5 13.7 13.5 13.8 14.0 13.7 20.5 20.9 20.7 20.5 20.1 20.3 20.2 19.9 19.0 18.2 15.0 13.6 
B: 21.3 21.6 23.3 44.9 44.2 41.0 42.0 41.9 41.9 40.4 41.1 38.5 36.3 25.1 21.7 22.9 21.3 23.7 22.4 22.7 22.8 22.0 42.3 42.8 41.4 41.3 41.4 40.4 38.9 37.1 34.8 31.4 23.3 21.8 22.1 22.3 22.4 23.4 22.6 23.1 22.8 21.7 22.9 21.7 21.7 36.4 42.3 41.9 41.6 42.2 41.8 41.4 40.1 40.0 40.2 38.2 22.5 22.9 20.9 22.9 24.0 22.3 20.5 22.9 48.6 42.4 41.8 42.1 40.4 41.4 39.7 39.5 37.7 33.6 34.8 23.5 22.5 21.9 21.8 20.2 22.2 23.0 21.8 33.7 42.9 41.7 40.9 41.5 40.0 39.7 38.1 33.8 31.9 30.6 23.7 23.3 22.8 22.3 22.2 21.6 24.0 22.0 39.4 42.6 41.9 41.5 41.8 40.5 38.6 36.1 33.3 30.2 27.1 24.4 23.8 21.8 22.4 24.5 22.8 21.3 22.3 22.7 22.8 22.4 23.9 22.1 44.6 42.5 41.7 41.5 42.3 39.5 40.7 40.0 38.9 36.3 34.0 22.8 21.2 22.6 22.8 22.0 22.8 22.7 22.9 44.0 42.2 40.9 41.9 41.6 41.0 39.2 38.7 36.8 33.1 26.9 23.0 21.6 21.8 21.6 22.3 22.3 21.9 23.1 40.5 42.5 41.8 41.4 40.8 40.1 39.7 37.1 33.0 30.7 28.6 22.5 21.6 22.1 22.1 21.7 21.8 22.2 21.8 22.7 21.2 22.1 22.6 21.9 42.1 43.2 42.6 42.1 41.1 41.5 41.1 40.6 38.0 36.2 25.9 21.2 
Direction:  n n n {46 134} {46 134} {44 136} {44 136} {45 135} {45 135} {46 134} {44 136} {46 134} {46 134} n n n n n n n n n {44 136} {45 135} {44 136} {45 135} {44 136} {44 136} {43 137} {45 135} {44 136} {43 137} n n n n n n n n n n n n n {42 138} {44 136} {46 134} {44 136} {44 136} {45 135} {45 135} {46 134} {45 135} {45 135} {43 137} n n n n n n n n {44 136} {44 136} {44 136} {44 136} {44 136} {44 136} {45 135} {45 135} {45 135} {46 134} {43 137} n n n n n n n n n {46 134} {45 135} {43 137} {45 135} {45 135} {45 135} {44 136} {44 136} {44 136} {45 135} n n n n n n n n n {46 134} {45 135} {44 136} {44 136} {46 134} {43 137} {44 136} {43 137} {45 135} n n n n n n n n n n n n n n {46 134} {46 134} {45 135} {46 134} {45 135} {43 137} {45 135} {44 136} {43 137} {44 136} n n n n n n n n n {44 136} {44 136} {43 137} {44 136} {44 136} {43 137} {44 136} {47 133} {44 136} {42 138} n n n n n n n n n {44 136} {45 135} {44 136} {44 136} {44 136} {45 135} {44 136} {44 136} {42 138} {45 135} n n n n n n n n n n n n n n {44 136} {45 135} {45 135} {44 136} {46 134} {44 136} {44 136} {44 136} {44 136} {43 137} n n

55.6: Count:   6.0 (  6.0) A:  19.2 [12-54] B:  39.1 [12-107] Phase: 100% 140 (12.6) Direction:  {44 136}
Phase: {0,0,0,0,0,0,0,0,0,0,0,0,0,0,0,0,0,0,0,0,0,0,0,0,0,0,0,0,0,0,2,0,0,1,0,0,0,0,0,0,0,2,1,0,0,0,0,3,0,0,0,7,2,4,3,2,4,4,4,10,5,4,10,1,8,5,11,10,6,21,12,8,20,9,9,9,17,26,19,27,15,33,31,40,38,34,72,42,43,57,104,92,102,87,126,176,157,192,192,286,242,251,298,398,437,436,496,622,775,640,843,958,1116,1252,1294,1586,1534,2248,2297,2448,2924,3260,3515,3818,4453,5234,5522,6179,6663,7393,7839,8668,9048,9258,9370,10623,9870,10521,10945,10825,10695,10885,10900,10346,10518,9924,9472,9022,9061,8552,7854,7314,7021,6484,5150,5575,4876,4413,3875,3343,3124,2584,2521,2338,1769,1783,1519,1337,1097,1030,907,910,707,610,563,512,482,321,342,242,302,153,162,153,128,124,104,88,70,87,47,48,41,57,45,25,40,24,16,11,16,6,9,19,14,6,8,4,6,4,5,0,9,2,3,0,1,3,0,1,0,0,1,0,0,2,1,2,0,0,0,0,0,0,0,0,0,0,0,0,0,0,0,3,0,0,0,0,0,0,0,0,0,0,0,0,0,0,0,0,0,0,0,0,0,0,0,0,0,0,0,0,0,0,0,0,0,0,0,0,0,0,0,0,0,0,0,0,0,0,1,0,0,0,0,0,0,0,0,0,0,0,0,0,0,0,0,0,0,0,0,0,0,0,0,0,0,0,0,0,0,0,0,0,0,0,0,0,0,0,0,0,0,0,0,0,0,0,0,0,0,0,0,0,0,0,0,0,0,0,0,0,0,0,0,0,0,0,0,0}
Count:   0.3   0.5   0.4  14.7  15.7  15.3  15.1  13.2  12.9  10.8  11.1   9.1   5.2   0.4   0.4   0.4   0.4   0.3   0.4   0.5   0.4   0.4  14.2  16.0  15.0  14.0  12.2  11.0  10.2   9.0   8.3   4.1   0.5   0.4   0.4   0.4   0.5   0.4   0.4   0.4   0.3   0.4   0.4   0.5   0.4   2.9  16.0  15.6  15.0  14.8  13.5  13.3  11.9  11.5  10.0   3.6   0.4   0.5   0.4   0.4   0.4   0.4   0.4   0.4   2.5  16.0  15.3  14.4  13.6  13.0  11.0  10.5   9.4   7.7   3.0   0.4   0.4   0.5   0.4   0.4   0.4   0.4   0.4   2.1  15.9  15.3  13.6  13.1  11.1  10.3   9.3   7.4   6.1   2.8   0.5   0.4   0.4   0.4   0.4   0.4   0.3   0.5   1.8  16.1  15.0  13.9  12.8  10.6  10.3   8.5   7.4   5.9   2.1   0.6   0.5   0.4   0.4   0.4   0.4   0.4   0.5   0.4   0.4   0.4   0.4   0.4   6.0  15.4  15.1  14.3  13.5  12.8  12.1  10.5  10.6   8.6   1.9   0.4   0.4   0.5   0.4   0.5   0.5   0.4   0.4   6.1  16.0  14.6  14.9  13.6  12.5  10.6  10.1   8.7   7.4   0.8   0.5   0.5   0.5   0.5   0.4   0.4   0.4   0.5   5.3  15.7  15.4  13.1  12.9  11.4   9.9   9.0   7.5   6.5   0.9   0.4   0.4   0.4   0.5   0.4   0.4   0.5   0.5   0.4   0.4   0.4   0.3   0.5   9.2  16.4  15.6  15.1  13.8  12.5  10.8  11.2   8.8   7.7   0.4   0.4 
A: 14.0 13.1 13.5 20.9 20.3 19.8 19.6 19.8 19.8 19.1 19.7 19.1 18.2 14.0 13.5 13.7 13.4 13.3 14.0 13.8 13.8 13.6 20.0 19.6 19.8 19.9 19.6 19.2 18.7 17.9 17.1 15.7 13.7 13.5 13.6 13.4 13.5 13.8 13.6 13.7 13.3 13.5 13.6 13.8 13.9 18.0 19.9 19.5 19.8 19.9 19.6 19.5 19.3 19.4 19.1 18.0 13.7 13.5 13.5 13.8 13.9 13.4 13.6 13.8 21.6 19.9 19.6 19.7 19.5 19.3 19.2 19.4 18.4 16.9 16.5 14.4 13.6 13.3 13.6 13.7 14.0 13.2 13.9 17.1 20.1 19.2 19.1 19.4 19.2 19.0 18.5 17.1 15.7 15.7 13.5 13.4 13.6 13.9 14.2 13.7 13.5 13.4 19.7 19.9 20.5 19.6 20.1 19.6 19.0 17.4 16.7 15.5 14.6 13.9 13.5 13.4 13.7 13.7 13.5 13.9 14.0 13.9 13.7 13.5 13.7 13.9 21.4 20.1 19.8 19.6 19.8 19.1 19.4 19.7 19.1 17.5 17.4 13.8 13.6 13.3 13.3 13.8 13.9 14.0 13.2 20.7 20.1 19.4 20.2 19.7 19.7 19.2 19.1 17.9 16.4 14.8 13.7 13.7 13.8 13.6 14.5 13.6 13.7 14.0 19.3 20.1 19.4 19.5 19.4 19.6 18.8 17.9 16.5 15.5 15.4 13.8 13.6 13.9 13.6 13.5 13.4 13.5 13.4 13.5 13.8 13.6 14.2 13.4 20.3 20.2 20.2 20.2 19.5 19.3 19.8 19.2 18.6 17.6 15.2 13.7 
B: 22.2 21.4 23.4 44.5 42.9 41.0 40.9 40.9 40.7 39.3 40.2 38.7 36.5 23.8 22.3 22.5 20.7 22.6 22.0 23.0 23.0 23.4 41.7 40.5 41.1 41.0 40.3 39.3 38.3 36.1 34.0 30.4 23.5 22.1 21.2 22.1 23.9 22.9 21.3 22.2 22.0 21.6 23.9 23.2 23.2 37.2 41.4 40.4 41.4 41.5 40.8 39.8 39.3 39.5 39.0 36.8 22.9 22.8 22.2 23.3 22.6 20.5 22.2 21.9 45.4 41.7 40.8 40.8 40.3 39.7 39.2 39.2 37.0 33.2 32.8 24.4 22.4 21.6 23.1 20.0 22.8 22.0 24.3 34.5 41.9 39.7 39.3 39.7 38.9 38.5 37.5 33.9 29.9 29.6 22.6 22.2 21.8 22.4 22.6 21.6 22.6 21.7 40.2 41.5 42.4 40.7 41.4 40.0 38.7 34.7 32.6 29.5 26.9 24.9 22.9 23.4 23.5 22.5 20.4 22.1 22.2 22.2 21.8 22.6 23.1 24.3 45.0 41.9 41.1 40.5 40.8 38.7 39.7 40.0 38.8 35.4 35.2 21.7 20.9 21.8 21.8 22.2 24.1 23.7 21.8 43.6 42.1 40.2 41.5 40.2 39.9 38.9 38.7 35.7 31.9 26.1 23.1 22.7 23.1 22.1 24.0 21.4 21.3 23.3 39.6 41.8 40.5 40.5 40.0 40.4 38.4 36.4 32.8 29.9 28.0 22.3 21.1 23.8 22.4 21.3 22.4 22.8 22.0 23.4 22.5 22.7 23.1 21.1 42.1 41.8 41.8 41.6 40.2 40.0 40.8 39.6 37.6 35.0 26.9 21.8 
Direction:  n n n {46 134} {44 136} {45 135} {43 137} {44 136} {45 135} {45 135} {45 135} {45 135} {44 136} n n n n n n n n n {43 137} {43 137} {44 136} {45 135} {43 137} {43 137} {44 136} {43 137} {42 138} {46 134} n n n n n n n n n n n n n {45 135} {43 137} {44 136} {43 137} {44 136} {46 134} {43 137} {45 135} {45 135} {45 135} {47 133} n n n n n n n n {45 135} {45 135} {45 135} {43 137} {46 134} {43 137} {46 134} {45 135} {44 136} {44 136} {46 134} n n n n n n n n n {46 134} {43 137} {44 136} {46 134} {44 136} {44 136} {46 134} {45 135} {46 134} {45 135} n n n n n n n n n {44 136} {45 135} {43 137} {43 137} {43 137} {46 134} {44 136} {43 137} {43 137} n n n n n n n n n n n n n n {45 135} {45 135} {43 137} {43 137} {45 135} {42 138} {45 135} {46 134} {45 135} {43 137} n n n n n n n n n {44 136} {43 137} {44 136} {45 135} {43 137} {45 135} {43 137} {44 136} {43 137} {43 137} n n n n n n n n n {46 134} {45 135} {45 135} {44 136} {44 136} {43 137} {43 137} {44 136} {44 136} {43 137} n n n n n n n n n n n n n n {45 135} {45 135} {44 136} {43 137} {45 135} {45 135} {44 136} {45 135} {44 136} {44 136} n n

55.7: Count:   5.8 (  5.8) A:  18.6 [12-54] B:  37.6 [12-110] Phase: 100% 140 (12.7) Direction:  {44 136}
Phase: {1,0,0,0,0,0,0,0,0,2,0,0,0,0,1,0,0,1,3,0,0,1,3,2,2,2,0,3,6,0,2,5,5,6,3,6,8,6,6,14,6,3,4,14,5,16,10,27,26,27,19,29,23,22,28,33,31,24,40,48,55,53,46,73,47,56,64,51,65,50,100,68,85,97,90,99,133,90,137,119,140,166,124,109,122,180,217,172,185,166,324,206,268,267,325,316,301,373,417,524,452,508,527,671,638,737,699,910,1073,974,1232,1220,1347,1624,1758,1775,1839,2453,2448,2685,2878,3353,3509,3672,4330,4585,5131,5403,5860,6721,6954,7474,7963,8793,8590,9537,9243,9886,10111,10089,9910,10153,9883,9620,9606,9206,8767,8036,8310,7620,6833,6497,6105,5758,4484,4759,4087,3838,3592,3034,2800,2466,2498,2116,1835,1671,1666,1508,1193,1176,990,1028,844,821,672,603,544,465,458,345,535,354,296,271,274,233,159,193,152,137,106,116,107,101,83,94,52,84,71,35,52,63,34,42,42,29,18,32,29,23,11,18,14,13,12,16,8,15,8,10,1,2,9,0,5,6,2,1,2,1,6,1,2,0,0,0,0,2,3,1,0,0,2,2,4,0,2,0,0,0,1,0,0,0,0,0,0,0,0,0,0,0,0,0,0,0,0,0,0,0,0,0,0,0,0,0,0,0,0,0,0,0,0,0,0,0,0,0,0,0,0,0,0,0,0,0,0,0,0,0,0,0,0,0,0,0,2,0,0,0,0,0,0,0,0,0,0,0,0,0,0,0,0,0,0,0,0,0,0,0,0,0,0,0,0,0,0,0,0,0,0,0,0,0,0,0,0,0,0,1,0,0,0,0,2,0,0,0,0,0}
Count:   0.3   0.4   0.4  14.4  14.9  14.5  14.1  12.8  12.1  10.8  10.4   8.5   4.8   0.6   0.5   0.6   0.4   0.3   0.4   0.5   0.5   0.4  13.9  15.2  14.3  13.5  12.2  10.4   9.9   8.4   7.6   4.1   0.5   0.4   0.5   0.4   0.5   0.5   0.5   0.4   0.4   0.4   0.4   0.6   0.5   2.6  15.3  15.0  14.2  14.2  13.5  12.9  11.0  11.1   9.6   3.2   0.4   0.5   0.4   0.5   0.4   0.4   0.5   0.4   2.6  15.4  14.6  13.7  13.0  12.6  10.5   9.7   9.3   7.7   3.0   0.5   0.4   0.5   0.4   0.4   0.4   0.5   0.4   2.3  15.2  14.4  12.9  12.5  10.8  10.3   8.7   7.3   5.7   2.6   0.6   0.5   0.4   0.4   0.5   0.5   0.5   0.5   1.9  15.7  14.6  13.1  12.3  10.2   9.7   8.3   6.7   5.5   1.6   0.5   0.5   0.5   0.4   0.4   0.6   0.5   0.5   0.4   0.4   0.4   0.5   0.5   5.7  15.0  14.7  13.7  13.1  11.9  11.1   9.7   9.7   8.0   2.0   0.5   0.5   0.4   0.5   0.5   0.5   0.4   0.4   5.7  15.8  14.1  14.4  13.2  11.8   9.9   9.6   8.3   7.1   0.8   0.6   0.5   0.5   0.5   0.5   0.5   0.5   0.5   5.3  15.1  14.6  12.7  12.7  10.7   9.0   8.2   6.6   5.7   0.9   0.4   0.3   0.4   0.4   0.4   0.4   0.5   0.5   0.5   0.5   0.4   0.4   0.4   9.3  15.6  15.1  14.5  13.2  12.2  10.7  10.6   8.1   7.7   0.5   0.4 
A: 13.6 13.5 13.3 20.6 19.8 19.5 19.4 19.2 18.7 18.5 18.7 18.4 17.7 13.4 13.7 13.7 13.6 13.3 13.5 13.5 13.6 13.4 19.4 18.6 19.3 19.3 18.8 18.9 18.3 17.4 17.0 15.9 13.6 13.8 13.3 13.5 13.5 13.4 13.6 13.5 14.0 13.5 13.8 13.7 13.3 17.5 19.3 18.9 19.3 19.6 18.9 18.9 18.7 18.6 18.5 17.4 14.0 13.4 13.9 13.9 14.1 13.6 12.8 13.8 20.7 19.3 18.9 19.2 18.9 18.5 19.0 18.6 18.3 16.5 16.5 14.1 13.7 13.6 13.6 13.4 13.9 13.5 13.6 16.4 19.7 18.9 18.9 18.7 18.8 18.6 18.0 16.6 15.6 15.7 13.7 13.7 13.9 13.5 13.6 13.5 13.7 13.6 19.7 19.6 19.7 18.9 19.2 19.0 18.4 17.2 16.4 15.3 14.5 13.7 13.5 13.6 13.6 13.5 13.6 13.4 14.3 13.6 13.9 13.6 13.8 14.1 21.4 19.1 19.4 19.0 19.0 18.6 18.9 19.2 18.5 17.1 16.7 13.5 13.5 13.4 13.8 13.8 13.5 13.9 13.9 20.7 19.8 18.7 19.5 19.0 19.0 18.9 18.4 17.1 16.0 14.1 13.9 13.4 13.8 13.6 13.9 14.3 13.3 13.6 19.0 19.5 19.3 19.0 18.8 18.6 18.3 17.5 16.4 15.0 15.0 13.4 13.9 13.4 13.4 13.6 13.5 13.4 13.6 13.8 13.5 13.5 13.4 13.7 19.8 19.6 19.4 19.6 18.5 18.7 19.0 18.7 18.1 17.0 13.9 13.9 
B: 19.1 19.5 20.0 43.5 41.3 40.3 40.3 39.3 38.0 37.7 37.9 37.0 35.1 22.6 20.9 20.6 19.8 21.6 20.4 20.8 20.6 21.6 40.1 38.3 40.1 39.5 38.3 38.1 37.1 34.2 32.7 30.2 22.1 19.5 20.7 21.8 20.2 20.8 20.4 21.2 21.7 22.0 21.7 21.1 20.9 36.1 40.2 39.3 40.2 40.5 38.8 38.6 37.9 37.4 37.4 34.8 21.5 21.2 20.7 21.4 21.7 20.1 20.0 23.2 43.0 40.3 39.4 39.5 38.9 37.7 38.4 37.6 36.2 32.2 31.9 22.9 20.9 20.5 20.5 20.8 21.7 19.6 22.4 31.7 40.9 39.2 38.6 38.2 37.8 37.4 35.7 32.0 28.9 28.6 22.2 20.2 21.4 21.6 20.6 20.1 21.7 21.1 40.0 40.4 40.5 38.9 39.4 38.6 36.6 34.4 31.6 28.4 25.1 22.9 21.7 20.6 20.4 21.9 20.8 20.7 21.0 20.4 20.6 21.3 21.4 22.4 44.4 39.8 39.8 39.0 38.7 37.5 38.2 38.9 37.5 33.6 33.0 20.7 20.5 21.6 20.8 20.4 20.6 21.6 21.5 42.9 41.0 38.2 40.1 38.7 38.3 37.6 37.3 33.5 30.4 25.4 21.9 22.4 21.3 21.4 21.9 20.9 20.2 20.5 38.8 40.4 39.8 39.1 38.6 37.7 36.6 35.1 32.0 27.5 26.6 21.5 20.6 20.8 20.3 20.4 18.9 19.5 20.4 22.0 21.3 20.0 20.9 21.5 41.2 40.5 40.1 40.2 37.9 38.5 38.6 37.9 36.1 33.3 22.3 22.3 
Direction:  n n n {44 136} {44 136} {44 136} {43 137} {45 135} {44 136} {44 136} {44 136} {45 135} {43 137} n n n n n n n n n {45 135} {43 137} {44 136} {45 135} {43 137} {44 136} {43 137} {44 136} {41 139} {43 137} n n n n n n n n n n n n n n {45 135} {44 136} {43 137} {44 136} {44 136} {45 135} {44 136} {43 137} {43 137} {44 136} n n n n n n n n {43 137} {44 136} {44 136} {45 135} {44 136} {45 135} {43 137} {44 136} {44 136} {44 136} {46 134} n n n n n n n n n {43 137} {46 134} {44 136} {44 136} {45 135} {44 136} {45 135} {44 136} {45 135} n n n n n n n n n n {42 138} {45 135} {45 135} {43 137} {45 135} {46 134} {43 137} {43 137} {44 136} n n n n n n n n n n n n n n {43 137} {45 135} {44 136} {46 134} {43 137} {43 137} {44 136} {44 136} {45 135} {43 137} n n n n n n n n n {44 136} {44 136} {44 136} {45 135} {45 135} {44 136} {44 136} {44 136} {44 136} {43 137} n n n n n n n n n {44 136} {44 136} {43 137} {44 136} {43 137} {43 137} {44 136} {43 137} {44 136} {45 135} n n n n n n n n n n n n n n {45 135} {44 136} {44 136} {45 135} {43 137} {44 136} {44 136} {44 136} {44 136} {46 134} n n

55.8: Count:   5.8 (  5.5) A:  18.0 [12-50] B:  35.2 [12-109] Phase: 100% 139 (15.7) Direction:  {44 136}
Phase: {207,25,40,35,96,91,57,74,50,165,65,124,66,79,178,107,88,118,109,64,151,88,119,143,187,104,87,119,155,99,143,164,99,95,110,148,107,126,156,152,112,137,182,160,133,238,173,184,197,162,160,194,175,149,206,273,181,180,202,261,247,240,191,293,212,278,253,289,294,282,270,202,309,298,254,295,260,292,268,323,237,372,331,309,363,358,466,395,390,342,636,413,459,497,605,543,534,584,707,794,683,885,820,973,1086,1140,1196,1346,1595,1315,1724,1763,1843,2074,2339,2421,2304,3145,3181,3269,3555,3800,4190,4234,4734,5061,5516,5534,5779,6258,6304,6882,7172,7450,7079,7840,7412,8217,8045,7846,7915,8193,7721,7966,7520,7318,6829,6587,6717,6298,5813,5689,5357,5269,4301,4392,4026,4065,3573,3294,3146,2632,2766,2440,2082,2085,1963,1846,1456,1481,1301,1297,1139,1061,888,894,845,737,726,537,712,446,416,440,409,374,335,339,316,250,237,189,199,199,167,156,143,123,147,95,138,99,92,129,87,72,54,76,57,49,46,65,52,30,34,36,42,52,25,39,24,25,33,19,10,29,14,21,24,15,15,10,14,10,15,7,11,8,9,11,11,13,6,7,9,2,17,7,6,0,2,0,2,2,1,3,3,3,1,2,5,3,0,0,0,2,0,1,0,5,0,0,0,0,5,1,1,0,0,1,0,0,0,0,1,0,0,2,0,0,1,0,0,0,0,0,0,0,0,0,0,1,0,3,0,4,0,0,4,0,3,0,0,0,2,5,0,1,1,1,0,3,0,0,0,9,0,1,2,5,2,5,3,0,6,1,7,2,3,1,21,8,8,16,6,17,17,12,4,18,20,45,17,27,27,57,54,37,32,23}
Count:   0.6   0.6   0.7  13.9  14.6  14.1  13.8  12.6  11.6  11.0  10.7   8.6   5.1   0.9   0.7   0.7   0.7   0.7   0.7   0.7   0.6   0.6  13.4  14.6  14.4  13.2  11.9  10.4   9.9   8.5   7.7   4.1   0.8   0.6   0.6   0.7   0.6   0.6   0.7   0.7   0.7   0.7   0.7   0.6   0.7   2.9  15.2  14.4  13.6  13.6  13.2  12.4  11.3  10.9   9.8   3.2   0.8   0.7   0.6   0.8   0.6   0.7   0.7   0.6   3.0  14.6  14.1  13.6  12.8  12.3  10.4   9.3   8.9   8.0   2.9   0.8   0.7   0.8   0.5   0.6   0.8   0.6   0.7   2.5  14.5  13.9  12.8  12.6  10.6  10.3   8.1   7.5   5.6   2.8   0.7   0.7   0.6   0.5   0.6   0.6   0.8   0.6   2.5  14.8  14.5  12.9  11.8  10.6   9.3   8.2   7.0   5.2   1.6   0.8   0.8   0.7   0.7   0.7   0.6   0.7   0.7   0.7   0.8   0.7   0.8   0.6   5.9  14.5  14.3  13.2  12.6  11.7  10.8  10.2   9.3   7.8   2.1   0.8   0.7   0.7   0.7   0.6   0.7   0.7   0.9   5.9  15.4  13.5  14.1  12.8  12.0  10.2   9.6   7.9   6.8   1.0   0.7   0.7   0.6   0.7   0.7   0.6   0.6   0.6   5.3  14.8  14.5  12.6  12.1  10.2   9.0   8.3   6.9   5.5   1.3   0.7   0.7   0.7   0.5   0.7   0.6   0.7   0.6   0.7   0.6   0.7   0.7   0.5   8.9  15.1  14.8  13.6  12.5  12.0  10.9  10.5   8.4   7.4   0.6   0.7 
A: 13.3 13.3 13.8 19.8 18.9 19.1 19.1 18.5 18.1 18.5 18.5 17.9 17.0 13.6 13.6 13.5 13.2 13.6 13.5 13.5 13.6 13.5 18.5 18.1 19.0 19.0 18.4 18.2 18.1 17.1 16.2 15.5 13.6 13.4 13.2 13.9 13.5 13.3 13.5 13.3 13.6 13.9 13.9 13.6 13.5 17.0 18.7 18.3 18.8 18.9 18.4 18.2 18.0 18.2 18.0 16.9 13.8 13.5 13.4 13.4 13.8 13.6 13.5 13.9 19.9 18.9 18.4 18.6 18.2 18.3 18.0 18.1 17.7 16.4 16.5 14.0 13.8 13.5 13.5 13.3 13.6 13.7 13.4 17.0 19.2 18.5 18.6 18.2 18.5 17.8 17.3 16.4 15.4 15.4 13.8 13.7 13.3 13.1 13.3 13.7 13.6 13.1 18.3 19.4 18.7 18.3 18.0 18.4 17.8 16.8 16.1 15.2 14.0 13.5 13.8 13.5 13.9 13.7 13.8 13.6 13.5 13.5 13.5 13.4 13.5 13.7 20.3 18.4 18.7 18.5 18.5 18.1 18.0 18.3 17.7 16.9 16.3 13.7 13.5 13.6 13.6 13.7 13.9 13.4 13.5 20.1 19.0 17.9 18.8 18.5 18.1 18.1 18.2 16.7 15.8 14.2 13.5 13.5 13.6 13.7 13.7 13.4 13.4 13.5 18.5 18.7 18.8 18.3 18.5 18.1 17.5 17.2 15.9 14.8 14.5 13.4 13.2 13.5 13.1 13.5 13.5 13.9 13.7 13.7 13.4 13.4 13.7 13.8 19.7 18.6 18.9 19.0 18.1 18.1 18.0 18.3 17.8 16.5 13.9 13.4 
B: 18.3 19.2 18.9 40.8 38.8 38.8 38.7 36.8 36.2 36.5 36.5 35.0 31.7 18.7 19.4 18.5 19.1 19.4 19.4 19.5 19.0 18.5 37.6 36.4 38.2 38.4 36.3 35.6 35.7 32.6 29.9 27.9 20.3 19.5 18.0 20.3 18.5 19.2 18.5 18.8 19.2 18.9 19.1 18.7 19.1 34.1 38.4 37.2 37.8 37.9 36.2 36.1 35.6 36.2 35.3 32.7 19.7 19.5 18.2 18.3 19.2 18.9 18.7 18.7 40.5 38.3 37.0 37.4 36.5 36.3 35.4 35.1 33.6 30.1 29.5 19.4 18.9 18.2 17.9 19.0 20.1 18.5 18.3 31.5 38.8 37.1 36.8 36.3 36.6 35.2 33.3 30.4 26.9 26.1 20.2 18.1 18.9 18.6 18.5 18.3 18.6 17.8 35.4 39.4 37.7 36.3 35.8 36.2 34.3 31.8 30.3 26.3 21.7 20.0 18.9 18.4 18.8 19.1 19.0 18.0 18.9 17.9 19.1 19.6 19.8 18.8 41.5 37.5 37.7 37.3 36.8 35.5 35.1 36.3 34.5 32.5 30.8 19.5 19.5 18.5 18.4 19.3 18.3 18.5 18.9 40.4 38.8 35.9 37.5 36.8 35.7 35.3 35.5 31.4 28.5 22.1 20.0 19.6 19.0 19.4 19.3 19.3 18.0 18.7 36.9 38.2 37.8 36.2 36.5 34.9 34.4 33.6 29.4 25.7 24.4 19.1 18.9 19.6 18.8 17.8 18.5 19.6 20.1 19.5 19.5 19.0 17.8 17.8 40.1 37.5 37.8 38.5 35.8 36.2 36.1 36.3 34.6 30.9 20.0 19.0 
Direction:  n n n {45 135} {45 135} {42 138} {45 135} {44 136} {44 136} {44 136} {44 136} {43 137} {42 138} n n n n n n n n n {45 135} {44 136} {45 135} {44 136} {43 137} {46 134} {44 136} {45 135} {42 138} {43 137} n n n n n n n n n n n n n n {44 136} {44 136} {45 135} {43 137} {43 137} {44 136} {43 137} {43 137} {46 134} {41 139} n n n n n n n n {44 136} {44 136} {45 135} {43 137} {44 136} {42 138} {43 137} {46 134} {43 137} {41 139} {45 135} n n n n n n n n n {43 137} {42 138} {44 136} {43 137} {41 139} {44 136} {44 136} {43 137} {44 136} n n n n n n n n n n {44 136} {44 136} {46 134} {43 137} {43 137} {42 138} {43 137} {42 138} {39 141} n n n n n n n n n n n n n n {44 136} {44 136} {44 136} {45 135} {43 137} {46 134} {46 134} {42 138} {42 138} {45 135} n n n n n n n n n {42 138} {44 136} {42 138} {44 136} {44 136} {43 137} {46 134} {43 137} {42 138} {39 141} n n n n n n n n n {43 137} {45 135} {43 137} {43 137} {44 136} {44 136} {42 138} {42 138} {43 137} {42 138} n n n n n n n n n n n n n n {43 137} {41 139} {44 136} {43 137} {45 135} {44 136} {45 135} {44 136} {42 138} {45 135} n n

55.9: Count:   6.2 (  5.3) A:  17.2 [12-47] B:  31.6 [12-97] Phase: 97% 138 (16.7) Direction:  {43 137}  14% 89 (10.0) Direction:  {26 154}
Phase: {1475,228,355,413,954,748,486,483,587,1163,573,710,476,760,890,638,552,716,795,538,973,452,667,658,745,476,402,597,512,564,470,680,463,369,436,507,440,422,411,507,396,405,481,474,412,562,381,510,514,509,502,611,473,508,602,579,548,498,662,633,543,639,609,685,438,597,639,669,607,631,721,537,806,689,588,592,687,709,609,665,629,748,744,640,659,726,873,824,762,643,1232,729,969,884,1085,1024,1001,1101,1161,1281,1246,1319,1409,1534,1581,1515,1711,1617,2003,1775,2082,2103,2310,2476,2438,2544,2419,3082,3131,3115,3440,3896,3925,3937,4218,4555,5154,5135,5306,5647,5764,6341,6286,6674,6168,6892,6488,6840,6571,6600,6353,6236,6243,6160,6186,6100,5843,5537,5615,5346,5014,4963,4746,4798,3528,4026,3671,3561,3092,3020,2868,2300,2541,2234,2035,2018,1776,1759,1521,1472,1292,1406,1213,1158,1101,1048,1014,840,858,689,1001,702,655,634,588,544,506,520,510,466,438,367,292,402,351,297,313,282,307,231,286,256,200,218,208,163,153,206,169,171,147,154,125,98,124,95,100,108,86,78,52,82,86,62,55,61,40,74,52,44,28,55,46,36,28,29,39,26,16,21,28,30,27,22,17,17,14,16,5,21,12,16,16,7,17,10,13,16,3,7,5,22,8,2,7,8,14,7,2,6,14,1,0,3,4,2,4,5,9,4,5,11,6,7,13,7,9,6,6,1,5,2,5,6,7,1,3,3,0,9,4,4,3,7,4,10,7,5,3,2,4,6,8,2,2,3,2,7,12,16,10,11,9,12,13,22,12,9,17,44,4,27,33,26,30,48,73,55,71,35,138,52,104,120,113,119,187,148,141,285,195,334,213,261,260,435,476,332,310,228}
Count:   1.1   1.1   1.3  14.0  14.3  14.2  14.0  13.0  11.6  11.0  11.1   9.4   5.4   1.7   1.3   1.2   1.2   1.3   1.2   1.4   1.3   1.2  13.7  14.5  14.6  13.3  12.1  10.8  10.0   8.6   8.4   4.9   1.5   1.2   1.3   1.2   1.3   1.3   1.3   1.2   1.4   1.2   1.2   1.4   1.3   3.3  14.8  14.5  13.8  13.9  13.2  11.9  12.2  11.0  10.2   3.7   1.4   1.3   1.4   1.3   1.3   1.3   1.1   1.3   3.8  14.9  14.0  13.8  13.0  12.1  10.9   9.8   9.4   8.3   3.4   1.3   1.1   1.5   1.2   1.3   1.5   1.4   1.4   3.2  14.9  14.1  13.2  13.2  11.3  10.7   8.9   8.2   6.2   3.4   1.5   1.3   1.2   1.3   1.7   1.4   1.2   1.3   3.4  14.7  14.2  13.2  12.0  11.4   9.5   8.2   7.3   5.9   2.3   1.3   1.5   1.4   1.3   1.4   1.4   1.3   1.5   1.4   1.4   1.5   1.7   1.3   6.4  14.2  14.2  13.6  12.6  12.0  11.2  10.8   9.5   8.2   2.5   1.3   1.4   1.4   1.4   1.3   1.4   1.3   1.4   6.4  15.1  13.4  14.0  13.1  12.2  10.4   9.5   8.4   7.6   1.9   1.2   1.5   1.3   1.4   1.5   1.3   1.4   1.4   5.6  14.5  14.2  12.4  12.3  10.5   9.4   9.2   7.8   5.9   2.1   1.4   1.3   1.3   1.4   1.3   1.5   1.5   1.2   1.3   1.2   1.3   1.3   1.4   9.1  15.0  14.5  14.1  13.3  12.1  11.4  10.4   9.4   7.8   1.1   1.4 
A: 13.3 13.2 13.4 19.0 18.0 18.4 18.1 17.6 17.4 17.9 18.1 17.4 16.2 13.2 13.3 13.2 13.2 13.1 13.2 13.3 13.3 13.3 18.3 17.8 18.0 18.1 17.5 17.4 17.3 16.7 16.2 15.3 13.3 13.2 13.4 13.5 13.5 13.4 13.3 13.2 13.2 13.5 13.2 13.3 13.3 15.7 18.4 17.7 18.2 17.9 18.0 17.9 17.5 17.5 17.5 16.1 13.3 13.1 13.3 13.3 13.3 13.1 13.1 13.4 18.6 17.9 18.2 17.8 18.0 18.0 17.3 17.5 17.2 16.2 15.3 13.3 13.3 13.3 13.3 13.1 13.3 13.4 13.2 16.6 18.4 18.0 17.4 17.5 17.9 17.6 16.9 16.2 15.2 14.8 13.3 13.3 13.2 13.1 13.3 13.2 13.6 13.3 16.7 18.7 18.0 17.7 17.7 17.6 17.4 16.5 16.1 14.9 13.8 13.4 13.4 13.2 13.6 13.2 13.3 13.2 13.2 13.3 13.5 13.3 13.2 13.3 19.0 18.0 17.9 18.0 18.0 17.5 17.4 17.8 17.4 16.4 15.3 13.5 13.3 13.2 13.3 13.3 13.3 13.3 13.3 17.6 18.4 17.6 18.0 17.9 17.7 17.5 17.3 16.4 15.9 13.8 13.5 13.3 13.2 13.4 13.4 13.1 13.2 13.3 17.5 18.0 18.2 17.8 18.0 17.2 17.3 16.7 15.9 14.7 14.1 13.4 13.4 13.0 13.2 13.3 13.1 13.2 13.4 13.3 13.2 13.3 13.2 13.3 18.2 18.0 18.2 18.1 17.6 17.3 17.5 17.7 16.9 16.3 13.4 13.3 
B: 16.5 16.1 17.0 37.2 35.5 36.2 35.2 33.5 32.7 34.8 34.3 32.4 28.5 16.8 16.1 16.6 16.5 16.6 16.8 17.3 16.9 16.6 35.9 34.3 35.0 35.3 32.7 32.7 32.1 30.5 28.1 24.8 17.3 17.0 16.8 16.8 16.4 17.1 16.5 16.6 16.5 16.3 17.1 16.1 17.0 27.3 36.5 34.5 35.4 34.1 34.3 34.3 33.4 33.2 32.4 28.7 17.1 17.3 16.7 16.5 16.8 17.0 16.4 16.5 34.8 34.8 35.1 34.4 35.0 34.1 31.8 32.1 31.3 28.6 24.9 16.4 17.4 16.5 16.4 16.9 16.8 17.1 15.8 28.6 35.9 34.4 33.0 33.2 33.9 33.2 31.3 28.8 24.5 23.3 17.1 16.3 17.1 16.9 16.2 16.3 17.6 16.1 30.0 36.8 34.6 33.8 33.5 33.1 32.0 29.8 28.2 23.7 19.3 16.2 17.0 16.3 17.1 16.7 16.7 15.7 17.3 16.7 17.0 16.3 17.1 16.9 37.0 35.2 34.8 34.8 34.7 32.9 32.3 34.0 32.0 29.6 24.6 17.5 16.6 16.5 16.6 16.3 16.4 16.9 17.0 34.0 36.2 33.7 34.6 34.2 33.9 33.1 32.5 28.9 27.2 18.6 17.0 16.7 16.5 16.4 17.0 16.5 16.7 16.3 33.2 34.9 35.1 34.0 34.4 31.8 32.2 30.6 27.9 23.8 20.2 16.7 16.7 16.0 16.2 17.0 17.1 16.9 16.6 17.3 16.8 17.0 16.6 16.1 35.7 35.0 35.3 35.3 33.3 32.8 33.6 33.5 31.5 28.9 17.0 16.6 
Direction:  n n n {45 135} {42 138} {44 136} {42 138} {42 138} {42 138} {44 136} {42 138} {43 137} {44 136} n n n n n n n n n {45 135} {43 137} {42 138} {43 137} {43 137} {41 139} {44 136} {40 140} {43 137} n n n n n n n n n n n n n n n {46 134} {43 137} {43 137} {42 138} {43 137} {46 134} {43 137} {43 137} {43 137} n n n n n n n n n {45 135} {42 138} {43 137} {45 135} {42 138} {42 138} {41 139} {43 137} {45 135} {42 138} n n n n n n n n n n {46 134} {44 136} {42 138} {43 137} {42 138} {45 135} {44 136} {45 135} {41 139} n n n n n n n n n n {43 137} {42 138} {45 135} {43 137} {43 137} {41 139} {42 138} {42 138} {43 137} n n n n n n n n n n n n n n {42 138} {45 135} {43 137} {42 138} {43 137} {42 138} {41 139} {41 139} {43 137} {42 138} n n n n n n n n n {42 138} {41 139} {42 138} {44 136} {43 137} {41 139} {44 136} {42 138} {43 137} {42 138} n n n n n n n n n {42 138} {43 137} {41 139} {46 134} {43 137} {42 138} {44 136} {43 137} {41 139} {40 140} n n n n n n n n n n n n n n {45 135} {43 137} {42 138} {42 138} {42 138} {46 134} {45 135} {42 138} {41 139} {43 137} n n

56.0: Count:   5.8 (  5.2) A:  17.0 [12-50] B:  31.3 [12-106] Phase: 100% 136 (22.1) Direction:  {42 138}
Phase: {522,86,120,147,324,311,213,193,258,472,246,277,228,257,453,287,278,373,344,253,518,231,328,361,410,288,257,339,338,336,320,468,308,271,293,351,316,297,293,334,272,271,424,317,292,407,253,361,465,329,350,428,395,364,407,483,390,402,450,553,452,544,516,551,410,463,484,568,465,501,614,441,664,607,600,593,623,677,576,645,571,712,777,619,711,785,880,737,742,722,1347,791,957,1004,1147,1126,1230,1316,1272,1594,1451,1494,1552,1851,1911,1917,2062,2231,2427,2130,2572,2673,2762,2923,2997,3291,2985,3593,3780,3599,3724,4158,4270,4129,4704,4804,4880,4810,5002,5279,5210,5243,5441,5645,5276,5990,5143,5594,5549,5511,5545,5711,5220,5104,5272,5218,4944,4712,4825,4551,4432,4125,4130,4144,3432,3632,3448,3362,3216,2971,2821,2473,2731,2507,2271,2120,1957,2069,1824,1787,1557,1584,1549,1405,1293,1273,1206,1069,1073,831,1209,806,818,703,726,652,544,584,579,554,441,431,374,405,361,375,324,310,332,216,252,205,231,257,188,146,152,165,146,128,124,143,100,90,78,106,109,90,70,63,52,64,50,58,21,45,19,40,42,22,26,36,20,9,15,21,18,22,19,33,4,14,9,12,13,11,8,9,4,7,7,3,13,8,8,6,7,3,4,4,1,3,1,2,8,11,7,1,3,2,6,1,0,1,0,10,2,0,2,7,0,1,1,2,3,2,4,1,1,2,4,3,5,6,2,8,2,5,0,4,2,3,6,3,1,3,0,0,0,3,2,0,4,6,2,6,6,4,9,5,11,10,3,5,4,3,8,14,11,16,14,16,27,19,18,22,32,46,39,22,71,28,26,63,40,60,81,55,38,94,81,152,93,76,115,159,216,114,92,82}
Count:   0.8   0.8   1.0  13.4  13.8  13.6  13.0  12.7  11.3  11.0  10.4   9.0   4.7   1.1   0.8   1.0   0.9   1.0   0.8   0.8   0.9   0.9  13.1  13.7  13.5  13.0  11.7  10.4   9.5   8.7   7.6   4.4   1.1   0.8   0.9   1.0   1.0   1.0   0.9   0.9   1.0   1.0   0.8   1.0   0.9   2.9  14.1  13.4  13.5  13.2  13.1  11.8  11.7  10.8   9.7   3.4   1.1   1.0   1.1   0.9   1.0   0.9   1.0   0.9   3.4  13.4  13.5  12.9  12.7  11.6  10.1   9.5   8.9   8.1   2.9   1.1   1.0   1.0   0.9   1.1   1.1   1.0   0.9   3.0  13.8  13.2  12.3  12.2  10.9  10.2   8.2   7.9   6.5   2.8   1.0   1.0   1.0   1.0   1.1   1.1   0.9   1.0   2.9  14.3  13.2  12.6  11.5  10.6   9.2   7.9   7.2   5.9   1.8   1.0   1.1   0.9   0.8   1.1   1.1   1.0   1.1   1.0   1.1   1.1   1.1   1.1   6.0  13.5  13.4  13.0  12.1  11.4  10.9  10.4   8.9   8.3   2.1   1.1   0.9   1.2   1.0   1.0   1.0   1.1   1.0   5.7  13.9  12.8  13.4  12.4  11.9   9.8   9.1   7.9   7.2   1.4   1.0   0.9   0.9   1.1   1.0   0.9   1.0   1.1   5.4  13.5  13.6  12.6  11.9  10.0   9.3   8.3   7.4   5.4   1.5   1.1   1.0   1.0   1.0   0.9   1.0   1.0   0.9   1.0   1.1   0.9   1.0   1.1   8.3  13.9  13.7  13.1  12.6  11.6  11.1  10.1   9.1   7.4   0.9   1.0 
B: 17.1 16.9 17.5 36.9 34.2 35.7 34.4 33.1 32.4 33.9 32.0 30.9 28.7 17.5 16.2 17.0 16.5 16.4 16.7 17.3 17.1 16.6 34.8 33.7 34.2 33.6 31.9 32.5 31.7 30.3 27.6 26.2 17.6 17.7 17.8 17.0 17.6 17.2 17.0 17.5 17.4 17.1 17.0 17.2 17.3 27.4 34.6 33.8 33.5 34.0 34.3 33.1 33.1 31.5 31.6 28.7 18.1 17.3 16.9 17.4 17.7 16.2 17.3 17.2 36.2 34.6 33.8 33.5 33.2 33.4 31.1 31.0 31.0 29.0 24.3 17.7 18.0 16.4 17.1 17.2 17.3 18.0 17.0 30.0 35.0 34.1 31.7 32.6 32.2 31.6 30.2 28.2 24.9 23.0 17.0 17.5 17.7 17.0 16.5 17.2 17.4 16.0 31.5 35.3 33.6 32.6 33.1 31.8 31.8 29.7 27.4 24.3 19.6 17.3 17.5 16.8 17.1 16.8 16.8 16.6 17.4 16.9 17.7 16.7 16.8 17.4 37.4 34.3 33.9 33.3 32.6 32.5 31.7 32.7 30.8 29.5 25.2 17.5 17.2 16.7 16.6 17.0 17.0 16.9 16.9 32.2 34.6 32.9 33.5 33.9 33.6 32.2 30.9 28.6 26.7 19.7 17.8 17.7 16.8 17.1 17.5 16.6 17.0 16.8 33.0 34.2 33.9 32.8 33.8 31.9 31.8 29.8 27.5 23.6 21.1 17.6 16.8 16.9 17.4 16.3 17.4 16.9 16.1 16.8 17.4 17.2 16.7 16.8 32.8 34.2 34.5 33.2 33.3 32.0 32.0 32.0 32.3 29.1 16.5 16.6 
Direction:  n n n {42 138} {42 138} {46 134} {42 138} {45 135} {43 137} {45 135} {43 137} {41 139} {40 140} n n n n n n n n n {43 137} {42 138} {41 139} {43 137} {44 136} {40 140} {42 138} {41 139} {43 137} n n n n n n n n n n n n n n n {45 135} {41 139} {44 136} {44 136} {43 137} {43 137} {44 136} {44 136} {41 139} n n n n n n n n n {46 134} {44 136} {40 140} {42 138} {46 134} {42 138} {43 137} {42 138} {45 135} {39 141} n n n n n n n n n n {39 141} {42 138} {40 140} {42 138} {42 138} {44 136} {44 136} {41 139} {42 138} n n n n n n n n n n {40 140} {44 136} {43 137} {43 137} {40 140} {44 136} {43 137} {39 141} {43 137} n n n n n n n n n n n n n n {44 136} {42 138} {42 138} {43 137} {46 134} {43 137} {42 138} {41 139} {42 138} {42 138} n n n n n n n n n {43 137} {42 138} {40 140} {44 136} {41 139} {42 138} {41 139} {39 141} {38 142} {40 140} n n n n n n n n n {44 136} {45 135} {42 138} {42 138} {39 141} {43 137} {43 137} {42 138} {37 143} {35 145} n n n n n n n n n n n n n n {41 139} {46 134} {42 138} {41 139} {45 135} {46 134} {40 140} {42 138} {43 137} {42 138} n n

