30.0: Count:  12.2 (  1.9) A:  11.6 [10-23] B:  20.0 [10-36] Phase: 148 ( 4.50) Direction:  nPhase: 141 ( 2.82) Direction:  nPhase: 145 ( 0.65) Direction:  nPhase: 146 ( 0.25) Direction:  n
Phase: {0,0,0,0,0,0,0,0,0,0,0,0,0,0,0,0,0,0,0,0,0,0,0,0,0,0,0,0,0,0,0,0,0,0,0,0,0,0,0,0,0,0,0,0,0,0,0,0,0,0,0,0,0,0,0,0,0,0,0,0,0,0,0,0,0,0,0,0,0,0,0,0,0,0,0,0,0,0,0,0,0,0,0,0,0,0,0,0,0,0,0,0,0,0,0,0,1,0,0,1,1,2,3,6,3,6,21,27,28,18,43,72,91,90,135,129,149,231,237,327,355,388,434,448,514,586,568,609,653,691,736,776,876,1037,1124,2344,2194,3489,5414,6831,8290,12596,16814,20001,23333,27181,31161,25882,30619,30484,25555,24700,19591,16692,8663,9087,7284,4135,2906,2024,1361,778,989,580,384,375,234,237,99,162,105,74,55,34,26,22,14,13,4,1,6,1,0,0,2,3,1,1,0,3,0,0,0,0,0,0,1,0,0,0,0,0,0,0,0,0,0,0,0,0,0,0,0,0,0,0,0,0,0,0,0,0,0,0,0,0,0,0,0,0,0,0,0,0,0,0,0,0,0,0,0,0,0,0,0,0,0,0,0,0,0,0,0,0,0,0,0,0,0,0,0,0,0,0,0,0,0,0,0,0,0,0,0,0,0,0,0,0,0,0,0,0,0,0,0,0,0,0,0,0,0,0,0,0,0,0,0,0,0,0,0,0,0,0,0,0,0,0,0,0,0,0,0,0,0,0,0,0,0,0,0,0,0,0,0,0,0,0,0,0,0,0,0,0,0,0,0,0,0,0,0,0,0,0,0,0,0,0,0,0,0,0,0,0,0,0,0,0,0,0}
Count:   7.5   6.7   6.5   6.6   6.7   5.9   6.6   6.3   6.6   6.2   6.4   6.4   6.6   6.2   7.0   6.4  12.3  11.9  12.8  12.3  12.9  11.7  13.4  12.1  14.0  13.0  13.2  12.8  13.9  12.3  12.6  12.6  13.1  13.4  13.7  11.5  13.1  13.0  13.4  12.4  12.6  12.6  13.2  12.5  13.1  12.0  12.9  12.7  13.2  12.9  13.3  12.5  13.3  12.5  13.1  12.4  13.1  12.7  13.5  12.8  14.0  12.9  13.4  12.5  13.9  13.0  14.0  12.7  13.4  12.5  13.4  12.5  13.5  13.8  13.3  13.1  13.5  13.0  13.5  12.8  12.9  13.1  13.3  13.3  13.0  12.6  13.6  12.9  12.5  12.8  12.4  12.3  12.2  12.6  13.4  12.7  12.1  13.4  13.3  12.3  11.9  12.6  12.1  11.6  11.8  12.3  11.0  11.7  11.9  11.7  12.2  11.5  10.7  11.2  10.7  11.6  11.0  11.1  11.1  11.5  10.2  11.4  10.6  10.7  11.1  11.3  10.8  11.2  10.5  11.8  10.8  12.0  11.0  12.4  10.8  11.7  11.2  12.2  12.6  13.6  12.5  12.6  12.0  13.4  12.5  13.4  12.9  12.6  13.6  14.3  12.1  13.8  12.7  13.1  12.6  13.6  12.8  13.3  12.8  13.4  12.2  13.8  12.5  13.5  12.8  14.7  12.1  13.5  12.2  13.9  12.4  13.7  13.1  14.5  12.4  14.0  12.9  13.8  12.7  14.3  12.9  14.0  13.3  13.5  12.9  14.5  12.7  13.2  12.4  13.7  13.2  13.9  12.8  14.0  12.5  13.6  12.3  12.7  12.6  14.4 
Direction:  n n n n n n n n n n n n n n n n n n n n n n n n n n n n n n n n n n n n n n n n n n n n n n n n n n n n n n n n n n n n n n n n n n n n n n n n n n n n n n n n n n n n n n n n n n n n n n n n n n n n n n n n n n n n n n n n n n n n n n n n n n n n n n n n n n n n n n n n n n n n n n n n n n n n n n n n n n n n n n n n n n n n n n n n n n n n n n n n n n n n n n n n n n n n n n n n n n n n n n n n

30.1: Count:  13.0 (  2.0) A:  11.8 [10-24] B:  20.9 [10-40] Phase: 145 ( 4.82) Direction:  nPhase: 151 ( 2.49) Direction:  n
Phase: {0,0,0,0,0,0,0,0,0,0,0,0,0,0,0,0,0,0,0,0,0,0,0,0,0,0,0,0,0,0,0,0,0,0,0,0,0,0,0,0,0,0,0,0,0,0,0,0,0,0,0,0,0,0,0,0,0,0,0,0,0,0,0,0,0,0,0,0,0,0,0,0,0,0,0,0,0,0,0,0,0,0,0,0,0,0,0,0,0,0,0,0,0,0,0,1,0,2,0,2,7,8,15,13,16,18,31,48,32,58,69,91,131,107,159,235,219,322,323,362,417,489,513,513,621,665,737,816,907,935,1090,1315,1582,2410,2711,5103,4911,7679,10698,13502,14887,21082,24424,27671,29885,31436,32929,25647,28154,25039,20276,18425,13754,11738,6007,5767,4971,2908,2162,1471,1165,682,714,553,328,306,256,162,99,108,87,62,50,27,38,16,21,8,3,0,20,2,3,7,1,2,4,4,0,2,0,0,0,1,0,0,0,0,0,0,0,0,0,0,0,0,0,0,0,0,0,0,0,0,0,0,0,0,0,0,0,0,0,0,0,0,0,0,0,0,0,0,0,0,0,0,0,0,0,0,0,0,0,0,0,0,0,0,0,0,0,0,0,0,0,0,0,0,0,0,0,0,0,0,0,0,0,0,0,0,0,0,0,0,0,0,0,0,0,0,0,0,0,0,0,0,0,0,0,0,0,0,0,0,0,0,0,0,0,0,0,0,0,0,0,0,0,0,0,0,0,0,0,0,0,0,0,0,0,0,0,0,0,0,0,0,0,0,0,0,0,0,0,0,0,0,0,0,0,0,0,0,0,0,0,0,0,0,0,0,0,0,0,0,0,0,0,0,0,0}
Count:   7.1   7.1   7.5   6.7   7.8   6.2   7.2   6.8   7.4   7.0   7.1   6.6   7.4   7.0   7.8   6.9  12.8  12.3  14.0  13.0  13.1  12.2  13.8  12.6  14.3  14.2  14.1  14.0  13.5  12.8  14.1  13.4  13.4  14.5  15.0  12.9  14.1  13.9  14.3  12.5  13.5  13.8  13.9  13.1  14.0  12.7  14.3  13.6  13.2  13.8  13.5  13.0  14.1  13.3  12.9  13.2  13.9  12.8  14.6  13.0  14.0  13.5  13.6  13.7  14.6  13.6  14.5  13.9  14.6  13.9  13.8  14.7  14.2  14.2  14.8  14.4  14.8  14.4  14.1  14.5  14.4  14.2  13.5  14.5  14.0  14.0  13.8  13.9  13.0  13.6  13.1  13.5  13.3  13.6  13.4  14.1  13.1  13.8  13.9  13.5  13.0  14.0  12.5  12.1  12.4  13.0  12.7  12.4  13.1  12.6  11.6  12.7  11.5  12.3  11.4  11.6  11.5  12.1  12.1  12.5  11.1  12.7  11.3  11.7  11.4  12.5  11.6  11.6  11.4  12.7  11.4  12.5  10.9  13.2  11.5  11.9  11.8  13.1  13.4  14.5  13.0  13.9  13.0  14.2  13.4  14.3  13.6  14.4  14.0  15.9  12.7  15.0  13.8  14.8  13.8  15.3  13.6  14.4  13.4  14.8  13.0  13.9  14.0  14.7  13.6  15.0  12.9  14.3  13.8  15.0  14.0  14.8  13.7  15.0  13.8  14.3  13.7  15.0  13.6  14.8  13.7  14.6  13.8  14.0  13.3  14.0  13.4  14.5  13.2  14.2  13.8  15.0  13.3  15.5  13.5  15.1  13.3  13.7  13.0  14.5 
Direction:  n n n n n n n n n n n n n n n n n n n n n n n n n n n n n n n n n n n n n n n n n n n n n n n n n n n n n n n n n n n n n n n n n n n n n n n n n n n n n n n n n n n n n n n n n n n n n n n n n n n n n n n n n n n n n n n n n n n n n n n n n n n n n n n n n n n n n n n n n n n n n n n n n n n n n n n n n n n n n n n n n n n n n n n n n n n n n n n n n n n n n n n n n n n n n n n n n n n n n n n n

30.2: Count:  13.7 (  2.0) A:  11.9 [10-25] B:  21.0 [10-41] Phase: 144 ( 5.11) Direction:  n
Phase: {0,0,0,0,0,0,0,0,0,0,0,0,0,0,0,0,0,0,0,0,0,0,0,0,0,0,0,0,0,0,0,0,0,0,0,0,0,0,0,0,0,0,0,0,0,0,0,0,0,0,0,0,0,0,0,0,0,0,0,0,0,0,0,0,0,0,0,0,0,0,0,0,0,0,0,0,0,0,0,0,0,0,0,0,0,0,1,0,0,0,0,3,0,0,4,3,1,3,6,14,8,18,10,19,22,35,30,45,86,59,70,124,129,206,254,226,256,406,469,483,565,561,704,621,818,858,833,1120,1141,1537,1815,2408,2682,4523,4803,9289,8698,13204,16940,20601,21911,28111,30438,33063,32174,32742,31457,22338,23741,19627,14943,13114,9120,7491,3911,3831,3082,1705,1365,1000,708,440,483,417,254,212,127,160,72,101,91,47,18,21,36,27,33,13,15,3,21,2,4,1,4,0,0,2,3,0,2,0,0,0,0,0,0,0,0,0,0,0,0,0,0,0,0,0,0,0,0,0,0,0,0,0,0,0,0,0,0,0,0,0,0,0,0,0,0,0,0,0,0,0,0,0,0,0,0,0,0,0,0,0,0,0,0,0,0,0,0,0,0,0,0,0,0,0,0,0,0,0,0,0,0,0,0,0,0,0,0,0,0,0,0,0,0,0,0,0,0,0,0,0,0,0,0,0,0,0,0,0,0,0,0,0,0,0,0,0,0,0,0,0,0,0,0,0,0,0,0,0,0,0,0,0,0,0,0,0,0,0,0,0,0,0,0,0,0,0,0,0,0,0,0,0,0,0,0,0,0,0,0,0,0,0,0,0,0,0,0,0,0,0,0,0,0,0,0,0}
Count:   7.9   8.2   8.1   7.6   7.9   7.3   7.9   7.7   7.5   7.7   7.9   8.0   8.3   7.5   7.8   7.2  14.6  14.1  13.9  14.5  14.1  13.4  14.3  14.2  13.9  15.6  15.4  14.3  15.1  13.1  14.5  13.9  14.3  15.2  15.6  13.5  14.9  14.4  14.5  13.7  13.4  13.7  14.1  14.0  14.7  13.4  15.1  15.1  13.7  14.7  13.7  14.0  14.9  14.8  14.2  14.2  14.1  14.3  15.5  14.2  15.2  14.5  14.3  14.7  15.6  15.0  15.4  15.1  15.3  14.4  14.3  15.6  14.8  15.1  15.6  15.3  14.6  15.5  14.6  15.1  14.3  15.0  13.7  15.0  13.6  15.0  14.1  14.4  13.4  14.7  13.2  13.5  13.8  15.0  14.2  14.7  14.1  15.1  13.6  13.7  13.9  15.1  13.0  13.3  12.6  12.8  13.5  13.1  12.4  13.6  12.0  13.6  11.5  13.5  12.7  12.8  12.1  12.8  13.1  13.7  12.2  12.4  12.1  13.0  11.8  13.2  12.4  12.5  12.1  13.5  11.5  13.1  11.5  13.2  12.1  12.8  12.1  13.1  13.3  14.7  13.8  14.7  13.9  14.2  13.9  15.2  13.8  15.7  14.3  15.9  13.9  15.8  14.7  15.6  15.0  15.6  13.9  15.2  14.6  15.8  13.5  15.5  14.7  15.3  14.3  15.5  14.4  14.2  15.0  16.0  14.6  15.2  14.2  15.4  14.1  15.3  14.4  15.9  13.6  14.7  14.7  15.0  13.6  14.2  14.0  14.6  13.2  14.4  13.6  15.1  14.7  15.6  14.3  16.5  14.5  15.4  14.3  14.9  13.9  16.0 
Direction:  n n n n n n n n n n n n n n n n n n n n n n n n n n n n n n n n n n n n n n n n n n n n n n n n n n n n n n n n n n n n n n n n n n n n n n n n n n n n n n n n n n n n n n n n n n n n n n n n n n n n n n n n n n n n n n n n n n n n n n n n n n n n n n n n n n n n n n n n n n n n n n n n n n n n n n n n n n n n n n n n n n n n n n n n n n n n n n n n n n n n n n n n n n n n n n n n n n n n n n n n

30.3: Count:  14.6 (  2.1) A:  11.8 [10-23] B:  20.7 [10-36] Phase: 142 ( 4.66) Direction:  n
Phase: {0,0,0,0,0,0,0,0,0,0,0,0,0,0,0,0,0,0,0,0,0,0,0,0,0,0,0,0,0,0,0,0,0,0,0,0,0,0,0,0,0,0,0,0,0,0,0,0,0,0,0,0,0,0,0,0,0,0,0,0,0,0,0,0,0,0,0,0,0,0,0,0,0,0,0,0,0,0,0,0,0,0,0,0,0,0,0,0,1,0,5,0,0,2,0,5,0,0,4,1,5,10,11,30,21,43,41,63,105,83,99,130,159,215,275,344,269,545,494,611,673,665,948,809,1011,1101,1016,1317,1616,1966,2561,3499,4324,7085,8174,15047,14303,20878,25894,30035,29958,37129,38307,37394,34277,31521,27479,18573,17237,13101,8782,7399,4729,3762,1659,1613,1427,938,841,691,438,303,384,223,137,149,95,104,48,69,60,57,34,32,23,15,15,12,6,5,19,2,0,1,0,0,2,1,0,0,0,0,0,0,0,0,0,0,0,0,0,0,0,0,0,0,0,0,0,0,0,0,0,0,0,0,0,0,0,0,0,0,0,0,0,0,0,0,0,0,0,0,0,0,0,0,0,0,0,0,0,0,0,0,0,0,0,0,0,0,0,0,0,0,0,0,0,0,0,0,0,0,0,0,0,0,0,0,0,0,0,0,0,0,0,0,0,0,0,0,0,0,0,0,0,0,0,0,0,0,0,0,0,0,0,0,0,0,0,0,0,0,0,0,0,0,0,0,0,0,0,0,0,0,0,0,0,0,0,0,0,0,0,0,0,0,0,0,0,0,0,0,0,0,0,0,0,0,0,0,0,0,0,0,0,0,0,0,0,0,0,0,0,0,0,0,0,0,0,0}
Count:   8.8   9.1   9.2   8.9   8.5   8.6   8.8   8.2   8.6   8.4   8.4   8.6   8.5   8.4   9.0   8.0  15.1  15.3  15.3  15.9  15.4  15.0  14.9  15.0  15.6  15.7  17.0  16.2  16.3  14.4  15.6  14.7  16.2  16.7  16.4  14.5  16.0  15.7  16.6  14.3  14.5  15.1  16.5  14.9  15.6  14.4  16.3  16.3  15.0  15.9  15.3  15.2  15.7  15.5  14.0  15.6  15.3  15.9  15.3  16.0  15.6  15.2  15.5  16.8  16.5  16.6  16.8  16.0  15.4  16.2  15.6  16.9  15.9  16.4  15.2  16.5  14.8  16.4  14.4  16.0  14.2  16.3  14.7  15.6  14.2  15.8  15.4  15.2  14.7  15.5  13.6  14.9  14.9  15.4  15.6  15.8  14.2  16.7  15.0  15.3  14.5  15.5  13.8  14.5  13.1  13.3  14.2  14.2  13.7  14.9  13.0  14.6  13.2  13.9  13.8  13.6  13.6  13.2  13.5  14.7  12.8  12.8  13.3  14.5  12.5  14.1  12.5  14.0  13.0  14.1  12.2  14.1  12.5  14.5  12.9  13.8  13.5  14.3  14.7  15.7  14.6  16.2  15.8  15.5  14.4  15.7  15.8  16.4  14.3  16.8  14.4  15.6  15.7  16.2  16.2  16.0  15.4  16.4  15.6  15.5  14.7  17.2  15.8  16.7  14.9  15.9  15.1  16.1  15.1  16.3  15.1  16.2  15.3  16.2  15.3  16.4  14.9  16.4  15.2  15.8  15.4  16.4  14.6  15.1  15.1  15.7  14.2  15.1  14.8  14.8  16.6  16.2  14.9  16.3  15.5  16.7  14.2  15.3  14.7  17.0 
Direction:  n n n n n n n n n n n n n n n n n n n n n n n n n n n n n n n n n n n n n n n n n n n n n n n n n n n n n n n n n n n n n n n n n n n n n n n n n n n n n n n n n n n n n n n n n n n n n n n n n n n n n n n n n n n n n n n n n n n n n n n n n n n n n n n n n n n n n n n n n n n n n n n n n n n n n n n n n n n n n n n n n n n n n n n n n n n n n n n n n n n n n n n n n n n n n n n n n n n n n n n n

30.4: Count:  15.7 (  2.2) A:  11.9 [10-23] B:  20.8 [10-39] Phase: 140 ( 4.55) Direction:  n
Phase: {0,0,0,0,0,0,0,0,0,0,0,0,0,0,0,0,0,0,0,0,0,0,0,0,0,0,0,0,0,0,0,0,0,0,0,0,0,0,0,0,0,0,0,0,0,0,0,0,0,0,0,0,0,0,0,0,0,0,0,0,0,0,0,0,0,0,0,0,0,0,0,0,0,0,0,0,0,0,0,0,0,0,0,0,0,0,0,0,0,0,0,0,0,0,6,0,2,4,10,9,10,12,22,33,8,18,41,78,89,97,125,142,211,289,391,385,358,688,653,772,929,928,1147,986,1136,1423,1681,2057,2616,3315,4547,6884,8573,13256,15062,26073,23765,33131,38430,41215,38705,42380,39888,34701,28434,24151,18218,11142,10111,7068,4212,3641,2352,1954,1106,1082,1014,645,548,454,382,182,257,195,120,121,109,109,71,61,39,18,21,17,15,2,6,4,2,3,4,1,2,0,6,1,0,0,0,1,0,0,0,0,0,0,0,0,0,0,0,0,0,0,0,0,0,0,0,0,0,0,0,0,0,0,0,0,0,0,0,0,0,0,0,0,0,0,0,0,0,0,0,0,0,0,0,0,0,0,0,0,0,0,0,0,0,0,0,0,0,0,0,0,0,0,0,0,0,0,0,0,0,0,0,0,0,0,0,0,0,0,0,0,0,0,0,0,0,0,0,0,0,0,0,0,0,0,0,0,0,0,0,0,0,0,0,0,0,0,0,0,0,0,0,0,0,0,0,0,0,0,0,0,0,0,0,0,0,0,0,0,0,0,0,0,0,0,0,0,0,0,0,0,0,0,0,0,0,0,0,0,0,0,0,0,0,0,0,0,0,0,0,0,0,0,0,0,0,0}
Count:  10.0   9.9  10.3   9.7  10.0   9.8   9.8   9.2   9.2   9.0   9.1   9.1   9.4   9.9   9.9   9.8  15.6  17.1  16.0  17.2  16.6  16.1  16.3  16.5  16.4  17.2  17.9  17.5  17.2  15.0  16.9  16.3  17.9  18.0  17.8  15.6  17.3  16.0  17.1  14.7  15.6  16.2  17.5  16.2  17.3  15.0  17.5  18.0  15.9  17.3  16.0  17.4  16.6  17.2  14.7  17.4  16.0  17.3  17.2  17.1  16.8  16.9  16.5  17.9  17.0  17.4  18.0  17.0  17.1  17.6  17.2  18.1  17.7  17.4  15.7  17.2  15.7  17.2  14.9  17.2  15.9  17.0  15.4  16.3  15.2  17.1  16.8  16.7  15.5  16.5  15.0  16.3  15.5  16.5  15.8  16.6  15.7  17.8  15.5  16.3  15.9  16.1  14.2  15.6  13.9  14.3  15.3  15.5  13.8  16.2  13.7  15.0  13.9  15.3  14.8  14.5  14.0  13.7  14.2  15.9  14.9  13.9  13.6  14.3  13.5  15.4  14.5  15.6  13.4  15.1  13.2  15.4  12.9  15.3  14.2  14.8  15.1  14.9  15.1  16.7  16.0  16.8  15.9  16.3  14.9  16.8  16.9  17.8  15.4  18.0  15.3  17.3  16.8  18.1  17.1  17.4  16.3  16.8  15.9  17.0  16.3  18.3  16.7  18.4  16.0  18.2  16.9  17.6  17.0  17.5  16.6  17.9  16.5  18.4  16.5  17.8  16.2  17.7  15.5  16.7  16.7  17.4  16.3  16.1  16.4  16.9  16.4  16.4  15.7  15.9  17.7  17.0  16.4  17.6  16.7  18.3  15.6  16.3  14.9  18.3 
Direction:  n n n n n n n n n n n n n n n n n n n n n n n n n n n n n n n n n n n n n n n n n n n n n n n n n n n n n n n n n n n n n n n n n n n n n n n n n n n n n n n n n n n n n n n n n n n n n n n n n n n n n n n n n n n n n n n n n n n n n n n n n n n n n n n n n n n n n n n n n n n n n n n n n n n n n n n n n n n n n n n n n n n n n n n n n n n n n n n n n n n n n n n n n n n n n n n n n n n n n n n n

30.5: Count:  17.0 (  2.1) A:  12.2 [10-24] B:  21.0 [10-38] Phase: 139 ( 4.39) Direction:  nPhase: 131 ( 2.13) Direction:  nPhase: 135 ( 0.23) Direction:  n
Phase: {0,0,0,0,0,0,0,0,0,0,0,0,0,0,0,0,0,0,0,0,0,0,0,0,0,0,0,0,0,0,0,0,0,0,0,0,0,0,0,0,0,0,0,0,0,0,0,0,0,0,0,0,0,0,0,0,0,0,0,0,0,0,0,0,0,0,0,0,0,0,0,0,0,0,0,0,0,0,0,0,0,0,0,0,0,0,0,0,0,0,7,0,0,0,1,3,21,9,19,6,34,42,8,33,38,61,64,87,115,86,130,243,347,349,408,463,419,864,769,982,1076,1372,1517,1503,1916,2493,2890,4219,5518,7431,9759,13677,16629,23592,25083,38509,33203,42922,44173,44281,38127,37957,33312,27003,20492,16178,12266,7369,6217,4427,2870,2312,1697,1493,773,935,750,583,448,390,256,153,219,164,112,104,87,60,45,57,31,22,25,23,18,8,9,18,0,1,6,0,1,2,3,2,2,0,0,0,0,0,0,0,0,0,0,0,0,0,0,0,0,0,0,0,0,0,0,0,0,0,0,0,0,0,0,0,0,0,0,0,0,0,0,0,0,0,0,0,0,0,0,0,0,0,0,0,0,0,0,0,0,0,0,0,0,0,0,0,0,0,0,0,0,0,0,0,0,0,0,0,0,0,0,0,0,0,0,0,0,0,0,0,0,0,0,0,0,0,0,0,0,0,0,0,0,0,0,0,0,0,0,0,0,0,0,0,0,0,0,0,0,0,0,0,0,0,0,0,0,0,0,0,0,0,0,0,0,0,0,0,0,0,0,0,0,0,0,0,0,0,0,0,0,0,0,0,0,0,0,0,0,0,0,0,0,0,0,0,0,0,0,0,0,0,0,0,0,0}
Count:  11.2  11.9  11.3  11.2  12.0  11.5  11.0  10.6  10.3  10.8  11.1  10.6  10.6  11.3  11.4  10.5  16.9  17.8  16.3  17.8  16.8  17.3  16.7  17.7  17.4  17.9  20.0  18.8  18.9  15.8  18.6  17.7  18.7  20.0  18.7  17.2  18.6  17.8  18.0  16.6  17.8  16.4  18.4  17.4  17.9  16.6  19.3  19.2  17.0  18.0  16.1  18.3  16.7  18.9  16.2  17.8  17.1  18.3  18.1  18.6  17.5  17.1  17.8  19.9  18.2  19.3  19.4  19.3  18.5  18.3  18.4  19.2  19.0  18.1  16.9  19.4  17.2  17.9  16.7  18.2  17.3  17.9  17.0  17.9  16.3  18.2  17.2  18.0  16.5  17.4  16.3  17.6  17.7  18.9  17.0  18.0  17.0  19.2  16.5  16.9  16.8  17.2  16.1  17.2  15.5  15.4  16.1  16.8  15.5  17.2  14.9  16.0  15.7  15.8  15.9  15.1  15.2  14.8  14.9  17.3  15.7  15.2  14.9  15.7  14.4  16.1  16.1  16.8  14.2  15.8  14.2  16.1  13.2  15.8  15.0  16.2  16.2  16.0  16.4  17.6  17.2  17.3  17.5  18.4  16.2  17.7  17.3  19.0  16.8  19.4  16.9  18.3  18.5  19.1  18.6  18.5  17.1  18.2  18.0  19.0  18.2  19.7  18.1  19.4  18.0  19.2  18.3  18.9  18.3  18.5  18.3  19.1  18.0  19.7  17.6  19.2  18.0  19.1  17.1  17.5  18.0  18.9  18.2  17.3  17.5  17.2  17.5  17.5  17.1  16.9  18.2  18.1  17.4  19.1  18.5  18.9  16.9  17.2  16.4  20.1 
Direction:  n n n n n n n n n n n n n n n n n n n n n n n n n n n n n n n n n n n n n n n n n n n n n n n n n n n n n n n n n n n n n n n n n n n n n n n n n n n n n n n n n n n n n n n n n n n n n n n n n n n n n n n n n n n n n n n n n n n n n n n n n n n n n n n n n n n n n n n n n n n n n n n n n n n n n n n n n n n n n n n n n n n n n n n n n n n n n n n n n n n n n n n n n n n n n n n n n n n n n n n n

30.6: Count:  18.3 (  2.0) A:  12.5 [10-24] B:  21.2 [10-38] Phase: 137 ( 5.11) Direction:  nPhase: 135 ( 0.23) Direction:  nPhase: 135 ( 0.24) Direction:  n
Phase: {0,0,0,0,0,0,0,0,0,0,0,0,0,0,0,0,0,0,0,0,0,0,0,0,0,0,0,0,0,0,0,0,0,0,0,0,0,0,0,0,0,0,0,0,0,0,0,0,0,0,0,0,0,0,0,0,0,0,0,0,0,0,0,0,0,0,0,0,0,0,0,0,0,0,0,0,0,0,0,0,0,0,0,1,0,0,0,4,0,0,12,1,1,0,12,9,3,8,11,19,23,19,17,33,62,82,72,133,185,146,233,258,350,430,552,610,672,1045,1167,1434,1574,1670,2147,2426,3434,4395,5509,7623,10426,13125,15928,22101,25754,32934,32187,47105,38931,46403,44874,42865,34659,33009,27482,21487,16086,11771,8462,5242,4728,2884,2271,1934,1357,1228,623,678,602,409,361,269,303,154,158,126,84,111,73,93,35,34,36,28,44,22,13,7,7,2,1,0,5,1,0,0,0,0,0,0,1,0,0,0,0,0,0,0,0,0,0,0,0,0,0,0,0,0,0,0,0,0,0,0,0,0,0,0,0,0,0,0,0,0,0,0,0,0,0,0,0,0,0,0,0,0,0,0,0,0,0,0,0,0,0,0,0,0,0,0,0,0,0,0,0,0,0,0,0,0,0,0,0,0,0,0,0,0,0,0,0,0,0,0,0,0,0,0,0,0,0,0,0,0,0,0,0,0,0,0,0,0,0,0,0,0,0,0,0,0,0,0,0,0,0,0,0,0,0,0,0,0,0,0,0,0,0,0,0,0,0,0,0,0,0,0,0,0,0,0,0,0,0,0,0,0,0,0,0,0,0,0,0,0,0,0,0,0,0,0,0,0,0,0,0,0,0,0,0,0,0,0}
Count:  13.3  13.8  13.7  13.3  13.7  12.8  12.6  12.5  12.6  12.9  12.9  12.1  12.6  13.6  13.6  11.3  18.1  19.8  17.8  19.1  17.8  18.2  17.4  19.4  18.4  19.1  20.9  20.4  20.1  17.2  20.0  19.2  19.9  21.3  19.5  18.4  20.3  19.7  19.0  18.0  19.8  18.3  20.6  18.5  19.4  17.7  20.4  20.6  18.9  18.9  17.0  19.0  17.3  19.7  16.7  19.6  18.2  19.4  19.4  19.7  18.5  19.4  18.0  20.1  18.7  20.2  20.7  20.1  19.4  19.4  20.2  20.2  19.3  19.4  18.5  20.0  18.8  19.1  18.2  19.2  18.4  19.1  18.1  18.7  17.5  19.6  18.6  19.2  18.8  18.3  17.2  18.4  18.2  19.1  18.7  19.0  18.7  20.5  17.7  18.7  18.6  18.0  17.9  18.2  16.6  16.3  18.2  18.2  16.7  18.7  15.2  17.4  16.2  17.2  16.6  17.4  16.7  16.4  15.5  18.2  16.9  16.8  16.1  16.2  15.7  17.3  17.0  17.5  16.0  16.7  14.5  17.7  15.5  17.2  16.0  17.8  17.8  17.2  18.4  18.8  18.6  18.8  18.5  20.4  18.2  19.0  18.4  20.6  17.6  21.2  18.0  19.1  20.3  20.3  20.4  19.2  18.8  19.5  18.8  20.0  18.8  20.6  19.3  20.7  18.8  20.8  20.3  19.9  19.5  20.1  19.6  20.7  19.0  20.1  18.7  20.3  19.0  20.3  17.8  19.3  19.7  20.5  19.4  19.3  19.2  19.1  18.3  19.4  19.2  18.5  19.6  18.9  19.2  20.1  19.8  19.8  17.6  18.7  17.5  21.1 
Direction:  n n n n n n n n n n n n n n n n n n n n n n n n n n n n n n n n n n n n n n n n n n n n n n n n n n n n n n n n n n n n n n n n n n n n n n n n n n n n n n n n n n n n n n n n n n n n n n n n n n n n n n n n n n n n n n n n n n n n n n n n n n n n n n n n n n n n n n n n n n n n n n n n n n n n n n n n n n n n n n n n n n n n n n n n n n n n n n n n n n n n n n n n n n n n n n n n n n n n n n n n

30.7: Count:  19.6 (  2.1) A:  12.7 [10-24] B:  21.2 [10-38] Phase: 136 ( 4.34) Direction:  nPhase: 128 ( 2.71) Direction:  n
Phase: {0,0,0,0,0,0,0,0,0,0,0,0,0,0,0,0,0,0,0,0,0,0,0,0,0,0,0,0,0,0,0,0,0,0,0,0,0,0,0,0,0,0,0,0,0,0,0,0,0,0,0,0,0,0,0,0,0,0,0,0,0,0,0,0,0,0,0,0,0,0,0,0,0,0,0,0,0,0,0,0,0,4,0,0,0,0,0,0,0,0,1,1,0,10,2,13,26,23,20,21,23,73,34,18,58,100,102,147,179,172,250,386,460,606,784,974,828,1352,1516,1980,2026,2447,3204,3365,4706,6353,8219,12033,15875,20057,22973,32518,37714,43427,42307,59995,45918,50826,45161,39445,29698,25822,19490,14085,9721,6792,4769,3161,2492,1826,1296,1060,847,781,417,465,414,270,224,193,169,122,140,148,122,60,62,54,35,37,18,35,20,9,11,20,9,0,3,0,2,0,0,2,0,0,0,0,0,0,0,0,0,0,0,0,0,0,0,0,0,0,0,0,0,0,0,0,0,0,0,0,0,0,0,0,0,0,0,0,0,0,0,0,0,0,0,0,0,0,0,0,0,0,0,0,0,0,0,0,0,0,0,0,0,0,0,0,0,0,0,0,0,0,0,0,0,0,0,0,0,0,0,0,0,0,0,0,0,0,0,0,0,0,0,0,0,0,0,0,0,0,0,0,0,0,0,0,0,0,0,0,0,0,0,0,0,0,0,0,0,0,0,0,0,0,0,0,0,0,0,0,0,0,0,0,0,0,0,0,0,0,0,0,0,0,0,0,0,0,0,0,0,0,0,0,0,0,0,0,0,0,0,0,0,0,0,0,0,0,0,0,0,0,0,0,0,0,0,0}
Count:  15.2  14.3  15.0  14.3  14.7  14.6  13.3  13.9  13.9  13.6  13.9  14.0  13.4  14.9  14.7  13.6  19.2  20.4  19.3  19.9  19.5  19.4  18.6  20.9  19.7  20.2  22.7  21.6  21.3  18.3  21.8  20.2  21.9  22.3  21.2  19.5  20.7  20.9  20.2  19.5  21.0  19.7  22.1  20.4  20.8  19.5  21.9  21.7  19.9  20.4  17.7  20.5  18.1  21.0  17.9  20.3  19.3  20.8  20.1  21.2  19.5  19.8  19.2  21.4  20.0  22.3  22.1  21.8  20.9  20.8  21.9  20.4  20.7  21.2  19.5  22.0  20.3  20.1  19.7  21.0  20.1  20.7  19.7  20.8  19.0  20.8  19.9  20.7  19.7  20.1  18.2  19.5  19.1  20.9  20.5  20.2  20.7  21.4  19.2  19.5  19.6  19.4  19.3  19.4  18.1  17.6  19.1  20.0  18.4  19.9  17.1  18.0  17.9  19.2  17.4  18.6  18.3  17.0  16.6  20.0  17.9  17.5  17.5  17.2  17.5  18.9  18.2  18.7  17.5  18.5  15.9  18.9  16.8  18.0  17.3  18.9  18.8  17.4  19.3  19.9  19.5  19.5  20.0  22.4  19.3  20.7  19.1  22.7  19.7  22.3  19.1  21.1  21.0  21.9  21.6  19.7  20.1  20.5  20.8  22.1  20.5  22.0  21.4  22.3  20.9  22.1  21.5  21.8  20.6  20.6  20.6  22.3  20.8  21.2  20.6  21.6  20.5  21.0  19.7  20.4  20.9  21.4  20.2  20.6  21.1  20.3  19.2  20.1  20.6  20.3  20.8  20.5  19.6  21.7  21.3  20.4  19.1  19.9  18.6  21.9 
Direction:  n n n n n n n n n n n n n n n n n n n n n n n n n n n n n n n n n n n n n n n n n n n n n n n n n n n n n n n n n n n n n n n n n n n n n n n n n n n n n n n n n n n n n n n n n n n n n n n n n n n n n n n n n n n n n n n n n n n n n n n n n n n n n n n n n n n n n n n n n n n n n n n n n n n n n n n n n n n n n n n n n n n n n n n n n n n n n n n n n n n n n n n n n n n n n n n n n n n n n n n n

30.8: Count:  20.7 (  2.0) A:  13.0 [10-24] B:  21.6 [10-39] Phase: 135 ( 4.26) Direction:  nPhase: 127 ( 2.78) Direction:  n
Phase: {0,0,0,0,0,0,0,0,0,0,0,0,0,0,0,0,0,0,0,0,0,0,0,0,0,0,0,0,0,0,0,0,0,0,0,0,0,0,0,0,0,0,0,0,0,0,0,0,0,0,0,0,0,0,0,0,0,0,0,0,0,0,0,0,0,0,0,0,0,0,0,0,0,0,0,0,0,0,0,0,0,1,0,0,1,0,0,0,1,0,15,6,10,5,19,27,4,23,21,45,30,64,40,65,62,85,103,191,248,235,418,533,730,799,1198,1121,1084,1903,1881,2584,2865,3177,4169,4632,6842,8748,11226,15888,22098,26677,30847,41646,47264,51831,48864,63322,47322,49213,40803,34816,25055,20290,14767,10255,6855,4993,3255,2072,1790,1205,920,697,530,499,277,399,349,212,214,197,210,112,96,107,69,116,83,48,34,11,18,13,32,6,9,32,9,3,0,0,4,1,4,7,0,0,0,0,0,0,0,0,0,0,0,0,0,0,0,0,0,0,0,0,0,0,0,0,0,0,0,0,0,0,0,0,0,0,0,0,0,0,0,0,0,0,0,0,0,0,0,0,0,0,0,0,0,0,0,0,0,0,0,0,0,0,0,0,0,0,0,0,0,0,0,0,0,0,0,0,0,0,0,0,0,0,0,0,0,0,0,0,0,0,0,0,0,0,0,0,0,0,0,0,0,0,0,0,0,0,0,0,0,0,0,0,0,0,0,0,0,0,0,0,0,0,0,0,0,0,0,0,0,0,0,0,0,0,0,0,0,0,0,0,0,0,0,0,0,0,0,0,0,0,0,0,0,0,0,0,0,0,0,0,0,0,0,0,0,0,0,0,0,0,0,0,0,0,0,0}
Count:  15.7  16.9  16.0  15.4  16.8  16.0  15.2  16.1  15.0  15.0  16.0  15.3  15.1  16.0  16.2  14.9  20.5  21.8  19.8  20.8  20.3  21.5  20.0  22.0  20.1  20.4  24.1  23.4  22.7  19.1  23.0  21.5  22.9  23.5  22.2  20.9  22.3  22.1  21.6  19.9  22.3  21.2  23.6  21.9  22.5  20.4  23.3  23.1  20.3  21.6  18.8  21.4  19.0  21.8  18.6  21.4  20.7  21.6  21.7  21.7  21.0  21.3  19.7  23.1  21.5  23.3  22.7  23.2  22.8  21.6  23.4  22.4  23.0  22.2  21.0  21.8  21.7  21.9  21.2  22.1  21.7  21.9  20.7  22.1  19.7  22.2  20.6  21.7  21.2  21.0  19.4  20.3  20.3  22.0  21.4  21.4  21.0  22.4  20.7  21.1  20.8  19.5  20.5  20.5  19.8  19.2  20.0  21.6  19.3  21.2  19.3  19.0  19.8  19.8  19.5  19.6  19.3  18.5  17.4  20.5  19.8  18.9  17.7  18.6  18.7  20.0  19.7  19.8  18.9  19.2  16.7  19.3  17.6  19.2  18.0  19.6  19.1  18.3  20.5  20.8  20.7  20.2  21.5  22.9  21.0  22.6  20.2  23.6  20.5  22.8  21.2  22.3  21.9  23.4  23.0  20.9  21.8  21.7  21.9  22.5  21.3  22.9  22.6  23.6  22.3  23.2  22.7  22.8  21.5  22.2  22.2  23.0  21.9  22.6  21.3  22.3  21.6  22.2  20.7  21.2  22.0  22.7  21.6  22.2  21.7  21.2  20.0  21.2  21.5  21.5  22.1  21.7  21.1  22.3  22.3  21.8  19.9  21.1  19.8  23.0 
Direction:  n n n n n n n n n n n n n n n n n n n n n n n n n n n n n n n n n n n n n n n n n n n n n n n n n n n n n n n n n n n n n n n n n n n n n n n n n n n n n n n n n n n n n n n n n n n n n n n n n n n n n n n n n n n n n n n n n n n n n n n n n n n n n n n n n n n n n n n n n n n n n n n n n n n n n n n n n n n n n n n n n n n n n n n n n n n n n n n n n n n n n n n n n n n n n n n n n n n n n n n n

30.9: Count:  21.7 (  1.9) A:  13.4 [10-25] B:  22.1 [10-39] Phase: 134 ( 4.55) Direction:  nPhase: 135 ( 0.23) Direction:  nPhase: 135 ( 0.23) Direction:  n
Phase: {0,0,0,0,0,0,0,0,0,0,0,0,0,0,0,0,0,0,0,0,0,0,0,0,0,0,0,0,0,0,0,0,0,0,0,0,1,0,0,0,0,0,0,0,0,0,0,0,0,0,0,0,0,0,0,0,1,0,0,0,0,0,0,0,0,0,0,0,0,0,0,0,0,0,0,0,0,0,0,0,0,1,0,0,1,9,2,0,8,7,27,4,32,4,8,25,37,19,21,76,49,109,72,108,119,233,212,371,437,397,745,805,1158,1203,1475,1685,1548,2569,2580,2869,3060,3829,5115,5857,8236,11469,14755,19802,26521,33544,36929,47180,53686,56590,51886,66028,48657,46624,39331,31191,22315,17590,12611,8014,5391,3647,2637,1474,1254,917,640,490,482,472,186,262,256,233,167,236,157,83,118,192,86,72,51,39,50,48,40,15,23,9,11,7,3,9,0,1,1,2,0,0,0,0,0,0,0,0,0,0,0,0,0,0,0,0,0,0,0,0,0,0,0,0,0,0,0,0,0,0,0,0,0,0,0,0,0,0,0,0,0,0,0,0,0,0,0,0,0,0,0,0,0,0,0,0,0,0,0,0,0,0,0,0,0,0,0,0,0,0,0,0,0,0,0,0,0,0,0,0,0,0,0,0,0,0,0,0,0,0,0,0,0,0,0,0,0,0,0,0,0,0,0,0,0,0,0,0,0,0,0,0,0,0,0,0,0,0,0,0,0,0,0,0,0,0,0,0,0,0,0,0,0,0,0,0,0,0,0,0,0,0,0,0,0,0,0,0,0,0,0,0,0,0,0,0,0,0,0,0,0,0,0,0,0,0,0,0,0,0,0,0,0,0,0,0,0,0}
Count:  18.0  18.5  17.9  17.5  17.7  17.4  16.2  16.9  16.4  16.8  16.4  16.4  16.8  17.7  17.7  16.7  21.1  22.4  20.6  22.2  21.6  22.3  20.3  23.8  20.9  21.1  24.0  23.7  23.4  20.2  23.7  22.7  23.9  24.2  23.1  22.2  23.0  23.9  23.1  21.2  23.8  22.7  24.4  22.1  22.7  21.3  24.5  23.9  21.4  22.4  19.7  22.8  20.0  22.8  19.6  22.2  21.1  22.1  21.9  22.6  22.2  22.2  21.1  23.5  23.0  24.3  24.7  24.3  23.3  22.7  24.3  23.4  23.2  23.4  21.9  22.8  22.3  22.2  22.3  22.8  22.4  22.6  21.5  23.1  21.6  23.0  22.1  22.6  21.8  22.7  20.7  21.5  21.8  23.1  22.8  23.0  22.1  23.1  21.9  22.2  21.8  21.0  22.0  20.9  20.0  20.7  21.7  22.6  20.7  21.3  20.3  19.7  20.5  20.9  20.1  21.0  20.4  19.6  18.5  21.8  20.9  20.2  19.4  20.0  19.9  21.4  20.6  21.0  19.8  19.3  18.0  20.5  18.9  19.5  19.3  21.0  20.2  18.9  21.4  21.9  21.4  20.7  21.8  23.5  21.6  23.2  21.4  24.1  21.3  24.2  22.1  23.3  23.0  24.5  24.0  21.1  22.2  22.2  22.2  23.0  23.1  23.4  24.3  24.5  22.3  23.8  23.0  24.2  22.4  22.5  23.2  23.4  22.6  23.9  21.7  23.2  23.2  23.3  21.7  22.3  22.8  23.4  22.6  22.7  22.5  22.2  20.5  22.3  22.4  21.7  22.6  21.9  22.2  23.2  23.0  22.9  20.9  22.4  20.5  23.8 
Direction:  n n n n n n n n n n n n n n n n n n n n n n n n n n n n n n n n n n n n n n n n n n n n n n n n n n n n n n n n n n n n n n n n n n n n n n n n n n n n n n n n n n n n n n n n n n n n n n n n n n n n n n n n n n n n n n n n n n n n n n n n n n n n n n n n n n n n n n n n n n n n n n n n n n n n n n n n n n n n n n n n n n n n n n n n n n n n n n n n n n n n n n n n n n n n n n n n n n n n n n n n

31.0: Count:  22.6 (  1.8) A:  13.8 [10-26] B:  22.8 [10-40] Phase: 133 ( 4.30) Direction:  n
Phase: {0,0,0,0,0,0,0,0,0,0,0,0,0,0,0,0,0,0,0,0,0,0,0,0,0,0,0,0,0,0,0,0,0,0,0,0,0,0,0,0,0,0,0,0,0,0,0,0,0,0,0,0,0,0,0,0,0,0,0,0,0,0,0,0,0,0,0,0,0,2,0,0,0,0,1,0,0,0,0,4,8,0,0,0,8,13,0,2,1,11,53,14,17,16,20,27,82,45,64,105,85,107,109,182,274,317,364,607,741,664,994,1039,1302,1784,1837,2246,2072,2675,2796,2964,3477,4200,5445,5898,9398,13233,17154,23362,30727,40263,44648,55419,62286,65864,57207,68198,49070,44031,34465,26153,17568,12396,8065,5550,3001,2277,1396,815,862,586,425,351,354,390,184,281,233,192,212,154,162,120,120,99,70,94,65,35,37,38,29,8,6,7,6,5,17,5,7,0,0,0,0,0,0,0,0,0,0,0,0,0,0,0,0,0,0,0,0,0,0,0,0,0,0,0,0,0,0,0,0,0,0,0,0,0,0,0,0,0,0,0,0,0,0,0,0,0,0,0,0,0,0,0,0,0,0,0,0,0,0,0,0,0,0,0,0,0,0,0,0,0,0,0,0,0,0,0,0,0,0,0,0,0,0,0,0,0,0,0,0,0,0,0,0,0,0,0,0,0,0,0,0,0,0,0,0,0,0,0,0,0,0,0,0,0,0,0,0,0,0,0,0,0,0,0,0,0,0,0,0,0,0,0,0,0,0,0,0,0,0,0,0,0,0,0,0,0,0,0,0,0,0,0,0,0,0,0,0,0,0,0,0,0,0,0,0,0,0,0,0,0,0,0,0,0,0,0,0,0}
Count:  19.2  19.8  19.0  19.1  19.8  18.6  17.7  18.3  18.5  17.8  18.2  18.8  18.4  19.6  19.2  17.9  22.1  23.8  21.7  23.0  22.3  23.3  21.5  24.5  22.1  22.1  24.7  24.5  24.2  21.5  24.2  23.3  25.1  24.1  23.7  23.3  24.4  25.6  23.7  21.9  25.4  23.6  25.4  22.9  23.7  22.4  25.0  24.4  22.3  23.7  20.4  23.1  20.7  23.6  21.0  22.9  21.9  22.9  22.9  23.8  23.5  23.2  22.5  24.3  23.2  24.8  25.3  25.1  25.1  23.8  25.4  23.9  24.9  23.9  23.3  23.7  23.5  23.5  23.3  23.4  22.6  23.4  22.8  23.4  22.6  23.8  22.8  24.3  22.3  23.7  22.0  22.8  21.7  23.6  24.5  23.9  23.4  23.5  23.4  22.8  23.4  21.1  23.4  21.8  21.2  21.3  22.1  23.1  22.3  22.1  21.4  21.1  22.0  22.2  20.9  21.0  20.7  20.0  19.8  22.0  21.6  20.9  20.5  20.8  21.0  21.8  21.2  21.7  21.4  20.6  19.3  21.1  19.9  20.6  20.5  21.8  21.1  19.4  22.3  22.6  22.1  22.1  22.7  23.9  22.3  24.5  21.5  25.5  22.5  25.5  23.5  24.2  23.5  25.8  25.1  21.1  23.8  22.6  23.9  23.9  24.0  24.1  24.9  25.3  23.1  25.1  23.8  23.9  23.4  23.6  24.4  23.9  23.0  24.8  22.0  23.7  24.3  24.1  22.2  23.0  24.2  24.0  23.3  23.2  23.4  22.9  21.4  22.5  23.4  22.3  22.9  22.7  23.2  24.4  24.4  23.4  21.4  23.5  22.2  24.6 
Direction:  n n n n n n n n n n n n n n n n n n n n n n n n n n n n n n n n n n n n n n n n n n n n n n n n n n n n n n n n n n n n n n n n n n n n n n n n n n n n n n n n n n n n n n n n n n n n n n n n n n n n n n n n n n n n n n n n n n n n n n n n n n n n n n n n n n n n n n n n n n n n n n n n n n n n n n n n n n n n n n n n n n n n n n n n n n n n n n n n n n n n n n n n n n n n n n n n n n n n n n n n

31.1: Count:  23.4 (  1.7) A:  14.3 [10-26] B:  23.9 [10-41] Phase: 133 ( 3.63) Direction:  nPhase: 127 ( 2.18) Direction:  n
Phase: {0,0,0,0,0,0,0,0,0,0,0,0,0,0,0,0,0,0,0,0,0,0,0,0,0,0,0,0,0,0,0,0,0,0,0,0,0,0,0,0,0,0,0,0,0,0,0,0,0,0,0,0,0,0,0,0,0,0,0,0,0,0,0,0,0,7,0,0,0,0,1,0,0,0,0,0,3,0,1,1,5,0,3,6,16,5,17,5,4,6,81,54,20,49,114,72,128,97,136,170,195,259,217,311,383,455,568,851,1038,932,1353,1686,1924,2142,2192,2452,2240,3211,3069,3459,4116,4889,6589,7904,11964,16691,22107,30093,39857,49202,55019,64473,68655,71434,58320,62121,44022,36424,26564,18315,11459,7780,4879,3024,1949,1211,915,502,534,427,416,305,341,330,179,338,313,231,223,218,120,78,71,134,39,121,61,34,19,22,24,28,11,14,4,12,4,0,0,0,0,0,0,0,0,0,0,1,0,0,0,0,0,0,0,0,0,0,0,0,0,0,0,0,0,0,0,0,0,0,0,0,0,0,0,0,0,0,0,0,0,0,0,0,0,0,0,0,0,0,0,0,0,0,0,0,0,0,0,0,0,0,0,0,0,0,0,0,0,0,0,0,0,0,0,0,0,0,0,0,0,0,0,0,0,0,0,0,0,0,0,0,0,0,0,0,0,0,0,0,0,0,0,0,0,0,0,0,0,0,0,0,0,0,0,0,0,0,0,0,0,0,0,0,0,0,0,0,0,0,0,0,0,0,0,0,0,0,0,0,0,0,0,0,0,0,0,0,0,0,0,0,0,0,0,0,0,0,0,0,0,0,0,0,0,0,0,0,0,0,0,0,0,0,0,0,0,0,0,0}
Count:  20.7  21.2  20.0  20.1  20.7  20.9  18.9  19.9  19.4  18.9  19.3  19.2  20.3  20.6  20.3  20.0  23.2  24.5  22.1  23.4  22.4  24.7  22.3  26.3  22.8  22.6  25.3  25.3  24.4  22.5  24.9  23.8  26.0  25.4  24.4  24.0  24.5  25.7  23.8  21.8  26.5  24.4  25.8  24.1  24.2  23.6  26.5  24.7  22.8  23.7  21.2  23.4  21.4  24.3  21.2  23.1  22.9  24.0  23.3  23.8  24.6  23.5  23.8  24.6  24.9  25.5  26.4  25.0  25.0  24.3  26.1  25.6  25.5  24.6  24.1  23.9  23.6  24.1  23.9  24.5  23.9  23.9  22.9  24.6  23.0  24.2  23.3  24.6  22.8  24.1  23.1  23.5  22.9  24.7  24.9  24.1  24.2  24.5  24.3  24.1  24.2  21.6  24.5  22.8  22.5  21.6  24.2  23.9  24.2  22.9  22.8  22.1  23.2  23.4  21.8  21.4  22.7  20.4  20.9  22.5  22.9  21.9  21.5  22.1  21.9  22.5  22.0  22.5  21.9  20.3  19.9  21.6  20.3  21.0  20.7  21.9  21.6  19.9  23.8  23.3  23.4  22.5  23.7  24.6  22.8  25.4  22.1  26.2  22.9  26.3  24.6  25.0  24.6  26.2  25.6  21.4  24.8  23.2  24.5  24.8  24.7  25.2  25.8  25.7  24.0  25.4  24.2  25.1  24.2  23.7  24.9  24.2  24.3  25.0  23.0  24.5  24.8  24.7  23.2  23.2  24.6  24.5  23.7  23.5  24.2  23.6  22.5  23.1  24.0  22.9  23.4  23.1  23.9  25.1  24.7  23.2  22.4  24.6  22.9  24.7 
Direction:  n n n n n n n n n n n n n n n n n n n n n n n n n n n n n n n n n n n n n n n n n n n n n n n n n n n n n n n n n n n n n n n n n n n n n n n n n n n n n n n n n n n n n n n n n n n n n n n n n n n n n n n n n n n n n n n n n n n n n n n n n n n n n n n n n n n n n n n n n n n n n n n n n n n n n n n n n n n n n n n n n n n n n n n n n n n n n n n n n n n n n n n n n n n n n n n n n n n n n n n n

31.2: Count:  24.1 (  1.6) A:  14.8 [10-27] B:  25.1 [10-43] Phase: 131 ( 4.06) Direction:  n
Phase: {0,0,0,0,0,0,0,0,0,0,0,0,0,0,0,0,0,0,0,0,0,0,0,0,0,0,0,0,0,0,0,0,0,0,0,0,0,0,0,0,0,0,0,0,0,0,0,0,0,0,0,0,0,0,0,0,0,0,0,0,0,0,0,0,0,1,0,1,0,0,2,0,1,9,3,1,13,9,2,12,14,24,17,23,61,37,62,55,46,55,139,92,103,97,178,116,184,141,171,300,279,331,305,573,575,808,988,1255,1649,1381,1731,2243,2351,2600,2687,2875,2171,3456,3901,4570,5956,7558,11080,13244,19885,26156,35500,44109,55001,64180,68289,73064,70267,65258,49757,46718,31187,23073,14729,9456,5913,3865,2552,1553,1013,863,563,447,476,351,345,399,315,385,236,283,270,271,221,158,165,79,109,96,62,60,49,54,62,34,29,27,17,5,11,3,8,5,8,0,0,0,0,0,0,0,0,0,0,0,0,0,0,0,0,0,0,0,0,0,0,0,0,0,0,0,0,0,0,0,0,0,0,0,0,0,0,0,0,0,0,0,0,0,0,0,0,0,0,0,0,0,0,0,0,0,0,0,0,0,0,0,0,0,0,0,0,0,0,0,0,0,0,0,0,0,0,0,0,0,0,0,0,0,0,0,0,0,0,0,0,0,0,0,0,0,0,0,0,0,0,0,0,0,0,0,0,0,0,0,0,0,0,0,0,0,0,0,0,0,0,0,0,0,0,0,0,0,0,0,0,0,0,0,0,0,0,0,0,0,0,0,0,0,0,0,0,0,0,0,0,0,0,0,0,0,0,0,0,0,0,0,0,0,0,0,0,0,0,0,0,0,0,0,0,0,0,0,0,0}
Count:  22.1  23.4  21.2  21.3  22.1  21.4  20.1  21.2  19.7  20.3  21.2  21.1  20.1  21.8  21.2  21.6  23.9  24.8  22.6  24.3  23.0  25.1  23.2  26.8  22.9  23.1  25.8  26.3  24.3  23.6  25.5  24.6  26.5  25.8  24.8  25.0  25.1  26.4  25.3  22.0  27.0  24.9  26.9  24.6  25.4  24.7  27.3  25.8  23.5  24.9  22.1  24.1  22.0  24.9  22.2  23.9  23.2  24.3  24.1  24.5  24.6  24.2  24.2  25.0  26.0  26.0  27.6  25.5  25.4  24.5  26.4  25.6  26.3  25.0  24.8  24.7  25.1  25.0  24.4  24.9  24.5  24.1  23.4  24.9  24.1  25.2  23.6  24.7  22.8  25.1  24.6  24.6  24.1  25.4  25.1  25.0  26.0  24.9  25.5  24.4  25.7  23.1  25.4  23.2  24.3  22.5  25.3  24.6  25.2  23.6  23.2  22.3  24.4  23.7  23.0  21.7  23.5  21.3  21.4  23.0  23.5  22.4  22.5  22.3  23.0  23.1  23.4  22.5  22.7  21.5  21.4  21.9  20.9  21.3  21.5  22.7  22.2  20.5  23.7  23.7  24.6  23.7  24.7  25.4  23.7  26.1  22.9  26.5  23.5  26.4  25.4  26.0  24.6  26.9  26.8  22.3  25.3  23.9  25.8  25.2  25.3  25.2  25.8  26.4  24.0  26.0  25.1  25.8  24.1  24.1  25.6  24.6  24.1  25.9  23.5  24.8  25.6  25.3  23.1  23.7  24.7  24.8  23.6  24.0  24.6  23.9  23.1  23.4  25.0  23.2  24.0  24.1  24.0  24.9  25.3  24.0  22.5  25.3  23.6  25.6 
Direction:  n n n n n n n n n n n n n n n n n n n n n n n n n n n n n n n n n n n n n n n n n n n n n n n n n n n n n n n n n n n n n n n n n n n n n n n n n n n n n n n n n n n n n n n n n n n n n n n n n n n n n n n n n n n n n n n n n n n n n n n n n n n n n n n n n n n n n n n n n n n n n n n n n n n n n n n n n n n n n n n n n n n n n n n n n n n n n n n n n n n n n n n n n n n n n n n n n n n n n n n n

31.3: Count:  24.8 (  1.5) A:  15.3 [10-28] B:  26.4 [10-45] Phase: 128 ( 3.89) Direction:  nPhase: 132 ( 2.31) Direction:  n
Phase: {0,0,0,0,0,0,0,0,0,0,0,0,0,0,0,0,0,0,0,0,0,0,0,0,0,0,0,0,0,0,0,0,0,0,0,0,0,0,0,0,0,0,0,0,0,0,0,0,0,0,0,0,0,0,0,0,0,0,8,0,0,20,0,0,1,0,10,1,15,1,20,9,17,28,20,25,42,39,26,71,77,26,38,67,96,104,101,114,113,124,353,117,167,216,341,286,242,329,354,554,504,522,564,880,984,1114,1382,1583,2293,1816,2433,2659,2706,2920,3421,3378,3697,5842,6283,8241,11144,15979,23002,26138,38559,49787,59464,67565,73951,74993,69267,64616,51938,42036,28239,22191,12666,8494,5291,3622,2059,1447,1001,893,551,548,366,352,352,363,325,270,264,397,156,275,242,197,202,204,135,121,140,117,39,134,97,54,25,38,21,45,21,17,13,10,2,1,0,0,1,0,0,0,0,0,0,0,0,0,0,0,0,0,0,0,0,0,0,0,0,0,0,0,0,0,0,0,0,0,0,0,0,0,0,0,0,0,0,0,0,0,0,0,0,0,0,0,0,0,0,0,0,0,0,0,0,0,0,0,0,0,0,0,0,0,0,0,0,0,0,0,0,0,0,0,0,0,0,0,0,0,0,0,0,0,0,0,0,0,0,0,0,0,0,0,0,0,0,0,0,0,0,0,0,0,0,0,0,0,0,0,0,0,0,0,0,0,0,0,0,0,0,0,0,0,0,0,0,0,0,0,0,0,0,0,0,0,0,0,0,0,0,0,0,0,0,0,0,0,0,0,0,0,0,0,0,0,0,0,0,0,0,0,0,0,0,0,0,0,0,0,0,0,0,0,0,0,0,0}
Count:  23.4  24.3  22.3  22.1  24.1  21.8  21.0  22.1  21.3  21.4  22.4  22.2  21.8  23.2  22.4  21.6  24.5  25.4  23.7  25.0  23.3  25.8  23.5  28.1  24.0  23.5  25.7  26.6  25.2  24.2  26.1  25.5  27.6  25.9  25.4  26.0  26.1  26.7  26.4  22.6  27.3  25.9  27.4  25.1  26.3  26.3  28.0  27.0  24.7  25.7  22.9  24.2  23.1  25.4  22.7  24.6  23.8  24.9  24.4  25.6  25.8  25.0  24.6  25.7  26.7  26.2  27.8  26.2  26.3  25.2  27.8  26.7  27.1  25.7  25.5  25.4  25.1  25.1  25.1  25.3  24.4  25.6  24.2  24.9  24.8  25.8  24.5  25.5  23.8  25.8  25.5  25.1  24.4  25.8  26.5  25.3  26.7  25.5  26.3  25.0  26.0  23.5  26.2  24.0  24.9  22.9  25.9  25.5  26.3  24.3  25.3  23.3  25.1  25.0  24.5  22.4  23.7  22.3  22.5  23.6  24.0  23.2  23.6  23.3  22.9  24.3  24.5  23.7  24.3  22.2  22.3  22.7  21.4  22.3  22.1  23.4  22.6  21.0  25.0  23.9  24.8  24.9  25.2  26.4  24.3  27.3  23.6  27.4  24.5  27.2  25.6  26.7  25.4  27.3  27.5  22.5  25.8  24.3  26.9  25.6  25.9  26.1  26.5  26.9  25.1  26.7  25.9  26.0  24.7  24.6  25.5  24.4  24.8  26.1  23.6  24.9  25.9  25.3  24.2  24.1  25.1  25.2  23.7  24.2  25.2  24.4  23.4  24.0  25.6  23.4  24.3  24.4  24.6  26.1  25.7  24.4  23.3  26.6  24.6  25.8 
Direction:  n n n n n n n n n n n n n n n n n n n n n n n n n n n n n n n n n n n n n n n n n n n n n n n n n n n n n n n n n n n n n n n n n n n n n n n n n n n n n n n n n n n n n n n n n n n n n n n n n n n n n n n n n n n n n n n n n n n n n n n n n n n n n n n n n n n n n n n n n n n n n n n n n n n n n n n n n n n n n n n n n n n n n n n n n n n n n n n n n n n n n n n n n n n n n n n n n n n n n n n n

31.4: Count:  25.4 (  1.5) A:  15.9 [10-29] B:  27.8 [10-48] Phase: 125 ( 3.79) Direction:  nPhase: 129 ( 2.20) Direction:  n
Phase: {0,0,0,0,0,0,0,0,0,0,0,0,0,0,0,0,0,0,0,0,0,0,0,0,0,0,0,0,0,0,0,0,0,0,1,0,0,0,0,0,2,0,0,0,0,0,0,0,0,0,0,5,0,0,6,1,21,2,17,9,2,3,25,12,25,32,42,17,15,30,34,42,80,78,24,51,78,67,68,89,121,123,134,92,189,142,206,197,208,211,403,208,328,291,392,378,463,453,573,476,727,838,847,1271,1466,1602,2084,2401,2939,2479,3172,3722,3736,4584,5471,6566,7059,12517,15739,21288,28728,38522,51245,56122,71409,76873,79076,73283,66574,53923,40755,31042,21013,13985,7957,6328,3345,2339,1403,1066,736,652,494,523,419,347,358,295,410,358,294,327,175,338,208,197,241,208,183,150,112,101,108,119,66,56,47,65,34,36,43,10,1,6,8,3,16,6,0,0,8,0,0,0,0,0,0,0,0,0,0,0,0,0,0,0,0,0,0,0,0,0,0,0,0,0,0,0,0,0,0,0,0,0,0,0,0,0,0,0,0,0,0,0,0,0,0,0,0,0,0,0,0,0,0,0,0,0,0,0,0,0,0,0,0,0,0,0,0,0,0,0,0,0,0,0,0,0,0,0,0,0,0,0,0,0,0,0,0,0,0,0,0,0,0,0,0,0,0,0,0,0,0,0,0,0,0,0,0,0,0,0,0,0,0,0,0,0,0,0,0,0,0,0,0,0,0,0,0,0,0,0,0,0,0,0,0,0,0,0,0,0,0,0,0,0,0,0,0,0,0,0,0,0,0,0,0,0,0,0,0,0,0,0,0,0,0,0,0,0,0,0,0,0,0,0,0,0,0,0}
Count:  25.2  24.8  22.5  23.9  24.3  23.6  22.8  23.2  22.9  22.7  22.6  23.0  22.4  23.1  22.7  23.6  24.8  26.1  23.8  25.8  24.0  25.9  24.6  28.5  24.8  23.9  27.3  27.1  25.5  25.5  26.5  27.4  28.2  26.1  25.9  26.9  26.4  27.4  26.9  23.0  27.9  26.8  28.1  25.9  27.3  26.8  28.8  27.8  24.8  25.7  23.3  24.4  23.4  25.7  23.0  25.4  24.6  25.2  25.0  25.8  25.2  25.6  25.6  25.9  27.4  27.0  28.6  26.6  27.0  26.2  28.2  27.2  27.1  26.5  25.8  25.6  25.9  25.4  25.8  25.8  25.0  26.2  24.6  25.9  26.2  26.1  25.3  26.2  25.5  26.1  26.8  25.6  25.8  26.6  27.3  26.4  28.1  26.4  26.7  26.0  27.0  24.2  27.2  25.0  26.3  23.9  27.5  25.8  27.1  24.6  25.9  23.9  25.8  25.3  25.6  23.1  25.0  22.7  23.7  24.1  25.4  23.8  23.8  24.1  24.1  24.8  26.1  24.4  25.0  22.9  23.1  24.1  22.1  23.4  23.2  24.0  22.9  21.9  24.9  25.6  25.6  25.4  25.9  26.7  25.1  28.4  24.4  27.9  25.1  28.1  26.8  27.5  25.3  27.3  27.2  23.0  26.4  25.0  27.1  25.7  26.3  26.4  27.0  26.8  26.0  26.9  26.0  26.7  25.2  25.5  25.7  24.7  25.5  26.2  24.1  25.2  26.3  25.8  24.6  24.4  25.3  26.2  24.4  24.4  25.4  25.1  24.3  24.1  26.5  24.4  25.0  25.2  24.8  26.3  26.5  24.8  23.8  26.9  25.1  26.6 
Direction:  n n n n n n n n n n n n n n n n n n n n n n n n n n n n n n n n n n n n n n n n n n n n n n n n n n n n n n n n n n n n n n n n n n n n n n n n n n n n n n n n n n n n n n n n n n n n n n n n n n n n n n n n n n n n n n n n n n n n n n n n n n n n n n n n n n n n n n n n n n n n n n n n n n n n n n n n n n n n n n n n n n n n n n n n n n n n n n n n n n n n n n n n n n n n n n n n n n n n n n n n

31.5: Count:  26.1 (  1.5) A:  16.6 [10-30] B:  29.2 [10-50] Phase: 122 ( 3.83) Direction:  n
Phase: {0,0,0,0,0,0,0,0,0,0,0,0,0,0,0,0,0,0,0,0,0,0,0,0,0,0,0,0,0,0,0,0,0,0,0,0,7,0,0,0,0,0,10,1,0,0,3,0,1,10,16,10,4,14,19,29,24,11,26,14,48,38,35,60,68,53,88,85,75,96,119,68,123,126,127,113,179,145,134,229,251,263,258,189,277,312,326,340,287,353,581,356,452,414,432,501,546,615,652,761,768,1014,1233,1702,2041,2193,2787,3545,3957,3784,5068,5713,7246,8906,12972,17598,21549,36886,46671,58277,70772,80948,86680,79254,76083,64310,49097,34839,23518,15651,9477,6334,3966,2405,1657,1398,644,661,464,523,502,358,392,347,354,385,389,319,418,258,341,281,346,263,152,222,211,155,158,127,102,74,97,110,73,64,23,22,19,45,15,19,2,19,1,7,0,1,5,1,0,0,0,0,0,0,0,0,0,0,0,0,0,0,0,0,0,0,0,0,0,0,0,0,0,0,0,0,0,0,0,0,0,0,0,0,0,0,0,0,0,0,0,0,0,0,0,0,0,0,0,0,0,0,0,0,0,0,0,0,0,0,0,0,0,0,0,0,0,0,0,0,0,0,0,0,0,0,0,0,0,0,0,0,0,0,0,0,0,0,0,0,0,0,0,0,0,0,0,0,0,0,0,0,0,0,0,0,0,0,0,0,0,0,0,0,0,0,0,0,0,0,0,0,0,0,0,0,0,0,0,0,0,0,0,0,0,0,0,0,0,0,0,0,0,0,0,0,0,0,0,0,0,0,0,0,0,0,0,0,0,0,0,0,0,0,0,0,0,0,0,0,0,0,0,0,0,0,0,0}
Count:  26.2  25.8  24.3  24.9  25.4  24.6  23.4  25.1  22.9  23.8  23.6  24.8  22.9  24.6  23.5  23.9  25.6  27.3  24.5  26.7  24.3  26.7  25.3  28.9  25.3  24.4  27.1  27.5  25.7  26.6  26.9  27.8  29.0  26.9  26.6  27.9  26.7  27.9  28.0  24.3  28.8  27.2  28.5  25.9  27.4  27.5  29.3  28.0  25.4  27.1  24.0  25.0  23.8  27.1  23.6  25.9  25.1  25.7  25.4  26.7  27.1  26.3  26.9  27.4  28.6  28.0  28.8  27.6  27.9  26.8  28.7  28.0  29.0  27.1  26.4  26.0  26.9  26.2  26.0  26.6  24.9  26.4  25.1  25.9  27.2  26.7  26.0  26.2  25.6  27.6  27.0  26.3  26.4  27.0  28.1  27.1  28.5  27.2  27.7  26.6  27.6  25.6  27.7  25.4  27.1  25.0  27.7  27.3  28.3  25.8  27.1  24.9  26.7  26.2  26.1  23.9  25.6  23.5  24.6  25.0  25.7  25.5  24.3  25.0  25.2  25.8  26.2  25.0  26.2  23.5  23.7  23.9  23.0  24.0  23.6  24.3  23.6  22.6  26.2  26.6  26.3  26.5  26.4  27.1  25.7  28.6  25.1  29.2  25.9  28.7  27.4  28.7  26.2  27.5  28.4  23.2  27.2  25.5  27.7  26.4  26.8  26.6  27.4  27.1  26.1  26.9  25.9  26.7  25.3  25.8  25.8  24.8  26.1  27.2  24.3  24.9  26.3  26.6  25.1  24.7  26.3  26.9  25.1  24.6  25.9  26.2  25.2  24.1  27.4  24.3  24.8  25.7  25.4  26.5  27.3  25.0  24.3  26.9  26.1  27.1 
Direction:  n n n n n n n n n n n n n n n n n n n n n n n n n n n n n n n n n n n n n n n n n n n n n n n n n n n n n n n n n n n n n n n n n n n n n n n n n n n n n n n n n n n n n n n n n n n n n n n n n n n n n n n n n n n n n n n n n n n n n n n n n n n n n n n n n n n n n n n n n n n n n n n n n n n n n n n n n n n n n n n n n n n n n n n n n n n n n n n n n n n n n n n n n n n n n n n n n n n n n n n n

31.6: Count:  26.8 (  1.4) A:  17.3 [10-30] B:  30.4 [10-52] Phase: 118 ( 3.61) Direction:  n
Phase: {0,0,0,0,0,0,0,0,0,0,0,0,0,0,0,0,0,0,0,0,0,0,0,0,0,0,0,4,0,8,0,0,0,0,2,7,0,0,0,0,0,9,19,11,8,32,20,6,31,19,29,17,18,43,34,51,71,47,86,74,56,60,110,70,76,75,155,148,139,198,180,99,236,237,197,258,260,293,256,413,324,350,329,340,369,501,407,524,475,483,776,381,456,428,545,514,557,850,847,1210,1220,1586,1893,2798,3405,4377,4742,5868,8236,8336,12277,16851,23177,33127,44922,58944,67985,90022,91323,86567,80137,66773,51149,33796,24662,15760,10190,6383,4083,2648,1854,1270,1133,852,522,609,385,450,404,386,364,377,339,366,386,378,342,290,401,341,388,279,302,246,175,173,239,118,143,140,150,77,78,134,39,70,35,39,29,21,42,20,12,10,3,17,1,1,0,0,2,0,0,0,0,0,0,1,0,0,0,0,0,0,0,0,0,0,0,0,0,0,0,0,0,0,0,0,0,0,0,0,0,0,0,0,0,0,0,0,0,0,0,0,0,0,0,0,0,0,0,0,0,0,0,0,0,0,0,0,0,0,0,0,0,0,0,0,0,0,0,0,0,0,0,0,0,0,0,0,0,0,0,0,0,0,0,0,0,0,0,0,0,0,0,0,0,0,0,0,0,0,0,0,0,0,0,0,0,0,0,0,0,0,0,0,0,0,0,0,0,0,0,0,0,0,0,0,0,0,0,0,0,0,0,0,0,0,0,0,0,0,0,0,0,0,0,0,0,0,0,0,0,0,0,0,0,0,0,0,0,0,0,0,0,0,0,0,0,0,0,0,0,0,0,0,0,0,0,0}
Count:  27.3  26.9  25.6  25.1  26.4  25.0  23.6  25.3  24.0  24.8  24.3  25.1  24.1  26.2  24.7  25.6  26.1  28.4  24.8  26.5  25.1  27.3  26.4  29.5  26.3  25.0  27.4  27.4  26.4  27.6  27.3  29.4  30.1  27.7  27.1  28.9  27.8  28.7  28.8  25.7  29.1  28.2  29.2  27.0  27.7  27.7  29.9  29.0  25.5  26.9  24.8  26.3  24.8  27.1  24.4  26.4  26.1  26.1  26.7  27.4  27.4  27.1  27.7  27.7  29.1  28.2  29.6  27.7  28.8  28.1  29.2  27.7  29.4  27.9  27.1  26.5  27.1  26.9  26.7  27.4  26.3  26.9  26.4  26.7  27.2  26.9  26.7  27.4  26.8  28.0  27.8  26.9  27.8  27.6  28.6  27.4  29.0  27.7  28.6  27.1  29.1  26.1  28.6  26.6  28.0  25.7  28.9  27.6  28.8  26.9  27.6  25.8  27.9  27.2  27.3  24.7  26.5  24.6  25.6  25.9  26.6  25.9  25.6  26.1  25.7  26.6  26.7  25.9  27.0  24.3  24.8  24.4  24.1  24.9  24.9  24.9  24.6  23.2  26.7  27.4  26.6  27.8  27.7  28.3  26.6  30.3  25.6  29.9  26.5  29.2  28.3  28.9  26.4  28.3  28.5  24.0  27.5  25.9  28.3  26.9  27.1  27.0  28.0  27.5  27.1  27.3  26.1  26.6  25.9  26.3  26.1  25.4  26.0  27.3  25.1  24.8  26.8  26.5  25.2  24.9  26.7  27.2  25.7  25.5  26.7  26.5  25.9  24.4  28.5  24.8  25.2  26.1  25.8  27.2  27.7  25.4  25.5  28.2  26.6  27.7 
Direction:  n n n n n n n n n n n n n n n n n n n n n n n n n n n n n n n n n n n n n n n n n n n n n n n n n n n n n n n n n n n n n n n n n n n n n n n n n n n n n n n n n n n n n n n n n n n n n n n n n n n n n n n n n n n n n n n n n n n n n n n n n n n n n n n n n n n n n n n n n n n n n n n n n n n n n n n n n n n n n n n n n n n n n n n n n n n n n n n n n n n n n n n n n n n n n n n n n n n n n n n n

31.7: Count:  27.5 (  1.5) A:  18.2 [10-31] B:  31.4 [10-54] Phase: 114 ( 3.69) Direction:  n
Phase: {0,0,0,0,0,0,0,0,0,0,0,0,0,0,0,0,0,0,0,0,0,0,0,17,0,0,0,17,0,4,0,1,4,0,20,5,5,9,25,20,11,32,36,17,8,78,22,43,37,80,41,53,85,102,126,118,165,59,89,171,175,161,186,240,174,209,263,189,230,285,244,276,345,406,397,387,344,405,451,562,480,490,563,431,443,489,601,586,460,346,680,409,450,534,587,694,898,946,1425,2207,2677,3819,4337,6289,8025,10298,13443,19287,28780,32959,47420,62567,76068,88505,93019,88880,74241,67788,49804,33851,24019,15205,9944,6264,4430,3248,2457,1801,1442,1156,807,729,604,541,498,488,475,320,388,326,277,356,294,431,270,341,388,276,286,380,305,261,282,301,184,235,172,182,148,130,159,107,146,99,36,70,70,75,10,18,46,36,14,6,2,30,0,17,0,0,8,0,0,13,0,0,0,0,0,0,0,0,0,0,0,0,0,0,0,0,0,0,0,0,0,0,0,0,0,0,0,0,0,0,0,0,0,0,0,0,0,0,0,0,0,0,0,0,0,0,0,0,0,0,0,0,0,0,0,0,0,0,0,0,0,0,0,0,0,0,0,0,0,0,0,0,0,0,0,0,0,0,0,0,0,0,0,0,0,0,0,0,0,0,0,0,0,0,0,0,0,0,0,0,0,0,0,0,0,0,0,0,0,0,0,0,0,0,0,0,0,0,0,0,0,0,0,0,0,0,0,0,0,0,0,0,0,0,0,0,0,0,0,0,0,0,0,0,0,0,0,0,0,0,0,0,0,0,0,0,0,0,0,0,0,0,0,0,0,0,0,0,0,0,0,0,0,0,0,0}
Count:  27.3  27.2  26.0  26.3  27.0  26.2  24.1  26.3  24.6  26.3  25.5  26.4  25.0  26.9  25.1  25.7  26.4  28.2  25.3  27.5  25.9  28.4  27.0  29.8  27.4  25.6  27.8  27.8  27.6  28.3  28.1  29.7  30.8  28.7  27.4  29.5  28.1  30.9  30.2  25.5  30.3  28.9  29.9  27.8  28.1  28.1  30.3  29.8  26.8  27.4  25.4  26.8  25.6  27.8  25.4  27.4  26.9  26.9  26.8  28.0  27.9  28.4  28.6  28.7  30.1  29.0  30.4  28.3  29.7  28.5  30.0  28.7  29.7  28.4  28.0  27.5  28.3  27.3  27.2  28.0  27.2  27.6  26.8  26.8  28.3  27.7  27.5  27.9  27.0  28.6  28.5  27.3  28.0  28.3  29.3  28.1  30.0  28.5  30.1  28.0  29.6  26.9  29.5  27.5  28.9  27.3  29.9  28.4  29.7  28.3  29.3  27.2  28.0  28.3  28.0  25.4  27.2  25.3  26.8  26.5  28.0  26.8  26.2  26.4  26.6  27.1  28.1  26.7  28.4  24.3  25.4  25.1  24.5  25.5  25.3  25.8  24.9  23.6  27.8  28.4  27.7  28.2  28.6  29.1  27.8  30.9  26.6  30.8  27.2  29.6  28.8  29.5  26.4  28.7  28.5  24.1  28.2  26.5  29.1  27.3  28.4  27.7  28.7  28.1  27.6  27.6  26.8  27.0  26.3  26.4  26.4  25.8  26.8  27.4  25.0  25.5  26.9  26.9  25.4  25.2  27.0  27.5  25.7  25.7  27.4  26.6  25.9  25.2  29.3  25.1  25.5  26.1  26.3  27.4  28.7  25.5  25.9  28.5  27.4  28.5 
Direction:  n n n n n n n n n n n n n n n n n n n n n n n n n n n n n n n n n n n n n n n n n n n n n n n n n n n n n n n n n n n n n n n n n n n n n n n n n n n n n n n n n n n n n n n n n n n n n n n n n n n n n n n n n n n n n n n n n n n n n n n n n n n n n n n n n n n n n n n n n n n n n n n n n n n n n n n n n n n n n n n n n n n n n n n n n n n n n n n n n n n n n n n n n n n n n n n n n n n n n n n n

31.8: Count:  28.0 (  1.5) A:  19.1 [10-32] B:  32.2 [10-55] Phase: 110 ( 3.47) Direction:  n
Phase: {0,0,0,0,0,0,0,0,0,0,0,0,0,5,2,6,2,3,8,0,1,9,0,7,9,0,0,9,11,24,0,10,30,32,27,13,22,40,38,51,53,12,38,42,45,121,69,38,122,106,77,126,154,120,169,189,162,148,280,290,188,220,298,296,186,326,355,380,389,383,413,356,576,558,370,473,557,556,491,585,515,566,510,539,504,467,579,434,472,400,779,413,545,794,1018,1319,1856,2390,3509,5419,6933,10492,13490,21032,28807,39754,53348,70250,91138,89835,98239,93605,79295,62668,45079,29382,18167,13698,8489,5436,3976,3051,2418,1680,1685,1289,1379,974,859,829,629,743,664,542,494,508,349,368,346,369,341,489,357,343,311,370,414,212,307,290,249,285,265,270,101,184,183,180,167,130,157,60,104,119,39,77,80,59,27,37,11,16,4,1,2,5,7,0,0,0,0,0,1,2,0,0,0,0,0,0,0,0,0,0,0,0,0,0,0,0,0,0,0,0,0,0,0,0,0,0,0,0,0,0,0,0,0,0,0,0,0,0,0,0,0,0,0,0,0,0,0,0,0,0,0,0,0,0,0,0,0,0,0,0,0,0,0,0,0,0,0,0,0,0,0,0,0,0,0,0,0,0,0,0,0,0,0,0,0,0,0,0,0,0,0,0,0,0,0,0,0,0,0,0,0,0,0,0,0,0,0,0,0,0,0,0,0,0,0,0,0,0,0,0,0,0,0,0,0,0,0,0,0,0,0,0,0,0,0,0,0,0,0,0,0,0,0,0,0,0,0,0,0,0,0,0,0,0,0,0,0,0,0,0,0,0,0,0,0,0,0,0,0,0,0,0,0,0,0,0}
Count:  28.7  28.0  26.9  26.8  27.6  27.2  24.9  27.4  24.9  27.5  26.1  27.3  25.6  28.0  25.6  27.3  26.8  29.2  25.5  27.7  26.1  28.9  27.3  30.3  27.7  25.7  28.2  28.5  27.6  29.3  28.4  30.6  31.3  28.9  28.5  30.2  28.9  31.3  30.8  27.5  31.7  29.1  31.1  27.2  28.5  29.1  30.5  30.8  27.5  27.7  26.3  27.1  26.2  28.3  26.0  27.8  27.4  27.8  28.7  28.5  28.1  27.6  29.5  28.8  30.9  29.5  30.6  29.1  30.1  29.2  29.9  29.4  30.5  29.4  28.7  27.7  28.4  28.1  28.2  28.1  28.1  28.4  27.6  27.4  28.9  28.4  28.4  28.5  27.9  29.2  29.7  28.0  28.8  28.9  30.4  28.6  30.2  28.8  30.5  28.0  30.1  28.0  30.0  28.7  29.7  27.5  30.3  28.6  30.4  28.7  29.3  27.8  28.9  28.2  29.0  25.9  28.1  26.3  27.2  27.1  27.9  27.6  27.4  27.3  27.6  27.5  28.4  27.7  28.6  25.9  26.3  25.2  25.8  26.2  26.1  26.3  25.8  24.3  28.4  29.5  28.5  29.5  28.6  29.5  28.6  31.6  26.7  31.5  27.7  30.8  29.5  29.8  26.8  29.3  29.1  24.8  28.9  26.7  30.2  27.7  28.4  27.4  29.4  28.0  27.6  28.1  27.2  27.6  27.5  26.6  26.7  26.0  27.6  27.8  25.4  25.9  27.4  26.9  25.8  25.7  26.9  27.7  26.0  26.1  27.2  27.1  25.6  24.9  29.6  25.4  25.8  27.2  26.8  27.7  29.5  25.9  26.5  29.3  27.8  28.7 
Direction:  n n n n n n n n n n n n n n n n n n n n n n n n n n n n n n n n n n n n n n n n n n n n n n n n n n n n n n n n n n n n n n n n n n n n n n n n n n n n n n n n n n n n n n n n n n n n n n n n n n n n n n n n n n n n n n n n n n n n n n n n n n n n n n n n n n n n n n n n n n n n n n n n n n n n n n n n n n n n n n n n n n n n n n n n n n n n n n n n n n n n n n n n n n n n n n n n n n n n n n n n

31.9: Count:  28.6 (  1.6) A:  20.1 [10-34] B:  32.8 [10-57] Phase: 106 ( 2.90) Direction:  nPhase: 101 ( 1.47) Direction:  n
Phase: {0,0,0,0,0,0,2,0,1,0,0,8,0,2,0,0,9,19,3,1,0,21,3,10,9,19,12,9,6,51,11,49,65,29,79,55,46,81,69,106,66,123,68,75,117,220,142,108,161,168,172,223,209,350,234,309,261,249,369,268,445,469,412,519,300,411,540,479,483,513,590,464,589,604,649,668,541,616,472,557,469,525,425,504,402,328,546,437,473,484,1193,819,1174,1943,2799,4095,6171,8995,13429,21700,29728,44377,56624,80048,95531,106391,104534,95325,80794,52591,38962,25387,15530,10190,6922,4618,3021,2735,2209,1758,1782,1751,1200,1133,1150,1060,968,854,860,857,697,560,585,414,460,466,410,419,373,354,339,398,392,348,288,396,332,242,303,260,299,236,295,274,200,190,230,171,85,80,134,89,66,81,27,41,32,39,35,7,18,11,2,29,7,2,0,0,5,1,5,0,0,0,0,0,0,0,0,0,0,0,0,0,0,0,0,0,0,0,0,0,0,0,0,0,0,0,0,0,0,0,0,0,0,0,0,0,0,0,0,0,0,0,0,0,0,0,0,0,0,0,0,0,0,0,0,0,0,0,0,0,0,0,0,0,0,0,0,0,0,0,0,0,0,0,0,0,0,0,0,0,0,0,0,0,0,0,0,0,0,0,0,0,0,0,0,0,0,0,0,0,0,0,0,0,0,0,0,0,0,0,0,0,0,0,0,0,0,0,0,0,0,0,0,0,0,0,0,0,0,0,0,0,0,0,0,0,0,0,0,0,0,0,0,0,0,0,0,0,0,0,0,0,0,0,0,0,0,0,0,0,0,0,0,0,0,0,0,0,0,9,6,1,0,0,0,0,0,0}
Count:  29.7  29.1  27.2  27.3  28.1  28.5  26.0  27.5  25.8  28.5  26.8  28.1  26.7  28.0  25.9  28.5  27.3  29.6  26.1  28.5  26.7  29.4  27.9  31.0  28.1  27.2  28.7  29.1  28.2  30.4  28.5  31.4  31.7  29.5  29.0  30.2  29.5  32.2  31.0  28.5  32.3  30.3  31.4  28.6  29.4  29.3  31.1  31.5  28.0  28.4  26.2  27.8  26.8  29.4  27.5  28.7  28.4  28.4  29.2  29.6  28.9  28.5  30.3  29.5  31.4  30.1  30.8  29.8  30.9  29.9  30.7  29.9  31.5  30.3  29.1  28.7  28.7  28.7  28.5  28.8  28.5  28.5  29.3  28.0  29.1  29.4  28.7  29.1  28.7  29.6  30.1  28.1  29.5  29.6  30.8  28.8  30.9  29.0  31.1  28.6  30.9  28.0  30.7  29.3  30.1  28.4  30.7  29.2  30.7  29.5  30.3  28.4  29.5  29.1  29.8  26.3  28.8  26.8  28.4  27.6  28.6  27.6  27.3  28.3  28.1  28.4  29.5  28.1  29.2  26.2  27.4  26.2  26.3  26.9  26.9  26.6  27.1  24.5  29.2  30.1  29.0  30.0  29.5  30.2  29.1  31.8  27.7  32.6  28.8  30.4  29.7  30.1  26.8  29.1  29.4  24.7  29.3  27.2  30.5  27.8  29.0  28.6  29.6  28.6  28.1  28.0  27.4  28.0  27.8  27.1  27.1  25.8  27.7  27.7  25.6  25.8  27.9  26.8  26.0  25.9  27.5  27.7  26.5  26.3  27.4  27.2  25.8  25.7  30.0  25.4  26.3  27.4  27.5  28.3  30.4  26.3  27.3  30.1  28.6  29.8 
Direction:  n n n n n n n n n n n n n n n n n n n n n n n n n n n n n n n n n n n n n n n n n n n n n n n n n n n n n n n n n n n n n n n n n n n n n n n n n n n n n n n n n n n n n n n n n n n n n n n n n n n n n n n n n n n n n n n n n n n n n n n n n n n n n n n n n n n n n n n n n n n n n n n n n n n n n n n n n n n n n n n n n n n n n n n n n n n n n n n n n n n n n n n n n n n n n n n n n n n n n n n n

32.0: Count:  29.2 (  1.7) A:  21.2 [10-38] B:  33.1 [10-59] Phase: 101 ( 3.53) Direction:  n
Phase: {8,0,1,1,0,1,0,5,0,14,36,14,9,4,19,31,12,18,26,1,13,4,28,54,56,56,10,73,62,45,56,91,115,64,100,129,87,148,139,150,102,171,202,126,208,366,187,211,315,340,230,356,346,361,250,474,412,311,484,429,415,507,418,609,522,467,576,552,630,718,597,570,689,648,498,641,562,491,470,399,489,393,480,523,545,608,810,1039,1527,1510,4370,3916,6450,9940,15257,22752,33481,46247,62795,83164,92786,101349,98552,92494,73756,56463,40478,27656,18341,9658,8178,6047,4089,3519,2524,2104,1543,1756,1599,1372,1454,1414,1188,1070,1034,886,870,905,812,854,709,543,567,479,446,544,293,416,534,377,344,420,338,389,323,379,329,197,332,210,222,179,278,248,118,187,134,131,123,136,86,55,89,74,46,28,24,47,2,3,30,16,11,2,2,27,4,10,20,0,0,0,0,0,0,2,0,0,0,0,0,0,0,0,0,0,0,0,0,0,0,0,0,0,0,0,0,0,0,0,0,0,0,0,0,0,0,0,0,0,0,0,0,0,0,0,0,0,0,0,0,0,0,0,0,0,0,0,0,0,0,0,0,0,0,0,0,0,0,0,0,0,0,0,0,0,0,0,0,0,0,0,0,0,0,0,0,0,0,0,0,0,0,0,0,0,0,0,0,0,0,0,0,0,0,0,0,0,0,0,0,0,0,0,0,0,0,0,0,0,0,0,0,0,0,0,0,0,0,0,0,0,0,0,0,0,0,0,0,0,0,0,0,0,0,0,0,0,0,0,0,0,0,0,0,0,0,0,0,0,0,0,0,0,0,0,0,0,0,0,0,0,0,0,0,0,0,12,1,0}
Count:  30.2  29.7  27.9  27.6  28.3  29.0  26.1  28.4  26.2  28.6  27.3  28.6  27.3  29.2  27.0  29.4  27.7  29.8  26.5  29.1  27.6  30.3  28.7  31.3  28.3  27.5  28.9  29.7  28.4  31.1  28.9  32.5  32.4  29.4  30.3  31.3  30.3  32.8  32.0  29.0  33.8  30.8  31.8  29.3  29.8  30.1  31.5  32.4  28.5  28.8  27.7  28.6  27.4  30.0  27.5  29.7  29.2  28.5  29.6  30.3  29.9  29.3  31.1  29.7  32.4  30.6  31.6  29.8  31.6  30.6  31.2  30.4  32.4  30.8  29.8  29.2  29.7  29.3  29.7  29.6  29.7  29.3  29.9  28.8  30.5  29.5  29.1  29.8  29.4  30.2  31.0  28.3  30.9  29.2  31.8  29.9  32.3  29.1  32.0  29.4  31.6  28.3  30.9  29.5  29.9  28.6  31.5  29.4  32.1  30.1  30.4  29.3  30.7  30.1  30.0  27.4  29.9  27.8  29.0  28.0  28.4  28.3  28.2  28.8  28.8  28.8  30.0  28.4  30.1  27.0  27.5  26.5  26.8  26.9  27.7  27.4  27.8  25.4  29.6  30.4  29.6  31.1  30.1  30.5  29.8  32.4  28.9  32.6  28.7  31.2  30.6  30.5  27.0  29.6  29.8  25.7  29.9  27.5  31.0  28.8  29.4  28.7  30.3  28.8  28.2  28.1  27.9  28.0  28.3  27.3  27.4  26.0  27.7  27.8  25.9  26.5  28.1  27.4  25.9  26.1  27.1  27.8  26.7  26.6  27.9  27.8  26.4  25.7  30.4  25.5  26.2  28.0  27.9  28.5  30.8  27.1  28.1  30.7  29.4  30.1 
Direction:  n n n n n n n n n n n n n n n n n n n n n n n n n n n n n n n n n n n n n n n n n n n n n n n n n n n n n n n n n n n n n n n n n n n n n n n n n n n n n n n n n n n n n n n n n n n n n n n n n n n n n n n n n n n n n n n n n n n n n n n n n n n n n n n n n n n n n n n n n n n n n n n n n n n n n n n n n n n n n n n n n n n n n n n n n n n n n n n n n n n n n n n n n n n n n n n n n n n n n n n n

32.1: Count:  29.8 (  1.7) A:  22.3 [10-40] B:  32.9 [10-59] Phase: 98 ( 3.33) Direction:  nPhase: 94 ( 1.82) Direction:  n
Phase: {17,7,0,0,16,11,21,2,15,3,29,21,0,2,14,27,28,41,24,35,52,45,92,56,75,67,28,108,84,48,108,138,108,101,145,150,117,244,218,231,201,251,192,206,269,375,309,411,431,355,316,371,412,414,474,461,501,478,710,498,623,578,684,799,462,617,784,567,634,641,628,385,590,585,573,639,519,454,483,659,670,844,976,1169,1627,2368,3274,4388,6273,9158,18316,20290,32672,46390,63015,78884,94389,101372,99282,94228,75769,59541,41302,31589,20260,13844,9472,6905,5721,3329,3028,2566,2368,1670,1854,1588,1289,1484,1299,1310,1335,1318,1119,1069,1034,1020,1134,793,745,819,724,557,592,518,515,499,326,491,444,409,345,455,394,406,332,338,287,226,228,307,179,162,186,176,118,190,111,110,63,88,67,54,82,70,60,35,49,71,43,22,30,3,0,5,4,7,0,0,7,0,3,1,0,4,0,0,0,0,0,0,0,0,0,0,0,0,0,0,0,0,0,0,0,0,0,0,0,0,0,0,0,0,0,0,0,0,0,0,0,0,0,0,0,0,0,0,0,0,0,0,0,0,0,0,0,0,0,0,0,0,0,0,0,0,0,0,0,0,0,0,0,0,0,0,0,0,0,0,0,0,0,0,0,0,0,0,0,0,0,0,0,0,0,0,0,0,0,0,0,0,0,0,0,0,0,0,0,0,0,0,0,0,0,0,0,0,0,0,0,0,0,0,0,0,0,0,0,0,0,0,0,0,0,0,0,0,0,0,0,0,0,0,0,0,0,0,0,0,0,0,0,0,0,0,0,0,0,0,0,10,0,0,0,0,0,0,0,2,1,0,0,0,1,1,7,6,0,0,9,0}
Count:  31.7  30.4  28.7  28.5  28.7  29.8  26.7  29.3  27.7  29.8  27.9  29.8  28.2  29.7  27.6  29.3  28.8  31.2  27.2  30.1  28.1  30.9  29.0  32.2  29.3  28.5  30.1  29.9  28.8  31.9  30.2  33.3  33.1  30.3  30.4  31.9  31.2  33.4  32.2  29.6  34.5  31.1  32.5  30.3  30.4  30.4  32.2  32.8  29.4  29.6  28.4  29.0  27.8  30.5  28.8  30.1  29.2  29.5  30.4  31.5  30.1  29.3  31.8  30.5  33.1  31.3  32.4  30.6  32.6  31.2  32.8  30.4  32.5  31.2  30.6  29.9  30.1  29.5  30.1  30.2  30.1  30.0  30.7  29.1  30.9  30.2  30.1  30.3  29.9  30.3  31.3  29.1  32.2  30.1  32.5  29.9  32.1  29.2  33.3  30.0  32.2  28.8  31.2  30.0  30.7  29.2  32.2  29.9  32.3  30.6  31.2  30.0  30.9  30.7  31.1  27.3  30.3  28.9  29.7  28.6  29.5  28.7  29.3  29.2  29.4  29.8  30.9  28.7  30.4  27.1  28.2  27.3  27.9  27.8  28.3  27.8  28.6  26.0  30.5  31.4  30.8  32.4  30.7  31.9  30.6  33.0  29.5  33.5  29.4  31.7  31.1  31.2  27.4  29.8  30.3  26.0  30.4  27.7  31.1  29.2  29.7  29.2  29.9  29.1  29.0  28.4  27.7  28.5  28.5  27.5  27.4  26.3  28.4  28.1  26.1  26.8  28.7  28.0  26.6  26.4  27.8  28.2  26.9  27.0  28.8  27.6  26.8  26.4  30.3  25.8  26.6  28.2  27.9  28.7  31.3  27.1  28.2  31.1  30.2  30.2 
Direction:  n n n n n n n n n n n n n n n n n n n n n n n n n n n n n n n n n n n n n n n n n n n n n n n n n n n n n n n n n n n n n n n n n n n n n n n n n n n n n n n n n n n n n n n n n n n n n n n n n n n n n n n n n n n n n n n n n n n n n n n n n n n n n n n n n n n n n n n n n n n n n n n n n n n n n n n n n n n n n n n n n n n n n n n n n n n n n n n n n n n n n n n n n n n n n n n n n n n n n n n n

32.2: Count:  30.2 (  1.8) A:  23.4 [10-41] B:  32.5 [10-60] Phase: 94 ( 3.52) Direction:  n
Phase: {21,12,3,9,13,27,19,9,11,27,24,32,24,24,40,34,16,67,90,56,35,41,73,47,116,101,79,169,144,138,258,138,173,171,277,247,237,253,335,309,312,349,358,299,293,401,381,402,540,412,404,427,540,483,567,563,669,564,579,762,656,659,804,673,522,634,582,702,740,617,461,474,631,662,591,570,706,831,820,1251,1551,2146,2854,4016,5963,8331,12768,18228,27525,38109,62077,71338,90494,100851,105122,96762,83974,65696,47514,34149,23167,16263,10409,9260,6621,4966,4164,3625,2939,2183,2056,1835,1550,1427,1415,1213,1118,1388,1263,1210,1291,1231,1239,1085,1115,1184,1022,780,650,776,705,675,616,581,433,557,345,346,417,472,267,400,328,395,319,244,265,192,280,281,204,250,222,244,153,122,126,156,188,96,52,39,84,112,39,52,31,25,40,25,10,8,14,4,16,0,23,5,0,0,0,0,0,0,0,1,0,1,0,0,0,0,0,0,0,0,0,0,0,0,0,0,0,0,0,0,0,0,0,0,0,0,0,0,0,0,0,0,0,0,0,0,0,0,0,0,0,0,0,0,0,0,0,0,0,0,0,0,0,0,0,0,0,0,0,0,0,0,0,0,0,0,0,0,0,0,0,0,0,0,0,0,0,0,0,0,0,0,0,0,0,0,0,0,0,0,0,0,0,0,0,0,0,0,0,0,0,0,0,0,0,0,0,0,0,0,0,0,0,0,0,0,0,0,0,0,0,0,0,0,0,0,0,0,0,0,0,0,0,0,0,0,0,0,0,0,5,0,0,0,0,0,7,0,0,9,0,0,1,5,0,0,1,0,0,0,0,16,0,0,4,0,0,0,10,3,2,0,7,8}
Count:  32.4  31.1  29.0  30.1  29.1  30.6  27.0  30.2  28.1  30.7  28.5  30.7  28.0  30.2  27.4  31.1  29.1  31.0  27.3  30.4  28.7  31.4  29.2  32.8  29.5  28.9  30.8  31.2  29.3  32.7  30.8  33.6  33.6  30.2  30.8  32.6  31.7  33.9  32.9  30.9  35.0  31.8  33.1  30.9  31.0  30.9  32.5  33.2  29.9  30.2  29.0  30.4  29.1  30.8  29.8  30.2  30.2  29.7  31.1  31.5  30.9  30.0  32.6  31.4  34.0  31.6  32.8  31.6  33.0  31.9  33.4  31.0  33.2  31.8  31.7  30.5  30.7  30.5  31.0  29.8  30.4  30.2  31.7  29.4  31.2  30.9  31.1  30.6  29.8  31.1  32.4  28.9  33.2  30.5  33.5  30.5  33.4  30.0  33.5  30.4  32.9  29.4  31.8  30.3  30.8  29.5  32.6  30.3  33.4  31.2  32.2  30.5  31.3  30.6  31.6  28.7  30.7  29.1  30.1  29.3  29.3  28.5  29.4  29.2  29.6  30.1  30.6  29.4  31.4  28.1  28.5  28.6  28.2  28.1  28.7  28.1  28.3  27.2  31.1  32.4  30.9  33.1  31.2  32.0  30.9  32.8  29.7  34.0  30.4  31.9  32.3  31.6  27.4  30.4  31.1  26.2  31.0  27.8  31.4  29.6  29.8  29.8  30.2  29.3  28.8  29.3  27.9  28.6  28.3  27.7  27.9  26.8  28.5  28.7  26.9  26.6  28.7  28.3  26.7  26.3  28.0  28.5  26.7  27.8  28.9  27.5  26.9  27.0  31.0  26.1  26.8  28.8  28.5  29.1  31.6  27.9  28.5  31.9  31.0  30.6 
Direction:  n n n n n n n n n n n n n n n n n n n n n n n n n n n n n n n n n n n n n n n n n n n n n n n n n n n n n n n n n n n n n n n n n n n n n n n n n n n n n n n n n n n n n n n n n n n n n n n n n n n n n n n n n n n n n n n n n n n n n n n n n n n n n n n n n n n n n n n n n n n n n n n n n n n n n n n n n n n n n n n n n n n n n n n n n n n n n n n n n n n n n n n n n n n n n n n n n n n n n n n n

32.3: Count:  30.8 (  1.9) A:  24.6 [10-44] B:  31.6 [10-57] Phase: 91 ( 3.21) Direction:  nPhase: 85 ( 1.95) Direction:  nPhase: 88 ( 1.03) Direction:  nPhase: 90 ( 0.22) Direction:  n
Phase: {68,7,0,6,21,69,27,49,62,30,29,68,37,66,82,132,46,70,111,44,78,100,115,85,167,131,107,232,215,202,250,261,263,150,364,332,256,325,327,488,364,434,474,396,315,621,354,516,513,439,559,582,595,666,669,603,562,598,611,745,775,798,624,757,502,650,589,638,731,585,553,449,783,848,780,1077,1471,1962,2450,3696,4763,6470,9503,14696,22390,31945,45084,61846,80204,90606,114764,99158,95639,76401,60594,42652,30266,20313,14497,10375,8542,6869,4665,4329,3567,3189,2628,2837,2489,1612,1751,1552,1409,1190,1341,1251,1110,1440,1218,1166,1102,1314,1086,1065,1126,971,1013,845,718,774,644,703,660,506,498,506,425,411,392,316,395,337,348,321,300,442,318,229,285,288,204,177,125,179,153,176,126,110,120,52,59,61,88,52,17,45,25,17,16,29,19,15,0,10,6,2,1,0,7,0,8,0,0,7,0,0,0,0,0,0,0,0,0,0,0,0,0,0,0,0,0,0,0,0,0,0,0,0,0,0,0,0,0,0,0,0,0,0,0,0,0,0,0,0,0,0,0,0,0,0,0,0,0,0,0,0,0,0,0,0,0,0,0,0,0,0,0,0,0,0,0,0,0,0,0,0,0,0,0,0,0,0,0,0,0,0,0,0,0,0,0,0,0,0,0,0,0,0,0,0,0,0,0,0,0,0,0,0,0,0,0,0,0,0,0,0,0,0,0,0,0,0,0,0,0,0,0,0,0,0,0,0,0,0,0,0,0,0,0,0,0,0,0,0,0,0,0,0,0,0,0,0,0,0,0,0,0,0,0,3,0,0,0,0,0,11,0,6,0,10,10,2,1,4,2,2,18,24,2,1}
Count:  33.9  31.8  29.4  29.3  29.5  31.4  27.6  30.6  28.3  31.7  29.3  31.5  29.4  31.2  28.5  31.3  29.2  32.4  27.6  31.1  28.8  32.2  30.0  34.4  30.0  29.5  32.8  30.8  29.7  34.0  31.6  34.1  35.1  30.8  31.1  33.7  31.7  35.4  33.9  31.1  36.3  32.2  32.8  31.5  31.1  31.2  33.0  34.0  30.7  30.6  30.1  30.9  29.6  31.7  30.1  31.6  31.1  30.7  31.5  31.8  31.5  30.0  33.2  32.1  34.3  32.2  34.0  32.1  33.4  32.3  33.7  31.4  33.9  31.9  32.2  30.9  31.7  30.5  31.6  31.0  31.7  30.6  32.3  30.0  31.3  31.0  32.3  30.8  31.6  31.4  32.8  29.5  33.7  30.6  33.9  30.8  33.7  30.2  34.4  31.0  33.8  29.6  32.9  30.8  31.4  30.1  32.6  31.5  33.6  32.1  32.1  30.6  32.1  31.1  32.3  29.1  31.2  29.9  30.5  29.4  29.7  29.1  29.8  29.8  30.5  30.0  31.2  29.6  32.2  28.0  29.1  28.7  28.7  29.5  29.3  28.9  29.5  28.3  31.4  32.2  31.8  33.4  31.8  32.5  31.0  33.3  30.1  34.3  30.8  32.5  32.2  31.8  27.9  30.6  31.0  26.7  31.3  28.5  31.9  30.3  31.0  29.7  31.0  29.9  29.7  29.3  28.7  28.9  28.8  27.5  27.9  27.0  28.8  28.4  27.1  27.1  29.1  28.3  27.1  27.1  28.4  28.6  27.7  27.9  29.6  27.4  27.0  27.2  31.6  26.8  27.0  29.1  28.2  29.9  32.2  28.4  28.8  32.4  32.0  31.1 
Direction:  n n n n n n n n n n n n n n n n n n n n n n n n n n n n n n n n n n n n n n n n n n n n n n n n n n n n n n n n n n n n n n n n n n n n n n n n n n n n n n n n n n n n n n n n n n n n n n n n n n n n n n n n n n n n n n n n n n n n n n n n n n n n n n n n n n n n n n n n n n n n n n n n n n n n n n n n n n n n n n n n n n n n n n n n n n n n n n n n n n n n n n n n n n n n n n n n n n n n n n n n

32.4: Count:  31.3 (  2.0) A:  25.7 [10-47] B:  30.5 [10-55] Phase: 88 ( 3.10) Direction:  nPhase: 82 ( 1.77) Direction:  nPhase: 85 ( 1.08) Direction:  n
Phase: {43,31,27,17,44,29,34,59,23,55,71,66,58,74,90,76,101,259,211,106,112,151,230,185,216,121,150,246,280,293,343,306,344,294,398,431,389,442,447,483,599,518,520,598,499,597,516,679,612,574,757,581,719,598,745,789,650,669,612,773,756,623,583,615,486,640,650,573,628,710,761,691,1160,1629,1736,2708,3501,4559,6008,9707,13901,20631,30687,44983,63752,82022,99539,107363,108338,93171,92710,56637,41122,28401,20397,14679,11485,8104,6412,5558,5060,4399,2824,3081,2666,2549,2147,2147,1508,1343,1459,1122,972,1041,1082,1156,956,1323,1264,1324,1199,1185,1184,1203,1122,1074,1056,931,725,717,778,532,560,490,452,531,375,366,452,414,448,415,308,349,324,272,310,182,260,343,264,145,232,175,109,117,125,96,111,78,96,74,52,53,12,48,56,32,18,17,27,5,25,7,6,9,10,0,0,0,0,0,0,0,1,0,0,0,0,0,5,0,0,0,0,0,0,0,0,0,0,0,0,0,0,0,0,0,0,0,0,0,0,0,0,0,0,0,0,0,0,0,0,0,0,0,0,0,0,0,0,0,0,0,0,0,0,0,0,0,0,0,0,0,0,0,0,0,0,0,0,0,0,0,0,0,0,0,0,0,0,0,0,0,0,0,0,0,0,0,0,0,0,0,0,0,0,0,0,0,0,0,0,0,0,0,0,0,0,0,0,0,0,0,0,0,0,0,0,0,0,0,0,0,0,0,0,0,0,0,0,0,0,0,0,0,0,0,0,0,0,0,0,0,0,0,0,0,0,0,0,9,0,5,0,0,3,9,1,11,2,0,0,0,1,1,16,3,0,20,24,10,8,2,18,19,22,5,7,28}
Count:  34.3  33.1  30.1  29.9  30.3  31.9  28.7  31.1  28.2  32.4  29.4  31.7  29.8  31.8  29.4  31.9  30.2  32.6  27.5  31.5  29.8  33.0  30.9  33.9  30.4  29.9  32.9  31.5  29.8  34.9  32.2  34.3  34.9  30.4  32.0  33.7  32.2  35.8  35.7  31.9  36.9  32.4  34.2  31.6  32.1  31.2  33.1  34.5  31.4  31.2  30.6  31.5  30.9  31.7  30.6  31.7  31.6  31.5  31.7  32.8  32.4  31.3  33.4  31.9  34.2  32.1  34.2  32.3  35.2  33.0  34.5  32.1  34.5  32.3  33.1  31.5  33.7  30.9  31.9  31.3  33.3  31.6  33.0  30.1  32.1  31.1  32.4  30.8  32.4  31.5  33.3  29.7  33.8  31.4  34.8  31.4  34.4  31.0  34.2  31.5  34.9  30.0  34.0  30.9  32.4  30.5  33.0  31.9  34.3  32.0  32.3  31.2  32.2  31.4  32.8  30.1  31.9  30.5  30.7  29.8  30.0  29.8  29.9  30.0  30.5  31.4  31.7  30.0  33.0  28.7  29.7  29.0  29.7  29.6  29.9  29.2  29.6  28.6  31.8  32.5  32.2  34.1  32.0  33.5  31.5  34.0  30.3  34.7  31.3  33.4  32.7  33.1  27.9  30.8  31.2  27.7  31.3  29.4  32.0  30.1  31.2  30.5  30.5  30.1  29.7  29.1  28.6  29.8  29.2  28.2  28.7  27.5  28.6  29.2  27.5  27.0  29.5  29.0  27.7  27.3  28.8  29.0  27.3  27.9  29.6  28.0  27.5  27.5  31.7  26.8  27.4  29.7  29.0  30.3  32.5  28.2  29.8  32.8  32.3  31.1 
Direction:  n n n n n n n n n n n n n n n n n n n n n n n n n n n n n n n n n n n n n n n n n n n n n n n n n n n n n n n n n n n n n n n n n n n n n n n n n n n n n n n n n n n n n n n n n n n n n n n n n n n n n n n n n n n n n n n n n n n n n n n n n n n n n n n n n n n n n n n n n n n n n n n n n n n n n n n n n n n n n n n n n n n n n n n n n n n n n n n n n n n n n n n n n n n n n n n n n n n n n n n n

32.5: Count:  32.0 (  2.1) A:  26.6 [10-50] B:  29.0 [10-54] Phase: 85 ( 3.49) Direction:  nPhase: 90 ( 0.23) Direction:  nPhase: 90 ( 0.22) Direction:  n
Phase: {49,37,25,28,39,82,70,70,77,92,90,59,77,143,185,151,110,209,214,117,192,207,211,257,177,249,218,325,357,278,442,315,348,291,440,547,488,545,447,415,488,492,644,543,428,862,548,687,647,773,761,729,694,756,682,739,775,572,662,610,710,562,711,830,636,674,1117,1007,1210,1333,1784,1696,3015,4050,4702,7075,9406,13676,18609,29834,41127,57616,73061,91664,99799,106795,100523,85882,68098,44799,51054,21432,17693,13428,11325,8937,7117,5884,4404,4020,3962,3563,2787,2781,2798,2319,1748,2013,1623,1165,1424,1183,1113,1139,1263,1201,1014,1340,1129,1186,1338,1070,1290,999,977,895,1059,772,956,653,657,562,652,617,451,515,496,431,441,337,375,290,285,331,247,281,331,186,180,251,150,170,175,171,102,128,89,65,106,92,41,38,76,47,59,39,13,16,1,13,35,11,16,6,2,9,14,0,0,0,9,0,4,0,3,0,0,0,0,0,0,0,0,0,0,0,0,0,0,0,0,0,0,0,0,0,0,0,0,0,0,0,0,0,0,0,0,0,0,0,0,0,0,0,0,0,0,0,0,0,0,0,0,0,0,0,0,0,0,0,0,0,0,0,0,0,0,0,0,0,0,0,0,0,0,0,0,0,0,0,0,0,0,0,0,0,0,0,0,0,0,0,0,0,0,0,0,0,0,0,0,0,0,0,0,0,0,0,0,0,0,0,0,0,0,0,0,0,0,0,0,0,0,0,0,0,0,0,0,0,0,0,0,0,1,0,0,0,0,1,1,0,0,1,5,5,2,0,10,0,5,0,17,11,14,0,18,0,0,26,2,0,9,7,1,14,11,9,0,32,9,26,9,2,35,6,24,33,17,18}
Count:  35.2  33.5  30.2  31.1  30.4  33.4  28.5  32.8  28.9  34.1  30.1  33.1  29.7  33.0  30.3  32.8  30.9  33.3  28.3  32.7  30.1  33.4  31.8  35.4  30.6  30.0  34.2  31.8  31.4  35.2  32.7  34.7  36.1  31.4  32.3  34.6  32.9  37.2  35.8  32.2  37.7  33.1  34.9  32.8  33.1  31.6  33.8  36.0  32.0  32.1  32.0  31.9  31.4  33.0  32.2  32.9  32.0  32.5  32.8  34.1  33.5  32.4  35.2  33.0  35.3  33.4  34.2  33.4  36.0  33.2  35.5  33.3  36.0  32.5  34.7  33.1  34.7  31.7  32.5  31.3  34.7  32.1  34.5  31.6  33.4  31.7  33.4  31.5  34.7  32.0  35.3  30.4  35.8  32.1  35.8  32.7  34.9  31.4  36.2  32.2  35.1  30.6  35.0  31.3  33.7  31.0  33.2  31.3  35.1  33.1  33.2  31.6  33.0  31.3  33.3  30.7  32.7  30.8  31.3  30.4  30.1  30.3  31.1  30.8  31.1  32.6  32.1  30.8  33.5  29.7  30.5  30.5  30.9  30.4  30.5  29.5  30.6  29.1  32.8  33.3  32.8  34.7  32.2  34.5  31.9  34.2  30.9  35.8  31.6  33.9  33.7  33.8  28.4  32.0  31.4  29.0  32.1  29.5  32.7  30.9  31.8  31.2  31.4  30.0  30.7  30.0  29.6  29.8  29.3  29.2  29.0  28.4  29.7  29.8  28.8  27.6  30.1  29.3  28.2  27.5  29.8  29.3  28.3  27.7  30.1  29.4  28.3  29.1  32.3  27.6  28.0  30.5  29.6  31.7  33.8  29.3  30.2  33.8  32.9  31.5 
Direction:  n n n n n n n n n n n n n n n n n n n n n n n n n n n n n n n n n n n n n n n n n n n n n n n n n n n n n n n n n n n n n n n n n n n n n n n n n n n n n n n n n n n n n n n n n n n n n n n n n n n n n n n n n n n n n n n n n n n n n n n n n n n n n n n n n n n n n n n n n n n n n n n n n n n n n n n n n n n n n n n n n n n n n n n n n n n n n n n n n n n n n n n n n n n n n n n n n n n n n n n n

32.6: Count:  32.4 (  2.2) A:  27.7 [10-52] B:  27.5 [10-53] Phase: 83 ( 3.97) Direction:  n
Phase: {124,59,76,51,132,95,107,98,121,104,88,157,127,161,176,207,134,284,241,232,208,254,285,308,242,313,246,413,335,406,574,445,342,387,513,464,434,566,589,614,557,666,568,693,486,896,547,748,812,786,731,679,716,654,804,762,630,496,871,706,803,919,965,1469,992,1127,1777,1820,2484,2928,4106,4450,6728,9100,12072,17712,23265,32078,42880,57647,72738,85507,93049,95627,89904,81788,66402,52122,38038,23346,34599,12164,10818,9186,8704,7923,6199,4737,3922,3990,3741,3300,2683,2425,2538,2429,2073,1937,1815,1231,1335,1302,1144,1078,1050,1150,1050,1234,1316,1229,1273,1138,1374,833,955,1020,839,797,754,844,596,786,562,539,374,686,313,349,404,269,357,376,286,326,274,345,286,187,176,186,200,118,209,165,109,134,127,118,72,91,79,24,47,41,32,57,15,12,41,25,43,20,24,16,22,0,14,6,0,0,2,2,0,0,2,0,2,0,0,0,0,0,0,0,0,0,0,0,0,0,0,0,0,0,0,0,0,0,0,0,0,0,0,0,0,0,0,0,0,0,0,0,0,0,0,0,0,0,0,0,0,0,0,0,0,0,0,0,0,0,0,0,0,0,0,0,0,0,0,0,0,0,0,0,0,0,0,0,0,0,0,0,0,0,0,0,0,0,0,0,0,0,0,0,0,0,0,0,0,0,0,0,0,0,0,0,0,0,0,0,0,0,0,0,0,0,0,0,0,0,0,0,0,0,0,0,0,1,0,0,0,0,0,0,1,0,0,0,1,0,2,9,0,0,1,0,2,5,0,12,0,5,2,14,1,2,20,9,0,7,0,6,39,5,2,15,22,18,43,10,30,25,33,42,18,28,19,54,66,21}
Count:  35.8  33.8  30.6  31.8  31.0  33.3  28.5  32.8  29.4  32.9  30.1  33.6  30.7  32.8  30.6  33.7  30.6  33.9  29.5  32.5  30.6  33.7  31.5  35.9  30.9  31.0  34.4  31.6  31.6  36.5  34.1  35.9  37.1  31.4  32.9  35.5  33.3  37.5  36.4  33.4  38.3  33.4  36.1  33.0  33.4  32.5  34.7  36.2  32.4  33.1  32.1  32.4  31.6  33.3  31.9  33.7  32.8  32.9  33.2  34.1  34.1  32.6  35.0  33.0  35.3  33.0  35.4  33.4  36.9  33.4  36.2  33.2  36.2  33.2  35.3  33.3  34.9  31.5  34.1  32.0  35.2  31.8  34.9  31.4  33.0  31.9  34.4  31.5  34.8  32.1  34.8  30.5  36.3  32.2  37.2  33.0  36.0  32.0  35.8  32.5  35.6  30.5  35.7  32.3  33.3  30.9  33.7  32.0  34.8  32.7  34.4  32.3  33.2  31.9  33.6  31.1  33.2  30.8  31.6  31.4  30.7  30.5  30.4  30.4  31.9  32.2  32.9  31.4  33.7  30.6  31.0  31.1  30.8  30.9  31.5  30.4  30.8  30.4  33.1  34.3  32.6  34.9  32.0  35.0  31.8  35.3  31.0  36.0  32.4  34.6  34.0  34.2  28.7  31.8  32.0  28.7  32.1  29.3  32.8  30.8  33.0  30.7  31.8  30.5  31.3  30.0  29.7  30.6  29.5  29.2  29.0  28.7  29.0  29.5  29.0  27.6  29.7  29.7  29.0  27.5  29.8  29.3  28.1  28.4  30.3  30.1  27.7  28.4  32.4  28.1  28.5  30.9  29.7  31.3  34.1  29.7  30.3  33.5  32.8  31.6 
Direction:  n n n n n n n n n n n n n n n n n n n n n n n n n n n n n n n n n n n n n n n n n n n n n n n n n n n n n n n n n n n n n n n n n n n n n n n n n n n n n n n n n n n n n n n n n n n n n n n n n n n n n n n n n n n n n n n n n n n n n n n n n n n n n n n n n n n n n n n n n n n n n n n n n n n n n n n n n n n n n n n n n n n n n n n n n n n n n n n n n n n n n n n n n n n n n n n n n n n n n n n n

32.7: Count:  31.6 (  2.1) A:  29.3 [10-56] B:  26.2 [10-49] Phase: 81 ( 3.82) Direction:  n
Phase: {131,69,83,80,124,66,159,134,138,125,118,205,120,209,216,263,263,217,315,194,228,320,285,217,410,371,310,447,383,426,424,466,469,579,514,554,634,610,546,651,553,684,633,715,593,809,612,861,758,607,612,822,648,756,729,671,745,554,601,606,700,878,861,1068,894,1269,1998,2316,2822,3753,4876,5918,9958,13433,17994,27058,36720,51309,61775,80536,91902,99174,94263,86745,73776,57708,44522,31521,21783,13612,21283,8001,7030,6797,5894,5746,4136,3942,2847,3087,2757,2677,2143,2311,2045,2021,1753,1904,1681,1194,1367,1438,1288,1097,1248,1073,1043,1238,1145,1092,1058,1152,1247,905,1003,1031,1018,840,832,918,738,597,529,498,626,635,376,441,460,281,347,236,242,319,318,287,324,211,222,197,160,171,239,197,102,129,141,117,81,38,80,43,113,52,39,14,27,23,25,18,10,28,2,15,11,3,9,5,0,0,29,1,0,0,0,0,0,0,0,0,0,0,0,0,0,0,0,0,0,0,0,0,0,0,0,0,0,0,0,0,0,0,0,0,0,0,0,0,0,0,0,0,0,0,0,0,0,0,0,0,0,0,0,0,0,0,0,0,0,0,0,0,0,0,0,0,0,0,0,0,0,0,0,0,0,0,0,0,0,0,0,0,0,0,0,0,0,0,0,0,0,0,0,0,0,0,0,0,0,0,0,0,0,0,0,0,0,0,0,0,0,0,0,0,0,0,0,9,0,0,5,0,0,0,7,0,0,0,0,0,0,0,0,0,6,1,0,1,0,0,0,0,0,0,15,27,9,0,5,0,0,3,1,7,1,15,1,0,10,0,5,10,2,38,4,26,28,27,0,14,44,44,56,36,24,35,68,48,65,30}
Count:  33.9  32.6  30.4  30.3  30.8  32.2  27.7  31.3  28.4  32.2  29.7  32.7  29.7  32.5  29.4  32.6  30.0  32.7  29.1  31.7  29.3  32.9  30.1  34.5  30.5  29.9  33.3  31.8  29.8  35.7  32.3  35.2  35.7  31.0  31.8  34.5  32.6  35.3  35.8  32.1  36.6  32.9  35.2  32.5  32.1  32.0  33.7  34.5  31.6  32.1  31.7  31.5  30.5  32.5  31.9  32.1  32.4  31.7  32.3  32.2  32.8  32.0  34.1  32.8  34.3  33.2  34.9  32.4  36.4  33.0  35.6  33.0  34.8  32.2  33.8  32.5  33.9  30.9  33.3  30.9  34.9  30.8  33.5  30.9  32.7  31.0  32.8  31.1  33.8  31.0  34.3  29.3  34.9  31.4  35.1  32.2  35.0  30.9  35.1  31.6  34.9  30.6  34.8  31.4  33.0  30.5  32.5  30.6  35.1  31.9  33.1  31.4  32.9  31.7  32.6  30.7  32.1  30.8  30.7  30.6  29.9  29.8  30.1  30.4  31.3  32.5  32.1  30.0  32.8  30.1  30.6  29.5  30.2  29.8  29.9  29.3  29.9  29.4  32.5  33.6  31.5  34.1  31.3  34.2  30.8  33.9  30.6  35.4  32.0  33.3  33.6  32.8  27.9  31.9  32.0  29.4  30.7  28.8  32.9  30.8  31.2  29.9  30.6  29.8  30.4  28.9  29.2  29.1  29.0  28.8  28.6  27.4  29.8  28.8  28.6  27.0  29.3  29.0  27.9  27.7  29.3  29.1  27.6  27.0  29.7  27.8  28.0  27.3  32.1  27.1  27.9  30.2  29.2  30.8  32.5  29.4  30.0  32.7  31.4  31.5 
Direction:  n n n n n n n n n n n n n n n n n n n n n n n n n n n n n n n n n n n n n n n n n n n n n n n n n n n n n n n n n n n n n n n n n n n n n n n n n n n n n n n n n n n n n n n n n n n n n n n n n n n n n n n n n n n n n n n n n n n n n n n n n n n n n n n n n n n n n n n n n n n n n n n n n n n n n n n n n n n n n n n n n n n n n n n n n n n n n n n n n n n n n n n n n n n n n n n n n n n n n n n n

32.8: Count:  31.1 (  2.1) A:  30.8 [10-58] B:  24.7 [10-47] Phase: 81 ( 3.92) Direction:  nPhase: 75 ( 1.92) Direction:  n
Phase: {203,80,69,151,139,148,65,146,221,137,250,219,247,230,157,235,278,307,236,297,329,325,436,381,361,294,382,526,545,398,372,483,534,514,510,538,545,553,568,549,649,618,579,706,642,832,724,716,743,787,659,670,581,687,597,746,568,608,665,762,825,942,1334,1758,1172,1818,2651,2957,3935,5345,7106,8696,14568,19841,27386,36492,47481,61957,72275,85857,89077,89126,81913,72771,60038,46015,34522,25157,18463,12466,17178,7518,6913,5286,5405,5252,3916,3431,2813,2560,2696,2614,2118,2133,2060,1922,1853,1865,1619,1447,1361,1142,1165,1220,1303,1109,851,1296,1128,1258,1155,1080,1205,970,940,1024,893,929,867,767,598,722,561,573,562,583,450,439,383,406,305,358,335,326,288,291,241,156,243,165,175,191,110,173,69,72,135,120,125,35,78,60,37,25,19,34,28,12,0,31,16,18,32,6,30,16,0,0,6,2,16,0,0,5,0,0,0,0,0,0,0,0,0,0,0,0,0,0,0,0,0,0,0,0,0,0,0,0,0,0,0,0,0,11,0,0,0,0,0,0,0,0,0,0,0,0,0,0,0,0,0,0,0,0,0,0,0,0,0,0,0,0,0,0,0,0,0,0,0,0,0,0,0,0,0,0,0,0,0,0,0,0,0,0,0,0,0,0,0,0,0,0,0,0,0,0,0,0,0,0,0,0,0,0,0,0,0,0,0,0,0,0,0,0,0,0,0,0,0,0,0,0,0,0,0,0,0,0,0,0,0,0,0,12,0,19,0,0,0,3,0,1,0,0,0,0,4,14,12,1,23,10,11,8,0,2,16,0,19,20,37,4,35,28,14,36,4,25,13,36,36,43,44,51,45,48,92,53,63,59}
Count:  33.8  32.1  29.7  29.4  29.2  31.6  27.9  30.8  27.9  31.7  28.9  31.6  28.6  31.4  29.1  31.4  29.1  32.8  27.8  31.2  29.4  32.4  30.5  33.9  29.6  29.6  33.3  31.2  29.5  34.7  31.8  34.2  34.6  30.7  31.0  33.7  33.2  35.0  34.3  31.7  36.5  33.0  34.5  31.8  31.4  31.6  33.0  34.7  31.6  31.5  30.4  31.1  29.9  32.3  31.3  32.5  31.1  31.9  31.8  32.3  33.2  31.8  34.0  31.9  33.4  32.2  34.9  32.0  35.3  32.7  35.1  32.4  33.6  31.7  33.1  31.5  33.1  31.0  32.2  30.8  33.5  30.5  32.7  29.9  31.8  30.6  32.4  30.4  33.2  30.9  34.2  29.2  34.1  31.0  34.5  31.6  34.6  31.4  34.6  31.7  34.7  30.2  34.8  31.6  32.5  30.1  31.9  31.1  34.7  31.7  32.8  30.3  32.3  30.8  33.0  30.8  31.7  29.8  30.3  30.7  29.6  28.9  29.8  29.3  31.6  31.0  31.8  30.0  32.4  29.8  29.9  29.5  29.2  28.9  29.9  28.6  29.8  29.2  32.4  32.7  31.8  32.7  31.1  33.7  30.9  33.6  30.2  35.1  31.7  32.5  32.7  32.6  27.8  31.2  31.9  28.1  30.6  28.0  31.9  30.2  30.9  30.1  30.5  29.3  30.5  28.9  29.1  28.5  28.7  28.2  28.0  27.7  28.6  28.3  28.8  27.2  28.6  28.4  27.3  27.4  29.0  28.9  27.1  26.7  29.0  28.2  27.4  27.4  32.3  26.7  27.6  30.0  28.5  30.3  32.6  28.8  30.2  32.3  31.7  30.8 
Direction:  n n n n n n n n n n n n n n n n n n n n n n n n n n n n n n n n n n n n n n n n n n n n n n n n n n n n n n n n n n n n n n n n n n n n n n n n n n n n n n n n n n n n n n n n n n n n n n n n n n n n n n n n n n n n n n n n n n n n n n n n n n n n n n n n n n n n n n n n n n n n n n n n n n n n n n n n n n n n n n n n n n n n n n n n n n n n n n n n n n n n n n n n n n n n n n n n n n n n n n n n

32.9: Count:  30.2 (  2.1) A:  32.4 [10-59] B:  23.2 [10-45] Phase: 80 ( 4.46) Direction:  n
Phase: {142,43,124,148,158,119,169,175,189,152,211,192,176,247,255,238,272,273,286,251,380,407,338,352,407,429,324,509,465,415,541,455,425,578,578,517,547,658,646,655,624,729,740,700,768,697,567,674,572,674,492,592,719,527,586,699,723,628,779,774,820,1065,1154,1760,1558,2257,2983,3819,5117,7093,8861,11366,16785,23026,29994,38778,49905,62896,68030,78119,82007,81507,73944,66394,56337,44250,34378,26578,19213,13394,15151,7902,7254,6203,5096,4264,3903,3299,2853,2771,2683,2398,1967,2046,1970,1956,1693,1819,1669,1290,1440,1362,1355,1277,1206,1340,989,1176,1096,1158,1090,1166,1086,1001,1312,1204,978,989,772,818,637,595,584,495,573,554,503,456,526,357,399,328,411,264,272,214,277,179,265,192,180,140,168,190,90,152,172,109,82,58,54,60,88,20,22,40,37,44,20,25,9,10,23,6,0,8,7,3,1,0,3,1,5,0,1,0,3,7,0,0,10,0,0,0,0,0,0,0,0,0,0,0,0,0,0,0,0,2,0,0,0,0,0,0,0,0,0,0,0,0,0,0,0,0,0,0,0,0,0,0,0,0,0,0,0,0,0,0,0,0,0,0,0,0,0,0,0,0,0,0,0,0,0,0,0,0,0,0,0,0,0,0,0,0,3,0,0,0,0,0,0,0,0,0,0,7,1,0,0,0,0,0,0,0,0,0,0,0,0,0,0,0,0,0,1,0,0,0,0,7,7,0,0,0,0,0,5,0,1,0,0,4,9,10,0,0,1,2,0,0,0,5,0,7,20,8,19,16,6,0,10,10,0,27,10,11,23,0,2,25,41,8,39,37,58,23,46,38,46,53,51,63,48,62,46,63,46,80,90,65}
Count:  31.6  31.4  28.3  28.8  28.4  31.2  26.3  29.7  27.2  30.3  27.9  30.2  28.5  30.6  27.8  30.0  28.6  32.1  27.2  31.1  29.2  31.7  29.1  33.1  29.7  28.9  32.0  30.3  28.4  33.4  30.4  33.8  33.8  30.3  30.7  33.6  31.3  34.1  33.9  31.3  35.2  31.3  33.0  31.1  31.1  30.7  33.4  33.7  30.5  29.9  29.6  30.2  28.1  31.2  29.7  30.5  29.6  30.7  30.6  31.2  32.2  31.1  32.2  30.8  33.1  32.3  32.6  32.0  34.7  32.5  33.9  31.8  32.6  30.1  32.4  30.7  31.5  29.6  31.2  29.8  32.0  30.3  31.0  28.5  30.6  29.8  32.1  30.1  31.9  30.7  32.9  29.0  33.1  30.6  34.1  31.2  32.5  30.5  34.3  30.8  34.1  29.2  34.3  31.4  31.9  28.8  31.4  30.1  33.1  31.4  32.8  31.1  30.7  29.8  31.8  30.0  29.8  29.1  29.6  30.3  29.7  27.9  28.9  28.2  29.8  29.5  30.2  29.5  31.0  28.6  29.0  28.2  28.4  27.7  28.7  28.5  28.4  27.8  31.5  31.7  30.8  32.6  30.2  32.6  30.5  31.9  29.4  34.4  30.8  31.9  32.0  31.8  26.7  31.2  30.5  27.6  30.1  26.7  32.3  30.1  30.6  28.7  30.3  29.1  29.9  28.1  28.4  28.7  28.6  27.8  27.1  26.3  27.7  27.4  28.2  26.6  27.9  27.3  27.2  26.7  28.3  28.7  26.5  26.2  27.9  26.2  26.4  26.0  31.4  25.7  26.0  28.1  28.3  29.2  31.4  27.6  29.9  31.3  30.6  30.2 
Direction:  n n n n n n n n n n n n n n n n n n n n n n n n n n n n n n n n n n n n n n n n n n n n n n n n n n n n n n n n n n n n n n n n n n n n n n n n n n n n n n n n n n n n n n n n n n n n n n n n n n n n n n n n n n n n n n n n n n n n n n n n n n n n n n n n n n n n n n n n n n n n n n n n n n n n n n n n n n n n n n n n n n n n n n n n n n n n n n n n n n n n n n n n n n n n n n n n n n n n n n n n

33.0: Count:  29.2 (  1.9) A:  34.1 [10-63] B:  21.6 [10-41] Phase: 81 ( 4.82) Direction:  n
Phase: {158,99,69,99,137,164,145,105,236,191,228,202,141,222,280,293,296,300,370,307,358,295,439,389,348,437,453,553,528,474,595,626,648,519,501,599,625,647,547,587,600,716,634,545,633,647,456,652,577,714,545,514,597,555,526,611,566,556,706,724,915,942,1145,1566,1399,2010,2917,3404,4633,6280,7826,9491,15201,20144,25614,32909,40898,52548,57751,66301,72065,75578,72691,66529,60513,50919,40949,33302,24787,17246,17664,10131,8095,6656,5550,5073,4197,3356,3026,2713,2419,2373,2046,2060,1879,1800,1960,1763,1746,1410,1435,1396,1422,1527,1237,1180,1046,1272,1193,1132,1209,1244,929,941,1069,945,835,946,899,898,685,708,669,611,371,607,421,401,372,343,264,426,312,319,255,326,273,155,176,170,195,141,147,139,125,113,90,90,89,85,98,84,108,72,21,32,26,20,23,14,20,17,26,10,15,12,6,13,0,0,1,5,0,5,11,2,0,0,0,0,0,0,0,0,0,9,0,0,0,0,0,0,0,0,0,0,0,1,0,0,0,0,0,0,0,0,0,0,0,0,0,0,0,0,0,0,0,0,0,0,0,0,0,0,0,0,0,0,0,0,0,0,0,0,0,0,0,0,0,0,0,0,0,0,0,0,0,0,0,0,0,0,0,0,0,0,0,0,0,0,0,0,0,0,0,0,0,0,0,0,0,0,0,0,0,0,0,0,0,1,0,0,0,0,0,0,0,15,0,0,17,0,5,0,0,0,1,0,0,6,0,0,0,0,8,11,2,4,0,1,13,9,0,12,1,29,4,0,0,16,10,13,24,5,12,18,21,13,8,23,0,16,16,41,24,28,23,42,14,56,69,40,73,98,87,56,99,82,94,77}
Count:  30.7  30.1  26.7  27.4  27.6  28.9  26.0  28.2  26.9  29.4  26.4  29.4  26.8  28.6  27.1  28.5  27.4  31.3  26.3  30.0  26.9  30.9  28.4  31.6  29.0  28.1  30.0  29.5  27.3  31.8  28.0  33.4  32.4  29.2  29.0  32.0  30.3  32.9  32.5  30.2  34.1  30.1  31.6  29.5  30.3  29.9  32.1  32.8  29.4  29.8  27.9  28.9  26.6  29.7  28.2  29.8  28.0  29.0  28.9  30.1  32.2  30.7  31.3  29.9  31.6  30.5  31.9  31.3  32.5  30.8  32.1  30.4  31.6  29.6  30.3  29.7  29.4  28.6  29.9  29.4  29.5  28.9  29.9  28.0  29.5  29.3  30.7  28.3  30.1  30.1  31.5  27.9  31.0  29.6  32.6  30.0  31.4  30.3  33.3  29.8  32.8  28.5  33.0  30.0  30.8  29.0  30.3  29.5  31.0  30.0  32.2  30.3  29.8  28.3  30.7  28.8  28.5  28.1  27.9  29.4  27.8  27.1  27.7  27.7  28.7  28.2  29.8  28.3  30.0  27.6  28.2  26.4  27.8  26.8  27.9  27.3  27.3  27.6  30.3  30.9  30.3  31.1  29.1  31.1  29.6  30.6  29.0  32.9  29.7  30.6  30.5  30.8  25.9  30.3  30.1  26.4  28.4  25.7  31.2  29.1  29.3  27.8  29.2  28.3  28.6  27.7  27.6  26.9  28.3  27.7  26.9  25.8  27.3  26.9  27.2  25.7  27.3  26.5  27.1  25.5  27.4  27.4  25.7  25.5  27.3  25.9  25.8  25.3  30.6  25.3  25.6  27.3  27.2  28.7  30.7  26.9  28.4  30.2  28.9  29.2 
Direction:  n n n n n n n n n n n n n n n n n n n n n n n n n n n n n n n n n n n n n n n n n n n n n n n n n n n n n n n n n n n n n n n n n n n n n n n n n n n n n n n n n n n n n n n n n n n n n n n n n n n n n n n n n n n n n n n n n n n n n n n n n n n n n n n n n n n n n n n n n n n n n n n n n n n n n n n n n n n n n n n n n n n n n n n n n n n n n n n n n n n n n n n n n n n n n n n n n n n n n n n n

33.1: Count:  28.1 (  1.8) A:  35.5 [10-64] B:  19.9 [10-37] Phase: 83 ( 5.07) Direction:  nPhase: 90 ( 0.23) Direction:  nPhase: 73 ( 2.13) Direction:  n
Phase: {203,68,125,106,175,130,146,158,222,141,168,291,200,276,272,277,241,341,363,296,354,343,326,392,434,390,336,537,395,472,484,408,503,530,556,505,578,530,557,474,584,589,489,565,473,807,539,567,458,535,580,536,472,442,451,597,629,533,746,768,788,765,990,1359,1089,1887,2365,2918,3556,4575,6068,7593,11633,14318,17798,23298,28378,36749,41200,49493,56207,60740,62972,64022,63361,56886,52222,45734,37718,29385,30271,18545,15339,12373,9148,7546,6064,4989,4135,3775,3263,2891,2419,2638,2071,1989,1836,1917,1730,1457,1524,1580,1512,1293,1259,1378,941,1386,1286,1083,1000,1024,1114,903,1015,1041,953,757,871,798,746,671,696,642,625,645,459,358,398,369,319,443,426,249,215,254,217,220,198,229,218,174,136,110,108,80,95,68,86,91,68,47,44,62,57,72,23,61,47,44,12,24,4,12,16,29,3,7,0,19,3,1,2,0,7,1,0,0,12,10,0,1,0,0,5,1,0,0,0,0,0,0,0,0,0,0,0,0,0,0,12,0,0,0,0,0,0,0,0,0,0,0,0,0,0,0,0,0,0,0,0,0,0,0,0,0,0,0,0,0,0,0,0,0,0,0,0,0,0,0,0,0,0,0,0,0,0,0,0,0,0,0,0,0,0,0,0,0,0,0,0,0,0,0,0,0,0,5,0,0,0,1,0,0,0,0,0,0,0,0,5,0,5,0,0,0,0,0,0,3,0,0,0,6,1,0,0,3,0,0,8,0,3,0,17,0,0,2,17,15,0,0,0,9,0,22,23,8,11,22,2,7,14,24,2,8,22,16,4,19,27,26,37,31,53,52,28,46,25,67,39,35,56,25,74,60,101,99,83,57}
Count:  29.1  29.2  26.2  26.6  26.7  28.0  24.6  26.6  25.4  27.7  25.8  27.9  25.4  27.6  25.8  27.6  27.6  29.7  25.6  30.4  26.1  29.9  27.4  30.9  28.3  27.3  29.5  28.3  26.4  30.8  27.3  31.6  31.5  29.0  28.2  31.2  29.3  30.4  31.3  28.5  32.6  29.2  30.2  28.5  29.0  29.0  30.3  31.7  28.2  28.9  26.6  28.7  25.9  29.3  27.1  28.6  27.7  28.1  28.5  29.6  29.8  29.7  29.8  29.2  30.2  29.6  30.0  30.1  31.1  30.1  30.5  29.1  29.9  28.9  28.6  29.1  27.9  28.0  28.4  28.5  27.9  28.1  27.2  26.8  28.4  28.7  29.5  27.8  29.3  29.4  30.8  27.0  29.2  28.8  31.7  29.2  30.5  28.7  31.4  29.1  30.7  27.9  31.9  29.5  30.0  27.5  29.3  28.3  30.1  28.7  30.8  28.7  29.2  27.7  28.8  27.1  27.5  27.3  26.1  28.1  26.8  25.2  26.5  26.8  27.4  27.9  28.5  26.4  28.9  26.4  26.8  26.3  26.3  25.5  26.4  26.3  25.3  25.1  28.6  28.9  28.7  29.5  28.1  29.6  28.4  29.8  28.3  32.4  28.8  30.1  29.7  30.3  25.3  29.5  28.5  25.9  27.5  25.2  30.8  28.8  29.3  26.6  28.4  27.9  28.2  27.1  26.9  26.6  27.7  26.8  26.2  25.5  26.3  26.4  26.5  25.0  26.3  25.8  25.9  25.0  26.9  27.4  24.7  25.0  26.8  25.0  25.2  24.5  29.2  24.4  25.7  26.6  26.6  28.0  29.6  26.3  27.7  28.9  28.0  28.7 
Direction:  n n n n n n n n n n n n n n n n n n n n n n n n n n n n n n n n n n n n n n n n n n n n n n n n n n n n n n n n n n n n n n n n n n n n n n n n n n n n n n n n n n n n n n n n n n n n n n n n n n n n n n n n n n n n n n n n n n n n n n n n n n n n n n n n n n n n n n n n n n n n n n n n n n n n n n n n n n n n n n n n n n n n n n n n n n n n n n n n n n n n n n n n n n n n n n n n n n n n n n n n

33.2: Count:  26.8 (  1.7) A:  36.8 [10-84] B:  18.3 [10-43] Phase: 85 ( 5.52) Direction:  nPhase: 90 ( 2.23) Direction:  n
Phase: {168,64,60,57,130,163,122,188,143,177,142,175,152,246,257,307,251,262,383,224,278,434,382,292,307,364,308,461,542,508,403,439,504,482,402,428,474,487,647,551,428,489,478,603,512,544,440,593,578,581,447,417,596,486,469,543,493,386,597,511,558,534,682,700,714,862,1097,1429,2022,2356,3094,3760,5279,6319,8251,11389,14757,20156,22409,29403,34710,42476,47146,52321,57486,58651,58711,58808,54098,47420,50158,34414,30033,24036,19415,15309,12342,8969,7283,5713,4900,4048,3133,2899,2863,2174,2069,2252,2117,1647,1938,1864,1574,1495,1421,1263,1158,1221,1198,1107,1029,952,912,1067,991,881,787,639,714,852,698,769,788,795,511,596,334,503,370,443,396,383,318,236,283,168,224,230,194,209,113,160,153,260,168,137,138,116,50,71,60,74,89,79,38,15,45,8,31,16,56,24,6,7,21,21,8,10,1,12,1,0,0,5,0,0,2,0,0,0,2,0,0,0,0,0,0,0,0,0,0,0,0,0,0,0,0,0,0,0,0,0,0,0,0,0,0,0,0,0,0,0,0,0,0,0,0,0,0,0,0,0,0,1,0,0,0,0,2,0,0,0,0,0,0,0,0,0,0,0,0,0,0,0,0,0,0,0,1,0,0,0,0,0,0,0,0,0,0,0,0,0,0,0,0,0,0,0,0,0,0,4,0,0,0,0,2,0,1,0,0,0,1,12,0,0,0,0,0,0,7,0,0,9,0,5,0,0,2,11,0,1,11,15,0,15,7,2,0,0,0,16,0,3,25,12,15,13,4,7,22,35,25,12,2,12,25,8,56,10,46,0,30,27,37,47,50,7,13,51,88,28,63,35,42,71,34,38,60,42}
Count:  28.4  27.7  24.9  24.2  25.4  26.5  23.0  26.1  24.5  25.8  24.4  26.9  24.2  26.6  24.0  25.6  25.1  28.1  23.7  27.4  24.6  27.9  26.4  29.2  26.2  25.8  27.4  28.1  25.5  28.8  26.3  30.2  30.5  27.9  26.2  29.1  28.7  29.8  28.9  25.0  32.0  28.8  28.7  26.8  27.4  28.5  29.2  30.8  26.4  27.5  25.9  27.0  24.1  27.2  24.8  26.8  26.2  27.5  27.1  28.3  27.4  27.8  28.6  27.7  28.9  28.5  28.9  28.5  29.1  28.0  29.0  28.6  28.5  28.6  27.3  27.6  25.8  26.8  27.0  27.1  26.8  26.5  26.2  26.2  27.2  27.5  26.3  27.2  28.3  27.6  28.6  26.2  28.3  27.6  29.4  28.2  29.4  27.1  30.0  28.2  29.4  27.3  30.0  26.7  27.7  25.8  28.2  27.6  29.0  27.2  29.0  26.7  26.7  26.8  27.4  26.2  25.3  26.8  25.0  26.2  24.0  24.7  25.3  24.9  26.2  26.5  27.8  24.8  27.7  24.7  25.1  24.5  24.8  24.2  25.5  23.5  24.6  23.9  26.9  27.1  27.2  27.2  26.9  27.7  26.2  27.7  27.3  30.0  27.5  29.1  28.4  28.8  24.5  29.2  28.5  24.2  26.7  23.9  29.0  27.5  28.2  26.0  27.2  27.2  27.5  27.1  25.9  25.4  25.6  25.7  25.9  24.3  25.4  25.2  25.8  23.9  25.9  25.5  24.8  24.0  25.4  25.3  24.8  24.1  26.1  25.0  24.5  24.0  28.3  23.8  24.4  25.4  25.7  26.7  29.1  25.7  26.1  27.7  26.5  27.2 
Direction:  n n n n n n n n n n n n n n n n n n n n n n n n n n n n n n n n n n n n n n n n n n n n n n n n n n n n n n n n n n n n n n n n n n n n n n n n n n n n n n n n n n n n n n n n n n n n n n n n n n n n n n n n n n n n n n n n n n n n n n n n n n n n n n n n n n n n n n n n n n n n n n n n n n n n n n n n n n n n n n n n n n n n n n n n n n n n n n n n n n n n n n n n n n n n n n n n n n n n n n n n

33.3: Count:  25.4 (  1.7) A:  37.9 [10-69] B:  16.6 [10-33] Phase: 90 ( 5.54) Direction:  n
Phase: {134,68,99,96,82,92,92,144,180,167,173,150,104,179,161,157,258,237,180,206,240,296,250,261,382,349,239,405,300,390,377,354,373,351,429,440,443,366,466,376,491,364,449,450,581,636,394,489,468,481,479,500,483,477,458,509,454,349,505,416,524,398,371,540,428,404,509,517,735,820,834,1002,1715,1930,2562,3556,4409,6695,7496,10207,13166,16924,21121,26294,31243,36833,44072,47577,52920,54607,64364,52966,53644,47192,43935,37160,30375,25860,19641,15362,12471,9832,6893,6044,4645,3995,3043,3283,2760,2067,1966,1606,2024,1661,1673,1438,1088,1329,1313,1189,1049,955,922,981,1013,977,927,865,730,752,672,618,707,600,370,534,385,429,552,367,357,383,311,260,257,214,205,104,176,118,92,125,179,132,139,76,65,97,63,47,90,47,87,74,62,57,9,9,52,32,22,39,43,3,31,7,49,11,2,2,23,12,17,0,9,1,1,16,11,0,1,0,0,0,0,0,0,0,0,0,7,0,0,0,0,0,0,0,0,0,0,0,0,0,1,0,0,0,0,0,0,0,0,0,0,0,0,0,0,0,0,0,0,0,0,0,0,0,0,0,0,0,0,0,0,0,0,0,0,0,0,0,0,0,0,0,0,0,0,0,0,0,0,0,11,0,0,0,0,0,0,0,0,0,0,0,0,0,0,0,0,0,0,0,0,0,0,0,0,0,0,0,0,0,7,0,0,2,0,0,0,0,0,0,2,0,11,5,1,11,11,2,9,22,3,9,7,0,12,0,5,1,0,0,3,3,9,8,19,29,4,1,15,0,11,9,48,31,15,15,28,4,39,36,14,9,11,24,15,40,53,68,37,50,70,56,69,30,43,42}
Count:  26.5  26.1  22.2  22.7  23.3  24.7  21.8  24.4  22.9  23.6  22.6  24.3  21.9  24.1  21.8  23.8  23.2  27.4  23.1  26.1  23.3  26.5  24.2  27.7  25.2  24.2  27.7  26.8  23.2  26.9  24.9  28.6  29.1  27.2  25.0  27.6  27.5  28.0  26.8  24.1  29.8  27.2  26.4  24.0  25.6  27.7  28.6  28.6  24.8  26.4  25.3  24.7  23.0  25.9  23.8  26.0  24.6  25.8  25.3  26.6  26.1  26.1  26.5  27.2  27.9  27.3  27.3  27.1  27.6  27.6  26.7  27.2  27.0  26.8  25.0  27.1  24.9  25.5  24.4  25.9  25.6  25.6  23.7  24.9  24.7  26.3  25.2  25.8  26.6  26.4  27.0  25.4  25.8  26.2  27.8  26.8  28.0  26.1  27.9  26.5  27.5  25.6  28.2  25.9  25.1  24.6  25.4  25.6  26.2  25.3  26.4  25.1  26.1  24.8  25.7  24.1  23.0  24.5  23.0  24.4  23.2  23.2  23.6  24.0  24.7  24.4  25.6  23.0  25.4  22.4  23.3  22.7  23.7  22.8  23.3  22.4  22.7  22.3  25.2  25.0  25.3  25.5  25.6  26.3  24.8  27.1  25.5  28.9  26.7  28.0  26.6  27.4  23.8  28.3  27.2  22.7  26.4  22.8  28.3  26.8  26.8  25.2  26.2  26.5  26.1  25.6  25.8  24.8  25.0  24.3  24.9  23.8  25.1  25.0  24.9  23.4  25.4  24.3  24.2  23.6  25.1  24.6  23.7  23.3  25.1  24.3  24.0  23.1  26.5  22.6  24.2  24.1  24.9  25.4  27.7  24.0  25.4  25.6  24.9  26.3 
Direction:  n n n n n n n n n n n n n n n n n n n n n n n n n n n n n n n n n n n n n n n n n n n n n n n n n n n n n n n n n n n n n n n n n n n n n n n n n n n n n n n n n n n n n n n n n n n n n n n n n n n n n n n n n n n n n n n n n n n n n n n n n n n n n n n n n n n n n n n n n n n n n n n n n n n n n n n n n n n n n n n n n n n n n n n n n n n n n n n n n n n n n n n n n n n n n n n n n n n n n n n n

33.4: Count:  23.5 (  1.7) A:  38.5 [10-67] B:  15.1 [10-31] Phase: 95 ( 6.56) Direction:  nPhase: 100 ( 2.52) Direction:  n
Phase: {86,38,55,113,95,97,104,131,49,81,103,59,158,118,80,185,112,144,197,188,169,189,205,238,233,228,205,313,203,265,354,382,260,274,339,303,295,441,453,376,316,405,353,339,389,553,423,462,584,324,459,388,367,449,506,337,413,389,352,493,328,304,292,353,417,362,315,450,300,511,489,527,646,700,918,1113,1520,1846,2195,3196,4059,5316,6370,8684,10390,13182,15936,18848,22576,25342,36416,33524,38231,41413,45244,45314,44422,45478,43209,40497,37266,32848,26504,24745,20048,15549,13723,10903,9228,6712,5824,4608,3812,3214,2660,2083,1497,2223,1754,1222,1105,1230,1169,814,894,1067,836,789,849,725,733,695,502,615,519,678,362,521,494,377,352,302,388,275,251,262,246,145,163,171,157,159,212,152,72,154,94,80,92,73,47,52,61,77,16,24,58,46,42,36,42,71,4,21,14,19,0,3,23,14,37,0,18,13,11,8,0,0,9,4,2,1,0,8,0,0,0,0,0,0,0,0,0,0,0,0,3,0,0,0,0,0,0,0,0,0,0,0,0,0,0,0,0,0,0,0,0,0,0,0,0,0,0,0,0,0,0,0,0,0,0,0,0,0,0,0,0,0,0,0,0,0,0,0,0,0,0,0,0,0,0,0,9,0,0,0,0,0,0,0,5,0,0,0,0,0,7,0,0,0,0,0,0,0,0,0,0,11,0,0,0,0,0,0,7,12,0,1,0,0,3,0,2,0,0,0,5,0,0,19,0,7,0,3,0,10,0,9,9,0,1,20,9,13,1,0,9,15,30,19,5,17,7,3,0,20,5,12,11,11,22,1,27,41,13,19,19,11,25,26,10,22,45,3,30,44,85,40,75,57}
Count:  24.9  22.2  19.5  21.1  20.1  22.0  18.5  20.8  20.6  21.1  19.4  21.8  20.1  21.3  19.6  20.2  21.9  24.2  20.9  24.3  21.2  24.6  22.4  25.3  24.2  23.0  24.9  25.3  21.2  24.1  22.8  25.9  26.8  25.3  23.4  26.3  25.9  25.4  26.0  22.9  27.4  25.9  24.7  22.7  24.0  26.2  26.5  26.4  23.2  25.4  23.0  23.5  20.7  24.0  21.6  23.8  22.0  23.5  23.1  24.5  24.3  24.5  25.0  24.8  25.5  24.9  25.2  25.3  25.4  25.4  25.0  25.2  25.0  25.7  23.4  25.3  22.7  24.2  22.2  24.4  23.1  23.9  21.9  23.6  23.0  24.5  23.6  24.6  24.4  24.7  24.6  23.5  22.8  25.1  26.3  25.3  25.9  24.2  25.9  24.6  25.6  23.8  25.8  23.7  23.2  22.8  23.5  23.4  24.2  23.1  24.0  23.3  22.8  22.9  23.4  21.9  20.7  22.2  20.7  22.2  20.8  21.2  21.7  21.4  22.9  23.2  23.8  21.5  24.1  20.6  21.6  21.1  20.8  21.0  20.6  20.5  20.4  20.8  23.9  22.5  22.8  24.0  24.1  24.1  23.1  24.2  24.3  26.4  25.1  26.0  24.8  25.5  22.7  25.8  25.8  21.1  23.5  21.1  26.4  25.3  25.6  24.2  25.0  25.7  24.5  24.1  24.0  23.9  23.7  23.7  23.7  22.8  23.5  23.3  23.7  22.4  23.4  22.9  23.0  22.2  23.8  23.3  23.0  22.7  24.0  22.7  22.6  22.2  24.6  21.5  22.9  22.8  23.2  23.6  26.2  22.6  24.0  23.4  22.1  24.8 
Direction:  n n n n n n n n n n n n n n n n n n n n n n n n n n n n n n n n n n n n n n n n n n n n n n n n n n n n n n n n n n n n n n n n n n n n n n n n n n n n n n n n n n n n n n n n n n n n n n n n n n n n n n n n n n n n n n n n n n n n n n n n n n n n n n n n n n n n n n n n n n n n n n n n n n n n n n n n n n n n n n n n n n n n n n n n n n n n n n n n n n n n n n n n n n n n n n n n n n n n n n n n

33.5: Count:  21.0 (  1.8) A:  38.6 [10-69] B:  13.9 [10-29] Phase: 103 ( 7.23) Direction:  n
Phase: {96,4,58,102,63,22,37,58,71,107,135,129,67,103,78,146,122,62,136,116,136,94,191,218,206,85,172,187,222,261,241,206,220,243,250,217,256,219,311,234,240,337,247,321,264,396,321,371,296,418,236,287,347,397,257,277,379,262,307,423,331,237,375,398,218,267,404,285,275,317,374,288,363,353,316,403,401,506,447,634,808,979,1198,1547,2093,2628,3397,4206,5584,6153,10460,10505,12364,15460,18748,20434,23934,27376,29568,33882,33731,37481,37735,38578,38269,36596,33187,32381,30389,23047,23981,19324,17351,14344,11961,9615,7779,7324,5353,4389,3530,3255,2415,1955,1734,1422,1200,1229,1153,948,809,903,765,618,580,635,406,490,500,517,376,386,310,447,282,238,257,169,151,225,191,250,116,219,115,143,93,111,81,44,64,63,48,71,12,63,28,66,44,41,21,32,35,45,17,7,23,2,4,0,30,0,0,25,10,1,18,0,11,0,0,19,10,0,5,13,7,0,0,0,0,0,11,0,0,0,0,11,0,0,0,0,0,0,0,0,0,0,0,0,0,0,0,0,0,0,0,0,0,0,0,0,0,0,0,2,0,0,0,0,0,0,0,0,0,0,0,0,0,0,0,0,0,0,9,0,0,0,0,0,0,0,0,0,0,0,0,0,0,0,0,0,0,0,0,0,0,0,0,0,0,7,0,0,0,0,0,0,0,0,0,0,0,0,0,0,0,0,0,0,0,0,0,0,0,0,10,0,0,6,0,0,1,9,15,1,0,11,5,0,0,0,0,16,0,1,5,2,37,1,0,9,1,0,16,19,16,15,0,9,0,22,11,1,20,17,16,0,19,4,10,6,23,18,65,28,16,44,21,27}
Count:  20.2  18.9  16.9  18.2  17.4  18.2  15.9  18.5  16.8  17.8  15.5  17.5  17.1  17.7  16.5  17.5  19.7  22.8  18.9  22.2  19.0  22.4  20.1  23.2  21.7  20.8  22.2  23.4  18.2  21.8  21.1  22.6  24.4  23.0  20.5  24.3  23.1  23.0  22.6  20.0  24.8  22.8  21.6  20.4  21.8  22.8  23.4  24.3  20.7  22.6  20.3  21.1  18.3  21.5  19.0  20.9  19.6  21.3  20.0  22.8  21.6  22.2  22.0  23.0  22.6  23.1  22.4  22.5  22.3  23.5  22.6  23.1  22.2  23.1  21.2  23.9  20.4  22.0  21.2  22.5  20.2  22.7  19.9  22.1  20.7  23.1  20.1  23.0  20.5  22.7  22.3  21.1  19.8  23.1  23.4  22.3  23.2  21.7  22.2  22.6  22.6  21.1  22.6  20.9  20.4  20.2  19.9  21.3  20.5  20.8  20.7  20.9  19.6  19.8  20.5  19.4  17.3  19.8  17.8  20.2  18.6  19.9  19.1  19.2  20.6  20.7  20.2  19.5  20.7  19.5  18.8  18.4  17.6  18.9  18.9  18.8  18.7  18.8  21.3  20.2  20.6  21.3  21.1  20.6  21.4  22.6  21.9  23.8  21.7  23.5  21.2  23.3  20.3  23.2  23.1  20.1  21.4  19.1  24.1  23.3  23.3  21.5  22.6  22.5  22.3  21.7  22.1  21.8  21.5  21.3  21.3  21.4  21.1  21.8  21.8  20.4  22.3  20.8  21.0  20.2  22.4  20.9  21.4  20.8  22.4  20.7  20.7  20.5  22.6  19.8  20.3  20.5  20.6  22.1  23.4  20.4  22.0  21.1  19.9  22.3 
Direction:  n n n n n n n n n n n n n n n n n n n n n n n n n n n n n n n n n n n n n n n n n n n n n n n n n n n n n n n n n n n n n n n n n n n n n n n n n n n n n n n n n n n n n n n n n n n n n n n n n n n n n n n n n n n n n n n n n n n n n n n n n n n n n n n n n n n n n n n n n n n n n n n n n n n n n n n n n n n n n n n n n n n n n n n n n n n n n n n n n n n n n n n n n n n n n n n n n n n n n n n n

33.6: Count:  18.1 (  1.9) A:  38.3 [10-66] B:  13.1 [10-29] Phase: 111 ( 7.50) Direction:  n
Phase: {57,15,6,30,36,44,15,23,74,34,30,50,47,28,36,60,54,114,79,70,51,96,50,109,146,57,72,143,126,119,165,116,239,148,215,168,228,264,209,219,243,223,228,234,209,330,227,278,318,284,264,281,313,314,273,280,281,207,242,218,295,338,301,217,241,237,234,334,264,226,275,204,373,249,217,226,281,358,266,312,239,268,203,300,331,365,413,568,613,832,1504,1092,1843,2363,2944,3956,5100,6119,7342,9770,10533,13436,14618,17630,20254,22230,25492,29157,30553,28482,32720,31179,32213,30785,30559,27009,24325,24455,21379,17508,15595,13740,11607,8976,7548,6287,4907,4066,3439,2529,2237,1707,1347,1204,839,1030,730,566,619,460,346,423,380,157,276,265,171,190,274,157,235,188,226,143,116,93,131,50,94,61,101,43,34,56,45,27,20,37,6,38,8,60,17,0,52,20,12,5,1,1,30,5,9,30,0,19,2,0,0,0,16,3,0,0,0,0,0,3,0,0,0,10,0,0,0,0,0,0,0,0,1,0,0,0,0,0,0,0,0,0,0,0,0,0,0,0,0,5,0,0,0,0,0,0,0,0,0,0,0,0,0,0,0,0,0,0,0,0,0,0,0,0,0,0,0,0,0,0,0,1,0,0,0,0,0,0,0,0,0,0,0,0,0,0,0,0,0,0,0,0,0,0,0,0,0,0,0,0,0,0,0,0,0,0,0,0,0,0,0,0,0,0,0,9,0,0,0,0,0,0,0,0,7,0,0,4,0,0,9,1,0,1,0,7,2,0,0,0,0,0,0,0,0,0,0,2,0,6,12,0,11,19,0,0,0,7,12,0,0,12,18,20,0,23,0,14,5,10,5,23}
Count:  16.7  16.0  13.4  15.1  14.4  14.7  12.8  14.9  13.1  14.0  11.7  14.4  13.4  14.6  12.9  13.4  16.1  19.4  15.4  19.6  17.0  19.4  18.0  19.9  20.0  18.0  20.0  21.2  16.0  18.1  18.5  18.5  20.6  20.4  17.8  21.5  20.5  19.5  19.3  17.1  21.8  20.1  17.6  17.3  19.1  20.0  20.5  20.5  18.7  18.7  17.8  18.5  16.1  18.8  15.9  18.2  16.7  18.4  17.3  20.5  18.7  19.3  19.3  20.6  20.0  21.0  19.7  19.6  19.7  20.4  19.1  20.6  19.2  20.1  18.0  20.6  18.2  19.7  17.1  20.3  17.0  19.9  16.7  20.1  18.0  19.8  18.7  20.5  19.3  20.4  18.0  18.6  17.0  20.3  21.2  20.3  20.1  18.7  19.8  19.0  19.1  18.6  19.3  17.7  16.7  17.7  16.4  17.7  17.2  17.6  17.3  17.8  16.8  16.8  15.8  16.9  14.3  17.0  14.4  16.8  15.7  16.6  16.2  17.3  16.9  17.6  16.6  15.9  16.6  16.5  15.7  16.3  15.4  16.9  15.2  15.1  14.8  16.9  18.4  17.6  17.7  18.3  17.7  18.5  16.9  19.3  19.0  19.5  18.3  19.8  17.8  20.1  18.3  21.2  19.8  16.7  17.5  16.4  20.0  20.4  21.0  19.1  19.1  20.7  20.8  18.9  18.9  18.9  18.8  18.6  18.6  18.0  18.0  19.2  19.1  17.6  18.9  18.1  17.7  18.5  19.9  18.1  18.9  17.2  19.4  18.7  17.6  17.3  19.6  17.3  17.8  17.6  18.2  19.0  20.2  18.0  18.9  17.7  17.0  18.6 
Direction:  n n n n n n n n n n n n n n n n n n n n n n n n n n n n n n n n n n n n n n n n n n n n n n n n n n n n n n n n n n n n n n n n n n n n n n n n n n n n n n n n n n n n n n n n n n n n n n n n n n n n n n n n n n n n n n n n n n n n n n n n n n n n n n n n n n n n n n n n n n n n n n n n n n n n n n n n n n n n n n n n n n n n n n n n n n n n n n n n n n n n n n n n n n n n n n n n n n n n n n n n

33.7: Count:  15.0 (  2.0) A:  37.0 [10-61] B:  12.3 [10-26] Phase: 121 ( 7.45) Direction:  n
Phase: {5,24,15,1,15,27,37,1,15,14,21,9,15,16,29,28,26,60,24,34,35,39,47,28,27,32,36,86,69,44,43,64,97,60,81,89,116,123,145,91,80,212,154,93,164,259,137,230,228,256,148,126,103,172,278,186,262,204,151,269,182,117,165,279,192,181,224,140,248,199,186,143,188,194,212,265,139,144,241,158,277,196,197,239,235,211,274,273,302,233,381,337,346,419,523,687,722,798,1011,1291,1582,1837,2294,2875,3475,4242,4469,6174,7508,7155,9773,10572,13150,14263,15630,18222,19246,23796,24297,26689,26192,27282,27221,23592,25358,24357,20617,20071,17645,15067,12959,10168,9679,7514,5545,5154,3374,2839,2198,1816,1257,1136,849,612,600,466,418,259,278,225,214,241,160,141,112,64,155,86,72,107,88,50,110,104,4,24,27,27,25,47,17,7,27,18,2,12,14,20,0,0,9,1,5,0,2,0,0,0,0,0,9,0,0,0,0,0,0,0,0,0,0,0,0,0,0,0,0,0,0,0,0,0,0,0,0,0,0,0,0,0,0,0,0,0,0,0,0,0,0,0,0,0,0,0,0,0,0,0,0,0,0,0,0,0,0,0,0,0,0,0,0,0,0,0,0,0,0,0,0,0,0,0,0,0,0,0,0,0,0,0,0,0,0,0,0,0,0,0,0,0,0,0,0,0,0,0,0,0,1,0,0,0,3,1,0,0,0,0,0,0,0,0,0,0,0,0,0,0,0,0,2,4,1,0,0,0,2,0,0,1,0,1,0,24,0,0,0,1,14,0,0,0,5,16,0,7,2,0,12,0,7,12,5,1,0,0,1,1,8,8,18,13,5,31,0,14,8,12,9,5}
Count:  12.4  12.2  10.6  11.0  10.1  11.0   9.2  10.7  10.2   9.6   9.4  11.1  10.0  10.5   9.3   9.8  14.0  17.5  14.7  16.9  13.9  16.7  15.0  16.7  16.9  15.0  17.5  18.6  13.4  14.5  15.8  16.7  18.3  18.4  15.6  17.4  16.4  16.4  16.4  13.3  18.8  16.6  14.1  14.6  15.2  16.9  18.2  16.9  15.6  15.9  14.4  15.7  13.7  16.1  13.0  15.7  14.3  15.3  15.2  17.1  15.4  17.4  15.7  17.4  15.9  17.3  15.9  17.5  15.7  17.7  15.1  17.1  16.3  17.1  14.9  18.2  15.1  16.4  15.1  17.5  13.0  17.0  14.5  16.9  14.8  18.5  14.6  18.0  15.1  17.4  15.4  16.4  13.4  17.9  17.6  17.7  15.9  16.2  16.2  16.5  15.7  15.5  14.7  13.9  13.8  15.0  13.0  14.9  14.5  14.9  12.9  14.5  12.8  14.9  13.5  14.3  11.6  14.4  11.1  14.0  11.9  14.8  13.3  14.1  13.6  14.7  14.9  13.2  14.3  14.2  13.0  12.4  12.3  13.6  13.5  14.1  11.9  14.6  15.3  13.9  14.2  14.7  13.2  15.1  14.5  15.3  16.0  16.0  15.5  16.7  15.3  16.6  15.8  17.0  17.1  13.8  14.7  14.1  17.3  16.8  16.3  17.3  17.3  15.6  16.9  15.5  16.1  16.1  16.5  15.9  15.9  15.3  15.9  16.0  15.4  15.3  16.0  15.5  14.5  14.8  17.6  15.8  14.8  14.6  16.3  15.4  15.5  15.0  15.1  14.4  15.1  15.3  15.5  16.3  17.4  15.1  15.3  14.5  13.7  15.9 
Direction:  n n n n n n n n n n n n n n n n n n n n n n n n n n n n n n n n n n n n n n n n n n n n n n n n n n n n n n n n n n n n n n n n n n n n n n n n n n n n n n n n n n n n n n n n n n n n n n n n n n n n n n n n n n n n n n n n n n n n n n n n n n n n n n n n n n n n n n n n n n n n n n n n n n n n n n n n n n n n n n n n n n n n n n n n n n n n n n n n n n n n n n n n n n n n n n n n n n n n n n n n

33.8: Count:  12.6 (  1.8) A:  35.3 [10-57] B:  12.0 [10-25] Phase: 130 ( 7.81) Direction:  nPhase: 136 ( 4.73) Direction:  n
Phase: {17,9,0,0,6,1,0,0,0,2,12,21,2,12,30,19,18,22,11,11,17,19,7,9,19,37,16,3,15,50,48,45,33,45,43,74,27,53,86,73,57,75,100,70,56,154,74,59,113,72,73,193,131,115,100,131,173,150,120,98,137,173,123,124,118,104,112,131,99,114,102,109,239,172,153,171,167,147,171,84,208,184,176,193,201,249,119,217,364,219,363,190,274,281,326,352,401,443,420,575,797,886,870,1056,1137,1380,1484,1998,2218,2050,2474,2801,3354,3113,4273,4396,4738,6563,6434,7723,8345,9684,11003,11529,13892,16407,15799,18575,19821,21038,20299,21218,20376,21107,18344,19697,16182,15739,13704,12372,10108,8793,7576,6044,4549,3936,2829,1938,1955,1375,1119,962,573,532,356,267,313,127,198,199,165,104,89,96,13,34,10,15,17,7,6,4,37,7,4,8,0,4,7,12,11,0,0,0,7,0,0,0,0,0,0,0,0,0,0,0,0,0,0,0,9,0,0,0,0,0,0,0,0,0,0,0,0,0,0,0,0,0,0,0,0,0,0,0,0,0,0,0,0,0,0,0,0,0,0,0,0,0,0,0,0,0,0,0,0,0,0,0,0,0,0,0,0,0,0,0,0,0,0,0,0,0,0,0,0,0,0,0,0,0,0,0,0,0,0,0,0,0,0,0,13,0,0,0,0,0,0,0,0,0,0,0,0,0,0,0,2,0,0,0,0,0,0,0,7,1,0,0,9,0,0,0,0,0,0,0,0,0,0,0,8,0,0,0,8,12,0,0,0,0,4,0,0,0,4,0,0,0,0,0,0,0,0,0,0,0,4,0,0,13,1,0,0,2,0,5,0,14,11,8}
Count:   9.4   8.9   7.8   9.6   7.8   8.4   7.1   8.0   8.8   7.8   7.9   7.7   7.5   7.9   7.7   8.8  12.8  14.6  12.4  14.5  12.4  14.9  13.0  14.0  14.2  13.0  14.2  15.4  11.0  12.7  13.7  13.7  14.8  14.7  13.2  14.7  14.1  15.0  13.5  11.5  14.4  14.6  12.6  12.6  14.0  15.5  14.8  14.0  13.2  14.5  12.1  13.7  12.4  13.5  11.3  12.7  11.7  13.4  12.8  14.0  13.3  14.2  13.9  15.4  13.5  13.8  13.3  14.6  13.7  14.8  13.0  14.8  12.6  15.9  12.3  16.0  13.1  14.3  13.1  15.3  11.5  14.0  11.5  14.1  11.9  14.8  12.7  14.7  12.3  14.2  13.3  13.5  10.7  15.3  14.2  14.1  13.1  14.7  13.4  14.0  12.8  13.6  12.6  12.4  11.3  12.2  11.3  12.2  11.4  12.2  11.6  12.6  10.6  12.6  10.9  12.1   9.4  11.0   9.5  11.8   9.9  12.5  10.5  11.7  11.1  13.1  12.1  10.9  11.4  11.6  10.2  10.9  10.6  11.3  12.0  11.9  11.0  12.0  12.2  11.9  12.5  12.1  11.9  12.2  12.7  13.8  13.4  13.9  13.2  13.8  12.1  14.3  12.4  14.2  13.8  11.6  12.0  12.0  14.4  14.6  13.4  13.6  13.3  14.5  14.0  14.1  13.7  14.3  12.9  13.2  12.6  12.4  13.2  13.3  13.3  13.6  13.4  13.3  13.8  12.2  13.6  13.3  12.9  13.2  13.3  14.2  12.8  12.6  12.6  12.3  12.8  12.3  12.9  13.6  13.9  12.2  13.1  11.8  12.2  13.2 
Direction:  n n n n n n n n n n n n n n n n n n n n n n n n n n n n n n n n n n n n n n n n n n n n n n n n n n n n n n n n n n n n n n n n n n n n n n n n n n n n n n n n n n n n n n n n n n n n n n n n n n n n n n n n n n n n n n n n n n n n n n n n n n n n n n n n n n n n n n n n n n n n n n n n n n n n n n n n n n n n n n n n n n n n n n n n n n n n n n n n n n n n n n n n n n n n n n n n n n n n n n n n

33.9: Count:  11.0 (  1.7) A:  33.3 [10-55] B:  11.8 [10-26] Phase: 139 ( 7.75) Direction:  nPhase: 145 ( 4.89) Direction:  n
Phase: {5,11,0,0,0,2,0,0,7,0,7,16,0,0,18,21,14,24,14,0,0,0,27,0,31,24,6,0,19,22,18,15,2,5,20,6,3,3,6,21,16,6,36,36,16,41,41,18,59,33,40,27,109,96,30,42,75,50,39,68,87,92,61,101,37,100,94,121,110,75,72,89,91,142,42,111,77,145,110,116,120,98,125,132,205,190,109,141,172,162,241,190,254,238,296,307,170,304,381,406,446,686,563,652,816,905,890,1188,1265,1176,1367,1695,1772,1812,2090,1947,1905,2542,2703,2516,2412,2688,3002,2882,3413,3886,4363,5657,6040,7293,8231,9473,10038,12416,12254,16504,14602,17030,16791,18298,18137,17245,18167,16720,14744,15117,12897,11032,10814,8881,7383,6266,5316,4449,3125,2068,2259,1253,1309,952,497,324,331,413,227,139,76,110,30,51,69,24,36,11,15,9,4,2,9,0,35,4,0,12,1,0,0,0,0,0,0,0,0,0,0,0,0,0,0,0,0,0,0,0,10,0,0,0,0,0,0,0,0,0,0,0,0,0,0,0,0,0,0,0,0,0,0,0,0,0,0,0,0,0,0,0,0,0,0,0,0,0,0,0,0,0,0,0,0,0,0,0,0,0,0,0,0,0,0,0,0,0,0,0,0,0,0,0,0,0,0,0,0,0,0,0,0,5,0,13,0,0,0,0,0,0,0,0,0,0,0,0,13,0,0,0,1,0,0,0,0,0,4,0,0,0,0,0,0,0,0,0,0,0,0,0,0,0,0,0,0,0,0,10,0,0,0,0,0,0,0,0,0,0,0,0,15,0,0,0,0,0,0,0,0,0,0,0,0,18,0,0,0,0,0,7,0,12,0,0}
Count:   8.5   8.0   7.0   8.0   7.0   7.6   5.7   7.9   7.5   7.0   5.6   6.6   5.9   6.7   7.4   6.9  11.0  13.3  11.2  12.6  11.5  13.3  10.5  11.5  13.0  12.2  12.9  13.6  10.0  10.6  12.3  12.3  13.0  13.4  11.9  12.5  12.3  12.4  12.7  10.8  13.8  12.7  10.7  11.2  12.0  12.8  12.4  12.7  11.6  12.4  11.0  12.9  10.0  11.4   9.8  12.2  10.6  12.1  11.1  12.4  11.9  12.7  11.8  12.4  11.5  13.2  12.0  13.4  12.0  12.5  11.8  12.9  11.1  13.6  11.0  12.7  11.6  13.1  11.3  13.1   9.8  13.0   9.7  11.7  10.2  12.1  10.8  13.1  11.0  12.7  11.1  12.0   9.1  13.3  12.8  13.8  11.9  12.0  11.7  11.7  11.3  11.4  10.6  10.8   9.8  10.4   9.6  10.2  10.6  11.3   9.6   9.5   9.4  10.7   9.9   9.9   7.3   9.5   7.4   9.7   8.6  10.5  10.9  10.1   9.6  11.2  10.5  10.6  10.2  10.2  10.5   9.5   8.7  10.1   9.0  10.5   9.1  10.5  11.4  10.5  11.8  11.0  10.1  10.1  10.7  11.9  11.4  11.2  10.5  12.0  10.2  11.9  11.2  12.8  11.6   9.8  11.1  10.9  12.0  13.4  12.8  12.1  11.4  11.8  12.2  12.5  12.9  11.4  11.9  11.1  11.2  11.8  11.7  12.0  11.2  10.7  12.3  11.8  11.6  11.4  11.5  12.0  10.6  12.2  11.9  11.6  10.2  11.4  10.6  10.2  11.5  10.9  12.1  11.7  12.2  11.3  12.0  10.9  10.5  11.2 
Direction:  n n n n n n n n n n n n n n n n n n n n n n n n n n n n n n n n n n n n n n n n n n n n n n n n n n n n n n n n n n n n n n n n n n n n n n n n n n n n n n n n n n n n n n n n n n n n n n n n n n n n n n n n n n n n n n n n n n n n n n n n n n n n n n n n n n n n n n n n n n n n n n n n n n n n n n n n n n n n n n n n n n n n n n n n n n n n n n n n n n n n n n n n n n n n n n n n n n n n n n n n

34.0: Count:  10.3 (  1.5) A:  31.4 [10-51] B:  11.8 [10-27] Phase: 148 ( 7.61) Direction:  nPhase: 117 ( 5.40) Direction:  nPhase: 133 ( 5.96) Direction:  n
Phase: {2,0,13,5,0,0,0,0,0,7,0,0,0,0,1,2,2,0,0,13,7,0,0,1,0,0,0,10,0,20,0,0,14,0,0,0,13,0,0,38,0,20,5,28,11,24,1,23,27,49,18,22,24,41,18,15,27,20,2,50,49,19,24,47,65,55,60,29,49,35,56,55,40,65,84,99,61,70,44,113,118,112,115,161,80,147,108,140,201,72,236,93,209,172,121,227,285,262,295,242,370,400,314,559,753,724,580,545,928,723,995,1124,1227,1442,1303,1378,1219,1639,1800,1744,1727,1787,1815,1703,1871,1731,1954,2292,2092,2366,2742,3218,3279,4180,4096,6293,6065,7340,7752,10337,9845,11228,13189,12976,14013,15331,15616,14917,17079,16475,15032,14170,13304,13593,11479,9449,9615,7655,7060,5044,4774,3222,3445,2733,1805,1854,1119,940,460,644,379,289,186,190,146,75,52,25,71,14,44,0,21,0,9,0,7,18,1,11,0,0,0,0,0,0,0,0,0,0,0,0,0,0,0,0,0,0,0,0,0,0,11,0,0,0,0,0,0,0,0,0,0,0,0,0,0,0,0,0,0,0,0,0,0,0,0,0,0,0,0,5,0,0,0,0,0,0,0,0,0,0,0,0,0,0,0,0,0,0,0,0,0,0,0,0,0,0,0,0,5,0,0,0,0,0,0,0,0,0,0,0,0,0,0,0,0,0,0,0,0,0,0,0,0,0,0,0,0,0,0,0,0,0,0,0,0,0,0,0,0,0,0,0,0,0,0,0,0,0,0,0,0,0,0,0,0,0,0,0,0,0,0,0,0,0,1,0,0,0,7,0,0,0,0,0,0,0,0,0,0,0,0,0,0,0,0,0,0,0}
Count:   8.8   8.6   6.8   7.4   7.7   6.3   6.0   7.8   6.1   6.1   5.5   6.4   6.3   6.6   6.1   6.3  10.4  12.5  10.6  11.4  10.6  12.4  11.2  12.1  11.6  11.0  11.5  13.1   9.7  10.0  10.8  12.1  12.1  13.3  11.6  12.4  10.6  10.3  11.7  10.3  12.8  12.0  10.0  10.0  10.4  11.4  12.6  11.4  10.5  11.2  10.1  10.7   9.4  11.1   9.9  10.2   9.2  11.9  10.2  11.7  10.7  11.8  12.1  11.6  11.1  12.5  11.1  12.7  11.4  12.3  10.6  12.3  12.0  12.7  10.2  12.5   9.6  11.5  10.4  11.1   9.3  11.8   9.7  11.3  10.3  13.2  10.6  12.5  10.5  11.7  11.1  10.6   9.5  12.9  11.0  12.5  10.7  11.9  10.9  11.4  11.2  11.5  10.6   9.2   9.4   9.7   9.2   9.6   9.6   9.4   7.7   8.9   8.5   9.9   8.7   9.1   8.0  10.1   7.8   9.9   9.3  10.1   8.4   9.6   9.9  10.3   8.5   9.4   9.1  10.0   9.1   8.9   9.5   9.6   8.8   9.0   8.9  10.3  10.0   9.7  10.6  10.6   9.7   9.9  10.2   9.9  10.6  11.0  10.7  11.5   8.8  11.5  11.0  11.2  11.5   8.2   9.7   9.0  11.9  10.7  11.9  10.7  11.1  11.0  10.9  10.9  10.2  10.6  11.1  11.3  12.1  10.8  11.4  11.0  10.8  10.5  11.2  10.9  10.8  10.5  11.5  11.7  10.6  10.5  11.8  11.0  11.4  10.5  10.4  10.1  10.2  10.4  10.7  11.3  11.1  10.3  10.1   9.2   9.0  10.0 
Direction:  n n n n n n n n n n n n n n n n n n n n n n n n n n n n n n n n n n n n n n n n n n n n n n n n n n n n n n n n n n n n n n n n n n n n n n n n n n n n n n n n n n n n n n n n n n n n n n n n n n n n n n n n n n n n n n n n n n n n n n n n n n n n n n n n n n n n n n n n n n n n n n n n n n n n n n n n n n n n n n n n n n n n n n n n n n n n n n n n n n n n n n n n n n n n n n n n n n n n n n n n

34.1: Count:  10.0 (  1.5) A:  29.3 [10-49] B:  11.8 [10-24] Phase: 153 ( 8.56) Direction:  n
Phase: {0,0,0,0,0,0,1,0,0,0,0,2,0,1,0,1,0,9,0,14,0,0,0,0,7,0,7,0,0,0,10,0,0,11,0,0,0,0,0,0,0,2,10,21,13,9,12,7,17,7,1,8,5,12,10,15,8,7,20,19,7,51,37,41,3,4,15,16,57,26,31,26,18,36,15,51,60,31,57,63,115,64,83,14,99,73,30,82,50,70,178,36,109,126,152,181,132,186,232,275,258,380,290,412,367,500,464,577,648,542,635,749,916,917,1014,1062,1036,1348,1263,1476,1394,1370,1398,1419,1546,1397,1488,1601,1462,1331,1442,1870,1974,2000,1628,2676,2580,3049,3270,4314,4720,5803,6542,7132,8398,9291,10065,10108,12312,14380,13220,14185,14493,16178,13141,14010,14755,12861,13315,11587,11122,9070,9147,8490,6402,6097,4593,4542,2861,2883,2084,1702,1464,877,849,608,405,289,304,163,231,62,48,22,23,19,26,9,0,11,14,31,0,0,0,0,0,0,9,0,0,0,0,0,0,0,0,0,0,11,0,0,0,0,0,1,18,0,0,0,0,0,0,0,0,0,0,0,0,0,0,0,0,0,0,0,0,2,8,0,0,0,0,0,7,0,0,0,0,0,0,0,0,0,0,0,0,0,0,0,0,0,0,0,0,0,0,0,0,0,0,0,0,0,0,0,0,5,0,0,0,0,0,0,0,0,0,0,0,0,0,0,0,0,0,0,0,0,0,0,0,0,0,0,0,0,0,0,0,0,0,0,8,0,0,0,0,0,0,0,0,0,0,0,0,0,0,0,0,0,0,0,0,0,0,0,0,0,0,0,0,0,0,0,0,0,0,0,0,0,0,0,0,0,0,0,0,0,0,0}
Count:   7.6   7.2   6.1   7.3   6.7   7.8   6.2   6.9   7.1   6.7   6.5   7.1   6.4   6.3   5.8   6.3   9.5  11.8  10.3  11.5  10.0  12.5   9.3  11.6  11.0  11.2  11.6  11.6   9.3   9.7  10.2  11.7  12.1  11.9  10.5  11.8  10.3   9.3  11.1   9.9  12.3  11.3   9.9   9.9  10.0  11.3  12.4  11.9  10.4  11.2   9.5  10.1   8.4  10.4   9.2   9.2   9.0  10.0   9.2  11.2  10.4  10.9   9.9  12.1  11.1  11.9  11.6  12.6  11.2  12.2  10.1  11.7  10.8  12.2   9.9  12.0   9.7  11.2  11.0  11.5   9.5  11.9   8.1  11.1  10.5  12.7   9.1  12.3  10.7  10.9  10.7  10.8   8.6  11.1  11.5  11.6  10.8  10.9  10.3  11.3  10.5  10.2  10.7   9.7   8.4   9.1   9.0   9.6   9.7   9.4   8.7   9.7   8.3   9.4   8.3   9.2   6.9   8.9   7.2   9.3   8.6   8.8   8.7   9.0   8.9  10.4   9.5   9.8   9.0   9.5   8.0   8.5   8.3   9.3   8.5   9.1   8.1   9.0  10.1   9.5   9.4  11.1   9.8   9.3   8.9   9.8  10.0  10.0  10.1  10.9   9.9   9.9   9.4  11.1  10.8   8.4   9.4   8.1  12.0  11.0  10.3  10.6  11.3  12.1  11.0  10.7  11.1  10.2   9.5  10.2  10.1   9.9  10.6  11.5  10.6  10.2  11.2  10.6   9.6   9.7  10.9  11.3  11.0  11.0  10.9  10.6   9.9   9.5  10.1   9.7   9.8   9.8  10.4  10.9   9.5  10.4  11.0   9.3   8.8  10.4 
Direction:  n n n n n n n n n n n n n n n n n n n n n n n n n n n n n n n n n n n n n n n n n n n n n n n n n n n n n n n n n n n n n n n n n n n n n n n n n n n n n n n n n n n n n n n n n n n n n n n n n n n n n n n n n n n n n n n n n n n n n n n n n n n n n n n n n n n n n n n n n n n n n n n n n n n n n n n n n n n n n n n n n n n n n n n n n n n n n n n n n n n n n n n n n n n n n n n n n n n n n n n n

34.2: Count:   9.2 (  1.5) A:  27.0 [10-43] B:  11.6 [10-23] Phase: 158 ( 7.53) Direction:  nPhase: 125 ( 3.64) Direction:  n
Phase: {6,0,0,0,0,0,0,0,0,0,0,0,0,11,9,0,0,0,0,0,0,0,0,0,0,0,0,0,0,0,1,0,0,11,7,0,0,1,0,0,1,0,0,0,5,1,0,10,0,7,0,1,0,0,0,1,13,0,11,1,0,8,5,0,0,19,28,0,28,13,28,59,7,24,3,14,15,37,14,40,32,16,37,14,79,36,11,32,28,48,91,14,83,52,73,74,134,80,99,161,137,297,129,256,345,203,372,426,515,485,450,523,706,797,901,862,848,1241,1052,1244,1150,1307,1385,1274,1392,1215,1255,1493,1299,1373,1111,1166,1153,1194,970,1436,932,1385,1482,1509,1722,1822,2055,2545,3082,3809,4750,4767,6235,7018,7734,9853,9905,13441,10889,13236,14411,14606,16275,14894,14736,13167,15099,13534,11249,10661,8887,8471,5907,6216,5204,3946,2873,2255,1876,1408,880,745,561,226,513,172,172,137,59,59,43,18,8,13,9,38,0,0,0,0,0,0,0,0,0,0,1,0,0,0,0,0,0,0,0,0,0,0,0,0,0,0,0,0,0,0,0,0,0,0,0,0,0,0,0,0,0,0,0,0,0,0,0,0,0,0,0,0,0,0,0,0,0,0,0,0,0,0,0,0,0,0,0,0,0,0,0,0,0,0,0,0,0,0,0,0,0,0,0,0,0,0,0,0,0,0,0,0,0,0,0,0,0,0,0,0,0,0,0,0,0,0,0,0,0,0,0,0,0,0,0,0,0,0,0,0,0,0,0,0,0,0,0,0,0,0,0,0,0,0,0,0,0,0,0,0,0,0,0,0,0,0,0,0,0,0,0,0,0,0,0,0,0,0,0,0,0,0,0,0,0,0,0,0}
Count:   6.4   6.1   5.0   6.6   5.6   5.9   4.6   6.0   5.9   4.8   5.4   5.4   5.2   5.4   5.9   5.4   9.5  10.6   9.5  11.4  10.4  10.2   8.9  10.2   9.4   9.9  11.1  11.3   8.6   9.1  10.9  10.9  11.8  11.9   9.8  11.3  10.1   9.0   9.8   9.1  11.0  10.3   8.3   8.8   9.2  10.4  10.6  10.7  10.0  11.0   8.5   9.9   6.9   8.4   8.2   9.7   8.7  10.9   9.6  10.2   9.2  10.6   9.5  10.8  10.7  11.2   9.8  11.0  11.0  11.2   9.6  11.1   9.8  10.3   8.8  12.3   8.7  12.1  10.1  10.7   7.9  10.7   7.9   9.7   9.2  10.4   8.8  11.6   9.3  11.3   9.3   9.7   7.5  11.7  10.7  10.8  10.5  11.3   9.3  10.1   9.0   8.5   9.3   8.8   7.4   9.1   7.6   9.5   8.1   8.5   8.1  10.0   7.6   8.5   7.8   8.4   6.0   8.1   6.5   8.1   7.2   8.7   8.8   8.6   8.1   9.3   7.9   8.6   8.8   9.0   8.2   8.6   7.2   9.5   7.2   8.2   7.5   7.5   9.0   8.3   9.0   9.3   8.6   9.3   8.3  10.3   9.4  10.2   9.0  10.3   9.0   9.2   8.8  10.1  10.7   8.1   9.1   8.6  10.8   9.9   9.9  10.2   9.7  10.2  11.2  10.3   9.2   9.4   9.5   9.7   9.6   9.6   9.2  10.1   9.6   9.9  10.3  10.4   8.6   9.9   9.0  10.5   9.7   9.3  10.0  10.4   9.7   9.5   9.9   9.6   9.8   9.7   9.6   9.3   9.6   9.1  10.1   8.4   8.3  10.1 
Direction:  n n n n n n n n n n n n n n n n n n n n n n n n n n n n n n n n n n n n n n n n n n n n n n n n n n n n n n n n n n n n n n n n n n n n n n n n n n n n n n n n n n n n n n n n n n n n n n n n n n n n n n n n n n n n n n n n n n n n n n n n n n n n n n n n n n n n n n n n n n n n n n n n n n n n n n n n n n n n n n n n n n n n n n n n n n n n n n n n n n n n n n n n n n n n n n n n n n n n n n n n

34.3: Count:   8.6 (  1.5) A:  24.9 [10-43] B:  11.5 [10-24] Phase: 163 ( 6.91) Direction:  nPhase: 148 ( 3.39) Direction:  nPhase: 153 ( 0.25) Direction:  n
Phase: {0,0,0,0,0,0,0,0,0,0,0,0,0,0,0,0,0,0,0,0,0,0,0,0,0,0,0,0,0,0,0,0,0,0,0,0,0,0,0,0,0,0,0,0,0,0,0,0,1,0,0,0,5,1,0,5,0,0,0,0,0,8,5,0,0,24,25,0,0,6,0,0,20,0,3,7,0,21,13,10,14,1,14,21,0,23,69,6,17,39,98,12,47,53,17,111,34,44,79,112,151,121,87,194,196,223,246,322,437,340,438,433,582,476,643,730,643,902,826,979,945,1230,1196,1104,1278,1223,1249,1061,1193,1357,1147,1278,1207,1067,967,1099,906,784,938,759,911,963,1046,1156,1166,1271,1725,1633,2440,3174,3989,4874,5364,8315,5480,8535,10505,11261,12484,13132,13429,13881,16374,15524,14394,14100,13769,12818,9752,10731,8684,7806,6578,4969,4138,3530,2298,1855,1716,943,1312,418,194,289,140,134,67,40,16,11,7,0,0,27,1,0,18,0,0,0,0,0,0,0,0,0,0,0,0,0,0,0,0,0,0,0,0,0,0,0,0,0,0,0,0,0,0,0,0,0,0,0,0,0,0,0,0,0,0,0,0,0,0,0,0,0,0,0,0,0,0,0,0,0,0,0,0,0,0,0,0,7,0,0,0,0,0,0,0,0,0,0,0,0,0,0,0,0,0,0,0,0,0,0,0,0,0,0,0,0,0,0,0,0,0,0,0,0,0,0,0,0,0,0,0,0,0,0,0,0,0,0,0,12,0,0,0,0,0,0,0,0,0,0,0,0,0,0,0,0,0,0,0,0,0,0,0,0,0,0,0,0,0,0,0,0,0,0,0,0,0,0,0,0,0,0,0,0,0,0}
Count:   6.2   5.7   5.2   7.2   4.8   5.0   3.9   5.0   4.9   4.8   4.8   4.5   4.3   4.6   4.9   4.7   9.4  11.3   9.6   9.9   8.6  10.1   9.0   9.8   9.6   9.7  10.1  11.4   7.8   9.3   9.4  10.3  10.8  10.9   9.7  10.9  10.1   9.6   9.1   9.8  11.5  10.6   8.4   9.5   9.2  10.9   9.5  10.2   9.5   9.8   8.9   9.2   8.2   9.3   8.1   9.6   9.4   9.4   8.7  10.4   8.6  10.2   8.9  10.1   9.1  11.1  10.0  10.4   8.6  10.1   9.3  10.9   8.5  10.5   9.4  10.1   8.7  10.2   8.8  11.0   8.5  10.6   9.5  10.7   8.5  11.1   9.0   9.9   9.0  10.1   8.7   9.3   7.4  10.0   9.2   9.9   8.9   9.9   8.7   8.6   9.0  10.1   7.7   9.3   6.7   8.3   6.8   8.0   8.0   7.9   7.7   8.0   7.3   8.1   7.4   7.2   5.3   8.1   6.9   8.0   7.0   8.8   7.2   8.2   8.1   9.2   9.0   7.3   8.0   8.9   8.1   7.5   6.8   8.5   6.6   8.6   7.8   8.2   8.5   7.6   7.6   9.6   8.4   8.9   7.1   8.8   8.8   9.3   8.7   9.1   8.3   8.5   8.6   8.7  10.0   6.9   8.7   8.0  10.7   9.7   8.7   8.5   8.8   9.4   9.8   8.9   8.4   8.5   8.5   9.2   8.3   9.1   8.8   8.9   9.4   8.7   9.0   8.4   8.7   9.0   8.5   9.2   8.5   8.8   9.0   9.0   7.7   8.4   8.2   8.3   8.8   8.3   9.3   9.2   9.1   9.2   9.1   8.7   7.3   8.9 
Direction:  n n n n n n n n n n n n n n n n n n n n n n n n n n n n n n n n n n n n n n n n n n n n n n n n n n n n n n n n n n n n n n n n n n n n n n n n n n n n n n n n n n n n n n n n n n n n n n n n n n n n n n n n n n n n n n n n n n n n n n n n n n n n n n n n n n n n n n n n n n n n n n n n n n n n n n n n n n n n n n n n n n n n n n n n n n n n n n n n n n n n n n n n n n n n n n n n n n n n n n n n

34.4: Count:   8.3 (  1.4) A:  23.1 [10-37] B:  11.5 [10-23] Phase: 165 ( 7.07) Direction:  nPhase: 172 ( 4.62) Direction:  n
Phase: {0,0,0,0,0,0,0,0,0,0,0,0,0,0,0,0,0,0,0,0,0,0,0,0,0,0,0,0,0,0,0,0,0,0,0,0,0,0,0,0,0,0,0,0,0,0,0,0,0,0,0,0,0,0,0,0,0,0,0,0,0,0,0,0,0,0,0,0,0,22,0,0,0,0,4,0,0,1,2,7,2,0,7,3,42,10,17,6,14,20,25,15,12,15,27,32,47,70,75,34,46,103,76,115,110,223,190,217,249,235,215,420,309,448,418,557,556,813,645,725,851,1013,1025,700,1104,1293,1131,1154,1017,1228,962,1218,1288,997,953,1205,912,903,977,755,700,796,729,922,831,794,1158,901,1287,1536,1926,2213,2943,4285,3695,4762,6760,7300,8483,9666,9523,10374,13491,14889,13669,15007,14776,14254,12316,13509,12623,11388,10084,8559,8018,7198,3997,4173,3564,2067,3432,1162,1255,842,545,450,412,188,200,121,109,87,35,16,29,0,0,1,0,0,15,2,0,0,0,0,0,0,0,0,0,0,0,0,0,0,0,0,0,0,0,0,0,0,0,14,2,0,0,0,0,0,0,0,0,0,0,0,0,1,0,0,0,0,0,0,0,0,0,0,0,0,0,2,0,0,0,0,0,0,0,0,0,0,0,0,0,0,0,0,0,0,0,0,0,0,0,0,0,0,0,0,0,0,0,0,0,0,0,0,0,0,0,0,0,0,0,0,0,0,0,0,0,0,0,0,0,0,0,0,0,0,0,0,0,0,0,0,0,0,0,0,0,0,0,0,0,0,0,0,0,0,0,0,0,0,0,0,0,0,0,0,0,0,0,0,0,0,0,0,0,0,0,0,0,0,0,0,0,0}
Count:   6.5   5.5   5.7   6.1   5.4   4.9   4.0   4.6   5.0   4.7   4.1   4.6   4.4   5.0   4.4   4.1   7.8   9.4   8.8  10.6   8.6  10.3   8.9  10.3  10.8   9.5  10.2  10.9   8.0   9.4   9.5   9.7   9.5  10.2   8.2  10.0   9.0   9.9   9.1   9.0  10.7  10.4   7.9   9.0   9.6  10.2  10.1   9.4   8.9  10.1   9.9   9.9   7.6   8.2   8.3   8.9   8.7   8.7   8.5  10.2   9.6   9.5   8.5   9.7   8.3  10.9   9.4   9.8   9.0   9.0   8.3   9.2   8.8   9.5   8.4  10.7   7.5  10.6   8.8  10.0   7.8  10.6   9.2  10.6   7.6  10.4   8.9  10.0   8.7  10.1   7.9   8.2   7.6  10.7   9.1   9.6   7.6   8.0   8.8   9.7   8.0   8.6   8.2   7.6   7.6   7.7   6.6   7.9   8.2   8.5   7.3   8.3   6.7   7.9   6.1   7.2   6.0   7.1   5.5   7.2   7.4   7.8   6.6   6.4   7.3   8.5   8.0   7.2   7.8   7.7   6.9   7.8   7.5   8.1   6.8   8.6   7.8   8.6   8.1   7.8   8.1   7.3   8.3   7.6   7.8   8.4   7.4   8.1   9.1   8.7   7.4   8.3   7.9   8.4   8.4   7.8   7.9   6.8   9.6   9.2   9.6   9.2   9.0   9.5   7.6   9.2   8.4   9.2   8.4   8.0   8.6   8.4   8.1   9.0   8.6   8.7   9.5   8.0   7.3   8.7   8.2   9.9   8.8   8.6   9.3   9.4   8.7   8.0   8.0   8.0   7.7   8.1   8.5   8.2   8.8   8.8   8.7   8.1   7.0   8.5 
Direction:  n n n n n n n n n n n n n n n n n n n n n n n n n n n n n n n n n n n n n n n n n n n n n n n n n n n n n n n n n n n n n n n n n n n n n n n n n n n n n n n n n n n n n n n n n n n n n n n n n n n n n n n n n n n n n n n n n n n n n n n n n n n n n n n n n n n n n n n n n n n n n n n n n n n n n n n n n n n n n n n n n n n n n n n n n n n n n n n n n n n n n n n n n n n n n n n n n n n n n n n n

34.5: Count:   7.8 (  1.4) A:  21.4 [10-37] B:  11.5 [10-21] Phase: 168 ( 7.24) Direction:  n
Phase: {0,0,0,0,0,0,0,0,0,0,0,0,0,0,0,0,0,0,0,0,0,0,0,0,0,0,0,0,0,0,0,0,0,0,0,0,0,0,0,0,0,0,0,0,0,0,0,0,0,0,0,0,0,0,0,0,0,0,0,0,0,0,0,0,0,0,2,0,0,0,0,0,19,9,0,0,0,0,0,0,6,0,0,22,7,3,17,0,3,23,23,11,1,42,22,50,39,49,29,26,36,91,38,25,150,88,97,155,222,183,227,236,330,322,468,433,357,620,453,507,684,646,834,663,873,869,893,1005,977,1178,946,1077,816,907,874,1205,874,936,920,897,791,641,728,760,741,673,881,811,1080,925,983,1530,1823,2409,1907,2663,4437,4330,5477,7183,6849,7643,10588,11055,11308,11859,12701,14050,11774,14580,12957,13743,12028,9685,10139,9900,6919,7000,4964,3314,5864,2091,1960,1977,1034,821,762,423,400,349,238,218,104,131,75,42,41,22,7,0,0,7,7,0,0,0,0,0,9,0,0,0,0,0,0,0,0,0,0,0,0,0,0,0,0,0,0,0,0,0,0,0,0,0,0,0,0,0,0,0,0,0,0,0,0,0,0,0,0,0,0,0,0,0,0,0,0,0,0,0,0,0,0,0,0,0,0,0,0,0,0,0,0,0,0,0,0,0,0,0,0,0,0,0,0,0,0,0,0,0,0,0,0,0,0,0,0,0,0,0,0,0,0,0,0,0,0,0,0,0,0,0,0,0,0,0,0,0,0,0,0,0,0,0,0,0,0,0,0,0,0,0,0,0,0,0,0,0,0,0,0,0,0,0,0,0,0,0,0,0,0,0,0,0,0,0,0,0,0,0}
Count:   5.9   5.6   4.4   5.3   5.4   4.6   3.8   4.9   4.2   4.3   4.5   4.9   4.1   4.7   3.6   4.9   9.3   9.1   7.7   9.3   8.2   9.6   8.6   9.7  10.2   8.5   9.4  10.2   7.2   8.6   8.9   9.2   9.9  10.2   8.0  10.3   8.9   8.6  10.3   8.7  10.4   9.6   8.2   8.2   8.5   9.7  10.3   9.6   8.2   8.4   8.5   8.4   6.9   8.2   7.7   8.5   7.8   8.5   8.5   9.3   8.1   9.1   7.7   9.7   8.4  10.2   9.3   8.7   8.8   9.2   9.0   8.9   7.6  10.0   8.4   9.6   7.5   9.5   7.8   8.9   8.3   9.8   6.8   8.7   7.9   9.0   8.1   9.9   8.4   9.1   7.6   7.9   7.1   9.8   9.0   8.9   7.1   8.3   8.1   8.3   7.8   7.9   8.0   8.6   7.0   7.3   6.8   7.4   6.5   6.9   6.2   7.5   6.4   6.8   6.0   7.1   5.6   6.7   5.0   7.0   6.1   6.8   6.9   7.0   6.4   7.8   6.7   6.5   7.8   6.5   6.8   7.0   6.5   8.2   6.4   7.8   6.8   7.9   7.0   6.6   8.6   7.3   6.6   6.8   8.3   7.6   7.4   8.7   7.3   8.3   6.9   7.8   7.7   8.3   8.7   7.0   7.5   6.2   9.5   8.2   9.4   8.1   7.5   8.9   8.1   8.0   8.4   7.8   7.3   8.7   7.1   7.7   8.0   8.5   8.2   8.7   8.4   8.3   7.5   7.7   9.0   9.0   8.0   7.8   8.5   8.0   8.3   7.3   7.5   8.7   7.1   8.3   8.0   7.4   8.1   7.7   7.3   7.6   6.2   8.3 
Direction:  n n n n n n n n n n n n n n n n n n n n n n n n n n n n n n n n n n n n n n n n n n n n n n n n n n n n n n n n n n n n n n n n n n n n n n n n n n n n n n n n n n n n n n n n n n n n n n n n n n n n n n n n n n n n n n n n n n n n n n n n n n n n n n n n n n n n n n n n n n n n n n n n n n n n n n n n n n n n n n n n n n n n n n n n n n n n n n n n n n n n n n n n n n n n n n n n n n n n n n n n

34.6: Count:   7.5 (  1.4) A:  20.1 [10-35] B:  11.5 [10-23] Phase: 170 ( 7.55) Direction:  n
Phase: {0,0,0,0,0,0,0,0,0,0,0,0,0,0,0,0,0,0,0,0,0,0,0,0,0,0,0,0,0,0,0,0,0,0,0,0,0,0,0,0,0,0,0,0,0,0,0,0,0,0,0,0,0,0,0,0,0,0,0,0,0,0,0,0,0,0,0,0,0,7,0,0,0,0,0,0,1,0,0,0,0,0,0,13,8,2,36,1,2,38,6,22,25,17,13,24,18,11,25,47,20,68,38,99,75,109,55,104,98,141,156,165,260,257,257,302,278,306,519,381,441,483,617,521,701,676,848,672,758,911,642,1006,894,853,796,1358,544,1074,1026,879,707,848,705,580,601,693,962,669,725,935,937,1130,1593,1651,1714,2202,3049,3330,3731,4882,5057,4617,8001,7951,8623,9989,10884,11175,10443,13136,12348,12366,11627,10274,12014,10438,8397,9773,7204,5111,8430,3833,3667,3090,2621,1860,1830,1210,1042,876,580,532,326,187,165,179,112,113,44,67,42,50,16,0,13,11,15,0,0,10,0,0,2,0,0,2,0,0,0,0,0,0,0,0,0,0,6,0,0,0,0,0,0,0,0,0,0,0,0,0,0,0,0,0,0,0,0,0,0,0,0,0,0,0,0,0,0,0,0,0,0,0,0,0,0,0,0,0,0,0,0,0,0,0,0,0,0,0,0,0,0,0,0,0,0,0,0,0,0,0,0,0,0,0,0,0,0,0,0,0,0,0,0,0,0,0,0,0,0,0,0,0,0,0,0,0,0,0,0,0,0,0,0,0,0,0,0,0,0,0,0,0,0,0,0,0,0,0,0,0,0,0,0,0,0,0,0,0,0,0,0,0,0,0,0,0,0,0,0,0}
Count:   5.4   4.6   3.1   5.8   4.8   4.8   3.3   4.9   4.2   4.0   4.7   4.8   4.0   3.6   4.4   4.5   7.9   9.1   7.9   8.7   7.7   8.1   6.8   9.4   9.7   8.2   8.2  10.7   6.5   8.5   9.6   8.7   8.2   9.5   8.4   9.5   8.9   8.3   8.5   8.4  10.1   9.0   7.6   6.7   8.4   8.5   8.1   9.0   8.8   9.0   7.7   7.8   6.7   7.0   7.9   9.2   7.5   8.1   7.9   8.5   7.5   9.3   8.1   8.8   8.1  10.0   7.8   8.8   7.8   9.1   7.9   9.9   8.0  10.4   8.7   9.5   7.4   9.3   7.3  10.1   7.2   8.8   7.1   8.4   6.8   9.3   8.2  10.2   8.1   9.0   8.1   8.0   7.1   9.6   7.8   8.0   8.1   9.0   8.0   7.6   8.2   7.2   7.3   7.2   6.3   7.6   6.5   8.3   7.3   6.6   6.4   7.3   6.6   7.1   6.8   6.6   5.2   6.7   5.3   6.9   4.7   7.3   6.9   7.1   6.6   6.9   6.5   5.8   6.2   6.5   5.5   7.6   6.6   7.0   6.0   7.0   7.1   6.9   6.7   6.7   7.4   6.5   6.6   7.5   7.3   7.2   7.5   6.9   7.6   7.9   7.2   7.5   7.4   8.4   9.4   6.7   6.9   7.3   8.8   8.4   9.4   7.9   7.6   8.5   7.8   7.4   8.0   8.0   6.8   8.3   7.4   6.9   7.7   7.0   7.3   7.5   8.1   7.9   7.6   7.2   7.7   7.9   7.7   7.2   6.7   7.5   7.5   8.1   7.7   7.4   6.8   6.9   7.1   7.7   7.2   6.7   6.9   7.3   5.6   7.8 
Direction:  n n n n n n n n n n n n n n n n n n n n n n n n n n n n n n n n n n n n n n n n n n n n n n n n n n n n n n n n n n n n n n n n n n n n n n n n n n n n n n n n n n n n n n n n n n n n n n n n n n n n n n n n n n n n n n n n n n n n n n n n n n n n n n n n n n n n n n n n n n n n n n n n n n n n n n n n n n n n n n n n n n n n n n n n n n n n n n n n n n n n n n n n n n n n n n n n n n n n n n n n

34.7: Count:   6.8 (  1.3) A:  18.6 [10-32] B:  11.5 [10-23] Phase: 171 ( 7.47) Direction:  nPhase: 179 ( 4.88) Direction:  n
Phase: {0,0,0,0,0,0,0,0,0,0,0,0,0,0,0,0,0,0,0,0,0,0,0,0,0,0,0,0,0,0,0,0,0,0,0,0,0,0,0,0,0,0,0,0,0,0,0,0,0,0,0,0,0,0,0,0,0,0,0,0,0,0,0,0,0,0,0,0,0,0,0,0,0,0,0,0,0,9,0,0,0,11,10,0,0,13,1,0,0,0,14,1,13,10,21,27,30,14,23,21,54,23,16,30,105,61,88,144,118,75,115,110,139,140,249,243,231,321,305,345,416,457,617,500,699,682,626,781,650,833,741,769,997,979,665,1269,861,645,887,814,604,689,655,679,723,684,653,592,659,638,659,906,991,1245,990,1613,2115,2088,2503,3844,3292,3589,5632,6183,6858,7104,8321,9890,8243,11143,11386,11747,11627,10777,12259,9763,9741,9161,7992,5758,9809,5051,4201,3816,2764,2451,2413,1716,1301,1146,746,637,441,361,322,275,233,80,91,31,87,68,27,32,20,24,0,0,0,0,0,0,5,0,0,0,16,0,0,0,0,0,0,0,0,0,0,0,0,0,0,0,0,0,0,0,0,0,0,0,0,0,0,0,0,0,0,0,0,0,0,0,0,0,0,0,0,0,0,0,0,0,0,0,0,0,0,0,0,0,0,0,0,0,0,0,0,0,0,0,0,0,0,0,0,0,0,0,0,0,0,0,0,0,0,0,0,0,0,0,0,0,0,0,0,0,0,0,0,0,0,0,0,0,0,0,0,0,0,0,0,0,0,0,0,0,0,0,0,0,0,0,0,0,0,0,0,0,0,0,0,0,0,0,0,0,0,0,0,0,0,0,0,0,0,0,0,0,0,0}
Count:   5.2   4.5   3.5   5.1   3.9   3.7   2.9   3.9   3.2   4.0   3.1   3.9   2.9   3.8   3.8   4.2   6.7   8.0   7.8   7.9   6.3   8.5   7.6   8.7   8.1   7.4   7.6   9.2   5.6   6.6   7.5   8.1   6.9   8.6   7.7   9.0   8.4   7.6   8.6   8.2   8.9   7.9   7.2   6.9   7.4   8.7   8.9   8.8   7.5   8.8   6.4   8.4   6.6   6.1   7.8   8.4   6.9   7.5   9.0   7.7   7.4   7.7   7.9   7.7   8.2   9.1   8.6   7.4   7.7   7.9   7.5   7.9   7.0   8.7   7.4   9.3   7.1   7.7   7.2   8.7   6.5   9.2   7.6   8.2   6.7   8.4   7.7   7.8   6.9   7.5   6.6   7.7   6.5   8.7   7.3   6.5   6.7   6.7   6.9   7.2   7.4   5.9   5.8   5.9   5.6   6.0   5.3   6.6   6.6   5.8   5.2   5.6   6.2   5.7   5.6   6.2   4.8   6.4   5.2   5.6   4.5   6.2   5.9   6.2   6.0   6.4   6.6   7.2   6.0   6.6   6.6   5.7   6.2   6.9   6.0   7.3   5.5   7.0   6.2   6.0   6.2   6.2   6.2   6.4   5.6   5.7   6.8   6.2   6.6   7.2   6.8   6.5   7.2   8.0   6.8   5.6   5.8   6.4   8.7   7.2   9.1   7.1   6.9   8.9   6.6   7.2   7.4   7.7   7.1   6.5   7.4   7.0   8.3   6.8   7.0   7.1   7.6   7.4   6.3   6.6   7.2   7.1   6.6   7.2   6.4   6.9   6.3   6.9   7.5   6.6   6.0   6.9   6.5   8.0   7.1   6.3   6.6   7.4   6.1   7.4 
Direction:  n n n n n n n n n n n n n n n n n n n n n n n n n n n n n n n n n n n n n n n n n n n n n n n n n n n n n n n n n n n n n n n n n n n n n n n n n n n n n n n n n n n n n n n n n n n n n n n n n n n n n n n n n n n n n n n n n n n n n n n n n n n n n n n n n n n n n n n n n n n n n n n n n n n n n n n n n n n n n n n n n n n n n n n n n n n n n n n n n n n n n n n n n n n n n n n n n n n n n n n n

34.8: Count:   6.2 (  1.3) A:  17.2 [10-29] B:  11.4 [10-22] Phase: 172 ( 6.97) Direction:  nPhase: 180 ( 3.98) Direction:  n
Phase: {0,0,0,0,0,0,0,0,0,0,0,0,0,0,0,0,0,0,0,0,0,0,0,0,0,0,0,0,0,0,0,0,0,0,0,0,0,0,0,0,0,0,0,0,0,0,0,0,0,0,0,0,0,0,0,0,0,0,0,0,0,0,0,0,0,0,0,0,0,0,0,0,0,0,0,0,0,0,0,13,0,0,0,0,0,0,0,0,0,0,42,15,0,2,0,10,20,12,12,16,13,36,13,29,48,50,18,98,98,44,73,161,104,45,170,240,92,330,258,319,289,419,358,364,464,689,497,606,697,778,642,752,872,828,537,1209,660,727,728,809,624,818,753,603,692,721,641,476,463,535,421,584,810,898,626,935,1166,1576,1811,2529,2309,2359,4113,4331,5457,5776,6772,7912,7910,10282,10149,10356,10142,10984,12033,10320,10024,9134,7678,6330,10567,4834,4242,3838,3105,2380,2590,1535,1305,992,735,787,408,447,289,132,182,191,98,73,33,104,30,16,34,12,38,1,17,0,1,7,3,1,13,1,0,5,0,0,0,13,0,0,0,2,0,0,0,0,0,0,0,0,0,0,0,0,0,0,0,0,0,0,0,0,0,0,0,0,0,0,0,0,0,0,0,0,0,0,0,0,0,0,0,0,0,0,0,0,0,0,0,0,0,0,0,0,0,0,0,0,0,0,0,0,0,0,0,0,0,0,0,0,0,0,0,0,0,0,0,0,0,0,0,0,0,0,0,0,0,0,0,0,0,0,0,0,0,0,0,0,0,0,0,0,0,0,0,0,0,0,0,0,0,0,0,0,0,0,0,0,0,0,0,0,0,0,0,0,0,0,0,0,0,0,0,0,0,0}
Count:   4.1   3.3   3.2   4.6   3.6   3.5   3.1   3.3   3.6   3.1   2.8   2.9   2.3   2.4   3.3   3.6   5.7   7.3   6.6   7.4   6.0   7.6   6.5   7.8   7.2   7.0   6.7   8.5   5.6   6.5   6.9   7.4   6.7   8.5   6.8   7.1   7.9   6.8   6.8   6.3   8.1   8.4   7.4   6.5   6.8   8.0   8.0   7.9   6.6   8.7   7.0   8.7   7.5   6.0   7.3   7.5   6.9   7.1   7.6   7.5   7.0   7.7   6.6   7.1   7.2   8.8   7.4   7.9   7.4   7.8   6.8   8.1   6.6   8.4   7.4   8.0   6.5   7.0   7.0   7.6   6.0   8.0   6.2   8.1   5.3   6.7   6.8   7.0   6.7   7.0   6.3   6.7   5.9   7.5   7.1   7.4   6.0   5.7   5.8   6.6   7.4   5.4   5.7   5.5   5.0   4.9   5.0   5.7   6.3   5.7   5.4   5.3   4.7   5.5   5.0   5.1   4.4   5.4   4.4   5.7   3.9   5.5   5.0   5.3   4.7   5.9   5.7   6.2   4.8   5.9   5.6   4.7   5.6   4.8   4.8   5.7   5.7   6.7   5.8   5.6   5.8   5.2   7.0   6.5   5.7   6.5   6.2   6.4   5.2   6.5   5.3   6.0   6.2   7.0   6.9   6.1   5.4   5.3   6.3   6.9   7.4   6.0   6.8   8.1   5.9   5.9   6.2   5.8   7.0   5.4   5.6   6.2   6.6   6.1   5.5   6.0   6.8   7.7   5.3   6.1   6.7   6.4   5.6   6.6   6.4   7.1   6.6   5.9   5.7   6.1   6.3   5.5   5.3   6.3   6.2   5.4   5.7   6.3   5.0   7.0 
Direction:  n n n n n n n n n n n n n n n n n n n n n n n n n n n n n n n n n n n n n n n n n n n n n n n n n n n n n n n n n n n n n n n n n n n n n n n n n n n n n n n n n n n n n n n n n n n n n n n n n n n n n n n n n n n n n n n n n n n n n n n n n n n n n n n n n n n n n n n n n n n n n n n n n n n n n n n n n n n n n n n n n n n n n n n n n n n n n n n n n n n n n n n n n n n n n n n n n n n n n n n n

34.9: Count:   6.1 (  1.3) A:  16.2 [10-30] B:  11.4 [10-22] Phase: 173 ( 7.42) Direction:  nPhase: 176 ( 1.28) Direction:  nPhase: 180 ( 0.24) Direction:  nPhase: 180 ( 0.26) Direction:  n
Phase: {0,0,0,0,0,0,0,0,0,0,0,0,0,0,0,0,0,0,0,0,0,0,0,0,0,0,0,0,0,0,0,0,0,0,0,0,0,0,0,0,0,0,0,0,0,0,0,0,0,0,0,0,0,0,0,0,0,0,0,0,0,0,0,0,0,0,0,0,0,0,0,0,0,0,12,0,0,0,0,3,0,0,0,0,0,7,0,0,0,0,14,0,0,0,11,0,28,11,0,0,2,15,14,6,22,48,33,55,40,86,66,67,69,122,208,123,98,219,213,283,267,287,288,313,436,455,410,578,609,585,628,586,683,655,636,1175,571,758,978,767,561,770,582,748,593,604,708,548,560,509,561,498,575,885,379,934,1164,1001,1408,2258,2148,2154,3718,4309,5140,5228,5747,7389,6394,9296,8723,9594,9708,9821,10707,10327,10606,9202,8402,6912,11750,5119,5036,4548,4051,3353,2757,2109,1693,1214,1067,1005,652,480,467,338,386,281,176,101,191,77,64,26,36,18,16,18,10,7,5,15,14,0,0,0,15,0,0,0,0,0,0,0,0,1,0,0,0,0,0,0,0,0,0,0,0,0,0,0,0,0,0,0,0,0,0,0,0,0,0,0,0,0,0,0,0,0,0,0,0,0,0,0,0,0,0,0,0,0,0,0,0,0,0,0,0,0,0,0,0,0,0,0,0,0,0,0,0,0,0,0,0,0,0,0,0,0,0,0,0,0,0,0,0,0,0,0,0,0,0,0,0,0,0,0,0,0,0,0,0,0,0,0,0,0,0,0,0,0,0,0,0,0,0,0,0,0,0,0,0,0,0,0,0,0,0,0,0,0,0,0,0,0,0,0,0,0,0,0}
Count:   4.8   5.3   3.9   4.5   4.3   3.6   3.0   3.2   3.3   3.5   2.6   3.3   2.6   2.4   2.9   3.8   5.7   7.5   6.4   7.7   5.9   8.3   7.2   7.4   7.5   7.0   6.3   8.4   5.8   7.3   8.5   6.8   8.3   8.5   7.4   7.2   7.7   7.8   7.5   7.8   8.7   8.2   7.7   6.5   6.7   9.2   7.3   8.6   7.3   9.3   6.0   8.3   6.9   6.4   7.0   6.7   6.0   6.9   7.8   7.2   6.6   7.0   6.9   7.1   5.6   8.3   7.6   7.4   6.8   6.4   6.7   8.5   7.2   7.3   6.8   7.4   5.5   6.7   6.3   7.1   5.2   6.8   6.0   7.3   5.6   7.8   6.5   7.7   5.5   7.1   6.1   6.6   5.9   7.4   6.0   6.9   6.3   6.5   5.4   5.8   6.6   6.6   5.1   4.4   5.1   4.8   5.1   5.5   5.1   5.2   5.2   4.7   4.7   5.2   4.1   4.6   4.2   4.9   4.1   5.5   4.0   5.8   5.1   5.2   4.5   4.7   4.8   5.4   5.2   5.4   3.8   5.2   5.5   4.8   5.1   5.2   4.8   5.5   6.4   5.1   5.5   5.5   5.7   5.3   5.7   5.2   5.5   5.9   5.4   6.8   6.0   6.1   6.0   7.8   5.7   5.7   5.1   5.4   6.4   6.7   6.1   6.4   6.3   7.3   5.8   7.0   6.1   5.9   7.0   5.5   5.7   6.4   5.9   6.7   6.3   6.3   6.1   5.8   6.0   6.7   5.4   6.3   5.8   6.0   7.0   6.7   6.1   6.0   5.5   4.7   6.4   5.4   5.7   6.5   6.0   6.1   5.4   6.7   4.7   6.2 
Direction:  n n n n n n n n n n n n n n n n n n n n n n n n n n n n n n n n n n n n n n n n n n n n n n n n n n n n n n n n n n n n n n n n n n n n n n n n n n n n n n n n n n n n n n n n n n n n n n n n n n n n n n n n n n n n n n n n n n n n n n n n n n n n n n n n n n n n n n n n n n n n n n n n n n n n n n n n n n n n n n n n n n n n n n n n n n n n n n n n n n n n n n n n n n n n n n n n n n n n n n n n

35.0: Count:   6.0 (  1.3) A:  15.3 [10-27] B:  11.5 [10-21] Phase: 174 ( 7.55) Direction:  nPhase: 181 ( 3.85) Direction:  n
Phase: {0,0,0,0,0,0,0,0,0,0,0,0,0,0,0,0,0,0,0,0,0,0,0,0,0,0,0,0,0,0,0,0,0,0,0,0,0,0,0,0,0,0,0,0,0,0,0,0,0,0,0,0,0,0,0,0,0,0,0,0,0,0,0,0,0,0,0,0,0,0,0,0,0,0,0,0,0,0,0,0,0,0,0,0,0,0,0,0,0,0,19,0,7,0,13,0,24,1,2,34,37,13,5,18,27,17,25,57,48,14,46,139,106,98,101,145,71,169,105,221,236,206,272,252,268,430,325,403,471,542,461,585,471,562,514,1021,560,655,688,685,520,706,713,628,726,645,587,437,661,527,424,713,640,876,541,865,1247,1259,1582,1697,1979,2051,3083,3986,3663,4983,5172,6252,5167,8719,8570,8084,9124,8799,10359,9703,10425,9277,7923,7245,13021,6599,5336,5778,4886,4317,3556,2759,2543,1794,1706,1408,861,925,643,694,430,527,451,212,185,158,226,117,89,112,51,45,59,45,27,41,30,17,19,29,10,7,5,0,0,0,5,0,0,0,0,0,0,0,0,0,0,0,0,0,0,0,0,0,0,0,0,0,0,0,0,0,0,0,0,0,0,0,0,0,0,0,0,0,0,0,0,0,0,0,0,0,0,0,0,0,0,0,0,0,0,0,0,0,0,0,0,0,0,0,0,0,0,0,0,0,0,0,0,0,0,0,0,0,0,0,0,0,0,0,0,0,0,0,0,0,0,0,0,0,0,0,0,0,0,0,0,0,0,0,0,0,0,0,0,0,0,0,0,0,0,0,0,0,0,0,0,0,0,0,0,0,0,0,0,0,0,0,0,0,0,0,0,0}
Count:   4.6   4.4   3.8   4.8   4.3   3.7   2.9   2.7   3.4   3.9   2.8   3.3   2.9   2.9   3.4   3.4   5.8   7.6   6.6   6.7   6.3   7.3   7.1   8.0   7.5   7.8   7.5   8.4   6.4   8.1   7.2   8.1   7.7   8.6   7.9   9.3   7.9   8.2   7.8   7.4   8.3   7.6   6.8   6.9   6.5   8.6   7.5   7.6   6.7   7.4   6.6   7.3   6.0   6.8   5.8   6.9   6.3   6.8   6.8   7.3   6.5   7.8   7.3   8.1   7.1   7.4   7.1   7.2   7.2   8.3   7.3   7.8   6.0   6.9   5.9   7.0   6.7   8.0   5.9   7.6   6.4   7.1   6.1   6.6   6.9   7.8   5.7   7.3   6.6   6.6   6.7   7.0   5.4   6.9   6.2   7.1   5.9   6.4   6.8   6.2   6.4   5.9   5.9   4.9   4.4   4.6   3.9   5.0   4.9   4.2   4.4   4.6   3.3   4.6   4.3   4.7   3.7   5.6   4.3   4.9   3.9   5.9   4.4   4.2   4.6   4.7   4.0   4.4   5.2   5.4   3.8   4.0   4.8   5.1   4.8   5.1   4.7   6.0   5.3   4.7   4.8   6.4   5.2   4.8   5.5   5.7   5.5   5.4   5.7   6.2   5.9   6.1   5.9   7.5   6.1   4.9   5.4   4.2   6.7   6.5   6.6   6.5   5.9   6.4   6.9   6.8   5.7   6.6   6.9   5.8   5.8   5.4   6.5   7.2   5.5   6.3   6.7   5.6   5.8   5.3   6.4   5.9   6.4   6.2   6.2   6.2   5.1   6.7   6.0   5.6   6.4   6.0   5.3   6.3   5.1   5.8   6.1   5.6   5.0   6.1 
Direction:  n n n n n n n n n n n n n n n n n n n n n n n n n n n n n n n n n n n n n n n n n n n n n n n n n n n n n n n n n n n n n n n n n n n n n n n n n n n n n n n n n n n n n n n n n n n n n n n n n n n n n n n n n n n n n n n n n n n n n n n n n n n n n n n n n n n n n n n n n n n n n n n n n n n n n n n n n n n n n n n n n n n n n n n n n n n n n n n n n n n n n n n n n n n n n n n n n n n n n n n n

35.1: Count:   7.0 (  1.8) A:  14.6 [10-29] B:  11.9 [10-24] Phase: 175 ( 8.18) Direction:  nPhase: 191 ( 2.98) Direction:  nPhase: 185 ( 1.27) Direction:  nPhase: 180 ( 0.23) Direction:  nPhase: 180 ( 0.25) Direction:  nPhase: 180 ( 0.25) Direction:  n
Phase: {0,0,0,0,0,0,0,0,0,0,0,0,0,0,0,0,0,0,0,0,0,0,0,0,0,0,0,0,0,0,0,0,0,0,0,0,0,0,0,0,0,0,0,0,0,0,0,0,0,0,0,0,0,0,0,0,0,0,0,0,0,0,0,0,0,0,0,0,0,0,0,0,0,0,0,0,0,0,0,4,0,0,0,0,0,15,12,0,0,19,27,0,0,0,0,0,7,0,7,2,16,7,19,14,20,29,5,40,30,15,81,68,53,65,81,63,96,184,128,218,114,229,185,162,242,182,238,258,368,416,367,417,433,372,382,741,412,519,549,499,710,767,728,778,818,807,804,497,724,737,691,987,843,1281,715,1155,1614,1493,1873,2060,2400,2052,3313,4265,3554,4757,5407,5964,5274,8687,9316,8907,9759,9324,10562,11064,11200,9979,8991,8064,17308,7155,6733,7205,7265,6504,5750,4611,3934,3309,3295,2815,1740,1985,1623,1195,833,1195,698,407,351,387,287,288,304,127,79,178,84,110,42,26,20,34,84,68,47,24,25,3,19,0,11,0,0,0,0,0,11,13,0,0,0,0,0,0,0,0,0,0,0,0,0,0,0,0,0,0,1,0,0,0,0,0,0,0,0,0,0,0,0,0,0,0,0,0,0,0,0,0,0,0,0,0,0,0,0,0,0,0,0,0,0,0,0,0,0,0,0,0,0,0,0,0,0,0,0,0,0,0,0,0,0,0,0,0,0,0,0,0,0,0,0,0,0,0,0,0,0,0,0,0,0,0,0,0,0,0,0,0,0,0,0,0,0,0,0,0,0,0,0,0,0,0,0,0,0,0,0,0,0,0,0,0,0,0,0,0,0,0}
Count:   4.2   4.0   3.4   4.9   4.1   3.6   3.0   3.7   4.6   4.0   3.3   3.5   3.1   3.9   3.7   3.6   5.4   7.2   5.9   7.4   7.8   7.5   7.0   8.9   8.5   8.7   7.2   8.6   7.0   8.9   8.1   8.8   7.7   8.9   8.2   9.9   8.6   8.9   9.4   8.2   8.5   9.7   8.3   7.8   7.7   9.1   9.2   9.7   7.4  10.0   9.9   8.6   7.5   8.5   7.8   9.0   7.7   9.1   8.2   9.6   9.2  10.1   8.2   9.6   9.0   9.0   9.4   9.7   9.2  10.2   9.9   9.5  10.0  10.0   9.8  10.4   8.2   8.7   8.5  10.0   9.1   9.2   8.2   9.5   9.0   9.7   9.7   9.3   7.7   7.9   8.1   8.3   7.1   8.6   8.4   8.0   7.1   7.1   7.9   7.7   7.6   7.8   6.6   4.2   4.5   5.0   4.4   5.7   4.6   5.5   5.7   6.0   4.4   5.2   4.6   4.5   4.5   6.1   4.5   5.2   5.2   6.5   4.5   5.4   5.1   5.9   4.9   6.3   5.9   5.3   5.1   5.1   6.1   4.6   5.2   6.8   5.0   6.2   5.3   5.8   5.2   5.7   5.2   7.2   6.9   6.2   5.8   6.1   6.5   7.0   6.9   6.9   7.9   7.9   7.9   6.1   6.0   6.1   7.8   6.9   8.6   7.0   7.6   7.1   6.7   6.8   6.8   6.6   6.1   6.1   5.8   6.5   7.4   8.4   6.8   6.3   7.1   7.0   6.0   5.8   8.1   7.3   6.8   6.9   7.3   6.8   7.1   7.1   7.1   7.0   7.5   7.2   6.6   6.0   7.4   6.8   7.2   5.4   6.4   6.1 
Direction:  n n n n n n n n n n n n n n n n n n n n n n n n n n n n n n n n n n n n n n n n n n n n n n n n n n n n n n n n n n n n n n n n n n n n n n n n n n n n n n n n n n n n n n n n n n n n n n n n n n n n n n n n n n n n n n n n n n n n n n n n n n n n n n n n n n n n n n n n n n n n n n n n n n n n n n n n n n n n n n n n n n n n n n n n n n n n n n n n n n n n n n n n n n n n n n n n n n n n n n n n

35.2: Count:   6.8 (  1.8) A:  13.8 [10-27] B:  12.0 [10-25] Phase: 175 ( 7.03) Direction:  nPhase: 191 ( 3.75) Direction:  nPhase: 184 ( 0.82) Direction:  nPhase: 180 ( 0.23) Direction:  nPhase: 185 ( 1.62) Direction:  nPhase: 159 ( 2.78) Direction:  n
Phase: {0,0,0,0,0,0,0,0,0,0,0,0,0,0,0,0,0,0,0,0,0,0,0,0,0,0,0,0,0,0,0,0,0,0,0,0,0,0,0,0,0,0,0,0,0,0,0,0,0,0,0,0,0,0,0,0,0,0,0,0,0,0,0,0,0,0,0,0,0,0,0,0,0,0,0,0,0,0,0,0,0,0,0,0,0,0,0,0,0,5,0,0,0,1,0,0,16,0,1,0,0,18,7,7,2,37,10,45,20,46,73,21,62,12,91,86,22,51,121,96,87,137,142,179,174,221,155,329,304,325,266,303,402,369,404,679,291,536,514,485,443,715,514,771,657,657,649,504,896,726,672,657,875,1092,660,845,1565,1292,1876,2046,2350,1713,3133,3839,2949,4678,5138,5931,4286,7945,8103,8731,8626,8712,10510,10788,11702,9351,8380,7578,19377,7047,6400,7613,7849,7300,5934,4954,4457,3588,3449,3240,1721,1829,1332,1469,1029,1021,897,620,562,380,427,395,394,281,188,270,78,165,33,81,58,43,26,37,7,21,41,14,2,0,25,2,15,0,1,0,8,0,0,0,0,0,1,0,7,0,0,0,0,0,0,0,0,0,0,0,0,0,0,0,0,0,0,0,7,0,0,0,0,0,0,0,0,0,0,0,0,0,0,0,0,0,0,0,0,0,0,0,0,0,0,0,0,0,0,0,0,0,0,0,0,0,0,0,0,0,0,0,0,0,0,0,0,0,0,0,0,0,0,0,0,0,0,0,0,0,0,0,0,0,0,0,0,0,0,0,0,0,0,0,0,0,0,0,0,0,0,0,0,0,0,0,0,0,0,0,0,0,0,0,0,0,0,0,0,0,0,0}
Count:   4.2   3.8   2.5   3.4   3.5   3.1   2.9   2.8   3.4   2.8   2.6   3.4   3.2   3.3   2.8   2.8   6.2   7.8   6.7   7.2   8.0   7.8   6.7   8.8   8.1   7.1   6.1   8.0   5.7   6.8   7.0   7.4   7.3   7.2   6.9   8.3   7.2   7.8   7.6   8.0   9.9   7.5   7.7   7.7   7.4   8.6   9.1   9.2   7.6   8.5   8.2   7.4   5.9   7.7   7.2   7.8   7.5   8.7   8.4   8.7   8.8   8.7   8.5   7.5   8.6   8.5   9.9   9.5   8.8   9.0   9.4   8.5   9.7  10.2  10.8  10.3   8.6   9.4   9.5   9.8  10.2   8.8   7.4  10.0   7.7   8.5   9.7   9.8   7.8   8.6   7.9   7.4   6.4   8.8   9.0   8.9   7.5   7.0   7.3   7.7   7.2   7.2   7.3   4.0   4.6   5.0   4.2   4.5   4.7   6.6   5.5   5.7   4.7   5.7   4.3   3.9   4.7   5.1   4.3   5.0   4.4   6.1   5.2   5.1   6.0   6.3   5.0   5.7   4.4   4.8   5.3   5.3   5.0   5.0   5.2   5.8   4.9   6.1   5.6   6.4   5.6   5.7   5.5   6.4   5.7   7.2   7.0   5.5   7.1   7.8   6.7   7.0   6.9   6.9   8.2   6.2   6.1   6.5   7.5   7.1   7.8   7.7   6.9   8.2   7.2   7.2   6.5   8.0   7.0   6.1   7.5   7.0   6.4   7.2   7.2   7.5   7.2   7.5   7.7   7.5   8.2   7.8   7.0   7.2   7.5   7.4   7.6   6.8   6.3   6.9   7.5   7.3   7.2   6.9   7.4   7.0   6.4   6.0   7.2   5.9 
Direction:  n n n n n n n n n n n n n n n n n n n n n n n n n n n n n n n n n n n n n n n n n n n n n n n n n n n n n n n n n n n n n n n n n n n n n n n n n n n n n n n n n n n n n n n n n n n n n n n n n n n n n n n n n n n n n n n n n n n n n n n n n n n n n n n n n n n n n n n n n n n n n n n n n n n n n n n n n n n n n n n n n n n n n n n n n n n n n n n n n n n n n n n n n n n n n n n n n n n n n n n n

35.3: Count:   4.7 (  1.2) A:  13.2 [10-25] B:  11.5 [10-24] Phase: 174 ( 6.40) Direction:  nPhase: 188 ( 3.41) Direction:  nPhase: 180 ( 0.23) Direction:  nPhase: 184 ( 1.29) Direction:  n
Phase: {0,0,0,0,0,0,0,0,0,0,0,0,0,0,0,0,0,0,0,0,0,0,0,0,0,0,0,0,0,0,0,0,0,0,0,0,0,0,0,0,0,0,0,0,0,0,0,0,0,0,0,0,0,0,0,0,0,0,0,0,0,0,0,0,0,0,0,0,0,0,0,0,0,0,0,0,0,0,0,0,0,0,0,0,0,0,0,0,0,0,0,0,0,0,1,0,9,0,0,11,6,3,14,0,26,1,12,14,20,9,29,38,4,11,78,31,48,135,119,104,101,120,114,99,275,227,205,188,291,305,200,297,352,291,292,579,462,381,624,568,495,654,595,510,621,469,459,381,518,520,507,522,454,576,394,487,803,743,833,1069,1017,930,1963,2253,2048,3272,3122,3543,2758,5657,6482,5743,5523,6604,7739,8917,8739,6844,5630,5451,15151,4718,4294,5261,4860,4590,3967,3074,2379,2015,1980,1677,844,943,704,682,469,475,353,228,239,323,232,143,152,72,50,116,118,83,17,73,21,36,18,32,0,34,8,13,0,0,0,9,1,11,1,0,0,1,0,0,0,0,0,0,0,0,0,0,0,0,0,0,0,0,0,0,0,0,0,0,0,0,0,0,0,0,0,0,0,0,0,0,0,0,0,0,0,0,0,0,0,0,0,0,0,0,0,0,0,0,0,0,0,0,0,0,0,0,0,0,0,0,0,0,0,0,0,0,0,0,0,0,0,0,0,0,0,0,0,0,0,0,0,0,0,0,0,0,0,0,0,0,0,0,0,0,0,0,0,0,0,0,0,0,0,0,0,0,0,0,0,0,0,0,0,0,0,0,0,0,0,0,0,0,0,0,0,0}
Count:   2.2   2.6   2.0   1.7   2.6   1.7   1.1   1.9   1.8   1.3   1.7   1.5   1.3   2.2   1.6   1.8   5.2   4.9   5.1   5.0   5.2   4.8   5.2   4.6   5.9   4.2   5.0   5.3   3.4   4.5   5.5   4.5   4.8   4.6   4.6   5.0   4.3   4.1   4.3   3.7   6.2   5.1   4.7   4.8   4.9   5.8   6.1   6.1   4.4   6.5   5.1   4.7   4.5   6.3   5.1   4.8   4.5   7.4   6.1   5.7   6.6   6.6   5.6   5.7   5.6   6.5   6.9   6.3   6.1   5.6   7.0   5.9   5.7   6.5   5.8   6.6   5.9   5.9   5.8   5.2   5.7   5.9   4.1   6.6   5.8   5.7   6.1   6.3   5.5   5.1   4.2   5.5   4.2   5.4   4.7   4.8   4.8   4.2   5.5   4.9   4.3   4.3   5.2   3.1   3.3   4.4   3.5   4.0   4.0   4.3   4.4   4.1   3.7   3.4   3.0   4.4   3.2   4.6   3.1   3.5   3.0   4.9   4.6   4.4   4.8   4.8   3.7   3.9   4.2   4.8   2.9   3.3   3.2   3.2   3.8   4.2   3.9   3.8   4.0   3.8   4.0   4.5   3.8   4.5   4.3   4.6   4.3   5.3   4.3   5.6   4.4   5.0   4.9   5.3   6.3   5.2   3.8   4.6   5.3   5.9   4.3   5.3   5.6   5.4   4.8   4.6   5.2   5.6   5.0   4.8   5.3   4.9   4.5   5.0   6.0   5.2   5.6   5.1   5.2   5.3   5.4   4.8   4.0   5.0   5.0   5.5   5.0   4.9   3.7   5.4   4.6   5.1   4.3   4.8   4.7   4.3   5.7   4.3   4.8   4.8 
Direction:  n n n n n n n n n n n n n n n n n n n n n n n n n n n n n n n n n n n n n n n n n n n n n n n n n n n n n n n n n n n n n n n n n n n n n n n n n n n n n n n n n n n n n n n n n n n n n n n n n n n n n n n n n n n n n n n n n n n n n n n n n n n n n n n n n n n n n n n n n n n n n n n n n n n n n n n n n n n n n n n n n n n n n n n n n n n n n n n n n n n n n n n n n n n n n n n n n n n n n n n n

35.4: Count:   3.3 (  0.9) A:  12.6 [10-23] B:  11.2 [10-23] Phase: 175 ( 4.02) Direction:  nPhase: 190 ( 2.76) Direction:  nPhase: 185 ( 0.71) Direction:  nPhase: 180 ( 0.23) Direction:  nPhase: 184 ( 2.28) Direction:  nPhase: 161 ( 3.28) Direction:  nPhase: 166 ( 2.17) Direction:  nPhase: 168 ( 3.25) Direction:  n
Phase: {0,0,0,0,0,0,0,0,0,0,0,0,0,0,0,0,0,0,0,0,0,0,0,0,0,0,0,0,0,0,0,0,0,0,0,0,0,0,0,0,0,0,0,0,0,0,0,0,0,0,0,0,0,0,0,0,0,0,0,0,0,0,0,0,0,0,0,0,0,0,0,0,0,0,0,0,0,0,0,0,0,0,0,0,0,0,0,0,0,0,0,0,0,0,0,0,0,0,0,0,0,1,0,0,0,20,12,14,15,11,73,11,8,46,25,24,38,72,81,130,73,122,122,61,82,182,213,245,186,246,210,305,361,363,337,544,342,403,505,614,454,513,607,505,392,478,484,439,516,406,394,431,386,487,191,338,475,404,494,563,484,591,1256,1710,1133,2125,2148,2310,1926,4103,4463,3832,3562,4872,5420,7060,5834,4688,3552,3595,11967,3151,2956,3162,3389,3737,2681,1828,1312,1193,1239,1003,684,501,483,486,172,116,171,140,161,111,86,67,104,48,54,64,43,64,51,7,62,21,20,21,37,7,0,1,7,4,0,20,0,7,0,0,0,0,0,0,0,0,0,0,0,0,0,0,0,0,0,0,0,0,0,0,0,0,0,0,0,0,0,0,0,0,0,0,0,0,0,0,0,0,0,0,0,0,0,0,0,0,0,0,0,0,0,0,0,0,0,0,0,0,0,0,0,0,0,0,0,0,0,0,0,0,0,0,0,0,0,0,0,0,0,0,0,0,0,0,0,0,0,0,0,0,0,0,0,0,0,0,0,0,0,0,0,0,0,0,0,0,0,0,0,0,0,0,0,0,0,0,0,0,0,0,0,0,0,0,0,0,0,0,0,0,0,0}
Count:   1.9   1.6   1.1   1.3   1.8   1.0   0.6   1.1   0.7   1.2   1.0   0.7   0.6   1.3   1.4   1.0   3.3   3.7   2.7   3.0   3.2   3.8   3.4   3.3   3.7   3.6   3.6   3.7   2.3   3.4   3.4   3.3   3.7   3.2   2.4   3.2   3.1   3.2   3.4   3.2   4.1   3.6   3.2   4.0   3.2   4.3   4.9   4.8   3.9   4.5   3.7   3.1   3.6   4.0   3.6   3.9   3.3   4.4   3.6   4.2   4.0   4.6   4.5   4.3   3.9   4.7   4.6   4.3   4.0   4.8   4.1   4.0   4.7   5.4   3.6   4.7   4.4   3.6   4.1   4.4   4.0   3.1   3.2   4.7   2.8   4.0   3.8   3.7   3.6   3.2   3.3   3.1   2.6   3.2   3.7   3.6   3.1   3.1   3.7   3.5   3.3   3.4   2.4   2.4   2.3   3.6   2.6   2.6   2.6   3.9   3.5   2.5   2.9   2.2   2.8   2.4   2.2   2.9   2.2   3.1   2.3   3.2   3.1   3.5   3.0   4.0   3.3   3.4   2.6   2.6   2.7   3.1   2.4   1.7   2.9   3.2   2.4   3.0   2.7   2.8   3.0   2.8   2.9   3.4   3.5   3.0   3.2   4.0   2.5   3.3   3.2   3.8   3.5   4.1   3.8   3.5   3.0   3.4   4.3   4.6   3.5   3.8   3.8   4.1   3.6   3.2   3.4   4.0   4.2   2.8   3.5   3.8   3.9   4.0   4.1   3.1   3.6   3.3   3.3   3.1   3.8   4.3   3.2   3.5   3.7   2.9   4.2   3.7   2.7   2.6   3.2   3.3   3.2   3.4   3.2   2.7   4.1   3.0   2.8   2.9 
Direction:  n n n n n n n n n n n n n n n n n n n n n n n n n n n n n n n n n n n n n n n n n n n n n n n n n n n n n n n n n n n n n n n n n n n n n n n n n n n n n n n n n n n n n n n n n n n n n n n n n n n n n n n n n n n n n n n n n n n n n n n n n n n n n n n n n n n n n n n n n n n n n n n n n n n n n n n n n n n n n n n n n n n n n n n n n n n n n n n n n n n n n n n n n n n n n n n n n n n n n n n n

35.5: Count:   2.5 (  0.7) A:  12.3 [10-22] B:  11.2 [10-21] Phase: 175 ( 4.73) Direction:  nPhase: 180 ( 0.23) Direction:  nPhase: 185 ( 1.77) Direction:  nPhase: 167 ( 3.40) Direction:  nPhase: 175 ( 0.58) Direction:  nPhase: 176 ( 0.29) Direction:  n
Phase: {0,0,0,0,0,0,0,0,0,0,0,0,0,0,0,0,0,0,0,0,0,0,0,0,0,0,0,0,0,0,0,0,0,0,0,0,0,0,0,0,0,0,0,0,0,0,0,0,0,0,0,0,0,0,0,0,0,0,0,0,0,0,0,0,0,0,0,0,0,0,0,0,0,0,0,0,0,0,0,0,0,0,0,0,0,0,0,0,0,0,0,0,0,0,0,0,0,0,0,0,0,7,0,0,0,1,0,5,0,0,8,5,14,13,53,48,28,67,44,87,71,63,95,97,150,196,176,281,213,209,206,277,295,214,388,584,431,383,477,621,527,447,538,519,412,463,479,345,517,302,367,319,305,334,158,274,292,204,361,358,428,459,863,806,755,1422,1416,1606,1885,3252,3455,3000,2870,3914,4408,5717,4867,3432,2836,2613,10275,2340,2054,2162,2473,2632,1706,1295,674,389,743,617,320,247,277,218,112,183,173,35,56,70,64,31,97,12,48,19,26,43,9,18,21,34,1,9,13,3,16,0,0,0,0,0,0,0,9,0,0,0,0,0,0,0,0,0,0,0,0,0,0,0,0,0,0,0,0,0,0,0,0,0,0,0,0,0,0,0,0,0,0,0,0,0,0,0,0,0,0,0,0,0,0,0,0,0,0,0,0,0,0,0,0,0,0,0,0,0,0,0,0,0,0,0,0,0,0,0,0,0,0,0,0,0,0,0,0,0,0,0,0,0,0,0,0,0,0,0,0,0,0,0,0,0,0,0,0,0,0,0,0,0,0,0,0,0,0,0,0,0,0,0,0,0,0,0,0,0,0,0,0,0,0,0,0,0,0,0,0,0}
Count:   1.1   0.8   0.7   1.4   1.1   0.5   0.8   0.9   0.4   0.9   0.6   1.0   0.7   0.5   0.5   1.0   2.3   3.2   2.3   3.4   3.2   3.2   3.1   2.9   3.4   2.5   2.6   3.3   1.9   2.2   2.8   2.7   2.9   3.4   2.9   3.0   3.2   2.6   3.1   2.4   3.6   3.0   2.4   2.6   3.2   3.4   3.3   3.8   2.8   3.6   2.9   2.7   3.1   2.7   2.6   3.1   2.8   3.6   3.3   3.5   3.2   3.2   2.9   3.0   2.8   3.9   3.3   3.5   3.0   3.2   2.8   3.8   3.0   4.6   2.8   3.1   2.6   2.5   2.3   3.6   3.2   2.7   2.7   3.0   2.8   3.0   3.3   2.6   2.7   3.2   2.1   2.5   2.0   2.8   2.5   3.5   2.0   2.4   2.4   2.4   2.6   2.4   2.1   2.1   1.5   2.8   2.1   2.1   1.3   2.1   1.6   1.5   1.9   2.4   2.0   1.9   1.9   2.3   1.6   2.1   1.5   2.2   2.3   2.2   2.3   2.9   1.9   2.4   1.9   1.9   1.8   1.8   2.3   2.3   1.7   2.3   1.7   2.3   2.8   2.4   2.7   2.5   2.0   2.1   2.5   2.9   1.8   2.8   2.3   2.4   2.5   2.5   2.7   3.1   2.9   2.6   2.9   2.0   2.3   2.6   1.9   2.3   2.6   3.0   2.3   2.7   2.9   2.1   3.4   2.7   3.0   2.9   2.6   2.3   2.5   2.8   3.2   2.2   1.9   2.9   2.4   3.4   2.2   2.7   2.7   2.9   2.9   2.8   2.2   2.2   2.3   2.3   2.5   2.6   2.5   1.6   2.8   2.1   1.9   3.0 
Direction:  n n n n n n n n n n n n n n n n n n n n n n n n n n n n n n n n n n n n n n n n n n n n n n n n n n n n n n n n n n n n n n n n n n n n n n n n n n n n n n n n n n n n n n n n n n n n n n n n n n n n n n n n n n n n n n n n n n n n n n n n n n n n n n n n n n n n n n n n n n n n n n n n n n n n n n n n n n n n n n n n n n n n n n n n n n n n n n n n n n n n n n n n n n n n n n n n n n n n n n n n

35.6: Count:   2.0 (  0.6) A:  12.0 [10-22] B:  11.1 [10-21] Phase: 175 ( 2.62) Direction:  nPhase: 180 ( 0.23) Direction:  nPhase: 185 ( 1.94) Direction:  nPhase: 169 ( 0.54) Direction:  nPhase: 170 ( 0.26) Direction:  nPhase: 166 ( 1.19) Direction:  nPhase: 183 ( 2.45) Direction:  n
Phase: {0,0,0,0,0,0,0,0,0,0,0,0,0,0,0,0,0,0,0,0,0,0,0,0,0,0,0,0,0,0,0,0,0,0,0,0,0,0,0,0,0,0,0,0,0,0,0,0,0,0,0,0,0,0,0,0,0,0,0,0,0,0,0,0,0,0,0,0,0,0,0,0,0,0,0,0,0,0,0,0,0,0,0,0,0,0,0,0,0,0,0,0,0,0,0,0,0,0,0,0,0,0,0,0,0,0,0,12,22,0,4,7,0,29,28,5,32,16,48,58,38,75,90,82,120,106,125,217,187,259,182,286,327,316,336,562,295,247,495,346,388,383,551,438,308,487,492,318,359,393,223,340,271,413,205,195,327,194,272,246,171,282,464,630,622,1113,939,974,1173,2583,2794,1965,2162,3131,3981,5534,3926,3108,2405,2191,9672,1521,1669,1561,1548,2265,1248,1048,730,476,603,359,159,118,141,104,72,59,108,28,31,37,17,28,23,17,34,38,13,37,37,13,17,0,26,29,2,21,0,15,0,13,11,0,0,0,0,0,0,0,0,1,0,0,0,0,0,0,0,0,0,0,0,0,0,0,0,0,0,0,0,0,0,0,0,0,0,0,0,0,0,0,0,0,0,0,0,0,0,0,0,0,0,0,0,0,0,0,0,0,0,0,0,0,0,0,0,0,0,0,0,0,0,0,0,0,0,0,0,0,0,0,0,0,0,0,0,0,0,0,0,0,0,0,0,0,0,0,0,0,0,0,0,0,0,0,0,0,0,0,0,0,0,0,0,0,0,0,0,0,0,0,0,0,0,0,0,0,0,0,0,0,0,0,0,0,0,0,0,0}
Count:   1.1   1.1   0.8   1.3   0.8   0.9   0.5   0.9   0.9   0.6   0.6   0.5   0.6   0.8   1.1   0.7   2.3   2.4   2.4   2.6   2.2   2.7   2.7   2.5   2.9   2.0   2.4   3.4   1.4   1.9   2.2   2.3   2.9   3.0   2.5   2.8   1.9   2.3   2.2   2.2   2.1   2.0   1.7   2.2   2.4   2.4   2.6   2.6   2.7   3.0   2.1   1.9   2.2   2.0   2.7   2.1   2.2   2.4   2.6   2.8   3.1   2.2   2.1   2.6   2.0   3.5   1.7   2.2   2.9   2.4   2.5   2.9   2.3   4.1   2.6   3.4   1.9   2.9   1.8   2.2   2.3   2.3   1.8   2.3   2.2   2.1   2.3   2.7   2.5   3.6   2.6   2.2   1.5   2.4   2.2   2.4   1.8   1.7   2.3   2.3   1.7   2.2   1.8   1.7   1.4   2.3   1.3   1.8   1.4   1.6   1.4   1.6   2.0   1.6   1.4   1.8   1.8   2.0   1.2   1.8   1.5   1.7   2.1   1.8   1.5   1.8   1.8   1.7   1.8   1.7   1.6   1.8   1.4   1.8   1.3   1.5   1.8   1.9   1.7   1.9   1.4   2.4   1.7   1.8   1.7   2.2   2.2   1.9   1.8   2.4   1.9   2.1   2.2   2.2   2.8   2.3   1.4   1.5   2.3   1.6   2.4   2.4   2.2   2.4   1.6   2.0   2.1   2.2   1.9   2.0   2.1   2.0   2.4   1.7   2.0   2.1   2.3   1.9   2.1   2.2   2.3   1.6   2.5   2.0   2.2   1.9   2.3   2.2   1.9   1.4   2.2   2.3   1.9   2.1   2.3   1.7   1.6   1.8   1.6   2.1 
Direction:  n n n n n n n n n n n n n n n n n n n n n n n n n n n n n n n n n n n n n n n n n n n n n n n n n n n n n n n n n n n n n n n n n n n n n n n n n n n n n n n n n n n n n n n n n n n n n n n n n n n n n n n n n n n n n n n n n n n n n n n n n n n n n n n n n n n n n n n n n n n n n n n n n n n n n n n n n n n n n n n n n n n n n n n n n n n n n n n n n n n n n n n n n n n n n n n n n n n n n n n n

35.7: Count:   1.3 (  0.4) A:  11.7 [10-21] B:  11.1 [10-20] Phase: 175 ( 2.99) Direction:  nPhase: 180 ( 0.23) Direction:  nPhase: 185 ( 2.08) Direction:  nPhase: 169 ( 0.66) Direction:  nPhase: 166 ( 1.21) Direction:  n
Phase: {0,0,0,0,0,0,0,0,0,0,0,0,0,0,0,0,0,0,0,0,0,0,0,0,0,0,0,0,0,0,0,0,0,0,0,0,0,0,0,0,0,0,0,0,0,0,0,0,0,0,0,0,0,0,0,0,0,0,0,0,0,0,0,0,0,0,0,0,0,0,0,0,0,0,0,0,0,0,0,0,0,0,0,0,0,0,0,0,0,0,0,0,0,0,0,0,0,0,0,0,0,0,0,0,0,15,0,0,0,0,20,1,0,26,57,0,1,23,1,44,34,45,76,51,105,174,79,104,94,159,184,301,206,152,314,482,274,348,377,405,353,503,475,502,406,321,462,246,276,338,256,276,256,287,130,241,171,192,156,149,178,96,221,308,356,441,449,623,710,1362,1271,1054,1084,1683,2188,3121,1906,1436,1128,1200,7662,1171,865,1034,1082,1705,1148,1091,594,249,452,314,219,126,109,106,70,65,42,0,3,21,20,7,62,10,20,1,0,52,0,0,5,0,26,2,12,20,0,0,0,9,5,5,0,0,7,0,0,0,0,0,0,0,0,0,0,0,0,0,0,0,0,0,0,0,0,0,0,0,0,0,0,0,0,0,0,0,0,0,0,0,0,0,0,0,0,0,0,0,0,0,0,0,0,0,0,0,0,0,0,0,0,0,0,0,0,0,0,0,0,0,0,0,0,0,0,0,0,0,0,0,0,0,0,0,0,0,0,0,0,0,0,0,0,0,0,0,0,0,0,0,0,0,0,0,0,0,0,0,0,0,0,0,0,0,0,0,0,0,0,0,0,0,0,0,0,0,0,0,0,0,0,0,0,0,0,0,0,0}
Count:   0.7   0.6   0.4   0.4   0.6   0.5   0.4   0.4   0.2   0.2   0.2   0.2   0.3   0.5   0.5   0.5   2.2   2.0   1.5   1.7   1.0   1.5   1.5   1.4   1.7   1.1   1.5   1.7   1.2   1.8   1.5   1.5   1.4   1.9   1.7   2.1   1.2   1.6   1.9   1.2   2.1   1.6   1.3   1.2   1.2   1.4   2.0   1.0   1.2   1.6   1.1   1.4   1.2   1.5   1.2   1.5   1.5   1.8   1.3   1.3   1.4   1.4   1.9   1.3   1.5   1.6   1.4   1.8   1.1   2.4   1.8   1.6   1.6   2.1   1.6   1.9   1.6   1.8   1.3   1.7   1.1   1.2   1.2   1.6   1.5   1.7   1.4   1.6   1.9   1.5   1.4   1.4   1.0   1.4   1.5   1.6   1.6   1.8   1.3   1.4   1.7   1.5   1.1   1.1   0.6   1.3   1.2   1.1   1.2   1.4   1.0   1.2   1.1   1.0   0.8   0.9   0.9   1.0   1.1   1.0   0.8   1.7   1.3   1.3   0.6   1.1   0.8   1.5   1.2   1.2   0.6   1.0   1.3   1.2   1.0   1.4   1.3   1.9   0.7   1.2   1.3   1.2   1.5   1.5   1.2   0.6   1.1   1.5   1.5   1.5   1.3   1.4   1.7   1.3   1.5   1.4   1.3   0.9   2.1   1.3   1.6   1.5   1.3   1.9   1.1   1.3   1.2   1.7   1.0   1.6   1.2   1.2   1.7   1.4   1.3   1.1   1.5   1.5   1.2   1.6   1.6   1.1   1.4   1.9   1.6   1.3   1.6   1.5   1.6   1.1   1.0   1.6   1.3   1.2   1.8   1.2   1.2   1.0   1.2   1.5 
Direction:  n n n n n n n n n n n n n n n n n n n n n n n n n n n n n n n n n n n n n n n n n n n n n n n n n n n n n n n n n n n n n n n n n n n n n n n n n n n n n n n n n n n n n n n n n n n n n n n n n n n n n n n n n n n n n n n n n n n n n n n n n n n n n n n n n n n n n n n n n n n n n n n n n n n n n n n n n n n n n n n n n n n n n n n n n n n n n n n n n n n n n n n n n n n n n n n n n n n n n n n n

35.8: Count:   1.1 (  0.4) A:  11.5 [10-20] B:  11.1 [10-20] Phase: 175 ( 1.88) Direction:  nPhase: 180 ( 0.23) Direction:  nPhase: 184 ( 1.91) Direction:  nPhase: 189 ( 1.35) Direction:  nPhase: 169 ( 1.24) Direction:  nPhase: 143 ( 3.31) Direction:  n
Phase: {0,0,0,0,0,0,0,0,0,0,0,0,0,0,0,0,0,0,0,0,0,0,0,0,0,0,0,0,0,0,0,0,0,0,0,0,0,0,0,0,0,0,0,0,0,0,0,0,0,0,0,0,0,0,0,0,0,0,0,0,0,0,0,0,0,0,0,0,0,0,0,0,0,0,0,0,0,0,0,0,0,0,0,0,0,0,0,0,0,0,0,0,0,0,0,0,0,0,0,0,0,0,0,0,0,0,0,0,0,0,0,0,13,2,9,0,25,36,19,32,19,19,33,57,66,74,108,139,104,181,81,275,212,115,230,419,219,280,305,283,276,368,386,462,333,311,338,196,497,238,238,325,263,290,134,225,288,189,177,165,68,80,147,271,193,243,115,407,417,867,867,531,875,1260,1998,2624,1682,1064,832,931,6842,728,791,961,1112,1493,986,760,413,301,369,301,115,168,37,46,43,64,14,7,13,25,15,3,5,7,0,33,0,36,0,5,1,0,1,18,0,0,0,0,0,0,7,0,0,0,0,0,0,0,0,0,0,0,0,0,0,0,0,0,0,0,0,0,0,0,0,0,0,0,0,0,0,0,0,0,0,0,0,0,0,0,0,0,0,0,0,0,0,0,0,0,0,0,0,0,0,0,0,0,0,0,0,0,0,0,0,0,0,0,0,0,0,0,0,0,0,0,0,0,0,0,0,0,0,0,0,0,0,0,0,0,0,0,0,0,0,0,0,0,0,0,0,0,0,0,0,0,0,0,0,0,0,0,0,0,0,0,0,0,0,0,0,0,0,0,0,0,0,0,0,0,0,0,0,0,0,0,0,0}
Count:   0.6   0.6   0.4   0.3   0.5   0.7   0.1   0.3   0.5   0.1   0.3   0.3   0.3   0.3   0.4   0.1   1.4   1.3   1.2   1.9   1.3   1.1   1.7   1.3   1.5   1.1   1.6   1.6   0.7   0.8   1.1   0.8   1.0   1.6   1.4   1.7   1.1   0.9   1.3   0.8   1.3   1.1   1.2   0.8   1.0   1.5   1.6   1.3   1.1   1.2   0.9   1.3   1.0   1.2   1.1   1.8   1.1   1.5   1.3   1.6   1.4   1.4   1.8   1.4   0.9   1.5   1.8   1.4   1.1   1.3   1.4   1.5   1.5   1.7   1.0   1.0   1.0   2.0   1.0   1.6   1.4   1.9   0.9   1.5   0.9   1.2   1.4   1.6   1.0   1.1   1.0   1.3   0.9   1.1   1.0   1.1   0.9   1.3   1.1   1.3   0.7   1.2   1.2   0.7   0.7   0.8   0.7   0.6   0.7   0.8   0.4   0.9   1.0   0.6   0.9   1.1   0.5   0.8   0.8   1.4   0.7   1.1   0.7   0.9   1.0   1.1   0.6   0.8   0.8   0.7   0.9   0.7   0.6   1.3   0.6   0.8   0.7   1.0   0.7   0.9   1.2   0.6   0.7   1.2   1.1   0.8   0.8   1.4   1.2   1.3   1.0   1.3   1.2   1.0   1.5   1.3   0.9   1.5   1.9   1.5   1.2   0.8   1.4   1.6   1.1   1.1   0.7   1.2   1.0   1.2   0.8   1.3   1.3   1.1   1.2   1.0   1.0   0.9   1.4   1.4   1.1   1.3   1.1   1.9   1.1   1.2   1.2   1.0   1.0   1.0   0.7   1.1   1.1   0.9   1.1   0.7   1.0   0.8   1.0   0.6 
Direction:  n n n n n n n n n n n n n n n n n n n n n n n n n n n n n n n n n n n n n n n n n n n n n n n n n n n n n n n n n n n n n n n n n n n n n n n n n n n n n n n n n n n n n n n n n n n n n n n n n n n n n n n n n n n n n n n n n n n n n n n n n n n n n n n n n n n n n n n n n n n n n n n n n n n n n n n n n n n n n n n n n n n n n n n n n n n n n n n n n n n n n n n n n n n n n n n n n n n n n n n n

35.9: Count:   1.3 (  0.4) A:  11.9 [10-21] B:  11.1 [10-21] Phase: 175 ( 3.20) Direction:  nPhase: 185 ( 1.35) Direction:  nPhase: 180 ( 0.24) Direction:  nPhase: 186 ( 4.29) Direction:  nPhase: 169 ( 0.28) Direction:  nPhase: 166 ( 3.01) Direction:  nPhase: 168 ( 2.99) Direction:  nPhase: 174 ( 3.43) Direction:  n
Phase: {0,0,0,0,0,0,0,0,0,0,0,0,0,0,0,0,0,0,0,0,0,0,0,0,0,0,0,0,0,0,0,0,0,0,0,0,0,0,0,0,0,0,0,0,0,0,0,0,0,0,0,0,0,0,0,0,0,0,0,0,0,0,0,0,0,0,0,0,0,0,0,0,0,0,0,0,0,0,0,0,0,0,0,0,0,0,0,0,0,0,0,0,0,0,0,0,0,0,0,0,0,0,0,0,0,0,0,0,0,8,0,0,15,0,27,8,0,14,14,30,45,41,32,2,98,17,48,100,75,158,140,203,240,176,169,367,228,249,270,110,165,320,440,439,354,508,378,254,321,278,378,256,269,382,148,132,257,351,241,205,134,115,309,342,280,419,414,568,779,1321,1248,982,1163,1429,2215,2713,1982,1344,1225,1147,5626,840,1007,1161,1454,1895,1399,1130,668,459,625,565,236,274,183,169,87,86,34,49,20,16,53,38,34,12,4,23,26,12,32,14,17,9,1,13,3,2,0,14,1,13,5,0,0,0,0,0,0,13,0,0,0,0,0,0,0,0,0,0,0,0,0,0,0,0,0,0,0,0,0,0,0,0,0,0,0,0,0,0,0,0,0,0,0,0,0,0,0,0,0,0,0,0,0,0,0,0,0,0,0,0,0,0,0,0,0,0,0,0,0,0,0,0,0,0,0,0,0,0,0,0,0,0,0,0,0,0,0,0,0,0,0,0,0,0,0,0,0,0,0,0,0,0,0,0,0,0,0,0,0,0,0,0,0,0,0,0,0,0,0,0,0,0,0,0,0,0,0,0,0,0,0,0,0,0,0,0,0,0}
Count:   0.5   0.6   0.4   1.0   0.8   0.6   0.2   0.8   0.5   0.3   0.5   0.5   0.5   0.5   0.8   0.3   1.2   1.9   1.5   2.0   1.0   1.1   1.7   1.2   1.5   1.0   1.6   2.0   1.4   1.0   1.7   1.7   1.4   1.2   1.1   1.9   1.6   1.0   1.4   1.1   1.3   1.1   1.4   1.3   1.1   1.9   1.2   1.3   1.4   1.9   1.3   1.4   1.6   1.5   1.3   2.0   1.7   2.1   1.7   1.6   1.4   2.0   1.5   1.5   1.3   1.8   1.6   1.7   1.1   1.6   1.8   1.8   1.7   1.4   1.8   2.0   1.2   1.5   1.3   1.8   1.4   1.7   1.3   1.1   1.0   1.5   1.2   1.5   1.1   1.9   1.8   1.3   1.2   1.9   1.1   1.1   1.2   1.2   1.6   1.5   1.0   0.7   1.5   1.6   0.9   0.7   1.0   1.1   1.1   0.8   1.0   1.0   1.0   1.4   0.7   1.3   0.8   1.0   1.1   1.0   0.7   1.2   0.9   1.0   1.3   1.1   1.4   1.3   0.6   0.9   1.0   1.0   1.1   1.0   0.8   0.7   1.0   1.9   1.4   0.9   0.7   0.7   1.2   1.3   1.0   1.2   1.4   1.6   1.2   1.4   1.2   1.1   1.2   1.3   1.3   1.5   1.3   1.2   1.1   1.7   1.8   1.7   1.4   1.6   1.6   1.2   1.5   1.8   1.5   1.2   1.4   1.3   1.9   2.0   1.5   1.5   1.3   1.2   1.2   1.2   1.8   1.2   1.2   1.1   1.4   1.3   1.0   1.0   0.9   1.3   1.3   1.1   1.1   1.2   1.0   1.0   0.8   0.8   1.2   0.7 
Direction:  n n n n n n n n n n n n n n n n n n n n n n n n n n n n n n n n n n n n n n n n n n n n n n n n n n n n n n n n n n n n n n n n n n n n n n n n n n n n n n n n n n n n n n n n n n n n n n n n n n n n n n n n n n n n n n n n n n n n n n n n n n n n n n n n n n n n n n n n n n n n n n n n n n n n n n n n n n n n n n n n n n n n n n n n n n n n n n n n n n n n n n n n n n n n n n n n n n n n n n n n

36.0: Count:   1.4 (  0.4) A:  12.6 [10-22] B:  11.1 [10-20] Phase: 176 ( 6.33) Direction:  nPhase: 188 ( 4.59) Direction:  nPhase: 189 ( 5.36) Direction:  nPhase: 183 ( 4.64) Direction:  nPhase: 183 ( 3.14) Direction:  nPhase: 181 ( 4.44) Direction:  nPhase: 180 ( 4.23) Direction:  nPhase: 180 ( 4.11) Direction:  n
Phase: {0,0,0,0,0,0,0,0,0,0,0,0,0,0,0,0,0,0,0,0,0,0,0,0,0,0,0,0,0,0,0,0,0,0,0,0,0,0,0,0,0,0,0,0,0,0,0,0,0,0,0,0,0,0,0,0,0,0,0,0,0,0,0,0,0,0,0,0,0,0,0,0,0,0,0,0,0,0,0,0,0,0,0,0,0,0,0,0,0,0,0,0,0,0,0,0,0,0,0,0,0,0,0,0,0,0,0,11,7,7,0,11,0,1,19,22,0,32,7,43,20,20,44,26,29,38,52,81,97,118,185,133,199,130,81,263,148,202,187,286,249,232,237,336,342,339,318,241,283,288,184,307,234,380,256,311,558,367,359,377,353,381,437,613,598,732,620,730,745,1224,1340,1342,1223,1731,2104,2487,2054,1801,1511,1604,5000,1337,1377,1558,1783,1824,1821,1331,797,897,969,928,354,458,355,247,182,240,207,59,79,92,44,41,44,33,25,42,35,18,0,15,27,1,25,8,2,1,0,0,0,2,7,0,0,0,0,0,0,0,13,0,0,0,0,0,0,0,0,0,0,0,0,0,0,0,0,0,0,0,0,0,0,0,0,0,0,0,0,0,0,0,0,0,0,0,0,0,0,0,0,0,0,0,0,0,0,0,0,0,0,0,0,0,0,0,0,0,0,0,0,0,0,0,0,0,0,0,0,0,0,0,0,0,0,0,0,0,0,0,0,0,0,0,0,0,0,0,0,0,0,0,0,0,0,0,0,0,0,0,0,0,0,0,0,0,0,0,0,0,0,0,0,0,0,0,0,0,0,0,0,0,0,0,0,0,0,0,0,0}
Count:   1.0   1.2   1.0   0.9   1.1   1.0   0.9   0.4   0.8   0.8   0.7   0.7   0.8   1.0   0.9   0.3   1.6   1.8   1.9   1.9   1.5   2.0   2.1   1.2   1.7   1.1   2.1   1.3   1.3   1.5   1.6   1.9   1.9   2.2   1.3   2.1   1.6   1.1   1.6   1.6   1.9   1.8   1.3   1.5   1.9   2.1   1.7   1.7   1.5   2.1   1.4   2.0   1.2   1.2   1.2   1.6   1.5   1.7   1.9   2.0   1.6   1.8   1.8   1.7   1.3   1.5   2.0   2.2   1.3   1.7   1.8   1.4   1.5   2.0   1.8   2.0   1.4   1.5   1.4   2.6   1.4   1.7   1.2   1.8   1.4   1.8   1.4   2.0   1.5   2.1   1.8   1.6   1.1   1.9   1.5   1.5   1.3   1.4   1.4   1.3   1.2   1.7   1.2   1.2   0.9   1.3   0.7   1.1   1.2   1.7   1.1   1.3   1.3   1.1   1.0   1.3   0.9   0.9   0.8   1.5   0.9   1.1   1.5   1.4   1.4   1.5   1.5   1.4   1.2   0.9   1.3   1.1   1.3   1.2   1.4   1.8   1.3   1.6   1.2   1.1   1.2   1.1   1.0   1.4   1.6   1.2   1.4   1.1   1.4   2.0   1.4   1.5   1.5   1.2   1.9   1.5   0.9   1.3   1.9   1.5   1.9   1.8   1.7   2.0   1.8   1.3   1.4   2.0   1.5   1.5   1.5   1.6   1.2   1.2   1.2   1.4   1.5   1.5   1.4   1.3   1.6   1.7   1.5   1.5   1.4   1.7   1.3   1.6   1.5   1.7   1.6   1.4   1.2   1.3   1.1   1.3   1.3   1.3   1.1   1.4 
Direction:  n n n n n n n n n n n n n n n n n n n n n n n n n n n n n n n n n n n n n n n n n n n n n n n n n n n n n n n n n n n n n n n n n n n n n n n n n n n n n n n n n n n n n n n n n n n n n n n n n n n n n n n n n n n n n n n n n n n n n n n n n n n n n n n n n n n n n n n n n n n n n n n n n n n n n n n n n n n n n n n n n n n n n n n n n n n n n n n n n n n n n n n n n n n n n n n n n n n n n n n n

36.1: Count:   0.8 (  0.3) A:  11.7 [10-21] B:  11.0 [10-20] Phase: 185 ( 2.60) Direction:  nPhase: 172 ( 3.65) Direction:  nPhase: 176 ( 1.60) Direction:  nPhase: 180 ( 0.25) Direction:  nPhase: 180 ( 0.26) Direction:  nPhase: 180 ( 0.28) Direction:  nPhase: 180 ( 1.50) Direction:  nPhase: 192 ( 2.57) Direction:  n
Phase: {0,0,0,0,0,0,0,0,0,0,0,0,0,0,0,0,0,0,0,0,0,0,0,0,0,0,0,0,0,0,0,0,0,0,0,0,0,0,0,0,0,0,0,0,0,0,0,0,0,0,0,0,0,0,0,0,0,0,0,0,0,0,0,0,0,0,0,0,0,0,0,0,0,0,0,0,0,0,0,0,0,0,0,0,0,0,0,0,0,0,0,0,0,0,0,0,0,0,0,0,0,0,0,0,0,0,0,0,0,0,0,0,0,5,10,0,0,0,26,0,16,33,43,18,21,20,61,144,51,66,123,134,119,67,126,240,73,150,261,267,108,232,206,251,281,411,288,218,315,276,231,285,268,244,140,184,223,185,161,162,128,74,194,280,191,201,169,271,284,599,485,392,390,743,1037,1160,1092,807,662,568,4191,722,766,819,1303,1408,1251,964,713,381,644,558,212,227,256,205,210,144,135,54,13,9,44,7,10,2,0,19,0,20,8,22,9,0,7,18,0,9,14,0,2,0,0,0,0,0,0,0,0,0,0,0,0,0,0,0,0,0,0,0,0,0,0,0,0,0,0,0,0,0,0,0,0,0,0,0,0,0,0,0,0,0,0,0,0,0,0,0,0,0,0,0,0,0,0,0,0,0,0,0,0,0,0,0,0,0,0,0,0,0,0,0,0,0,0,0,0,0,0,0,0,0,0,0,0,0,0,0,0,0,0,0,0,0,0,0,0,0,0,0,0,0,0,0,0,0,0,0,0,0,0,0,0,0,0,0,0,0,0,0,0,0,0,0,0,0,0,0,0,0,0,0,0,0,0,0,0,0,0,0}
Count:   0.5   0.5   0.5   0.6   0.6   0.4   0.7   0.2   0.3   0.6   0.2   0.2   0.4   0.3   0.2   0.5   0.7   1.1   1.1   1.1   1.4   0.9   1.5   1.2   1.2   0.9   1.4   0.9   0.5   0.8   0.9   1.6   1.5   1.6   1.1   1.5   0.7   0.6   1.1   1.0   1.2   1.2   0.8   1.0   0.8   1.1   1.0   1.2   0.8   1.2   0.9   1.0   0.6   1.1   0.5   0.8   1.0   0.9   0.8   0.9   0.9   1.0   1.0   0.9   0.8   1.4   0.9   1.3   1.3   1.0   1.1   1.3   1.0   0.7   0.9   1.0   1.3   0.9   0.8   1.1   0.9   1.2   0.5   1.4   1.3   1.0   1.0   1.4   1.0   0.9   1.0   0.6   0.6   0.9   0.9   1.3   0.5   0.7   1.3   0.9   1.0   0.6   0.7   0.6   0.4   0.6   0.6   0.8   0.8   1.1   0.9   0.4   0.5   0.5   0.6   0.7   0.6   1.3   1.0   1.0   0.4   0.5   0.5   1.0   0.4   1.0   0.6   1.1   0.6   0.7   0.5   0.8   0.6   0.8   1.2   0.5   0.7   0.5   0.9   0.9   0.7   0.8   0.7   0.5   0.7   0.6   1.0   0.6   0.9   0.9   0.4   0.7   0.8   0.8   0.7   1.1   0.8   0.6   0.8   1.0   0.7   0.6   1.2   1.0   0.7   0.9   0.9   1.0   1.0   0.6   0.7   0.4   0.9   0.6   0.5   0.9   0.6   0.5   0.7   0.9   1.1   0.8   0.8   1.0   0.9   0.9   0.6   1.1   0.7   1.0   0.9   0.7   1.0   0.8   0.8   0.8   0.8   0.4   0.7   0.7 
Direction:  n n n n n n n n n n n n n n n n n n n n n n n n n n n n n n n n n n n n n n n n n n n n n n n n n n n n n n n n n n n n n n n n n n n n n n n n n n n n n n n n n n n n n n n n n n n n n n n n n n n n n n n n n n n n n n n n n n n n n n n n n n n n n n n n n n n n n n n n n n n n n n n n n n n n n n n n n n n n n n n n n n n n n n n n n n n n n n n n n n n n n n n n n n n n n n n n n n n n n n n n

36.2: Count:   0.3 (  0.2) A:  11.3 [10-19] B:  11.4 [10-19] Phase: 187 ( 4.11) Direction:  nPhase: 185 ( 0.91) Direction:  nPhase: 180 ( 0.26) Direction:  nPhase: 179 ( 0.30) Direction:  nPhase: 174 ( 2.11) Direction:  nPhase: 179 ( 3.59) Direction:  n
Phase: {0,0,0,0,0,0,0,0,0,0,0,0,0,0,0,0,0,0,0,0,0,0,0,0,0,0,0,0,0,0,0,0,0,0,0,0,0,0,0,0,0,0,0,0,0,0,0,0,0,0,0,0,0,0,0,0,0,0,0,0,0,0,0,0,0,0,0,0,0,0,0,0,0,0,0,0,0,0,0,0,0,0,0,0,0,0,0,0,0,0,0,0,0,0,0,0,0,0,0,0,0,0,0,0,0,0,0,0,13,0,0,0,0,7,1,14,1,13,5,0,15,30,30,14,38,72,13,63,55,114,63,180,222,163,125,235,163,145,157,254,331,207,282,296,208,144,258,157,154,250,257,162,165,214,89,117,126,113,149,21,90,35,59,50,12,68,59,83,28,75,74,60,37,141,282,270,124,157,147,179,1644,180,214,211,389,604,614,328,256,157,237,220,101,12,24,35,8,78,7,31,13,0,0,0,0,0,0,0,0,0,0,0,0,0,0,0,0,0,0,13,0,0,0,0,0,2,0,0,0,0,0,0,0,0,0,0,0,0,0,0,0,0,0,0,0,0,0,0,0,0,0,0,0,0,0,0,0,0,0,0,0,0,0,0,0,0,0,0,0,0,0,0,0,0,0,0,0,0,0,0,0,0,0,0,0,0,0,0,0,0,0,0,0,0,0,0,0,0,0,0,0,0,0,0,0,0,0,0,0,0,0,0,0,0,0,0,0,0,0,0,0,0,0,0,0,0,0,0,0,0,0,0,0,0,0,0,0,0,0,0,0,0,0,0,0,0,0,0,0,0,0,0,0,0,0,0,0,0,0,0}
Count:   0.2   0.0   0.2   0.1   0.2   0.1   0.1   0.0   0.0   0.1   0.1   0.1   0.3   0.1   0.2   0.4   0.7   0.8   0.3   0.3   0.5   0.7   0.8   0.2   0.6   0.6   0.2   0.5   0.3   0.3   0.3   0.5   0.5   0.9   0.7   0.6   0.5   0.3   0.3   0.4   0.5   0.5   0.2   0.4   0.5   0.4   0.3   0.3   0.3   0.3   0.4   0.3   0.3   0.3   0.3   0.2   0.3   0.6   0.4   0.3   0.3   0.6   0.5   0.3   0.5   0.4   0.4   0.5   0.3   0.3   0.4   0.8   0.5   0.5   0.4   0.5   0.5   0.4   0.4   0.2   0.6   0.4   0.1   0.5   0.3   0.7   0.2   0.8   0.2   0.5   0.4   0.2   0.3   0.4   0.3   0.5   0.4   0.6   0.4   0.7   0.5   0.3   0.1   0.3   0.4   0.4   0.3   0.1   0.2   0.6   0.4   0.4   0.4   0.2   0.2   0.3   0.3   0.4   0.3   0.3   0.4   0.2   0.4   0.3   0.3   0.5   0.2   0.4   0.1   0.4   0.2   0.6   0.4   0.4   0.4   0.3   0.3   0.1   0.2   0.3   0.3   0.5   0.3   0.4   0.3   0.1   0.2   0.1   0.2   0.3   0.2   0.4   0.2   0.3   0.5   0.4   0.4   0.2   0.3   0.2   0.2   0.2   0.5   0.3   0.4   0.3   0.2   0.4   0.3   0.5   0.3   0.2   0.1   0.2   0.3   0.5   0.4   0.3   0.1   0.5   0.5   0.3   0.2   0.3   0.3   0.3   0.2   0.3   0.2   0.4   0.3   0.3   0.2   0.3   0.4   0.4   0.2   0.3   0.7   0.4 
Direction:  n n n n n n n n*  n n n n n n n n n n n n n n n n n n n n n n n n n n n n n n n n n n n n n n n n n n n n n n n n n n n n n n n n n n n n n n n n n n n n n n n n n n n n n n n n n n n n n n n n n n n n n n n n n n n n n n n n n n n n n n n n n n n n n n n n n n n n n n n n n n n n n n n n n n n n n n n n n n n n n n n n n n n n n n n n n n n n n n n n n n n n n n n n n n n n n n n n n n n n n n n

36.3: Count:   0.2 (  0.1) A:  11.3 [10-17] B:  11.7 [10-18] Phase: 145 (11.08) Direction:  nPhase: 142 (11.08) Direction:  n
Phase: {0,0,0,0,0,0,0,0,0,0,0,0,0,0,0,0,0,0,0,0,0,0,0,0,0,0,0,0,0,0,0,0,0,0,0,0,0,0,0,0,0,0,0,0,0,0,0,0,0,0,0,0,0,0,0,0,0,0,0,0,0,0,0,0,0,0,0,0,0,0,0,0,0,0,0,0,0,0,0,0,0,0,0,0,0,0,0,0,0,0,0,0,0,0,0,0,0,0,0,0,0,0,0,0,0,0,0,0,0,0,0,0,0,0,0,0,0,7,29,0,20,0,26,18,37,6,56,56,23,73,110,108,77,126,168,132,86,85,160,217,133,202,269,316,123,151,230,140,132,130,163,211,125,160,74,78,122,60,109,46,70,54,40,48,28,26,27,22,20,12,12,5,33,43,93,118,39,58,16,78,491,54,77,111,157,198,215,148,102,1,100,90,16,10,8,37,4,37,2,11,0,13,0,0,0,0,0,0,0,0,0,0,0,0,0,0,0,0,0,0,0,0,0,0,0,0,0,0,0,0,0,0,0,0,0,0,0,0,0,0,0,0,0,0,0,0,0,0,0,0,0,0,0,0,0,0,0,0,0,0,0,0,0,0,0,0,0,0,0,0,0,0,0,0,0,0,0,0,0,0,0,0,0,0,0,0,0,0,0,0,0,0,0,0,0,0,0,0,0,0,0,0,0,0,0,0,0,0,0,0,0,0,0,0,0,0,0,0,0,0,0,0,0,0,0,0,0,0,0,0,0,0,0,0,0,0,0,0,0,0,0,0,0,0,0,0,0,0,0,0,0,0,0,0,0,0,0,0,0,0}
Count:   0.0   0.0   0.1   0.2   0.0   0.0   0.1   0.0   0.0   0.1   0.0   0.0   0.1   0.1   0.0   0.1   0.6   0.2   0.2   0.1   0.5   0.3   0.4   0.3   0.4   0.3   0.2   0.3   0.2   0.2   0.1   0.0   0.2   0.2   0.4   0.1   0.4   0.2   0.0   0.1   0.3   0.3   0.2   0.1   0.2   0.2   0.2   0.3   0.2   0.2   0.4   0.2   0.2   0.1   0.2   0.2   0.2   0.3   0.5   0.2   0.2   0.4   0.2   0.1   0.2   0.5   0.3   0.3   0.1   0.1   0.2   0.2   0.1   0.2   0.2   0.1   0.4   0.2   0.0   0.3   0.2   0.5   0.1   0.3   0.2   0.2   0.1   0.3   0.2   0.4   0.2   0.0   0.1   0.2   0.2   0.2   0.2   0.1   0.2   0.5   0.3   0.2   0.1   0.2   0.2   0.2   0.1   0.2   0.1   0.2   0.4   0.3   0.1   0.2   0.0   0.1   0.0   0.4   0.2   0.3   0.1   0.1   0.2   0.2   0.1   0.2   0.2   0.2   0.2   0.1   0.1   0.3   0.4   0.2   0.1   0.3   0.1   0.2   0.1   0.1   0.4   0.2   0.2   0.1   0.1   0.0   0.3   0.2   0.2   0.0   0.2   0.3   0.1   0.2   0.2   0.1   0.1   0.0   0.1   0.2   0.2   0.0   0.1   0.1   0.2   0.2   0.2   0.2   0.2   0.2   0.3   0.1   0.1   0.1   0.1   0.3   0.1   0.2   0.3   0.1   0.0   0.1   0.2   0.2   0.3   0.2   0.3   0.3   0.1   0.4   0.2   0.1   0.3   0.3   0.1   0.3   0.4   0.1   0.4   0.2 
Direction:  n n n n n n n n*  n* *  n n n n n n n n n n n n n n n n n n n n n n n n n n n n n n n n n n n n n n n n n n n n n n n n n n n n n n n n n n n n n n n n n n n n n n n n n n n n n n n n n n n n n n n n n n n n n n n n n n n n n n n n n n n n n n n n n n n n n n n n n n n n n n n n n n n n n n n n n n n n n n n n n n n n n n n n n n n n n n n n n n n n n n n n*  n n n n n n n n n n n n n n n n n n n

36.4: Count:   0.1 (  0.1) A:  11.3 [10-17] B:  12.0 [10-20] Phase: 146 (11.56) Direction:  nPhase: 135 ( 7.03) Direction:  nPhase: 153 ( 4.14) Direction:  nPhase: 145 ( 7.79) Direction:  nPhase: 146 ( 5.49) Direction:  nPhase: 145 ( 5.22) Direction:  nPhase: 136 ( 4.89) Direction:  nPhase: 148 ( 6.03) Direction:  n
Phase: {0,0,0,0,0,0,0,0,0,0,0,0,0,0,0,0,0,0,0,0,0,0,0,0,0,0,0,0,0,0,0,0,0,0,0,0,0,0,0,0,0,0,0,0,0,0,0,0,0,0,0,0,0,0,0,0,0,0,0,0,0,0,0,0,0,0,0,0,0,0,0,0,0,0,0,0,0,0,0,0,0,0,0,0,0,0,0,0,0,0,0,0,0,0,0,0,0,0,0,0,0,0,0,0,0,0,0,0,0,0,0,0,0,0,0,2,0,5,0,18,11,2,0,27,27,34,0,59,30,69,67,56,114,121,67,249,138,151,139,164,124,175,89,161,70,231,196,142,186,125,94,190,85,120,50,54,106,89,63,67,55,2,35,37,7,26,28,11,22,14,24,34,5,7,34,28,18,28,2,54,355,35,24,44,27,170,108,112,23,14,19,47,23,40,0,2,1,3,5,7,0,0,0,0,1,0,0,0,0,0,0,0,0,0,0,0,0,0,0,0,0,0,0,0,0,0,0,0,0,0,0,0,0,0,0,0,0,0,0,0,0,0,0,0,0,0,0,0,0,0,0,0,0,0,0,0,0,0,0,0,0,0,0,0,0,0,0,0,0,0,0,0,0,0,0,0,0,0,0,0,0,0,0,0,0,0,0,0,0,0,0,0,0,0,0,0,0,0,0,0,0,0,0,0,0,0,0,0,0,0,0,0,0,0,0,0,0,0,0,0,0,0,0,0,0,0,0,0,0,0,0,0,0,0,0,0,0,0,0,0,0,0,0,0,0,0,0,0,0,0,0,0,0,0,0,0,0,0,0,0}
Count:   0.1   0.1   0.1   0.0   0.1   0.0   0.1   0.0   0.1   0.0   0.0   0.0   0.0   0.2   0.1   0.0   0.1   0.2   0.1   0.2   0.2   0.1   0.4   0.3   0.1   0.1   0.1   0.3   0.0   0.2   0.2   0.1   0.2   0.1   0.2   0.4   0.1   0.1   0.2   0.3   0.3   0.0   0.1   0.3   0.1   0.0   0.1   0.2   0.2   0.2   0.1   0.3   0.1   0.3   0.2   0.1   0.2   0.2   0.1   0.1   0.2   0.2   0.2   0.3   0.1   0.1   0.1   0.2   0.1   0.3   0.1   0.3   0.3   0.2   0.3   0.3   0.1   0.2   0.0   0.2   0.1   0.3   0.1   0.2   0.3   0.3   0.1   0.0   0.1   0.0   0.0   0.1   0.2   0.3   0.2   0.4   0.1   0.2   0.2   0.1   0.1   0.0   0.1   0.0   0.2   0.1   0.1   0.0   0.2   0.1   0.3   0.1   0.0   0.1   0.1   0.1   0.0   0.1   0.1   0.2   0.1   0.2   0.1   0.1   0.2   0.1   0.0   0.2   0.2   0.1   0.2   0.1   0.1   0.0   0.1   0.3   0.4   0.3   0.3   0.1   0.2   0.1   0.0   0.2   0.2   0.2   0.1   0.1   0.3   0.1   0.1   0.1   0.1   0.1   0.1   0.3   0.2   0.2   0.1   0.1   0.2   0.3   0.2   0.2   0.1   0.2   0.1   0.1   0.2   0.0   0.2   0.1   0.1   0.2   0.1   0.1   0.1   0.1   0.0   0.2   0.1   0.1   0.0   0.0   0.3   0.1   0.3   0.1   0.2   0.3   0.1   0.1   0.1   0.2   0.1   0.2   0.2   0.1   0.1   0.2 
Direction:  n n n n n n n n n* * * *  n n*  n n n n n n n n n n n n n n n n n n n n n n n n n n n n n n n n n n n n n n n n n n n n n n n n n n n n n n n n n n n n n n n n n n n n n n n n n* *  n n n n n n n n n n n n n n n n n n n n n n n n n n n n n n n n n n n n n n n n n n*  n n n n n n n n n n n n n n n n n n n n n n n n n n n n n n n n n n n n n n n n n n n n n n n n n n n n n n n n n n n n n n n n n n

36.5: Count:   0.1 (  0.1) A:  11.1 [10-17] B:  12.0 [10-20] Phase: 147 (11.70) Direction:  nPhase: 132 ( 8.12) Direction:  nPhase: 148 ( 6.30) Direction:  nPhase: 143 ( 6.01) Direction:  nPhase: 148 ( 6.65) Direction:  nPhase: 139 ( 6.63) Direction:  nPhase: 148 ( 6.48) Direction:  nPhase: 147 ( 6.23) Direction:  n
Phase: {0,0,0,0,0,0,0,0,0,0,0,0,0,0,0,0,0,0,0,0,0,0,0,0,0,0,0,0,0,0,0,0,0,0,0,0,0,0,0,0,0,0,0,0,0,0,0,0,0,0,0,0,0,0,0,0,0,0,0,0,0,0,0,0,0,0,0,0,0,0,0,0,0,0,0,0,0,0,0,0,0,0,0,0,0,0,0,0,0,0,0,0,0,0,0,0,0,0,0,0,0,0,0,0,0,0,0,0,0,0,0,0,1,0,0,0,0,24,7,22,5,2,16,17,13,17,53,38,93,67,44,84,92,110,64,144,53,132,140,115,103,126,95,233,183,167,210,145,199,91,126,236,101,97,48,58,93,77,45,80,58,23,44,20,29,44,6,18,36,14,49,35,12,5,37,58,33,16,27,28,283,32,55,43,40,136,83,54,56,59,44,62,14,34,8,34,1,7,6,0,0,0,0,0,0,0,0,0,0,0,0,0,0,0,0,0,0,0,0,0,0,0,0,0,0,7,0,0,0,0,0,0,0,0,0,0,0,0,0,0,0,0,0,0,0,0,0,0,0,0,0,0,0,0,0,0,0,0,0,0,0,0,0,0,0,0,0,0,0,0,0,0,0,0,0,0,0,0,0,0,0,0,0,0,0,0,0,0,0,0,0,0,0,0,0,0,0,0,0,0,0,0,0,0,0,0,0,0,0,0,0,0,0,0,0,0,0,0,0,0,0,0,0,0,0,0,0,0,0,0,0,0,0,0,0,0,0,0,0,0,0,0,0,0,0,0,0,0,0,0,0,0,0,0,0,0,0,0,0,0}
Count:   0.2   0.1   0.0   0.0   0.1   0.1   0.0   0.0   0.1   0.0   0.0   0.0   0.0   0.1   0.1   0.1   0.3   0.2   0.2   0.2   0.1   0.1   0.2   0.2   0.1   0.0   0.2   0.2   0.1   0.2   0.2   0.0   0.1   0.1   0.1   0.4   0.3   0.1   0.2   0.2   0.3   0.2   0.1   0.2   0.2   0.2   0.2   0.2   0.1   0.2   0.3   0.1   0.2   0.2   0.0   0.2   0.3   0.1   0.2   0.2   0.1   0.0   0.1   0.3   0.0   0.3   0.2   0.4   0.1   0.3   0.1   0.2   0.2   0.1   0.1   0.2   0.1   0.2   0.1   0.2   0.2   0.2   0.1   0.0   0.1   0.3   0.3   0.5   0.1   0.2   0.3   0.1   0.0   0.2   0.2   0.2   0.0   0.1   0.1   0.1   0.1   0.2   0.1   0.1   0.1   0.1   0.0   0.3   0.0   0.0   0.0   0.2   0.2   0.1   0.2   0.1   0.1   0.1   0.1   0.2   0.2   0.1   0.1   0.1   0.1   0.1   0.2   0.1   0.0   0.1   0.1   0.4   0.0   0.1   0.2   0.3   0.2   0.1   0.2   0.1   0.2   0.2   0.0   0.3   0.1   0.1   0.1   0.0   0.1   0.1   0.2   0.1   0.0   0.2   0.0   0.2   0.2   0.3   0.3   0.3   0.1   0.4   0.1   0.1   0.1   0.2   0.2   0.2   0.0   0.2   0.2   0.2   0.0   0.2   0.1   0.1   0.3   0.1   0.1   0.1   0.2   0.0   0.0   0.2   0.1   0.2   0.4   0.0   0.2   0.0   0.1   0.2   0.3   0.2   0.1   0.4   0.1   0.0   0.1   0.1 
Direction:  n n n n n n* *  n* * *  n n n n n n n n n n n n n n n n n n n n n n n n n n n n n n n n n n n n n n n n n n n n n n n n n n n n n n n n n n n n n n n n n n n n n n n*  n n n n n n n n n n n n n n n n n n n n n n n n n n*  n n n n n n n n n n n n n n n n n n n n n n n n n n n n n n n n n n n n*  n n n n n n n n n n n n n n n n n n n n*  n n n n n n n n n n n n* *  n n n n n n n n n n n n n n n n n

36.6: Count:   0.1 (  0.1) A:  11.1 [10-17] B:  11.9 [10-22] Phase: 142 (13.31) Direction:  nPhase: 186 (13.47) Direction:  nPhase: 142 ( 9.98) Direction:  nPhase: 160 (20.67) Direction:  nPhase: 159 (17.59) Direction:  nPhase: 160 (15.36) Direction:  nPhase: 145 (15.03) Direction:  nPhase: 160 (17.19) Direction:  n
Phase: {0,0,0,0,0,0,0,0,0,0,0,0,0,0,0,0,0,0,0,0,0,0,0,0,0,0,0,0,0,0,0,0,0,0,0,0,0,0,0,0,0,0,0,0,0,0,0,0,0,0,0,0,0,0,0,0,0,0,0,0,0,0,0,0,0,0,0,0,0,0,0,0,0,0,0,0,0,0,0,0,0,0,0,0,0,0,0,0,0,0,0,0,0,0,0,0,0,0,0,0,0,0,0,0,0,0,0,0,0,0,0,0,0,0,0,0,0,15,0,1,7,7,56,0,31,32,15,85,7,68,34,106,129,55,90,117,56,87,112,130,100,108,251,72,108,214,82,121,91,133,61,76,92,141,88,67,151,25,89,24,38,17,41,62,41,8,31,21,9,43,36,1,0,13,31,48,39,10,14,8,189,26,19,5,42,114,122,25,32,60,78,42,24,28,11,59,19,14,8,0,9,4,10,0,1,0,0,0,8,0,0,0,0,0,0,0,0,0,0,0,0,0,0,0,0,0,0,0,0,0,0,0,0,0,0,0,0,0,0,0,0,0,0,0,0,0,0,0,0,0,0,0,0,0,0,0,0,0,0,0,0,0,0,0,0,0,0,0,0,0,0,0,0,0,0,0,0,0,0,0,0,0,0,0,0,0,0,0,0,0,0,0,0,0,0,0,0,0,0,0,0,0,0,0,0,0,0,0,0,0,0,0,0,0,0,0,0,0,0,0,0,0,0,0,0,0,0,0,0,0,0,0,0,0,0,0,0,0,0,0,0,0,0,0,0,0,0,0,0,0,0,0,0,0,0,0,0,0,0,0}
Count:   0.2   0.2   0.0   0.0   0.0   0.1   0.1   0.1   0.1   0.0   0.0   0.0   0.0   0.1   0.0   0.1   0.3   0.2   0.0   0.2   0.2   0.1   0.0   0.3   0.2   0.1   0.4   0.1   0.0   0.1   0.2   0.0   0.3   0.2   0.3   0.3   0.1   0.2   0.1   0.2   0.1   0.2   0.0   0.3   0.2   0.2   0.2   0.1   0.2   0.1   0.0   0.2   0.3   0.2   0.0   0.1   0.3   0.0   0.1   0.1   0.3   0.1   0.1   0.0   0.2   0.0   0.0   0.3   0.3   0.2   0.2   0.0   0.4   0.1   0.2   0.0   0.1   0.3   0.2   0.3   0.1   0.4   0.1   0.2   0.0   0.1   0.1   0.3   0.3   0.1   0.2   0.1   0.1   0.2   0.0   0.2   0.2   0.2   0.2   0.1   0.2   0.2   0.0   0.0   0.1   0.2   0.1   0.2   0.1   0.0   0.0   0.2   0.1   0.0   0.3   0.0   0.0   0.0   0.0   0.1   0.1   0.2   0.1   0.1   0.1   0.0   0.1   0.1   0.0   0.3   0.1   0.1   0.2   0.1   0.0   0.3   0.2   0.1   0.2   0.1   0.0   0.1   0.1   0.1   0.2   0.3   0.0   0.1   0.1   0.1   0.0   0.1   0.1   0.1   0.1   0.2   0.1   0.0   0.1   0.2   0.0   0.1   0.0   0.1   0.0   0.0   0.0   0.0   0.2   0.0   0.3   0.1   0.1   0.1   0.0   0.2   0.1   0.2   0.3   0.1   0.2   0.0   0.1   0.1   0.2   0.3   0.2   0.1   0.1   0.1   0.1   0.1   0.2   0.2   0.1   0.1   0.2   0.0   0.0   0.1 
Direction:  n n n*  n n n n n n* *  n n n n n n n n n n*  n n n n n n n n n n n n n n n n n n n*  n n n n n n n n n n n n n n*  n n n n n*  n n n n n n n n n n n n n n n n n n n n n n n n n n n n n n n n n n n n n n*  n n n n n n*  n n n n n n n n n n n n n n n n n n n n n n n n n n n n n n*  n n n n n n n n n n n n n n n n n n n n n n n n* *  n n n n n n n*  n n n n n n n n n n n n n n n n n n n n n n n n n

36.7: Count:   0.1 (  0.1) A:  11.2 [10-16] B:  12.1 [10-19] Phase: 150 (12.47) Direction:  nPhase: 132 ( 6.84) Direction:  nPhase: 132 ( 5.45) Direction:  nPhase: 132 ( 4.84) Direction:  nPhase: 139 ( 5.29) Direction:  nPhase: 138 ( 5.68) Direction:  nPhase: 135 ( 5.07) Direction:  nPhase: 138 ( 5.61) Direction:  n
Phase: {0,0,0,0,0,0,0,0,0,0,0,0,0,0,0,0,0,0,0,0,0,0,0,0,0,0,0,0,0,0,0,0,0,0,0,0,0,0,0,0,0,0,0,0,0,0,0,0,0,0,0,0,0,0,0,0,0,0,0,0,0,0,0,0,0,0,0,0,0,0,0,0,0,0,0,0,0,0,0,0,0,0,0,0,0,0,0,0,0,0,0,0,0,0,0,0,0,0,0,0,0,0,0,0,0,0,0,0,0,0,0,0,0,0,0,0,0,7,1,16,1,4,11,17,1,31,7,20,18,36,36,44,126,43,36,151,86,51,142,124,57,27,67,118,99,89,123,31,78,75,64,38,98,113,49,75,112,40,106,55,64,14,28,32,5,22,17,22,0,28,13,20,7,1,0,0,0,0,0,0,17,13,1,9,2,11,0,0,0,1,13,8,0,1,0,13,0,0,0,0,0,0,0,0,0,0,0,0,0,6,0,5,0,0,0,0,0,0,0,0,0,0,0,0,0,0,0,0,0,0,14,0,0,0,0,0,0,0,0,0,0,0,0,0,0,0,0,0,0,0,0,0,0,0,0,0,0,0,0,0,0,0,0,0,0,0,0,0,0,0,0,0,0,0,0,0,0,0,0,0,0,0,0,0,0,0,0,0,0,0,0,0,0,0,0,0,0,0,0,0,0,0,0,0,0,0,0,0,0,0,0,0,0,0,0,0,0,0,0,0,0,0,0,0,0,0,0,0,0,0,0,0,0,0,0,0,0,0,0,0,0,0,0,0,0,0,0,0,0,0,0,0,0,0,0,0,0,0,0,0}
Count:   0.0   0.0   0.0   0.1   0.0   0.0   0.0   0.1   0.1   0.0   0.0   0.0   0.0   0.0   0.0   0.0   0.1   0.1   0.1   0.1   0.2   0.1   0.0   0.1   0.1   0.1   0.2   0.1   0.0   0.0   0.1   0.1   0.0   0.1   0.1   0.1   0.0   0.1   0.0   0.1   0.0   0.0   0.0   0.1   0.1   0.0   0.0   0.0   0.0   0.1   0.0   0.1   0.0   0.1   0.1   0.1   0.1   0.1   0.2   0.1   0.1   0.0   0.1   0.1   0.0   0.2   0.0   0.0   0.0   0.1   0.0   0.1   0.1   0.1   0.0   0.1   0.0   0.1   0.1   0.1   0.0   0.1   0.0   0.0   0.0   0.2   0.0   0.1   0.1   0.0   0.1   0.1   0.1   0.0   0.1   0.0   0.0   0.2   0.0   0.1   0.1   0.0   0.0   0.0   0.1   0.1   0.1   0.1   0.0   0.1   0.2   0.1   0.1   0.0   0.1   0.1   0.0   0.0   0.0   0.0   0.0   0.1   0.0   0.0   0.0   0.3   0.1   0.1   0.3   0.1   0.0   0.0   0.1   0.3   0.2   0.0   0.1   0.0   0.1   0.0   0.1   0.1   0.1   0.2   0.0   0.0   0.0   0.1   0.1   0.1   0.0   0.1   0.1   0.1   0.1   0.0   0.1   0.0   0.1   0.1   0.2   0.1   0.2   0.1   0.0   0.1   0.1   0.1   0.0   0.1   0.1   0.1   0.1   0.1   0.1   0.1   0.1   0.0   0.1   0.1   0.1   0.0   0.1   0.1   0.0   0.2   0.0   0.1   0.1   0.0   0.1   0.1   0.1   0.0   0.1   0.1   0.2   0.2   0.1   0.1 
Direction:  n n n n n* *  n n* *  n*  n* *  n n n n n n n n n n n n n n n n n n n n n n n n n n n n n n n n n n n n n n n n n n n n n n n n n n n n*  n*  n n n n n*  n n n*  n n*  n n n n n n n n n n n n n n n n n n n n n n n n n n n n n*  n n n n n n*  n n n n n n n n n n*  n n n n n*  n n n n n n n n*  n n n n n n n n n n n n n n n n n n n n n n n n n n n n n n*  n n n*  n n n n*  n n n n n n n n n n n n n

36.8: Count:   0.1 (  0.1) A:  10.8 [10-15] B:  12.6 [10-20] Phase: 145 ( 8.52) Direction:  nPhase: 135 ( 5.42) Direction:  nPhase: 138 ( 7.80) Direction:  nPhase: 138 ( 9.55) Direction:  nPhase: 138 (10.52) Direction:  nPhase: 138 (10.96) Direction:  nPhase: 138 ( 9.24) Direction:  nPhase: 138 (10.85) Direction:  n
Phase: {0,0,0,0,0,0,0,0,0,0,0,0,0,0,0,0,0,0,0,0,0,0,0,0,0,0,0,0,0,0,0,0,0,0,0,0,0,0,0,0,0,0,0,0,0,0,0,0,0,0,0,0,0,0,0,0,0,0,0,0,0,0,0,0,0,0,0,0,0,0,0,0,0,0,0,0,0,0,0,0,0,0,0,0,0,0,0,0,0,0,0,0,0,0,0,0,0,0,0,0,0,0,0,0,0,0,0,0,0,0,0,0,0,5,7,0,15,19,0,0,0,0,1,11,27,44,7,41,45,13,29,55,42,33,100,76,62,48,144,133,41,87,86,84,45,131,86,68,76,74,56,65,19,48,44,49,70,6,27,24,9,0,26,34,13,0,0,0,0,7,2,0,0,0,0,15,15,0,0,0,0,0,0,0,0,0,0,1,0,1,0,0,0,0,0,0,0,0,0,0,0,0,7,0,0,0,0,0,0,0,0,0,0,0,0,0,0,0,0,0,0,0,0,0,0,0,0,0,0,0,0,0,0,0,0,0,0,0,0,0,0,0,0,0,0,0,0,0,0,0,0,0,0,0,0,0,0,0,0,0,0,0,0,0,0,0,0,0,0,0,0,0,0,0,0,0,0,0,0,0,0,0,0,0,0,0,0,0,0,0,0,0,0,0,0,0,0,0,0,0,0,0,0,0,0,0,0,0,0,0,0,0,0,0,0,0,0,0,0,0,0,0,0,0,0,0,0,0,0,0,0,0,0,0,0,0,0,0,0,0,0,0,0,0,0,0,0,0,0,0,0,0,0,0,0,0,0,0,0,0}
Count:   0.0   0.1   0.0   0.1   0.0   0.0   0.0   0.0   0.0   0.0   0.0   0.1   0.0   0.0   0.0   0.0   0.1   0.0   0.0   0.1   0.0   0.1   0.0   0.0   0.1   0.1   0.2   0.1   0.1   0.2   0.0   0.0   0.0   0.1   0.0   0.1   0.1   0.0   0.0   0.2   0.0   0.1   0.0   0.1   0.1   0.1   0.0   0.0   0.0   0.0   0.0   0.0   0.0   0.1   0.0   0.2   0.0   0.2   0.1   0.0   0.1   0.1   0.0   0.0   0.0   0.1   0.0   0.1   0.1   0.2   0.0   0.2   0.0   0.1   0.1   0.0   0.1   0.0   0.0   0.1   0.1   0.0   0.0   0.2   0.0   0.0   0.2   0.0   0.0   0.1   0.1   0.1   0.2   0.1   0.0   0.0   0.0   0.1   0.1   0.1   0.0   0.1   0.1   0.0   0.1   0.1   0.0   0.1   0.0   0.1   0.1   0.0   0.0   0.1   0.1   0.1   0.0   0.1   0.1   0.1   0.0   0.0   0.0   0.1   0.0   0.2   0.2   0.3   0.1   0.1   0.1   0.0   0.0   0.1   0.0   0.1   0.1   0.0   0.1   0.0   0.0   0.1   0.1   0.1   0.0   0.2   0.0   0.0   0.0   0.0   0.0   0.1   0.1   0.0   0.0   0.0   0.0   0.0   0.1   0.0   0.1   0.1   0.0   0.1   0.0   0.0   0.2   0.1   0.0   0.0   0.0   0.1   0.0   0.1   0.0   0.1   0.0   0.0   0.1   0.1   0.1   0.0   0.2   0.0   0.0   0.1   0.0   0.0   0.1   0.1   0.1   0.1   0.1   0.1   0.0   0.1   0.0   0.1   0.0   0.0 
Direction: *  n*  n n n n* * * *  n* * * *  n n*  n*  n*  n n n n n n n n n n n n n n n*  n n n n n n n n n n* * * *  n n n*  n n*  n n n* *  n n n n n*  n n n n n n* *  n n n n n n n n* *  n n n n n n n*  n n n n n n n n n n n*  n n n n n n n n n n n n n*  n*  n n n n n n* *  n n n n*  n* *  n n n n n n*  n n n n n n n n*  n n n n n n n n n n n*  n n n*  n*  n* *  n n n n n*  n n*  n n n n n n n n n n n n n

36.9: Count:   0.1 (  0.1) A:  10.7 [10-16] B:  12.6 [10-18] Phase: 138 ( 7.34) Direction:  nPhase: 157 ( 5.49) Direction:  nPhase: 135 ( 5.26) Direction:  nPhase: 135 ( 5.51) Direction:  nPhase: 133 ( 7.19) Direction:  nPhase: 143 ( 6.43) Direction:  nPhase: 138 ( 7.46) Direction:  nPhase: 136 ( 7.37) Direction:  n
Phase: {0,0,0,0,0,0,0,0,0,0,0,0,0,0,0,0,0,0,0,0,0,0,0,0,0,0,0,0,0,0,0,0,0,0,0,0,0,0,0,0,0,0,0,0,0,0,0,0,0,0,0,0,0,0,0,0,0,0,0,0,0,0,0,0,0,0,0,0,0,0,0,0,0,0,0,0,0,0,0,0,0,0,0,0,0,0,0,0,0,0,0,0,0,0,0,0,0,0,0,0,0,0,0,0,0,0,0,0,0,0,0,0,0,0,0,0,0,4,0,10,7,0,24,9,22,1,0,0,7,41,24,71,147,66,55,143,105,85,142,79,57,87,109,100,108,48,44,24,41,20,63,23,4,51,2,42,39,20,26,9,14,0,0,21,0,13,0,4,0,15,0,0,0,0,0,0,0,0,0,0,0,0,0,0,0,0,0,0,0,0,0,0,0,0,0,0,0,0,0,0,0,0,0,0,0,0,0,0,0,0,0,0,0,0,0,0,0,0,0,0,0,0,0,0,0,0,0,0,0,0,0,0,0,0,0,0,0,0,0,0,0,0,0,0,0,0,0,0,0,0,0,0,0,0,0,0,0,0,0,0,0,0,0,0,0,0,0,0,0,0,0,0,0,0,0,0,0,0,0,0,0,0,0,0,0,0,0,0,0,0,0,0,0,0,0,0,0,0,0,0,0,0,0,0,0,0,0,0,0,0,0,0,0,0,0,0,0,0,0,0,0,0,0,0,0,0,0,0,0,0,0,0,0,0,0,0,0,0,0,0,0,0,0,0,0,0,0,0,0,0,0,0,0,0,0,0,0,0,0,0}
Count:   0.1   0.0   0.0   0.0   0.0   0.0   0.0   0.0   0.1   0.0   0.0   0.0   0.0   0.0   0.0   0.0   0.1   0.2   0.0   0.1   0.0   0.0   0.0   0.0   0.3   0.2   0.1   0.0   0.0   0.0   0.0   0.0   0.0   0.1   0.0   0.1   0.0   0.0   0.0   0.0   0.0   0.2   0.0   0.0   0.2   0.0   0.1   0.0   0.1   0.2   0.0   0.0   0.0   0.0   0.0   0.2   0.0   0.0   0.0   0.0   0.0   0.1   0.0   0.1   0.0   0.1   0.1   0.0   0.1   0.0   0.0   0.1   0.0   0.1   0.1   0.1   0.1   0.1   0.0   0.1   0.0   0.0   0.0   0.2   0.2   0.2   0.1   0.0   0.1   0.0   0.1   0.2   0.1   0.1   0.0   0.0   0.1   0.0   0.0   0.1   0.0   0.1   0.0   0.0   0.1   0.0   0.1   0.2   0.0   0.2   0.0   0.0   0.0   0.0   0.0   0.0   0.0   0.1   0.0   0.1   0.0   0.1   0.2   0.1   0.0   0.1   0.1   0.0   0.0   0.1   0.0   0.1   0.0   0.2   0.0   0.0   0.0   0.0   0.2   0.0   0.0   0.2   0.2   0.1   0.0   0.0   0.0   0.1   0.1   0.0   0.0   0.0   0.0   0.0   0.1   0.0   0.0   0.0   0.0   0.0   0.0   0.1   0.0   0.2   0.0   0.0   0.1   0.1   0.0   0.0   0.0   0.0   0.0   0.1   0.1   0.0   0.0   0.1   0.0   0.1   0.0   0.1   0.1   0.1   0.0   0.0   0.1   0.0   0.1   0.0   0.1   0.0   0.1   0.1   0.1   0.0   0.1   0.1   0.0   0.0 
Direction:  n n n*  n* * *  n* * * * *  n n n n n n n* * *  n n n n n n n n n n*  n n n*  n n n*  n n*  n*  n n n n n n*  n* *  n*  n n n n*  n n n n* *  n n n n n n n*  n*  n*  n n n n*  n*  n n n n* *  n n*  n n n n*  n n n n*  n n n n* *  n*  n*  n*  n n n n n n n*  n n n*  n n* *  n n*  n n n n* * *  n n n n* * *  n* *  n n* *  n n n n n n n* * * * *  n n*  n n*  n*  n n n n n n*  n*  n n n n n n n n n n

37.0: Count:   0.1 (  0.1) A:  10.7 [10-14] B:  12.8 [10-20] Phase: 141 (10.85) Direction:  nPhase: 159 ( 6.52) Direction:  nPhase: 151 (12.44) Direction:  nPhase: 135 (13.90) Direction:  nPhase: 150 (11.25) Direction:  nPhase: 145 (12.07) Direction:  nPhase: 145 (11.87) Direction:  nPhase: 145 (12.65) Direction:  n
Phase: {0,0,0,0,0,0,0,0,0,0,0,0,0,0,0,0,0,0,0,0,0,0,0,0,0,0,0,0,0,0,0,0,0,0,0,0,0,0,0,0,0,0,0,0,0,0,0,0,0,0,0,0,0,0,0,0,0,0,0,0,0,0,0,0,0,0,0,0,0,0,0,0,0,0,0,0,0,0,0,0,0,0,0,0,0,0,0,0,0,0,0,0,0,0,0,0,0,0,0,0,0,0,0,0,0,0,0,0,0,0,0,0,0,0,6,0,0,13,0,16,0,0,10,13,30,0,0,57,5,27,14,57,40,11,79,79,26,95,102,26,59,94,56,72,42,81,67,10,51,56,77,91,34,36,27,37,101,26,53,89,29,20,14,34,0,22,11,19,0,0,0,0,0,0,0,0,0,0,0,0,0,0,0,0,0,0,1,0,0,0,0,0,0,0,0,0,0,0,0,0,0,0,0,0,0,0,0,0,0,0,0,0,0,0,0,0,0,0,0,0,0,0,0,0,0,0,0,0,0,0,0,0,0,0,0,0,0,0,0,0,0,0,0,0,0,0,0,0,0,0,0,0,0,0,0,0,0,0,0,0,0,0,0,0,0,0,0,0,0,0,0,0,0,0,0,0,0,0,0,0,0,0,0,0,0,0,0,0,0,0,0,0,0,0,0,0,0,0,0,0,0,0,0,0,0,0,0,0,0,0,0,0,0,0,0,0,0,0,0,0,0,0,0,0,0,0,0,0,0,0,0,0,0,0,0,0,0,0,0,0,0,0,0,0,0,0,0,0,0,0,0,0,0,0,0,0,0,0,0,0}
Count:   0.0   0.0   0.0   0.0   0.0   0.0   0.0   0.0   0.1   0.1   0.0   0.0   0.0   0.0   0.1   0.0   0.0   0.1   0.0   0.1   0.1   0.1   0.1   0.1   0.1   0.1   0.1   0.0   0.0   0.1   0.1   0.0   0.0   0.0   0.0   0.0   0.0   0.0   0.0   0.0   0.0   0.1   0.0   0.1   0.0   0.3   0.1   0.0   0.0   0.2   0.1   0.0   0.0   0.1   0.0   0.1   0.0   0.1   0.0   0.1   0.1   0.0   0.0   0.0   0.2   0.1   0.1   0.1   0.1   0.3   0.1   0.1   0.0   0.1   0.0   0.0   0.0   0.1   0.0   0.1   0.1   0.1   0.0   0.0   0.0   0.1   0.1   0.0   0.0   0.1   0.0   0.1   0.0   0.1   0.1   0.0   0.0   0.0   0.0   0.0   0.0   0.0   0.1   0.1   0.1   0.1   0.0   0.2   0.1   0.0   0.0   0.0   0.1   0.0   0.0   0.1   0.0   0.0   0.1   0.0   0.0   0.1   0.0   0.1   0.0   0.1   0.0   0.1   0.0   0.1   0.0   0.0   0.0   0.3   0.1   0.0   0.0   0.2   0.1   0.1   0.1   0.1   0.0   0.1   0.1   0.0   0.3   0.0   0.1   0.1   0.0   0.0   0.0   0.0   0.0   0.0   0.0   0.1   0.1   0.1   0.1   0.1   0.0   0.0   0.0   0.1   0.1   0.0   0.1   0.0   0.0   0.2   0.1   0.0   0.1   0.0   0.1   0.1   0.0   0.0   0.0   0.0   0.2   0.1   0.0   0.1   0.0   0.0   0.1   0.1   0.0   0.0   0.0   0.1   0.1   0.0   0.0   0.1   0.1   0.1 
Direction:  n n*  n* * *  n n n*  n* *  n n*  n*  n n n n n n n n n n n n n n*  n n n n* *  n n*  n n n n n n n n* *  n n n n n n n n n* *  n n n n n n n n*  n*  n*  n*  n n n* *  n n n* *  n n n*  n n n n n* *  n n n n n n n n n n* *  n n*  n n*  n*  n n n n n n*  n*  n* * *  n n n*  n n n n n n n n n n*  n n* *  n n*  n*  n n n n n n* *  n n*  n*  n n n*  n*  n n*  n* *  n n*  n*  n n n*  n n n n*  n n n n

37.1: Count:   0.0 (  0.1) A:  10.9 [10-14] B:  13.2 [10-20] Phase: 140 ( 8.14) Direction:  nPhase: 162 ( 5.64) Direction:  nPhase: 145 ( 9.52) Direction:  nPhase: 150 ( 8.58) Direction:  nPhase: 148 ( 9.28) Direction:  nPhase: 148 ( 9.34) Direction:  nPhase: 148 ( 9.16) Direction:  nPhase: 150 ( 8.79) Direction:  n
Phase: {0,0,0,0,0,0,0,0,0,0,0,0,0,0,0,0,0,0,0,0,0,0,0,0,0,0,0,0,0,0,0,0,0,0,0,0,0,0,0,0,0,0,0,0,0,0,0,0,0,0,0,0,0,0,0,0,0,0,0,0,0,0,0,0,0,0,0,0,0,0,0,0,0,0,0,0,0,0,0,0,0,0,0,0,0,0,0,0,0,0,0,0,0,0,0,0,0,0,0,0,0,0,0,0,0,0,0,0,0,0,0,9,0,0,0,0,0,0,0,0,0,0,5,0,0,0,1,7,18,61,0,27,7,34,34,74,69,49,123,101,41,59,73,91,76,94,79,10,71,46,91,20,9,44,17,21,101,28,37,12,36,8,43,7,22,9,10,3,0,1,0,5,9,0,13,13,15,15,0,0,4,0,0,0,0,2,0,0,0,0,0,0,0,0,0,0,0,0,0,0,0,0,0,0,0,0,0,0,0,0,0,0,0,11,0,0,0,0,0,0,0,0,0,0,0,0,0,0,0,0,0,0,0,0,0,0,0,0,0,0,0,0,0,0,0,0,0,0,0,0,0,0,0,0,0,0,0,0,0,0,0,0,0,0,0,0,0,0,0,0,0,0,0,0,0,0,0,0,0,0,0,0,0,0,0,0,0,0,0,0,0,0,0,0,0,0,0,0,0,0,0,0,0,0,0,0,0,0,0,0,0,0,0,0,0,0,0,0,0,0,0,0,0,0,0,0,0,0,0,0,0,0,0,0,0,0,0,0,0,0,0,0,0,0,0,0,0,0,0,0,0,0,0,0,0,0,0,0,0,0}
Count:   0.0   0.0   0.0   0.0   0.0   0.1   0.1   0.0   0.0   0.1   0.0   0.0   0.0   0.0   0.0   0.0   0.1   0.0   0.0   0.1   0.0   0.1   0.0   0.1   0.0   0.1   0.0   0.1   0.0   0.0   0.0   0.0   0.1   0.0   0.1   0.0   0.1   0.0   0.0   0.0   0.1   0.1   0.1   0.1   0.0   0.1   0.0   0.0   0.0   0.0   0.1   0.1   0.0   0.0   0.1   0.3   0.1   0.1   0.0   0.0   0.0   0.0   0.1   0.0   0.0   0.1   0.1   0.1   0.0   0.1   0.2   0.1   0.1   0.1   0.2   0.0   0.0   0.2   0.0   0.0   0.0   0.0   0.2   0.1   0.0   0.0   0.1   0.1   0.1   0.0   0.0   0.1   0.0   0.1   0.0   0.0   0.0   0.1   0.0   0.0   0.0   0.1   0.0   0.1   0.0   0.0   0.1   0.1   0.0   0.0   0.0   0.0   0.0   0.0   0.0   0.2   0.0   0.1   0.0   0.1   0.0   0.0   0.1   0.1   0.0   0.0   0.0   0.2   0.0   0.1   0.1   0.0   0.0   0.2   0.0   0.0   0.0   0.2   0.0   0.0   0.0   0.0   0.1   0.1   0.1   0.0   0.0   0.0   0.1   0.0   0.0   0.0   0.0   0.0   0.0   0.0   0.1   0.1   0.0   0.1   0.0   0.0   0.0   0.0   0.0   0.1   0.0   0.0   0.2   0.0   0.1   0.1   0.0   0.0   0.1   0.1   0.1   0.0   0.0   0.1   0.1   0.1   0.0   0.0   0.1   0.0   0.0   0.1   0.1   0.0   0.0   0.1   0.1   0.0   0.1   0.1   0.1   0.1   0.0   0.1 
B: * 10.0 * 11.0 * 13.0 11.3 * * 14.0 * * * * 20.0 14.0 11.0 13.0 14.0 17.0 * 11.4 18.0 14.2 12.6 12.5 13.0 13.6 11.5 10.0 14.0 12.6 11.3 17.0 15.3 17.0 14.0 12.0 13.0 14.5 10.1 14.4 10.0 10.2 * 14.2 14.3 11.0 11.0 12.0 14.5 13.0 12.0 12.0 11.6 13.5 17.0 13.0 15.0 * * * 17.0 10.0 11.2 14.1 14.0 12.0 * 15.0 13.1 11.0 10.5 10.5 15.0 10.0 10.0 14.8 15.0 * * * 13.3 10.0 * 13.0 10.3 17.0 14.0 10.0 * 13.1 13.6 14.0 * * * 12.6 10.0 * 11.3 12.1 10.0 13.9 13.1 * 14.6 16.0 13.0 14.1 * * * * * 12.2 14.0 14.0 13.0 11.0 11.0 * 15.5 12.1 12.0 * * 13.9 16.0 11.5 12.0 16.0 * 14.5 * * * 11.4 12.2 * 15.0 12.5 11.0 13.1 14.0 19.0 * * 12.0 17.2 14.0 15.0 18.0 13.0 13.0 * 15.0 14.5 13.3 15.4 18.0 * * * * 12.5 * * 12.2 10.0 17.0 11.5 10.0 * 16.0 11.0 13.0 * * 13.2 13.9 11.0 11.0 * 13.5 10.0 * 17.0 11.0 * * 14.4 13.5 * 10.2 12.7 10.5 14.7 13.0 12.0 
Direction: *  n*  n*  n n* *  n* * * *  n n n n n n*  n n n n n n n n n n n n n n n n n n n n n n n*  n n n n n n n n n n n n n n* * *  n n n n n n*  n n n n n n n n n n* * *  n n*  n n n n n*  n n n* * *  n n*  n n n n n*  n n n n* * * * *  n n n n n n*  n n n* *  n n n n n*  n* * *  n n*  n n n n n n* *  n n n n n n n*  n n n n n* * * *  n* *  n n n n n*  n n n* *  n n n n*  n n*  n n* *  n n*  n n n n n n

37.2: Count:   0.0 (  0.1) A:  10.6 [10-13] B:  12.9 [10-19] Phase: 143 ( 7.70) Direction:  nPhase: 135 ( 6.81) Direction:  nPhase: 134 ( 4.95) Direction:  nPhase: 135 ( 4.34) Direction:  nPhase: 137 ( 5.34) Direction:  nPhase: 137 ( 4.60) Direction:  nPhase: 128 ( 5.70) Direction:  nPhase: 139 ( 6.28) Direction:  n
Phase: {0,0,0,0,0,0,0,0,0,0,0,0,0,0,0,0,0,0,0,0,0,0,0,0,0,0,0,0,0,0,0,0,0,0,0,0,0,0,0,0,0,0,0,0,0,0,0,0,0,0,0,0,0,0,0,0,0,0,0,0,0,0,0,0,0,0,0,0,0,0,0,0,0,0,0,0,0,0,0,0,0,0,0,0,0,0,0,0,0,0,0,0,0,0,0,0,0,0,0,0,0,0,0,0,0,0,0,0,0,0,0,0,0,0,0,0,0,15,0,26,0,0,0,0,28,5,12,39,9,50,36,1,13,47,95,102,56,110,30,112,67,52,63,104,58,41,59,37,36,49,16,20,24,13,29,11,38,21,18,20,0,15,0,14,0,18,1,14,0,9,7,17,18,0,0,18,0,0,0,0,13,0,0,0,0,0,0,0,13,0,0,0,0,0,0,0,0,0,0,0,0,0,0,0,0,0,0,0,0,0,0,0,0,0,0,0,0,0,0,0,0,0,0,0,0,0,0,0,0,0,0,0,0,0,0,0,0,0,0,0,0,0,0,0,0,0,0,0,0,0,0,0,0,0,0,0,0,0,0,0,0,0,0,0,0,0,0,0,0,0,0,0,0,0,0,0,0,0,0,0,0,0,0,0,0,0,0,0,0,0,0,0,0,0,0,0,0,0,0,0,0,0,0,0,0,0,0,0,0,0,0,0,0,0,0,0,0,0,0,0,0,0,0,0,0,0,0,0,0,0,0,0,0,0,0,0,0,0,0,0,0,0,0,0,0,0,0,0,0,0,0,0,0,0,0,0,0,0,0,0}
Count:   0.0   0.0   0.0   0.0   0.0   0.0   0.0   0.0   0.0   0.0   0.0   0.0   0.0   0.0   0.0   0.1   0.1   0.1   0.1   0.1   0.1   0.0   0.0   0.0   0.1   0.1   0.0   0.0   0.1   0.0   0.0   0.0   0.1   0.1   0.0   0.0   0.0   0.0   0.1   0.1   0.0   0.1   0.1   0.1   0.1   0.2   0.1   0.0   0.0   0.1   0.1   0.0   0.1   0.0   0.1   0.1   0.2   0.1   0.0   0.0   0.1   0.1   0.0   0.0   0.2   0.0   0.0   0.1   0.0   0.0   0.0   0.1   0.0   0.0   0.1   0.1   0.0   0.0   0.0   0.1   0.0   0.0   0.1   0.0   0.0   0.0   0.0   0.1   0.0   0.1   0.0   0.1   0.0   0.0   0.1   0.1   0.0   0.0   0.0   0.1   0.1   0.1   0.0   0.0   0.1   0.0   0.0   0.0   0.0   0.1   0.1   0.0   0.0   0.1   0.0   0.0   0.0   0.0   0.1   0.1   0.0   0.0   0.0   0.0   0.0   0.3   0.1   0.0   0.2   0.0   0.3   0.0   0.0   0.0   0.1   0.1   0.0   0.1   0.0   0.0   0.0   0.1   0.0   0.1   0.1   0.0   0.2   0.0   0.0   0.1   0.0   0.0   0.0   0.2   0.0   0.1   0.0   0.0   0.0   0.0   0.0   0.0   0.1   0.0   0.0   0.2   0.0   0.1   0.1   0.0   0.0   0.1   0.0   0.1   0.0   0.1   0.1   0.0   0.0   0.1   0.1   0.1   0.0   0.0   0.0   0.0   0.0   0.0   0.0   0.0   0.0   0.0   0.1   0.0   0.1   0.0   0.0   0.0   0.0   0.1 
Direction: *  n* *  n* * * * *  n* * *  n n n n n n n n*  n n n*  n n n n n n n* *  n n n n*  n n n n n n n*  n n n n*  n n n n* *  n n*  n n*  n n* * *  n n n n n n*  n n*  n n* * * *  n n n*  n n n n n n* *  n n n*  n n* * * *  n n n n n*  n n*  n n*  n n* *  n n*  n*  n n* *  n n*  n n*  n n n n n n n*  n n* *  n n n n*  n* *  n*  n* *  n*  n n*  n n*  n n n n n*  n n n n* * * * * * * * *  n n n n* *  n n

37.3: Count:   0.0 (  0.0) A:  10.5 [10-13] B:  13.3 [10-19] Phase: 136 ( 7.12) Direction:  nPhase: 145 ( 4.78) Direction:  nPhase: 143 ( 7.42) Direction:  nPhase: 143 ( 7.90) Direction:  nPhase: 139 ( 6.66) Direction:  nPhase: 143 ( 5.42) Direction:  nPhase: 143 ( 6.09) Direction:  nPhase: 146 ( 6.13) Direction:  n
Phase: {0,0,0,0,0,0,0,0,0,0,0,0,0,0,0,0,0,0,0,0,0,0,0,0,0,0,0,0,0,0,0,0,0,0,0,0,0,0,0,0,0,0,0,0,0,0,0,0,0,0,0,0,0,0,0,0,0,0,0,0,0,0,0,0,0,0,0,0,0,0,0,0,0,0,0,0,0,0,0,0,0,0,0,0,0,0,0,0,0,0,0,0,0,0,0,0,0,0,0,0,0,0,0,0,0,0,0,0,0,0,0,0,0,0,13,0,0,0,0,0,0,0,11,0,0,28,0,31,3,33,47,110,49,55,50,101,106,46,88,45,71,84,61,142,36,82,41,31,82,15,30,12,16,5,18,0,25,18,56,9,7,0,0,5,0,2,13,0,14,0,0,0,0,0,1,0,0,15,0,0,0,0,0,0,0,0,0,0,0,0,0,0,0,0,0,0,0,0,0,0,0,0,0,0,0,0,0,0,0,0,0,0,0,0,0,0,0,0,0,0,0,0,0,0,0,0,0,0,0,0,0,0,0,0,0,0,0,0,0,0,0,0,0,0,0,0,0,0,0,0,0,0,0,0,0,0,0,0,0,0,0,0,0,0,0,0,0,0,0,0,0,0,0,0,0,0,0,0,0,0,0,0,0,0,0,0,0,0,0,0,0,0,0,0,0,0,0,0,0,0,0,0,0,0,0,0,0,0,0,0,0,0,0,0,0,0,0,0,0,0,0,0,0,0,0,0,0,0,0,0,0,0,0,0,0,0,0,0,0,0,0,0,0,0,0,0,0,0,0,0,0,0,0,0,0,0,0,0,0,0}
Count:   0.0   0.0   0.0   0.0   0.0   0.0   0.0   0.0   0.0   0.0   0.0   0.0   0.1   0.0   0.1   0.1   0.1   0.2   0.0   0.1   0.0   0.1   0.2   0.2   0.0   0.1   0.0   0.1   0.0   0.0   0.1   0.1   0.0   0.0   0.1   0.1   0.0   0.1   0.0   0.0   0.0   0.0   0.1   0.0   0.0   0.1   0.1   0.1   0.0   0.1   0.0   0.0   0.0   0.0   0.1   0.1   0.1   0.0   0.1   0.0   0.0   0.0   0.1   0.1   0.1   0.1   0.1   0.1   0.0   0.1   0.1   0.1   0.2   0.1   0.0   0.0   0.1   0.0   0.0   0.1   0.0   0.0   0.0   0.1   0.0   0.0   0.0   0.1   0.0   0.1   0.0   0.1   0.0   0.0   0.1   0.1   0.1   0.0   0.1   0.1   0.0   0.0   0.0   0.1   0.0   0.1   0.0   0.0   0.0   0.0   0.0   0.1   0.0   0.1   0.0   0.1   0.0   0.0   0.0   0.0   0.0   0.0   0.1   0.0   0.0   0.0   0.0   0.2   0.1   0.0   0.1   0.1   0.0   0.1   0.1   0.0   0.0   0.0   0.1   0.0   0.0   0.2   0.0   0.0   0.1   0.0   0.1   0.0   0.1   0.0   0.1   0.0   0.0   0.1   0.0   0.0   0.0   0.0   0.0   0.1   0.0   0.0   0.1   0.0   0.1   0.1   0.0   0.1   0.1   0.1   0.1   0.2   0.0   0.1   0.0   0.0   0.0   0.1   0.0   0.1   0.0   0.1   0.0   0.0   0.1   0.1   0.0   0.0   0.0   0.0   0.1   0.1   0.0   0.0   0.1   0.0   0.1   0.0   0.0   0.0 
Direction: * * * * * * * * * * * *  n*  n n n n*  n*  n n n n n n n* *  n n n n n n n n*  n n n n n n n n n*  n n n* *  n n n*  n* *  n n n n n n n*  n n n n n n n n n n n*  n*  n* * *  n n n*  n n n n n n*  n n* * *  n*  n n*  n* *  n n n*  n n* *  n* *  n*  n n*  n n n n n*  n n*  n*  n* *  n n*  n n n n n*  n n n n n*  n n*  n*  n n*  n n*  n n n n n*  n n* *  n*  n*  n n*  n n*  n n n n n n*  n*  n* *  n

37.4: Count:   0.0 (  0.0) A:  10.4 [10-13] B:  12.8 [10-19] Phase: 139 ( 8.03) Direction:  nPhase: 144 ( 4.73) Direction:  nPhase: 137 ( 3.97) Direction:  nPhase: 137 ( 3.75) Direction:  nPhase: 137 ( 3.69) Direction:  nPhase: 134 ( 3.59) Direction:  nPhase: 143 ( 3.77) Direction:  nPhase: 137 ( 4.23) Direction:  n
Phase: {0,0,0,0,0,0,0,0,0,0,0,0,0,0,0,0,0,0,0,0,0,0,0,0,0,0,0,0,0,0,0,0,0,0,0,0,0,0,0,0,0,0,0,0,0,0,0,0,0,0,0,0,0,0,0,0,0,0,0,0,0,0,0,0,0,0,0,0,0,0,0,0,0,0,0,0,0,0,0,0,0,0,0,0,0,0,0,0,0,0,0,0,0,0,0,0,0,0,0,0,0,0,0,0,0,0,0,0,0,0,0,0,0,15,0,0,0,0,0,11,2,0,27,0,11,4,28,24,18,35,18,16,45,34,99,83,31,32,102,81,57,63,72,86,79,50,43,33,25,46,18,12,23,3,14,5,9,0,0,13,23,0,9,11,5,1,22,0,0,14,0,0,0,0,13,0,0,0,2,0,5,0,0,0,0,0,0,0,0,0,0,0,0,0,0,0,0,0,0,0,0,0,0,0,0,0,0,0,0,0,0,0,0,0,0,0,0,0,0,0,0,0,0,0,0,0,0,0,0,0,0,0,0,0,0,0,0,0,0,0,0,0,0,0,0,0,0,0,0,0,0,0,0,0,0,0,0,0,0,0,0,0,0,0,0,0,0,0,0,0,0,0,0,0,0,0,0,0,0,0,0,0,0,0,0,0,0,0,0,0,0,0,0,0,0,0,0,0,0,0,0,0,0,0,0,0,0,0,0,0,0,0,0,0,0,0,0,0,0,0,0,0,0,0,0,0,0,0,0,0,0,0,0,0,0,0,0,0,0,0,0,0,0,0,0,0,0,0,0,0,0,0,0,0,0,0,0,0,0,0}
Count:   0.0   0.0   0.0   0.0   0.0   0.0   0.0   0.0   0.0   0.0   0.0   0.0   0.0   0.0   0.0   0.1   0.1   0.0   0.0   0.0   0.1   0.1   0.2   0.0   0.1   0.0   0.0   0.0   0.0   0.1   0.0   0.1   0.0   0.0   0.0   0.1   0.1   0.1   0.1   0.0   0.0   0.0   0.0   0.1   0.1   0.1   0.1   0.0   0.1   0.1   0.1   0.0   0.1   0.0   0.1   0.0   0.1   0.0   0.0   0.1   0.0   0.0   0.1   0.1   0.0   0.1   0.2   0.1   0.0   0.0   0.0   0.1   0.0   0.1   0.0   0.0   0.0   0.0   0.1   0.0   0.1   0.1   0.0   0.0   0.0   0.0   0.0   0.1   0.0   0.0   0.0   0.0   0.0   0.0   0.0   0.0   0.1   0.0   0.1   0.0   0.0   0.0   0.0   0.0   0.0   0.1   0.0   0.1   0.0   0.1   0.1   0.0   0.0   0.1   0.0   0.1   0.0   0.1   0.0   0.0   0.0   0.0   0.0   0.0   0.1   0.1   0.0   0.2   0.2   0.0   0.1   0.1   0.0   0.0   0.1   0.1   0.0   0.1   0.1   0.0   0.0   0.2   0.0   0.0   0.1   0.0   0.1   0.1   0.0   0.1   0.1   0.0   0.0   0.1   0.0   0.1   0.0   0.0   0.0   0.0   0.0   0.1   0.0   0.1   0.0   0.1   0.1   0.1   0.0   0.0   0.0   0.0   0.0   0.0   0.0   0.1   0.0   0.0   0.0   0.1   0.1   0.1   0.0   0.0   0.0   0.1   0.0   0.0   0.0   0.0   0.0   0.1   0.1   0.0   0.1   0.0   0.0   0.0   0.1   0.1 
Direction: * * * * * * * * * * *  n n* *  n n n*  n n n n*  n n n*  n n n n n n n n n n n n n n n n n n n n n n n*  n*  n n n*  n n n*  n n n n n n*  n n n*  n* * * *  n n n n n* * *  n n n* * *  n n n n n*  n n* * *  n*  n n n n n n* *  n*  n n n n* * * * *  n n*  n n*  n n n*  n n n n n*  n n*  n n*  n n n n n* *  n n n n n n* *  n*  n*  n n n*  n n n* *  n n* * *  n n n* * *  n* * * * *  n n n n*  n*  n n

37.5: Count:   0.0 (  0.0) A:  10.4 [10-13] B:  13.5 [10-20] Phase: 140 ( 6.34) Direction:  nPhase: 139 ( 4.72) Direction:  nPhase: 139 ( 4.36) Direction:  nPhase: 135 ( 4.22) Direction:  nPhase: 135 ( 4.48) Direction:  nPhase: 135 ( 4.34) Direction:  nPhase: 135 ( 4.11) Direction:  nPhase: 135 ( 3.92) Direction:  n
Phase: {0,0,0,0,0,0,0,0,0,0,0,0,0,0,0,0,0,0,0,0,0,0,0,0,0,0,0,0,0,0,0,0,0,0,0,0,0,0,0,0,0,0,0,0,0,0,0,0,0,0,0,0,0,0,0,0,0,0,0,0,0,0,0,0,0,0,0,0,0,0,0,0,0,0,0,0,0,0,0,0,0,0,0,0,0,0,0,0,0,0,0,0,0,0,0,0,0,0,0,0,0,0,0,0,0,0,0,0,0,0,0,0,0,0,13,0,0,0,0,18,0,0,3,0,0,6,18,9,35,27,16,5,38,54,34,104,38,67,87,75,46,68,43,60,36,40,54,23,33,22,1,25,7,9,10,9,18,0,0,13,20,0,0,15,0,1,0,2,5,0,0,0,0,0,0,0,0,0,0,0,0,0,0,0,0,0,0,0,0,0,0,1,0,0,0,0,0,0,0,0,0,0,0,0,0,0,0,0,0,0,0,0,0,0,0,0,0,0,0,0,0,0,0,0,0,0,0,0,0,0,0,0,0,0,0,0,0,0,0,0,0,0,0,0,0,0,0,0,0,0,0,0,0,0,0,0,0,0,0,0,0,0,0,0,0,0,0,0,0,0,0,0,0,0,0,0,0,0,0,0,0,0,0,0,0,0,0,0,0,0,0,0,0,0,0,0,0,0,0,0,0,0,0,0,0,0,0,0,0,0,0,0,0,0,0,0,0,0,0,0,0,0,0,0,0,0,0,0,0,0,0,0,0,0,0,0,0,0,0,0,0,0,0,0,0,0,0,0,0,0,0,0,0,0,0,0,0,0,0,0}
Count:   0.0   0.0   0.0   0.0   0.0   0.0   0.0   0.0   0.0   0.0   0.0   0.0   0.0   0.0   0.0   0.0   0.0   0.0   0.1   0.1   0.0   0.0   0.0   0.1   0.0   0.1   0.0   0.0   0.0   0.1   0.0   0.0   0.0   0.0   0.2   0.0   0.0   0.0   0.0   0.0   0.1   0.1   0.1   0.0   0.1   0.1   0.0   0.1   0.0   0.0   0.0   0.1   0.0   0.1   0.1   0.1   0.0   0.0   0.1   0.1   0.0   0.0   0.0   0.0   0.0   0.1   0.0   0.0   0.0   0.0   0.0   0.1   0.1   0.0   0.1   0.0   0.0   0.1   0.0   0.0   0.1   0.1   0.1   0.0   0.1   0.0   0.0   0.1   0.0   0.0   0.0   0.1   0.1   0.0   0.0   0.1   0.0   0.1   0.0   0.0   0.0   0.0   0.1   0.0   0.0   0.0   0.0   0.0   0.0   0.0   0.0   0.0   0.0   0.0   0.0   0.0   0.0   0.1   0.0   0.0   0.1   0.1   0.0   0.0   0.1   0.3   0.0   0.0   0.2   0.0   0.0   0.0   0.0   0.0   0.0   0.0   0.1   0.0   0.0   0.0   0.0   0.0   0.0   0.1   0.0   0.0   0.0   0.0   0.0   0.0   0.0   0.0   0.0   0.0   0.0   0.0   0.0   0.0   0.1   0.0   0.1   0.0   0.0   0.0   0.0   0.0   0.1   0.0   0.0   0.0   0.1   0.0   0.0   0.0   0.0   0.0   0.1   0.0   0.0   0.1   0.1   0.0   0.0   0.0   0.1   0.1   0.2   0.0   0.0   0.0   0.1   0.0   0.0   0.0   0.0   0.1   0.1   0.0   0.0   0.0 
Direction: * * * *  n* * * * * * * * * * * * *  n n*  n*  n n n*  n n n n n n*  n n n n n n n n n n n n n n* *  n n*  n n n*  n n n* * * *  n n* *  n* *  n n*  n* *  n*  n n n n*  n* *  n* * *  n n*  n n*  n n n* *  n n* * * * *  n* * * * * *  n n* *  n n* *  n n n*  n* *  n* * * *  n*  n n* * *  n* * * * *  n n*  n*  n*  n n n n n* * *  n*  n*  n n n* * * *  n n n n n n*  n*  n n n*  n*  n n n* *  n n*  n n

37.6: Count:   0.0 (  0.0) A:  10.4 [10-13] B:  13.5 [10-21] Phase: 139 ( 5.96) Direction:  nPhase: 144 ( 3.87) Direction:  nPhase: 156 ( 6.42) Direction:  nPhase: 129 ( 5.46) Direction:  nPhase: 140 ( 5.40) Direction:  nPhase: 139 ( 5.72) Direction:  nPhase: 137 ( 5.83) Direction:  nPhase: 141 ( 7.11) Direction:  n
Phase: {0,0,0,0,0,0,0,0,0,0,0,0,0,0,0,0,0,0,0,0,0,0,0,0,0,0,0,0,0,0,0,0,0,0,0,0,0,0,0,0,0,0,0,0,0,0,0,0,0,0,0,0,0,0,0,0,0,0,0,0,0,0,0,0,0,0,0,0,0,0,0,0,0,0,0,0,0,0,0,0,0,0,0,0,0,0,0,0,0,0,0,0,0,0,0,0,0,0,0,0,0,0,0,0,0,0,0,0,0,0,0,0,0,0,0,0,0,0,0,0,1,13,0,7,0,0,24,0,16,43,7,72,32,37,53,110,27,33,68,79,56,71,45,155,45,48,76,15,29,31,26,22,5,14,0,0,27,19,9,0,15,0,0,0,1,7,0,0,0,1,0,0,0,0,0,0,0,0,0,0,0,0,0,5,0,0,0,0,0,0,0,0,0,0,0,0,0,7,0,0,0,0,0,0,0,0,0,0,0,0,0,0,0,0,0,0,0,0,0,0,0,0,0,0,0,0,0,0,0,0,0,0,0,0,0,0,0,0,0,0,0,0,0,0,0,0,0,0,0,0,0,0,0,0,0,0,0,0,0,0,0,0,0,0,0,0,0,0,0,0,0,0,0,0,0,0,0,0,0,0,0,0,0,0,0,0,0,0,0,0,0,0,0,0,0,0,0,0,0,0,0,0,0,0,0,0,0,0,0,0,0,0,0,0,0,0,0,0,0,0,0,0,0,0,0,0,0,0,0,0,0,0,0,0,0,0,0,0,0,0,0,0,0,0,0,0,0,0,0,0,0,0,0,0,0,0,0,0,0,0}
Count:   0.0   0.0   0.0   0.0   0.0   0.0   0.0   0.0   0.0   0.0   0.0   0.0   0.0   0.0   0.0   0.0   0.1   0.1   0.1   0.2   0.0   0.1   0.0   0.0   0.0   0.0   0.1   0.0   0.1   0.1   0.0   0.0   0.0   0.0   0.1   0.0   0.0   0.0   0.0   0.1   0.0   0.0   0.0   0.0   0.0   0.0   0.1   0.0   0.0   0.1   0.1   0.0   0.0   0.0   0.0   0.0   0.1   0.0   0.0   0.1   0.0   0.1   0.0   0.1   0.0   0.1   0.0   0.0   0.0   0.0   0.0   0.1   0.0   0.0   0.1   0.0   0.0   0.1   0.0   0.0   0.0   0.0   0.0   0.0   0.0   0.1   0.0   0.0   0.0   0.0   0.0   0.0   0.0   0.0   0.0   0.0   0.1   0.2   0.0   0.1   0.1   0.1   0.0   0.0   0.1   0.0   0.0   0.1   0.0   0.0   0.1   0.0   0.0   0.0   0.0   0.0   0.0   0.0   0.1   0.0   0.1   0.1   0.1   0.0   0.0   0.2   0.0   0.0   0.0   0.1   0.0   0.1   0.1   0.0   0.0   0.1   0.0   0.0   0.1   0.0   0.1   0.0   0.2   0.1   0.0   0.0   0.0   0.1   0.1   0.1   0.1   0.1   0.0   0.1   0.0   0.1   0.0   0.0   0.0   0.0   0.0   0.1   0.0   0.1   0.0   0.0   0.0   0.0   0.1   0.0   0.0   0.0   0.0   0.0   0.0   0.0   0.0   0.0   0.0   0.0   0.0   0.0   0.0   0.1   0.0   0.0   0.1   0.1   0.0   0.0   0.0   0.1   0.0   0.1   0.0   0.1   0.0   0.0   0.1   0.0 
Direction: *  n* *  n* * * *  n* * *  n* *  n n n n*  n n n n n n n n n n n n n n n n n*  n*  n* *  n*  n n n n n* *  n* *  n*  n n n n n n*  n n* * * *  n n*  n* *  n n n n n* *  n n* * * * *  n*  n n n n n n n n n* *  n*  n n n*  n* * * * * * *  n n n n n* *  n*  n n n n n n* *  n* *  n*  n*  n n* * *  n n n n n n n*  n*  n*  n*  n*  n*  n* *  n*  n n n*  n* * *  n n n n*  n n*  n n*  n n n*  n n n n*  n* 

37.7: Count:   0.0 (  0.0) A:  10.6 [10-13] B:  13.4 [10-21] Phase: 139 ( 9.18) Direction:  nPhase: 142 ( 6.03) Direction:  nPhase: 145 ( 4.48) Direction:  nPhase: 145 ( 5.19) Direction:  nPhase: 146 ( 5.03) Direction:  nPhase: 145 ( 5.61) Direction:  nPhase: 145 ( 4.93) Direction:  nPhase: 146 ( 4.58) Direction:  n
Phase: {0,0,0,0,0,0,0,0,0,0,0,0,0,0,0,0,0,0,0,0,0,0,0,0,0,0,0,0,0,0,0,0,0,0,0,0,0,0,0,0,0,0,0,0,0,0,0,0,0,0,0,0,0,0,0,0,0,0,0,0,0,0,0,0,0,0,0,0,0,0,0,0,0,0,0,0,0,0,0,0,0,0,0,0,0,0,0,0,0,0,0,0,0,0,0,0,0,0,0,0,0,0,0,0,0,0,0,0,0,0,0,0,0,0,0,0,0,9,0,0,0,0,12,0,13,7,13,51,21,39,13,21,42,34,18,81,67,9,76,57,73,44,66,70,16,75,29,47,70,56,33,18,53,15,11,9,1,13,0,3,24,0,14,25,7,0,0,0,0,0,0,0,0,0,15,0,0,0,0,0,5,0,0,0,0,0,14,0,0,11,5,0,0,0,0,0,0,0,0,0,0,0,0,0,0,0,0,0,0,0,0,0,0,0,0,0,0,0,0,0,0,0,0,0,0,0,0,0,0,0,0,0,0,0,0,0,0,0,0,0,0,0,0,0,0,0,0,0,0,0,0,0,0,0,0,0,0,0,0,0,0,0,0,0,0,0,0,0,0,0,0,0,0,0,0,0,0,0,0,0,0,0,0,0,0,0,0,0,0,0,0,0,0,0,0,0,0,0,0,0,0,0,0,0,0,0,0,0,0,0,0,0,0,0,0,0,0,0,0,0,0,0,0,0,0,0,0,0,0,0,0,0,0,0,0,0,0,0,0,0,0,0,0,0,0,0,0,0,0,0,0,0,0,0,0,0,0,0,0,0}
Count:   0.0   0.0   0.1   0.0   0.0   0.0   0.0   0.0   0.0   0.0   0.0   0.0   0.0   0.0   0.0   0.0   0.0   0.0   0.1   0.1   0.1   0.0   0.0   0.1   0.1   0.0   0.0   0.0   0.0   0.0   0.0   0.0   0.0   0.1   0.0   0.0   0.2   0.1   0.0   0.0   0.0   0.1   0.0   0.0   0.1   0.0   0.1   0.0   0.0   0.0   0.1   0.0   0.1   0.0   0.0   0.0   0.0   0.0   0.0   0.0   0.1   0.0   0.0   0.0   0.0   0.1   0.0   0.0   0.1   0.0   0.1   0.0   0.0   0.0   0.0   0.0   0.0   0.1   0.0   0.0   0.0   0.1   0.0   0.0   0.0   0.0   0.0   0.0   0.0   0.1   0.1   0.0   0.0   0.1   0.0   0.1   0.1   0.1   0.0   0.2   0.1   0.0   0.1   0.0   0.0   0.1   0.0   0.0   0.0   0.0   0.2   0.0   0.0   0.1   0.2   0.0   0.0   0.0   0.1   0.0   0.0   0.1   0.0   0.0   0.1   0.0   0.1   0.0   0.1   0.0   0.0   0.1   0.0   0.0   0.0   0.1   0.1   0.1   0.3   0.0   0.1   0.1   0.1   0.1   0.0   0.1   0.0   0.0   0.0   0.1   0.0   0.1   0.0   0.1   0.0   0.1   0.0   0.0   0.0   0.0   0.0   0.0   0.0   0.0   0.0   0.1   0.0   0.1   0.1   0.0   0.0   0.0   0.0   0.0   0.0   0.0   0.1   0.0   0.0   0.0   0.1   0.0   0.1   0.1   0.0   0.0   0.1   0.0   0.1   0.0   0.1   0.1   0.0   0.1   0.0   0.1   0.0   0.0   0.0   0.2 
B: 13.0 * 13.5 * * * * * * * * * * * * * 15.0 * 11.0 15.1 14.0 * * 14.0 13.4 * 18.0 14.1 14.5 * 14.3 12.0 * 14.5 17.0 * 13.6 14.0 15.0 18.0 12.0 12.7 13.0 17.0 12.0 * 13.1 * * * 17.0 * 16.0 * 11.0 * 15.0 * * * 12.6 * 11.0 * 14.0 14.0 * * 13.2 * 17.0 * 10.0 12.0 * * 14.0 14.0 15.7 * * 11.0 11.0 * * 15.0 * * * 13.0 11.1 17.0 13.5 14.0 11.6 10.0 12.4 12.0 12.0 14.0 15.0 13.0 15.2 * * 12.0 * 17.0 14.0 * 16.0 * * 13.0 11.0 * * * 12.0 * * 15.0 * * 10.0 * 18.0 15.0 13.5 * * 16.2 * * * 13.0 12.0 16.0 13.7 * 12.0 11.0 12.8 10.0 * 15.0 15.0 * 18.0 16.1 * 11.4 10.6 15.0 13.0 16.2 11.0 15.0 * * * * * * * 10.0 * 16.0 11.5 * 13.0 11.0 11.0 * * 15.0 11.7 17.0 17.0 10.0 12.0 * 10.0 11.0 11.0 * 15.8 13.0 10.0 * 11.4 14.0 17.0 14.8 * 13.4 * * * 10.9 
Direction:  n*  n* * * * * * * * * * * * *  n*  n n n* *  n n*  n n n*  n n*  n n*  n n n n n n n n n*  n* * *  n*  n*  n*  n* * *  n*  n*  n n* *  n*  n*  n n* *  n n n* *  n n* *  n* * *  n n n n n n n n n n n n n n* *  n*  n n*  n* *  n n* * *  n* *  n* *  n*  n n n* *  n* * *  n n n n*  n n n n*  n n*  n n*  n n n n n n n* * * * * * *  n*  n n*  n n n* *  n n n n n n*  n n n*  n n n*  n n n n*  n* * *  n

37.8: Count:   0.0 (  0.0) A:  10.4 [10-13] B:  13.6 [10-20] Phase: 130 ( 6.56) Direction:  nPhase: 142 ( 3.55) Direction:  nPhase: 141 ( 3.42) Direction:  nPhase: 143 ( 3.49) Direction:  nPhase: 138 ( 3.86) Direction:  nPhase: 135 ( 5.55) Direction:  nPhase: 135 ( 4.68) Direction:  nPhase: 138 ( 5.64) Direction:  n
Phase: {0,0,0,0,0,0,0,0,0,0,0,0,0,0,0,0,0,0,0,0,0,0,0,0,0,0,0,0,0,0,0,0,0,0,0,0,0,0,0,0,0,0,0,0,0,0,0,0,0,0,0,0,0,0,0,0,0,0,0,0,0,0,0,0,0,0,0,0,0,0,0,0,0,0,0,0,0,0,0,0,0,0,0,0,0,0,0,0,0,0,0,0,0,0,0,0,0,0,0,0,0,0,0,0,0,0,0,0,0,0,0,0,0,0,0,0,0,2,0,20,0,0,0,24,45,13,20,37,19,34,33,23,13,29,21,98,49,26,55,60,30,50,40,39,59,18,16,0,18,0,0,0,0,13,4,2,0,10,15,1,0,0,0,3,0,0,0,0,0,0,0,0,0,0,0,0,0,0,0,0,0,0,0,0,0,0,0,0,0,0,0,0,0,0,0,0,0,0,0,0,0,0,0,0,0,0,0,0,0,0,0,0,0,0,0,0,0,0,0,0,0,0,0,0,0,0,0,0,0,0,0,0,0,0,0,0,0,0,0,0,0,0,0,0,0,0,0,0,0,0,0,0,0,0,0,0,0,0,0,0,0,0,0,0,0,0,0,0,0,0,0,0,0,0,0,0,0,0,0,0,0,0,0,0,0,0,0,0,0,0,0,0,0,0,0,0,0,0,0,0,0,0,0,0,0,0,0,0,0,0,0,0,0,0,0,0,0,0,0,0,0,0,0,0,0,0,0,0,0,0,0,0,0,0,0,0,0,0,0,0,0,0,0,0,0,0,0,0,0,0,0,0,0,0,0,0,0,0,0,0}
Count:   0.1   0.0   0.0   0.0   0.0   0.0   0.0   0.0   0.0   0.0   0.0   0.0   0.0   0.0   0.0   0.0   0.0   0.1   0.1   0.0   0.1   0.0   0.0   0.0   0.0   0.0   0.0   0.1   0.0   0.0   0.1   0.1   0.1   0.1   0.0   0.0   0.0   0.0   0.0   0.0   0.0   0.0   0.1   0.0   0.0   0.0   0.0   0.0   0.0   0.0   0.0   0.0   0.0   0.0   0.1   0.1   0.0   0.0   0.0   0.0   0.0   0.0   0.0   0.0   0.0   0.0   0.0   0.0   0.0   0.1   0.0   0.0   0.0   0.0   0.0   0.0   0.0   0.0   0.0   0.1   0.0   0.0   0.0   0.1   0.1   0.0   0.1   0.1   0.0   0.0   0.0   0.0   0.0   0.0   0.0   0.0   0.1   0.0   0.0   0.1   0.0   0.0   0.0   0.0   0.0   0.0   0.0   0.0   0.0   0.1   0.2   0.0   0.0   0.0   0.0   0.0   0.1   0.0   0.0   0.1   0.0   0.1   0.0   0.1   0.0   0.0   0.1   0.0   0.0   0.0   0.0   0.0   0.0   0.0   0.1   0.0   0.0   0.1   0.0   0.0   0.0   0.0   0.0   0.0   0.0   0.0   0.0   0.0   0.0   0.1   0.0   0.0   0.0   0.1   0.1   0.0   0.0   0.0   0.1   0.0   0.1   0.0   0.0   0.0   0.0   0.0   0.0   0.2   0.1   0.0   0.1   0.0   0.0   0.0   0.0   0.0   0.0   0.0   0.0   0.1   0.1   0.0   0.0   0.0   0.0   0.1   0.0   0.1   0.0   0.1   0.0   0.0   0.0   0.0   0.1   0.1   0.0   0.0   0.0   0.0 
Direction:  n* * * * * * * * * * * * * * * *  n n*  n* * *  n n*  n* *  n n n n n*  n* * *  n n n n* *  n n* *  n* * *  n n* * * * * *  n* * * *  n*  n* * * *  n n* * *  n n*  n n n n n n n n*  n n*  n*  n*  n n*  n* * * *  n* *  n n* * *  n*  n n*  n*  n*  n* *  n* * * *  n n*  n* *  n*  n* *  n* * *  n*  n n* *  n n n* *  n n*  n*  n* * * *  n n*  n* * * * * *  n*  n n n* * *  n n n*  n*  n n n n n* *  n n

37.9: Count:   0.0 (  0.0) A:  10.3 [10-12] B:  14.1 [10-19] Phase: 135 ( 7.30) Direction:  nPhase: 153 ( 3.50) Direction:  nPhase: 143 ( 4.36) Direction:  nPhase: 143 ( 4.91) Direction:  nPhase: 146 ( 5.10) Direction:  nPhase: 142 ( 5.09) Direction:  nPhase: 138 ( 3.80) Direction:  nPhase: 137 ( 3.50) Direction:  n
Phase: {0,0,0,0,0,0,0,0,0,0,0,0,0,0,0,0,0,0,0,0,0,0,0,0,0,0,0,0,0,0,0,0,0,0,0,0,0,0,0,0,0,0,0,0,0,0,0,0,0,0,0,0,0,0,0,0,0,0,0,0,0,0,0,0,0,0,0,0,0,0,0,0,0,0,0,0,0,0,0,0,0,0,0,0,0,0,0,0,0,0,0,0,0,0,0,0,0,0,0,0,0,0,0,0,0,0,0,0,0,0,0,0,9,0,0,0,0,0,13,3,5,0,1,14,18,9,2,15,3,27,29,17,29,13,55,92,37,23,74,45,26,12,12,68,55,37,49,0,18,2,24,0,26,22,0,1,10,0,0,0,0,0,0,0,0,0,0,0,0,5,3,0,11,0,0,0,0,0,0,0,0,0,0,0,0,0,0,0,0,0,0,1,0,0,0,0,0,0,0,0,0,0,0,0,0,0,0,0,0,0,0,0,0,0,0,0,0,0,0,0,0,0,0,0,0,0,0,0,0,0,0,0,0,0,0,0,0,0,0,0,0,0,0,0,0,0,0,0,0,0,0,0,0,0,0,0,0,0,0,0,0,0,0,0,0,0,0,0,0,0,0,0,0,0,0,0,0,0,0,0,0,0,0,0,0,0,0,0,0,0,0,0,0,0,0,0,0,0,0,0,0,0,0,0,0,0,0,0,0,0,0,0,0,0,0,0,0,0,0,0,0,0,0,0,0,0,0,0,0,0,0,0,0,0,0,0,0,0,0,0,0,0,0,0,0,0,0,0,0,0,0,0,0,0,0,0,0,0,0,0}
Count:   0.1   0.0   0.0   0.0   0.0   0.0   0.0   0.0   0.0   0.0   0.0   0.0   0.0   0.0   0.0   0.0   0.0   0.1   0.1   0.0   0.0   0.0   0.1   0.0   0.0   0.0   0.0   0.0   0.0   0.1   0.1   0.0   0.0   0.0   0.1   0.0   0.0   0.0   0.1   0.0   0.0   0.0   0.0   0.0   0.1   0.0   0.0   0.0   0.0   0.1   0.0   0.1   0.0   0.0   0.0   0.0   0.0   0.0   0.0   0.0   0.0   0.1   0.0   0.1   0.0   0.0   0.0   0.1   0.0   0.1   0.0   0.0   0.1   0.1   0.0   0.0   0.0   0.0   0.1   0.0   0.0   0.0   0.0   0.1   0.0   0.0   0.0   0.0   0.0   0.0   0.1   0.0   0.0   0.0   0.0   0.0   0.0   0.0   0.0   0.0   0.1   0.0   0.0   0.0   0.0   0.1   0.0   0.0   0.0   0.1   0.0   0.0   0.0   0.0   0.0   0.0   0.0   0.1   0.0   0.0   0.0   0.0   0.0   0.0   0.0   0.0   0.0   0.0   0.0   0.1   0.0   0.0   0.0   0.0   0.0   0.1   0.0   0.0   0.0   0.1   0.1   0.0   0.0   0.0   0.0   0.0   0.0   0.1   0.0   0.0   0.0   0.0   0.0   0.0   0.0   0.1   0.0   0.0   0.0   0.0   0.0   0.0   0.1   0.0   0.0   0.1   0.0   0.1   0.0   0.0   0.1   0.1   0.0   0.0   0.2   0.2   0.0   0.0   0.0   0.0   0.1   0.0   0.2   0.0   0.0   0.1   0.0   0.0   0.0   0.0   0.0   0.0   0.0   0.0   0.0   0.0   0.0   0.0   0.0   0.0 
B: 18.0 * * * * * * * * * * * * * * * * 19.0 12.0 * 13.0 * 10.0 15.0 15.0 * * 14.0 12.2 13.0 17.0 16.0 12.0 13.1 11.0 16.0 12.5 12.0 13.5 * 12.0 * * 11.0 18.0 12.0 * 15.2 15.0 13.0 * 17.2 * 11.0 * * * * * * 12.0 12.0 * 13.0 13.0 * 17.0 14.3 * 15.0 * 16.0 11.5 16.0 * * 14.0 * 17.0 * 13.0 * * 13.0 * * * 16.0 * * 12.9 14.0 * * * * * * * * 16.0 * * * 16.0 11.8 10.0 * 14.0 14.0 * * 17.0 * * * 17.0 17.0 10.0 * * * 15.5 * 15.0 * * * * 15.0 15.0 * * * * 12.0 12.0 16.0 13.0 16.0 16.9 * * 15.0 * * * 13.5 13.0 13.0 * 15.0 13.5 13.0 15.0 12.5 * * * * * * 11.5 * * 10.0 * 18.0 14.0 15.0 15.0 12.8 16.0 * 14.6 13.3 * 14.0 * * 11.5 17.0 13.6 * * 16.0 * * * * * * * 11.1 14.0 16.0 15.0 10.0 10.0 11.0 
Direction:  n* * * * * * * * * * * * * * * *  n n*  n*  n n n* *  n n n n n n n n n n n n*  n* *  n n n*  n n n*  n*  n* * * * * *  n n*  n n*  n n*  n*  n n n* *  n*  n*  n* *  n* * *  n* *  n n* * * * * * * *  n* * *  n n n*  n n* *  n* * *  n n n* * *  n*  n* * * *  n n* * * *  n n n n n n* *  n* * *  n n n*  n n n n n* * * * * *  n* *  n*  n n n n n n*  n n*  n* *  n n n* *  n* * * * * * *  n n n n n n n

38.0: Count:   0.0 (  0.0) A:  10.4 [10-12] B:  14.0 [10-19] Phase: 144 ( 5.66) Direction:  nPhase: 132 ( 2.99) Direction:  nPhase: 132 ( 3.18) Direction:  nPhase: 135 ( 3.53) Direction:  nPhase: 135 ( 3.80) Direction:  nPhase: 138 ( 4.09) Direction:  nPhase: 137 ( 4.61) Direction:  nPhase: 135 ( 4.77) Direction:  n
Phase: {0,0,0,0,0,0,0,0,0,0,0,0,0,0,0,0,0,0,0,0,0,0,0,0,0,0,0,0,0,0,0,0,0,0,0,0,0,0,0,0,0,0,0,0,0,0,0,0,0,0,0,0,0,0,0,0,0,0,0,0,0,0,0,0,0,0,0,0,0,0,0,0,0,0,0,0,0,0,0,0,0,0,0,0,0,0,0,0,0,0,0,0,0,0,0,0,0,0,0,0,0,0,0,0,0,0,0,0,0,0,0,0,0,0,15,0,0,0,0,0,0,5,22,27,10,24,0,4,9,20,11,70,108,74,19,90,26,50,34,43,64,82,36,56,40,24,45,28,25,28,33,12,13,0,0,9,5,7,5,0,4,0,7,0,13,0,0,0,0,0,0,0,0,0,0,0,0,0,0,0,0,0,0,0,0,0,0,0,0,0,0,0,0,0,0,0,0,0,0,0,0,0,0,0,0,0,0,0,0,0,0,0,0,0,0,0,0,0,0,0,0,0,0,0,0,0,0,0,0,0,0,0,0,0,0,0,0,0,0,0,0,0,0,0,0,0,0,0,0,0,0,0,0,0,0,0,0,0,0,0,0,0,0,0,0,0,0,0,0,0,0,0,0,0,0,0,0,0,0,0,0,0,0,0,0,0,0,0,0,0,0,0,0,0,0,0,0,0,0,0,0,0,0,0,0,0,0,0,0,0,0,0,0,0,0,0,0,0,0,0,0,0,0,0,0,0,0,0,0,0,0,0,0,0,0,0,0,0,0,0,0,0,0,0,0,0,0,0,0,0,0,0,0,0,0,0,0,0,0,0}
Count:   0.1   0.0   0.0   0.0   0.0   0.0   0.0   0.0   0.0   0.0   0.0   0.0   0.0   0.0   0.0   0.0   0.0   0.1   0.0   0.0   0.2   0.0   0.0   0.1   0.1   0.1   0.0   0.0   0.0   0.0   0.1   0.0   0.0   0.0   0.0   0.0   0.1   0.0   0.1   0.0   0.0   0.0   0.0   0.0   0.1   0.1   0.0   0.1   0.0   0.0   0.0   0.1   0.0   0.1   0.0   0.1   0.0   0.0   0.1   0.0   0.1   0.1   0.0   0.0   0.0   0.1   0.0   0.1   0.0   0.1   0.0   0.0   0.0   0.0   0.0   0.0   0.0   0.0   0.0   0.1   0.0   0.0   0.1   0.0   0.0   0.0   0.0   0.0   0.0   0.0   0.1   0.0   0.0   0.1   0.0   0.1   0.0   0.0   0.0   0.0   0.0   0.0   0.0   0.0   0.1   0.0   0.0   0.1   0.1   0.1   0.0   0.0   0.1   0.0   0.0   0.0   0.0   0.1   0.0   0.1   0.0   0.1   0.0   0.0   0.0   0.0   0.0   0.0   0.0   0.0   0.0   0.0   0.0   0.1   0.0   0.0   0.0   0.0   0.0   0.0   0.1   0.1   0.0   0.1   0.1   0.1   0.0   0.0   0.0   0.0   0.0   0.1   0.0   0.0   0.1   0.2   0.0   0.0   0.0   0.1   0.1   0.0   0.0   0.0   0.0   0.0   0.0   0.1   0.0   0.0   0.1   0.0   0.0   0.0   0.2   0.1   0.0   0.0   0.0   0.0   0.0   0.0   0.1   0.0   0.0   0.1   0.0   0.1   0.0   0.0   0.0   0.0   0.0   0.2   0.0   0.0   0.0   0.1   0.0   0.0 
B: 13.0 * * 16.0 * * * * * * * * * * * * * 16.0 * 15.0 14.0 * * 11.0 14.4 15.5 * 13.0 13.0 14.6 15.0 11.0 * 12.0 10.0 12.4 12.0 12.0 15.0 * 16.5 16.0 15.0 * 13.0 13.0 10.0 15.8 13.0 * * 13.0 17.0 17.0 * 17.0 * * 13.0 15.0 14.5 15.0 15.0 * * 17.0 15.0 15.1 12.0 15.0 * 18.0 * * * * * * * 17.6 19.0 * 13.5 * 13.0 * * * * * 11.3 14.0 * 13.1 * 11.5 * * * * * * * 14.0 14.7 * * 13.0 15.6 10.0 * * 13.2 * * * 16.0 13.0 * 14.0 16.0 16.0 17.0 * * * * * * * * 14.0 * 12.5 * * 19.0 * 14.0 * 12.0 13.0 * 14.0 10.9 13.0 15.5 14.0 * * * 11.6 12.6 * 16.0 12.5 12.0 * 15.0 12.5 13.0 * 10.0 * 15.0 14.0 * 17.0 * 12.0 14.7 17.0 * * 12.5 14.0 * * * * * * 14.0 12.0 * 17.0 12.0 11.0 * * * 14.6 15.0 13.1 13.0 17.0 * 15.0 * 16.0 
Direction:  n* *  n* * * * * * * * * * * * *  n*  n n* *  n n n*  n n n n n*  n n n n n n*  n n n*  n n n n n* *  n n n*  n* *  n n n n n* *  n n n n n*  n* * * * * * *  n n*  n*  n* * * * *  n n*  n*  n* * * * * * *  n n* *  n n n* *  n* * *  n n*  n n n n* * * * * * * *  n*  n* *  n*  n*  n n*  n n n n n* * *  n n*  n n n*  n n n*  n*  n n*  n*  n n n* *  n n* * * * * *  n n*  n n n* * *  n n n n n*  n*  n

38.1: Count:   0.0 (  0.0) A:  10.5 [10-14] B:  14.1 [10-22] Phase: 141 ( 7.28) Direction:  nPhase: 130 ( 5.90) Direction:  nPhase: 138 ( 6.83) Direction:  nPhase: 141 ( 6.62) Direction:  nPhase: 142 ( 6.30) Direction:  nPhase: 140 ( 6.28) Direction:  nPhase: 138 ( 6.03) Direction:  nPhase: 139 ( 6.30) Direction:  n
Phase: {0,0,0,0,0,0,0,0,0,0,0,0,0,0,0,0,0,0,0,0,0,0,0,0,0,0,0,0,0,0,0,0,0,0,0,0,0,0,0,0,0,0,0,0,0,0,0,0,0,0,0,0,0,0,0,0,0,0,0,0,0,0,0,0,0,0,0,0,0,0,0,0,0,0,0,0,0,0,0,0,0,0,0,0,0,0,0,0,0,0,0,0,0,0,0,0,0,0,0,0,0,0,0,0,0,0,0,0,0,0,0,0,0,0,19,0,0,3,0,0,0,0,0,0,15,21,0,27,39,6,28,35,78,27,28,67,40,37,77,51,11,72,69,42,42,66,21,5,41,19,17,0,15,27,14,0,10,15,3,6,0,0,0,0,0,0,0,0,0,0,0,0,0,0,0,0,0,0,0,0,0,0,0,0,0,9,0,0,0,0,0,0,0,0,0,0,0,0,0,0,0,0,0,0,15,0,0,0,0,0,0,0,0,0,0,0,0,0,0,0,0,0,0,0,0,0,0,0,0,0,0,0,0,0,0,0,0,0,0,0,0,0,0,0,0,0,0,0,0,0,0,0,0,0,0,0,0,0,0,0,0,0,0,0,0,0,0,0,0,0,0,0,0,0,0,0,0,0,0,0,0,0,0,0,0,0,0,0,0,0,0,0,0,0,0,0,0,0,0,0,0,0,0,0,0,0,0,0,0,0,0,0,0,0,0,0,0,0,0,0,0,0,0,0,0,0,0,0,0,0,0,0,0,0,0,0,0,0,0,0,0,0,0,0,0,0,0,0,0,0,0,0,0,0,0,0,0,0,0,0}
Count:   0.0   0.0   0.0   0.0   0.0   0.0   0.0   0.0   0.0   0.0   0.0   0.0   0.0   0.0   0.0   0.0   0.0   0.0   0.0   0.1   0.0   0.1   0.0   0.1   0.1   0.1   0.0   0.0   0.0   0.0   0.0   0.1   0.0   0.0   0.1   0.0   0.1   0.0   0.0   0.0   0.0   0.0   0.0   0.0   0.0   0.1   0.1   0.0   0.0   0.0   0.0   0.1   0.0   0.0   0.0   0.0   0.1   0.0   0.0   0.0   0.0   0.0   0.0   0.0   0.1   0.0   0.1   0.0   0.0   0.0   0.1   0.1   0.0   0.0   0.0   0.1   0.0   0.0   0.1   0.0   0.0   0.0   0.0   0.0   0.1   0.1   0.0   0.1   0.0   0.0   0.0   0.0   0.0   0.0   0.0   0.0   0.0   0.0   0.1   0.1   0.1   0.0   0.0   0.1   0.0   0.0   0.0   0.0   0.0   0.0   0.0   0.0   0.0   0.0   0.0   0.0   0.0   0.1   0.1   0.2   0.1   0.2   0.0   0.0   0.0   0.1   0.1   0.0   0.0   0.1   0.1   0.0   0.0   0.0   0.0   0.1   0.0   0.0   0.0   0.1   0.0   0.0   0.0   0.0   0.0   0.0   0.0   0.0   0.0   0.0   0.0   0.0   0.0   0.0   0.0   0.0   0.0   0.0   0.0   0.0   0.1   0.0   0.0   0.1   0.0   0.0   0.1   0.1   0.0   0.0   0.0   0.0   0.1   0.0   0.1   0.1   0.1   0.0   0.0   0.0   0.0   0.0   0.1   0.0   0.0   0.0   0.0   0.1   0.0   0.0   0.0   0.0   0.0   0.0   0.1   0.0   0.0   0.0   0.0   0.0 
B: * * * 11.0 * * * 20.0 * * * * * 10.0 * * 10.0 * * 20.0 13.0 14.0 * 12.0 14.2 16.2 * * 12.3 10.0 14.7 17.9 * 14.4 13.0 15.0 17.0 * 13.0 * 18.0 13.5 * 16.8 10.0 12.0 15.6 * 16.0 * * 13.3 19.0 16.0 * * 15.0 * 13.0 12.0 * * * * 13.0 * 13.5 * * 13.0 13.0 15.0 * * 14.0 14.0 12.0 * 10.0 * * * * * 15.0 12.0 15.5 14.2 * * * 13.0 14.0 13.0 * * * 14.0 16.1 13.0 13.8 * * 17.0 15.0 * * 16.0 15.0 * * * * * 14.0 * 16.0 14.0 17.0 13.9 16.0 11.9 10.0 * 16.0 11.0 12.6 * * 11.0 18.4 12.0 * * * 10.0 10.8 * * 14.0 * * * * * 18.0 * * * 15.0 15.0 10.2 11.7 11.0 * * * 14.0 * * 14.2 16.0 20.0 11.4 13.9 * 15.0 13.0 * * * 15.0 13.8 15.0 14.0 13.4 15.5 * 13.0 * * * 13.0 * * * * 13.5 11.0 * * 16.0 * * 16.0 12.0 * * 13.2 * 
Direction: * * *  n* * *  n* * * * *  n* *  n* *  n n n*  n n n* *  n n n n*  n n n n*  n*  n n*  n n n n*  n* *  n n n* *  n*  n n* * * *  n*  n* *  n n n* *  n n n*  n* * * * *  n n n n* * *  n n n* * *  n n n n* *  n n* *  n n* * * * *  n*  n n n n n n n*  n n n* *  n n n* * *  n n* *  n* * * * *  n* * *  n n n n n* * *  n* *  n n n n n*  n n* * *  n n n n n n*  n* * *  n* * * *  n n* *  n* *  n n* *  n* 

38.2: Count:   0.0 (  0.0) A:  10.4 [10-14] B:  14.7 [10-21] Phase: 138 ( 6.37) Direction:  nPhase: 130 ( 3.55) Direction:  nPhase: 138 ( 4.63) Direction:  nPhase: 141 ( 5.10) Direction:  nPhase: 138 ( 4.61) Direction:  nPhase: 141 ( 4.69) Direction:  nPhase: 140 ( 4.87) Direction:  nPhase: 143 ( 5.04) Direction:  n
Phase: {0,0,0,0,0,0,0,0,0,0,0,0,0,0,0,0,0,0,0,0,0,0,0,0,0,0,0,0,0,0,0,0,0,0,0,0,0,0,0,0,0,0,0,0,0,0,0,0,0,0,0,0,0,0,0,0,0,0,0,0,0,0,0,0,0,0,0,0,0,0,0,0,0,0,0,0,0,0,0,0,0,0,0,0,0,0,0,0,0,0,0,0,0,0,0,0,0,0,0,0,0,0,0,0,0,0,0,0,0,0,0,0,0,0,0,0,0,0,0,0,0,0,24,13,0,9,32,34,22,18,40,48,64,19,63,70,33,31,58,28,56,74,69,65,32,39,23,6,0,5,0,40,0,26,20,0,26,19,0,0,0,0,2,0,0,0,0,0,0,0,0,0,0,0,0,0,0,0,0,0,0,0,0,0,0,0,0,0,0,0,0,0,0,0,0,0,0,0,0,0,0,0,0,0,0,0,0,0,0,0,0,0,0,0,0,0,0,0,0,0,0,0,0,0,0,0,0,0,0,0,0,0,0,0,0,0,0,0,0,0,0,0,0,0,0,0,0,0,0,0,0,0,0,0,0,0,0,0,0,0,0,0,0,0,0,0,0,0,0,0,0,0,0,0,0,0,0,0,0,0,0,0,0,0,0,0,0,0,0,0,0,0,0,0,0,0,0,0,0,0,0,0,0,0,0,0,0,0,0,0,0,0,0,0,0,0,0,0,0,0,0,0,0,0,0,0,0,0,0,0,0,0,0,0,0,0,0,0,0,0,0,0,0,0,0,0,0,0,0,0,0,0,0,0,0,0,0,0,0,0}
Count:   0.1   0.0   0.1   0.0   0.0   0.0   0.0   0.0   0.0   0.0   0.0   0.0   0.0   0.0   0.0   0.0   0.0   0.0   0.1   0.1   0.0   0.0   0.0   0.0   0.1   0.0   0.0   0.0   0.0   0.0   0.1   0.1   0.0   0.0   0.0   0.2   0.0   0.1   0.0   0.0   0.1   0.0   0.0   0.0   0.0   0.1   0.1   0.0   0.0   0.0   0.0   0.0   0.0   0.0   0.0   0.0   0.0   0.0   0.0   0.0   0.0   0.0   0.0   0.0   0.0   0.0   0.0   0.0   0.1   0.1   0.0   0.1   0.0   0.1   0.0   0.1   0.0   0.1   0.0   0.0   0.1   0.0   0.0   0.1   0.0   0.1   0.0   0.0   0.1   0.0   0.0   0.0   0.0   0.1   0.0   0.0   0.0   0.0   0.0   0.0   0.0   0.0   0.0   0.1   0.0   0.0   0.0   0.1   0.1   0.1   0.0   0.0   0.0   0.0   0.0   0.1   0.1   0.0   0.0   0.0   0.0   0.0   0.0   0.1   0.0   0.0   0.0   0.1   0.0   0.0   0.0   0.0   0.0   0.0   0.0   0.0   0.1   0.0   0.0   0.0   0.1   0.0   0.1   0.0   0.0   0.0   0.0   0.1   0.0   0.0   0.0   0.1   0.0   0.1   0.0   0.0   0.1   0.0   0.1   0.1   0.0   0.0   0.0   0.0   0.1   0.0   0.0   0.0   0.1   0.0   0.0   0.0   0.0   0.0   0.0   0.1   0.0   0.1   0.0   0.0   0.1   0.0   0.0   0.0   0.0   0.0   0.0   0.0   0.0   0.0   0.0   0.0   0.0   0.0   0.1   0.1   0.1   0.0   0.0   0.0 
B: 15.0 * 11.0 * * * * 12.0 * * * * * * * * * 16.0 11.0 14.0 18.0 * 16.0 * 15.2 15.0 * 17.0 14.0 20.0 15.8 12.4 * * * 16.1 15.8 16.0 * 19.3 11.0 13.0 17.0 * * 14.4 12.6 * * * * 11.0 17.0 * * * 18.0 * * * * 14.0 * * * * * * 16.0 15.0 * 16.0 17.3 15.2 * 16.0 * 13.6 11.0 * 18.0 * * 13.0 * 16.0 * 17.0 13.0 * * * * 14.3 * * 13.0 15.0 * 16.0 * 11.0 17.0 14.4 15.0 * * 13.0 14.8 15.0 * * * 16.0 * 14.0 16.5 * * * * 14.0 * 14.0 12.3 * * 16.0 * 14.0 * * * * * * 17.0 * 17.0 * 10.0 * 10.7 * * * 19.0 12.0 13.5 14.0 18.0 16.6 12.0 13.6 14.0 * 15.2 * 18.3 12.0 * 14.0 13.0 14.0 17.0 13.0 13.0 17.0 16.0 * * * 10.0 21.0 * 14.2 * 14.7 13.0 * 17.0 * 12.0 * * * * * 13.0 * * 13.0 * * 16.0 15.8 14.0 * 13.0 14.0 
Direction:  n*  n* * * *  n* * * * * * * * *  n n n n*  n*  n n*  n n n n n* * *  n n n*  n n n n* *  n n* * * *  n n* * *  n* * * *  n* * * * * *  n n*  n n n*  n*  n n*  n* *  n*  n*  n n* * * *  n* *  n n*  n*  n n n n* *  n n n* * *  n*  n n* * * *  n*  n n* *  n*  n* * * * * *  n*  n*  n*  n* * *  n n n n n n n n n*  n*  n n*  n n n n n n n n* * *  n n*  n*  n n*  n*  n* * * * *  n* *  n* *  n n n*  n n

38.3: Count:   0.0 (  0.0) A:  10.5 [10-12] B:  14.6 [10-20] Phase: 143 ( 4.87) Direction:  nPhase: 127 ( 2.65) Direction:  nPhase: 135 ( 2.75) Direction:  nPhase: 135 ( 3.28) Direction:  nPhase: 135 ( 4.28) Direction:  nPhase: 135 ( 3.86) Direction:  nPhase: 137 ( 4.13) Direction:  nPhase: 135 ( 4.85) Direction:  n
Phase: {0,0,0,0,0,0,0,0,0,0,0,0,0,0,0,0,0,0,0,0,0,0,0,0,0,0,0,0,0,0,0,0,0,0,0,0,0,0,0,0,0,0,0,0,0,0,0,0,0,0,0,0,0,0,0,0,0,0,0,0,0,0,0,0,0,0,0,0,0,0,0,0,0,0,0,0,0,0,0,0,0,0,0,0,0,0,0,0,0,0,0,0,0,0,0,0,0,0,0,0,0,0,0,0,0,0,0,0,0,0,0,0,0,0,0,0,0,13,0,7,0,0,7,1,0,1,14,12,18,51,16,25,53,20,52,152,66,32,68,26,56,66,70,67,25,18,9,19,33,21,0,13,7,0,0,0,0,0,16,17,11,0,0,0,0,0,0,1,0,7,0,0,0,0,7,0,0,0,0,0,0,0,0,0,0,0,0,0,0,0,0,0,0,0,0,0,0,0,0,0,0,0,0,0,0,0,0,0,0,0,0,0,0,0,0,0,0,0,0,0,0,0,0,0,0,0,0,0,0,0,0,0,0,0,0,0,0,0,0,0,0,0,0,0,0,0,0,0,0,0,0,0,0,0,0,0,0,0,0,0,0,0,0,0,0,0,0,0,0,0,0,0,0,0,0,0,0,0,0,0,0,0,0,0,0,0,0,0,0,0,0,0,0,0,0,0,0,0,0,0,0,0,0,0,0,0,0,0,0,0,0,0,0,0,0,0,0,0,0,0,0,0,0,0,0,0,0,0,0,0,0,0,0,0,0,0,0,0,0,0,0,0,0,0,0,0,0,0,0,0,0,0,0,0,0,0,0,0,0,0}
Count:   0.0   0.0   0.0   0.0   0.0   0.0   0.0   0.0   0.0   0.0   0.0   0.0   0.0   0.0   0.0   0.0   0.1   0.1   0.0   0.1   0.0   0.0   0.0   0.1   0.1   0.0   0.0   0.0   0.0   0.0   0.0   0.0   0.0   0.1   0.0   0.0   0.0   0.0   0.0   0.0   0.0   0.0   0.0   0.0   0.0   0.0   0.0   0.0   0.0   0.0   0.0   0.1   0.1   0.1   0.1   0.0   0.2   0.0   0.0   0.0   0.0   0.0   0.0   0.0   0.0   0.0   0.1   0.1   0.0   0.0   0.0   0.1   0.0   0.1   0.0   0.1   0.0   0.1   0.0   0.0   0.0   0.0   0.0   0.0   0.1   0.1   0.0   0.1   0.0   0.1   0.1   0.0   0.0   0.1   0.0   0.0   0.1   0.0   0.1   0.0   0.0   0.0   0.0   0.0   0.0   0.0   0.0   0.0   0.0   0.0   0.0   0.0   0.0   0.0   0.1   0.0   0.0   0.0   0.0   0.0   0.1   0.0   0.0   0.0   0.0   0.0   0.0   0.0   0.0   0.0   0.0   0.0   0.0   0.0   0.0   0.0   0.1   0.0   0.0   0.0   0.0   0.0   0.1   0.1   0.0   0.2   0.0   0.0   0.0   0.0   0.0   0.0   0.0   0.1   0.1   0.0   0.1   0.0   0.0   0.0   0.1   0.0   0.0   0.0   0.1   0.1   0.1   0.1   0.1   0.0   0.0   0.0   0.1   0.1   0.0   0.0   0.0   0.0   0.0   0.0   0.1   0.0   0.0   0.0   0.0   0.1   0.0   0.0   0.1   0.0   0.0   0.0   0.0   0.0   0.0   0.0   0.0   0.0   0.1   0.1 
B: * * * * * * * * * * * * * * 16.0 * 17.0 13.0 * 12.2 14.0 * 14.0 10.7 13.3 13.0 * * 17.5 13.0 14.0 17.4 15.0 14.1 14.0 13.0 * * * 15.0 * 14.0 * * * 15.0 14.5 * * * * 18.0 14.2 17.0 16.5 10.0 12.7 * * * * * * * 14.0 * 14.5 12.3 11.0 * 14.0 16.0 12.0 14.7 * 16.0 14.0 12.4 * * * * * 17.0 15.0 14.9 17.0 13.0 * 13.0 16.0 * * 15.6 * 19.0 15.0 * 13.0 * * * * * * * * * * * * * 18.0 * 18.0 * * * * * 18.7 * 16.0 * * * * 17.5 * 14.0 * * * * 20.0 14.0 14.0 19.0 19.0 * * 13.0 12.0 19.0 19.0 14.6 * * * 15.0 15.0 13.0 * 11.8 15.0 * 11.5 * * * 18.0 11.0 * 11.0 13.3 17.0 16.0 16.0 13.6 * * * 11.0 15.0 * 14.0 17.0 * * 15.0 14.9 * 13.0 * * 16.4 17.0 * 16.0 17.0 16.7 * * 13.0 * 13.0 * 12.0 16.4 16.5 
Direction: * * * * * * * * * * * * * *  n*  n n*  n n*  n n n n* *  n n n n n n n n* * *  n*  n* * *  n n* * * *  n n n n n n* * * * * * *  n*  n n n*  n n n n*  n n n* * * * *  n n n n n*  n n* *  n*  n n*  n* * * * * * * * * * * * *  n*  n* * * * *  n*  n* * * *  n*  n* * * *  n n n n n* *  n n n n n* * *  n n n*  n n*  n* * *  n n*  n n n n n n* * *  n n*  n n* *  n n*  n* *  n n*  n n n* *  n*  n*  n n n

38.4: Count:   0.0 (  0.0) A:  10.3 [10-12] B:  14.2 [10-20] Phase: 132 ( 5.73) Direction:  nPhase: 143 ( 2.63) Direction:  nPhase: 138 ( 4.26) Direction:  nPhase: 137 ( 4.24) Direction:  nPhase: 135 ( 5.20) Direction:  nPhase: 136 ( 5.51) Direction:  nPhase: 139 ( 5.45) Direction:  nPhase: 139 ( 5.81) Direction:  n
Phase: {0,0,0,0,0,0,0,0,0,0,0,0,0,0,0,0,0,0,0,0,0,0,0,0,0,0,0,0,0,0,0,0,0,0,0,0,0,0,0,0,0,0,0,0,0,0,0,0,0,0,0,0,0,0,0,0,0,0,0,0,0,0,0,0,0,0,0,0,0,0,0,0,0,0,0,0,0,0,0,0,0,0,0,0,0,0,0,0,0,0,0,0,0,0,0,0,0,0,0,0,0,0,0,0,0,0,0,0,0,0,0,0,0,0,9,0,0,0,0,0,0,0,0,0,60,11,11,38,25,48,5,16,31,39,55,98,22,19,20,64,58,13,46,31,55,25,5,9,33,15,0,9,5,9,0,16,1,0,5,0,0,0,0,0,13,0,0,0,0,0,0,0,0,0,0,0,0,0,0,0,2,0,0,0,0,0,0,0,0,0,0,0,0,0,0,0,0,0,0,0,0,0,0,0,0,0,0,0,0,0,0,0,0,0,0,0,0,0,0,0,0,0,0,0,0,0,0,0,0,0,0,0,0,0,0,0,0,0,0,0,0,0,0,0,0,0,0,0,0,0,0,0,0,0,0,0,0,0,0,0,0,0,0,0,0,0,0,0,0,0,0,0,0,0,0,0,0,0,0,0,0,0,0,0,0,0,0,0,0,0,0,0,0,0,0,0,0,0,0,0,0,0,0,0,0,0,0,0,0,0,0,0,0,0,0,0,0,0,0,0,0,0,0,0,0,0,0,0,0,0,0,0,0,0,0,0,0,0,0,0,0,0,0,0,0,0,0,0,0,0,0,0,0,0,0,0,0,0,0,0}
Count:   0.0   0.0   0.0   0.0   0.0   0.0   0.0   0.0   0.0   0.0   0.0   0.0   0.0   0.0   0.0   0.1   0.0   0.1   0.1   0.1   0.1   0.1   0.1   0.0   0.0   0.0   0.0   0.0   0.0   0.0   0.0   0.0   0.0   0.1   0.0   0.0   0.0   0.0   0.1   0.0   0.1   0.0   0.0   0.0   0.0   0.0   0.0   0.0   0.0   0.0   0.0   0.0   0.0   0.1   0.0   0.0   0.0   0.0   0.0   0.0   0.0   0.1   0.1   0.0   0.0   0.0   0.0   0.0   0.0   0.0   0.0   0.1   0.0   0.0   0.0   0.0   0.0   0.0   0.0   0.0   0.0   0.0   0.0   0.0   0.0   0.0   0.0   0.0   0.1   0.0   0.0   0.0   0.0   0.0   0.0   0.1   0.0   0.1   0.0   0.0   0.0   0.0   0.0   0.0   0.0   0.0   0.0   0.0   0.1   0.0   0.0   0.1   0.0   0.0   0.1   0.0   0.0   0.0   0.0   0.0   0.0   0.1   0.1   0.0   0.0   0.0   0.0   0.0   0.0   0.1   0.1   0.0   0.1   0.0   0.0   0.0   0.0   0.1   0.0   0.0   0.0   0.0   0.0   0.0   0.0   0.0   0.0   0.1   0.0   0.0   0.0   0.1   0.0   0.1   0.1   0.0   0.0   0.1   0.0   0.0   0.0   0.0   0.0   0.1   0.0   0.0   0.1   0.1   0.1   0.0   0.1   0.0   0.0   0.0   0.0   0.0   0.0   0.0   0.1   0.1   0.1   0.1   0.0   0.1   0.0   0.0   0.0   0.0   0.0   0.0   0.0   0.0   0.0   0.0   0.0   0.1   0.0   0.0   0.1   0.0 
B: 12.0 * * 16.0 19.0 * * * * * * * * * * 14.0 * 18.0 16.5 15.5 13.5 12.0 20.0 13.7 16.2 * 13.0 15.5 * * 12.2 12.0 * 13.0 15.0 * 13.0 11.0 14.1 * 11.0 * 16.0 13.0 * * 15.0 17.0 * * * * 13.0 14.0 * * * * * * * 15.6 16.0 * 16.0 * * 13.0 * * * 14.0 * * * * * * * 17.0 * * * * * * * * 13.0 * * * 15.0 * * 11.0 11.5 15.0 * * 16.0 * * * * 15.0 * * 13.0 * * 13.0 13.0 12.0 10.0 16.0 * * * * * 14.0 11.0 13.0 * 11.0 * * 17.0 19.0 18.0 * 18.0 13.0 * * * 16.4 14.5 * * 18.0 12.5 13.5 * * * 17.0 * 10.0 * 12.4 14.0 11.8 15.0 * * 12.2 * * * 13.0 * 13.0 * * 15.0 11.5 11.0 * 16.5 * * * * * * 12.0 15.0 13.0 14.0 15.5 * 12.2 * * * * * * * * 16.0 15.0 * 15.5 * 10.0 14.3 12.0 
Direction:  n* *  n n* * * * * * * * * *  n*  n n n n n n n n*  n n* *  n n*  n n*  n n n*  n*  n n* *  n n* * * *  n n* * * * * * *  n n*  n* *  n* * *  n* * * * * * *  n* * * * * * * *  n* * *  n* *  n n n* *  n* * * *  n* *  n* *  n n n n n* * * * *  n n n*  n* *  n n n*  n n* * *  n n* *  n n n* * *  n*  n*  n n n n* *  n* * *  n*  n* *  n n n*  n* * * * * *  n n n n n*  n* * * * * * * *  n n*  n*  n n n

38.5: Count:   0.0 (  0.0) A:  10.4 [10-12] B:  14.9 [10-20] Phase: 137 ( 6.48) Direction:  nPhase: 125 ( 4.33) Direction:  nPhase: 135 ( 7.37) Direction:  nPhase: 139 ( 8.54) Direction:  nPhase: 139 ( 8.26) Direction:  nPhase: 137 ( 7.72) Direction:  nPhase: 129 ( 8.38) Direction:  nPhase: 139 ( 7.77) Direction:  n
Phase: {0,0,0,0,0,0,0,0,0,0,0,0,0,0,0,0,0,0,0,0,0,0,0,0,0,0,0,0,0,0,0,0,0,0,0,0,0,0,0,0,0,0,0,0,0,0,0,0,0,0,0,0,0,0,0,0,0,0,0,0,0,0,0,0,0,0,0,0,0,0,0,0,0,0,0,0,0,0,0,0,0,0,0,0,0,0,0,0,0,0,0,0,0,0,0,0,0,0,0,0,0,0,0,0,0,0,0,0,0,0,0,0,0,0,0,0,0,0,0,0,16,0,1,24,10,40,26,46,16,19,23,28,34,35,22,73,68,31,49,90,31,27,61,35,28,13,28,4,0,5,6,0,9,0,0,0,0,1,0,1,0,11,0,0,0,0,0,0,0,0,0,0,0,0,0,0,0,0,0,0,0,0,0,0,0,0,0,0,0,0,0,0,0,0,0,0,0,0,0,0,0,0,0,0,0,0,0,0,0,0,0,0,0,0,0,0,0,0,0,0,0,0,0,0,0,0,0,0,0,0,0,0,0,0,0,0,0,0,0,0,0,0,0,0,0,0,0,0,0,0,0,0,0,0,0,0,0,0,0,0,0,0,0,0,0,0,0,0,0,0,0,0,0,0,0,0,0,0,0,0,0,0,0,0,0,0,0,0,0,0,0,0,0,0,0,0,0,0,0,0,0,0,0,0,0,0,0,0,0,0,0,0,0,0,0,0,0,0,0,0,0,0,0,0,0,0,0,0,0,0,0,0,0,0,0,0,0,0,0,0,0,0,0,0,0,0,0,0,0,0,0,0,0,0,0,0,0,0,0,0}
Count:   0.0   0.0   0.0   0.0   0.0   0.0   0.0   0.0   0.0   0.0   0.1   0.1   0.0   0.0   0.0   0.0   0.0   0.0   0.1   0.0   0.0   0.0   0.1   0.0   0.1   0.0   0.0   0.0   0.0   0.1   0.1   0.0   0.0   0.0   0.0   0.0   0.0   0.0   0.1   0.0   0.0   0.0   0.0   0.0   0.0   0.0   0.0   0.0   0.1   0.0   0.0   0.0   0.0   0.0   0.1   0.0   0.0   0.0   0.0   0.0   0.0   0.0   0.1   0.0   0.1   0.0   0.1   0.0   0.0   0.0   0.0   0.0   0.0   0.1   0.0   0.0   0.0   0.1   0.0   0.0   0.0   0.0   0.0   0.0   0.0   0.0   0.0   0.1   0.0   0.0   0.0   0.0   0.1   0.1   0.0   0.1   0.0   0.2   0.0   0.0   0.0   0.0   0.0   0.0   0.1   0.0   0.0   0.0   0.0   0.0   0.0   0.0   0.0   0.1   0.0   0.0   0.0   0.0   0.0   0.0   0.0   0.1   0.0   0.0   0.0   0.1   0.1   0.0   0.0   0.1   0.0   0.1   0.1   0.0   0.0   0.0   0.1   0.0   0.0   0.0   0.0   0.1   0.1   0.0   0.0   0.0   0.1   0.0   0.0   0.0   0.0   0.0   0.0   0.0   0.0   0.0   0.0   0.0   0.1   0.0   0.0   0.0   0.0   0.0   0.0   0.0   0.1   0.0   0.0   0.0   0.1   0.0   0.0   0.0   0.0   0.1   0.0   0.0   0.0   0.1   0.1   0.1   0.1   0.0   0.0   0.0   0.0   0.0   0.0   0.0   0.0   0.0   0.0   0.0   0.0   0.0   0.0   0.0   0.0   0.0 
B: * 19.0 * * * * * * * * 15.0 18.0 * * * * * * 15.5 16.0 14.0 * 17.0 * 14.3 * 12.0 * * 12.4 14.9 * 11.0 13.0 16.6 * * 15.8 15.0 * * 15.0 15.0 13.0 * 18.0 14.3 13.8 15.0 * * * * 12.0 18.0 * * * * * * 14.0 13.0 * 12.0 * 17.5 * * * * * * 20.0 * * * 17.0 * * * * * * * 14.0 * 19.4 20.0 * * 12.0 13.7 13.5 14.8 16.2 13.0 14.4 * * 16.0 10.0 * * 14.0 * * * * * 13.0 * * 16.0 15.1 13.0 * * 16.0 * * 12.0 12.0 * * 14.0 11.0 * * 13.0 13.0 12.5 16.0 * * * 14.0 10.0 * * * 15.0 18.0 16.0 * 14.0 17.0 * 13.0 * * * * * 13.0 * * 14.0 14.0 14.0 * * * * * * 18.0 14.0 10.4 * 15.0 * * * * 16.0 * * * 14.5 15.5 16.0 13.0 15.0 14.1 * * * * 11.0 18.0 14.0 * 12.0 20.0 * * * 17.0 * 
Direction: *  n* * * * * * * *  n n* * * * * *  n n n*  n*  n*  n* *  n n*  n n n* *  n n* *  n n n*  n n n n* * * *  n n* * * * * *  n n*  n*  n* * * * * *  n* * *  n* * * * * * *  n*  n n* *  n n n n n n n* *  n n* *  n* * * * *  n* *  n n n* *  n* *  n n* *  n n* *  n n n n* * *  n n* * *  n n n*  n n*  n* * * * *  n* *  n n n* * * * * *  n n n*  n* * * *  n* * *  n n n n n n* * * *  n n n*  n n* * *  n* 

38.6: Count:   0.0 (  0.0) A:  10.6 [10-14] B:  14.9 [10-21] Phase: 139 ( 5.88) Direction:  nPhase: 125 ( 3.24) Direction:  nPhase: 132 ( 4.02) Direction:  nPhase: 132 ( 3.59) Direction:  nPhase: 132 ( 3.50) Direction:  nPhase: 135 ( 3.91) Direction:  nPhase: 138 ( 4.13) Direction:  nPhase: 140 ( 4.25) Direction:  n
Phase: {0,0,0,0,0,0,0,0,0,0,0,0,0,0,0,0,0,0,0,0,0,0,0,0,0,0,0,0,0,0,0,0,0,0,0,0,0,0,0,0,0,0,0,0,0,0,0,0,0,0,0,0,0,0,0,0,0,0,0,0,0,0,0,0,0,0,0,0,0,0,0,0,0,0,0,0,0,0,0,0,0,0,0,0,0,0,0,0,0,0,0,0,0,0,0,0,0,0,0,0,0,0,0,0,0,0,0,0,1,0,0,0,0,0,9,0,0,0,0,0,0,0,26,7,17,17,7,43,39,29,5,12,62,41,44,116,51,15,51,30,59,78,82,17,10,48,45,13,11,0,1,0,5,15,13,0,5,0,0,0,0,0,0,11,0,0,0,0,0,0,0,0,0,0,0,0,0,0,0,0,0,0,0,0,0,0,0,0,0,0,0,0,0,0,0,0,0,0,0,0,0,0,0,0,0,0,0,0,0,0,0,0,0,0,0,0,0,0,0,0,0,0,0,0,0,0,0,0,0,0,0,0,0,0,0,0,0,0,0,0,0,0,0,0,0,0,0,0,0,0,0,0,0,0,0,0,0,0,0,0,0,0,0,0,0,0,0,0,0,0,0,0,0,0,0,0,0,0,0,0,0,0,0,0,0,0,0,0,0,0,0,0,0,0,0,0,0,0,0,0,0,0,0,0,0,0,0,0,0,0,0,0,0,0,0,0,0,0,0,0,0,0,0,0,0,0,0,0,0,0,0,0,0,0,0,0,0,0,0,0,0,0,0,0,0,0,0,0,0,0,0,0,0,0,0,0,0,0,0,0}
Count:   0.0   0.0   0.0   0.0   0.0   0.0   0.0   0.0   0.0   0.0   0.0   0.0   0.0   0.0   0.0   0.0   0.0   0.0   0.0   0.0   0.1   0.1   0.1   0.0   0.0   0.0   0.0   0.0   0.0   0.1   0.1   0.0   0.0   0.0   0.1   0.1   0.1   0.0   0.1   0.0   0.0   0.0   0.0   0.0   0.1   0.0   0.0   0.0   0.1   0.0   0.1   0.0   0.0   0.0   0.1   0.0   0.0   0.0   0.0   0.1   0.1   0.0   0.0   0.0   0.0   0.1   0.1   0.0   0.0   0.1   0.0   0.0   0.0   0.1   0.0   0.1   0.0   0.1   0.0   0.0   0.0   0.3   0.0   0.0   0.0   0.1   0.0   0.1   0.0   0.0   0.1   0.0   0.0   0.0   0.0   0.0   0.0   0.2   0.0   0.0   0.0   0.0   0.0   0.0   0.0   0.0   0.0   0.0   0.0   0.0   0.0   0.0   0.0   0.1   0.0   0.0   0.0   0.0   0.0   0.0   0.0   0.0   0.0   0.0   0.0   0.0   0.0   0.0   0.0   0.0   0.1   0.1   0.1   0.0   0.0   0.0   0.0   0.1   0.0   0.0   0.0   0.0   0.1   0.0   0.0   0.0   0.1   0.1   0.0   0.0   0.0   0.0   0.0   0.0   0.0   0.0   0.0   0.0   0.0   0.0   0.1   0.0   0.0   0.0   0.0   0.0   0.1   0.1   0.0   0.0   0.1   0.0   0.0   0.0   0.0   0.1   0.0   0.0   0.0   0.0   0.1   0.1   0.0   0.1   0.0   0.0   0.1   0.0   0.1   0.0   0.2   0.1   0.0   0.0   0.0   0.0   0.0   0.0   0.0   0.0 
B: 18.0 * * * 16.0 * * * * * * 18.0 * * * * * * * 13.0 13.0 17.0 16.0 * 12.0 * 17.0 * * 13.6 13.0 * * * 13.2 17.5 12.4 * 16.0 * * * 16.0 11.0 14.0 * 16.0 * 12.3 * 15.0 * * * 18.0 * * * * 20.0 18.0 * * * 16.0 16.0 14.0 * * 10.0 * * * 12.0 17.0 14.0 * 12.0 18.0 * * 17.0 * 16.0 15.0 15.0 * 15.0 * * 17.0 * 14.7 * 18.0 * * 16.3 13.0 * * * * 10.0 * 16.0 17.0 * * * * 14.0 * 19.5 * * * * * * 10.0 17.0 * * * 10.0 * * 15.0 * 15.0 15.0 11.0 * * 11.0 * 15.0 15.0 14.0 * * 14.0 * * 15.0 14.0 16.0 18.0 11.0 * * 15.0 16.0 * * * * * * 19.0 * * 16.0 15.0 * 16.0 20.0 * * 14.0 * * * * 12.5 * * * * 12.0 15.0 * 11.0 11.0 * 11.5 * 18.0 * 15.9 14.3 18.0 * 11.0 14.0 13.6 14.0 10.0 13.0 
Direction:  n* * *  n* * * * * *  n* * * * * * *  n n n n*  n*  n* *  n n* * *  n n n*  n* * *  n n n*  n*  n*  n* * *  n* * * *  n n* * *  n n n* *  n* * *  n n n*  n n* *  n*  n n n*  n* *  n*  n*  n* *  n n* * * *  n*  n n* * * *  n*  n* * * * * *  n n* * *  n* *  n*  n n n* *  n*  n n n* *  n* *  n n n n n* *  n n* * * * * *  n* *  n n*  n n* *  n* * * *  n* * * *  n n*  n n*  n*  n*  n n n*  n n n n n n

38.7: Count:   0.0 (  0.0) A:  10.4 [10-13] B:  14.7 [10-22] Phase: 134 ( 5.85) Direction:  nPhase: 147 ( 3.45) Direction:  nPhase: 145 ( 6.35) Direction:  nPhase: 141 ( 6.52) Direction:  nPhase: 140 ( 5.59) Direction:  nPhase: 138 ( 6.50) Direction:  nPhase: 138 ( 6.34) Direction:  nPhase: 138 ( 6.57) Direction:  n
Phase: {0,0,0,0,0,0,0,0,0,0,0,0,0,0,0,0,0,0,0,0,0,0,0,0,0,0,0,0,0,0,0,0,0,0,0,0,0,0,0,0,0,0,0,0,0,0,0,0,0,0,0,0,0,0,0,0,0,0,0,0,0,0,0,0,0,0,0,0,0,0,0,0,0,0,0,0,0,0,0,0,0,0,0,0,0,0,0,0,0,0,0,0,0,0,0,0,0,0,0,0,0,0,0,0,0,0,0,0,0,0,0,0,0,0,0,0,0,0,0,13,7,0,1,8,51,4,28,22,14,38,42,29,72,60,66,102,30,54,104,51,36,13,49,40,16,57,21,13,14,25,2,15,3,0,4,0,7,0,5,0,1,0,0,0,0,0,0,0,0,0,0,0,0,0,0,0,0,0,0,0,0,0,0,0,0,0,0,0,0,0,0,0,0,0,0,0,0,0,0,0,0,0,0,0,0,0,0,0,0,0,0,0,0,0,0,0,0,0,0,0,0,0,0,0,0,0,0,0,0,0,0,0,0,0,0,0,0,0,0,0,0,0,0,0,0,0,0,0,0,0,0,0,0,0,0,0,0,0,0,0,0,0,0,0,0,0,0,0,0,0,0,0,0,0,0,0,0,0,0,0,0,0,0,0,0,0,0,0,0,0,0,0,0,0,0,0,0,0,0,0,0,0,0,0,0,0,0,0,0,0,0,0,0,0,0,0,0,0,0,0,0,0,0,0,0,0,0,0,0,0,0,0,0,0,0,0,0,0,0,0,0,0,0,0,0,0,0,0,0,0,0,0,0,0,0,0,0,0,0,0}
Count:   0.1   0.0   0.0   0.0   0.0   0.0   0.0   0.0   0.0   0.0   0.0   0.0   0.0   0.0   0.0   0.0   0.0   0.0   0.0   0.0   0.1   0.0   0.1   0.0   0.0   0.0   0.0   0.0   0.1   0.0   0.0   0.0   0.1   0.0   0.1   0.0   0.0   0.0   0.0   0.2   0.0   0.1   0.0   0.0   0.0   0.0   0.0   0.0   0.0   0.0   0.1   0.1   0.1   0.0   0.0   0.1   0.0   0.0   0.0   0.0   0.0   0.0   0.1   0.0   0.1   0.1   0.1   0.0   0.0   0.0   0.0   0.1   0.1   0.1   0.0   0.0   0.0   0.0   0.1   0.1   0.1   0.1   0.0   0.0   0.1   0.1   0.0   0.0   0.0   0.1   0.0   0.0   0.0   0.0   0.0   0.1   0.0   0.0   0.0   0.0   0.0   0.0   0.1   0.0   0.0   0.0   0.0   0.0   0.1   0.1   0.0   0.0   0.0   0.0   0.1   0.0   0.0   0.1   0.0   0.0   0.0   0.0   0.0   0.0   0.0   0.0   0.0   0.0   0.0   0.0   0.0   0.1   0.0   0.0   0.0   0.1   0.0   0.0   0.0   0.0   0.0   0.0   0.1   0.1   0.0   0.1   0.0   0.0   0.0   0.0   0.0   0.0   0.0   0.0   0.0   0.0   0.1   0.1   0.0   0.1   0.1   0.0   0.1   0.0   0.0   0.0   0.0   0.2   0.0   0.0   0.1   0.0   0.0   0.0   0.0   0.0   0.1   0.0   0.0   0.0   0.0   0.0   0.0   0.0   0.0   0.0   0.0   0.1   0.0   0.0   0.0   0.0   0.0   0.1   0.1   0.0   0.0   0.0   0.0   0.0 
B: 17.0 16.0 * * * * * * 13.0 * 10.0 * * * * * 12.0 * * * 13.0 * 18.0 13.0 17.0 * 12.0 13.0 14.0 11.0 16.0 14.0 16.7 * 12.8 17.0 * 14.0 * 11.8 17.0 13.5 * 12.0 13.0 * 14.6 17.5 13.0 * 18.5 14.0 18.0 * * 14.0 14.0 * 16.0 * * 16.0 12.5 * 12.2 14.0 13.8 16.0 * * 18.0 15.0 14.0 13.4 * * * * 17.0 19.0 10.4 13.0 * * 14.7 18.0 * * * 11.7 * * 13.0 * 18.0 13.0 13.0 * * * * * 11.7 * * * * * 13.0 18.0 * * * 15.0 13.0 * * 16.0 16.0 * * * 11.0 16.0 * * * 10.0 * * * 21.0 21.0 * * 15.0 15.0 16.0 * 15.0 10.0 * 16.0 18.0 18.0 12.0 * * * * 21.0 14.0 12.0 15.0 19.6 * 17.0 18.0 10.0 12.4 14.8 * 13.0 18.0 * 17.0 17.0 14.4 * * 17.0 * * * * * 14.5 * 10.0 * * * * 13.0 13.0 * * 15.5 * * 18.0 17.0 * 17.6 14.6 14.0 15.0 * * * 
Direction:  n n* * * * * *  n*  n* * * * *  n* * *  n*  n n n*  n n n n n n n*  n n*  n*  n n n*  n n*  n n n*  n n n* *  n n*  n* *  n n*  n n n n* *  n n n n* * * *  n n n n* *  n n* * *  n* *  n*  n n n* * * * *  n* * * * *  n n* * *  n n* *  n n* * *  n n* * *  n* * *  n n* *  n n n*  n n*  n n n n* * * *  n n n n n*  n n n n n*  n n*  n n n* *  n* * * * *  n*  n* * * *  n n* *  n* *  n n*  n n n n* * * 

38.8: Count:   0.0 (  0.0) A:  10.4 [10-13] B:  15.3 [10-22] Phase: 137 ( 6.15) Direction:  nPhase: 125 ( 3.63) Direction:  nPhase: 134 ( 7.08) Direction:  nPhase: 137 ( 6.34) Direction:  nPhase: 135 ( 5.86) Direction:  nPhase: 138 ( 5.21) Direction:  nPhase: 138 ( 5.90) Direction:  nPhase: 136 ( 6.00) Direction:  n
Phase: {0,0,0,0,0,0,0,0,0,0,0,0,0,0,0,0,0,0,0,0,0,0,0,0,0,0,0,0,0,0,0,0,0,0,0,0,0,0,0,0,0,0,0,0,0,0,0,0,0,0,0,0,0,0,0,0,0,0,0,0,0,0,0,0,0,0,0,0,0,0,0,0,0,0,0,0,0,0,0,0,0,0,0,0,0,0,0,0,0,0,0,0,0,0,0,0,0,0,0,0,0,0,0,0,0,0,0,0,0,0,0,0,0,0,1,0,0,0,0,0,0,13,48,13,23,19,21,32,58,61,24,32,40,46,13,104,47,47,133,60,43,50,21,22,46,30,22,15,2,0,22,0,0,0,0,0,0,0,19,0,0,15,0,0,0,15,0,0,0,0,0,0,0,0,0,0,0,0,0,0,0,0,0,0,0,0,0,0,0,0,0,0,0,0,0,0,0,0,0,0,0,0,0,0,0,0,0,0,0,0,0,0,0,0,0,0,0,0,0,0,0,0,0,0,0,0,0,0,0,0,0,0,0,0,0,0,0,0,0,0,0,0,0,0,0,0,0,0,0,0,0,0,0,0,0,0,0,0,0,0,0,0,0,0,0,0,0,0,0,0,0,0,0,0,0,0,0,0,0,0,0,0,0,0,0,0,0,0,0,0,0,0,0,0,0,0,0,0,0,0,0,0,0,0,0,0,0,0,0,0,0,0,0,0,0,0,0,0,0,0,0,0,0,0,0,0,0,0,0,0,0,0,0,0,0,0,0,0,0,0,0,0,0,0,0,0,0,0,0,0,0,0,0,0,0,0,0,0,0,0}
Count:   0.0   0.0   0.0   0.0   0.0   0.0   0.0   0.0   0.0   0.0   0.0   0.1   0.0   0.0   0.0   0.0   0.1   0.1   0.1   0.0   0.0   0.0   0.1   0.0   0.0   0.0   0.1   0.0   0.0   0.0   0.0   0.1   0.1   0.1   0.1   0.1   0.0   0.1   0.0   0.0   0.1   0.0   0.0   0.0   0.1   0.2   0.0   0.0   0.0   0.1   0.1   0.0   0.1   0.0   0.0   0.0   0.0   0.0   0.0   0.0   0.0   0.0   0.0   0.0   0.1   0.0   0.0   0.0   0.0   0.0   0.0   0.1   0.0   0.0   0.0   0.0   0.1   0.0   0.1   0.1   0.0   0.0   0.0   0.0   0.0   0.1   0.1   0.0   0.0   0.0   0.0   0.0   0.1   0.1   0.0   0.0   0.0   0.0   0.0   0.0   0.0   0.0   0.1   0.0   0.0   0.1   0.0   0.0   0.1   0.1   0.0   0.0   0.0   0.0   0.0   0.1   0.0   0.0   0.0   0.0   0.0   0.0   0.1   0.0   0.0   0.0   0.1   0.0   0.1   0.0   0.0   0.1   0.0   0.1   0.0   0.0   0.1   0.0   0.0   0.0   0.0   0.0   0.0   0.1   0.0   0.0   0.0   0.0   0.1   0.0   0.1   0.1   0.0   0.0   0.1   0.0   0.1   0.1   0.0   0.0   0.0   0.1   0.0   0.0   0.0   0.0   0.0   0.1   0.0   0.2   0.0   0.1   0.0   0.1   0.0   0.0   0.1   0.1   0.0   0.0   0.1   0.0   0.1   0.0   0.0   0.0   0.1   0.1   0.0   0.0   0.0   0.0   0.0   0.0   0.0   0.0   0.0   0.0   0.0   0.0 
B: * * * * * * * * * * * 18.0 * * * * 16.0 15.0 16.0 * * * 14.4 * * * 17.0 * 19.0 13.0 14.7 11.2 13.1 11.4 12.3 15.7 * 19.7 * 17.1 16.0 13.0 * 18.0 15.3 15.0 * 16.0 * 16.0 14.0 * 18.0 14.0 * 14.0 * * 17.0 18.0 * * * * 14.5 17.0 16.0 16.0 22.0 * 15.1 13.1 * 17.0 18.0 * 18.0 * 17.0 14.0 12.0 * * * 16.0 16.0 15.0 * * * * * 16.0 16.0 18.5 * * * * * * * 15.0 * * 16.0 18.5 * 16.0 13.0 * * * * * 14.0 * * * 18.0 * * 16.0 * * 17.0 12.5 * 21.0 * * 18.3 21.0 10.0 * * 18.0 * * 16.0 * * * 13.0 13.0 * * * 13.2 17.0 17.4 13.2 16.5 12.0 13.9 * 18.0 11.9 * * * 15.3 * * 10.0 16.0 14.0 15.3 * 15.6 16.0 17.0 13.0 14.0 * * 16.0 19.0 * * 16.0 * 19.0 13.0 * * 14.6 16.5 * 11.0 17.1 15.0 * 13.4 * * * * * 18.0 
Direction: * * * * * * * * * * *  n* * * *  n n n* * *  n* * *  n*  n n n n n n n n*  n*  n n n*  n n n*  n*  n n*  n n*  n* *  n n* * * *  n n n n n*  n n*  n n*  n*  n n n* * *  n n n* * * * *  n n n* * * * * * *  n* *  n n*  n n* * * * *  n* * *  n* *  n* *  n n*  n* *  n n n* *  n* *  n* * *  n n* * *  n n n n n n n*  n n* * *  n* *  n n n n*  n n n n n* *  n n* *  n*  n n* *  n n*  n n n*  n* * * * *  n

38.9: Count:   0.0 (  0.0) A:  10.5 [10-13] B:  14.8 [10-23] Phase: 133 ( 5.82) Direction:  nPhase: 142 ( 4.72) Direction:  nPhase: 135 ( 4.95) Direction:  nPhase: 142 ( 5.33) Direction:  nPhase: 141 ( 5.58) Direction:  nPhase: 136 ( 5.54) Direction:  nPhase: 139 ( 5.29) Direction:  nPhase: 138 ( 5.47) Direction:  n
Phase: {0,0,0,0,0,0,0,0,0,0,0,0,0,0,0,0,0,0,0,0,0,0,0,0,0,0,0,0,0,0,0,0,0,0,0,0,0,0,0,0,0,0,0,0,0,0,0,0,0,0,0,0,0,0,0,0,0,0,0,0,0,0,0,0,0,0,0,0,0,0,0,0,0,0,0,0,0,0,0,0,0,0,0,0,0,0,0,0,0,0,0,0,0,0,0,0,0,0,0,0,0,0,0,0,0,0,0,0,0,0,0,0,0,0,0,0,13,0,13,0,0,0,20,12,46,0,38,41,32,70,24,33,46,37,64,146,65,66,48,96,31,57,111,51,23,11,58,28,7,15,0,1,0,1,1,13,13,11,0,7,0,0,0,0,0,0,0,0,0,0,0,0,0,0,0,0,0,0,0,0,0,0,0,0,0,0,0,0,0,0,0,0,0,0,0,0,0,0,0,0,0,0,0,0,0,0,0,0,0,0,0,0,0,0,0,0,0,0,0,0,0,0,0,0,0,0,0,0,0,0,0,0,0,0,0,0,0,0,0,0,0,0,0,0,0,0,0,0,0,0,0,0,0,0,0,0,0,0,0,0,0,0,0,0,0,0,0,0,0,0,0,0,0,0,0,0,0,0,0,0,0,0,0,0,0,0,0,0,0,0,0,0,0,0,0,0,0,0,0,0,0,0,0,0,0,0,0,0,0,0,0,0,0,0,0,0,0,0,0,0,0,0,0,0,0,0,0,0,0,0,0,0,0,0,0,0,0,0,0,0,0,0,0,0,0,0,0,0,0,0,0,0,0,0,0,0,0,0,0,0}
Count:   0.0   0.0   0.1   0.0   0.0   0.0   0.0   0.0   0.0   0.0   0.1   0.1   0.0   0.0   0.0   0.0   0.0   0.0   0.1   0.1   0.0   0.0   0.1   0.0   0.0   0.0   0.1   0.0   0.0   0.1   0.0   0.1   0.0   0.1   0.1   0.0   0.0   0.1   0.1   0.0   0.0   0.0   0.0   0.0   0.0   0.1   0.1   0.0   0.0   0.1   0.1   0.0   0.1   0.1   0.0   0.1   0.0   0.0   0.1   0.0   0.1   0.0   0.0   0.0   0.1   0.1   0.0   0.0   0.0   0.0   0.0   0.0   0.0   0.1   0.0   0.1   0.1   0.1   0.1   0.0   0.1   0.0   0.0   0.0   0.0   0.0   0.0   0.0   0.0   0.1   0.0   0.1   0.0   0.0   0.0   0.0   0.0   0.1   0.0   0.0   0.0   0.0   0.0   0.0   0.0   0.1   0.0   0.0   0.1   0.1   0.0   0.0   0.0   0.1   0.0   0.0   0.0   0.1   0.0   0.0   0.0   0.0   0.1   0.0   0.0   0.0   0.0   0.1   0.1   0.1   0.0   0.1   0.0   0.0   0.0   0.1   0.0   0.0   0.0   0.0   0.1   0.0   0.1   0.0   0.1   0.0   0.0   0.0   0.0   0.0   0.0   0.0   0.0   0.0   0.0   0.0   0.1   0.1   0.0   0.0   0.0   0.0   0.2   0.0   0.0   0.0   0.0   0.0   0.0   0.0   0.1   0.1   0.0   0.1   0.0   0.0   0.1   0.0   0.1   0.1   0.1   0.0   0.1   0.0   0.0   0.0   0.1   0.1   0.0   0.0   0.0   0.0   0.0   0.0   0.0   0.1   0.0   0.0   0.0   0.0 
B: * 16.0 14.4 21.0 * * * * 14.0 14.0 14.0 12.0 * * 13.0 * * * 13.0 16.5 * * 12.0 * 18.0 * 16.7 16.0 * 14.8 14.0 10.3 * 16.1 15.8 16.0 * 18.5 14.0 10.0 16.0 13.6 13.0 13.0 16.0 16.5 16.0 * 14.5 13.0 13.5 * 14.4 15.0 13.5 14.3 18.0 * 13.5 15.0 14.0 * * * 13.6 18.0 * 18.0 18.0 * 14.0 12.0 14.0 22.0 * 13.0 14.0 17.0 16.0 * 16.6 * * * * * * * * 17.0 13.2 13.8 14.0 * * * * 15.0 * * 15.0 19.0 14.0 * * 12.0 14.0 * 13.0 11.4 12.0 * * 14.5 14.0 * * 20.0 20.0 * * * 17.0 13.5 * 14.0 * 18.6 12.1 14.0 14.0 15.0 15.0 17.5 * 19.0 19.0 * * * 13.0 * 15.5 * 16.0 15.0 * * * 17.0 14.2 * 16.0 * * * 16.0 14.9 * * * 18.0 14.7 14.0 * * * 17.0 * * 13.9 11.0 * 16.0 * * 11.0 13.0 16.5 17.6 11.1 * 13.5 * * 14.0 13.0 12.5 * * 14.0 15.0 20.0 * * 14.2 16.6 * 11.0 11.5 
Direction: *  n n n* * * *  n n n n* *  n* * *  n n* *  n*  n*  n n*  n n n*  n n n*  n n n n n n n n n n*  n n n*  n n n n n*  n n n* * *  n n*  n n*  n n n n*  n n n n*  n* * * * * * * *  n n n n* * * *  n* *  n n n* *  n n*  n n n* *  n n* *  n n* * *  n n*  n*  n n n n n n n*  n n* * *  n*  n*  n n* * *  n n*  n* * *  n n* * *  n n n* * *  n* *  n n*  n* *  n n n n n*  n* *  n n n* *  n n n* *  n n*  n n

39.0: Count:   0.0 (  0.0) A:  10.5 [10-13] B:  15.2 [10-21] Phase: 138 ( 7.23) Direction:  nPhase: 127 ( 6.09) Direction:  nPhase: 133 ( 6.52) Direction:  nPhase: 133 ( 9.03) Direction:  nPhase: 135 (11.15) Direction:  nPhase: 136 ( 8.12) Direction:  nPhase: 135 (11.54) Direction:  nPhase: 134 ( 8.06) Direction:  n
Phase: {0,0,0,0,0,0,0,0,0,0,0,0,0,0,0,0,0,0,0,0,0,0,0,0,0,0,0,0,0,0,0,0,0,0,0,0,0,0,0,0,0,0,0,0,0,0,0,0,0,0,0,0,0,0,0,0,0,0,0,0,0,0,0,0,0,0,0,0,0,0,0,0,0,0,0,0,0,0,0,0,0,0,0,0,0,0,0,0,0,0,0,0,0,0,0,0,0,0,0,0,0,0,0,0,0,0,0,0,0,0,0,0,0,0,0,0,0,0,0,0,0,8,24,25,1,0,73,70,40,77,18,69,66,11,60,122,39,36,63,43,36,140,17,70,39,33,29,20,36,15,0,0,0,0,11,0,13,5,0,0,0,0,0,0,13,0,0,0,0,7,0,0,0,0,0,0,0,0,0,0,0,0,0,0,0,0,0,0,0,0,0,0,0,0,0,0,0,0,0,0,0,0,0,0,0,0,0,0,0,0,0,0,0,0,0,0,0,0,0,0,0,0,0,0,0,0,0,0,0,0,0,0,0,0,0,0,0,0,0,0,0,0,0,0,0,0,0,0,0,0,0,0,0,0,0,0,0,0,0,0,0,0,0,0,0,0,0,0,0,0,0,0,0,0,0,0,0,0,0,0,0,0,0,0,0,0,0,0,0,0,0,0,0,0,0,0,0,0,0,0,0,0,0,0,0,0,0,0,0,0,0,0,0,0,0,0,0,0,0,0,0,0,0,0,0,0,0,0,0,0,0,0,0,0,0,0,0,0,0,0,0,0,0,0,0,0,0,0,0,0,0,0,0,0,0,0,0,0,0,0}
Count:   0.0   0.0   0.0   0.0   0.0   0.0   0.0   0.0   0.0   0.0   0.0   0.0   0.0   0.0   0.0   0.1   0.1   0.1   0.0   0.0   0.1   0.1   0.0   0.0   0.0   0.1   0.1   0.0   0.0   0.1   0.0   0.0   0.0   0.1   0.0   0.0   0.1   0.0   0.0   0.0   0.2   0.0   0.0   0.1   0.0   0.0   0.1   0.0   0.0   0.0   0.0   0.0   0.0   0.1   0.1   0.0   0.0   0.0   0.0   0.1   0.1   0.1   0.0   0.0   0.1   0.0   0.0   0.1   0.0   0.1   0.0   0.1   0.1   0.1   0.1   0.1   0.1   0.0   0.1   0.1   0.0   0.0   0.0   0.0   0.0   0.1   0.0   0.0   0.0   0.1   0.1   0.0   0.0   0.0   0.0   0.0   0.1   0.1   0.1   0.0   0.1   0.0   0.0   0.0   0.0   0.1   0.1   0.0   0.1   0.0   0.0   0.1   0.0   0.0   0.0   0.0   0.0   0.0   0.0   0.0   0.0   0.0   0.0   0.0   0.0   0.0   0.1   0.0   0.0   0.0   0.0   0.0   0.0   0.1   0.1   0.0   0.1   0.0   0.0   0.1   0.1   0.1   0.1   0.0   0.0   0.0   0.0   0.1   0.0   0.0   0.0   0.0   0.1   0.1   0.0   0.0   0.0   0.0   0.0   0.1   0.0   0.0   0.0   0.0   0.1   0.0   0.0   0.0   0.1   0.1   0.0   0.0   0.0   0.0   0.0   0.0   0.1   0.0   0.0   0.1   0.0   0.0   0.0   0.1   0.0   0.0   0.0   0.0   0.0   0.0   0.0   0.0   0.0   0.1   0.0   0.0   0.0   0.0   0.0   0.0 
B: * * * * * * 15.0 * * * * * * * * 15.0 14.5 11.0 * * 14.5 15.3 16.0 16.0 12.0 14.0 18.0 17.0 * 13.0 19.0 13.3 15.0 16.3 * * 13.6 16.0 16.0 * 16.5 10.6 * 19.6 12.0 16.0 18.6 14.2 * * * 17.0 15.0 15.3 14.0 15.0 17.0 11.0 14.0 14.0 13.0 16.5 15.0 13.0 13.7 12.0 * 16.5 * 15.0 14.3 13.4 14.0 15.0 18.0 18.0 14.0 * 15.8 17.2 * * * * * 18.0 * 13.0 21.0 15.0 12.0 18.0 12.0 10.0 15.0 15.0 16.0 16.0 17.2 * 13.7 * * * 17.0 17.0 16.0 * 16.5 14.0 13.0 15.2 16.0 13.0 * * 16.0 * * * * 19.0 * * * * 13.0 * * * * 12.0 * 13.0 19.5 17.0 18.0 * * 17.5 17.0 16.0 16.0 * * 10.0 * 11.5 * * 15.0 14.5 11.6 13.0 19.4 12.5 10.0 13.0 13.0 13.4 14.0 * * * 14.0 11.0 11.0 * 16.0 15.1 * 17.0 * 17.0 17.0 * 17.0 17.0 17.0 12.0 * * 20.0 15.5 14.0 11.0 11.0 * 19.4 11.0 16.0 * 16.0 14.2 19.0 15.6 * * 14.0 * 
Direction: * * * * * *  n* * * * * * * *  n n n* *  n n n n n n n n*  n n n n n* *  n n n*  n n*  n n n n n* * *  n n n n n n n n n n n n n n n*  n*  n n n n n n n n*  n n* * * * *  n*  n n n n n n n n n n n n*  n* * *  n n n*  n n n n n n* *  n* * * *  n* * * *  n* * * *  n*  n n n n* *  n n n n* *  n*  n* *  n n n n n n n n n n n* * *  n n n*  n n*  n*  n n*  n n n n* *  n n n n n*  n n n*  n n n n* *  n* 

39.1: Count:   0.0 (  0.0) A:  10.6 [10-13] B:  15.4 [10-22] Phase: 135 ( 5.64) Direction:  nPhase: 126 ( 3.01) Direction:  nPhase: 128 ( 2.84) Direction:  nPhase: 137 ( 3.07) Direction:  nPhase: 138 ( 3.30) Direction:  nPhase: 139 ( 3.83) Direction:  nPhase: 137 ( 3.61) Direction:  nPhase: 146 ( 3.61) Direction:  n
Phase: {0,0,0,0,0,0,0,0,0,0,0,0,0,0,0,0,0,0,0,0,0,0,0,0,0,0,0,0,0,0,0,0,0,0,0,0,0,0,0,0,0,0,0,0,0,0,0,0,0,0,0,0,0,0,0,0,0,0,0,0,0,0,0,0,0,0,0,0,0,0,0,0,0,0,0,0,0,0,0,0,0,0,0,0,0,0,0,0,0,0,0,0,0,0,0,0,0,0,0,0,0,0,0,0,0,0,0,0,0,0,0,0,0,0,0,0,0,13,15,0,17,5,0,0,27,16,2,26,50,63,76,46,44,27,62,134,81,67,97,93,68,74,24,28,15,36,32,38,45,0,1,0,0,8,0,0,0,0,0,7,0,0,0,0,0,0,0,0,0,0,0,0,0,0,0,0,0,0,0,0,0,0,0,0,0,0,0,0,0,0,0,0,0,0,0,0,0,0,0,0,0,0,0,0,0,0,0,0,0,0,0,0,0,0,0,0,0,0,0,0,0,0,0,0,0,0,0,0,0,0,0,0,0,0,0,0,0,0,0,0,0,0,0,0,0,0,0,0,0,0,0,0,0,0,0,0,0,0,0,0,0,0,0,0,0,0,0,0,0,0,0,0,0,0,0,0,0,0,0,0,0,0,0,0,0,0,0,0,0,0,0,0,0,0,0,0,0,0,0,0,0,0,0,0,0,0,0,0,0,0,0,0,0,0,0,0,0,0,0,0,0,0,0,0,0,0,0,0,0,0,0,0,0,0,0,0,0,0,0,0,0,0,0,0,0,0,0,0,0,0,0,0,0,0,0,0,0,0,0,0}
Count:   0.0   0.0   0.0   0.0   0.0   0.1   0.0   0.0   0.0   0.0   0.0   0.0   0.0   0.0   0.0   0.0   0.0   0.1   0.1   0.1   0.1   0.0   0.0   0.0   0.0   0.0   0.0   0.1   0.0   0.0   0.0   0.0   0.1   0.1   0.1   0.1   0.0   0.0   0.0   0.0   0.0   0.0   0.0   0.1   0.1   0.1   0.1   0.0   0.0   0.1   0.0   0.0   0.0   0.1   0.0   0.1   0.0   0.0   0.1   0.0   0.1   0.1   0.0   0.1   0.0   0.0   0.0   0.0   0.0   0.1   0.0   0.0   0.0   0.0   0.0   0.1   0.0   0.0   0.0   0.1   0.0   0.1   0.0   0.1   0.1   0.1   0.0   0.0   0.0   0.1   0.1   0.1   0.0   0.0   0.0   0.1   0.1   0.1   0.1   0.0   0.1   0.1   0.0   0.0   0.1   0.1   0.1   0.0   0.1   0.1   0.0   0.1   0.0   0.0   0.0   0.0   0.0   0.0   0.1   0.1   0.0   0.0   0.0   0.0   0.1   0.1   0.0   0.0   0.0   0.0   0.0   0.0   0.0   0.1   0.1   0.0   0.1   0.0   0.0   0.1   0.0   0.1   0.0   0.0   0.1   0.0   0.0   0.1   0.0   0.0   0.0   0.0   0.0   0.1   0.0   0.0   0.0   0.0   0.1   0.1   0.1   0.0   0.1   0.0   0.0   0.0   0.1   0.0   0.0   0.0   0.0   0.0   0.0   0.0   0.0   0.0   0.1   0.0   0.0   0.0   0.1   0.0   0.0   0.0   0.0   0.0   0.0   0.1   0.1   0.1   0.0   0.0   0.0   0.0   0.1   0.1   0.1   0.0   0.0   0.0 
B: * * 14.0 * 12.0 16.0 * * * * * * * * * * * 17.0 16.0 17.5 13.0 * * * 16.0 18.0 * 16.1 * * 16.6 19.0 17.5 12.0 16.3 20.0 * 18.0 * * * 13.0 12.0 13.3 15.5 14.9 16.7 11.0 19.0 19.0 * 18.0 17.0 13.0 11.0 16.0 * * 12.3 * 18.0 12.0 * 14.0 * * * * 15.0 17.5 17.5 * * * 18.0 12.0 12.0 * 15.0 15.0 * 14.0 14.0 14.8 19.7 17.4 16.0 14.0 17.0 19.0 13.2 15.1 12.5 22.0 * 20.0 15.9 12.7 15.7 21.0 14.5 16.0 * 15.0 13.0 14.0 13.5 * 11.3 14.0 * 14.1 12.0 * * * 13.0 * 18.0 11.7 * 17.0 * * 16.2 14.0 13.0 * 15.0 * * * * 11.0 17.5 * 15.0 * * 18.0 18.0 17.4 19.0 * 18.0 16.0 * 13.0 13.0 * 15.5 10.5 17.5 20.0 16.8 * 14.0 * 14.5 16.2 16.0 12.0 15.0 * * * 12.5 * 12.0 * * * * 16.0 16.0 * 14.0 15.0 15.0 * 16.0 * 16.0 16.0 * * * 15.0 15.8 18.0 * * * 12.4 17.3 13.3 15.9 14.0 16.0 16.0 
Direction: * *  n*  n n* * * * * * * * * * *  n n n n* * *  n n*  n* *  n n n n n n*  n* * *  n n n n n n n n n*  n n n n n* *  n*  n n*  n* * * *  n n n* * *  n n n*  n n*  n n n n n n n n n n n n n*  n n n n n n n*  n n n n*  n n*  n n* * *  n*  n n*  n* *  n n n*  n* * * *  n n*  n* *  n n n n*  n n*  n n*  n n n n n*  n*  n n n n n* * *  n*  n* * * *  n n*  n n n*  n*  n n* * *  n n n* * *  n n n n n n n

39.2: Count:   0.0 (  0.0) A:  10.6 [10-14] B:  15.8 [10-23] Phase: 132 ( 5.13) Direction:  nPhase: 135 ( 3.98) Direction:  nPhase: 147 ( 3.37) Direction:  nPhase: 139 ( 3.80) Direction:  nPhase: 139 ( 5.13) Direction:  nPhase: 136 ( 5.36) Direction:  nPhase: 135 ( 5.34) Direction:  nPhase: 135 ( 5.31) Direction:  n
Phase: {0,0,0,0,0,0,0,0,0,0,0,0,0,0,0,0,0,0,0,0,0,0,0,0,0,0,0,0,0,0,0,0,0,0,0,0,0,0,0,0,0,0,0,0,0,0,0,0,0,0,0,0,0,0,0,0,0,0,0,0,0,0,0,0,0,0,0,0,0,0,0,0,0,0,0,0,0,0,0,0,0,0,0,0,0,0,0,0,0,0,0,0,0,0,0,0,0,0,0,0,0,0,0,0,0,0,0,0,0,0,0,0,0,0,0,0,0,0,15,0,17,0,18,0,46,33,14,52,35,44,9,74,99,58,61,159,43,20,53,74,25,47,29,5,37,0,36,50,5,12,7,5,0,0,0,0,0,0,0,0,3,0,0,0,0,0,0,0,0,0,0,0,0,0,0,0,0,0,0,0,0,0,0,0,0,0,0,0,0,0,0,0,0,0,0,0,0,0,0,0,0,0,0,0,0,0,0,0,0,0,0,0,0,0,0,0,0,0,0,0,0,0,0,0,0,0,0,0,0,0,0,0,0,0,0,0,0,0,0,0,0,0,0,0,0,0,0,0,0,0,0,0,0,0,0,0,0,0,0,0,0,0,0,0,0,0,0,0,0,0,0,0,0,0,0,0,0,0,0,0,0,0,0,0,0,0,0,0,0,0,0,0,0,0,0,0,0,0,0,0,0,0,0,0,0,0,0,0,0,0,0,0,0,0,0,0,0,0,0,0,0,0,0,0,0,0,0,0,0,0,0,0,0,0,0,0,0,0,0,0,0,0,0,0,0,0,0,0,0,0,0,0,0,0,0,0,0,0,0,0}
Count:   0.0   0.0   0.0   0.0   0.0   0.0   0.0   0.0   0.0   0.1   0.0   0.0   0.0   0.0   0.0   0.0   0.0   0.0   0.0   0.0   0.0   0.0   0.0   0.0   0.0   0.0   0.0   0.1   0.0   0.0   0.0   0.2   0.0   0.0   0.1   0.1   0.0   0.0   0.0   0.0   0.0   0.0   0.0   0.0   0.0   0.1   0.1   0.0   0.0   0.1   0.0   0.0   0.0   0.0   0.2   0.1   0.0   0.0   0.0   0.0   0.0   0.0   0.0   0.1   0.1   0.0   0.1   0.1   0.0   0.1   0.0   0.0   0.0   0.1   0.1   0.1   0.0   0.0   0.0   0.0   0.0   0.0   0.0   0.0   0.1   0.1   0.0   0.0   0.0   0.1   0.0   0.0   0.0   0.1   0.0   0.1   0.1   0.0   0.1   0.2   0.0   0.0   0.0   0.0   0.0   0.2   0.0   0.0   0.0   0.0   0.0   0.1   0.0   0.1   0.1   0.1   0.0   0.1   0.0   0.0   0.0   0.0   0.0   0.0   0.0   0.1   0.0   0.0   0.0   0.0   0.0   0.0   0.1   0.0   0.1   0.0   0.0   0.0   0.0   0.2   0.0   0.1   0.0   0.0   0.0   0.0   0.1   0.1   0.1   0.0   0.0   0.0   0.0   0.1   0.0   0.1   0.0   0.1   0.1   0.0   0.0   0.0   0.0   0.0   0.0   0.0   0.0   0.0   0.0   0.0   0.0   0.0   0.0   0.1   0.0   0.0   0.0   0.0   0.0   0.0   0.0   0.0   0.1   0.0   0.0   0.0   0.0   0.0   0.0   0.1   0.0   0.0   0.0   0.0   0.1   0.0   0.0   0.1   0.1   0.0 
B: * * * 17.0 * * * * * 15.0 * * * * * 18.0 * * * * * * * * 16.0 14.0 * 13.8 * 14.0 20.0 14.6 16.0 * 14.0 15.1 * 14.0 * * * 15.0 17.0 13.4 * 14.9 17.7 12.0 17.0 17.0 * 13.0 14.0 * 17.0 16.5 * * * * * * * 17.0 15.5 19.0 12.7 18.5 * 11.0 11.0 * * 15.0 16.0 15.0 * * * * * * * * 17.0 13.6 14.0 16.0 12.0 16.0 * 17.5 * 18.1 19.0 18.0 13.9 * 15.2 15.7 15.0 * * 15.0 12.0 13.5 * * * 10.0 * 16.0 16.0 11.0 14.7 13.0 13.0 11.0 * * * 18.0 * 15.0 16.0 21.0 21.0 * 14.5 * * * 23.0 * 20.0 14.0 * * * 15.2 16.0 16.4 17.0 * * 16.0 16.5 13.0 13.3 * 15.0 * 17.0 13.0 13.0 17.0 * 17.8 17.2 * * 16.0 * * * * 17.0 12.0 * * * 17.0 17.0 17.1 15.0 * * * * * * * 16.5 * * * * * * 17.0 * 14.4 16.0 * 16.0 18.9 * 16.5 18.2 15.0 
Direction: * * *  n* * * * *  n* * * * *  n* * * * * * * *  n n*  n*  n n n n*  n n*  n* * *  n n n*  n n n n n*  n n*  n n* * * * * * *  n n n n n*  n n* *  n n n* * * * * * * *  n n n n n n*  n*  n n n n*  n n n* *  n n n* * *  n*  n n n n n n n* * *  n*  n n n n*  n* * *  n*  n n* * *  n n n n* *  n n n n*  n*  n n n n*  n n* *  n* * * *  n n* * *  n n n n* * * * * * *  n* * * * * *  n*  n n*  n n*  n n n

39.3: Count:   0.0 (  0.0) A:  10.6 [10-12] B:  15.0 [10-21] Phase: 134 ( 5.39) Direction:  nPhase: 135 ( 5.31) Direction:  nPhase: 135 ( 4.79) Direction:  nPhase: 132 ( 4.69) Direction:  nPhase: 136 ( 5.12) Direction:  nPhase: 130 ( 5.02) Direction:  nPhase: 132 ( 5.00) Direction:  nPhase: 131 ( 5.21) Direction:  n
Phase: {0,0,0,0,0,0,0,0,0,0,0,0,0,0,0,0,0,0,0,0,0,0,0,0,0,0,0,0,0,0,0,0,0,0,0,0,0,0,0,0,0,0,0,0,0,0,0,0,0,0,0,0,0,0,0,0,0,0,0,0,0,0,0,0,0,0,0,0,0,0,0,0,0,0,0,0,0,0,0,0,0,0,0,0,0,0,0,0,0,0,0,0,0,0,0,0,0,0,0,0,0,0,0,0,0,0,0,0,0,0,0,0,0,0,0,0,0,0,14,6,0,0,31,4,0,11,31,49,48,24,67,41,89,72,34,126,66,22,55,61,42,5,45,26,16,22,17,0,1,0,18,0,0,0,0,0,0,0,0,0,0,0,0,0,0,0,0,0,0,0,0,0,0,0,0,0,0,0,0,0,0,0,0,0,0,0,0,0,0,0,0,0,0,0,0,0,0,0,0,0,0,0,0,0,0,0,0,0,0,0,0,0,0,0,0,0,0,0,0,0,0,0,0,0,0,0,0,0,0,0,0,0,0,0,0,0,0,0,0,0,0,0,0,0,0,0,0,0,0,0,0,0,0,0,0,0,0,0,0,0,0,0,0,0,0,0,0,0,0,0,0,0,0,0,0,0,0,0,0,0,0,0,0,0,0,0,0,0,0,0,0,0,0,0,0,0,0,0,0,0,0,0,0,0,0,0,0,0,0,0,0,0,0,0,0,0,0,0,0,0,0,0,0,0,0,0,0,0,0,0,0,0,0,0,0,0,0,0,0,0,0,0,0,0,0,0,0,0,0,0,0,0,0,0,0,0,0,0,0,0}
Count:   0.0   0.0   0.0   0.0   0.0   0.0   0.0   0.0   0.0   0.0   0.0   0.0   0.0   0.0   0.0   0.0   0.0   0.0   0.1   0.1   0.1   0.0   0.0   0.1   0.0   0.0   0.1   0.0   0.0   0.0   0.0   0.0   0.0   0.1   0.0   0.1   0.1   0.0   0.0   0.1   0.0   0.0   0.0   0.0   0.1   0.0   0.0   0.1   0.0   0.1   0.1   0.0   0.0   0.0   0.0   0.0   0.0   0.0   0.0   0.0   0.0   0.0   0.0   0.0   0.1   0.1   0.1   0.0   0.0   0.0   0.1   0.1   0.0   0.0   0.1   0.0   0.0   0.0   0.0   0.1   0.0   0.1   0.0   0.1   0.0   0.0   0.0   0.0   0.0   0.0   0.0   0.1   0.0   0.1   0.0   0.0   0.0   0.0   0.0   0.1   0.0   0.0   0.0   0.0   0.0   0.0   0.0   0.0   0.0   0.0   0.0   0.1   0.0   0.0   0.0   0.1   0.1   0.1   0.0   0.0   0.0   0.0   0.0   0.1   0.0   0.1   0.0   0.1   0.0   0.0   0.1   0.0   0.0   0.0   0.0   0.0   0.0   0.0   0.0   0.1   0.1   0.0   0.1   0.0   0.0   0.1   0.1   0.1   0.0   0.0   0.0   0.0   0.0   0.0   0.0   0.0   0.1   0.0   0.1   0.0   0.0   0.0   0.0   0.0   0.1   0.0   0.0   0.0   0.0   0.1   0.0   0.1   0.0   0.0   0.0   0.0   0.0   0.0   0.0   0.0   0.0   0.0   0.0   0.0   0.1   0.0   0.0   0.0   0.1   0.0   0.1   0.0   0.0   0.0   0.0   0.0   0.0   0.0   0.1   0.1 
B: 16.0 * * * 16.0 * * * * * * * * * * * * 17.0 18.6 15.5 13.0 * * 16.3 14.0 18.0 12.4 21.0 * * 15.0 15.0 * 15.0 16.0 16.0 14.1 15.2 15.0 16.5 * * 14.4 11.2 13.9 14.3 14.2 15.2 13.0 13.0 16.0 16.0 15.0 * * * * * * * * * * * 13.5 12.0 16.0 * * * 13.5 19.0 19.0 * 18.0 14.0 * * * 13.0 * 18.0 * 13.0 * * * * * * 11.0 15.0 15.2 13.7 13.0 * * * 17.0 15.4 * * * * * * * 13.0 * * 17.5 13.2 * * * 21.0 15.3 12.0 12.0 * * 18.0 * 17.0 17.0 11.0 18.0 15.2 * * 13.0 * 15.0 * * * * 12.0 19.0 16.0 15.2 13.0 17.0 * 16.5 13.7 16.1 18.0 16.0 18.0 * 14.0 * * 15.6 * 16.5 16.6 18.0 * * * * * 15.0 * * * * 15.4 * 13.0 10.0 * * * * 17.0 * * * * * * 13.0 * * * 12.0 15.0 16.5 14.0 13.0 17.0 14.0 * 16.0 * 10.5 16.0 
Direction:  n* * *  n* * * * * * * * * * * *  n n n n* *  n n n n n* *  n n*  n n n n n n n* *  n n n n n n n n n n n* * * * * * * * * * *  n n n* * *  n n n*  n n* * *  n*  n*  n* * * * * *  n n n n n* * *  n n* * * * * * *  n* *  n n* * *  n n n n* *  n*  n n n n n* *  n*  n* * * *  n n n n n n*  n n n n n n*  n* *  n*  n n n* * * * *  n* * * *  n*  n n* * * *  n* * * * * *  n* * *  n n n n n n n*  n*  n n

39.4: Count:   0.0 (  0.0) A:  10.4 [10-12] B:  15.2 [10-21] Phase: 135 ( 7.23) Direction:  nPhase: 125 ( 4.09) Direction:  nPhase: 135 ( 3.28) Direction:  nPhase: 135 ( 3.34) Direction:  nPhase: 135 ( 3.42) Direction:  nPhase: 135 ( 3.45) Direction:  nPhase: 135 ( 3.34) Direction:  nPhase: 135 ( 3.23) Direction:  n
Phase: {0,0,0,0,0,0,0,0,0,0,0,0,0,0,0,0,0,0,0,0,0,0,0,0,0,0,0,0,0,0,0,0,0,0,0,0,0,0,0,0,0,0,0,0,0,0,0,0,0,0,0,0,0,0,0,0,0,0,0,0,0,0,0,0,0,0,0,0,0,0,0,0,0,0,0,0,0,0,0,0,0,0,0,0,0,0,0,0,0,0,0,0,0,0,0,0,0,0,0,0,0,0,0,0,0,0,0,0,0,15,0,0,0,0,0,0,0,0,3,0,15,5,1,13,53,29,37,45,47,18,51,20,103,73,11,98,25,62,47,72,19,37,5,53,13,25,17,0,0,0,19,5,11,0,0,0,7,0,32,0,0,0,0,0,0,0,0,0,0,0,0,0,0,0,0,0,0,0,0,0,0,0,0,0,0,0,0,0,0,0,0,0,0,0,0,0,0,0,0,0,0,0,0,0,0,0,0,0,0,0,0,0,0,0,0,0,0,0,0,0,0,0,0,0,0,0,0,0,0,0,0,0,0,0,0,0,0,0,0,0,0,0,0,0,0,0,0,0,0,0,0,0,0,0,0,0,0,0,0,0,0,0,0,0,0,0,0,0,0,0,0,0,0,0,0,0,0,0,0,0,0,0,0,0,0,0,0,0,0,0,0,0,0,0,0,0,0,0,0,0,0,0,0,0,0,0,0,0,0,0,0,0,0,0,0,0,0,0,0,0,0,0,0,0,0,0,0,0,0,0,0,0,0,0,0,0,0,0,0,0,0,0,0,0,0,0,0,0,0,0,0,0,0,0,0,0,0,0,0,0}
Count:   0.1   0.0   0.0   0.0   0.0   0.0   0.0   0.0   0.0   0.0   0.0   0.0   0.0   0.1   0.1   0.0   0.0   0.0   0.1   0.1   0.0   0.0   0.0   0.0   0.1   0.1   0.0   0.1   0.1   0.0   0.0   0.1   0.0   0.1   0.0   0.1   0.1   0.0   0.0   0.1   0.0   0.1   0.0   0.1   0.0   0.0   0.1   0.0   0.0   0.0   0.0   0.1   0.0   0.0   0.0   0.0   0.0   0.0   0.0   0.0   0.1   0.0   0.1   0.0   0.0   0.1   0.0   0.0   0.0   0.0   0.1   0.1   0.0   0.0   0.1   0.1   0.0   0.0   0.0   0.0   0.0   0.1   0.0   0.0   0.1   0.0   0.1   0.0   0.0   0.1   0.0   0.0   0.0   0.0   0.0   0.0   0.0   0.0   0.0   0.1   0.0   0.0   0.0   0.0   0.0   0.1   0.0   0.0   0.0   0.1   0.1   0.0   0.0   0.0   0.0   0.1   0.0   0.0   0.0   0.0   0.0   0.0   0.0   0.0   0.1   0.0   0.0   0.0   0.0   0.0   0.1   0.0   0.0   0.1   0.0   0.0   0.0   0.1   0.1   0.0   0.0   0.0   0.0   0.0   0.0   0.1   0.0   0.1   0.0   0.0   0.0   0.0   0.0   0.0   0.0   0.0   0.1   0.0   0.0   0.1   0.0   0.0   0.1   0.1   0.0   0.0   0.1   0.0   0.0   0.1   0.0   0.0   0.0   0.0   0.0   0.0   0.0   0.0   0.1   0.0   0.0   0.0   0.0   0.0   0.0   0.0   0.0   0.0   0.0   0.0   0.0   0.0   0.0   0.0   0.1   0.0   0.1   0.0   0.0   0.0 
B: 11.0 * * 15.0 16.5 * * * * * * * * 20.0 15.0 * * 15.0 14.3 17.0 * * * * 13.5 13.0 12.0 14.3 15.2 13.5 * 16.3 * 14.0 * 14.5 17.0 * 12.5 18.0 * 15.5 * 19.0 18.2 * 15.7 * * 14.0 * 11.0 * * * 17.0 * * 14.0 * 18.0 * 17.0 16.0 13.0 13.0 * * * * 21.0 12.0 15.0 * 14.5 13.0 13.0 * * * * 14.0 14.0 * 17.0 * 14.0 16.0 * 15.5 14.0 * 14.5 15.0 16.0 * 19.0 * 14.0 14.0 * * * * 20.0 20.0 * * 18.0 13.0 16.0 * * * * 15.0 15.0 * * 16.0 * 19.0 * * 19.0 * 16.0 * * * 14.0 20.0 14.0 14.0 * 19.0 * 14.7 17.5 15.5 17.0 * * 17.8 * 12.9 15.0 18.0 * 15.0 17.5 15.0 * 15.0 15.6 14.0 11.5 10.0 12.0 19.0 11.0 * 17.0 14.0 12.0 * 13.0 * * 13.4 * * * * * * * * 18.0 * * * * * * 14.0 * * 15.0 * 15.0 12.0 * 14.0 16.4 * 12.2 21.0 17.0 14.0 
Direction:  n* *  n n* * * * * * * *  n n* *  n n n* * * *  n n n n n n*  n*  n*  n n*  n n*  n*  n n*  n* *  n*  n* * *  n* *  n*  n*  n n n n* * * *  n n n*  n n n* * * *  n n*  n*  n n*  n n*  n n n*  n*  n n* * * *  n n* *  n n n* * * *  n n* *  n*  n* *  n*  n* * *  n n n n*  n*  n n n n* *  n*  n n n*  n n n*  n n n n n n n n*  n n n*  n* *  n* * * * * * * *  n* * * * * *  n* *  n*  n n*  n n*  n n n n

39.5: Count:   0.0 (  0.0) A:  10.7 [10-13] B:  15.6 [10-22] Phase: 133 ( 4.53) Direction:  nPhase: 146 ( 3.32) Direction:  nPhase: 131 ( 4.94) Direction:  nPhase: 137 ( 4.03) Direction:  nPhase: 134 ( 3.54) Direction:  nPhase: 140 ( 3.42) Direction:  nPhase: 139 ( 3.86) Direction:  nPhase: 140 ( 3.94) Direction:  n
Phase: {0,0,0,0,0,0,0,0,0,0,0,0,0,0,0,0,0,0,0,0,0,0,0,0,0,0,0,0,0,0,0,0,0,0,0,0,0,0,0,0,0,0,0,0,0,0,0,0,0,0,0,0,0,0,0,0,0,0,0,0,0,0,0,0,0,0,0,0,0,0,0,0,0,0,0,0,0,0,0,0,0,0,0,0,0,0,0,0,0,0,0,0,0,0,0,0,0,0,0,0,0,0,0,0,0,0,0,0,0,0,0,0,0,0,18,0,0,0,0,1,0,23,14,25,15,0,7,33,37,33,52,49,128,91,132,61,58,120,95,38,24,23,80,65,18,15,41,3,13,7,4,22,0,0,0,0,0,0,0,0,0,0,0,0,0,0,0,0,0,0,0,0,0,0,0,0,0,0,0,0,0,0,0,0,0,0,0,0,0,0,0,0,0,0,0,0,0,0,0,0,0,0,0,0,0,0,0,0,0,0,0,0,0,0,0,0,0,0,0,0,0,0,0,0,0,0,0,0,0,0,0,0,0,0,0,0,0,0,0,0,0,0,0,0,0,0,0,0,0,0,0,0,0,0,0,0,0,0,0,0,0,0,0,0,0,0,0,0,0,0,0,0,0,0,0,0,0,0,0,0,0,0,0,0,0,0,0,0,0,0,0,0,0,0,0,0,0,0,0,0,0,0,0,0,0,0,0,0,0,0,0,0,0,0,0,0,0,0,0,0,0,0,0,0,0,0,0,0,0,0,0,0,0,0,0,0,0,0,0,0,0,0,0,0,0,0,0,0,0,0,0,0,0,0,0,0,0,0,0,0}
Count:   0.0   0.0   0.0   0.0   0.0   0.0   0.0   0.1   0.0   0.0   0.0   0.1   0.0   0.0   0.0   0.1   0.0   0.0   0.0   0.0   0.1   0.0   0.0   0.1   0.1   0.1   0.0   0.0   0.0   0.0   0.0   0.1   0.0   0.1   0.0   0.1   0.1   0.1   0.0   0.0   0.0   0.0   0.0   0.1   0.0   0.0   0.1   0.1   0.0   0.0   0.1   0.0   0.0   0.0   0.0   0.0   0.0   0.0   0.2   0.0   0.0   0.0   0.0   0.0   0.0   0.0   0.0   0.1   0.1   0.0   0.0   0.1   0.0   0.1   0.0   0.1   0.0   0.1   0.1   0.1   0.0   0.1   0.0   0.0   0.0   0.0   0.0   0.1   0.1   0.1   0.0   0.0   0.1   0.1   0.0   0.1   0.1   0.0   0.0   0.0   0.0   0.1   0.0   0.0   0.0   0.1   0.0   0.0   0.1   0.0   0.0   0.0   0.1   0.0   0.1   0.1   0.0   0.1   0.0   0.1   0.0   0.1   0.0   0.0   0.0   0.0   0.1   0.1   0.0   0.1   0.0   0.0   0.1   0.0   0.0   0.1   0.0   0.1   0.0   0.1   0.0   0.2   0.0   0.0   0.0   0.1   0.0   0.1   0.1   0.0   0.0   0.0   0.0   0.0   0.0   0.1   0.0   0.0   0.0   0.0   0.0   0.0   0.0   0.0   0.0   0.0   0.0   0.0   0.0   0.0   0.1   0.0   0.0   0.0   0.0   0.1   0.1   0.1   0.1   0.0   0.1   0.0   0.1   0.0   0.0   0.0   0.0   0.1   0.1   0.1   0.0   0.0   0.0   0.1   0.0   0.0   0.0   0.1   0.0   0.0 
B: 16.0 19.0 * * * 16.0 * 15.0 21.0 * * 15.0 * * * 17.0 * * 19.0 * 16.0 * * 19.0 13.0 17.6 15.0 15.6 * 14.6 15.0 15.9 20.0 14.0 * 15.5 15.5 16.0 11.0 * * 16.0 * 18.6 * 14.6 19.0 14.8 * * 15.0 * * * * 19.0 * 17.0 16.3 * 15.0 * * * * * * 16.0 15.9 16.0 * 18.0 18.0 15.0 14.0 14.0 * 13.0 17.6 16.0 18.0 12.5 12.0 * * 17.0 15.0 15.6 16.0 18.0 * * 15.0 19.0 13.0 10.0 11.5 * * * * 12.0 15.0 * 16.0 12.2 * * 17.0 * 17.0 * 18.0 * 16.0 15.0 15.0 14.0 14.0 16.0 * 19.2 21.6 13.0 * * 11.0 16.1 18.0 18.0 18.0 * 16.5 * * 15.0 * 16.0 16.0 12.7 14.0 14.4 * * 13.0 17.0 * 16.1 15.1 19.4 16.2 16.0 14.0 * 12.0 18.2 * * * * 13.0 * 14.0 * * * * * 19.0 15.0 15.5 18.0 * * * 13.5 21.0 16.0 17.0 * 11.0 15.0 14.0 * 16.0 14.4 17.6 16.0 16.0 15.0 13.0 17.3 * 16.1 11.0 14.3 11.0 14.4 * * 
Direction:  n n* * *  n*  n n* *  n* * *  n* *  n*  n* *  n n n n n*  n n n n n*  n n n n* *  n*  n*  n n n* *  n* * * *  n*  n n*  n* * * * * *  n n n*  n n n n n*  n n n n n n* *  n n n n n* *  n n n n n* * * *  n n*  n n* *  n*  n*  n*  n n n n n n*  n n n* *  n n n n n*  n* *  n*  n n n n n* *  n n*  n n n n n n*  n n* * * *  n*  n* * * * *  n n n n* * *  n n n n*  n n n*  n n n n n n n n*  n n n n n* * 

39.6: Count:   0.0 (  0.0) A:  10.6 [10-14] B:  15.2 [10-23] Phase: 140 ( 6.05) Direction:  nPhase: 128 ( 2.47) Direction:  nPhase: 142 ( 4.29) Direction:  nPhase: 125 ( 4.41) Direction:  nPhase: 142 ( 3.97) Direction:  nPhase: 139 ( 5.26) Direction:  nPhase: 137 ( 5.21) Direction:  nPhase: 139 ( 5.20) Direction:  n
Phase: {0,0,0,0,0,0,0,0,0,0,0,0,0,0,0,0,0,0,0,0,0,0,0,0,0,0,0,0,0,0,0,0,0,0,0,0,0,0,0,0,0,0,0,0,0,0,0,0,0,0,0,0,0,0,0,0,0,0,0,0,0,0,0,0,0,0,0,0,0,0,0,0,0,0,0,0,0,0,0,0,0,0,0,0,0,0,0,0,0,0,0,0,0,0,0,0,0,0,0,0,0,0,0,0,0,0,0,0,0,0,10,0,0,10,0,0,0,0,0,0,4,35,16,40,18,33,44,89,32,100,42,88,35,77,28,49,20,113,76,125,73,33,72,91,45,27,0,49,21,0,20,0,13,22,0,0,0,0,22,0,0,11,0,0,0,0,0,0,0,0,0,0,0,0,0,0,0,0,0,0,0,0,0,0,0,0,0,0,0,0,0,0,0,0,0,0,0,0,0,0,0,0,0,0,0,0,0,0,0,0,0,0,0,0,0,0,0,0,0,0,0,0,0,0,0,0,0,0,0,0,0,0,0,0,0,0,0,0,0,0,0,0,0,0,0,0,0,0,0,0,0,0,0,0,0,0,0,0,0,0,0,0,0,0,0,0,0,0,0,0,0,0,0,0,0,0,0,0,0,0,0,0,0,0,0,0,0,0,0,0,0,0,0,0,0,0,0,0,0,0,0,0,0,0,0,0,0,0,0,0,0,0,0,0,0,0,0,0,0,0,0,0,0,0,0,0,0,0,0,0,0,0,0,0,0,0,0,0,0,0,0,0,0,0,0,0,0,0,0,0,0,0,0,0,0,0,0,0,0,0}
Count:   0.0   0.0   0.0   0.0   0.0   0.0   0.0   0.0   0.0   0.0   0.0   0.0   0.0   0.0   0.0   0.1   0.0   0.0   0.0   0.0   0.1   0.0   0.0   0.1   0.1   0.1   0.1   0.0   0.0   0.0   0.0   0.1   0.0   0.1   0.0   0.1   0.0   0.0   0.0   0.0   0.0   0.0   0.0   0.1   0.0   0.0   0.1   0.0   0.1   0.0   0.1   0.0   0.0   0.1   0.0   0.0   0.0   0.0   0.1   0.0   0.0   0.0   0.0   0.0   0.1   0.0   0.1   0.0   0.1   0.1   0.0   0.1   0.0   0.0   0.1   0.1   0.1   0.0   0.0   0.0   0.1   0.0   0.0   0.1   0.0   0.1   0.1   0.0   0.1   0.1   0.1   0.0   0.0   0.0   0.1   0.0   0.0   0.1   0.0   0.1   0.1   0.1   0.0   0.0   0.1   0.0   0.1   0.0   0.0   0.1   0.0   0.0   0.2   0.0   0.1   0.1   0.0   0.0   0.1   0.1   0.0   0.1   0.0   0.2   0.0   0.1   0.1   0.0   0.0   0.1   0.1   0.1   0.1   0.0   0.1   0.1   0.0   0.0   0.0   0.0   0.0   0.2   0.0   0.0   0.1   0.1   0.0   0.1   0.0   0.1   0.1   0.0   0.0   0.0   0.1   0.2   0.0   0.0   0.0   0.0   0.0   0.1   0.0   0.1   0.1   0.0   0.0   0.0   0.1   0.0   0.2   0.0   0.1   0.1   0.0   0.0   0.1   0.0   0.1   0.0   0.0   0.0   0.0   0.0   0.0   0.0   0.1   0.0   0.0   0.0   0.0   0.0   0.0   0.1   0.0   0.1   0.0   0.1   0.0   0.0 
B: 12.0 * * * * * * * 19.0 * * * * * 16.0 16.0 17.0 * 16.0 * 16.0 * * 12.3 17.0 12.8 18.2 16.0 18.0 12.4 12.0 15.1 18.0 13.2 16.3 12.0 * * 19.0 15.0 * 12.2 * 18.2 11.0 * 15.4 15.2 11.6 18.0 15.8 * * 22.0 * * * * 17.0 14.0 * * * * 16.0 * 14.0 17.0 16.0 17.0 * 12.0 12.0 20.0 12.8 11.6 17.2 16.0 * * 14.0 * 17.0 17.0 * 14.7 18.6 13.0 13.1 15.5 17.0 * * * 16.0 * * 14.0 13.5 14.0 13.0 11.0 * * 12.0 * 17.0 * * 14.5 13.0 15.0 16.0 * 14.0 16.0 16.0 * 17.0 11.0 * 16.0 16.0 14.5 14.5 18.4 14.3 * 15.0 13.0 15.8 15.0 15.0 * 17.0 16.0 * * * 16.0 * 15.4 16.0 * 14.0 14.7 * 11.0 15.0 16.9 15.2 21.5 17.6 16.0 12.2 17.0 * 12.0 * * 12.0 16.0 * 18.4 11.0 * * * 15.5 * 13.3 * 19.0 16.0 * 16.0 16.3 11.0 14.8 12.0 * * * * * * 15.6 * 13.0 13.0 * * * 16.2 13.7 11.3 13.0 15.2 * 17.0 
Direction:  n* * * * * * *  n* * * * *  n n n*  n*  n* *  n n n n n n n n n n n n n* *  n n*  n*  n n*  n n n n n* *  n* * * *  n n* * * *  n*  n n n n*  n n n n n n n* *  n*  n n*  n n n n n n* * *  n* *  n n n n n* *  n*  n* *  n n n n*  n n n*  n n*  n n n n n n*  n n n n n*  n n* * *  n*  n n*  n n*  n n n n n n n n n*  n* *  n n*  n n* * *  n*  n*  n n*  n n n n n* * * * * *  n*  n n* * *  n n n n n*  n

39.7: Count:   0.0 (  0.0) A:  10.7 [10-13] B:  15.6 [10-23] Phase: 138 ( 5.51) Direction:  nPhase: 130 ( 3.39) Direction:  nPhase: 131 ( 4.34) Direction:  nPhase: 131 ( 4.29) Direction:  nPhase: 138 ( 3.73) Direction:  nPhase: 140 ( 3.32) Direction:  nPhase: 140 ( 3.27) Direction:  nPhase: 139 ( 3.26) Direction:  n
Phase: {0,0,0,0,0,0,0,0,0,0,0,0,0,0,0,0,0,0,0,0,0,0,0,0,0,0,0,0,0,0,0,0,0,0,0,0,0,0,0,0,0,0,0,0,0,0,0,0,0,0,0,0,0,0,0,0,0,0,0,0,0,0,0,0,0,0,0,0,0,0,0,0,0,0,0,0,0,0,0,0,0,0,0,0,0,0,0,0,0,0,0,0,0,0,0,0,0,0,0,0,0,0,0,0,0,0,0,0,0,0,0,0,11,15,7,0,6,18,22,6,0,0,15,2,15,12,26,67,42,67,73,147,105,26,59,93,34,101,140,48,17,30,88,75,2,42,45,2,0,1,14,11,11,0,0,0,0,0,0,0,0,0,0,0,0,0,0,0,0,0,0,0,0,0,0,0,0,0,0,0,0,0,0,0,0,0,0,0,0,0,0,0,0,0,0,0,0,0,0,0,0,0,0,0,0,0,0,0,0,0,0,0,0,0,0,0,0,0,0,0,0,0,0,0,0,0,0,0,0,0,0,0,0,0,0,0,0,0,0,0,0,0,0,0,0,0,0,0,0,0,0,0,0,0,0,0,0,0,0,0,0,0,0,0,0,0,0,0,0,0,0,0,0,0,0,0,0,0,0,0,0,0,0,0,0,0,0,0,0,0,0,0,0,0,0,0,0,0,0,0,0,0,0,0,0,0,0,0,0,0,0,0,0,0,0,0,0,0,0,0,0,0,0,0,0,0,0,0,0,0,0,0,0,0,0,0,0,0,0,0,0,0,0,0,0,0,0,0,0,0,0,0,0,0,0,0,0,0,0,0}
Count:   0.0   0.0   0.0   0.1   0.0   0.0   0.1   0.0   0.0   0.0   0.0   0.0   0.0   0.0   0.0   0.0   0.1   0.0   0.0   0.0   0.1   0.1   0.1   0.0   0.1   0.1   0.1   0.0   0.0   0.0   0.0   0.0   0.1   0.1   0.0   0.0   0.1   0.0   0.0   0.0   0.1   0.0   0.0   0.2   0.0   0.0   0.0   0.0   0.1   0.0   0.1   0.0   0.0   0.1   0.0   0.0   0.0   0.0   0.2   0.0   0.0   0.1   0.0   0.1   0.1   0.0   0.0   0.0   0.0   0.1   0.0   0.0   0.1   0.0   0.1   0.0   0.1   0.1   0.0   0.1   0.0   0.0   0.0   0.1   0.1   0.0   0.1   0.1   0.0   0.1   0.0   0.0   0.0   0.0   0.1   0.0   0.0   0.1   0.0   0.0   0.0   0.0   0.0   0.1   0.0   0.0   0.0   0.0   0.0   0.0   0.0   0.0   0.2   0.0   0.0   0.0   0.0   0.0   0.0   0.0   0.0   0.1   0.0   0.1   0.1   0.1   0.1   0.0   0.0   0.1   0.0   0.0   0.0   0.0   0.0   0.1   0.1   0.1   0.0   0.1   0.0   0.0   0.1   0.0   0.0   0.0   0.0   0.0   0.0   0.1   0.0   0.0   0.1   0.0   0.2   0.1   0.0   0.0   0.0   0.1   0.0   0.1   0.0   0.1   0.1   0.1   0.0   0.0   0.1   0.1   0.1   0.0   0.0   0.0   0.0   0.0   0.1   0.0   0.1   0.0   0.1   0.0   0.0   0.1   0.1   0.0   0.0   0.1   0.0   0.0   0.0   0.0   0.0   0.0   0.0   0.0   0.1   0.0   0.0   0.0 
B: 11.0 15.0 * 17.0 * * 11.0 * * 17.0 17.0 * * * * * 17.3 * 14.0 15.0 16.5 14.0 15.0 22.0 12.0 14.0 20.0 16.1 * * 15.0 14.0 14.0 17.2 15.0 20.0 18.8 19.0 14.0 * 16.0 12.0 22.0 15.9 18.0 19.0 15.0 14.2 18.5 10.0 14.5 * 11.2 12.0 * * 22.0 * 15.4 * * 16.0 * 19.2 19.0 * * 12.0 * 17.0 * * 17.0 * 16.0 * 18.0 18.0 19.2 13.0 * * 17.0 16.2 20.0 * 13.6 13.4 14.0 13.5 16.0 14.0 15.0 16.0 17.8 12.5 15.0 16.0 17.0 * * * 12.0 12.0 * * * 18.0 18.0 18.0 * * 15.6 * 17.0 * * * * 16.0 * 13.0 13.0 17.2 14.1 16.4 13.2 * * 15.0 * 17.0 * * 15.0 16.0 16.0 16.5 16.0 15.0 * 13.0 14.0 15.0 11.0 * * * 14.0 13.6 16.0 16.2 16.1 23.0 16.3 13.0 17.0 15.0 12.0 11.8 10.4 13.0 * 15.0 15.0 16.0 * * 17.5 11.0 17.0 * * * * * 16.0 16.0 13.6 * 13.0 * * 17.0 17.0 * 11.0 20.0 17.0 * 13.7 12.8 * 16.0 12.2 16.0 19.1 15.1 18.0 * 
Direction:  n n*  n* *  n* *  n n* * * * *  n*  n n n n n n n n n n* *  n n n n n n n n n*  n n n n n n n n n n n*  n n* *  n*  n* *  n*  n n* *  n*  n* *  n*  n*  n n n n* *  n n n*  n n n n n n n n n n n n n* * *  n n* * *  n n n* *  n*  n* * * *  n*  n n n n n n* *  n*  n* *  n n n n n n*  n n n n* * *  n n n n n n n n n n n n n n*  n n n* *  n n n* * * * *  n n n*  n* *  n n*  n n n*  n n*  n n n n n n* 

39.8: Count:   0.0 (  0.0) A:  10.6 [10-13] B:  15.0 [10-22] Phase: 137 ( 6.92) Direction:  nPhase: 143 ( 4.43) Direction:  nPhase: 127 ( 5.03) Direction:  nPhase: 128 ( 5.67) Direction:  nPhase: 133 ( 5.80) Direction:  nPhase: 134 ( 5.24) Direction:  nPhase: 133 ( 5.40) Direction:  nPhase: 135 ( 5.61) Direction:  n
Phase: {0,0,0,0,0,0,0,0,0,0,0,0,0,0,0,0,0,0,0,0,0,0,0,0,0,0,0,0,0,0,0,0,0,0,0,0,0,0,0,0,0,0,0,0,0,0,0,0,0,0,0,0,0,0,0,0,0,0,0,0,0,0,0,0,0,0,0,0,0,0,0,0,0,0,0,0,0,0,0,0,0,0,0,0,0,0,0,0,0,0,0,0,0,0,0,0,0,0,0,0,0,0,0,0,0,0,0,13,0,0,0,0,0,0,11,0,0,0,11,11,7,2,14,5,10,7,0,67,86,64,65,46,76,47,73,47,68,51,104,86,35,66,54,65,52,58,22,5,45,0,5,11,0,0,0,0,5,0,0,0,0,0,0,0,0,0,0,0,0,0,0,0,0,0,0,0,0,0,0,0,0,0,0,0,0,0,0,0,0,0,0,0,0,0,0,0,0,0,0,0,0,0,0,0,0,0,0,0,0,0,0,0,0,0,0,0,0,0,0,0,0,0,0,0,0,0,0,0,0,0,0,0,0,0,0,0,0,0,0,0,0,0,0,0,0,0,0,0,0,0,0,0,0,0,0,0,0,0,0,0,0,0,0,0,0,0,0,0,0,0,0,0,0,0,0,0,0,0,0,0,0,0,0,0,0,0,0,0,0,0,0,0,0,0,0,0,0,0,0,0,0,0,0,0,0,0,0,0,0,0,0,0,0,0,0,0,0,0,0,0,0,0,0,0,0,0,0,0,0,0,0,0,0,0,0,0,0,0,0,0,0,0,0,0,0,0,0,0,0,0,0,0,0,0,0,0,0,0,0,0}
Count:   0.1   0.0   0.0   0.0   0.0   0.0   0.0   0.0   0.0   0.0   0.0   0.0   0.0   0.0   0.0   0.0   0.0   0.0   0.0   0.1   0.0   0.0   0.0   0.0   0.1   0.1   0.0   0.1   0.0   0.1   0.0   0.0   0.0   0.1   0.0   0.1   0.1   0.0   0.1   0.0   0.0   0.0   0.0   0.0   0.0   0.1   0.0   0.1   0.0   0.1   0.0   0.1   0.1   0.0   0.1   0.1   0.1   0.0   0.1   0.1   0.1   0.0   0.0   0.1   0.0   0.1   0.0   0.1   0.0   0.0   0.0   0.1   0.0   0.1   0.0   0.1   0.1   0.1   0.0   0.0   0.0   0.0   0.0   0.0   0.1   0.0   0.0   0.0   0.0   0.1   0.0   0.0   0.0   0.1   0.1   0.1   0.0   0.0   0.1   0.1   0.0   0.0   0.0   0.0   0.0   0.1   0.0   0.0   0.0   0.1   0.0   0.1   0.0   0.1   0.0   0.1   0.0   0.0   0.0   0.1   0.0   0.0   0.0   0.1   0.0   0.0   0.0   0.0   0.1   0.0   0.0   0.0   0.0   0.1   0.0   0.1   0.0   0.0   0.0   0.0   0.0   0.0   0.1   0.1   0.0   0.0   0.0   0.0   0.0   0.0   0.0   0.0   0.0   0.1   0.0   0.0   0.0   0.0   0.0   0.0   0.0   0.1   0.1   0.0   0.0   0.1   0.0   0.2   0.0   0.0   0.0   0.1   0.1   0.0   0.0   0.0   0.0   0.0   0.0   0.1   0.0   0.0   0.0   0.0   0.1   0.0   0.0   0.1   0.1   0.1   0.0   0.0   0.0   0.0   0.0   0.0   0.0   0.0   0.1   0.1 
B: 12.0 * * * * * 17.0 * * * * * * * * * * 17.0 * 10.0 16.0 * * * 18.0 13.4 12.8 14.8 15.0 10.9 15.5 12.5 * 16.2 19.0 15.0 13.0 16.8 16.0 * * 13.8 * * 16.6 13.0 17.5 15.8 18.0 16.4 11.3 16.0 17.0 * 15.1 16.0 17.0 * 10.8 16.0 12.0 17.0 * 17.0 * 12.4 18.4 13.0 * * * 13.0 14.8 16.6 * 17.6 14.3 13.2 * * 17.0 * * * 16.0 14.0 * * 16.0 15.4 15.8 14.0 17.0 14.0 17.7 20.0 12.0 * 13.0 13.0 * 16.0 * * 17.3 19.0 * * * 18.0 * 19.0 * 12.7 13.0 17.0 * 15.0 * 19.4 21.0 19.0 14.0 16.0 * 14.0 14.0 13.0 18.0 * * 13.0 * 16.0 * 16.0 * 11.0 * * 20.0 15.0 12.0 18.0 18.0 * * 11.0 19.5 12.0 18.0 18.0 17.0 14.5 * * * * 12.0 * * 14.5 18.0 * 15.0 11.9 15.7 13.8 15.0 * * 12.5 14.0 16.0 16.0 * * * 14.0 15.5 15.0 * * * 21.0 * * 13.0 19.0 13.0 13.0 12.0 12.0 15.0 12.0 * 18.0 14.0 14.5 12.3 
Direction:  n* * * * *  n* * * * * * * * * *  n*  n n* * *  n n n n n n n n*  n n n n n n* *  n* *  n n n n n n n n n*  n n n*  n n n n*  n*  n n n* * *  n n n*  n n n* *  n* * *  n n* *  n n n n n n n n n*  n n*  n* *  n n* * *  n*  n*  n n n*  n*  n n n n n*  n n n n* *  n*  n*  n*  n* *  n n n n n* *  n n n n n n n* * * *  n* *  n n*  n n n n n* *  n n n n* * *  n n n* * *  n* *  n n n n n n n n*  n n n n

39.9: Count:   0.0 (  0.0) A:  10.5 [10-13] B:  15.2 [10-22] Phase: 138 ( 5.99) Direction:  nPhase: 128 ( 3.17) Direction:  nPhase: 119 ( 3.54) Direction:  nPhase: 127 ( 4.07) Direction:  nPhase: 126 ( 4.27) Direction:  nPhase: 128 ( 4.15) Direction:  nPhase: 128 ( 4.34) Direction:  nPhase: 131 ( 4.38) Direction:  n
Phase: {0,0,0,0,0,0,0,0,0,0,0,0,0,0,0,0,0,0,0,0,0,0,0,0,0,0,0,0,0,0,0,0,0,0,0,0,0,0,0,0,0,0,0,0,0,0,0,0,0,0,0,0,0,0,0,0,0,0,0,0,0,0,0,0,0,0,0,0,0,0,0,0,0,0,0,0,0,0,0,0,0,0,0,0,0,0,0,0,0,0,0,0,0,0,0,0,0,0,0,0,0,0,0,0,0,0,0,2,0,0,0,0,0,0,0,0,0,20,1,16,0,15,28,4,5,31,6,41,68,42,56,120,75,37,29,98,21,91,67,77,3,63,25,72,24,41,7,15,14,11,6,16,0,0,0,0,0,0,0,0,0,0,0,0,0,0,0,0,0,0,0,0,0,0,0,0,0,0,0,0,0,0,0,0,0,0,0,0,0,0,0,0,0,0,0,0,0,0,0,0,0,0,0,0,0,0,0,0,0,0,0,0,0,0,0,0,0,0,0,0,0,0,0,0,0,0,0,0,0,0,0,0,0,0,0,0,0,0,0,0,0,0,0,0,0,0,0,0,0,0,0,0,0,0,0,0,0,0,0,0,0,0,0,0,0,0,0,0,0,0,0,0,0,0,0,0,0,0,0,0,0,0,0,0,0,0,0,0,0,0,0,0,0,0,0,0,0,0,0,0,0,0,0,0,0,0,0,0,0,0,0,0,0,0,0,0,0,0,0,0,0,0,0,0,0,0,0,0,0,0,0,0,0,0,0,0,0,0,0,0,0,0,0,0,0,0,0,0,0,0,0,0,0,0,0,0,0,0,0,0}
Count:   0.0   0.0   0.0   0.0   0.0   0.0   0.0   0.0   0.0   0.0   0.0   0.0   0.1   0.0   0.0   0.0   0.0   0.0   0.1   0.1   0.1   0.1   0.0   0.0   0.1   0.1   0.0   0.1   0.0   0.0   0.0   0.1   0.0   0.0   0.0   0.0   0.1   0.0   0.1   0.0   0.1   0.0   0.0   0.0   0.0   0.0   0.0   0.1   0.0   0.2   0.0   0.0   0.2   0.0   0.0   0.1   0.1   0.0   0.0   0.0   0.0   0.0   0.0   0.1   0.0   0.1   0.1   0.0   0.0   0.0   0.0   0.0   0.0   0.1   0.0   0.0   0.1   0.1   0.0   0.0   0.1   0.1   0.0   0.1   0.1   0.0   0.1   0.0   0.0   0.0   0.0   0.0   0.0   0.0   0.0   0.0   0.0   0.0   0.0   0.0   0.0   0.1   0.0   0.0   0.0   0.0   0.0   0.0   0.0   0.1   0.0   0.1   0.0   0.0   0.0   0.1   0.0   0.1   0.1   0.0   0.0   0.0   0.1   0.1   0.0   0.0   0.0   0.0   0.2   0.1   0.0   0.0   0.0   0.1   0.0   0.1   0.0   0.0   0.0   0.0   0.0   0.0   0.0   0.0   0.0   0.0   0.0   0.0   0.0   0.0   0.0   0.0   0.0   0.1   0.1   0.0   0.0   0.0   0.1   0.1   0.2   0.0   0.0   0.0   0.0   0.0   0.0   0.1   0.0   0.0   0.0   0.1   0.0   0.0   0.0   0.0   0.0   0.0   0.0   0.1   0.0   0.1   0.0   0.0   0.1   0.0   0.0   0.0   0.1   0.0   0.0   0.0   0.0   0.0   0.0   0.0   0.0   0.0   0.0   0.0 
B: 18.0 * * * 18.0 * * * * * * * 16.0 * * * * * 17.0 16.5 13.0 17.0 17.0 * 14.9 16.8 * 13.5 17.0 21.0 16.0 17.8 * 20.0 * 15.0 17.9 14.0 14.5 13.3 12.7 * * 13.0 15.0 * 13.0 16.0 * 18.4 22.0 * 16.5 * 14.0 12.3 12.0 * * * 18.0 14.0 * 18.0 * 17.0 11.0 15.0 * * * 16.0 13.0 14.5 * * 15.1 14.6 * 16.0 15.0 14.0 14.0 13.0 12.0 14.0 13.5 * * * 17.0 * * * * * * * * * 19.0 15.1 17.0 * * * 16.0 21.0 22.0 13.0 16.0 16.7 17.0 * 17.0 16.0 * 16.7 16.2 * * * 17.0 15.5 12.5 15.5 * * 14.4 18.0 19.0 * * 11.0 * 14.3 14.0 * * * 11.0 * * * * * * * 17.0 11.0 15.5 16.2 16.0 16.7 13.0 * * 19.0 13.2 18.0 16.3 * 13.0 * * 13.0 13.0 12.5 16.0 12.0 * 15.0 * * * * * * * 12.0 * 18.0 12.0 * 12.0 * * * 15.0 15.0 16.7 16.0 16.0 12.0 * 21.0 18.0 20.0 21.0 15.0 
Direction:  n* * *  n* * * * * * *  n* * * * *  n n n n n*  n n*  n n n n n*  n*  n n n n n n* *  n n*  n n*  n n*  n*  n n n* * *  n n*  n*  n n n* * *  n n n* *  n n*  n n n n n n n n* * *  n* * * * * * * * *  n n n* * *  n n n n n n n*  n n*  n n* * *  n n n n* *  n n n* *  n*  n n* * *  n* * * * * * *  n n n n n n n* *  n n n n*  n* *  n n n n n*  n* * * * * * *  n*  n n*  n* * *  n n n n n n*  n n n n n

40.0: Count:   0.0 (  0.0) A:  10.6 [10-13] B:  15.7 [10-23] Phase: 134 ( 5.75) Direction:  nPhase: 148 ( 3.15) Direction:  nPhase: 140 ( 4.06) Direction:  nPhase: 140 ( 4.12) Direction:  nPhase: 140 ( 3.81) Direction:  nPhase: 140 ( 3.73) Direction:  nPhase: 140 ( 3.77) Direction:  nPhase: 140 ( 3.64) Direction:  n
Phase: {0,0,0,0,0,0,0,0,0,0,0,0,0,0,0,0,0,0,0,0,0,0,0,0,0,0,0,0,0,0,0,0,0,0,0,0,0,0,0,0,0,0,0,0,0,0,0,0,0,0,0,0,0,0,0,0,0,0,0,0,0,0,0,0,0,0,0,0,0,0,0,0,0,0,0,0,0,0,0,0,0,0,0,0,0,0,0,0,0,0,0,0,0,0,0,0,0,0,0,0,0,0,0,0,0,0,0,0,0,0,0,0,2,0,0,9,0,7,0,0,9,22,38,5,0,19,14,50,41,6,42,63,79,52,51,108,59,140,85,52,41,44,107,51,48,28,19,33,37,49,5,0,21,4,0,0,13,15,0,0,0,0,0,0,0,9,0,0,0,0,0,0,0,0,0,0,0,0,0,0,0,0,0,0,0,0,0,0,0,0,0,0,0,0,0,0,0,0,0,0,0,0,0,0,0,0,0,0,0,0,0,0,0,0,0,0,0,0,0,0,0,0,0,0,0,0,0,0,0,0,0,0,0,0,0,0,0,0,0,0,0,0,0,0,0,0,0,0,0,0,0,0,0,0,0,0,0,0,0,0,0,0,0,0,0,0,0,0,0,0,0,0,0,0,0,0,0,0,0,0,0,0,0,0,0,0,0,0,0,0,0,0,0,0,0,0,0,0,0,0,0,0,0,0,0,0,0,0,0,0,0,0,0,0,0,0,0,0,0,0,0,0,0,0,0,0,0,0,0,0,0,0,0,0,0,0,0,0,0,0,0,0,0,0,0,0,0,0,0,0,0,0,0,0,0,0,0,0,0,0}
Count:   0.0   0.0   0.0   0.0   0.0   0.0   0.0   0.0   0.0   0.0   0.0   0.0   0.0   0.0   0.0   0.0   0.0   0.0   0.1   0.0   0.0   0.0   0.0   0.1   0.1   0.2   0.1   0.1   0.0   0.0   0.1   0.0   0.0   0.0   0.0   0.1   0.1   0.0   0.0   0.0   0.1   0.0   0.1   0.1   0.0   0.0   0.0   0.1   0.0   0.0   0.0   0.1   0.1   0.0   0.0   0.1   0.0   0.0   0.0   0.0   0.1   0.0   0.0   0.1   0.0   0.0   0.0   0.0   0.0   0.0   0.0   0.0   0.0   0.1   0.0   0.1   0.1   0.1   0.0   0.0   0.0   0.1   0.1   0.0   0.1   0.1   0.1   0.0   0.0   0.0   0.1   0.0   0.0   0.0   0.0   0.1   0.0   0.0   0.0   0.0   0.0   0.1   0.0   0.1   0.1   0.0   0.0   0.1   0.1   0.1   0.0   0.0   0.0   0.0   0.0   0.1   0.1   0.1   0.1   0.1   0.0   0.0   0.0   0.2   0.0   0.0   0.0   0.0   0.1   0.1   0.0   0.0   0.0   0.0   0.0   0.0   0.0   0.0   0.1   0.0   0.0   0.0   0.0   0.0   0.1   0.0   0.2   0.0   0.0   0.1   0.1   0.1   0.0   0.1   0.0   0.0   0.0   0.0   0.0   0.1   0.0   0.0   0.1   0.0   0.0   0.0   0.1   0.1   0.0   0.0   0.0   0.1   0.0   0.1   0.1   0.0   0.1   0.0   0.1   0.0   0.0   0.1   0.0   0.0   0.0   0.0   0.0   0.0   0.1   0.0   0.0   0.0   0.1   0.0   0.1   0.0   0.1   0.0   0.0   0.0 
B: * 22.0 * 17.0 18.0 * * * * * * 18.0 18.0 * 21.0 * * * 15.5 16.0 * * * 12.9 15.8 15.7 14.7 18.9 12.0 15.0 16.8 12.6 * 14.0 * 15.9 17.6 13.0 16.8 13.0 12.9 17.2 14.8 16.9 11.0 * 11.0 18.0 11.0 * 17.0 17.0 15.7 13.0 10.0 11.5 * * * 19.0 12.0 * 13.0 14.0 * 11.0 21.0 * 18.0 * * * * 17.1 19.0 19.0 18.0 13.5 * 15.0 11.0 12.0 17.2 * 16.6 16.7 18.0 * * 19.0 20.0 17.0 16.0 12.7 * 23.0 * 20.0 * * 16.0 16.8 15.0 16.0 14.0 * 14.0 17.0 17.2 16.0 16.0 * * * 16.0 15.2 16.0 16.0 13.0 16.5 12.5 * * 13.5 17.0 * * * 15.3 15.3 13.0 * 17.0 * * * 19.0 * 19.0 * * * * 16.0 14.0 22.0 15.3 * * 18.7 16.6 14.6 13.0 15.2 14.0 * * 17.5 * 19.5 * 10.0 13.0 * * * 13.3 14.5 * 20.0 * 12.0 13.7 18.2 14.0 22.0 13.7 22.0 14.6 * * 14.5 * * * * * * 14.0 * 14.4 18.0 16.0 * 15.2 19.0 12.7 18.0 * 19.0 
Direction: *  n*  n n* * * * * *  n n*  n* * *  n n* * *  n n n n n n n n n*  n*  n n n n n n n n n n*  n n n*  n n n n n n* * *  n n*  n n*  n n*  n* * * *  n n n n n*  n n n n*  n n n* *  n n n n n*  n*  n* *  n n n n n*  n n n n n* * *  n n n n n n n* *  n n* * *  n n n*  n* * *  n*  n* * * *  n n n n* *  n n n n n n* *  n*  n*  n n* * *  n n*  n*  n n n n n n n n* *  n* * * * * *  n*  n n n*  n n n n*  n

40.1: Count:   0.0 (  0.0) A:  10.8 [10-14] B:  16.4 [10-26] Phase: 137 ( 7.75) Direction:  nPhase: 146 ( 3.65) Direction:  nPhase: 149 ( 5.94) Direction:  nPhase: 129 ( 7.75) Direction:  nPhase: 144 ( 5.28) Direction:  nPhase: 149 ( 5.09) Direction:  nPhase: 127 ( 7.08) Direction:  nPhase: 144 ( 5.19) Direction:  n
Phase: {0,0,0,0,0,0,0,0,0,0,0,0,0,0,0,0,0,0,0,0,0,0,0,0,0,0,0,0,0,0,0,0,0,0,0,0,0,0,0,0,0,0,0,0,0,0,0,0,0,0,0,0,0,0,0,0,0,0,0,0,0,0,0,0,0,0,0,0,0,0,0,0,0,0,0,0,0,0,0,0,0,0,0,0,0,0,0,0,0,0,0,0,0,0,0,0,0,0,0,0,0,0,0,0,0,0,0,0,0,0,0,1,0,5,9,0,5,16,11,28,31,6,46,0,6,23,6,18,67,40,29,79,67,68,59,105,81,94,91,75,55,49,32,78,82,34,110,28,18,49,36,27,37,42,9,0,0,0,21,0,0,0,0,3,0,0,0,0,7,0,0,0,0,0,7,0,0,7,0,0,0,0,0,7,0,0,0,0,0,0,0,0,0,0,0,0,0,0,0,0,0,0,0,0,0,0,0,0,0,0,0,0,1,0,0,0,0,0,0,0,0,0,0,0,0,0,0,0,0,0,0,0,0,0,0,0,0,0,0,0,0,0,0,0,0,0,0,0,0,0,0,0,0,0,0,0,0,0,0,0,0,0,0,0,0,0,0,0,0,0,0,0,0,0,0,0,0,0,0,0,0,0,0,0,0,0,0,0,0,0,0,0,0,0,0,0,0,0,0,0,0,0,0,0,0,0,0,0,0,0,0,0,0,0,0,0,0,0,0,0,0,0,0,0,0,0,0,0,0,0,0,0,0,0,0,0,0,0,0,0,0,0,0,0,0,0,0,0,0,0,0,0,0,0,0,0,0,0,0,0}
Count:   0.0   0.1   0.0   0.0   0.0   0.0   0.1   0.1   0.0   0.1   0.0   0.0   0.0   0.0   0.0   0.0   0.0   0.0   0.1   0.0   0.1   0.0   0.1   0.0   0.0   0.0   0.1   0.1   0.0   0.1   0.0   0.0   0.0   0.0   0.1   0.2   0.0   0.0   0.0   0.0   0.0   0.1   0.1   0.1   0.0   0.0   0.0   0.1   0.0   0.0   0.0   0.1   0.0   0.0   0.1   0.0   0.0   0.1   0.1   0.0   0.1   0.0   0.1   0.0   0.0   0.2   0.1   0.0   0.0   0.0   0.1   0.0   0.1   0.2   0.1   0.0   0.1   0.1   0.1   0.1   0.1   0.1   0.0   0.1   0.0   0.1   0.1   0.0   0.0   0.0   0.1   0.0   0.1   0.0   0.0   0.1   0.0   0.0   0.1   0.1   0.1   0.0   0.1   0.3   0.1   0.0   0.0   0.0   0.1   0.0   0.0   0.1   0.0   0.1   0.0   0.0   0.0   0.0   0.0   0.0   0.0   0.0   0.0   0.0   0.1   0.0   0.0   0.0   0.0   0.1   0.1   0.1   0.0   0.0   0.1   0.1   0.0   0.0   0.1   0.0   0.0   0.0   0.1   0.1   0.0   0.0   0.0   0.0   0.0   0.0   0.1   0.0   0.1   0.0   0.0   0.0   0.0   0.1   0.1   0.0   0.0   0.0   0.0   0.1   0.1   0.0   0.0   0.1   0.1   0.0   0.0   0.1   0.0   0.1   0.1   0.0   0.1   0.1   0.0   0.0   0.0   0.1   0.1   0.1   0.0   0.1   0.0   0.1   0.1   0.2   0.0   0.0   0.0   0.1   0.1   0.0   0.1   0.1   0.0   0.0 
B: * 17.6 * * 14.0 * 15.0 17.0 20.0 18.8 * * * * * * 19.0 * 20.0 * 26.0 21.0 20.0 17.0 * 21.0 19.0 17.3 * 14.5 15.1 12.0 16.0 15.0 11.7 16.3 13.0 18.0 * * 21.0 18.1 20.3 17.3 21.0 * 11.6 16.5 19.7 * 13.0 19.9 10.0 16.0 15.0 * 23.0 15.0 16.0 * 17.0 * 15.0 * * 17.4 19.3 20.0 * * 17.0 * 15.2 14.8 18.8 * 15.2 15.0 11.0 15.5 17.2 19.0 14.0 11.0 * 13.7 13.4 * * * 13.0 18.0 17.0 16.0 14.0 14.0 13.5 14.0 23.0 10.0 16.0 * 16.7 15.2 12.2 22.0 * * 23.0 * * 19.0 * 20.0 13.0 * * * * * 17.0 * * 19.0 17.0 19.0 * * 20.0 13.0 13.9 14.0 13.1 * 15.7 15.0 19.0 * 16.0 18.3 * * 11.0 16.4 17.8 * * 16.5 20.0 * 17.2 17.6 12.4 15.0 17.0 * 17.0 17.5 16.1 * * 17.0 * 18.6 15.5 * 19.0 13.0 11.5 15.0 * 17.0 20.0 18.5 20.8 * 21.0 15.5 16.3 11.0 12.0 19.8 18.2 12.0 * 14.0 14.0 15.0 15.5 15.9 11.0 11.0 20.0 15.6 18.0 * 11.6 17.8 11.0 16.0 
Direction: *  n* *  n*  n n n n* * * * * *  n*  n*  n n n n*  n n n*  n n n n n n n n n* *  n n n n n*  n n n*  n n n n n*  n n n*  n*  n* *  n n n* *  n*  n n n*  n n n n n n n n*  n n* * *  n n n n n n n n n n n*  n n n n* *  n* *  n*  n n* * * * *  n* *  n n n* *  n n n n n*  n n n*  n n* *  n n n* *  n n*  n n n n n*  n n n* *  n*  n n*  n n n n*  n n n n*  n n n n n n n n*  n n n n n n n n n n*  n n n n

40.2: Count:   0.0 (  0.0) A:  10.9 [10-14] B:  16.6 [10-28] Phase: 138 ( 7.53) Direction:  nPhase: 140 ( 5.27) Direction:  nPhase: 141 ( 6.23) Direction:  nPhase: 152 ( 5.34) Direction:  nPhase: 134 ( 5.22) Direction:  nPhase: 133 ( 6.40) Direction:  nPhase: 132 ( 5.72) Direction:  nPhase: 132 ( 5.85) Direction:  n
Phase: {0,0,0,0,0,0,0,0,0,0,0,0,0,0,0,0,0,0,0,0,0,0,0,0,0,0,0,0,0,0,0,0,0,0,0,0,0,0,0,0,0,0,0,0,0,0,0,0,0,0,0,0,0,0,0,0,0,0,0,0,0,0,0,0,0,0,0,0,0,0,0,0,0,0,0,0,0,0,0,0,0,0,0,0,0,0,0,0,0,0,0,0,0,0,0,0,0,0,0,0,0,0,0,0,0,0,0,0,0,0,0,0,0,0,0,0,1,0,12,15,0,24,10,3,3,42,19,77,25,28,36,81,108,52,85,112,73,100,90,107,76,58,71,68,18,84,71,19,44,33,46,12,30,16,11,18,12,15,5,0,20,0,0,0,0,0,0,7,0,0,0,13,2,0,0,0,0,13,1,0,4,0,0,0,0,0,5,0,0,0,0,0,0,0,0,0,0,0,0,0,0,0,0,0,0,0,0,0,0,0,0,0,0,0,0,0,0,0,0,0,0,0,0,0,0,0,0,0,0,0,0,0,0,0,0,0,0,0,0,0,0,0,0,0,0,0,0,0,0,0,0,0,0,0,0,0,0,0,0,0,0,0,0,0,0,0,0,0,0,0,0,0,0,0,0,0,0,0,0,0,0,0,0,0,0,0,0,0,0,0,0,0,0,0,0,0,0,0,0,0,0,0,0,0,0,0,0,0,0,0,0,0,0,0,0,0,0,0,0,0,0,0,0,0,0,0,0,0,0,0,0,0,0,0,0,0,0,0,0,0,0,0,0,0,0,0,0,0,0,0,0,0,0,0,0,0,0,0,0,0}
Count:   0.0   0.0   0.0   0.0   0.1   0.0   0.0   0.0   0.0   0.1   0.0   0.0   0.0   0.0   0.0   0.0   0.1   0.0   0.1   0.2   0.1   0.0   0.1   0.1   0.0   0.0   0.1   0.0   0.1   0.1   0.0   0.0   0.1   0.0   0.1   0.1   0.1   0.1   0.0   0.0   0.0   0.1   0.1   0.1   0.0   0.1   0.0   0.1   0.0   0.0   0.0   0.0   0.0   0.0   0.1   0.0   0.1   0.1   0.0   0.0   0.0   0.0   0.0   0.0   0.0   0.0   0.0   0.1   0.1   0.1   0.0   0.1   0.2   0.1   0.1   0.0   0.1   0.2   0.0   0.0   0.2   0.1   0.0   0.0   0.1   0.0   0.1   0.1   0.1   0.0   0.0   0.1   0.0   0.0   0.1   0.0   0.1   0.0   0.1   0.1   0.0   0.0   0.1   0.2   0.0   0.0   0.0   0.0   0.1   0.0   0.0   0.1   0.1   0.0   0.0   0.0   0.0   0.0   0.0   0.1   0.0   0.1   0.0   0.0   0.1   0.0   0.0   0.0   0.1   0.0   0.0   0.1   0.0   0.0   0.2   0.2   0.0   0.0   0.0   0.0   0.0   0.1   0.0   0.1   0.0   0.0   0.1   0.0   0.0   0.0   0.0   0.0   0.0   0.0   0.1   0.0   0.1   0.1   0.0   0.1   0.0   0.0   0.1   0.1   0.0   0.0   0.1   0.1   0.0   0.0   0.0   0.0   0.0   0.1   0.0   0.0   0.1   0.0   0.0   0.1   0.0   0.1   0.0   0.0   0.1   0.0   0.0   0.0   0.1   0.1   0.1   0.0   0.0   0.0   0.1   0.1   0.0   0.1   0.0   0.1 
B: * 18.0 14.0 14.0 14.0 * * * 16.0 17.0 * * * * * * 16.7 * 15.0 14.8 16.0 * 17.2 22.5 15.0 13.0 21.0 13.0 18.0 20.2 15.0 14.9 15.2 24.0 17.0 17.7 14.9 15.2 18.0 21.0 13.0 13.8 15.4 14.7 16.0 19.3 19.0 16.3 18.0 * * 13.0 22.0 16.0 16.0 14.0 15.5 17.0 * * 19.0 * * 16.0 * 14.0 10.0 17.3 19.9 18.0 21.0 17.8 16.4 18.5 17.5 * 12.4 17.7 15.0 * 18.7 18.5 * * 11.0 * 13.8 13.0 20.0 * * 14.0 13.0 14.0 17.0 22.0 16.2 * 14.0 13.0 * * 19.0 13.7 13.7 16.0 * * 16.0 * * 17.5 18.8 * 14.0 * * * 19.0 18.1 20.0 15.0 15.0 18.0 14.0 * 17.0 19.0 19.0 19.5 * 12.0 * * 16.0 18.5 19.5 * 18.0 17.3 * 19.6 10.0 18.7 18.0 * 18.2 * 21.0 17.0 18.0 17.8 17.0 18.3 17.5 * 15.0 13.2 19.0 19.1 17.0 13.0 17.2 14.0 16.0 * 18.0 14.5 12.0 * 18.0 * 18.0 13.0 15.0 * 19.0 * * 17.0 15.0 16.7 17.9 * 21.0 19.0 * * 16.1 15.4 15.4 15.6 10.6 22.0 13.4 16.0 18.0 17.5 * 14.8 
Direction: *  n n n n* * *  n n* * * * * *  n*  n n n*  n n n n n n n n n n n n n n n n n n n n n n n n n n n* *  n n n n n n n* *  n* *  n*  n n n n n n n n n n*  n n n*  n n* *  n*  n n n* *  n n n n n n*  n n* *  n n n n* *  n* *  n n*  n* * *  n n n n n n n*  n n n n*  n* *  n n n*  n n*  n n n n*  n*  n n n n n n n*  n n n n n n n n n*  n n n*  n*  n n n*  n* *  n n n n*  n n* *  n n n n n n n n n n*  n

40.3: Count:   0.0 (  0.0) A:  10.8 [10-14] B:  16.0 [10-24] Phase: 133 ( 8.14) Direction:  nPhase: 135 ( 5.25) Direction:  nPhase: 142 ( 4.28) Direction:  nPhase: 145 ( 5.24) Direction:  nPhase: 138 ( 5.90) Direction:  nPhase: 145 ( 5.68) Direction:  nPhase: 136 ( 5.52) Direction:  nPhase: 138 ( 5.30) Direction:  n
Phase: {0,0,0,0,0,0,0,0,0,0,0,0,0,0,0,0,0,0,0,0,0,0,0,0,0,0,0,0,0,0,0,0,0,0,0,0,0,0,0,0,0,0,0,0,0,0,0,0,0,0,0,0,0,0,0,0,0,0,0,0,0,0,0,0,0,0,0,0,0,0,0,0,0,0,0,0,0,0,0,0,0,0,0,0,0,0,0,0,0,0,0,0,0,0,0,0,0,0,0,0,0,0,0,0,0,0,0,0,0,0,0,0,0,30,0,15,0,41,0,24,0,22,31,11,30,34,41,51,47,35,80,96,62,60,57,93,40,81,114,69,88,103,90,46,24,67,31,46,42,27,3,3,7,0,30,0,1,0,0,0,11,0,0,6,12,0,0,0,13,13,0,0,0,0,13,0,0,0,0,0,0,0,0,0,0,0,0,0,0,0,0,0,0,0,0,0,0,0,0,0,0,0,0,0,0,0,0,0,0,0,0,0,0,0,0,0,0,0,0,0,0,0,0,0,0,0,0,0,0,0,0,0,0,0,0,0,0,0,0,0,0,0,0,0,0,0,0,0,0,0,0,0,0,0,0,0,0,0,0,0,0,0,0,0,0,0,0,0,0,0,0,0,0,0,0,0,0,0,0,0,0,0,0,0,0,0,0,0,0,0,0,0,0,0,0,0,0,0,0,0,0,0,0,0,0,0,0,0,0,0,0,0,0,0,0,0,0,0,0,0,0,0,0,0,0,0,0,0,0,0,0,0,0,0,0,0,0,0,0,0,0,0,0,0,0,0,0,0,0,0,0,0,0,0,0,0,0,0,0,0}
Count:   0.0   0.0   0.0   0.0   0.0   0.0   0.0   0.0   0.0   0.0   0.0   0.0   0.0   0.0   0.0   0.0   0.1   0.0   0.0   0.0   0.2   0.0   0.0   0.1   0.0   0.0   0.2   0.0   0.1   0.0   0.0   0.0   0.0   0.0   0.0   0.1   0.1   0.0   0.0   0.0   0.0   0.1   0.0   0.1   0.0   0.1   0.1   0.0   0.0   0.0   0.0   0.0   0.0   0.0   0.0   0.0   0.1   0.1   0.0   0.0   0.1   0.1   0.1   0.1   0.0   0.0   0.0   0.0   0.1   0.1   0.1   0.1   0.1   0.1   0.1   0.0   0.1   0.1   0.0   0.0   0.1   0.1   0.0   0.0   0.0   0.1   0.1   0.0   0.0   0.1   0.0   0.0   0.0   0.0   0.1   0.1   0.0   0.0   0.0   0.1   0.0   0.0   0.1   0.1   0.1   0.2   0.0   0.0   0.1   0.0   0.0   0.1   0.1   0.0   0.0   0.0   0.0   0.1   0.0   0.1   0.0   0.0   0.0   0.0   0.1   0.0   0.1   0.1   0.1   0.0   0.0   0.1   0.0   0.0   0.1   0.1   0.0   0.1   0.1   0.0   0.0   0.1   0.0   0.1   0.0   0.1   0.1   0.0   0.1   0.1   0.0   0.0   0.0   0.0   0.0   0.1   0.0   0.0   0.0   0.1   0.0   0.0   0.2   0.1   0.0   0.0   0.0   0.1   0.0   0.0   0.0   0.0   0.0   0.1   0.1   0.0   0.1   0.0   0.0   0.0   0.0   0.0   0.0   0.0   0.1   0.1   0.0   0.0   0.1   0.1   0.1   0.0   0.1   0.1   0.1   0.0   0.0   0.0   0.0   0.0 
B: * * 16.0 * * * * * * * * * * * * * 18.5 16.0 * * 15.6 * * 16.0 * * 16.5 21.0 11.5 16.0 16.5 17.5 19.0 20.0 20.0 14.5 17.4 * * * 18.0 17.8 20.0 16.4 11.0 16.7 20.0 14.2 16.0 * 22.0 12.0 20.0 * 17.0 16.0 17.0 13.5 * * 14.6 15.0 15.0 15.5 * * * * 14.1 12.0 17.1 15.2 13.6 13.3 18.0 * 18.0 17.0 * 18.0 16.5 15.0 18.0 * * 16.0 14.5 24.0 17.0 17.0 * 14.5 19.4 * 14.0 18.0 * * 17.0 14.8 19.8 * 18.5 12.8 18.4 15.9 16.5 * 19.0 * * 16.5 16.9 * 17.0 * * 19.0 21.0 14.0 14.0 * * 15.0 16.5 * 15.0 13.4 16.0 14.0 19.3 17.1 * * 14.0 11.0 11.0 19.2 17.8 * 19.0 16.2 * 17.0 * 18.0 17.0 14.0 17.5 17.6 * 15.5 * 17.0 21.0 16.0 * 17.0 12.0 13.1 * 16.0 16.4 14.0 14.0 * 15.0 14.0 14.0 11.0 11.0 * 16.0 14.5 20.0 * 19.0 * 20.0 * 18.0 13.0 13.0 * 13.7 12.0 * * 15.8 14.9 12.0 * 16.0 15.4 14.0 19.0 11.0 18.0 17.0 15.3 
Direction: * *  n* * * * * * * * * * * * *  n n* *  n* *  n* *  n n n n n n n n n n n* * *  n n n n n n n n n*  n n n*  n n n n* *  n n n n* * * *  n n n n n n n*  n n*  n n n n* *  n n n n n*  n n*  n n* *  n n n*  n n n n n*  n* *  n n*  n* *  n n n n* *  n n*  n n n n n n* *  n n n n n*  n n*  n*  n n n n n*  n*  n n n*  n n n*  n n n n*  n n n n n*  n n n*  n*  n*  n n n*  n n* *  n n n*  n n n n n n n n

40.4: Count:   0.0 (  0.0) A:  10.7 [10-13] B:  15.9 [10-25] Phase: 134 ( 9.11) Direction:  nPhase: 146 ( 6.72) Direction:  nPhase: 132 ( 5.64) Direction:  nPhase: 148 ( 5.31) Direction:  nPhase: 148 ( 6.72) Direction:  nPhase: 145 ( 7.73) Direction:  nPhase: 145 ( 7.13) Direction:  nPhase: 146 ( 7.08) Direction:  n
Phase: {0,0,0,0,0,0,0,0,0,0,0,0,0,0,0,0,0,0,0,0,0,0,0,0,0,0,0,0,0,0,0,0,0,0,0,0,0,0,0,0,0,0,0,0,0,0,0,0,0,0,0,0,0,0,0,0,0,0,0,0,0,0,0,0,0,0,0,0,0,0,0,0,0,0,0,0,0,0,0,0,0,0,0,0,0,0,0,0,0,0,0,0,0,0,0,0,0,0,0,0,0,0,0,0,0,0,0,0,15,0,0,0,0,0,0,0,0,2,3,21,5,27,9,22,58,5,85,60,47,70,51,53,102,47,76,112,59,73,116,46,72,57,58,76,26,25,27,74,94,20,5,56,12,18,0,0,0,32,16,26,0,0,4,0,0,0,0,0,0,0,0,0,0,0,0,0,0,0,0,0,0,0,0,0,13,0,0,0,0,0,0,0,0,0,0,0,0,0,0,0,0,0,0,0,0,0,0,0,0,0,0,0,0,0,0,0,0,0,0,0,0,0,0,0,0,0,0,0,0,0,0,0,0,0,0,0,0,0,0,0,0,0,0,0,0,0,0,0,0,0,0,0,0,0,0,0,0,0,0,0,0,0,0,0,0,0,0,0,0,0,0,0,0,0,0,0,0,0,0,0,0,0,0,0,0,0,0,0,0,0,0,0,0,0,0,0,0,0,0,0,0,0,0,0,0,0,0,0,0,0,0,0,0,0,0,0,0,0,0,0,0,0,0,0,0,0,0,0,0,0,0,0,0,0,0,0,0,0,0,0,0,0,0,0,0,0,0,0,0,0,0,0,0,0,0,0,0,0,0,0}
Count:   0.1   0.0   0.0   0.0   0.0   0.0   0.0   0.1   0.0   0.0   0.0   0.1   0.0   0.0   0.0   0.1   0.0   0.0   0.1   0.2   0.0   0.1   0.0   0.0   0.0   0.0   0.1   0.1   0.0   0.0   0.1   0.0   0.1   0.1   0.1   0.0   0.0   0.0   0.0   0.0   0.1   0.1   0.0   0.0   0.0   0.1   0.1   0.0   0.1   0.0   0.0   0.0   0.0   0.0   0.0   0.0   0.1   0.1   0.1   0.1   0.1   0.0   0.0   0.0   0.1   0.1   0.0   0.1   0.1   0.1   0.0   0.1   0.0   0.0   0.1   0.0   0.0   0.1   0.0   0.0   0.0   0.0   0.0   0.0   0.0   0.0   0.1   0.1   0.0   0.1   0.0   0.0   0.1   0.1   0.0   0.0   0.0   0.0   0.0   0.0   0.0   0.1   0.0   0.1   0.0   0.0   0.1   0.0   0.0   0.1   0.0   0.1   0.1   0.0   0.0   0.0   0.0   0.1   0.0   0.0   0.2   0.1   0.1   0.0   0.0   0.0   0.0   0.0   0.0   0.0   0.0   0.0   0.1   0.1   0.1   0.1   0.0   0.1   0.0   0.0   0.0   0.1   0.1   0.1   0.0   0.1   0.0   0.2   0.0   0.0   0.0   0.1   0.1   0.0   0.1   0.0   0.1   0.0   0.0   0.0   0.0   0.1   0.0   0.0   0.1   0.1   0.1   0.1   0.1   0.0   0.1   0.0   0.1   0.1   0.1   0.1   0.0   0.1   0.1   0.0   0.2   0.1   0.2   0.0   0.0   0.0   0.0   0.0   0.0   0.0   0.0   0.1   0.0   0.0   0.1   0.1   0.0   0.0   0.1   0.1 
B: 14.3 14.0 13.0 12.0 * * * 16.0 * * * 14.0 * * * 19.0 19.0 * 14.0 13.0 * 13.5 * 22.0 16.0 18.0 15.0 19.5 * 13.0 18.1 18.0 17.9 14.0 15.4 20.0 16.0 15.0 16.0 * 17.5 17.0 * 15.0 * 17.0 24.6 13.2 17.0 * 13.0 17.0 * * * * 18.1 12.0 21.0 12.6 19.5 14.0 * * 12.0 17.0 18.0 18.0 17.0 12.0 * 14.0 * 11.0 14.0 16.0 * 18.3 * 13.0 16.0 15.0 13.0 * 14.0 * 14.1 14.6 18.1 23.0 * 18.0 20.2 16.7 16.1 19.0 17.0 * 15.0 18.0 * 16.0 * 16.6 14.8 * 20.0 * * 19.1 21.0 16.6 14.2 * * * * 17.5 * * 14.3 17.4 13.0 15.0 * 12.0 * * * * 16.0 * 14.5 15.5 19.2 14.7 * 16.0 * 19.0 12.0 22.0 16.3 17.0 13.0 13.0 17.0 16.6 * 19.0 18.0 13.7 18.7 22.0 19.9 * 15.0 * 14.0 * * 14.5 17.3 16.0 16.4 13.0 13.0 11.3 14.4 * 15.0 * 15.0 14.5 15.5 16.3 * 15.7 14.5 12.0 13.7 17.5 14.6 * * * * * 17.0 * 17.0 18.2 13.0 * 15.6 14.6 15.1 16.0 17.6 13.8 
Direction:  n n n n* * *  n* * *  n* * *  n n*  n n*  n*  n n n n n*  n n n n n n n n n n*  n n*  n*  n n n n*  n n* * * *  n n n n n n* *  n n n n n n*  n*  n n n*  n*  n n n n*  n*  n n n n*  n n n n n n*  n n*  n*  n n*  n* *  n n n n* * * *  n* *  n n n n*  n* * * *  n*  n n n n*  n*  n n n n n n n n n*  n n n n n n*  n*  n* *  n n n n n n n n*  n*  n n n n*  n n n n n n* * * * *  n*  n n n*  n n n n n n

40.5: Count:   0.0 (  0.0) A:  10.7 [10-14] B:  16.1 [10-25] Phase: 137 ( 6.59) Direction:  nPhase: 118 ( 2.61) Direction:  nPhase: 126 ( 3.36) Direction:  nPhase: 134 ( 3.81) Direction:  nPhase: 134 ( 3.45) Direction:  nPhase: 134 ( 3.25) Direction:  nPhase: 133 ( 3.62) Direction:  nPhase: 133 ( 3.43) Direction:  n
Phase: {0,0,0,0,0,0,0,0,0,0,0,0,0,0,0,0,0,0,0,0,0,0,0,0,0,0,0,0,0,0,0,0,0,0,0,0,0,0,0,0,0,0,0,0,0,0,0,0,0,0,0,0,0,0,0,0,0,0,0,0,0,0,0,0,0,0,0,0,0,0,0,0,0,0,0,0,0,0,0,0,0,0,0,0,0,0,0,0,0,0,0,0,0,0,0,0,0,0,0,0,0,0,0,0,0,0,0,0,0,0,0,0,0,11,0,22,0,14,49,35,0,31,18,29,26,61,51,69,76,41,51,133,69,60,26,148,88,96,68,79,77,35,35,48,46,48,37,19,51,15,22,13,5,7,0,0,13,0,0,0,0,0,0,0,0,0,0,0,0,0,0,0,0,0,0,0,0,0,0,0,0,0,0,0,0,0,0,0,0,0,0,0,0,0,0,0,0,0,0,0,0,0,0,0,0,0,0,0,0,0,0,0,0,0,0,0,0,0,0,0,0,0,0,0,0,0,0,0,0,0,0,0,0,0,0,0,0,0,0,0,0,0,0,0,0,0,0,0,0,0,0,0,0,0,0,0,0,0,0,0,0,0,0,0,0,0,0,0,0,0,0,0,0,0,0,0,0,0,0,0,0,0,0,0,0,0,0,0,0,0,0,0,0,0,0,0,0,0,0,0,0,0,0,0,0,0,0,0,0,0,0,0,0,0,0,0,0,0,0,0,0,0,0,0,0,0,0,0,0,0,0,0,0,0,0,0,0,0,0,0,0,0,0,0,0,0,0,0,0,0,0,0,0,0,0,0,0,0,0,0}
Count:   0.0   0.0   0.1   0.0   0.0   0.0   0.0   0.0   0.0   0.0   0.0   0.0   0.0   0.0   0.0   0.1   0.0   0.0   0.0   0.1   0.0   0.0   0.0   0.0   0.0   0.0   0.0   0.1   0.1   0.0   0.1   0.0   0.0   0.0   0.1   0.0   0.1   0.1   0.1   0.0   0.1   0.1   0.0   0.0   0.0   0.1   0.1   0.0   0.0   0.0   0.1   0.0   0.1   0.0   0.0   0.0   0.0   0.0   0.1   0.1   0.0   0.1   0.1   0.0   0.1   0.1   0.0   0.1   0.1   0.0   0.0   0.0   0.1   0.1   0.0   0.2   0.0   0.1   0.1   0.1   0.0   0.0   0.0   0.0   0.0   0.0   0.1   0.0   0.1   0.1   0.0   0.1   0.1   0.1   0.1   0.1   0.1   0.0   0.0   0.1   0.0   0.2   0.0   0.0   0.0   0.0   0.1   0.0   0.0   0.0   0.0   0.1   0.1   0.1   0.1   0.0   0.0   0.0   0.0   0.0   0.1   0.1   0.0   0.2   0.1   0.0   0.0   0.0   0.0   0.1   0.0   0.0   0.0   0.0   0.1   0.1   0.0   0.1   0.0   0.0   0.0   0.1   0.0   0.1   0.1   0.0   0.0   0.3   0.1   0.0   0.0   0.1   0.1   0.1   0.1   0.0   0.1   0.1   0.0   0.0   0.0   0.1   0.0   0.1   0.1   0.0   0.0   0.0   0.0   0.0   0.0   0.0   0.0   0.1   0.0   0.0   0.0   0.0   0.0   0.0   0.1   0.1   0.1   0.1   0.1   0.0   0.0   0.0   0.1   0.0   0.1   0.2   0.0   0.0   0.1   0.0   0.0   0.0   0.1   0.0 
B: 10.0 * 14.0 * * * * * * * * * * 17.0 * 17.0 * * * 13.5 15.0 * * * 19.0 18.2 * 16.6 18.0 18.0 17.0 16.5 13.3 * 16.4 17.1 13.6 14.0 20.0 14.0 15.4 15.0 13.0 14.0 16.0 19.0 16.4 16.0 * * 16.3 * 19.9 * * * 16.0 * 17.8 17.5 15.0 14.0 15.0 22.0 11.8 15.9 11.2 14.7 15.0 11.0 * 19.0 16.0 20.5 * 16.1 * 13.0 16.0 19.5 * * * * * * 17.2 13.0 14.4 19.6 16.0 19.4 16.5 14.4 14.9 18.8 17.9 * 10.0 20.0 * 15.5 * 14.5 14.0 16.0 16.0 * * * * 12.2 12.0 25.0 16.0 * 20.0 15.0 * * 18.0 16.0 15.0 15.8 17.6 17.0 * 19.0 * 16.0 16.0 * * 13.0 14.7 13.7 * 16.7 22.0 16.0 14.0 22.0 22.0 15.5 18.0 * 13.0 15.2 15.1 17.0 16.0 14.6 14.1 17.5 17.7 * 18.0 14.2 * * * 14.0 * 15.5 14.2 * * * * * * * 15.0 11.7 * * 19.0 * 14.0 14.0 15.0 13.0 19.3 16.0 15.0 19.0 * * 15.8 * 15.3 16.6 11.0 13.0 16.3 15.8 11.0 17.7 13.2 15.8 
Direction:  n*  n* * * * * * * * * *  n*  n* * *  n n* * *  n n*  n n n n n n*  n n n n n n n n n n n n n n* *  n*  n* * *  n*  n n n n n n n n n n n n*  n n n*  n*  n n n* * * * * *  n n n n n n n n n n n*  n n*  n*  n n n n* * * *  n n n n*  n n* *  n n n n n n*  n*  n n* *  n n n*  n n n n n n n n*  n n n n n n n n n*  n n* * *  n*  n n* * * * * * *  n n* *  n*  n n n n n n n n* *  n*  n n n n n n n n n n

40.6: Count:   0.0 (  0.1) A:  10.9 [10-14] B:  16.5 [10-24] Phase: 134 ( 6.18) Direction:  nPhase: 147 ( 4.55) Direction:  nPhase: 118 ( 5.33) Direction:  nPhase: 136 ( 6.82) Direction:  nPhase: 133 ( 6.14) Direction:  nPhase: 124 ( 5.85) Direction:  nPhase: 141 ( 6.37) Direction:  nPhase: 131 ( 7.61) Direction:  n
Phase: {0,0,0,0,0,0,0,0,0,0,0,0,0,0,0,0,0,0,0,0,0,0,0,0,0,0,0,0,0,0,0,0,0,0,0,0,0,0,0,0,0,0,0,0,0,0,0,0,0,0,0,0,0,0,0,0,0,0,0,0,0,0,0,0,0,0,0,0,0,0,0,0,0,0,0,0,0,0,0,0,0,0,0,0,0,0,0,0,0,0,0,0,0,0,0,0,0,0,0,0,0,0,0,0,0,0,0,0,0,0,0,0,0,0,9,12,0,0,0,20,33,54,27,9,57,19,31,117,34,21,63,95,80,102,62,190,63,51,84,47,39,95,47,12,44,40,73,32,75,23,35,9,18,4,2,0,0,0,0,0,0,1,0,1,7,0,0,0,0,0,0,0,0,0,0,0,0,0,0,0,0,0,0,0,0,0,0,0,0,0,0,0,0,0,0,0,0,0,0,0,0,0,0,0,0,0,0,0,0,0,0,0,0,0,0,0,0,0,0,0,0,0,0,0,0,0,0,0,0,0,0,0,0,0,0,0,0,0,0,0,0,0,0,0,0,0,0,0,0,0,0,0,0,0,0,0,0,0,0,0,0,0,0,0,0,0,0,0,0,0,0,0,0,0,0,0,0,0,0,0,0,0,0,0,0,0,0,0,0,0,0,0,0,0,0,0,0,0,0,0,0,0,0,0,0,0,0,0,0,0,0,0,0,0,0,0,0,0,0,0,0,0,0,0,0,0,0,0,0,0,0,0,0,0,0,0,0,0,0,0,0,0,0,0,0,0,0,0,0,0,0,0,0,0,0,0,0,0,0,0}
Count:   0.0   0.0   0.0   0.1   0.0   0.0   0.0   0.0   0.1   0.0   0.0   0.0   0.0   0.0   0.0   0.1   0.0   0.1   0.0   0.2   0.0   0.0   0.0   0.0   0.0   0.0   0.0   0.1   0.1   0.1   0.1   0.0   0.0   0.0   0.0   0.1   0.0   0.0   0.1   0.0   0.0   0.0   0.0   0.0   0.0   0.1   0.1   0.0   0.0   0.0   0.1   0.1   0.2   0.0   0.0   0.1   0.1   0.1   0.1   0.0   0.1   0.0   0.0   0.1   0.1   0.2   0.0   0.1   0.0   0.1   0.0   0.1   0.0   0.1   0.0   0.1   0.0   0.0   0.1   0.0   0.0   0.0   0.0   0.1   0.0   0.0   0.1   0.0   0.2   0.1   0.0   0.1   0.1   0.0   0.0   0.1   0.1   0.0   0.0   0.1   0.0   0.1   0.0   0.2   0.1   0.0   0.1   0.0   0.1   0.0   0.0   0.0   0.0   0.2   0.0   0.0   0.1   0.1   0.0   0.0   0.2   0.0   0.0   0.1   0.0   0.0   0.0   0.0   0.0   0.0   0.0   0.1   0.2   0.0   0.1   0.0   0.0   0.1   0.0   0.0   0.0   0.1   0.0   0.1   0.1   0.0   0.0   0.1   0.0   0.0   0.0   0.0   0.0   0.1   0.0   0.0   0.1   0.2   0.0   0.0   0.0   0.1   0.0   0.0   0.1   0.0   0.0   0.0   0.0   0.0   0.1   0.0   0.0   0.1   0.0   0.1   0.1   0.1   0.0   0.1   0.1   0.1   0.1   0.0   0.0   0.0   0.0   0.0   0.0   0.0   0.1   0.0   0.1   0.0   0.1   0.0   0.0   0.0   0.1   0.1 
B: 12.0 * * 17.0 * * * * 17.0 * * * * * 17.0 17.0 * 16.0 * 18.3 19.0 13.0 * * * 19.0 16.0 16.0 16.0 16.0 14.0 15.0 16.0 * 16.0 16.9 16.5 11.0 20.0 20.6 13.0 * * 18.3 * 19.0 13.3 18.0 * * 15.0 14.0 16.3 * * 11.0 14.0 21.0 18.2 14.0 20.5 * * 17.0 17.5 15.8 * 19.2 16.0 17.9 * 14.7 * 15.6 19.6 10.5 18.0 * 17.0 11.0 * * 17.0 17.0 * * 16.0 * 15.7 18.5 * 14.9 16.5 * * 18.6 15.2 11.0 17.0 15.8 * 12.6 * 20.8 14.2 15.0 19.0 18.5 12.0 * * 13.0 * 19.1 16.0 * 16.3 12.0 * * 15.5 * * 16.5 * * 20.0 17.0 * * 16.0 15.0 17.9 * 20.0 21.0 * 13.0 13.0 12.0 * 12.0 18.6 19.0 19.5 * 14.0 11.0 15.0 14.0 14.8 13.0 16.0 18.0 14.4 * 16.0 16.2 * * * 14.5 * * 16.0 15.0 * * * * 17.0 * * 15.6 22.0 17.0 17.5 15.1 22.0 14.5 17.9 13.0 19.5 * * 14.0 * * * 19.0 18.0 * 19.0 13.0 16.0 17.6 14.0 15.0 16.2 18.7 
Direction:  n* *  n* * * *  n* * * * *  n n*  n*  n n n* * *  n n n n n n n n*  n n n n n n n* *  n*  n n n* *  n n n* *  n n n n n n* *  n n n*  n n n*  n*  n n n n*  n n* *  n n* *  n*  n n*  n n* *  n n n n n*  n*  n n n n n n* *  n*  n n*  n n* *  n* *  n* *  n n* *  n n n*  n n*  n n n*  n n n n*  n n n n n n n n n*  n n* * *  n* *  n n* * * *  n* *  n n n n n n n n n n* *  n* * *  n n*  n n n n n n n n

40.7: Count:   0.0 (  0.1) A:  10.8 [10-14] B:  16.7 [10-25] Phase: 138 ( 7.35) Direction:  nPhase: 121 ( 5.12) Direction:  nPhase: 131 ( 5.89) Direction:  nPhase: 126 ( 5.60) Direction:  nPhase: 135 ( 6.34) Direction:  nPhase: 135 ( 6.22) Direction:  nPhase: 135 ( 5.98) Direction:  nPhase: 135 ( 5.96) Direction:  n
Phase: {0,0,0,0,0,0,0,0,0,0,0,0,0,0,0,0,0,0,0,0,0,0,0,0,0,0,0,0,0,0,0,0,0,0,0,0,0,0,0,0,0,0,0,0,0,0,0,0,0,0,0,0,0,0,0,0,0,0,0,0,0,0,0,0,0,0,0,0,0,0,0,0,0,0,0,0,0,0,0,0,0,0,0,0,0,0,0,0,0,0,0,0,0,0,0,0,0,0,0,0,0,0,0,0,0,0,0,0,0,0,0,33,0,0,0,0,0,5,7,0,28,84,44,15,40,66,32,75,41,102,25,89,42,83,82,176,40,134,106,110,65,94,55,97,36,26,59,78,31,26,25,21,0,0,0,0,11,4,0,0,9,0,13,1,13,0,0,0,0,20,0,0,0,0,0,0,0,0,0,0,0,0,0,0,0,0,0,0,0,0,0,0,0,0,0,0,0,0,0,0,0,0,0,0,0,0,0,0,0,0,0,0,0,0,0,0,0,0,0,0,0,0,0,0,0,0,0,0,0,0,0,0,0,0,0,0,0,0,0,0,0,0,0,0,0,0,0,0,0,0,0,0,0,0,0,0,0,0,0,0,0,0,0,0,0,0,0,0,0,0,0,0,0,0,0,0,0,0,0,0,0,0,0,0,0,0,0,0,0,0,0,0,0,0,0,0,0,0,0,0,0,0,0,0,0,0,0,0,0,0,0,0,0,0,0,0,0,0,0,0,0,0,0,0,0,0,0,0,0,0,0,0,0,0,0,0,0,0,0,0,0,0,0,0,0,0,0,0,0,0,0,0,0,0,0,0,0,0,0,0}
Count:   0.0   0.0   0.0   0.0   0.1   0.0   0.0   0.0   0.1   0.0   0.1   0.0   0.0   0.0   0.0   0.0   0.1   0.1   0.0   0.1   0.0   0.1   0.0   0.1   0.2   0.0   0.0   0.0   0.0   0.1   0.1   0.1   0.2   0.1   0.1   0.0   0.0   0.0   0.0   0.0   0.0   0.1   0.0   0.1   0.0   0.0   0.0   0.1   0.1   0.2   0.1   0.0   0.1   0.0   0.1   0.1   0.1   0.0   0.0   0.1   0.0   0.2   0.2   0.0   0.1   0.0   0.0   0.0   0.0   0.1   0.0   0.1   0.2   0.2   0.1   0.1   0.0   0.0   0.1   0.0   0.0   0.1   0.0   0.0   0.0   0.1   0.0   0.1   0.0   0.0   0.1   0.0   0.0   0.0   0.2   0.0   0.1   0.1   0.1   0.1   0.0   0.1   0.1   0.1   0.1   0.1   0.0   0.1   0.0   0.0   0.0   0.1   0.0   0.1   0.0   0.0   0.0   0.0   0.0   0.0   0.0   0.0   0.1   0.0   0.0   0.1   0.1   0.1   0.0   0.0   0.0   0.0   0.1   0.0   0.0   0.0   0.0   0.0   0.0   0.1   0.0   0.1   0.0   0.2   0.0   0.0   0.0   0.0   0.1   0.0   0.0   0.0   0.1   0.2   0.0   0.2   0.1   0.0   0.1   0.0   0.0   0.0   0.2   0.1   0.0   0.0   0.1   0.2   0.0   0.1   0.0   0.0   0.0   0.1   0.1   0.1   0.0   0.1   0.0   0.0   0.0   0.1   0.0   0.0   0.2   0.0   0.1   0.0   0.1   0.1   0.2   0.1   0.0   0.0   0.1   0.1   0.1   0.1   0.1   0.0 
B: * * * * 18.0 * * * 15.0 * 16.0 * * * * * 13.0 21.0 * 19.0 * 12.5 16.0 17.0 14.8 15.0 * * 18.0 22.2 11.5 20.0 17.8 15.4 22.7 20.0 12.5 14.0 * 18.0 * 17.1 21.1 19.3 20.0 18.0 19.2 19.0 16.5 18.7 21.5 17.0 14.0 * 14.0 14.0 12.0 * 22.0 13.0 16.3 17.9 19.2 * 15.1 * * * 18.1 15.0 19.0 17.5 19.2 18.4 19.4 15.5 16.0 12.0 14.5 * 11.0 17.5 * * 14.0 16.0 16.0 15.4 * 20.0 20.0 16.7 21.0 17.0 18.8 18.0 13.2 13.5 13.0 13.0 16.0 16.0 17.0 15.0 17.0 21.0 21.0 18.7 17.0 * 16.0 17.7 13.0 15.0 * * * * 10.5 * 23.0 19.0 17.3 * 13.0 16.5 19.0 11.0 11.0 * * 16.0 18.0 17.0 * 23.0 * 16.0 21.0 12.7 18.8 16.5 * 11.3 15.0 * 21.0 * 15.6 16.7 12.0 * 11.3 15.6 * 20.0 17.0 * 23.0 * * * 16.1 18.7 * * 18.0 14.7 * 15.6 * * * 16.5 16.4 17.7 * 18.0 * * * 12.0 * * 15.7 * 20.3 * 14.0 16.2 17.2 18.2 19.0 * 22.4 18.0 12.4 15.7 25.0 12.0 
Direction: * * * *  n* * *  n*  n* * * * *  n n*  n*  n n n n n* *  n n n n n n n n n n*  n*  n n n n n n n n n n n n*  n n n*  n n n n n*  n* * *  n n n n n n n n n n n*  n n* *  n n n n*  n n n n n n n n n n n n n n n n n n n n*  n n n n* * * *  n*  n n n*  n n n n n* *  n n n*  n*  n n n n n*  n n*  n*  n n n*  n n*  n n*  n* * *  n n* *  n n*  n* * *  n n n*  n* * *  n* *  n*  n*  n n n n n*  n n n n n n

40.8: Count:   0.0 (  0.1) A:  10.9 [10-14] B:  16.3 [10-25] Phase: 133 (10.46) Direction:  nPhase: 138 ( 7.67) Direction:  nPhase: 135 ( 7.08) Direction:  nPhase: 138 ( 6.13) Direction:  nPhase: 138 ( 6.42) Direction:  nPhase: 138 ( 6.52) Direction:  nPhase: 137 ( 6.58) Direction:  nPhase: 137 ( 6.38) Direction:  n
Phase: {0,0,0,0,0,0,0,0,0,0,0,0,0,0,0,0,0,0,0,0,0,0,0,0,0,0,0,0,0,0,0,0,0,0,0,0,0,0,0,0,0,0,0,0,0,0,0,0,0,0,0,0,0,0,0,0,0,0,0,0,0,0,0,0,0,0,0,0,0,0,0,0,0,0,0,0,0,0,0,0,0,0,0,0,0,0,0,0,0,0,0,0,0,0,0,0,0,0,0,0,0,0,0,0,0,0,0,9,0,0,11,0,0,0,0,0,0,13,14,34,14,26,37,15,47,54,71,90,98,44,78,83,76,77,41,96,86,41,103,43,35,87,57,60,59,52,54,44,32,18,7,0,40,7,5,0,0,38,0,7,0,0,9,0,0,0,0,0,0,0,0,0,0,0,0,0,0,0,0,0,0,0,0,0,0,0,0,0,0,0,0,0,0,0,0,0,0,0,0,0,0,0,0,2,0,0,0,0,0,0,0,0,0,0,0,0,0,0,0,0,0,0,0,0,0,0,0,0,0,0,0,0,0,0,0,0,0,0,0,0,0,0,0,0,0,0,0,0,0,0,0,0,0,0,0,0,0,0,0,0,0,0,0,0,0,0,0,0,0,0,0,0,0,0,0,0,0,0,0,0,0,0,0,0,0,0,0,0,0,0,0,0,0,0,0,0,0,0,0,0,0,0,0,0,0,0,0,0,0,0,0,0,0,0,0,0,0,0,0,0,0,0,0,0,0,0,0,0,0,0,0,0,0,0,0,0,0,0,0,0,0,0,0,0,0,0,0,0,0,0,0,0,0,0,0,0,0,0,0,0}
Count:   0.0   0.0   0.0   0.0   0.0   0.0   0.0   0.0   0.0   0.0   0.1   0.0   0.0   0.0   0.0   0.0   0.0   0.1   0.1   0.2   0.0   0.1   0.1   0.1   0.1   0.0   0.1   0.0   0.0   0.1   0.0   0.0   0.2   0.2   0.1   0.1   0.1   0.0   0.0   0.0   0.0   0.0   0.0   0.1   0.0   0.0   0.0   0.1   0.0   0.0   0.2   0.0   0.0   0.1   0.1   0.0   0.1   0.0   0.0   0.0   0.0   0.1   0.2   0.1   0.1   0.0   0.0   0.0   0.1   0.0   0.1   0.0   0.1   0.2   0.2   0.2   0.1   0.0   0.1   0.0   0.0   0.2   0.0   0.1   0.0   0.0   0.0   0.1   0.0   0.0   0.1   0.0   0.0   0.0   0.1   0.0   0.1   0.0   0.0   0.0   0.0   0.1   0.1   0.1   0.0   0.1   0.1   0.1   0.0   0.0   0.1   0.1   0.0   0.1   0.0   0.0   0.0   0.0   0.0   0.1   0.0   0.0   0.0   0.1   0.1   0.1   0.1   0.1   0.0   0.0   0.0   0.0   0.1   0.1   0.0   0.1   0.0   0.1   0.0   0.2   0.0   0.2   0.0   0.0   0.0   0.0   0.0   0.0   0.0   0.1   0.0   0.0   0.1   0.0   0.0   0.1   0.1   0.0   0.0   0.0   0.0   0.0   0.1   0.2   0.1   0.0   0.1   0.0   0.1   0.1   0.0   0.0   0.0   0.0   0.1   0.1   0.0   0.1   0.0   0.0   0.0   0.0   0.0   0.0   0.2   0.0   0.0   0.0   0.0   0.0   0.1   0.1   0.0   0.0   0.1   0.0   0.0   0.0   0.1   0.0 
B: * * * * 16.0 * * * * * 18.0 * * 12.0 * * * 14.0 15.5 17.2 * 16.0 12.6 13.0 18.0 10.0 12.5 17.0 * 15.9 24.0 * 15.2 16.8 18.5 16.4 16.0 20.0 * 15.0 13.0 17.0 14.5 15.3 17.0 * 16.6 14.0 15.0 21.0 17.7 * * 16.0 16.6 * 18.5 * 19.0 * 14.0 13.2 17.1 20.6 15.3 * 19.0 * 14.0 12.0 19.0 * 14.4 16.7 19.5 15.9 16.5 * 14.0 * * 14.3 17.0 13.5 * 18.0 17.0 17.0 * * 13.0 * 17.5 14.0 17.0 11.0 20.5 21.0 * * 15.0 13.0 19.0 19.5 * 14.1 16.6 17.8 * * 19.0 16.0 16.0 16.0 20.5 * * * * 13.0 15.0 17.0 * 23.0 17.0 17.0 12.0 15.6 13.0 * * 15.0 12.0 18.0 * 19.0 * 16.0 20.1 19.3 22.0 15.5 * 17.0 * 17.0 14.0 * 15.0 15.9 17.3 * 14.0 18.0 * 17.5 14.7 13.8 15.0 * * * 17.2 17.3 18.0 * 13.0 * 16.0 17.0 * * * * 17.0 17.5 * 17.5 * * * * * * 15.0 * 13.0 19.0 * * 18.3 14.2 20.0 13.0 13.5 15.7 12.5 18.0 19.0 17.0 
Direction: * * * *  n* * * * *  n* *  n* * *  n n n*  n n n n n n n*  n n*  n n n n n n*  n n n n n n*  n n n n n* *  n n*  n*  n*  n n n n n*  n*  n n n*  n n n n n*  n* *  n n n*  n n n* *  n*  n n n n n n* *  n n n n*  n n n* *  n n n n n* * * *  n n n*  n n n n n n* *  n n n*  n*  n n n n n*  n*  n n*  n n n*  n n*  n n n n* * *  n n n*  n*  n n* * * *  n n*  n* * * * * *  n*  n n* *  n n n n n n n n n n

40.9: Count:   0.0 (  0.1) A:  10.9 [10-15] B:  16.4 [10-27] Phase: 137 ( 6.47) Direction:  nPhase: 124 ( 3.18) Direction:  nPhase: 124 ( 6.15) Direction:  nPhase: 137 ( 4.72) Direction:  nPhase: 136 ( 4.14) Direction:  nPhase: 138 ( 4.60) Direction:  nPhase: 151 ( 4.20) Direction:  nPhase: 139 ( 4.20) Direction:  n
Phase: {0,0,0,0,0,0,0,0,0,0,0,0,0,0,0,0,0,0,0,0,0,0,0,0,0,0,0,0,0,0,0,0,0,0,0,0,0,0,0,0,0,0,0,0,0,0,0,0,0,0,0,0,0,0,0,0,0,0,0,0,0,0,0,0,0,0,0,0,0,0,0,0,0,0,0,0,0,0,0,0,0,0,0,0,0,0,0,0,0,0,0,0,0,0,0,0,0,0,0,0,0,0,0,15,0,0,5,0,13,0,0,0,0,0,11,0,33,3,13,56,6,30,63,5,61,49,57,25,63,43,44,47,66,76,96,74,31,44,133,115,80,55,47,35,47,83,14,8,24,32,0,26,0,26,13,0,1,5,0,0,0,0,0,0,0,0,0,0,0,0,0,0,0,0,0,0,0,0,0,0,0,0,0,0,0,0,0,0,0,0,0,0,0,0,0,0,0,0,0,0,0,0,0,0,0,0,0,0,0,0,0,0,0,0,0,0,0,0,0,0,0,0,0,0,0,0,0,0,0,0,0,0,0,0,0,0,0,0,0,0,0,0,0,0,0,0,0,0,0,0,0,0,0,0,0,0,0,0,0,0,0,0,0,0,0,0,0,0,0,0,0,0,0,0,0,0,0,0,0,0,0,0,0,0,0,0,0,0,0,0,0,0,0,0,0,0,0,0,0,0,0,0,0,0,0,0,0,0,0,0,0,0,0,0,0,0,0,0,0,0,0,0,0,0,0,0,0,0,0,0,0,0,0,0,0,0,0,0,0,0,0,0,0,0,0,0,0,0,0,0,0,0,0,0,0,0,0,0,0,0}
Count:   0.0   0.0   0.0   0.0   0.0   0.0   0.0   0.1   0.0   0.0   0.1   0.0   0.0   0.0   0.0   0.0   0.1   0.1   0.0   0.3   0.0   0.1   0.1   0.1   0.1   0.0   0.0   0.0   0.0   0.0   0.0   0.0   0.1   0.1   0.0   0.1   0.0   0.1   0.0   0.1   0.0   0.0   0.0   0.0   0.0   0.0   0.0   0.0   0.0   0.0   0.2   0.0   0.0   0.0   0.0   0.0   0.1   0.1   0.0   0.0   0.0   0.1   0.1   0.0   0.1   0.0   0.1   0.0   0.1   0.1   0.1   0.1   0.1   0.1   0.1   0.2   0.0   0.0   0.1   0.0   0.0   0.1   0.0   0.0   0.0   0.0   0.0   0.2   0.0   0.0   0.1   0.1   0.0   0.0   0.1   0.0   0.1   0.0   0.0   0.1   0.0   0.0   0.1   0.0   0.0   0.0   0.1   0.1   0.0   0.0   0.0   0.1   0.0   0.1   0.0   0.0   0.0   0.0   0.0   0.0   0.0   0.0   0.0   0.1   0.1   0.1   0.0   0.0   0.0   0.0   0.0   0.0   0.0   0.0   0.0   0.0   0.0   0.1   0.1   0.2   0.0   0.3   0.0   0.2   0.1   0.2   0.0   0.0   0.0   0.1   0.0   0.0   0.0   0.2   0.0   0.1   0.0   0.0   0.2   0.0   0.0   0.0   0.0   0.0   0.0   0.0   0.0   0.1   0.1   0.0   0.0   0.0   0.0   0.0   0.0   0.0   0.0   0.1   0.0   0.0   0.0   0.1   0.0   0.0   0.1   0.0   0.0   0.1   0.1   0.0   0.1   0.0   0.0   0.0   0.2   0.0   0.0   0.0   0.1   0.0 
B: 18.0 * 15.4 12.0 * * * 22.0 * * 17.0 * * * * 21.0 21.0 16.3 16.0 16.7 * 15.0 20.0 16.4 17.0 22.0 16.0 20.0 * 19.6 21.5 * 16.0 15.6 * 14.4 15.7 13.4 * 19.5 * 16.1 17.1 17.2 13.0 * 17.6 * * 15.0 13.0 * * * 15.0 * 20.5 19.2 20.0 * 14.0 14.0 15.0 15.0 21.0 * 20.0 * 17.1 18.0 15.0 21.0 21.7 17.0 13.0 15.2 14.0 * 17.0 * 18.0 15.5 18.0 * * 22.0 12.5 13.8 * * 13.0 23.0 * 18.0 13.0 * 17.5 18.5 * 16.0 * * 15.5 18.0 * * 13.5 14.5 * * 16.0 18.8 16.0 16.0 13.0 * * * * * 21.0 12.0 * 14.0 19.0 14.0 15.0 16.5 * * * * * * 17.0 13.5 * 15.0 18.8 14.5 14.0 17.8 * 17.4 17.5 16.5 14.5 * 17.5 17.0 17.3 17.0 22.0 11.2 * 18.0 * 17.0 17.0 * * * * * 15.0 * * 20.0 14.0 22.0 * * * 17.0 * 16.0 * 13.0 * * * 19.0 16.0 * 13.0 * * 19.5 16.0 16.0 16.6 18.0 12.0 16.0 14.5 * 19.0 18.1 14.0 16.0 
Direction:  n*  n n* * *  n* *  n* * * *  n n n n n*  n n n n n n n*  n n*  n n*  n n n*  n*  n n n n*  n* *  n n* * *  n*  n n n*  n n n n n*  n*  n n n n n n n n n*  n*  n n n* *  n n n* *  n n*  n n*  n n*  n* *  n n* *  n n* *  n n n n n* * * * *  n n*  n n n n n* * * * * *  n n*  n n n n n*  n n n n*  n n n n n n*  n*  n n* * * * *  n* *  n n n* * *  n*  n*  n* * *  n n*  n* *  n n n n n n n n*  n n n n

41.0: Count:   0.1 (  0.0) A:  10.9 [10-14] B:  17.0 [10-26] Phase: 142 ( 8.19) Direction:  nPhase: 124 ( 4.70) Direction:  nPhase: 132 ( 5.47) Direction:  nPhase: 132 ( 5.59) Direction:  nPhase: 138 ( 6.21) Direction:  nPhase: 147 ( 6.81) Direction:  nPhase: 142 ( 6.89) Direction:  nPhase: 135 ( 6.50) Direction:  n
Phase: {0,0,0,0,0,0,0,0,0,0,0,0,0,0,0,0,0,0,0,0,0,0,0,0,0,0,0,0,0,0,0,0,0,0,0,0,0,0,0,0,0,0,0,0,0,0,0,0,0,0,0,0,0,0,0,0,0,0,0,0,0,0,0,0,0,0,0,0,0,0,0,0,0,0,0,0,0,0,0,0,0,0,0,0,0,0,0,0,0,0,0,0,0,0,0,0,0,0,0,0,0,0,0,0,0,0,0,0,1,7,22,0,0,0,37,0,0,23,0,42,38,26,44,22,44,55,59,59,61,80,25,100,148,78,54,141,40,41,101,64,68,47,118,69,9,100,66,79,0,43,22,19,12,27,34,17,5,9,13,5,15,0,0,0,0,0,0,0,8,0,0,0,0,0,0,0,0,0,0,0,0,0,0,0,11,0,0,0,0,0,0,0,0,0,0,0,0,0,0,0,0,0,0,13,0,0,0,0,0,0,0,0,0,0,0,0,0,0,0,0,0,0,0,0,0,0,0,0,0,0,0,0,0,0,0,0,0,0,0,0,0,0,0,0,0,0,0,0,0,0,0,0,0,0,0,0,0,0,0,0,0,0,0,0,0,0,0,0,0,0,0,0,0,0,0,0,0,0,0,0,0,0,0,0,0,0,0,0,0,0,0,0,0,0,0,0,0,0,0,0,0,0,0,0,0,0,0,0,0,0,0,0,0,0,0,0,0,0,0,0,0,0,0,0,0,0,0,0,0,0,0,0,0,0,0,0,0,0,0,0,0,0,0,0,0,0,0,0,0,0,0,0,0,0,0,0,0,0,0,0}
Count:   0.0   0.0   0.1   0.0   0.0   0.0   0.0   0.0   0.0   0.0   0.1   0.0   0.0   0.1   0.0   0.0   0.1   0.0   0.0   0.0   0.0   0.1   0.0   0.1   0.1   0.1   0.1   0.1   0.1   0.1   0.0   0.1   0.1   0.1   0.1   0.1   0.0   0.0   0.0   0.2   0.0   0.0   0.2   0.0   0.0   0.1   0.0   0.0   0.1   0.0   0.1   0.1   0.1   0.1   0.1   0.1   0.0   0.1   0.0   0.2   0.0   0.0   0.0   0.1   0.0   0.1   0.0   0.2   0.1   0.0   0.0   0.1   0.1   0.1   0.0   0.0   0.1   0.1   0.0   0.1   0.0   0.1   0.1   0.0   0.0   0.0   0.1   0.1   0.1   0.1   0.1   0.0   0.0   0.1   0.0   0.0   0.0   0.1   0.1   0.0   0.0   0.0   0.0   0.1   0.0   0.0   0.0   0.1   0.0   0.0   0.1   0.0   0.0   0.0   0.1   0.0   0.1   0.0   0.1   0.1   0.0   0.0   0.0   0.0   0.0   0.0   0.0   0.1   0.1   0.0   0.0   0.0   0.0   0.2   0.1   0.1   0.0   0.1   0.1   0.0   0.1   0.1   0.0   0.1   0.0   0.0   0.1   0.0   0.0   0.0   0.0   0.0   0.0   0.0   0.0   0.0   0.1   0.1   0.1   0.1   0.1   0.0   0.0   0.0   0.1   0.1   0.0   0.0   0.0   0.1   0.1   0.0   0.1   0.1   0.2   0.1   0.1   0.1   0.0   0.1   0.0   0.1   0.1   0.0   0.0   0.1   0.1   0.1   0.1   0.0   0.0   0.0   0.1   0.1   0.1   0.1   0.0   0.0   0.1   0.0 
B: 11.0 * 17.9 * 25.0 * * * 20.0 20.0 18.6 13.0 15.0 15.9 21.0 * 13.4 * * * 16.0 15.0 * 17.0 18.8 18.0 16.7 17.2 14.5 18.8 18.0 16.5 17.2 16.0 15.3 11.3 17.0 15.5 * 18.2 13.0 15.0 19.6 10.8 * 18.0 17.0 16.1 11.5 19.0 12.9 15.2 19.4 16.7 17.2 18.2 17.0 17.0 * 16.1 14.0 21.0 17.0 20.2 16.0 12.5 12.0 16.7 19.5 13.0 22.0 17.0 17.0 13.0 21.0 22.0 12.5 17.6 * 16.5 16.0 19.0 14.1 16.0 * 14.0 14.7 17.5 15.7 12.0 17.0 13.9 17.0 15.3 * * 19.0 16.6 21.0 * * * * 17.0 17.0 * * 19.0 16.5 * 20.2 * * * 17.3 * 21.0 17.0 25.0 16.8 * 22.0 22.0 19.0 * * 26.0 17.0 20.0 22.0 * * 19.0 19.2 14.1 19.0 * 13.5 15.5 * 13.0 22.2 * 20.8 21.0 * 16.2 21.0 * 17.1 16.0 16.3 17.2 10.0 15.0 * 11.0 13.0 15.9 21.5 15.0 10.0 15.0 * 17.6 12.4 15.7 * * 12.0 17.7 * 17.4 17.0 18.0 19.2 18.6 19.2 18.0 16.0 18.0 19.2 20.8 * 17.0 20.0 13.2 18.0 16.5 15.0 17.5 17.8 14.5 19.7 16.2 15.7 * 12.0 18.8 11.0 
Direction:  n*  n*  n* * *  n n n n n n n*  n* * *  n n*  n n n n n n n n n n n n n n n*  n n n n n*  n n n n n n n n n n n n n*  n n n n n n n n n n n n n n n n n n n*  n n n n n*  n n n n n n n n n* *  n n n* * * *  n n* *  n n*  n* * *  n*  n n n n*  n n n* *  n n n n* *  n n n n*  n n*  n n*  n n*  n n*  n n n n n n*  n n n n n n n*  n n n* *  n n*  n n n n n n n n n n n*  n n n n n n n n n n n n*  n n n

41.1: Count:   0.1 (  0.0) A:  11.0 [10-14] B:  16.8 [10-26] Phase: 130 ( 6.63) Direction:  nPhase: 143 ( 3.10) Direction:  nPhase: 147 ( 4.63) Direction:  nPhase: 132 ( 5.82) Direction:  nPhase: 132 ( 3.80) Direction:  nPhase: 132 ( 3.63) Direction:  nPhase: 132 ( 3.67) Direction:  nPhase: 134 ( 3.70) Direction:  n
Phase: {0,0,0,0,0,0,0,0,0,0,0,0,0,0,0,0,0,0,0,0,0,0,0,0,0,0,0,0,0,0,0,0,0,0,0,0,0,0,0,0,0,0,0,0,0,0,0,0,0,0,0,0,0,0,0,0,0,0,0,0,0,0,0,0,0,0,0,0,0,0,0,0,0,0,0,0,0,0,0,0,0,0,0,0,0,0,0,0,0,0,2,0,0,0,0,0,0,0,0,0,5,0,0,0,0,5,0,0,15,0,0,9,8,0,18,0,0,14,24,15,30,41,27,16,32,27,63,41,90,77,60,114,164,123,76,65,44,85,89,74,50,69,68,90,102,50,53,35,54,33,48,30,14,28,13,0,7,0,0,16,2,0,0,0,9,0,0,0,0,11,0,0,0,0,0,0,0,0,0,0,0,0,0,0,0,0,0,0,0,0,0,0,0,0,0,0,0,0,0,0,0,0,0,0,0,0,0,0,0,0,0,0,0,0,0,0,0,0,0,0,0,0,0,0,0,0,0,0,0,0,0,0,0,0,0,0,0,0,0,0,0,0,0,0,0,0,0,0,0,0,0,0,0,0,0,0,0,0,0,0,0,0,0,0,0,0,0,0,0,0,0,0,0,0,0,0,0,0,0,0,0,0,0,0,0,0,0,0,0,0,0,0,0,0,0,0,0,0,0,0,0,0,0,0,0,0,0,0,0,0,0,0,0,0,0,0,0,0,0,0,0,0,0,0,0,0,0,0,0,0,0,0,0,0,0,0,0,0,0,0,0,0,0,0,0,0,0,0,0,0,0,0,0,0,0,0,0,0,0,0}
Count:   0.1   0.0   0.0   0.0   0.0   0.0   0.0   0.1   0.1   0.0   0.1   0.0   0.0   0.0   0.0   0.0   0.0   0.0   0.0   0.1   0.0   0.0   0.0   0.1   0.1   0.0   0.0   0.2   0.0   0.1   0.0   0.1   0.1   0.0   0.1   0.0   0.0   0.0   0.1   0.1   0.0   0.1   0.1   0.0   0.0   0.1   0.1   0.0   0.0   0.1   0.0   0.1   0.0   0.1   0.1   0.0   0.0   0.1   0.0   0.2   0.0   0.0   0.0   0.1   0.1   0.1   0.0   0.1   0.2   0.0   0.0   0.1   0.1   0.2   0.1   0.1   0.0   0.1   0.0   0.1   0.1   0.1   0.1   0.1   0.0   0.0   0.0   0.1   0.0   0.1   0.0   0.0   0.0   0.1   0.1   0.0   0.1   0.0   0.1   0.1   0.0   0.0   0.1   0.1   0.0   0.0   0.0   0.1   0.1   0.0   0.1   0.0   0.0   0.1   0.0   0.0   0.1   0.0   0.1   0.0   0.0   0.1   0.1   0.0   0.0   0.0   0.1   0.0   0.1   0.0   0.0   0.0   0.1   0.1   0.1   0.1   0.0   0.1   0.1   0.0   0.0   0.1   0.0   0.2   0.0   0.0   0.1   0.1   0.0   0.1   0.0   0.0   0.1   0.0   0.0   0.0   0.0   0.0   0.1   0.1   0.1   0.1   0.0   0.1   0.1   0.0   0.0   0.1   0.0   0.0   0.0   0.1   0.1   0.0   0.1   0.1   0.0   0.1   0.0   0.0   0.0   0.1   0.1   0.0   0.1   0.1   0.1   0.0   0.1   0.0   0.1   0.1   0.0   0.1   0.1   0.1   0.0   0.1   0.0   0.0 
B: 17.3 19.5 19.0 * 15.0 * * 16.0 15.6 15.0 19.9 * * 13.0 13.0 * * 13.0 * 18.0 19.0 * * 16.8 18.0 16.2 * 18.8 17.2 15.3 17.0 11.5 17.0 15.0 16.5 16.1 12.0 19.0 22.0 13.0 * 20.8 17.3 16.0 * 18.0 21.7 22.0 18.0 18.0 13.3 18.0 13.0 13.3 16.7 * 15.1 12.0 19.0 18.4 * * * 16.4 17.0 16.0 * 17.5 12.3 * * 11.0 14.7 16.0 19.2 17.5 15.6 16.3 22.0 21.0 15.4 21.0 19.5 19.6 * * 19.0 17.0 * 19.0 17.2 17.2 14.0 17.2 18.8 * 18.0 11.0 13.0 15.0 21.0 10.0 18.0 10.0 19.5 22.5 * 15.6 15.0 * 11.7 * * 14.0 14.0 * 12.5 17.5 21.0 14.0 * 13.4 14.9 21.0 * * 17.4 * 19.2 23.0 * * 19.0 12.9 16.8 12.0 12.0 20.0 19.1 * * 14.0 14.0 16.8 13.0 * 20.5 19.0 23.0 19.0 * 20.0 16.8 19.2 * * 18.0 14.4 13.8 18.0 16.0 17.7 * 17.8 18.0 * 22.0 19.7 23.0 * * 17.0 15.1 15.0 15.6 20.1 18.0 17.7 14.9 * 12.0 18.5 14.2 * 21.0 19.0 13.0 * 18.7 10.0 16.2 21.2 19.1 14.8 14.0 15.2 * 14.3 21.0 11.0 
Direction:  n n n*  n* *  n n n n* *  n n* *  n*  n n* *  n n n*  n n n n n n n n n n n n n*  n n n*  n n n n n n n n n n*  n n n n* * *  n n n*  n n* *  n n n n n n n n n n n n n* *  n n*  n n n n n n*  n n n n n n n n n n*  n n*  n* *  n n*  n n n n*  n n n* *  n*  n n* *  n n n n n n n* *  n n n n*  n n n n*  n n n* *  n n n n n n*  n n*  n n n* *  n n n n n n n n*  n n n*  n n n*  n n n n n n n n*  n n n

41.2: Count:   0.1 (  0.0) A:  10.9 [10-15] B:  17.3 [10-28] Phase: 137 ( 9.72) Direction:  nPhase: 125 ( 3.99) Direction:  nPhase: 136 ( 6.52) Direction:  nPhase: 132 ( 4.83) Direction:  nPhase: 142 ( 4.99) Direction:  nPhase: 140 ( 5.12) Direction:  nPhase: 140 ( 5.23) Direction:  nPhase: 140 ( 5.64) Direction:  n
Phase: {0,0,0,0,0,0,0,0,0,0,0,0,0,0,0,0,0,0,0,0,0,0,0,0,0,0,0,0,0,0,0,0,0,0,0,0,0,0,0,0,0,0,0,0,0,0,0,0,0,0,0,0,0,0,0,0,0,0,0,0,0,0,0,0,0,0,0,0,0,0,0,0,0,0,0,0,0,0,0,0,0,0,0,0,0,0,0,0,0,0,0,0,0,0,0,0,0,0,0,0,0,0,0,0,0,0,11,1,0,0,5,11,0,0,35,34,0,23,21,38,40,28,66,20,52,82,49,92,46,109,74,68,86,63,41,80,38,100,95,84,104,60,46,36,111,30,72,45,39,36,28,26,23,47,0,9,4,4,14,0,0,0,9,15,1,0,0,9,9,0,0,0,0,0,0,0,0,0,0,0,0,0,0,0,0,0,0,0,0,0,0,0,0,0,0,0,0,0,0,0,0,0,0,0,0,0,0,0,0,0,0,0,0,0,0,0,0,0,0,0,0,0,0,0,0,0,0,0,0,0,0,0,0,0,0,0,0,0,0,0,0,0,0,0,0,0,0,0,0,0,0,0,0,0,0,0,0,0,0,0,0,0,0,0,0,0,0,0,0,0,0,0,0,0,0,0,0,0,0,0,0,0,0,0,0,0,0,0,0,0,0,0,0,0,0,0,0,0,0,0,0,0,0,0,0,0,0,0,0,0,0,0,0,0,0,0,0,0,0,0,0,0,0,0,0,0,0,0,0,0,0,0,0,0,0,0,0,0,0,0,0,0,0,0,0,0,0,0,0,0,0,0,0,0,0,0,0,0,0,0}
Count:   0.1   0.1   0.0   0.0   0.0   0.0   0.0   0.0   0.0   0.0   0.2   0.0   0.0   0.1   0.0   0.0   0.0   0.0   0.1   0.0   0.0   0.1   0.0   0.1   0.1   0.0   0.1   0.1   0.1   0.0   0.0   0.0   0.1   0.0   0.1   0.0   0.0   0.0   0.1   0.0   0.1   0.0   0.1   0.0   0.0   0.1   0.0   0.1   0.0   0.1   0.1   0.1   0.1   0.1   0.0   0.0   0.0   0.0   0.0   0.1   0.1   0.0   0.1   0.1   0.1   0.1   0.0   0.1   0.1   0.0   0.1   0.0   0.1   0.1   0.2   0.1   0.1   0.2   0.0   0.1   0.1   0.0   0.1   0.1   0.0   0.1   0.0   0.0   0.1   0.1   0.0   0.0   0.0   0.0   0.0   0.0   0.0   0.0   0.1   0.1   0.0   0.0   0.1   0.1   0.0   0.0   0.0   0.0   0.1   0.0   0.0   0.1   0.0   0.1   0.0   0.0   0.0   0.0   0.1   0.0   0.0   0.0   0.1   0.0   0.0   0.0   0.1   0.1   0.1   0.0   0.1   0.0   0.1   0.0   0.1   0.0   0.0   0.0   0.2   0.0   0.0   0.1   0.0   0.2   0.0   0.0   0.1   0.1   0.1   0.1   0.0   0.1   0.1   0.1   0.0   0.0   0.1   0.1   0.1   0.1   0.0   0.1   0.0   0.1   0.1   0.0   0.2   0.1   0.0   0.0   0.0   0.0   0.0   0.1   0.2   0.1   0.0   0.1   0.1   0.0   0.1   0.1   0.1   0.0   0.1   0.1   0.0   0.1   0.0   0.0   0.0   0.0   0.0   0.0   0.0   0.1   0.0   0.0   0.1   0.1 
B: 16.9 17.1 13.0 * 15.7 * * 18.0 * * 17.0 19.0 * 20.6 13.7 14.0 * * 22.0 17.0 17.0 21.0 13.0 17.0 17.7 16.8 20.9 18.5 16.0 20.0 17.0 15.2 14.2 22.0 14.0 20.6 17.5 15.0 13.5 * 20.2 12.0 12.3 13.5 * 17.1 21.6 15.0 24.0 24.0 18.7 16.6 17.2 18.5 15.0 * 15.0 * * 24.0 21.7 12.0 16.0 17.0 20.2 16.5 16.0 15.7 16.0 * 14.5 * 15.0 16.8 17.1 14.1 20.9 18.7 17.0 14.2 20.5 * 21.0 19.3 * 26.0 23.0 * 13.5 16.0 19.2 21.1 14.5 * * 27.0 18.0 22.0 11.0 16.0 17.0 23.5 12.0 12.7 22.0 20.5 * 17.0 19.0 * * 17.0 21.0 19.2 20.0 * 21.0 14.0 17.7 18.5 * 15.5 17.5 13.0 * * 13.5 22.0 16.9 16.0 16.0 * 23.5 * 19.0 23.0 * * 17.4 * * 15.2 * 16.7 18.8 * 11.7 15.0 10.6 17.5 * 12.0 20.5 22.4 * * 21.0 15.8 17.3 15.8 * 14.0 20.0 16.4 16.0 * 15.5 14.9 18.0 * * 22.0 * 14.5 20.4 14.9 15.0 16.3 18.2 * 18.5 17.0 12.0 * 16.1 21.0 19.0 19.3 12.0 25.0 18.0 12.4 11.0 21.0 15.5 13.7 * 20.0 18.4 15.6 
Direction:  n n n*  n* *  n* *  n n*  n n n* *  n n n n n n n n n n n n n n n n n n n n n*  n n n n*  n n n n n n n n n n*  n* *  n n n n n n n n n n*  n*  n n n n n n n n n*  n n*  n n*  n n n n n* *  n n n n n n n n n n n*  n n* *  n n n n*  n n n n*  n n n* *  n n n n n*  n*  n n* *  n* *  n*  n n*  n n n n*  n n n* *  n n n n*  n n n n*  n n n* *  n*  n n n n n n*  n n n*  n n n n n n n n n n n n*  n n n

41.3: Count:   0.1 (  0.0) A:  11.0 [10-14] B:  16.7 [10-28] Phase: 131 ( 7.89) Direction:  nPhase: 135 ( 4.60) Direction:  nPhase: 146 ( 3.50) Direction:  nPhase: 138 ( 4.62) Direction:  nPhase: 144 ( 5.80) Direction:  nPhase: 136 ( 5.89) Direction:  nPhase: 138 ( 5.72) Direction:  nPhase: 138 ( 6.00) Direction:  n
Phase: {0,0,0,0,0,0,0,0,0,0,0,0,0,0,0,0,0,0,0,0,0,0,0,0,0,0,0,0,0,0,0,0,0,0,0,0,0,0,0,0,0,0,0,0,0,0,0,0,0,0,0,0,0,0,0,0,0,0,0,0,0,0,0,0,0,0,0,0,0,0,0,0,0,0,0,0,0,0,0,0,0,0,0,0,0,0,0,0,0,0,0,0,1,0,0,0,0,0,0,13,0,13,0,0,7,13,0,5,15,15,0,0,29,17,19,0,5,14,0,26,28,25,33,21,36,29,44,130,39,86,73,89,50,68,40,179,48,81,145,54,141,77,52,78,52,88,45,35,50,3,48,23,17,5,0,0,2,9,0,13,0,1,0,0,4,0,0,0,0,0,0,0,0,0,0,9,0,0,0,0,0,0,0,0,0,0,0,0,0,0,0,0,0,0,0,0,0,0,0,0,0,0,0,0,0,0,0,0,0,0,0,0,0,0,0,0,0,0,0,0,0,0,0,0,0,0,0,0,0,0,0,0,0,0,0,0,0,0,0,0,0,0,0,0,0,0,0,0,0,0,0,0,0,0,0,0,0,0,0,0,0,0,0,0,0,0,0,0,0,0,0,0,0,0,0,0,0,0,0,0,0,0,0,0,0,0,0,0,0,0,0,0,0,0,0,0,0,0,0,0,0,0,0,0,0,0,0,0,0,0,0,0,0,0,0,0,0,0,0,0,0,0,0,0,0,0,0,0,0,0,0,0,0,0,0,0,0,0,0,0,0,0,0,0,0,0,0,0,0,0,0,0,0,0,0,0,0,0,0,0}
Count:   0.0   0.0   0.0   0.0   0.1   0.0   0.0   0.0   0.1   0.1   0.0   0.0   0.0   0.0   0.1   0.0   0.1   0.0   0.0   0.2   0.1   0.1   0.1   0.0   0.1   0.0   0.2   0.0   0.0   0.0   0.1   0.0   0.0   0.0   0.1   0.0   0.0   0.0   0.1   0.0   0.0   0.0   0.0   0.0   0.1   0.1   0.0   0.1   0.1   0.0   0.0   0.0   0.0   0.1   0.0   0.2   0.1   0.1   0.0   0.0   0.0   0.0   0.0   0.1   0.1   0.0   0.1   0.1   0.1   0.0   0.1   0.1   0.1   0.0   0.1   0.1   0.0   0.0   0.0   0.0   0.0   0.1   0.1   0.1   0.1   0.2   0.0   0.1   0.0   0.1   0.0   0.1   0.1   0.1   0.1   0.1   0.0   0.1   0.1   0.1   0.0   0.0   0.0   0.1   0.0   0.0   0.0   0.1   0.0   0.1   0.1   0.0   0.1   0.0   0.0   0.1   0.0   0.0   0.0   0.1   0.0   0.1   0.0   0.2   0.0   0.1   0.0   0.0   0.1   0.1   0.1   0.0   0.0   0.1   0.1   0.1   0.0   0.1   0.1   0.0   0.1   0.0   0.0   0.0   0.0   0.1   0.1   0.2   0.0   0.1   0.0   0.1   0.1   0.0   0.1   0.2   0.1   0.0   0.0   0.1   0.1   0.0   0.0   0.1   0.0   0.2   0.1   0.1   0.0   0.1   0.1   0.1   0.0   0.0   0.0   0.0   0.0   0.0   0.1   0.0   0.0   0.1   0.0   0.1   0.0   0.0   0.1   0.1   0.1   0.1   0.0   0.0   0.2   0.0   0.2   0.0   0.1   0.0   0.1   0.0 
B: * 16.0 17.0 16.0 16.4 19.0 * 17.0 18.0 19.0 * * * * 17.0 * 13.3 14.0 17.0 14.5 12.6 19.0 18.0 21.0 16.7 16.0 18.2 19.7 18.0 19.0 20.4 14.7 * 17.0 20.6 19.6 21.0 16.0 19.4 * 15.0 * 18.0 16.6 21.0 12.0 12.4 16.0 16.3 19.0 16.0 * 10.0 17.4 16.3 14.6 20.7 16.0 16.0 * 16.0 * * 16.4 21.0 19.0 14.9 17.3 15.7 * 14.0 16.0 16.0 * 17.0 17.7 24.0 18.0 * 11.0 * 18.0 18.0 11.5 14.5 16.4 25.0 18.0 18.0 13.6 19.7 15.0 16.7 20.4 19.6 15.0 17.5 18.0 13.3 21.5 * 13.0 * 16.7 18.5 20.0 * 15.0 * 19.0 13.7 15.0 17.0 * * 10.2 10.0 * 20.0 13.0 14.0 16.0 * 13.9 15.0 16.7 * * 11.0 15.0 24.3 15.0 * 16.0 17.0 15.2 * 17.0 13.8 * 16.0 * * * 17.0 16.9 10.5 16.1 * 19.3 14.5 22.6 17.8 18.2 19.0 17.8 17.0 15.0 * 15.1 19.0 17.7 * 18.0 * 18.8 19.2 15.5 * 18.0 15.0 20.5 * * * * * 14.0 17.5 * 17.0 14.9 * 22.0 12.0 * 23.0 16.0 16.7 18.3 20.2 14.0 15.5 15.0 12.1 21.0 16.6 18.5 13.5 15.8 
Direction: *  n n n n n*  n n n* * * *  n*  n n n n n n n n n n n n n n n n*  n n n n n n*  n*  n n n n n n n n n*  n n n n n n n*  n* *  n n n n n n*  n n n*  n n n n*  n*  n n n n n n n n n n n n n n n n n n n*  n*  n n n*  n*  n n n n* *  n n*  n n n n*  n n n* *  n n n n*  n n n*  n n*  n* * *  n n n n*  n n n n n n n n n*  n n n*  n*  n n n*  n n n* * * * *  n n*  n n*  n n*  n n n n n n n n n n n n n n

41.4: Count:   0.1 (  0.0) A:  10.9 [10-14] B:  16.5 [10-25] Phase: 135 ( 7.19) Direction:  nPhase: 121 ( 4.06) Direction:  nPhase: 131 ( 4.65) Direction:  nPhase: 131 ( 6.22) Direction:  nPhase: 130 ( 6.60) Direction:  nPhase: 129 ( 6.02) Direction:  nPhase: 133 ( 6.52) Direction:  nPhase: 132 ( 6.76) Direction:  n
Phase: {0,0,0,0,0,0,0,0,0,0,0,0,0,0,0,0,0,0,0,0,0,0,0,0,0,0,0,0,0,0,0,0,0,0,0,0,0,0,0,0,0,0,0,0,0,0,0,0,0,0,0,0,0,0,0,0,0,0,0,0,0,0,0,0,0,0,0,0,0,0,0,0,0,0,0,0,0,0,0,0,0,0,0,0,0,0,0,0,0,0,0,0,0,9,0,0,15,0,0,0,0,10,5,0,0,2,0,0,10,15,0,5,0,7,9,0,13,6,45,46,28,48,15,85,93,62,47,65,30,176,88,166,90,130,54,152,70,84,66,42,74,42,47,57,7,64,54,15,24,44,7,12,7,0,0,13,14,0,11,0,0,11,0,0,0,0,0,0,0,0,0,0,0,0,0,5,0,0,0,0,0,0,0,0,0,0,13,0,0,0,0,0,0,0,0,0,0,0,0,0,0,0,0,0,0,0,0,0,0,0,0,0,0,0,0,0,0,0,0,0,0,0,0,0,0,0,0,0,0,0,0,0,0,0,0,0,0,0,0,0,0,0,0,0,0,0,0,0,0,0,0,0,0,0,0,0,0,0,0,0,0,0,0,0,0,0,0,0,0,0,0,0,0,0,0,0,0,0,0,0,0,0,0,0,0,0,0,0,0,0,0,0,0,0,0,0,0,0,0,0,0,0,0,0,0,0,0,0,0,0,0,0,0,0,0,0,0,0,0,0,0,0,0,0,0,0,0,0,0,0,0,0,0,0,0,0,0,0,0,0,0,0,0,0,0,0,0,0,0,0,0,0,0,0,0,0,0,0,0,0}
Count:   0.1   0.0   0.1   0.1   0.0   0.0   0.1   0.0   0.0   0.1   0.0   0.0   0.0   0.0   0.1   0.0   0.1   0.1   0.1   0.2   0.1   0.0   0.0   0.0   0.0   0.1   0.3   0.0   0.0   0.1   0.1   0.0   0.0   0.1   0.1   0.0   0.1   0.0   0.1   0.0   0.0   0.0   0.0   0.1   0.1   0.0   0.0   0.1   0.0   0.1   0.0   0.0   0.0   0.0   0.1   0.1   0.1   0.0   0.0   0.1   0.1   0.0   0.0   0.0   0.1   0.1   0.1   0.0   0.1   0.0   0.0   0.0   0.0   0.0   0.0   0.0   0.1   0.0   0.0   0.1   0.0   0.1   0.1   0.1   0.0   0.1   0.0   0.1   0.1   0.1   0.0   0.1   0.1   0.1   0.2   0.1   0.0   0.1   0.0   0.1   0.1   0.1   0.0   0.1   0.1   0.1   0.0   0.1   0.0   0.1   0.1   0.1   0.1   0.0   0.0   0.0   0.0   0.0   0.1   0.1   0.1   0.0   0.0   0.1   0.0   0.2   0.0   0.1   0.0   0.1   0.1   0.0   0.0   0.1   0.1   0.2   0.0   0.1   0.0   0.0   0.1   0.0   0.0   0.0   0.1   0.1   0.1   0.1   0.0   0.1   0.0   0.0   0.1   0.0   0.1   0.1   0.1   0.0   0.0   0.0   0.1   0.0   0.1   0.0   0.1   0.1   0.0   0.0   0.0   0.1   0.1   0.1   0.1   0.0   0.1   0.0   0.1   0.1   0.1   0.0   0.0   0.1   0.0   0.1   0.1   0.0   0.0   0.0   0.0   0.0   0.1   0.0   0.1   0.0   0.1   0.1   0.1   0.0   0.1   0.0 
B: 17.6 * 19.3 20.3 21.0 10.0 14.0 * * 10.0 * * * * 16.0 * 20.0 16.4 14.5 18.1 18.3 25.0 * 17.0 16.5 15.0 12.8 14.3 17.4 17.0 16.2 17.3 17.0 20.0 14.6 16.0 16.6 * 17.8 14.2 * 15.0 18.0 17.9 16.0 * 17.0 17.1 17.0 14.0 12.0 * * 18.0 15.5 16.2 15.3 * * 17.0 16.3 * * * 16.2 17.7 16.0 19.0 16.6 * * 17.0 * * * 10.0 18.9 15.0 * 13.4 14.0 12.6 14.0 12.0 21.6 20.7 21.0 18.0 17.0 20.0 19.1 19.7 14.2 16.0 20.5 10.0 12.4 13.0 19.5 12.0 20.3 14.0 * 16.5 21.4 15.6 16.0 17.0 * 14.0 16.0 21.3 15.5 19.0 * * * * 14.7 17.0 21.6 * 15.0 13.9 15.0 14.0 13.0 19.0 18.0 21.9 16.0 * 21.0 14.0 15.0 18.6 17.0 16.7 23.0 * 15.0 * * 13.0 16.8 18.1 16.1 16.0 16.0 15.3 14.0 14.0 12.9 16.6 18.3 14.5 12.5 19.0 * 16.0 17.0 17.1 19.0 20.0 14.2 13.0 16.0 * * 17.9 14.0 18.5 20.0 * 18.7 * 20.0 14.4 15.7 14.0 16.0 15.1 19.0 21.0 13.3 * 15.0 14.0 17.0 15.2 11.8 17.0 16.2 15.8 16.0 13.9 20.4 20.0 14.5 * 
Direction:  n*  n n n n n* *  n* * * *  n*  n n n n n n*  n n n n n n n n n n n n n n*  n n*  n n n n*  n n n n n* *  n n n n* *  n n* * *  n n n n n* *  n* * *  n n n*  n n n n n n n n n n n n n n n n n n n n n n n*  n n n n n*  n n n n n* * * *  n n n*  n n n n n n n n n*  n n n n n n n*  n* *  n n n n n n n n n n n n n n n*  n n n n n n n n* *  n n n n*  n*  n n n n n n n n n*  n n n n n n n n n n n n n* 

41.5: Count:   0.1 (  0.1) A:  10.9 [10-14] B:  16.5 [10-25] Phase: 135 ( 7.30) Direction:  nPhase: 121 ( 3.70) Direction:  nPhase: 130 ( 2.74) Direction:  nPhase: 135 ( 3.59) Direction:  nPhase: 135 ( 4.79) Direction:  nPhase: 134 ( 4.54) Direction:  nPhase: 135 ( 4.71) Direction:  nPhase: 134 ( 4.61) Direction:  n
Phase: {0,0,0,0,0,0,0,0,0,0,0,0,0,0,0,0,0,0,0,0,0,0,0,0,0,0,0,0,0,0,0,0,0,0,0,0,0,0,0,0,0,0,0,0,0,0,0,0,0,0,0,0,0,0,0,0,0,0,0,0,0,0,0,0,0,0,0,0,0,0,0,0,0,0,0,0,0,0,0,0,0,0,0,0,0,0,0,0,0,0,0,0,0,0,17,0,0,0,0,0,5,9,0,28,7,6,0,0,0,9,13,1,7,11,18,7,38,21,18,61,15,54,45,57,61,66,70,128,49,55,101,186,108,131,55,186,122,96,73,87,90,51,64,33,48,28,44,23,11,13,18,63,0,9,10,0,19,0,0,0,1,7,0,0,21,5,0,0,0,0,1,0,0,0,0,0,0,0,0,0,5,0,0,0,0,0,0,0,0,0,0,0,0,0,0,0,0,0,0,0,0,0,0,0,0,0,0,0,0,0,0,0,0,0,0,0,0,0,0,0,0,0,0,0,0,0,0,0,0,0,0,0,0,0,0,0,0,0,0,0,0,0,0,0,0,0,0,0,0,0,0,0,0,0,0,0,0,0,0,0,0,0,0,0,0,0,0,0,0,0,0,0,0,0,0,0,0,0,0,0,0,0,0,0,0,0,0,0,0,0,0,0,0,0,0,0,0,0,0,0,0,0,0,0,0,0,0,0,0,0,0,0,0,0,0,0,0,0,0,0,0,0,0,0,0,0,0,0,0,0,0,0,0,0,0,0,0,0,0,0,0,0,0,0,0,0,0,0,0,0,0,0,0,0,0,0,0,0,0,0}
Count:   0.2   0.1   0.0   0.1   0.0   0.0   0.0   0.0   0.0   0.0   0.0   0.0   0.2   0.0   0.0   0.0   0.1   0.2   0.2   0.0   0.2   0.0   0.1   0.0   0.0   0.1   0.1   0.1   0.1   0.0   0.1   0.0   0.1   0.1   0.1   0.1   0.1   0.1   0.1   0.0   0.1   0.0   0.1   0.0   0.0   0.2   0.2   0.1   0.0   0.0   0.1   0.1   0.0   0.0   0.1   0.0   0.1   0.1   0.0   0.0   0.0   0.1   0.0   0.1   0.1   0.1   0.0   0.1   0.0   0.1   0.0   0.0   0.0   0.1   0.1   0.2   0.1   0.1   0.1   0.2   0.0   0.0   0.1   0.0   0.1   0.1   0.0   0.0   0.1   0.1   0.0   0.0   0.1   0.0   0.0   0.0   0.0   0.0   0.1   0.0   0.0   0.1   0.1   0.1   0.0   0.1   0.1   0.1   0.0   0.1   0.1   0.1   0.0   0.0   0.0   0.0   0.0   0.2   0.1   0.0   0.0   0.0   0.0   0.1   0.0   0.1   0.0   0.1   0.2   0.1   0.1   0.1   0.0   0.0   0.0   0.1   0.1   0.0   0.2   0.1   0.2   0.1   0.1   0.1   0.1   0.0   0.0   0.0   0.1   0.0   0.0   0.1   0.1   0.1   0.1   0.0   0.1   0.0   0.1   0.0   0.1   0.1   0.1   0.1   0.2   0.1   0.0   0.1   0.1   0.1   0.0   0.0   0.1   0.1   0.0   0.1   0.1   0.0   0.0   0.0   0.0   0.0   0.0   0.0   0.1   0.1   0.0   0.0   0.1   0.0   0.1   0.0   0.1   0.1   0.0   0.0   0.1   0.0   0.0   0.1 
B: 14.8 20.0 18.5 21.0 12.0 * * * * * 11.0 * 17.6 * 20.0 16.0 21.0 17.8 19.6 17.0 17.3 * 17.0 14.0 16.0 17.1 20.0 15.5 18.1 12.0 14.1 25.0 16.4 17.2 14.2 14.6 16.4 15.1 18.0 15.0 18.0 19.0 15.9 17.8 * 16.8 15.8 17.6 17.0 16.0 18.3 17.2 * * 19.9 22.0 17.0 19.5 16.0 14.0 * 17.0 13.3 12.0 13.0 14.4 13.0 22.0 17.0 15.3 18.0 * * 17.0 18.3 15.2 18.6 17.4 14.6 18.8 16.0 * 15.7 * 15.5 11.0 * * 13.0 11.0 * 16.5 16.5 13.0 13.0 * * * 16.0 17.0 23.0 23.0 13.2 19.9 21.0 23.0 18.8 17.6 * 18.0 18.9 16.0 16.0 * 19.0 * 22.0 17.4 14.2 16.0 * * 19.0 13.2 10.0 15.0 15.0 20.0 16.2 14.0 16.7 16.0 18.0 16.0 * 18.0 11.0 * 16.0 15.0 17.1 17.1 12.4 19.0 14.2 * * * 17.5 17.0 11.0 14.0 14.5 14.5 15.8 * 12.3 17.0 17.9 18.0 16.1 17.2 16.1 14.6 15.5 14.0 16.0 16.2 18.5 15.0 15.0 * 19.0 23.7 12.0 16.5 16.0 * 15.0 * * * 16.0 12.0 14.0 17.5 17.0 23.0 14.0 * 18.2 12.0 14.2 13.5 21.0 15.5 19.9 19.8 17.0 15.8 
Direction:  n n n n n* * * * *  n*  n*  n n n n n n n*  n n n n n n n n n n n n n n n n n n n n n n*  n n n n n n n* *  n n n n n n*  n n n n n n n n n n* *  n n n n n n n n*  n*  n n* *  n n*  n n n n* * *  n n n n n n n n n n*  n n n n*  n*  n n n n* *  n n n n n n n n n n n n*  n n*  n n n n n n n* * *  n n n n n n n*  n n n n n n n n n n n n n n n*  n n n n n*  n* * *  n n n n n n n*  n n n n n n n n n n

41.6: Count:   0.1 (  0.0) A:  10.8 [10-14] B:  16.1 [10-26] Phase: 135 ( 7.64) Direction:  nPhase: 118 ( 4.78) Direction:  nPhase: 121 ( 3.44) Direction:  nPhase: 127 ( 3.51) Direction:  nPhase: 131 ( 3.67) Direction:  nPhase: 137 ( 3.84) Direction:  nPhase: 135 ( 4.65) Direction:  nPhase: 138 ( 5.97) Direction:  n
Phase: {0,0,0,0,0,0,0,0,0,0,0,0,0,0,0,0,0,0,0,0,0,0,0,0,0,0,0,0,0,0,0,0,0,0,0,0,0,0,0,0,0,0,0,0,0,0,0,0,0,0,0,0,0,0,0,0,0,0,0,0,0,0,0,0,0,0,0,0,0,0,0,0,0,0,0,0,0,0,0,0,0,0,0,0,0,0,0,0,7,0,0,0,0,0,0,0,0,0,0,0,0,0,0,0,0,0,0,0,13,17,9,9,15,29,6,16,24,27,32,56,69,19,43,61,25,71,29,107,100,34,100,124,114,94,125,181,77,57,119,148,92,80,45,86,42,46,32,16,24,11,1,34,11,25,13,0,0,0,0,2,0,5,9,16,0,13,0,0,0,0,0,0,0,0,0,0,0,0,0,0,0,0,0,0,0,0,0,0,0,0,0,0,0,0,0,0,0,0,0,0,0,0,0,0,0,0,0,0,0,0,0,0,0,0,0,0,0,0,0,0,0,0,0,0,0,0,0,0,0,0,0,0,0,0,0,0,0,0,0,0,0,0,0,0,0,0,0,0,0,0,0,0,0,0,0,0,0,0,0,0,0,0,0,0,0,0,0,0,0,0,0,0,0,0,0,0,0,0,0,0,0,0,0,0,0,0,0,0,0,0,0,0,0,0,0,0,0,0,0,0,0,0,0,0,0,0,0,0,0,0,0,0,0,0,0,0,0,0,0,0,0,0,0,0,0,0,0,0,0,0,0,0,0,0,0,0,0,0,0,0,0,0,0,0,0,0,0,0,0,0,0,0,0,0,0,0,0,0,0,0}
Count:   0.2   0.1   0.1   0.1   0.0   0.1   0.0   0.0   0.0   0.0   0.1   0.0   0.2   0.0   0.0   0.0   0.1   0.1   0.2   0.0   0.1   0.1   0.1   0.0   0.0   0.0   0.1   0.0   0.2   0.0   0.2   0.0   0.1   0.2   0.1   0.1   0.1   0.0   0.1   0.0   0.1   0.0   0.0   0.1   0.0   0.0   0.1   0.1   0.0   0.1   0.1   0.2   0.0   0.0   0.1   0.0   0.1   0.1   0.1   0.0   0.1   0.0   0.0   0.1   0.0   0.0   0.0   0.1   0.2   0.1   0.2   0.1   0.1   0.1   0.0   0.1   0.1   0.1   0.1   0.2   0.0   0.0   0.1   0.0   0.2   0.0   0.1   0.1   0.0   0.1   0.0   0.0   0.0   0.1   0.0   0.0   0.0   0.2   0.1   0.0   0.0   0.1   0.0   0.2   0.0   0.1   0.1   0.1   0.0   0.1   0.1   0.1   0.0   0.0   0.0   0.0   0.0   0.1   0.1   0.0   0.1   0.0   0.0   0.0   0.0   0.1   0.1   0.1   0.1   0.1   0.0   0.1   0.0   0.0   0.0   0.1   0.0   0.0   0.1   0.0   0.1   0.1   0.0   0.1   0.1   0.0   0.0   0.0   0.1   0.0   0.0   0.1   0.1   0.1   0.1   0.1   0.1   0.0   0.1   0.0   0.2   0.1   0.1   0.0   0.1   0.1   0.1   0.1   0.1   0.0   0.0   0.0   0.2   0.1   0.0   0.1   0.1   0.1   0.0   0.1   0.1   0.0   0.0   0.1   0.1   0.0   0.0   0.0   0.1   0.0   0.1   0.0   0.0   0.1   0.1   0.0   0.0   0.1   0.1   0.1 
B: 16.0 14.6 14.2 16.8 14.0 15.0 * * 17.0 * 14.9 * 15.3 * 17.0 * 15.0 15.0 18.3 15.0 18.0 14.0 17.0 15.0 15.2 12.6 11.1 11.0 17.5 13.0 16.5 16.8 16.0 14.6 20.6 17.3 14.2 16.2 17.0 * 16.0 18.3 18.0 18.0 16.0 17.0 11.4 15.3 19.0 10.0 17.3 19.8 * * 15.9 13.0 17.9 21.0 21.5 15.0 17.0 * 13.3 14.1 11.7 19.0 * 21.5 12.4 19.0 16.1 15.0 12.2 14.0 * 17.0 20.2 13.5 22.5 16.9 16.0 * 12.0 * 16.3 * 15.0 14.0 * 17.0 17.0 17.6 15.6 12.0 14.0 * * 19.7 18.0 17.0 15.0 13.4 * 14.8 14.0 17.0 12.5 15.4 * 14.5 15.8 13.0 13.0 * * * 12.0 19.7 14.7 18.0 19.5 * 17.0 * 21.0 15.7 19.6 15.0 16.6 13.5 13.2 11.0 10.0 21.0 * 20.5 * 14.0 13.5 * 17.0 14.0 18.1 16.0 22.0 23.0 * * 13.0 11.0 19.0 15.6 15.9 13.6 13.8 18.0 12.2 16.0 19.7 * 19.5 13.2 14.0 14.0 14.1 15.0 16.2 11.6 20.0 20.0 20.0 * 17.7 14.7 * 13.0 17.6 21.0 19.0 19.0 17.0 * * 13.0 18.0 * * 20.0 16.6 * 12.4 * 15.7 15.2 15.6 17.0 17.0 14.8 16.4 14.1 
Direction:  n n n n n n* *  n*  n*  n*  n*  n n n n n n n n n n n n n n n n n n n n n n n*  n n n n n n n n n n n n* *  n n n n n n n*  n n n n*  n n n n n n n*  n n n n n n*  n*  n*  n n*  n n n n n n* *  n n n n n*  n n n n n*  n n n n* * *  n n n n n*  n*  n n n n n n n n n n*  n*  n n*  n n n n n n* *  n n n n n n n n n n n*  n n n n n n n n n n n*  n n*  n n n n n n* *  n n* *  n n*  n*  n n n n n n n n

41.7: Count:   0.1 (  0.1) A:  10.7 [10-14] B:  16.3 [10-26] Phase: 129 ( 9.02) Direction:  nPhase: 146 ( 5.07) Direction:  nPhase: 121 ( 7.88) Direction:  nPhase: 122 ( 7.11) Direction:  nPhase: 128 ( 8.10) Direction:  nPhase: 130 ( 7.38) Direction:  nPhase: 134 ( 6.59) Direction:  nPhase: 135 ( 6.59) Direction:  n
Phase: {0,0,0,0,0,0,0,0,0,0,0,0,0,0,0,0,0,0,0,0,0,0,0,0,0,0,0,0,0,0,0,0,0,0,0,0,0,0,0,0,0,0,0,0,0,0,0,0,0,0,0,0,0,0,0,0,0,0,0,0,0,0,0,0,0,0,0,0,0,0,0,0,0,0,0,13,0,5,0,0,0,0,0,0,0,0,2,0,0,0,0,0,0,0,0,17,15,0,13,13,15,12,0,0,13,0,45,0,35,16,1,19,0,0,59,0,9,36,28,59,80,127,73,33,107,86,101,86,146,78,73,85,72,51,92,195,74,68,94,38,59,61,36,72,41,45,24,22,26,24,16,31,11,31,0,0,0,15,0,0,0,0,0,0,0,13,0,0,0,0,0,7,0,0,0,0,0,0,0,0,0,0,0,0,0,0,0,0,0,0,0,0,0,0,0,0,0,0,0,0,0,0,0,0,0,0,0,0,0,0,0,0,0,0,0,0,0,0,0,0,0,0,0,0,0,0,0,0,0,0,0,0,0,0,0,0,0,0,0,0,0,0,0,0,0,0,0,0,0,0,0,0,0,0,0,0,0,0,0,0,0,0,0,0,0,0,0,0,0,0,0,0,0,0,0,0,0,0,0,0,0,0,0,0,0,0,0,0,0,0,0,0,0,0,0,0,0,0,0,0,0,0,0,0,0,0,0,0,0,0,0,0,0,0,0,0,0,0,0,0,0,0,0,0,0,0,0,0,0,0,0,0,0,0,0,0,0,0,0,0,0,0,0,0,0,0,0,0,0,0,0,0,0,0,0,0,0,0,0,0}
Count:   0.1   0.2   0.0   0.1   0.0   0.0   0.0   0.0   0.0   0.0   0.1   0.0   0.1   0.0   0.1   0.0   0.0   0.1   0.2   0.0   0.2   0.1   0.1   0.1   0.0   0.0   0.0   0.2   0.0   0.1   0.2   0.0   0.0   0.1   0.1   0.0   0.1   0.0   0.1   0.0   0.0   0.0   0.0   0.0   0.0   0.2   0.0   0.1   0.1   0.0   0.2   0.2   0.1   0.0   0.1   0.0   0.1   0.1   0.1   0.1   0.1   0.2   0.0   0.0   0.0   0.0   0.0   0.1   0.1   0.1   0.1   0.1   0.0   0.1   0.0   0.1   0.1   0.1   0.1   0.2   0.0   0.0   0.1   0.0   0.2   0.0   0.2   0.1   0.0   0.2   0.0   0.0   0.1   0.1   0.1   0.0   0.0   0.2   0.0   0.0   0.0   0.0   0.1   0.1   0.0   0.1   0.0   0.0   0.0   0.1   0.0   0.1   0.0   0.0   0.0   0.0   0.0   0.1   0.1   0.0   0.2   0.0   0.2   0.0   0.0   0.1   0.1   0.2   0.1   0.1   0.1   0.0   0.0   0.1   0.0   0.1   0.0   0.1   0.1   0.1   0.0   0.1   0.0   0.0   0.2   0.0   0.0   0.1   0.0   0.1   0.0   0.1   0.1   0.0   0.1   0.1   0.1   0.0   0.1   0.0   0.1   0.1   0.0   0.0   0.0   0.0   0.0   0.1   0.1   0.1   0.0   0.1   0.2   0.1   0.0   0.0   0.1   0.1   0.0   0.1   0.1   0.0   0.0   0.0   0.1   0.0   0.0   0.1   0.2   0.1   0.1   0.2   0.0   0.1   0.0   0.1   0.1   0.1   0.0   0.0 
B: 14.3 15.7 16.4 12.0 * * * * * * 14.0 * 16.0 * 16.6 21.0 21.0 15.0 18.7 * 17.0 16.0 19.0 18.0 16.8 18.0 14.0 14.9 18.0 15.0 15.1 13.0 12.0 16.5 15.2 * 16.8 14.8 22.6 * 17.0 19.0 20.0 14.0 20.0 16.0 17.6 13.2 13.5 * 17.0 13.5 16.0 * 13.9 14.0 16.0 14.5 16.3 16.4 14.0 16.4 23.5 * * 18.0 * 19.0 14.4 19.8 15.2 16.0 * 23.0 13.3 17.0 13.3 15.0 18.0 16.5 * 11.0 19.5 * 15.6 * 18.7 13.0 * 13.9 15.5 14.5 19.0 17.0 12.0 17.0 16.0 15.6 15.5 15.0 12.0 20.0 16.0 17.4 12.5 17.5 17.5 16.0 17.0 13.0 13.0 16.0 13.5 18.0 * * * 19.9 20.1 18.0 16.7 * 17.5 * 20.0 12.5 17.5 13.8 11.2 14.5 15.7 * 25.0 15.3 * 17.7 15.0 24.0 16.0 16.0 * 15.0 19.0 * 17.4 20.0 * 18.0 * 17.7 18.2 14.3 16.0 16.0 11.5 13.0 15.0 11.0 18.5 17.0 13.9 15.8 10.0 20.0 18.0 * * 14.0 13.0 14.0 13.0 17.0 15.7 14.6 21.0 17.0 15.0 18.0 14.0 17.0 18.3 22.0 16.6 * 18.2 * * 19.1 16.6 15.5 15.5 17.0 13.5 13.2 15.0 20.0 18.4 18.0 17.0 12.4 
Direction:  n n n n* * * * * *  n*  n*  n n n n n*  n n n n n n n n n n n n n n n*  n n n*  n n n n n n n n n*  n n n*  n n n n n n n n n* *  n*  n n n n n*  n n n n n n n*  n n*  n*  n n*  n n n n n n n n n n n n n n n n n n n n n n n n n* * *  n n n n*  n*  n n n n n n n*  n n*  n n n n n*  n n*  n n*  n*  n n n n n n n n n n n n n n n n* *  n n n n n n n n n n n n n n n n*  n* *  n n n n n n n n n n n n n

41.8: Count:   0.1 (  0.1) A:  10.9 [10-14] B:  16.4 [10-28] Phase: 132 ( 9.91) Direction:  nPhase: 122 ( 6.00) Direction:  nPhase: 136 ( 8.35) Direction:  nPhase: 124 ( 6.52) Direction:  nPhase: 125 ( 6.58) Direction:  nPhase: 134 ( 8.07) Direction:  nPhase: 131 ( 6.82) Direction:  nPhase: 132 ( 6.36) Direction:  n
Phase: {0,0,0,0,0,0,0,0,0,0,0,0,0,0,0,0,0,0,0,0,0,0,0,0,0,0,0,0,0,0,0,0,0,0,0,0,0,0,0,0,0,0,0,0,0,0,0,0,0,0,0,0,0,0,0,0,0,0,0,0,0,0,0,0,0,0,0,0,0,0,0,0,0,0,0,0,0,0,0,0,0,0,0,7,6,0,13,1,18,18,0,7,0,0,15,0,9,7,7,0,18,37,11,5,13,15,1,0,20,0,5,2,7,15,40,62,15,53,43,26,43,36,96,68,125,98,85,96,114,117,58,115,112,80,69,113,83,55,131,82,40,56,48,43,43,28,29,46,12,0,13,23,5,22,13,0,5,0,0,12,0,0,0,0,0,0,0,0,0,0,0,0,0,0,0,0,0,0,0,0,0,0,0,0,0,0,0,0,0,0,0,0,0,0,0,0,0,0,0,0,0,0,0,0,0,0,0,0,0,0,0,0,0,0,0,0,0,0,0,0,0,0,0,0,0,0,0,0,0,0,0,0,0,0,0,0,0,0,0,0,0,0,0,0,0,0,0,0,0,0,0,0,0,0,0,0,0,0,0,0,0,0,0,0,0,0,0,0,0,0,0,0,0,0,0,0,0,0,0,0,0,0,0,0,0,0,0,0,0,0,0,0,0,0,0,0,0,0,0,0,0,0,0,0,0,0,0,0,0,0,0,0,0,0,0,0,0,0,0,0,0,0,0,0,0,0,0,0,0,0,0,0,0,0,0,0,0,0,0,0,0,0,0,0,0,0,0,0,0,0,0,0,0,0,0,0,0,0,0,0}
Count:   0.0   0.1   0.0   0.0   0.1   0.0   0.1   0.0   0.1   0.1   0.2   0.0   0.0   0.0   0.0   0.0   0.0   0.0   0.1   0.1   0.1   0.0   0.1   0.0   0.0   0.1   0.1   0.2   0.1   0.1   0.0   0.1   0.1   0.0   0.1   0.1   0.1   0.0   0.0   0.1   0.0   0.0   0.0   0.0   0.0   0.0   0.1   0.2   0.0   0.1   0.0   0.1   0.0   0.0   0.0   0.0   0.1   0.0   0.1   0.1   0.0   0.0   0.1   0.1   0.1   0.1   0.1   0.0   0.1   0.0   0.0   0.1   0.0   0.0   0.0   0.1   0.1   0.1   0.1   0.1   0.0   0.0   0.0   0.1   0.1   0.2   0.1   0.2   0.0   0.1   0.0   0.1   0.0   0.0   0.1   0.1   0.1   0.1   0.0   0.0   0.0   0.1   0.1   0.1   0.1   0.1   0.0   0.1   0.0   0.0   0.1   0.1   0.0   0.0   0.1   0.1   0.0   0.0   0.1   0.0   0.0   0.0   0.0   0.1   0.1   0.1   0.1   0.0   0.1   0.1   0.1   0.1   0.1   0.0   0.1   0.1   0.0   0.1   0.0   0.0   0.0   0.1   0.1   0.0   0.0   0.0   0.0   0.0   0.0   0.0   0.0   0.0   0.1   0.0   0.2   0.0   0.0   0.0   0.1   0.0   0.0   0.2   0.0   0.1   0.1   0.1   0.1   0.2   0.2   0.1   0.1   0.0   0.1   0.2   0.1   0.0   0.2   0.1   0.0   0.1   0.1   0.1   0.1   0.0   0.0   0.0   0.0   0.0   0.0   0.1   0.1   0.1   0.0   0.1   0.1   0.1   0.0   0.0   0.0   0.1 
B: * 14.0 16.0 * 15.5 * 15.9 17.0 19.0 17.0 17.8 * * * * * * 18.0 13.0 14.0 13.0 14.0 21.5 20.0 14.0 17.4 19.3 17.3 12.2 16.0 19.0 14.1 13.7 17.2 12.3 17.7 17.1 18.8 18.2 14.1 24.0 16.8 18.5 18.0 * * 14.0 17.3 17.3 16.2 * 14.2 * * * 20.0 11.0 * 18.7 21.7 18.0 * 17.4 17.9 17.5 18.1 13.7 * 18.5 14.0 * 18.5 15.5 21.0 19.0 19.0 14.0 20.4 13.8 19.2 17.0 * * 17.0 14.6 18.2 16.0 16.9 17.6 12.3 18.7 18.2 20.0 24.0 16.0 16.9 15.1 13.2 * 14.0 * 13.7 17.0 17.0 16.8 13.1 10.0 16.5 14.0 * 20.0 16.2 * * 16.0 16.7 16.5 * 20.7 17.0 15.0 14.0 16.0 14.5 18.6 14.7 16.0 * 14.5 13.7 14.0 13.0 11.0 15.0 22.0 16.4 * 15.5 14.1 * 13.0 14.5 18.0 17.0 15.0 21.0 * 12.0 15.0 21.0 17.8 * 14.7 13.0 21.0 15.0 15.0 14.0 17.4 17.0 19.0 16.2 12.0 14.8 16.4 18.8 16.6 14.7 14.7 16.3 15.8 11.0 15.0 15.7 15.5 12.0 17.5 14.2 16.0 13.4 18.2 16.6 13.2 13.0 * 17.0 * 17.0 19.6 16.5 18.5 15.9 * 16.5 19.5 18.3 17.0 14.0 10.0 16.8 
Direction: *  n n*  n*  n n n n n* * * * * *  n n n n n n n n n n n n n n n n n n n n n n n n n n n* *  n n n n*  n* * *  n n*  n n n*  n n n n n*  n n*  n n n n n n n n n n* *  n n n n n n n n n n n n n n n*  n*  n n n n n n n n*  n n* *  n n n*  n n n n n n n n n*  n n n n n n n n*  n n*  n n n n n n*  n n n n*  n n n n n n n n n n n n n n n n n n n n n n n n n n n n n n n n*  n*  n n n n n*  n n n n n n n

41.9: Count:   0.1 (  0.1) A:  10.9 [10-13] B:  16.4 [10-27] Phase: 135 ( 9.50) Direction:  nPhase: 118 ( 4.53) Direction:  nPhase: 134 ( 5.24) Direction:  nPhase: 125 ( 4.50) Direction:  nPhase: 125 ( 4.31) Direction:  nPhase: 128 ( 4.46) Direction:  nPhase: 134 ( 4.69) Direction:  nPhase: 135 (10.74) Direction:  n
Phase: {0,0,0,0,0,0,0,0,0,0,0,0,0,0,0,0,0,0,0,0,0,0,0,0,0,0,0,0,0,0,0,0,0,0,0,0,0,0,0,0,0,0,0,0,0,0,0,0,0,0,0,0,0,0,0,0,0,0,0,0,0,0,0,0,0,0,0,0,0,1,0,0,0,1,1,0,0,0,0,0,0,7,0,1,0,0,0,26,0,0,9,17,0,0,9,19,0,0,9,0,0,42,16,25,15,11,0,28,0,1,14,0,2,50,34,11,56,49,27,33,53,42,52,85,51,123,33,36,46,75,120,100,59,120,62,148,96,63,79,86,76,73,57,126,6,44,39,41,25,0,38,5,12,8,0,0,0,0,0,0,0,0,11,2,0,15,0,0,0,0,0,0,0,0,0,0,0,0,0,0,0,0,0,0,0,0,0,0,0,0,0,0,0,0,0,0,0,0,0,0,0,0,0,0,0,0,0,0,0,0,0,0,0,0,0,0,0,0,0,0,0,0,0,0,0,0,0,0,0,0,0,0,0,0,0,0,0,0,0,0,0,0,0,0,0,0,0,0,0,0,0,0,0,0,0,0,0,0,0,0,0,0,0,0,0,0,0,0,0,0,0,0,0,0,0,0,0,0,0,0,0,0,0,0,0,0,0,0,0,0,0,0,0,0,0,0,0,0,0,0,0,0,0,0,0,0,0,0,0,0,0,0,0,0,0,0,0,0,0,0,0,0,0,0,0,0,0,0,0,0,0,0,0,0,0,0,0,0,0,0,0,0,0,0,0,0,0,0,0,0,0,0,0,0,0,0,0,0,0,0}
Count:   0.0   0.0   0.0   0.0   0.1   0.0   0.1   0.0   0.1   0.1   0.1   0.0   0.0   0.0   0.0   0.0   0.0   0.0   0.0   0.1   0.0   0.0   0.1   0.0   0.0   0.1   0.0   0.2   0.0   0.1   0.0   0.0   0.0   0.1   0.2   0.1   0.0   0.0   0.1   0.0   0.0   0.1   0.0   0.0   0.1   0.0   0.1   0.1   0.0   0.0   0.1   0.1   0.0   0.1   0.1   0.1   0.0   0.0   0.1   0.1   0.0   0.0   0.0   0.0   0.0   0.1   0.1   0.1   0.1   0.0   0.1   0.1   0.0   0.0   0.0   0.1   0.0   0.1   0.2   0.1   0.0   0.0   0.0   0.1   0.0   0.0   0.0   0.2   0.0   0.0   0.0   0.1   0.0   0.0   0.0   0.2   0.0   0.1   0.1   0.1   0.0   0.1   0.0   0.0   0.1   0.1   0.1   0.0   0.0   0.0   0.1   0.0   0.0   0.0   0.0   0.1   0.0   0.0   0.0   0.1   0.0   0.0   0.0   0.2   0.1   0.0   0.1   0.0   0.1   0.1   0.1   0.1   0.1   0.1   0.1   0.1   0.1   0.2   0.0   0.1   0.0   0.0   0.1   0.0   0.0   0.1   0.0   0.0   0.0   0.1   0.1   0.0   0.1   0.0   0.2   0.1   0.0   0.0   0.1   0.1   0.1   0.1   0.1   0.1   0.0   0.1   0.1   0.2   0.1   0.1   0.0   0.1   0.1   0.1   0.1   0.0   0.2   0.1   0.0   0.1   0.1   0.0   0.0   0.0   0.2   0.1   0.0   0.0   0.0   0.0   0.1   0.0   0.0   0.1   0.2   0.1   0.1   0.0   0.0   0.1 
B: 17.3 * * * 19.0 * 12.6 16.0 15.0 17.0 15.9 21.0 * * * * * * * 19.0 * 16.0 18.5 23.0 15.1 14.6 18.0 15.4 * 11.7 16.6 16.6 14.0 12.6 16.0 15.9 13.1 16.8 13.5 16.5 18.0 17.3 16.0 13.0 18.9 18.0 14.9 17.1 15.2 16.0 16.8 19.5 18.0 18.5 16.1 16.5 * * 17.3 17.8 17.0 * * * * 16.4 18.1 19.0 17.0 13.0 17.0 17.7 17.6 18.0 18.0 12.6 * 13.1 16.2 20.2 14.0 * * 17.0 17.0 * 15.0 15.9 19.0 * 20.0 18.0 15.8 20.5 * 19.2 11.5 14.2 18.1 16.6 * 12.0 13.6 * 19.0 16.3 21.9 20.0 * * 15.6 17.0 * * 17.0 23.5 27.0 * * 11.7 13.0 * 14.0 14.2 11.2 27.0 19.0 * 16.0 15.7 15.5 13.0 11.0 19.0 16.1 14.6 13.0 15.1 * 16.1 17.0 19.0 18.0 13.0 14.0 17.2 * 21.0 15.0 14.9 15.5 20.0 19.9 13.0 19.2 19.0 * 16.4 17.4 17.3 18.4 18.4 15.9 15.8 16.7 13.7 13.5 16.1 15.8 17.3 * 16.7 16.1 18.0 14.4 11.0 14.8 13.8 18.0 14.9 15.2 12.0 18.0 18.0 18.1 14.9 21.0 15.0 16.0 16.0 13.7 12.7 16.0 15.3 17.8 18.9 15.5 21.8 17.6 16.2 
Direction:  n* * *  n*  n n n n n n* * * * * * *  n*  n n n n n n n*  n n n n n n n n n n n n n n n n n n n n n n n n n n n* *  n n n* * * *  n n n n n n n n n n n*  n n n n* *  n n*  n n n*  n n n n*  n n n n n*  n n*  n n n n* *  n n* *  n n n* *  n n*  n n n n n*  n n n n n n n n n n*  n n n n n n n*  n n n n n n n n n*  n n n n n n n n n n n n n*  n n n n n n n n n n n n n n n n n n n n n n n n n n n n n

42.0: Count:   0.1 (  0.1) A:  11.0 [10-14] B:  16.3 [10-26] Phase: 137 ( 9.88) Direction:  nPhase: 112 ( 6.57) Direction:  nPhase: 128 ( 5.13) Direction:  nPhase: 125 ( 5.55) Direction:  nPhase: 126 ( 5.87) Direction:  nPhase: 128 ( 5.90) Direction:  nPhase: 131 ( 6.33) Direction:  nPhase: 132 ( 6.52) Direction:  n
Phase: {0,0,0,0,0,0,0,0,0,0,0,0,0,0,0,0,0,0,0,0,0,0,0,0,0,0,0,0,0,0,0,0,0,0,0,0,0,0,0,0,0,0,0,0,0,0,0,0,7,11,0,0,0,0,0,22,0,0,20,0,0,0,2,0,15,0,0,0,0,0,0,0,0,8,15,0,12,0,5,24,0,3,11,0,8,13,10,0,2,0,27,35,0,0,2,0,13,13,7,9,18,13,7,1,1,27,2,17,7,29,22,26,35,70,49,39,26,61,14,44,31,48,77,60,70,72,95,110,183,77,56,127,95,164,63,115,48,62,35,49,65,88,46,44,14,61,48,21,23,29,48,31,0,28,3,5,17,0,0,0,0,0,11,2,0,0,0,0,0,0,0,0,0,0,7,0,0,0,16,0,0,0,0,0,0,0,0,0,0,0,0,0,0,0,0,0,0,0,0,0,0,0,0,0,0,0,0,0,0,0,0,0,0,0,0,0,0,0,0,0,0,0,0,0,0,0,0,0,0,0,0,0,0,0,0,0,0,0,0,0,0,0,0,0,0,0,0,0,0,0,0,0,0,0,0,0,0,0,0,0,0,0,0,0,0,0,0,0,0,0,0,0,0,0,0,0,0,0,0,0,0,0,0,0,0,0,0,0,0,0,0,0,0,0,0,0,0,0,0,0,0,0,0,0,0,0,0,0,0,0,0,0,0,0,0,0,0,0,0,0,0,0,0,0,0,0,0,0,0,0,0,0,0,0,0,0,0,0,0,0,0,0,0,0,0,0,0,0,0,0,0,0,0,0,0,0,0,0,0,0}
Count:   0.0   0.1   0.0   0.0   0.1   0.1   0.1   0.1   0.0   0.0   0.1   0.1   0.0   0.0   0.0   0.0   0.1   0.0   0.0   0.2   0.1   0.1   0.1   0.0   0.0   0.2   0.0   0.1   0.0   0.1   0.0   0.1   0.0   0.0   0.1   0.1   0.0   0.0   0.1   0.2   0.0   0.0   0.0   0.0   0.1   0.0   0.0   0.1   0.0   0.0   0.0   0.1   0.0   0.1   0.1   0.0   0.1   0.1   0.1   0.1   0.0   0.0   0.0   0.0   0.0   0.1   0.2   0.1   0.2   0.0   0.1   0.0   0.0   0.1   0.0   0.1   0.0   0.2   0.0   0.1   0.1   0.0   0.1   0.1   0.1   0.1   0.0   0.2   0.0   0.0   0.2   0.1   0.0   0.0   0.1   0.2   0.0   0.0   0.1   0.0   0.0   0.0   0.0   0.0   0.1   0.1   0.1   0.0   0.0   0.1   0.0   0.0   0.0   0.0   0.0   0.1   0.0   0.0   0.0   0.0   0.0   0.0   0.1   0.2   0.1   0.0   0.1   0.0   0.0   0.1   0.1   0.1   0.1   0.0   0.0   0.0   0.0   0.1   0.0   0.1   0.0   0.0   0.1   0.2   0.0   0.1   0.0   0.0   0.0   0.2   0.0   0.2   0.1   0.0   0.2   0.2   0.0   0.0   0.1   0.1   0.2   0.0   0.1   0.2   0.0   0.1   0.1   0.3   0.0   0.0   0.0   0.1   0.2   0.2   0.2   0.2   0.2   0.1   0.2   0.1   0.1   0.1   0.0   0.0   0.1   0.2   0.0   0.0   0.0   0.0   0.2   0.1   0.1   0.0   0.2   0.1   0.1   0.0   0.0   0.1 
B: * 17.3 * * 15.8 15.0 14.8 14.4 * * 14.7 18.5 * * * * 23.0 * * 17.0 19.2 18.0 16.0 11.4 14.5 20.1 19.0 13.5 16.0 12.1 18.0 17.0 * 19.0 17.0 17.9 16.0 16.8 12.2 14.5 18.2 14.9 * 18.0 11.8 15.6 13.0 16.3 14.3 13.0 13.2 17.3 15.3 16.0 18.7 24.0 17.3 15.8 14.1 16.4 * * * * 16.0 18.8 17.1 17.5 16.1 22.0 15.0 12.0 14.0 12.4 20.0 14.0 * 19.6 * 13.4 12.6 * 20.0 15.0 15.6 17.0 16.0 16.3 16.0 * 17.2 16.5 16.5 20.0 13.4 15.3 13.0 * 15.0 17.0 * * 15.0 * 17.0 18.0 19.1 19.0 18.0 19.0 15.0 15.0 * 17.0 16.0 18.0 16.6 * * 17.0 14.5 * 16.2 16.7 16.9 21.5 17.0 * 15.0 13.5 15.8 10.0 11.0 18.0 * 17.0 * 13.5 * 14.7 16.0 14.0 16.0 15.7 * 14.0 19.0 15.0 18.0 19.5 10.0 18.5 16.3 * 15.7 14.2 * 13.5 19.5 16.0 14.4 16.0 16.0 17.1 16.8 13.6 13.3 17.8 26.0 * * 18.5 14.0 15.8 17.9 17.5 14.8 14.5 18.8 18.3 16.1 20.6 20.0 17.0 16.8 18.2 13.0 * 14.0 15.0 15.6 15.8 17.9 20.0 14.2 12.5 14.3 16.1 20.0 13.7 
Direction: *  n* *  n n n n* *  n n* * * *  n* *  n n n n n n n n n n n n n*  n n n n n n n n n*  n n n n n n n n n n n n n n n n n* * * *  n n n n n n n n n n n n*  n*  n n*  n n n n n n n*  n n n n n n n*  n n* *  n*  n n n n n n n n*  n n n n* *  n n*  n n n n n*  n n n n n n*  n*  n*  n n n n n*  n n n n n n n n*  n n*  n n n n n n n n n n n n* *  n n n n n n n n n n n n n n n n*  n n n n n n n n n n n n

42.1: Count:   0.1 (  0.1) A:  11.0 [10-14] B:  16.9 [10-31] Phase: 125 (13.62) Direction:  nPhase: 118 ( 7.35) Direction:  nPhase: 129 ( 6.72) Direction:  nPhase: 128 ( 7.23) Direction:  nPhase: 118 ( 6.98) Direction:  nPhase: 118 ( 6.09) Direction:  nPhase: 118 ( 6.08) Direction:  nPhase: 118 ( 6.16) Direction:  n
Phase: {0,0,0,0,0,0,0,0,0,0,0,0,0,0,0,0,0,0,0,0,0,0,0,0,0,0,0,0,0,0,0,0,0,0,0,13,0,0,15,0,0,0,0,0,0,0,0,0,0,0,13,0,0,0,11,0,0,0,0,15,13,3,0,1,0,0,0,11,0,13,0,0,14,16,0,0,7,0,15,2,0,0,0,19,5,14,1,13,18,34,29,11,0,18,20,74,17,7,48,5,0,47,9,19,55,45,33,26,5,41,18,25,42,72,23,38,19,73,163,63,69,77,86,65,73,93,119,70,93,85,75,67,70,102,72,77,26,34,89,78,44,47,47,24,5,14,17,0,39,42,38,6,1,30,0,0,5,0,0,9,0,3,7,0,0,0,0,0,0,0,0,0,0,0,0,0,0,0,0,0,0,0,0,0,0,0,0,0,0,0,0,0,0,0,0,0,0,0,0,0,0,0,0,0,0,0,0,0,0,0,0,0,0,0,0,0,0,0,0,0,0,0,0,0,0,0,0,0,0,0,0,0,0,0,0,0,0,0,0,0,0,0,0,0,0,0,0,0,0,0,0,0,0,0,0,0,0,0,0,0,0,0,0,0,0,0,0,0,0,0,0,0,0,0,0,0,0,0,0,0,0,0,0,0,0,0,0,0,0,0,0,0,0,0,0,0,0,0,0,0,0,0,0,0,0,0,0,0,0,0,0,0,0,0,0,0,0,0,0,0,0,0,0,0,0,0,0,0,0,0,0,0,0,0,0,0,0,0,0,0,0,0,0,0,0,0,0,0,0,0,0,0,0,0,0,0,0,0,0,0}
Count:   0.1   0.0   0.0   0.0   0.2   0.1   0.1   0.1   0.1   0.0   0.1   0.1   0.0   0.1   0.0   0.0   0.2   0.2   0.1   0.1   0.1   0.1   0.2   0.1   0.3   0.1   0.1   0.1   0.1   0.1   0.1   0.0   0.2   0.2   0.0   0.1   0.1   0.1   0.0   0.0   0.0   0.2   0.2   0.1   0.1   0.1   0.1   0.0   0.1   0.1   0.1   0.0   0.1   0.1   0.0   0.2   0.0   0.1   0.1   0.2   0.1   0.1   0.0   0.0   0.1   0.1   0.0   0.1   0.0   0.0   0.0   0.0   0.1   0.2   0.0   0.0   0.0   0.3   0.0   0.0   0.0   0.1   0.2   0.0   0.1   0.0   0.1   0.0   0.1   0.2   0.1   0.0   0.0   0.0   0.0   0.1   0.2   0.0   0.0   0.1   0.1   0.1   0.1   0.0   0.0   0.0   0.1   0.1   0.2   0.2   0.0   0.1   0.1   0.0   0.0   0.1   0.0   0.0   0.1   0.0   0.0   0.0   0.1   0.1   0.2   0.1   0.0   0.0   0.1   0.0   0.1   0.0   0.0   0.1   0.1   0.0   0.1   0.1   0.0   0.1   0.0   0.0   0.0   0.0   0.1   0.0   0.1   0.0   0.1   0.1   0.2   0.1   0.0   0.0   0.0   0.1   0.2   0.0   0.1   0.1   0.1   0.1   0.0   0.0   0.1   0.2   0.0   0.1   0.1   0.1   0.0   0.1   0.0   0.0   0.0   0.1   0.2   0.1   0.1   0.0   0.0   0.0   0.1   0.0   0.2   0.0   0.0   0.1   0.0   0.1   0.1   0.0   0.0   0.0   0.1   0.0   0.1   0.1   0.1   0.1 
B: 19.8 14.3 12.0 11.0 16.2 19.2 19.0 16.0 12.0 * 17.0 17.0 * 12.0 11.0 10.0 15.7 17.3 18.9 27.0 17.7 16.0 18.0 17.0 17.4 20.1 18.0 15.6 15.3 14.4 16.2 * 15.0 18.5 21.3 17.4 21.1 15.3 21.0 * * 14.7 16.3 17.3 12.0 15.4 19.0 17.0 17.0 18.0 22.5 22.0 18.4 18.2 13.0 15.6 18.0 22.4 22.6 17.8 16.3 11.2 14.0 14.0 16.3 16.0 * 16.5 * 24.0 12.0 12.0 26.0 20.2 22.0 * 22.0 16.0 16.0 13.0 * 15.0 18.4 18.0 18.3 * 22.5 22.0 14.6 13.5 17.9 17.8 14.2 20.7 19.5 18.0 16.5 18.0 * 10.0 13.7 14.5 20.6 * * * 13.0 13.5 16.8 18.8 22.1 19.5 18.0 20.0 17.0 11.0 * 16.0 13.0 * * * 24.2 17.0 20.0 13.0 27.0 * 23.0 * 11.0 21.0 14.0 17.0 16.0 * 22.0 18.0 15.0 16.7 14.8 * 22.0 * 15.5 17.0 16.2 * 15.6 16.2 17.4 17.6 13.7 17.0 15.0 11.0 18.7 16.0 14.2 18.3 17.6 16.5 17.5 14.0 16.0 15.5 26.0 11.5 14.5 13.7 11.0 14.0 12.0 13.0 19.0 20.7 16.8 14.0 19.0 * 15.0 13.0 15.5 22.0 14.4 13.0 10.0 16.5 * 16.0 16.7 16.2 20.0 13.9 15.1 18.6 15.7 20.2 17.6 17.6 
Direction:  n n n n n n n n n*  n n*  n n n n n n n n n n n n n n n n n n*  n n n n n n n* *  n n n n n n n n n n n n n n n n n n n n n n n n n*  n*  n n n n n n*  n n n n*  n n n n*  n n n n n n n n n n n n*  n n n n* * *  n n n n n n n n n n*  n n* * *  n n n n n*  n*  n n n n n*  n n n n n*  n*  n n n*  n n n n n n n n n n n n n n n n n n n n n n n n n n n n n n n*  n n n n n n n n*  n n n n n n n n n n n

42.2: Count:   0.1 (  0.1) A:  11.0 [10-13] B:  17.6 [10-31] Phase: 120 (16.74) Direction:  nPhase: 129 (11.93) Direction:  nPhase: 143 ( 7.16) Direction:  nPhase: 120 ( 9.87) Direction:  nPhase: 132 ( 8.04) Direction:  nPhase: 131 ( 8.07) Direction:  nPhase: 131 ( 7.62) Direction:  nPhase: 132 ( 7.69) Direction:  n
Phase: {0,0,0,0,0,0,0,0,0,0,0,0,0,0,0,0,0,0,0,0,0,0,0,0,0,0,0,0,0,0,0,0,0,0,0,0,0,0,0,0,0,8,0,0,0,0,0,0,0,6,0,0,0,5,11,0,0,13,13,15,15,0,51,0,13,6,0,0,15,4,7,2,5,14,0,28,5,26,19,0,51,22,14,12,2,5,5,14,31,0,38,13,17,40,13,0,39,26,50,48,1,39,21,20,38,52,13,11,35,6,12,41,23,19,55,91,53,110,71,62,98,83,55,76,107,92,32,19,75,106,84,69,105,19,29,110,42,77,32,86,88,45,69,79,36,13,2,18,22,28,26,2,10,11,0,12,15,0,7,0,0,2,0,0,0,0,2,0,0,0,0,0,0,0,5,0,0,0,0,0,0,0,0,0,0,0,0,0,0,0,0,0,0,0,0,0,0,0,0,0,0,0,0,0,0,0,0,0,0,0,0,0,0,0,0,0,0,0,0,0,0,0,0,0,0,0,0,0,0,0,0,0,0,0,0,0,0,0,0,0,0,0,0,0,0,0,0,0,0,0,0,0,0,0,0,0,0,0,0,0,0,0,0,0,0,0,0,0,0,0,0,0,0,0,0,0,0,0,0,0,0,0,0,0,0,0,0,0,0,0,0,0,0,0,0,0,0,0,0,0,0,0,0,0,0,0,0,0,0,0,0,0,0,0,0,15,0,0,0,0,0,0,0,0,0,0,0,0,0,0,0,0,0,0,0,0,13,0,0,0,0,0,0,0,0,0,0,0,0,0,0,0,0,0,0,0,0,0,0,0}
Count:   0.1   0.1   0.0   0.0   0.2   0.0   0.1   0.1   0.0   0.0   0.0   0.0   0.0   0.0   0.1   0.0   0.2   0.2   0.1   0.1   0.2   0.0   0.2   0.1   0.2   0.0   0.0   0.1   0.1   0.0   0.1   0.0   0.2   0.2   0.0   0.0   0.1   0.0   0.0   0.1   0.1   0.1   0.3   0.1   0.1   0.1   0.1   0.1   0.1   0.2   0.1   0.1   0.2   0.2   0.1   0.2   0.1   0.2   0.1   0.2   0.0   0.1   0.1   0.1   0.0   0.1   0.0   0.2   0.0   0.1   0.1   0.0   0.1   0.1   0.0   0.0   0.1   0.2   0.2   0.0   0.0   0.1   0.2   0.0   0.1   0.0   0.1   0.0   0.1   0.1   0.1   0.0   0.0   0.1   0.1   0.1   0.1   0.1   0.0   0.1   0.1   0.1   0.0   0.0   0.0   0.1   0.1   0.0   0.1   0.1   0.0   0.1   0.1   0.0   0.1   0.0   0.0   0.0   0.1   0.0   0.0   0.1   0.1   0.0   0.1   0.0   0.0   0.0   0.2   0.1   0.1   0.0   0.0   0.1   0.1   0.0   0.1   0.1   0.0   0.0   0.1   0.1   0.0   0.0   0.2   0.0   0.0   0.0   0.1   0.1   0.2   0.1   0.1   0.0   0.1   0.2   0.1   0.0   0.1   0.0   0.0   0.1   0.1   0.0   0.0   0.1   0.1   0.1   0.0   0.0   0.1   0.0   0.0   0.0   0.0   0.1   0.0   0.2   0.1   0.0   0.0   0.0   0.1   0.1   0.1   0.0   0.1   0.0   0.1   0.2   0.1   0.0   0.1   0.1   0.2   0.1   0.1   0.1   0.0   0.0 
B: 15.8 17.8 16.0 10.2 15.6 20.0 22.4 15.6 * * * * * * 11.0 17.0 19.2 15.5 20.6 17.7 17.4 22.0 12.3 18.9 19.2 14.2 * 14.0 12.8 * 17.8 17.6 20.8 17.6 23.5 17.0 12.4 17.2 17.0 21.0 17.0 19.2 17.4 19.3 24.5 15.5 22.3 16.8 14.8 14.6 18.0 22.8 19.5 16.5 19.5 16.0 16.0 17.3 18.0 20.1 16.2 15.0 18.3 18.2 26.0 14.9 26.0 24.8 * 18.8 23.8 * 17.2 11.5 17.0 * 15.4 16.5 17.6 * 17.0 16.7 19.2 28.0 20.8 * 20.0 20.0 11.0 19.7 11.5 20.0 16.5 18.6 18.9 19.5 18.6 11.7 * 11.0 18.8 15.1 22.0 * 19.0 14.3 14.5 17.0 22.5 15.4 19.5 23.2 18.4 22.0 17.7 * * 18.0 16.7 * * 12.0 15.5 * 18.6 21.0 22.5 * 20.4 17.0 22.0 13.0 * 21.0 20.0 * 16.5 15.7 12.0 19.5 17.0 25.0 24.0 * 15.5 * 21.0 * 18.8 15.1 17.4 20.8 16.4 16.0 19.5 14.8 15.2 16.2 19.0 * * 16.1 12.3 * 19.0 18.9 23.0 16.2 * 18.0 16.2 16.7 * 14.0 24.0 19.1 22.1 18.6 18.6 15.0 13.0 10.0 15.5 20.0 18.8 * 14.0 * 14.3 16.4 23.1 16.1 11.9 17.4 14.7 19.4 16.3 19.2 10.0 15.0 
Direction:  n n n n n n n n* * * * * *  n n n n n n n n n n n n*  n n*  n n n n n n n n n n n n n n n n n n n n n n n n n n n n n n n n n n n n n n*  n n*  n n n*  n n n*  n n n n n*  n n n n n n n n n n n n*  n n n n*  n n n n n n n n n n n* *  n n* *  n n*  n n n*  n n n n*  n n*  n n n n n n n*  n*  n*  n n n n n n n n n n n* *  n n*  n n n n*  n n n*  n n n n n n n n n n n n*  n*  n n n n n n n n n n n n

42.3: Count:   0.1 (  0.1) A:  11.1 [10-14] B:  17.7 [10-31] Phase: 120 (12.78) Direction:  nPhase: 147 ( 6.23) Direction:  nPhase: 125 ( 3.33) Direction:  nPhase: 132 ( 5.30) Direction:  nPhase: 132 ( 5.93) Direction:  nPhase: 132 ( 5.97) Direction:  nPhase: 134 ( 5.87) Direction:  nPhase: 135 ( 6.19) Direction:  n
Phase: {0,0,0,0,0,0,0,0,0,0,0,0,0,0,7,2,0,0,0,0,0,0,0,0,1,13,0,0,0,0,0,0,0,15,0,0,0,7,0,0,0,0,15,0,0,0,0,0,13,0,0,1,1,18,10,10,17,2,3,18,26,9,10,24,46,14,18,0,0,0,7,13,0,9,5,0,9,24,6,7,14,46,9,43,35,42,10,11,11,17,28,20,5,0,23,4,0,0,24,1,24,78,20,25,24,31,8,5,38,14,36,29,58,14,83,21,48,66,63,45,69,60,95,78,107,98,134,106,99,101,53,18,89,28,91,107,65,71,63,92,26,38,60,27,43,41,27,43,0,30,24,23,47,7,11,0,6,5,19,0,0,15,0,0,0,0,0,0,0,0,0,0,0,0,0,0,0,0,0,0,15,0,0,0,0,0,0,0,0,0,0,0,0,0,0,0,0,0,0,0,0,0,0,0,0,0,0,0,0,0,0,0,0,0,0,0,0,0,0,0,0,0,0,0,0,0,0,0,0,0,0,0,0,0,0,0,0,0,0,0,0,0,0,0,0,0,0,0,0,0,0,0,0,0,0,0,0,0,0,0,0,0,0,0,0,0,0,0,0,0,0,0,0,0,0,0,0,0,0,0,0,0,0,0,0,0,0,0,0,0,0,0,0,0,0,0,0,0,0,0,0,0,0,0,0,0,0,0,0,0,0,0,0,0,0,0,0,0,0,0,0,0,0,0,0,0,0,0,0,0,0,0,0,0,0,0,0,0,0,0,0,0,0,0,0,0,0,0,0,0,0,0,0,0,0,0,0,0,0,0}
Count:   0.2   0.1   0.0   0.0   0.1   0.0   0.0   0.2   0.0   0.0   0.0   0.0   0.0   0.0   0.1   0.1   0.1   0.2   0.0   0.3   0.3   0.0   0.1   0.1   0.1   0.0   0.0   0.0   0.0   0.1   0.0   0.0   0.1   0.1   0.1   0.0   0.1   0.0   0.0   0.2   0.1   0.0   0.2   0.1   0.2   0.0   0.1   0.1   0.1   0.2   0.1   0.0   0.2   0.1   0.2   0.3   0.0   0.2   0.3   0.0   0.0   0.1   0.1   0.1   0.0   0.2   0.0   0.1   0.1   0.0   0.2   0.0   0.1   0.0   0.0   0.0   0.0   0.2   0.1   0.0   0.0   0.1   0.1   0.0   0.0   0.0   0.1   0.1   0.0   0.1   0.0   0.1   0.0   0.1   0.1   0.1   0.1   0.1   0.0   0.1   0.2   0.1   0.0   0.0   0.1   0.1   0.2   0.0   0.1   0.2   0.0   0.1   0.2   0.0   0.1   0.0   0.0   0.0   0.0   0.0   0.0   0.1   0.1   0.1   0.1   0.0   0.0   0.0   0.1   0.0   0.1   0.0   0.0   0.1   0.1   0.0   0.0   0.0   0.0   0.0   0.1   0.1   0.0   0.0   0.1   0.0   0.2   0.0   0.2   0.2   0.2   0.0   0.1   0.0   0.3   0.1   0.0   0.1   0.2   0.0   0.0   0.0   0.2   0.0   0.1   0.1   0.1   0.1   0.0   0.0   0.3   0.1   0.2   0.1   0.1   0.0   0.2   0.0   0.1   0.0   0.1   0.0   0.0   0.1   0.1   0.0   0.1   0.0   0.2   0.2   0.1   0.0   0.1   0.2   0.1   0.1   0.1   0.1   0.1   0.1 
B: 17.8 12.7 14.0 * 21.0 13.0 17.0 15.3 * * * * 15.0 * 16.0 17.7 16.6 16.5 20.0 21.0 17.4 * 15.0 18.2 17.0 14.0 23.2 * 14.4 17.4 17.5 14.0 11.7 13.1 15.5 23.0 26.4 13.0 28.0 13.0 17.1 18.6 19.1 18.1 17.0 21.0 15.5 20.4 22.0 19.4 18.7 16.0 18.0 15.3 18.5 17.9 * 20.4 18.1 12.0 19.0 22.5 21.0 15.0 * 16.0 20.0 18.0 20.5 31.0 22.3 * 14.5 24.0 17.0 * 17.6 17.2 13.7 * * 17.7 15.5 22.0 23.0 23.0 13.0 13.1 * 16.5 * 15.0 19.5 21.7 14.8 11.0 18.6 16.6 * 25.0 19.3 19.5 17.0 * 17.0 25.0 18.7 * 23.4 17.8 16.1 15.0 18.2 * 15.5 * * * 17.0 18.0 * 25.0 14.5 16.0 18.0 * 13.0 * 17.5 * 12.0 26.0 * 20.5 19.0 * * * 15.5 * 19.0 20.5 11.0 21.0 30.0 12.0 19.2 * 15.5 15.1 16.8 16.8 16.6 * 18.8 20.0 * 20.0 18.9 * * 24.0 16.7 19.0 21.3 19.0 16.6 17.6 * * 17.1 18.0 18.1 15.9 14.0 18.0 20.4 21.0 17.1 * 19.0 22.0 17.0 17.5 12.4 23.0 13.0 * 16.0 17.0 15.6 14.0 14.9 20.2 18.1 17.1 13.0 16.5 16.5 14.6 
Direction:  n n n*  n n n n* * * *  n*  n n n n n n n*  n n n n n*  n n n n n n n n n n n n n n n n n n n n n n n n n n n n*  n n n n n n n*  n n n n n n*  n n n*  n n n* *  n n n n n n n*  n*  n n n n n n n*  n n n n*  n n n*  n n n n n*  n* * *  n n*  n n n n*  n*  n*  n n*  n n* * *  n*  n n n n n n n*  n n n n n*  n n*  n n* *  n n n n n n n* *  n n n n n n n n n*  n n n n n n n*  n n n n n n n n n n n n

42.4: Count:   0.1 (  0.1) A:  11.1 [10-15] B:  17.4 [10-30] Phase: 98 (14.83) Direction:  nPhase: 133 (10.61) Direction:  nPhase: 104 (12.28) Direction:  nPhase: 142 (13.81) Direction:  nPhase: 131 ( 8.27) Direction:  nPhase: 135 (15.76) Direction:  nPhase: 123 ( 9.12) Direction:  nPhase: 131 (14.47) Direction:  n
Phase: {0,0,0,0,0,0,0,0,0,0,7,0,0,13,5,0,0,16,0,0,0,0,7,0,15,0,0,24,0,13,0,0,10,0,0,7,6,15,0,1,30,11,0,0,8,0,7,0,0,0,4,0,5,0,22,26,22,24,0,1,7,52,0,11,0,13,29,15,10,15,32,23,0,37,7,22,26,26,12,19,40,8,34,13,7,33,40,1,3,24,12,59,26,35,52,2,29,47,35,12,8,29,12,8,15,18,37,24,14,27,4,56,60,13,14,29,94,82,40,29,81,88,53,82,61,98,65,125,113,82,101,155,81,36,108,150,36,57,104,79,40,41,101,44,28,58,33,14,37,31,21,8,37,24,20,7,8,7,38,7,5,0,0,0,0,0,0,0,7,0,13,0,0,0,0,0,0,3,0,0,0,0,0,0,0,0,0,0,0,0,0,0,0,0,0,0,0,0,0,0,0,0,0,0,0,0,0,0,0,0,0,0,0,0,0,0,0,0,0,0,0,0,0,0,0,0,0,0,0,0,0,0,0,0,0,0,0,0,0,0,0,0,0,0,0,0,0,0,0,0,0,0,0,0,0,0,0,0,0,0,0,0,0,0,0,0,0,0,0,0,0,0,0,0,0,0,0,0,0,0,0,0,0,0,0,0,0,0,0,0,0,0,0,0,0,0,0,0,0,0,0,0,0,0,0,0,0,0,0,0,0,0,0,0,0,0,0,0,0,0,0,0,0,0,0,0,0,0,0,0,0,0,0,0,0,0,0,0,0,0,0,0,0,0,0,0,0,0,0,0,11,0,0,0,0,0,0,0,0,0}
Count:   0.0   0.1   0.1   0.0   0.0   0.0   0.0   0.1   0.0   0.0   0.0   0.1   0.1   0.0   0.1   0.0   0.2   0.1   0.1   0.1   0.1   0.1   0.0   0.2   0.1   0.1   0.1   0.1   0.1   0.1   0.1   0.1   0.1   0.0   0.0   0.1   0.0   0.1   0.1   0.1   0.0   0.1   0.2   0.1   0.0   0.1   0.1   0.2   0.0   0.0   0.0   0.0   0.1   0.1   0.1   0.0   0.2   0.2   0.1   0.1   0.2   0.1   0.1   0.2   0.1   0.1   0.1   0.2   0.0   0.2   0.0   0.1   0.2   0.1   0.2   0.1   0.1   0.1   0.0   0.2   0.0   0.1   0.2   0.1   0.0   0.3   0.2   0.1   0.0   0.2   0.1   0.1   0.0   0.1   0.2   0.2   0.1   0.2   0.0   0.1   0.1   0.1   0.1   0.1   0.1   0.2   0.1   0.1   0.1   0.2   0.0   0.2   0.0   0.1   0.0   0.1   0.0   0.0   0.0   0.1   0.0   0.2   0.0   0.0   0.1   0.1   0.0   0.2   0.1   0.2   0.1   0.1   0.1   0.1   0.2   0.2   0.2   0.1   0.0   0.2   0.0   0.1   0.1   0.2   0.0   0.1   0.1   0.1   0.1   0.1   0.1   0.1   0.0   0.2   0.1   0.2   0.0   0.0   0.1   0.1   0.0   0.2   0.1   0.2   0.1   0.1   0.1   0.1   0.1   0.1   0.1   0.0   0.1   0.1   0.2   0.1   0.0   0.1   0.0   0.0   0.1   0.1   0.1   0.1   0.0   0.2   0.1   0.0   0.1   0.0   0.2   0.1   0.0   0.2   0.1   0.1   0.1   0.2   0.0   0.1 
B: * 19.0 19.3 * 18.2 * 17.0 12.7 * 19.0 19.0 13.2 14.4 * 15.2 16.0 15.3 18.8 19.1 19.0 14.0 16.0 22.0 16.8 17.9 17.8 18.0 18.4 19.5 18.5 15.6 21.1 16.7 19.0 13.7 20.7 26.0 19.4 12.1 14.3 12.0 16.7 16.7 13.2 13.0 18.1 16.7 18.9 15.7 21.0 12.0 12.0 12.6 22.5 14.0 22.0 16.6 17.3 20.0 16.2 18.6 14.9 18.0 15.5 18.3 20.8 19.9 17.0 17.2 21.5 * 15.3 15.2 21.0 19.3 16.5 16.9 12.9 * 15.1 16.0 16.0 16.8 18.2 20.0 17.9 17.3 22.0 15.0 24.5 14.4 18.3 18.1 18.1 20.0 15.9 17.6 17.2 10.0 22.0 19.7 16.2 17.4 22.0 14.1 16.9 15.6 16.5 18.8 14.3 * 18.1 16.3 17.8 12.0 21.0 21.0 * 22.0 20.6 20.6 16.3 15.1 14.0 25.0 19.2 13.0 17.3 11.4 19.9 19.9 25.0 20.5 29.0 17.0 16.9 18.8 22.0 * 16.5 19.0 17.0 14.8 14.9 17.6 20.7 13.0 14.0 19.0 16.4 19.2 19.2 20.6 16.4 14.5 13.8 20.0 * 17.6 16.8 * 17.2 14.8 15.8 14.5 21.5 15.1 13.4 20.5 15.6 23.3 16.0 18.7 14.0 15.7 20.1 18.0 20.0 14.0 17.0 14.0 14.5 15.7 22.7 19.0 15.2 13.2 21.0 15.8 * 19.7 13.3 19.0 15.9 16.7 18.5 18.6 18.3 19.0 16.8 
Direction: *  n n*  n*  n n*  n n n n*  n n n n n n n n n n n n n n n n n n n n n n n n n n n n n n n n n n n n n n n n n n n n n n n n n n n n n n n n*  n n n n n n n*  n n n n n n n n n n n n n n n n n n n n n n n n n n n n n n n*  n n n n n n*  n n n n n n n n n n n n n n n n n n n n*  n n n n n n n n n n n n n n n n n n*  n n*  n n n n n n n n n n n n n n n n n n n n n n n n n n n n*  n n n n n n n n n n

42.5: Count:   0.1 (  0.1) A:  11.2 [10-14] B:  17.9 [10-34] Phase: 96 (13.16) Direction:  nPhase: 126 ( 9.50) Direction:  nPhase: 149 ( 7.12) Direction:  nPhase: 58 (17.55) Direction:  {47 133}Phase: 122 (14.34) Direction:  nPhase: 127 (12.41) Direction:  nPhase: 127 (12.12) Direction:  nPhase: 127 (11.75) Direction:  n
Phase: {0,0,0,0,0,0,0,0,0,0,5,0,0,0,0,0,0,5,0,13,0,0,15,0,0,0,0,14,7,8,14,13,4,0,6,12,22,20,9,17,13,0,24,0,5,30,35,5,31,4,33,0,11,7,25,27,26,24,17,17,22,36,41,31,18,18,29,27,22,11,17,0,9,24,16,20,6,25,16,5,0,7,28,0,14,22,26,79,63,27,70,17,22,13,48,28,27,10,46,23,50,12,40,42,23,24,4,47,42,78,33,75,45,28,23,34,76,76,23,71,67,57,92,99,106,200,79,81,71,76,45,48,66,42,67,185,49,70,55,46,32,20,54,42,15,37,36,20,39,14,0,52,14,28,37,14,11,14,20,12,0,0,0,0,5,0,0,0,0,0,0,0,0,0,2,0,0,0,0,0,0,0,0,0,0,0,1,0,0,0,0,0,0,0,0,0,0,0,0,0,0,0,0,0,0,0,0,0,0,0,0,0,0,0,0,0,0,0,0,0,0,0,0,0,0,0,0,0,0,0,0,0,0,0,0,0,0,0,0,0,0,0,0,0,0,0,0,0,0,0,0,0,0,0,0,0,0,0,0,0,0,0,0,0,0,0,0,0,0,0,0,0,0,0,0,0,0,0,0,0,0,0,0,0,0,0,0,0,0,0,0,0,0,0,0,0,0,0,0,1,0,0,0,0,0,0,0,0,0,0,0,0,0,0,0,0,0,0,0,0,0,0,0,0,0,0,0,0,0,0,0,0,0,9,0,0,0,0,0,0,0,0,0,0,0,0,0,0,0,0,0,0,0,0,0,0,0,0,0,0}
Count:   0.1   0.0   0.1   0.0   0.0   0.1   0.0   0.0   0.1   0.0   0.1   0.1   0.1   0.1   0.1   0.0   0.2   0.1   0.2   0.1   0.1   0.0   0.0   0.1   0.1   0.0   0.0   0.1   0.1   0.1   0.1   0.2   0.1   0.0   0.0   0.2   0.0   0.2   0.1   0.2   0.0   0.3   0.3   0.1   0.0   0.1   0.2   0.2   0.0   0.0   0.0   0.0   0.1   0.1   0.1   0.0   0.1   0.1   0.2   0.0   0.3   0.0   0.2   0.1   0.1   0.1   0.1   0.1   0.1   0.2   0.1   0.1   0.1   0.1   0.1   0.1   0.1   0.1   0.1   0.1   0.0   0.1   0.2   0.1   0.1   0.2   0.1   0.0   0.0   0.2   0.2   0.2   0.1   0.1   0.1   0.4   0.1   0.3   0.0   0.2   0.1   0.0   0.0   0.2   0.0   0.1   0.2   0.1   0.0   0.3   0.0   0.2   0.1   0.2   0.0   0.1   0.1   0.0   0.2   0.2   0.0   0.1   0.0   0.0   0.0   0.1   0.0   0.2   0.0   0.4   0.0   0.1   0.1   0.1   0.2   0.1   0.2   0.0   0.0   0.0   0.0   0.2   0.2   0.0   0.1   0.1   0.3   0.1   0.0   0.1   0.0   0.1   0.0   0.2   0.2   0.2   0.0   0.1   0.0   0.1   0.2   0.3   0.2   0.2   0.1   0.2   0.0   0.2   0.3   0.0   0.0   0.0   0.1   0.0   0.1   0.0   0.1   0.0   0.0   0.1   0.0   0.1   0.0   0.1   0.1   0.2   0.2   0.0   0.1   0.0   0.1   0.1   0.1   0.1   0.0   0.0   0.1   0.1   0.0   0.1 
B: 11.8 23.0 17.6 11.0 15.0 20.0 15.0 * 13.0 16.0 17.0 16.0 17.0 19.0 14.0 16.0 20.2 17.0 15.2 18.0 19.3 * 30.0 17.4 17.4 17.7 24.0 18.8 17.4 15.2 20.2 16.0 15.3 20.4 12.3 16.2 18.0 16.4 19.2 15.2 19.4 16.5 18.0 13.0 12.0 19.1 18.2 15.3 22.3 16.0 * * 22.0 22.0 16.0 20.0 15.1 18.0 17.3 20.0 19.8 14.0 18.9 13.3 12.0 16.0 22.0 26.6 14.2 23.2 21.6 21.0 13.0 21.7 15.5 19.5 20.0 18.0 17.2 19.5 27.2 16.6 19.6 14.4 19.1 16.9 14.8 * 13.0 17.7 20.9 15.5 18.3 20.0 19.8 16.3 21.3 19.9 18.6 13.4 13.0 14.0 19.0 19.0 19.8 12.9 15.1 18.5 18.1 20.9 16.0 20.5 15.6 17.1 * 15.6 13.4 * 19.6 17.6 16.8 16.0 * 16.0 * 18.0 * 14.5 13.5 14.6 15.0 24.0 14.0 20.5 17.0 17.0 21.4 * * 12.0 * 23.8 18.2 16.0 23.0 23.2 16.5 22.0 16.3 18.2 15.5 19.3 18.8 18.8 18.6 22.7 * 16.5 * 17.1 23.0 18.7 22.1 18.7 23.7 18.4 18.0 16.6 18.1 16.0 14.0 20.0 21.5 13.0 18.6 15.0 20.5 13.0 22.0 19.1 * 13.5 * 14.3 20.5 16.5 15.7 16.0 18.1 * 17.3 17.9 19.0 15.6 * 24.3 18.2 18.5 15.6 17.2 
Direction:  n n n n n n n*  n n n n n n n n n n n n n*  n n n n n n n n n n n n n n n n n n n n n n n n n n n n* *  n n n n n n n n n n n n n n n n n n n n n n n n n n n n n n n n n n n*  n n n n n n n n n n n n n n n n n n n n n n n n n n*  n n*  n n n n*  n*  n*  n n n n n n n n n n* *  n*  n n n n n n n n n n n n n n n*  n*  n n n n n n n n n n n n n n n n n n n n n*  n*  n n n n n n*  n n n n*  n n n n n

42.6: Count:   0.1 (  0.1) A:  11.3 [10-15] B:  18.6 [10-34] Phase: 72 (21.05) Direction:  {65 115}Phase: 125 (11.74) Direction:  nPhase: 135 (13.47) Direction:  nPhase: 127 (15.86) Direction:  nPhase: 125 (16.31) Direction:  nPhase: 125 (16.14) Direction:  nPhase: 131 (16.04) Direction:  nPhase: 128 (17.38) Direction:  n
Phase: {8,7,0,0,9,0,0,1,2,5,13,0,13,6,0,11,15,5,0,1,0,0,7,11,0,1,0,13,0,0,0,10,0,11,6,5,13,20,0,5,0,16,52,2,7,6,24,35,5,38,8,9,3,50,17,1,1,18,81,31,13,33,13,32,44,62,49,31,40,41,25,43,23,72,59,64,9,29,66,46,20,26,45,18,28,49,2,18,24,22,58,2,33,24,38,36,17,1,13,70,16,3,6,19,55,89,18,8,32,26,19,72,53,77,98,58,35,87,118,105,98,84,87,118,69,128,90,58,148,79,9,81,65,89,101,136,35,35,26,58,19,45,58,49,29,25,18,14,21,27,5,52,21,20,33,0,17,0,0,0,15,0,0,0,8,0,0,7,0,0,0,0,0,0,0,0,0,0,0,0,0,0,0,0,0,0,0,0,0,0,0,0,0,0,0,0,0,0,0,0,0,0,0,0,0,0,0,0,0,0,0,0,0,0,0,0,0,0,0,0,0,0,0,0,0,0,0,0,0,0,0,0,0,0,0,0,0,0,0,0,0,0,0,0,0,0,0,0,0,0,0,0,0,0,0,0,0,0,0,0,0,0,0,0,0,0,0,0,0,0,0,0,0,0,0,0,0,0,0,0,0,0,0,0,0,0,0,0,0,0,0,0,0,3,0,0,0,0,0,0,0,0,0,0,0,0,0,0,0,0,0,0,0,0,0,0,0,0,0,0,0,0,0,0,0,0,0,0,0,0,0,4,0,0,0,0,0,0,0,0,0,0,0,4,0,0,0,0,0,0,0,0,0,5,0,0,0,6,0,0}
Count:   0.3   0.0   0.0   0.1   0.1   0.1   0.1   0.2   0.0   0.0   0.2   0.1   0.1   0.1   0.1   0.0   0.0   0.0   0.3   0.1   0.2   0.0   0.1   0.1   0.1   0.1   0.0   0.1   0.1   0.1   0.1   0.1   0.2   0.1   0.1   0.3   0.0   0.3   0.1   0.1   0.0   0.2   0.3   0.1   0.1   0.2   0.1   0.1   0.1   0.0   0.1   0.0   0.1   0.2   0.1   0.1   0.2   0.1   0.0   0.1   0.2   0.1   0.3   0.1   0.1   0.1   0.1   0.2   0.0   0.2   0.1   0.1   0.2   0.1   0.1   0.1   0.1   0.2   0.1   0.1   0.0   0.1   0.1   0.1   0.0   0.3   0.1   0.0   0.1   0.4   0.2   0.2   0.0   0.0   0.2   0.4   0.0   0.2   0.0   0.1   0.0   0.0   0.0   0.1   0.0   0.0   0.2   0.1   0.0   0.2   0.1   0.1   0.1   0.1   0.0   0.1   0.1   0.0   0.2   0.1   0.0   0.2   0.0   0.1   0.2   0.1   0.0   0.2   0.0   0.3   0.0   0.1   0.2   0.1   0.1   0.2   0.2   0.2   0.0   0.2   0.0   0.0   0.2   0.0   0.0   0.0   0.3   0.1   0.1   0.1   0.1   0.1   0.1   0.2   0.2   0.1   0.1   0.1   0.1   0.0   0.1   0.2   0.3   0.4   0.1   0.2   0.1   0.1   0.3   0.1   0.1   0.1   0.1   0.0   0.2   0.0   0.0   0.0   0.0   0.1   0.1   0.0   0.0   0.1   0.0   0.2   0.2   0.1   0.1   0.0   0.1   0.2   0.2   0.1   0.1   0.0   0.3   0.2   0.0   0.1 
B: 16.9 24.0 20.5 11.6 16.7 21.5 14.0 15.3 15.0 20.0 19.4 14.9 17.0 11.0 19.6 17.0 * 18.0 18.8 20.7 18.2 * 18.6 22.9 17.1 19.3 18.0 18.8 17.9 14.7 17.4 18.7 19.9 15.8 19.7 19.9 21.0 21.8 19.2 17.2 17.7 22.2 20.2 19.2 11.2 17.6 22.9 14.6 24.1 27.0 19.0 19.0 17.2 20.0 26.0 17.0 20.7 16.0 * 19.0 20.4 12.0 17.3 18.7 14.8 17.7 23.5 18.1 22.2 20.7 24.0 22.0 20.4 19.4 15.0 21.0 17.7 19.6 15.1 20.5 17.0 17.0 16.5 16.2 18.0 16.4 15.1 * 13.0 20.1 23.7 19.3 19.5 20.0 16.6 20.4 15.7 22.4 11.5 15.5 20.0 15.5 18.5 20.6 14.0 22.5 15.5 22.5 17.5 19.4 19.0 17.5 12.9 15.0 18.0 20.0 13.7 * 20.7 16.9 24.6 18.4 14.0 21.3 22.0 20.5 13.0 18.5 23.0 16.8 16.5 16.5 23.9 22.0 23.2 18.4 21.5 19.6 19.5 17.2 13.0 16.0 17.7 12.0 * * 17.0 18.0 13.3 14.4 15.8 13.3 18.2 17.5 16.0 16.0 16.0 16.3 22.0 16.0 20.3 19.6 20.3 16.2 20.9 21.0 24.1 23.5 21.7 14.7 15.5 24.5 18.0 * 17.7 * * * 23.0 19.5 23.0 11.0 * 21.0 22.0 21.5 16.3 15.5 22.3 12.0 18.6 17.1 14.2 21.4 17.6 * 17.7 17.1 19.1 16.4 
Direction:  n n n n n n n n n n n n n n n n*  n n n n*  n n n n n n n n n n n n n n n n n n n n n n n n n n n n n n n n n n n n*  n n n n n n n n n n n n n n n n n n n n n n n n n n n n*  n n n n n n n n n n n n n n n n n n n n n n n n n n n n n*  n n n n n n n n n n n n n n n n n n n n n n n n n n* *  n n n n n n n n n n n n n n n n n n n n n n n n n n n*  n* * *  n n n n*  n n n n n n n n n n n n*  n n n n

42.7: Count:   0.1 (  0.1) A:  11.4 [10-16] B:  19.8 [10-38] Phase: 117 (26.48) Direction:  nPhase: 73 (10.10) Direction:  {66 114}Phase: 51 (15.20) Direction:  {40 140}Phase: 92 (18.80) Direction:  nPhase: 99 (15.51) Direction:  nPhase: 101 (17.75) Direction:  nPhase: 99 (18.15) Direction:  nPhase: 98 (18.28) Direction:  n
Phase: {0,0,0,0,0,0,0,0,15,0,26,15,1,0,7,0,0,5,0,15,17,20,5,9,16,23,11,0,0,5,25,29,28,7,24,14,9,10,0,35,43,0,6,55,14,39,46,28,13,39,20,51,20,29,14,14,10,20,34,41,25,74,27,97,30,14,53,57,39,60,52,32,67,100,37,32,97,57,27,37,57,58,65,82,58,60,50,20,56,30,94,61,46,59,15,43,21,43,30,7,54,81,29,51,43,70,92,108,85,57,121,75,67,45,20,80,60,80,71,63,63,56,58,30,73,70,19,81,72,58,48,7,24,53,32,62,40,45,24,51,32,42,15,60,5,54,46,16,17,6,17,20,22,15,12,0,15,35,6,7,20,14,11,22,1,5,0,13,0,0,15,0,0,0,1,0,0,0,0,0,0,0,0,0,0,0,0,0,0,0,0,0,0,0,0,0,0,0,0,0,0,0,0,0,0,0,0,0,0,0,0,0,0,0,0,0,0,0,0,0,0,0,0,0,0,0,0,0,0,0,0,0,0,0,0,0,0,0,0,0,0,0,0,0,0,0,0,0,0,0,0,0,0,0,0,0,0,0,0,0,0,0,0,0,0,0,0,0,0,0,0,0,0,0,0,0,0,0,0,0,0,0,0,0,0,0,0,0,0,0,0,0,0,0,0,0,0,0,0,0,0,0,0,0,0,0,0,0,0,0,0,0,0,0,0,0,0,0,0,0,0,0,0,0,0,0,0,0,0,0,0,0,0,0,0,0,0,0,0,0,0,5,0,4,0,15,0,0,0,5,0,0,0,0,0,13,0,0,1,0}
Count:   0.0   0.0   0.0   0.0   0.1   0.1   0.0   0.0   0.0   0.1   0.0   0.0   0.1   0.0   0.0   0.0   0.1   0.2   0.1   0.2   0.1   0.3   0.0   0.2   0.2   0.1   0.1   0.1   0.1   0.2   0.1   0.0   0.2   0.1   0.1   0.2   0.3   0.3   0.1   0.3   0.1   0.0   0.0   0.1   0.2   0.2   0.1   0.1   0.2   0.1   0.0   0.4   0.3   0.1   0.2   0.2   0.1   0.2   0.2   0.3   0.0   0.2   0.2   0.2   0.2   0.0   0.2   0.2   0.2   0.1   0.1   0.1   0.2   0.1   0.2   0.1   0.1   0.3   0.2   0.0   0.1   0.2   0.2   0.1   0.1   0.1   0.2   0.1   0.2   0.4   0.0   0.0   0.1   0.2   0.2   0.1   0.2   0.1   0.1   0.0   0.2   0.1   0.2   0.1   0.0   0.0   0.0   0.2   0.1   0.2   0.1   0.1   0.2   0.1   0.1   0.1   0.2   0.2   0.0   0.1   0.1   0.0   0.0   0.0   0.2   0.2   0.2   0.1   0.2   0.3   0.1   0.2   0.2   0.2   0.0   0.2   0.1   0.1   0.3   0.2   0.0   0.2   0.4   0.0   0.1   0.1   0.1   0.1   0.2   0.2   0.2   0.1   0.1   0.2   0.2   0.2   0.1   0.1   0.0   0.1   0.1   0.0   0.1   0.2   0.2   0.3   0.2   0.0   0.0   0.1   0.2   0.1   0.1   0.1   0.2   0.0   0.1   0.2   0.1   0.1   0.3   0.1   0.1   0.1   0.2   0.2   0.1   0.1   0.1   0.1   0.0   0.1   0.2   0.4   0.2   0.1   0.2   0.1   0.1   0.1 
B: 13.4 11.1 16.0 15.0 14.6 18.5 11.0 * 12.0 16.2 14.0 24.0 15.0 * * * 23.6 21.5 23.5 18.2 21.7 20.9 23.0 19.4 26.4 21.1 13.4 19.0 21.2 18.5 16.9 16.1 25.3 17.3 20.4 22.8 21.8 19.5 19.3 14.1 17.1 20.7 * 21.1 16.5 19.9 20.3 19.8 19.6 18.5 19.8 17.4 20.7 16.1 22.0 20.7 20.4 19.1 15.6 18.4 20.3 16.1 17.4 22.0 16.6 * 15.9 25.4 18.3 21.9 20.6 18.1 24.9 14.8 21.5 21.5 22.6 19.9 14.2 22.0 15.5 22.0 17.1 30.5 27.8 21.5 21.0 17.7 16.3 16.9 15.8 20.5 18.0 19.0 15.4 15.6 19.7 28.0 23.0 19.0 17.1 21.1 22.6 18.5 * 26.0 21.5 20.1 14.2 18.2 13.7 19.6 20.3 14.6 16.2 19.2 20.5 19.8 19.5 22.0 21.4 23.0 14.0 19.0 21.3 22.0 18.6 20.3 24.0 22.1 21.5 20.6 19.5 21.2 20.3 21.4 17.6 19.0 20.4 23.7 23.0 18.6 20.9 19.5 18.2 12.0 16.0 17.7 22.4 22.5 18.5 20.7 23.2 22.3 20.9 19.1 24.0 21.6 24.0 18.8 23.5 11.4 17.1 20.5 19.9 19.7 17.7 17.0 11.0 28.9 18.7 20.8 20.3 22.6 20.0 31.0 23.6 21.7 18.5 18.7 17.7 21.5 35.4 24.0 19.6 19.6 24.3 20.5 23.5 21.4 20.7 17.4 21.8 19.2 26.7 15.3 17.4 19.6 19.5 13.0 
Direction:  n n n n n n n*  n n n n n* * *  n n n n n n n n n n n n n n n n n n n n n n n n n n*  n n n n n n n n n n n n n n n n n n n n n n*  n n n n n n n n n n n n n n n n n n n n n n n n n n n n n n n n n n n n n n*  n n n n n n n n n n n n n n n n n n n n n n n n n n n n n n n n n n n n n n n n n n n n n n n n n n n n n n n n n n n n n n n n n n n n n n n n n n n n n n n n n n n n n n n n n n n n n n n

42.8: Count:   0.1 (  0.1) A:  11.5 [10-17] B:  20.1 [10-41] Phase: 77 (25.21) Direction:  {74 106}Phase: 45 (10.54) Direction:  {34 146}Phase: 115 (16.24) Direction:  nPhase: 121 (14.89) Direction:  nPhase: 129 (15.50) Direction:  nPhase: 112 (14.23) Direction:  nPhase: 116 (15.09) Direction:  nPhase: 128 (13.19) Direction:  n
Phase: {7,0,0,1,0,17,24,1,2,0,1,7,0,17,0,0,25,10,23,9,10,14,9,13,20,7,14,7,14,30,19,28,35,29,15,42,28,20,20,31,8,72,45,48,20,22,66,22,28,57,70,57,59,58,17,60,47,56,73,24,44,0,32,43,31,14,63,49,33,62,14,16,79,94,28,67,85,47,23,48,53,61,53,51,67,91,55,0,43,80,71,52,31,29,50,67,98,29,43,58,90,35,27,34,22,43,48,58,95,60,51,89,104,88,74,16,30,113,81,89,97,123,53,83,56,160,78,83,51,110,66,78,12,37,74,102,50,9,22,29,20,49,6,24,0,35,15,15,5,0,32,24,4,15,6,24,16,13,13,6,5,0,15,4,0,0,1,0,0,0,0,5,0,0,0,0,0,0,0,0,0,0,0,0,0,0,0,0,0,0,0,0,0,0,0,0,0,0,0,0,0,0,5,0,0,0,0,0,0,0,0,0,0,0,0,0,0,0,0,0,0,0,0,0,0,0,0,0,0,0,0,0,0,0,0,0,0,0,0,0,0,0,0,0,0,0,0,0,0,0,0,0,0,0,0,0,0,0,0,0,0,0,0,0,0,0,0,0,0,0,0,0,0,0,0,0,0,0,0,0,0,0,0,0,0,0,0,0,0,0,0,0,0,0,0,0,0,0,0,0,0,0,0,0,0,0,0,0,0,0,0,0,0,0,0,0,0,0,5,0,0,0,0,0,0,0,0,0,0,0,0,0,15,0,0,0,0,0,9,0,0,0,15,15,0,0,0,0,0,15,0,0,0,7,0,0,0,0,16,26}
Count:   0.0   0.1   0.1   0.0   0.2   0.1   0.0   0.1   0.1   0.1   0.0   0.1   0.2   0.0   0.1   0.0   0.1   0.2   0.2   0.2   0.1   0.1   0.1   0.3   0.0   0.3   0.1   0.2   0.0   0.2   0.2   0.0   0.1   0.1   0.1   0.3   0.1   0.3   0.1   0.2   0.1   0.1   0.1   0.1   0.1   0.2   0.1   0.1   0.0   0.1   0.1   0.3   0.4   0.0   0.1   0.3   0.1   0.3   0.1   0.1   0.2   0.1   0.2   0.1   0.1   0.0   0.2   0.1   0.2   0.0   0.1   0.4   0.3   0.1   0.3   0.2   0.1   0.5   0.1   0.2   0.0   0.2   0.2   0.2   0.2   0.2   0.1   0.1   0.1   0.3   0.3   0.0   0.1   0.2   0.2   0.2   0.0   0.2   0.1   0.2   0.1   0.1   0.2   0.1   0.0   0.2   0.1   0.1   0.2   0.2   0.0   0.1   0.1   0.1   0.0   0.2   0.0   0.2   0.0   0.0   0.1   0.2   0.2   0.1   0.2   0.3   0.1   0.2   0.1   0.3   0.2   0.1   0.2   0.1   0.0   0.2   0.0   0.1   0.4   0.2   0.0   0.2   0.4   0.1   0.1   0.1   0.0   0.1   0.2   0.2   0.1   0.2   0.1   0.4   0.4   0.2   0.2   0.1   0.1   0.2   0.2   0.2   0.1   0.2   0.2   0.2   0.2   0.0   0.2   0.2   0.2   0.1   0.1   0.2   0.1   0.1   0.1   0.2   0.0   0.0   0.2   0.1   0.1   0.0   0.1   0.1   0.1   0.1   0.2   0.2   0.2   0.2   0.1   0.5   0.1   0.2   0.2   0.1   0.1   0.0 
B: 19.0 17.2 18.1 26.0 17.3 16.3 18.0 28.0 19.6 14.8 * 21.0 15.4 16.0 23.0 * 18.0 16.7 21.5 22.0 23.2 16.3 18.0 19.0 18.6 17.2 14.7 20.6 18.5 19.9 17.5 15.6 20.4 21.5 18.1 20.4 18.1 21.0 18.8 21.3 22.6 25.8 22.1 15.0 24.0 20.5 20.2 20.2 * 22.0 22.6 17.5 19.5 * 21.9 23.3 21.5 20.5 18.5 17.4 20.0 19.4 19.5 17.0 14.5 21.0 14.8 25.8 16.5 18.0 14.5 21.2 24.4 20.4 19.9 20.2 25.0 19.2 16.8 22.2 20.0 27.6 19.2 25.6 17.8 21.2 21.5 19.3 15.8 21.7 19.8 15.0 18.7 23.3 16.4 24.7 14.5 15.4 23.1 19.8 13.0 17.8 21.0 19.3 18.1 21.8 14.5 23.2 17.8 20.5 18.0 23.2 28.0 21.1 20.5 27.9 23.2 19.1 24.5 19.5 18.1 15.1 19.6 21.7 25.0 23.0 21.1 26.5 21.8 18.6 19.0 12.2 21.8 16.0 18.0 21.1 22.5 15.0 18.2 19.0 17.0 27.2 18.0 18.1 22.8 11.0 11.0 15.8 20.3 23.0 18.2 20.7 19.0 17.6 17.7 19.7 21.6 24.2 18.2 18.4 25.6 20.5 19.6 18.0 21.7 19.2 19.1 * 19.5 23.0 17.1 18.7 16.4 19.5 26.4 21.9 18.1 17.2 14.8 * 20.1 24.6 22.9 22.0 18.0 20.6 20.0 21.2 19.1 19.7 16.7 17.7 17.8 22.2 25.1 25.2 21.2 20.2 19.3 21.8 
Direction:  n n n n n n n n n n*  n n n n*  n n n n n n n n n n n n n n n n n n n n n n n n n n n n n n n n*  n n n n*  n n n n n n n n n n n n n n n n n n n n n n n n n n n n n n n n n n n n n n n n n n n n n n n n n n n n n n n n n n n n n n n n n n n n n n n n n n n n n n n n n n n n n n n n n n n n n n n n n n n n n n n n n n n n n n n n n*  n n n n n n n n n n n*  n n n n n n n n n n n n n n n n n n n n

42.9: Count:   0.2 (  0.1) A:  11.5 [10-17] B:  18.9 [10-45] Phase: 111 (23.04) Direction:  nPhase: 40 (10.51) Direction:  {30 150}Phase: 76 (12.62) Direction:  {72 108}Phase: 95 (18.01) Direction:  nPhase: 101 (17.83) Direction:  nPhase: 113 (16.86) Direction:  nPhase: 122 (15.91) Direction:  nPhase: 130 (15.30) Direction:  n
Phase: {22,5,0,15,17,0,0,35,5,15,5,21,17,0,25,22,13,6,5,33,45,20,39,15,38,7,15,15,39,42,27,27,3,59,25,27,59,77,34,33,22,54,38,24,27,82,50,43,51,46,29,57,87,51,19,66,34,0,73,41,47,80,26,72,27,71,69,17,76,76,31,27,61,58,63,84,61,39,49,113,116,50,32,52,21,74,81,59,68,44,86,90,55,65,60,24,31,22,108,64,47,38,23,44,27,0,39,40,55,24,78,39,66,55,77,43,94,84,106,66,58,91,83,83,96,62,58,75,124,79,148,78,158,125,66,97,60,9,21,129,56,46,21,40,38,50,34,35,6,31,13,10,0,30,13,7,14,0,0,0,0,0,7,0,0,0,7,0,0,0,0,0,0,0,0,0,0,0,0,0,0,0,0,0,0,0,0,0,0,0,0,0,0,0,0,0,0,0,15,0,0,0,0,0,0,0,0,0,0,0,0,0,0,0,0,0,0,0,0,0,0,0,0,0,0,0,0,0,0,0,5,0,0,0,0,0,0,0,0,0,0,0,0,0,0,0,0,0,0,0,0,0,0,0,0,0,0,0,0,0,0,0,0,0,0,0,0,0,0,0,0,0,0,0,0,0,0,1,0,0,0,0,0,0,0,0,0,0,0,0,0,0,0,0,0,0,0,0,0,0,0,0,0,0,0,0,0,0,0,0,13,0,0,0,0,0,0,0,0,0,0,0,0,0,1,0,0,0,0,1,0,0,0,0,0,0,0,0,0,0,0,0,1,8,0,0,0,17,0,0,0,0,0,0,0,0,13,0,13,9}
Count:   0.1   0.1   0.1   0.0   0.2   0.1   0.1   0.0   0.0   0.2   0.0   0.0   0.1   0.0   0.1   0.0   0.2   0.3   0.3   0.3   0.1   0.2   0.0   0.2   0.1   0.1   0.1   0.3   0.1   0.3   0.2   0.1   0.2   0.2   0.1   0.2   0.2   0.5   0.2   0.1   0.2   0.2   0.1   0.1   0.3   0.3   0.1   0.1   0.2   0.1   0.1   0.3   0.4   0.1   0.1   0.3   0.2   0.2   0.1   0.3   0.2   0.2   0.2   0.2   0.1   0.0   0.4   0.1   0.2   0.1   0.1   0.3   0.4   0.2   0.2   0.3   0.1   0.6   0.1   0.3   0.0   0.1   0.1   0.2   0.3   0.2   0.1   0.1   0.2   0.5   0.3   0.0   0.1   0.0   0.4   0.3   0.1   0.1   0.2   0.1   0.2   0.2   0.0   0.1   0.0   0.0   0.1   0.1   0.2   0.2   0.0   0.2   0.2   0.2   0.1   0.1   0.1   0.1   0.1   0.0   0.2   0.1   0.2   0.1   0.1   0.4   0.3   0.1   0.3   0.2   0.3   0.3   0.1   0.1   0.0   0.1   0.1   0.2   0.4   0.2   0.0   0.3   0.5   0.4   0.0   0.3   0.1   0.1   0.1   0.2   0.1   0.3   0.2   0.4   0.5   0.1   0.2   0.1   0.2   0.2   0.1   0.2   0.1   0.2   0.2   0.1   0.2   0.0   0.2   0.3   0.0   0.0   0.2   0.2   0.2   0.2   0.0   0.2   0.0   0.0   0.2   0.1   0.0   0.1   0.1   0.2   0.0   0.2   0.2   0.2   0.2   0.2   0.2   0.4   0.1   0.1   0.3   0.3   0.2   0.1 
B: 13.4 16.9 15.6 17.0 14.3 16.7 18.0 16.0 * 14.5 * * 14.9 11.0 18.0 * 21.6 17.9 19.0 16.8 19.6 17.4 * 17.9 18.4 17.9 12.6 25.2 21.7 16.4 22.1 17.1 14.8 21.5 21.6 23.9 25.6 19.5 22.6 20.3 14.5 14.0 21.7 15.7 21.2 19.0 17.5 21.0 16.6 15.5 29.0 19.5 15.8 19.5 19.7 16.7 18.7 19.4 21.5 19.5 17.5 22.1 17.8 20.4 13.8 * 17.6 19.8 19.8 15.1 12.6 20.4 21.3 19.4 20.4 19.8 16.2 18.8 21.7 15.5 * 16.9 18.3 16.3 17.7 21.6 19.0 18.8 20.1 18.4 17.5 22.0 25.2 20.0 15.6 16.7 15.0 16.7 15.6 17.0 13.8 25.2 16.0 27.0 20.6 16.0 18.0 19.0 24.5 15.5 18.0 20.9 15.4 18.5 13.6 16.2 21.1 15.0 19.0 21.0 22.7 17.1 17.8 21.5 16.2 18.1 19.8 15.1 16.9 21.1 22.0 20.2 15.5 18.0 19.0 22.1 21.1 25.0 17.9 18.8 * 23.1 20.0 24.3 21.0 19.8 12.0 14.0 19.7 18.5 19.9 19.8 18.6 18.1 17.6 25.5 15.6 29.2 20.5 16.7 22.4 21.3 21.1 18.4 15.5 21.3 19.9 19.0 22.1 16.7 16.0 19.0 21.1 18.9 15.3 23.7 18.1 18.9 24.0 * 20.2 12.6 * 19.0 14.3 16.3 25.0 16.8 19.1 18.3 22.8 15.4 19.0 18.2 16.2 22.5 20.3 15.5 17.6 24.4 
Direction:  n n n n n n n n*  n* *  n n n*  n n n n n n*  n n n n n n n n n n n n n n n n n n n n n n n n n n n n n n n n n n n n n n n n n n*  n n n n n n n n n n n n n n*  n n n n n n n n n n n n n n n n n n n n n n n n n n n n n n n n n n n n n n n n n n n n n n n n n n n n n n n n n n n*  n n n n n n n n n n n n n n n n n n n n n n n n n n n n n n n n n n n n n n*  n n*  n n n n n n n n n n n n n n n n n

43.0: Count:   0.2 (  0.2) A:  11.6 [10-18] B:  20.5 [10-47] Phase: 51 (26.57) Direction:  {39 141}Phase: 124 (13.63) Direction:  nPhase: 65 (14.21) Direction:  {54 126}Phase: 90 (11.88) Direction:  nPhase: 48 (17.87) Direction:  {36 144}Phase: 51 (16.89) Direction:  {39 141}Phase: 52 (16.55) Direction:  {40 140}Phase: 67 (16.32) Direction:  {56 124}
Phase: {19,0,26,0,24,12,4,15,18,0,51,38,8,46,75,8,37,9,44,18,42,33,20,34,0,13,26,50,66,50,40,38,134,63,65,70,78,39,28,8,41,111,16,53,45,121,45,52,158,82,90,95,47,57,113,95,64,109,67,48,85,109,125,106,104,126,64,176,97,47,141,94,87,73,22,138,40,127,74,68,106,68,81,124,75,112,73,105,136,159,172,101,79,74,56,96,41,62,98,56,40,80,65,22,44,58,25,90,102,53,95,99,48,82,97,78,51,73,50,138,85,109,102,70,113,127,101,139,66,96,61,42,65,100,23,81,43,20,127,31,23,39,35,45,31,25,49,15,49,0,1,7,34,34,7,0,11,16,15,12,0,16,9,0,0,0,1,0,0,11,0,5,0,0,0,0,15,0,0,0,0,0,0,0,0,0,0,0,0,0,0,0,0,0,0,0,0,0,0,0,0,0,0,0,0,0,0,0,0,0,0,0,0,0,0,0,0,0,0,0,0,0,0,0,0,0,0,0,0,0,0,0,0,0,0,0,0,0,0,0,0,0,0,0,0,0,0,0,0,0,0,0,0,0,0,0,0,0,0,0,0,0,0,0,0,0,0,0,0,0,0,0,0,0,7,0,0,0,0,0,0,0,0,0,0,0,0,0,0,0,0,0,0,0,0,0,0,1,0,0,0,15,0,0,0,0,0,0,0,0,5,0,0,0,0,15,0,0,0,0,0,0,0,0,6,0,0,0,0,0,0,0,0,0,0,0,0,0,0,0,0,0,7,9,9,1,13,11,0,22,2,9,0,15,7,3,28,0,33,1}
Count:   0.2   0.1   0.1   0.0   0.0   0.0   0.0   0.1   0.3   0.1   0.0   0.0   0.1   0.0   0.3   0.1   0.2   1.0   0.0   0.2   0.0   0.2   0.3   0.3   0.4   0.0   0.0   0.5   0.2   0.3   0.1   0.3   0.3   0.3   0.2   0.2   0.2   0.1   0.1   0.1   0.4   0.1   0.4   0.2   0.4   0.7   1.1   0.2   0.3   0.1   0.0   0.3   0.2   0.1   0.1   0.3   0.1   0.3   0.5   0.2   0.1   0.2   0.5   0.5   0.2   0.2   0.1   0.4   0.3   0.2   0.2   0.3   0.2   0.6   0.1   0.4   0.2   0.1   0.4   0.3   0.2   0.6   0.1   0.0   0.2   0.1   0.3   0.3   0.1   0.2   0.2   0.4   0.1   0.3   0.1   0.4   0.2   0.6   0.3   0.5   0.2   0.6   0.2   0.0   0.0   0.0   0.1   0.5   0.1   0.2   0.2   0.1   0.2   0.0   0.1   0.1   0.2   0.0   0.0   0.4   0.4   0.5   0.2   0.1   0.3   0.1   0.5   0.2   0.0   0.8   0.1   1.0   0.3   0.0   0.0   0.2   0.4   0.2   1.0   0.2   0.0   0.0   0.5   0.3   0.2   0.5   0.3   0.2   0.2   0.0   0.1   0.2   0.1   0.3   0.3   0.1   0.1   0.6   0.2   0.3   0.0   0.2   0.5   0.6   0.3   0.5   0.0   0.1   0.5   0.3   0.0   0.3   0.2   0.2   0.2   0.4   0.1   0.2   0.0   0.2   0.4   0.0   0.0   0.2   0.1   0.1   0.1   0.0   0.1   0.7   0.2   0.3   0.1   0.2   0.5   0.1   0.2   0.1   0.0   0.2 
B: 16.6 15.0 13.6 12.0 19.0 * 28.0 19.0 16.0 16.6 16.6 * 19.3 20.0 17.5 17.3 26.6 21.3 * 24.4 19.6 27.3 20.1 21.9 17.8 14.8 12.5 22.0 23.8 21.0 17.5 26.7 18.2 20.4 24.9 28.4 21.3 27.0 21.9 26.5 19.8 18.3 22.7 22.7 20.2 22.4 19.2 17.2 20.4 12.0 * 23.6 17.3 27.8 24.3 17.8 24.0 19.3 20.1 19.2 25.5 18.6 20.2 25.9 18.0 15.0 18.0 25.1 21.4 19.2 17.6 21.2 16.6 22.5 16.4 23.4 17.5 19.6 20.2 20.4 17.3 21.6 16.7 * 24.3 21.1 23.1 22.4 23.0 21.3 18.4 18.7 18.6 20.8 27.0 19.6 19.0 19.7 24.6 22.4 21.7 19.1 16.2 * 15.0 * 17.5 17.2 21.7 16.5 18.0 22.3 24.1 13.0 17.0 23.8 20.8 16.5 16.0 15.2 19.6 18.9 17.5 19.6 16.8 22.7 19.5 17.6 19.0 20.6 18.7 21.8 23.0 18.0 14.0 20.6 23.4 18.4 17.3 15.1 * 39.0 17.6 17.3 26.0 20.0 21.0 22.2 19.0 18.5 23.7 22.0 17.4 19.4 22.2 13.0 13.4 20.6 21.1 20.7 28.0 23.1 24.8 20.7 16.7 22.1 11.0 29.3 18.2 21.6 * 22.2 17.2 19.2 21.7 20.4 24.0 23.6 15.5 25.1 19.2 38.0 18.0 18.2 26.3 15.5 22.9 21.1 17.7 20.0 22.0 23.8 23.4 17.0 17.9 21.0 23.4 15.7 24.4 17.5 
Direction:  n n n n n*  n n n n n*  n n n n n n*  n n n n n n n n n n n n n n n n n n n n n n n n n n n n n n n*  n n n n n n n n n n n n n n n n n n n n n n n n n n n n n n n n*  n n n n n n n n n n n n n n n n n n n*  n*  n n n n n n n n n n n n n n n n n n n n n n n n n n n n n n n n n n*  n n n n n n n n n n n n n n n n n n n n n n n n n n n n n*  n n n n n n n n n n n n n n n n n n n n n n n n n n n n n

43.1: Count:   0.3 (  0.2) A:  11.4 [10-21] B:  24.9 [10-55] Phase: 90 (19.59) Direction:  nPhase: 47 (11.39) Direction:  {35 145}Phase: 65 ( 7.21) Direction:  {54 126}Phase: 123 ( 9.37) Direction:  nPhase: 64 (11.54) Direction:  {53 127}Phase: 76 (10.81) Direction:  {70 110}Phase: 64 (13.34) Direction:  {53 127}Phase: 62 (12.65) Direction:  {50 130}
Phase: {41,31,37,12,20,34,14,37,24,27,27,27,7,5,44,52,34,13,50,20,31,34,6,15,50,20,33,16,48,77,78,33,38,19,111,34,57,53,100,55,71,90,138,166,141,118,92,175,129,111,152,95,212,194,187,265,222,232,275,214,249,156,286,301,316,224,370,310,295,240,203,216,203,172,154,146,193,132,132,139,148,97,55,116,144,117,197,154,89,55,161,82,116,105,85,127,100,78,91,87,64,65,34,50,81,60,75,60,136,29,70,81,103,117,151,108,34,138,82,111,49,63,102,52,51,36,104,33,60,97,63,65,50,58,37,38,4,52,18,64,27,47,13,36,20,10,61,15,24,12,5,20,24,6,12,12,0,22,13,13,0,0,0,0,0,11,0,0,0,8,8,0,0,14,0,0,0,9,0,0,15,0,0,0,0,0,0,0,0,0,0,0,0,0,0,0,0,0,0,0,0,0,0,0,0,0,0,0,0,0,0,0,0,0,0,0,0,0,0,0,0,0,0,0,0,0,0,0,0,0,0,0,0,0,0,0,0,0,0,0,0,0,0,0,0,0,0,0,0,0,0,0,0,0,0,0,0,0,0,0,0,0,0,0,18,0,0,0,0,0,0,0,0,0,0,0,0,0,0,0,0,0,0,0,0,0,0,0,0,0,0,0,0,0,0,0,0,0,1,0,0,0,5,0,13,0,0,5,0,0,0,0,0,0,0,18,0,0,0,0,0,0,0,0,0,0,2,0,32,0,0,7,6,0,0,0,5,0,11,13,9,5,9,0,0,0,0,1,0,37,0,0,13,31,11,0,14,17,3,16}
Count:   0.1   0.1   0.1   0.0   0.0   0.0   0.0   0.0   0.3   0.0   0.1   0.0   0.1   0.1   0.2   0.1   0.3   1.5   0.3   0.3   0.2   0.4   0.5   0.5   0.8   0.4   0.3   0.6   0.1   0.6   0.1   0.3   0.4   0.8   0.3   0.1   0.4   0.0   0.1   0.2   0.6   0.1   0.3   0.3   0.6   1.0   0.9   0.2   0.6   0.0   0.3   0.4   0.4   0.1   0.2   0.4   0.2   0.3   0.7   0.5   0.1   0.4   0.5   0.7   0.4   0.2   0.2   0.4   0.4   0.6   0.2   0.4   0.1   0.6   0.2   0.8   0.4   0.3   0.4   0.4   0.3   0.7   0.4   0.3   0.3   0.2   0.2   0.7   0.2   0.2   0.3   0.6   0.1   0.3   0.3   0.4   0.3   0.4   0.5   0.8   0.7   0.9   0.3   0.0   0.0   0.0   0.3   0.2   0.1   0.3   0.5   0.2   0.3   0.1   0.3   0.3   0.4   0.2   0.0   0.5   0.3   0.7   0.3   0.1   0.2   0.2   0.3   0.2   0.3   0.5   0.2   0.8   0.4   0.2   0.3   0.2   0.4   0.3   1.1   0.3   0.1   0.2   0.3   0.5   0.5   0.3   0.3   0.3   0.4   0.1   0.1   0.3   0.1   0.3   0.3   0.2   0.2   0.6   0.3   0.5   0.3   0.3   0.7   0.7   0.2   0.5   0.2   0.5   0.3   0.2   0.1   0.3   0.5   0.2   0.3   0.8   0.6   0.4   0.1   0.4   0.5   0.1   0.0   0.2   0.2   0.1   0.1   0.2   0.3   0.9   0.2   0.5   0.2   0.4   0.5   0.1   0.2   0.3   0.1   0.3 
B: 20.0 16.8 14.3 20.5 16.0 * * * 13.6 13.0 14.0 * 20.6 17.8 14.0 20.6 31.0 23.8 34.4 28.7 28.1 23.4 28.3 20.5 27.6 24.4 39.6 21.0 17.2 29.1 26.9 30.7 24.0 22.7 27.3 25.2 23.9 * 19.9 35.2 29.8 23.4 21.4 21.5 19.9 23.3 19.8 29.8 30.8 43.0 29.1 26.6 29.1 32.7 24.0 25.7 32.0 21.8 23.9 25.8 48.0 23.0 24.2 27.6 20.5 25.1 30.8 16.1 23.6 27.7 25.5 23.7 22.2 24.9 36.3 26.4 25.2 27.3 22.0 24.8 27.3 28.0 22.7 39.2 28.0 24.3 22.6 29.5 29.5 30.4 26.4 23.7 27.5 21.6 26.1 21.8 16.2 22.3 20.5 22.6 26.2 21.7 28.6 25.0 * 28.0 21.9 23.2 22.2 18.8 19.2 36.3 20.9 43.9 21.4 18.0 22.3 28.3 25.4 29.8 20.5 22.4 23.9 17.8 18.2 19.2 19.8 19.7 29.8 20.7 37.7 24.3 26.3 31.7 35.7 22.6 23.1 30.5 20.8 37.3 35.1 31.4 23.3 28.1 25.5 26.0 32.5 22.0 21.8 31.8 29.5 24.3 27.5 28.4 22.9 30.4 15.2 22.8 25.8 24.4 29.0 29.1 22.7 24.2 15.7 26.3 35.4 20.7 29.3 21.4 27.6 24.0 20.3 37.2 29.3 23.6 26.5 23.3 15.0 22.1 20.8 33.0 42.0 26.6 24.1 22.0 32.5 23.5 19.1 23.3 21.3 28.1 24.4 25.0 23.8 29.8 20.0 26.5 30.5 24.5 
Direction:  n n n n n* * *  n n n*  n n n n n n n n n n n n n n n n n n n n n n n n n*  n n n n n n n n n n n n n n n n n n n n n n n n n n n n n n n n n n n n n n n n n n n n n n n n n n n n n n n n n n n n n n n n n n*  n n n n n n n n n n n n n n n n n n n n n n n n n n n n n n n n n n n n n n n n n n n n n n n n n n n n n n n n n n n n n n n n n n n n n n n n n n n n n n n n n n n n n n n n n n n n n n n

43.2: Count:   0.7 (  0.2) A:  11.2 [10-21] B:  29.4 [10-54] Phase: 59 ( 8.84) Direction:  {47 133}Phase: 32 ( 7.31) Direction:  {23 157}Phase: 86 ( 6.42) Direction:  nPhase: 52 ( 6.61) Direction:  {40 140}
Phase: {51,12,2,39,23,23,56,25,41,65,52,6,35,0,47,83,17,135,18,40,90,20,50,60,70,111,85,65,103,60,113,131,129,107,113,207,142,227,157,149,127,163,202,282,210,331,334,389,607,611,597,772,915,979,784,1095,844,876,900,941,911,983,787,866,637,712,642,608,611,467,469,461,199,247,200,204,221,213,245,243,177,186,175,192,153,206,124,166,175,181,118,91,127,121,97,70,87,65,88,128,84,80,101,69,102,80,50,39,102,121,79,95,93,88,75,112,56,95,91,115,130,60,54,43,85,121,82,127,95,73,96,75,55,51,41,58,66,24,83,96,0,14,18,27,9,40,48,18,11,49,24,15,13,0,0,0,25,15,19,18,5,34,0,0,0,0,7,18,24,11,12,0,0,22,0,0,4,0,0,0,7,0,0,0,0,0,0,0,0,0,0,0,0,0,0,0,0,0,0,0,0,0,0,0,0,0,0,0,0,0,0,0,0,0,0,0,0,0,0,0,0,0,0,0,0,0,0,0,0,0,0,0,0,0,0,0,0,0,0,0,0,0,0,0,0,0,0,0,0,0,0,0,0,0,0,0,0,0,0,0,0,0,0,0,0,0,0,0,9,0,0,0,0,0,0,0,0,0,0,0,0,0,0,0,0,0,0,0,0,0,0,0,0,0,0,0,0,0,0,0,0,0,0,0,0,1,0,0,0,0,0,0,0,0,0,0,0,0,0,0,0,0,0,0,0,0,7,0,0,0,0,0,0,0,0,0,10,0,11,0,24,0,0,0,6,34,0,5,0,31,0,2,13,14,1,18,12,50,0,1}
Count:   0.3   0.2   0.1   0.2   0.3   0.1   0.1   0.3   0.2   0.2   0.2   0.2   0.4   0.5   0.3   0.3   1.0   0.7   0.9   0.8   1.2   1.3   1.3   0.9   0.9   0.6   0.9   0.9   0.6   0.9   0.8   0.7   0.7   0.8   0.7   0.9   0.7   0.8   0.7   0.8   1.1   1.0   0.4   0.6   0.7   0.8   1.0   0.6   0.7   0.7   0.6   0.5   0.4   0.5   1.0   0.5   1.0   0.7   0.7   1.0   0.7   0.7   0.8   0.7   0.5   0.9   0.8   0.7   0.7   0.7   0.5   0.9   0.8   0.9   0.4   1.1   0.7   0.8   0.5   0.9   0.5   0.7   0.5   0.6   0.5   0.8   0.6   0.8   0.6   1.1   0.8   0.8   0.6   0.7   0.7   0.9   0.5   1.0   0.7   0.9   0.6   0.6   0.8   0.8   0.7   0.5   0.5   0.8   0.6   0.7   0.6   0.8   0.4   0.6   0.7   0.5   0.8   0.8   1.2   0.5   0.8   0.6   0.4   0.6   0.5   0.8   0.9   0.8   0.5   1.1   0.7   0.6   0.6   0.7   0.7   0.4   0.9   0.8   0.7   0.5   0.7   0.5   0.8   0.7   0.9   0.6   0.4   0.8   0.6   0.6   0.6   0.8   0.8   0.7   0.5   0.9   0.6   0.5   0.8   0.5   0.9   0.8   0.8   0.6   0.9   0.7   0.8   0.7   0.7   0.9   0.8   0.8   0.7   1.0   0.8   0.7   0.9   0.9   0.6   1.1   0.7   0.3   0.7   0.8   0.5   0.7   0.5   0.8   0.6   0.6   0.5   0.7   0.6   0.9   1.0   0.8   0.7   0.5   0.5   1.0 
B: 25.4 24.4 21.1 27.2 18.0 16.1 14.6 24.6 32.4 20.5 21.3 14.8 17.9 18.0 20.7 19.6 30.9 31.6 28.8 29.2 28.1 29.7 32.0 29.3 33.1 30.5 30.4 31.2 28.1 28.2 32.3 32.0 28.1 31.2 30.6 35.7 25.5 31.1 28.1 29.5 30.2 28.7 32.0 32.4 28.8 29.3 28.8 27.8 33.2 29.5 27.3 29.6 30.9 30.7 30.8 29.9 29.4 27.4 34.0 26.1 27.3 30.1 32.8 27.5 25.1 25.6 30.5 34.7 33.1 35.6 32.2 30.4 30.3 32.0 28.7 31.0 29.0 27.9 34.3 28.4 29.2 29.0 34.4 26.3 28.7 31.4 27.8 30.4 31.1 31.3 33.8 28.3 29.0 30.5 29.4 28.6 28.5 31.0 28.4 29.5 24.2 30.8 30.6 29.3 24.8 21.5 24.7 30.8 25.2 29.0 27.8 29.7 31.4 36.6 29.2 27.3 31.6 31.7 28.6 28.2 27.9 30.2 26.9 25.6 31.4 29.0 28.4 31.7 29.7 30.2 28.9 29.6 27.6 31.1 29.7 20.9 28.3 27.4 34.1 30.1 30.3 33.4 30.9 27.6 30.9 28.0 31.7 31.4 29.1 27.2 25.5 29.7 31.0 30.0 26.3 29.7 28.1 34.3 29.5 29.7 30.6 30.4 31.2 35.2 30.7 28.5 27.7 31.8 26.8 27.0 28.3 30.5 30.8 28.9 29.0 27.8 28.3 26.1 28.6 31.8 27.4 24.8 25.1 30.1 21.8 26.9 26.0 27.8 29.3 35.1 30.6 33.6 29.2 28.6 28.3 31.4 28.3 25.2 26.7 35.0 
Direction:  n n n n n n n n n n n n n n n n n n n n n n n n n n n n n n n n n n n n n n n n n n n n n n n n n n n n n n n n n n n n n n n n n n n n n n n n n n n n n n n n n n n n n n n n n n n n n n n n n n n n n n n n n n n n n n n n n n n n n n n n n n n n n n n n n n n n n n n n n n n n n n n n n n n n n n n n n n n n n n n n n n n n n n n n n n n n n n n n n n n n n n n n n n n n n n n n n n n n n n n n

43.3: Count:   1.2 (  0.4) A:  11.2 [10-23] B:  31.3 [10-58] Phase: 57 ( 7.24) Direction:  {45 135}Phase: 48 ( 5.03) Direction:  {36 144}
Phase: {18,6,62,28,28,42,29,153,29,51,20,45,40,59,76,120,84,95,111,83,104,110,143,67,137,60,134,131,56,74,105,120,92,85,84,207,141,220,193,265,240,296,367,613,561,877,901,1055,1105,1417,1550,1995,2285,2011,2045,2606,2387,2132,2460,2293,1916,1908,1547,1711,1256,1069,981,722,655,564,509,525,440,336,239,451,280,230,210,301,277,166,170,190,268,211,116,157,138,131,254,159,113,151,153,87,149,88,81,186,101,120,74,106,99,51,85,95,82,152,155,174,62,72,73,103,78,139,97,51,90,113,82,42,41,75,82,91,71,48,42,62,32,43,69,98,51,43,55,23,67,12,15,14,29,20,61,6,0,21,5,14,0,12,1,1,29,5,13,9,7,11,0,0,0,13,0,9,0,1,0,0,0,0,11,0,0,0,15,0,0,0,0,0,11,0,0,0,0,0,1,0,0,0,0,0,0,0,0,0,0,0,0,0,0,0,0,0,0,0,0,0,0,0,0,0,0,0,0,0,0,0,0,0,0,0,0,0,0,0,0,0,0,0,0,0,0,0,0,0,0,0,0,0,0,0,0,0,0,0,0,0,0,0,0,0,0,0,0,0,0,0,0,0,0,6,0,0,0,0,0,0,0,0,0,0,8,0,0,0,0,0,0,0,0,0,0,0,0,0,0,0,0,0,0,0,0,0,0,0,0,0,0,0,0,0,0,0,0,0,0,0,5,0,0,0,0,0,0,0,0,7,0,0,0,11,13,0,0,0,0,0,0,0,0,5,0,0,3,0,0,0,0,0,21,15,0,0,12,39,20,6,19,14,33,11,0,39,9,12}
Count:   0.4   0.4   0.4   0.5   0.5   0.4   0.6   0.5   0.3   0.3   0.4   0.3   0.3   0.6   0.5   0.3   1.6   1.6   1.2   1.6   1.4   1.9   1.5   1.7   1.5   1.6   1.0   1.7   0.9   1.3   1.7   0.9   1.6   2.0   1.4   1.5   1.2   1.0   1.5   1.7   1.4   1.3   1.2   0.9   1.0   2.2   1.6   1.1   1.4   1.6   0.9   1.6   1.2   1.1   1.3   1.4   1.5   1.4   0.9   1.9   1.3   1.6   1.8   1.3   1.3   1.7   1.1   1.5   1.1   1.2   0.9   1.5   1.2   1.1   1.1   1.6   1.2   1.9   1.2   1.6   1.2   1.5   1.0   1.2   1.2   1.4   1.2   1.1   1.4   1.5   0.9   1.1   0.8   1.7   1.4   1.4   1.5   1.4   0.9   1.2   1.4   1.1   0.9   1.3   0.7   1.2   0.8   1.7   1.1   1.2   1.1   1.6   0.7   1.3   0.9   1.2   1.0   0.9   0.9   0.9   0.8   1.8   0.7   1.3   1.1   1.4   0.9   0.8   0.6   1.4   1.4   1.7   1.4   1.2   1.0   1.3   0.9   1.4   1.5   1.6   1.5   0.9   1.5   1.6   1.1   0.6   1.3   1.4   1.4   1.2   0.9   1.4   1.7   1.3   1.5   1.3   0.9   0.9   1.2   1.4   1.5   1.3   1.3   1.3   1.1   1.5   1.4   1.5   1.7   1.5   1.3   1.5   0.9   1.3   1.5   1.5   1.4   1.5   1.4   1.0   1.3   1.7   1.3   1.5   1.5   1.6   1.2   1.2   1.1   1.0   1.5   1.2   1.2   1.1   1.5   0.8   1.4   1.3   1.0   1.3 
B: 26.8 27.1 26.3 29.9 25.0 21.4 24.6 24.0 24.6 25.3 31.3 30.3 23.3 26.8 23.1 26.1 33.8 31.0 33.2 33.6 33.3 31.1 32.6 29.8 32.7 31.4 31.3 30.7 31.6 31.7 32.4 32.8 32.3 32.2 30.9 29.6 32.2 30.6 34.8 30.2 29.3 29.3 32.5 31.6 31.9 30.7 31.9 32.0 33.0 29.9 31.9 32.0 27.6 29.6 30.4 33.7 34.5 29.0 31.8 31.0 30.7 30.7 32.3 30.7 31.1 32.0 28.8 31.0 34.4 30.4 29.3 32.8 30.4 33.7 29.5 32.2 32.2 30.7 33.3 29.4 32.3 30.7 29.5 30.6 30.7 32.8 31.1 31.5 29.8 35.5 31.5 33.5 33.8 33.6 29.5 34.7 31.7 33.9 31.0 34.3 31.1 30.2 26.5 29.8 30.0 30.5 30.6 31.5 31.9 28.9 31.2 31.9 28.1 33.4 33.1 30.3 30.1 29.8 30.3 31.8 32.3 33.1 30.4 32.7 31.7 32.1 32.2 32.4 30.8 32.3 33.6 30.9 32.4 28.4 31.0 33.6 31.6 31.3 30.5 31.3 33.0 29.9 29.6 31.6 28.1 27.8 32.9 31.3 31.2 29.3 26.3 32.4 32.6 31.7 32.6 29.6 26.5 33.9 32.3 29.3 31.3 30.4 30.1 29.7 34.0 29.7 28.4 31.3 30.3 33.7 32.1 30.6 31.9 29.3 30.6 31.3 32.0 29.4 30.4 33.0 32.2 33.1 33.6 31.8 29.7 30.0 31.8 30.7 31.1 31.0 29.2 33.1 30.6 32.0 29.0 31.3 33.1 32.2 30.1 32.2 
Direction:  n n n n n n n n n n n n n n n n n n n n {41 139} n n n n n n n n n n n {45 135} {48 132} n n n n n n {42 138} n n n n {49 131} {49 131} n n n n n n n n {46 134} {42 138} n n n n n n n n n n n n n n n n n n {44 136} n {40 140} n {47 133} n n n n {43 137} n n n n {41 139} n n n {44 136} n n n n n n {43 137} n n n n n n n n n n {45 135} n n n n n n n n n n n n n n n n n n {39 141} {45 135} n n n n n n {46 134} n n n n {44 136} n n n n n n n n n n {45 135} n n n n n n n n n n n n n n {36 144} n n n n n n n n n n n n n n n n n n n n n n n n n n {47 133} {42 138} n n

43.4: Count:   2.1 (  0.5) A:  11.3 [10-24] B:  30.9 [10-55] Phase: 56 ( 6.67) Direction:  {44 136}Phase: 75 ( 3.30) Direction:  {67 113}
Phase: {25,43,20,26,35,40,18,9,43,69,23,157,23,27,65,48,83,84,123,34,49,83,29,106,141,154,94,103,102,144,120,111,172,142,190,224,198,345,277,307,419,599,777,885,1159,1569,1652,2146,2655,3161,2748,3753,3880,4505,4627,4900,4890,4301,4585,4176,3398,3389,2941,2577,2102,1985,1783,1366,1182,774,934,552,743,610,459,524,434,471,295,326,257,289,231,405,184,162,147,169,248,145,215,129,157,103,197,204,197,129,129,128,123,141,87,174,113,102,95,168,106,73,161,105,87,108,129,141,102,106,127,77,141,75,175,59,94,125,53,65,51,108,37,79,40,48,53,53,54,52,18,59,31,59,8,43,11,24,11,18,34,22,20,0,9,26,0,0,5,6,11,0,0,0,5,0,13,0,0,0,0,0,0,0,0,0,0,0,0,0,0,0,0,0,0,0,0,0,0,0,0,0,0,0,0,0,0,0,0,0,0,0,0,0,0,0,0,0,0,0,0,0,0,0,0,0,0,0,0,0,0,0,0,0,0,0,0,0,0,0,0,0,0,0,0,0,0,0,0,0,0,0,0,0,0,0,0,0,0,0,0,0,0,0,0,0,0,0,0,0,0,0,0,0,0,0,0,0,0,0,0,0,0,0,0,0,0,0,0,0,0,0,0,0,0,0,0,11,0,0,0,0,0,15,0,0,0,0,0,7,0,0,0,0,0,0,5,0,0,0,0,0,0,0,15,0,0,8,0,0,0,0,0,20,0,0,5,0,12,0,0,10,0,0,13,5,0,0,7,1,0,0,0,26,19,9,0,0,0,9,0,29,32,0,8,13,32,5,9,13,41,19}
Count:   1.2   0.7   0.8   1.0   1.0   0.8   0.9   1.1   0.8   0.7   0.7   1.0   1.0   1.0   1.2   1.1   2.1   2.9   2.3   3.2   2.0   2.3   2.4   2.7   2.4   2.5   2.2   2.7   1.9   2.2   2.2   2.2   2.5   3.2   2.2   3.1   2.2   2.2   2.0   2.3   3.2   2.8   1.7   1.7   1.9   3.3   2.0   1.8   2.3   1.9   2.5   2.7   2.1   2.4   2.2   2.0   2.4   2.7   2.1   2.1   2.4   2.9   2.2   2.8   1.9   3.3   1.9   2.5   1.7   2.6   1.8   2.4   1.7   2.8   1.9   2.8   1.8   2.9   1.4   2.6   2.0   3.0   1.8   3.0   2.2   2.8   2.2   2.5   2.0   2.7   1.6   2.2   2.0   2.2   1.8   2.5   2.5   2.1   2.2   2.0   1.9   2.4   2.0   2.2   2.0   2.0   1.4   2.1   2.0   1.8   1.6   2.5   2.2   2.1   1.8   2.6   1.2   2.4   1.6   2.3   1.7   1.6   2.0   2.4   1.5   1.6   2.0   2.1   2.2   2.3   1.6   2.2   2.3   2.2   2.1   2.2   2.2   1.9   2.0   2.2   2.3   2.4   2.2   2.0   2.8   2.0   2.8   1.8   2.0   2.2   2.0   1.9   2.2   2.1   2.5   2.1   2.0   2.1   2.7   2.6   2.5   2.6   2.3   2.2   2.2   2.3   2.2   2.1   2.2   2.0   2.9   2.4   2.1   2.7   2.3   2.3   2.1   2.9   1.8   2.0   2.0   2.2   2.5   2.3   2.4   2.0   2.5   1.8   2.1   1.7   1.8   1.8   2.0   2.4   2.5   2.1   2.1   2.1   2.0   2.1 
Direction:  n n n n n n n n n n n n n n n n n {43 137} {48 132} {46 134} {42 138} {42 138} {44 136} {41 139} {41 139} {43 137} {37 143} {43 137} n {42 138} {50 130} {40 140} {42 138} {47 133} {44 136} {41 139} {39 141} {42 138} {42 138} {42 138} {46 134} {44 136} {42 138} n {48 132} {42 138} {43 137} n {45 135} {43 137} {41 139} {49 131} {46 134} {47 133} {47 133} {43 137} {48 132} {42 138} {44 136} {45 135} {43 137} {45 135} n {41 139} n {48 132} n {44 136} n {44 136} {45 135} {42 138} n {42 138} n {44 136} {44 136} {41 139} n {46 134} {48 132} {44 136} {38 142} {42 138} {47 133} {40 140} {45 135} {44 136} {42 138} {44 136} n {43 137} {44 136} {44 136} {43 137} {44 136} {47 133} {50 130} {40 140} {44 136} {45 135} {46 134} {43 137} {42 138} n {47 133} n {35 145} {48 132} {44 136} n {40 140} {47 133} {43 137} n {42 138} n {46 134} {44 136} {45 135} {45 135} {45 135} {52 128} {46 134} n {45 135} {42 138} {45 135} {43 137} {43 137} n {46 134} {45 135} {44 136} {42 138} n {43 137} {42 138} {42 138} {43 137} {45 135} {45 135} {45 135} {45 135} {44 136} {42 138} {45 135} {44 136} {46 134} n n {38 142} {41 139} {41 139} {41 139} {45 135} {47 133} {44 136} {48 132} {42 138} {41 139} {45 135} {38 142} {44 136} {47 133} {43 137} {41 139} {45 135} n {44 136} {44 136} {44 136} {42 138} {45 135} {44 136} {44 136} {43 137} {43 137} n {42 138} {37 143} {45 135} {42 138} {46 134} n {44 136} {42 138} n {46 134} {40 140} n {45 135} {47 133} {45 135} {41 139} {47 133} {41 139} n n {46 134}

43.5: Count:   3.4 (  0.7) A:  11.4 [10-25] B:  29.1 [10-57] Phase: 55 ( 6.88) Direction:  {43 137}
Phase: {63,7,49,27,51,31,22,70,51,46,50,97,31,68,72,100,66,86,113,101,122,93,122,73,182,91,50,118,173,149,145,205,284,177,320,273,306,481,617,826,897,1488,1428,1923,2329,3284,3018,4020,4275,5903,5293,7204,7084,8041,7965,7927,7457,7010,6992,6264,5645,5295,4316,4646,3354,2873,2670,1984,1838,1343,1106,964,964,814,553,728,562,443,355,359,336,337,234,267,341,376,207,286,159,150,347,98,195,337,156,190,207,106,103,193,101,150,147,111,136,128,146,108,149,89,116,125,100,196,158,145,75,155,87,115,72,106,131,94,97,86,88,86,116,98,66,105,55,37,38,104,71,83,112,16,3,20,52,28,0,58,42,36,0,56,76,35,0,24,5,0,15,15,0,11,15,13,0,7,0,0,0,0,0,20,7,15,0,0,0,0,0,0,0,0,0,0,0,0,0,0,0,0,0,0,0,0,0,0,0,0,0,0,0,0,0,0,0,0,0,0,0,0,0,0,0,0,0,0,0,0,0,0,0,0,0,0,0,0,0,0,0,0,0,0,0,0,0,0,0,0,0,0,0,0,0,0,0,0,0,0,0,0,0,0,0,0,0,0,0,0,0,0,0,0,0,0,0,0,0,0,0,0,0,0,0,0,0,0,0,0,0,0,0,0,0,0,0,0,0,0,0,0,0,0,0,0,0,0,0,0,0,0,0,0,0,0,0,0,0,0,0,0,0,0,0,0,9,0,17,13,0,0,0,9,0,0,0,17,8,0,0,0,6,0,0,0,0,5,4,16,0,13,0,0,0,9,29,20,20,7,24,22,0,9,0,17,14,27,15,10,35,24,19,62}
Count:   2.5   1.3   1.7   2.1   1.8   1.5   1.8   1.4   1.6   1.6   1.1   2.0   1.2   1.7   1.6   2.0   3.6   4.0   3.8   4.0   4.4   4.6   3.6   3.7   5.0   3.6   4.0   4.4   3.3   4.3   3.9   3.8   3.1   4.9   3.4   4.3   3.6   3.5   3.7   3.9   3.6   3.9   2.8   2.8   3.0   4.5   4.5   3.2   4.3   3.2   4.1   3.4   3.4   3.5   2.9   3.8   3.2   3.3   4.1   4.1   3.6   3.7   3.9   4.0   3.2   3.5   3.4   4.2   3.6   3.5   3.3   4.1   3.3   3.7   3.5   3.7   3.2   4.7   3.1   4.4   2.8   4.0   2.8   4.3   3.4   3.7   3.2   5.1   3.4   4.4   3.3   3.7   2.7   4.2   4.2   3.8   2.8   4.1   3.1   3.5   2.9   3.2   2.8   3.5   3.8   3.3   2.3   4.0   3.0   4.0   2.3   3.9   2.8   3.0   2.6   3.6   2.9   3.1   3.1   4.0   2.7   2.9   2.4   3.0   3.2   3.6   3.2   3.8   3.0   3.2   3.0   3.4   3.1   3.7   4.1   3.3   3.2   3.4   3.7   3.6   3.4   3.3   2.5   3.6   3.2   3.8   4.2   3.8   2.9   3.8   2.7   3.7   3.4   4.4   3.2   3.3   3.2   3.2   3.8   3.9   3.7   3.4   3.2   3.9   3.7   3.3   3.4   3.8   3.1   3.8   4.0   3.2   3.6   3.8   3.4   3.6   3.7   3.9   3.9   3.4   3.4   3.5   3.9   3.9   3.5   3.7   3.3   4.0   3.7   3.4   3.3   3.5   3.8   3.7   3.3   3.3   4.0   3.3   3.5   4.3 
Direction:  {45 135} n n {50 130} {35 145} n {42 138} n n {43 137} n {41 139} n {42 138} n n {37 143} {46 134} {38 142} {46 134} {42 138} {40 140} {45 135} {43 137} {42 138} {46 134} {43 137} {45 135} {46 134} {40 140} {44 136} {46 134} {45 135} {39 141} {43 137} {46 134} {40 140} {42 138} {46 134} {46 134} {41 139} {45 135} {44 136} {46 134} {40 140} {43 137} {43 137} {37 143} {40 140} {40 140} {40 140} {43 137} {42 138} {42 138} {44 136} {38 142} {40 140} {40 140} {42 138} {43 137} {43 137} {42 138} {41 139} {44 136} {41 139} {41 139} {46 134} {44 136} {42 138} {43 137} {47 133} {42 138} {39 141} {41 139} {45 135} {44 136} {40 140} {40 140} {42 138} {44 136} {40 140} {41 139} {42 138} {47 133} {45 135} {38 142} {39 141} {42 138} {46 134} {45 135} {44 136} {43 137} {41 139} {44 136} {42 138} {46 134} {45 135} {40 140} {40 140} {39 141} {42 138} {41 139} {44 136} {40 140} {45 135} {43 137} {44 136} {46 134} {45 135} {42 138} {44 136} {48 132} {43 137} {47 133} {41 139} {43 137} {43 137} {46 134} {45 135} {46 134} {50 130} {43 137} {44 136} {41 139} {42 138} {48 132} {44 136} {46 134} {41 139} {45 135} {46 134} {44 136} {38 142} {45 135} {43 137} {40 140} {43 137} {41 139} {43 137} {43 137} {45 135} {45 135} {47 133} {42 138} {41 139} {43 137} {43 137} {43 137} {42 138} {40 140} {42 138} {44 136} {46 134} {42 138} {46 134} {43 137} {45 135} {45 135} {39 141} {45 135} {41 139} {41 139} {47 133} {40 140} {42 138} {40 140} {46 134} {42 138} {42 138} {40 140} {45 135} {39 141} {41 139} {41 139} {41 139} {46 134} {43 137} {43 137} {43 137} {47 133} {39 141} {41 139} {40 140} {42 138} {43 137} {42 138} {40 140} {40 140} {43 137} {44 136} {45 135} {42 138} {42 138} {43 137} {42 138} {41 139} {44 136} {42 138} {40 140} {41 139}

43.6: Count:   5.9 (  1.0) A:  11.6 [10-28] B:  27.7 [10-54] Phase: 54 ( 7.14) Direction:  {42 138}
Phase: {39,26,34,16,37,13,57,81,90,79,79,144,70,80,107,119,70,111,121,119,160,86,73,158,178,185,156,168,236,274,142,201,382,283,443,762,704,1092,1160,1883,1879,2703,3647,4355,4481,6915,6580,8824,9459,11499,11209,13364,13098,14390,13195,13338,14238,11184,12545,11109,8933,8912,6791,6509,5057,3821,3792,2618,2569,1868,1687,1123,1354,1119,826,858,602,624,476,652,330,389,370,273,350,258,259,198,273,103,285,269,164,361,230,195,199,217,138,281,205,231,105,77,141,138,195,172,152,107,116,156,201,130,207,86,118,174,121,111,137,167,102,106,97,86,102,90,145,57,86,57,69,52,0,64,35,24,42,60,13,36,47,50,24,39,13,0,22,0,36,19,8,18,6,15,5,0,5,1,0,0,0,15,24,0,0,11,0,17,3,0,0,0,0,0,0,0,0,0,11,0,0,0,0,0,0,0,0,0,0,0,0,0,0,0,0,0,0,0,0,0,0,0,0,0,0,0,0,0,0,0,0,0,0,0,0,0,0,0,0,0,0,0,0,0,0,0,0,0,0,7,0,0,0,0,0,0,0,0,0,0,0,0,0,0,0,0,0,0,0,0,0,0,0,0,0,0,0,0,0,0,0,0,0,0,0,0,0,0,0,0,0,0,0,0,0,0,0,0,0,0,0,0,0,0,0,0,0,0,0,0,0,0,0,0,0,0,0,0,0,0,0,0,0,0,0,0,0,7,0,26,0,0,0,0,0,0,0,4,0,0,0,0,0,3,17,0,15,0,0,0,36,0,0,4,7,0,0,4,21,0,19,0,0,31,0,0,1,28,72,38,9,47,40,15,35,33,37,8}
Count:   4.0   3.5   3.2   3.6   4.3   3.5   3.0   4.3   3.8   3.5   3.4   3.9   3.1   4.0   3.5   3.5   6.5   6.5   5.7   6.6   6.5   7.0   6.4   7.5   7.8   6.3   5.8   8.0   6.7   5.8   5.8   6.7   6.2   7.8   5.6   7.0   6.8   6.8   6.3   6.4   7.9   6.8   5.5   5.1   5.1   7.0   7.2   5.5   7.2   6.0   5.7   7.1   5.5   5.4   4.6   6.1   5.1   5.7   5.7   6.8   6.0   6.3   6.4   7.0   6.5   6.0   6.2   7.1   6.6   6.5   6.0   6.9   6.8   7.0   6.3   7.3   5.2   7.1   4.9   6.7   5.4   6.5   5.6   7.3   6.2   6.8   6.3   6.7   5.2   7.1   5.4   5.9   4.3   6.1   6.2   6.7   5.6   6.5   5.6   5.6   5.9   5.8   5.4   5.4   5.2   6.0   5.1   6.3   6.0   5.4   4.9   6.3   5.1   5.8   5.1   5.9   4.3   5.5   4.6   6.0   5.3   6.1   4.8   5.4   5.5   5.4   5.9   5.8   4.8   5.7   5.2   5.3   5.2   6.0   5.1   5.9   4.4   6.5   6.6   5.4   6.0   5.5   5.8   6.8   5.0   5.4   6.0   6.7   5.3   6.6   5.8   6.3   6.7   7.0   7.6   5.7   5.9   5.6   6.3   6.6   5.7   5.6   6.2   6.7   6.8   5.4   6.2   7.0   5.5   6.1   5.7   5.6   5.7   5.8   6.1   6.2   6.6   6.2   6.6   6.1   6.3   5.4   6.3   6.5   5.8   6.8   5.5   6.8   6.2   5.9   5.2   5.7   5.8   6.5   5.8   5.7   6.4   5.7   5.4   6.8 
Direction:  {39 141} {42 138} {40 140} {40 140} {39 141} {40 140} {43 137} {46 134} {36 144} {38 142} {36 144} {38 142} {36 144} {42 138} {37 143} {40 140} {40 140} {40 140} {40 140} {40 140} {41 139} {44 136} {42 138} {43 137} {43 137} {44 136} {44 136} {41 139} {39 141} {43 137} {39 141} {43 137} {41 139} {40 140} {41 139} {40 140} {44 136} {43 137} {44 136} {39 141} {45 135} {44 136} {44 136} {39 141} {38 142} {41 139} {44 136} {40 140} {42 138} {42 138} {42 138} {40 140} {42 138} {36 144} {43 137} {43 137} {40 140} {39 141} {43 137} {44 136} {42 138} {44 136} {42 138} {46 134} {40 140} {36 144} {41 139} {41 139} {42 138} {41 139} {38 142} {40 140} {41 139} {40 140} {42 138} {42 138} {44 136} {42 138} {45 135} {44 136} {42 138} {44 136} {44 136} {43 137} {36 144} {40 140} {42 138} {44 136} {40 140} {41 139} {42 138} {39 141} {42 138} {45 135} {43 137} {42 138} {44 136} {38 142} {44 136} {43 137} {39 141} {42 138} {38 142} {40 140} {40 140} {43 137} {44 136} {44 136} {42 138} {43 137} {36 144} {41 139} {40 140} {48 132} {38 142} {44 136} {41 139} {44 136} {43 137} {45 135} {36 144} {45 135} {44 136} {41 139} {44 136} {40 140} {45 135} {45 135} {40 140} {43 137} {47 133} {39 141} {47 133} {41 139} {42 138} {44 136} {42 138} {39 141} {45 135} {45 135} {45 135} {43 137} {38 142} {40 140} {41 139} {44 136} {40 140} {43 137} {38 142} {42 138} {43 137} {43 137} {45 135} {39 141} {37 143} {42 138} {44 136} {43 137} {44 136} {41 139} {42 138} {38 142} {41 139} {43 137} {41 139} {39 141} {41 139} {40 140} {44 136} {44 136} {40 140} {41 139} {44 136} {46 134} {40 140} {42 138} {41 139} {43 137} {44 136} {40 140} {44 136} {44 136} {39 141} {43 137} {40 140} {40 140} {44 136} {40 140} {42 138} {42 138} {41 139} {43 137} {40 140} {37 143} {44 136} {42 138} {44 136} {43 137} {41 139} {42 138}

43.7: Count:  11.1 (  1.4) A:  12.3 [10-32] B:  26.7 [10-58] Phase: 53 ( 7.13) Direction:  {40 140}Phase: 38 ( 4.11) Direction:  {28 152}Phase: 47 ( 3.85) Direction:  {35 145}
Phase: {119,4,67,34,94,88,106,100,117,85,83,102,69,113,125,221,221,199,182,153,166,214,314,317,356,320,313,458,390,611,738,880,1188,1223,1777,2301,2802,3864,4037,5821,6379,8507,9994,12540,12484,18444,15812,20343,22210,23875,22663,26324,26408,25931,24706,22325,22747,18604,18692,17183,13075,14274,10400,10490,6443,6495,5868,4196,3859,2937,2079,1850,1902,1512,1243,1083,1039,815,583,830,691,570,502,346,444,329,334,276,334,286,330,254,265,237,181,223,274,249,202,198,230,325,179,184,275,256,158,144,226,82,115,202,161,110,101,140,81,121,78,67,88,81,51,53,62,38,76,24,39,70,34,15,20,45,44,69,39,15,33,13,38,14,9,7,7,7,26,5,0,15,25,21,7,32,0,11,44,26,20,5,0,0,0,0,0,0,9,0,0,0,0,15,0,0,0,5,0,0,0,13,14,0,0,0,0,9,0,0,13,0,0,0,0,0,0,0,0,0,0,0,0,0,0,0,0,0,0,0,0,0,0,0,0,0,0,0,0,0,0,0,0,0,0,0,0,0,0,0,0,0,0,0,0,0,0,0,0,0,0,0,0,0,0,0,0,0,0,0,0,0,0,0,0,0,0,0,0,0,0,0,0,0,0,0,0,0,0,0,0,0,0,0,0,0,0,0,5,0,0,0,0,0,0,0,0,0,0,0,5,0,0,0,2,0,0,0,0,15,0,0,0,0,0,0,0,0,0,6,0,7,0,0,0,7,20,0,15,0,0,0,0,9,0,0,0,0,0,0,25,0,0,0,13,15,2,0,11,7,4,8,9,1,0,20,12,1,25,35,5,17,10,45,8,63,42,7,35,17,11,46}
Count:   9.0   8.9   7.2   8.7   8.1   8.6   6.6   7.8   7.3   7.5   7.4   7.4   6.2   7.6   7.4   6.9  10.9  13.0  10.7  12.5  10.6  12.2  11.2  12.8  13.1  10.7  11.8  12.5  11.5  10.7  11.6  13.0  12.1  13.5  10.7  13.1  11.7  11.9  11.7  12.1  14.6  12.9   9.9  10.5   9.9  12.3  12.9  11.9  11.4  12.1  10.3  11.5  10.2  11.2  10.7  11.3  10.2  11.9  11.1  11.6  11.3  12.0  11.3  11.1  11.8  12.6  12.1  13.3  11.8  13.0  11.7  12.7  12.0  12.7  10.7  12.5  11.4  12.6  11.6  12.4  10.3  12.1  11.0  12.6  10.3  12.8  12.3  12.3  10.8  12.6  10.5  10.8  10.7  11.1  11.8  12.1  11.5  11.4  12.2  10.8  11.0  12.1  11.6  10.4  10.2  11.6  10.9  10.7  11.7  10.4  11.9  10.8   9.6  10.5   9.1   9.9   9.4  10.2   9.8  10.7   9.2  10.5  10.5   9.8  10.2  10.6  10.5  10.1  10.4  10.2   9.9   8.7   9.9   9.0   8.8  10.4   9.6  10.2  11.2  12.2  11.4  11.7  11.3  11.9  10.4  11.8  10.6  12.6  11.9  12.2  11.8  11.7  12.3  12.2  13.5  11.5  11.3   9.8  12.8  12.2  12.5  11.5  12.2  12.2  12.3  11.4  12.0  12.6  11.7  11.2  12.0  11.4  11.2  10.7  11.6  11.5  11.5  12.0  11.6  11.1  11.5  11.2  11.9  11.7  12.1  10.8  11.3  11.2  12.4  10.7   9.9  12.0  11.4  11.4  11.7  11.9  11.3  11.2  10.9  11.4 
Direction:  {40 140} {39 141} {40 140} {40 140} {36 144} {36 144} {42 138} {42 138} {41 139} {40 140} {39 141} {41 139} {42 138} {44 136} {39 141} {39 141} {39 141} {40 140} {39 141} {40 140} {40 140} {40 140} {43 137} {40 140} {37 143} {39 141} {36 144} {39 141} {40 140} {37 143} {41 139} {40 140} {40 140} {40 140} {39 141} {39 141} {38 142} {36 144} {40 140} {38 142} {40 140} {40 140} {41 139} {40 140} {36 144} {40 140} {37 143} {40 140} {40 140} {42 138} {40 140} {41 139} {38 142} {42 138} {40 140} {40 140} {38 142} {40 140} {39 141} {40 140} {40 140} {37 143} {39 141} {41 139} {38 142} {36 144} {40 140} {40 140} {40 140} {39 141} {38 142} {40 140} {41 139} {40 140} {42 138} {39 141} {40 140} {38 142} {37 143} {41 139} {40 140} {37 143} {41 139} {41 139} {40 140} {40 140} {37 143} {38 142} {40 140} {40 140} {40 140} {40 140} {42 138} {39 141} {40 140} {41 139} {40 140} {43 137} {40 140} {37 143} {39 141} {36 144} {44 136} {40 140} {40 140} {40 140} {40 140} {40 140} {38 142} {40 140} {38 142} {39 141} {41 139} {40 140} {39 141} {40 140} {40 140} {42 138} {41 139} {40 140} {38 142} {41 139} {43 137} {38 142} {40 140} {35 145} {41 139} {39 141} {41 139} {36 144} {38 142} {37 143} {38 142} {40 140} {40 140} {39 141} {40 140} {40 140} {38 142} {39 141} {40 140} {37 143} {39 141} {40 140} {42 138} {41 139} {39 141} {44 136} {41 139} {38 142} {38 142} {40 140} {40 140} {40 140} {40 140} {39 141} {40 140} {40 140} {39 141} {40 140} {42 138} {40 140} {37 143} {40 140} {40 140} {39 141} {40 140} {38 142} {40 140} {41 139} {39 141} {38 142} {38 142} {38 142} {40 140} {42 138} {40 140} {40 140} {39 141} {42 138} {40 140} {40 140} {38 142} {40 140} {39 141} {39 141} {45 135} {40 140} {40 140} {40 140} {41 139} {39 141} {40 140} {40 140} {39 141} {41 139} {41 139} {40 140} {41 139} {38 142}

43.8: Count:  13.5 (  1.6) A:  12.6 [10-30] B:  25.5 [10-56] Phase: 53 ( 7.46) Direction:  {40 140}
Phase: {45,77,45,86,114,66,76,139,106,67,159,126,75,124,216,203,131,282,274,127,325,275,312,409,438,384,426,655,654,799,987,1171,1473,1539,2193,2976,3356,4748,5253,6568,7198,9736,11764,14176,13507,21088,19639,23896,26231,27445,26879,31627,31297,30731,31025,29159,29034,21938,23237,21193,18096,17255,13905,13154,7434,8269,8464,5591,5112,4455,3215,2970,2714,2282,1500,1577,1052,1085,861,970,885,638,617,546,520,470,489,340,399,336,614,334,241,275,291,362,168,222,249,213,287,181,298,195,232,169,188,159,164,76,153,180,105,109,126,127,93,124,156,104,89,87,85,41,34,66,10,65,66,13,7,10,24,29,16,58,6,0,46,34,5,4,20,46,28,7,24,24,10,0,11,1,18,12,0,5,0,13,1,0,3,16,20,2,0,7,0,8,0,0,15,0,0,0,0,0,0,0,0,0,5,0,0,0,0,0,0,0,0,0,0,0,0,0,0,0,0,0,0,0,0,0,0,0,0,0,0,0,0,0,0,0,0,0,0,0,0,0,0,0,0,13,0,0,0,0,0,0,0,0,0,0,0,0,0,0,0,0,0,0,0,0,0,0,0,0,0,0,0,0,0,0,0,0,0,0,0,0,0,0,0,0,0,0,0,0,0,0,0,0,0,0,0,0,0,0,0,0,0,0,0,0,0,0,0,0,0,0,0,0,0,0,0,0,0,0,0,0,0,0,0,0,0,9,0,0,0,0,0,0,0,1,1,0,0,0,12,0,0,0,1,0,0,20,0,0,21,15,18,20,0,15,0,13,6,7,0,12,20,25,9,43,14,12,5,19,7,9,1,0,22,32,13,47,36,30,52,65,43,41}
Count:  11.1   9.5   9.8  10.5   9.9   9.3   8.6   9.7   9.2   9.4   8.4   9.5   8.1   9.8   8.9   8.6  12.8  15.8  13.2  14.6  13.1  15.8  13.9  16.1  15.9  13.8  13.8  14.6  14.5  14.5  13.9  14.6  13.8  15.3  13.3  15.1  14.4  14.6  14.4  15.9  15.1  15.5  14.0  13.5  13.0  15.1  17.0  14.6  14.6  15.5  13.7  14.3  11.9  14.6  12.4  13.7  12.6  14.5  13.7  13.6  13.7  14.4  14.2  14.5  14.7  15.0  14.4  14.5  14.2  15.8  13.7  15.5  14.6  14.7  13.0  14.0  13.2  14.8  12.6  14.1  12.9  14.1  13.1  14.6  12.7  15.6  14.2  14.6  13.9  14.1  13.8  13.4  13.9  14.1  14.0  13.9  14.3  13.8  15.6  13.7  13.9  13.9  13.7  12.9  12.1  12.0  12.5  13.5  13.8  13.6  14.0  12.7  12.7  12.5  12.2  12.2  10.9  12.2  12.1  13.2  12.8  12.0  12.5  12.4  12.6  12.6  13.5  12.3  12.1  11.6  12.9  11.0  12.2  11.6  11.5  12.2  11.7  11.8  14.5  13.3  13.4  12.8  13.1  14.2  12.9  14.5  14.0  15.9  14.1  15.0  14.5  13.7  14.0  14.3  15.5  12.7  14.9  11.9  16.1  14.7  14.9  13.6  14.6  15.4  14.2  14.1  14.6  15.2  14.2  13.9  14.5  13.2  14.4  13.6  14.0  13.9  14.1  15.6  14.3  13.6  15.1  13.5  13.4  13.5  13.8  13.4  13.5  13.6  14.9  12.8  12.1  13.3  13.2  13.5  14.7  14.1  14.0  12.6  13.0  13.9 
Direction:  {39 141} {40 140} {38 142} {39 141} {40 140} {40 140} {43 137} {38 142} {39 141} {38 142} {41 139} {40 140} {40 140} {38 142} {39 141} {39 141} {38 142} {38 142} {37 143} {40 140} {39 141} {41 139} {40 140} {38 142} {40 140} {38 142} {37 143} {39 141} {43 137} {43 137} {38 142} {39 141} {42 138} {42 138} {38 142} {38 142} {36 144} {40 140} {41 139} {37 143} {39 141} {38 142} {38 142} {41 139} {40 140} {41 139} {36 144} {38 142} {44 136} {38 142} {38 142} {38 142} {41 139} {36 144} {37 143} {40 140} {41 139} {39 141} {41 139} {39 141} {38 142} {41 139} {41 139} {41 139} {40 140} {40 140} {38 142} {39 141} {39 141} {40 140} {41 139} {39 141} {40 140} {40 140} {37 143} {42 138} {40 140} {38 142} {42 138} {40 140} {41 139} {43 137} {39 141} {38 142} {40 140} {41 139} {40 140} {40 140} {40 140} {40 140} {40 140} {38 142} {39 141} {38 142} {38 142} {38 142} {38 142} {38 142} {43 137} {41 139} {38 142} {38 142} {36 144} {41 139} {38 142} {40 140} {39 141} {40 140} {40 140} {42 138} {39 141} {38 142} {40 140} {38 142} {39 141} {42 138} {41 139} {40 140} {38 142} {40 140} {38 142} {41 139} {38 142} {41 139} {42 138} {39 141} {38 142} {38 142} {42 138} {37 143} {44 136} {41 139} {40 140} {41 139} {39 141} {41 139} {38 142} {43 137} {41 139} {41 139} {42 138} {38 142} {41 139} {39 141} {38 142} {39 141} {39 141} {39 141} {38 142} {40 140} {40 140} {38 142} {39 141} {39 141} {41 139} {38 142} {40 140} {39 141} {39 141} {39 141} {43 137} {41 139} {38 142} {42 138} {39 141} {38 142} {39 141} {42 138} {40 140} {39 141} {40 140} {39 141} {39 141} {40 140} {42 138} {40 140} {42 138} {39 141} {38 142} {39 141} {39 141} {37 143} {39 141} {36 144} {38 142} {40 140} {39 141} {39 141} {40 140} {39 141} {36 144} {38 142} {41 139} {41 139} {40 140} {40 140} {40 140} {39 141} {40 140} {42 138}

43.9: Count:  13.9 (  1.7) A:  12.6 [10-30] B:  23.8 [10-51] Phase: 55 ( 7.26) Direction:  {42 138}
Phase: {72,45,72,40,73,61,137,84,71,55,124,150,74,101,58,120,37,175,135,144,224,173,223,259,221,256,233,419,342,511,432,609,781,846,1094,1414,1795,2178,2685,3729,4305,6082,7046,9150,9670,15805,12681,18027,20533,22441,23652,27381,29276,31416,33173,32287,33621,28038,30605,28721,25042,24932,20767,20208,12984,13274,12242,9706,7875,6913,5117,4182,4200,3302,2155,2245,1910,1517,898,1160,989,785,688,618,655,570,415,413,380,411,628,344,281,289,293,258,341,352,354,313,234,309,148,221,227,215,244,236,196,161,245,206,229,224,154,240,133,251,156,205,112,118,130,30,105,76,118,42,67,148,12,30,115,101,24,17,26,48,49,33,13,35,15,14,0,11,33,44,24,60,24,20,33,5,18,17,6,0,5,0,5,0,0,0,0,0,1,0,7,0,0,0,11,0,0,0,0,0,0,9,0,0,0,0,0,0,0,0,0,0,0,0,0,0,0,0,0,0,0,0,0,0,0,0,0,0,0,0,0,0,0,0,0,0,0,0,0,0,0,0,0,0,0,18,0,0,0,0,0,0,0,0,0,0,0,0,0,0,0,0,0,0,0,0,0,0,0,0,0,0,0,0,0,0,0,0,0,0,0,0,0,0,0,0,0,0,0,0,0,0,0,0,0,0,0,0,0,0,0,0,0,0,0,0,0,0,0,0,0,0,0,0,0,0,0,0,0,0,0,0,0,0,0,0,0,0,0,0,0,0,0,0,0,0,0,0,0,0,0,0,0,1,13,9,0,16,0,0,0,9,0,0,20,0,0,0,14,0,5,25,25,0,18,53,0,0,13,10,37,29,36,0,9,34,64,13,42,22,58,12}
Count:  11.3  10.6   9.5  10.4  10.5  10.2   8.4  10.7  10.0  10.0   9.1   9.9   8.7   9.7   8.8   9.4  12.9  16.2  13.8  15.2  13.6  16.8  14.5  16.7  16.9  15.2  14.1  14.7  14.5  15.7  13.6  18.0  15.0  16.9  14.0  15.6  15.3  15.2  14.5  15.4  15.8  15.5  14.6  13.4  13.7  15.6  17.4  15.0  14.2  15.4  13.9  14.6  12.2  13.7  12.9  15.4  14.0  14.4  14.7  15.8  14.1  14.9  14.3  15.0  15.3  14.7  15.9  15.8  15.1  14.9  13.5  16.1  14.6  15.0  13.3  14.3  13.5  14.7  13.1  15.0  14.2  14.2  14.4  13.7  12.4  15.0  14.3  14.8  13.7  14.5  14.2  14.4  13.3  14.6  16.0  15.4  14.1  13.7  14.5  15.1  15.1  14.0  13.8  13.3  12.6  12.8  13.1  14.0  14.8  13.6  14.2  12.4  11.9  12.6  11.8  12.6  12.0  12.5  11.2  12.6  12.2  12.6  13.2  13.5  14.1  13.4  13.1  13.0  12.3  11.5  12.0  12.8  12.6  11.5  11.7  10.9  11.5  12.2  14.2  12.8  14.0  13.1  13.0  13.8  13.8  14.5  14.7  14.8  13.5  15.4  15.3  14.0  15.0  16.5  15.1  12.8  14.7  12.7  16.6  15.0  14.7  14.6  15.8  15.7  15.2  15.0  14.5  14.7  14.8  14.5  14.2  15.1  15.2  15.2  14.5  13.9  15.2  13.8  14.6  13.6  14.1  14.8  14.6  14.6  14.3  14.0  14.1  13.7  13.9  13.5  13.4  14.5  14.7  14.0  15.3  14.6  14.9  13.7  14.1  14.4 
Direction:  {42 138} {41 139} {45 135} {48 132} {41 139} {47 133} {41 139} {42 138} {44 136} {38 142} {44 136} {40 140} {47 133} {44 136} {41 139} {40 140} {42 138} {46 134} {39 141} {44 136} {41 139} {41 139} {41 139} {41 139} {40 140} {40 140} {44 136} {39 141} {42 138} {44 136} {41 139} {43 137} {40 140} {41 139} {38 142} {41 139} {42 138} {41 139} {40 140} {44 136} {39 141} {42 138} {41 139} {41 139} {43 137} {42 138} {46 134} {45 135} {41 139} {45 135} {40 140} {39 141} {42 138} {41 139} {41 139} {42 138} {41 139} {43 137} {42 138} {42 138} {42 138} {41 139} {43 137} {45 135} {42 138} {40 140} {41 139} {40 140} {45 135} {42 138} {46 134} {40 140} {45 135} {43 137} {43 137} {43 137} {45 135} {44 136} {41 139} {38 142} {44 136} {42 138} {42 138} {45 135} {42 138} {42 138} {41 139} {41 139} {42 138} {41 139} {41 139} {42 138} {42 138} {40 140} {42 138} {41 139} {42 138} {40 140} {41 139} {41 139} {42 138} {40 140} {43 137} {45 135} {42 138} {41 139} {41 139} {41 139} {42 138} {42 138} {40 140} {44 136} {42 138} {42 138} {42 138} {41 139} {46 134} {42 138} {45 135} {44 136} {44 136} {45 135} {42 138} {45 135} {41 139} {43 137} {44 136} {42 138} {42 138} {42 138} {44 136} {47 133} {41 139} {43 137} {42 138} {39 141} {43 137} {41 139} {42 138} {37 143} {38 142} {43 137} {43 137} {44 136} {38 142} {38 142} {41 139} {41 139} {41 139} {44 136} {40 140} {43 137} {38 142} {40 140} {42 138} {44 136} {44 136} {39 141} {42 138} {42 138} {41 139} {38 142} {45 135} {42 138} {44 136} {42 138} {44 136} {42 138} {41 139} {41 139} {42 138} {39 141} {41 139} {41 139} {40 140} {46 134} {45 135} {40 140} {40 140} {43 137} {43 137} {43 137} {42 138} {44 136} {45 135} {42 138} {41 139} {43 137} {41 139} {40 140} {42 138} {47 133} {43 137} {40 140} {40 140} {47 133} {39 141} {41 139} {42 138} {42 138}

44.0: Count:  16.1 (  1.9) A:  12.9 [10-30] B:  22.8 [10-53] Phase: 56 ( 6.91) Direction:  {43 137}
Phase: {40,40,28,74,85,46,42,55,46,70,93,123,89,75,123,96,144,129,145,209,148,283,228,257,239,243,229,336,338,322,431,405,594,714,850,982,1129,1823,2020,2958,3193,4644,5573,7717,7463,13207,11124,16675,18893,22944,22980,29585,32582,36363,38307,39757,42340,35391,40132,37396,34987,31396,28276,27752,18299,18550,17179,12531,11061,9260,6985,5005,5443,4862,2937,2774,2043,1800,1169,1524,963,870,663,929,774,606,433,511,401,442,774,372,452,352,415,369,369,294,408,346,416,280,270,224,363,303,269,290,232,174,207,289,152,199,269,182,179,218,176,105,187,61,141,105,127,103,80,80,123,99,58,85,92,66,33,96,6,90,73,14,18,60,65,33,49,66,3,18,3,21,0,11,9,11,7,22,8,0,0,5,32,0,4,0,5,0,11,0,0,0,0,0,0,0,0,0,0,0,2,0,6,0,0,0,0,0,0,0,0,0,0,0,0,0,0,0,0,0,0,0,0,0,0,0,0,0,0,0,0,0,0,0,0,0,0,0,0,0,0,0,0,0,0,0,0,0,0,0,0,0,0,0,0,0,0,0,0,0,0,0,0,0,0,0,0,0,0,0,0,0,0,0,0,0,0,0,0,0,0,0,0,0,0,0,0,0,0,0,0,0,0,0,0,0,0,0,0,0,0,0,0,0,0,0,0,0,0,0,0,0,0,0,0,0,0,0,0,0,0,0,0,0,9,0,0,0,0,0,7,0,0,0,0,0,0,0,0,0,0,0,0,0,0,0,0,15,20,0,0,0,1,1,1,0,0,0,0,29,26,18,3,0,0,0,5,1,11,0,27,38,19,0,29,24,25,15,31,25,26,39}
Count:  13.6  12.8  11.4  12.0  12.3  11.9  10.7  12.2  11.0  11.7  11.5  11.6  10.7  11.4  10.4  11.2  14.2  17.3  16.1  18.3  15.6  18.4  16.1  18.6  18.8  16.7  16.5  16.8  16.7  18.3  16.3  19.6  17.3  19.8  16.8  19.1  17.7  17.3  17.6  16.4  19.7  18.4  16.4  14.7  14.7  17.9  19.0  17.1  15.6  18.2  15.4  17.2  15.1  15.8  14.9  17.5  15.4  17.3  16.0  18.0  17.2  17.8  17.6  17.4  18.1  17.2  17.4  18.6  17.0  17.9  16.2  18.3  16.4  17.9  15.5  17.2  15.4  17.7  15.2  16.9  16.2  16.7  15.8  16.5  16.0  17.3  15.3  16.6  15.6  17.8  17.0  16.4  15.1  17.2  18.6  18.7  18.1  15.4  17.2  16.8  16.4  16.2  16.5  15.4  15.3  14.7  15.0  16.6  16.3  14.7  15.5  14.5  15.2  15.1  14.5  14.0  13.4  13.8  13.5  13.1  14.9  14.6  14.2  15.0  15.5  15.5  15.6  14.2  15.0  13.3  14.2  14.2  14.8  13.9  13.1  13.8  13.6  14.1  15.6  16.4  16.4  16.0  14.7  16.5  17.4  17.1  15.4  19.8  16.4  17.5  17.2  16.5  17.0  19.1  18.0  15.4  17.7  14.2  18.4  17.4  18.0  17.0  17.5  17.3  17.6  16.4  16.9  16.8  16.5  18.0  16.7  17.0  16.5  17.2  17.1  16.4  17.6  16.9  16.6  16.4  17.2  16.9  17.3  16.8  18.1  17.0  16.6  16.2  17.3  16.9  16.4  17.1  17.3  18.0  17.1  16.6  16.2  16.2  16.4  17.2 
Direction:  {44 136} {42 138} {46 134} {40 140} {43 137} {46 134} {41 139} {42 138} {42 138} {41 139} {41 139} {44 136} {40 140} {44 136} {43 137} {45 135} {43 137} {45 135} {41 139} {43 137} {42 138} {46 134} {43 137} {44 136} {40 140} {41 139} {44 136} {42 138} {42 138} {41 139} {42 138} {47 133} {44 136} {43 137} {43 137} {42 138} {42 138} {43 137} {42 138} {44 136} {44 136} {43 137} {42 138} {44 136} {44 136} {42 138} {44 136} {46 134} {45 135} {43 137} {42 138} {41 139} {42 138} {43 137} {43 137} {43 137} {42 138} {42 138} {42 138} {46 134} {42 138} {44 136} {47 133} {44 136} {41 139} {42 138} {44 136} {42 138} {44 136} {43 137} {45 135} {45 135} {41 139} {43 137} {42 138} {41 139} {40 140} {44 136} {42 138} {42 138} {46 134} {42 138} {44 136} {44 136} {44 136} {42 138} {43 137} {41 139} {42 138} {45 135} {43 137} {44 136} {42 138} {44 136} {42 138} {44 136} {42 138} {46 134} {45 135} {42 138} {44 136} {44 136} {46 134} {46 134} {41 139} {42 138} {40 140} {41 139} {40 140} {45 135} {42 138} {43 137} {39 141} {45 135} {43 137} {43 137} {42 138} {44 136} {43 137} {43 137} {44 136} {42 138} {46 134} {43 137} {45 135} {42 138} {45 135} {42 138} {41 139} {47 133} {44 136} {44 136} {47 133} {46 134} {44 136} {45 135} {41 139} {43 137} {43 137} {44 136} {44 136} {44 136} {42 138} {43 137} {40 140} {45 135} {42 138} {43 137} {43 137} {44 136} {43 137} {42 138} {46 134} {47 133} {44 136} {44 136} {42 138} {46 134} {43 137} {42 138} {47 133} {42 138} {46 134} {44 136} {44 136} {41 139} {42 138} {46 134} {42 138} {44 136} {44 136} {43 137} {44 136} {42 138} {44 136} {46 134} {43 137} {41 139} {40 140} {44 136} {42 138} {42 138} {44 136} {42 138} {45 135} {45 135} {42 138} {42 138} {43 137} {42 138} {44 136} {44 136} {42 138} {44 136} {43 137} {44 136} {43 137} {44 136} {43 137} {41 139}

44.1: Count:  18.8 (  2.2) A:  13.4 [10-34] B:  21.8 [10-56] Phase: 57 ( 7.56) Direction:  {44 136}
Phase: {30,25,9,61,28,2,45,93,64,89,60,128,78,96,158,150,139,139,156,131,186,224,257,235,247,279,253,422,461,419,518,611,1055,868,1372,1446,1517,2364,2776,3512,4146,6015,7234,8608,7745,15948,12056,17544,21632,22701,26297,31981,35254,38316,40499,43447,44441,40722,44550,42887,40446,37346,35594,36212,22554,25562,22459,17972,16028,13472,10993,7937,8521,6706,4908,4244,3751,3053,1971,2435,1586,1688,1232,883,1093,841,712,547,426,428,831,445,433,491,362,433,488,367,434,310,345,374,227,329,187,273,240,182,246,179,284,150,133,176,183,197,111,163,169,168,84,222,202,99,92,64,148,101,127,81,86,170,74,92,54,58,34,73,16,44,7,14,9,28,49,28,37,26,27,13,42,20,9,7,0,5,7,0,0,0,37,0,0,1,4,0,3,0,0,0,0,0,0,0,9,0,0,1,0,1,0,0,0,0,0,0,0,0,0,0,0,0,5,0,0,0,0,0,0,0,13,0,0,0,0,0,0,0,0,0,0,0,0,0,0,0,0,0,0,0,0,0,0,0,0,0,0,0,0,0,0,0,0,0,0,0,0,0,0,0,0,0,0,0,0,0,0,0,0,0,0,0,0,0,0,0,0,0,0,0,0,0,0,0,0,0,0,0,0,0,0,0,0,0,0,0,0,0,0,0,10,0,0,0,0,0,0,0,0,0,0,0,0,0,0,0,0,0,0,0,0,0,0,0,0,0,0,0,0,0,0,0,9,0,0,0,0,0,0,0,0,0,0,0,0,10,0,0,0,15,0,0,18,1,3,13,0,0,5,0,1,0,20,0,0,33,7,7,7,30,26,8,35,9,16,27,28,46,9,15}
Count:  15.0  14.3  12.6  13.7  13.8  14.1  12.8  13.7  12.3  13.8  12.9  13.1  12.4  13.6  12.7  13.1  16.6  21.2  18.8  21.1  19.0  20.3  19.1  20.9  21.7  20.1  19.0  19.0  19.0  21.4  18.9  23.1  19.7  23.0  19.1  22.0  19.3  19.9  21.3  20.5  23.4  22.3  19.2  17.1  18.8  21.4  23.0  20.0  18.7  19.7  18.3  20.2  17.1  19.6  16.9  20.7  18.8  20.3  19.3  20.3  18.5  20.1  19.9  19.7  20.3  19.2  19.9  20.8  18.7  21.6  19.8  20.9  20.2  20.5  19.4  20.1  17.4  19.8  17.8  20.2  18.4  19.0  19.2  20.5  18.8  19.3  18.4  19.6  20.0  19.4  18.5  17.8  17.5  19.2  21.1  20.5  20.4  18.7  20.8  21.2  19.9  18.7  19.4  17.3  19.7  17.2  19.3  18.6  19.2  17.1  19.4  19.1  18.0  17.4  16.7  17.1  16.7  16.5  16.6  16.3  17.3  17.2  17.8  16.0  17.5  16.7  18.1  15.8  17.9  16.8  17.7  15.8  17.0  15.6  16.3  16.7  16.6  16.6  18.6  18.7  19.3  18.2  18.7  20.2  18.9  20.4  18.8  22.1  19.1  20.1  21.1  18.8  19.4  23.0  21.1  18.5  21.3  16.4  22.1  21.3  20.1  20.0  20.6  21.7  21.1  19.4  20.2  20.1  19.8  20.6  19.9  19.7  19.5  19.8  19.7  19.3  20.4  19.8  18.9  18.6  19.7  20.3  19.4  19.1  20.8  19.1  19.9  19.1  20.8  18.7  18.4  20.2  19.5  20.3  19.9  19.5  20.0  19.2  19.6  19.7 
Direction:  {41 139} {45 135} {46 134} {44 136} {46 134} {41 139} {45 135} {45 135} {44 136} {40 140} {46 134} {44 136} {42 138} {47 133} {42 138} {42 138} {44 136} {42 138} {44 136} {43 137} {41 139} {45 135} {44 136} {49 131} {44 136} {47 133} {46 134} {43 137} {44 136} {44 136} {43 137} {44 136} {45 135} {44 136} {42 138} {43 137} {44 136} {45 135} {41 139} {42 138} {43 137} {45 135} {44 136} {44 136} {43 137} {43 137} {47 133} {43 137} {47 133} {44 136} {40 140} {43 137} {41 139} {42 138} {48 132} {41 139} {42 138} {43 137} {45 135} {40 140} {43 137} {46 134} {46 134} {44 136} {47 133} {46 134} {47 133} {42 138} {43 137} {42 138} {41 139} {44 136} {44 136} {46 134} {42 138} {45 135} {43 137} {46 134} {42 138} {47 133} {45 135} {46 134} {42 138} {45 135} {45 135} {43 137} {43 137} {46 134} {41 139} {45 135} {45 135} {46 134} {43 137} {45 135} {44 136} {44 136} {44 136} {42 138} {43 137} {47 133} {44 136} {41 139} {47 133} {41 139} {40 140} {49 131} {42 138} {43 137} {43 137} {44 136} {44 136} {43 137} {41 139} {46 134} {44 136} {42 138} {44 136} {46 134} {45 135} {45 135} {42 138} {40 140} {47 133} {42 138} {47 133} {43 137} {44 136} {39 141} {44 136} {43 137} {45 135} {46 134} {43 137} {42 138} {46 134} {42 138} {44 136} {42 138} {45 135} {41 139} {42 138} {43 137} {43 137} {45 135} {44 136} {47 133} {46 134} {46 134} {44 136} {43 137} {42 138} {44 136} {44 136} {45 135} {46 134} {47 133} {45 135} {45 135} {42 138} {44 136} {42 138} {47 133} {49 131} {42 138} {46 134} {45 135} {49 131} {43 137} {43 137} {45 135} {48 132} {43 137} {46 134} {45 135} {47 133} {41 139} {46 134} {43 137} {46 134} {42 138} {42 138} {42 138} {42 138} {47 133} {48 132} {42 138} {45 135} {42 138} {45 135} {42 138} {45 135} {44 136} {44 136} {47 133} {47 133} {46 134} {42 138} {43 137} {46 134} {45 135}

44.2: Count:  23.7 (  2.5) A:  14.1 [10-38] B:  20.5 [10-58] Phase: 57 ( 8.55) Direction:  {44 136}
Phase: {83,38,57,99,119,124,52,68,44,110,147,125,61,72,106,173,118,222,223,270,199,355,348,409,620,631,448,900,747,1069,1133,1440,1783,1594,2444,2813,3284,4895,5621,6198,6607,9268,11188,11816,11522,24343,15786,22859,27607,29977,30823,35363,41447,43765,45148,46923,49616,43854,49932,48940,46765,44311,42487,43148,28763,31340,29678,24746,22856,19236,16533,12345,14156,12007,8739,8067,6614,5402,4151,4725,3534,3117,2280,2075,1966,1506,1599,989,872,598,1419,568,537,501,612,440,408,342,258,297,462,431,218,248,313,325,277,293,283,189,223,159,186,109,206,231,104,203,211,68,128,50,95,66,132,137,77,84,75,101,51,23,43,51,9,118,15,37,57,8,51,67,16,29,43,46,37,7,37,50,25,19,31,0,0,15,11,0,26,1,13,0,0,1,0,0,1,0,0,0,0,0,13,0,15,0,0,5,0,1,0,0,0,0,0,0,0,0,0,0,0,7,0,0,0,0,0,0,0,0,0,0,0,0,0,0,0,0,0,0,0,0,0,0,0,0,0,0,0,0,0,0,0,0,0,0,0,0,0,0,0,0,0,0,0,0,0,0,0,0,0,0,0,0,0,0,0,0,0,0,0,0,0,0,0,0,0,0,0,0,0,0,0,0,0,0,0,0,0,0,0,0,0,0,0,0,0,0,0,0,0,0,0,0,0,0,0,0,0,0,0,0,0,0,0,0,0,0,0,0,0,0,0,0,0,0,0,0,0,0,0,0,0,0,13,0,24,0,0,5,0,0,0,0,0,7,0,0,0,0,0,0,16,8,1,0,10,7,11,0,7,0,0,11,3,11,5,19,18,26,29,33,0,26,9,28,27,20,50,45}
Count:  18.6  16.8  17.2  18.4  17.7  17.7  14.9  17.0  16.7  18.2  15.8  18.6  17.3  17.5  15.8  16.4  20.4  26.2  24.0  25.5  23.8  25.4  24.3  25.4  26.1  24.6  24.2  24.1  23.3  27.2  24.1  27.4  23.7  26.3  24.1  24.6  24.9  26.1  26.5  24.6  27.5  27.5  24.1  22.1  22.3  24.7  27.5  24.6  24.4  25.2  23.8  25.3  22.9  23.8  22.9  27.1  23.4  24.7  24.0  23.2  24.3  24.7  25.2  24.6  26.6  24.1  24.5  25.1  24.2  26.8  25.4  26.0  26.5  24.7  23.7  24.5  24.7  24.3  25.1  25.9  25.4  23.4  24.4  23.9  24.8  24.0  24.2  24.6  24.9  25.1  24.7  22.9  23.7  25.2  26.5  24.3  25.6  23.9  25.5  24.4  24.3  22.5  25.7  22.3  25.1  21.9  24.3  23.0  24.2  22.8  23.9  23.1  22.2  23.1  21.8  22.9  23.4  21.4  22.3  21.4  23.3  21.7  23.2  21.0  23.0  22.0  22.9  22.4  23.1  20.4  22.6  21.2  22.1  20.0  21.8  20.1  20.8  21.3  23.6  24.6  24.4  24.2  23.6  25.8  24.3  27.4  22.8  26.9  24.8  25.7  25.2  24.6  25.7  28.0  28.2  22.4  26.5  21.5  27.2  25.7  25.2  25.0  25.8  25.3  25.2  24.7  25.4  25.3  24.8  24.3  23.8  24.3  24.1  25.2  24.8  24.0  23.6  25.1  23.0  23.6  25.5  25.0  24.3  24.4  24.7  24.6  24.8  23.6  25.6  22.6  23.6  24.2  23.8  24.9  25.5  23.4  26.1  22.8  25.7  24.9 
Direction:  {45 135} {44 136} {44 136} {45 135} {47 133} {40 140} {47 133} {44 136} {47 133} {40 140} {41 139} {47 133} {46 134} {42 138} {44 136} {44 136} {41 139} {45 135} {43 137} {46 134} {42 138} {46 134} {42 138} {43 137} {47 133} {41 139} {47 133} {44 136} {42 138} {47 133} {44 136} {45 135} {42 138} {44 136} {47 133} {47 133} {46 134} {44 136} {44 136} {48 132} {40 140} {43 137} {42 138} {45 135} {42 138} {45 135} {46 134} {46 134} {44 136} {42 138} {46 134} {47 133} {47 133} {43 137} {44 136} {44 136} {46 134} {47 133} {45 135} {45 135} {46 134} {43 137} {44 136} {44 136} {45 135} {44 136} {45 135} {41 139} {42 138} {48 132} {47 133} {45 135} {43 137} {48 132} {46 134} {46 134} {43 137} {44 136} {44 136} {44 136} {43 137} {47 133} {46 134} {42 138} {45 135} {45 135} {39 141} {47 133} {45 135} {47 133} {43 137} {40 140} {47 133} {45 135} {44 136} {43 137} {43 137} {44 136} {42 138} {44 136} {45 135} {46 134} {42 138} {47 133} {42 138} {43 137} {43 137} {46 134} {47 133} {46 134} {42 138} {44 136} {47 133} {45 135} {42 138} {43 137} {46 134} {41 139} {41 139} {50 130} {41 139} {47 133} {43 137} {46 134} {43 137} {47 133} {40 140} {44 136} {47 133} {42 138} {41 139} {44 136} {45 135} {42 138} {44 136} {41 139} {44 136} {41 139} {42 138} {47 133} {44 136} {42 138} {44 136} {47 133} {47 133} {47 133} {45 135} {41 139} {47 133} {43 137} {41 139} {47 133} {44 136} {43 137} {46 134} {46 134} {40 140} {44 136} {47 133} {44 136} {45 135} {46 134} {48 132} {42 138} {46 134} {43 137} {41 139} {44 136} {45 135} {46 134} {42 138} {46 134} {42 138} {44 136} {46 134} {42 138} {47 133} {47 133} {45 135} {47 133} {44 136} {44 136} {42 138} {44 136} {46 134} {44 136} {45 135} {44 136} {45 135} {41 139} {47 133} {44 136} {47 133} {44 136} {45 135} {44 136} {44 136} {45 135} {44 136} {44 136}

44.3: Count:  26.3 (  2.5) A:  14.5 [10-41] B:  19.7 [10-58] Phase: 58 ( 7.68) Direction:  {45 135}
Phase: {70,14,58,53,48,43,82,49,84,146,102,83,44,150,108,136,184,233,260,215,288,337,377,340,625,476,433,755,774,809,1073,1384,1867,1315,2047,2485,2628,4113,4420,5290,5191,7916,9805,9800,9987,21900,14343,20649,25358,28324,29661,37514,40862,45560,47963,54260,56968,51103,60281,57890,58506,54336,52356,53218,35372,39794,37500,30555,28041,23272,20186,13951,16300,14347,9723,9820,8011,6796,4898,4845,4291,3394,2506,2136,1927,1879,1563,1181,874,766,1465,572,614,632,659,500,430,468,360,457,530,438,313,324,250,311,346,305,268,205,179,229,163,305,224,131,122,143,133,150,114,115,104,39,41,15,70,113,82,139,60,64,53,48,52,93,21,59,8,32,27,55,27,25,36,19,40,1,18,34,37,38,39,50,0,18,34,0,0,0,16,0,14,5,7,11,0,10,0,0,0,0,0,0,1,0,1,0,0,0,6,0,0,0,9,0,3,0,0,0,15,0,0,0,0,0,0,0,0,0,0,0,0,0,0,0,0,0,0,0,0,0,0,0,0,0,0,0,0,0,0,0,0,0,0,0,0,0,0,0,0,0,0,0,0,0,0,0,0,0,0,0,0,0,0,0,0,0,0,0,0,0,0,0,0,0,0,0,0,0,0,0,0,0,0,0,0,0,0,0,0,0,0,0,0,0,0,0,0,0,0,0,0,0,0,0,0,0,0,0,0,0,0,0,0,0,0,0,0,0,0,0,0,0,0,0,0,0,0,0,13,0,0,0,7,0,0,3,0,5,0,1,0,0,0,0,0,0,0,0,0,5,0,7,0,0,19,2,0,0,0,17,27,14,11,6,8,0,1,38,25,6,31,35,37,23,45,23,24,18}
Count:  20.8  19.6  19.0  20.6  20.4  20.3  18.4  18.7  18.6  20.4  19.2  20.6  19.8  19.5  17.5  18.8  23.2  27.8  26.2  27.5  26.4  26.5  27.9  29.1  28.4  27.4  25.8  26.4  27.2  28.7  26.3  29.6  26.6  29.4  27.0  27.3  27.2  28.9  27.9  27.0  29.9  29.8  27.5  24.9  25.0  27.7  31.4  27.8  26.7  28.4  26.7  27.5  23.8  27.1  25.8  29.2  26.0  27.1  26.5  26.6  27.8  28.1  27.9  26.8  28.1  27.7  27.4  28.3  27.3  29.4  28.3  27.8  27.9  27.1  26.6  26.9  27.7  26.4  28.4  28.4  26.9  26.5  26.8  26.6  26.6  26.5  25.7  26.9  27.9  26.7  27.1  25.4  27.0  27.7  28.5  26.6  29.1  24.2  28.1  25.8  27.3  25.2  27.5  26.7  29.1  24.8  27.5  25.1  26.8  27.5  27.1  26.2  26.5  24.9  25.7  23.9  26.8  24.4  24.0  25.2  26.9  24.5  26.4  24.8  26.0  24.6  26.3  24.7  25.4  23.4  24.4  23.9  26.1  22.3  23.7  23.1  24.0  24.1  24.9  28.2  26.6  29.3  25.4  29.3  26.8  31.1  26.3  29.9  27.2  28.1  28.2  28.0  27.1  30.2  29.8  24.4  28.4  23.8  30.5  28.3  28.2  27.0  29.4  28.8  27.2  27.6  28.2  26.5  27.0  26.8  27.8  26.9  26.7  26.8  27.8  26.1  27.3  27.1  25.9  26.3  27.9  26.7  27.2  26.2  27.0  26.9  26.9  26.1  28.0  25.4  26.1  28.2  25.7  27.1  28.7  26.6  28.6  26.6  28.5  27.5 
Direction:  {46 134} {46 134} {48 132} {46 134} {46 134} {43 137} {45 135} {44 136} {43 137} {45 135} {46 134} {46 134} {45 135} {46 134} {44 136} {45 135} {44 136} {45 135} {45 135} {43 137} {46 134} {44 136} {48 132} {45 135} {45 135} {45 135} {45 135} {47 133} {43 137} {45 135} {45 135} {45 135} {46 134} {44 136} {45 135} {44 136} {46 134} {45 135} {45 135} {44 136} {46 134} {45 135} {45 135} {45 135} {45 135} {45 135} {45 135} {46 134} {46 134} {46 134} {47 133} {44 136} {45 135} {45 135} {45 135} {47 133} {45 135} {46 134} {47 133} {46 134} {45 135} {45 135} {47 133} {45 135} {43 137} {44 136} {43 137} {44 136} {46 134} {46 134} {45 135} {46 134} {44 136} {46 134} {45 135} {43 137} {45 135} {47 133} {45 135} {46 134} {46 134} {46 134} {43 137} {45 135} {45 135} {48 132} {45 135} {45 135} {44 136} {45 135} {45 135} {45 135} {45 135} {45 135} {45 135} {45 135} {44 136} {46 134} {41 139} {42 138} {46 134} {46 134} {44 136} {45 135} {45 135} {45 135} {45 135} {45 135} {45 135} {45 135} {45 135} {45 135} {44 136} {43 137} {44 136} {44 136} {43 137} {47 133} {44 136} {44 136} {44 136} {43 137} {45 135} {44 136} {42 138} {42 138} {44 136} {43 137} {45 135} {45 135} {45 135} {46 134} {45 135} {44 136} {42 138} {44 136} {44 136} {46 134} {44 136} {44 136} {45 135} {45 135} {47 133} {45 135} {45 135} {44 136} {47 133} {44 136} {45 135} {45 135} {45 135} {44 136} {45 135} {44 136} {45 135} {46 134} {47 133} {45 135} {44 136} {41 139} {42 138} {44 136} {46 134} {45 135} {42 138} {47 133} {45 135} {47 133} {44 136} {45 135} {48 132} {41 139} {45 135} {45 135} {44 136} {45 135} {45 135} {46 134} {46 134} {45 135} {46 134} {47 133} {45 135} {45 135} {46 134} {45 135} {46 134} {43 137} {45 135} {44 136} {45 135} {45 135} {45 135} {42 138} {43 137} {45 135} {44 136} {45 135} {45 135} {44 136}

44.4: Count:  24.0 (  2.6) A:  14.6 [10-42] B:  19.2 [10-53] Phase: 61 ( 6.50) Direction:  {47 133}
Phase: {62,15,4,82,35,65,37,33,54,81,72,103,65,81,150,66,122,167,174,121,108,166,282,228,314,270,129,285,366,394,276,545,523,469,767,682,743,963,1371,1583,1569,2403,3005,2810,3327,7693,5312,7399,10713,13464,14058,18654,23290,29590,32069,38708,44218,43291,58159,57181,63293,61959,65816,70214,46249,53046,50498,43014,36565,31654,28318,19247,22096,17648,12221,11244,8968,7539,4445,5512,4372,3539,2638,1759,1995,2210,1487,1098,723,650,1422,499,621,603,533,605,602,606,454,374,385,450,353,291,382,418,303,249,421,288,326,284,345,290,252,189,134,293,254,200,236,145,294,137,159,176,154,126,138,114,68,66,73,118,25,72,51,59,36,20,43,57,23,26,27,15,7,19,15,4,0,39,40,12,9,15,9,19,34,18,11,0,11,0,0,0,0,5,0,0,0,0,0,0,9,6,0,0,0,0,0,0,0,0,0,0,0,0,0,0,0,0,0,0,0,0,0,0,0,0,0,0,0,0,0,0,0,0,0,0,0,0,0,0,0,0,0,0,0,0,0,0,0,0,0,0,0,0,0,0,0,0,0,0,0,0,0,0,0,0,0,0,0,0,0,0,0,0,0,0,0,0,0,0,0,0,0,0,0,0,0,0,0,0,0,0,0,0,0,0,0,0,0,0,0,0,0,0,0,0,0,0,0,0,0,0,0,0,0,0,0,0,0,0,0,0,0,0,0,0,0,0,0,0,0,0,0,0,0,0,0,0,0,0,0,0,0,0,11,0,0,0,0,0,0,0,0,0,0,0,7,0,0,1,0,0,0,2,0,22,29,5,0,29,0,28,13,0,7,0,6,44,67,11,51,24,0,0,49,5}
Count:  18.7  18.3  17.0  18.3  18.5  16.7  15.6  18.0  16.1  17.4  16.9  17.6  16.0  17.3  15.5  16.8  20.7  26.4  22.5  24.8  23.2  25.6  25.0  27.1  26.2  25.4  23.8  23.5  25.1  25.4  23.1  27.5  24.6  27.0  24.5  26.4  24.5  25.6  26.1  25.9  28.0  28.7  26.2  22.8  22.4  27.0  29.9  25.9  24.0  25.6  24.1  26.0  22.0  25.0  22.1  25.4  23.2  25.6  24.9  24.5  24.8  25.6  25.6  25.7  25.8  25.9  25.2  26.9  24.3  24.9  25.2  25.2  25.5  24.0  24.9  24.0  24.2  24.3  24.7  24.7  24.2  24.0  23.4  24.4  24.8  24.1  24.5  24.7  24.4  25.4  25.0  22.4  24.0  25.9  26.7  23.8  26.3  24.7  27.0  23.9  25.6  24.1  25.2  23.3  24.6  22.9  25.6  22.9  25.1  23.8  26.0  23.1  25.7  23.3  24.5  21.1  22.4  22.1  22.5  21.7  22.9  21.0  22.4  22.5  23.1  22.6  24.2  21.1  22.9  21.6  21.6  21.6  21.7  20.6  20.9  19.9  20.8  20.2  24.9  25.2  23.6  25.3  24.0  26.8  24.9  27.9  24.3  27.4  25.5  26.5  26.4  25.9  25.2  28.3  26.7  22.1  26.7  21.4  27.9  26.7  26.6  25.4  26.4  25.7  26.1  25.2  26.2  25.0  25.4  25.5  24.9  25.1  24.8  25.4  24.7  23.4  24.9  25.6  24.5  24.4  25.9  25.3  25.4  24.4  25.6  24.7  23.4  24.7  25.9  22.8  22.9  24.6  24.0  25.4  26.0  24.3  25.6  24.8  25.2  26.1 
Direction:  {45 135} {46 134} {48 132} {47 133} {46 134} {48 132} {47 133} {46 134} {48 132} {47 133} {45 135} {45 135} {47 133} {45 135} {48 132} {48 132} {50 130} {47 133} {47 133} {46 134} {48 132} {48 132} {48 132} {46 134} {48 132} {47 133} {51 129} {48 132} {48 132} {46 134} {48 132} {48 132} {48 132} {48 132} {50 130} {46 134} {48 132} {47 133} {51 129} {45 135} {47 133} {46 134} {47 133} {48 132} {47 133} {47 133} {48 132} {48 132} {48 132} {48 132} {46 134} {48 132} {50 130} {47 133} {45 135} {47 133} {48 132} {46 134} {47 133} {46 134} {46 134} {51 129} {48 132} {48 132} {47 133} {46 134} {48 132} {48 132} {50 130} {47 133} {47 133} {47 133} {47 133} {47 133} {46 134} {48 132} {48 132} {50 130} {47 133} {48 132} {47 133} {48 132} {48 132} {47 133} {46 134} {48 132} {45 135} {48 132} {46 134} {48 132} {51 129} {47 133} {48 132} {47 133} {48 132} {48 132} {47 133} {48 132} {50 130} {46 134} {48 132} {46 134} {47 133} {47 133} {48 132} {48 132} {48 132} {47 133} {48 132} {48 132} {48 132} {47 133} {48 132} {47 133} {48 132} {47 133} {51 129} {48 132} {46 134} {51 129} {48 132} {48 132} {48 132} {48 132} {48 132} {46 134} {48 132} {47 133} {48 132} {47 133} {48 132} {47 133} {48 132} {47 133} {47 133} {47 133} {48 132} {48 132} {46 134} {48 132} {48 132} {48 132} {47 133} {48 132} {46 134} {46 134} {46 134} {48 132} {46 134} {50 130} {47 133} {46 134} {48 132} {46 134} {47 133} {47 133} {48 132} {46 134} {47 133} {47 133} {46 134} {47 133} {47 133} {47 133} {48 132} {50 130} {48 132} {48 132} {47 133} {45 135} {48 132} {47 133} {48 132} {46 134} {47 133} {45 135} {48 132} {46 134} {50 130} {47 133} {46 134} {48 132} {50 130} {47 133} {47 133} {47 133} {47 133} {48 132} {48 132} {50 130} {46 134} {48 132} {47 133} {47 133} {45 135} {48 132} {47 133} {48 132} {46 134} {50 130}

44.5: Count:  24.5 (  2.8) A:  14.9 [10-41] B:  18.5 [10-50] Phase: 64 ( 6.40) Direction:  {50 130}
Phase: {102,16,31,5,41,18,23,24,42,101,90,78,92,64,46,68,64,92,96,42,145,135,134,141,168,178,133,236,211,258,278,236,381,289,558,512,388,785,647,1004,801,1106,1617,1761,1846,3944,2986,4273,6063,6454,7725,11074,13848,17790,20293,25848,31374,31374,43968,49261,55784,58843,64593,77015,54083,68964,65771,58696,54886,46480,39954,27991,32356,26012,18737,18489,14386,10869,7641,8140,6283,5199,3741,2574,2630,2159,1868,1493,1007,844,1443,850,547,558,637,559,549,516,596,431,465,465,295,557,319,308,322,462,320,440,414,300,396,284,384,245,209,455,245,170,218,235,227,111,223,153,124,211,122,148,106,49,80,118,63,75,52,13,59,53,1,70,10,30,0,27,0,5,32,10,36,33,16,41,0,17,0,6,0,6,27,0,0,0,0,0,11,13,0,0,0,5,0,7,0,0,0,0,0,0,7,0,0,0,0,0,0,0,0,0,0,0,0,0,0,0,0,0,0,0,0,0,0,0,0,0,0,0,0,0,0,0,0,0,0,0,0,0,0,0,0,0,0,0,0,0,0,0,0,0,0,0,0,0,0,0,0,0,0,0,0,0,0,0,0,0,0,0,0,0,0,0,0,0,0,0,0,0,0,0,0,0,0,0,0,0,0,0,0,0,0,0,0,0,0,0,0,0,0,0,0,0,0,0,0,0,0,0,0,0,0,0,0,0,0,0,0,0,0,0,0,0,0,0,0,0,0,0,0,0,0,0,0,0,0,0,0,0,0,0,0,0,0,5,0,0,0,0,0,0,0,0,0,15,0,0,9,15,0,9,0,0,13,0,0,30,26,0,0,17,31,7,0,39,10,56,0,2,7,5}
Count:  20.2  18.3  15.9  18.7  18.2  17.8  15.9  17.3  16.6  17.6  16.1  17.5  16.8  17.5  15.8  17.6  21.1  26.3  23.2  26.0  22.8  26.6  24.3  27.7  25.9  25.0  24.0  24.5  25.4  27.1  23.6  29.1  24.6  27.2  24.3  25.9  25.1  26.4  27.4  26.7  28.0  29.1  25.9  23.5  23.2  26.3  31.3  26.0  24.3  26.2  24.5  25.4  22.2  24.8  22.2  25.7  24.2  27.1  25.0  26.0  25.9  26.2  25.4  26.5  25.7  26.7  26.8  27.3  26.6  27.3  26.4  26.0  26.4  27.1  24.9  24.3  24.2  24.1  25.6  25.7  25.5  23.9  24.1  25.0  25.0  25.0  23.9  24.8  24.6  24.1  24.7  22.9  24.2  25.4  27.7  25.3  26.9  24.0  26.0  24.1  26.6  24.1  26.5  22.2  25.4  23.7  26.1  23.6  26.3  24.6  26.9  24.2  24.8  23.0  24.6  21.0  22.6  22.7  22.5  22.1  22.3  21.3  22.6  22.2  22.6  22.3  24.3  20.2  23.6  22.2  22.2  21.1  21.1  20.6  21.2  21.1  21.2  22.4  24.6  24.3  24.4  25.3  25.2  27.2  25.1  26.9  25.5  27.5  25.1  27.0  26.8  26.9  26.1  29.7  28.0  24.7  26.9  21.1  28.9  27.5  27.6  25.9  27.2  26.4  27.2  26.6  25.7  24.6  25.9  26.2  26.0  26.2  25.5  25.7  25.2  25.2  26.4  25.4  25.5  24.7  26.0  24.8  25.4  25.0  25.9  25.5  24.5  24.8  27.1  23.7  23.2  26.2  24.3  26.2  27.4  24.7  27.4  25.6  25.5  26.4 
Direction:  {50 130} {50 130} {50 130} {47 133} {50 130} {47 133} {53 127} {48 132} {48 132} {48 132} {46 134} {50 130} {48 132} {49 131} {48 132} {50 130} {49 131} {50 130} {53 127} {50 130} {47 133} {48 132} {50 130} {50 130} {50 130} {51 129} {49 131} {50 130} {49 131} {50 130} {49 131} {49 131} {50 130} {50 130} {51 129} {53 127} {49 131} {48 132} {50 130} {48 132} {50 130} {49 131} {50 130} {50 130} {49 131} {50 130} {50 130} {50 130} {50 130} {50 130} {50 130} {50 130} {54 126} {48 132} {50 130} {51 129} {51 129} {53 127} {48 132} {51 129} {48 132} {53 127} {47 133} {53 127} {50 130} {48 132} {51 129} {53 127} {51 129} {50 130} {50 130} {50 130} {48 132} {49 131} {49 131} {50 130} {54 126} {50 130} {48 132} {49 131} {49 131} {50 130} {51 129} {50 130} {51 129} {50 130} {50 130} {50 130} {50 130} {51 129} {53 127} {51 129} {51 129} {50 130} {50 130} {50 130} {48 132} {50 130} {50 130} {51 129} {50 130} {53 127} {48 132} {49 131} {53 127} {49 131} {51 129} {50 130} {54 126} {50 130} {50 130} {50 130} {50 130} {49 131} {48 132} {53 127} {50 130} {50 130} {53 127} {49 131} {48 132} {48 132} {49 131} {50 130} {50 130} {48 132} {49 131} {53 127} {51 129} {48 132} {50 130} {48 132} {53 127} {50 130} {48 132} {46 134} {49 131} {53 127} {49 131} {50 130} {48 132} {51 129} {50 130} {48 132} {50 130} {48 132} {50 130} {47 133} {49 131} {53 127} {48 132} {50 130} {50 130} {49 131} {50 130} {50 130} {50 130} {50 130} {50 130} {50 130} {47 133} {48 132} {48 132} {49 131} {48 132} {51 129} {49 131} {50 130} {50 130} {48 132} {51 129} {50 130} {50 130} {48 132} {50 130} {50 130} {51 129} {50 130} {49 131} {50 130} {53 127} {53 127} {48 132} {53 127} {48 132} {48 132} {51 129} {48 132} {50 130} {47 133} {48 132} {50 130} {50 130} {50 130} {49 131} {49 131} {51 129} {50 130} {50 130} {50 130}

44.6: Count:  25.5 (  2.8) A:  15.3 [10-41] B:  17.9 [10-49] Phase: 66 ( 5.99) Direction:  {53 127}Phase: 81 ( 2.91) Direction:  {77 103}
Phase: {51,0,44,19,22,67,77,47,48,37,73,87,54,73,95,61,62,112,113,73,85,93,88,107,99,158,123,147,241,288,217,315,282,172,377,336,378,584,668,712,566,817,1325,1250,1471,3261,2674,3038,4088,5245,5349,8049,10290,13420,14222,19564,24352,23370,33702,38183,45394,50535,60956,73867,52984,71512,73378,66736,64273,58273,54835,39705,44101,38124,27180,25960,20821,16820,11511,12441,10596,7772,6024,4351,4010,3899,3246,2288,1423,1081,2778,984,704,694,747,784,575,717,544,462,545,604,471,555,406,340,383,370,467,282,541,243,433,350,365,280,244,327,253,175,219,203,195,129,226,268,152,219,110,168,85,67,106,81,94,82,54,57,81,43,39,17,24,28,20,33,31,7,16,1,14,4,6,4,0,22,19,0,3,24,0,0,13,11,13,0,0,0,0,0,0,0,0,0,7,0,0,0,0,0,0,0,0,0,0,0,0,0,0,0,0,0,0,0,0,0,0,0,0,0,0,0,0,0,0,0,0,5,0,0,0,0,0,0,0,0,0,0,4,0,0,0,0,0,0,0,0,0,0,0,0,0,0,0,0,0,0,0,0,0,0,0,0,0,0,0,0,0,0,0,0,0,0,0,0,0,0,0,0,0,0,0,0,0,0,0,0,0,0,0,0,0,0,0,0,0,0,0,0,0,0,0,0,0,0,0,0,0,0,0,0,0,0,0,0,0,0,0,0,0,0,0,11,0,0,0,0,0,0,0,0,0,0,0,0,0,5,0,11,0,0,0,0,0,0,0,0,0,0,0,0,0,0,7,0,15,0,0,0,5,24,0,14,0,0,0,0,5,13,0,0,0,28,0,3,25,0,24,3,3}
Count:  20.4  19.0  17.7  19.3  18.7  18.7  16.4  18.1  17.5  19.0  17.1  19.0  19.1  18.6  16.3  17.9  21.7  27.1  23.5  26.6  24.2  27.0  25.8  28.1  26.3  26.1  25.7  25.4  26.2  28.4  24.4  29.5  25.7  27.4  26.4  27.7  25.2  28.5  28.8  27.9  28.8  30.4  27.1  24.2  24.9  27.7  31.1  27.3  26.2  28.1  24.3  25.7  24.4  24.9  24.1  27.7  26.1  26.4  25.5  27.6  27.2  26.4  26.5  27.0  28.2  27.7  27.8  27.6  28.0  28.4  27.1  27.0  27.3  26.9  26.5  25.5  24.9  25.9  26.2  26.5  27.0  25.7  26.1  26.1  26.9  26.0  25.8  25.6  25.0  25.7  26.4  24.0  25.2  25.7  28.1  25.5  28.7  24.8  27.1  25.5  26.8  24.8  26.7  23.4  25.8  24.3  26.2  25.3  27.0  25.8  27.0  25.8  25.6  24.7  24.8  22.9  24.6  24.2  22.4  24.0  23.7  24.0  23.6  23.0  24.8  22.5  24.8  21.8  25.1  22.9  23.8  21.6  22.5  22.4  22.9  21.9  21.2  22.6  25.2  26.5  24.9  27.1  25.7  28.0  26.6  27.9  27.4  29.0  25.8  27.4  28.1  27.4  27.4  29.7  30.5  25.9  26.1  22.6  30.0  28.0  28.7  26.6  27.6  27.1  27.8  28.2  26.5  26.2  27.5  26.7  27.0  26.3  27.5  27.2  26.4  26.2  27.3  27.0  25.9  25.6  26.8  26.5  26.0  26.9  26.6  25.9  26.7  25.8  28.4  24.6  25.2  26.4  25.6  27.6  29.0  25.1  27.8  27.9  27.5  27.4 
Direction:  {49 131} {50 130} {50 130} {50 130} {54 126} {49 131} {49 131} {51 129} {53 127} {56 124} {50 130} {53 127} {50 130} {54 126} {51 129} {51 129} {50 130} {53 127} {50 130} {53 127} {53 127} {50 130} {51 129} {54 126} {53 127} {53 127} {53 127} {54 126} {53 127} {50 130} {53 127} {53 127} {50 130} {54 126} {53 127} {53 127} {53 127} {50 130} {53 127} {53 127} {48 132} {54 126} {53 127} {50 130} {51 129} {50 130} {53 127} {54 126} {53 127} {53 127} {53 127} {53 127} {53 127} {50 130} {53 127} {50 130} {49 131} {50 130} {49 131} {53 127} {50 130} {50 130} {53 127} {54 126} {53 127} {53 127} {53 127} {53 127} {48 132} {53 127} {51 129} {53 127} {53 127} {53 127} {53 127} {53 127} {54 126} {51 129} {50 130} {53 127} {53 127} {51 129} {54 126} {53 127} {50 130} {50 130} {50 130} {54 126} {51 129} {51 129} {53 127} {53 127} {54 126} {53 127} {50 130} {54 126} {50 130} {49 131} {54 126} {54 126} {54 126} {54 126} {54 126} {51 129} {50 130} {56 124} {53 127} {54 126} {53 127} {54 126} {51 129} {53 127} {53 127} {54 126} {51 129} {54 126} {49 131} {54 126} {49 131} {53 127} {54 126} {51 129} {53 127} {54 126} {53 127} {53 127} {53 127} {50 130} {51 129} {53 127} {53 127} {54 126} {50 130} {53 127} {53 127} {50 130} {53 127} {51 129} {51 129} {53 127} {50 130} {50 130} {53 127} {53 127} {53 127} {51 129} {53 127} {53 127} {53 127} {53 127} {50 130} {50 130} {50 130} {53 127} {50 130} {48 132} {50 130} {53 127} {54 126} {51 129} {53 127} {51 129} {50 130} {53 127} {53 127} {53 127} {51 129} {51 129} {53 127} {53 127} {53 127} {49 131} {50 130} {51 129} {53 127} {53 127} {54 126} {53 127} {53 127} {50 130} {49 131} {54 126} {54 126} {53 127} {50 130} {51 129} {53 127} {50 130} {51 129} {54 126} {53 127} {54 126} {51 129} {53 127} {53 127} {50 130} {54 126} {49 131} {53 127} {54 126}

44.7: Count:  25.6 (  2.7) A:  15.8 [10-44] B:  17.3 [10-48] Phase: 68 ( 6.46) Direction:  {54 126}Phase: 56 ( 3.35) Direction:  {42 138}Phase: 63 ( 0.22) Direction:  {49 131}Phase: 62 ( 0.23) Direction:  {48 132}
Phase: {25,26,3,24,37,48,38,32,72,21,54,62,65,67,42,71,52,89,60,50,50,92,84,115,111,110,95,199,182,184,214,231,289,142,368,355,231,552,442,698,498,913,1013,1079,1170,2530,1676,2546,3258,4085,4178,6509,7544,10665,10442,14916,17831,17204,27683,30359,36029,41619,48596,62247,46824,63327,67912,66618,68624,64568,61247,47538,55639,47344,37958,35987,29077,25063,16264,18324,15212,12528,8669,6856,6155,6232,4987,3153,2132,1509,4840,1248,941,1009,1081,823,869,727,603,783,537,609,563,619,346,619,514,457,466,356,330,324,409,343,335,287,187,297,362,222,245,312,200,128,187,151,156,168,119,149,91,84,139,144,105,87,82,92,79,72,86,28,52,82,40,81,17,53,19,42,26,0,15,23,7,14,0,0,7,22,2,6,15,11,18,7,0,0,11,15,0,0,0,0,0,10,0,0,0,0,0,13,0,0,0,7,0,0,0,0,0,0,0,0,0,0,0,0,0,0,0,0,0,0,0,0,0,0,0,0,0,0,0,0,0,0,0,0,0,0,0,0,7,0,0,0,0,0,0,0,0,0,0,0,0,0,0,0,0,0,0,0,0,0,0,0,0,0,0,0,0,0,0,0,0,0,0,0,0,0,0,0,0,0,0,0,0,0,0,0,0,0,0,0,0,0,0,0,0,0,0,0,0,0,0,0,0,0,0,0,0,0,0,0,0,0,7,0,0,0,0,0,13,0,0,0,0,0,0,0,0,0,0,0,0,0,0,0,0,0,0,0,5,0,0,0,13,0,0,0,0,0,0,0,0,0,30,0,0,13,0,5,0,13,0,0,0,15,0,13,13,28,0,0,15,9,21,0,9,0}
Count:  20.7  19.1  17.6  19.5  19.1  19.1  17.2  18.9  17.5  18.3  18.4  19.2  18.0  18.7  16.8  18.4  22.6  27.7  23.7  25.9  24.2  27.5  25.0  28.1  27.0  27.1  25.6  25.7  27.4  29.5  24.5  29.7  25.9  28.1  25.6  27.7  26.3  27.5  29.2  28.0  29.2  29.7  28.0  24.1  24.6  27.6  31.1  27.6  26.0  28.2  25.4  27.1  24.6  26.8  24.8  27.7  25.1  26.3  26.0  26.9  26.2  26.5  26.7  26.1  28.6  27.9  27.8  27.9  27.8  28.0  28.1  27.0  27.5  26.0  26.6  26.5  25.5  26.2  25.5  26.7  26.2  26.0  25.9  25.5  26.7  25.0  25.3  24.7  26.5  26.0  26.6  23.7  25.5  26.1  28.3  25.4  28.0  26.1  27.8  24.7  27.5  25.2  27.7  23.7  26.3  24.3  26.7  25.9  28.0  24.8  27.1  25.8  25.6  23.6  24.6  24.1  24.5  23.7  23.5  23.5  23.7  22.2  24.3  22.7  24.7  23.8  24.3  23.0  24.5  22.9  23.2  22.2  22.0  21.5  23.2  21.0  22.6  22.1  25.2  26.1  26.2  26.8  25.0  27.2  26.1  27.4  26.8  29.5  26.6  27.5  28.4  27.3  27.2  29.5  28.8  25.2  27.7  22.9  29.7  27.9  27.7  26.4  27.6  27.4  27.8  27.4  27.1  25.9  27.5  26.2  25.5  25.7  27.2  26.6  26.5  26.0  27.5  27.1  25.9  26.0  27.4  28.0  26.1  25.8  27.1  26.4  26.1  26.3  28.6  24.9  24.7  27.0  26.1  27.0  28.4  25.7  27.7  26.7  27.0  27.5 
Direction:  {53 127} {53 127} {53 127} {53 127} {54 126} {53 127} {53 127} {53 127} {54 126} {54 126} {54 126} {53 127} {54 126} {53 127} {54 126} {50 130} {53 127} {56 124} {53 127} {53 127} {54 126} {53 127} {53 127} {53 127} {54 126} {53 127} {57 123} {54 126} {51 129} {54 126} {51 129} {54 126} {53 127} {54 126} {53 127} {53 127} {54 126} {53 127} {54 126} {54 126} {54 126} {53 127} {53 127} {53 127} {53 127} {53 127} {54 126} {53 127} {54 126} {53 127} {53 127} {54 126} {53 127} {56 124} {53 127} {53 127} {53 127} {53 127} {56 124} {53 127} {53 127} {53 127} {53 127} {50 130} {51 129} {53 127} {53 127} {53 127} {56 124} {54 126} {54 126} {56 124} {53 127} {56 124} {53 127} {54 126} {53 127} {56 124} {54 126} {54 126} {54 126} {53 127} {53 127} {54 126} {54 126} {56 124} {53 127} {53 127} {53 127} {56 124} {56 124} {53 127} {53 127} {54 126} {53 127} {54 126} {53 127} {53 127} {56 124} {54 126} {53 127} {56 124} {53 127} {56 124} {50 130} {53 127} {53 127} {53 127} {53 127} {53 127} {54 126} {54 126} {53 127} {53 127} {56 124} {53 127} {53 127} {53 127} {57 123} {53 127} {56 124} {53 127} {53 127} {53 127} {53 127} {53 127} {53 127} {54 126} {53 127} {54 126} {54 126} {54 126} {58 122} {56 124} {56 124} {53 127} {54 126} {54 126} {54 126} {54 126} {51 129} {53 127} {53 127} {54 126} {53 127} {54 126} {56 124} {53 127} {54 126} {53 127} {53 127} {54 126} {53 127} {54 126} {53 127} {53 127} {53 127} {53 127} {53 127} {54 126} {53 127} {53 127} {53 127} {54 126} {53 127} {54 126} {53 127} {53 127} {53 127} {53 127} {56 124} {54 126} {53 127} {53 127} {51 129} {53 127} {53 127} {53 127} {53 127} {53 127} {56 124} {53 127} {53 127} {54 126} {54 126} {56 124} {53 127} {56 124} {56 124} {53 127} {53 127} {53 127} {54 126} {53 127} {53 127} {56 124} {53 127} {53 127} {53 127} {54 126}

44.8: Count:  25.6 (  2.8) A:  16.2 [10-46] B:  16.9 [10-47] Phase: 69 ( 6.80) Direction:  {56 124}
Phase: {54,13,26,41,0,9,40,5,39,48,9,78,42,33,25,127,61,88,40,125,56,126,143,72,88,81,44,161,103,157,154,143,168,141,256,313,197,381,368,598,490,818,832,709,1045,1964,1662,1679,2486,2854,2812,5513,4900,7454,6670,11335,12666,11932,19064,22061,24557,31278,36194,47377,36538,51315,59076,60048,67295,63977,65247,52680,64357,58690,47497,47833,39008,36607,25657,28206,23102,19262,14661,11430,10546,10805,8602,5090,3217,2504,7058,1803,1491,1583,1614,1527,1171,976,671,842,759,810,532,552,617,493,519,582,635,358,365,501,331,277,415,291,270,326,299,234,298,158,287,244,201,193,184,105,161,187,136,104,138,102,93,109,110,42,153,101,33,59,52,6,26,54,42,10,62,29,46,27,15,2,33,15,29,15,5,0,9,0,13,0,0,1,8,0,0,0,18,0,0,1,0,0,0,0,0,0,0,0,15,0,0,0,0,0,0,0,0,0,0,0,0,0,0,0,0,0,0,0,0,0,0,0,0,0,0,0,0,0,0,0,0,0,0,0,0,0,0,0,0,0,0,0,0,0,0,0,0,0,0,0,0,0,0,0,0,0,0,0,0,0,0,0,0,0,0,0,0,0,0,0,0,0,0,0,0,0,0,0,0,0,0,0,0,0,0,0,0,0,0,0,0,0,0,0,0,0,0,0,0,0,0,0,0,0,0,0,0,0,0,0,0,0,0,0,0,0,0,0,0,0,0,0,0,0,0,0,0,0,0,0,0,0,0,0,0,0,0,0,0,0,0,0,0,0,0,0,0,13,15,13,0,0,0,0,0,3,0,5,7,0,0,9,15,0,15,1,27,0,8,0,22,0,0,0,22,12}
Count:  20.6  19.3  18.0  19.7  18.6  19.2  16.7  18.8  17.1  19.1  17.7  18.3  17.8  19.1  16.6  19.0  21.6  26.2  22.5  25.9  25.0  26.2  25.3  29.0  27.5  26.9  26.3  26.6  27.0  28.5  25.1  29.3  25.6  29.0  25.8  27.2  26.5  29.9  29.3  27.5  29.4  29.6  29.8  25.2  25.1  28.5  31.2  27.8  25.2  27.3  24.2  27.0  24.1  26.5  25.4  27.7  26.1  27.0  25.8  27.8  26.7  27.0  26.4  26.4  28.4  27.1  28.5  27.9  27.7  26.9  27.3  27.7  28.0  26.2  27.1  26.6  25.0  26.7  25.4  26.5  25.8  26.4  26.2  25.4  27.2  26.4  26.4  25.1  26.8  25.4  26.1  24.4  24.7  26.3  28.0  25.8  28.7  25.5  27.9  25.3  27.8  25.6  27.8  23.9  25.8  23.8  27.5  25.8  28.2  23.8  26.9  24.5  26.2  23.2  24.5  24.6  24.3  22.7  24.3  22.7  24.7  22.5  24.6  23.3  25.6  23.7  24.7  23.5  24.4  22.6  23.3  22.9  22.6  20.8  22.5  21.6  23.2  22.7  24.9  25.6  25.3  27.1  25.7  27.2  26.0  27.3  27.5  28.5  27.2  27.8  28.2  27.4  28.0  28.6  29.1  25.0  27.5  23.2  29.5  28.1  28.4  26.1  27.3  27.2  27.3  26.1  26.8  26.9  26.7  26.4  25.9  27.1  27.7  26.7  25.8  25.7  27.0  26.2  26.3  26.2  25.9  28.1  27.7  26.7  26.3  26.3  26.8  26.3  28.1  25.9  24.8  26.5  25.9  26.5  30.1  25.5  28.0  27.4  28.3  27.7 
Direction:  {53 127} {54 126} {56 124} {59 121} {58 122} {57 123} {53 127} {53 127} {54 126} {54 126} {54 126} {52 128} {61 119} {56 124} {59 121} {58 122} {56 124} {54 126} {54 126} {57 123} {54 126} {53 127} {54 126} {58 122} {54 126} {58 122} {54 126} {57 123} {57 123} {56 124} {57 123} {56 124} {56 124} {56 124} {53 127} {59 121} {56 124} {56 124} {56 124} {54 126} {56 124} {56 124} {56 124} {56 124} {56 124} {53 127} {54 126} {53 127} {58 122} {56 124} {56 124} {58 122} {56 124} {58 122} {57 123} {56 124} {57 123} {53 127} {54 126} {54 126} {56 124} {59 121} {54 126} {54 126} {56 124} {56 124} {56 124} {57 123} {58 122} {58 122} {58 122} {54 126} {56 124} {58 122} {54 126} {56 124} {56 124} {57 123} {56 124} {56 124} {59 121} {56 124} {53 127} {56 124} {54 126} {58 122} {53 127} {57 123} {56 124} {53 127} {58 122} {58 122} {53 127} {59 121} {54 126} {54 126} {56 124} {54 126} {56 124} {56 124} {56 124} {58 122} {56 124} {57 123} {56 124} {54 126} {56 124} {56 124} {59 121} {57 123} {59 121} {57 123} {56 124} {56 124} {56 124} {59 121} {59 121} {59 121} {61 119} {58 122} {53 127} {54 126} {56 124} {57 123} {56 124} {56 124} {59 121} {54 126} {56 124} {58 122} {56 124} {54 126} {54 126} {54 126} {57 123} {56 124} {58 122} {53 127} {56 124} {59 121} {57 123} {54 126} {56 124} {56 124} {54 126} {58 122} {57 123} {58 122} {56 124} {56 124} {56 124} {57 123} {56 124} {56 124} {54 126} {56 124} {53 127} {56 124} {56 124} {56 124} {56 124} {58 122} {54 126} {57 123} {54 126} {57 123} {54 126} {54 126} {56 124} {54 126} {54 126} {61 119} {53 127} {58 122} {56 124} {56 124} {59 121} {54 126} {56 124} {56 124} {53 127} {57 123} {54 126} {56 124} {54 126} {56 124} {57 123} {56 124} {56 124} {56 124} {58 122} {58 122} {56 124} {58 122} {56 124} {54 126} {56 124} {53 127} {57 123} {58 122}

44.9: Count:  25.1 (  2.7) A:  16.6 [10-46] B:  16.4 [10-45] Phase: 72 ( 6.42) Direction:  {59 121}Phase: 84 ( 4.37) Direction:  n
Phase: {13,0,42,7,38,29,16,34,4,46,33,44,5,60,28,62,40,86,63,56,33,76,86,56,82,76,47,113,160,140,83,120,104,150,164,252,146,305,217,231,259,354,399,483,467,936,632,801,1157,1386,1612,2235,2344,3358,3362,5231,6024,5286,10309,10973,13832,16668,20606,28759,22623,32127,41548,44908,53858,54383,60593,52320,70850,70195,58925,61515,55808,52788,41358,42679,35766,31185,23890,20111,18035,16348,14574,9262,6174,4254,12299,3169,2720,2810,2431,2195,1816,1412,1157,1016,1080,1054,734,828,658,744,680,803,660,489,516,556,511,389,306,437,293,404,282,271,320,304,290,159,246,210,249,160,177,161,158,196,99,72,85,140,119,48,45,64,30,72,16,86,27,1,10,35,39,38,16,9,13,4,0,24,0,11,1,0,0,0,11,13,0,0,0,0,0,0,0,16,0,0,0,0,0,0,0,0,0,0,0,0,13,0,0,0,0,0,0,0,0,0,0,0,0,0,0,0,0,0,11,0,0,0,0,0,0,0,0,0,0,0,0,0,0,0,0,0,0,0,0,0,0,0,0,0,0,0,0,0,0,0,0,0,0,0,0,0,0,0,0,0,0,0,0,0,0,0,0,0,0,0,0,0,0,0,0,0,0,0,0,0,0,0,0,0,0,0,0,0,0,0,0,0,0,0,0,0,0,0,0,0,0,0,0,0,0,0,0,0,0,0,0,0,0,0,0,0,0,0,0,0,0,0,0,0,0,0,0,0,0,0,0,0,0,0,11,0,0,0,0,0,0,0,1,0,0,0,0,0,0,0,0,0,0,0,0,0,7,0,4,28,0,13,7,0,13,0,0,5,0,0,0,20,5,0,20,22}
Count:  20.9  19.2  18.4  19.1  18.8  18.6  17.1  18.7  16.6  18.3  16.6  18.5  17.5  18.8  16.8  18.1  21.1  26.3  23.4  26.1  23.7  26.1  25.1  27.8  27.1  25.7  24.8  25.8  25.2  28.6  24.5  29.1  26.1  28.5  25.0  26.8  26.3  28.3  28.7  27.5  29.0  29.1  28.8  23.9  25.7  29.1  30.9  26.5  25.5  28.4  23.8  27.0  23.6  25.7  25.2  27.9  24.9  26.2  25.5  26.7  26.2  27.1  25.6  25.5  27.2  27.5  27.6  27.5  26.6  27.8  26.5  26.2  27.0  26.3  25.2  26.1  24.7  25.3  24.6  26.1  26.0  24.5  25.3  25.7  26.9  26.1  25.2  24.9  25.3  24.7  25.8  24.0  25.0  25.1  27.7  25.8  27.9  25.4  26.9  24.6  25.9  24.0  26.6  23.2  25.6  23.2  26.7  25.0  26.6  24.1  26.7  23.5  25.1  24.3  24.9  21.9  23.8  21.8  23.4  21.6  24.1  22.0  23.6  22.4  24.5  23.3  25.0  21.0  23.1  23.0  23.4  21.2  22.2  20.9  22.4  20.8  21.5  21.7  25.1  25.9  25.5  25.9  24.7  27.5  25.7  28.4  26.6  27.8  26.5  26.8  28.3  27.6  27.2  29.0  29.1  24.3  26.7  23.0  28.9  26.9  26.9  26.6  26.7  26.5  26.9  25.7  26.8  27.5  26.2  25.3  25.8  25.9  27.1  25.9  25.5  25.9  26.8  25.8  26.3  25.6  26.4  26.5  26.5  25.9  26.5  25.5  26.0  25.7  27.6  25.0  24.7  25.9  25.9  26.2  29.0  25.4  27.2  26.6  27.0  26.8 
Direction:  {61 119} {62 118} {59 121} {61 119} {58 122} {61 119} {59 121} {59 121} {61 119} {56 124} {65 115} {62 118} {56 124} {59 121} {62 118} {59 121} {58 122} {61 119} {61 119} {61 119} {61 119} {59 121} {62 118} {56 124} {59 121} {61 119} {61 119} {58 122} {59 121} {62 118} {58 122} {62 118} {61 119} {61 119} {61 119} {62 118} {62 118} {59 121} {58 122} {61 119} {59 121} {61 119} {62 118} {64 116} {59 121} {61 119} {64 116} {59 121} {59 121} {64 116} {56 124} {64 116} {61 119} {61 119} {61 119} {61 119} {59 121} {58 122} {62 118} {61 119} {59 121} {62 118} {62 118} {58 122} {59 121} {61 119} {61 119} {62 118} {59 121} {61 119} {61 119} {59 121} {59 121} {61 119} {59 121} {61 119} {58 122} {59 121} {56 124} {64 116} {58 122} {61 119} {61 119} {61 119} {59 121} {58 122} {59 121} {61 119} {59 121} {59 121} {61 119} {61 119} {62 118} {61 119} {61 119} {59 121} {62 118} {61 119} {62 118} {62 118} {64 116} {61 119} {62 118} {58 122} {62 118} {56 124} {61 119} {62 118} {61 119} {61 119} {64 116} {58 122} {56 124} {62 118} {58 122} {61 119} {61 119} {61 119} {58 122} {62 118} {62 118} {62 118} {62 118} {61 119} {58 122} {61 119} {59 121} {61 119} {62 118} {62 118} {64 116} {58 122} {58 122} {61 119} {61 119} {61 119} {62 118} {59 121} {61 119} {62 118} {61 119} {61 119} {59 121} {61 119} {59 121} {61 119} {64 116} {61 119} {58 122} {58 122} {58 122} {61 119} {61 119} {61 119} {59 121} {61 119} {64 116} {61 119} {58 122} {62 118} {61 119} {56 124} {61 119} {64 116} {61 119} {62 118} {59 121} {59 121} {61 119} {62 118} {59 121} {64 116} {58 122} {58 122} {59 121} {62 118} {62 118} {61 119} {62 118} {62 118} {62 118} {61 119} {56 124} {59 121} {59 121} {58 122} {58 122} {58 122} {62 118} {64 116} {61 119} {61 119} {61 119} {62 118} {61 119} {62 118} {62 118} {59 121} {58 122} {61 119}

45.0: Count:  24.6 (  2.7) A:  17.0 [10-49] B:  16.1 [10-44] Phase: 75 ( 7.17) Direction:  {63 117}
Phase: {18,36,33,18,0,0,40,25,47,17,23,64,30,27,20,43,41,53,35,54,58,68,46,53,162,125,24,44,99,170,46,46,67,109,165,159,228,203,149,172,170,226,202,239,308,490,501,642,757,1039,947,1552,1563,2432,2112,3470,3637,3426,5891,7138,7985,10221,12343,18759,14209,21107,28522,29897,36309,38674,45675,43795,58947,62202,58541,64732,59754,63052,49791,55833,49583,44692,35735,32298,29060,26175,21940,16687,11000,7887,20454,5577,4922,4619,4690,3918,2982,2542,1646,1574,1276,1419,965,992,960,854,701,670,588,582,597,517,533,591,469,387,295,424,355,386,390,274,273,214,257,159,269,200,126,146,135,147,130,84,61,99,67,63,73,59,32,33,37,37,53,50,63,35,33,24,9,12,10,9,27,15,0,14,8,0,0,0,7,0,5,0,0,0,0,7,15,0,0,0,0,3,0,0,9,0,0,0,0,0,0,0,0,7,13,0,0,0,0,0,0,0,0,0,0,0,0,0,0,0,0,0,0,0,0,0,0,0,0,0,0,0,0,0,0,0,0,0,0,0,0,0,0,0,0,0,0,0,0,0,0,0,0,0,0,0,0,0,0,0,0,0,0,0,0,0,0,0,0,0,0,0,0,0,0,0,0,0,0,0,0,0,0,0,0,0,0,0,0,0,0,0,0,0,0,0,0,0,0,0,0,0,0,0,0,0,0,0,0,0,0,0,0,0,0,0,0,0,0,0,0,0,0,0,0,0,0,0,0,0,0,0,1,0,0,0,0,10,0,0,0,0,0,0,0,15,0,2,0,9,0,15,14,0,7,0,0,0,10,7,0,9,0,0,7,9,0,7,0,0,1,17,0,0,16,0}
Count:  20.0  19.1  18.0  19.1  19.0  18.3  17.0  18.2  16.6  18.4  17.1  18.5  16.9  18.4  16.2  18.0  19.8  24.9  22.9  26.1  23.7  26.4  23.8  27.5  26.1  25.4  22.9  24.5  24.9  27.4  24.2  28.2  24.7  28.9  25.6  26.7  26.1  28.6  28.0  27.3  30.0  28.9  27.4  24.0  24.1  26.2  29.5  26.7  24.4  27.4  23.1  25.6  23.4  25.2  23.9  27.1  24.7  25.1  24.3  26.9  26.3  25.2  25.3  24.9  27.1  26.2  26.8  26.7  25.5  27.5  25.3  25.9  26.2  25.9  24.0  25.7  24.8  25.4  24.3  24.9  25.1  25.0  24.4  24.6  26.1  26.7  24.4  24.0  24.6  24.7  25.2  23.2  23.6  25.2  26.4  25.6  26.2  24.4  27.7  23.6  26.9  24.1  26.4  23.3  25.4  22.2  25.6  24.8  25.4  24.6  26.7  24.8  24.6  23.7  25.6  21.7  23.2  21.5  23.4  21.8  23.1  21.8  22.7  22.2  24.1  23.5  24.2  21.0  22.2  21.4  23.2  19.6  22.0  21.0  21.2  20.5  21.4  21.0  24.3  24.5  23.4  25.5  25.3  28.2  24.6  27.8  25.4  27.5  25.6  26.8  27.8  26.0  26.7  28.8  29.0  23.6  27.1  21.5  27.2  26.7  27.3  25.7  26.3  26.7  26.2  25.4  26.6  26.6  26.8  25.6  25.5  25.6  26.3  25.3  24.6  25.3  26.9  25.1  25.9  24.5  25.8  25.3  25.2  25.0  26.9  24.2  24.4  24.3  26.8  24.2  25.0  24.4  24.8  25.4  27.8  23.9  26.5  26.2  25.7  26.4 
Direction:  {63 117} {65 115} {61 119} {61 119} {61 119} {65 115} {63 117} {63 117} {61 119} {63 117} {63 117} {63 117} {61 119} {65 115} {61 119} {59 121} {61 119} {63 117} {61 119} {61 119} {65 115} {63 117} {68 112} {63 117} {63 117} {68 112} {61 119} {66 114} {61 119} {61 119} {63 117} {63 117} {61 119} {61 119} {63 117} {61 119} {61 119} {61 119} {65 115} {65 115} {65 115} {61 119} {65 115} {65 115} {61 119} {61 119} {65 115} {61 119} {65 115} {63 117} {65 115} {61 119} {65 115} {65 115} {61 119} {61 119} {61 119} {65 115} {65 115} {65 115} {61 119} {65 115} {68 112} {65 115} {63 117} {65 115} {61 119} {63 117} {61 119} {65 115} {61 119} {61 119} {61 119} {65 115} {61 119} {63 117} {63 117} {65 115} {63 117} {63 117} {63 117} {63 117} {63 117} {63 117} {63 117} {63 117} {65 115} {65 115} {63 117} {65 115} {63 117} {61 119} {61 119} {61 119} {65 115} {63 117} {68 112} {63 117} {68 112} {63 117} {65 115} {61 119} {65 115} {65 115} {66 114} {61 119} {61 119} {61 119} {61 119} {61 119} {65 115} {63 117} {68 112} {63 117} {66 114} {61 119} {61 119} {65 115} {65 115} {61 119} {63 117} {61 119} {61 119} {61 119} {61 119} {65 115} {65 115} {65 115} {59 121} {63 117} {66 114} {61 119} {65 115} {65 115} {61 119} {66 114} {61 119} {65 115} {63 117} {63 117} {65 115} {63 117} {61 119} {61 119} {65 115} {65 115} {66 114} {61 119} {68 112} {65 115} {63 117} {63 117} {61 119} {63 117} {61 119} {61 119} {61 119} {63 117} {61 119} {63 117} {61 119} {65 115} {63 117} {61 119} {63 117} {65 115} {65 115} {66 114} {63 117} {61 119} {61 119} {65 115} {61 119} {66 114} {65 115} {65 115} {65 115} {61 119} {63 117} {65 115} {61 119} {65 115} {63 117} {61 119} {63 117} {63 117} {63 117} {61 119} {61 119} {66 114} {61 119} {65 115} {61 119} {61 119} {61 119} {65 115} {65 115} {63 117} {65 115} {61 119}

45.1: Count:  24.4 (  2.6) A:  17.3 [10-47] B:  15.9 [10-44] Phase: 78 ( 7.09) Direction:  {68 112}Phase: 90 ( 0.22) Direction:  nPhase: 90 ( 0.23) Direction:  n
Phase: {13,0,0,0,19,0,18,0,12,27,15,26,13,7,1,37,41,17,21,7,53,24,46,18,79,46,15,45,86,63,97,78,72,72,98,109,75,185,185,109,185,214,218,186,238,524,310,484,429,508,521,985,856,1374,1359,1827,2388,2036,3453,4100,4961,5467,7396,10602,8435,12474,17988,18338,23523,26721,33201,29641,44330,48699,49311,56078,58546,61751,55154,63239,59733,56460,48899,45123,41706,38032,35178,26724,18707,14479,32809,9088,8878,8640,7854,6801,5025,4392,3107,2647,2753,2540,1152,1599,1398,1275,860,1072,900,578,818,673,739,632,524,535,281,557,350,364,445,380,423,236,272,178,207,191,219,136,196,125,164,110,143,124,61,48,72,72,33,61,129,30,42,31,31,37,40,21,19,45,5,24,14,26,10,0,41,17,5,0,0,13,0,17,0,0,0,11,0,15,0,0,0,0,0,0,0,0,0,0,0,0,0,0,11,0,0,0,7,0,0,0,0,0,0,0,11,0,0,0,0,0,0,0,0,0,0,0,0,0,0,0,0,0,0,0,0,0,0,0,7,0,0,0,0,0,0,0,0,0,0,0,0,0,0,0,0,0,0,0,0,0,0,0,0,0,0,0,0,0,0,0,0,0,0,0,0,0,0,0,0,0,0,0,0,0,0,0,0,0,0,0,0,0,0,0,0,0,0,0,0,0,0,0,0,0,0,0,0,0,0,0,0,0,0,0,0,0,0,0,0,0,0,0,0,0,0,0,0,0,0,0,0,0,0,0,0,8,0,0,0,0,0,0,20,0,0,0,0,0,0,7,5,0,0,0,0,0,0,0,0,0,0,0,5,0,0,0,0,0,22,0,15,0,35,0,0,0}
Count:  19.6  19.3  18.3  19.2  18.7  18.4  16.6  18.5  17.1  18.1  17.0  17.6  17.2  18.4  16.1  18.2  20.5  25.4  21.7  26.0  23.7  25.8  24.1  27.9  26.2  26.0  23.9  24.0  25.2  27.7  24.7  29.3  24.9  27.9  25.2  27.6  26.8  27.8  28.9  26.7  29.7  29.7  27.3  24.1  24.3  27.0  29.5  25.2  23.6  26.3  23.6  26.0  23.7  25.9  21.6  26.0  23.9  25.5  24.9  26.6  25.3  25.8  25.7  26.4  26.6  25.4  25.9  26.3  25.8  27.2  27.3  27.1  25.8  25.8  25.0  25.6  26.6  25.3  24.4  25.6  26.6  25.2  25.8  24.9  25.8  26.4  26.0  24.2  24.9  24.9  25.5  23.1  24.4  25.7  27.3  24.4  26.8  24.3  26.6  24.1  26.5  23.8  25.4  22.3  25.5  22.6  25.3  24.3  25.6  24.6  25.8  24.7  23.3  24.4  24.6  21.9  23.5  21.8  22.6  21.0  23.4  22.2  22.1  21.5  24.3  21.7  23.2  21.9  21.9  21.0  22.9  19.8  22.0  20.9  20.5  20.5  20.7  21.1  25.0  25.2  22.7  25.9  24.8  27.4  26.0  27.0  25.1  27.1  25.3  26.3  28.1  25.6  25.7  28.6  27.3  23.5  26.5  21.5  26.6  26.2  25.6  25.7  26.7  25.3  25.9  24.9  25.5  25.5  25.9  25.0  24.3  24.6  25.5  25.4  23.6  24.6  25.1  24.1  24.8  24.0  23.9  26.0  24.0  23.5  26.1  24.2  25.1  23.1  26.2  24.1  24.1  24.4  24.6  25.3  28.0  24.9  27.1  25.0  26.2  25.2 
Direction:  {68 112} {68 112} {65 115} {69 111} {66 114} {68 112} {66 114} {68 112} {68 112} {63 117} {68 112} {68 112} {66 114} {68 112} {68 112} {66 114} {65 115} {69 111} {61 119} {66 114} {68 112} {68 112} {72 108} {68 112} {72 108} {72 108} {68 112} {69 111} {68 112} {72 108} {69 111} {65 115} {69 111} {69 111} {72 108} {74 106} {69 111} {69 111} {69 111} {68 112} {69 111} {72 108} {65 115} {65 115} {65 115} {72 108} {65 115} {72 108} {69 111} {65 115} {77 103} {66 114} {72 108} {69 111} {72 108} {68 112} {65 115} {65 115} {63 117} {65 115} {63 117} {69 111} {66 114} {63 117} {66 114} {69 111} {72 108} {66 114} {69 111} {69 111} {69 111} {68 112} {66 114} {65 115} {69 111} {72 108} {68 112} {68 112} {72 108} {68 112} {68 112} {72 108} {69 111} {65 115} {68 112} {72 108} {68 112} {68 112} {69 111} {69 111} {72 108} {68 112} {66 114} {65 115} {69 111} {72 108} {68 112} {66 114} {66 114} {65 115} {72 108} {65 115} {69 111} {63 117} {69 111} {77 103} {68 112} {66 114} {68 112} {68 112} {77 103} {65 115} {68 112} {72 108} {65 115} {66 114} {68 112} {81 99} {68 112} {72 108} {65 115} {68 112} {72 108} {69 111} {63 117} {72 108} {68 112} {68 112} {69 111} {66 114} {65 115} {68 112} {68 112} {63 117} {66 114} {68 112} {66 114} {66 114} {65 115} {65 115} {72 108} {69 111} {68 112} {72 108} {66 114} {66 114} {66 114} {66 114} {72 108} {68 112} {72 108} {61 119} {66 114} {66 114} {69 111} {68 112} {69 111} {68 112} {66 114} {66 114} {68 112} {72 108} {69 111} {68 112} {69 111} {72 108} {68 112} {72 108} {66 114} {68 112} {69 111} {74 106} {63 117} {68 112} {66 114} {68 112} {72 108} {68 112} {63 117} {65 115} {66 114} {69 111} {65 115} {66 114} {68 112} {63 117} {68 112} {68 112} {72 108} {63 117} {68 112} {68 112} {69 111} {68 112} {68 112} {69 111} {68 112} {69 111} {69 111} {65 115}

45.2: Count:  25.6 (  2.8) A:  17.7 [10-49] B:  15.5 [10-47] Phase: 81 ( 6.78) Direction:  {74 106}Phase: 90 ( 0.22) Direction:  nPhase: 86 ( 0.25) Direction:  n
Phase: {18,0,0,0,5,7,7,0,5,15,0,18,32,12,20,23,42,14,14,13,21,2,42,28,38,34,1,26,87,69,48,71,47,34,23,93,86,164,109,123,132,119,203,160,197,297,268,315,295,382,403,699,535,910,750,1318,1448,962,1935,2301,3082,3480,4778,7006,4614,7780,10663,11660,15132,16726,20483,19752,31766,36400,38055,47109,48239,58067,51826,65167,66025,66898,62043,59456,57733,54348,50564,42520,31050,25440,49372,17311,15710,14407,14157,12167,9100,6885,5580,4925,4078,4018,2458,2031,2496,1776,1319,1460,1408,716,1072,774,641,598,567,348,378,586,450,328,190,306,401,221,195,232,234,153,163,120,93,141,166,51,139,121,78,85,44,35,56,37,86,11,16,33,21,7,47,35,22,41,16,27,0,8,36,5,18,17,7,0,0,4,0,21,7,0,0,5,0,0,0,0,0,0,0,0,0,0,0,7,0,13,0,17,5,0,0,0,0,0,0,0,0,0,0,0,0,0,0,0,0,0,0,0,0,0,0,0,0,0,0,0,0,0,0,0,0,0,0,0,0,0,0,0,0,0,0,0,0,0,0,0,0,0,0,0,0,0,0,0,0,0,0,0,0,0,0,0,0,0,0,0,0,0,0,0,0,0,0,0,0,0,0,0,0,0,0,0,0,0,0,0,0,0,0,0,0,0,0,0,0,0,0,0,0,0,0,0,0,0,0,0,0,0,0,0,0,0,0,0,0,0,0,0,0,0,0,0,0,0,0,0,0,0,0,0,0,0,0,5,0,0,0,0,0,0,0,15,0,0,13,0,0,0,7,0,0,0,0,0,13,13,0,7,0,5,0,0,0,0,0,15,0,13,0,5,12,0}
Count:  20.7  20.2  18.4  20.0  19.3  19.6  18.1  18.9  18.2  19.3  17.9  18.5  18.0  19.0  17.9  18.8  21.1  27.6  24.1  27.9  25.1  28.8  27.0  31.2  28.7  27.5  26.5  26.1  27.5  28.5  25.3  29.5  26.4  28.4  26.4  29.9  28.9  29.5  30.6  27.9  31.1  32.3  28.7  25.7  25.9  29.5  30.2  27.9  25.8  27.5  25.8  28.9  25.4  27.0  24.8  27.5  26.7  29.5  27.9  28.1  26.4  27.2  27.9  28.3  28.8  28.2  28.9  29.1  27.1  28.6  28.5  27.9  29.1  28.8  28.0  27.2  26.6  26.3  25.6  27.7  27.3  25.5  27.2  26.7  27.5  26.7  26.1  26.0  26.2  23.9  26.9  23.8  24.4  27.1  28.0  24.9  27.8  25.4  27.8  25.8  27.1  24.6  26.2  24.7  26.5  23.3  25.3  26.4  26.1  25.6  25.1  24.6  24.2  25.4  26.1  22.4  25.4  22.8  23.1  22.6  25.1  22.6  23.4  22.6  23.7  22.7  25.0  22.7  23.8  22.6  23.5  21.3  22.8  21.4  21.1  20.3  21.7  21.3  26.1  27.4  25.2  26.4  25.8  28.3  26.4  28.1  26.4  27.2  25.4  26.5  28.5  25.6  26.3  29.4  28.0  24.7  26.8  23.0  27.4  26.3  26.6  26.3  26.6  26.1  27.4  26.1  24.9  26.0  26.4  25.1  24.4  24.9  25.6  25.5  25.0  26.5  26.4  24.4  26.3  24.5  25.5  26.0  24.7  25.0  25.4  25.3  25.6  24.8  26.4  24.0  24.1  25.8  25.8  26.2  28.8  25.3  27.7  25.7  27.2  26.7 
Direction:  {79 101} {79 101} {72 108} {67 113} {72 108} {74 106} n {72 108} {69 111} {79 101} {67 113} {72 108} {72 108} {72 108} {67 113} {72 108} {77 103} {74 106} {77 103} {72 108} {77 103} {83 97} {72 108} n {72 108} {77 103} {69 111} {74 106} {72 108} {72 108} {72 108} {77 103} {72 108} {77 103} {74 106} {77 103} {72 108} {79 101} {64 116} {83 97} {69 111} {69 111} {74 106} {72 108} {77 103} {74 106} {74 106} {79 101} {74 106} {74 106} {77 103} {79 101} {72 108} {69 111} {74 106} {79 101} {67 113} {74 106} {77 103} {72 108} {77 103} {69 111} {74 106} {77 103} {77 103} {72 108} {74 106} {77 103} {77 103} {77 103} {74 106} {79 101} {77 103} {79 101} {72 108} {72 108} {72 108} {74 106} {74 106} {74 106} {74 106} {79 101} {77 103} {77 103} {69 111} {69 111} {72 108} {74 106} {72 108} {72 108} {72 108} {77 103} {72 108} {74 106} {74 106} {72 108} {72 108} {79 101} {77 103} {77 103} {72 108} {79 101} {77 103} {74 106} {69 111} {74 106} {77 103} {79 101} {72 108} {72 108} {74 106} {74 106} {74 106} {83 97} {72 108} {69 111} {69 111} {77 103} {72 108} {72 108} {77 103} {74 106} {72 108} {77 103} {74 106} {72 108} {74 106} {77 103} {72 108} {69 111} {77 103} {72 108} {79 101} {69 111} {77 103} {72 108} {72 108} {69 111} {72 108} {74 106} {74 106} {69 111} {77 103} {74 106} {77 103} {74 106} {74 106} {74 106} {69 111} {74 106} {77 103} {77 103} {72 108} {77 103} {74 106} {74 106} {72 108} {69 111} {72 108} {74 106} {77 103} {74 106} {72 108} {74 106} {74 106} {72 108} {72 108} {72 108} {72 108} {74 106} {77 103} {69 111} {77 103} {69 111} {72 108} {74 106} {67 113} {72 108} {69 111} {72 108} {72 108} {74 106} {72 108} {74 106} {72 108} {72 108} {77 103} {69 111} {72 108} {74 106} {72 108} {67 113} {69 111} {74 106} {77 103} {74 106} {67 113} {72 108} {74 106} {72 108}

45.3: Count:  24.8 (  2.7) A:  18.1 [10-51] B:  15.3 [10-42] Phase: 83 ( 6.71) Direction:  {79 101}Phase: 90 ( 0.22) Direction:  nPhase: 90 ( 0.22) Direction:  nPhase: 90 ( 0.23) Direction:  nPhase: 90 ( 0.23) Direction:  nPhase: 90 ( 0.23) Direction:  nPhase: 90 ( 0.24) Direction:  nPhase: 90 ( 0.23) Direction:  n
Phase: {25,0,0,7,12,24,1,0,13,0,46,0,11,0,15,11,11,15,45,14,36,23,60,15,58,23,3,68,53,86,36,51,39,46,131,71,69,29,75,58,86,127,102,178,112,312,89,116,118,287,217,337,274,523,553,702,798,481,1194,1149,1596,2003,2570,3812,2674,4590,7094,7369,8938,10468,12740,12270,19159,24592,24466,31722,36254,42487,41013,54652,58675,61565,62929,62721,65609,63805,61637,54253,42722,35339,62344,26755,23003,22336,20535,16657,13226,10685,8766,7649,6235,5739,3674,3395,3018,2703,1735,2070,1617,1033,887,1009,764,850,723,603,372,558,457,446,406,295,292,214,304,248,267,226,225,147,147,220,97,96,84,164,97,52,115,74,72,81,90,62,63,89,23,10,25,30,28,38,45,32,43,18,17,34,20,16,42,6,15,26,6,34,0,13,17,0,0,15,0,24,1,2,5,0,0,0,1,0,0,9,0,0,18,0,0,0,0,0,0,0,0,0,1,0,0,0,0,0,0,0,0,0,1,0,0,0,0,0,0,0,0,0,0,0,0,0,0,0,0,0,0,0,0,0,0,0,0,0,0,0,0,0,0,0,0,0,0,0,0,0,0,0,0,0,0,0,0,0,0,0,0,0,0,0,0,0,0,0,0,0,0,0,0,0,0,0,0,0,0,0,0,0,0,0,0,0,0,0,0,0,0,0,0,0,0,0,0,0,0,0,0,0,0,0,0,0,0,0,0,0,0,0,0,0,0,0,0,0,0,0,0,0,0,0,0,0,0,0,0,0,0,0,0,0,0,0,0,0,0,0,0,0,0,0,15,0,0,0,7,0,0,7,0,0,6,0,0,14,7,13,0,7,0,13,0,5}
Count:  20.2  18.4  17.4  19.5  18.3  19.1  17.1  18.2  17.4  18.4  17.4  18.1  17.8  18.1  17.2  18.3  20.3  25.8  22.8  26.4  25.0  28.1  26.3  30.1  26.9  26.7  25.3  25.2  25.5  26.9  24.3  28.7  26.1  27.2  26.2  27.7  27.0  28.4  28.1  28.5  30.1  29.7  26.9  24.4  25.1  28.5  29.3  27.3  26.2  27.6  23.7  27.6  25.7  26.8  24.1  28.0  25.7  26.7  28.1  27.5  26.7  26.8  27.3  26.6  27.7  26.8  28.5  27.6  27.4  27.7  27.0  28.0  28.6  27.7  27.6  26.4  25.5  25.3  23.9  26.2  26.0  25.7  24.6  25.6  26.3  25.5  25.4  25.5  24.1  25.0  26.2  22.8  23.7  25.7  27.2  24.5  26.8  23.9  27.0  24.0  26.1  23.2  26.4  23.2  25.7  23.2  24.3  24.8  25.4  24.9  26.0  24.5  24.6  26.2  23.5  21.9  23.9  22.0  22.6  22.5  23.5  22.0  22.9  21.9  23.6  22.4  24.2  22.6  23.1  21.3  22.8  20.9  22.8  21.1  21.2  20.3  21.4  21.6  25.3  25.5  24.2  26.0  25.7  26.8  25.4  27.3  25.6  26.0  24.9  26.1  27.0  25.8  25.5  28.5  26.6  23.2  25.8  22.1  27.3  26.0  25.9  24.7  25.7  26.3  25.6  25.8  24.9  25.3  25.9  24.5  24.4  24.4  25.3  24.5  24.5  25.0  27.1  23.8  25.6  24.0  24.5  26.1  23.8  23.8  24.5  24.3  24.4  23.9  26.1  24.4  22.8  25.1  24.5  25.1  27.2  24.8  26.5  26.1  25.7  26.0 
Direction:  {73 107} {83 97} {83 97} n n {79 101} {75 105} {83 97} {73 107} {75 105} {79 101} {72 108} {83 97} n {73 107} {73 107} {83 97} n {79 101} {75 105} n {75 105} n {79 101} {79 101} n {83 97} {79 101} {79 101} {79 101} {75 105} {75 105} n {79 101} {79 101} {83 97} {83 97} {75 105} {72 108} {83 97} {79 101} {75 105} {75 105} {79 101} {75 105} {75 105} n {83 97} {79 101} {79 101} {75 105} {79 101} {83 97} n n {83 97} {83 97} {79 101} {79 101} n {83 97} {83 97} {79 101} {75 105} {75 105} {83 97} {75 105} {79 101} {83 97} {83 97} {83 97} {79 101} {83 97} {73 107} {72 108} n n {83 97} {73 107} {83 97} {83 97} {79 101} {83 97} {75 105} {73 107} {79 101} {83 97} {73 107} n {83 97} {79 101} {83 97} {79 101} {83 97} n {75 105} {79 101} {75 105} n {73 107} {75 105} n {73 107} {79 101} {79 101} {83 97} {83 97} {79 101} {79 101} {72 108} {75 105} {75 105} n {83 97} {79 101} {83 97} {75 105} n {79 101} {79 101} {83 97} {83 97} {79 101} {83 97} {79 101} {79 101} {79 101} {83 97} {83 97} n {83 97} {83 97} {72 108} {72 108} {83 97} {83 97} n {83 97} {75 105} n {79 101} n {79 101} {75 105} {79 101} n {83 97} {79 101} {73 107} {73 107} {83 97} {83 97} {75 105} {83 97} {79 101} {79 101} n {79 101} {79 101} {83 97} n {83 97} {79 101} n {79 101} {79 101} {83 97} n {83 97} {79 101} {75 105} {83 97} {83 97} {79 101} {79 101} {79 101} {79 101} {83 97} {73 107} {79 101} {75 105} {83 97} {75 105} {75 105} {75 105} {83 97} {79 101} {79 101} {83 97} {79 101} {79 101} {79 101} {79 101} {83 97} {83 97} {79 101} {75 105} {83 97} {83 97} {75 105}

45.4: Count:  21.8 (  2.2) A:  18.5 [10-48] B:  15.1 [10-38] Phase: 87 ( 6.63) Direction:  nPhase: 90 ( 0.21) Direction:  nPhase: 90 ( 0.22) Direction:  nPhase: 90 ( 0.23) Direction:  nPhase: 90 ( 0.23) Direction:  nPhase: 90 ( 0.23) Direction:  n
Phase: {0,0,0,0,0,9,3,10,0,0,11,26,0,14,0,7,16,22,28,13,19,11,9,20,40,5,4,35,49,40,20,4,46,60,26,31,66,68,50,55,30,37,95,75,72,66,114,75,113,71,81,191,104,145,210,173,297,146,333,436,310,591,943,1334,748,1076,1976,1945,2626,3384,4153,4128,6947,9354,9653,13560,15698,19602,20769,29797,33526,38097,43879,48466,53532,56239,61461,58327,55340,49304,78043,41768,38190,36686,32895,27228,22633,17925,14784,13067,11131,8387,5773,5880,4424,3853,2780,2912,2227,1591,1331,1351,1119,1110,1062,677,535,663,521,632,556,360,390,450,261,330,316,204,222,273,223,176,166,149,133,189,82,87,77,90,101,45,132,51,163,67,65,18,13,12,16,25,16,42,0,24,32,46,24,0,13,0,29,10,5,9,8,0,0,14,18,0,0,0,0,0,0,7,13,0,7,0,0,0,5,0,9,0,0,0,0,2,7,0,0,20,0,0,0,0,13,0,0,0,0,0,0,0,0,0,0,0,0,0,0,0,0,0,0,0,0,0,0,0,0,0,0,0,0,0,0,0,0,0,0,0,0,0,0,0,0,0,0,0,0,0,0,0,0,0,0,0,0,0,0,0,0,0,0,0,0,0,0,0,0,0,0,0,0,0,0,0,0,0,0,0,0,0,0,0,0,0,0,0,0,0,0,0,0,0,0,0,0,0,0,0,0,0,0,0,0,0,0,0,0,0,0,0,0,0,0,0,0,0,0,0,0,0,0,0,0,0,0,0,0,0,0,0,0,0,0,0,0,0,0,0,0,0,0,0,7,0,0,0,0,5,0,0,0,0,0,0,0,5,0,23,0,0,0,0}
Count:  18.7  16.8  16.0  17.0  17.1  17.1  15.0  16.7  15.6  16.7  16.0  16.7  15.8  16.7  15.4  16.6  18.3  22.9  19.7  22.7  20.5  23.3  21.6  25.6  23.2  22.7  21.6  22.5  23.2  23.6  20.3  25.3  22.1  25.1  22.3  23.9  22.6  24.7  24.2  22.7  25.8  26.0  24.2  20.4  21.9  24.4  25.7  23.0  22.6  24.0  20.9  23.2  20.1  22.9  20.9  23.0  21.2  23.1  24.0  24.4  22.8  23.5  23.8  22.6  23.5  23.7  23.5  23.8  24.1  23.3  23.3  23.9  24.5  24.8  22.8  23.0  20.8  22.2  21.2  22.0  21.1  22.0  20.9  22.1  23.0  22.3  21.6  22.2  22.4  22.3  22.6  20.8  20.6  22.3  23.7  22.2  22.5  21.4  23.6  22.0  23.0  21.9  23.9  20.4  22.5  21.2  22.9  20.8  23.0  22.0  22.8  20.7  21.2  21.0  20.6  20.1  20.4  18.0  19.9  19.3  20.8  18.1  20.2  18.9  21.1  20.0  21.2  19.3  20.9  18.6  19.8  17.6  19.2  18.9  18.7  17.4  18.8  19.1  21.5  21.4  21.8  21.7  21.0  23.0  22.7  22.6  22.9  24.5  22.1  23.3  23.4  23.1  23.4  25.6  24.9  21.2  23.0  20.5  25.6  23.4  22.7  22.6  23.5  23.3  23.2  23.1  22.1  22.7  22.7  22.2  21.8  22.2  22.4  22.2  22.7  22.2  22.4  22.8  22.2  21.2  22.9  23.0  20.8  21.5  22.3  22.1  21.7  22.1  23.8  20.2  21.3  22.0  21.6  22.6  24.3  22.0  24.3  23.4  23.7  22.9 
Direction:  n n n n n n {83 97} n n n n n n n n n n n n n n n n n n n n n n n n n n n n n n n n n n n n n n n n n n n n n n n n n n n n n n n n n n n n n n n n n n n n n n n n n n n n {83 97} n n n n n n n n n n n n n n n n {83 97} n n n n n n n n n n n n n n n n n n n n n n n n n n n n n n n n n n n n n n n n n {83 97} n n n n n n n n n n n n n n n n n n n n n n n n n n n n n n n n n n n n n n n n n n n n n n n n n n n n n n n n n

45.5: Count:  20.0 (  2.0) A:  18.8 [10-49] B:  14.9 [10-38] Phase: 90 ( 5.89) Direction:  nPhase: 99 ( 3.59) Direction:  nPhase: 90 ( 0.22) Direction:  nPhase: 90 ( 0.23) Direction:  nPhase: 90 ( 0.24) Direction:  n
Phase: {0,0,0,0,0,4,0,1,12,20,0,0,5,5,1,44,0,1,22,25,19,1,12,47,0,13,5,35,12,9,25,21,25,5,52,49,0,15,33,36,42,28,25,33,41,12,55,15,36,71,62,31,40,150,43,46,104,46,84,119,187,127,204,303,253,490,679,689,861,1165,1339,1398,2227,3179,3245,5159,6120,8352,8108,13453,15088,19525,22237,27276,32970,37477,44214,48296,49414,48002,79098,50834,51595,49673,49558,43084,37854,32937,27674,24075,19612,16627,10796,10539,8315,6760,5032,4647,3958,2644,2503,2284,1606,1347,1259,1033,601,966,777,610,580,566,512,323,359,375,305,225,257,293,200,275,234,143,186,154,52,116,60,128,118,63,123,84,43,13,63,23,42,43,33,41,35,81,0,13,31,18,13,0,9,20,5,22,23,16,25,12,10,0,11,2,0,6,13,0,9,0,0,22,7,0,0,0,0,0,0,0,0,20,0,0,0,0,0,0,0,0,0,0,0,0,0,0,0,0,0,0,0,0,0,0,0,0,0,0,0,0,0,0,0,0,0,0,0,0,0,0,0,0,0,0,0,0,0,0,0,0,0,0,0,0,0,0,0,0,0,0,0,0,0,0,0,0,0,0,0,0,0,0,0,0,0,0,0,0,0,0,15,0,0,0,0,0,0,0,0,0,0,0,0,0,0,0,0,0,0,0,0,0,0,0,0,0,0,0,0,0,0,0,0,0,0,0,0,0,0,0,0,0,0,0,0,0,0,0,0,0,0,0,0,0,0,0,0,0,0,0,0,0,0,0,0,0,0,5,0,0,0,0,0,0,0,0,0,0,0,5,0,0,7,0,0,0,0,0,10,5,0,0}
Count:  18.0  17.0  15.6  16.1  16.2  15.7  14.3  15.9  14.2  16.2  15.4  15.9  15.6  16.5  14.1  15.7  16.7  20.7  17.8  20.6  19.1  21.3  18.6  22.6  21.7  20.0  19.4  20.1  20.6  21.9  18.3  24.1  20.1  22.9  20.0  21.7  20.6  21.6  21.5  20.6  23.8  24.7  22.0  17.7  19.3  23.3  23.6  20.6  21.1  21.4  19.5  21.0  17.9  20.4  19.1  21.0  19.9  20.6  20.7  21.6  20.1  21.4  20.9  21.0  21.8  21.3  21.2  22.5  21.3  21.9  20.7  21.2  21.3  22.5  19.3  20.5  18.6  20.4  19.4  20.1  19.6  20.4  19.5  21.0  20.6  20.5  20.1  20.6  20.5  20.6  20.8  19.0  19.5  19.5  22.7  20.4  21.5  19.9  21.7  19.8  21.4  19.1  20.6  18.7  20.1  19.6  20.4  19.6  21.2  20.2  20.3  19.1  20.3  18.9  19.8  18.6  17.5  17.1  18.4  17.7  18.5  18.3  17.8  18.1  20.0  18.1  18.7  17.2  18.7  16.6  18.4  16.2  17.5  16.5  17.6  16.5  16.7  16.9  20.5  19.6  19.6  20.1  21.2  21.7  20.6  22.3  20.9  22.0  20.9  21.9  22.1  20.9  21.5  23.5  23.7  18.7  21.1  17.8  23.1  21.8  22.2  21.5  21.9  21.3  21.2  19.7  20.8  20.6  21.0  20.5  20.3  21.2  21.5  19.6  20.6  20.0  21.3  21.3  20.5  19.9  21.3  21.2  20.8  20.2  20.7  20.5  20.2  20.2  22.1  19.3  19.2  20.7  19.5  21.4  22.1  20.3  20.9  22.0  20.8  21.1 
Direction:  n n n n n n n n n n n n n n n n n n n n n n n n n n n n n n n n n n n n n n n n n n n n n n n n n n n n n n n n n n n n n n n n n n n n n n n n n n n n n n n n n n n n n n n n n n n n n n n n n n n n n n n n n n n n n n n n n n n n n n n n n n n n n n n n n n n n n n n n n n n n n n n n n n n n n n n n n n n n n n n n n n n n n n n n n n n n n n n n n n n n n n n n n n n n n n n n n n n n n n n n

45.6: Count:  19.2 (  1.8) A:  19.0 [10-47] B:  14.8 [10-36] Phase: 94 ( 6.23) Direction:  nPhase: 90 ( 0.21) Direction:  n
Phase: {1,0,0,0,7,0,0,0,15,0,5,0,0,0,5,0,2,0,16,13,0,35,1,5,13,28,42,13,9,29,22,43,42,21,29,0,1,42,39,10,38,41,18,31,47,19,35,7,36,60,25,93,28,50,54,28,57,64,111,83,85,73,118,199,134,253,270,377,344,409,609,593,985,1441,1559,2193,2733,3915,3802,6056,7616,9164,11681,14089,18908,21897,27130,29929,34593,37511,64715,44143,51417,54696,56897,52446,49912,45494,42069,37480,32313,28199,19241,18949,14315,12949,9603,8647,6669,4153,4291,3409,3007,1984,2207,1683,838,1480,814,943,642,488,610,486,476,410,382,380,240,274,239,160,189,158,80,144,101,19,191,114,55,114,77,69,19,64,14,0,42,26,7,45,7,39,63,33,51,25,41,0,35,6,14,15,2,8,7,32,7,0,22,0,0,13,7,26,15,0,0,0,0,0,0,0,0,7,0,0,0,4,0,0,0,0,0,0,0,0,0,0,0,15,0,0,0,0,0,0,0,0,0,0,0,0,0,0,0,0,0,0,0,0,0,0,0,0,0,0,0,0,0,0,0,0,0,0,0,0,0,0,0,0,0,0,0,0,0,0,0,0,0,0,0,0,0,0,0,0,0,0,0,0,0,0,0,0,0,0,0,0,0,0,0,0,0,0,0,0,0,0,0,0,0,0,0,0,0,0,0,0,0,0,0,0,0,0,0,0,0,0,0,0,0,0,0,0,0,0,0,0,0,0,0,0,0,0,0,0,0,0,0,0,0,0,0,0,0,0,0,0,0,0,0,0,0,0,0,0,0,0,0,0,0,0,0,0,0,0,0,0,0,0,0,0,5,0,0,0,0,0}
Count:  18.1  16.9  15.0  17.1  16.1  16.3  13.8  15.5  14.4  15.4  14.3  15.5  15.1  16.5  14.3  14.5  16.5  19.8  17.2  20.1  17.6  19.9  18.2  21.6  20.4  19.2  17.7  19.1  19.8  20.5  17.9  23.5  19.3  22.1  19.1  20.6  20.8  21.3  21.8  19.5  23.6  21.5  20.7  17.6  18.1  21.0  23.5  19.6  18.6  20.9  18.3  20.4  16.9  20.0  18.1  20.0  18.7  18.8  19.1  20.5  19.5  20.5  20.7  19.7  20.3  20.9  21.1  20.5  19.6  20.7  19.2  20.4  20.4  21.3  18.7  20.4  18.9  19.0  19.3  19.5  19.3  19.1  18.4  19.8  19.2  20.1  18.6  19.7  19.3  20.6  19.9  18.1  18.1  19.1  21.7  20.2  21.2  20.0  20.4  19.3  20.3  19.5  20.0  18.3  18.5  17.4  19.9  18.7  20.6  19.8  19.5  19.5  18.5  18.1  18.2  16.8  17.1  17.1  17.6  17.0  18.1  17.3  17.8  17.3  18.7  17.5  18.6  17.0  17.9  16.3  17.6  16.1  17.0  16.4  16.6  15.6  16.9  16.9  19.5  18.4  18.9  19.3  19.9  20.7  19.9  21.6  19.6  21.2  19.6  20.7  21.4  20.7  20.7  23.1  22.4  18.3  19.9  17.6  22.3  21.0  21.1  20.7  20.7  20.7  21.7  20.1  19.5  19.8  20.2  20.0  19.8  19.6  20.2  19.0  20.0  19.2  21.0  20.0  19.4  19.1  20.7  20.4  20.1  18.7  20.9  20.1  19.1  19.3  21.3  18.5  18.7  19.3  19.3  21.2  21.9  19.2  21.1  20.2  19.6  20.2 
Direction:  n n n n n n n n n n n n n n n n n n n n n n n n n n n n n n n n n n n n n n n n n n n n n n n n n n n n n n n n n n n n n n n n n n n n n n n n n n n n n n n n n n n n n n n n n n n n n n n n n n n n n n n n n n n n n n n n n n n n n n n n n n n n n n n n n n n n n n n n n n n n n n n n n n n n n n n n n n n n n n n n n n n n n n n n n n n n n n n n n n n n n n n n n n n n n n n n n n n n n n n n

45.7: Count:  19.7 (  2.0) A:  19.3 [10-49] B:  14.8 [10-39] Phase: 96 ( 5.85) Direction:  nPhase: 83 ( 1.99) Direction:  {77 103}Phase: 90 ( 0.22) Direction:  nPhase: 91 ( 0.24) Direction:  nPhase: 107 ( 2.02) Direction:  n
Phase: {9,0,0,0,0,0,0,0,0,0,0,0,0,0,11,15,15,32,0,5,15,0,5,0,28,0,1,5,20,11,29,24,13,11,22,28,10,1,28,41,7,22,40,38,14,58,50,27,64,19,48,19,71,34,28,56,56,40,81,79,111,48,112,147,90,150,145,153,286,293,264,369,627,704,797,1059,1302,1803,1829,3125,3873,4374,5584,7578,10024,12558,15619,18476,21548,25295,49166,34624,41370,49752,55125,56074,58684,57215,53826,52257,45886,42664,31935,32865,26508,21827,17378,15248,12732,7461,7712,6401,5183,4238,3527,2613,1466,2165,1493,1162,980,882,652,443,655,550,340,486,340,261,256,284,204,236,129,215,183,116,104,95,93,110,67,129,42,102,90,68,99,57,69,36,51,68,13,26,33,26,1,12,24,9,12,5,26,14,18,0,0,38,12,13,0,0,0,0,0,0,0,0,16,12,18,0,0,0,0,13,0,0,0,0,5,0,0,0,0,0,2,0,22,0,0,0,0,0,0,0,0,0,0,0,0,0,0,0,0,0,0,0,0,0,0,0,0,15,0,0,0,0,0,0,0,0,0,0,0,0,0,0,0,0,0,0,0,0,0,0,0,0,0,0,0,0,0,0,0,0,0,0,0,0,0,0,0,0,0,0,0,0,0,0,0,0,0,0,0,0,0,0,0,0,0,0,0,0,0,0,0,0,0,0,0,0,0,0,0,0,0,0,0,0,0,0,0,0,0,0,0,0,0,0,0,0,0,0,0,0,0,0,0,0,0,0,0,0,0,0,0,0,0,0,0,0,0,0,0,0,0,0,0,0,0,0,0,0,0,0,19,0,15,0,0,9,0,0,0,0,0,0}
Count:  17.2  16.3  14.5  16.2  15.7  16.0  14.0  16.1  14.6  16.0  13.7  15.7  14.9  15.7  13.7  15.7  17.4  21.4  18.3  19.9  18.7  19.9  18.8  22.4  21.0  20.0  18.6  20.1  20.6  21.4  18.4  22.8  20.0  22.6  20.0  20.8  20.1  21.5  21.8  21.0  23.5  22.6  21.3  18.1  19.4  21.6  24.0  20.5  19.5  21.8  18.2  21.5  18.1  20.6  18.1  20.4  19.7  20.0  19.9  21.3  20.3  20.7  21.0  20.1  21.0  21.5  21.9  21.1  20.2  21.5  21.0  21.7  20.3  21.6  20.6  20.8  18.8  19.8  19.7  20.6  20.0  20.2  19.6  20.2  19.7  20.0  19.7  20.3  20.5  20.6  20.8  18.6  19.1  20.2  21.8  21.4  21.1  20.7  21.3  19.8  21.2  19.9  21.8  18.2  19.4  18.3  20.4  19.4  20.0  19.2  20.4  18.8  19.8  18.9  18.5  17.7  18.0  17.2  17.9  17.5  18.0  17.3  18.4  17.6  19.3  19.4  18.5  17.0  18.3  17.5  17.9  16.9  17.2  16.2  16.8  16.0  16.2  17.9  20.3  20.3  19.0  21.1  20.4  21.5  19.7  21.2  20.5  22.7  20.6  21.3  21.5  21.0  21.5  23.8  22.5  18.7  19.9  18.2  22.9  21.4  21.9  21.1  21.0  21.7  21.5  20.5  20.4  20.6  20.4  20.6  19.5  20.2  20.4  20.5  20.2  20.2  21.6  21.2  20.6  20.0  21.1  20.9  20.9  20.0  22.5  20.4  19.6  19.6  21.6  19.1  19.1  20.2  19.6  20.6  22.3  19.4  21.4  20.8  20.4  20.8 
Direction:  n n n n n n n n n n n n n n n n n n n n n n n n n n n n n n n n n n n n n n n n n n n n n n n n n n n n n n n n n n n n n n n n n n n n n n n n n n n n n n n n n n n n n n n n n n n n n n n n n n n n n n n n n n n n n n n n n n n n n n n n n n n n n n n n n n n n n n n n n n n n n n n n n n n n n n n n n n n n n n n n n n n n n n n n n n n n n n n n n n n n n n n n n n n n n n n n n n n n n n n n

45.8: Count:  20.1 (  1.9) A:  19.4 [10-49] B:  14.9 [10-38] Phase: 99 ( 6.37) Direction:  n
Phase: {0,0,0,0,0,0,1,0,0,0,0,6,0,1,15,2,10,15,18,13,30,41,8,7,43,0,7,22,5,8,9,11,3,13,13,22,22,39,5,13,19,32,1,25,20,68,20,42,46,47,46,39,49,47,21,38,71,33,29,20,62,120,98,80,26,123,179,155,179,200,266,214,351,641,360,604,821,1054,1260,2000,2326,3133,3502,4465,5993,8001,9226,11737,13525,15969,34123,23994,30712,36679,45592,47049,53576,52907,56010,59486,55766,55736,44895,45789,38609,34835,28152,25620,21541,14648,13706,11576,8871,7777,7235,5096,3082,3865,2348,1914,1576,1408,1025,845,816,830,591,569,320,372,349,211,315,228,224,261,202,111,205,123,137,133,115,88,45,33,128,74,101,76,86,22,42,13,25,61,33,36,29,14,31,19,29,38,25,11,14,26,14,36,23,5,0,0,11,13,0,0,0,7,0,0,9,0,0,0,11,0,0,0,2,0,0,0,0,0,0,0,15,0,0,0,0,0,0,0,0,0,0,4,0,0,0,0,0,0,0,0,0,0,0,0,0,0,0,0,0,0,0,0,0,0,0,0,0,0,0,0,0,0,0,0,0,0,0,0,0,0,0,0,0,0,0,0,0,0,0,0,0,0,0,0,0,0,0,0,0,0,0,0,0,0,0,0,0,0,0,0,0,0,0,0,0,0,0,0,0,0,0,0,0,0,0,0,0,0,0,0,0,0,0,0,0,0,0,0,0,0,0,7,0,0,0,0,0,0,0,0,0,0,0,0,0,0,0,0,0,0,0,0,0,0,0,0,0,0,0,0,0,0,0,0,0,0,0,0,0,0,0,0,0,0,0,0,0,2,0,0,0,0}
Count:  16.8  16.0  14.2  16.3  16.0  16.4  15.2  16.0  14.7  16.0  14.4  15.6  15.2  15.4  14.5  15.4  17.8  21.0  17.7  20.4  19.3  21.0  19.6  22.7  20.9  20.5  18.9  19.9  20.4  21.7  18.4  22.6  18.7  23.0  20.3  21.9  21.3  21.8  22.0  20.8  23.4  23.6  22.0  19.0  18.9  22.1  24.4  20.4  20.0  21.6  18.9  21.8  19.1  22.0  18.4  20.8  18.4  20.2  20.2  21.4  20.2  21.1  21.6  21.9  22.1  21.4  20.9  21.5  21.9  22.2  22.4  20.9  21.5  21.4  20.7  21.5  20.0  21.0  20.2  20.3  19.7  20.0  19.2  20.7  20.4  20.7  20.3  20.9  20.9  20.4  20.8  18.8  20.2  20.9  22.0  21.3  21.9  21.4  22.2  19.9  21.8  20.6  21.5  18.4  19.5  18.5  20.7  19.7  20.9  19.7  20.2  19.9  20.7  18.8  20.3  18.7  18.7  18.0  18.4  17.9  18.9  17.5  19.1  18.1  19.1  19.6  19.4  17.5  19.6  17.6  18.6  17.5  18.0  17.1  17.7  16.2  17.6  18.1  20.4  20.2  19.9  21.8  21.2  22.0  20.8  22.1  22.2  22.5  21.2  21.1  21.9  21.7  21.9  24.3  22.0  19.5  20.7  18.1  22.5  21.4  22.1  21.8  21.8  21.1  21.5  20.6  21.1  21.1  21.4  21.5  20.8  20.9  20.6  20.2  21.1  20.4  21.8  20.8  20.6  20.1  21.1  20.7  20.6  20.5  21.7  20.3  19.8  20.5  21.4  19.4  19.6  20.8  20.8  20.5  22.4  20.3  21.6  21.6  21.0  21.4 
Direction:  n n n n n n n n n n n n n n n n n n n n n n n n n n n n n n n n n n n n n n n n n n n n n n n n n n n n n n n n n n n n n n n n n n n n n n n n n n n n n n n n n n n n n n n n n n n n n n n n n n n n n n n n n n n n n n n n n n n n n n n n n n n n n n n n n n n n n n n n n n n n n n n n n n n n n n n n n n n n n n n n n n n n n n n n n n n n n n n n n n n n n n n n n n n n n n n n n n n n n n n n

45.9: Count:  18.3 (  1.7) A:  19.3 [10-53] B:  14.8 [10-40] Phase: 102 ( 6.49) Direction:  n
Phase: {0,0,0,0,0,0,0,0,0,0,0,0,0,0,0,7,9,15,4,0,17,0,5,0,0,0,0,0,0,0,20,0,13,10,5,0,10,2,9,0,13,12,18,1,7,71,1,30,22,28,24,40,20,31,29,12,6,35,13,71,43,37,27,69,3,29,41,98,39,77,77,59,203,107,198,205,386,389,280,529,703,905,1401,1577,2084,2764,3509,4027,4750,6550,15796,9706,13270,19456,24541,28637,33767,36563,42972,49332,51949,54191,48325,54091,50567,48378,41865,40934,37304,23960,23204,19548,16312,13003,11271,8844,4652,6492,4156,3750,2873,2427,1667,968,1300,1105,661,686,578,462,300,211,297,261,115,261,144,128,120,131,88,91,132,114,83,50,23,39,100,51,44,40,75,27,69,16,0,49,26,34,21,18,9,20,9,28,35,31,0,0,14,29,0,23,4,0,14,7,0,13,29,0,0,0,0,13,0,0,0,0,0,0,0,0,0,0,0,0,0,13,0,7,0,0,0,0,0,0,0,0,0,0,0,0,0,11,0,0,0,0,0,0,0,0,0,0,0,0,0,0,0,0,0,0,0,0,0,0,0,0,0,0,0,0,0,0,0,0,0,0,0,0,0,0,0,0,0,0,0,0,0,0,0,0,0,0,0,0,0,0,0,0,0,0,0,0,0,0,0,0,0,0,0,0,0,0,0,0,0,0,0,0,0,0,0,0,0,0,0,0,0,0,0,0,0,0,0,0,0,0,0,0,0,0,0,0,0,0,0,0,0,0,0,0,0,0,0,0,0,0,0,0,0,0,0,0,0,0,0,0,0,0,0,0,0,0,0,0,0,0,0,0,0,0,0,0,0,0,0,0}
Count:  17.7  16.2  14.2  15.4  15.9  15.5  14.4  15.3  13.6  15.7  14.4  15.1  14.7  15.2  13.5  14.4  16.1  19.2  15.7  18.8  17.3  19.7  18.0  20.4  19.0  18.0  16.5  19.0  19.0  19.4  16.9  21.8  18.5  21.4  17.5  20.3  19.4  20.9  19.8  18.1  21.5  21.8  19.5  16.5  16.6  20.2  22.3  18.4  18.0  20.1  17.0  19.8  16.0  18.7  17.0  19.3  16.9  18.9  18.4  19.1  18.4  19.1  18.8  19.7  20.2  19.3  19.3  19.5  19.1  19.6  19.3  20.2  19.2  19.5  17.5  19.0  18.1  19.1  18.2  18.8  17.9  18.5  17.1  18.2  18.9  18.6  18.5  19.0  18.0  19.6  19.6  17.5  17.6  19.4  21.1  19.3  20.8  18.9  20.7  19.1  20.0  18.1  19.8  17.4  18.9  16.9  19.3  18.0  18.7  18.3  18.7  17.8  19.0  17.8  18.2  17.0  17.1  16.5  16.6  16.2  17.1  16.1  16.5  16.0  18.1  16.9  17.3  15.2  17.2  15.7  16.8  15.9  16.1  16.0  15.5  15.3  16.0  16.2  19.3  17.6  18.1  19.0  19.1  19.9  18.4  19.9  19.1  20.5  19.4  20.1  19.8  19.7  19.9  21.1  20.3  17.4  19.7  16.5  20.5  19.2  20.3  19.6  20.1  19.0  20.6  19.4  19.6  18.7  19.7  18.7  18.5  17.7  19.1  18.9  19.0  18.1  18.9  19.4  18.3  17.2  19.4  19.1  18.9  19.0  19.5  18.0  18.7  18.2  20.0  17.5  17.3  18.4  18.6  19.5  19.7  18.5  19.7  18.7  18.0  19.2 
Direction:  n n n n n n n n n n n n n n n n n n n n n n n n n n n n n n n n n n n n n n n n n n n n n n n n n n n n n n n n n n n n n n n n n n n n n n n n n n n n n n n n n n n n n n n n n n n n n n n n n n n n n n n n n n n n n n n n n n n n n n n n n n n n n n n n n n n n n n n n n n n n n n n n n n n n n n n n n n n n n n n n n n n n n n n n n n n n n n n n n n n n n n n n n n n n n n n n n n n n n n n n

46.0: Count:  17.6 (  1.5) A:  19.2 [10-48] B:  14.8 [10-36] Phase: 106 ( 5.76) Direction:  nPhase: 98 ( 2.87) Direction:  n
Phase: {0,0,0,0,0,3,0,5,0,0,0,0,7,0,28,26,0,0,2,11,15,15,0,0,0,22,0,1,3,0,0,14,13,0,1,7,1,13,12,5,0,9,57,2,9,16,1,0,7,0,11,31,13,14,40,37,0,7,28,19,36,0,1,25,10,20,19,52,20,49,63,34,56,61,73,52,129,110,144,202,163,146,416,576,776,956,973,1362,1943,1881,6105,3372,5474,7980,10846,13702,16580,20521,25851,31890,36476,42077,41103,50957,51316,54283,52924,55307,53435,38357,38364,35278,29752,24129,19103,15531,9065,11522,7847,5837,4310,3246,2965,1608,1738,1470,1011,838,721,664,402,417,339,252,145,228,102,131,113,75,73,64,120,45,49,81,96,34,67,68,46,35,47,25,13,1,33,23,13,0,20,2,14,31,27,18,10,12,11,38,32,0,0,0,18,4,0,1,1,2,14,0,0,4,0,7,5,5,13,11,0,0,9,0,0,0,0,0,15,0,0,0,0,0,0,0,0,0,0,0,0,0,0,0,0,0,0,0,0,0,0,0,0,0,0,0,0,0,0,0,0,0,0,0,0,0,0,0,0,0,0,0,0,0,0,0,0,0,0,0,0,0,0,0,0,0,0,0,0,0,0,0,0,0,0,0,0,0,0,0,0,0,0,0,0,0,0,0,0,0,0,0,0,0,0,0,0,0,0,0,0,0,0,0,0,0,0,0,0,0,0,0,0,0,0,0,0,0,0,0,0,0,0,0,0,0,0,0,0,0,0,0,0,0,0,0,0,0,0,0,0,0,0,0,0,0,0,0,0,0,0,0,0,0,0,0,0,0,0,0,0,0,0,0,0,0,0,0,0,0}
Count:  18.1  16.3  14.9  16.2  16.1  16.0  13.9  15.3  14.3  15.8  14.3  15.1  15.1  15.8  14.5  14.6  15.6  18.0  15.3  18.0  15.9  18.8  17.2  19.2  18.1  18.2  16.2  18.7  18.0  18.7  15.5  20.9  18.6  19.5  17.5  19.4  18.4  19.2  18.6  16.2  20.6  20.5  18.2  14.9  16.9  19.8  20.6  18.0  16.7  19.3  16.0  18.6  15.2  17.8  16.2  18.5  16.1  17.6  17.4  18.3  17.6  18.4  17.9  18.5  18.6  19.0  18.8  19.9  17.9  19.4  17.9  19.1  18.7  18.8  16.7  17.9  16.5  17.7  16.6  17.8  16.9  17.8  16.2  17.4  17.7  17.9  17.7  18.5  17.7  18.8  18.9  16.8  17.1  18.1  20.3  18.8  19.7  18.2  18.9  18.6  19.4  17.5  19.3  16.9  17.7  16.4  17.8  17.1  18.9  17.2  18.3  17.6  16.4  16.4  17.3  15.2  15.8  15.9  15.9  15.0  15.9  15.8  16.1  15.3  16.9  16.1  17.0  15.3  16.7  15.1  16.7  15.1  15.9  14.9  15.0  14.3  15.0  15.1  17.6  17.1  18.0  18.1  17.4  19.2  17.4  19.2  18.4  19.1  18.4  19.3  18.7  18.2  18.5  20.4  20.5  16.5  18.6  15.7  20.0  19.6  18.9  18.6  19.1  19.2  19.4  18.0  18.5  18.3  18.3  17.5  17.8  17.3  18.0  17.5  17.9  17.1  18.6  18.1  17.7  17.1  18.3  17.7  17.3  17.4  18.5  17.6  17.9  16.6  19.5  16.8  16.5  17.9  17.9  18.8  19.3  18.2  18.8  17.6  17.7  18.7 
Direction:  n n n n n n n n n n n n n n n n n n n n n n n n n n n n n n n n n n n n n n n n n n n n n n n n n n n n n n n n n n n n n n n n n n n n n n n n n n n n n n n n n n n n n n n n n n n n n n n n n n n n n n n n n n n n n n n n n n n n n n n n n n n n n n n n n n n n n n n n n n n n n n n n n n n n n n n n n n n n n n n n n n n n n n n n n n n n n n n n n n n n n n n n n n n n n n n n n n n n n n n n

46.1: Count:  17.7 (  1.5) A:  19.3 [10-47] B:  15.0 [10-36] Phase: 107 ( 5.87) Direction:  nPhase: 115 ( 3.82) Direction:  n
Phase: {1,0,0,0,0,0,0,15,0,0,0,0,0,1,0,0,0,22,0,0,0,0,0,0,0,0,0,3,0,11,0,0,7,0,0,0,0,1,0,6,0,0,13,0,0,0,5,11,0,13,8,19,0,15,36,7,14,16,16,23,31,15,8,0,15,27,16,21,17,5,18,9,19,42,35,46,23,97,59,121,184,124,238,170,415,680,737,853,943,1279,4122,1990,3117,5031,6707,7602,10617,12722,16179,21140,24463,31436,30693,40377,44154,48796,51407,55282,59302,45778,48999,48338,41966,34837,31964,26694,16781,20695,13609,9975,8490,6560,5588,3289,3021,2472,1636,1605,1121,990,602,514,412,341,220,247,119,109,55,117,73,57,63,62,72,62,49,24,51,53,47,23,27,67,38,1,58,70,71,45,22,38,9,36,67,24,13,0,2,1,5,24,10,12,18,11,20,3,12,16,5,5,7,14,11,16,0,0,0,0,9,0,0,0,0,16,0,0,0,0,0,0,13,0,0,0,0,0,0,0,0,0,0,0,0,0,0,0,0,0,0,0,0,0,0,0,0,0,0,0,0,0,0,0,0,0,0,0,0,0,0,0,0,0,0,0,0,0,0,0,0,0,0,0,0,0,0,0,0,0,0,0,0,0,0,0,0,0,0,0,0,0,0,0,0,0,0,0,0,0,0,0,0,0,0,0,0,0,0,0,0,0,0,0,0,0,0,0,0,0,0,0,0,0,0,0,0,0,0,0,0,0,0,0,0,0,0,0,0,0,0,0,0,0,0,0,0,0,0,0,0,0,0,0,0,0,0,0,0,0,0,0,0,0,0,0,0,0,0,0,0,0,0,0,0,0,0,0,0,0}
Count:  17.7  16.8  15.1  15.6  16.6  16.0  14.1  15.7  14.8  15.5  14.7  15.5  15.0  16.0  14.7  14.9  15.6  18.3  15.7  18.2  16.1  18.4  16.8  19.8  18.7  17.7  16.4  18.5  18.0  19.9  16.2  20.9  18.6  20.2  17.7  19.4  19.1  19.0  19.2  17.3  21.2  20.5  19.0  15.7  16.5  20.0  21.0  18.0  17.6  18.8  16.2  18.6  15.0  18.2  16.2  18.0  16.7  18.3  16.9  18.5  18.2  18.6  18.5  18.6  18.8  18.9  19.1  19.4  18.1  19.9  17.6  19.2  18.2  19.1  16.8  17.8  16.8  18.3  17.2  18.2  16.7  17.8  16.7  17.9  17.4  18.6  17.7  18.7  17.3  18.7  18.7  17.0  17.1  18.0  20.9  18.6  19.6  18.2  19.6  18.3  19.6  17.2  19.2  17.3  18.5  16.4  18.0  17.9  18.5  17.8  18.7  17.1  17.6  16.5  17.0  15.9  15.9  15.4  16.5  15.2  16.8  15.6  15.8  15.9  16.8  17.0  17.6  15.4  17.2  15.3  16.5  14.4  15.6  14.5  15.5  14.8  15.6  15.4  17.2  17.3  16.9  17.5  18.0  19.2  17.9  19.1  18.4  19.1  18.5  19.6  18.7  18.5  18.2  20.8  19.8  16.5  19.0  16.5  20.4  19.5  19.1  18.7  19.3  19.2  19.2  19.0  18.8  18.7  18.5  17.9  17.9  17.9  18.4  17.2  18.0  17.3  18.8  18.8  17.7  17.0  18.8  17.9  17.7  17.3  18.6  17.6  17.7  16.1  18.9  16.5  16.8  17.6  17.7  19.1  18.7  17.7  19.0  17.9  17.6  19.1 
Direction:  n n n n n n n n n n n n n n n n n n n n n n n n n n n n n n n n n n n n n n n n n n n n n n n n n n n n n n n n n n n n n n n n n n n n n n n n n n n n n n n n n n n n n n n n n n n n n n n n n n n n n n n n n n n n n n n n n n n n n n n n n n n n n n n n n n n n n n n n n n n n n n n n n n n n n n n n n n n n n n n n n n n n n n n n n n n n n n n n n n n n n n n n n n n n n n n n n n n n n n n n

46.2: Count:  17.8 (  1.5) A:  19.4 [10-45] B:  15.2 [10-35] Phase: 110 ( 6.00) Direction:  n
Phase: {0,0,0,0,0,0,0,0,0,0,0,0,0,0,0,0,0,0,0,0,0,0,0,0,3,0,0,0,0,0,0,0,2,0,0,16,11,20,0,0,0,0,31,0,0,11,23,0,5,0,9,15,14,0,0,0,11,16,18,7,8,25,0,20,5,13,12,0,20,18,28,1,25,21,26,27,1,43,33,79,154,89,145,109,209,285,513,521,458,491,2285,1059,1625,2409,4214,4209,5646,6849,9483,13260,15213,20236,19948,29955,32757,40739,44464,51306,57710,48713,55253,56570,53092,47332,44537,38833,26089,30746,21035,16803,13273,10557,8913,4937,5083,3965,2765,2523,1784,1287,930,718,644,417,310,395,217,211,215,57,123,127,29,62,76,88,59,56,52,30,63,40,39,46,57,17,82,71,25,16,20,28,57,33,47,59,18,1,0,10,20,0,15,14,7,3,0,0,0,21,35,13,15,10,0,12,14,13,0,13,0,0,0,0,13,0,0,0,0,0,0,13,0,0,0,0,0,0,0,9,7,0,0,0,0,0,0,0,0,0,0,0,0,0,0,0,0,0,0,0,0,0,0,0,0,0,0,0,0,0,0,0,0,0,0,0,0,0,0,0,0,0,0,0,0,0,0,0,0,0,0,0,0,0,0,0,0,0,0,0,0,0,0,0,0,0,0,0,0,0,0,0,0,0,0,0,0,0,0,0,0,0,0,0,0,0,0,0,0,0,0,0,0,0,0,0,0,0,0,0,0,0,0,0,0,0,0,0,0,0,0,0,0,0,0,0,0,0,0,0,0,0,0,0,0,0,0,0,0,0,0,0,0,0,0,0,0,0,0,0,0,0,0,0,0,0,0,0,0,0}
Count:  18.6  17.2  15.2  16.4  16.4  15.8  13.9  16.2  14.7  15.6  15.3  15.5  14.5  16.3  14.6  15.3  16.2  18.8  15.7  18.0  16.2  18.9  16.7  19.6  19.1  18.0  16.2  18.3  18.6  18.8  16.5  21.2  18.8  20.2  17.4  19.7  18.7  19.4  19.7  17.7  21.5  21.0  18.4  15.4  17.0  19.9  21.3  18.8  17.4  19.0  16.5  17.9  15.7  18.3  16.5  18.7  16.9  18.0  17.9  18.9  18.1  18.4  18.4  19.3  18.4  19.1  19.5  19.9  18.6  19.6  19.0  19.3  18.7  18.3  17.5  18.1  16.9  18.3  17.0  17.8  17.0  17.3  17.2  18.6  17.5  17.8  17.4  18.4  18.0  18.9  18.3  17.2  16.7  18.3  19.9  19.3  18.9  18.1  19.3  18.2  19.7  18.0  19.4  17.5  18.1  17.0  18.5  17.7  18.8  17.7  18.5  17.3  18.0  17.1  17.1  16.2  15.6  16.1  16.0  15.7  15.8  15.6  15.9  15.9  16.9  16.3  17.5  16.2  17.4  16.2  16.0  14.8  15.8  15.4  15.6  14.7  15.3  15.8  17.6  17.9  17.7  18.3  18.2  19.1  18.3  19.5  18.6  20.2  18.8  19.5  18.7  18.6  18.0  21.7  20.1  17.7  19.1  16.9  20.7  19.3  19.7  18.3  19.1  19.4  19.7  18.9  18.9  18.7  18.4  17.3  18.6  17.7  18.5  18.0  18.0  17.7  18.8  18.2  16.9  16.8  18.9  17.9  17.7  17.6  18.6  17.7  17.3  16.7  18.8  17.0  17.0  17.7  17.8  19.0  19.5  17.8  19.0  18.4  17.7  18.1 
Direction:  n n n n n n n n n n n n n n n n n n n n n n n n n n n n n n n n n n n n n n n n n n n n n n n n n n n n n n n n n n n n n n n n n n n n n n n n n n n n n n n n n n n n n n n n n n n n n n n n n n n n n n n n n n n n n n n n n n n n n n n n n n n n n n n n n n n n n n n n n n n n n n n n n n n n n n n n n n n n n n n n n n n n n n n n n n n n n n n n n n n n n n n n n n n n n n n n n n n n n n n n

46.3: Count:  18.1 (  1.5) A:  19.5 [10-47] B:  15.3 [10-36] Phase: 112 ( 5.81) Direction:  n
Phase: {0,0,0,0,0,0,0,0,0,0,0,0,0,0,0,0,0,0,0,0,0,0,0,0,9,0,0,0,0,15,2,0,3,0,14,0,13,0,0,5,7,7,0,0,13,1,7,7,13,10,24,18,18,15,24,0,7,0,1,13,24,25,10,0,5,0,47,30,17,9,18,0,15,32,41,27,38,9,52,123,23,46,37,182,131,168,243,348,387,268,1430,509,794,1401,2197,2944,3264,3702,5337,7583,9422,13715,12857,19735,23611,28857,33179,42755,51229,44584,53512,57755,58558,57055,55244,50393,35849,43304,32867,25729,21417,17215,14415,9112,8182,6002,4700,4243,2802,2291,1526,1236,1067,671,523,436,256,226,316,197,117,101,76,108,6,60,121,70,45,75,12,9,38,47,62,97,70,29,71,43,74,28,26,16,23,24,30,21,19,21,16,5,19,48,36,1,35,29,0,20,13,0,0,0,0,11,11,1,14,35,0,22,0,0,0,0,0,9,7,0,0,0,0,0,0,0,0,0,0,0,0,0,0,0,0,0,0,0,0,0,0,0,0,0,0,0,0,0,0,0,0,0,0,0,0,0,0,0,0,0,0,0,0,0,0,0,0,0,0,0,0,0,0,0,0,0,0,0,0,0,0,0,0,0,0,0,0,0,0,0,0,0,0,0,0,0,0,0,0,0,0,0,0,0,0,0,0,0,0,0,0,0,0,0,0,0,0,0,0,0,0,0,0,0,0,0,0,0,0,0,0,0,0,0,0,0,0,0,0,0,0,0,0,0,0,0,0,0,0,0,0,0,0,0,0,0,0,0,0,0,0,0,0,0,0,0,0,0,0,0,0,0,0,0,0,0,0,0,0,0}
Count:  18.6  17.0  15.7  16.7  16.2  16.1  15.2  15.4  14.8  16.1  15.1  16.0  15.2  16.6  14.3  15.4  15.8  18.9  15.8  18.5  16.4  19.1  17.2  19.6  18.7  18.6  16.9  19.0  18.5  19.3  16.2  20.9  19.0  19.9  17.6  20.0  19.7  20.5  19.7  17.6  21.3  21.0  18.7  15.9  18.0  19.6  21.8  18.9  18.1  19.9  16.5  18.3  16.1  18.3  16.3  19.1  17.1  18.8  18.0  19.1  18.7  19.2  19.1  18.3  19.1  19.1  20.5  19.6  19.1  19.6  19.1  19.8  19.3  19.7  17.9  18.4  17.6  18.4  16.9  17.8  18.0  18.0  17.4  18.7  18.1  19.2  18.1  18.4  18.2  19.4  18.2  17.2  17.1  18.0  20.6  19.8  20.1  18.7  19.9  19.2  20.0  18.4  20.3  17.4  18.3  16.1  18.5  17.7  19.6  18.1  19.1  18.0  18.1  17.0  17.5  16.6  16.4  16.7  16.6  16.0  16.9  16.5  15.9  16.5  17.3  16.8  17.4  16.1  17.4  15.8  16.3  15.4  16.5  15.9  15.7  14.7  15.7  15.3  18.1  18.2  17.6  19.0  17.9  19.0  18.4  19.9  18.9  19.9  19.3  20.1  19.1  19.1  18.6  21.7  20.1  17.5  19.5  17.1  20.1  19.9  19.7  18.2  19.3  19.2  19.6  19.0  18.8  18.4  18.8  18.1  18.3  18.2  18.7  18.0  18.0  17.8  19.3  17.9  17.9  17.1  18.7  18.2  18.1  18.2  18.5  17.8  17.5  17.5  19.2  17.1  17.2  18.5  18.3  19.0  19.6  18.1  19.5  18.8  19.0  18.9 
Direction:  n n n n n n n n n n n n n n n n n n n n n n n n n n n n n n n n n n n n n n n n n n n n n n n n n n n n n n n n n n n n n n n n n n n n n n n n n n n n n n n n n n n n n n n n n n n n n n n n n n n n n n n n n n n n n n n n n n n n n n n n n n n n n n n n n n n n n n n n n n n n n n n n n n n n n n n n n n n n n n n n n n n n n n n n n n n n n n n n n n n n n n n n n n n n n n n n n n n n n n n n

46.4: Count:  17.9 (  1.4) A:  19.7 [10-48] B:  15.5 [10-37] Phase: 114 ( 5.66) Direction:  nPhase: 119 ( 0.23) Direction:  nPhase: 119 ( 0.24) Direction:  nPhase: 118 ( 0.23) Direction:  nPhase: 117 ( 0.23) Direction:  nPhase: 117 ( 0.23) Direction:  nPhase: 118 ( 0.23) Direction:  nPhase: 117 ( 0.23) Direction:  n
Phase: {0,0,0,0,0,0,0,0,0,0,0,0,0,0,0,0,0,0,9,0,0,0,0,0,0,1,0,13,0,0,3,8,0,15,22,9,13,6,0,0,15,1,5,0,20,14,0,6,42,7,0,0,8,26,0,0,0,9,0,33,15,0,11,5,0,5,4,7,27,9,4,29,7,27,13,44,26,35,27,0,20,12,80,49,74,150,125,164,146,151,686,259,429,701,1245,1452,1967,1746,2932,4097,5330,7471,7265,11176,14036,19521,21726,30006,37550,35497,45565,52753,57801,58435,61079,59213,45043,57962,46087,37648,33205,25573,21991,14239,12797,9858,7411,6231,4298,3683,1963,1734,1303,897,585,720,266,299,264,152,76,138,140,74,34,23,71,64,40,66,44,35,83,25,27,64,44,48,76,35,18,89,29,17,14,47,13,44,0,14,25,18,38,4,21,6,7,19,5,0,5,7,0,13,11,0,8,5,11,11,0,8,15,0,9,0,24,0,0,15,13,0,0,0,0,0,0,0,0,9,0,0,0,0,0,0,0,13,0,0,0,0,0,0,0,0,0,0,0,0,0,0,0,13,0,0,0,0,0,0,0,0,0,0,0,0,0,0,0,0,0,0,0,0,0,0,0,0,0,0,0,0,0,0,0,0,0,0,0,0,0,0,0,0,0,0,0,0,0,0,0,0,0,0,0,0,0,0,0,0,0,0,0,0,0,0,0,0,0,0,0,0,0,0,0,0,0,0,0,0,0,0,0,0,0,0,0,0,0,0,0,0,0,0,0,0,0,0,0,0,0,0,0,0,0,0,0,0,0,0,0,0,0,0,0,0,0,0,0,0,0,0,0,0,0,0,0,0,0,0}
Count:  18.8  17.7  16.1  16.9  16.8  16.5  15.0  16.2  15.5  16.6  15.0  16.4  15.4  16.4  14.8  15.7  15.6  18.7  15.9  18.7  16.2  19.0  17.4  20.2  19.1  18.1  16.5  18.7  18.5  19.1  15.7  20.6  18.7  19.7  17.4  19.2  19.3  19.6  19.8  17.1  20.8  20.1  18.7  15.9  18.2  19.7  21.7  19.1  17.5  19.0  16.7  18.4  15.7  17.4  16.1  18.5  17.1  18.1  18.2  18.4  18.1  18.8  18.8  17.9  18.7  19.3  20.3  18.9  18.7  19.2  19.0  19.9  18.9  19.4  17.3  17.9  16.9  17.7  17.1  17.7  17.6  18.0  17.0  17.9  18.3  18.5  17.5  18.7  18.2  18.8  19.2  17.1  16.9  18.2  20.8  19.2  20.3  18.9  19.3  19.2  19.9  18.3  19.5  17.5  18.5  16.8  18.7  17.5  19.4  17.6  18.8  17.6  18.1  17.9  17.7  17.0  15.9  15.7  16.3  16.3  16.5  16.6  16.1  15.9  17.7  16.4  18.0  16.2  17.5  15.9  16.6  15.5  15.8  15.8  15.6  14.7  15.2  15.3  17.4  17.8  17.0  18.6  17.7  18.7  17.5  19.6  18.9  20.4  18.5  19.5  18.8  18.9  17.8  20.9  20.6  17.0  18.5  16.5  20.3  19.1  19.6  18.8  18.7  19.2  19.1  18.6  18.4  18.8  19.0  18.2  18.2  18.3  18.1  17.4  18.0  17.4  18.2  17.7  17.2  17.7  19.1  17.6  18.1  17.6  17.8  17.5  17.6  17.1  19.5  16.7  17.1  18.2  18.3  18.1  19.4  17.9  18.5  18.5  17.9  18.9 
Direction:  n n n n n n n n n n n n n n n n n n n n n n n n n n n n n n n n n n n n n n n n n n n n n n n n n n n n n n n n n n n n n n n n n n n n n n n n n n n n n n n n n n n n n n n n n n n n n n n n n n n n n n n n n n n n n n n n n n n n n n n n n n n n n n n n n n n n n n n n n n n n n n n n n n n n n n n n n n n n n n n n n n n n n n n n n n n n n n n n n n n n n n n n n n n n n n n n n n n n n n n n

46.5: Count:  17.8 (  1.3) A:  19.9 [10-44] B:  15.7 [10-37] Phase: 116 ( 5.46) Direction:  n
Phase: {0,0,0,0,0,0,0,0,0,0,0,0,0,0,0,0,5,0,0,0,0,0,0,0,9,0,0,0,0,0,9,0,0,0,0,0,0,9,9,22,4,5,11,0,0,5,5,0,0,5,0,16,16,15,8,0,0,5,3,2,0,14,29,25,0,39,2,7,4,0,0,0,2,0,5,0,14,35,0,26,2,0,12,51,22,86,64,81,130,66,368,145,207,353,478,686,904,1117,1605,2108,2643,3821,4056,5859,7750,10961,13470,18581,23597,23461,32448,40537,48075,54498,58494,61618,50462,67739,59259,51085,46378,35871,32610,23474,20875,15803,11113,8767,6723,4896,3284,2647,1948,1322,1028,1173,409,413,423,340,168,180,104,127,73,98,49,21,53,80,89,36,20,86,18,42,57,37,35,44,24,26,47,57,49,14,63,35,0,0,27,7,1,14,27,26,42,22,1,2,32,1,11,0,9,14,15,13,7,5,13,12,9,5,0,5,5,0,0,0,0,0,0,0,0,0,0,0,0,11,0,0,15,0,0,0,0,0,0,0,0,0,0,0,0,0,0,0,0,0,0,0,0,0,0,0,0,0,0,0,0,0,0,0,0,0,0,0,0,0,0,0,0,0,0,0,0,0,0,0,0,0,0,0,0,0,0,0,0,0,0,0,0,0,0,0,0,0,0,0,0,0,0,0,0,0,0,0,0,0,0,0,0,0,0,0,0,0,0,0,0,0,0,0,0,0,0,0,0,0,0,0,0,0,0,0,0,0,0,0,0,0,0,0,0,0,0,0,0,0,0,0,0,0,0,0,0,0,0,0,0,0,0,0,0,0,0,0,0,0,0,0,0,0,0,0,0,0,0,0}
Count:  18.8  17.7  16.4  16.9  17.3  16.7  15.1  16.7  15.8  16.7  15.7  17.3  15.2  17.2  15.0  16.5  15.7  18.7  15.7  18.5  16.0  18.7  17.3  20.0  18.7  17.9  16.4  18.7  18.6  19.7  15.1  21.5  18.7  19.5  17.7  19.0  18.6  19.8  18.6  17.1  20.8  19.8  19.0  15.8  17.6  19.8  20.7  18.5  17.4  19.2  16.4  18.0  15.8  17.3  16.4  18.3  16.8  18.1  17.9  18.5  17.8  18.4  18.5  18.2  18.9  19.0  19.7  19.1  18.5  19.0  18.0  18.9  18.4  18.6  16.7  18.3  16.9  17.6  17.0  17.5  17.1  17.6  17.1  17.7  17.8  18.2  17.7  18.7  18.2  18.5  19.2  17.3  17.4  17.9  20.8  18.9  20.0  18.8  19.6  18.7  20.2  18.4  20.2  17.3  18.3  17.0  18.9  17.6  18.4  17.3  18.7  17.5  17.8  16.7  17.6  16.1  16.2  16.0  16.0  15.6  15.8  15.5  16.5  16.3  17.7  16.3  17.2  15.9  17.2  15.3  16.5  15.2  15.7  15.4  15.7  14.9  15.1  15.3  17.4  17.1  16.9  17.8  18.1  19.2  17.3  19.1  18.3  19.4  18.5  19.4  19.0  18.5  18.3  20.6  20.1  16.5  17.8  15.9  20.2  19.0  19.4  18.2  18.7  19.3  19.1  18.0  18.0  17.7  18.8  17.5  17.7  17.6  17.9  17.4  17.1  16.8  18.1  16.9  17.2  16.9  18.9  17.8  17.8  16.7  18.2  17.0  17.4  16.6  18.9  16.4  16.5  17.9  17.4  18.6  19.0  17.8  19.3  18.0  17.6  18.6 
Direction:  n n n n n n n n n n n n n n n n n n n n n n n n n n n n n n n n n n n n n n n n n n n n n n n n n n n n n n n n n n n n n n n n n n n n n n n n n n n n n n n n n n n n n n n n n n n n n n n n n n n n n n n n n n n n n n n n n n n n n n n n n n n n n n n n n n n n n n n n n n n n n n n n n n n n n n n n n n n n n n n n n n n n n n n n n n n n n n n n n n n n n n n n n n n n n n n n n n n n n n n n

46.6: Count:  17.8 (  1.3) A:  20.1 [10-47] B:  15.9 [10-36] Phase: 118 ( 5.14) Direction:  n
Phase: {0,0,0,0,0,0,0,0,0,0,0,0,0,0,0,0,0,0,0,0,0,0,0,0,3,0,0,0,0,0,0,0,0,0,4,0,0,0,15,11,0,7,0,0,0,15,0,0,17,0,1,1,0,18,8,37,0,0,9,0,0,20,13,11,0,0,3,0,0,0,11,0,16,21,9,20,33,22,5,21,48,5,4,9,45,24,16,71,40,34,165,51,115,121,400,349,465,704,827,1093,1491,2328,1900,3358,4474,5734,6895,11300,15210,14538,20916,26642,32364,39736,47184,55069,46774,70361,66970,61463,60464,51125,46972,35231,31650,25387,20099,14337,11880,8704,5718,4688,3631,2348,1789,1856,808,673,606,284,180,248,253,152,144,62,76,131,52,65,50,23,44,64,65,64,44,47,19,34,18,53,54,46,73,34,44,9,28,48,49,9,46,32,22,5,33,13,15,0,36,16,0,17,10,33,10,0,0,7,7,0,3,0,0,35,24,0,0,5,14,0,0,2,0,0,0,0,0,0,0,0,0,0,0,0,13,0,0,12,0,0,0,0,0,0,0,0,0,0,0,0,0,0,0,0,0,0,0,0,0,0,0,0,0,0,0,0,0,0,0,0,0,0,0,0,0,0,0,0,0,0,0,0,0,0,0,0,0,0,0,0,0,0,0,0,0,0,0,0,0,0,0,0,0,0,0,0,0,0,0,0,0,0,0,0,0,0,0,0,0,0,0,0,0,0,0,0,0,0,0,0,0,0,0,0,0,0,0,0,0,0,0,0,0,0,0,0,0,0,0,0,0,0,0,0,0,0,0,0,0,0,0,0,0,0,0,0,0,0,0,0,0,0,0,0,0,0,0,0}
Count:  19.2  18.0  16.4  16.9  17.7  17.2  15.5  16.8  15.4  16.9  15.6  16.6  15.6  17.4  15.5  16.0  16.0  18.2  15.9  18.4  16.3  18.8  17.3  20.0  17.9  18.3  16.4  18.8  18.7  19.4  15.9  21.0  18.8  20.1  17.5  19.6  18.6  19.3  18.8  17.2  20.9  19.9  18.5  15.9  17.2  19.7  21.5  18.7  17.4  19.0  16.3  17.9  15.6  17.6  16.0  18.3  16.7  18.2  17.5  18.4  18.1  18.5  18.2  18.5  18.8  18.8  19.6  18.6  18.7  19.2  18.6  19.1  18.5  19.1  16.9  18.2  17.3  17.9  16.7  17.3  17.1  17.5  17.1  17.6  18.1  18.3  17.4  18.3  18.6  18.9  19.0  17.5  17.9  18.3  20.8  18.9  20.6  19.2  20.1  18.8  19.8  18.6  19.8  17.2  18.1  17.1  18.5  17.7  18.8  17.5  19.1  17.9  17.6  16.5  17.6  16.3  16.5  16.2  16.4  15.6  16.5  16.0  16.0  16.0  17.2  16.7  17.0  15.7  17.6  15.8  16.3  15.4  15.6  15.1  15.3  14.8  15.2  15.0  17.4  17.5  17.0  18.1  17.7  19.2  17.5  19.2  18.3  19.8  18.5  19.1  18.7  18.6  18.2  20.8  20.3  16.2  17.6  15.9  19.9  19.0  19.6  18.0  18.7  18.3  18.7  18.2  18.2  17.8  18.8  17.5  17.8  17.3  17.9  17.3  17.6  16.8  18.1  17.5  17.2  16.9  18.3  17.4  17.1  16.6  17.7  17.1  17.4  16.7  19.3  16.7  16.1  17.7  17.3  18.6  19.2  18.0  19.5  18.2  17.5  19.0 
Direction:  n n n n n n n n n n n n n n n n n n n n n n n n n n n n n n n n n n n n n n n n n n n n n n n n n n n n n n n n n n n n n n n n n n n n n n n n n n n n n n n n n n n n n n n n n n n n n n n n n n n n n n n n n n n n n n n n n n n n n n n n n n n n n n n n n n n n n n n n n n n n n n n n n n n n n n n n n n n n n n n n n n n n n n n n n n n n n n n n n n n n n n n n n n n n n n n n n n n n n n n n

46.7: Count:  18.0 (  1.3) A:  20.2 [10-45] B:  16.1 [10-37] Phase: 120 ( 5.34) Direction:  n
Phase: {0,0,0,0,0,0,0,0,0,0,0,0,0,0,9,0,0,0,0,0,2,0,0,0,0,0,0,0,0,0,0,13,0,0,7,0,0,7,0,2,0,9,0,0,0,15,0,0,0,0,3,14,0,0,18,3,5,0,15,15,0,0,7,30,4,0,1,2,0,0,26,5,0,10,0,4,12,4,0,5,0,1,18,44,48,57,28,45,16,41,122,64,93,202,229,268,304,358,569,791,908,1579,1285,1882,2356,3785,4063,6536,7801,7753,12956,16329,20818,26868,33816,41129,38813,58879,61136,63203,65574,63095,62684,49807,47641,40044,33335,26292,19988,16234,10620,8462,7574,4721,3249,3579,1532,1215,1297,803,529,401,246,285,147,193,131,69,58,81,45,67,37,33,17,28,33,62,25,32,93,36,56,21,45,46,73,73,56,35,31,31,71,26,65,13,20,42,12,22,49,9,0,20,0,7,3,0,18,5,6,9,0,0,20,14,0,5,0,20,11,0,22,0,5,0,0,0,0,13,0,0,0,0,0,0,0,0,0,0,0,0,0,0,0,0,0,0,0,0,0,0,0,0,0,0,0,0,0,0,0,0,0,0,0,0,0,0,0,0,0,0,0,0,0,0,0,0,0,0,0,0,0,0,0,0,0,0,0,0,0,0,0,0,0,0,0,0,0,0,0,0,0,0,0,0,0,0,0,0,0,0,0,0,0,0,0,0,0,0,0,0,0,0,0,0,0,0,0,0,0,0,0,0,0,0,0,0,0,0,0,0,0,0,0,0,0,0,0,0,0,0,0,0,0,0,0,0,0,0,0,0,0,0,0,0,0,0,0,0,0,0,0,0,0,0,0,0,0,0}
Count:  19.5  17.9  16.6  17.4  17.9  16.7  15.2  17.6  15.9  17.5  15.8  17.3  15.6  17.7  15.8  16.5  16.3  18.6  15.3  18.5  16.1  18.8  17.4  20.0  18.7  18.1  16.5  19.3  19.0  19.3  15.9  21.2  18.9  20.3  17.7  19.2  18.8  19.4  19.3  18.0  21.3  19.9  18.7  16.6  17.6  19.5  22.0  19.0  17.8  18.9  16.5  18.4  16.3  18.2  16.5  18.3  16.7  18.5  17.7  18.2  18.4  18.7  19.0  18.4  19.2  18.5  20.0  19.6  18.7  19.5  18.4  19.6  18.9  19.0  17.2  18.0  16.9  17.9  17.3  17.4  17.6  18.3  17.1  18.0  18.3  18.6  17.8  18.5  18.5  18.8  19.6  17.7  17.8  18.4  21.3  19.0  20.7  18.8  20.1  18.9  20.1  18.1  20.2  17.2  18.0  16.8  19.7  18.5  19.0  18.0  19.2  18.0  18.3  17.2  18.4  16.8  17.0  16.4  16.1  15.7  16.8  16.3  16.3  16.5  17.4  16.9  17.4  16.1  17.8  15.9  16.3  15.5  16.4  15.7  15.4  15.3  15.8  15.4  17.8  18.0  17.5  18.0  17.8  19.3  18.3  19.5  18.0  20.2  18.7  19.3  19.2  18.9  17.7  20.8  20.2  17.0  18.3  16.2  20.8  19.3  19.9  18.2  18.7  18.7  19.5  18.1  18.1  18.1  18.4  17.4  17.8  17.7  18.1  17.3  17.4  17.0  18.5  17.6  17.6  17.1  18.6  18.1  16.8  17.1  18.0  17.6  17.5  16.5  19.5  17.2  16.7  17.9  17.7  18.6  19.3  18.2  18.7  17.9  18.2  18.9 
Direction:  n n n n n n n n n n n n n n n n n n n n n n n n n n n n n n n n n n n n n n n n n n n n n n n n n n n n n n n n n n n n n n n n n n n n n n n n n n n n n n n n n n n n n n n n n n n n n n n n n n n n n n n n n n n n n n n n n n n n n n n n n n n n n n n n n n n n n n n n n n n n n n n n n n n n n n n n n n n n n n n n n n n n n n n n n n n n n n n n n n n n n n n n n n n n n n n n n n n n n n n n

46.8: Count:  18.2 (  1.3) A:  20.2 [10-45] B:  16.3 [10-37] Phase: 122 ( 5.56) Direction:  n
Phase: {0,0,0,0,0,0,0,0,0,0,0,0,0,0,0,1,0,0,0,0,0,0,0,0,0,0,0,0,0,0,0,0,0,14,0,0,15,0,11,20,0,0,0,0,0,0,0,0,15,0,0,0,0,37,5,3,13,2,19,0,0,30,19,16,13,0,20,26,2,12,1,0,1,19,23,17,8,9,0,13,13,1,26,20,40,18,39,58,107,27,163,143,138,159,260,223,237,309,362,502,676,948,885,1187,1914,2554,2364,3690,5349,5319,8007,9421,13445,17301,22351,27516,26577,44280,49261,51369,59936,61251,66492,57580,60532,53997,46815,39812,33069,27976,19996,17516,13447,9227,5934,7119,3227,2910,2555,1679,1087,894,622,510,300,365,226,94,88,89,43,94,79,76,28,98,63,49,41,29,11,20,46,48,31,43,54,67,48,43,56,55,29,35,24,55,12,40,17,13,42,16,5,7,46,12,19,2,0,0,0,11,9,13,13,0,0,15,0,0,0,7,0,13,13,0,13,0,0,13,0,0,0,0,5,0,0,0,0,13,0,0,0,0,0,0,0,0,0,0,0,0,0,0,0,0,0,0,0,0,0,0,0,0,0,0,0,0,0,0,0,0,0,0,0,0,0,0,0,0,0,0,0,0,0,0,0,0,0,0,0,0,0,0,0,0,0,0,0,0,0,0,0,0,0,0,0,0,0,0,0,0,0,0,0,0,0,0,0,0,0,0,0,0,0,0,0,0,0,0,0,0,0,0,0,0,0,0,0,0,0,0,0,0,0,0,0,0,0,0,0,0,0,0,0,0,0,0,0,0,0,0,0,0,0,0,0,0,0,0,0,0,0,0,0,0,0,0,0,0}
Count:  19.8  18.5  16.6  17.4  17.7  17.3  15.7  17.3  16.2  17.5  16.2  17.2  16.2  17.5  15.8  16.3  16.4  18.8  16.0  18.3  16.2  19.0  17.2  20.6  18.7  18.2  16.9  19.0  18.9  19.7  16.0  21.7  19.1  19.7  17.6  19.5  19.2  19.5  19.7  18.4  21.2  20.6  19.1  16.1  17.8  19.7  22.1  19.0  17.9  19.5  16.7  18.3  16.3  18.4  16.9  18.8  16.9  18.2  17.8  18.4  18.3  18.3  19.3  18.9  19.1  18.9  19.6  19.8  18.9  19.6  18.4  19.9  19.7  19.4  17.6  18.3  17.2  17.9  17.8  17.9  17.7  18.3  17.7  18.1  18.6  18.2  18.1  18.4  18.3  18.9  19.8  17.7  18.0  18.1  21.4  19.7  20.8  18.9  20.6  18.7  20.0  18.1  20.1  17.6  18.4  17.2  19.4  17.7  19.8  18.7  20.0  18.4  17.8  17.5  18.7  16.9  16.7  16.8  16.4  15.7  17.0  16.5  16.8  16.7  17.5  17.0  18.4  16.4  18.0  16.5  16.7  15.3  16.1  15.9  15.5  15.2  16.1  15.7  17.8  17.9  17.3  18.8  17.8  19.8  18.6  19.6  18.6  20.8  19.1  19.7  19.3  19.1  17.8  21.0  20.4  17.2  18.4  16.5  20.4  19.7  19.8  18.7  18.7  19.0  19.2  18.5  18.0  18.1  18.3  17.2  17.7  17.9  18.3  17.7  18.3  17.0  18.5  18.0  17.6  16.9  18.4  18.3  17.4  17.3  18.2  17.8  17.4  16.5  19.4  17.1  17.2  17.7  18.1  18.4  19.7  18.4  19.3  18.0  17.7  18.8 
Direction:  n n n n n n n n n n n n n n n n n n n n n n n n n n n n n n n n n n n n n n n n n n n n n n n n n n n n n n n n n n n n n n n n n n n n n n n n n n n n n n n n n n n n n n n n n n n n n n n n n n n n n n n n n n n n n n n n n n n n n n n n n n n n n n n n n n n n n n n n n n n n n n n n n n n n n n n n n n n n n n n n n n n n n n n n n n n n n n n n n n n n n n n n n n n n n n n n n n n n n n n n

46.9: Count:  18.2 (  1.3) A:  20.2 [10-44] B:  16.5 [10-36] Phase: 124 ( 5.51) Direction:  n
Phase: {0,0,0,0,0,0,0,0,0,0,0,0,0,0,0,0,0,0,0,0,0,0,0,0,0,0,0,0,0,0,0,11,5,13,0,0,0,1,7,9,13,0,8,7,0,0,0,0,1,0,0,0,0,0,13,0,0,0,11,0,0,5,8,2,0,0,12,13,7,0,21,22,39,26,11,37,9,18,27,65,0,3,20,25,16,23,55,29,26,27,77,46,58,61,155,230,237,196,275,364,425,666,524,1108,1145,1476,1663,2796,3094,3178,4463,6086,8045,10544,13601,17293,16824,29098,33331,37954,46773,50485,59552,55393,62941,63519,58655,54591,49112,42476,32931,28064,23339,16530,11394,13055,6653,5377,4968,3176,2081,1973,1495,1240,523,643,418,275,209,193,88,154,62,152,7,99,75,17,67,69,32,34,15,68,48,42,72,14,0,65,48,47,46,15,64,43,5,17,28,18,41,25,16,54,35,11,14,39,5,15,0,17,14,0,11,11,7,13,18,0,18,0,0,9,0,0,0,0,0,15,0,0,0,11,13,0,0,15,0,0,0,0,0,0,0,0,0,0,0,0,0,0,0,0,0,0,0,0,0,0,0,0,0,0,0,0,0,0,0,0,0,0,0,0,0,0,0,0,0,0,0,0,0,0,0,0,0,0,0,0,0,0,0,0,0,0,0,0,0,0,0,0,0,0,0,0,0,0,0,0,0,0,0,0,0,0,0,0,0,0,0,0,0,0,0,0,0,0,0,0,0,0,0,0,0,0,0,0,0,0,0,0,0,0,0,0,0,0,0,0,0,0,0,0,0,0,0,0,0,0,0,0,0,0,0,0,0,0,0,0,0,0,0,0,0,0,0,0,0,0}
Count:  19.8  18.4  16.9  17.2  18.0  17.7  16.2  17.1  16.2  17.6  15.9  17.3  16.1  17.7  15.6  16.8  16.2  18.3  15.8  18.7  16.6  18.8  17.1  20.5  19.0  18.5  17.0  19.2  18.6  19.7  16.5  21.3  19.6  20.4  17.7  19.5  19.5  20.2  20.1  18.5  21.0  20.3  19.4  16.1  17.7  19.8  21.6  19.1  18.0  19.2  16.8  18.7  16.1  17.9  16.8  19.0  17.2  18.4  17.9  18.7  18.4  19.2  18.8  18.8  19.4  18.8  19.8  19.7  18.8  19.8  18.9  19.3  19.0  19.5  17.5  18.0  17.4  18.0  17.9  17.9  17.1  17.9  17.4  18.2  18.6  18.8  18.2  18.6  18.9  19.2  19.7  17.7  18.5  18.1  21.4  19.8  20.5  19.4  20.7  18.9  20.1  18.1  20.2  17.7  18.9  17.6  18.8  18.6  19.2  18.1  19.5  18.5  18.4  17.5  17.9  16.6  16.9  17.0  16.8  15.7  16.8  16.3  16.2  16.8  18.4  17.5  18.2  16.5  17.5  16.6  16.3  14.9  16.5  16.0  15.7  15.4  16.1  15.3  18.1  19.0  17.1  18.7  18.3  19.8  18.0  19.8  18.4  20.6  19.1  19.5  19.6  18.7  18.1  20.7  20.1  17.0  18.2  16.2  20.1  19.4  19.8  18.5  18.9  18.7  19.2  18.4  18.2  18.3  18.1  17.9  18.1  18.1  18.3  17.6  17.7  16.9  18.3  17.9  17.6  17.0  18.8  17.8  17.4  16.8  17.8  17.1  17.5  17.1  19.5  16.7  16.8  18.0  18.0  18.3  19.8  18.2  19.2  18.4  17.7  18.6 
Direction:  n n n n n n n n n n n n n n n n n n n n n n n n n n n n n n n n n n n n n n n n n n n n n n n n n n n n n n n n n n n n n n n n n n n n n n n n n n n n n n n n n n n n n n n n n n n n n n n n n n n n n n n n n n n n n n n n n n n n n n n n n n n n n n n n n n n n n n n n n n n n n n n n n n n n n n n n n n n n n n n n n n n n n n n n n n n n n n n n n n n n n n n n n n n n n n n n n n n n n n n n

47.0: Count:  18.1 (  1.3) A:  20.1 [10-41] B:  16.8 [10-36] Phase: 127 ( 5.18) Direction:  nPhase: 118 ( 2.12) Direction:  n
Phase: {0,0,0,0,0,0,0,0,0,0,0,0,0,0,0,0,0,0,7,0,0,0,0,0,0,0,0,0,20,0,0,0,0,0,13,0,0,0,0,5,7,0,0,0,5,0,0,0,0,13,0,9,0,7,9,15,0,5,11,11,0,0,0,7,0,25,29,9,0,22,14,0,0,4,0,0,0,3,7,33,5,22,18,34,0,25,62,17,37,41,83,59,75,77,70,139,169,101,152,277,474,502,359,468,607,1076,1099,1775,2220,1856,2910,3673,5166,6369,8307,9813,9866,18180,21077,25503,32520,36415,45093,46258,56160,59225,61972,62117,59778,57759,47307,43286,36108,29840,21369,22392,12245,10766,8335,6465,4118,3676,2556,2107,1230,1267,942,462,416,339,216,195,197,249,43,123,66,75,79,59,34,11,48,36,52,36,52,40,35,29,9,24,45,12,3,30,23,14,31,35,9,15,31,20,21,27,0,22,27,18,0,19,15,16,0,5,13,0,9,0,10,0,0,0,0,0,0,0,0,0,5,3,5,0,0,13,0,0,0,0,0,0,0,3,0,0,0,0,0,0,0,0,0,0,0,0,0,0,0,0,0,0,0,0,0,0,0,0,0,0,0,0,0,0,0,0,0,0,0,0,0,0,0,0,0,0,0,0,0,0,0,0,0,0,0,0,0,0,0,0,0,0,0,0,0,0,0,0,0,0,0,0,0,0,0,0,0,0,0,0,0,0,0,0,0,0,0,0,0,0,0,0,0,0,0,0,0,0,0,0,0,0,0,0,0,0,0,0,0,0,0,0,0,0,0,0,0,0,0,0,0,0,0,0,0,0,0,0,0,0,0,0,0,0,0,0,0,0,0,0}
Count:  19.9  18.5  16.5  16.9  18.0  18.1  16.1  17.3  16.0  17.6  16.1  17.6  16.1  18.0  15.5  17.2  16.1  18.4  16.2  18.4  16.7  18.6  17.1  20.5  18.1  18.2  17.3  19.5  18.8  20.2  16.5  21.6  19.3  20.4  18.0  19.8  19.4  19.3  19.4  18.0  21.2  20.8  19.5  15.8  18.0  20.1  21.8  18.9  17.8  19.4  16.9  18.2  15.8  17.7  17.4  18.7  17.3  18.3  18.0  17.9  18.2  18.6  19.2  18.8  19.2  18.5  19.8  19.2  18.9  19.5  19.0  19.6  18.5  19.8  17.6  18.1  17.5  17.7  17.6  17.8  17.7  17.5  17.2  18.1  18.2  18.6  18.1  18.4  18.4  18.9  19.4  17.7  18.7  18.1  20.8  18.9  20.6  18.7  20.9  19.0  20.7  18.4  20.3  17.6  18.3  17.1  18.7  18.3  20.3  18.7  19.8  18.2  17.5  17.3  18.2  16.7  16.9  16.9  16.4  16.2  16.6  17.4  16.5  16.4  17.9  17.2  18.1  17.0  17.8  16.4  16.8  15.6  16.3  16.3  15.6  15.5  16.0  15.3  18.3  18.4  17.3  18.7  17.9  19.8  18.0  20.2  18.4  20.2  18.8  19.5  19.2  18.6  17.8  20.6  19.9  15.9  18.3  16.0  20.4  18.7  19.2  18.1  18.6  18.3  19.3  18.0  18.1  17.7  18.0  18.1  17.4  17.6  18.2  17.7  17.8  17.0  17.8  17.9  17.7  16.9  18.5  17.7  17.3  16.8  18.2  17.5  17.3  16.5  19.2  16.9  16.4  17.8  18.0  18.6  19.4  17.5  19.6  18.1  18.3  18.7 
Direction:  n n n n n n n n n n n n n n n n n n n n n n n n n n n n n n n n n n n n n n n n n n n n n n n n n n n n n n n n n n n n n n n n n n n n n n n n n n n n n n n n n n n n n n n n n n n n n n n n n n n n n n n n n n n n n n n n n n n n n n n n n n n n n n n n n n n n n n n n n n n n n n n n n n n n n n n n n n n n n n n n n n n n n n n n n n n n n n n n n n n n n n n n n n n n n n n n n n n n n n n n

47.1: Count:  18.1 (  1.3) A:  19.9 [10-46] B:  17.0 [10-40] Phase: 128 ( 5.34) Direction:  nPhase: 118 ( 1.01) Direction:  nPhase: 135 ( 2.56) Direction:  n
Phase: {0,0,0,0,0,0,0,0,0,0,0,0,0,4,0,0,0,0,0,0,0,0,0,0,0,0,0,0,0,0,0,0,0,0,0,0,11,0,0,0,0,0,0,0,10,0,0,7,13,0,7,20,11,15,0,0,5,24,26,19,13,5,2,1,0,5,36,0,0,0,46,12,15,0,0,0,9,0,0,15,15,13,16,5,31,48,61,11,29,51,74,98,92,73,74,90,106,117,173,326,320,311,253,553,556,643,780,1219,1460,1179,2085,2577,3696,3962,5632,7102,5972,11525,13764,17638,21303,26302,32476,34569,43784,48365,54247,59847,59622,61451,55306,54564,50304,43898,33215,34764,21314,18470,15411,10756,7277,5882,4878,3820,2303,1852,1471,815,1016,720,423,337,205,210,84,78,148,62,73,43,35,44,35,60,49,73,35,39,25,36,31,40,46,46,20,26,70,3,31,14,81,9,32,6,8,24,38,9,10,8,22,8,7,11,18,8,16,13,11,0,1,1,6,0,0,0,0,0,0,0,0,11,0,0,0,0,0,0,0,5,0,0,13,0,0,7,0,0,0,0,0,0,0,0,0,0,0,0,0,0,0,0,0,0,0,0,0,0,0,0,0,0,0,0,0,0,0,0,0,0,0,0,0,0,0,0,0,0,0,0,0,0,0,0,0,0,0,0,0,0,0,0,0,0,0,0,0,0,0,0,0,0,0,0,0,0,0,0,0,0,0,0,0,0,0,0,0,0,0,0,0,0,0,0,0,0,0,0,0,0,0,0,0,0,0,0,0,0,0,0,0,0,0,0,0,0,0,0,0,0,0,0,0,0,0,0,0,0,0,0,0,0,0,0,0,0,0,0,0,0}
Count:  19.9  18.5  16.7  17.2  17.9  17.9  16.3  17.5  15.8  17.5  16.5  17.6  16.6  18.0  15.8  17.0  16.1  18.6  16.0  18.3  16.8  18.7  17.1  20.3  18.0  17.8  17.1  19.2  19.2  20.5  16.4  21.4  19.4  20.4  18.0  19.5  19.4  19.4  19.2  17.8  21.2  20.6  19.1  16.1  17.9  19.8  21.1  18.7  18.0  18.9  16.8  18.4  16.3  17.8  17.1  18.4  17.2  18.4  18.0  18.5  18.5  19.0  19.0  18.8  19.1  19.0  19.6  19.1  18.4  19.6  18.8  19.5  19.0  19.2  17.7  17.7  17.3  17.8  17.3  18.0  17.1  17.6  17.6  18.0  18.2  18.4  18.0  18.2  18.8  18.9  19.8  17.8  18.8  18.0  21.0  19.4  20.6  18.5  21.0  18.9  20.5  18.4  20.4  17.5  18.4  17.1  19.1  18.0  19.8  18.2  19.6  18.3  18.0  17.6  17.9  16.4  16.8  16.3  16.7  16.4  16.5  16.6  16.7  17.3  18.4  17.1  18.5  16.7  17.7  15.8  17.1  15.6  16.3  15.7  16.0  14.9  15.8  15.3  18.2  18.1  17.0  18.5  18.1  19.6  17.9  20.6  18.4  19.6  18.6  19.4  19.0  18.5  17.7  21.0  19.9  16.3  18.8  16.0  20.1  18.7  19.5  18.0  18.4  18.4  18.9  17.9  18.7  17.8  18.3  17.7  17.7  17.0  18.2  17.4  17.6  16.8  18.3  17.3  17.4  16.4  18.1  18.0  17.0  16.8  18.3  17.1  17.0  16.6  19.3  16.6  16.3  17.6  17.5  18.4  19.7  17.6  19.1  18.2  18.4  18.4 
Direction:  n n n n n n n n n n n n n n n n n n n n n n n n n n n n n n n n n n n n n n n n n n n n n n n n n n n n n n n n n n n n n n n n n n n n n n n n n n n n n n n n n n n n n n n n n n n n n n n n n n n n n n n n n n n n n n n n n n n n n n n n n n n n n n n n n n n n n n n n n n n n n n n n n n n n n n n n n n n n n n n n n n n n n n n n n n n n n n n n n n n n n n n n n n n n n n n n n n n n n n n n

47.2: Count:  18.4 (  1.3) A:  19.8 [10-44] B:  17.2 [10-38] Phase: 130 ( 5.72) Direction:  n
Phase: {0,0,0,0,0,0,0,0,0,0,0,0,0,0,0,0,0,0,0,0,0,5,0,0,0,0,0,0,0,0,0,0,0,0,0,0,0,0,0,0,0,7,5,11,0,0,0,0,0,0,0,0,0,0,5,1,7,0,0,5,0,13,0,20,0,0,20,23,6,2,15,14,1,12,13,18,34,19,0,17,7,55,5,0,36,14,28,1,14,21,102,38,39,45,99,72,135,92,154,214,238,227,250,409,381,681,737,992,1009,1039,1502,1951,2302,2731,4091,4159,3955,7821,8746,11271,13839,17745,22699,24713,33126,39310,44533,49858,53527,60299,58359,62107,59129,56046,45019,47964,32429,30613,23199,17796,13160,11354,8285,6535,4314,3645,2765,1694,2021,1245,913,738,542,490,255,218,331,152,101,81,87,81,41,61,28,63,99,21,59,45,48,24,18,54,24,58,66,21,18,27,88,13,9,0,32,32,26,6,5,70,20,0,45,0,9,24,19,0,0,0,19,13,5,0,11,0,0,11,0,1,0,20,0,0,15,0,0,22,0,0,0,0,0,0,0,0,0,0,2,0,0,0,0,0,0,0,0,0,0,0,0,0,0,0,0,0,0,0,0,0,0,0,0,0,0,0,0,0,0,0,0,0,0,0,0,0,0,0,0,0,0,0,0,0,0,0,0,0,0,0,0,0,0,0,0,0,0,0,0,0,0,0,0,0,0,0,0,0,0,0,0,0,0,0,0,0,0,0,0,0,0,0,0,0,0,0,0,0,0,0,0,0,0,0,0,0,0,0,0,0,0,0,0,0,0,0,0,0,0,0,0,0,0,0,0,0,0,0,0,0,0,0,0,0,0,0,0,0,0,0}
Count:  20.1  18.5  16.9  17.5  18.1  17.3  15.6  17.7  16.2  17.7  16.4  18.3  16.4  18.0  16.0  16.9  16.0  18.9  16.0  18.2  16.7  19.2  17.6  20.6  18.3  18.6  17.9  19.5  19.2  20.1  16.4  22.1  19.7  20.4  18.5  19.9  19.2  19.9  19.8  18.0  21.5  20.5  19.5  16.2  17.9  19.7  21.8  18.7  18.0  19.2  16.7  18.9  16.5  18.0  17.2  18.4  17.4  19.0  18.4  19.3  19.0  19.3  18.6  18.7  19.4  19.5  20.0  19.7  18.7  19.4  19.9  19.3  19.5  18.8  17.5  18.2  17.6  18.0  17.3  18.1  17.7  17.6  17.4  18.2  19.3  18.6  18.7  18.4  18.8  18.9  19.9  17.8  17.8  18.2  21.5  19.5  20.7  19.5  20.7  18.6  20.8  18.4  20.3  18.1  18.9  17.9  19.7  18.3  19.8  18.7  19.6  18.7  18.5  18.0  19.4  17.0  17.4  16.5  17.7  16.4  16.7  16.8  17.3  17.2  18.9  17.6  18.4  17.4  17.6  16.4  17.4  15.8  16.9  15.8  16.0  15.5  16.6  15.8  18.1  18.0  17.7  18.8  18.3  20.3  18.7  20.3  18.8  20.9  18.8  19.4  19.0  19.4  17.7  21.3  20.4  16.5  17.5  16.4  20.4  19.2  19.6  18.6  18.9  19.1  19.2  18.2  18.6  17.8  19.2  17.8  18.2  17.7  18.4  17.4  18.4  17.1  18.1  17.9  17.5  16.4  18.5  17.9  17.4  17.0  18.3  17.3  17.5  16.7  19.2  16.8  16.7  18.1  17.9  18.8  19.9  18.4  18.9  18.5  18.2  19.1 
Direction:  n n n n n n n n n n n n n n n n n n n n n n n n n n n n n n n n n n n n n n n n n n n n n n n n n n n n n n n n n n n n n n n n n n n n n n n n n n n n n n n n n n n n n n n n n n n n n n n n n n n n n n n n n n n n n n n n n n n n n n n n n n n n n n n n n n n n n n n n n n n n n n n n n n n n n n n n n n n n n n n n n n n n n n n n n n n n n n n n n n n n n n n n n n n n n n n n n n n n n n n n

47.3: Count:  18.6 (  1.3) A:  19.5 [10-50] B:  17.4 [10-40] Phase: 132 ( 5.66) Direction:  n
Phase: {0,0,0,0,0,0,0,0,0,0,0,0,0,0,0,15,0,0,0,0,0,0,0,0,5,0,0,0,0,0,0,0,0,0,0,0,0,15,0,0,0,0,15,0,0,0,0,0,0,0,2,0,0,0,14,0,3,0,11,15,0,0,15,0,4,15,22,13,1,3,0,11,5,46,0,40,51,8,51,53,13,25,67,12,54,61,41,43,41,46,105,40,93,44,72,57,157,148,243,270,220,274,283,372,454,541,459,787,906,798,1135,1552,1851,1837,2502,2946,3068,5595,6419,7681,9029,12140,15485,16442,24181,28189,33441,40318,46332,54623,55920,63332,61226,62917,53525,59701,42988,42955,34997,29040,20841,17999,14106,11016,7859,6744,4937,2726,2757,2047,1411,1293,822,998,265,361,505,216,211,214,154,78,110,103,60,74,63,19,40,88,64,71,63,54,99,89,22,27,47,42,72,23,32,19,34,28,55,18,30,11,0,0,19,14,37,0,7,7,0,10,0,0,5,0,14,30,0,10,0,5,0,0,0,0,0,0,0,0,0,0,0,0,0,0,10,0,0,0,0,0,0,0,0,0,0,0,0,0,0,0,0,0,0,0,0,0,0,0,0,0,0,0,0,0,0,0,0,0,0,0,0,0,0,0,0,0,0,0,0,0,0,0,0,0,0,0,0,0,0,0,0,0,0,0,0,0,0,0,0,0,0,0,0,0,0,0,0,0,0,0,0,0,0,0,0,0,0,0,0,0,0,0,0,0,0,0,0,0,0,0,0,0,0,0,0,0,0,0,0,0,0,0,0,0,0,0,0,0,0,0,0,0,0,0,0,0,0,0,0,0,0,0,0,0,0,0,0,0,0,0}
Count:  19.5  18.6  17.0  16.7  18.0  17.4  16.2  18.0  16.0  17.4  15.8  18.0  16.3  17.8  15.9  17.0  16.2  19.0  16.0  18.6  16.8  19.2  18.3  20.8  18.7  18.7  17.7  19.0  19.1  20.1  16.7  22.1  19.4  20.3  18.3  20.2  19.5  20.0  20.0  18.8  21.3  20.9  19.7  16.3  18.3  20.6  22.6  19.0  18.1  19.5  17.0  18.7  16.4  18.6  17.3  19.1  17.8  18.8  18.4  19.4  19.7  19.9  19.3  19.9  20.0  19.8  20.6  20.0  19.3  20.0  20.2  19.8  20.3  18.7  18.4  18.4  17.7  18.2  17.5  18.3  17.9  18.7  18.0  17.8  18.7  19.0  19.1  19.6  18.5  19.0  19.9  17.9  18.6  18.4  21.1  19.4  20.8  19.8  21.3  19.3  21.0  18.7  20.3  17.7  19.5  17.9  19.8  19.3  19.9  18.7  19.8  18.9  18.5  18.4  19.0  17.8  17.0  17.1  17.4  16.7  17.2  17.1  17.0  17.0  18.4  18.0  19.0  17.7  18.0  17.1  17.5  16.2  17.1  15.9  16.4  15.7  16.3  15.7  18.5  18.8  18.0  19.1  19.4  19.8  18.6  20.3  18.8  20.7  18.9  20.1  20.1  19.5  17.9  21.6  21.4  17.7  19.5  16.8  20.8  19.2  19.7  18.6  19.1  19.4  20.0  18.6  19.0  18.9  19.3  18.4  18.8  17.9  18.5  18.2  18.4  17.3  18.6  18.2  17.9  17.3  18.1  18.8  17.6  17.5  18.7  18.0  18.0  16.8  20.5  17.2  17.4  18.5  18.1  19.7  20.8  18.5  20.0  18.4  18.9  19.9 
Direction:  n n n n n n n n n n n n n n n n n n n n n n n n n n n n n n n n n n n n n n n n n n n n n n n n n n n n n n n n n n n n n n n n n n n n n n n n n n n n n n n n n n n n n n n n n n n n n n n n n n n n n n n n n n n n n n n n n n n n n n n n n n n n n n n n n n n n n n n n n n n n n n n n n n n n n n n n n n n n n n n n n n n n n n n n n n n n n n n n n n n n n n n n n n n n n n n n n n n n n n n n

47.4: Count:  18.5 (  1.3) A:  19.2 [10-43] B:  17.6 [10-38] Phase: 133 ( 5.64) Direction:  nPhase: 139 ( 3.61) Direction:  n
Phase: {0,0,0,0,0,0,0,0,0,0,0,0,0,0,0,0,0,0,0,0,0,0,0,0,0,0,0,0,0,0,0,0,0,0,0,7,0,0,0,0,11,0,5,0,0,0,0,0,0,5,0,37,0,11,0,0,0,13,10,0,14,0,0,3,0,10,15,7,9,8,0,0,16,47,13,14,0,17,45,34,51,64,18,20,33,62,74,53,79,46,105,16,65,99,169,169,192,247,136,212,225,267,213,359,461,424,473,755,794,639,1007,1156,1361,1720,2329,2115,2117,4159,4112,5189,6214,8216,10824,11542,16736,20707,25058,31214,36096,43255,46685,54172,56710,61961,54920,65428,51282,52148,44566,38766,31143,27220,21190,16582,11536,10427,7823,4587,4348,3204,2193,2225,1464,1336,653,666,773,407,571,215,193,100,126,105,55,76,46,92,48,15,73,78,16,13,67,28,50,17,57,20,31,13,33,41,40,57,84,41,24,52,42,42,21,27,41,26,0,0,15,15,18,6,24,0,52,0,0,15,5,12,0,11,3,0,0,0,0,20,0,0,0,0,0,0,0,0,0,0,0,0,0,0,0,0,0,0,0,0,0,0,0,0,5,0,0,0,0,0,0,0,0,0,0,0,0,0,0,0,0,0,7,0,0,0,0,0,0,0,0,0,0,0,0,0,0,0,0,0,0,0,0,0,0,0,0,0,0,0,0,0,0,0,0,0,0,0,0,0,0,0,0,0,0,0,0,0,0,0,0,0,0,0,0,0,0,0,0,0,0,0,0,0,0,0,0,0,0,0,0,0,0,0,0,0,0,0,0,0,0,0,0,0,0,0,0,0,0,0,0,0,0,0,0,0,0,0,0,0,0,0}
Count:  19.2  18.1  16.8  17.7  17.8  17.4  16.2  18.1  16.2  17.6  15.8  17.8  16.5  18.3  15.5  16.9  16.3  18.9  16.0  18.6  16.9  19.1  17.5  20.1  18.8  18.6  17.4  19.1  19.1  19.9  16.5  21.8  19.5  20.4  18.2  20.4  19.2  20.0  20.2  18.7  21.1  21.0  19.8  16.4  18.0  20.0  22.1  19.1  17.8  19.8  16.6  18.8  16.0  19.1  17.3  18.9  17.7  18.7  18.2  19.0  19.1  19.1  19.0  18.9  19.8  19.7  20.0  20.0  19.1  19.8  20.0  19.6  19.6  19.5  18.2  18.1  18.2  18.4  17.7  17.7  18.0  18.1  17.6  17.6  18.3  18.5  19.0  18.7  18.9  19.4  20.0  18.1  18.2  18.4  21.4  19.3  20.6  19.3  20.6  19.2  20.5  18.7  20.3  18.8  19.1  17.3  19.6  18.9  19.3  19.1  20.2  18.7  18.9  18.4  18.8  17.5  17.4  17.4  17.3  16.4  17.4  16.9  17.0  16.9  18.5  18.1  18.5  17.0  18.0  17.0  17.3  15.8  17.2  16.2  16.4  15.2  16.2  15.7  18.2  18.8  17.8  19.4  18.4  19.4  18.5  20.4  19.1  20.4  19.1  19.7  19.5  18.6  18.5  21.1  20.7  17.3  18.4  16.2  20.8  19.3  19.6  18.6  19.0  18.9  19.4  18.8  18.9  18.5  18.5  18.1  18.1  17.5  18.9  17.9  17.5  17.1  18.5  17.7  17.3  17.2  17.8  18.2  17.6  17.0  18.4  17.5  17.8  17.2  19.6  16.8  17.1  18.2  18.4  19.0  20.2  18.1  19.5  18.8  18.6  19.1 
Direction:  n n n n n n n n n n n n n n n n n n n n n n n n n n n n n n n n n n n n n n n n n n n n n n n n n n n n n n n n n n n n n n n n n n n n n n n n n n n n n n n n n n n n n n n n n n n n n n n n n n n n n n n n n n n n n n n n n n n n n n n n n n n n n n n n n n n n n n n n n n n n n n n n n n n n n n n n n n n n n n n n n n n n n n n n n n n n n n n n n n n n n n n n n n n n n n n n n n n n n n n n

47.5: Count:  18.2 (  1.3) A:  18.9 [10-39] B:  17.8 [10-37] Phase: 136 ( 5.28) Direction:  nPhase: 124 ( 2.95) Direction:  nPhase: 130 ( 2.00) Direction:  n
Phase: {0,0,0,0,0,0,0,0,0,0,0,0,0,0,0,0,0,0,0,0,0,0,0,0,0,0,0,0,0,0,0,0,0,0,0,0,15,0,0,0,0,13,0,0,0,0,0,0,0,0,0,19,0,0,0,0,0,6,0,11,0,1,1,12,5,5,12,5,13,0,25,2,17,19,27,10,8,12,30,22,23,15,20,34,61,64,17,33,78,2,87,28,40,48,87,94,109,180,135,218,170,212,179,339,286,462,438,581,696,590,860,1013,1072,1260,1799,1669,1607,3185,3005,4161,4394,5665,7515,7962,11404,13824,17016,22347,26902,32888,35831,45498,47299,57300,53391,66204,55132,59209,52599,48310,39672,37974,29743,23528,18846,15121,11214,7384,6660,5633,3849,3155,2404,1890,770,873,913,642,635,356,218,159,213,130,138,120,38,90,52,41,98,56,35,87,19,41,43,28,49,0,86,13,16,28,48,71,15,22,25,26,14,25,1,12,5,0,37,44,30,0,12,36,33,0,0,20,0,9,16,0,10,0,5,0,0,7,0,13,5,0,0,0,0,0,0,0,0,0,0,0,0,0,0,0,0,0,0,0,0,0,0,13,0,0,0,0,0,0,0,0,0,13,0,0,0,0,0,0,0,0,0,0,0,0,0,0,0,0,0,0,0,0,0,0,0,0,0,0,0,0,0,0,0,0,0,0,0,0,0,0,0,0,0,0,0,0,0,0,0,0,0,0,0,0,0,0,0,0,0,0,0,0,0,0,0,0,0,0,0,0,0,0,0,0,0,0,0,0,0,0,0,0,0,0,0,0,0,0,0,0,0,0,0,0,0,0,0,0,0,0,0,0,0,0,0,0,0,0,0,0}
Count:  19.7  18.6  16.9  17.2  18.2  17.7  15.8  17.5  16.2  17.8  16.0  17.8  16.4  17.9  16.0  17.3  16.0  18.9  15.6  18.4  16.5  18.6  17.8  20.8  18.5  18.2  17.1  19.2  19.6  19.8  16.2  21.5  18.9  19.9  18.1  19.6  18.9  19.4  19.8  18.0  20.6  20.8  19.4  15.9  17.8  19.8  21.7  18.5  18.0  19.0  17.0  18.5  15.7  18.4  16.5  18.7  16.9  18.5  17.8  18.5  18.3  18.7  18.9  18.8  19.1  19.5  20.2  19.6  19.5  19.8  19.2  19.5  19.2  19.6  17.8  18.0  17.4  17.7  17.5  17.8  17.5  17.8  17.4  17.5  18.7  18.0  18.2  18.1  18.2  18.6  19.2  17.7  18.1  18.2  21.2  18.9  20.3  19.3  20.8  18.7  20.6  18.8  19.9  17.6  18.9  17.6  20.0  18.5  19.9  18.7  19.6  18.7  18.5  17.7  18.7  17.1  17.0  16.5  17.2  16.3  17.3  16.4  16.5  16.8  18.0  17.6  18.5  16.5  17.8  16.7  17.2  16.1  16.4  16.1  16.2  15.3  15.9  15.2  17.6  18.9  17.2  18.8  18.3  19.9  18.0  20.2  18.6  20.0  18.7  19.5  18.7  18.9  17.5  21.0  19.5  16.7  18.5  16.0  20.0  19.1  19.6  18.3  18.3  18.6  19.0  17.8  17.8  17.9  18.5  17.5  17.6  17.3  17.9  17.3  17.3  16.9  18.2  17.2  17.3  16.5  17.5  17.8  16.8  16.8  17.7  17.2  16.7  16.6  19.2  16.4  16.3  17.6  17.9  18.9  19.7  18.1  19.6  18.1  17.9  18.9 
Direction:  n n n n n n n n n n n n n n n n n n n n n n n n n n n n n n n n n n n n n n n n n n n n n n n n n n n n n n n n n n n n n n n n n n n n n n n n n n n n n n n n n n n n n n n n n n n n n n n n n n n n n n n n n n n n n n n n n n n n n n n n n n n n n n n n n n n n n n n n n n n n n n n n n n n n n n n n n n n n n n n n n n n n n n n n n n n n n n n n n n n n n n n n n n n n n n n n n n n n n n n n

47.6: Count:  18.3 (  1.3) A:  18.6 [10-40] B:  18.1 [10-38] Phase: 136 ( 5.86) Direction:  nPhase: 143 ( 4.09) Direction:  n
Phase: {0,0,0,0,0,0,0,0,0,0,0,0,0,0,0,0,0,0,0,0,0,0,0,0,0,0,0,0,0,0,0,0,0,0,0,13,0,0,0,0,0,0,0,0,0,0,0,0,14,0,0,10,0,12,0,5,1,0,0,8,15,0,0,28,18,5,19,27,15,0,11,0,22,20,34,30,23,23,27,66,38,42,28,22,16,23,41,42,49,21,78,52,62,117,120,157,96,107,133,92,168,348,213,275,359,383,399,377,522,541,569,800,1161,1018,1767,1442,1350,2963,2849,3666,3837,5128,5912,6179,9481,11077,14042,18268,20702,27804,28531,37571,40773,48706,47186,59766,53264,59281,55126,53113,46610,45853,37895,33147,25031,21559,17058,12366,10721,8597,5378,5006,3451,3461,1695,1473,1527,878,721,606,551,202,258,411,95,191,199,97,45,75,59,3,38,31,79,34,48,7,51,23,70,5,22,2,46,47,41,16,0,29,14,19,16,18,11,29,15,26,14,7,17,17,0,0,7,2,15,20,0,5,0,7,5,0,1,13,7,1,3,0,0,0,0,0,0,7,0,0,0,15,0,0,0,0,0,0,0,0,0,0,0,0,0,0,0,0,0,0,0,0,0,0,0,0,0,0,0,0,0,0,0,0,0,0,0,0,0,0,0,0,0,0,0,0,0,0,0,0,0,0,0,0,0,0,0,0,0,0,0,0,0,0,0,0,0,0,0,0,0,0,0,0,0,0,0,0,0,0,0,0,0,0,0,0,0,0,0,0,0,0,0,0,0,0,0,0,0,0,0,0,0,0,0,0,0,0,0,0,0,0,0,0,0,0,0,0,0,0,0,0,0,0,0,0,0,0,0,0,0,0}
Count:  19.9  18.2  16.7  17.1  18.0  18.1  15.8  17.5  16.2  17.9  16.2  17.2  16.8  17.7  15.7  17.2  16.0  18.5  16.1  18.2  16.3  18.8  17.0  20.8  18.5  18.4  17.6  19.3  19.1  19.7  16.8  21.5  19.2  20.2  17.9  19.9  19.4  19.9  18.9  18.4  21.0  20.8  19.4  16.3  17.9  19.7  21.4  18.9  17.9  19.4  17.0  18.5  16.1  18.4  16.6  18.6  17.3  18.7  18.3  18.6  18.9  19.1  19.4  19.4  19.7  19.5  19.5  20.0  20.0  20.1  19.4  19.0  20.0  18.8  18.2  17.5  17.6  18.0  17.6  17.9  18.0  17.8  17.8  18.2  18.3  18.4  18.3  18.3  19.1  18.6  19.4  17.3  18.2  18.5  21.6  19.5  20.5  19.4  20.5  19.0  20.4  18.6  20.5  18.2  18.8  18.0  19.7  18.2  19.7  18.2  20.1  18.6  19.6  18.0  18.7  16.9  17.6  17.1  17.4  16.3  17.0  16.7  16.6  17.2  18.7  17.3  18.3  16.4  17.7  16.6  17.0  15.8  16.3  16.3  16.3  15.0  16.0  15.6  17.8  18.7  17.1  18.7  17.8  20.0  17.8  20.0  18.5  20.0  18.5  19.6  18.9  19.1  17.6  20.9  20.3  17.4  18.2  16.3  20.0  19.0  19.5  18.3  19.2  18.3  18.7  17.9  17.8  18.1  18.3  18.1  17.7  17.4  18.2  17.5  17.3  17.0  18.2  17.8  17.7  16.6  18.1  18.0  17.3  16.8  18.1  17.0  17.3  16.6  19.5  16.3  16.4  17.7  17.6  18.9  19.9  17.4  19.7  19.1  18.1  18.9 
Direction:  n n n n n n n n n n n n n n n n n n n n n n n n n n n n n n n n n n n n n n n n n n n n n n n n n n n n n n n n n n n n n n n n n n n n n n n n n n n n n n n n n n n n n n n n n n n n n n n n n n n n n n n n n n n n n n n n n n n n n n n n n n n n n n n n n n n n n n n n n n n n n n n n n n n n n n n n n n n n n n n n n n n n n n n n n n n n n n n n n n n n n n n n n n n n n n n n n n n n n n n n

47.7: Count:  18.0 (  1.2) A:  18.3 [10-40] B:  18.3 [10-37] Phase: 137 ( 6.46) Direction:  nPhase: 143 ( 3.23) Direction:  n
Phase: {0,0,0,0,0,0,0,0,0,0,0,0,0,0,0,0,0,0,0,0,0,0,0,0,0,0,0,0,0,0,0,0,0,0,11,0,0,0,0,1,5,0,0,0,0,0,0,0,0,0,5,0,0,0,0,4,0,12,4,0,7,22,5,15,0,0,19,23,11,18,19,0,21,20,41,34,38,27,25,20,38,64,18,23,45,57,46,81,35,29,111,94,78,113,138,80,131,139,138,194,348,222,163,327,284,355,453,515,593,491,631,815,1062,1172,1644,1521,1441,2667,2638,3134,3808,4347,5673,5493,8340,10359,11615,14566,17605,22615,24419,30207,34875,40484,39994,51870,46544,53193,50904,52767,47945,48580,40804,38938,32583,27295,24096,17159,15604,12146,10121,7923,6256,5989,2505,2720,2816,1720,1357,928,923,564,543,450,222,354,86,89,73,228,151,46,35,21,64,57,58,36,7,51,49,41,22,22,58,35,9,19,12,12,20,7,15,12,18,11,0,20,32,0,15,0,20,10,0,0,0,0,0,7,0,7,11,13,0,5,0,0,0,7,0,0,0,0,9,0,0,0,0,0,0,0,0,0,0,0,0,0,0,0,0,0,0,0,0,0,0,0,0,0,0,0,0,0,0,0,0,0,0,0,0,0,0,0,0,0,0,0,0,0,0,0,0,0,0,0,0,0,0,0,0,0,0,0,0,0,0,0,0,0,0,0,0,0,0,0,0,0,0,0,0,0,0,0,0,0,0,0,0,0,0,0,0,0,0,0,0,0,0,0,0,0,0,0,0,0,0,0,0,0,0,0,0,0,0,0,0,0,0,0,0,0,0,0,0,0,0,0,0,0,0,0,0,0,0,0,0,0,0,0}
Count:  19.1  18.6  16.5  17.8  17.5  17.7  16.1  17.3  16.0  17.7  16.5  17.7  16.3  18.2  15.8  16.9  15.9  17.6  15.7  18.4  16.4  18.9  17.0  20.5  18.4  18.4  17.3  19.0  19.2  19.3  16.6  21.5  19.3  19.8  17.9  19.9  18.6  19.9  18.7  17.7  20.9  20.3  19.7  16.5  17.8  19.7  21.0  18.3  17.3  19.1  16.6  18.2  16.2  18.7  16.6  18.9  17.5  18.6  17.8  18.6  18.5  18.9  19.0  18.8  19.3  19.1  19.6  19.2  19.2  19.4  19.0  19.1  19.3  18.7  17.6  17.6  17.7  17.9  17.7  18.3  17.5  17.7  17.8  17.8  17.6  18.2  18.3  18.5  18.5  18.3  19.5  17.8  18.0  18.3  21.1  18.7  20.1  18.9  20.2  18.4  20.3  18.2  20.0  17.6  18.9  17.8  19.5  18.4  19.8  17.9  19.1  18.7  18.8  17.5  18.2  17.2  16.9  16.2  17.1  16.4  16.8  16.1  16.0  16.8  18.3  17.2  18.7  16.5  17.7  16.1  17.5  15.7  16.4  15.9  16.1  14.9  15.7  15.7  17.8  17.8  16.8  18.8  17.5  19.3  18.1  20.0  18.6  19.2  18.7  19.2  19.0  18.6  17.8  20.4  19.6  16.8  18.2  16.2  19.9  19.0  19.4  18.1  18.9  18.6  18.9  17.8  18.0  17.7  18.2  17.3  17.2  17.5  17.9  17.6  17.1  16.7  17.9  17.7  17.4  16.6  18.0  17.5  16.7  16.6  17.3  17.2  17.2  16.8  19.2  16.3  15.8  17.3  17.4  18.7  19.5  17.3  19.3  18.1  17.7  18.7 
Direction:  n n n n n n n n n n n n n n n n n n n n n n n n n n n n n n n n n n n n n n n n n n n n n n n n n n n n n n n n n n n n n n n n n n n n n n n n n n n n n n n n n n n n n n n n n n n n n n n n n n n n n n n n n n n n n n n n n n n n n n n n n n n n n n n n n n n n n n n n n n n n n n n n n n n n n n n n n n n n n n n n n n n n n n n n n n n n n n n n n n n n n n n n n n n n n n n n n n n n n n n n

47.8: Count:  18.1 (  1.2) A:  18.1 [10-38] B:  18.5 [10-38] Phase: 139 ( 7.43) Direction:  n
Phase: {0,0,0,0,0,0,0,0,0,0,0,0,0,0,0,0,0,1,0,0,0,0,0,0,0,0,0,0,0,0,0,0,0,0,15,0,0,0,0,0,0,0,0,0,0,0,0,0,0,0,0,0,0,0,0,15,0,0,0,28,7,4,9,8,0,8,15,31,7,0,29,10,13,42,30,31,5,6,16,11,32,36,22,29,89,60,81,81,95,122,96,88,122,104,162,142,246,167,176,166,351,390,286,332,362,423,533,644,894,736,833,962,1160,1468,1667,1846,1486,3069,3193,3636,3931,5148,6232,6096,8815,10380,11340,15014,17673,20716,21700,27943,30446,33971,34248,45423,38998,46426,46392,45313,43264,44754,41722,38699,34842,33171,28028,21752,22446,17755,14603,12825,10673,9505,5077,5626,5123,3494,2953,2177,2107,1055,1251,894,701,683,464,332,149,411,147,155,134,111,152,66,65,38,63,28,108,30,46,56,6,20,10,16,0,35,2,28,5,23,39,23,5,31,33,26,7,10,24,12,4,13,22,26,12,0,9,0,13,5,1,0,13,0,0,0,0,0,0,0,0,0,0,0,0,0,0,0,0,0,0,0,0,0,0,0,0,0,0,0,0,0,0,0,0,0,0,0,0,0,0,0,0,0,0,0,0,0,0,0,0,0,0,0,0,0,0,0,0,0,0,0,0,0,0,0,0,0,0,0,0,0,0,0,0,0,0,0,0,0,0,0,0,0,0,0,0,0,0,0,0,0,0,0,0,0,0,0,0,0,0,0,0,0,0,0,0,0,0,0,0,0,0,0,0,0,0,0,0,0,0,0,0,0,0,0,0,0,0,0,0,0,0,0,0,0,0,0,0,0,0,0,0,0,0,0}
Count:  18.8  17.8  16.1  17.1  17.3  17.2  15.4  17.1  15.6  17.3  16.1  17.2  15.8  18.1  15.6  16.3  16.2  18.3  15.7  18.2  16.6  18.4  17.4  20.3  19.0  18.8  17.4  18.9  18.7  19.4  16.6  21.3  19.3  19.4  18.0  20.2  18.5  19.7  18.9  18.2  20.5  21.0  19.6  15.6  17.6  19.4  21.5  18.6  17.7  19.5  16.4  17.6  16.1  18.3  16.7  18.9  17.5  18.2  17.7  19.2  18.3  18.8  18.9  19.0  19.6  19.2  18.7  19.2  19.0  20.0  18.7  19.7  18.8  19.5  18.0  18.7  17.8  17.8  17.6  18.2  17.5  18.4  17.4  17.9  18.3  19.1  17.9  18.0  18.6  18.8  19.1  17.4  18.4  18.0  20.7  19.5  20.1  19.1  19.8  18.4  19.9  18.1  19.9  17.6  19.5  17.3  19.1  18.3  18.5  18.4  19.1  18.0  19.0  17.5  17.5  17.2  16.9  16.4  17.2  16.2  17.1  16.4  17.0  17.0  18.0  16.9  18.0  16.8  17.7  16.5  17.8  16.1  16.3  15.7  16.1  15.2  16.2  15.9  18.1  18.8  16.9  18.1  17.8  19.6  18.1  20.0  18.9  19.9  18.3  19.2  18.7  18.9  17.9  20.7  20.1  16.4  17.5  16.6  19.7  19.3  18.7  18.0  18.1  18.3  19.2  17.9  17.9  18.3  18.4  17.4  17.7  17.2  18.1  17.4  17.5  17.0  19.0  17.9  17.3  17.0  18.1  17.6  17.6  16.6  17.8  17.3  17.5  16.5  19.1  16.6  16.7  17.9  18.1  18.4  19.5  17.6  19.7  18.3  18.5  19.0 
Direction:  n n n n n n n n n n n n n n n n n n n n n n n n n n n n n n n n n n n n n n n n n n n n n n n n n n n n n n n n n n n n n n n n n n n n n n n n n n n n n n n n n n n n n n n n n n n n n n n n n n n n n n n n n n n n n n n n n n n n n n n n n n n n n n n n n n n n n n n n n n n n n n n n n n n n n n n n n n n n n n n n n n n n n n n n n n n n n n n n n n n n n n n n n n n n n n n n n n n n n n n n

47.9: Count:  27.2 (  1.4) A:  18.2 [10-44] B:  16.7 [10-43] Phase: 135 ( 9.64) Direction:  nPhase: 155 ( 6.25) Direction:  nPhase: 135 ( 0.22) Direction:  nPhase: 135 ( 0.23) Direction:  nPhase: 134 ( 0.23) Direction:  nPhase: 135 ( 0.23) Direction:  nPhase: 135 ( 0.24) Direction:  n
Phase: {0,0,0,0,0,0,0,5,0,0,0,0,0,0,0,0,0,0,0,0,0,0,0,0,0,0,0,0,8,0,28,0,0,0,7,0,0,0,0,10,0,0,0,8,4,16,0,0,7,0,24,13,13,40,13,11,18,36,0,14,31,36,36,39,35,33,24,60,33,21,35,42,22,31,89,95,63,80,35,140,35,97,103,87,144,170,171,203,149,93,241,53,154,223,310,446,376,314,555,743,899,988,725,967,1029,1907,1669,2336,2701,2314,3746,4204,5253,5409,8661,7760,6402,12752,12558,15344,16163,18463,21403,19412,28020,28849,29917,39225,37490,41414,40589,47977,52315,46475,43771,68049,44593,47349,54151,49671,42804,44317,43105,40345,33809,32205,30665,22950,24296,20665,18234,17168,15721,14482,8909,10289,9228,7942,6344,5788,5742,3986,4305,4195,3205,2933,2841,2039,1332,1723,1634,1081,1021,862,891,888,526,358,278,194,613,99,127,103,66,73,100,101,58,67,35,53,19,68,41,19,7,15,17,2,5,13,7,0,22,36,0,24,0,11,11,0,0,0,0,0,0,0,0,0,1,15,0,0,0,0,0,0,0,0,0,0,9,0,13,0,0,0,0,0,0,0,0,0,0,0,0,0,0,0,0,0,0,0,0,0,0,0,0,0,0,0,0,0,0,0,0,0,0,0,0,0,0,0,0,0,0,0,0,0,0,0,0,0,0,0,0,0,0,0,0,0,0,0,0,0,0,0,0,0,0,0,0,0,0,0,0,0,0,0,0,0,0,0,0,0,0,0,0,0,0,0,0,0,0,0,0,0,0,0,0,0,0,0,0,0,0,0,0,0,0,0,0,0,0,0,0,0,0,0,0,0,0,0,0,0,0,0,0,0}
Count:  26.9  24.5  25.4  23.9  24.7  24.8  24.0  25.0  22.5  25.7  24.7  24.3  24.0  23.9  23.8  22.5  25.7  27.5  25.6  26.6  25.8  28.0  27.8  28.4  28.2  27.4  26.7  27.2  27.1  28.4  27.2  28.4  27.7  28.6  26.7  30.4  27.4  29.2  28.1  26.3  29.1  29.7  29.0  26.0  25.8  28.3  30.0  27.8  27.8  27.2  25.9  28.0  24.8  27.2  26.0  27.3  25.9  27.4  26.3  27.8  25.9  26.3  27.3  27.2  26.8  27.3  27.8  28.7  27.1  28.0  27.8  28.6  27.1  28.5  26.9  27.9  27.3  27.1  28.0  28.6  25.7  27.9  28.2  26.5  27.4  27.4  27.0  26.8  28.3  28.2  27.5  25.6  26.7  28.4  29.2  28.2  28.8  26.3  26.5  28.2  29.8  26.5  29.0  27.2  27.7  26.1  28.0  26.8  28.7  28.4  28.2  28.3  27.7  25.4  27.3  25.3  26.6  25.5  26.1  26.6  26.2  26.0  26.1  27.3  27.1  27.5  26.9  26.3  27.8  26.5  27.2  25.5  24.8  25.8  25.7  25.5  25.0  24.6  27.0  28.9  26.4  27.9  27.9  28.6  26.2  28.8  28.5  30.1  27.2  28.5  29.2  28.7  27.9  29.7  29.2  28.1  28.5  25.3  29.2  28.7  28.8  26.5  28.9  29.4  27.9  28.0  27.6  27.7  28.6  27.8  28.0  26.7  28.5  27.4  27.2  26.0  27.1  27.8  26.4  25.8  28.2  27.0  26.8  25.3  28.1  26.7  27.9  27.3  28.4  26.5  25.6  27.9  28.8  27.6  28.5  27.0  28.5  27.5  27.4  28.7 
Direction:  n n n n n n n n n n n n n n n n n n n n n n n n n n n n n n n n n n n n n n n n n n n n n n n n n n n n n n n n n n n n n n n n n n n n n n n n n n n n n n n n n n n n n n n n n n n n n n n n n n n n n n n n n n n n n n n n n n n n n n n n n n n n n n n n n n n n n n n n n n n n n n n n n n n n n n n n n n n n n n n n n n n n n n n n n n n n n n n n n n n n n n n n n n n n n n n n n n n n n n n n

48.0: Count:  44.7 (  1.4) A:  18.6 [10-47] B:  15.2 [10-47] Phase: 132 ( 9.70) Direction:  nPhase: 135 ( 0.21) Direction:  nPhase: 135 ( 0.22) Direction:  nPhase: 134 ( 0.22) Direction:  nPhase: 135 ( 0.22) Direction:  nPhase: 135 ( 0.23) Direction:  nPhase: 135 ( 0.23) Direction:  n
Phase: {0,0,0,0,0,0,0,0,0,0,0,0,0,0,0,5,0,0,0,0,0,0,0,0,2,0,0,0,0,0,0,0,0,0,0,0,0,0,0,0,0,0,0,0,0,13,15,9,9,0,37,15,9,0,18,33,5,5,11,14,16,39,10,23,18,35,65,88,66,39,92,16,20,58,70,89,84,60,74,124,110,163,155,122,310,270,253,280,231,269,769,387,380,534,743,838,996,845,1230,1370,2048,2022,1966,2478,3063,3948,4108,5926,6889,5855,8946,10422,12355,13798,18984,19784,16121,30158,32569,32740,40969,43142,49666,48113,63514,63508,63708,78304,85350,77998,76475,88097,95401,82964,66647,119341,65525,72530,78975,70390,60375,58299,55296,48234,42755,37811,33255,26062,26859,20579,18736,15408,13983,13120,8518,9571,8601,7197,6518,6089,5402,4430,4904,4633,3352,3132,3140,2561,2243,2450,1969,2060,1949,1648,1369,1484,1471,852,965,693,1912,464,585,577,657,582,378,279,253,248,235,284,165,125,108,138,60,125,27,16,66,69,22,9,37,15,0,7,20,5,10,28,11,0,0,13,0,11,0,0,0,0,0,0,12,0,0,0,0,0,0,0,0,0,0,0,0,0,0,0,0,0,7,0,0,0,0,0,0,0,0,0,0,0,0,0,0,0,0,0,0,0,0,0,0,0,0,0,0,0,0,0,0,0,0,0,0,0,0,0,0,0,0,0,0,0,0,0,0,0,0,0,0,0,0,0,0,0,0,0,0,0,0,0,0,0,0,0,0,0,0,0,0,0,0,0,0,0,0,0,0,0,0,0,0,0,0,0,0,0,0,0,0,0,0,0,0,0,0,0,0,0,0,0,0,0,0,0,0,0,0,0,0,0,0,0,0,1,0,0}
Count:  46.4  44.0  44.2  42.1  45.2  45.7  44.6  45.4  41.0  45.2  44.0  43.6  45.0  43.6  45.1  42.8  44.5  45.2  43.4  43.1  43.2  43.7  45.9  44.3  43.4  45.7  45.1  46.2  40.7  45.6  44.2  46.3  46.0  45.4  43.4  45.8  45.1  45.6  48.1  40.7  45.7  48.3  46.8  44.0  45.3  45.6  47.5  45.1  46.1  43.2  43.3  45.4  43.5  44.0  43.8  45.6  43.3  43.6  44.0  46.1  43.5  43.8  47.5  46.0  43.2  43.7  45.7  46.7  43.1  45.2  46.9  45.8  42.6  44.4  45.2  44.9  43.4  45.6  45.9  45.3  42.5  46.3  46.2  43.2  44.6  43.9  44.3  44.6  43.2  46.2  45.9  43.6  42.2  46.8  45.8  44.5  45.5  45.6  44.4  46.6  46.5  46.5  45.7  43.5  45.8  44.9  46.0  43.4  45.6  46.9  42.6  46.5  44.2  43.7  43.0  46.2  45.0  42.8  42.0  44.5  43.9  45.1  41.7  45.8  46.0  45.3  44.6  46.2  45.1  42.2  43.6  43.8  45.2  42.4  44.0  44.6  44.4  40.7  44.0  46.0  43.2  43.3  44.9  45.5  44.3  44.9  46.3  46.6  43.3  45.0  46.7  45.5  43.9  47.3  47.3  44.3  45.0  40.7  45.7  46.0  45.4  42.6  45.6  45.6  44.5  44.7  45.0  44.7  45.1  43.8  45.4  43.6  46.3  44.4  45.4  43.8  44.3  44.5  45.7  44.4  42.2  45.4  45.0  42.6  44.5  44.3  44.8  43.4  43.8  44.8  44.0  44.5  45.3  44.7  45.5  45.3  44.5  43.5  44.7  45.7 
Direction:  n n n n n n n n n n n n n n n n n n n n n n n n n n n n n n n n n n n n n n n n n n n n n n n n n n n n n n n n n n n n n n n n n n n n n n n n n n n n n n n n n n n n n n n n n n n n n n n n n n n n n n n n n n n n n n n n n n n n n n n n n n n n n n n n n n n n n n n n n n n n n n n n n n n n n n n n n n n n n n n n n n n n n n n n n n n n n n n n n n n n n n n n n n n n n n n n n n n n n n n n

48.1: Count:  24.9 (  1.5) A:  17.7 [10-42] B:  17.4 [10-43] Phase: 137 (10.54) Direction:  n
Phase: {0,0,0,0,0,0,0,0,0,0,11,0,0,0,0,0,0,0,1,0,0,0,0,0,0,0,0,5,0,0,0,9,0,0,0,0,0,15,0,31,4,0,0,23,0,0,0,15,11,0,0,0,0,0,1,2,13,26,28,28,7,9,43,46,18,28,2,48,49,26,27,18,33,29,24,43,70,61,10,118,28,49,85,104,80,127,181,195,188,142,497,166,245,363,383,511,565,510,499,632,830,1112,720,1096,1190,1743,1673,2599,2724,2078,3466,3827,4493,5078,7042,6627,5913,11663,10833,12746,13291,15531,18515,16496,22711,23430,24442,30892,30062,34626,31893,37465,41954,37436,37184,57151,38976,40496,47599,45722,39185,42769,40282,39565,34969,32114,29936,25136,26625,22279,19905,18150,17746,16354,9799,12398,11086,10086,8149,8144,6848,5085,5872,5203,4475,4292,3804,3453,2281,3103,2146,1916,1720,1177,1433,1257,1020,736,396,465,1113,289,268,246,220,245,101,122,91,50,111,85,73,41,45,27,32,38,36,24,16,13,55,20,16,0,1,16,0,0,19,9,5,5,0,2,0,5,0,0,0,0,0,0,0,0,0,13,0,0,0,0,0,13,0,0,0,15,0,0,0,0,0,0,0,0,0,0,5,0,0,0,0,0,0,0,0,0,0,0,0,0,0,0,0,0,0,0,0,0,0,0,0,0,0,0,0,0,0,0,0,0,0,0,0,0,0,0,0,0,0,0,0,0,0,0,0,0,0,0,0,0,0,0,0,0,0,0,0,0,0,0,0,0,0,0,0,0,0,0,0,0,0,0,0,0,0,0,0,0,0,0,0,0,0,0,0,0,0,0,0,0,0,0,0,0,0,0,0,0,0,0,0,0,0,0,0,0,0,0}
Count:  24.2  21.9  21.2  22.3  22.5  21.7  20.9  23.0  19.9  22.5  22.1  21.4  21.7  22.1  21.6  21.3  22.9  25.3  22.6  24.0  22.9  24.4  24.8  27.4  24.4  25.5  24.5  26.0  24.7  25.3  24.3  25.9  25.3  27.3  24.0  26.9  24.5  27.2  27.7  24.0  27.4  27.6  26.4  23.6  24.3  25.6  27.0  24.1  24.7  24.4  24.0  26.5  24.4  24.6  25.6  25.5  23.8  24.7  24.6  25.0  23.9  25.5  25.7  24.4  25.4  24.9  26.6  26.8  25.6  26.3  27.4  26.3  25.8  24.2  25.2  25.6  25.2  24.9  24.4  24.6  24.2  25.7  25.6  24.3  25.3  25.2  24.9  23.9  25.1  25.5  25.6  23.5  24.2  26.2  26.9  26.0  25.8  24.6  25.8  25.1  26.2  25.2  26.5  23.8  26.5  24.0  25.5  23.8  26.1  26.0  26.4  26.1  24.9  24.6  24.5  24.3  23.5  23.2  24.0  24.0  25.0  22.2  22.7  23.8  25.4  24.8  23.8  24.2  25.1  23.5  23.7  23.1  24.2  22.9  23.9  21.7  22.9  22.3  26.2  27.7  24.7  26.5  26.4  26.2  24.7  26.3  26.3  27.8  25.2  26.5  27.2  26.2  25.4  28.0  27.5  24.5  26.6  23.2  27.6  27.5  26.1  25.1  26.4  26.1  26.0  25.7  26.3  25.6  25.3  25.4  25.9  23.9  26.4  25.0  25.7  24.1  25.1  25.1  25.3  23.4  25.2  24.6  26.2  24.2  25.4  24.6  25.4  24.0  26.8  24.7  23.6  26.4  26.2  25.5  27.8  24.4  27.0  26.2  26.4  25.6 
Direction:  n n n n n n n n n n n n n n n n n n n n n n n n n n n n n n n n n n n n n n n n n n n n n n n n n n n n n n n n n n n n n n n n n n n n n n n n n n n n n n n n n n n n n n n n n n n n n n n n n n n n n n n n n n n n n n n n n n n n n n n n n n n n n n n n n n n n n n n n n n n n n n n n n n n n n n n n n n n n n n n n n n n n n n n n n n n n n n n n n n n n n n n n n n n n n n n n n n n n n n n n

48.2: Count:  17.1 (  1.2) A:  16.5 [10-38] B:  19.8 [10-40] Phase: 142 ( 7.75) Direction:  nPhase: 126 ( 2.22) Direction:  n
Phase: {0,0,0,0,0,0,0,0,0,0,0,0,0,0,0,0,0,0,0,0,0,0,0,0,0,0,0,0,0,0,0,0,0,0,0,0,0,0,0,0,0,0,0,0,0,7,13,0,0,0,0,0,0,11,0,0,7,0,0,0,0,0,13,0,11,0,5,1,30,37,13,27,17,0,11,2,11,12,18,41,38,50,45,38,70,13,82,54,107,81,179,115,79,136,85,214,311,202,187,241,298,388,298,334,375,452,385,554,650,614,803,999,1121,860,1303,1244,1138,1900,2071,2648,2652,3419,4110,4170,5662,7053,7844,9062,11260,12485,14236,17478,20847,23041,22921,35052,27127,35495,36225,40608,38351,41764,41611,40996,37954,38003,35794,29266,30300,26360,23204,20305,17897,16406,8499,10930,9288,6887,5775,4630,3765,2205,2897,2048,1427,1462,933,665,448,528,469,304,232,196,206,175,98,60,56,59,64,0,20,47,66,31,22,34,19,0,0,36,1,18,7,42,33,36,29,22,0,9,0,2,26,17,0,0,0,11,5,0,7,0,20,1,5,0,0,0,0,0,0,0,0,2,0,0,0,0,0,0,0,0,0,0,11,0,0,5,0,0,0,11,0,0,0,0,0,0,0,0,0,0,0,0,0,0,0,0,0,0,0,0,0,0,0,0,0,0,0,0,0,0,0,0,0,0,0,0,0,0,0,0,0,0,0,0,0,0,0,0,0,0,0,0,0,0,0,0,0,0,0,0,0,0,0,0,0,0,0,0,0,0,0,0,0,0,0,0,0,0,0,0,0,0,0,0,0,0,0,0,0,0,0,0,0,0,0,0,0,0,0,0,0,0,0,0,0,0,0,0,0,0,0,0,0,0,0,0}
Count:  18.1  16.8  15.2  15.6  16.7  15.9  14.5  16.4  14.2  16.3  14.5  16.1  15.0  16.7  14.4  15.9  14.9  17.7  15.1  17.5  15.0  17.8  16.1  18.7  17.6  16.9  16.2  18.1  17.7  19.0  15.8  20.3  18.3  19.7  16.5  18.4  17.9  18.1  18.2  16.5  19.2  19.1  18.0  14.7  16.6  18.5  19.9  17.8  16.6  18.1  15.8  17.3  15.4  17.4  15.9  17.7  15.7  17.1  17.0  17.1  16.9  17.5  17.9  17.5  18.5  17.9  18.2  18.6  17.7  18.5  18.4  18.4  19.0  18.4  16.5  17.3  16.8  17.1  16.6  16.8  16.4  16.9  16.2  17.0  17.2  17.5  17.0  17.3  17.4  17.3  18.5  16.5  17.4  17.6  20.1  18.3  19.2  17.5  19.1  17.3  19.0  17.4  18.3  15.6  17.9  16.4  16.9  16.7  18.6  17.2  18.5  16.9  17.5  16.9  17.0  16.0  15.9  15.2  15.9  15.6  15.8  15.0  15.8  15.2  17.0  16.9  16.9  15.8  16.5  15.1  16.0  14.7  16.1  15.0  15.1  14.6  15.0  15.1  17.3  17.8  17.3  17.5  16.7  18.8  17.6  18.5  17.4  18.9  17.3  18.0  17.2  17.6  17.1  19.8  19.0  15.6  16.8  15.5  19.4  17.6  18.1  17.0  17.8  17.8  17.7  17.7  17.4  16.5  17.6  17.2  17.0  16.7  17.4  16.6  16.5  16.0  17.3  16.8  16.0  15.8  17.3  17.3  16.5  16.1  16.9  16.6  16.7  15.5  18.4  15.7  15.6  16.8  16.8  17.9  18.5  17.0  18.4  17.3  17.2  17.8 
Direction:  n n n n n n n n n n n n n n n n n n n n n n n n n n n n n n n n n n n n n n n n n n n n n n n n n n n n n n n n n n n n n n n n n n n n n n n n n n n n n n n n n n n n n n n n n n n n n n n n n n n n n n n n n n n n n n n n n n n n n n n n n n n n n n n n n n n n n n n n n n n n n n n n n n n n n n n n n n n n n n n n n n n n n n n n n n n n n n n n n n n n n n n n n n n n n n n n n n n n n n n n

48.3: Count:  16.6 (  1.2) A:  16.1 [10-34] B:  20.2 [10-39] Phase: 142 ( 8.01) Direction:  nPhase: 135 ( 0.24) Direction:  nPhase: 135 ( 0.24) Direction:  nPhase: 135 ( 0.24) Direction:  nPhase: 135 ( 0.23) Direction:  nPhase: 135 ( 0.24) Direction:  nPhase: 135 ( 0.24) Direction:  nPhase: 135 ( 0.24) Direction:  n
Phase: {0,0,0,0,0,0,0,0,0,0,0,0,0,0,0,0,0,0,0,0,0,0,0,0,0,0,0,0,0,0,0,0,0,0,0,0,0,0,0,0,0,5,0,0,0,0,0,0,0,1,0,0,0,0,0,0,1,0,18,0,0,13,0,21,7,0,29,15,0,11,15,15,0,10,9,16,27,15,15,80,45,40,39,28,36,87,132,74,64,71,217,38,106,130,222,163,266,199,207,304,233,232,376,323,291,473,464,668,619,657,705,808,904,999,1020,1351,1310,1768,1946,1977,2697,3206,3649,3573,5269,6161,7095,8276,9716,12104,12426,15369,18373,21780,19961,33165,24744,33577,35642,36622,37462,40701,40762,38981,39379,37379,36000,30411,31524,26526,24331,21296,18957,18016,10442,10444,9695,7844,6115,4663,3671,2347,2419,2177,1474,1334,885,659,581,695,479,377,255,235,162,163,74,71,90,41,150,26,35,11,5,9,37,27,14,36,15,32,18,18,13,43,15,0,20,0,30,0,9,26,13,14,0,10,0,7,15,15,22,0,0,0,26,22,0,0,16,0,5,0,11,0,0,0,11,0,0,0,0,11,24,0,0,0,5,0,0,0,0,0,0,0,0,0,0,0,0,0,0,0,0,0,0,0,0,0,0,0,0,0,0,0,0,0,0,0,0,0,0,0,0,0,0,0,0,0,0,0,0,0,0,0,0,0,0,0,0,0,0,0,0,0,0,0,0,0,0,0,0,0,0,0,0,0,0,0,0,0,0,0,0,0,0,0,0,0,0,0,0,0,0,0,0,0,0,0,0,0,0,0,0,0,0,0,0,0,0,0,0,7,0,0,0,0,0,0,0,0,0,0,0,0,0,0,0,0}
Count:  17.5  16.4  15.4  15.4  16.1  16.1  14.2  15.7  14.3  15.4  15.0  15.7  14.5  16.0  14.7  15.1  14.4  17.2  14.6  16.8  15.3  17.3  15.7  19.0  17.1  16.9  16.1  17.8  17.5  17.4  15.4  19.6  17.6  18.7  16.1  18.2  17.3  18.1  17.8  15.8  19.6  18.9  17.2  14.3  16.0  18.7  19.9  17.1  16.3  17.9  15.1  16.8  15.0  16.7  14.9  17.3  15.2  16.8  16.1  17.1  16.5  17.6  16.9  17.5  17.7  17.7  17.5  18.3  17.8  18.5  17.3  17.7  17.6  18.0  16.5  16.5  16.2  17.0  15.6  16.7  15.9  16.6  15.4  16.9  16.6  17.9  16.9  17.0  17.0  17.3  17.5  16.0  16.0  17.2  19.0  17.6  18.9  17.1  17.3  17.3  18.3  16.6  17.8  16.1  16.5  15.8  17.4  16.8  17.9  16.8  17.7  16.9  17.6  16.2  16.3  15.0  15.5  15.5  15.3  15.4  15.4  15.6  15.6  15.0  16.3  15.7  16.7  15.3  15.8  14.9  15.5  14.7  15.8  14.9  14.5  14.3  14.5  14.7  16.5  16.8  16.3  16.9  16.2  18.1  17.3  18.2  17.2  18.6  17.6  17.7  17.1  17.4  16.7  19.4  18.6  15.5  16.9  15.1  18.6  17.3  17.7  16.5  17.0  17.4  17.3  17.2  16.9  16.2  17.3  16.2  16.1  16.6  17.0  16.1  16.0  15.5  16.4  16.2  16.2  16.0  17.0  16.5  16.2  15.3  16.6  16.0  16.0  14.9  17.8  15.3  15.1  16.5  16.1  17.1  17.9  16.7  18.1  16.6  16.5  16.9 
Direction:  n n n n n n n n n n n n n n n n n n n n n n n n n n n n n n n n n n n n n n n n n n n n n n n n n n n n n n n n n n n n n n n n n n n n n n n n n n n n n n n n n n n n n n n n n n n n n n n n n n n n n n n n n n n n n n n n n n n n n n n n n n n n n n n n n n n n n n n n n n n n n n n n n n n n n n n n n n n n n n n n n n n n n n n n n n n n n n n n n n n n n n n n n n n n n n n n n n n n n n n n

48.4: Count:  16.2 (  1.2) A:  15.8 [10-33] B:  20.6 [10-39] Phase: 142 ( 8.89) Direction:  nPhase: 135 ( 0.23) Direction:  nPhase: 135 ( 0.23) Direction:  nPhase: 135 ( 0.24) Direction:  nPhase: 136 ( 0.23) Direction:  nPhase: 134 ( 0.24) Direction:  nPhase: 135 ( 0.24) Direction:  n
Phase: {0,0,0,0,0,0,0,0,0,0,0,0,0,0,0,0,0,0,0,0,0,0,0,0,0,0,0,0,11,0,0,0,0,0,15,0,0,0,0,0,0,0,4,0,0,0,0,0,0,9,0,0,0,0,0,15,0,15,0,0,1,13,13,0,0,0,0,0,0,7,39,13,13,5,45,31,20,30,8,58,34,51,40,75,41,104,47,89,110,93,145,100,170,172,135,164,241,255,239,308,310,350,275,412,447,513,629,577,713,707,770,1002,1133,1248,1370,1637,1138,2419,2367,3156,3020,3919,4550,4571,5928,6873,8233,9755,10975,12313,13098,15608,18569,21268,18952,31874,22984,30624,31312,33630,33945,34647,36231,35288,34910,34176,33225,28101,30619,25787,24509,21240,20524,18153,11378,12524,10459,8837,7139,6044,4728,3109,3423,2950,1954,1718,1537,1091,788,1031,643,507,416,268,329,226,200,211,37,26,126,70,97,26,59,52,67,18,51,0,52,9,0,27,29,12,9,29,16,16,32,15,9,25,12,0,9,20,14,1,14,0,13,0,11,0,1,42,2,0,0,0,13,13,0,0,0,0,0,0,0,3,0,0,0,15,0,0,0,0,0,0,0,0,0,0,15,0,0,0,0,0,0,0,0,0,0,0,0,0,0,0,0,0,0,0,0,0,0,0,0,0,0,0,0,0,0,0,0,0,0,0,0,0,0,0,0,0,0,0,0,0,0,0,0,0,0,0,0,0,0,0,0,0,0,0,0,0,0,0,0,0,0,0,0,0,0,0,0,0,0,0,0,0,0,0,0,0,0,0,0,0,0,0,0,0,0,0,0,0,0,0,0,0,0,0,0,0,0,0,0,0,0,0,0,0,0,0,0,0}
Count:  17.5  15.7  14.6  15.5  15.8  15.4  13.9  15.2  13.9  14.6  14.0  15.4  14.0  14.5  13.8  14.4  14.7  17.1  14.0  16.8  14.7  16.9  15.4  18.0  16.9  16.7  15.9  17.6  16.6  16.8  15.0  19.2  17.2  18.5  16.1  17.9  16.8  16.9  17.5  15.6  18.6  18.4  16.6  13.2  15.7  17.9  19.1  16.8  16.4  17.4  14.9  16.8  14.0  16.8  14.9  16.6  15.0  16.1  16.2  16.6  16.5  17.1  16.8  16.7  17.3  17.3  17.2  17.4  17.1  17.7  16.7  17.3  16.9  17.5  15.8  16.6  15.6  16.5  15.8  16.3  15.3  16.3  15.5  16.3  16.1  16.8  15.9  16.7  16.6  17.5  17.1  15.6  15.8  16.9  18.6  17.9  17.9  15.6  18.2  17.0  17.7  16.2  17.9  15.2  16.8  15.7  16.3  16.3  17.0  16.2  17.4  15.4  16.0  15.8  15.3  15.4  15.3  14.5  14.9  15.6  15.0  15.0  15.3  14.8  15.9  15.9  16.3  15.5  15.0  14.2  15.3  14.3  14.9  14.7  13.9  13.6  13.9  14.4  16.0  15.9  15.4  16.9  15.7  17.4  16.1  17.3  16.6  17.7  16.6  17.4  16.6  16.7  16.3  19.4  17.8  15.2  15.5  14.4  17.9  17.8  17.8  16.2  16.9  17.3  17.4  16.7  16.9  16.6  17.0  15.8  16.2  15.9  16.5  15.5  15.8  15.5  16.5  15.9  15.5  15.6  16.4  16.0  16.1  15.1  16.7  15.4  15.3  15.0  17.4  15.0  14.7  15.5  16.4  17.0  17.6  16.3  18.4  15.8  15.7  16.4 
Direction:  n n n n n n n n n n n n n n n n n n n n n n n n n n n n n n n n n n n n n n n n n n n n n n n n n n n n n n n n n n n n n n n n n n n n n n n n n n n n n n n n n n n n n n n n n n n n n n n n n n n n n n n n n n n n n n n n n n n n n n n n n n n n n n n n n n n n n n n n n n n n n n n n n n n n n n n n n n n n n n n n n n n n n n n n n n n n n n n n n n n n n n n n n n n n n n n n n n n n n n n n

48.5: Count:  15.7 (  1.2) A:  15.2 [10-31] B:  21.1 [10-40] Phase: 142 ( 8.46) Direction:  nPhase: 135 ( 0.23) Direction:  nPhase: 135 ( 0.24) Direction:  nPhase: 135 ( 0.24) Direction:  nPhase: 135 ( 0.24) Direction:  nPhase: 135 ( 0.24) Direction:  nPhase: 135 ( 0.24) Direction:  nPhase: 135 ( 0.24) Direction:  n
Phase: {0,0,0,0,0,0,0,0,0,0,0,0,0,0,0,0,0,0,0,0,0,0,0,0,0,0,0,0,0,0,0,0,0,0,0,0,0,0,0,0,0,0,0,0,0,0,0,0,0,0,0,1,0,0,0,7,20,0,1,0,0,0,13,14,0,0,13,7,0,18,5,0,28,0,19,5,0,7,31,48,92,62,82,50,70,51,74,116,200,80,237,116,47,128,125,141,264,186,271,297,196,327,251,416,376,506,462,633,867,646,630,929,1100,1150,1291,1355,1142,2116,2078,2554,3077,3351,3977,3964,5837,6783,7632,9453,10650,13309,13137,15574,19035,22051,19257,32379,23008,32422,33071,34043,34494,36164,36957,36023,34550,34396,31649,27916,30197,24288,22761,19001,18019,15517,10400,10911,8957,7437,6443,4586,3702,2447,2647,1734,1472,1300,872,688,326,547,412,266,160,183,180,138,99,33,89,49,153,18,11,16,17,13,16,9,19,24,12,37,7,10,7,64,11,0,0,15,12,13,0,16,5,13,6,28,9,0,0,0,11,0,0,0,22,0,0,20,0,0,13,0,0,16,0,0,0,0,0,0,0,0,0,0,11,0,0,0,0,0,0,0,0,0,0,0,0,0,0,0,0,9,0,0,0,0,0,0,0,0,0,0,0,0,0,0,0,0,0,0,0,0,0,0,0,0,0,0,0,0,0,0,0,0,0,0,0,0,0,0,0,0,0,0,0,0,0,0,0,0,0,0,0,0,0,0,0,0,0,0,0,0,0,0,0,0,0,0,0,0,0,0,0,0,0,0,0,0,0,0,0,0,0,0,0,0,0,0,0,0,0,0,0,0,0,0,0,0,0,0,0,0,0,0,0,0,0,0}
Count:  16.7  16.0  14.2  15.2  15.5  14.7  13.9  14.5  13.5  14.7  14.5  14.0  14.1  14.8  13.4  14.1  14.0  16.5  13.6  16.1  14.6  16.5  15.0  17.8  16.4  15.9  15.3  17.3  16.2  16.5  14.7  18.1  17.0  18.2  14.9  16.9  16.4  17.1  16.6  15.3  18.5  17.8  16.5  12.8  15.4  17.5  18.8  16.2  15.6  17.1  13.7  16.2  13.8  15.4  13.6  15.8  14.3  15.3  15.2  16.1  16.2  16.9  16.0  16.2  16.8  16.8  16.3  16.9  16.9  17.0  16.3  17.0  16.1  16.7  15.5  16.3  15.1  15.9  14.9  16.2  15.2  16.0  14.4  15.9  15.6  16.7  15.4  16.4  15.9  17.0  16.5  15.0  14.8  16.6  18.1  17.1  18.3  16.0  18.1  16.7  16.9  16.0  17.0  14.9  15.9  15.1  16.3  15.9  16.5  16.0  16.6  16.1  15.8  15.1  15.5  14.8  14.3  13.8  14.3  14.3  14.7  14.9  14.2  14.5  15.2  14.8  16.3  14.4  14.7  13.7  14.1  13.8  14.4  14.1  13.2  13.9  13.9  13.7  15.9  15.1  14.8  16.1  15.2  16.7  15.3  16.9  16.5  17.6  16.2  16.9  16.1  16.4  15.8  17.8  17.9  14.9  15.3  14.4  18.0  17.0  17.4  15.6  16.2  16.6  16.6  16.3  16.0  15.9  16.4  15.5  15.7  15.6  16.2  15.8  15.9  15.2  16.3  15.7  15.5  14.8  16.3  15.3  15.4  14.8  16.0  15.1  15.3  14.9  17.0  14.8  14.2  15.3  15.7  16.5  17.1  16.1  17.3  15.2  15.3  16.1 
Direction:  n n n n n n n n n n n n n n n n n n n n n n n n n n n n n n n n n n n n n n n n n n n n n n n n n n n n n n n n n n n n n n n n n n n n n n n n n n n n n n n n n n n n n n n n n n n n n n n n n n n n n n n n n n n n n n n n n n n n n n n n n n n n n n n n n n n n n n n n n n n n n n n n n n n n n n n n n n n n n n n n n n n n n n n n n n n n n n n n n n n n n n n n n n n n n n n n n n n n n n n n

48.6: Count:  15.4 (  1.2) A:  14.8 [10-32] B:  21.7 [10-38] Phase: 141 ( 8.21) Direction:  nPhase: 135 ( 0.23) Direction:  nPhase: 135 ( 0.24) Direction:  nPhase: 135 ( 0.23) Direction:  nPhase: 135 ( 0.23) Direction:  nPhase: 135 ( 0.24) Direction:  nPhase: 135 ( 0.24) Direction:  nPhase: 135 ( 0.24) Direction:  n
Phase: {0,0,0,0,0,0,0,0,0,0,0,0,0,0,0,0,0,0,0,0,0,0,0,0,0,0,0,0,0,0,0,0,0,0,0,0,0,0,0,0,0,0,7,0,0,0,0,0,0,0,5,0,0,15,15,0,7,0,10,12,0,0,3,0,0,13,15,0,0,5,33,0,0,20,26,9,62,20,20,13,34,45,56,17,58,71,106,48,124,105,143,79,73,200,106,196,240,182,347,243,263,250,310,408,492,649,444,722,781,525,901,766,999,912,1533,1480,1299,2206,2351,2594,2840,3415,4456,4133,5953,6817,8301,9757,11021,13952,14036,18000,20521,22483,19631,36490,24517,34751,33052,34922,36304,37057,36222,35975,35309,33089,30874,26078,26512,22388,19767,17072,15343,13386,8206,8072,7171,5576,4190,3486,2374,1743,1883,1420,885,806,593,386,319,410,217,227,80,117,109,56,72,69,23,18,34,30,43,18,22,13,22,29,5,5,4,38,0,0,20,7,0,16,6,0,2,30,0,13,9,0,0,0,17,7,13,16,0,10,0,0,0,17,0,0,0,0,0,5,0,0,0,7,5,0,0,0,9,0,0,0,0,0,0,11,0,0,0,0,0,0,0,0,0,0,0,0,0,0,0,0,0,0,0,0,0,0,0,0,0,0,0,0,0,0,0,0,0,0,0,0,0,0,0,0,0,0,0,0,0,0,0,0,0,0,0,0,0,0,0,0,0,0,0,0,0,0,0,0,0,0,0,0,0,0,0,0,0,0,0,0,0,0,0,0,0,0,0,0,0,0,0,0,0,0,0,0,0,0,0,0,0,0,0,0,0,0,0,0,0,0,0,0,0,0,0,0,0,0,0,0,0,0,0,0}
Count:  16.7  15.5  13.5  14.3  14.9  14.8  13.1  14.8  13.1  14.5  13.8  13.7  13.6  14.5  13.1  13.6  13.8  16.0  14.1  15.9  13.9  16.5  15.0  17.3  16.4  15.7  15.0  16.9  15.9  16.2  14.2  18.1  16.5  18.0  14.9  16.9  16.4  16.4  16.3  14.9  18.1  17.6  16.3  12.8  15.0  17.3  18.4  15.9  15.4  16.6  13.7  15.5  13.1  14.7  13.5  15.5  14.0  15.3  14.6  15.8  15.6  16.8  15.7  15.8  15.9  16.6  16.8  16.7  15.7  17.0  16.3  16.7  16.2  16.6  15.0  16.0  14.6  15.9  14.4  15.8  14.7  16.1  14.2  15.6  15.8  16.7  15.4  16.2  14.8  16.3  16.1  14.8  14.7  16.1  18.3  16.9  17.7  16.0  16.9  15.8  16.8  15.6  16.5  14.9  14.8  14.5  16.2  15.2  15.5  15.4  16.2  16.1  15.1  14.3  15.0  14.6  13.3  14.0  13.9  14.1  14.2  14.1  13.9  13.8  15.0  14.5  15.2  14.6  14.5  13.8  13.9  13.8  13.8  13.8  12.7  13.3  13.5  14.0  15.0  15.2  14.1  15.4  15.0  15.7  15.1  17.3  16.1  17.7  15.7  16.7  15.7  16.3  15.4  17.3  17.6  14.0  14.9  14.1  17.7  16.5  16.7  15.8  15.7  16.4  16.5  15.8  16.1  16.0  16.6  15.6  15.3  15.0  16.0  15.6  15.7  15.1  16.1  15.2  15.3  14.8  16.0  15.4  15.1  14.6  15.7  14.9  15.1  14.8  16.6  14.4  14.3  15.1  15.3  16.5  16.0  15.8  16.6  15.2  14.9  15.8 
Direction:  n n n n n n n n n n n n n n n n n n n n n n n n n n n n n n n n n n n n n n n n n n n n n n n n n n n n n n n n n n n n n n n n n n n n n n n n n n n n n n n n n n n n n n n n n n n n n n n n n n n n n n n n n n n n n n n n n n n n n n n n n n n n n n n n n n n n n n n n n n n n n n n n n n n n n n n n n n n n n n n n n n n n n n n n n n n n n n n n n n n n n n n n n n n n n n n n n n n n n n n n

48.7: Count:  15.1 (  1.2) A:  14.5 [10-32] B:  22.3 [10-39] Phase: 140 ( 8.02) Direction:  nPhase: 135 ( 0.24) Direction:  nPhase: 135 ( 0.24) Direction:  nPhase: 135 ( 0.24) Direction:  nPhase: 135 ( 0.23) Direction:  nPhase: 135 ( 0.24) Direction:  nPhase: 135 ( 0.24) Direction:  nPhase: 135 ( 0.24) Direction:  n
Phase: {0,0,0,0,0,0,0,0,0,0,0,0,0,0,0,0,0,0,0,0,0,0,9,0,0,0,0,0,0,0,0,0,0,0,0,0,0,0,0,0,0,17,0,0,0,0,0,0,0,0,0,0,0,11,0,0,5,0,0,5,9,11,0,28,0,0,0,13,0,32,0,22,12,23,9,2,34,22,0,46,53,39,110,33,54,85,77,93,152,67,163,108,131,220,151,218,256,197,170,284,279,326,332,346,389,575,449,627,775,751,889,979,902,1009,1682,1511,1375,2322,2299,3002,3217,4237,4944,4717,6562,7870,8772,10559,12903,15057,16296,19654,21876,26016,23016,37017,25510,35406,34770,34028,36066,37266,37489,34830,33088,31712,27612,22758,24259,19688,17275,14622,12883,10074,6711,6144,5256,4210,2978,2338,1889,1149,1139,1034,492,617,440,325,226,267,223,148,65,70,85,109,28,147,15,11,78,0,7,0,39,0,28,0,5,13,8,28,0,20,0,0,14,19,10,0,9,27,0,7,0,16,5,33,11,10,0,11,0,0,13,0,9,0,0,0,0,13,0,0,0,0,0,0,0,0,0,0,0,0,0,7,0,0,0,0,13,0,0,0,0,0,0,0,9,0,0,0,0,0,0,0,0,0,0,0,0,0,0,0,0,0,0,0,0,0,0,0,0,0,0,0,0,0,0,0,0,0,0,0,0,0,0,0,0,0,0,0,0,0,0,0,0,0,0,0,0,0,0,0,0,0,0,0,0,0,0,0,0,0,0,0,0,0,0,0,0,0,0,0,0,0,0,0,0,0,0,0,0,0,0,0,0,0,0,0,0,0,0,0,0,0,0,0,0,0,0,0,0,0,0,0,0,0,0,0}
Count:  15.5  14.8  13.3  14.1  13.7  14.0  12.4  14.3  12.6  14.3  12.6  13.6  13.0  13.2  12.7  13.6  13.3  15.5  13.8  15.8  14.1  15.9  14.5  16.9  15.8  15.0  14.6  16.9  15.5  15.8  13.7  17.5  16.1  18.0  14.1  16.7  15.7  16.0  15.9  14.3  17.6  17.7  16.3  12.2  15.0  16.7  17.7  15.6  14.9  16.5  13.4  15.1  12.9  14.9  13.3  14.9  13.5  14.9  15.2  15.8  15.1  16.0  15.7  15.7  15.8  16.0  16.3  16.4  15.7  16.3  15.8  16.9  15.7  16.6  14.6  15.4  14.5  15.5  14.0  15.7  14.2  15.2  14.2  15.4  15.1  16.5  15.3  16.1  14.9  16.1  15.8  13.9  14.2  15.2  17.6  16.3  16.8  15.9  16.6  15.3  16.7  15.3  16.2  14.4  14.9  13.9  14.9  15.0  15.0  14.7  15.5  15.7  14.0  14.3  14.8  13.7  13.7  13.5  13.4  13.6  13.4  13.7  13.6  13.8  14.1  14.3  14.9  13.8  14.2  13.9  13.6  12.7  13.2  13.3  13.0  13.2  13.3  13.3  14.9  14.7  14.1  14.8  14.7  16.1  15.0  16.4  15.8  16.6  15.4  16.5  15.3  15.8  15.3  16.9  17.2  14.3  15.0  13.5  17.0  16.6  16.8  15.3  15.7  16.2  16.5  15.9  15.8  15.9  16.2  15.6  15.2  15.3  15.5  14.9  15.5  14.7  15.9  15.3  15.3  14.4  15.9  14.8  14.9  14.4  15.3  14.5  14.8  14.6  16.0  14.0  13.8  14.6  15.2  16.1  16.1  15.0  16.5  14.5  14.6  15.8 
Direction:  n n n n n n n n n n n n n n n n n n n n n n n n n n n n n n n n n n n n n n n n n n n n n n n n n n n n n n n n n n n n n n n n n n n n n n n n n n n n n n n n n n n n n n n n n n n n n n n n n n n n n n n n n n n n n n n n n n n n n n n n n n n n n n n n n n n n n n n n n n n n n n n n n n n n n n n n n n n n n n n n n n n n n n n n n n n n n n n n n n n n n n n n n n n n n n n n n n n n n n n n

48.8: Count:  14.7 (  1.2) A:  14.3 [10-33] B:  22.9 [10-40] Phase: 139 ( 8.58) Direction:  nPhase: 135 ( 0.24) Direction:  nPhase: 135 ( 0.25) Direction:  nPhase: 135 ( 0.24) Direction:  nPhase: 135 ( 0.26) Direction:  nPhase: 135 ( 0.24) Direction:  nPhase: 135 ( 0.24) Direction:  nPhase: 135 ( 0.24) Direction:  n
Phase: {0,0,0,0,0,0,0,0,0,0,0,0,0,0,0,0,0,0,0,0,0,0,0,0,0,0,0,0,0,0,0,0,0,0,0,0,0,0,5,0,0,0,0,0,0,0,0,0,0,0,0,5,0,0,0,0,0,0,0,0,18,0,9,17,5,7,0,0,0,15,50,13,30,15,17,57,95,23,20,53,67,92,53,42,35,72,192,61,114,78,272,104,98,186,146,259,181,246,185,316,332,400,240,440,447,533,590,664,729,868,972,1217,1400,1423,1877,2145,1978,3170,3436,3437,4242,4941,6866,6462,8340,10227,11554,13707,16491,17814,18364,22045,24288,28169,24171,36929,27574,34322,33614,34003,32938,34375,33501,31580,27899,27013,24178,18958,19094,15961,13400,11712,10157,8301,5568,4859,4184,3014,2532,2006,1530,954,1175,846,398,496,352,334,192,180,250,52,58,48,69,73,24,64,28,0,38,5,1,7,9,24,0,22,0,13,0,0,0,11,0,0,14,0,5,0,4,9,0,13,0,0,0,0,15,0,18,0,0,0,0,0,0,0,0,5,0,10,0,9,0,0,0,0,0,0,0,0,0,0,0,0,0,0,0,0,0,0,0,0,0,0,0,0,0,0,0,0,0,0,0,0,0,0,0,0,0,0,0,0,0,0,0,0,0,0,0,0,0,0,0,0,0,0,0,0,0,0,0,0,0,0,0,0,0,0,0,0,0,0,0,0,0,0,0,0,0,0,0,0,0,0,0,0,0,0,0,0,0,0,0,0,0,0,0,0,0,0,0,0,0,0,0,0,0,0,0,0,0,0,0,0,0,0,0,0,0,0,0,0,0,0,0,0,0,0,0,0,0,0,0,0,0,0,0,0}
Count:  15.3  14.8  12.6  13.4  13.4  14.1  12.3  12.7  12.8  13.0  12.2  13.2  12.2  12.2  11.4  12.3  13.1  15.3  13.1  15.3  13.7  15.4  14.2  16.9  15.1  14.8  14.8  16.6  15.0  15.7  13.7  16.8  16.1  17.3  14.2  16.5  15.3  15.9  15.5  13.9  17.8  16.8  15.4  11.6  14.0  16.2  17.5  15.0  14.4  16.2  13.1  14.6  12.0  14.4  12.9  15.0  13.6  15.2  14.4  15.5  14.3  16.0  15.5  15.3  14.6  15.9  16.2  16.2  15.5  15.9  15.3  16.2  15.3  16.1  14.1  15.1  13.5  15.2  13.8  15.4  14.0  15.2  13.8  15.0  14.6  15.9  14.5  15.5  13.7  15.8  15.5  13.9  13.9  15.5  16.9  15.6  16.5  15.6  16.6  15.6  15.7  14.6  15.2  14.4  13.8  13.6  14.8  15.0  14.7  14.8  14.6  14.9  13.7  13.2  14.1  13.4  13.2  13.1  12.6  13.5  13.3  13.5  13.6  13.9  14.0  13.8  14.3  13.9  14.3  13.5  13.3  12.6  13.2  13.2  12.9  12.9  12.7  12.9  14.3  14.8  14.0  14.5  14.1  15.7  14.5  15.8  15.2  16.4  15.1  16.1  15.2  15.5  15.0  16.6  16.3  13.7  14.6  13.3  16.5  16.0  16.5  14.6  15.3  16.0  16.2  15.3  15.1  15.4  15.9  14.9  15.2  14.7  15.2  14.5  15.0  14.2  15.5  15.5  14.9  14.2  15.1  14.6  14.7  14.2  15.4  14.5  14.3  14.0  15.3  13.7  13.4  14.3  14.9  15.8  15.8  14.5  16.0  14.0  14.5  15.3 
Direction:  n n n n n n n n n n n n n n n n n n n n n n n n n n n n n n n n n n n n n n n n n n n n n n n n n n n n n n n n n n n n n n n n n n n n n n n n n n n n n n n n n n n n n n n n n n n n n n n n n n n n n n n n n n n n n n n n n n n n n n n n n n n n n n n n n n n n n n n n n n n n n n n n n n n n n n n n n n n n n n n n n n n n n n n n n n n n n n n n n n n n n n n n n n n n n n n n n n n n n n n n

48.9: Count:  14.3 (  1.2) A:  14.1 [10-30] B:  23.5 [10-40] Phase: 137 ( 8.85) Direction:  nPhase: 135 ( 0.24) Direction:  nPhase: 135 ( 0.24) Direction:  nPhase: 135 ( 0.26) Direction:  nPhase: 135 ( 0.24) Direction:  nPhase: 135 ( 0.26) Direction:  nPhase: 135 ( 0.24) Direction:  nPhase: 135 ( 0.24) Direction:  n
Phase: {0,0,0,0,0,0,0,0,0,0,0,0,0,0,0,0,0,0,0,0,0,0,0,0,0,0,0,0,0,0,0,0,0,0,0,0,0,0,0,8,0,0,0,0,0,0,0,1,0,0,0,0,0,4,0,0,0,0,3,0,0,11,0,0,15,9,1,0,26,4,19,0,4,13,31,35,31,38,40,26,57,47,61,66,73,72,71,85,81,91,273,203,214,132,222,258,298,279,362,325,404,547,426,595,516,732,688,826,1158,1096,1436,1818,1643,2267,2672,2860,2697,4881,4480,5802,6627,7477,9211,8111,12176,13931,14758,17589,18321,21195,22393,24550,28319,29145,27165,35834,27607,33155,32527,31531,29523,29231,28049,24039,24125,20986,19782,14810,14861,12301,9720,8395,7091,6389,3976,3812,3225,2437,1840,1380,1139,728,758,578,327,491,260,275,162,125,123,112,82,100,86,107,35,35,20,30,48,15,13,0,0,20,15,15,0,10,0,12,0,0,11,0,0,14,0,0,21,0,0,0,33,11,0,0,0,0,0,1,0,0,0,0,0,13,0,0,0,0,0,1,0,0,0,0,0,0,0,0,0,0,0,0,0,0,0,0,0,0,0,0,0,0,0,0,0,0,0,0,0,0,0,0,0,0,0,0,0,0,0,0,0,0,0,0,0,0,0,0,0,0,0,0,0,0,0,0,0,0,0,0,0,0,0,0,0,0,0,0,0,0,0,0,0,0,0,0,0,0,0,0,0,0,0,0,0,0,0,0,0,0,0,0,0,0,0,0,0,0,0,0,0,0,0,0,0,0,0,0,0,0,0,0,0,0,0,0,0,0,0,0,0,0,0,0,0,0,0,0,0,0,0,0,0,0,0,0}
Count:  14.7  14.1  12.3  12.8  13.9  12.7  12.0  12.4  12.6  12.3  12.1  12.8  11.8  12.6  11.2  12.2  13.2  15.2  13.0  14.6  13.0  15.5  13.6  16.5  15.1  14.3  13.9  16.1  14.2  15.4  13.7  16.9  15.2  16.8  13.9  16.2  14.9  14.7  15.3  13.8  16.6  16.3  14.4  11.5  13.6  16.1  17.3  14.5  14.1  15.4  12.8  14.1  12.3  14.3  12.9  14.5  13.2  14.2  14.0  14.5  14.6  15.4  14.8  15.2  14.5  15.7  15.5  16.2  14.3  16.1  15.1  16.0  14.8  15.6  14.1  15.1  13.3  15.1  13.4  14.4  13.7  14.9  13.0  15.1  13.8  15.5  14.7  15.4  13.8  15.4  15.0  13.6  13.4  15.3  15.9  15.3  15.9  15.3  15.9  15.6  15.0  15.0  15.3  13.7  13.5  13.6  14.2  14.4  14.6  13.8  14.6  14.9  13.5  13.0  13.0  13.4  12.6  13.0  11.9  12.5  12.3  12.9  13.0  13.5  13.0  13.5  14.1  13.3  13.5  13.0  12.9  12.7  12.9  12.9  12.3  12.5  12.9  12.7  14.3  13.9  13.9  14.6  14.0  15.1  13.9  15.6  14.8  16.5  14.6  15.7  14.5  14.9  14.6  17.1  16.8  13.3  13.9  13.5  16.1  15.6  15.9  14.8  15.2  15.5  15.8  15.1  15.3  14.9  15.5  14.7  15.0  14.2  14.7  14.3  14.8  14.2  15.1  14.6  14.1  14.5  15.1  14.4  14.4  13.7  14.8  14.2  14.3  13.8  15.4  13.6  13.7  14.2  14.2  15.2  15.6  14.7  15.2  13.6  14.1  15.2 
Direction:  n n n n n n n n n n n n n n n n n n n n n n n n n n n n n n n n n n n n n n n n n n n n n n n n n n n n n n n n n n n n n n n n n n n n n n n n n n n n n n n n n n n n n n n n n n n n n n n n n n n n n n n n n n n n n n n n n n n n n n n n n n n n n n n n n n n n n n n n n n n n n n n n n n n n n n n n n n n n n n n n n n n n n n n n n n n n n n n n n n n n n n n n n n n n n n n n n n n n n n n n

49.0: Count:  14.0 (  1.3) A:  13.9 [10-30] B:  24.0 [10-40] Phase: 135 ( 9.62) Direction:  n
Phase: {0,0,0,0,0,0,0,0,0,0,0,0,0,15,0,0,0,0,0,0,0,0,0,0,0,0,0,0,0,0,0,0,0,0,0,0,0,0,0,0,0,0,0,0,0,0,0,0,0,0,13,0,0,0,0,5,6,0,0,0,0,0,0,43,0,0,38,0,47,30,28,0,45,33,22,36,44,68,34,16,55,119,19,50,92,69,145,96,132,148,306,174,187,221,267,348,213,322,274,466,612,660,570,872,951,967,1119,1715,2085,1808,2431,2666,3013,4124,4797,4929,4945,6989,7709,9402,9799,11038,12668,13155,16326,16896,19917,20726,22502,25233,25062,25452,28510,28791,25645,32587,26059,30237,27667,25960,24638,24792,22126,19450,18714,16039,14589,11394,11352,9432,7522,7188,5503,4717,2838,2785,2369,1716,1243,968,859,522,558,423,355,298,177,106,125,167,58,99,54,34,12,39,75,30,5,7,13,12,0,0,16,7,14,0,14,0,4,10,0,11,0,0,0,11,0,0,0,0,2,0,0,0,0,15,0,5,0,0,0,0,0,0,0,0,0,0,0,0,0,0,0,0,1,0,0,0,0,2,0,0,11,0,0,0,0,0,0,0,0,0,0,0,0,0,0,0,0,0,0,0,0,0,0,0,0,0,0,0,0,0,0,0,0,0,0,0,0,0,0,0,0,0,0,0,0,0,0,0,0,0,0,0,0,0,0,0,0,0,0,0,0,0,0,0,0,0,0,0,0,0,0,0,0,0,0,0,0,0,0,0,0,0,0,0,0,0,0,0,0,0,0,0,0,0,0,0,0,0,0,0,0,0,0,0,0,0,0,0,0,0,0,0,0,0,0,0,0,0,0,0,0,0,0,0,0,0}
Count:  14.8  13.4  11.6  12.6  12.9  12.2  12.0  12.6  11.6  11.7  11.8  11.9  11.8  12.2  11.2  11.6  12.6  14.7  12.6  14.8  12.8  14.7  14.0  15.5  14.8  14.1  13.1  15.9  14.4  15.2  13.3  16.5  15.5  16.7  13.4  16.0  14.9  14.5  15.2  13.4  17.1  16.0  14.0  11.4  13.4  15.3  16.6  14.1  13.6  15.2  12.3  14.1  12.1  14.0  12.3  14.6  12.7  13.7  13.2  14.6  14.0  15.1  14.6  14.4  14.8  15.5  14.8  15.8  14.6  15.8  13.8  15.8  15.0  15.8  13.5  15.1  13.2  14.7  13.6  14.5  12.9  14.5  12.9  14.8  12.9  15.2  14.1  15.2  13.8  15.1  14.5  13.2  13.1  15.0  16.6  15.7  15.6  15.3  14.4  15.0  14.9  14.3  15.5  13.5  13.4  13.1  13.6  14.2  14.8  14.3  14.4  14.1  12.2  13.2  12.6  13.2  11.4  12.3  12.1  12.4  12.1  13.0  12.8  13.0  13.3  13.0  14.2  13.3  13.0  12.4  12.6  12.2  12.7  12.1  11.7  12.4  12.6  12.7  14.1  13.7  13.1  13.9  13.5  14.8  14.0  15.1  14.8  15.9  14.7  15.3  14.1  15.2  14.1  16.2  16.0  13.4  13.4  13.0  16.4  15.6  16.1  14.5  15.2  15.8  15.6  14.7  14.8  14.8  15.2  14.4  14.9  14.5  14.4  14.7  14.6  14.0  14.7  14.4  14.5  13.5  14.8  13.9  14.0  13.5  14.8  14.0  14.5  13.2  15.0  13.4  13.2  13.8  14.4  15.1  15.3  14.5  15.7  13.3  13.5  14.7 
Direction:  n n n n n n n n n n n n n n n n n n n n n n n n n n n n n n n n n n n n n n n n n n n n n n n n n n n n n n n n n n n n n n n n n n n n n n n n n n n n n n n n n n n n n n n n n n n n n n n n n n n n n n n n n n n n n n n n n n n n n n n n n n n n n n n n n n n n n n n n n n n n n n n n n n n n n n n n n n n n n n n n n n n n n n n n n n n n n n n n n n n n n n n n n n n n n n n n n n n n n n n n

49.1: Count:  13.8 (  1.2) A:  13.7 [10-32] B:  24.4 [10-41] Phase: 132 ( 9.92) Direction:  n
Phase: {0,0,0,0,0,0,0,0,0,0,0,0,0,0,0,0,0,0,0,0,0,0,0,0,0,0,0,0,0,0,0,0,0,0,0,0,0,0,0,0,0,0,0,0,1,7,0,0,0,7,0,13,0,0,0,0,0,0,0,0,0,0,0,5,0,16,0,15,9,7,5,13,18,15,35,34,18,78,41,42,53,74,30,89,103,71,90,174,98,141,337,149,300,249,264,435,360,563,491,723,841,932,929,1003,1492,1717,1818,2540,3097,2718,3906,4338,4835,5798,7062,7294,7117,10678,11257,13073,13353,15263,17589,16796,19976,21140,23114,24632,26087,26471,26078,26688,28771,28517,24971,29842,23255,24691,24075,22845,19712,18438,17940,14234,14001,11997,9925,7490,7953,5919,4648,3959,3391,2694,1662,1791,1281,843,845,692,499,441,305,220,135,76,87,153,58,67,45,22,57,34,83,9,9,16,1,7,59,5,0,0,5,0,0,0,7,0,0,0,0,0,0,0,0,0,0,0,0,1,0,0,0,0,5,9,0,0,0,0,0,0,0,0,0,15,0,0,0,0,0,0,11,0,0,0,0,0,0,0,0,0,0,0,0,0,0,0,0,0,0,0,0,0,0,0,0,0,0,0,0,0,0,0,0,0,13,0,0,0,0,0,0,0,0,0,0,0,0,0,0,0,0,0,0,0,0,0,0,0,0,0,0,0,0,0,0,0,0,0,0,0,0,0,0,0,0,0,0,0,0,0,0,0,0,0,0,0,0,0,0,0,0,0,0,0,0,0,0,0,0,0,0,0,0,0,0,0,0,0,0,0,0,0,0,0,0,0,0,0,0,0,0,0,0,0,0,0,0,0,0,0,0,0,0,0,0,0}
Count:  13.8  12.9  11.4  12.5  12.6  12.0  11.4  12.5  11.1  11.2  11.2  11.0  11.6  11.8  10.8  11.7  12.2  14.2  12.4  14.9  12.9  14.8  13.5  15.3  14.7  14.3  13.0  15.9  14.2  14.7  13.1  16.8  14.8  16.5  13.3  15.9  14.8  14.8  14.7  13.1  15.9  16.1  13.9  11.5  13.6  15.8  16.4  14.0  13.5  14.5  12.0  13.8  12.2  13.8  12.5  14.1  12.6  13.9  13.8  14.2  13.7  14.9  14.2  14.4  14.6  15.2  14.3  15.2  14.1  15.9  13.8  15.3  14.2  15.4  12.9  14.7  12.9  14.9  13.5  14.4  13.2  14.7  12.9  14.8  13.1  14.9  13.7  14.7  13.5  15.0  14.1  12.9  13.1  14.9  16.0  14.7  14.9  14.4  14.5  14.7  14.6  13.9  14.5  13.1  13.4  13.3  13.8  13.8  13.9  13.8  13.8  13.8  12.8  13.4  12.6  13.0  11.9  12.0  11.7  12.4  12.1  13.3  12.3  13.2  12.9  12.7  13.4  12.9  12.7  12.4  12.3  12.0  11.7  12.0  11.6  12.3  12.0  12.5  13.9  13.8  13.2  14.0  13.7  15.0  13.9  14.7  14.7  15.2  14.4  14.7  13.9  14.4  14.1  15.5  16.0  13.1  13.3  13.3  16.3  15.3  15.8  14.3  15.0  15.4  15.2  14.9  14.5  14.9  14.7  14.0  14.6  13.9  14.9  14.2  14.8  13.7  14.9  14.3  14.3  13.8  14.9  14.1  13.9  13.5  14.8  13.8  14.0  13.3  14.8  13.4  12.9  13.8  14.1  15.0  14.9  14.9  15.6  12.9  13.3  14.4 
Direction:  n n n n n n n n n n n n n n n n n n n n n n n n n n n n n n n n n n n n n n n n n n n n n n n n n n n n n n n n n n n n n n n n n n n n n n n n n n n n n n n n n n n n n n n n n n n n n n n n n n n n n n n n n n n n n n n n n n n n n n n n n n n n n n n n n n n n n n n n n n n n n n n n n n n n n n n n n n n n n n n n n n n n n n n n n n n n n n n n n n n n n n n n n n n n n n n n n n n n n n n n

49.2: Count:  13.8 (  1.2) A:  13.6 [10-29] B:  24.9 [10-41] Phase: 129 ( 9.69) Direction:  n
Phase: {0,0,0,0,0,0,0,0,0,0,0,0,0,0,0,0,0,0,0,0,0,0,0,0,0,0,0,0,0,0,0,0,0,0,0,0,0,0,0,0,0,0,0,0,3,0,0,0,1,0,0,0,0,0,0,0,0,3,0,0,0,5,13,2,15,0,12,15,0,0,15,27,58,24,23,32,42,5,19,23,38,94,113,122,153,128,131,182,134,146,442,280,235,276,379,585,510,728,740,857,1293,1501,1280,1975,2059,2458,2820,3704,4786,4134,5631,6480,7671,8536,9948,10000,10501,15005,14429,17280,17839,20472,22922,21544,24496,24981,27693,27878,29062,28715,26894,26842,27583,26921,23542,25837,20049,20497,19083,17146,14288,13494,11201,9866,8506,7094,5694,4366,3824,3371,2380,1928,1467,1470,867,564,621,540,230,159,222,220,159,145,124,72,52,36,29,10,16,19,14,12,16,9,16,11,9,0,7,0,1,0,0,0,9,0,0,0,9,37,0,0,0,0,0,9,0,0,0,0,0,0,0,0,0,0,0,0,0,0,0,15,0,0,0,0,0,0,0,0,0,0,0,0,0,0,0,0,0,5,0,0,0,0,0,0,0,0,0,0,0,0,0,0,0,0,0,0,0,0,0,0,0,0,0,0,0,0,0,0,0,0,0,0,0,0,0,0,0,0,0,0,0,0,0,0,0,0,0,0,0,0,0,0,0,0,0,0,0,0,0,0,0,0,0,0,0,0,0,0,0,0,0,0,0,0,0,0,0,0,0,0,0,0,0,0,0,0,0,0,0,0,0,0,0,0,0,0,0,0,0,0,0,0,0,0,0,0,0,0,0,0,0,0,0,0,0,0,0,0,0,0,0,0,0,0,0,0}
Count:  13.9  12.8  12.2  12.7  11.8  11.7  11.1  12.3  11.5  11.4  11.4  11.7  11.1  12.0  10.8  11.4  12.6  14.4  12.5  14.5  12.8  14.5  13.4  14.6  14.4  14.1  13.2  15.9  14.7  14.1  13.1  16.6  15.3  16.8  13.4  15.8  15.0  14.5  14.7  13.2  16.5  15.8  13.6  11.2  13.2  15.3  16.6  13.7  13.2  15.1  12.3  14.2  11.7  13.8  12.2  14.0  12.5  13.8  13.3  14.1  13.6  14.8  14.4  15.0  14.5  15.2  14.4  14.9  14.6  15.5  14.2  15.6  14.3  15.2  13.3  15.0  12.7  14.9  13.0  14.3  12.6  14.4  12.3  14.3  12.8  15.1  13.7  15.0  13.8  14.7  13.9  13.0  12.3  14.6  16.3  15.2  14.9  14.4  14.8  15.2  14.8  13.7  14.2  12.8  13.4  13.0  13.7  13.6  14.0  13.7  13.5  13.6  13.2  13.2  13.0  12.8  11.7  12.4  11.6  12.7  11.9  12.9  12.3  12.5  13.4  12.9  14.0  13.0  13.0  12.6  12.3  12.7  11.7  12.0  11.6  12.2  12.0  12.6  13.5  13.6  13.5  13.7  13.6  14.9  13.5  14.5  14.7  15.6  14.1  14.5  13.7  14.9  13.9  15.6  15.7  12.6  13.6  13.0  16.3  15.4  15.8  14.6  14.6  15.2  15.3  14.4  14.6  14.8  14.6  14.5  14.1  14.3  14.6  14.1  14.6  13.1  14.7  14.2  14.2  13.5  15.0  14.4  14.0  13.7  14.6  14.0  13.8  13.2  14.9  13.1  12.7  13.6  13.9  15.1  14.0  14.3  15.6  12.9  13.2  14.1 
Direction:  n n n n n n n n n n n n n n n n n n n n n n n n n n n n n n n n n n n n n n n n n n n n n n n n n n n n n n n n n n n n n n n n n n n n n n n n n n n n n n n n n n n n n n n n n n n n n n n n n n n n n n n n n n n n n n n n n n n n n n n n n n n n n n n n n n n n n n n n n n n n n n n n n n n n n n n n n n n n n n n n n n n n n n n n n n n n n n n n n n n n n n n n n n n n n n n n n n n n n n n n

49.3: Count:  13.9 (  1.2) A:  13.7 [10-30] B:  25.3 [10-41] Phase: 126 (10.05) Direction:  n
Phase: {0,0,0,0,0,0,0,0,0,0,0,0,0,0,0,0,0,0,0,0,0,0,0,0,0,0,0,0,0,0,0,0,0,0,0,0,0,0,0,0,0,0,0,0,0,0,0,0,0,0,0,0,0,0,0,0,13,0,13,0,10,0,7,11,13,7,0,29,7,12,31,15,24,35,31,26,45,61,48,48,78,89,107,115,132,107,134,230,184,272,615,304,757,866,880,935,1227,1209,1441,1812,1747,2533,2581,3574,3875,4606,4803,6380,8234,7078,8985,9809,11579,12282,14352,15279,14863,21149,19800,22265,22061,24359,26267,23221,27660,27808,28478,26537,26941,26929,25766,24636,25176,22070,18101,21280,16352,15052,14103,11934,10134,8764,8023,6299,5447,4114,3481,2432,2254,1703,1291,1145,853,796,540,513,406,273,221,161,113,61,38,75,67,55,39,53,29,39,5,0,14,20,67,12,13,0,13,7,20,15,5,0,0,0,25,1,0,0,11,5,0,0,0,0,0,0,0,11,0,11,0,7,0,0,0,0,0,0,0,0,0,0,0,0,0,0,0,0,0,0,0,0,0,0,0,0,0,15,0,0,0,0,0,0,0,0,0,0,0,0,0,0,0,0,0,0,0,0,0,0,0,0,0,0,0,0,0,0,0,0,0,0,0,0,0,0,0,0,0,0,0,0,0,0,0,0,0,0,0,0,0,0,0,0,0,0,0,0,0,0,0,0,0,0,0,0,0,0,0,0,0,0,0,0,0,0,0,0,0,0,0,0,0,0,0,0,0,0,0,0,0,0,0,0,0,0,0,0,0,0,0,0,0,0,0,0,0,0,0,0,0,0,0,0,0,0,0,0,0,0,0,0,0,0,0,0,0,0}
Count:  14.5  13.6  12.3  13.0  12.8  11.7  11.5  11.8  12.0  11.8  11.8  11.3  11.9  11.9  11.2  11.5  12.6  15.2  12.7  15.2  12.4  14.6  13.6  15.3  14.1  14.8  13.4  15.7  14.0  14.4  13.2  16.6  15.3  16.4  13.7  16.1  14.6  14.7  15.0  14.0  16.2  15.8  14.0  10.6  13.5  15.9  17.0  14.3  13.1  14.8  12.3  14.6  11.9  13.9  12.6  13.7  12.5  14.1  13.5  14.8  13.9  14.9  14.5  15.0  14.2  15.4  14.1  15.1  14.5  15.3  14.6  16.0  14.1  15.1  13.7  15.3  12.8  14.4  12.7  14.9  12.8  14.4  12.6  14.6  13.5  15.5  13.4  15.0  13.4  15.1  14.1  13.5  12.9  14.7  16.3  15.4  14.6  15.1  14.8  14.8  14.3  14.6  14.8  13.2  13.3  12.5  13.0  14.0  13.5  13.8  14.2  14.0  13.6  13.2  12.4  12.4  12.3  12.6  12.1  12.5  12.2  13.0  12.9  12.7  13.6  13.6  13.4  13.0  13.3  12.6  12.5  12.7  11.7  12.6  12.0  12.5  12.6  12.7  13.8  14.0  13.6  14.2  13.7  14.8  13.4  15.3  14.5  15.3  14.2  14.8  13.7  15.2  14.3  15.5  16.3  12.9  13.9  13.2  16.1  15.2  15.6  14.2  14.5  15.3  15.1  14.7  14.6  14.5  15.2  14.7  14.6  14.0  14.7  14.6  14.4  13.6  14.7  14.1  13.6  13.5  14.8  14.0  14.3  13.6  14.3  14.3  13.3  13.1  14.9  13.3  13.4  13.6  14.0  14.9  14.6  14.1  15.7  12.9  13.4  14.3 
Direction:  n n n n n n n n n n n n n n n n n n n n n n n n n n n n n n n n n n n n n n n n n n n n n n n n n n n n n n n n n n n n n n n n n n n n n n n n n n n n n n n n n n n n n n n n n n n n n n n n n n n n n n n n n n n n n n n n n n n n n n n n n n n n n n n n n n n n n n n n n n n n n n n n n n n n n n n n n n n n n n n n n n n n n n n n n n n n n n n n n n n n n n n n n n n n n n n n n n n n n n n n

49.4: Count:  14.2 (  1.2) A:  13.8 [10-31] B:  25.6 [10-42] Phase: 122 (10.02) Direction:  nPhase: 130 ( 5.16) Direction:  n
Phase: {0,0,0,0,0,0,0,0,0,0,0,0,0,0,0,0,0,0,0,0,0,0,0,0,0,0,0,0,0,0,0,0,0,0,0,0,0,0,0,0,0,0,0,0,0,0,0,0,0,0,0,0,0,0,5,0,0,0,0,0,0,1,5,1,0,0,23,0,15,19,29,47,81,16,0,44,78,95,65,78,84,142,149,103,266,227,330,324,383,303,917,568,831,1083,1205,1645,1999,2069,2361,3087,3306,4220,4122,5620,5831,7552,8273,9836,11804,10705,12576,14278,16205,17933,20193,19266,18881,26183,24846,27014,26963,28899,28451,24650,28217,28386,27711,25749,25231,24641,22071,21831,19532,17722,13628,15193,11252,10191,8671,7364,5316,5164,4316,3328,2522,2059,1596,1085,1056,796,643,430,479,441,198,265,171,109,144,79,97,46,22,64,9,23,38,32,13,46,56,20,15,2,28,7,0,2,11,5,40,0,9,5,0,17,0,0,0,0,5,24,0,0,0,0,0,0,0,0,0,0,7,0,0,0,0,0,0,0,0,7,0,0,0,0,0,0,0,0,0,0,0,0,0,0,0,0,0,0,0,0,0,0,0,0,0,0,0,0,0,0,0,0,0,0,0,0,0,0,0,0,0,0,0,0,0,0,0,0,0,0,0,0,0,0,0,0,0,0,0,0,0,0,0,0,0,0,0,0,0,0,0,0,0,0,0,0,0,0,0,0,0,0,0,0,0,0,0,0,0,0,0,0,0,0,0,0,0,0,0,0,0,0,0,0,0,0,0,0,0,0,0,0,0,0,0,0,0,0,0,0,0,0,0,0,0,0,0,0,0,0,0,0,0,0,0,0,0,0,0,0,0,0,0,0,0,0,0,0}
Count:  14.9  13.8  12.6  13.4  13.2  12.1  11.7  12.4  11.6  11.9  11.9  12.3  12.4  12.1  12.1  12.0  13.1  15.3  12.9  15.2  12.7  14.5  13.6  15.5  14.2  15.0  13.2  16.2  15.1  14.4  13.3  16.2  15.2  16.6  14.0  16.0  15.1  15.0  15.3  14.1  16.6  16.2  14.5  11.6  13.8  16.0  16.8  14.7  14.1  15.3  12.7  14.6  12.2  14.0  13.4  14.1  12.4  14.6  13.8  14.8  14.0  15.7  14.3  15.3  15.0  15.4  14.4  15.1  15.0  15.6  15.1  15.9  14.8  15.5  13.7  14.9  13.4  14.6  13.2  14.7  13.0  14.8  12.9  14.8  13.3  15.0  13.8  14.9  13.9  15.8  14.1  14.0  13.0  14.9  16.4  15.3  15.6  15.3  15.1  14.7  15.0  15.2  15.2  13.6  14.2  13.6  13.9  13.9  13.7  14.1  14.7  14.1  13.2  13.4  12.8  12.9  12.6  12.2  12.0  12.5  12.8  13.0  12.8  12.7  13.8  13.5  13.6  13.4  13.5  12.5  13.0  12.7  12.3  13.0  12.8  12.8  12.0  12.4  14.0  13.3  13.8  14.3  13.8  15.1  13.7  15.1  14.7  14.9  14.6  15.1  14.1  14.9  14.5  16.0  15.9  13.5  13.8  13.4  16.4  15.3  15.8  14.4  14.8  15.8  15.3  15.0  14.7  14.9  15.4  14.4  14.5  14.3  14.5  14.6  14.5  13.7  15.1  14.5  13.9  14.1  15.1  14.6  14.4  13.6  14.9  14.5  13.4  13.7  15.1  13.4  13.2  14.1  14.1  15.3  15.0  14.4  15.7  13.4  13.9  15.1 
Direction:  n n n n n n n n n n n n n n n n n n n n n n n n n n n n n n n n n n n n n n n n n n n n n n n n n n n n n n n n n n n n n n n n n n n n n n n n n n n n n n n n n n n n n n n n n n n n n n n n n n n n n n n n n n n n n n n n n n n n n n n n n n n n n n n n n n n n n n n n n n n n n n n n n n n n n n n n n n n n n n n n n n n n n n n n n n n n n n n n n n n n n n n n n n n n n n n n n n n n n n n n

49.5: Count:  14.5 (  1.2) A:  14.0 [10-30] B:  25.8 [10-42] Phase: 119 ( 9.64) Direction:  n
Phase: {0,0,0,0,0,0,0,0,0,0,0,0,0,0,0,0,0,0,0,0,0,0,0,0,0,0,0,0,0,0,0,0,0,0,0,0,0,0,0,0,0,0,0,0,0,0,0,15,0,0,0,6,0,0,0,0,0,0,6,0,7,0,1,13,1,12,0,9,16,1,16,16,69,103,43,59,64,91,52,168,227,176,289,367,311,378,478,507,666,738,1533,958,1540,1627,2283,2678,2923,3532,3763,4951,5323,6196,6445,8677,9688,10998,11384,14546,16911,15376,18381,20329,22354,23147,26115,26043,23737,31108,29603,30909,29149,29378,29544,24612,27984,26192,25175,22814,21944,18876,15998,15803,13793,12232,8456,8943,6862,5767,4830,4333,3364,2527,2363,1829,1350,1083,829,555,623,406,343,277,187,189,132,76,85,78,74,48,50,14,15,22,39,19,8,45,25,12,26,18,13,0,0,13,0,13,20,0,7,13,7,0,0,0,20,13,19,5,0,5,0,0,0,0,0,0,0,0,0,0,0,0,0,0,0,0,0,0,0,0,0,0,0,0,0,0,0,0,0,0,0,0,0,0,0,0,0,0,0,0,0,0,0,0,0,0,0,0,0,0,0,0,0,0,0,0,0,0,0,0,0,0,0,0,0,0,0,0,0,0,0,0,0,0,0,0,0,0,0,0,0,0,0,0,0,0,0,0,0,0,0,0,0,0,0,0,0,0,0,0,0,0,0,0,0,0,0,0,0,0,0,0,0,0,0,0,0,0,0,0,0,0,0,0,0,0,0,0,0,0,0,0,0,0,0,0,0,0,0,0,0,0,0,0,0,0,0,0,0,0,0,0,0,0,0,0,0,0,0,0,0,0,0,0,0,0,0,0}
Count:  15.1  14.2  13.4  14.4  13.8  12.4  11.9  13.0  12.7  13.5  12.4  12.4  12.3  13.4  12.7  12.5  13.3  15.5  13.0  15.6  13.0  15.4  14.3  16.4  15.0  15.1  13.7  16.6  15.2  15.3  13.2  17.2  16.0  17.0  14.1  16.0  15.3  15.7  15.5  13.7  17.5  16.2  15.2  11.8  14.3  16.2  17.1  15.2  14.3  15.6  13.3  15.0  12.6  14.4  12.5  14.5  12.8  14.5  14.4  14.9  14.5  15.8  14.7  15.3  15.5  15.5  15.3  15.8  14.6  15.7  15.5  15.7  14.7  15.7  14.2  15.5  13.4  14.9  13.8  15.2  13.3  14.9  13.7  15.3  13.7  15.5  14.5  15.7  14.8  15.7  14.8  14.6  13.9  15.2  16.6  16.3  15.9  15.3  15.9  15.3  15.4  14.5  15.7  14.1  14.6  13.4  14.4  13.9  14.5  15.2  15.0  14.5  13.7  13.3  13.8  13.4  12.8  13.0  12.1  12.7  13.0  13.4  12.8  13.0  13.9  13.4  13.7  13.4  13.7  13.1  13.2  12.7  12.8  12.6  12.7  12.7  12.5  13.0  14.6  14.6  13.5  14.5  14.1  15.5  14.1  15.2  15.4  16.0  14.9  15.7  14.1  15.2  14.5  16.3  16.6  13.4  14.1  13.7  16.1  15.8  15.7  14.7  15.5  16.1  15.8  15.2  15.0  15.5  15.3  14.5  15.0  14.8  14.9  14.6  14.8  14.4  15.2  14.8  14.3  14.3  15.5  14.4  14.4  14.2  15.0  14.4  13.8  13.9  15.6  13.5  13.5  14.1  14.6  15.6  15.9  14.8  16.1  13.9  14.0  15.4 
Direction:  n n n n n n n n n n n n n n n n n n n n n n n n n n n n n n n n n n n n n n n n n n n n n n n n n n n n n n n n n n n n n n n n n n n n n n n n n n n n n n n n n n n n n n n n n n n n n n n n n n n n n n n n n n n n n n n n n n n n n n n n n n n n n n n n n n n n n n n n n n n n n n n n n n n n n n n n n n n n n n n n n n n n n n n n n n n n n n n n n n n n n n n n n n n n n n n n n n n n n n n n

49.6: Count:  15.0 (  1.1) A:  14.3 [10-29] B:  25.9 [10-42] Phase: 117 ( 9.78) Direction:  n
Phase: {0,0,0,0,0,0,0,0,0,0,0,0,0,0,0,0,0,0,0,0,0,0,0,0,0,0,0,0,0,0,0,0,0,0,0,0,0,0,0,0,0,0,0,0,0,0,0,0,0,0,0,0,0,0,15,5,5,0,0,1,18,7,21,6,9,14,9,20,38,1,23,79,50,100,176,70,145,172,266,286,294,347,561,453,766,719,753,1128,1116,1296,2774,1803,2304,2709,3456,3937,4835,5388,6277,7252,8613,9688,10085,13134,14332,16106,15964,19172,22355,19571,24808,25795,26969,28150,28480,29593,26485,32115,30620,29950,29233,27681,28923,21737,23885,22007,19196,17890,16632,14119,12106,10890,8808,7849,6575,6036,4367,4157,3216,2732,2309,1980,1565,1338,1105,621,503,443,482,340,257,224,231,208,85,107,163,100,102,46,19,15,8,57,13,52,22,17,0,24,24,11,0,0,15,0,5,12,0,9,0,0,5,35,5,0,1,0,7,0,13,0,0,0,0,0,0,8,0,1,0,0,0,0,0,0,0,9,0,0,15,0,0,0,0,0,0,0,0,0,0,0,0,0,0,0,0,0,0,0,0,0,0,0,0,0,0,0,0,0,0,0,0,0,0,0,0,0,0,0,0,0,0,0,0,0,0,0,0,0,0,0,0,0,0,0,0,0,0,0,0,0,0,0,0,0,0,0,0,0,0,0,0,0,0,0,0,0,0,0,0,0,0,0,0,0,0,0,0,0,0,0,0,0,0,0,0,0,0,0,0,0,0,0,0,0,0,0,0,0,0,0,0,0,0,0,0,0,0,0,0,0,0,0,0,0,0,0,0,0,0,0,0,0,0,0,0,0,0,0,0,0,0,0,0,0,0,0,0,0}
Count:  16.2  14.5  13.6  14.5  14.8  13.9  12.9  13.9  13.0  13.3  13.4  13.4  13.8  14.0  12.6  13.3  13.4  15.7  13.6  15.5  13.5  15.8  14.7  16.8  15.2  15.4  14.6  17.0  15.6  15.3  14.2  18.1  16.3  17.4  14.7  16.6  15.9  15.4  16.0  14.3  17.9  17.1  16.0  11.8  14.7  16.7  17.5  15.6  14.5  16.4  13.5  15.3  12.7  14.8  13.2  15.1  13.6  14.5  14.7  15.3  15.0  16.1  15.4  15.6  15.6  15.9  16.4  16.2  15.1  16.6  15.4  16.1  15.5  16.2  14.3  15.7  14.1  14.9  14.2  15.5  13.9  15.1  14.0  15.3  14.8  15.8  15.0  15.8  14.9  15.7  15.6  14.5  14.9  15.9  17.0  16.2  17.0  15.8  16.1  15.8  16.4  15.2  16.5  14.6  15.6  14.6  15.0  15.2  16.1  14.6  15.4  15.3  14.2  14.1  14.0  13.8  14.1  13.7  12.9  13.3  13.5  13.7  13.4  13.7  14.2  14.4  14.9  14.1  14.1  13.3  13.6  13.0  13.6  13.2  13.3  13.0  12.8  13.2  14.8  14.2  14.1  14.9  14.5  15.6  14.7  16.1  15.6  16.6  15.2  16.1  15.2  15.8  15.1  16.6  17.0  14.2  14.4  14.0  17.1  16.2  16.5  15.0  15.1  16.0  16.1  15.7  15.7  15.5  15.5  14.8  15.2  14.8  15.1  14.8  15.0  14.7  15.9  15.0  15.2  14.6  15.4  15.0  14.9  14.4  15.6  14.8  14.6  14.1  16.0  13.9  13.8  14.7  14.8  15.8  16.3  15.5  16.8  14.5  14.9  15.7 
Direction:  n n n n n n n n n n n n n n n n n n n n n n n n n n n n n n n n n n n n n n n n n n n n n n n n n n n n n n n n n n n n n n n n n n n n n n n n n n n n n n n n n n n n n n n n n n n n n n n n n n n n n n n n n n n n n n n n n n n n n n n n n n n n n n n n n n n n n n n n n n n n n n n n n n n n n n n n n n n n n n n n n n n n n n n n n n n n n n n n n n n n n n n n n n n n n n n n n n n n n n n n

49.7: Count:  15.5 (  1.1) A:  14.8 [10-29] B:  26.1 [10-45] Phase: 115 (10.29) Direction:  n
Phase: {0,0,0,0,0,0,0,0,0,0,0,0,0,0,0,0,0,0,0,0,0,0,0,0,0,0,0,0,0,0,0,0,0,0,0,0,0,0,0,0,0,0,5,0,0,0,0,0,0,0,0,13,13,0,13,0,11,0,15,6,0,1,6,40,43,30,57,25,45,57,88,77,145,219,122,281,243,368,272,394,499,585,639,757,1016,1391,1510,1688,1866,2124,4023,2405,3626,4243,5458,5711,7221,7740,9587,10668,11202,13174,13285,16350,16837,18860,19883,24001,26223,22348,26355,27621,28404,30004,29531,31182,28028,32798,29628,26845,26868,25048,24599,21314,20184,18505,18057,14768,13456,11566,9749,8833,8163,6837,4970,4964,3467,3005,2672,2136,1417,1478,1225,1036,895,561,488,406,267,340,252,218,170,151,72,96,94,60,36,83,21,20,10,26,56,16,30,17,32,25,7,10,12,18,11,25,19,11,17,18,32,18,0,5,0,9,1,5,0,3,0,0,0,0,0,0,0,1,0,15,0,0,1,15,0,0,0,0,0,0,15,0,0,0,0,0,0,0,0,0,0,0,0,0,0,0,0,0,0,0,0,0,0,0,0,0,0,0,0,0,0,0,0,0,0,0,0,0,0,0,0,0,0,0,0,0,0,0,0,0,0,0,0,0,0,0,0,0,0,0,0,0,0,0,0,0,0,0,0,0,0,0,0,0,0,0,0,0,0,0,0,0,0,0,0,0,0,0,0,0,0,0,0,0,0,0,0,0,0,0,0,0,0,0,0,0,0,0,0,0,0,0,0,0,0,0,0,0,0,0,0,0,0,0,0,0,0,0,0,0,0,0,0,0,0,0,0,0,0,0,0,0,0,0,0,0,0,0,0,0}
Count:  17.5  15.3  14.4  15.0  15.6  14.7  13.8  14.5  13.5  14.7  14.3  13.8  14.0  14.6  13.2  14.3  14.0  16.1  14.2  16.5  14.2  16.0  15.1  17.0  15.2  15.9  14.8  17.3  16.6  16.4  14.2  18.3  17.0  17.7  15.0  16.8  16.0  16.7  15.9  15.1  18.6  17.6  16.3  12.4  14.9  17.4  18.7  16.4  15.2  17.4  13.9  15.4  12.9  15.6  13.6  15.3  14.6  15.2  15.5  15.5  15.6  16.4  15.7  16.1  16.4  16.3  16.5  17.0  15.7  16.6  15.4  16.8  15.7  16.7  14.8  15.7  14.7  15.7  14.6  15.5  14.8  15.4  14.5  15.7  15.5  16.7  15.4  16.2  15.5  15.8  16.2  14.7  15.5  15.8  18.0  17.0  17.5  16.3  16.7  16.6  17.0  15.9  17.6  15.2  15.7  14.6  15.8  15.7  16.2  15.4  16.4  15.6  15.7  15.3  14.4  14.1  14.1  13.9  13.6  14.1  14.2  13.9  14.2  14.4  15.2  14.6  15.5  14.3  15.0  13.4  14.2  13.2  13.9  13.7  13.8  13.4  13.4  13.4  15.1  14.8  14.9  15.3  15.2  16.5  15.4  16.7  16.2  16.9  15.8  16.4  15.9  16.1  15.2  17.0  17.3  14.2  15.3  13.6  17.5  16.7  17.0  15.5  15.9  16.6  16.4  15.5  15.7  15.8  15.8  15.1  15.4  15.0  15.8  15.1  15.2  14.7  15.9  15.3  15.0  14.7  15.8  15.4  15.0  14.5  15.5  14.9  14.5  14.7  16.8  14.3  14.1  15.1  15.4  16.2  16.2  15.8  17.2  14.7  14.9  16.0 
Direction:  n n n n n n n n n n n n n n n n n n n n n n n n n n n n n n n n n n n n n n n n n n n n n n n n n n n n n n n n n n n n n n n n n n n n n n n n n n n n n n n n n n n n n n n n n n n n n n n n n n n n n n n n n n n n n n n n n n n n n n n n n n n n n n n n n n n n n n n n n n n n n n n n n n n n n n n n n n n n n n n n n n n n n n n n n n n n n n n n n n n n n n n n n n n n n n n n n n n n n n n n

49.8: Count:  15.9 (  1.1) A:  15.3 [10-31] B:  26.2 [10-45] Phase: 114 (11.12) Direction:  n
Phase: {0,0,0,0,0,0,0,0,0,0,0,0,0,0,0,0,0,0,0,0,0,0,0,0,0,0,0,0,0,0,0,0,0,0,9,0,0,0,0,4,15,0,0,1,0,0,0,0,7,9,31,0,0,0,5,9,12,13,15,23,55,24,46,82,62,58,63,81,110,262,197,172,308,310,417,512,532,753,595,773,902,1163,1361,1728,1975,2094,2360,2509,3546,2912,5772,4143,5900,5718,7111,7986,9925,10100,11670,12463,14086,15112,15681,18738,18376,21081,21034,24062,26878,23186,26514,27858,28216,28720,29350,29542,24528,30702,27375,26231,25855,23397,22635,19960,20144,18703,15297,14286,12974,11332,9926,8671,7627,6300,4697,5543,3270,3279,2784,2616,1953,1842,1290,1226,951,818,772,437,416,450,372,150,169,148,89,118,118,154,113,55,82,30,48,47,55,61,25,2,57,22,46,20,40,31,26,8,67,30,17,0,76,16,46,13,7,28,9,34,7,11,19,0,18,6,11,5,0,4,0,0,5,11,0,1,0,0,0,0,0,0,5,0,0,0,0,0,0,0,0,0,0,0,0,0,0,0,0,0,0,0,0,0,0,0,0,0,0,0,0,0,0,0,0,0,0,0,0,0,0,0,0,0,0,0,0,0,0,0,0,0,0,0,0,0,0,0,0,0,0,0,0,0,0,0,0,0,0,0,0,0,0,0,0,0,0,0,0,0,0,0,0,0,0,0,0,0,0,0,0,0,0,0,0,0,0,0,0,0,0,0,0,0,0,0,0,0,0,0,0,0,0,0,0,0,0,0,0,0,0,0,0,0,0,0,0,0,0,0,0,0,0,0,0,0,0,0,0,0,0,0,0,0,0,0,0,0,0,0,0,0}
Count:  18.1  16.5  14.6  15.6  16.0  14.9  14.0  15.7  14.3  15.2  14.4  14.9  14.7  15.5  14.1  14.8  14.2  16.5  14.1  16.3  14.3  16.4  15.2  17.6  16.2  16.1  15.2  17.3  17.2  16.6  14.7  18.9  17.1  18.3  15.5  17.2  16.8  17.1  16.9  15.2  19.1  18.4  17.3  12.9  15.7  17.7  18.8  16.7  15.3  17.4  14.7  16.1  13.5  15.6  14.7  15.9  15.2  15.8  15.9  16.2  15.7  16.7  16.4  17.1  17.1  17.0  17.1  17.3  16.5  17.1  16.3  17.6  16.0  17.0  15.7  16.3  15.8  16.1  15.3  16.2  15.3  15.8  14.9  16.3  16.1  16.6  15.9  16.7  16.3  16.5  17.0  15.6  15.7  16.2  18.6  17.3  17.9  16.5  17.8  16.6  17.3  16.0  16.9  15.7  15.9  15.6  16.6  16.2  16.8  16.2  17.0  16.2  15.5  15.4  15.3  14.4  15.4  14.7  14.4  14.7  14.9  14.7  14.8  14.6  15.9  15.4  15.7  14.7  15.3  14.1  14.7  13.8  14.4  14.0  14.5  13.7  13.9  13.7  15.8  15.9  15.2  16.5  15.4  17.0  16.0  17.4  16.1  17.4  16.7  17.2  16.2  16.5  15.4  17.3  17.9  14.4  15.3  14.3  17.8  16.8  17.5  15.6  16.1  16.8  16.9  16.0  15.9  15.8  16.3  15.9  15.6  15.4  16.2  15.6  15.2  14.9  16.1  15.7  15.2  15.0  16.2  15.7  15.2  14.8  16.1  15.1  15.0  14.5  16.8  14.3  14.2  15.2  15.6  16.6  17.1  15.8  17.5  15.0  15.7  16.4 
Direction:  n n n n n n n n n n n n n n n n n n n n n n n n n n n n n n n n n n n n n n n n n n n n n n n n n n n n n n n n n n n n n n n n n n n n n n n n n n n n n n n n n n n n n n n n n n n n n n n n n n n n n n n n n n n n n n n n n n n n n n n n n n n n n n n n n n n n n n n n n n n n n n n n n n n n n n n n n n n n n n n n n n n n n n n n n n n n n n n n n n n n n n n n n n n n n n n n n n n n n n n n

49.9: Count:  16.4 (  1.1) A:  15.9 [10-31] B:  26.4 [10-48] Phase: 113 (11.20) Direction:  n
Phase: {0,0,0,0,0,0,0,0,0,0,0,0,0,0,0,0,0,0,0,0,0,0,0,0,0,0,0,0,0,0,0,0,0,0,0,0,0,0,0,15,0,0,0,0,0,1,0,1,0,7,7,0,4,0,0,14,50,0,51,18,47,103,42,78,54,143,157,172,199,160,238,244,371,435,474,561,624,745,737,1077,1437,1348,1364,1780,2308,2552,3022,3102,4046,3907,7098,4593,6507,7677,8676,9060,9988,11308,13190,13848,15072,17731,16905,20223,21006,22703,22862,26187,28276,24015,28722,28750,28960,29876,29809,29487,26345,31445,27497,26425,24530,23393,22454,18404,18526,16237,14709,12791,12036,10808,8004,7723,6362,5380,4236,4686,3032,2895,2464,2155,1525,1626,1295,947,781,587,592,475,396,292,393,240,320,171,209,123,149,192,142,79,126,41,53,113,33,51,40,25,14,65,91,22,3,42,0,46,59,39,0,1,48,7,0,42,52,10,32,63,11,13,16,11,0,7,3,0,11,0,15,0,0,0,14,0,0,0,0,0,0,0,0,0,3,0,0,0,0,0,0,0,0,0,0,0,0,0,0,0,0,0,0,0,0,0,0,0,0,0,0,0,0,0,0,0,0,0,0,0,0,0,0,0,0,0,0,0,0,0,0,0,0,0,0,0,0,0,0,0,0,0,0,0,0,0,0,0,0,0,0,0,0,0,0,0,0,0,0,0,0,0,0,0,0,0,0,0,0,0,0,0,0,0,0,0,0,0,0,0,0,0,0,0,0,0,0,0,0,0,0,0,0,0,0,0,0,0,0,0,0,0,0,0,0,0,0,0,0,0,0,0,0,0,0,0,0,0,0,0,0,0,0,0,0,0,0,0,0,0,0,0}
Count:  18.2  16.5  15.5  15.5  16.8  16.1  15.1  16.4  14.4  15.7  15.2  15.8  14.8  16.4  15.0  15.7  14.5  16.9  14.5  17.0  14.7  16.8  15.6  18.1  16.0  16.7  15.4  17.5  17.1  17.6  14.8  19.3  17.8  18.6  15.9  17.3  17.0  18.0  17.3  16.3  19.2  19.0  17.7  13.7  15.8  18.4  19.2  17.0  15.6  17.3  14.8  16.5  14.7  16.5  15.2  16.6  15.8  16.2  16.1  16.8  16.7  16.6  17.1  17.3  17.1  16.9  17.6  17.5  16.8  17.8  16.7  17.4  16.8  17.3  16.2  16.5  15.9  16.2  15.4  16.2  15.6  16.4  15.4  16.4  16.7  16.6  16.1  16.9  16.9  17.2  17.5  15.9  16.3  16.5  19.3  17.7  18.6  17.4  18.6  17.0  18.1  17.0  17.9  16.0  16.7  15.9  16.9  16.8  17.2  16.9  17.7  16.4  16.5  15.9  16.0  15.3  15.8  14.8  15.1  14.5  15.4  15.0  15.2  15.4  16.3  16.1  16.6  15.4  15.7  14.9  15.1  14.4  15.1  14.8  15.0  14.0  14.3  13.9  16.3  16.1  15.2  16.8  15.9  17.7  16.3  18.1  16.7  17.6  16.7  17.8  16.7  17.0  15.7  17.8  18.1  14.4  16.3  14.5  18.1  17.5  17.6  16.3  16.3  16.7  17.3  16.2  16.3  16.3  16.6  15.8  16.2  15.8  16.1  16.0  16.0  15.2  16.5  16.0  15.3  15.2  16.4  16.0  15.6  15.0  16.3  15.5  15.2  14.8  17.2  14.5  14.8  15.8  15.6  16.6  17.4  16.0  17.8  15.7  16.2  16.6 
Direction:  n n n n n n n n n n n n n n n n n n n n n n n n n n n n n n n n n n n n n n n n n n n n n n n n n n n n n n n n n n n n n n n n n n n n n n n n n n n n n n n n n n n n n n n n n n n n n n n n n n n n n n n n n n n n n n n n n n n n n n n n n n n n n n n n n n n n n n n n n n n n n n n n n n n n n n n n n n n n n n n n n n n n n n n n n n n n n n n n n n n n n n n n n n n n n n n n n n n n n n n n

50.0: Count:  16.7 (  1.2) A:  16.4 [10-30] B:  26.6 [10-48] Phase: 112 (10.04) Direction:  n
Phase: {0,0,0,0,0,0,0,0,0,0,0,0,0,0,0,0,0,0,0,0,0,0,0,0,0,0,0,0,0,0,0,0,0,0,0,13,0,0,0,0,0,0,0,0,0,0,0,0,0,0,0,15,5,4,22,5,20,30,17,14,24,7,71,75,33,19,86,77,103,196,96,166,218,313,364,350,423,595,486,901,882,770,1264,1406,1565,2109,2466,2533,2829,3083,6222,4530,5740,6939,8532,9617,11447,12280,12868,15151,16238,19163,18974,22851,23559,26274,27113,29370,33515,28564,33300,33738,33826,33780,32245,32374,27827,34222,29484,26056,24113,22187,21483,17497,16372,13982,12800,11335,8813,8048,6611,5964,4473,3935,3120,3236,1923,2048,1718,1378,1167,930,816,612,551,496,393,129,248,207,212,123,229,139,39,120,80,50,69,46,47,45,51,3,27,46,26,42,6,20,22,15,1,23,0,0,15,24,9,6,46,7,20,15,5,29,13,2,36,0,6,48,7,18,0,6,1,0,0,0,20,0,0,0,13,0,0,15,5,0,0,0,0,0,0,0,0,0,0,0,0,0,0,0,0,0,0,0,0,0,0,0,0,0,0,0,0,0,0,0,0,0,0,0,0,0,0,0,0,0,0,0,0,0,0,0,0,0,0,0,0,0,0,0,0,0,0,0,0,0,0,0,0,0,0,0,0,0,0,0,0,0,0,0,0,0,0,0,0,0,0,0,0,0,0,0,0,0,0,0,0,0,0,0,0,0,0,0,0,0,0,0,0,0,0,0,0,0,0,0,0,0,0,0,0,0,0,0,0,0,0,0,0,0,0,0,0,0,0,0,0,0,0,0,0,0,0,0,0,0,0,0,0,0,0,0,0,0,0,0}
Count:  18.7  17.6  16.0  16.4  17.0  16.6  15.2  17.0  15.2  16.6  15.3  16.6  15.8  16.9  14.8  16.5  14.9  16.9  14.6  17.3  15.0  17.5  15.9  18.7  16.3  17.0  15.6  17.8  17.4  18.6  14.9  19.8  17.8  18.7  16.2  17.9  17.3  18.7  17.9  16.4  19.5  18.8  18.4  14.4  16.3  18.4  19.5  17.3  16.4  17.6  15.2  16.8  14.7  16.6  15.3  17.1  15.9  16.3  16.7  16.9  17.1  17.4  17.3  17.4  17.7  17.1  17.9  18.0  17.9  17.9  17.5  17.6  17.3  17.9  16.4  16.7  15.7  16.5  15.7  16.3  15.9  16.4  16.0  16.4  17.0  16.6  16.3  17.2  17.0  17.4  18.0  16.4  16.7  16.6  19.7  18.1  19.3  17.6  19.0  17.5  18.8  17.4  18.8  16.5  17.8  16.1  18.0  16.6  18.0  17.3  18.1  16.9  17.1  16.8  16.8  15.4  16.0  15.6  15.6  15.1  15.8  15.4  16.0  15.9  16.4  16.0  17.0  15.8  16.4  15.2  15.9  15.1  15.3  15.4  14.9  14.0  15.0  14.2  16.3  16.6  15.7  16.8  16.5  18.0  16.8  18.2  17.1  18.4  16.7  17.9  17.4  17.4  15.9  18.4  18.1  14.8  16.8  14.7  18.4  17.6  18.0  16.5  16.8  17.1  17.6  16.6  16.3  16.4  16.9  16.0  16.1  15.6  16.5  16.2  16.2  15.2  16.6  16.0  15.8  15.0  16.5  16.1  15.6  15.1  16.4  15.6  15.3  15.0  17.9  14.9  15.1  16.1  16.3  17.2  17.9  16.7  18.0  16.3  16.5  17.2 
Direction:  n n n n n n n n n n n n n n n n n n n n n n n n n n n n n n n n n n n n n n n n n n n n n n n n n n n n n n n n n n n n n n n n n n n n n n n n n n n n n n n n n n n n n n n n n n n n n n n n n n n n n n n n n n n n n n n n n n n n n n n n n n n n n n n n n n n n n n n n n n n n n n n n n n n n n n n n n n n n n n n n n n n n n n n n n n n n n n n n n n n n n n n n n n n n n n n n n n n n n n n n

50.1: Count:  17.0 (  1.2) A:  16.9 [10-30] B:  27.0 [10-47] Phase: 112 ( 9.33) Direction:  n
Phase: {0,0,0,0,0,0,0,0,0,0,0,0,0,0,0,0,0,0,0,0,0,0,0,0,0,0,0,0,0,0,0,0,0,0,0,0,0,0,0,0,0,0,3,0,0,0,0,0,0,2,0,6,0,0,14,0,15,0,0,0,5,22,14,21,14,30,55,104,38,91,154,90,164,282,223,288,405,356,459,682,655,857,806,1292,990,1704,1818,2414,2700,3005,5440,4460,5507,6338,7393,8977,9890,11885,12894,15813,16168,18913,19199,23582,25103,28708,29169,31471,35731,30925,35195,37449,37677,37048,35619,35072,31604,34978,29960,26842,25701,22866,21191,17165,15699,14026,11832,9498,9214,7526,5999,5217,3987,3388,2477,2468,1790,1701,1540,1108,806,696,694,824,480,363,265,244,243,167,187,148,73,98,40,142,50,73,59,42,13,18,21,51,52,53,69,62,9,20,23,33,13,21,28,68,22,0,28,1,53,0,13,13,2,5,22,0,0,0,27,11,0,0,13,5,0,0,15,15,6,18,0,0,0,0,0,0,5,0,0,0,0,0,15,0,0,0,0,0,0,0,0,0,0,0,0,0,0,0,0,0,0,0,0,0,0,0,0,0,0,0,0,0,0,0,0,0,0,0,0,0,0,0,0,0,0,0,0,0,0,0,0,0,0,0,0,0,0,0,0,0,0,0,0,0,0,0,0,0,0,0,0,0,0,0,0,0,0,0,0,0,0,0,0,0,0,0,0,0,0,0,0,0,0,0,0,0,0,0,0,0,0,0,0,0,0,0,0,0,0,0,0,0,0,0,0,0,0,0,0,0,0,0,0,0,0,0,0,0,0,0,0,0,0,0,0,0,0,0,0,0,0,0,0,0,0,0,0,0}
Count:  19.0  18.1  16.3  17.0  17.6  17.3  15.7  17.1  15.6  17.1  15.6  16.9  15.9  17.5  15.5  16.4  15.4  17.3  14.8  17.3  15.6  17.5  16.0  18.9  16.4  17.0  15.9  18.2  18.1  18.8  15.1  20.4  18.3  18.9  16.7  18.3  17.4  18.6  18.4  16.6  19.9  19.3  18.9  14.5  16.4  18.4  19.9  18.2  16.7  18.0  15.6  17.1  15.1  17.1  15.8  17.5  16.2  17.0  17.6  17.3  17.4  17.3  18.3  17.5  18.2  17.5  18.9  18.0  18.0  18.2  17.7  17.8  18.2  17.8  16.3  16.5  16.5  16.5  16.1  16.6  16.6  16.3  16.1  16.6  17.0  17.2  16.7  17.2  17.5  17.7  18.7  17.0  17.3  16.8  19.7  17.9  19.5  17.8  19.7  17.5  19.3  17.6  19.1  17.2  18.6  16.7  18.2  17.2  18.5  18.0  18.7  17.2  17.5  17.0  17.8  16.6  16.6  16.1  16.8  15.6  15.9  15.4  16.4  16.2  17.0  16.1  17.6  15.8  17.1  15.5  16.3  14.8  15.7  15.5  15.0  14.5  15.0  14.7  16.7  16.7  16.2  17.4  16.8  18.5  17.1  18.8  17.4  18.9  17.4  18.2  17.6  17.8  16.6  19.1  18.6  15.2  16.9  15.0  18.6  17.2  18.0  16.6  16.9  17.2  17.7  16.8  16.7  16.5  17.2  16.2  16.1  15.9  16.7  16.0  16.0  15.4  16.8  16.3  15.8  15.4  16.7  16.3  15.6  15.2  16.6  15.6  15.6  15.4  17.9  15.2  14.9  16.3  16.4  17.3  18.2  17.0  18.0  16.8  16.8  17.5 
Direction:  n n n n n n n n n n n n n n n n n n n n n n n n n n n n n n n n n n n n n n n n n n n n n n n n n n n n n n n n n n n n n n n n n n n n n n n n n n n n n n n n n n n n n n n n n n n n n n n n n n n n n n n n n n n n n n n n n n n n n n n n n n n n n n n n n n n n n n n n n n n n n n n n n n n n n n n n n n n n n n n n n n n n n n n n n n n n n n n n n n n n n n n n n n n n n n n n n n n n n n n n

50.2: Count:  17.3 (  1.2) A:  17.6 [10-32] B:  27.4 [10-49] Phase: 112 ( 9.38) Direction:  n
Phase: {0,0,0,0,0,0,0,0,0,0,0,0,0,0,0,0,0,0,0,0,0,0,0,0,0,0,0,0,0,0,0,0,0,0,0,0,0,0,0,0,0,0,5,0,0,0,0,13,11,15,0,0,0,0,15,0,20,0,0,44,59,48,24,57,49,28,37,86,108,80,75,134,224,219,222,233,317,465,453,604,628,1069,1145,1249,1254,1696,2136,2476,2778,2872,5201,3748,4930,6323,7600,8322,9892,11626,12134,14672,15584,18444,18464,23443,23730,26826,27866,31360,34092,29978,35385,37212,36919,36768,36457,34595,31163,36085,31978,28862,27446,24210,22544,19496,17477,15940,13394,11800,9607,8266,6822,6079,4895,4526,3013,3345,1951,2162,1624,1407,1041,989,668,793,592,551,535,349,231,242,86,268,121,219,91,83,150,84,78,77,118,83,56,84,56,40,20,35,7,38,54,48,10,20,28,40,11,50,15,15,96,21,0,15,13,5,11,1,26,0,4,0,7,9,1,0,0,16,1,21,2,0,0,0,9,11,0,11,0,0,1,0,0,0,0,0,0,0,0,0,0,0,0,0,0,0,0,0,0,0,0,0,0,0,0,0,0,0,0,0,0,0,0,0,0,0,0,0,0,0,0,0,0,0,0,0,0,0,0,0,0,0,0,0,0,0,0,0,0,0,0,0,0,0,0,0,0,0,0,0,0,0,0,0,0,0,0,0,0,0,0,0,0,0,0,0,0,0,0,0,0,0,0,0,0,0,0,0,0,0,0,0,0,0,0,0,0,0,0,0,0,0,0,0,0,0,0,0,0,0,0,0,0,0,0,0,0,0,0,0,0,0,0,0,0,0,0,0,0,0,0,0,0,0,0,0,0,0,0,0}
Count:  19.2  18.3  16.6  17.4  18.1  17.4  16.1  17.4  15.5  17.4  16.1  17.4  16.2  17.6  15.6  16.8  15.5  17.2  15.2  17.4  15.5  17.9  16.6  19.6  16.3  17.7  16.2  18.0  18.5  19.2  15.8  20.7  18.2  18.6  16.9  18.3  17.7  19.0  18.7  17.1  19.8  19.8  19.2  15.1  16.7  18.9  20.4  18.5  17.0  18.1  15.8  17.6  15.7  17.2  16.2  17.7  16.4  17.0  17.5  17.6  17.6  17.7  18.4  18.0  18.7  18.0  18.6  18.2  18.6  18.6  18.2  18.4  18.4  18.3  16.5  16.8  16.8  17.2  16.4  17.0  17.2  16.8  17.0  16.8  17.7  17.4  17.1  17.7  18.3  17.8  19.1  17.1  18.0  17.5  20.0  18.2  19.7  18.0  19.9  17.9  19.6  17.7  19.5  17.5  18.4  17.0  18.8  17.9  18.9  17.9  19.2  17.7  18.2  16.9  18.0  16.8  17.4  16.5  16.7  16.1  16.3  15.8  16.6  16.2  17.2  16.9  17.9  16.1  17.2  15.8  16.9  15.3  16.2  15.6  15.5  14.8  15.3  14.7  17.3  17.4  16.7  17.9  17.2  19.2  17.2  19.5  17.8  19.1  17.6  18.6  17.9  18.0  16.5  19.1  18.4  15.1  17.4  15.0  18.8  17.2  18.4  16.8  17.3  17.4  17.8  16.7  16.5  16.6  17.1  16.3  16.5  16.3  17.1  16.1  16.1  15.4  16.9  16.4  15.8  15.3  16.7  16.3  15.9  15.3  16.9  15.9  15.6  15.5  18.3  15.6  15.1  16.4  16.4  17.5  18.5  17.1  18.4  17.4  17.4  18.1 
Direction:  n n n n n n n n n n n n n n n n n n n n n n n n n n n n n n n n n n n n n n n n n n n n n n n n n n n n n n n n n n n n n n n n n n n n n n n n n n n n n n n n n n n n n n n n n n n n n n n n n n n n n n n n n n n n n n n n n n n n n n n n n n n n n n n n n n n n n n n n n n n n n n n n n n n n n n n n n n n n n n n n n n n n n n n n n n n n n n n n n n n n n n n n n n n n n n n n n n n n n n n n

50.3: Count:  17.6 (  1.2) A:  18.2 [10-33] B:  27.9 [10-52] Phase: 113 ( 9.64) Direction:  n
Phase: {0,0,0,0,0,0,0,0,0,0,0,0,0,0,0,0,0,0,0,0,0,0,0,0,0,0,0,0,0,0,0,0,0,0,0,0,0,0,0,13,0,0,11,0,0,0,0,0,0,0,3,17,27,12,13,18,17,34,39,27,6,34,51,57,5,71,95,107,75,109,147,78,227,322,294,333,415,496,412,586,736,868,1032,1345,1439,1391,2255,1999,2240,2563,5108,3809,5016,5660,6541,7990,8994,9611,11417,14170,14866,16101,16455,20771,23078,24211,26342,29437,32581,29062,33152,34991,35698,35229,35786,36235,32433,36863,34858,31392,29707,27721,25623,22749,18860,18936,16123,13385,11524,10208,7901,7847,6162,4838,3751,4239,2798,2439,2054,1490,1419,1287,862,812,747,697,653,512,429,328,229,338,265,214,116,157,184,117,60,48,79,9,77,82,83,40,52,85,29,121,99,45,70,19,31,13,41,21,23,0,15,29,17,18,13,3,14,28,26,0,0,12,0,0,10,5,21,0,0,0,0,15,5,0,33,0,1,0,0,11,0,5,0,0,9,0,1,0,0,15,0,0,0,0,0,0,0,0,9,0,0,0,0,0,0,0,0,0,0,0,0,0,0,0,0,0,0,0,0,0,0,0,0,0,0,0,0,0,0,0,0,0,0,0,0,0,0,0,0,0,0,0,0,0,0,0,0,0,0,0,0,0,0,0,0,0,0,0,0,0,0,0,0,0,0,0,0,0,0,0,0,0,0,0,0,0,0,0,0,0,0,0,0,0,0,0,0,0,0,0,0,0,0,0,0,0,0,0,0,0,0,0,0,0,0,0,0,0,0,0,0,0,0,0,0,0,0,0,0,0,0,0,0,0,0,0,0,0,0,0}
Count:  19.4  18.7  16.7  17.3  17.8  17.4  16.4  17.8  15.8  17.9  16.3  18.1  16.3  18.0  15.8  17.0  15.4  17.8  15.3  17.5  16.0  17.9  16.3  19.7  16.7  17.6  17.0  18.4  18.6  19.3  16.1  20.7  18.6  18.9  17.3  18.6  18.0  19.4  18.8  17.6  20.3  20.0  19.2  15.8  17.0  18.9  20.6  18.2  17.1  18.6  16.2  17.7  15.8  17.6  16.6  17.8  16.7  17.8  17.6  17.8  17.7  17.9  18.0  18.2  18.9  18.6  19.3  18.5  19.2  18.6  18.6  18.3  18.5  18.4  17.2  17.4  17.0  17.2  17.4  17.0  17.7  17.4  17.3  17.3  17.6  17.8  17.4  17.5  18.5  18.2  19.5  17.9  18.0  17.6  20.3  18.4  20.1  18.3  19.9  18.2  19.8  17.9  19.4  17.6  18.7  17.4  19.0  17.6  19.1  17.8  19.5  17.8  18.4  17.5  18.5  16.5  17.4  16.5  17.0  16.4  16.8  16.5  17.1  16.5  17.7  17.2  17.8  16.5  17.8  16.5  17.2  15.4  16.6  15.7  16.0  15.0  15.6  15.0  17.6  17.6  17.0  18.2  17.1  18.8  17.6  19.6  17.8  19.6  17.3  18.7  18.3  18.3  16.8  19.8  18.8  15.5  17.9  15.3  18.7  17.5  18.5  16.9  17.2  17.3  18.0  16.8  16.9  16.7  17.6  16.5  16.3  16.0  17.0  16.5  16.2  15.5  16.9  16.8  16.1  15.5  16.9  16.4  15.9  15.3  16.7  16.2  15.8  15.4  18.4  15.5  15.5  16.6  16.7  17.7  18.8  17.3  18.8  17.7  17.4  18.2 
Direction:  n n n n n n n n n n n n n n n n n n n n n n n n n n n n n n n n n n n n n n n n n n n n n n n n n n n n n n n n n n n n n n n n n n n n n n n n n n n n n n n n n n n n n n n n n n n n n n n n n n n n n n n n n n n n n n n n n n n n n n n n n n n n n n n n n n n n n n n n n n n n n n n n n n n n n n n n n n n n n n n n n n n n n n n n n n n n n n n n n n n n n n n n n n n n n n n n n n n n n n n n

50.4: Count:  17.8 (  1.2) A:  18.8 [10-35] B:  28.5 [10-50] Phase: 114 ( 9.31) Direction:  n
Phase: {0,0,0,0,0,0,0,0,0,0,0,0,0,0,0,0,0,0,0,0,0,0,0,0,0,0,0,0,0,0,0,0,2,0,0,0,0,0,4,0,0,0,0,0,0,0,11,11,0,0,0,18,13,0,21,46,0,7,57,22,14,6,24,68,18,42,66,183,21,100,103,223,215,237,209,295,335,316,427,671,555,849,789,1013,1193,1209,1768,1643,1841,2194,4368,3171,4281,4816,5648,6491,7748,9042,10055,12214,12864,14544,15330,19583,20480,23397,24662,27738,31348,29071,32486,34934,36162,37263,38324,38300,34670,38325,37009,34453,32834,29275,27687,23571,22675,20864,18128,15416,13191,11594,9138,7974,7010,5993,4621,4790,3166,3066,2415,2118,1186,1408,1099,1206,803,584,743,516,543,288,381,322,293,298,138,151,185,238,113,89,82,59,93,114,77,71,45,66,73,99,99,83,55,45,55,68,32,20,11,27,104,41,18,25,24,37,38,66,35,16,30,24,26,1,29,11,30,22,0,0,9,0,0,0,0,0,0,0,0,0,12,0,0,0,0,14,0,7,0,0,0,0,0,0,0,5,0,0,0,0,0,0,0,0,0,0,0,0,0,0,0,0,0,0,0,0,0,0,0,0,0,0,0,0,0,0,0,0,0,0,0,0,0,0,0,0,0,0,0,0,0,0,0,0,0,0,0,0,0,0,0,0,0,0,0,0,0,0,0,0,0,0,0,0,0,0,0,0,0,0,0,0,0,0,0,0,0,0,0,0,0,0,0,0,0,0,0,0,0,0,0,0,0,0,0,0,0,0,0,0,0,0,0,0,0,0,0,0,0,0,0,0,0,0,0,0,0,0,0,0,0,0,0,0,0,0,0,0,0,0}
Count:  19.7  18.9  16.8  17.5  17.9  18.0  16.3  18.0  16.1  18.0  16.8  18.1  16.8  18.4  15.7  17.4  15.5  17.9  15.3  17.8  16.5  18.2  16.4  19.9  17.1  18.3  17.1  18.6  18.7  19.3  16.3  20.7  18.8  18.9  17.4  19.1  18.2  19.1  19.6  18.1  20.7  20.2  19.5  15.8  17.1  19.0  21.3  18.6  17.2  18.5  16.5  17.9  16.0  17.9  16.9  18.2  16.8  17.8  18.0  18.2  18.3  17.9  18.2  18.5  19.6  18.8  19.7  19.0  19.2  19.4  19.1  18.4  19.2  18.5  17.7  17.3  17.3  17.4  17.4  17.2  17.6  17.1  18.1  17.6  18.1  18.1  18.2  17.7  18.4  18.3  19.8  18.0  18.0  17.8  20.6  18.5  19.8  18.3  20.5  18.3  19.9  18.1  19.6  17.6  19.1  17.4  19.2  17.8  19.5  18.4  19.8  18.0  19.0  17.7  18.6  17.0  18.2  17.4  17.5  16.1  17.0  16.8  17.3  16.9  17.8  17.1  18.0  16.6  17.9  16.0  17.4  15.7  16.9  15.7  16.2  15.3  15.9  15.4  18.3  17.7  17.2  18.9  17.4  18.7  17.6  20.1  17.6  19.7  18.0  18.6  18.3  18.2  16.8  20.4  19.3  15.8  18.3  15.4  18.9  18.0  18.3  17.1  17.3  17.5  18.0  17.1  17.0  16.9  17.4  16.7  16.4  16.6  17.1  16.7  16.6  15.8  17.0  16.8  16.0  15.8  17.1  16.4  16.0  15.4  17.0  16.3  15.8  15.6  18.6  15.6  15.2  16.9  16.8  17.5  18.8  17.4  18.6  18.0  17.9  18.2 
Direction:  n n n n n n n n n n n n n n n n n n n n n n n n n n n n n n n n n n n n n n n n n n n n n n n n n n n n n n n n n n n n n n n n n n n n n n n n n n n n n n n n n n n n n n n n n n n n n n n n n n n n n n n n n n n n n n n n n n n n n n n n n n n n n n n n n n n n n n n n n n n n n n n n n n n n n n n n n n n n n n n n n n n n n n n n n n n n n n n n n n n n n n n n n n n n n n n n n n n n n n n n

50.5: Count:  17.9 (  1.3) A:  19.3 [10-34] B:  29.3 [10-51] Phase: 115 ( 8.90) Direction:  n
Phase: {0,0,0,0,0,0,0,0,0,0,0,0,0,0,0,0,0,0,0,0,0,0,0,0,0,0,0,0,0,0,0,0,0,0,0,0,15,0,0,0,0,0,0,0,0,0,0,0,13,0,0,0,0,15,0,0,6,17,21,0,24,13,27,33,31,21,21,38,101,121,24,54,199,192,160,163,146,174,296,303,357,522,505,680,826,873,1159,996,1509,1640,3301,2090,2788,3699,4191,5032,5626,7010,7897,9066,11098,13235,13399,16472,18803,22012,22981,26991,31610,29164,33709,37248,38779,39031,40750,40889,37715,43424,41777,37482,36011,33238,30444,26380,25236,22775,18497,16963,13938,11755,9308,7979,7300,5711,3634,4374,2556,2607,2001,1891,1364,1210,879,812,685,505,669,309,360,332,241,163,272,372,140,141,197,84,98,98,107,46,97,127,48,71,79,35,35,38,54,44,27,90,16,117,47,35,19,0,128,0,27,5,21,34,86,10,9,5,1,13,0,16,0,0,13,9,0,0,7,0,0,0,0,0,0,13,0,0,0,0,0,0,0,0,0,0,0,0,0,7,0,0,7,0,0,0,0,0,0,0,0,0,0,0,0,0,0,0,0,0,0,0,0,0,0,0,0,0,0,0,0,0,0,0,0,0,0,0,0,0,0,0,0,0,0,0,0,0,0,0,0,0,0,0,0,0,0,0,0,0,0,0,0,0,0,0,0,0,0,0,0,0,0,0,0,0,0,0,0,0,0,0,0,0,0,0,0,0,0,0,0,0,0,0,0,0,0,0,0,0,0,0,0,0,0,0,0,0,0,0,0,0,0,0,0,0,0,0,0,0,0,0,0,0,0,0,0,0,0,0,0,0,0,0,0,0,0,0}
Count:  20.1  18.9  17.3  17.8  18.2  18.2  16.4  18.1  16.1  18.6  16.8  18.2  16.9  19.0  16.0  17.4  15.9  18.0  15.7  17.9  16.3  18.3  17.1  19.9  17.7  18.2  17.3  18.3  18.7  19.5  16.4  21.1  19.0  19.2  17.6  19.0  18.3  19.1  19.7  18.6  20.7  20.0  19.8  16.0  17.3  19.1  21.1  18.7  17.6  18.6  16.4  18.0  16.2  18.0  16.9  18.5  17.6  18.0  18.5  18.0  18.4  18.2  18.8  18.5  19.3  18.8  20.1  19.0  19.4  19.5  19.0  18.6  19.5  18.4  17.6  17.3  17.4  17.3  17.3  17.3  18.0  17.0  18.1  17.5  18.5  18.2  18.1  17.9  18.7  18.3  19.9  18.0  18.6  17.8  20.8  18.8  20.0  18.4  20.6  18.4  20.0  18.2  19.9  17.8  19.3  17.3  19.4  18.5  19.8  18.8  20.0  18.5  19.5  18.0  18.8  17.7  17.9  17.2  17.5  16.6  16.7  16.9  17.2  16.8  18.4  17.7  18.4  16.7  17.9  16.5  17.6  15.7  17.2  16.2  16.3  15.5  16.3  15.5  18.1  18.8  17.5  19.1  17.6  19.5  17.8  20.4  18.1  19.8  18.1  19.0  18.4  18.4  16.9  20.2  19.4  15.9  17.9  15.6  19.0  18.1  18.1  16.8  17.7  17.5  18.2  17.0  17.1  16.6  17.3  16.6  16.5  16.5  17.4  16.6  16.4  15.9  17.0  16.7  15.9  15.9  17.0  16.6  16.0  15.7  16.9  16.4  15.9  15.5  18.7  15.6  15.3  16.7  17.0  17.7  19.2  17.7  18.8  18.1  18.0  18.5 
Direction:  n n n n n n n n n n n n n n n n n n n n n n n n n n n n n n n n n n n n n n n n n n n n n n n n n n n n n n n n n n n n n n n n n n n n n n n n n n n n n n n n n n n n n n n n n n n n n n n n n n n n n n n n n n n n n n n n n n n n n n n n n n n n n n n n n n n n n n n n n n n n n n n n n n n n n n n n n n n n n n n n n n n n n n n n n n n n n n n n n n n n n n n n n n n n n n n n n n n n n n n n

50.6: Count:  18.0 (  1.3) A:  19.8 [10-34] B:  30.1 [10-55] Phase: 116 ( 7.97) Direction:  n
Phase: {0,0,0,0,0,0,0,0,0,0,0,0,0,0,0,0,0,0,0,0,0,0,0,0,0,0,0,0,0,0,0,0,0,0,0,0,0,0,0,0,0,0,0,0,0,0,0,0,0,0,0,0,0,0,0,0,12,0,0,24,0,12,13,7,0,9,63,43,59,35,26,5,74,43,88,101,40,106,132,255,200,210,250,423,538,585,623,803,737,959,1996,1264,1722,2389,3085,2904,3610,4330,5397,6205,7715,9877,10728,13830,15270,18210,22305,24477,30075,27664,34607,37548,41933,42487,44246,46719,43641,49740,46085,43659,41881,37943,36369,30076,27407,23219,21358,16533,13499,11448,8202,7498,5596,4632,3444,3753,1843,1992,2003,1491,843,872,607,721,538,544,444,518,297,198,173,177,210,156,79,73,123,74,156,66,64,31,75,73,87,60,57,11,28,65,6,53,17,16,23,76,48,5,38,24,17,0,22,21,6,7,0,0,1,1,18,27,0,0,5,0,0,13,3,0,0,7,38,0,0,0,7,1,0,0,1,0,0,0,0,2,13,0,0,0,0,7,0,0,0,0,0,0,0,0,0,0,0,0,0,0,0,0,0,0,0,0,0,0,0,0,0,0,0,0,0,0,0,0,0,0,0,0,0,0,0,0,0,0,0,0,0,0,0,0,0,0,0,0,0,0,0,0,0,0,0,0,0,0,0,0,0,0,0,0,0,0,0,0,0,0,0,0,0,0,0,0,0,0,0,0,0,0,0,0,0,0,0,0,0,0,0,0,0,0,0,0,0,0,0,0,0,0,0,0,0,0,0,0,0,0,0,0,0,0,0,0,0,0,0,0,0,0,0,0,0,0,0,0,0,0,0,0,0,0}
Count:  20.1  19.0  17.0  17.5  18.6  18.4  16.2  18.4  16.3  19.2  17.0  18.5  17.2  18.9  16.0  17.6  15.9  18.1  15.6  17.8  16.2  18.4  17.4  20.1  17.6  18.1  17.3  18.5  19.2  19.8  16.4  21.4  18.8  19.5  17.5  19.0  18.6  20.2  20.1  18.5  21.0  20.5  20.3  16.1  17.5  19.1  21.0  18.6  17.6  18.8  16.6  18.1  16.1  18.6  17.1  18.4  17.6  18.3  18.2  18.2  18.6  18.6  19.0  18.4  19.5  18.8  20.2  19.0  19.5  19.4  19.4  18.6  19.2  18.9  17.7  17.4  17.6  17.2  17.7  17.2  18.4  17.4  18.1  17.6  19.0  17.9  18.3  17.7  18.9  18.3  19.7  18.1  18.7  17.5  20.6  18.7  20.6  18.5  21.0  18.5  20.7  18.3  20.0  18.0  19.6  17.9  19.8  18.6  19.9  18.9  20.0  18.6  19.6  18.2  19.0  17.9  18.6  17.3  17.6  17.0  17.7  17.0  17.8  17.1  18.5  17.7  18.7  17.1  18.2  16.7  17.6  15.6  17.3  16.1  16.7  15.6  16.0  15.2  18.0  18.9  17.4  19.5  18.1  19.7  18.2  20.5  18.1  19.7  18.2  19.1  18.7  18.6  16.9  20.2  19.4  15.9  17.9  15.5  19.2  17.8  18.3  17.0  17.7  17.4  18.1  17.2  17.1  17.0  17.6  16.6  16.6  16.1  17.3  16.6  16.5  16.1  17.1  16.8  16.1  15.8  16.9  16.8  16.0  15.8  17.0  16.4  16.1  15.8  19.0  15.7  15.4  17.1  17.0  18.0  19.5  17.7  18.7  18.5  18.2  18.5 
Direction:  n n n n n n n n n n n n n n n n n n n n n n n n n n n n n n n n n n n n n n n n n n n n n n n n n n n n n n n n n n n n n n n n n n n n n n n n n n n n n n n n n n n n n n n n n n n n n n n n n n n n n n n n n n n n n n n n n n n n n n n n n n n n n n n n n n n n n n n n n n n n n n n n n n n n n n n n n n n n n n n n n n n n n n n n n n n n n n n n n n n n n n n n n n n n n n n n n n n n n n n n

50.7: Count:  18.2 (  1.3) A:  20.2 [10-34] B:  31.0 [10-52] Phase: 117 ( 7.01) Direction:  n
Phase: {0,0,0,0,0,0,0,0,0,0,0,0,0,0,0,0,0,0,0,0,0,0,0,0,0,0,0,0,0,0,0,0,0,0,0,0,0,0,0,0,0,0,0,0,0,0,0,0,0,0,0,0,0,0,0,0,7,0,0,0,18,0,0,13,7,0,18,10,37,54,33,29,25,79,109,80,102,90,91,202,142,209,242,251,296,414,420,594,619,506,1349,801,1149,1610,1744,2104,2344,2629,3636,5139,5150,7149,7222,10359,11477,15379,17245,20409,26147,25793,31214,36807,40324,46231,47002,50114,48377,54772,53289,49142,46560,44474,42642,34476,31943,27243,22891,18246,14158,11796,8506,6707,5850,4636,3187,3600,1887,1852,1668,1307,1001,783,933,697,387,391,392,284,209,234,222,180,185,267,126,73,92,170,109,93,116,40,98,63,69,66,71,7,17,66,47,74,45,60,47,43,9,28,2,0,30,6,7,1,7,18,5,22,0,31,20,13,0,0,0,0,0,0,0,0,11,0,0,0,1,0,0,0,0,0,0,0,0,0,0,0,0,0,0,0,0,0,0,0,0,0,0,0,0,0,0,0,0,0,0,0,0,0,0,0,0,0,0,0,0,0,0,0,0,0,0,0,0,0,0,0,0,0,0,0,0,0,0,0,0,0,0,0,0,0,0,0,0,0,0,0,0,0,0,0,0,0,0,0,0,0,0,0,0,0,0,0,0,0,0,0,0,0,0,0,0,0,0,0,0,0,0,0,0,0,0,0,0,0,0,0,0,0,0,0,0,0,0,0,0,0,0,0,0,0,0,0,0,0,0,0,0,0,0,0,0,0,0,0,0,0,0,0,0,0,0,0,0,0,0,0,0,0,0,0}
Count:  19.9  19.2  17.4  17.7  18.7  18.2  16.3  18.5  16.5  18.9  17.2  19.0  17.2  18.8  16.3  18.0  16.0  18.6  15.9  18.0  16.5  18.7  17.5  20.3  17.5  18.5  17.6  18.9  18.9  19.8  16.8  21.9  19.0  19.8  17.9  19.2  18.5  20.0  19.9  19.0  21.1  20.5  20.7  16.3  17.3  19.2  21.1  19.0  17.8  18.7  17.3  18.5  16.3  18.6  17.4  18.9  18.0  18.5  18.6  18.3  18.9  18.6  19.5  18.6  20.1  18.9  20.5  19.1  20.0  19.4  19.5  18.8  19.3  19.2  17.9  17.5  18.3  17.6  18.3  17.6  18.6  17.6  18.2  17.6  18.6  18.3  18.3  18.1  19.2  18.4  20.0  18.5  18.8  17.8  21.0  18.7  20.7  18.7  20.9  18.6  20.4  18.3  20.0  18.0  19.9  18.2  20.1  18.5  20.0  18.9  20.2  18.8  19.5  18.6  19.6  18.1  18.8  17.4  17.9  16.9  17.6  17.4  17.6  17.4  18.8  17.7  19.2  17.4  18.5  17.0  18.4  16.0  17.4  16.3  16.6  16.0  16.5  15.3  18.3  19.0  17.8  19.7  18.2  19.6  18.6  20.4  18.1  19.9  18.3  19.1  18.8  18.5  17.2  20.9  19.5  15.7  18.3  15.6  19.2  17.8  18.8  17.0  17.9  17.5  18.1  17.2  16.9  16.8  17.8  16.6  16.7  16.3  17.2  16.6  16.6  16.0  17.2  16.9  16.1  15.9  16.7  16.8  16.0  15.8  17.0  16.3  16.1  15.8  18.8  15.7  15.4  17.2  17.2  18.2  19.5  17.7  19.0  18.5  18.4  18.7 
Direction:  n n n n n n n n n n n n n n n n n n n n n n n n n n n n n n n n n n n n n n n n n n n n n n n n n n n n n n n n n n n n n n n n n n n n n n n n n n n n n n n n n n n n n n n n n n n n n n n n n n n n n n n n n n n n n n n n n n n n n n n n n n n n n n n n n n n n n n n n n n n n n n n n n n n n n n n n n n n n n n n n n n n n n n n n n n n n n n n n n n n n n n n n n n n n n n n n n n n n n n n n

50.8: Count:  18.3 (  1.3) A:  20.6 [10-35] B:  32.0 [10-55] Phase: 117 ( 6.48) Direction:  nPhase: 127 ( 3.74) Direction:  nPhase: 120 ( 2.43) Direction:  n
Phase: {0,0,0,0,0,0,0,0,0,0,0,0,0,0,0,0,0,0,0,0,0,0,0,0,0,0,0,0,0,0,0,0,0,0,0,0,0,0,0,0,0,0,0,0,0,15,0,0,0,0,0,0,0,0,0,0,0,0,7,0,16,11,0,23,17,14,17,7,17,16,62,5,29,27,31,109,34,67,54,96,188,120,237,165,324,242,321,459,427,538,1280,666,941,1031,1296,1317,1995,2397,2525,3561,4314,5218,6019,7492,9816,12139,13773,17113,20736,21836,27506,33406,37671,42089,46649,50788,49657,57034,57714,53131,53047,50421,46359,37790,35335,30718,26115,20533,16941,13233,10080,8409,5844,4699,3195,3538,2042,1649,1896,1372,978,806,652,639,506,482,410,384,371,334,226,202,238,240,95,114,185,98,103,170,144,96,120,93,100,106,90,66,38,27,61,14,53,50,41,26,23,31,36,7,79,0,51,3,39,12,5,0,16,0,9,25,0,0,0,0,0,12,0,0,0,11,0,0,0,0,0,0,0,0,0,0,0,0,0,0,0,9,0,0,0,0,0,0,0,0,0,0,0,0,0,0,0,0,0,0,0,0,0,0,0,0,0,0,0,0,0,0,0,0,0,0,0,0,0,0,0,0,0,0,0,0,0,0,0,0,0,0,0,0,0,0,0,0,0,0,0,0,0,0,0,0,0,0,0,0,0,0,0,0,0,0,0,0,0,0,0,0,0,0,0,0,0,0,0,0,0,0,0,0,0,0,0,0,0,0,0,0,0,0,0,0,0,0,0,0,0,0,0,0,0,0,0,0,0,0,0,0,0,0,0,0,0,0,0,0,0,0,0,0,0,0,0,0,0,0,0,0,0,0}
Count:  20.2  19.3  17.2  17.7  18.8  18.4  16.4  18.6  16.6  19.2  16.9  18.8  17.6  18.8  16.1  18.2  16.1  18.3  15.8  18.3  16.6  18.8  17.5  20.3  17.8  18.3  18.0  19.0  19.0  19.9  16.8  21.7  19.2  19.6  18.2  19.4  18.8  20.3  20.1  19.4  20.8  20.7  20.7  16.4  17.2  19.2  21.2  19.0  17.9  18.8  16.8  18.6  16.6  18.6  17.7  18.9  18.0  18.5  18.4  18.5  19.0  18.6  19.6  18.6  19.8  19.2  20.7  19.3  20.5  19.9  19.8  18.8  19.9  18.7  18.1  17.7  18.5  17.4  18.1  17.7  18.4  17.9  19.0  17.7  19.1  18.0  18.4  17.8  19.3  18.6  19.9  18.5  18.8  17.9  21.0  19.0  20.8  18.6  20.8  18.5  20.9  18.4  20.2  18.1  20.5  18.3  20.1  18.8  20.2  19.1  20.4  18.6  19.7  18.4  19.7  18.2  18.8  17.3  18.2  16.9  17.6  17.4  17.7  17.3  18.6  17.9  19.1  17.2  18.4  17.0  18.4  16.4  17.4  16.7  17.0  16.1  16.8  15.8  18.4  19.2  17.7  19.6  18.4  19.8  18.8  20.4  18.6  20.0  18.1  19.2  19.1  18.8  17.2  20.7  19.3  15.8  18.3  15.8  18.9  18.0  18.6  17.3  17.7  17.7  18.2  17.3  17.2  16.9  17.6  16.9  16.7  16.4  17.3  16.9  16.7  16.2  17.3  16.8  16.2  15.9  17.0  16.9  16.3  16.1  17.0  16.4  16.0  15.7  18.9  15.7  15.6  17.6  17.1  18.5  19.5  18.0  18.8  18.7  18.6  18.6 
Direction:  n n n n n n n n n n n n n n n n n n n n n n n n n n n n n n n n n n n n n n n n n n n n n n n n n n n n n n n n n n n n n n n n n n n n n n n n n n n n n n n n n n n n n n n n n n n n n n n n n n n n n n n n n n n n n n n n n n n n n n n n n n n n n n n n n n n n n n n n n n n n n n n n n n n n n n n n n n n n n n n n n n n n n n n n n n n n n n n n n n n n n n n n n n n n n n n n n n n n n n n n

50.9: Count:  18.4 (  1.3) A:  21.0 [10-36] B:  33.0 [10-56] Phase: 119 ( 6.31) Direction:  nPhase: 107 ( 2.96) Direction:  n
Phase: {0,0,0,0,0,0,0,0,0,0,0,0,0,0,0,0,0,0,0,0,0,0,0,0,0,0,0,0,0,0,0,0,0,0,0,0,0,0,0,0,0,0,0,0,0,0,0,0,0,5,0,0,0,0,0,0,0,0,0,0,2,0,0,30,15,30,13,34,22,51,59,47,78,72,47,97,155,92,76,72,253,205,213,142,251,288,334,290,507,414,968,578,758,1052,1404,1300,1745,1859,2317,2924,3641,4546,4782,6711,8249,9957,12532,15807,19238,19459,25397,29284,33948,37540,43764,47147,48908,55063,55708,55983,55548,51232,49697,42869,39631,34944,28772,24036,19897,15362,10852,9614,7228,5996,3920,4222,2539,2392,1962,1491,1253,1281,944,901,652,612,561,445,370,289,305,199,287,259,304,159,224,148,210,83,95,114,95,177,96,76,105,98,43,96,45,113,30,22,92,71,54,39,4,13,58,17,0,18,7,0,47,0,13,30,55,15,0,0,0,13,7,0,0,0,0,0,9,0,0,0,0,0,0,0,0,0,4,7,0,0,0,0,0,0,0,0,0,0,0,0,0,0,0,0,0,0,0,0,0,0,0,0,0,0,0,0,0,0,0,0,0,0,0,0,0,0,0,0,0,0,0,0,0,0,0,0,0,0,0,0,0,0,0,0,0,0,0,0,0,0,0,0,0,0,0,0,0,0,0,0,0,0,0,0,0,0,0,0,0,0,0,0,0,0,0,0,0,0,0,0,0,0,0,0,0,0,0,0,0,0,0,0,0,0,0,0,0,0,0,0,0,0,0,0,0,0,0,0,0,0,0,0,0,0,0,0,0,0,0,0,0,0,0,0,0,0,0,0,0,0,0,0,0,0}
Count:  20.5  19.4  17.5  17.7  18.9  18.6  16.5  18.7  16.7  18.9  17.0  18.9  17.2  19.2  16.5  18.0  15.7  18.5  16.1  18.4  16.3  18.7  17.5  20.5  17.8  18.4  18.2  18.6  19.2  20.3  16.9  22.0  19.2  19.7  18.0  19.6  18.3  19.9  20.2  19.8  20.8  20.7  20.6  16.6  17.5  19.3  21.3  19.2  17.8  18.8  16.8  18.6  16.6  18.6  17.6  18.8  18.0  18.6  18.9  18.9  19.0  18.6  19.7  18.7  19.7  19.3  21.1  19.2  20.4  19.5  19.9  18.7  19.6  18.9  17.9  17.9  18.2  17.9  18.0  17.8  18.7  17.8  19.0  17.5  19.1  18.0  18.7  17.8  19.1  18.7  20.2  18.5  19.2  18.0  21.0  18.9  20.7  18.7  20.9  18.7  20.9  18.4  20.5  18.4  20.2  18.1  20.1  18.6  20.3  18.8  20.7  18.7  19.6  18.7  19.5  18.0  18.6  17.4  18.4  17.3  17.9  17.9  17.6  17.2  18.6  18.1  18.9  17.5  18.5  17.1  18.6  16.3  17.4  16.6  17.3  15.7  16.8  16.2  18.9  19.3  18.0  19.6  18.4  19.9  18.8  20.6  18.4  20.0  18.3  19.1  19.1  18.7  17.1  20.7  19.4  16.0  18.5  15.8  19.2  18.2  18.8  17.4  17.9  17.6  18.3  17.6  17.1  16.9  17.7  16.9  16.6  16.6  17.6  16.9  16.7  16.2  17.4  16.9  16.3  16.1  17.1  16.8  16.2  15.7  16.9  16.5  16.3  15.8  19.0  15.9  15.6  17.4  17.3  18.4  19.8  17.9  19.0  19.0  18.5  18.9 
Direction:  n n n n n n n n n n n n n n n n n n n n n n n n n n n n n n n n n n n n n n n n n n n n n n n n n n n n n n n n n n n n n n n n n n n n n n n n n n n n n n n n n n n n n n n n n n n n n n n n n n n n n n n n n n n n n n n n n n n n n n n n n n n n n n n n n n n n n n n n n n n n n n n n n n n n n n n n n n n n n n n n n n n n n n n n n n n n n n n n n n n n n n n n n n n n n n n n n n n n n n n n

51.0: Count:  18.4 (  1.3) A:  21.3 [10-37] B:  34.0 [10-58] Phase: 119 ( 6.80) Direction:  n
Phase: {0,0,0,0,0,0,0,0,0,0,0,0,0,0,0,0,0,0,0,0,0,0,0,0,0,0,0,0,0,0,0,0,0,0,0,0,0,0,0,0,0,0,0,0,0,20,0,0,0,15,0,0,13,0,2,0,0,0,30,4,34,20,7,17,20,28,10,78,22,18,40,28,62,42,37,94,81,198,165,143,183,192,140,203,399,306,489,481,576,386,865,720,724,1009,1144,1393,1849,1771,2173,2551,3471,4876,4505,6336,7346,9221,10816,13516,17308,18376,22346,28500,30199,37181,41359,43831,46919,53325,54912,55222,56234,53867,51872,45502,41757,35571,31875,26809,22914,17565,14958,10328,8300,7103,5554,5175,3307,3166,2488,2144,1356,1439,1169,1104,894,744,678,524,588,479,482,400,269,245,255,196,342,153,230,212,145,96,150,120,64,115,105,105,66,142,130,82,44,106,69,54,18,42,36,30,76,26,9,20,86,11,22,16,24,35,5,0,23,13,0,12,5,0,2,0,0,15,0,1,1,0,0,7,0,0,13,0,0,0,0,0,0,0,0,0,0,0,0,0,0,0,0,0,0,0,0,0,0,0,0,0,0,0,0,0,0,0,0,0,0,0,0,0,0,0,0,0,0,0,0,0,0,0,0,0,0,0,0,0,0,0,0,0,0,0,0,0,0,0,0,0,0,0,0,0,0,0,0,0,0,0,0,0,0,0,0,0,0,0,0,0,0,0,0,0,0,0,0,0,0,0,0,0,0,0,0,0,0,0,0,0,0,0,0,0,0,0,0,0,0,0,0,0,0,0,0,0,0,0,0,0,0,0,0,0,0,0,0,0,0,0,0,0,0,0,0,0,0,0,0,0,0,0,0,0}
Count:  20.0  19.2  17.5  18.0  18.9  18.2  16.3  18.4  16.5  19.0  17.2  19.2  17.6  19.4  16.3  18.0  15.9  19.0  16.2  18.3  16.6  18.7  17.7  20.5  18.2  18.4  18.1  19.0  19.4  20.1  17.1  22.0  19.0  19.7  18.4  19.5  18.2  20.2  20.6  19.1  21.3  21.2  20.6  16.6  17.9  19.4  20.9  19.1  17.9  18.7  17.1  18.8  16.9  18.7  17.9  19.2  18.0  18.7  19.2  18.3  19.1  18.7  19.4  19.0  19.9  19.4  20.6  19.3  20.6  20.0  20.1  19.3  20.0  19.1  18.0  17.8  18.4  17.9  18.2  17.8  18.9  17.9  18.8  17.9  18.9  18.4  19.0  18.0  19.5  18.7  20.1  18.2  19.1  18.2  20.7  19.0  20.8  18.8  21.4  18.8  20.9  18.6  20.2  18.4  19.8  17.9  20.2  18.4  20.6  19.1  20.9  18.7  19.9  18.7  19.7  17.9  19.1  17.3  18.6  17.2  18.0  17.5  18.0  17.7  18.7  18.6  19.4  17.3  18.4  17.0  18.6  16.6  17.7  16.8  17.0  15.5  16.7  16.0  18.6  19.7  18.3  19.8  18.4  20.0  18.6  20.9  18.2  20.2  18.2  19.3  19.2  18.9  17.2  20.6  19.5  16.5  18.5  15.6  19.4  18.2  19.0  17.4  17.8  17.8  18.4  17.3  17.1  16.8  17.6  16.9  16.6  16.2  17.5  16.7  16.8  16.1  17.4  17.0  16.5  16.0  17.0  16.7  16.3  16.0  17.2  16.6  16.1  15.6  19.2  15.8  15.4  17.5  17.2  18.6  19.9  18.1  18.9  19.0  18.5  18.8 
Direction:  n n n n n n n n n n n n n n n n n n n n n n n n n n n n n n n n n n n n n n n n n n n n n n n n n n n n n n n n n n n n n n n n n n n n n n n n n n n n n n n n n n n n n n n n n n n n n n n n n n n n n n n n n n n n n n n n n n n n n n n n n n n n n n n n n n n n n n n n n n n n n n n n n n n n n n n n n n n n n n n n n n n n n n n n n n n n n n n n n n n n n n n n n n n n n n n n n n n n n n n n

51.1: Count:  18.4 (  1.3) A:  21.5 [10-37] B:  35.0 [10-61] Phase: 120 ( 6.35) Direction:  nPhase: 108 ( 3.15) Direction:  n
Phase: {0,0,0,0,0,0,0,0,0,0,0,0,0,0,0,0,0,0,0,0,0,0,0,0,0,0,0,0,0,0,0,0,0,0,0,0,0,0,0,0,0,0,0,0,0,0,0,0,0,0,0,0,9,11,0,0,0,0,26,9,20,4,38,18,5,13,39,31,18,24,44,32,16,15,73,112,77,100,76,123,190,232,169,228,263,256,417,393,362,478,862,648,1057,923,1013,1191,1793,1912,2358,2758,3364,3914,4204,5555,7158,8129,9601,12881,15792,16679,21105,26449,28809,33714,39358,43254,44850,53562,53012,55376,56214,55106,53171,47317,44370,39314,34028,28329,23293,19648,15365,12697,10226,7980,6095,5662,3507,3321,2608,2204,1876,1749,1113,1262,763,702,784,375,498,510,446,412,416,338,170,252,387,196,212,163,214,133,171,124,112,95,128,93,92,56,52,78,34,88,67,47,55,38,50,22,35,31,20,19,23,36,5,33,3,15,36,0,0,9,7,0,0,15,13,9,0,0,0,0,0,0,0,0,0,13,0,0,0,0,0,0,0,0,0,0,0,0,0,0,0,0,0,0,0,0,0,0,0,0,0,0,0,0,0,0,0,0,0,0,0,0,0,0,0,0,0,0,0,0,0,0,0,0,0,0,0,0,0,0,0,0,0,0,0,0,0,0,0,0,0,0,0,0,0,0,0,0,0,0,0,0,0,0,0,0,0,0,0,0,0,0,0,0,0,0,0,0,0,0,0,0,0,0,0,0,0,0,0,0,0,0,0,0,0,0,0,0,0,0,0,0,0,0,0,0,0,0,0,0,0,0,0,0,0,0,0,0,0,0,0,0,0,0,0,0,0,0,0,0,0,0,0,0,0,0}
Count:  20.3  19.2  17.5  18.4  18.8  18.3  16.5  18.6  16.8  19.2  17.2  19.4  17.4  19.3  16.7  17.9  16.0  18.8  16.0  18.2  16.7  18.6  17.4  20.6  18.0  18.4  18.2  18.5  19.0  19.8  17.4  22.1  19.1  19.7  18.6  19.5  18.4  20.3  20.5  19.7  21.2  21.2  20.8  17.3  17.9  19.1  21.3  18.8  18.0  18.5  17.0  18.5  17.1  18.8  17.9  19.7  18.3  19.1  18.9  18.3  18.8  18.9  19.1  19.2  20.1  19.3  20.8  19.6  20.7  20.2  20.1  19.3  19.9  18.9  18.7  18.0  18.6  18.1  18.4  17.9  18.6  17.8  18.8  17.9  19.3  18.7  19.1  18.2  19.7  18.6  19.9  18.5  19.0  18.5  20.8  18.9  20.6  18.9  21.1  18.5  21.1  18.4  20.2  18.5  19.5  18.0  20.4  18.6  20.3  19.3  20.5  18.9  19.9  18.8  19.7  18.2  19.0  17.7  18.6  17.5  18.0  17.6  18.3  17.5  18.9  18.6  19.0  17.6  19.0  17.1  18.1  16.4  17.9  16.9  17.0  15.7  16.7  16.0  18.5  19.4  18.3  19.8  18.5  20.0  18.7  20.9  18.4  20.1  18.1  19.5  19.2  19.1  17.3  20.7  19.6  16.4  18.6  15.5  19.3  18.2  18.9  17.2  17.7  17.7  18.3  17.3  17.2  16.8  17.7  16.7  16.4  16.5  17.5  16.6  16.7  16.1  17.4  17.0  16.6  16.1  17.0  16.6  16.1  16.0  17.1  16.6  16.1  15.7  19.2  15.9  15.2  17.6  17.3  18.5  19.7  18.0  18.9  18.9  18.7  18.8 
Direction:  n n n n n n n n n n n n n n n n n n n n n n n n n n n n n n n n n n n n n n n n n n n n n n n n n n n n n n n n n n n n n n n n n n n n n n n n n n n n n n n n n n n n n n n n n n n n n n n n n n n n n n n n n n n n n n n n n n n n n n n n n n n n n n n n n n n n n n n n n n n n n n n n n n n n n n n n n n n n n n n n n n n n n n n n n n n n n n n n n n n n n n n n n n n n n n n n n n n n n n n n

51.2: Count:  18.5 (  1.3) A:  21.7 [10-38] B:  36.0 [10-60] Phase: 120 ( 6.78) Direction:  n
Phase: {0,0,0,0,0,0,0,0,0,0,0,0,0,0,0,0,0,0,0,0,0,0,0,0,0,0,0,0,0,0,0,0,0,0,0,0,0,0,0,0,0,0,0,0,2,0,0,0,0,0,0,0,0,0,0,0,0,7,13,5,11,9,0,28,5,10,34,40,26,16,68,19,107,103,11,114,88,155,50,80,161,172,144,220,213,415,290,315,487,354,959,598,779,820,1004,1136,1373,1627,2346,2257,2835,3531,3971,5080,6418,7282,9504,11761,15121,15476,20132,24040,28778,33403,36630,42664,43636,51452,53763,54567,55686,54081,54906,47638,45268,40171,37259,31200,26588,21093,17398,14396,10276,9304,6255,6384,3746,3197,2743,2349,1298,1351,1304,1321,963,773,813,647,591,520,468,389,391,647,234,268,324,234,139,155,133,64,227,131,165,150,89,166,106,140,126,40,63,45,99,28,66,70,33,1,65,10,37,16,0,1,16,36,9,7,15,18,0,14,13,0,0,23,0,0,0,0,13,0,0,17,0,0,11,0,0,0,0,0,0,0,0,0,0,0,0,0,0,0,0,0,0,0,0,0,0,0,0,0,0,0,0,0,0,1,0,0,0,0,0,0,0,0,0,0,0,0,0,0,0,0,0,0,0,0,0,0,0,0,0,0,0,0,0,0,0,0,0,0,0,0,0,0,0,0,0,0,0,0,0,0,0,0,0,0,0,0,0,0,0,0,0,0,0,0,0,0,0,0,0,0,0,0,0,0,0,0,0,0,0,0,0,0,0,0,0,0,0,0,0,0,0,0,0,0,0,0,0,0,0,0,0,0,0,0,0,0,0,0,0,0,0,0,0,0,0,0,0,0,0,0,0,0,0,0}
Count:  20.3  19.3  17.6  18.3  18.4  18.2  16.4  18.9  16.7  18.8  17.0  19.1  17.3  19.5  16.6  18.1  16.2  18.4  16.0  18.3  16.8  18.9  17.6  20.4  17.9  18.7  18.4  18.5  19.0  20.0  17.2  21.8  19.1  19.7  18.4  19.7  18.4  20.3  20.2  19.6  21.4  21.3  21.1  17.3  17.7  19.1  21.5  18.9  17.9  18.5  17.1  18.6  17.1  18.9  18.0  19.4  18.6  19.1  19.1  18.6  18.9  18.7  19.4  19.0  19.9  19.6  20.9  19.6  21.0  20.0  20.1  19.6  20.4  19.3  18.6  18.0  18.8  18.1  18.0  17.9  19.0  17.8  18.6  18.0  19.2  18.2  19.0  18.3  19.6  18.9  20.1  18.4  19.3  18.2  20.9  18.8  20.7  18.7  20.7  18.3  20.8  18.4  19.9  18.1  20.0  18.2  20.2  18.7  20.5  19.3  20.7  19.1  19.8  19.0  19.5  18.3  19.1  17.8  18.8  17.5  18.0  17.4  18.1  17.4  19.0  18.5  19.3  17.8  18.8  17.2  18.4  16.7  17.7  16.8  16.9  15.9  16.6  16.2  18.8  19.3  18.5  20.0  18.4  20.3  18.7  20.7  18.4  20.1  18.3  19.6  19.2  19.2  17.4  20.6  19.3  16.5  18.8  15.7  19.2  18.3  18.6  17.5  17.7  17.5  18.3  17.3  17.5  17.0  17.9  16.6  16.5  16.5  17.6  16.7  16.7  16.0  17.4  16.9  16.5  16.1  17.3  17.0  16.0  15.9  17.0  16.7  16.1  15.8  19.2  15.9  15.5  17.7  17.4  18.6  19.9  18.2  19.0  18.8  18.7  18.9 
Direction:  n n n n n n n n n n n n n n n n n n n n n n n n n n n n n n n n n n n n n n n n n n n n n n n n n n n n n n n n n n n n n n n n n n n n n n n n n n n n n n n n n n n n n n n n n n n n n n n n n n n n n n n n n n n n n n n n n n n n n n n n n n n n n n n n n n n n n n n n n n n n n n n n n n n n n n n n n n n n n n n n n n n n n n n n n n n n n n n n n n n n n n n n n n n n n n n n n n n n n n n n

51.3: Count:  18.5 (  1.3) A:  21.9 [10-38] B:  37.0 [10-62] Phase: 120 ( 6.60) Direction:  n
Phase: {0,0,0,0,0,0,0,0,0,0,0,0,0,0,0,0,0,0,0,0,0,0,0,0,0,0,0,0,0,0,0,0,0,0,0,0,0,0,0,0,7,0,0,0,0,0,0,0,7,0,0,24,0,0,11,15,0,0,11,4,7,19,17,12,15,27,29,62,84,30,28,43,100,60,132,43,135,107,67,122,155,229,237,196,227,244,369,374,385,533,912,487,915,1065,1098,1160,1554,1693,1908,2392,2954,3346,3793,4850,5612,7041,7938,11012,13735,14110,18004,22439,25879,31909,35922,40532,42112,50283,52447,54295,57344,56681,56944,49874,48815,43381,38851,34342,28375,23097,17788,14464,11958,8924,6531,6711,3890,3002,3105,2760,2005,1800,1316,1010,788,819,1068,478,556,583,529,617,603,541,332,377,472,205,247,210,284,140,289,276,196,218,120,139,112,185,85,74,86,54,61,70,51,28,55,74,77,22,13,33,37,25,0,28,12,11,15,0,0,7,16,0,0,0,0,0,5,0,0,0,6,0,0,0,1,16,0,0,7,0,0,0,0,0,0,0,0,0,0,0,0,0,0,0,0,0,0,0,0,4,0,0,0,0,0,0,0,0,0,0,0,0,0,0,0,0,0,0,0,0,0,0,0,0,0,0,0,0,0,0,0,0,0,0,0,0,0,0,0,0,0,0,0,0,0,0,0,0,0,0,0,0,0,0,0,0,0,0,0,0,0,0,0,0,0,0,0,0,0,0,0,0,0,0,0,0,0,0,0,0,0,0,0,0,0,0,0,0,0,0,0,0,0,0,0,0,0,0,0,0,0,0,0,0,0,0,0,0,0,0,0,0,0,0,0,0,0,0,0,0,0,0,0,0,0,0}
Count:  20.2  19.2  17.3  18.3  18.9  18.3  16.5  18.7  16.6  19.1  17.6  19.3  17.4  19.6  16.4  17.9  16.5  18.6  16.1  18.2  17.1  19.0  17.3  20.6  17.8  18.6  18.9  18.8  18.9  20.3  17.2  22.1  19.4  19.7  18.4  19.7  18.4  20.4  20.7  19.7  21.0  21.4  21.1  17.7  17.4  19.2  21.2  18.9  18.2  18.7  17.0  19.0  17.0  18.9  17.7  19.3  18.2  19.1  19.0  18.8  19.0  18.5  19.7  18.9  20.0  19.7  20.4  19.6  20.9  20.3  20.4  19.1  20.2  19.1  19.1  17.8  18.7  18.1  19.1  17.9  18.9  18.2  18.8  18.0  19.4  18.4  19.4  17.9  19.6  18.8  20.3  18.5  19.4  18.4  21.4  18.9  21.2  18.9  21.1  18.3  20.6  18.3  20.0  18.4  19.9  18.2  19.9  18.5  20.7  19.0  20.6  18.8  20.3  18.8  20.0  18.3  19.4  17.8  18.4  17.7  18.1  17.9  18.5  17.7  19.0  18.2  19.2  17.7  18.7  17.8  18.2  16.6  17.6  16.9  17.1  15.8  16.6  16.0  18.8  19.4  18.8  20.0  18.4  20.2  18.9  20.8  18.2  20.0  18.6  19.4  19.3  19.1  17.3  20.6  19.5  16.5  18.7  15.7  19.6  18.4  19.0  17.3  18.1  17.7  18.3  17.3  17.2  17.0  17.9  16.8  16.8  16.6  17.4  16.7  16.8  16.1  17.5  16.8  16.3  16.3  17.1  16.7  16.2  15.7  17.6  16.6  16.2  15.7  19.2  16.1  15.6  17.7  17.3  18.7  19.9  18.1  18.6  18.8  18.6  19.1 
Direction:  n n n n n n n n n n n n n n n n n n n n n n n n n n n n n n n n n n n n n n n n n n n n n n n n n n n n n n n n n n n n n n n n n n n n n n n n n n n n n n n n n n n n n n n n n n n n n n n n n n n n n n n n n n n n n n n n n n n n n n n n n n n n n n n n n n n n n n n n n n n n n n n n n n n n n n n n n n n n n n n n n n n n n n n n n n n n n n n n n n n n n n n n n n n n n n n n n n n n n n n n

51.4: Count:  18.5 (  1.4) A:  22.0 [10-39] B:  37.9 [10-64] Phase: 121 ( 6.02) Direction:  nPhase: 109 ( 2.85) Direction:  n
Phase: {0,0,0,0,0,0,0,0,0,0,0,0,0,0,0,0,0,0,0,0,0,0,0,0,0,0,0,0,0,0,0,0,0,0,0,0,0,0,0,0,0,0,0,0,0,6,0,0,0,0,0,0,0,15,13,19,0,5,15,6,12,15,0,0,1,25,33,48,27,39,59,74,58,77,42,85,100,144,70,56,191,266,201,239,231,277,343,389,372,392,850,456,599,786,914,1082,1292,1376,1799,2114,2342,2411,2783,4012,4729,6043,7067,9712,12146,12483,16728,19853,24921,28768,33837,40291,42278,51577,54709,55435,58854,60345,59207,53509,51524,47459,40810,34768,29190,22377,19339,14767,10985,8540,6032,5556,3869,2973,2669,2159,1411,1622,1285,1225,1082,1095,789,628,584,595,438,498,572,369,253,350,342,220,235,326,357,258,197,430,196,188,163,126,68,146,92,141,131,138,35,81,28,5,33,0,58,22,41,25,9,13,20,10,15,7,0,6,0,14,0,0,0,0,0,0,11,0,0,0,0,0,0,11,0,0,0,0,0,0,0,0,0,0,0,0,0,0,0,0,0,0,0,0,0,0,0,0,0,0,0,0,0,0,0,0,0,0,0,0,0,0,0,0,0,0,0,0,0,0,0,0,0,0,0,0,0,0,0,0,0,0,0,0,0,0,0,0,0,0,0,0,0,0,0,0,0,0,0,0,0,0,0,0,0,0,0,0,0,0,0,0,0,0,0,0,0,0,0,0,0,0,0,0,0,0,0,0,0,0,0,0,0,0,0,0,0,0,0,0,0,0,0,0,0,0,0,0,0,0,0,0,0,0,0,0,0,0,0,0,0,0,0,0,0,0,0,0,0,0,0,0,0,0,0,0}
Count:  20.2  19.2  17.5  17.9  18.8  18.4  16.6  18.8  16.6  19.1  17.1  19.1  17.6  19.1  16.4  18.2  16.1  18.4  16.2  18.2  17.1  19.1  17.3  20.7  17.8  18.5  18.5  18.6  19.2  20.0  17.3  22.2  19.3  19.8  18.2  19.4  18.3  20.7  20.3  19.9  21.2  21.3  21.2  17.4  17.5  19.2  20.9  18.9  17.8  18.8  17.1  19.0  16.8  19.0  17.9  19.6  18.4  18.9  19.0  18.6  19.3  18.7  19.7  19.2  20.1  19.6  20.7  19.7  20.9  20.1  20.3  19.3  20.2  19.1  18.7  17.9  18.9  18.1  18.6  17.9  18.5  18.1  18.9  17.8  19.5  18.4  18.9  18.3  19.7  18.6  20.2  18.3  19.6  18.2  21.1  19.1  20.9  18.6  20.9  18.6  20.7  18.5  20.2  18.4  19.5  17.9  20.0  18.8  20.9  19.0  20.5  18.7  20.3  19.2  19.9  18.1  19.1  17.8  18.2  17.6  17.9  17.6  18.5  17.7  18.8  18.1  19.5  18.0  18.8  17.9  18.2  16.7  17.4  16.9  17.0  15.8  16.7  15.9  18.5  19.6  18.7  20.3  18.3  20.4  18.8  20.7  18.5  20.0  18.5  19.4  19.3  19.0  17.2  21.0  19.7  16.5  18.8  15.8  19.4  18.3  18.8  17.3  18.0  17.7  18.4  17.4  17.2  16.9  17.7  16.8  16.7  16.6  17.6  16.7  16.8  16.1  17.6  17.0  16.3  16.1  16.9  16.9  16.2  15.8  17.3  16.8  16.4  16.0  19.3  16.1  15.6  17.6  17.4  18.7  20.2  18.3  18.9  19.1  18.5  18.9 
Direction:  n n n n n n n n n n n n n n n n n n n n n n n n n n n n n n n n n n n n n n n n n n n n n n n n n n n n n n n n n n n n n n n n n n n n n n n n n n n n n n n n n n n n n n n n n n n n n n n n n n n n n n n n n n n n n n n n n n n n n n n n n n n n n n n n n n n n n n n n n n n n n n n n n n n n n n n n n n n n n n n n n n n n n n n n n n n n n n n n n n n n n n n n n n n n n n n n n n n n n n n n

51.5: Count:  18.5 (  1.4) A:  22.0 [10-37] B:  38.8 [10-65] Phase: 121 ( 5.67) Direction:  n
Phase: {0,0,0,0,0,0,0,0,0,0,0,0,0,0,0,0,0,0,0,0,0,0,0,0,0,0,0,0,0,0,0,0,0,0,0,0,0,0,0,0,0,0,0,0,0,0,0,0,0,0,0,0,20,0,0,0,0,0,0,0,0,0,22,0,23,21,24,30,46,34,45,33,57,29,104,122,117,164,129,94,153,190,178,198,310,274,336,250,377,239,562,468,562,570,788,757,897,1080,1330,1483,1783,2088,2450,3160,3324,4589,5854,7052,9527,9776,13669,17649,21577,27234,31888,38766,42211,52895,57588,61778,64073,66184,64469,59955,57195,49346,43157,36030,28604,22370,15962,12972,9139,7313,5027,4613,2938,2482,2016,1841,1624,1216,1026,865,806,796,558,707,625,507,402,486,314,384,240,371,325,256,307,218,250,166,177,252,140,132,138,122,175,157,51,146,65,23,108,101,110,9,54,23,95,22,37,15,29,7,13,0,31,11,0,8,0,6,0,0,0,0,0,0,0,0,0,0,0,0,0,0,0,0,0,0,0,0,0,0,0,0,0,0,0,0,0,0,0,0,0,0,0,0,0,0,0,0,0,0,0,0,0,0,0,0,0,0,0,0,0,0,0,0,0,0,0,0,0,0,0,0,0,0,0,0,0,0,0,0,0,0,0,0,0,0,0,0,0,0,0,0,0,0,0,0,0,0,0,0,0,0,0,0,0,0,0,0,0,0,0,0,0,0,0,0,0,0,0,0,0,0,0,0,0,0,0,0,0,0,0,0,0,0,0,0,0,0,0,0,0,0,0,0,0,0,0,0,0,0,0,0,0,0,0,0,0,0,0,0,0,0,0,0,0,0,0,0,0,0,0,0,0,0}
Count:  20.2  19.4  17.6  17.8  18.8  18.3  16.5  18.8  16.7  19.3  17.3  19.3  17.4  19.3  16.7  17.9  16.3  18.5  16.3  18.1  16.8  18.9  17.7  20.5  18.0  18.3  18.7  18.5  19.0  20.4  17.3  22.4  19.0  19.8  18.1  19.6  18.4  20.2  20.3  20.1  21.0  21.4  21.0  17.8  17.3  18.9  21.2  18.8  17.6  18.7  16.9  18.8  16.7  18.9  17.6  19.3  18.5  19.0  19.0  18.9  19.0  18.8  19.6  18.9  20.1  19.7  20.6  19.7  21.1  19.8  20.4  19.4  20.4  18.8  18.7  18.0  18.7  18.0  18.4  17.9  19.0  18.5  18.9  17.8  18.9  18.2  18.8  18.3  19.4  18.7  20.0  18.2  19.2  18.1  21.1  18.7  20.9  19.0  21.2  18.7  21.1  18.2  20.0  18.4  20.0  17.9  20.1  18.5  20.6  19.1  20.7  19.1  20.2  18.9  19.4  18.0  19.0  18.0  18.5  17.4  18.2  17.8  18.3  17.9  18.7  18.4  19.3  17.9  18.6  17.7  18.4  16.6  17.7  16.8  17.0  15.9  16.8  16.1  18.7  19.6  18.3  19.7  18.2  20.3  18.6  20.7  18.6  19.9  18.3  19.5  19.3  18.8  17.4  20.7  19.5  16.0  18.7  15.5  19.2  18.1  18.7  17.4  18.2  17.6  18.4  17.0  17.0  16.9  17.8  16.7  16.7  16.3  17.3  16.5  16.9  16.0  17.5  16.7  16.5  15.8  16.8  16.8  16.2  15.9  17.3  16.6  16.1  15.9  19.4  15.8  15.8  17.6  17.3  18.8  19.8  18.3  18.9  19.1  18.4  18.9 
B: 35.4 35.3 34.6 35.9 35.1 35.1 34.9 34.0 34.5 33.5 34.3 33.5 34.3 33.8 34.7 34.1 39.2 39.2 38.9 40.4 38.6 39.3 39.1 38.7 40.5 38.9 37.5 42.0 38.6 36.7 39.1 38.1 39.3 40.5 38.2 39.6 39.7 37.6 37.7 36.0 39.3 38.3 36.8 35.8 39.5 40.4 39.0 38.2 39.3 39.9 38.5 38.2 38.1 38.2 37.4 37.9 36.9 37.9 37.6 38.9 38.2 40.1 38.1 39.6 37.7 39.0 37.7 39.4 36.5 39.8 37.2 40.0 37.0 40.7 37.5 40.9 37.4 40.7 37.3 40.7 36.4 39.9 36.8 40.6 37.8 41.3 38.2 40.9 37.8 40.7 37.7 38.9 36.7 40.8 39.0 40.7 37.9 39.6 37.6 39.8 37.4 39.5 38.4 38.6 37.0 39.0 37.1 39.1 36.8 38.6 36.8 38.4 35.9 37.6 36.3 38.2 35.8 37.3 36.2 38.4 36.9 38.5 37.4 38.2 37.9 38.6 37.8 38.3 38.4 38.2 37.6 39.1 38.0 39.1 38.4 39.9 38.8 40.6 39.4 37.7 38.7 38.5 39.5 38.8 39.4 38.5 40.1 39.5 40.1 39.5 37.9 39.6 41.2 39.0 40.5 40.1 37.9 41.3 41.4 41.6 41.3 41.0 40.6 42.5 41.2 42.4 42.5 42.3 41.3 42.1 42.1 42.5 41.4 42.2 41.7 42.0 41.6 42.1 41.5 42.4 42.7 41.6 42.0 42.0 41.6 41.5 42.0 41.9 39.1 41.0 40.9 39.6 40.7 40.0 38.8 40.3 40.8 37.6 38.6 39.9 
Direction:  n n n n n n n n n n n n n n n n n n n n n n n n n n n n n n n n n n n n n n n n n n n n n n n n n n n n n n n n n n n n n n n n n n n n n n n n n n n n n n n n n n n n n n n n n n n n n n n n n n n n n n n n n n n n n n n n n n n n n n n n n n n n n n n n n n n n n n n n n n n n n n n n n n n n n n n n n n n n n n n n n n n n n n n n n n n n n n n n n n n n n n n n n n n n n n n n n n n n n n n n

51.6: Count:  18.4 (  1.4) A:  22.0 [10-38] B:  39.8 [10-68] Phase: 121 ( 5.77) Direction:  n
Phase: {0,0,0,0,0,0,0,0,0,0,0,0,0,0,0,0,0,0,0,0,0,0,0,0,0,0,0,0,0,0,0,0,0,0,0,0,0,0,0,0,0,0,0,0,13,0,0,0,0,0,0,0,11,0,0,0,0,11,0,10,0,28,5,21,0,31,37,46,31,53,37,64,66,103,29,89,170,149,32,113,186,194,137,237,263,185,358,404,311,367,746,439,627,622,666,775,1027,1149,998,1480,1865,1818,2169,2860,3327,4665,5152,7221,9126,10527,12705,16518,20096,25481,31336,36717,40328,51125,55671,60359,64353,65865,65394,61939,58489,52013,45891,36848,30031,22959,17401,14212,10120,7482,5712,4938,3059,2513,2016,1821,1527,1344,1013,1000,828,668,529,515,643,391,516,455,360,472,277,308,326,283,253,219,245,189,204,196,182,178,159,226,106,162,82,92,60,47,53,60,34,95,44,23,50,50,37,18,11,13,9,23,0,0,0,0,0,22,0,5,11,7,0,0,0,0,0,0,0,0,0,0,0,0,0,0,0,0,0,0,0,0,0,0,0,0,0,0,0,0,0,0,0,0,0,0,0,0,0,0,0,0,0,0,0,0,0,0,0,0,0,0,0,0,0,0,0,0,0,0,0,0,0,0,0,0,0,0,0,0,0,0,0,0,0,0,0,0,0,0,0,0,0,0,0,0,0,0,0,0,0,0,0,0,0,0,0,0,0,0,0,0,0,0,0,0,0,0,0,0,0,0,0,0,0,0,0,0,0,0,0,0,0,0,0,0,0,0,0,0,0,0,0,0,0,0,0,0,0,0,0,0,0,0,0,0,0,0,0,0,0,0,0,0,0,0,0,0,0,0,0,0,0,0}
Count:  20.1  19.1  17.1  18.1  18.6  18.4  16.4  18.3  16.5  19.0  16.8  19.1  17.7  19.1  16.3  17.8  16.2  18.3  16.2  18.0  16.5  19.0  17.4  20.5  18.1  18.6  18.3  18.7  18.9  20.1  17.2  22.2  19.0  19.7  18.1  19.5  18.3  20.1  20.4  19.7  21.0  20.7  20.7  17.6  17.6  19.2  21.5  18.9  17.9  18.7  16.7  18.6  16.8  18.9  17.7  19.3  18.2  18.4  18.6  18.5  18.9  18.6  19.5  18.9  20.3  19.2  20.3  19.4  20.9  20.0  20.4  18.9  20.2  19.2  18.5  17.9  18.5  18.2  18.1  17.8  18.9  18.1  19.1  17.6  19.1  18.1  18.8  18.5  19.4  18.6  20.0  18.5  19.6  18.1  21.1  18.8  20.9  18.8  21.2  18.5  21.0  18.2  20.2  18.2  19.9  18.0  20.4  18.6  20.4  19.3  20.3  18.9  19.9  18.5  19.6  18.2  18.6  17.9  18.5  17.7  17.8  17.4  18.2  17.9  18.7  18.2  19.4  17.6  18.9  17.3  18.2  16.5  17.5  16.6  16.9  15.5  16.7  16.1  18.7  19.8  18.0  20.3  18.2  20.1  18.8  20.5  18.4  20.2  18.3  19.4  19.0  18.9  17.3  20.8  19.5  16.2  18.7  15.6  19.2  18.2  18.5  17.1  18.0  17.5  18.0  17.5  16.9  16.9  17.6  16.7  16.6  16.5  17.3  16.7  16.6  15.9  17.5  16.9  16.4  15.8  17.2  17.1  16.3  16.0  17.2  16.4  16.0  15.7  19.3  15.9  15.4  17.5  17.5  18.7  19.7  18.3  18.7  18.9  18.4  18.5 
B: 36.1 36.1 36.0 36.3 35.9 35.5 35.7 35.3 35.1 34.2 35.7 34.4 34.7 34.7 35.9 34.7 39.9 40.1 39.8 41.0 40.0 39.8 39.8 39.6 41.0 39.5 39.0 42.4 39.6 37.9 39.9 39.1 40.0 41.4 39.0 40.6 40.3 38.6 38.2 37.1 40.2 40.0 38.1 36.8 39.8 40.8 39.4 38.5 39.6 40.8 39.5 39.1 38.9 39.2 37.8 38.6 37.7 39.3 38.7 40.0 39.2 40.8 39.1 40.3 38.2 40.8 38.3 40.6 37.5 40.1 37.9 41.2 38.3 41.0 38.7 41.7 38.5 41.3 38.4 41.7 37.5 41.0 37.7 41.9 38.4 42.5 39.3 41.6 38.7 41.8 38.6 39.4 36.9 41.8 39.6 41.5 38.9 40.7 38.5 40.7 38.4 40.7 39.1 39.6 38.0 39.5 37.4 39.7 37.7 39.1 37.8 39.5 37.2 39.0 36.9 38.4 36.8 38.4 36.7 38.8 38.3 39.6 38.5 39.2 38.8 39.7 38.7 39.8 38.8 39.5 38.5 40.3 39.1 40.7 39.1 41.4 39.6 41.0 40.1 38.5 40.0 38.6 40.5 39.8 39.9 39.9 41.3 40.3 40.9 40.5 39.0 40.4 42.1 39.8 41.4 40.7 38.7 42.2 42.2 42.8 42.4 42.4 41.8 43.5 42.8 42.7 43.6 43.5 42.8 43.0 43.2 43.0 42.6 42.8 42.9 43.4 42.5 42.8 43.0 42.9 42.7 41.9 42.9 42.7 42.6 42.7 42.9 43.0 40.4 41.9 42.6 40.6 41.2 41.2 39.9 41.4 42.3 38.7 39.3 41.7 
Direction:  n n n n n n n n n n n n n n n n n n n n n n n n n n n n n n n n n n n n n n n n n n n n n n n n n n n n n n n n n n n n n n n n n n n n n n n n n n n n n n n n n n n n n n n n n n n n n n n n n n n n n n n n n n n n n n n n n n n n n n n n n n n n n n n n n n n n n n n n n n n n n n n n n n n n n n n n n n n n n n n n n n n n n n n n n n n n n n n n n n n n n n n n n n n n n n n n n n n n n n n n

51.7: Count:  18.4 (  1.4) A:  22.0 [10-39] B:  40.5 [10-69] Phase: 121 ( 6.56) Direction:  n
Phase: {0,0,0,0,0,0,0,0,0,0,0,0,0,0,0,0,0,0,0,0,0,0,0,0,0,0,0,0,0,0,0,0,0,0,0,0,0,0,0,0,0,0,0,0,0,0,13,12,0,0,0,0,0,0,0,15,10,1,20,0,59,23,20,16,0,36,21,37,16,20,22,65,107,68,114,90,121,173,101,192,255,163,170,253,238,387,327,384,465,359,824,606,698,872,876,1051,1291,1268,1480,1895,1971,2678,2892,3867,4589,5283,6040,8181,10188,10948,14766,17213,21599,26171,31128,35129,38489,45846,50136,52767,55143,57447,57988,55088,53804,50066,45679,39524,32435,28064,23647,18665,14153,11479,8233,7390,4854,4107,3111,2454,1972,1948,1563,1399,1198,982,840,721,711,693,510,575,578,565,451,425,488,337,449,371,235,280,235,279,217,129,142,170,165,199,147,159,85,98,130,114,60,57,72,39,90,50,46,24,35,17,51,30,8,26,21,20,13,1,0,5,0,3,0,9,0,0,0,0,15,0,0,0,0,0,0,0,0,0,0,0,0,0,0,0,0,0,0,0,0,0,0,0,0,0,0,0,0,0,0,0,0,0,0,0,0,0,0,0,0,0,0,0,0,0,0,0,0,0,0,0,0,0,0,0,0,0,0,0,0,0,0,0,0,0,0,0,0,0,0,0,0,0,0,0,0,0,0,0,0,0,0,0,0,0,0,0,0,0,0,0,0,0,0,0,0,0,0,0,0,0,0,0,0,0,0,0,0,0,0,0,0,0,0,0,0,0,0,0,0,0,0,0,0,0,0,0,0,0,0,0,0,0,0,0,0,0,0,0,0,0,0,0,0,0,0,0,0,0,0,0,0,0,0,0}
Count:  20.0  19.2  17.3  18.2  18.9  18.5  16.3  18.4  16.6  19.0  17.1  19.1  17.3  18.9  16.4  18.1  16.0  18.3  16.1  18.2  16.6  19.0  17.6  20.6  17.9  18.6  18.8  19.1  18.9  20.0  17.2  22.0  19.1  19.6  18.1  19.5  18.0  20.0  20.6  19.7  21.0  21.0  20.5  17.5  17.6  19.2  21.3  19.0  18.0  18.9  16.7  18.4  16.8  18.4  17.8  19.3  18.1  18.8  18.6  18.6  18.6  18.7  19.4  19.0  20.2  18.9  20.8  19.0  20.7  19.8  20.2  18.8  19.8  19.2  18.2  17.8  19.0  18.0  18.2  17.9  19.0  18.0  19.1  17.5  19.6  18.2  18.6  18.3  19.3  18.5  20.0  18.3  19.7  18.2  21.1  18.9  20.9  18.8  21.2  18.4  20.9  18.2  20.1  18.2  19.8  17.8  20.4  19.1  20.3  19.1  20.7  18.8  19.9  18.9  19.8  18.2  18.9  17.7  18.2  17.5  17.7  17.6  18.2  17.9  18.4  18.3  19.3  17.6  18.6  17.0  18.1  16.4  17.7  16.8  16.8  15.7  16.6  15.9  18.5  19.7  18.3  20.0  18.1  20.1  18.8  20.6  18.7  20.0  18.2  19.3  19.1  18.8  17.6  20.7  19.3  16.2  18.5  15.7  19.1  18.1  18.5  17.0  17.9  17.6  18.1  17.3  16.9  16.9  17.7  17.0  16.7  16.2  17.3  16.8  16.7  16.0  17.5  16.8  16.3  16.0  16.9  16.9  16.1  15.9  17.2  16.3  16.1  15.6  19.6  15.9  15.4  17.6  17.2  18.4  19.6  18.5  18.5  19.2  18.8  18.6 
B: 36.7 36.8 36.4 36.7 36.2 35.8 36.4 36.0 36.3 35.1 36.1 35.2 35.4 35.4 36.3 35.3 40.7 40.8 40.5 41.4 40.5 40.5 40.4 40.0 42.0 40.1 39.0 42.9 40.2 38.4 40.4 39.9 40.7 42.1 39.7 41.1 41.1 39.3 38.8 38.0 40.8 40.4 38.7 37.6 40.4 41.7 40.2 39.1 40.2 41.2 40.1 40.2 39.4 40.4 38.6 39.2 38.6 39.8 39.6 41.0 40.2 41.5 39.9 41.3 39.4 41.6 38.6 42.0 38.5 41.0 38.7 42.2 39.3 41.6 39.6 42.4 38.6 42.3 39.1 42.4 38.1 41.9 38.2 42.8 38.6 43.1 40.2 42.6 39.5 42.6 39.2 40.5 37.5 42.5 40.2 42.2 39.8 41.4 38.9 41.8 39.2 41.5 40.2 40.7 38.8 40.4 38.3 39.8 38.8 40.0 38.3 40.3 37.9 39.1 37.3 39.3 37.4 39.1 37.9 39.7 39.3 40.2 39.3 40.0 40.0 40.0 39.4 40.6 40.0 40.8 39.5 41.1 39.7 41.1 40.2 41.9 40.8 42.2 41.2 39.2 40.5 39.8 41.4 40.5 40.5 40.2 41.7 41.2 41.6 41.4 39.8 41.3 42.4 40.5 42.4 41.6 39.6 43.0 43.3 43.5 43.5 43.4 42.7 44.0 43.3 43.4 44.4 44.0 43.4 43.6 43.9 44.5 43.5 43.4 43.6 43.9 43.3 44.0 44.2 43.6 44.0 43.0 44.0 43.7 43.3 43.8 43.8 44.1 40.7 42.7 43.6 41.5 42.3 42.2 40.6 41.9 43.4 39.0 39.8 42.4 
Direction:  n n n n n n n n n n n n n n n n n n n n n n n n n n n n n n n n n n n n n n n n n n n n n n n n n n n n n n n n n n n n n n n n n n n n n n n n n n n n n n n n n n n n n n n n n n n n n n n n n n n n n n n n n n n n n n n n n n n n n n n n n n n n n n n n n n n n n n n n n n n n n n n n n n n n n n n n n n n n n n n n n n n n n n n n n n n n n n n n n n n n n n n n n n n n n n n n n n n n n n n n

51.8: Count:  18.4 (  1.3) A:  21.9 [10-41] B:  41.2 [10-69] Phase: 122 ( 7.10) Direction:  n
Phase: {0,0,0,0,0,0,0,0,0,0,0,0,0,0,0,0,0,0,0,0,0,0,0,0,0,0,0,0,0,0,0,0,0,0,0,0,0,0,0,0,0,0,0,0,0,0,0,2,0,0,4,15,0,0,0,23,9,19,27,11,17,28,42,42,13,41,31,49,83,98,83,110,76,137,99,176,147,161,149,233,149,312,326,371,262,368,411,412,384,566,1309,720,976,1087,1168,1293,1324,1626,2370,2216,2725,3172,3632,4481,4878,5945,7263,8939,10964,12087,14907,18311,21707,24256,28481,32694,34840,42149,45430,46508,51470,51833,53621,51718,49588,48812,44635,40574,35836,31163,25011,22266,18685,15449,11177,9641,6834,6270,5038,3790,3349,2655,2327,2080,1514,1463,1470,978,1059,1033,915,617,665,746,604,528,643,444,459,402,339,255,276,355,343,283,313,232,153,235,147,157,211,147,229,102,99,99,63,27,90,12,21,69,91,15,48,41,42,83,45,20,0,0,0,13,18,30,0,0,0,7,0,5,0,7,0,0,5,0,0,0,0,0,0,0,0,0,0,9,0,0,0,0,0,0,0,0,0,0,0,0,0,0,0,0,0,0,0,0,0,0,0,0,0,0,0,0,0,0,0,0,0,0,0,0,0,0,0,0,0,0,0,0,0,0,0,0,0,0,0,0,0,0,0,0,0,0,0,0,0,0,0,0,0,0,0,0,0,0,0,0,0,0,0,0,0,0,0,0,0,0,0,0,0,0,0,0,0,0,0,0,0,0,0,0,0,0,0,0,0,0,0,0,0,0,0,0,0,0,0,0,0,0,0,0,0,0,0,0,0,0,0,0,0,0,0,0,0,0,0,0,0,0,0,0,0,0,0,0}
Count:  20.1  18.8  17.4  17.8  19.0  18.3  16.6  18.5  16.4  19.2  17.0  18.8  17.6  18.9  16.3  18.1  16.1  18.2  16.3  18.0  16.5  18.7  17.6  20.7  18.1  18.1  18.3  18.5  18.8  20.0  17.3  22.0  19.1  19.9  18.1  19.6  18.2  20.1  20.4  19.0  21.2  21.1  20.6  17.9  17.1  18.8  20.9  19.1  18.2  18.6  17.2  18.5  17.0  18.5  17.9  19.2  18.2  18.4  18.8  18.6  18.8  18.8  19.5  19.4  19.8  19.2  21.0  19.3  20.4  19.5  20.2  19.2  20.4  19.3  18.6  17.9  18.6  17.9  18.5  17.9  19.4  18.1  19.0  18.2  19.5  18.6  18.4  18.0  19.3  18.6  20.3  18.2  19.4  18.0  21.0  18.8  21.0  18.6  20.9  18.6  21.1  18.0  20.2  18.0  19.8  17.6  20.2  18.9  20.4  18.6  20.6  19.3  19.5  18.9  19.6  18.2  19.1  17.8  18.0  17.2  18.0  17.6  18.1  17.6  18.5  18.6  19.2  17.8  18.4  17.3  18.3  16.1  17.4  16.9  17.0  15.9  16.7  15.9  18.7  19.9  18.5  19.9  18.1  20.3  18.7  20.7  18.3  20.3  18.3  19.4  19.4  18.9  17.5  20.9  19.4  16.0  18.8  15.7  18.9  18.3  18.7  17.3  18.1  17.5  18.0  17.7  17.2  16.9  17.7  16.9  17.3  16.8  17.3  16.7  16.6  16.1  17.4  17.0  16.3  16.0  17.1  16.7  16.2  16.0  17.2  16.6  16.3  16.1  19.3  15.8  15.6  17.4  17.3  18.1  19.5  18.4  18.8  19.4  18.7  18.4 
B: 37.2 38.0 36.7 38.2 36.5 36.7 36.8 36.6 36.6 35.3 37.0 35.9 35.5 36.0 36.6 35.9 41.1 41.2 40.3 42.6 41.1 41.6 40.8 40.6 42.6 41.2 40.2 44.2 41.2 39.0 41.2 40.4 41.1 42.4 40.5 41.5 41.7 40.3 39.6 39.1 41.3 40.9 39.4 37.8 41.8 42.9 41.5 39.4 41.0 42.3 40.1 40.6 39.6 41.2 39.4 40.1 39.3 40.9 39.5 41.7 40.5 42.0 40.8 41.3 40.4 42.1 39.1 42.1 39.2 42.3 39.5 42.5 39.6 42.5 40.0 42.9 39.6 43.2 39.2 42.8 38.1 42.4 38.7 42.6 39.1 42.9 41.0 43.9 40.1 43.1 39.4 41.7 38.6 43.7 41.4 43.0 40.6 42.5 40.2 42.3 39.6 42.7 40.9 41.4 39.6 41.8 39.1 40.8 39.5 41.5 39.3 40.5 39.1 39.7 38.1 40.0 38.3 39.8 38.8 40.6 39.4 40.8 40.1 41.3 40.8 40.5 40.3 40.8 40.8 41.1 39.7 42.3 40.8 41.5 40.7 42.0 41.4 43.5 41.6 40.2 40.8 40.6 42.1 41.0 41.7 40.8 42.9 41.8 42.6 42.4 40.1 41.8 43.5 41.1 43.3 42.6 40.2 43.6 44.6 43.9 43.9 43.6 43.7 44.9 44.5 43.6 44.5 45.3 44.2 44.5 43.6 44.1 44.1 44.6 44.2 44.4 44.1 44.4 44.9 44.9 44.2 44.3 44.4 44.6 44.0 44.0 44.2 43.8 41.9 43.8 43.7 42.7 43.3 43.6 41.4 42.8 43.8 39.6 40.9 43.5 
Direction:  n n n n n n n n n n n n n n n n n n n n n n n n n n n n n n n n n n n n n n n n n n n n n n n n n n n n n n n n n n n n n n n n n n n n n n n n n n n n n n n n n n n n n n n n n n n n n n n n n n n n n n n n n n n n n n n n n n n n n n n n n n n n n n n n n n n n n n n n n n n n n n n n n n n n n n n n n n n n n n n n n n n n n n n n n n n n n n n n n n n n n n n n n n n n n n n n n n n n n n n n

51.9: Count:  18.4 (  1.3) A:  21.7 [10-40] B:  41.8 [10-70] Phase: 122 ( 7.67) Direction:  n
Phase: {0,0,0,0,0,0,0,0,0,0,0,0,0,0,0,0,0,0,0,0,0,0,0,0,0,0,0,0,0,0,0,0,0,0,0,0,0,0,0,6,0,0,0,0,0,1,0,17,15,13,14,35,19,31,4,1,38,16,13,25,27,42,19,37,41,50,52,100,76,100,96,58,132,99,94,155,156,143,178,176,223,339,361,403,316,495,465,570,540,579,944,772,1007,1004,1293,1318,1617,1831,1974,2156,2517,3059,3474,4826,5513,6517,6571,9558,11330,11459,14652,16881,20564,24559,27441,30651,31695,39627,42170,45554,47289,47330,50630,48753,48230,46539,45188,40591,35525,33111,29988,25810,21056,17148,13746,12309,8916,7885,6040,5068,3695,3677,2973,2561,1930,1747,1811,1245,1269,1186,1195,974,852,800,485,522,918,538,655,581,503,261,466,477,371,431,332,346,303,400,262,194,218,227,162,159,110,77,86,127,191,46,70,77,49,59,57,44,51,30,46,63,30,27,24,42,13,28,0,0,16,15,0,0,2,0,0,13,11,0,15,0,0,5,0,0,0,0,0,0,0,0,0,0,0,0,0,0,0,0,0,0,0,0,0,0,0,0,0,0,0,0,0,0,0,0,0,0,0,0,0,0,0,0,0,0,0,0,0,0,0,0,0,0,0,0,0,0,0,0,0,0,0,0,0,0,0,0,0,0,0,0,0,0,0,0,0,0,0,0,0,0,0,0,0,0,0,0,0,0,0,0,0,0,0,0,0,0,0,0,0,0,0,0,0,0,0,0,0,0,0,0,0,0,0,0,0,0,0,0,0,0,0,0,0,0,0,0,0,0,0,0,0,0,0,0,0,0,0,0,0,0,0,0,0,0,0,0,0,0}
Count:  19.9  18.7  17.3  17.8  18.6  17.8  16.4  18.6  16.1  18.8  17.1  18.5  17.6  18.8  16.3  18.0  16.2  18.6  16.1  17.8  16.6  19.0  17.4  20.9  18.0  18.3  18.1  18.5  19.0  19.7  17.2  22.1  19.0  19.8  17.8  19.6  18.0  20.3  20.5  19.0  21.3  21.1  20.8  18.0  17.7  19.2  21.4  19.1  17.9  18.9  17.2  18.7  17.1  18.6  18.0  19.0  18.1  18.4  18.7  18.4  18.7  18.7  19.4  19.3  19.7  19.1  20.6  19.5  20.2  20.1  20.0  19.4  19.9  18.9  18.7  18.4  18.5  18.0  18.4  18.0  19.2  18.3  19.1  18.1  19.7  18.5  19.0  18.0  19.4  18.7  20.3  18.5  19.0  18.3  21.2  18.7  21.0  18.8  20.9  18.4  21.2  17.8  20.3  18.1  19.5  17.7  20.3  18.7  20.2  18.9  20.4  19.0  19.7  19.2  20.0  18.2  18.9  17.6  18.0  17.5  18.2  17.3  18.1  17.5  18.5  18.3  19.2  17.5  18.5  17.4  18.1  16.7  17.2  16.6  16.8  15.9  16.6  15.7  18.6  19.6  18.7  19.9  18.2  20.2  18.8  20.5  18.5  20.3  18.5  19.5  19.5  18.8  17.3  20.7  19.4  16.2  18.5  15.7  19.1  18.4  18.8  17.4  18.0  17.4  18.5  17.4  17.0  16.9  17.8  16.9  17.3  17.1  17.3  16.9  17.2  16.1  17.8  16.9  16.6  16.1  17.5  16.9  16.6  16.4  17.5  16.6  16.1  16.1  19.4  15.7  16.0  17.4  17.6  18.2  19.8  18.8  18.9  18.9  18.8  18.8 
B: 38.2 38.7 37.1 38.8 37.5 37.8 37.5 37.0 37.5 36.1 37.2 36.8 36.3 36.7 37.1 36.4 41.7 41.0 41.4 43.2 41.3 41.7 41.8 41.0 43.2 41.6 41.3 44.8 41.7 40.0 41.9 41.0 41.7 42.9 41.4 42.0 42.4 40.7 40.2 39.6 41.9 41.4 39.9 38.4 41.6 43.1 41.4 40.1 42.1 42.6 40.6 41.1 40.4 41.6 39.6 41.0 40.2 41.2 40.4 42.5 41.2 42.8 41.4 41.9 41.0 42.7 40.0 42.6 40.2 42.3 40.2 42.8 40.8 43.6 40.4 43.0 40.5 43.6 39.8 42.9 39.1 42.9 39.3 43.6 39.7 43.8 40.7 44.8 40.6 43.8 39.8 42.0 39.8 43.9 41.9 43.6 41.0 42.9 40.8 43.1 40.3 43.6 41.6 41.8 40.5 42.1 39.7 41.7 40.2 41.7 40.0 41.8 39.8 39.9 38.5 40.8 39.0 40.8 39.6 41.2 39.8 42.0 40.8 42.0 41.4 41.7 41.0 42.2 41.4 41.9 40.9 42.1 42.0 42.5 41.7 43.1 42.3 44.4 42.4 40.8 40.8 41.2 42.5 41.7 42.2 41.8 43.5 42.5 42.9 43.0 40.8 42.7 44.8 42.1 43.6 43.2 41.1 44.2 44.7 44.5 44.6 44.5 44.2 46.0 44.5 44.9 45.8 45.7 44.5 44.8 44.5 44.7 45.0 45.2 44.1 45.2 44.3 45.0 45.3 44.7 44.4 44.7 44.7 44.6 44.7 44.8 45.4 44.4 42.5 45.0 43.9 43.2 43.7 44.5 41.7 42.7 44.1 40.8 41.7 43.7 
Direction:  n n n n n n n n n n n n n n n n n n n n n n n n n n n n n n n n n n n n n n n n n n n n n n n n n n n n n n n n n n n n n n n n n n n n n n n n n n n n n n n n n n n n n n n n n n n n n n n n n n n n n n n n n n n n n n n n n n n n n n n n n n n n n n n n n n n n n n n n n n n n n n n n n n n n n n n n n n n n n n n n n n n n n n n n n n n n n n n n n n n n n n n n n n n n n n n n n n n n n n n n

52.0: Count:  18.4 (  1.3) A:  21.5 [10-39] B:  42.5 [10-71] Phase: 123 ( 7.93) Direction:  n
Phase: {0,0,0,0,0,0,0,0,0,0,0,0,0,0,0,0,0,0,0,0,0,0,0,0,0,0,0,0,0,0,0,0,0,0,0,0,0,0,0,0,0,13,0,0,0,15,0,9,0,0,17,13,9,12,11,14,8,0,14,31,18,16,35,35,75,21,49,83,88,74,41,83,148,175,109,216,134,221,246,206,325,348,253,320,441,529,567,520,636,515,1287,677,909,1097,1417,1331,1795,1857,2270,2775,2792,3179,3428,4228,5001,6868,6874,8564,10919,11777,14126,16078,18382,23252,26712,29372,30699,37603,39415,42734,44053,46672,47847,46301,46121,45733,43065,41054,37807,35898,30942,26062,22880,19862,16196,14764,10436,9436,7523,6131,4541,4477,2948,2841,2415,2262,1949,1430,1615,1396,1136,1091,927,1047,642,753,823,635,693,644,492,321,594,542,350,430,407,451,321,342,288,277,158,247,194,168,160,139,128,30,212,114,37,96,82,108,60,28,28,27,56,97,14,37,0,16,26,26,26,0,35,5,12,6,13,0,0,0,0,5,4,0,0,0,0,0,0,9,0,0,0,0,0,0,0,0,0,0,0,0,0,0,0,0,0,0,0,0,0,0,0,0,0,0,0,0,0,0,0,0,0,0,0,0,0,0,0,0,0,0,0,0,0,0,0,0,0,0,0,0,0,0,0,0,0,0,0,0,0,0,0,0,0,0,0,0,0,0,0,0,0,0,0,0,0,0,0,0,0,0,0,0,0,0,0,0,0,0,0,0,0,0,0,0,0,0,0,0,0,0,0,0,0,0,0,0,0,0,0,0,0,0,0,0,0,0,0,0,0,0,0,0,0,0,0,0,0,0,0,0,0,0,0,0,0,0,0,0,0,0}
Count:  19.8  18.9  17.4  17.8  18.5  18.0  16.4  18.4  16.5  18.8  16.8  18.5  17.5  18.8  16.5  17.8  16.3  18.6  15.9  17.7  16.6  18.7  17.2  20.5  18.0  18.0  18.3  18.6  19.0  19.9  17.6  21.9  19.0  19.6  18.0  19.4  18.1  20.2  20.3  18.6  21.0  20.9  20.9  17.8  17.5  18.8  20.9  18.9  17.8  19.0  16.9  18.8  16.9  18.5  17.8  19.0  18.0  18.7  18.6  18.3  18.8  18.7  19.5  19.2  20.0  19.0  20.5  19.4  20.0  20.0  20.7  19.2  20.3  19.0  18.5  17.6  18.6  18.2  18.2  18.1  19.0  18.1  19.2  17.8  19.1  18.4  18.9  18.1  19.3  18.5  20.2  18.3  19.6  18.0  21.2  19.0  21.0  18.5  21.1  18.2  20.7  18.0  19.9  17.7  19.7  17.6  20.2  18.2  20.0  18.9  20.4  19.0  19.9  18.5  19.9  18.2  18.7  17.4  18.1  17.5  17.8  17.3  17.8  17.3  18.5  18.3  19.2  18.1  18.3  17.7  18.4  16.7  17.4  16.6  16.9  15.4  16.3  15.7  18.7  19.6  18.5  19.3  18.2  20.3  18.6  21.1  18.3  20.5  18.2  19.5  19.3  18.9  17.3  21.2  19.6  16.1  18.6  15.7  19.5  18.4  18.7  17.4  17.8  17.6  18.9  17.9  17.4  17.2  18.0  17.0  17.1  17.0  17.4  16.8  16.9  16.0  17.5  16.9  16.7  16.2  17.4  17.0  16.7  16.4  17.5  17.0  16.5  16.1  19.2  15.8  15.9  17.5  17.4  18.1  19.8  18.5  18.8  19.4  18.7  18.6 
B: 38.9 38.8 37.7 39.0 38.3 38.2 38.0 37.5 37.7 36.5 37.8 37.3 37.0 37.1 37.8 37.2 42.2 41.7 42.2 44.0 41.8 42.5 42.7 41.6 43.7 42.6 41.2 45.4 42.0 40.5 41.8 41.7 42.2 43.8 41.6 42.9 43.2 41.2 40.9 40.6 42.6 42.3 40.4 39.3 42.6 44.2 42.6 41.0 42.6 43.1 41.7 41.4 41.2 42.3 40.6 41.5 40.7 41.3 41.0 43.2 41.6 43.7 41.8 42.6 41.3 43.4 40.6 43.3 40.9 43.1 40.2 44.0 40.8 44.0 40.9 44.6 41.0 44.1 40.7 43.7 39.8 43.9 39.8 44.3 41.1 44.5 41.7 44.9 41.5 44.7 40.8 42.9 39.9 45.2 42.5 43.8 41.7 43.7 40.9 44.2 41.1 44.0 42.6 43.2 40.9 42.9 40.6 43.2 41.1 42.5 40.6 42.3 40.2 41.4 39.3 41.7 39.9 41.6 40.1 41.9 41.2 43.0 42.1 42.9 42.3 42.2 41.7 42.1 42.4 42.2 41.3 42.9 42.5 43.5 42.3 44.5 43.3 45.2 43.1 41.6 41.6 42.7 43.4 42.6 43.3 41.9 44.6 42.8 44.2 43.2 41.6 43.5 45.6 42.3 43.9 44.3 41.7 45.2 45.0 45.4 45.7 45.0 45.4 46.4 44.6 45.1 46.1 45.8 45.0 45.7 45.2 45.0 45.6 45.9 45.6 46.6 45.8 45.6 45.5 45.5 45.4 45.6 45.3 44.9 45.2 45.0 45.2 45.4 43.5 45.8 44.8 43.3 44.3 45.3 42.5 43.8 45.1 40.7 42.1 44.7 
Direction:  n n n n n n n n n n n n n n n n n n n n n n n n n n n n n n n n n n n n n n n n n n n n n n n n n n n n n n n n n n n n n n n n n n n n n n n n n n n n n n n n n n n n n n n n n n n n n n n n n n n n n n n n n n n n n n n n n n n n n n n n n n n n n n n n n n n n n n n n n n n n n n n n n n n n n n n n n n n n n n n n n n n n n n n n n n n n n n n n n n n n n n n n n n n n n n n n n n n n n n n n

52.1: Count:  18.2 (  1.3) A:  21.3 [10-37] B:  43.4 [10-72] Phase: 123 ( 7.69) Direction:  n
Phase: {0,0,0,0,0,0,0,0,0,0,0,0,0,0,0,0,0,0,0,0,0,0,0,0,0,0,0,0,0,0,0,0,0,0,0,0,0,0,0,0,7,0,0,0,0,17,0,7,0,13,15,0,0,27,5,8,5,7,23,1,24,10,31,64,22,50,33,58,71,97,53,47,134,68,142,177,144,223,249,281,304,231,301,328,350,269,425,454,534,640,1077,690,867,767,1038,1252,1452,1623,1740,2294,2448,2928,2963,4400,4653,5075,6504,7466,9489,10187,12325,15564,17705,20425,23480,27739,28562,35244,39354,41924,43630,45879,48806,48729,49025,47733,45982,43829,40380,37240,32067,28914,25024,21737,16616,15166,11630,9058,7817,5866,4470,3477,3185,2699,2248,2059,1814,1377,1450,1056,1206,889,890,1046,681,656,738,608,530,547,569,368,565,480,362,401,436,343,223,262,216,242,267,223,175,170,155,112,147,139,168,52,72,49,65,72,74,40,32,10,12,22,18,0,36,10,42,15,14,18,0,10,13,30,11,0,0,0,5,7,2,0,10,0,0,5,0,0,0,0,0,5,0,0,0,0,0,0,0,0,0,0,0,0,0,0,0,0,0,0,0,0,0,0,0,0,0,0,0,0,0,0,0,0,0,0,0,0,0,0,0,0,0,0,0,0,0,0,0,0,0,0,0,0,0,0,0,0,0,0,0,0,0,0,0,0,0,0,0,0,0,0,0,0,0,0,0,0,0,0,0,0,0,0,0,0,0,0,0,0,0,0,0,0,0,0,0,0,0,0,0,0,0,0,0,0,0,0,0,0,0,0,0,0,0,0,0,0,0,0,0,0,0,0,0,0,0,0,0,0,0,0,0,0,0,0,0,0,0,0}
Count:  20.0  18.7  17.0  18.1  18.5  18.1  16.3  17.9  16.4  18.7  16.6  18.6  16.9  18.5  16.4  17.5  15.9  18.0  15.8  17.5  16.1  18.7  17.1  20.3  17.7  18.0  17.9  18.6  18.6  19.6  17.5  21.2  19.1  19.4  17.4  19.3  18.3  19.8  19.7  18.8  20.6  20.4  20.7  17.7  17.5  19.0  20.5  18.6  18.2  18.5  16.9  18.7  16.5  18.6  17.7  18.7  17.9  18.2  18.6  18.5  18.6  18.2  19.5  18.8  19.5  18.8  20.5  19.3  20.2  19.7  20.1  19.2  19.6  18.7  18.7  17.6  18.4  17.8  18.1  18.0  18.6  17.6  18.7  17.4  19.0  18.1  18.5  17.8  19.5  18.6  20.0  18.5  19.3  18.0  20.8  18.6  20.5  18.2  21.0  18.4  20.6  18.1  19.8  17.9  19.3  17.8  20.2  18.2  20.0  18.9  20.2  18.7  19.6  18.8  19.6  18.2  18.5  17.7  18.0  17.0  17.9  17.3  18.0  17.3  18.5  18.0  18.5  17.4  18.4  17.1  18.4  16.5  17.1  16.7  17.0  15.8  16.3  16.2  18.7  19.9  18.6  19.9  18.6  20.1  18.4  20.7  18.2  20.1  18.3  19.3  19.0  18.6  17.3  20.9  19.4  16.0  18.2  15.8  19.3  18.1  18.5  16.9  17.8  17.6  18.1  17.3  17.3  17.1  17.8  16.9  16.6  16.4  17.5  16.9  16.6  16.1  17.8  17.0  16.2  16.3  17.2  16.8  16.5  15.8  17.0  16.4  16.3  15.9  19.0  15.7  15.9  17.1  17.0  18.4  19.2  18.1  18.8  18.7  18.5  18.6 
B: 39.1 39.6 38.8 38.8 38.9 38.3 38.6 38.5 38.1 37.3 38.5 37.9 37.8 37.9 38.2 38.2 43.2 43.0 42.8 44.7 43.1 43.0 43.4 43.2 44.8 43.4 42.2 46.0 43.1 41.2 42.3 43.1 43.0 44.7 43.5 43.6 43.2 42.2 41.8 40.9 43.9 43.6 41.5 40.2 43.1 44.4 43.5 41.9 42.5 44.3 42.5 41.9 42.3 42.9 41.1 42.5 41.4 42.5 41.8 43.5 42.5 45.0 42.4 44.0 42.4 44.3 41.5 44.0 41.6 43.6 41.4 44.7 42.2 45.1 41.4 45.5 41.7 45.4 41.8 44.6 41.1 45.3 40.9 45.7 41.9 45.8 42.7 46.1 42.0 45.2 42.0 43.5 40.5 45.6 43.3 45.2 42.8 44.8 42.0 44.5 42.1 44.3 43.2 43.8 42.5 43.7 41.3 43.8 41.8 43.2 41.7 43.3 41.0 41.9 40.5 42.1 40.7 42.3 40.7 43.4 41.6 43.5 42.6 43.9 43.0 43.5 43.4 43.7 42.9 43.9 42.0 43.9 43.6 43.8 42.8 44.5 43.9 45.2 43.9 42.0 42.7 42.5 43.6 43.7 43.9 43.0 45.3 44.1 44.7 44.4 42.6 44.5 46.1 43.3 45.4 45.1 42.9 45.5 45.9 46.6 46.5 46.6 46.2 47.2 46.7 46.7 46.4 47.1 46.0 46.9 47.1 47.3 46.1 46.5 47.0 47.1 46.2 46.4 47.0 46.3 46.5 46.7 46.3 47.1 46.9 46.5 46.5 46.7 44.4 46.6 45.6 45.0 46.0 45.6 44.0 45.5 46.4 42.3 42.9 45.3 
Direction:  n n n n n n n n n n n n n n n n n n n n n n n n n n n n n n n n n n n n n n n n n n n n n n n n n n n n n n n n n n n n n n n n n n n n n n n n n n n n n n n n n n n n n n n n n n n n n n n n n n n n n n n n n n n n n n n n n n n n n n n n n n n n n n n n n n n n n n n n n n n n n n n n n n n n n n n n n n n n n n n n n n n n n n n n n n n n n n n n n n n n n n n n n n n n n n n n n n n n n n n n

52.2: Count:  18.0 (  1.3) A:  20.9 [10-36] B:  44.4 [10-73] Phase: 124 ( 6.38) Direction:  n
Phase: {0,0,0,0,0,0,0,0,0,0,0,0,0,0,0,0,0,0,0,0,0,0,0,0,0,0,0,0,0,0,0,0,0,0,0,0,0,0,0,0,0,0,0,0,0,5,9,0,0,2,0,7,3,0,0,27,0,0,0,0,27,15,35,1,27,87,50,43,35,42,112,73,113,92,149,133,100,193,143,254,227,233,223,462,360,411,327,357,588,495,655,490,666,668,969,959,1330,1227,1165,1399,1814,1823,2036,2622,2938,3555,4129,4657,6629,6828,9143,11240,12623,16622,18710,22749,24740,32685,35843,41573,46290,52355,55652,54257,58585,58212,54942,50713,44878,41367,35812,29620,25145,20223,15509,12455,8939,7395,5498,4310,3381,3162,2153,1857,1648,1470,1351,992,1042,1001,767,736,800,712,419,582,521,631,497,482,503,470,445,403,517,340,393,204,318,253,176,190,151,170,213,203,204,55,129,63,78,65,71,83,44,57,23,42,43,5,42,25,14,3,35,24,0,9,0,11,16,15,1,17,5,0,0,0,0,0,0,0,0,0,0,0,0,0,0,0,0,0,0,0,0,0,0,0,0,0,0,0,0,0,0,0,0,0,0,0,0,0,0,0,0,0,0,0,0,0,0,0,0,0,0,0,0,0,0,0,0,0,0,0,0,0,0,0,0,0,0,0,0,0,0,0,0,0,0,0,0,0,0,0,0,0,0,0,0,0,0,0,0,0,0,0,0,0,0,0,0,0,0,0,0,0,0,0,0,0,0,0,0,0,0,0,0,0,0,0,0,0,0,0,0,0,0,0,0,0,0,0,0,0,0,0,0,0,0,0,0,0,0,0,0,0,0,0,0,0,0,0,0,0,0,0,0,0,0,0}
Count:  19.7  18.6  16.8  17.5  18.4  17.7  16.1  17.9  16.4  18.6  16.7  18.1  16.8  18.5  16.0  17.6  15.6  17.9  15.7  17.6  16.0  18.5  17.2  19.9  17.6  18.2  17.4  18.4  18.5  19.6  16.9  21.6  18.8  19.4  17.2  19.4  18.1  20.0  19.7  18.3  20.7  20.5  20.6  17.7  17.2  19.2  20.5  18.6  17.6  18.5  16.8  18.2  16.3  18.5  17.4  18.6  17.5  18.1  18.5  18.2  18.5  18.4  19.1  18.6  19.3  18.7  20.2  18.8  20.0  19.7  20.0  18.6  19.5  18.7  18.0  17.6  17.9  17.8  17.7  17.5  18.5  17.6  18.5  17.6  18.7  17.8  18.3  18.0  19.2  18.3  19.9  18.2  18.9  17.9  20.5  18.6  20.4  18.5  21.1  18.1  20.3  18.3  19.6  17.9  19.5  17.7  20.1  18.3  20.0  18.9  20.3  18.5  19.4  18.5  19.2  17.7  18.3  17.7  17.9  17.0  17.5  16.8  18.1  16.9  18.3  18.1  18.9  17.1  18.2  17.2  18.1  16.2  16.9  16.3  16.1  15.9  16.4  15.6  18.3  19.8  18.0  19.3  17.9  19.9  18.4  20.2  18.3  19.7  17.7  19.0  18.8  18.5  17.0  20.2  19.1  15.9  18.0  15.6  18.8  17.9  18.6  17.0  17.5  17.4  18.0  17.2  16.7  16.7  17.8  16.5  16.2  16.1  17.2  16.7  16.4  16.0  17.3  16.9  16.0  15.8  16.7  16.5  16.4  15.8  16.8  16.0  16.0  15.8  19.0  15.6  15.4  16.9  16.9  18.4  18.9  18.0  18.6  18.4  18.0  18.7 
B: 39.9 40.2 39.5 40.2 39.8 39.4 39.1 39.2 38.7 37.8 39.2 38.6 38.3 38.4 39.4 38.3 44.3 43.7 43.6 45.0 43.7 43.7 43.6 44.1 45.5 43.5 43.8 47.3 44.3 41.7 43.7 43.4 43.9 45.2 44.1 44.4 44.3 42.7 42.7 42.1 44.5 44.1 42.1 41.0 44.1 44.7 43.8 42.5 43.9 45.0 43.3 43.2 43.5 43.7 41.8 43.3 42.5 43.5 42.4 44.3 43.2 45.5 43.6 45.0 43.4 45.2 42.6 45.5 42.3 44.6 42.3 45.9 43.2 46.0 43.0 46.2 42.9 46.1 42.9 46.0 41.8 45.8 42.0 46.5 43.1 47.1 43.9 46.9 43.0 46.4 42.7 44.3 41.7 46.3 44.6 46.0 43.6 45.2 42.6 45.5 43.2 45.1 44.3 44.3 42.9 44.5 42.2 44.3 42.6 44.2 42.3 44.4 41.8 43.3 41.7 43.3 41.5 43.2 41.7 44.2 43.2 44.9 43.2 45.2 44.1 44.1 43.5 44.9 44.0 44.4 42.9 45.2 44.3 45.5 44.9 45.4 44.9 46.8 45.3 42.7 44.2 43.8 45.1 44.3 45.2 44.6 45.9 45.8 46.5 45.7 43.8 45.4 47.6 44.5 46.7 46.1 44.2 46.7 47.6 48.0 47.2 47.7 47.3 48.7 47.4 47.9 48.6 48.7 46.8 48.1 49.0 48.9 47.5 47.5 48.2 48.1 47.4 47.2 48.6 48.0 48.2 47.9 47.3 47.7 47.8 48.5 47.7 47.7 45.1 47.4 47.4 46.4 46.8 46.2 45.4 46.3 47.0 43.3 44.6 45.9 
Direction:  n n n n n n n n n n n n n n n n n n n n n n n n n n n n n n n n n n n n n n n n n n n n n n n n n n n n n n n n n n n n n n n n n n n n n n n n n n n n n n n n n n n n n n n n n n n n n n n n n n n n n n n n n n n n n n n n n n n n n n n n n n n n n n n n n n n n n n n n n n n n n n n n n n n n n n n n n n n n n n n n n n n n n n n n n n n n n n n n n n n n n n n n n n n n n n n n n n n n n n n n

52.3: Count:  17.9 (  1.3) A:  20.6 [10-36] B:  45.3 [10-75] Phase: 124 ( 5.85) Direction:  nPhase: 129 ( 3.39) Direction:  n
Phase: {0,0,0,0,0,0,0,0,0,0,0,0,0,0,0,0,0,0,0,0,0,0,0,0,0,0,0,0,0,0,0,0,0,0,0,0,0,0,0,0,0,0,0,0,0,0,0,0,3,0,0,7,0,0,0,2,0,0,9,18,30,5,5,20,11,15,41,20,19,37,111,41,86,101,108,124,161,148,167,266,256,330,237,302,294,319,324,375,610,392,719,518,579,765,943,852,985,947,1217,1412,1406,1847,1645,2160,2385,3065,3293,3942,5345,5511,6793,8018,10360,12602,15061,18764,20003,28108,32056,36641,42986,47545,54464,55513,59726,60823,61321,56876,50843,45789,39842,34005,27176,23212,16739,13510,9365,8012,5587,4748,3778,3039,2472,1781,1343,1581,1281,746,1031,967,847,741,756,744,573,496,740,511,603,457,483,381,393,472,455,358,353,381,314,255,264,208,178,213,97,215,94,166,86,64,129,36,64,36,35,53,22,45,21,22,21,27,19,9,14,0,0,1,8,7,0,7,31,9,0,13,5,0,9,0,0,0,0,0,0,0,0,0,0,0,0,0,0,0,0,0,0,0,0,0,0,0,0,0,0,0,0,0,0,0,0,0,0,0,0,0,0,0,0,0,0,0,0,0,0,0,0,0,0,0,0,0,0,0,0,0,0,0,0,0,0,0,0,0,0,0,0,0,0,0,0,0,0,0,0,0,0,0,0,0,0,0,0,0,0,0,0,0,0,0,0,0,0,0,0,0,0,0,0,0,0,0,0,0,0,0,0,0,0,0,0,0,0,0,0,0,0,0,0,0,0,0,0,0,0,0,0,0,0,0,0,0,0,0,0,0,0,0,0,0,0,0,0,0,0,0,0,0,0,0}
Count:  19.6  18.4  16.6  17.4  17.9  17.8  16.0  17.8  16.2  18.0  16.5  18.3  16.6  18.2  15.8  17.2  15.7  17.6  15.5  17.6  16.1  18.1  16.8  19.7  17.6  17.9  17.1  18.3  18.1  19.3  16.5  21.7  18.5  19.3  17.5  18.8  18.3  19.7  19.9  18.1  20.9  20.3  20.2  17.3  17.3  19.1  20.6  18.5  17.3  18.3  16.5  18.2  15.9  18.1  17.2  18.1  17.8  18.0  18.4  18.0  18.3  18.2  18.8  18.5  19.7  18.5  19.7  18.7  19.5  19.3  19.4  18.4  19.1  18.7  17.5  17.2  18.0  17.5  17.6  17.4  18.0  17.5  18.4  17.4  18.6  17.7  18.2  17.7  19.0  18.2  19.6  17.9  18.7  17.8  20.2  18.4  20.3  18.3  20.5  18.1  20.4  18.1  19.6  17.9  19.4  17.4  20.1  18.4  19.7  18.9  20.2  18.4  19.6  18.1  19.1  17.8  18.1  17.3  17.9  16.8  17.4  17.2  17.7  17.2  18.0  17.9  18.8  17.3  18.0  16.4  17.8  16.1  16.6  16.2  16.1  15.2  16.5  15.4  17.8  18.9  17.6  19.1  18.0  19.7  18.0  20.2  17.9  19.6  17.9  18.9  18.8  18.4  16.6  20.1  18.8  16.0  17.9  15.4  18.8  17.9  18.4  16.6  17.5  17.3  17.6  17.1  17.0  16.5  17.4  16.4  16.2  16.2  17.0  16.7  16.0  15.8  17.5  16.6  15.7  15.7  16.5  16.5  16.0  15.6  16.7  16.2  16.0  15.6  18.7  15.4  15.4  16.9  17.2  18.2  18.6  17.7  18.6  18.5  18.1  18.4 
B: 40.5 40.9 40.2 41.1 40.6 40.0 40.0 40.0 39.7 39.0 39.9 38.7 39.0 39.3 40.0 38.9 44.4 44.7 44.3 45.5 44.3 44.7 44.8 44.8 46.4 44.2 44.8 48.2 45.4 42.5 44.8 43.9 44.7 46.1 44.0 45.6 44.7 43.7 43.2 42.9 44.8 44.8 42.9 41.7 44.6 45.3 44.2 43.3 44.9 45.9 44.3 44.1 44.5 45.0 42.9 44.3 42.5 44.3 43.0 45.1 43.8 46.3 44.7 45.4 43.7 45.9 43.4 46.1 43.4 46.0 43.5 46.9 44.4 46.5 44.3 47.7 43.5 47.2 43.8 46.8 43.0 46.4 42.9 47.1 43.9 48.2 44.9 47.9 43.8 47.3 43.8 45.3 42.7 47.4 45.6 47.0 44.6 46.4 43.8 46.4 44.0 46.0 45.1 44.9 43.7 45.6 42.7 45.1 43.5 44.8 42.9 45.4 42.6 44.5 42.6 44.1 42.7 44.2 42.6 45.3 44.1 45.5 44.3 45.5 45.3 45.2 44.5 45.3 44.9 46.4 44.1 46.1 45.7 46.3 46.0 47.6 45.4 47.8 47.0 44.5 45.8 44.9 46.0 45.4 46.5 45.1 47.5 46.6 47.0 46.8 44.4 46.1 49.1 45.8 47.7 46.8 45.2 47.8 48.4 48.5 48.0 48.8 48.0 49.2 48.6 48.5 49.0 50.1 48.5 49.3 49.9 49.1 48.5 48.1 49.6 49.2 48.1 48.5 49.9 48.7 49.7 48.6 48.8 49.2 49.3 49.1 48.2 48.8 46.3 48.6 48.3 47.1 47.0 47.2 46.3 47.1 48.0 44.2 44.9 47.0 
Direction:  n n n n n n n n n n n n n n n n n n n n n n n n n n n n n n n n n n n n n n n n n n n n n n n n n n n n n n n n n n n n n n n n n n n n n n n n n n n n n n n n n n n n n n n n n n n n n n n n n n n n n n n n n n n n n n n n n n n n n n n n n n n n n n n n n n n n n n n n n n n n n n n n n n n n n n n n n n n n n n n n n n n n n n n n n n n n n n n n n n n n n n n n n n n n n n n n n n n n n n n n

52.4: Count:  17.8 (  1.3) A:  20.1 [10-35] B:  46.0 [10-77] Phase: 125 ( 6.50) Direction:  nPhase: 130 ( 3.29) Direction:  n
Phase: {0,0,0,0,0,0,0,0,0,0,0,0,0,0,0,0,0,0,0,0,0,0,0,0,0,0,0,0,0,0,0,0,0,0,0,0,0,0,0,0,0,0,0,0,0,0,0,0,18,0,0,14,4,13,24,0,0,0,33,40,19,36,32,45,18,31,56,63,40,61,81,80,188,49,124,246,177,219,137,300,242,292,354,318,372,255,269,476,523,361,681,569,732,792,794,1108,928,1258,1076,1654,1323,1867,1883,2475,2708,3216,3647,4350,5157,5237,7293,7590,9833,11605,13993,17102,18104,24230,27187,32541,38717,41873,47719,47077,52766,53738,56214,53377,51641,48852,43106,39420,33980,28718,22799,19297,14743,12140,9331,7305,5496,4595,3329,2713,2512,1868,1651,1323,1250,1285,1061,967,857,798,527,771,909,770,722,553,637,443,471,511,584,454,336,396,348,325,255,254,264,260,175,304,149,91,179,116,166,72,88,84,31,71,59,19,46,59,30,30,29,25,0,18,7,19,9,4,8,0,13,0,15,0,6,9,0,0,0,0,0,0,0,0,0,0,0,0,0,0,0,0,0,0,15,0,0,0,0,0,0,0,0,0,0,0,0,0,0,0,0,0,0,0,0,0,0,0,0,0,0,0,0,0,0,0,0,0,0,0,0,0,0,0,0,0,0,0,0,0,0,0,0,0,0,0,0,0,0,0,0,0,0,0,0,0,0,0,0,0,0,0,0,0,0,0,0,0,0,0,0,0,0,0,0,0,0,0,0,0,0,0,0,0,0,0,0,0,0,0,0,0,0,0,0,0,0,0,0,0,0,0,0,0,0,0,0,0,0,0,0,0,0,0,0,0,0,0,0,0,0,0,0,0,0,0,0,0}
Count:  19.5  18.0  16.6  17.2  18.1  17.9  15.8  17.7  16.3  18.0  16.6  18.0  16.5  17.8  15.6  17.0  15.3  17.4  15.3  17.4  16.0  17.9  16.8  19.6  17.4  17.6  17.0  18.2  18.0  18.8  16.6  21.6  18.5  19.3  17.3  18.7  17.9  19.3  19.4  17.7  20.3  20.0  19.7  16.8  16.9  18.9  20.4  18.3  17.3  18.1  16.1  17.7  16.0  17.9  17.0  18.3  17.3  18.0  18.1  17.9  18.3  17.9  19.0  18.3  19.5  18.6  19.6  18.6  19.3  19.2  19.5  18.5  19.1  18.6  17.8  17.5  17.7  17.2  17.6  17.2  17.9  17.3  17.7  17.4  18.3  17.7  17.9  17.4  18.5  17.8  19.5  18.0  18.7  17.4  20.7  18.2  20.2  18.4  20.3  18.2  20.0  18.1  19.5  17.7  19.3  17.3  19.5  18.3  19.9  18.7  19.6  18.4  19.1  18.5  18.8  17.4  17.9  17.5  17.8  16.7  17.6  17.3  17.7  16.8  17.6  18.0  18.7  17.3  17.9  16.5  17.4  15.6  16.6  16.3  16.5  15.4  15.9  15.4  18.2  18.9  17.4  19.4  17.7  19.8  17.9  19.8  17.8  19.7  17.7  18.8  18.8  18.9  16.5  19.9  18.6  15.7  18.1  15.3  18.8  18.0  18.1  16.4  17.3  17.2  17.7  16.9  16.8  16.7  17.4  16.4  16.4  16.0  17.0  16.3  16.2  15.9  17.3  16.7  16.0  15.5  16.7  16.5  15.9  15.7  16.8  16.0  15.8  15.4  18.4  15.5  15.2  16.5  16.7  18.0  18.7  18.0  18.9  18.6  18.0  18.4 
B: 40.9 41.8 40.4 41.5 40.6 40.1 40.7 40.0 39.5 39.2 39.9 39.4 39.6 40.0 40.6 39.8 45.5 45.1 44.8 46.4 44.7 45.5 45.1 45.5 47.1 45.6 45.0 48.9 45.9 43.7 45.3 44.2 45.3 46.4 44.7 46.1 45.6 44.3 43.9 43.5 45.7 46.1 44.1 42.6 45.6 46.2 44.7 43.9 45.6 46.7 45.0 44.7 44.9 45.7 43.8 44.4 43.9 44.6 43.9 46.0 44.8 47.4 45.0 46.3 44.2 46.5 44.4 46.9 44.2 46.6 43.9 47.5 44.6 47.5 44.2 47.4 44.3 47.9 44.2 48.0 43.5 47.5 44.2 47.8 44.7 48.7 45.7 48.7 44.8 48.7 44.4 45.9 43.2 48.5 45.5 47.9 45.1 46.7 44.7 46.9 45.1 46.3 45.8 46.1 44.0 46.4 44.3 45.9 44.1 45.7 44.6 46.1 43.7 44.6 43.4 45.1 43.6 44.5 43.4 46.2 44.4 45.8 44.9 46.8 46.6 45.6 45.4 45.7 45.7 46.6 45.7 47.5 46.5 46.8 45.7 47.8 47.0 48.3 47.2 45.2 46.7 45.1 47.4 45.9 47.0 46.3 48.5 47.0 47.8 47.4 45.1 46.1 49.9 46.8 49.1 47.7 45.5 48.7 49.0 49.3 49.5 49.7 49.2 50.3 49.4 49.4 50.1 50.2 49.3 50.1 49.8 50.2 49.5 50.0 50.2 49.8 49.2 49.4 50.0 50.2 50.0 49.2 49.7 49.5 49.6 49.7 49.7 49.9 47.4 49.3 48.9 48.1 48.5 48.3 46.9 47.6 48.2 44.7 45.3 47.8 
Direction:  n n n n n n n n n n n n n n n n n n n n n n n n n n n n n n n n n n n n n n n n n n n n n n n n n n n n n n n n n n n n n n n n n n n n n n n n n n n n n n n n n n n n n n n n n n n n n n n n n n n n n n n n n n n n n n n n n n n n n n n n n n n n n n n n n n n n n n n n n n n n n n n n n n n n n n n n n n n n n n n n n n n n n n n n n n n n n n n n n n n n n n n n n n n n n n n n n n n n n n n n

52.5: Count:  17.6 (  1.2) A:  19.6 [10-37] B:  46.8 [10-78] Phase: 126 ( 6.71) Direction:  nPhase: 109 ( 2.71) Direction:  n
Phase: {0,0,0,0,0,0,0,0,0,0,0,0,0,0,0,0,0,0,0,0,0,0,0,0,0,0,0,0,0,0,0,0,0,0,0,0,0,0,0,0,0,5,0,0,9,0,8,0,13,0,0,5,21,9,0,25,0,2,7,1,45,22,25,36,27,56,123,118,72,92,83,140,64,172,92,102,186,122,235,280,285,393,367,284,413,372,493,402,528,477,1136,604,694,780,907,911,1010,1170,1336,1520,1640,1956,1812,2471,2325,3107,3618,4209,4838,4907,6310,7354,9056,10994,12381,14815,16475,22080,25102,27427,31892,35832,40549,43565,46621,50850,50547,51342,49969,49020,44617,41087,36931,33060,27489,23600,19272,15901,12568,10375,7741,6643,5059,4121,3165,3008,2617,1867,1538,1491,1545,1248,1026,962,661,885,885,805,733,721,583,686,579,596,559,436,601,467,339,442,397,420,281,274,263,220,257,181,116,142,167,123,153,82,110,92,90,25,94,30,18,29,0,8,33,21,7,0,0,0,24,0,0,14,0,0,13,0,0,0,0,0,0,0,0,0,0,0,0,0,0,0,0,0,0,0,0,0,0,0,0,0,0,0,0,0,0,0,0,0,0,0,0,0,0,0,0,0,0,0,0,0,0,0,0,0,0,0,0,0,0,0,0,0,0,0,0,0,0,0,0,0,0,0,0,0,0,0,0,0,0,0,0,0,0,0,0,0,0,0,0,0,0,0,0,0,0,0,0,0,0,0,0,0,0,0,0,0,0,0,0,0,0,0,0,0,0,0,0,0,0,0,0,0,0,0,0,0,0,0,0,0,0,0,0,0,0,0,0,0,0,0,0,0,0,0,0,0,0,0,0,0,0,0,0,0,0,0,0,0}
Count:  19.0  18.3  16.4  17.0  18.1  17.4  15.5  16.9  15.6  18.0  16.2  17.9  16.1  17.4  15.5  16.2  15.2  17.3  15.2  17.1  15.7  18.2  16.4  19.3  17.4  17.5  16.9  18.1  17.9  18.8  16.4  20.9  18.2  19.0  16.9  18.6  17.8  18.8  19.1  17.6  19.9  20.2  19.7  16.4  16.9  19.0  19.8  18.2  17.2  18.0  16.0  17.8  16.0  17.8  17.0  17.9  16.8  17.8  18.2  17.7  17.5  18.1  18.7  18.3  18.9  18.2  19.4  18.5  18.9  19.0  18.8  18.2  18.5  18.2  17.5  17.0  17.4  17.1  17.4  17.1  17.7  17.3  18.0  17.4  18.3  17.7  17.7  17.4  18.6  17.7  19.4  17.9  18.3  17.2  20.2  18.3  20.1  18.3  20.3  18.0  19.9  18.0  19.2  17.7  19.3  17.1  19.3  18.3  19.4  18.0  19.3  18.4  19.1  17.6  18.8  17.3  17.5  17.1  17.4  16.3  17.4  17.1  17.3  16.2  17.6  17.5  18.5  16.7  17.5  16.4  17.1  15.8  16.5  16.2  16.2  14.9  16.0  15.0  17.5  18.7  17.1  19.1  17.4  19.5  17.8  19.8  17.5  19.6  17.6  18.6  18.2  18.3  16.5  20.1  18.8  15.8  17.4  15.3  19.1  17.8  18.3  16.4  17.4  17.2  17.9  16.9  16.7  16.6  17.2  16.1  16.3  16.3  17.0  16.3  16.1  15.9  17.0  16.5  15.9  15.5  16.3  16.3  15.9  15.5  16.7  16.2  15.6  15.4  18.1  15.4  14.9  16.7  16.6  17.6  18.5  18.0  18.2  18.1  18.0  18.3 
B: 41.5 41.7 40.9 42.0 40.8 40.8 41.6 41.3 40.8 39.6 40.7 40.0 40.6 40.4 41.1 40.7 45.6 45.2 45.2 47.1 45.6 45.5 46.0 46.4 47.7 46.1 45.5 49.3 46.6 44.1 45.7 45.4 46.4 46.9 45.8 46.3 46.4 45.6 44.8 44.2 46.6 46.2 44.8 43.6 46.3 46.5 45.4 44.3 46.4 47.6 45.9 45.2 45.3 46.1 44.1 45.2 44.5 45.5 44.4 46.7 46.1 47.3 45.7 47.2 45.2 47.5 45.3 47.6 45.4 47.3 45.1 48.4 45.7 48.1 45.1 48.8 45.3 48.7 44.7 48.4 44.2 47.7 44.8 48.5 45.3 49.0 46.5 49.5 45.6 49.6 45.2 46.7 44.1 49.3 46.7 48.6 45.5 47.5 45.5 47.6 45.6 47.3 46.7 46.6 44.5 47.2 45.2 46.6 45.2 47.3 45.3 46.5 44.3 46.3 44.1 45.7 44.7 45.7 44.4 47.2 45.2 46.6 46.1 48.2 47.1 46.9 46.6 47.3 47.1 47.4 46.4 47.7 47.3 47.7 46.8 49.3 47.7 50.2 48.6 45.9 47.8 46.4 48.3 47.1 47.8 46.9 49.4 47.8 48.6 48.5 46.5 47.4 50.7 46.9 49.1 48.0 46.9 49.7 49.2 50.5 50.1 50.6 49.7 51.0 49.7 50.4 50.4 50.8 50.5 51.3 50.7 50.7 50.0 50.5 51.1 50.6 50.2 50.0 50.6 50.6 51.3 50.2 50.8 50.6 50.6 49.9 50.4 50.4 48.5 49.8 50.8 48.7 49.5 49.6 48.0 48.1 49.6 46.1 46.1 48.6 
Direction:  n n n n n n n n n n n n n n n n n n n n n n n n n n n n n n n n n n n n n n n n n n n n n n n n n n n n n n n n n n n n n n n n n n n n n n n n n n n n n n n n n n n n n n n n n n n n n n n n n n n n n n n n n n n n n n n n n n n n n n n n n n n n n n n n n n n n n n n n n n n n n n n n n n n n n n n n n n n n n n n n n n n n n n n n n n n n n n n n n n n n n n n n n n n n n n n n n n n n n n n n

52.6: Count:  17.3 (  1.2) A:  18.9 [10-36] B:  47.7 [10-78] Phase: 128 ( 6.94) Direction:  n
Phase: {0,0,0,0,0,0,0,0,0,0,0,0,0,0,0,0,0,0,0,0,0,0,0,0,0,0,0,0,0,0,0,0,0,0,0,0,0,0,0,7,0,0,0,10,0,12,0,13,9,0,5,1,5,22,1,0,0,15,24,15,0,51,38,117,5,64,52,60,72,60,128,112,186,167,182,180,205,282,198,327,315,276,368,412,287,497,354,511,461,349,928,700,657,732,976,862,915,1083,1010,1332,1643,1805,1681,1982,2250,2676,3139,3368,3864,4120,5169,6402,7470,8395,10245,12318,13703,17713,21146,23068,27284,32442,35947,39122,41330,45817,48938,49498,50404,49152,46771,45694,41356,39148,31763,29252,23029,19154,15877,12694,9945,7971,6608,4685,4007,3158,2920,2338,1789,1442,1355,1171,1190,1025,850,902,987,896,682,762,700,550,706,646,465,539,547,437,463,445,459,409,345,286,259,252,250,169,232,172,220,139,135,77,144,147,41,69,47,28,31,74,22,19,8,0,6,13,0,0,1,16,19,0,0,0,0,13,31,0,0,13,0,3,0,0,13,0,0,0,0,0,0,0,0,0,0,0,0,0,0,0,0,0,0,0,0,0,0,0,0,0,0,0,0,0,0,0,0,0,0,0,0,0,0,0,0,0,0,0,0,0,0,0,0,0,0,0,0,0,0,0,0,0,0,0,0,0,0,0,0,0,0,0,0,0,0,0,0,0,0,0,0,0,0,0,0,0,0,0,0,0,0,0,0,0,0,0,0,0,0,0,0,0,0,0,0,0,0,0,0,0,0,0,0,0,0,0,0,0,0,0,0,0,0,0,0,0,0,0,0,0,0,0,0,0,0,0,0,0,0,0,0,0,0,0,0,0,0,0}
Count:  18.8  18.1  16.4  16.5  17.8  16.9  15.3  16.9  15.6  16.9  15.8  17.5  15.9  17.5  15.1  16.0  15.0  17.3  14.8  16.8  15.3  17.6  16.3  19.2  17.0  17.0  16.0  18.1  18.1  19.0  16.0  20.7  18.3  18.6  16.5  18.1  17.3  18.7  18.8  17.8  20.0  19.6  19.1  16.1  16.7  18.8  20.1  18.0  16.9  17.7  15.8  17.2  15.4  17.4  16.4  17.7  16.2  17.0  17.7  17.6  17.3  17.9  18.5  17.9  18.8  18.3  19.5  18.3  18.8  18.7  18.5  17.8  18.1  18.1  17.6  16.6  17.3  17.0  16.8  17.0  17.1  16.8  17.7  16.8  18.1  17.7  17.2  17.3  18.5  17.8  19.1  17.6  17.9  17.0  19.9  18.2  20.0  18.0  19.9  18.0  19.2  17.6  18.9  17.6  18.8  16.7  19.2  18.0  19.0  18.1  19.5  17.9  18.5  17.4  18.4  17.1  17.3  17.1  17.2  16.2  16.6  16.5  16.9  16.4  17.3  17.0  18.3  16.5  17.4  16.1  16.9  15.5  16.2  15.9  15.8  14.7  15.6  14.7  17.3  18.2  17.0  19.1  17.2  19.3  17.9  19.6  17.5  19.4  17.3  18.5  18.4  18.1  16.5  19.6  18.5  15.8  17.5  15.0  18.5  17.5  17.8  16.7  17.0  17.1  17.5  16.7  16.4  16.5  17.3  16.1  16.3  16.1  16.8  16.3  15.9  15.5  16.6  16.3  15.7  15.4  16.5  16.2  15.8  15.1  16.4  15.8  15.3  15.3  18.5  15.1  15.0  16.7  16.4  17.5  18.2  17.5  18.2  17.7  17.8  17.9 
B: 42.2 42.1 41.4 42.9 41.3 41.2 41.7 41.6 41.3 40.7 41.2 40.8 41.2 40.6 41.8 41.2 46.1 45.4 46.0 47.9 46.5 46.5 46.6 47.0 48.6 46.9 47.3 50.0 47.2 44.2 46.5 46.3 46.7 48.1 47.0 47.3 47.4 46.0 45.5 44.4 46.6 47.6 45.6 44.6 47.0 47.4 45.3 44.8 47.0 48.4 46.4 46.6 46.4 47.2 45.0 45.7 45.6 46.8 45.4 47.3 46.7 48.1 46.3 48.1 46.1 47.9 45.5 48.3 46.1 48.2 46.1 49.2 46.9 48.7 45.4 49.8 46.1 49.5 45.9 48.9 45.8 49.1 45.4 50.1 46.1 49.7 47.8 50.1 46.1 49.8 45.8 47.6 44.9 50.4 48.0 49.2 46.3 48.3 46.2 48.0 46.8 48.4 47.8 47.1 45.8 48.6 45.9 47.5 46.3 47.6 45.7 47.6 45.5 47.0 45.0 46.3 45.4 46.3 45.0 47.6 46.8 47.8 47.2 48.4 48.2 48.5 47.2 48.3 47.8 48.4 47.4 48.7 48.4 48.9 48.0 50.3 48.8 51.1 49.0 46.9 48.5 47.2 49.2 47.8 48.3 47.7 50.1 48.5 50.0 49.3 46.9 48.2 51.4 48.6 50.4 49.0 47.3 50.5 50.9 51.4 51.1 50.5 50.8 51.7 50.9 51.6 51.6 51.6 51.3 52.0 51.8 51.8 51.2 51.4 52.3 51.9 51.8 51.2 51.6 51.5 51.4 51.5 51.7 52.1 51.6 51.1 51.7 51.4 48.8 51.1 51.3 49.4 50.4 50.0 48.7 49.6 50.4 47.0 47.6 49.5 
Direction:  n n n n n n n n n n n n n n n n n n n n n n n n n n n n n n n n n n n n n n n n n n n n n n n n n n n n n n n n n n n n n n n n n n n n n n n n n n n n n n n n n n n n n n n n n n n n n n n n n n n n n n n n n n n n n n n n n n n n n n n n n n n n n n n n n n n n n n n n n n n n n n n n n n n n n n n n n n n n n n n n n n n n n n n n n n n n n n n n n n n n n n n n n n n n n n n n n n n n n n n n

52.7: Count:  17.0 (  1.2) A:  18.2 [10-36] B:  48.6 [10-79] Phase: 128 ( 6.72) Direction:  nPhase: 133 ( 3.13) Direction:  n
Phase: {0,0,0,0,0,0,0,0,0,0,0,0,0,0,0,0,0,0,0,0,0,0,0,0,0,0,0,0,0,0,0,0,0,0,0,0,0,0,0,0,0,0,0,0,0,6,0,7,11,10,0,0,0,0,0,2,30,2,23,23,14,30,52,34,21,35,80,100,16,84,137,68,56,144,118,121,148,190,305,220,278,308,387,309,403,540,623,411,549,612,914,692,750,753,792,915,1014,1083,988,1303,1188,1312,1157,1645,1865,1937,2404,2901,3337,2962,4208,4586,5746,7034,9072,9297,10689,14193,16704,19860,23976,26706,31545,34661,38594,43632,45775,48437,49715,51146,50515,48820,44989,41978,37981,33235,27582,23293,18113,14758,12025,9163,7288,5548,4346,3378,2980,1781,1995,1595,1519,1166,973,1278,810,958,905,889,875,842,768,771,937,889,650,547,619,550,490,493,542,299,413,259,361,277,258,138,172,174,318,104,48,76,153,46,60,47,85,51,16,21,40,14,30,0,5,14,13,0,19,5,0,2,0,0,0,0,0,0,0,0,0,0,0,0,0,0,0,0,0,0,0,0,0,0,0,0,0,0,0,0,0,0,0,0,0,0,0,0,0,0,1,0,0,0,0,0,0,0,0,0,0,0,0,0,0,0,0,0,0,0,0,0,0,0,0,0,0,0,0,0,0,0,0,0,0,0,0,0,0,0,0,0,0,0,0,0,0,0,0,0,0,0,0,0,0,0,0,0,0,0,0,0,0,0,0,0,0,0,0,0,0,0,0,0,0,0,0,0,0,0,0,0,0,0,0,0,0,0,0,0,0,0,0,0,0,0,0,0,0,0,0,0,0,0,0,0,0,0,0,0,0,0,0,0,0,0,0,0}
Count:  18.7  17.5  15.7  15.7  17.1  16.9  14.9  16.6  15.2  16.6  15.1  16.5  15.6  17.1  14.9  16.2  14.5  16.8  14.2  16.6  15.1  17.5  16.2  19.0  16.8  16.6  16.4  18.0  17.5  18.2  15.7  20.1  17.9  18.6  16.3  17.9  17.4  18.2  18.0  16.3  19.2  19.7  19.2  15.2  16.8  18.6  19.1  17.6  16.5  17.7  15.4  16.6  14.9  17.1  15.6  17.4  16.0  16.5  16.9  17.2  17.3  17.6  17.8  17.3  18.3  18.2  19.0  17.9  18.0  18.3  18.2  17.4  18.2  17.5  16.8  16.6  16.5  16.8  16.2  16.9  16.7  16.4  16.8  16.7  17.4  17.3  17.0  17.0  17.8  17.9  18.8  17.3  17.5  17.1  19.5  18.0  19.7  17.1  20.0  17.2  19.2  17.1  19.4  17.2  18.3  16.7  19.0  17.7  19.0  18.0  19.5  17.5  18.5  16.7  18.1  16.2  17.4  16.0  16.7  15.7  16.3  16.3  16.1  15.7  17.2  16.6  17.5  16.0  17.3  15.8  16.5  15.2  15.8  15.6  15.5  14.5  15.3  14.7  17.2  17.6  16.5  18.4  17.1  18.8  17.3  19.5  17.5  19.2  17.4  18.0  17.7  18.2  16.6  19.2  18.3  15.0  16.8  15.4  18.1  17.4  17.7  16.4  16.8  16.8  17.6  16.5  16.5  16.3  16.8  15.9  16.3  15.8  16.6  16.2  16.0  15.6  16.4  16.3  15.5  15.4  16.3  16.1  15.6  15.1  16.4  15.4  15.1  15.2  18.3  15.1  14.9  16.0  16.4  16.9  17.9  17.2  18.2  17.5  17.6  18.0 
B: 42.8 43.0 42.4 43.7 42.7 41.7 42.5 41.7 41.8 41.6 41.9 41.7 41.3 41.6 42.0 41.3 47.0 46.5 47.0 48.8 46.7 47.2 46.8 47.6 49.4 47.6 47.2 50.5 48.4 45.4 47.1 47.0 47.2 48.4 47.6 47.8 47.3 46.8 47.0 46.5 48.0 47.5 45.9 45.8 47.2 48.1 47.0 45.9 48.0 48.7 47.4 47.5 48.1 48.0 46.8 46.8 46.5 47.8 46.6 48.2 46.9 48.9 47.7 49.1 47.1 48.1 46.4 49.5 47.2 49.3 46.8 50.1 47.3 50.4 46.8 50.5 47.4 50.6 47.4 49.7 46.5 49.8 46.5 50.7 47.4 51.0 48.5 50.9 47.4 50.2 46.6 48.2 45.7 50.6 48.8 49.6 47.2 49.9 46.6 49.9 47.3 50.0 47.4 48.5 47.1 49.3 46.3 48.5 46.6 48.2 46.0 48.7 45.8 48.2 45.8 48.2 45.6 48.3 46.3 49.2 47.5 48.9 49.4 49.9 49.0 49.7 48.5 49.8 48.0 49.8 48.8 50.2 49.8 49.8 48.5 51.0 50.1 52.2 50.1 48.5 50.2 48.9 49.8 48.8 49.8 48.1 50.5 49.3 50.5 50.4 48.6 48.9 51.7 49.8 51.4 50.9 48.9 50.7 51.9 52.0 52.0 51.8 52.5 52.9 51.5 52.4 52.5 52.9 52.7 53.3 52.6 52.6 52.2 52.1 52.5 52.1 52.5 51.8 52.8 52.3 52.4 52.1 52.1 52.7 52.1 52.8 52.7 52.2 49.5 51.3 51.6 51.3 51.1 51.5 49.8 50.8 51.1 47.8 48.0 50.1 
Direction:  n n n n n n n n n n n n n n n n n n n n n n n n n n n n n n n n n n n n n n n n n n n n n n n n n n n n n n n n n n n n n n n n n n n n n n n n n n n n n n n n n n n n n n n n n n n n n n n n n n n n n n n n n n n n n n n n n n n n n n n n n n n n n n n n n n n n n n n n n n n n n n n n n n n n n n n n n n n n n n n n n n n n n n n n n n n n n n n n n n n n n n n n n n n n n n n n n n n n n n n n

52.8: Count:  16.6 (  1.2) A:  17.4 [10-34] B:  49.4 [10-82] Phase: 129 ( 7.08) Direction:  nPhase: 135 ( 3.67) Direction:  n
Phase: {0,0,0,0,0,0,0,0,0,0,0,0,0,0,0,0,0,0,0,0,0,0,0,0,0,0,0,0,0,0,0,0,0,0,0,0,0,16,0,0,0,0,0,0,7,2,0,0,0,8,1,0,0,0,0,1,9,6,17,16,30,38,39,55,37,80,55,42,102,82,117,141,190,118,181,141,180,229,171,223,325,407,380,485,379,549,649,577,436,437,880,609,708,607,791,720,942,831,1066,994,1056,1220,1221,1604,1537,2190,2303,2576,3116,3088,3828,4543,4763,6331,6712,8247,8957,12380,14618,16658,19351,21919,26561,29387,32903,38326,40577,43465,46685,47235,46821,47025,45733,43260,38822,36333,31340,28021,23249,19554,16083,12380,10527,7913,6346,5100,3964,2666,2614,1879,1873,1674,1467,1236,1013,1011,1139,911,797,912,891,736,714,891,638,748,609,781,522,698,395,480,408,352,383,324,308,364,302,173,170,145,162,86,93,89,78,104,20,41,19,35,46,25,12,48,6,21,27,18,5,0,0,0,0,0,0,2,0,0,0,0,0,0,13,0,0,0,0,0,0,0,0,10,0,11,0,0,0,0,0,0,0,0,0,0,0,0,0,0,0,0,0,0,0,0,0,0,0,0,0,0,0,0,0,0,0,0,0,0,0,0,0,0,0,0,0,0,0,0,0,0,0,0,0,0,0,0,0,0,0,0,0,0,0,0,0,0,0,0,0,0,0,0,0,0,0,0,0,0,0,0,0,0,0,0,0,0,0,0,0,0,0,0,0,0,0,0,0,0,0,0,0,0,0,0,0,0,0,0,0,0,0,0,0,0,0,0,0,0,0,0,0,0,0,0,0,0,0,0,0,0,0,0,0,0,0,0,0,0}
Count:  18.4  16.7  15.5  15.2  16.1  16.1  14.7  15.8  14.8  15.6  15.0  15.5  14.7  16.5  14.3  15.3  14.1  16.4  14.1  16.2  14.5  16.6  15.4  18.1  16.1  16.5  15.6  17.7  16.9  17.4  15.0  19.8  17.5  18.2  15.5  17.6  16.8  17.8  17.8  15.9  19.1  19.1  18.6  15.1  16.5  18.0  18.6  17.1  16.3  17.1  15.0  16.1  14.5  16.6  15.5  16.7  15.5  16.2  16.8  16.9  16.8  17.5  17.3  17.0  17.7  17.5  18.3  17.9  17.8  17.6  17.6  17.4  17.6  17.4  16.1  16.3  15.9  16.5  15.9  16.3  15.9  15.9  16.3  16.6  17.2  17.2  17.0  16.6  17.3  17.5  18.2  17.0  16.9  16.7  19.3  17.6  18.9  17.3  19.1  16.8  18.6  16.7  18.9  16.9  17.9  15.9  18.7  17.3  18.6  17.4  18.6  17.0  17.8  16.7  17.3  15.6  16.5  15.6  16.0  15.7  15.9  15.8  16.0  15.9  16.5  16.3  16.8  16.0  17.1  15.5  16.2  14.8  15.5  14.9  15.2  13.9  15.0  14.0  16.8  17.1  16.3  17.9  16.6  18.3  17.0  19.0  16.9  18.6  17.4  17.8  17.1  17.5  16.1  18.4  17.9  14.9  16.8  14.7  17.9  17.1  17.5  16.0  16.6  16.8  17.3  16.6  16.0  16.2  16.7  15.8  15.8  15.7  16.8  16.1  15.8  15.4  16.2  16.1  15.4  15.2  16.1  15.9  15.7  15.0  16.1  15.6  15.4  15.0  18.1  15.0  14.5  16.0  16.4  16.9  17.5  16.9  17.8  16.9  16.6  17.5 
B: 43.1 43.6 42.8 44.0 43.8 42.0 42.6 42.6 42.2 42.4 42.1 42.6 42.3 42.2 42.8 42.1 47.8 46.7 47.3 49.3 47.7 48.2 48.0 48.8 50.4 48.1 48.6 51.3 49.0 46.1 48.4 47.5 48.0 48.9 49.1 48.5 48.5 47.8 47.4 47.3 48.2 48.8 46.9 46.0 47.6 48.8 47.9 46.3 48.6 49.5 48.4 48.6 48.6 49.0 47.2 47.9 47.2 48.6 47.0 48.5 47.9 49.6 48.5 49.9 48.0 49.3 47.4 49.3 47.9 50.3 47.9 50.6 47.8 50.8 48.0 51.0 48.4 51.1 47.7 51.0 47.6 51.0 47.5 51.5 47.5 51.0 48.6 51.8 48.5 50.9 47.5 49.0 46.4 51.5 49.3 50.4 48.3 50.0 48.0 50.9 48.2 51.0 48.2 49.4 47.7 50.4 46.7 49.1 47.3 49.7 47.6 49.5 47.3 48.9 46.8 49.5 46.7 49.2 47.7 49.2 48.3 50.0 50.0 49.9 50.3 50.1 49.9 49.9 48.8 50.8 49.4 51.1 50.7 51.7 49.7 52.5 50.7 53.9 51.4 49.8 50.5 49.7 50.9 49.5 51.0 49.3 51.7 50.3 50.8 50.6 50.1 50.3 53.2 50.7 52.4 50.9 49.4 51.7 52.6 53.2 52.7 52.7 52.9 53.5 52.4 52.5 53.4 53.7 53.2 53.6 54.1 53.5 52.6 52.5 53.2 53.2 53.2 52.7 53.8 52.8 53.0 52.4 52.3 53.5 52.7 52.7 52.4 52.9 50.0 51.8 52.7 51.8 51.5 51.9 50.5 51.8 52.0 48.8 49.3 51.1 
Direction:  n n n n n n n n n n n n n n n n n n n n n n n n n n n n n n n n n n n n n n n n n n n n n n n n n n n n n n n n n n n n n n n n n n n n n n n n n n n n n n n n n n n n n n n n n n n n n n n n n n n n n n n n n n n n n n n n n n n n n n n n n n n n n n n n n n n n n n n n n n n n n n n n n n n n n n n n n n n n n n n n n n n n n n n n n n n n n n n n n n n n n n n n n n n n n n n n n n n n n n n n

52.9: Count:  16.1 (  1.2) A:  16.6 [10-33] B:  50.0 [10-81] Phase: 131 ( 7.70) Direction:  n
Phase: {0,0,0,0,0,0,0,0,0,0,0,0,0,0,0,0,0,0,0,0,0,0,0,0,0,0,0,0,0,0,0,0,0,0,0,0,0,0,0,0,0,0,0,0,0,0,0,11,0,0,4,7,12,13,9,2,13,18,23,32,28,25,21,65,1,90,91,63,59,103,97,92,177,141,191,195,222,323,220,247,392,236,335,337,372,447,586,508,552,432,790,550,712,541,764,954,924,781,1054,1167,1166,1519,1201,1723,1782,2024,2113,2523,2920,3068,3946,4334,4810,5670,7022,7852,8929,11155,12655,14126,16618,19456,22465,24406,28778,30788,33978,37284,39562,40086,42591,42714,41429,41548,37502,35722,34076,30713,26417,23897,20356,17327,13741,12140,9723,7538,6398,4703,4196,3345,2595,2205,1797,1715,1224,1094,1240,1316,1121,1095,1020,886,862,859,962,634,605,754,480,650,564,524,516,498,446,272,434,316,199,255,315,194,169,158,82,108,157,87,63,40,56,50,21,63,43,20,16,22,18,20,11,0,13,29,0,0,0,29,0,18,0,0,0,0,0,0,0,0,0,0,0,0,0,0,7,0,0,0,0,0,0,0,0,0,0,4,0,0,0,0,0,0,0,0,0,0,0,0,0,0,0,0,0,0,0,0,0,0,0,0,0,0,0,0,0,0,0,0,0,0,0,0,0,0,0,0,0,0,0,0,0,0,0,0,0,0,0,0,0,0,0,0,0,0,0,0,0,0,0,0,0,0,0,0,0,0,0,0,0,0,0,0,0,0,0,0,0,0,0,0,0,0,0,0,0,0,0,0,0,0,0,0,0,0,0,0,0,0,0,0,0,0,0,0,0,0,0,0,0,0,0,0,0,0,0,0,0,0,0,0}
Count:  17.1  15.7  14.2  14.3  15.3  15.0  13.5  14.4  14.1  15.5  14.3  14.8  13.9  15.1  13.6  14.2  13.9  15.7  13.7  15.8  13.7  15.9  15.0  17.9  15.5  16.0  15.0  17.4  16.3  16.2  14.3  19.2  16.7  17.5  15.2  16.8  16.6  16.9  17.3  15.2  18.9  18.4  17.6  14.5  15.9  17.7  17.7  16.3  15.6  17.1  14.3  16.0  13.9  16.2  15.0  16.2  14.6  15.5  15.8  16.2  16.4  16.8  16.6  16.8  17.1  17.3  17.8  17.0  17.0  17.4  16.9  17.2  16.8  16.7  15.1  15.7  15.4  15.7  15.0  16.1  15.6  15.7  15.4  16.3  16.6  16.5  16.4  16.6  16.8  16.7  17.7  16.3  16.1  16.5  19.0  17.0  18.2  16.6  18.5  16.7  18.2  16.4  18.2  16.1  17.5  15.5  18.0  16.8  18.0  16.8  18.1  17.0  17.1  15.7  17.1  15.5  16.0  15.3  15.2  15.0  15.2  14.9  15.0  15.2  16.1  15.5  16.7  15.1  15.9  15.0  15.7  14.3  15.3  14.6  15.0  14.1  14.5  14.2  16.6  16.5  15.4  17.5  15.9  18.0  16.6  18.5  16.5  18.1  16.7  17.6  16.7  17.1  15.8  18.2  18.1  15.1  16.2  14.6  17.7  16.4  17.3  15.9  16.6  16.7  17.0  16.5  15.9  15.9  16.2  15.7  15.6  15.2  16.5  15.6  15.5  15.2  16.0  15.8  15.3  15.0  16.0  15.8  15.5  14.8  15.9  15.2  15.3  14.8  17.6  14.7  14.7  15.6  15.7  16.5  17.0  16.7  17.1  16.3  16.1  17.0 
B: 43.9 44.1 43.7 45.0 43.9 42.6 43.5 43.6 42.3 42.2 43.1 43.2 42.6 42.3 43.6 43.2 48.2 47.1 47.6 49.3 48.9 48.6 48.5 49.1 51.0 48.9 49.4 51.3 49.7 47.1 49.0 48.1 48.7 49.5 49.4 49.5 49.0 48.8 47.8 47.5 48.6 49.8 48.1 46.8 48.5 48.8 48.5 47.3 49.7 49.3 49.1 48.9 49.3 49.8 47.8 48.3 48.3 49.3 48.2 49.6 48.3 50.6 49.5 49.7 48.5 49.9 47.9 50.7 48.6 50.6 49.0 50.6 49.0 51.8 48.8 52.0 49.1 52.0 48.6 51.0 47.9 51.3 48.8 51.7 48.2 52.3 49.4 52.1 49.2 51.6 47.9 50.2 47.6 51.7 49.8 50.8 48.6 51.2 48.3 50.9 48.4 51.5 49.0 50.2 48.2 50.8 47.6 49.7 48.1 50.4 48.1 49.8 47.8 49.9 47.3 49.8 47.4 49.7 48.8 50.2 49.4 51.3 51.3 51.1 50.5 51.4 50.2 51.0 50.3 51.5 50.1 51.9 50.8 52.1 50.2 52.3 51.7 53.0 51.8 50.7 52.1 50.2 51.9 50.2 51.2 50.5 51.9 51.1 52.1 51.5 50.7 50.8 53.7 51.3 51.8 51.0 50.3 51.9 53.5 54.1 53.1 53.1 52.7 53.9 52.8 52.5 53.4 54.3 54.1 54.4 54.3 54.5 53.2 53.5 54.0 53.3 53.8 53.0 53.9 53.4 53.3 52.7 52.9 53.3 53.4 54.3 52.8 53.3 50.7 52.2 52.8 52.3 52.6 52.7 51.3 52.2 52.8 49.6 50.2 51.8 
Direction:  n n n n n n n n n n n n n n n n n n n n n n n n n n n n n n n n n n n n n n n n n n n n n n n n n n n n n n n n n n n n n n n n n n n n n n n n n n n n n n n n n n n n n n n n n n n n n n n n n n n n n n n n n n n n n n n n n n n n n n n n n n n n n n n n n n n n n n n n n n n n n n n n n n n n n n n n n n n n n n n n n n n n n n n n n n n n n n n n n n n n n n n n n n n n n n n n n n n n n n n n

53.0: Count:  15.3 (  1.2) A:  15.6 [10-33] B:  50.7 [10-81] Phase: 132 ( 7.90) Direction:  n
Phase: {0,0,0,0,0,0,0,0,0,0,0,0,0,0,0,0,0,0,0,0,0,0,0,0,0,0,0,0,0,0,0,0,0,0,0,0,0,0,0,0,0,0,0,0,0,0,16,5,0,13,13,4,19,13,0,18,10,0,0,7,7,39,67,70,36,31,68,82,119,50,129,104,173,169,197,312,306,222,227,200,310,378,328,353,470,360,445,441,526,535,779,587,765,723,716,753,758,977,1074,1077,1190,1135,1169,1460,1841,1608,1697,2175,2520,2596,3054,3805,4218,4867,5497,6301,7008,9239,9785,11864,14510,15922,19535,21391,24030,27903,30364,32562,35096,37130,37277,39128,38934,40346,37248,36777,35330,32556,28045,25612,22416,19847,16846,14342,11463,9146,7153,5572,4836,3966,3390,2838,2130,1926,1634,1341,1294,1064,1168,1021,867,898,874,875,743,924,759,695,520,572,699,649,554,503,489,466,480,284,311,157,281,107,206,235,146,99,126,45,33,109,64,45,87,8,1,42,20,0,25,25,34,8,13,3,0,0,14,9,5,0,0,0,0,0,0,0,0,0,0,0,0,0,0,0,0,0,0,0,0,0,0,0,0,0,0,0,0,0,0,0,0,0,0,0,0,0,0,0,0,0,0,0,0,0,0,0,0,0,0,0,0,0,0,0,0,0,0,0,0,0,0,0,0,0,0,0,0,0,0,0,0,0,0,0,0,0,0,0,0,0,0,0,0,0,0,0,0,0,0,0,0,0,0,0,0,0,0,0,0,0,0,0,0,0,0,0,0,0,0,0,0,0,0,0,0,0,0,0,0,0,0,0,0,0,0,0,0,0,0,0,0,0,0,0,0,0,0,0,0,0,0,0,0,0,0,0,0,0,0,0}
Count:  16.2  14.6  13.1  13.6  13.8  13.7  12.3  13.2  12.7  13.9  12.6  13.8  12.5  13.7  12.1  12.9  13.4  14.8  13.1  15.4  13.4  14.9  14.0  16.8  15.1  15.3  14.1  16.4  16.5  16.1  13.3  17.7  15.2  16.6  15.2  15.8  15.5  16.1  15.8  13.6  17.4  17.5  16.9  12.8  14.6  17.4  16.3  15.8  14.7  16.0  14.0  14.2  13.9  14.8  13.6  15.0  14.4  14.8  14.5  15.2  15.5  15.7  15.9  16.3  16.5  16.3  16.8  16.2  15.5  17.1  15.8  17.3  15.6  16.5  14.3  15.8  14.0  15.1  14.1  15.4  14.8  14.7  14.9  15.8  15.5  15.6  15.2  15.5  15.9  16.3  16.4  15.5  14.4  15.7  17.6  16.5  17.4  15.7  17.7  16.1  15.9  16.5  17.0  15.0  15.5  14.9  16.4  15.4  16.9  16.3  17.8  15.9  16.1  14.8  16.4  15.0  14.4  14.3  14.4  13.7  14.3  14.3  15.2  14.8  16.5  15.0  15.3  14.3  15.3  14.2  14.9  13.3  14.2  13.6  13.8  13.5  14.0  13.9  16.2  16.1  14.2  15.9  15.2  16.8  15.3  17.4  16.0  17.6  16.2  16.7  16.4  16.1  15.2  17.8  17.7  14.0  15.0  13.9  17.3  17.0  17.4  16.2  16.0  17.0  16.1  15.4  16.1  15.6  16.9  15.5  15.7  15.3  16.3  15.1  16.4  14.6  15.8  14.9  14.8  15.0  15.4  15.0  14.5  14.3  15.8  15.3  14.6  14.5  16.7  13.9  13.8  16.1  15.4  15.7  16.0  16.3  17.3  15.1  15.3  16.0 
B: 42.8 44.1 44.7 46.8 45.1 45.2 42.8 44.3 43.5 43.5 44.6 44.1 42.7 43.4 44.5 43.1 46.4 46.3 45.1 47.8 47.9 50.0 49.3 48.5 50.6 49.1 50.8 53.5 46.8 45.7 50.2 50.3 51.3 50.7 46.7 50.8 50.8 49.7 49.9 50.3 51.1 50.8 48.3 47.6 51.3 48.0 49.2 46.5 50.8 50.5 48.4 48.8 47.0 51.1 49.4 50.0 47.5 48.7 49.9 50.2 49.5 50.4 49.0 50.7 47.8 51.2 48.9 52.0 51.1 48.3 50.5 49.6 50.9 50.9 50.4 50.5 52.1 52.4 49.6 51.8 47.9 53.9 48.0 51.1 51.1 54.4 51.5 54.6 49.1 52.6 50.4 51.4 49.4 53.3 51.4 51.4 49.8 51.9 47.6 52.2 47.5 50.0 51.4 51.7 50.9 50.8 50.2 52.3 48.3 50.1 45.7 51.5 47.8 52.3 47.9 48.8 50.2 51.4 49.0 53.5 51.6 52.6 49.1 50.6 45.5 51.0 52.0 51.7 52.0 52.1 50.3 54.4 53.0 53.4 52.8 53.5 50.5 53.4 52.0 51.9 54.6 53.3 53.6 51.4 53.3 52.2 53.4 52.5 53.9 52.3 50.2 53.3 54.4 51.5 52.2 54.1 51.2 54.5 54.7 52.8 52.7 51.7 53.0 51.5 55.5 55.4 53.2 54.2 50.3 53.8 52.8 53.2 51.4 53.7 49.9 55.3 54.7 55.8 54.7 51.7 55.9 55.7 54.8 54.0 52.3 50.7 55.3 52.6 53.0 55.2 54.0 49.1 52.1 55.3 52.1 51.7 51.7 51.2 51.5 53.7 
Direction:  n n n n n n n n n n n n n n n n n n n n n n n n n n n n n n n n n n n n n n n n n n n n n n n n n n n n n n n n n n n n n n n n n n n n n n n n n n n n n n n n n n n n n n n n n n n n n n n n n n n n n n n n n n n n n n n n n n n n n n n n n n n n n n n n n n n n n n n n n n n n n n n n n n n n n n n n n n n n n n n n n n n n n n n n n n n n n n n n n n n n n n n n n n n n n n n n n n n n n n n n

53.1: Count:  14.3 (  1.4) A:  14.5 [10-29] B:  51.2 [10-81] Phase: 132 ( 7.43) Direction:  nPhase: 138 ( 3.48) Direction:  n
Phase: {0,0,0,0,0,0,0,0,0,0,0,0,0,0,0,0,0,0,0,0,0,0,0,0,0,0,0,0,0,0,0,0,0,0,0,0,0,0,0,0,0,0,8,0,0,0,0,0,0,0,0,0,0,22,1,0,7,17,15,23,21,33,29,48,35,62,71,74,99,97,66,146,188,186,133,129,120,278,157,338,286,464,257,284,407,404,512,491,522,456,906,478,674,635,633,462,814,738,898,1052,1085,949,999,1120,1265,1367,1271,1607,1645,1925,2711,2452,2685,3560,4033,4907,5122,6621,7886,9259,10843,12578,14677,16563,19604,23166,26501,27985,30990,35142,35451,37103,37922,40143,37859,37991,35443,33794,30725,27405,22692,20541,17166,14852,12219,10126,7560,6154,4889,3836,2713,2385,2007,1681,1250,1042,1198,935,1166,1069,933,937,880,1041,810,938,931,594,641,498,530,699,454,407,454,398,452,330,269,310,354,149,192,156,104,148,33,87,72,75,38,7,7,28,10,14,4,13,2,0,5,14,0,5,0,0,0,19,0,0,0,7,0,0,0,0,0,0,0,0,0,0,0,0,0,0,0,0,0,0,6,0,0,0,0,0,0,0,0,0,0,0,0,0,0,0,0,0,0,0,0,0,0,0,0,0,0,0,0,0,0,0,0,0,0,0,0,0,0,0,0,0,0,0,0,0,0,0,0,0,0,0,0,0,0,0,0,0,0,0,0,0,0,0,0,0,0,0,0,0,0,0,0,0,0,0,0,0,0,0,0,0,0,0,0,0,0,0,0,0,0,0,0,0,0,0,0,0,0,0,0,0,0,0,0,0,0,0,0,0,0,0,0,0,0,0,0,0,0,0,0,0,0,0,0,0,0,0,0,0}
Count:  14.6  12.6  11.8  11.9  12.1  11.8  10.7  11.4  10.6  11.5  11.0  11.6  11.1  11.6  10.6  10.5  11.9  13.1  11.8  13.8  12.2  13.7  12.9  15.0  14.8  14.1  12.4  15.8  15.1  14.4  12.3  15.8  14.2  15.4  13.9  14.9  14.3  14.4  14.3  12.7  16.1  16.3  15.3  11.8  13.4  16.3  13.8  13.8  13.6  15.2  12.6  13.2  13.1  13.7  12.6  13.6  13.0  14.1  13.4  14.4  14.0  14.8  14.9  14.9  15.6  15.1  15.0  15.5  14.3  16.3  14.4  16.3  14.5  16.1  12.9  15.1  12.7  15.0  12.9  14.8  13.4  13.9  13.8  15.1  14.6  15.1  14.3  14.9  14.6  15.6  14.4  14.0  13.2  15.0  16.5  15.7  15.9  14.9  16.1  14.8  14.9  15.4  15.7  13.5  14.6  13.7  15.0  14.2  15.5  15.5  16.1  14.5  14.7  13.9  14.8  13.8  12.8  13.0  12.8  12.8  13.1  13.3  13.8  14.1  14.9  14.2  14.8  13.9  13.9  13.3  14.0  12.8  13.4  12.5  12.8  12.8  13.0  13.1  15.1  14.5  13.5  14.8  14.4  15.7  14.2  15.9  15.6  16.8  15.1  16.0  15.5  15.7  14.9  16.6  17.0  13.6  14.0  13.4  16.8  16.8  16.8  15.8  15.6  16.9  15.6  15.2  15.7  15.2  16.3  15.1  15.7  15.2  15.7  14.4  16.0  14.3  15.6  14.4  14.5  14.1  15.2  14.7  13.9  14.2  15.1  15.0  14.1  14.1  15.9  13.7  13.3  15.1  14.3  15.1  14.7  15.5  16.7  14.1  14.7  15.2 
B: 43.1 44.0 45.1 47.3 45.3 46.0 43.2 44.6 43.9 44.4 45.5 45.1 42.3 44.1 44.7 43.5 47.4 46.7 46.0 48.0 48.2 51.0 49.9 49.5 50.5 49.8 52.2 53.5 47.4 45.9 50.5 51.0 51.1 51.1 47.5 51.1 51.8 50.6 50.5 51.0 51.6 51.4 49.4 47.7 51.7 48.6 50.7 47.2 51.1 50.9 49.4 49.2 47.2 51.7 49.8 50.7 48.2 49.0 50.5 50.6 50.5 50.8 49.1 51.3 47.9 51.7 49.8 51.9 52.2 48.3 51.5 50.3 51.6 50.5 51.6 51.3 53.0 52.2 50.8 52.1 48.4 54.0 48.7 51.6 51.4 54.7 52.0 54.4 49.7 52.7 51.7 52.7 50.1 53.6 51.8 51.7 50.2 51.4 48.2 53.2 48.1 49.8 51.9 53.1 51.2 51.7 50.8 53.0 49.2 50.3 46.5 52.3 48.5 53.2 48.7 49.9 51.3 52.5 50.2 54.3 52.7 53.2 50.4 51.0 45.9 51.4 52.3 51.8 53.0 52.9 51.2 54.6 53.6 54.4 53.3 53.6 51.3 54.4 52.7 53.6 55.3 54.0 54.5 52.3 54.2 52.9 53.6 52.8 54.8 52.8 50.7 53.1 54.3 52.0 52.5 54.0 52.1 54.7 54.5 52.2 52.8 51.3 53.1 50.8 55.6 55.3 53.0 54.2 50.8 53.6 53.0 52.6 51.4 53.7 50.6 55.3 54.9 55.9 54.4 52.1 55.4 55.3 55.5 53.8 52.8 50.6 55.3 52.6 53.3 55.1 54.2 50.1 52.9 55.3 53.1 51.6 51.6 52.1 50.9 54.1 
Direction:  n n n n n n n n n n n n n n n n n n n n n n n n n n n n n n n n n n n n n n n n n n n n n n n n n n n n n n n n n n n n n n n n n n n n n n n n n n n n n n n n n n n n n n n n n n n n n n n n n n n n n n n n n n n n n n n n n n n n n n n n n n n n n n n n n n n n n n n n n n n n n n n n n n n n n n n n n n n n n n n n n n n n n n n n n n n n n n n n n n n n n n n n n n n n n n n n n n n n n n n n

53.2: Count:  12.7 (  1.8) A:  13.4 [10-30] B:  51.4 [10-78] Phase: 133 ( 8.13) Direction:  n
Phase: {0,0,0,0,0,0,0,0,0,0,0,0,0,0,0,0,0,0,0,0,0,0,0,0,0,0,0,0,0,0,0,0,0,0,0,0,0,0,0,0,0,0,0,0,0,0,0,0,0,0,0,2,0,0,9,0,0,0,1,0,17,13,25,49,93,68,119,28,144,184,168,117,297,116,107,190,315,228,244,309,309,231,299,336,337,392,508,502,481,432,672,493,550,606,710,597,704,624,761,833,918,917,953,1058,1038,1397,1290,1524,1741,1582,2062,2148,2862,3113,3557,4396,4894,6061,6695,7654,9541,11751,12356,14831,16106,19026,20215,22791,25038,26596,28785,29655,31124,32270,31277,31031,30291,28813,26814,25535,23179,21295,18874,16439,14353,11581,9154,7475,6707,5195,4053,3053,2852,2330,1676,1844,1257,1295,1109,1056,1054,774,1002,890,757,648,845,765,671,619,555,607,423,493,443,311,320,356,226,241,184,181,82,176,66,124,51,133,72,38,25,36,72,17,22,0,10,11,5,14,1,11,13,0,22,0,7,0,1,0,0,0,0,7,0,0,0,0,0,0,0,0,0,0,0,0,0,0,0,0,0,0,0,0,0,0,0,0,0,0,0,0,0,0,0,0,0,0,0,0,0,0,0,0,0,0,0,0,0,0,0,0,0,0,0,0,0,0,0,0,0,0,0,0,0,0,0,0,0,0,0,0,0,0,0,0,0,0,0,0,0,0,0,0,0,0,0,0,0,0,0,0,0,0,0,0,0,0,0,0,0,0,0,0,0,0,0,0,0,0,0,0,0,0,0,0,0,0,0,0,0,0,0,0,0,0,0,0,0,0,0,0,0,0,0,0,0,0,0,0,0,0,0,0,0,0,0,0,0,0}
Count:  10.2   9.4   8.2   8.5   8.4   7.8   8.8   8.2   7.4   8.5   8.0   8.2   8.5   8.6   8.5   7.5   9.8  10.8   9.9  12.5  10.0  11.6  10.7  13.2  13.5  12.8  10.8  14.3  12.7  12.1  10.5  13.2  11.4  13.7  12.1  13.0  12.5  12.3  12.0  11.1  14.4  15.1  13.2  10.7  11.9  14.5  12.2  11.2  11.9  13.3  11.4  11.9  11.1  12.0  10.6  11.5  10.7  12.7  11.7  13.6  12.1  13.4  13.6  13.6  13.1  14.1  12.9  13.6  12.3  14.6  12.1  14.8  12.6  14.2  10.7  14.1  11.9  13.7  11.6  13.8  11.5  13.0  12.1  14.4  12.8  14.4  12.8  14.2  12.9  14.2  12.5  12.4  11.6  13.6  14.3  14.0  13.7  13.6  13.5  13.2  13.6  13.6  13.8  12.4  13.0  12.5  12.8  12.8  13.6  13.4  14.5  13.2  13.0  12.8  13.2  12.4  11.0  11.8  11.2  11.8  11.3  12.0  12.3  12.9  14.2  12.9  12.9  12.5  12.4  11.9  12.2  11.7  11.6  11.5  11.3  11.5  11.8  11.9  13.5  13.1  12.6  13.6  12.8  14.7  13.3  14.6  14.0  15.4  13.9  15.2  13.9  13.9  14.1  15.2  16.2  12.4  13.2  12.5  16.0  15.8  15.5  14.6  15.0  15.8  15.2  14.6  15.2  14.7  15.6  14.3  15.0  14.4  14.4  13.9  15.1  13.7  14.9  13.8  14.2  13.6  14.5  13.8  13.4  13.4  13.8  14.0  13.5  13.5  14.6  12.8  12.6  14.2  13.5  14.1  13.8  14.1  15.7  13.1  13.1  14.3 
B: 43.1 44.1 44.8 48.0 46.6 46.9 43.0 45.1 45.0 45.4 45.4 45.3 42.4 43.7 44.3 43.6 47.5 46.5 46.0 47.4 48.5 50.7 50.0 50.0 50.4 48.7 52.6 53.5 47.4 45.7 50.4 51.3 51.4 51.0 48.3 51.0 51.9 50.9 51.3 51.3 51.3 51.5 50.0 47.7 51.3 48.3 50.8 47.6 51.2 51.1 48.9 49.1 48.2 52.0 49.9 52.1 48.8 49.0 50.4 49.9 50.6 51.1 49.1 51.2 48.5 51.7 50.2 52.5 52.6 48.9 51.9 50.2 51.8 50.7 52.4 50.7 52.7 52.4 51.0 52.0 48.5 53.6 49.1 50.8 52.0 53.9 52.0 54.2 50.3 52.9 52.3 52.9 50.3 53.8 51.9 51.9 51.2 51.6 48.3 52.9 47.4 50.3 52.1 53.3 51.4 51.8 51.4 53.6 49.5 51.1 46.1 52.5 48.2 53.3 48.6 50.3 52.1 53.1 50.7 54.5 53.7 53.9 51.0 51.1 45.1 51.9 53.0 52.6 53.6 53.0 52.2 54.5 54.2 54.4 54.2 54.3 51.4 54.5 52.9 54.0 55.3 54.1 55.1 52.3 54.3 53.4 54.2 53.3 55.1 52.3 50.8 53.6 53.9 52.2 51.8 53.9 51.6 54.7 53.7 51.7 52.7 52.0 52.1 50.9 55.1 55.0 52.5 53.9 50.1 52.9 52.4 52.5 51.5 53.3 50.4 54.8 54.7 55.5 53.3 51.8 55.1 55.3 55.0 53.2 52.5 50.6 55.8 52.2 53.1 55.0 53.8 49.4 52.6 55.2 53.0 51.8 51.5 51.9 51.7 53.5 
Direction:  n n n n n n n n n n n n n n n n n n n n n n n n n n n n n n n n n n n n n n n n n n n n n n n n n n n n n n n n n n n n n n n n n n n n n n n n n n n n n n n n n n n n n n n n n n n n n n n n n n n n n n n n n n n n n n n n n n n n n n n n n n n n n n n n n n n n n n n n n n n n n n n n n n n n n n n n n n n n n n n n n n n n n n n n n n n n n n n n n n n n n n n n n n n n n n n n n n n n n n n n

53.3: Count:  10.6 (  2.1) A:  12.7 [10-26] B:  50.9 [10-78] Phase: 134 ( 9.85) Direction:  n
Phase: {0,0,0,0,0,0,0,0,0,0,0,0,0,0,0,0,0,0,0,0,0,0,0,0,0,0,0,0,0,0,0,0,0,0,0,0,0,0,0,0,0,0,0,0,0,0,6,0,16,0,15,0,0,33,0,28,17,38,28,37,56,32,53,17,26,97,147,37,112,159,138,92,203,144,113,222,277,310,246,323,262,379,333,351,467,557,390,515,472,437,721,434,659,660,675,531,649,632,682,682,853,1003,973,1023,994,1296,1479,1610,1736,1692,2105,2457,2967,3450,3708,4106,4445,5604,6327,7643,8437,9497,10686,11185,12759,14556,15691,16609,17094,19297,20105,20292,21088,22645,21961,22985,21401,21056,20039,20259,18337,17171,16196,14809,14151,13111,10302,9260,8018,7587,6313,4996,4768,3891,3084,2655,2371,1966,1551,1388,1371,1196,1148,1020,771,659,901,842,494,623,445,553,417,407,421,434,290,277,327,216,339,138,195,160,143,141,50,88,88,12,51,28,8,101,24,26,9,37,0,0,5,13,28,31,0,15,7,7,0,0,7,0,0,0,7,0,0,0,0,0,7,0,0,0,0,0,0,0,0,0,0,0,0,0,0,0,0,0,0,0,0,0,0,0,0,0,0,0,0,0,0,0,0,0,0,0,0,0,0,0,0,0,0,0,0,0,0,0,0,0,0,0,0,0,0,0,0,0,0,0,0,0,0,0,0,0,0,0,0,0,0,0,0,0,0,0,0,0,0,0,0,0,0,0,0,0,0,0,0,0,0,0,0,0,0,0,0,0,0,0,0,0,0,0,0,0,0,0,0,0,0,0,0,0,0,0,0,0,0,0,0,0,0,0,0,0,0,0,0,0,0,0,0,0,0,0,0,0,0,0}
Count:   7.0   6.5   5.3   5.8   5.9   5.4   5.3   5.6   5.3   5.9   5.2   5.2   6.0   6.0   4.9   5.3   7.2   7.8   6.8   9.6   7.2   9.2   8.5  10.6  11.0   9.0   8.9  12.3   9.3   8.5   7.8  10.6   9.1  11.4   8.9  10.3  10.1   9.6  10.0   8.7  11.3  11.7  10.3   8.3   9.0  10.7   9.6   8.4   9.8  11.0   8.8   9.6   8.7  10.7   8.3   9.6   8.7  10.1   8.4  10.9   9.3  11.6  10.1  10.6  10.3  11.4  10.3  11.5  10.0  12.0  10.3  11.7  10.1  12.3   8.7  11.4   9.6  11.9   8.7  11.6   8.9  11.3   9.6  11.9  10.0  12.3  10.5  12.1  10.4  12.1  10.1  10.7   8.6  12.1  12.1  11.5  10.7  10.8  10.2  10.9  10.3  11.3  11.3  10.9  10.8  10.9  10.3  11.5  10.6  11.3  10.9  11.8  10.2  11.3  10.2  10.6  10.0  10.2   9.6  10.1   9.6  10.4  10.8  10.7  11.2  10.9  11.5  10.4  10.6  10.3  10.5  10.4  10.1  10.1   9.7  10.3  10.5  11.2  12.5  11.9  11.6  12.0  11.9  12.5  12.4  14.3  12.3  13.1  12.2  13.3  11.1  12.3  12.8  12.8  14.3  10.9  10.9  11.1  14.3  13.8  13.8  12.9  13.2  13.7  13.4  13.0  13.7  13.1  13.4  12.6  13.5  12.8  12.7  12.1  12.8  12.3  13.0  12.0  12.9  12.0  13.2  12.1  12.2  11.9  12.8  12.4  11.9  11.5  12.3  11.5  11.3  11.6  12.0  12.7  11.4  12.5  13.4  10.5  11.2  12.8 
B: 44.3 45.3 43.5 45.7 46.3 45.6 43.0 44.5 43.9 44.2 43.8 45.3 42.7 44.6 44.2 44.6 49.5 47.3 48.1 49.2 48.2 48.5 48.8 50.2 51.1 49.9 49.9 51.7 49.8 49.6 49.4 49.9 48.6 49.1 49.4 50.7 49.9 50.2 49.1 48.2 49.5 50.4 48.9 48.6 49.3 49.1 48.7 47.9 49.9 49.3 49.0 48.8 50.2 51.3 50.7 49.5 48.5 49.1 48.9 49.3 49.2 50.2 50.2 51.0 49.5 50.7 48.7 50.6 49.2 50.8 49.5 51.6 50.3 51.3 49.8 51.4 51.2 51.6 51.0 51.3 49.6 51.4 49.6 51.6 50.4 51.5 50.7 51.5 50.4 51.5 50.4 51.1 50.1 52.5 50.3 51.7 50.0 51.6 49.2 51.0 50.2 51.2 49.9 50.7 49.4 51.3 50.8 51.0 50.6 51.3 48.8 51.0 49.8 51.4 49.6 51.4 49.5 51.3 50.5 52.7 52.1 52.2 51.3 52.2 50.1 52.2 50.6 52.7 52.4 53.1 51.9 52.0 51.9 53.3 53.0 53.4 52.8 53.7 51.8 51.2 52.7 52.1 53.1 51.9 52.5 50.6 52.5 51.8 52.5 51.5 51.8 51.8 53.0 51.8 51.9 52.5 51.3 52.1 52.5 52.4 52.8 52.3 52.8 51.7 52.6 52.8 52.9 52.8 51.8 52.3 51.6 52.0 52.5 52.7 52.8 52.6 52.8 52.7 52.7 52.6 52.3 52.3 53.3 52.7 52.8 52.3 53.2 52.3 51.3 51.5 52.6 51.8 52.5 52.1 52.2 51.5 52.1 51.1 51.3 52.2 
Direction:  n n n n n n n n n n n n n n n n n n n n n n n n n n n n n n n n n n n n n n n n n n n n n n n n n n n n n n n n n n n n n n n n n n n n n n n n n n n n n n n n n n n n n n n n n n n n n n n n n n n n n n n n n n n n n n n n n n n n n n n n n n n n n n n n n n n n n n n n n n n n n n n n n n n n n n n n n n n n n n n n n n n n n n n n n n n n n n n n n n n n n n n n n n n n n n n n n n n n n n n n

53.4: Count:   7.8 (  1.9) A:  12.1 [10-26] B:  49.8 [10-76] Phase: 135 (11.76) Direction:  n
Phase: {0,0,0,0,0,0,0,0,0,0,0,0,0,0,0,0,0,0,0,0,0,0,0,0,0,0,0,0,0,0,0,0,0,0,0,0,0,0,0,0,0,0,13,0,13,27,15,13,13,0,11,39,0,37,19,4,32,31,31,34,37,20,28,50,46,22,91,73,107,179,50,147,213,111,283,216,121,246,226,288,324,466,311,487,421,503,440,417,414,403,630,488,500,479,640,579,642,672,784,775,842,911,707,1023,1189,1098,1172,1624,1791,1944,2058,2093,2598,2800,3289,3885,4092,4673,4669,5299,6324,7226,7762,7917,8310,9558,10368,10407,11890,12456,12236,13333,13661,13473,13260,14285,13958,13549,12793,13381,12713,12088,11538,10498,10115,9736,8521,7832,6925,7031,6454,5775,4651,4232,3334,2981,3479,2737,2324,2186,1717,1292,1411,1285,1088,1115,782,790,709,657,550,464,546,368,431,280,382,274,322,158,348,92,114,134,77,82,120,69,68,32,6,36,56,19,7,7,27,4,28,53,13,5,7,0,0,0,6,0,0,22,0,0,11,0,13,0,0,0,0,0,0,0,11,0,0,0,0,0,0,0,0,0,0,0,0,0,0,0,0,0,0,0,0,0,0,0,0,0,0,0,0,0,0,0,0,0,0,0,0,0,0,0,0,0,0,0,0,0,0,0,0,0,0,0,0,0,0,0,0,0,0,0,0,0,0,0,0,0,0,0,0,0,0,0,0,0,0,0,0,0,0,0,0,0,0,0,0,0,0,0,0,0,0,0,0,0,0,0,0,0,0,0,0,0,0,0,0,0,0,0,0,0,0,0,0,0,0,0,0,0,0,0,0,0,0,0,0,0,0,0,0,0,0,0,0,0,0,0,0,0}
Count:   4.5   4.2   3.1   3.8   4.0   3.3   3.0   4.0   3.2   3.5   2.7   3.5   3.4   4.1   3.0   3.1   4.6   4.7   4.2   6.7   4.5   5.7   5.8   8.1   7.8   6.3   5.8   8.8   5.6   5.6   5.2   7.0   6.5   7.8   6.1   7.4   7.8   6.3   7.3   6.1   7.1   8.6   7.2   5.6   6.0   7.6   7.1   5.7   6.7   7.3   6.3   6.1   6.2   7.8   6.1   6.4   5.6   6.9   5.7   7.9   6.2   9.0   7.3   7.8   7.2   8.4   7.0   8.7   6.7   8.8   7.4   8.7   7.0   9.6   6.5   8.2   6.4   8.2   6.3   8.1   6.1   8.2   6.6   9.1   6.9   8.9   7.1   8.6   7.7   9.5   7.2   7.5   6.1   9.6   8.8   8.2   7.8   8.1   7.3   8.4   7.2   8.7   8.7   8.4   7.5   8.7   7.7   8.8   8.4   8.5   8.6   8.9   7.6   8.8   7.2   8.1   7.3   8.5   7.9   8.1   8.1   8.9   9.0   8.2   9.0   8.3   8.3   8.3   8.3   7.8   8.1   8.3   8.3   7.8   7.9   8.5   8.6   9.3   9.5   9.4   8.9   9.4   9.6   9.5   9.3  10.6  10.3  10.3  10.0   9.8   9.0   9.5  10.4   9.7  10.5   8.8   8.6   9.1  11.4  10.6  10.7  10.1  10.5  10.1  10.5   9.7  10.3   9.7  10.6   9.9  10.8   8.9  10.1   8.7   9.7   9.4   9.9   9.0   9.9   8.7  10.3   8.7   9.8   9.3  10.1   8.8   9.6   8.3   9.1   9.1   8.7   9.0   9.4  10.0   8.9   9.0  10.3   7.7   8.1   9.7 
B: 43.6 43.6 42.3 44.0 43.8 43.4 41.5 42.3 43.3 44.3 42.9 44.5 41.1 42.9 41.4 44.5 46.8 46.1 46.8 48.3 46.8 48.1 47.7 48.4 49.6 48.2 48.5 49.9 48.0 47.9 49.0 49.8 47.7 47.2 47.9 48.8 48.6 48.5 48.0 47.0 48.6 49.7 47.5 47.9 48.6 47.1 47.4 46.9 48.7 48.2 47.6 48.2 49.1 49.2 49.7 48.5 47.7 48.0 47.1 48.0 47.2 49.3 48.3 49.0 48.8 49.1 47.8 49.1 48.9 49.8 48.9 49.8 49.4 50.1 48.7 49.2 49.7 50.3 49.4 49.6 48.5 50.2 48.7 50.6 49.3 50.6 49.5 51.3 48.2 49.9 48.7 49.6 48.6 50.7 48.8 50.1 48.4 50.3 47.8 49.7 48.2 49.7 48.7 49.3 50.0 50.7 50.1 50.8 49.3 50.0 48.2 49.9 48.6 49.2 49.0 50.4 49.1 49.7 49.1 51.7 49.9 51.1 50.0 51.0 48.9 51.2 51.2 50.8 51.1 52.1 50.7 51.5 50.9 51.7 52.0 52.3 51.1 52.3 51.7 50.8 51.8 50.8 51.9 51.8 52.2 49.5 50.8 50.9 51.2 50.7 50.7 50.3 51.6 50.2 50.7 50.6 49.0 51.3 51.5 50.8 51.5 50.7 52.0 50.9 51.3 52.1 51.6 51.5 51.0 51.1 50.8 50.7 51.6 51.2 51.8 51.6 51.4 51.0 51.5 51.3 50.2 50.9 51.4 50.5 50.9 50.6 51.1 51.2 50.7 51.2 50.7 50.7 50.9 50.8 50.0 50.5 50.5 49.9 50.9 51.5 
Direction:  n n n n n n n n n n n n n n n n n n n n n n n n n n n n n n n n n n n n n n n n n n n n n n n n n n n n n n n n n n n n n n n n n n n n n n n n n n n n n n n n n n n n n n n n n n n n n n n n n n n n n n n n n n n n n n n n n n n n n n n n n n n n n n n n n n n n n n n n n n n n n n n n n n n n n n n n n n n n n n n n n n n n n n n n n n n n n n n n n n n n n n n n n n n n n n n n n n n n n n n n

53.5: Count:   4.9 (  1.5) A:  11.6 [10-27] B:  47.6 [10-71] Phase: 136 (13.78) Direction:  n
Phase: {0,0,0,0,0,0,0,0,0,0,0,0,0,0,0,0,0,0,0,0,0,0,0,0,0,0,0,0,0,0,0,0,5,0,0,0,0,0,0,0,0,1,9,23,0,0,2,9,0,41,6,16,0,0,8,17,11,27,41,14,17,119,81,90,67,86,87,84,90,64,109,86,152,200,113,160,222,261,235,273,331,345,301,336,311,481,386,326,373,301,738,440,614,543,617,477,590,662,618,606,591,728,629,839,696,838,1083,1246,1225,1176,1454,1561,1759,2161,2330,2274,2647,2808,3010,3747,3715,4232,4251,4102,4989,5369,5680,5991,6185,6305,6302,6916,6813,7810,7334,7394,7554,7210,7448,7253,7075,6650,7089,6659,5698,6027,5747,4671,5253,5128,4173,4159,3743,3572,2915,3059,2473,2435,1872,1759,1806,1326,1619,1310,1220,894,788,903,803,784,526,409,393,420,401,388,469,234,271,158,241,108,153,178,101,48,59,42,79,89,57,88,39,69,24,53,13,38,0,0,5,13,12,13,20,9,0,0,5,6,0,0,0,1,0,1,0,19,0,0,0,0,0,0,0,0,0,0,0,0,0,17,0,0,0,0,0,0,0,0,0,0,0,0,0,0,0,0,0,0,0,0,0,0,0,0,0,0,0,0,0,0,0,0,0,0,0,0,0,0,0,0,0,0,0,0,0,0,0,0,0,0,0,0,0,0,0,0,0,0,0,0,0,0,0,0,0,0,0,0,0,0,0,0,0,0,0,0,0,0,0,0,0,0,0,0,0,0,0,0,0,0,0,0,0,0,0,0,0,0,0,0,0,0,0,0,0,0,0,0,0,0,0,0,0,0,0,0,0,0,0,0,0,0,0,0,0,0,0,0}
Count:   2.8   2.0   1.3   1.6   2.3   1.8   2.0   1.7   1.8   1.6   1.4   1.6   1.5   2.3   1.8   1.6   2.6   2.2   2.6   3.6   2.4   2.9   2.8   4.8   4.7   3.3   2.9   4.9   3.2   2.9   2.8   3.8   4.3   4.0   3.4   4.3   4.5   3.1   4.0   3.2   4.6   4.7   4.5   2.9   3.2   4.1   3.7   3.4   4.2   4.3   3.8   3.6   3.7   4.7   3.4   3.9   4.0   3.6   3.4   4.6   3.0   5.6   4.0   4.7   4.0   5.2   4.4   5.1   4.3   5.1   4.4   5.7   4.7   6.3   3.7   5.5   4.0   5.4   3.6   4.7   3.5   4.5   4.0   5.6   4.6   5.6   3.8   5.7   4.5   6.2   3.9   4.6   3.8   5.9   5.4   4.8   4.4   5.0   4.6   5.6   4.4   5.4   5.1   5.5   4.6   5.4   4.7   6.1   5.6   5.4   5.5   5.5   4.5   5.1   4.3   5.2   4.7   6.0   5.3   5.8   5.5   5.9   5.3   5.6   5.7   5.9   5.9   5.7   5.5   5.8   5.4   6.1   6.0   5.9   5.6   5.4   6.2   6.3   6.9   6.4   6.6   6.1   6.6   6.7   6.5   6.6   7.0   7.0   6.9   6.6   5.6   6.0   7.3   6.2   6.3   5.8   5.7   6.3   7.6   6.3   7.5   6.0   6.9   6.7   6.8   6.5   7.5   6.7   7.5   6.6   7.2   5.8   6.3   5.8   6.4   6.1   6.5   5.4   6.2   5.4   6.7   5.0   6.5   5.9   6.7   5.0   6.3   5.2   6.5   5.0   5.7   6.5   6.2   6.7   5.9   5.5   7.1   4.7   5.3   6.5 
B: 39.9 41.4 38.7 39.5 39.7 41.8 38.2 38.8 39.2 41.3 36.2 43.4 39.2 37.3 37.1 40.7 42.2 40.7 41.2 46.2 41.7 44.7 43.9 46.2 46.3 44.7 45.6 47.2 45.8 47.8 45.4 47.2 44.7 45.5 46.0 47.2 46.1 47.9 45.9 46.3 45.6 47.9 44.9 45.5 47.4 44.7 45.1 45.6 47.1 45.5 45.0 45.7 46.0 46.7 48.1 47.1 45.0 46.5 45.0 46.4 44.9 47.0 45.4 47.0 46.4 47.3 45.0 47.4 46.4 47.3 45.9 47.7 45.6 46.5 47.4 46.2 47.3 47.8 46.8 46.5 45.8 47.0 47.9 48.3 47.1 48.6 46.6 49.3 46.2 47.5 45.6 46.8 46.7 48.0 45.4 46.8 45.0 48.1 45.8 47.0 46.0 47.0 47.3 47.1 48.4 49.5 47.9 48.7 47.9 47.8 46.4 48.4 45.8 47.8 47.8 48.1 47.3 48.2 45.9 48.9 47.3 49.4 47.9 48.5 47.0 49.8 49.5 49.2 48.4 49.4 48.5 48.6 49.8 48.8 50.3 49.7 49.2 49.4 50.4 49.3 49.5 49.4 49.2 48.8 49.4 46.8 49.1 48.6 48.3 48.1 49.2 47.6 50.3 46.2 49.6 48.3 47.1 48.9 49.6 47.7 49.1 48.6 49.2 48.8 49.2 49.7 49.3 48.9 48.3 48.4 49.1 48.4 50.3 49.1 50.5 48.5 48.6 48.5 49.8 47.7 48.4 48.3 48.8 48.7 47.8 48.6 49.3 48.7 47.4 48.5 49.0 48.0 48.7 49.0 48.0 48.2 47.6 48.3 48.4 49.1 
Direction:  n n n n n n n n n n n n n n n n n n n n n n n n n n n n n n n n n n n n n n n n n n n n n n n n n n n n n n n n n n n n n n n n n n n n n n n n n n n n n n n n n n n n n n n n n n n n n n n n n n n n n n n n n n n n n n n n n n n n n n n n n n n n n n n n n n n n n n n n n n n n n n n n n n n n n n n n n n n n n n n n n n n n n n n n n n n n n n n n n n n n n n n n n n n n n n n n n n n n n n n n

53.6: Count:   2.4 (  0.8) A:  11.4 [10-23] B:  43.6 [10-70] Phase: 138 (15.29) Direction:  nPhase: 94 (10.87) Direction:  {69 111}
Phase: {0,0,0,0,0,0,0,0,0,0,0,0,0,0,0,0,0,0,0,0,0,0,0,0,5,0,0,0,0,7,0,0,0,9,0,0,0,0,0,9,7,13,7,9,0,2,0,0,15,7,0,43,30,10,28,10,28,21,19,25,10,57,74,25,88,81,73,102,87,145,64,97,175,166,141,251,172,333,197,317,259,304,326,347,277,356,289,316,404,353,426,326,368,391,429,472,528,471,421,490,518,448,461,523,558,725,574,863,701,683,728,957,856,914,1307,1024,1067,1322,1314,1570,1474,1696,1814,1971,1920,2227,2423,2144,2545,2880,2634,2859,2736,3111,2793,3030,3354,2941,3055,2841,3087,3032,3099,2822,2734,2608,2639,2603,2309,2035,2127,1981,1794,1758,1698,1779,1571,1484,1293,1230,1187,967,900,1007,885,662,631,711,407,505,415,413,387,258,337,390,235,253,239,128,177,149,213,124,74,36,78,26,23,55,37,10,39,69,26,31,28,39,38,9,6,0,29,0,13,11,0,11,0,9,13,0,0,0,0,9,0,0,0,8,0,0,0,0,0,0,0,0,0,0,0,0,0,0,0,0,0,0,0,0,0,0,0,0,0,0,0,0,0,0,0,0,0,0,0,0,0,0,0,0,0,0,0,0,0,0,0,0,0,0,0,0,0,0,0,0,0,0,0,0,0,0,0,0,0,0,0,0,0,0,0,0,0,0,0,0,0,0,0,0,0,0,0,0,0,0,0,0,0,0,0,0,0,0,0,0,0,0,0,0,0,0,0,0,0,0,0,0,0,0,0,0,0,0,0,0,0,0,0,0,0,0,0,0,0,0,0,0,0,0,0,0,0,0,0,0,0,0,0,0}
Count:   1.1   0.7   1.0   1.0   0.8   0.6   0.9   0.7   0.5   1.0   0.6   0.8   0.7   0.7   0.6   0.6   1.1   1.0   0.9   1.6   1.0   1.3   1.1   2.4   1.7   1.5   1.2   2.6   1.2   1.4   1.3   2.1   2.0   1.8   1.4   1.9   1.8   2.0   1.4   1.2   2.3   2.7   2.1   1.4   2.0   1.9   1.6   1.6   1.8   2.3   1.7   1.5   1.8   2.6   1.7   1.8   1.7   2.1   1.5   2.1   1.6   2.7   1.5   2.3   2.1   2.5   1.6   2.4   1.9   2.6   2.2   2.5   2.1   2.2   1.6   2.6   1.7   2.6   1.7   2.3   1.5   1.9   1.6   2.9   1.8   2.4   2.2   2.6   2.4   2.6   2.0   2.5   1.8   3.1   2.1   2.4   2.1   2.2   2.0   1.9   2.6   2.5   2.8   2.4   2.2   2.8   1.9   2.6   2.9   2.7   2.2   3.0   2.1   2.8   2.3   2.7   2.3   3.0   2.2   3.2   3.0   3.0   2.7   3.6   3.0   3.2   3.5   3.2   2.6   2.9   2.7   2.9   3.4   2.8   2.8   2.5   3.0   3.1   3.4   3.4   3.4   2.7   3.3   3.4   3.4   3.2   3.4   3.7   3.3   3.5   3.0   2.9   4.2   2.9   3.5   2.7   2.7   3.2   4.0   3.3   4.2   3.9   3.3   3.1   3.9   3.3   3.5   3.0   3.6   3.0   3.8   2.7   3.1   3.1   3.3   2.8   3.5   3.0   3.4   2.4   3.0   2.7   2.9   2.9   3.4   2.2   3.1   2.9   3.0   2.1   2.9   2.8   2.8   3.2   2.4   2.5   3.5   2.7   3.4   3.6 
B: 33.9 35.2 35.4 35.8 35.9 38.5 35.7 35.9 33.2 37.0 38.3 34.8 31.9 36.4 31.7 34.2 39.4 36.4 41.1 42.1 39.3 36.5 39.2 42.4 42.1 38.5 40.5 44.0 42.7 39.4 41.7 41.4 39.4 40.7 42.5 42.7 41.1 43.7 41.9 43.8 39.1 42.6 41.2 38.2 43.1 41.5 42.6 40.3 41.8 40.7 39.4 39.1 41.0 43.8 40.7 42.6 39.7 40.4 40.6 42.4 39.8 43.4 44.5 41.2 40.1 40.5 38.9 42.2 42.5 41.9 41.1 40.6 41.5 41.5 46.2 42.1 43.9 43.2 43.1 40.6 43.4 44.1 41.3 44.4 43.2 43.3 40.5 43.1 42.2 42.7 40.4 42.9 41.4 44.3 43.7 42.2 42.8 45.0 42.0 44.3 42.3 44.6 43.7 44.3 44.1 45.7 44.1 44.0 43.7 44.2 43.5 44.5 42.8 44.2 43.2 44.2 43.3 45.6 43.1 45.1 44.1 44.3 45.5 43.5 42.9 44.8 45.8 46.6 45.6 44.9 45.9 46.2 45.3 44.1 47.2 45.5 47.7 45.0 47.4 47.0 46.3 44.6 44.8 45.2 45.6 44.1 45.4 45.5 46.4 44.4 45.7 44.5 46.9 45.5 43.3 43.9 45.3 44.5 45.6 44.6 44.6 43.2 45.4 44.1 44.7 46.7 45.2 45.6 44.3 43.8 44.9 44.2 45.0 44.4 44.7 45.5 45.6 44.0 45.4 44.4 44.9 43.1 44.5 44.8 44.3 44.9 46.5 42.9 47.0 43.0 44.5 44.2 45.6 45.1 44.5 42.9 45.5 43.3 44.9 44.0 
Direction:  n n n n n n n n n n n n n n n n n n n n n n n n n n n n n n n n n n n n n n n n n n n n n n n n n n n n n n n n n n n n n n n n n n n n n n n n n n n n n n n n n n n n n n n n n n n n n n n n n n n n n n n n n n n n n n n n n n n n n n n n n n n n n n n n n n n n n n n n n n n n n n n n n n n n n n n n n n n n n n n n n n n n n n n n n n n n n n n n n n n n n n n n n n n n n n n n n n n n n n n n

53.7: Count:   1.1 (  0.4) A:  11.6 [10-23] B:  38.3 [10-63] Phase: 104 (22.32) Direction:  nPhase: 155 (13.10) Direction:  nPhase: 131 ( 8.81) Direction:  nPhase: 156 (11.61) Direction:  nPhase: 142 (10.35) Direction:  nPhase: 140 (10.54) Direction:  nPhase: 136 (11.07) Direction:  nPhase: 134 (11.11) Direction:  n
Phase: {0,0,0,0,0,0,0,0,0,0,0,0,0,0,0,0,0,0,0,0,0,0,0,0,0,0,0,0,0,0,0,0,0,0,0,0,0,0,7,0,7,14,0,4,0,7,4,0,0,0,20,0,20,13,35,5,38,7,27,50,42,34,75,17,63,79,89,29,122,160,140,115,152,174,125,251,158,151,264,333,157,383,333,294,314,367,350,332,370,331,494,252,331,293,388,307,411,360,302,381,397,388,326,345,368,385,429,427,387,427,442,435,443,497,629,565,607,577,603,522,716,681,929,803,732,908,918,906,846,1080,1121,811,872,1105,816,1103,1222,1154,1036,1175,1025,852,1034,923,828,981,963,915,999,892,684,769,899,818,711,1015,780,751,755,871,661,512,662,551,580,404,433,504,472,433,370,315,335,248,256,157,233,160,109,98,143,93,137,86,82,32,103,80,30,32,44,27,5,30,13,19,22,20,16,0,9,2,2,0,17,0,0,7,0,0,0,0,4,0,0,0,0,0,0,0,0,0,0,0,0,0,0,0,0,0,0,0,0,0,0,0,0,0,0,0,0,0,0,0,0,0,0,0,0,0,0,0,0,0,0,0,0,0,0,0,0,0,0,0,0,0,0,0,0,0,0,0,0,0,0,0,0,0,0,0,0,0,0,0,0,0,0,0,0,0,0,0,0,0,0,0,0,0,0,0,0,0,0,0,0,0,0,0,0,0,0,0,0,0,0,0,0,0,0,0,0,0,0,0,0,0,0,0,0,0,0,0,0,0,0,0,0,0,0,0,0,0,0,0,0,0,0,0,0,0,0,0,0,0,0,0,0,0,0,0}
Count:   0.6   0.5   0.5   0.7   0.5   0.5   0.4   0.5   0.3   0.3   0.2   0.4   0.4   0.5   0.3   0.5   0.4   0.6   0.6   0.6   0.7   0.9   0.6   1.3   0.9   0.7   0.7   1.2   0.5   0.7   0.7   1.0   0.9   0.8   0.8   0.7   1.0   0.9   0.8   0.7   1.0   1.1   1.0   0.8   1.0   0.9   0.7   0.8   0.8   1.1   1.0   1.0   0.9   1.1   0.7   0.9   1.1   1.0   0.8   1.0   0.5   1.5   0.7   1.0   1.1   1.2   0.9   1.1   1.0   1.2   1.1   1.2   1.2   1.2   0.7   1.4   1.0   1.1   1.0   1.3   0.8   1.0   0.8   1.4   0.8   1.3   1.0   1.4   1.2   1.3   1.1   1.1   0.7   1.4   0.8   1.1   1.1   1.3   1.1   0.7   1.2   1.4   1.5   1.2   1.0   1.4   1.1   1.3   1.2   1.0   0.9   1.0   1.0   1.1   0.7   1.1   1.0   1.1   1.3   1.6   1.4   1.4   1.1   1.7   1.6   1.8   1.4   1.5   1.4   1.3   1.4   1.0   1.5   1.6   1.2   1.4   1.4   1.4   1.6   1.4   1.4   1.3   1.5   1.5   1.4   1.3   1.5   1.5   1.8   1.4   1.3   1.3   1.6   1.7   1.5   1.2   1.0   1.3   1.8   1.8   2.1   1.5   2.1   1.4   1.7   1.2   2.0   1.4   1.9   1.8   1.4   1.1   1.5   1.3   1.4   1.2   1.4   1.2   2.1   1.2   1.3   1.4   1.6   1.5   1.5   1.1   1.2   1.3   1.0   1.3   1.3   1.2   1.2   1.5   1.1   1.2   1.6   1.3   1.6   2.0 
B: 33.9 30.5 28.9 30.7 31.2 29.7 34.9 32.5 26.1 29.1 32.9 25.7 27.0 27.8 32.3 31.2 36.3 33.4 29.8 35.7 32.6 34.4 35.9 37.0 33.8 31.0 36.7 37.1 35.5 33.9 36.3 34.6 36.7 36.7 34.5 37.1 36.9 37.8 35.6 34.7 32.8 36.7 35.9 33.3 35.4 35.1 40.0 33.4 33.6 33.7 34.8 32.5 36.6 37.5 39.0 35.1 34.9 34.5 35.6 34.8 30.7 37.2 38.6 38.5 33.1 35.8 37.2 35.9 36.5 36.0 38.3 37.6 36.3 37.4 40.4 39.9 39.8 38.4 34.9 34.7 35.5 40.7 37.8 38.9 35.0 39.2 38.4 38.1 40.2 40.2 31.3 36.2 35.6 36.8 39.5 33.7 32.1 37.2 36.9 39.8 34.6 37.0 37.6 37.6 38.6 43.7 35.9 37.6 39.7 41.6 39.7 39.4 35.9 36.8 41.4 38.4 36.8 40.8 38.5 39.2 36.5 40.5 40.2 40.3 38.0 39.4 36.9 42.8 40.3 42.5 38.4 42.5 42.8 38.9 39.8 41.7 42.9 41.5 40.2 41.4 43.2 43.1 41.3 42.2 42.4 38.8 39.2 41.3 42.1 39.4 41.0 40.7 42.0 40.2 38.1 40.5 41.3 38.0 40.6 40.3 39.2 38.0 39.7 40.0 39.1 39.6 40.1 39.1 40.6 40.7 39.0 38.8 41.8 38.3 38.7 40.3 39.1 40.2 40.8 40.0 40.6 37.7 39.1 40.1 39.2 41.6 41.0 38.8 43.5 38.2 38.9 43.2 40.6 40.2 37.9 36.9 38.1 37.6 39.2 39.0 
Direction:  n n n n n n n n n n n n n n n n n n n n n n n n n n n n n n n n n n n n n n n n n n n n n n n n n n n n n n n n n n n n n n n n n n n n n n n n n n n n n n n n n n n n n n n n n n n n n n n n n n n n n n n n n n n n n n n n n n n n n n n n n n n n n n n n n n n n n n n n n n n n n n n n n n n n n n n n n n n n n n n n n n n n n n n n n n n n n n n n n n n n n n n n n n n n n n n n n n n n n n n n

53.8: Count:   0.8 (  0.2) A:  11.8 [10-22] B:  34.5 [10-63] Phase: 136 (26.31) Direction:  nPhase: 88 (16.28) Direction:  {61 119}Phase: 90 (19.63) Direction:  {64 116}Phase: 116 (20.69) Direction:  nPhase: 81 (20.10) Direction:  {54 126}Phase: 90 (19.31) Direction:  {64 116}Phase: 89 (20.88) Direction:  {62 118}Phase: 148 (23.60) Direction:  n
Phase: {0,0,0,0,0,0,0,0,0,0,0,0,0,0,0,0,0,0,0,0,0,0,0,0,0,0,0,0,0,15,0,0,0,0,0,0,0,0,0,0,0,0,13,0,0,7,0,1,9,13,20,5,0,2,11,22,32,15,47,5,77,37,52,82,26,54,85,136,94,152,26,96,195,236,219,210,207,148,183,180,299,228,201,329,256,249,305,221,355,236,498,326,223,378,277,272,417,230,329,360,298,341,270,299,306,232,266,206,225,326,316,437,290,285,399,425,371,536,421,337,294,517,451,416,486,488,555,408,371,610,544,532,497,559,487,591,476,550,542,628,512,648,587,533,566,585,500,562,611,577,507,586,522,708,432,427,642,522,716,490,603,409,524,535,474,352,330,370,353,296,378,255,244,189,179,166,140,135,139,90,211,87,62,67,109,110,45,46,60,3,50,42,26,0,5,37,15,22,0,0,15,0,0,5,0,0,0,20,0,0,10,0,0,0,0,0,0,0,0,0,0,0,0,0,0,11,0,0,0,0,0,0,0,0,0,0,0,0,0,0,0,0,0,0,0,0,0,0,0,0,0,0,0,0,0,0,0,0,0,0,0,0,0,0,0,0,0,0,0,0,0,0,0,0,0,0,0,0,0,0,0,0,0,0,0,0,0,0,0,0,0,0,0,0,0,0,0,0,0,0,0,0,0,0,0,0,0,0,0,0,0,0,0,0,0,0,0,0,0,0,0,0,0,0,0,0,0,0,0,0,0,0,0,0,0,0,0,0,0,0,0,0,0,0,0,0,0,0,0,0,0,0,0,0,0,0,0,0,0,0}
Count:   0.3   0.5   0.5   0.2   0.4   0.3   0.3   0.4   0.3   0.4   0.3   0.6   0.3   0.3   0.5   0.1   0.5   0.5   0.6   0.9   0.6   0.8   0.8   0.7   1.1   0.5   0.6   0.8   0.8   0.6   0.8   0.7   0.5   0.5   0.7   0.8   1.0   0.8   0.5   0.5   0.5   1.0   0.7   0.6   0.7   0.5   0.6   0.5   0.6   0.5   0.4   0.4   0.6   1.1   0.6   0.7   0.9   0.6   0.6   0.5   0.5   0.9   0.8   0.7   0.7   0.8   0.7   0.7   0.7   0.8   0.5   1.0   0.5   0.9   0.7   0.7   0.4   1.1   0.7   0.8   0.9   0.8   0.6   0.8   0.7   1.2   0.5   0.8   0.5   0.9   0.7   0.9   0.4   1.0   0.8   0.7   0.6   0.8   0.5   0.5   0.9   1.1   0.8   0.7   0.7   0.9   0.8   0.7   0.7   1.0   0.7   0.8   0.5   0.7   0.6   0.8   0.7   0.7   0.9   0.9   0.7   1.2   0.6   1.1   1.0   1.0   0.7   0.8   0.8   1.1   0.6   1.0   0.9   0.9   0.8   0.7   0.9   1.2   0.9   0.8   0.9   1.1   1.2   1.0   0.8   0.9   0.9   1.2   0.8   1.1   0.8   1.1   1.0   1.0   1.0   0.9   0.7   0.7   1.1   0.7   1.1   0.9   1.2   1.1   1.4   0.9   1.4   1.1   1.0   0.9   1.3   0.9   0.9   0.8   0.9   1.1   0.9   0.8   1.1   1.1   0.9   0.8   0.8   0.9   1.2   0.8   0.9   0.8   0.5   0.8   0.8   1.2   0.8   0.8   0.6   1.1   1.2   1.0   1.0   0.9 
B: 26.5 29.0 28.3 32.7 27.4 24.6 23.7 28.4 26.8 25.0 27.5 29.7 29.1 29.7 27.5 27.6 29.0 33.8 27.4 32.5 33.6 30.2 33.9 33.1 33.5 36.5 34.3 32.1 30.2 32.3 32.2 29.8 33.2 30.2 30.5 31.8 32.8 31.4 29.0 25.4 38.0 32.4 33.6 32.2 31.7 33.2 30.8 34.3 30.1 34.9 31.9 30.0 33.4 35.2 33.7 31.9 31.6 33.3 33.8 33.7 29.6 37.4 32.1 33.0 31.4 33.8 31.4 32.1 36.1 36.5 31.4 32.3 30.8 37.7 32.6 36.1 29.6 34.1 33.5 31.0 31.4 31.8 33.7 36.1 31.2 34.7 39.5 36.4 34.5 38.8 32.1 31.1 37.5 32.7 32.3 41.2 26.9 31.2 32.0 36.4 32.9 35.7 35.9 31.6 33.3 38.5 36.3 35.0 32.6 32.9 35.1 35.4 33.6 33.0 30.9 39.3 38.7 32.1 36.9 36.0 32.4 34.8 33.9 39.8 34.2 37.7 36.4 37.4 36.8 35.7 35.8 33.7 35.0 35.7 35.8 35.1 35.9 36.7 37.1 32.5 37.0 38.3 36.8 37.0 39.9 35.6 39.9 34.9 35.5 35.7 35.2 35.1 35.8 34.6 37.5 34.7 34.0 33.0 38.0 37.2 38.3 35.5 35.3 38.9 36.4 38.8 38.8 35.5 36.0 34.6 38.7 36.3 37.9 38.9 35.6 37.7 35.0 35.7 34.9 35.1 33.2 32.9 37.5 36.4 35.4 36.8 37.6 36.7 37.6 35.8 36.6 35.4 36.6 36.7 33.7 32.3 31.0 34.7 34.9 36.7 
Direction:  n n n n n n n n n n n n n n n n n n n n n n n n n n n n n n n n n n n n n n n n n n n n n n n n n n n n n n n n n n n n n n n n n n n n n n n n n n n n n n n n n n n n n n n n n n n n n n n n n n n n n n n n n n n n n n n n n n n n n n n n n n n n n n n n n n n n n n n n n n n n n n n n n n n n n n n n n n n n n n n n n n n n n n n n n n n n n n n n n n n n n n n n n n n n n n n n n n n n n n n n

53.9: Count:   0.6 (  0.2) A:  11.8 [10-23] B:  31.7 [10-55] Phase: 117 (25.67) Direction:  nPhase: 84 (11.24) Direction:  {56 124}Phase: 159 (14.26) Direction:  nPhase: 158 (13.10) Direction:  nPhase: 156 (12.66) Direction:  nPhase: 159 (14.01) Direction:  nPhase: 156 (13.75) Direction:  nPhase: 145 (13.75) Direction:  n
Phase: {0,0,0,0,0,0,0,0,0,0,0,0,0,0,0,0,0,0,15,0,0,0,0,0,0,0,0,15,0,0,0,0,0,0,0,0,0,0,0,5,15,0,0,13,0,0,5,0,13,13,0,0,46,13,33,30,20,11,52,41,23,53,51,78,88,32,71,55,110,207,91,114,113,99,206,219,141,259,142,225,177,191,235,287,309,258,250,253,326,208,429,137,217,246,293,299,399,248,200,294,190,280,254,230,254,219,259,268,274,271,277,107,189,260,300,302,366,378,263,310,273,290,273,254,301,333,418,290,268,217,259,379,254,366,288,419,245,228,480,201,338,350,416,279,411,324,449,350,425,508,436,443,505,599,380,445,449,335,468,429,373,366,530,352,306,313,320,166,299,212,341,227,147,188,180,204,121,42,104,95,63,25,128,47,36,71,40,31,35,9,34,16,34,21,0,13,19,14,0,4,0,10,9,0,0,6,14,1,13,0,9,0,0,0,0,0,0,0,0,0,0,0,0,0,0,0,0,0,0,0,0,0,11,0,0,0,0,0,0,0,0,0,0,0,0,0,0,0,0,0,0,0,0,0,0,0,0,0,0,0,0,0,0,0,0,0,0,0,0,0,0,0,0,0,0,0,0,0,0,0,0,0,0,0,0,0,0,0,0,0,0,0,0,0,0,0,0,0,0,0,0,0,0,0,0,0,0,0,0,0,0,0,0,0,0,0,0,0,0,0,0,0,0,0,0,0,0,0,0,0,0,0,0,0,0,0,0,0,0,0,0,0,0,0,0,0,0,0,0,0,0,0,0,0,0,0,0,0,0,0}
Count:   0.3   0.4   0.4   0.1   0.3   0.3   0.3   0.4   0.3   0.4   0.3   0.4   0.2   0.3   0.4   0.2   0.3   0.5   0.6   0.6   0.5   0.6   0.7   0.6   0.7   0.2   0.4   0.7   0.7   0.5   0.5   0.6   0.3   0.5   0.5   0.5   0.7   0.6   0.4   0.3   0.5   0.6   0.7   0.4   0.7   0.7   0.3   0.2   0.6   0.4   0.4   0.4   0.6   0.8   0.6   0.8   0.6   0.5   0.4   0.3   0.5   0.5   0.7   0.7   0.6   0.4   0.7   0.6   0.6   0.5   0.4   0.7   0.4   0.7   0.3   0.5   0.2   0.8   0.5   0.7   0.6   0.6   0.4   0.5   0.5   0.7   0.3   0.6   0.6   0.8   0.7   0.6   0.3   0.9   0.6   0.6   0.4   0.7   0.4   0.5   0.9   1.0   0.6   0.7   0.5   0.6   0.8   0.7   0.7   0.7   0.5   0.5   0.5   0.4   0.7   0.6   0.4   0.3   0.5   0.6   0.6   0.8   0.5   0.7   0.5   0.7   0.5   0.5   0.7   0.9   0.7   1.0   0.8   0.5   0.5   0.5   0.6   0.8   0.3   0.6   0.6   0.7   1.1   0.6   0.5   0.7   0.8   0.8   0.6   0.6   0.6   0.8   0.6   0.7   0.8   0.6   0.7   0.6   0.7   0.5   1.0   0.8   0.6   0.7   1.0   0.6   0.8   1.0   0.8   0.6   0.8   0.4   0.8   0.4   0.9   0.6   0.7   0.7   0.7   0.8   1.0   0.5   0.6   0.6   0.6   0.7   0.6   0.7   0.5   0.4   0.8   0.9   0.5   0.8   0.4   0.8   1.0   0.7   0.8   0.6 
B: 26.6 29.2 26.7 30.4 21.8 25.6 26.7 28.9 22.9 26.2 26.4 27.3 31.4 30.2 23.4 28.0 31.4 30.5 26.3 29.1 29.0 27.8 30.2 27.1 30.4 32.0 28.4 29.6 28.6 29.5 28.8 30.5 28.2 28.5 27.6 32.3 31.6 25.4 29.4 32.3 34.1 28.9 31.4 30.6 30.4 31.2 31.2 33.2 29.6 35.6 29.0 25.7 31.3 29.0 33.5 31.7 28.1 33.9 32.6 33.1 26.3 34.4 32.8 32.3 32.1 28.2 26.7 30.5 31.3 35.8 26.5 32.2 28.2 36.6 31.4 30.8 24.2 33.7 31.0 30.6 27.7 28.8 30.9 33.6 29.1 31.6 39.0 32.2 32.1 34.2 29.7 30.6 30.9 32.5 31.6 32.8 28.7 31.8 28.7 33.9 30.5 30.7 30.5 29.5 30.9 33.2 32.5 34.0 31.1 33.1 27.6 34.7 30.2 30.4 26.4 36.5 33.6 31.4 33.9 36.9 32.9 34.6 31.1 37.4 29.0 36.1 31.9 33.0 35.2 35.9 31.1 29.9 32.2 32.9 28.9 32.7 31.9 33.6 33.2 31.9 33.6 33.6 33.6 27.4 29.5 33.5 31.1 35.4 32.0 32.6 34.9 31.3 35.3 29.7 35.2 33.3 30.7 32.5 38.1 35.8 33.1 32.1 35.3 32.9 32.3 30.8 35.8 33.3 33.0 35.3 31.5 31.7 31.9 34.2 32.9 35.0 33.6 32.5 30.1 30.5 31.1 33.1 32.7 34.7 35.5 29.3 36.3 32.6 32.8 30.4 31.0 32.8 34.4 35.1 33.1 31.0 29.1 31.9 30.8 32.4 
Direction:  n n n n n n n n n n n n n n n n n n n n n n n n n n n n n n n n n n n n n n n n n n n n n n n n n n n n n n n n n n n n n n n n n n n n n n n n n n n n n n n n n n n n n n n n n n n n n n n n n n n n n n n n n n n n n n n n n n n n n n n n n n n n n n n n n n n n n n n n n n n n n n n n n n n n n n n n n n n n n n n n n n n n n n n n n n n n n n n n n n n n n n n n n n n n n n n n n n n n n n n n

54.0: Count:   0.5 (  0.2) A:  11.8 [10-22] B:  29.7 [10-54] Phase: 137 (26.50) Direction:  nPhase: 84 (11.46) Direction:  {56 124}Phase: 155 (15.00) Direction:  nPhase: 90 (13.85) Direction:  {63 117}Phase: 92 (16.91) Direction:  {65 115}Phase: 154 (16.82) Direction:  nPhase: 92 (16.64) Direction:  {65 115}Phase: 94 (16.53) Direction:  {68 112}
Phase: {0,0,0,9,0,0,0,0,0,0,0,0,0,0,0,0,0,0,0,0,0,0,0,0,0,0,0,6,0,0,0,0,7,0,0,27,13,0,0,0,7,24,0,5,18,0,0,0,1,0,28,7,1,30,30,33,52,20,49,2,38,39,61,69,46,75,121,72,85,64,137,59,107,221,91,272,129,229,160,160,272,261,168,222,183,161,231,208,150,173,347,187,320,239,215,217,312,295,175,250,270,136,198,222,234,237,152,206,182,233,128,133,133,144,125,195,196,111,169,250,224,214,205,224,206,165,243,176,282,202,144,184,168,289,224,345,233,277,247,232,249,244,295,262,284,247,231,372,248,261,334,336,406,399,213,352,366,334,455,321,279,264,240,265,290,280,201,225,129,138,106,139,103,157,94,128,100,87,70,50,102,43,51,44,62,40,32,32,18,13,19,41,0,25,56,0,0,23,13,2,1,5,13,26,0,7,0,0,20,29,0,0,0,0,0,0,1,0,0,0,0,0,0,0,0,7,0,0,0,0,0,0,0,0,0,0,0,0,0,0,0,0,0,0,0,0,0,0,0,0,0,0,0,0,0,0,0,0,0,0,0,0,0,0,0,0,0,0,0,0,0,0,0,0,0,0,0,0,0,0,0,0,0,0,0,0,0,0,0,0,0,0,0,0,0,0,0,0,0,0,0,0,0,0,0,0,0,0,0,0,0,0,0,0,0,0,0,0,0,0,0,0,0,0,0,0,0,0,0,0,0,0,0,0,0,0,0,0,0,0,0,0,0,0,0,0,0,1,0,0,0,0,0,0,0,0,0,0,0,0}
Count:   0.3   0.3   0.4   0.1   0.3   0.4   0.1   0.2   0.2   0.2   0.1   0.3   0.0   0.2   0.2   0.2   0.3   0.4   0.5   0.4   0.4   0.5   0.5   0.3   0.8   0.2   0.4   0.9   0.5   0.3   0.5   0.6   0.3   0.5   0.2   0.5   0.5   0.4   0.3   0.3   0.5   0.5   0.3   0.3   0.5   0.2   0.3   0.3   0.4   0.2   0.4   0.1   0.4   0.5   0.4   0.7   0.3   0.4   0.2   0.2   0.3   0.4   0.5   0.5   0.6   0.5   0.5   0.5   0.5   0.5   0.3   0.7   0.4   0.3   0.2   0.3   0.2   0.5   0.2   0.5   0.3   0.6   0.3   0.5   0.3   0.6   0.2   0.7   0.5   0.4   0.7   0.5   0.3   0.7   0.7   0.5   0.3   0.7   0.4   0.2   0.6   0.5   0.4   0.6   0.3   0.6   0.6   0.3   0.6   0.6   0.7   0.6   0.4   0.3   0.4   0.5   0.4   0.4   0.4   0.5   0.4   0.5   0.4   0.3   0.4   0.6   0.5   0.4   0.3   0.5   0.6   0.6   0.5   0.4   0.5   0.6   0.6   0.6   0.5   0.6   0.5   0.4   0.8   0.5   0.4   0.3   0.9   0.6   0.5   0.4   0.5   0.5   0.5   0.6   0.3   0.5   0.7   0.5   0.4   0.4   0.6   0.6   0.5   0.5   0.7   0.3   0.6   0.8   0.7   0.4   0.7   0.3   0.6   0.3   0.7   0.5   0.5   0.4   0.5   0.7   0.9   0.4   0.7   0.5   0.5   0.5   0.5   0.5   0.4   0.3   0.6   0.5   0.5   0.5   0.5   0.6   0.5   0.7   0.6   0.4 
B: 23.6 26.2 25.8 30.0 19.7 26.5 25.7 25.9 27.5 21.7 22.4 33.3 26.0 27.2 23.5 25.1 27.5 27.6 28.2 27.7 28.7 27.0 28.3 24.7 30.4 29.5 22.3 29.2 26.7 28.2 26.7 27.7 24.8 28.7 31.6 31.4 27.9 27.2 31.0 31.3 31.5 26.6 27.9 28.2 28.4 29.4 26.6 33.5 29.2 32.4 27.4 30.5 30.2 27.4 28.7 28.6 28.3 33.2 30.2 31.7 33.6 33.7 28.4 26.5 28.4 29.0 24.3 26.6 32.0 32.2 27.0 26.5 31.8 36.0 28.2 28.1 26.5 30.4 24.5 29.6 25.6 25.7 32.3 29.5 26.3 27.8 34.1 29.2 28.0 29.1 31.0 28.0 30.0 33.9 31.6 32.5 24.4 28.1 27.7 31.8 27.7 31.3 28.0 30.1 33.3 30.6 29.3 34.4 26.6 28.7 28.6 32.1 26.8 32.4 26.9 29.4 25.7 30.8 32.8 33.2 28.3 33.2 27.6 34.5 29.3 29.6 27.5 28.9 35.5 27.8 27.8 28.4 27.6 31.8 32.9 30.7 28.1 30.5 27.6 29.7 28.9 36.2 27.5 24.9 31.0 30.9 31.2 32.7 28.4 29.7 28.6 31.3 34.8 30.5 36.8 31.8 31.3 30.0 34.5 31.3 32.5 31.8 31.5 32.7 28.0 28.9 32.1 30.9 29.9 33.2 33.5 24.9 28.0 33.0 30.9 34.5 28.6 28.3 30.1 31.3 29.9 30.0 29.3 31.7 33.5 31.6 33.9 32.4 31.7 30.0 30.7 25.7 30.5 32.4 29.6 30.8 30.5 26.3 32.9 31.2 
Direction:  n n n n n n n n n n n n n n n n n n n n n n n n n n n n n n n n n n n n n n n n n n n n n n n n n n n n n n n n n n n n n n n n n n n n n n n n n n n n n n n n n n n n n n n n n n n n n n n n n n n n n n n n n n n n n n n n n n n n n n n n n n n n n n n n n n n n n n n n n n n n n n n n n n n n n n n n n n n n n n n n n n n n n n n n n n n n n n n n n n n n n n n n n n n n n n n n n n n n n n n n

54.1: Count:   0.4 (  0.1) A:  11.7 [10-21] B:  27.9 [10-50] Phase: 133 (26.96) Direction:  nPhase: 86 (12.14) Direction:  {58 122}Phase: 159 (19.01) Direction:  nPhase: 145 (19.81) Direction:  nPhase: 159 (19.93) Direction:  nPhase: 153 (17.10) Direction:  nPhase: 145 (20.50) Direction:  nPhase: 158 (20.44) Direction:  n
Phase: {0,0,0,0,0,0,0,0,0,0,0,0,0,0,0,0,0,0,0,0,0,0,0,0,0,0,0,0,0,0,0,0,0,7,7,9,0,0,0,7,0,0,0,0,0,0,29,13,5,0,31,22,45,7,35,18,12,46,13,49,59,64,21,93,20,1,100,100,76,81,127,36,86,111,153,119,203,124,165,144,235,177,218,199,178,222,111,177,373,127,309,140,222,161,149,249,181,125,238,136,128,229,179,167,163,173,117,164,191,125,169,148,99,145,142,184,134,232,131,168,129,166,149,109,120,136,164,264,151,170,161,194,111,197,133,281,148,206,194,175,186,224,240,200,154,308,293,306,225,166,239,294,233,413,217,297,270,220,206,282,168,176,228,194,128,175,184,181,200,109,131,174,130,90,103,143,108,49,114,66,17,28,8,24,30,0,37,12,29,20,21,37,16,28,5,9,0,0,27,7,2,24,19,0,0,0,2,15,0,13,0,0,0,0,0,0,0,0,0,0,0,0,0,0,0,0,0,0,0,0,0,13,0,0,0,0,0,0,0,0,0,0,0,0,0,0,0,0,0,0,0,0,0,0,0,0,0,0,0,0,0,0,0,0,0,0,0,0,0,0,0,0,0,0,0,0,0,0,0,0,0,0,0,0,0,0,0,0,0,0,0,0,0,0,0,0,0,0,0,0,0,0,0,0,0,0,0,0,0,0,0,0,0,0,0,0,0,0,0,0,0,0,0,0,0,0,0,0,0,0,0,0,0,0,0,0,0,0,0,0,0,0,0,0,0,0,0,0,0,0,0,0,0,0,0,0,0,0,0,0}
Count:   0.3   0.2   0.4   0.2   0.3   0.4   0.0   0.4   0.2   0.2   0.3   0.2   0.1   0.2   0.2   0.3   0.3   0.2   0.2   0.3   0.3   0.5   0.3   0.3   0.3   0.3   0.4   0.5   0.3   0.1   0.4   0.3   0.4   0.3   0.4   0.4   0.3   0.4   0.3   0.2   0.6   0.4   0.4   0.2   0.2   0.3   0.4   0.3   0.4   0.4   0.5   0.5   0.3   0.3   0.4   0.2   0.2   0.4   0.2   0.4   0.4   0.4   0.2   0.4   0.5   0.4   0.3   0.6   0.4   0.6   0.5   0.4   0.4   0.2   0.3   0.3   0.3   0.3   0.3   0.5   0.3   0.5   0.3   0.5   0.4   0.5   0.2   0.3   0.3   0.5   0.4   0.3   0.3   0.4   0.3   0.1   0.3   0.3   0.3   0.3   0.3   0.5   0.4   0.3   0.4   0.4   0.4   0.5   0.4   0.4   0.3   0.4   0.3   0.6   0.3   0.4   0.4   0.3   0.2   0.4   0.5   0.2   0.3   0.5   0.4   0.3   0.5   0.5   0.4   0.4   0.4   0.3   0.4   0.5   0.3   0.4   0.3   0.4   0.4   0.3   0.3   0.5   0.5   0.3   0.3   0.3   0.5   0.4   0.4   0.5   0.3   0.5   0.4   0.4   0.5   0.5   0.5   0.3   0.5   0.3   0.3   0.4   0.5   0.5   0.3   0.3   0.5   0.4   0.4   0.5   0.3   0.4   0.4   0.4   0.4   0.4   0.7   0.5   0.3   0.4   0.6   0.4   0.5   0.5   0.6   0.7   0.3   0.5   0.5   0.5   0.4   0.4   0.3   0.4   0.2   0.3   0.6   0.4   0.3   0.3 
B: 25.7 26.3 24.9 25.6 27.0 20.1 19.0 20.7 25.8 21.3 21.2 19.2 16.6 29.8 23.9 23.8 25.5 19.5 27.4 27.1 21.8 22.3 25.7 25.1 27.8 30.4 24.5 26.5 26.1 31.7 27.6 25.9 27.9 28.5 25.2 31.3 27.0 26.9 26.0 25.0 24.8 28.7 26.9 30.5 24.4 24.0 26.7 25.8 26.1 27.0 24.3 26.8 24.2 27.2 25.2 25.7 22.8 26.4 27.2 27.6 27.7 29.5 26.7 26.3 27.6 25.6 25.7 29.5 25.7 28.3 27.3 25.9 29.6 29.9 30.4 24.5 30.8 23.3 25.6 30.1 31.5 27.9 29.0 29.2 26.5 24.3 23.7 31.3 27.3 28.2 26.6 28.7 28.2 31.0 29.5 30.8 25.2 27.9 26.9 29.2 25.4 30.9 26.9 28.6 26.5 28.8 27.4 27.4 25.4 28.4 28.9 29.6 28.1 23.3 27.2 31.5 26.2 27.3 32.6 29.7 28.4 28.0 29.0 29.2 33.0 26.3 32.2 28.6 30.5 26.3 30.5 28.3 30.6 29.8 28.6 25.0 31.2 25.8 31.8 24.0 29.9 26.5 28.6 26.7 30.6 30.9 27.0 25.1 27.6 30.5 26.2 30.8 28.9 32.6 33.4 29.5 28.0 30.2 26.7 29.6 24.9 27.2 31.0 28.3 27.8 28.9 28.6 26.3 32.4 26.5 25.0 27.9 30.5 32.4 30.4 24.0 31.1 30.3 33.8 26.8 32.5 26.3 32.1 26.8 29.8 25.8 29.4 29.1 27.1 30.5 30.4 31.5 33.1 29.1 27.7 28.6 28.9 30.9 27.5 28.2 
Direction:  n n n n n n n n n n n n n n n n n n n n n n n n n n n n n n n n n n n n n n n n n n n n n n n n n n n n n n n n n n n n n n n n n n n n n n n n n n n n n n n n n n n n n n n n n n n n n n n n n n n n n n n n n n n n n n n n n n n n n n n n n n n n n n n n n n n n n n n n n n n n n n n n n n n n n n n n n n n n n n n n n n n n n n n n n n n n n n n n n n n n n n n n n n n n n n n n n n n n n n n n

54.2: Count:   0.3 (  0.1) A:  11.7 [10-19] B:  26.3 [10-49] Phase: 136 (26.44) Direction:  nPhase: 84 (11.74) Direction:  {56 124}Phase: 123 (17.94) Direction:  nPhase: 155 (16.00) Direction:  nPhase: 100 (20.73) Direction:  {81 99}Phase: 100 (19.12) Direction:  {81 99}Phase: 98 (15.80) Direction:  {75 105}Phase: 108 (15.26) Direction:  n
Phase: {0,0,0,0,0,0,0,0,0,0,0,0,0,0,0,0,0,0,0,0,0,0,0,0,0,0,0,0,0,0,0,0,0,0,0,0,0,0,0,0,16,0,0,0,5,0,5,9,16,21,25,0,32,36,7,5,23,31,24,31,39,2,37,43,63,83,68,47,56,49,85,111,74,92,139,134,165,175,87,128,107,157,108,204,159,173,125,150,238,124,261,155,151,140,121,207,159,153,120,130,112,278,242,173,217,127,166,113,117,85,102,104,131,68,135,82,10,59,105,140,133,139,119,64,163,149,137,106,119,96,87,147,132,108,81,135,74,138,130,165,111,164,159,221,119,223,193,106,219,144,168,276,171,334,209,205,252,189,210,215,200,171,240,120,152,164,133,143,77,162,109,85,38,49,117,130,26,74,63,45,45,33,67,30,13,9,13,11,20,0,7,9,0,30,0,7,12,0,5,11,0,0,0,0,0,0,0,0,0,0,0,0,0,13,0,0,0,0,0,0,0,0,0,0,11,0,0,0,0,0,0,0,0,0,0,0,0,0,0,0,0,0,0,0,0,0,0,0,0,0,0,0,0,0,0,0,0,0,0,0,0,0,0,0,0,0,0,0,0,0,0,0,0,0,0,0,0,0,0,0,0,0,0,0,0,0,0,0,0,0,0,0,0,0,0,0,0,0,0,0,0,0,0,0,0,0,0,11,0,0,0,0,0,0,0,0,0,0,0,0,0,0,0,0,0,0,0,0,0,0,0,0,0,0,0,0,0,0,0,0,0,0,0,0,0,0,0,0,0,0,0,0,0,0,0,0,0,0,0,0}
Count:   0.1   0.2   0.2   0.2   0.1   0.2   0.1   0.2   0.2   0.0   0.1   0.1   0.2   0.2   0.2   0.1   0.3   0.2   0.2   0.3   0.3   0.3   0.3   0.2   0.3   0.3   0.2   0.5   0.1   0.2   0.1   0.3   0.4   0.2   0.4   0.3   0.3   0.2   0.3   0.2   0.5   0.3   0.4   0.1   0.0   0.1   0.3   0.3   0.4   0.5   0.3   0.4   0.2   0.2   0.4   0.2   0.3   0.4   0.1   0.3   0.3   0.2   0.3   0.4   0.2   0.2   0.2   0.3   0.3   0.4   0.5   0.2   0.4   0.3   0.2   0.4   0.2   0.2   0.2   0.5   0.3   0.3   0.3   0.4   0.4   0.3   0.1   0.2   0.3   0.4   0.3   0.2   0.3   0.2   0.3   0.2   0.2   0.4   0.4   0.3   0.2   0.2   0.3   0.5   0.3   0.3   0.3   0.2   0.4   0.4   0.2   0.4   0.3   0.2   0.2   0.2   0.2   0.3   0.3   0.4   0.4   0.2   0.2   0.3   0.3   0.2   0.3   0.4   0.2   0.3   0.4   0.4   0.3   0.5   0.3   0.2   0.2   0.4   0.4   0.3   0.1   0.5   0.4   0.3   0.3   0.5   0.3   0.3   0.4   0.3   0.2   0.4   0.5   0.5   0.4   0.4   0.4   0.3   0.3   0.3   0.3   0.3   0.3   0.4   0.3   0.2   0.5   0.2   0.3   0.4   0.3   0.1   0.4   0.3   0.2   0.3   0.7   0.2   0.2   0.3   0.5   0.4   0.3   0.3   0.3   0.5   0.4   0.3   0.3   0.4   0.3   0.2   0.2   0.3   0.2   0.4   0.5   0.4   0.3   0.3 
B: 26.4 21.1 24.0 21.7 25.5 29.9 19.6 21.8 17.8 24.0 22.3 28.9 23.4 25.2 20.3 28.4 24.6 23.0 25.4 24.7 24.0 23.0 26.0 23.6 28.7 22.8 25.0 27.7 27.2 27.2 24.3 21.4 26.0 26.3 26.7 26.6 29.6 22.1 26.5 25.7 27.8 27.6 24.3 26.3 28.6 19.1 27.4 23.7 26.5 26.0 25.5 24.6 22.4 30.2 22.3 23.4 20.3 25.8 30.6 30.3 24.5 28.2 25.6 24.4 23.9 29.1 28.5 23.5 28.4 27.1 26.9 24.2 24.9 26.8 23.0 28.9 20.4 22.7 27.8 23.7 26.6 23.8 25.1 23.0 24.2 28.6 27.0 24.2 24.7 25.7 21.8 30.0 23.1 27.8 23.6 29.3 28.3 24.4 27.3 31.2 24.6 27.5 23.0 25.0 27.1 29.0 27.1 25.7 25.5 23.8 22.6 25.1 27.9 26.6 24.0 30.0 26.5 27.5 26.8 28.4 28.3 27.6 32.6 28.0 31.9 27.0 28.1 28.5 31.0 25.2 26.4 28.2 28.5 27.9 25.3 20.8 26.5 21.7 27.8 29.6 25.5 27.1 22.4 25.5 28.1 22.3 27.6 23.6 25.8 24.2 23.7 27.7 29.6 27.5 27.5 27.1 23.8 26.5 22.7 27.4 24.3 29.1 26.2 28.9 27.5 26.0 27.8 29.1 32.1 29.0 25.9 24.4 28.0 30.0 26.9 26.5 28.4 36.1 22.8 22.1 29.1 27.0 26.5 24.0 22.1 26.3 28.0 27.8 26.5 28.4 28.5 29.0 30.6 24.5 28.4 26.3 28.4 26.8 29.3 29.4 
Direction:  n n n n n n n n n n n n n n n n n n n n n n n n n n n n n n n n n n n n n n n n n n n n n n n n n n n n n n n n n n n n n n n n n n n n n n n n n n n n n n n n n n n n n n n n n n n n n n n n n n n n n n n n n n n n n n n n n n n n n n n n n n n n n n n n n n n n n n n n n n n n n n n n n n n n n n n n n n n n n n n n n n n n n n n n n n n n n n n n n n n n n n n n n n n n n n n n n n n n n n n n

54.3: Count:   0.2 (  0.1) A:  11.6 [10-19] B:  25.1 [10-43] Phase: 88 (20.81) Direction:  {60 120}Phase: 151 (15.44) Direction:  nPhase: 151 (18.60) Direction:  nPhase: 151 (19.97) Direction:  nPhase: 152 (19.97) Direction:  nPhase: 151 (20.70) Direction:  nPhase: 152 (20.51) Direction:  nPhase: 152 (20.50) Direction:  n
Phase: {0,0,0,0,0,0,0,0,0,0,0,0,0,0,0,0,0,0,0,0,0,0,0,0,0,0,0,0,0,0,0,0,0,0,0,0,0,0,0,0,0,0,5,0,0,0,15,0,2,2,0,0,13,32,24,27,1,26,11,5,16,45,7,52,66,24,65,79,58,78,76,57,122,126,93,130,66,113,102,256,147,127,120,196,152,159,147,198,186,148,217,139,215,211,183,175,204,166,95,105,80,100,97,67,106,113,33,66,50,44,33,98,43,68,50,58,37,61,54,27,63,62,88,36,72,58,73,99,55,46,57,59,55,51,92,150,103,77,130,95,62,164,153,200,153,44,180,136,223,129,153,273,271,182,162,211,90,182,176,125,160,114,159,112,93,139,59,67,10,135,22,118,26,29,18,44,51,0,11,26,45,20,0,0,11,0,0,0,0,0,0,20,0,0,0,20,0,1,0,0,0,0,13,0,0,13,0,0,0,0,0,0,0,0,0,0,0,0,0,0,0,0,0,0,0,0,0,0,0,0,0,0,0,0,0,0,0,0,0,0,0,0,0,0,0,0,0,0,0,0,0,0,0,0,0,0,0,0,0,0,0,0,0,0,0,0,0,0,0,0,0,0,0,0,0,0,0,0,0,0,0,0,0,0,0,0,0,0,0,0,0,0,0,0,0,0,0,0,0,0,0,0,0,0,0,0,0,0,0,0,0,0,0,0,0,0,0,0,0,0,0,0,0,0,0,0,0,0,0,0,0,0,0,0,0,0,0,0,0,0,0,0,0,0,0,0,0,0,0,0,0,0,0,0,0,0,0,0,0,0}
Count:   0.1   0.3   0.1   0.1   0.1   0.1   0.0   0.1   0.1   0.0   0.0   0.2   0.1   0.1   0.1   0.1   0.3   0.0   0.1   0.2   0.3   0.3   0.2   0.1   0.2   0.1   0.2   0.3   0.1   0.1   0.1   0.1   0.1   0.1   0.2   0.2   0.3   0.3   0.1   0.2   0.5   0.3   0.4   0.2   0.0   0.1   0.4   0.3   0.3   0.4   0.2   0.4   0.3   0.2   0.2   0.3   0.1   0.3   0.0   0.1   0.2   0.2   0.2   0.3   0.3   0.1   0.2   0.3   0.4   0.3   0.5   0.2   0.3   0.3   0.2   0.3   0.2   0.2   0.2   0.3   0.1   0.2   0.3   0.3   0.4   0.1   0.1   0.2   0.4   0.3   0.3   0.2   0.1   0.1   0.3   0.1   0.3   0.5   0.2   0.3   0.2   0.2   0.1   0.1   0.3   0.2   0.2   0.1   0.3   0.2   0.1   0.5   0.2   0.3   0.1   0.2   0.2   0.2   0.1   0.2   0.1   0.1   0.1   0.3   0.2   0.2   0.4   0.3   0.1   0.1   0.2   0.2   0.4   0.3   0.1   0.2   0.2   0.3   0.4   0.1   0.3   0.4   0.2   0.4   0.1   0.4   0.2   0.3   0.2   0.2   0.1   0.2   0.2   0.2   0.4   0.2   0.2   0.2   0.2   0.3   0.2   0.4   0.2   0.4   0.3   0.2   0.5   0.3   0.3   0.4   0.2   0.1   0.3   0.1   0.2   0.2   0.3   0.2   0.1   0.1   0.4   0.3   0.2   0.2   0.2   0.4   0.2   0.2   0.4   0.5   0.2   0.2   0.2   0.2   0.2   0.3   0.4   0.2   0.3   0.2 
B: 27.8 17.8 20.5 24.3 20.7 24.1 17.5 22.4 19.2 18.0 23.5 26.3 31.6 30.0 20.0 20.2 24.2 23.0 21.8 23.3 22.5 23.4 25.1 25.5 26.4 25.9 22.9 28.0 16.7 28.4 26.9 21.8 22.5 22.3 22.4 25.1 27.7 25.7 22.1 23.6 21.7 22.3 23.5 26.1 20.5 26.1 23.7 22.7 24.0 23.5 24.4 28.0 21.8 27.8 25.1 21.5 23.8 21.6 24.3 27.2 22.2 21.7 31.1 22.7 23.4 23.5 28.6 25.7 25.4 29.5 24.6 18.6 26.3 25.5 26.9 26.1 22.0 29.1 24.6 23.2 23.7 24.4 22.5 23.6 24.7 29.5 32.4 24.0 24.1 26.6 24.4 25.0 25.0 29.5 24.9 27.0 25.7 24.8 23.8 26.4 24.5 23.5 27.5 24.7 22.6 28.7 27.3 25.6 27.1 22.5 26.5 24.1 24.3 26.5 24.2 25.9 24.2 24.4 20.4 29.2 22.8 28.3 25.6 27.4 29.6 24.0 25.0 24.5 24.5 23.6 31.0 27.7 28.5 23.0 22.8 29.4 24.2 29.1 24.7 25.7 26.0 28.0 29.4 26.3 24.0 29.1 27.3 23.3 21.7 24.8 23.6 23.7 24.6 27.3 25.2 31.1 25.2 20.4 28.8 29.3 26.3 22.5 25.6 29.5 22.6 23.9 23.8 24.1 25.0 23.0 29.2 21.8 23.2 22.0 25.0 23.6 22.1 22.9 28.6 25.0 27.0 22.9 27.1 24.6 24.0 29.5 25.9 25.9 22.3 25.6 25.0 25.8 23.8 20.0 27.0 26.8 28.8 20.2 25.6 26.8 
Direction:  n n n n n n n n n n n n n n n n n n n n n n n n n n n n n n n n n n n n n n n n n n n n n n n n n n n n n n n n n n n n n n n n n n n n n n n n n n n n n n n n n n n n n n n n n n n n n n n n n n n n n n n n n n n n n n n n n n n n n n n n n n n n n n n n n n n n n n n n n n n n n n n n n n n n n n n n n n n n n n n n n n n n n n n n n n n n n n n n n n n n n n n n n n n n n n n n n n n n n n n n

54.4: Count:   0.2 (  0.1) A:  11.7 [10-20] B:  24.5 [10-43] Phase: 87 (20.89) Direction:  {59 121}Phase: 150 (16.02) Direction:  nPhase: 76 (21.82) Direction:  {48 132}Phase: 80 (20.53) Direction:  {52 128}Phase: 81 (20.96) Direction:  {53 127}Phase: 80 (20.99) Direction:  {52 128}Phase: 79 (20.36) Direction:  {51 129}Phase: 90 (19.58) Direction:  {62 118}
Phase: {0,0,0,0,0,0,0,0,0,0,0,0,0,0,0,0,0,0,0,0,0,0,0,0,0,0,0,0,0,0,0,0,0,0,0,0,0,0,0,0,0,0,1,0,0,0,0,0,0,13,0,0,7,0,0,10,7,6,29,29,14,1,20,49,30,18,46,47,92,66,71,24,51,97,89,123,154,130,120,195,173,175,69,139,182,110,212,125,143,156,236,158,180,149,154,145,187,102,115,36,63,118,49,41,52,138,25,70,63,17,79,34,37,40,48,63,62,15,67,32,28,59,58,24,51,40,9,52,89,72,84,49,115,78,19,118,95,49,147,76,136,142,102,106,123,135,83,139,165,68,180,183,249,178,169,149,117,144,70,97,165,103,106,80,49,98,23,33,34,47,58,87,40,36,6,9,5,13,0,0,14,0,1,15,0,0,11,5,0,11,0,0,0,2,0,0,0,0,0,0,0,0,0,0,0,0,0,0,0,0,0,0,0,0,0,0,0,0,0,0,0,0,0,0,0,0,0,0,0,0,0,0,0,0,0,0,0,0,0,0,0,0,0,0,0,0,0,0,0,0,0,0,0,0,0,0,0,0,0,0,0,0,0,0,0,0,0,0,0,0,0,0,0,0,0,0,0,0,0,0,0,0,0,0,0,0,0,0,0,0,0,0,0,0,0,0,0,0,0,0,0,0,0,0,0,0,0,0,0,0,0,0,0,0,0,0,0,0,0,0,0,0,0,0,0,0,0,0,0,0,0,0,0,0,0,0,0,0,0,0,0,0,0,0,0,0,0,0,0,0,0,0,0,0,0,0,0,0,0,0}
Count:   0.2   0.1   0.1   0.2   0.2   0.1   0.2   0.3   0.0   0.1   0.2   0.2   0.1   0.2   0.1   0.1   0.0   0.0   0.0   0.1   0.3   0.3   0.0   0.1   0.1   0.1   0.1   0.2   0.1   0.1   0.0   0.1   0.1   0.3   0.3   0.2   0.2   0.2   0.2   0.2   0.1   0.3   0.0   0.2   0.3   0.1   0.1   0.0   0.4   0.2   0.2   0.1   0.2   0.2   0.1   0.2   0.1   0.0   0.1   0.3   0.5   0.1   0.2   0.2   0.1   0.5   0.1   0.1   0.4   0.3   0.2   0.4   0.1   0.2   0.4   0.4   0.0   0.1   0.2   0.2   0.2   0.1   0.3   0.3   0.2   0.1   0.4   0.1   0.1   0.1   0.1   0.3   0.1   0.2   0.2   0.2   0.1   0.0   0.2   0.3   0.3   0.1   0.2   0.5   0.2   0.2   0.1   0.1   0.2   0.3   0.0   0.2   0.0   0.2   0.0   0.1   0.2   0.0   0.1   0.1   0.1   0.2   0.2   0.1   0.2   0.1   0.4   0.1   0.2   0.3   0.2   0.1   0.1   0.3   0.2   0.2   0.1   0.2   0.1   0.3   0.1   0.0   0.0   0.3   0.1   0.2   0.1   0.3   0.2   0.3   0.2   0.1   0.2   0.2   0.4   0.1   0.1   0.2   0.3   0.3   0.3   0.2   0.3   0.2   0.3   0.2   0.2   0.3   0.2   0.2   0.3   0.1   0.3   0.2   0.3   0.2   0.2   0.3   0.2   0.3   0.2   0.2   0.2   0.2   0.1   0.3   0.3   0.2   0.2   0.3   0.2   0.1   0.3   0.2   0.2   0.4   0.3   0.1   0.6   0.1 
B: 16.8 22.4 16.9 26.1 21.8 28.5 20.0 17.8 20.0 22.7 22.4 21.9 18.7 22.3 19.3 19.1 28.0 28.0 25.0 19.1 20.1 24.9 19.0 23.0 21.5 27.0 19.6 27.5 23.7 20.6 23.3 22.1 23.2 24.5 24.6 23.4 23.2 22.8 23.2 25.5 28.2 24.1 25.0 23.7 25.5 20.8 21.6 22.6 22.5 26.5 27.1 25.0 23.0 28.2 26.0 25.9 22.4 27.5 26.5 22.3 23.6 29.0 21.6 20.4 21.0 23.8 20.4 24.8 23.2 22.6 22.4 24.3 22.4 25.2 23.0 25.8 22.0 20.2 22.6 25.0 23.7 25.1 22.5 25.7 24.8 31.1 27.4 24.3 26.0 24.8 20.6 23.9 21.9 23.2 25.2 20.8 23.4 26.0 22.7 25.8 23.0 24.5 21.8 22.2 20.3 21.6 25.0 33.2 22.5 24.0 20.0 25.7 34.5 21.9 * 19.4 22.7 27.0 23.5 24.5 19.0 22.2 27.4 26.0 26.3 30.5 23.6 32.8 26.0 26.2 24.3 29.2 24.5 25.8 25.0 26.9 31.9 24.3 23.2 27.6 36.0 33.0 30.8 27.4 31.3 24.2 29.2 26.7 26.7 24.6 28.6 26.1 28.6 18.7 21.6 23.0 25.5 22.3 25.3 25.4 27.5 28.8 25.0 25.6 26.3 25.2 28.4 25.6 23.2 23.6 26.9 27.5 29.2 22.7 26.5 21.3 24.7 25.6 29.5 26.1 25.8 23.6 24.5 22.4 24.3 24.5 25.8 24.4 20.9 26.7 28.3 25.8 26.3 21.8 25.8 24.0 29.3 21.6 25.8 27.1 
Direction:  n n n n n n n n n n n n n n n n n n n n n n n n n n n n n n n n n n n n n n n n n n n n n n n n n n n n n n n n n n n n n n n n n n n n n n n n n n n n n n n n n n n n n n n n n n n n n n n n n n n n n n n n n n n n n n n n n n*  n n n n n n n n n n n n n n n n n n n n n n n n n n n n n n n n n n n n n n n n n n n n n n n n n n n n n n n n n n n n n n n n n n n n n n n n n n n n n n n n n n n n n

54.5: Count:   0.2 (  0.1) A:  11.6 [10-18] B:  23.4 [10-41] Phase: 85 (16.08) Direction:  {56 124}Phase: 90 (15.91) Direction:  {62 118}Phase: 90 (14.10) Direction:  {62 118}Phase: 90 (13.26) Direction:  {62 118}Phase: 83 (12.69) Direction:  {54 126}Phase: 83 (12.14) Direction:  {54 126}Phase: 86 (12.04) Direction:  {58 122}Phase: 86 (11.13) Direction:  {58 122}
Phase: {0,0,0,0,0,0,0,0,0,0,0,0,0,0,0,0,0,0,0,0,0,0,0,0,0,0,0,0,0,0,0,0,0,0,0,0,0,0,0,0,0,0,0,0,0,15,0,0,0,0,15,0,26,4,0,7,24,11,0,9,11,22,57,33,9,40,45,58,12,38,62,80,132,55,97,51,99,100,158,137,134,115,94,330,188,191,139,113,131,108,316,75,130,183,202,160,89,98,100,61,106,86,51,46,74,60,20,61,33,30,51,35,0,13,30,1,27,29,48,16,15,44,21,81,7,88,8,23,64,41,41,78,165,75,48,175,22,120,97,61,132,112,102,133,108,176,140,108,109,170,163,192,142,222,74,71,133,56,100,80,27,118,54,77,62,14,16,16,33,53,20,28,11,5,13,9,9,0,0,0,0,0,0,0,0,0,0,0,0,0,0,0,6,0,0,0,0,0,0,0,0,0,0,0,0,0,0,0,0,0,0,0,0,0,0,0,0,0,0,0,0,0,0,0,0,0,0,0,0,0,0,0,0,0,0,0,0,0,0,0,0,0,0,0,0,0,0,0,0,0,0,0,0,0,0,0,0,0,0,0,0,0,0,0,0,0,0,0,0,0,0,0,0,0,0,0,0,0,0,0,0,0,0,0,0,0,0,0,0,0,0,0,0,0,0,0,0,0,0,0,0,0,0,0,0,0,0,0,0,0,0,0,0,0,0,0,0,0,0,0,0,0,0,0,0,0,0,0,0,0,0,0,0,0,0,0,0,0,0,0,0,0,0,0,0,0,0,0,0,0,0,0,0,0,0,0,0,0,0,0}
Count:   0.1   0.0   0.0   0.1   0.2   0.0   0.3   0.1   0.0   0.1   0.2   0.1   0.1   0.1   0.1   0.1   0.1   0.1   0.1   0.1   0.2   0.4   0.0   0.2   0.1   0.1   0.2   0.1   0.2   0.1   0.0   0.0   0.1   0.2   0.2   0.3   0.1   0.1   0.3   0.2   0.1   0.3   0.1   0.3   0.3   0.0   0.2   0.1   0.3   0.2   0.4   0.1   0.1   0.1   0.2   0.2   0.1   0.1   0.1   0.2   0.5   0.1   0.2   0.2   0.1   0.2   0.1   0.1   0.2   0.2   0.1   0.5   0.1   0.4   0.2   0.3   0.0   0.2   0.1   0.2   0.2   0.2   0.1   0.2   0.1   0.1   0.3   0.1   0.0   0.0   0.1   0.2   0.1   0.1   0.3   0.2   0.0   0.0   0.2   0.2   0.1   0.0   0.1   0.4   0.1   0.1   0.1   0.1   0.2   0.2   0.0   0.3   0.1   0.3   0.0   0.1   0.2   0.0   0.1   0.1   0.2   0.1   0.1   0.1   0.1   0.1   0.3   0.0   0.1   0.2   0.1   0.1   0.1   0.2   0.2   0.2   0.1   0.1   0.1   0.2   0.1   0.1   0.1   0.4   0.2   0.2   0.2   0.2   0.3   0.3   0.2   0.1   0.2   0.1   0.5   0.1   0.2   0.2   0.3   0.3   0.3   0.2   0.2   0.2   0.2   0.2   0.2   0.2   0.1   0.3   0.2   0.1   0.2   0.2   0.2   0.1   0.2   0.3   0.1   0.2   0.1   0.1   0.1   0.2   0.2   0.3   0.2   0.1   0.2   0.3   0.2   0.1   0.2   0.1   0.2   0.3   0.2   0.1   0.5   0.1 
B: 20.3 21.0 23.5 24.4 20.9 19.0 21.1 21.9 * 19.8 23.0 19.7 26.4 26.8 20.4 19.5 28.0 28.1 22.0 21.3 21.4 22.6 20.0 21.2 22.3 24.7 21.5 31.7 23.7 17.5 23.8 25.1 19.4 24.0 24.6 21.4 20.8 27.6 24.7 24.2 23.3 21.6 23.3 23.5 22.0 17.7 23.1 19.0 23.8 25.1 21.7 24.4 21.5 22.5 22.5 21.3 24.2 24.7 23.4 19.9 23.4 23.5 24.5 23.6 19.0 24.2 24.2 29.6 19.6 22.3 22.5 22.5 23.6 23.7 25.9 21.7 18.6 24.8 22.1 23.4 24.4 22.0 20.7 25.5 21.2 18.8 23.2 23.5 24.0 24.5 23.6 20.8 21.6 25.5 20.1 24.5 21.3 24.0 19.7 24.4 19.6 * 22.4 23.1 29.8 27.6 17.2 25.7 22.0 24.8 20.5 26.0 23.0 22.7 * 30.9 19.8 * 26.1 21.1 22.8 34.7 21.5 25.7 27.1 26.5 24.5 30.0 17.5 21.0 28.0 24.7 18.5 25.3 24.2 25.9 27.4 27.0 28.8 25.5 14.0 22.0 15.2 24.4 21.6 24.0 28.3 27.0 24.5 25.2 26.3 23.6 28.0 19.7 23.2 21.2 23.7 27.8 22.7 21.9 21.5 21.8 25.8 23.0 23.7 26.5 27.4 25.2 25.1 23.7 25.2 21.3 25.3 22.8 23.2 21.0 22.8 20.1 29.9 23.0 23.6 22.8 17.4 18.9 21.2 24.7 23.2 24.5 22.4 23.7 21.1 26.1 23.5 24.6 22.8 24.3 21.5 15.3 25.5 25.5 
Direction:  n n n n n n n n*  n n n n n n n n n n n n n n n n n n n n n n n n n n n n n n n n n n n n n n n n n n n n n n n n n n n n n n n n n n n n n n n n n n n n n n n n n n n n n n n n n n n n n n n n n n n n*  n n n n n n n n n n n n*  n n*  n n n n n n n n n n n n n n n n n n n n n n n n n n n n n n n n n n n n n n n n n n n n n n n n n n n n n n n n n n n n n n n n n n n n n n n n n n n n n n n n n n

54.6: Count:   0.1 (  0.1) A:  11.5 [10-17] B:  22.6 [10-38] Phase: 99 (15.67) Direction:  {75 105}Phase: 84 (13.78) Direction:  {56 124}Phase: 85 ( 8.94) Direction:  {56 124}Phase: 76 ( 7.67) Direction:  {48 132}Phase: 84 ( 6.03) Direction:  {56 124}Phase: 90 ( 5.57) Direction:  {62 118}Phase: 84 ( 5.37) Direction:  {56 124}Phase: 89 ( 5.13) Direction:  {61 119}
Phase: {0,0,0,0,0,0,0,0,0,0,0,0,0,0,0,0,0,0,0,0,0,0,0,0,0,0,0,0,0,0,0,0,0,0,0,0,0,0,16,0,0,0,0,0,0,0,2,0,0,0,0,0,7,0,5,7,17,4,0,0,9,15,14,5,13,35,41,46,0,53,30,87,119,61,70,92,117,99,84,93,93,135,157,164,197,202,86,187,134,142,302,167,158,126,99,30,135,119,95,87,47,34,95,48,45,87,28,0,0,23,32,18,18,47,5,19,7,6,18,3,6,20,35,35,0,18,15,46,9,14,0,29,39,41,41,107,62,62,79,60,44,83,109,152,133,84,45,100,155,148,197,171,86,220,60,117,136,50,91,83,93,39,25,63,36,22,22,39,18,28,31,16,9,0,22,11,0,0,0,0,0,0,0,0,0,0,0,0,0,0,0,0,0,0,0,0,0,0,0,0,0,0,0,0,0,0,0,0,0,0,0,0,0,0,0,0,0,0,0,0,0,0,0,0,0,0,0,0,0,0,0,0,0,0,0,0,0,0,0,0,0,0,0,0,0,0,0,0,0,0,0,0,0,0,0,0,0,0,0,0,0,0,0,0,0,0,0,0,0,0,0,0,0,0,0,0,0,0,0,0,0,0,0,0,0,0,0,0,0,0,0,0,0,0,0,0,0,0,0,0,0,0,0,0,0,0,0,0,0,0,0,0,0,0,0,0,0,0,0,0,0,0,0,0,0,0,0,0,0,0,0,0,0,0,0,0,0,0,0,0,0,0,0,0,0,0,0,0,0,0,0,0,0,0,0,0,0,0,0,0}
Count:   0.0   0.0   0.0   0.2   0.1   0.0   0.2   0.1   0.0   0.0   0.1   0.0   0.0   0.1   0.1   0.0   0.1   0.1   0.1   0.1   0.1   0.3   0.0   0.2   0.1   0.1   0.1   0.1   0.2   0.0   0.0   0.0   0.1   0.3   0.2   0.2   0.1   0.1   0.2   0.2   0.1   0.2   0.1   0.2   0.2   0.0   0.1   0.2   0.3   0.2   0.3   0.0   0.2   0.2   0.1   0.1   0.0   0.1   0.1   0.1   0.4   0.1   0.2   0.2   0.1   0.1   0.2   0.0   0.1   0.3   0.2   0.4   0.1   0.2   0.2   0.2   0.1   0.2   0.0   0.3   0.1   0.1   0.2   0.1   0.1   0.0   0.2   0.2   0.1   0.0   0.1   0.2   0.0   0.2   0.3   0.0   0.1   0.1   0.1   0.2   0.1   0.0   0.2   0.3   0.0   0.1   0.0   0.0   0.2   0.2   0.0   0.3   0.1   0.2   0.1   0.0   0.1   0.0   0.1   0.1   0.1   0.1   0.0   0.1   0.2   0.1   0.1   0.0   0.0   0.3   0.1   0.1   0.2   0.3   0.2   0.3   0.1   0.1   0.0   0.2   0.0   0.0   0.1   0.2   0.2   0.2   0.1   0.3   0.2   0.3   0.2   0.1   0.1   0.0   0.4   0.1   0.2   0.2   0.2   0.2   0.2   0.1   0.2   0.2   0.1   0.2   0.1   0.2   0.1   0.3   0.2   0.1   0.2   0.1   0.2   0.1   0.2   0.3   0.1   0.2   0.2   0.2   0.1   0.0   0.1   0.2   0.2   0.1   0.2   0.3   0.1   0.1   0.2   0.1   0.3   0.3   0.3   0.1   0.5   0.2 
B: 21.0 * 23.0 20.8 17.1 23.0 19.6 19.5 23.0 21.0 23.2 23.0 25.5 17.9 22.1 21.0 25.0 26.5 14.1 20.6 22.6 21.4 * 21.9 21.3 20.0 23.5 17.3 22.3 19.1 22.1 22.0 20.3 21.5 24.5 23.1 18.6 21.0 21.4 19.5 22.5 21.3 26.1 23.3 21.1 19.1 19.9 20.5 22.6 25.2 22.9 25.0 22.5 22.9 24.6 22.5 27.0 22.1 21.3 24.9 24.1 21.8 23.4 23.5 23.2 24.0 22.0 18.0 24.6 21.6 22.8 22.4 22.0 23.6 22.5 21.5 17.6 21.8 28.0 24.8 24.5 24.0 21.3 21.1 23.8 19.0 22.0 20.9 22.0 * 18.6 22.5 25.2 20.6 22.2 16.0 18.7 22.6 24.4 21.6 19.4 21.0 23.1 22.4 * 24.2 26.0 23.0 21.4 22.3 21.0 22.9 20.0 24.1 15.0 * 23.5 * 19.0 18.3 20.7 24.3 22.0 23.8 22.7 25.5 25.9 27.0 19.0 20.8 28.8 22.7 22.3 23.2 23.3 25.4 24.4 23.0 21.0 21.3 * 23.5 24.0 22.8 26.6 23.7 24.5 22.7 26.4 25.8 24.0 21.7 26.3 24.0 21.4 17.0 22.0 23.4 23.4 21.2 22.9 19.1 23.2 22.5 22.3 23.0 21.4 22.8 21.7 22.2 20.3 24.7 22.6 25.6 23.1 19.6 25.2 23.0 20.0 20.4 21.6 23.4 21.1 26.0 23.5 22.5 23.0 24.0 22.3 24.2 22.5 22.2 24.8 25.1 19.4 22.7 24.6 19.7 23.9 24.2 
Direction:  n*  n n n n n n n n n n n n n n n n n n n n*  n n n n n n n n n n n n n n n n n n n n n n n n n n n n n n n n n n n n n n n n n n n n n n n n n n n n n n n n n n n n n n n n n n*  n n n n n n n n n n n n n n*  n n n n n n n n n n*  n*  n n n n n n n n n n n n n n n n n n n n n n*  n n n n n n n n n n n n n n n n n n n n n n n n n n n n n n n n n n n n n n n n n n n n n n n n n n n n n n n n n n n

54.7: Count:   0.1 (  0.1) A:  11.3 [10-16] B:  21.9 [10-36] Phase: 146 (13.66) Direction:  nPhase: 82 (11.14) Direction:  {53 127}Phase: 86 ( 5.60) Direction:  {57 123}Phase: 86 ( 4.52) Direction:  {57 123}Phase: 90 ( 5.93) Direction:  {62 118}Phase: 101 ( 6.09) Direction:  {81 99}Phase: 85 (12.44) Direction:  {56 124}Phase: 84 (11.58) Direction:  {55 125}
Phase: {0,0,0,0,0,0,0,0,0,0,0,0,0,0,0,0,0,0,0,0,0,0,0,0,0,0,0,0,0,0,0,0,0,0,0,0,0,0,0,0,0,0,0,0,0,0,15,0,0,0,5,0,0,13,0,4,0,7,27,16,11,15,11,28,10,13,26,10,70,30,53,30,102,75,58,41,58,116,50,77,126,75,46,116,254,151,122,92,99,45,150,37,141,82,54,83,85,75,96,78,49,75,7,18,18,32,9,25,40,7,15,16,14,16,33,19,12,13,15,15,18,19,13,10,33,24,0,10,48,30,12,21,44,69,37,36,59,33,59,98,89,67,45,138,141,84,87,51,55,108,108,51,93,99,58,32,101,57,101,45,27,68,11,58,13,26,13,9,16,4,2,9,15,0,24,0,0,0,0,0,0,13,0,0,9,0,0,0,0,0,0,0,0,0,0,0,0,0,0,0,0,0,0,0,0,0,0,0,0,0,0,0,0,0,0,0,0,0,0,0,0,0,0,0,0,0,0,0,0,0,0,0,0,0,0,0,0,0,0,0,0,0,0,0,0,0,0,0,0,0,0,0,0,0,0,0,0,0,0,0,0,0,0,0,0,0,0,0,0,0,0,0,0,0,0,0,0,0,0,0,0,0,0,0,0,0,0,0,0,0,0,0,0,0,0,0,0,0,0,0,0,0,0,0,0,0,0,0,0,0,0,0,0,0,0,0,0,0,0,0,0,0,0,0,0,0,0,0,0,0,0,0,0,0,0,0,0,0,0,0,0,0,0,0,0,0,0,0,0,0,0,0,0,0,0,0,0,0,0,0}
Count:   0.1   0.0   0.0   0.0   0.1   0.1   0.0   0.1   0.0   0.0   0.1   0.0   0.1   0.0   0.0   0.0   0.1   0.1   0.1   0.0   0.0   0.1   0.1   0.2   0.0   0.0   0.1   0.0   0.1   0.2   0.1   0.2   0.1   0.0   0.0   0.1   0.1   0.1   0.0   0.1   0.0   0.0   0.1   0.1   0.1   0.1   0.2   0.1   0.1   0.1   0.1   0.1   0.2   0.2   0.1   0.0   0.1   0.1   0.1   0.0   0.1   0.2   0.1   0.2   0.2   0.2   0.1   0.1   0.1   0.1   0.0   0.2   0.1   0.1   0.0   0.2   0.1   0.2   0.1   0.2   0.1   0.1   0.1   0.1   0.1   0.2   0.1   0.2   0.1   0.1   0.1   0.1   0.2   0.1   0.0   0.1   0.0   0.2   0.1   0.1   0.0   0.1   0.1   0.1   0.1   0.2   0.0   0.2   0.0   0.2   0.1   0.2   0.2   0.1   0.2   0.1   0.0   0.1   0.0   0.1   0.1   0.0   0.1   0.2   0.2   0.2   0.1   0.1   0.1   0.1   0.2   0.1   0.1   0.1   0.1   0.1   0.2   0.1   0.1   0.2   0.2   0.2   0.2   0.1   0.2   0.0   0.1   0.1   0.1   0.0   0.1   0.1   0.2   0.1   0.2   0.0   0.1   0.2   0.0   0.1   0.1   0.1   0.2   0.2   0.1   0.1   0.2   0.3   0.1   0.1   0.1   0.1   0.1   0.0   0.1   0.2   0.0   0.0   0.1   0.0   0.2   0.1   0.2   0.1   0.1   0.3   0.2   0.0   0.2   0.1   0.1   0.1   0.1   0.1   0.3   0.1   0.1   0.1   0.1   0.2 
B: 20.4 16.0 23.0 * 21.5 19.1 * 21.5 * * 20.0 12.0 21.7 21.0 19.0 16.0 21.7 22.5 22.0 21.0 20.0 21.3 22.6 24.6 24.0 22.0 21.4 20.8 14.1 20.5 22.6 21.1 22.1 20.0 18.9 20.0 24.5 20.6 15.7 30.0 25.8 22.8 22.1 21.1 19.4 19.7 22.6 15.4 21.0 22.7 20.3 19.8 19.8 19.0 19.1 16.5 19.2 21.7 25.1 29.5 24.6 24.4 24.3 21.0 20.3 21.1 22.7 25.0 17.5 20.5 18.5 22.6 19.1 23.2 23.0 21.7 23.6 23.4 23.4 22.6 20.4 20.7 19.2 20.4 18.5 18.3 19.0 23.3 21.9 23.5 22.0 21.5 24.2 20.1 25.5 18.0 * 24.3 20.0 20.5 19.8 21.3 24.5 23.8 21.8 21.9 26.0 23.4 22.4 26.0 22.9 24.9 18.1 20.5 22.0 23.3 24.0 19.5 27.0 25.8 23.3 21.0 21.0 18.0 23.0 20.5 25.6 21.8 22.0 20.3 23.2 20.5 24.5 21.0 24.0 23.6 25.0 26.4 18.7 19.4 23.2 20.7 24.8 20.8 23.8 14.5 19.2 23.0 21.0 20.6 20.5 22.0 17.5 20.4 19.3 31.0 26.0 22.5 22.6 18.7 25.0 22.4 21.3 18.0 24.5 16.1 20.6 22.3 23.1 21.8 25.4 23.2 27.3 24.0 20.7 22.5 29.4 * 22.8 23.0 24.2 22.5 23.0 21.5 22.1 24.0 26.7 17.0 25.5 22.8 19.7 24.5 23.3 21.4 24.2 18.1 18.8 23.2 23.9 22.6 
Direction:  n n n*  n n*  n* *  n n n n n n n n n n n n n n n n n n n n n n n n n n n n n n n n n n n n n n n n n n n n n n n n n n n n n n n n n n n n n n n n n n n n n n n n n n n n n n n n n n n n n n*  n n n n n n n n n n n n n n n n n n n n n n n n n n n n n n n n n n n n n n n n n n n n n n n n n n n n n n n n n n n n n n n n n n n n n n n n n n n n n n n n*  n n n n n n n n n n n n n n n n n n n n n n

54.8: Count:   0.1 (  0.1) A:  11.2 [10-17] B:  21.3 [10-33] Phase: 143 (16.17) Direction:  nPhase: 85 (15.05) Direction:  {56 124}Phase: 85 (10.01) Direction:  {56 124}Phase: 90 (11.49) Direction:  {61 119}Phase: 82 (11.13) Direction:  {53 127}Phase: 82 (11.65) Direction:  {53 127}Phase: 79 (10.76) Direction:  {51 129}Phase: 90 (10.45) Direction:  {61 119}
Phase: {0,0,0,0,0,0,0,0,0,0,0,0,0,0,0,0,0,0,0,0,15,0,5,0,0,0,0,0,1,0,0,0,0,0,0,0,0,0,0,0,0,0,0,0,1,0,0,0,2,0,0,0,13,5,0,0,7,0,15,0,4,3,7,27,44,24,17,27,32,21,27,38,69,40,77,51,46,40,70,107,38,124,124,124,72,198,91,139,128,57,162,85,106,114,68,71,84,85,73,108,40,34,76,42,63,6,14,35,22,39,1,35,18,20,15,32,9,0,15,5,22,13,16,41,32,30,25,58,67,52,25,31,29,56,38,66,31,49,30,129,153,32,73,121,69,119,69,58,49,78,88,57,43,63,45,27,82,8,100,27,17,46,16,4,0,24,8,24,0,5,15,4,0,15,0,0,0,0,0,0,11,0,0,0,0,0,2,0,0,0,0,0,0,0,0,0,0,0,0,0,0,0,0,0,0,0,0,0,0,0,0,0,0,0,0,0,0,0,0,0,0,0,0,0,0,0,0,0,0,0,0,0,0,0,0,0,0,0,0,0,0,0,0,0,0,0,0,0,0,0,0,0,0,0,0,0,0,0,0,0,0,0,0,0,0,0,0,0,0,0,0,0,0,0,0,0,0,0,0,0,0,0,0,0,0,0,0,0,0,0,0,0,0,0,0,0,0,0,0,0,0,0,0,0,0,0,0,0,0,0,0,0,0,0,0,0,0,0,0,0,0,0,0,0,0,0,0,0,0,0,0,0,0,0,0,0,0,0,0,0,0,0,0,0,0,0,0,0,0,0,0,0,0,0,0,0,0,0,0,0}
Count:   0.1   0.0   0.0   0.0   0.0   0.1   0.0   0.0   0.1   0.0   0.1   0.0   0.0   0.0   0.0   0.0   0.1   0.2   0.1   0.0   0.0   0.2   0.2   0.3   0.1   0.1   0.1   0.0   0.1   0.2   0.0   0.2   0.0   0.0   0.1   0.1   0.1   0.0   0.0   0.1   0.0   0.0   0.0   0.0   0.0   0.1   0.1   0.0   0.1   0.2   0.1   0.2   0.2   0.1   0.1   0.0   0.1   0.1   0.1   0.0   0.1   0.0   0.1   0.1   0.1   0.1   0.0   0.1   0.0   0.1   0.0   0.2   0.2   0.1   0.0   0.2   0.1   0.2   0.3   0.1   0.1   0.1   0.1   0.1   0.1   0.1   0.1   0.1   0.1   0.1   0.1   0.1   0.1   0.1   0.1   0.1   0.0   0.2   0.1   0.1   0.0   0.0   0.3   0.1   0.1   0.0   0.1   0.1   0.0   0.0   0.1   0.3   0.1   0.1   0.2   0.1   0.0   0.1   0.0   0.1   0.1   0.1   0.2   0.1   0.1   0.2   0.1   0.2   0.1   0.1   0.1   0.2   0.1   0.1   0.1   0.1   0.2   0.2   0.1   0.2   0.3   0.2   0.1   0.1   0.1   0.0   0.0   0.1   0.1   0.0   0.1   0.1   0.1   0.1   0.1   0.0   0.2   0.2   0.0   0.1   0.0   0.2   0.2   0.1   0.1   0.0   0.1   0.1   0.1   0.1   0.1   0.1   0.1   0.1   0.1   0.2   0.0   0.0   0.2   0.0   0.2   0.0   0.1   0.1   0.1   0.2   0.2   0.1   0.2   0.2   0.1   0.2   0.1   0.1   0.3   0.2   0.2   0.0   0.0   0.2 
B: 17.7 * 19.8 20.2 21.5 21.6 * 24.0 22.6 26.0 21.0 * 18.0 24.0 * 17.0 21.7 18.6 22.0 17.0 20.0 19.2 21.8 21.0 16.4 20.2 21.1 20.0 15.0 19.5 24.6 20.0 26.0 21.1 22.1 19.6 20.0 19.8 22.1 21.6 22.2 19.9 24.1 20.2 26.0 21.0 22.1 18.0 19.6 24.9 18.0 22.4 22.0 23.3 17.0 23.0 22.2 21.0 21.1 19.0 19.7 24.0 20.2 25.6 19.2 22.9 22.0 25.5 24.7 21.8 18.0 19.8 21.5 20.6 19.0 20.7 20.6 19.4 21.0 23.1 18.9 22.9 20.8 24.0 17.5 19.8 22.0 22.0 19.6 19.8 22.4 24.1 23.6 21.9 18.3 23.5 16.0 23.0 16.8 22.0 * 17.0 20.6 21.2 22.0 21.5 22.0 17.6 18.7 20.0 19.7 21.3 19.4 18.5 22.8 20.5 21.5 18.6 22.0 21.9 16.7 20.4 21.0 16.0 23.0 19.0 23.4 22.3 22.7 18.7 18.4 22.2 18.8 26.0 22.4 21.5 22.3 24.8 18.5 23.5 23.0 24.2 25.1 23.2 29.5 13.0 * 19.2 22.2 18.5 18.2 23.8 24.1 19.5 21.2 25.5 20.2 22.2 24.0 14.9 19.6 21.7 20.1 20.1 22.7 25.7 21.3 21.7 22.5 24.6 17.7 20.7 27.5 20.2 21.8 22.5 19.0 20.0 20.8 21.0 17.9 23.0 20.3 21.8 18.6 23.8 22.6 21.0 23.3 21.3 20.4 20.7 18.7 21.2 21.9 20.8 20.3 22.4 22.2 22.4 
Direction:  n*  n n n n*  n n n n*  n n*  n n n n n n n n n n n n n n n n n n n n n n n n n n n n n n n n n n n n n n n n n n n n n n n n n n n n n n n n n n n n n n n n n n n n n n n n n n n n n n n n n n n n n*  n n n n n n n n n n n n n n n n n n n n n n n n n n n n n n n n n n n n n n n n n n n n n*  n n n n n n n n n n n n n n n n n n n n n n n n n n n n n n n n n n n n n n n n n n n n n n n n n n n n n

54.9: Count:   0.1 (  0.1) A:  11.1 [10-16] B:  21.2 [10-32] Phase: 141 (16.67) Direction:  nPhase: 90 (14.81) Direction:  {61 119}Phase: 88 (11.97) Direction:  {59 121}Phase: 88 (11.80) Direction:  {59 121}Phase: 88 (17.05) Direction:  {59 121}Phase: 116 (23.08) Direction:  nPhase: 103 (20.93) Direction:  nPhase: 96 (18.54) Direction:  {69 111}
Phase: {0,0,0,0,0,0,0,0,0,0,0,0,0,0,0,0,0,0,0,0,0,0,0,0,0,0,0,0,0,0,0,0,0,0,0,0,0,0,0,0,0,1,0,0,0,0,0,0,0,0,15,0,0,0,0,0,9,0,14,4,0,0,0,0,1,7,0,24,0,21,16,17,18,51,9,20,30,37,51,117,147,57,134,105,100,46,78,64,207,19,142,67,124,89,128,50,55,81,49,112,33,46,44,33,31,2,42,0,9,46,12,13,24,0,9,4,0,43,5,14,51,3,13,17,13,13,0,5,7,48,62,78,18,81,56,52,24,105,69,99,23,75,61,74,107,23,65,47,49,62,82,26,35,60,29,42,17,16,45,45,18,23,39,15,8,0,9,5,29,20,0,0,0,0,7,5,0,0,0,1,0,0,0,0,0,0,0,0,0,0,0,0,0,0,0,0,0,0,0,0,0,0,0,0,0,0,0,0,0,0,0,0,0,0,0,0,0,0,0,0,0,0,0,0,0,0,0,0,0,0,0,0,0,0,0,0,0,0,0,0,0,0,0,0,0,0,0,0,0,0,0,0,0,0,0,0,0,0,0,0,0,0,0,0,0,0,0,0,0,0,0,0,0,0,0,0,0,0,0,0,0,0,0,0,0,0,0,0,0,0,0,0,0,0,0,0,0,0,0,0,0,0,0,0,0,0,0,0,0,0,0,0,0,0,0,0,0,0,0,0,0,0,0,0,0,0,0,0,0,0,0,0,0,0,0,0,0,0,0,0,0,0,0,0,0,0,0,0,0,0,0,0,0,0,0,0,0,0,0,0}
Count:   0.1   0.0   0.0   0.0   0.1   0.0   0.1   0.0   0.0   0.0   0.0   0.0   0.0   0.1   0.0   0.0   0.1   0.1   0.0   0.0   0.0   0.2   0.1   0.2   0.0   0.2   0.1   0.0   0.0   0.0   0.0   0.3   0.0   0.0   0.0   0.1   0.1   0.0   0.0   0.2   0.0   0.1   0.1   0.1   0.0   0.0   0.1   0.0   0.1   0.1   0.0   0.0   0.2   0.1   0.0   0.0   0.1   0.2   0.1   0.0   0.1   0.1   0.1   0.1   0.1   0.2   0.0   0.1   0.1   0.0   0.0   0.1   0.1   0.1   0.0   0.1   0.0   0.1   0.2   0.1   0.1   0.1   0.2   0.1   0.0   0.1   0.0   0.1   0.1   0.0   0.1   0.1   0.1   0.0   0.2   0.1   0.0   0.2   0.0   0.1   0.0   0.1   0.2   0.1   0.1   0.1   0.1   0.2   0.0   0.0   0.0   0.3   0.1   0.1   0.2   0.2   0.0   0.0   0.0   0.1   0.0   0.1   0.2   0.1   0.1   0.1   0.0   0.2   0.1   0.0   0.2   0.0   0.1   0.0   0.0   0.1   0.1   0.1   0.1   0.1   0.3   0.2   0.1   0.1   0.1   0.0   0.0   0.0   0.2   0.0   0.1   0.2   0.1   0.1   0.0   0.0   0.1   0.1   0.0   0.1   0.0   0.2   0.1   0.1   0.1   0.0   0.0   0.3   0.0   0.1   0.1   0.1   0.1   0.1   0.2   0.1   0.0   0.0   0.2   0.0   0.1   0.1   0.2   0.1   0.0   0.2   0.2   0.0   0.2   0.0   0.0   0.2   0.0   0.1   0.2   0.1   0.1   0.0   0.1   0.1 
B: 21.4 * 18.0 18.0 20.0 22.0 16.0 16.0 22.0 23.0 19.0 * * 22.0 * 19.0 18.8 19.9 27.0 * 17.5 20.7 22.2 21.6 15.0 20.2 22.3 * 21.0 21.0 16.0 18.7 22.1 18.6 19.8 22.7 20.5 19.2 23.7 17.3 21.0 27.5 20.1 21.6 17.0 20.0 20.0 24.6 18.9 20.8 * 27.0 23.9 21.7 20.0 * 22.1 17.1 20.3 * 23.0 23.0 21.0 21.3 18.3 22.6 19.0 22.6 17.0 22.0 23.0 21.7 20.7 24.5 19.0 19.0 21.7 22.0 21.9 19.7 23.4 23.0 21.3 19.1 18.0 21.0 * 21.0 22.5 22.0 22.5 22.7 21.6 25.3 18.0 21.3 22.5 22.6 * 21.0 * 19.5 21.2 17.0 27.5 28.6 21.6 21.7 26.0 * * 21.8 25.1 18.3 23.3 18.5 18.7 21.0 23.0 21.6 22.0 17.7 20.3 17.0 20.2 25.6 21.5 22.3 22.0 17.5 22.6 * 24.2 * 26.0 20.1 21.0 18.0 18.2 26.0 22.8 24.0 22.0 22.3 20.0 * * 22.0 21.6 21.5 16.9 22.2 19.6 22.2 26.0 24.0 19.7 22.8 * 23.0 * 20.6 20.1 20.6 24.2 28.0 14.0 23.8 19.0 22.5 26.0 19.0 22.3 21.4 18.7 26.0 22.0 * 19.7 * 17.5 20.4 21.6 22.0 * 21.6 21.2 20.0 21.9 18.0 19.0 20.8 17.5 20.8 21.0 20.5 21.2 22.0 14.8 22.2 
Direction:  n*  n n n n n n n n n* *  n*  n n n n*  n n n n n n n*  n n n n n n n n n n n n n n n n n n n n n n*  n n n n*  n n n*  n n n n n n n n n n n n n n n n n n n n n n n n n n*  n n n n n n n n n n n*  n*  n n n n n n n n* *  n n n n n n n n n n n n n n n n n n n n*  n*  n n n n n n n n n n n* *  n n n n n n n n n n n*  n*  n n n n n n n n n n n n n n n n*  n*  n n n n*  n n n n n n n n n n n n n n n

55.0: Count:   0.1 (  0.1) A:  11.1 [10-16] B:  20.9 [10-33] Phase: 90 (17.48) Direction:  {61 119}Phase: 90 (15.59) Direction:  {61 119}Phase: 90 (11.91) Direction:  {61 119}Phase: 90 (12.09) Direction:  {61 119}Phase: 90 (10.21) Direction:  {61 119}Phase: 86 (10.96) Direction:  {57 123}Phase: 88 (12.08) Direction:  {59 121}Phase: 86 (12.03) Direction:  {57 123}
Phase: {0,0,0,0,0,0,0,0,0,0,0,0,0,0,0,0,0,7,0,0,0,0,0,0,0,0,0,0,0,0,0,0,0,0,0,0,0,0,0,0,0,0,0,0,0,0,0,0,0,0,0,6,0,0,0,7,0,0,0,0,0,0,0,13,0,13,11,25,30,28,16,16,7,13,37,28,36,47,22,105,90,78,112,49,108,128,87,91,94,44,154,110,74,115,122,60,85,34,64,64,15,59,49,30,40,17,7,27,13,5,30,20,0,0,26,1,10,1,16,13,6,9,23,7,15,19,16,16,11,8,52,16,36,68,20,57,87,109,84,50,69,95,83,127,73,62,78,85,79,114,87,49,91,81,81,35,44,9,38,15,24,28,21,36,13,10,19,11,0,0,11,0,9,0,0,13,0,0,0,0,0,0,0,0,0,0,0,0,0,0,0,0,0,0,0,0,0,0,0,0,0,0,0,0,0,0,0,0,0,0,0,0,0,0,0,0,0,0,0,0,0,0,0,0,0,0,0,0,0,0,0,0,0,0,0,0,0,0,0,0,0,0,0,0,0,0,0,0,0,0,0,0,0,0,0,0,0,0,0,0,0,0,0,0,0,0,0,0,0,0,0,0,0,0,0,0,0,0,0,0,0,0,0,0,0,0,0,0,0,0,0,0,0,0,0,0,0,0,0,0,0,0,0,0,0,0,0,0,0,0,0,0,0,0,0,0,0,0,0,0,0,0,0,0,0,0,0,0,0,0,0,0,0,0,0,0,0,0,0,0,0,0,0,0,0,0,0,0,0,0,0,0,0,0,0,0,0,0,0,0}
Count:   0.0   0.0   0.0   0.1   0.0   0.0   0.0   0.0   0.0   0.0   0.0   0.1   0.0   0.0   0.0   0.1   0.1   0.1   0.1   0.2   0.0   0.1   0.0   0.2   0.2   0.0   0.0   0.1   0.1   0.1   0.1   0.0   0.1   0.2   0.0   0.0   0.0   0.0   0.1   0.1   0.1   0.1   0.0   0.1   0.1   0.1   0.1   0.1   0.1   0.1   0.1   0.1   0.1   0.2   0.0   0.0   0.0   0.1   0.0   0.1   0.1   0.0   0.1   0.1   0.0   0.0   0.0   0.1   0.1   0.1   0.0   0.1   0.0   0.3   0.1   0.1   0.1   0.2   0.1   0.1   0.0   0.1   0.1   0.1   0.2   0.0   0.1   0.1   0.1   0.2   0.0   0.1   0.1   0.1   0.0   0.1   0.1   0.2   0.2   0.1   0.1   0.1   0.0   0.0   0.1   0.0   0.1   0.3   0.0   0.1   0.1   0.1   0.0   0.1   0.1   0.1   0.1   0.1   0.1   0.2   0.2   0.0   0.0   0.0   0.1   0.1   0.0   0.1   0.1   0.2   0.1   0.2   0.1   0.3   0.1   0.2   0.0   0.3   0.1   0.1   0.1   0.1   0.0   0.0   0.1   0.2   0.1   0.0   0.1   0.2   0.1   0.1   0.0   0.1   0.0   0.0   0.1   0.0   0.1   0.1   0.2   0.1   0.2   0.1   0.0   0.2   0.1   0.0   0.1   0.1   0.1   0.1   0.1   0.1   0.0   0.1   0.1   0.3   0.2   0.2   0.1   0.1   0.1   0.1   0.2   0.2   0.0   0.1   0.2   0.1   0.1   0.1   0.1   0.2   0.2   0.2   0.1   0.2   0.0   0.0 
B: 20.5 * * 20.1 18.0 27.0 * * 17.0 * * 20.0 * * * 19.6 16.4 15.7 19.4 16.7 * 23.8 * 23.1 22.2 17.7 * 18.2 17.2 24.0 18.7 21.5 20.0 22.0 * 24.5 20.5 26.0 17.0 20.6 25.3 22.0 13.0 22.0 19.2 15.6 20.0 20.8 18.7 23.9 23.6 19.4 18.2 20.2 * * 15.0 19.2 * 18.0 23.4 15.0 22.3 23.0 20.0 17.0 18.5 23.9 22.4 18.1 22.0 21.5 20.0 23.4 21.2 18.5 16.6 18.5 21.1 22.5 * 19.5 21.0 22.4 21.8 19.0 21.6 18.0 16.9 22.4 27.0 20.6 24.5 19.1 25.6 20.4 19.1 19.6 20.6 18.8 22.0 23.2 * 28.0 22.5 17.0 22.0 20.0 17.0 22.2 20.1 20.0 * 19.5 18.0 20.0 23.5 21.8 19.5 21.8 21.9 18.5 * 17.0 18.7 18.1 * 18.3 24.9 22.3 15.0 20.6 20.5 22.2 24.4 22.0 * 21.8 23.5 27.0 22.5 19.1 * 18.0 26.6 20.1 22.6 22.5 20.7 21.3 21.1 21.0 21.6 21.6 21.0 23.0 21.1 19.7 21.5 21.0 22.1 20.5 21.9 23.0 20.0 18.7 22.2 23.0 18.4 20.3 14.0 21.2 22.0 18.0 24.0 23.4 22.0 21.1 20.2 19.5 19.9 19.3 22.3 24.0 20.6 20.9 23.6 20.1 20.6 20.3 16.6 21.4 20.9 21.4 18.8 21.0 21.1 25.3 * * 
Direction:  n* *  n n n* *  n* *  n* * *  n n n n n*  n*  n n n*  n n n n n n n*  n n n n n n n n n n n n n n n n n n n* *  n n*  n n n n n n n n n n n n n n n n n n n n n*  n n n n n n n n n n n n n n n n n n n n n*  n n n n n n n n n*  n n n n n n n n n*  n n n*  n n n n n n n n n*  n n n n n*  n n n n n n n n n n n n n n n n n n n n n n n n n n n n n n n n n n n n n n n n n n n n n n n n n n n n n n n* * 

55.1: Count:   0.1 (  0.1) A:  11.0 [10-15] B:  20.3 [10-31] Phase: 86 (14.68) Direction:  {56 124}Phase: 92 (14.05) Direction:  {64 116}Phase: 90 (10.69) Direction:  {61 119}Phase: 86 (10.96) Direction:  {56 124}Phase: 86 (10.33) Direction:  {56 124}Phase: 90 (11.12) Direction:  {61 119}Phase: 90 (10.83) Direction:  {61 119}Phase: 90 ( 8.75) Direction:  {61 119}
Phase: {0,0,0,0,0,0,0,0,0,0,0,0,0,0,0,0,0,0,0,0,0,0,0,0,0,0,0,0,0,0,0,0,0,0,0,0,0,0,0,0,0,0,0,0,0,0,0,0,2,0,0,0,0,4,0,0,0,5,7,0,11,0,0,18,0,0,1,17,0,2,13,19,36,23,37,27,49,39,15,66,80,106,35,44,61,79,99,68,59,69,178,62,120,123,143,42,81,76,50,22,51,41,28,37,0,35,5,52,0,2,0,5,29,0,11,11,0,53,13,0,0,0,11,20,20,33,11,3,50,5,30,27,80,43,24,27,48,74,60,66,57,68,134,100,71,91,55,72,100,65,58,84,61,47,42,42,51,30,59,36,28,3,5,7,15,0,15,0,0,13,0,1,0,0,0,0,13,0,0,0,0,0,0,0,0,0,0,0,0,0,0,0,0,0,0,0,0,0,0,0,0,0,0,0,0,0,0,0,0,0,0,0,0,0,0,0,0,0,0,0,0,0,0,0,0,0,0,0,0,0,0,0,0,0,0,0,0,0,0,0,0,0,0,0,0,0,0,0,0,0,0,0,0,0,0,0,0,0,0,0,0,0,0,0,0,0,0,0,0,0,0,0,0,0,0,0,0,0,0,0,0,0,0,0,0,0,0,0,0,0,0,0,0,0,0,0,0,0,0,0,0,0,0,0,0,0,0,0,0,0,0,0,0,0,0,0,0,0,0,0,0,0,0,0,0,0,0,0,0,0,0,0,0,0,0,0,0,0,0,0,0,0,0,0,0,0,0,0,0,0,0,0,0,0,0,0,0,0,0,0}
Count:   0.1   0.0   0.0   0.0   0.0   0.0   0.0   0.0   0.0   0.0   0.0   0.1   0.0   0.0   0.0   0.0   0.0   0.0   0.1   0.1   0.0   0.1   0.2   0.1   0.1   0.0   0.0   0.1   0.0   0.1   0.1   0.0   0.2   0.1   0.0   0.1   0.1   0.0   0.0   0.1   0.2   0.0   0.0   0.0   0.1   0.1   0.2   0.0   0.1   0.1   0.1   0.0   0.1   0.1   0.0   0.0   0.0   0.0   0.0   0.0   0.1   0.0   0.1   0.1   0.1   0.0   0.0   0.0   0.0   0.0   0.0   0.1   0.1   0.2   0.0   0.2   0.0   0.2   0.1   0.0   0.0   0.1   0.1   0.1   0.0   0.0   0.1   0.1   0.1   0.1   0.0   0.1   0.1   0.1   0.0   0.1   0.1   0.0   0.2   0.2   0.1   0.1   0.1   0.0   0.2   0.1   0.1   0.2   0.0   0.1   0.1   0.2   0.0   0.1   0.0   0.0   0.1   0.1   0.2   0.1   0.1   0.0   0.0   0.2   0.0   0.0   0.0   0.1   0.1   0.1   0.0   0.1   0.1   0.2   0.1   0.1   0.1   0.3   0.2   0.1   0.0   0.0   0.0   0.1   0.1   0.0   0.1   0.0   0.1   0.2   0.1   0.1   0.0   0.2   0.0   0.0   0.1   0.1   0.0   0.0   0.2   0.0   0.1   0.1   0.1   0.1   0.1   0.0   0.1   0.2   0.0   0.1   0.1   0.1   0.1   0.1   0.0   0.2   0.2   0.1   0.3   0.2   0.1   0.1   0.2   0.1   0.1   0.1   0.1   0.1   0.2   0.1   0.1   0.2   0.2   0.1   0.1   0.1   0.0   0.0 
B: 18.0 * * * 16.5 * 19.0 * * * * 20.5 * * * * * * 18.7 17.7 * 21.2 19.4 22.5 19.8 21.4 * 23.0 16.5 23.3 20.9 20.5 18.6 19.7 * 19.4 27.5 22.3 19.0 20.0 21.7 18.7 16.0 19.6 23.8 20.2 22.4 15.5 18.3 21.1 18.7 15.0 22.4 17.1 18.0 * 23.0 19.0 * 16.0 22.2 24.0 21.5 21.6 21.6 * * 19.0 15.5 * * 17.7 18.2 21.7 24.0 20.0 16.2 20.2 14.6 * * 20.2 19.7 18.3 22.0 18.0 22.3 16.3 22.5 22.8 13.7 23.5 20.4 23.2 22.3 24.0 24.0 * 15.8 20.0 20.0 17.2 21.0 19.0 24.0 21.0 21.1 21.1 22.0 20.0 17.3 18.6 * 23.0 * * 19.0 21.8 19.3 17.4 19.3 21.0 * 20.1 22.0 22.0 26.0 18.0 25.9 21.8 * 18.0 17.5 20.2 22.2 23.0 17.0 21.6 22.2 19.5 31.0 19.5 * 19.4 21.5 22.0 25.3 22.5 18.9 18.7 16.1 20.1 17.7 20.0 25.0 23.0 20.2 16.7 24.0 24.0 19.5 14.4 21.3 17.6 15.3 16.9 20.8 19.0 20.5 25.0 20.4 19.2 17.3 21.9 21.5 23.3 13.5 21.1 21.4 18.8 19.8 20.2 21.6 16.7 19.2 21.7 18.3 18.1 22.9 21.2 22.2 21.4 18.8 21.6 18.7 18.8 21.9 23.5 23.0 * 
Direction:  n* * *  n*  n* * * *  n* * * * * *  n n*  n n n n n*  n n n n n n n*  n n n n n n n n n n n n n n n n n n n n*  n n*  n n n n n n* *  n n* *  n n n n n n n n* *  n n n n n n n n n n n n n n n n*  n n n n n n n n n n n n n n*  n* *  n n n n n n*  n n n n n n n*  n n n n n n n n n n n*  n n n n n n n n n n n n n n n n n n n n n n n n n n n n n n n n n n n n n n n n n n n n n n n n n n n n n n n n* 

55.2: Count:   0.1 (  0.1) A:  11.0 [10-15] B:  20.1 [10-29] Phase: 83 (17.89) Direction:  {54 126}Phase: 94 (12.19) Direction:  {65 115}Phase: 92 ( 9.09) Direction:  {63 117}Phase: 96 ( 8.76) Direction:  {68 112}Phase: 96 ( 9.65) Direction:  {68 112}Phase: 90 ( 9.02) Direction:  {61 119}Phase: 89 ( 7.99) Direction:  {60 120}Phase: 90 ( 7.67) Direction:  {61 119}
Phase: {0,0,0,0,0,0,0,0,0,0,0,0,0,0,0,0,0,0,0,0,0,0,0,0,0,0,0,0,0,0,0,0,0,0,0,0,0,0,0,0,0,0,0,0,0,0,0,0,0,0,0,0,0,0,0,0,0,0,5,0,0,13,0,7,0,6,13,26,5,10,0,28,14,7,16,89,9,52,32,49,46,29,84,64,45,57,35,26,64,106,111,22,57,68,84,74,95,76,22,67,73,55,34,38,10,36,0,24,30,39,11,27,27,0,0,5,24,0,5,20,12,7,28,11,15,6,22,26,13,80,24,28,47,48,30,64,34,47,56,59,41,36,63,68,75,87,52,25,88,16,29,5,31,70,28,36,48,0,0,11,56,32,28,18,9,17,0,20,7,0,0,22,11,0,0,11,0,0,0,0,0,0,0,0,0,0,0,0,0,0,0,0,0,0,0,0,0,0,0,0,0,0,0,0,0,0,0,0,0,0,0,0,0,0,0,0,0,0,0,0,0,0,0,0,0,0,0,0,0,0,0,0,0,0,0,0,0,0,0,0,0,0,0,0,0,0,0,0,0,0,0,0,0,0,0,0,0,0,0,0,0,0,0,0,0,0,0,0,0,0,0,0,0,0,0,0,0,0,0,0,0,0,0,0,0,0,0,0,0,0,0,0,0,0,0,0,0,0,0,0,0,0,0,0,0,0,0,0,0,0,0,0,0,0,0,0,0,0,0,0,0,0,0,0,0,0,0,0,0,0,0,0,0,0,0,0,0,0,0,0,0,0,0,0,0,0,0,0,0,0,0,0,0,0,0,0,0,0,0,0}
Count:   0.1   0.0   0.0   0.0   0.0   0.0   0.0   0.0   0.0   0.0   0.0   0.1   0.0   0.0   0.0   0.0   0.0   0.0   0.1   0.1   0.0   0.0   0.1   0.1   0.1   0.0   0.0   0.0   0.0   0.1   0.0   0.0   0.2   0.1   0.0   0.1   0.2   0.0   0.0   0.1   0.1   0.1   0.1   0.1   0.0   0.1   0.1   0.0   0.1   0.1   0.1   0.0   0.1   0.0   0.0   0.0   0.0   0.0   0.0   0.1   0.2   0.0   0.1   0.1   0.1   0.0   0.0   0.0   0.0   0.0   0.0   0.1   0.1   0.2   0.0   0.1   0.1   0.2   0.0   0.0   0.0   0.0   0.1   0.0   0.0   0.1   0.1   0.1   0.1   0.1   0.0   0.1   0.1   0.0   0.0   0.1   0.1   0.1   0.1   0.2   0.0   0.0   0.1   0.0   0.2   0.0   0.1   0.2   0.0   0.1   0.0   0.1   0.0   0.0   0.1   0.0   0.0   0.1   0.2   0.0   0.2   0.0   0.0   0.1   0.0   0.1   0.1   0.1   0.0   0.1   0.1   0.0   0.0   0.2   0.1   0.0   0.0   0.2   0.2   0.0   0.1   0.0   0.0   0.1   0.2   0.0   0.1   0.1   0.0   0.1   0.0   0.0   0.0   0.0   0.0   0.0   0.1   0.0   0.1   0.0   0.0   0.0   0.1   0.1   0.1   0.1   0.0   0.0   0.1   0.1   0.1   0.1   0.1   0.0   0.2   0.1   0.0   0.2   0.1   0.2   0.3   0.2   0.0   0.0   0.2   0.0   0.2   0.0   0.1   0.1   0.2   0.0   0.2   0.1   0.0   0.0   0.1   0.1   0.0   0.0 
B: 18.0 * * * 19.5 21.0 22.0 * * * 11.0 23.0 * 24.0 * 18.0 * * 18.5 19.3 18.0 22.0 20.6 17.0 19.2 22.5 20.5 20.6 17.7 19.7 19.0 19.2 22.1 22.0 * 16.9 19.6 20.3 * 21.0 22.6 21.6 19.2 20.0 14.0 20.8 19.5 18.2 19.0 16.3 20.6 * 20.0 13.0 * 17.0 * 22.0 18.0 16.0 20.1 24.0 21.2 19.7 17.6 * * * 19.0 * 19.0 19.6 19.8 21.5 21.0 17.5 19.2 21.0 * 18.0 * 22.0 19.5 18.0 * 17.7 25.0 19.0 24.1 14.4 16.0 21.7 22.2 17.9 26.0 25.0 18.2 15.7 18.8 20.6 22.5 22.5 17.5 * 21.2 * 18.6 20.3 20.0 18.5 21.0 27.0 * 17.5 24.0 17.0 18.6 20.8 20.3 18.0 19.0 22.0 * 24.5 17.2 15.6 21.2 22.5 19.2 27.0 24.5 * 18.0 21.0 22.0 * * 21.9 23.0 * 23.6 16.0 * 21.0 20.8 18.5 18.8 19.3 19.0 20.4 21.0 * * 21.0 23.0 20.0 16.6 18.6 20.0 * 19.0 22.0 21.3 19.0 19.6 21.8 17.0 21.0 20.7 26.1 20.0 14.4 18.6 * 20.0 18.0 * 19.3 22.6 19.7 20.0 22.4 20.1 20.0 19.3 18.4 20.7 * 20.5 20.7 21.3 18.2 18.6 23.2 * 16.7 17.1 18.0 22.0 * 
Direction:  n* * *  n n n* * *  n n*  n*  n* *  n n n n n n n n n n n n n n n n*  n n n*  n n n n n n n n n n n n*  n n*  n*  n n n n n n n n* * *  n*  n n n n n n n n*  n*  n n n*  n n n n n n n n n n n n n n n n n n*  n*  n n n n n n*  n n n n n n n n n*  n n n n n n n n*  n n n* *  n n*  n n*  n n n n n n n n* *  n n n n n n*  n n n n n n n n n n n n n*  n n*  n n n n n n n n n n*  n n n n n n*  n n n n* 

55.3: Count:   0.1 (  0.0) A:  11.0 [10-15] B:  20.0 [10-30] Phase: 92 (13.16) Direction:  {63 117}Phase: 96 (13.01) Direction:  {68 112}Phase: 96 (10.37) Direction:  {68 112}Phase: 95 (11.75) Direction:  {67 113}Phase: 90 (10.23) Direction:  {61 119}Phase: 92 (11.57) Direction:  {63 117}Phase: 88 ( 9.72) Direction:  {58 122}Phase: 90 (11.88) Direction:  {61 119}
Phase: {0,0,0,0,0,0,0,0,0,0,0,0,0,0,0,0,0,0,0,0,0,0,0,0,0,0,0,0,0,0,0,0,0,0,0,0,0,0,0,0,0,0,0,0,0,0,0,0,0,0,0,0,0,0,0,0,0,0,0,0,0,0,0,0,0,0,1,10,29,0,0,5,0,28,2,0,0,13,11,30,41,36,24,31,63,77,20,36,56,29,122,49,101,59,16,73,74,68,32,60,40,52,45,26,7,42,14,22,12,0,8,0,13,15,0,4,0,0,6,12,11,0,14,0,22,0,0,11,30,2,42,75,11,50,26,38,35,19,56,60,36,42,70,84,58,64,59,65,48,50,35,18,20,59,22,17,18,37,15,15,0,25,0,20,0,13,9,0,28,15,0,0,15,0,0,0,0,0,0,0,0,0,0,0,0,0,0,0,0,0,0,0,0,0,0,0,0,0,0,0,0,0,0,0,0,0,0,0,0,0,0,0,0,0,0,0,0,0,0,0,0,0,0,0,0,0,0,0,0,0,0,0,0,0,0,0,0,0,0,0,0,0,0,0,0,0,0,0,0,0,0,0,0,0,0,0,0,0,0,0,0,0,0,0,0,0,0,0,0,0,0,0,0,0,0,0,0,0,0,0,0,0,0,0,0,0,0,0,0,0,0,0,0,0,0,0,0,0,0,0,0,0,0,0,0,0,0,0,0,0,0,0,0,0,0,0,0,0,0,0,0,0,0,0,0,0,0,0,0,0,0,0,0,0,0,0,0,0,0,0,0,0,0,0,0,0,0,0,0,0,0,0,0,0,0,0,0,0,0,0}
Count:   0.0   0.0   0.0   0.0   0.0   0.0   0.0   0.0   0.0   0.0   0.0   0.0   0.0   0.0   0.0   0.0   0.0   0.1   0.1   0.0   0.0   0.0   0.1   0.1   0.1   0.0   0.0   0.1   0.1   0.1   0.0   0.1   0.1   0.0   0.1   0.0   0.1   0.1   0.0   0.0   0.0   0.0   0.1   0.1   0.0   0.1   0.0   0.0   0.0   0.0   0.0   0.1   0.1   0.0   0.0   0.1   0.1   0.1   0.0   0.1   0.1   0.0   0.0   0.1   0.1   0.0   0.0   0.1   0.0   0.0   0.1   0.1   0.1   0.1   0.0   0.1   0.0   0.0   0.0   0.2   0.0   0.0   0.2   0.0   0.0   0.2   0.1   0.1   0.0   0.1   0.0   0.1   0.1   0.0   0.0   0.0   0.1   0.0   0.0   0.1   0.0   0.0   0.1   0.1   0.1   0.0   0.1   0.1   0.1   0.1   0.0   0.1   0.1   0.0   0.1   0.0   0.0   0.0   0.1   0.1   0.1   0.1   0.1   0.0   0.1   0.1   0.1   0.1   0.0   0.0   0.0   0.0   0.1   0.1   0.1   0.0   0.0   0.0   0.0   0.0   0.0   0.1   0.0   0.0   0.0   0.0   0.2   0.1   0.0   0.1   0.0   0.1   0.0   0.1   0.1   0.0   0.1   0.0   0.0   0.0   0.1   0.1   0.1   0.1   0.1   0.0   0.1   0.1   0.1   0.0   0.0   0.1   0.1   0.0   0.0   0.0   0.1   0.0   0.1   0.2   0.0   0.0   0.0   0.1   0.1   0.0   0.1   0.0   0.0   0.1   0.1   0.1   0.1   0.1   0.0   0.1   0.0   0.1   0.1   0.1 
B: 15.0 * 25.0 * 18.0 * * * 16.0 16.0 * * * * * 16.0 25.0 20.9 21.6 14.5 18.0 * 19.4 20.6 20.4 27.0 * 20.0 17.7 14.8 * 15.8 22.2 27.2 21.5 15.3 25.2 17.3 19.0 * 23.0 22.6 15.1 20.3 19.3 18.2 * 21.0 22.0 20.5 18.0 21.5 22.2 24.0 15.0 21.4 18.3 19.1 17.0 18.5 18.0 20.0 15.0 16.9 23.1 17.0 24.0 18.5 * * 20.3 19.0 18.3 16.6 15.0 19.4 18.0 25.0 26.0 21.2 21.7 24.0 21.1 22.0 19.0 22.2 19.8 25.4 17.0 18.5 22.5 21.2 18.1 23.0 * 22.0 17.0 17.0 * 15.0 22.5 23.0 18.3 20.3 22.5 16.0 21.4 19.0 24.9 16.8 17.0 23.1 19.9 22.0 20.2 21.5 * 21.0 18.1 20.2 24.5 29.0 16.2 * 20.7 20.6 18.6 20.0 19.0 * * 23.0 25.5 21.7 22.0 22.0 23.6 * * 24.5 13.0 20.1 20.0 * 21.5 14.0 20.1 25.0 12.1 15.4 21.0 16.8 21.0 20.7 16.4 13.0 27.0 * * * 16.9 17.8 24.7 19.9 19.0 * 15.0 15.9 17.8 * 18.0 21.7 21.7 17.0 20.0 * 22.1 * 20.6 17.8 23.0 17.0 18.0 15.3 22.3 17.0 22.0 * 18.0 18.5 16.0 25.6 22.6 20.0 * 24.2 20.5 21.0 22.2 19.0 
Direction:  n*  n*  n* * *  n n* * * * *  n n n n n n*  n n n n*  n n n*  n n n n n n n n*  n n n n n n*  n n n n n n n n n n n n n n n n n n n n n* *  n n n n n n n n n n n n n n n n n n n n n n n n*  n n n*  n n n n n n n n n n n n n n n n n*  n n n n n n*  n n n n n* *  n n n n n n* *  n n n n*  n n n n n n n n n n n n n* * *  n n n n n*  n n n*  n n n n n*  n*  n n n n n n n n n*  n n n n n n*  n n n n n

55.4: Count:   0.1 (  0.1) A:  10.9 [10-15] B:  19.5 [10-31] Phase: 85 (11.27) Direction:  {55 125}Phase: 95 ( 9.51) Direction:  {66 114}Phase: 89 ( 6.05) Direction:  {59 121}Phase: 87 ( 5.52) Direction:  {57 123}Phase: 93 ( 4.79) Direction:  {64 116}Phase: 92 ( 4.80) Direction:  {63 117}Phase: 93 ( 4.65) Direction:  {64 116}Phase: 93 ( 4.74) Direction:  {64 116}
Phase: {0,0,0,0,0,0,0,0,0,0,0,0,0,0,0,0,0,0,0,0,0,0,0,0,20,0,0,0,0,0,0,0,0,0,0,0,0,0,0,0,0,0,0,0,0,0,0,0,0,0,0,0,0,0,0,0,0,0,0,0,0,0,3,0,0,7,0,4,0,7,0,15,3,0,27,13,7,0,35,5,7,22,0,47,36,35,82,24,31,44,62,75,125,131,57,93,50,69,49,17,50,27,49,22,27,30,9,30,30,16,5,20,7,7,28,16,6,26,20,16,36,11,16,22,15,15,16,23,30,13,0,37,45,44,43,93,50,23,49,48,22,48,36,33,52,113,0,26,83,12,28,55,47,34,40,24,14,25,16,20,28,0,0,18,0,4,0,16,0,12,0,0,0,0,15,0,9,9,0,0,0,0,0,0,0,0,0,0,0,0,0,0,0,0,0,0,0,0,0,0,0,0,0,0,0,0,0,0,0,0,0,0,0,0,0,0,0,0,0,0,0,0,0,0,0,0,0,0,0,0,0,0,0,0,0,0,0,0,0,0,0,0,0,0,0,0,0,0,0,0,0,0,0,0,0,0,0,0,0,0,0,0,0,0,0,0,0,0,0,0,0,0,0,0,0,0,0,0,0,0,0,0,0,0,0,0,0,0,0,0,0,0,0,0,0,0,0,0,0,0,0,0,0,0,0,0,0,0,0,0,0,0,0,0,0,0,0,0,0,0,0,0,0,0,0,0,0,0,0,0,0,0,0,0,0,0,0,0,0,0,0,0,0,0,0,0,0,0,0,0,0,0,0,0,0,0,0,0,0,0}
Count:   0.0   0.1   0.0   0.0   0.0   0.0   0.0   0.0   0.0   0.0   0.0   0.0   0.0   0.0   0.0   0.0   0.0   0.1   0.2   0.0   0.0   0.0   0.0   0.1   0.0   0.0   0.0   0.0   0.1   0.0   0.0   0.1   0.0   0.0   0.0   0.0   0.1   0.1   0.0   0.0   0.1   0.0   0.0   0.1   0.0   0.0   0.1   0.0   0.0   0.0   0.0   0.1   0.0   0.1   0.0   0.0   0.0   0.1   0.0   0.1   0.1   0.0   0.0   0.0   0.0   0.0   0.1   0.1   0.0   0.0   0.0   0.0   0.0   0.1   0.0   0.0   0.0   0.1   0.1   0.2   0.0   0.1   0.1   0.0   0.0   0.2   0.1   0.1   0.0   0.1   0.1   0.1   0.0   0.0   0.0   0.0   0.1   0.1   0.1   0.1   0.0   0.1   0.1   0.2   0.1   0.0   0.0   0.1   0.2   0.1   0.0   0.2   0.1   0.0   0.1   0.0   0.1   0.0   0.1   0.1   0.1   0.1   0.1   0.1   0.0   0.0   0.1   0.1   0.0   0.0   0.0   0.1   0.1   0.1   0.1   0.0   0.0   0.1   0.0   0.1   0.0   0.0   0.0   0.1   0.0   0.0   0.3   0.1   0.1   0.1   0.1   0.1   0.0   0.1   0.2   0.1   0.2   0.0   0.0   0.0   0.0   0.1   0.1   0.0   0.1   0.0   0.1   0.1   0.1   0.0   0.1   0.0   0.1   0.0   0.1   0.0   0.1   0.0   0.1   0.1   0.0   0.0   0.0   0.0   0.0   0.0   0.1   0.0   0.0   0.1   0.0   0.1   0.0   0.0   0.0   0.0   0.0   0.1   0.1   0.1 
B: 17.2 19.4 * 14.0 * * * * * 19.5 * * * 17.0 21.0 * 14.0 18.3 21.2 * * 19.0 * 21.7 16.8 13.0 * 23.7 13.0 20.0 12.0 20.5 18.0 18.7 18.4 16.0 24.6 21.1 17.6 18.0 17.5 * * 18.2 18.0 16.2 20.0 18.6 23.0 18.0 11.0 15.2 23.0 23.5 * 18.0 29.0 15.0 18.0 20.3 19.0 22.0 * * 16.0 * 21.4 21.2 * * 23.0 18.0 13.0 17.7 17.0 14.0 13.0 18.0 21.2 19.3 18.0 18.1 22.1 11.0 18.5 20.4 21.1 20.6 17.2 17.0 23.5 22.7 17.0 21.0 20.5 * 15.0 17.0 19.5 24.5 * 20.2 15.6 21.2 23.6 20.0 15.8 18.5 19.2 14.2 16.0 17.5 20.0 20.0 21.8 24.0 21.0 19.0 18.0 19.1 23.5 22.2 20.4 20.1 17.0 19.5 17.2 20.5 21.5 * * 26.6 23.0 18.8 14.0 * 20.0 15.2 * 25.2 12.0 17.0 18.0 17.0 18.5 * 18.8 23.2 21.4 17.1 16.5 17.6 * 19.3 21.8 21.0 20.6 * * 19.0 14.4 17.5 24.0 22.0 18.1 21.0 16.2 22.9 17.3 16.0 20.6 21.0 23.5 16.0 15.0 * 16.5 * 18.5 21.0 16.4 * 17.0 21.0 16.0 23.0 20.6 * 16.0 17.6 15.0 22.1 17.6 22.0 28.0 21.0 21.6 22.5 18.5 21.6 
Direction:  n n*  n* * * * *  n* * *  n n*  n n n* *  n*  n n n*  n n n n n n n n n n n n n n* *  n n n n n n n n n n n*  n n n n n n n* *  n*  n n* *  n n n n n n n n n n n n n n n n n n n n n n n n n*  n n n n*  n n n n n n n n n n n n n n n n n n n n n n n n n n n n* *  n n n n*  n n*  n n n n n n*  n n n n n n*  n n n n* *  n n n n n n n n n n n n n n n n*  n*  n n n*  n n n n n*  n n n n n n n n n n n n

55.5: Count:   0.0 (  0.0) A:  10.8 [10-16] B:  19.2 [10-28] Phase: 148 (18.51) Direction:  nPhase: 134 (10.51) Direction:  nPhase: 146 ( 7.46) Direction:  nPhase: 146 ( 8.12) Direction:  nPhase: 146 ( 8.07) Direction:  nPhase: 142 ( 8.47) Direction:  nPhase: 144 ( 6.94) Direction:  nPhase: 144 ( 6.73) Direction:  n
Phase: {0,0,0,0,0,0,0,0,0,0,0,0,0,0,0,0,0,0,0,0,0,0,0,0,0,0,0,0,0,0,0,0,0,0,0,0,0,0,0,0,2,0,5,0,0,0,0,0,0,0,0,0,0,9,0,0,0,0,9,0,0,0,0,15,0,0,0,5,0,15,0,0,5,0,11,9,13,39,13,40,11,0,20,21,60,22,37,13,50,55,54,32,18,23,31,24,62,26,60,20,45,23,47,50,36,23,15,7,19,16,0,22,20,10,5,0,7,15,22,29,11,3,9,15,30,6,15,7,41,18,32,39,53,19,49,49,39,42,29,63,41,9,93,29,42,43,83,7,35,43,14,58,25,44,0,28,16,14,8,0,12,0,22,0,5,14,12,0,0,0,0,0,0,0,0,0,0,0,0,0,0,0,0,0,0,0,0,0,0,0,0,0,0,0,0,0,0,0,0,0,0,0,0,0,0,0,0,0,0,0,0,0,0,0,0,0,0,0,0,0,0,0,0,0,0,0,0,0,0,0,0,0,0,0,0,0,0,0,0,0,0,0,0,0,0,0,0,0,0,0,0,0,0,0,0,0,0,0,0,0,0,0,0,0,0,0,0,0,0,0,0,0,0,0,0,0,0,0,0,0,0,0,0,0,0,0,0,0,0,0,0,0,0,0,0,0,0,0,0,0,0,0,0,0,0,0,0,0,0,0,0,0,0,0,0,0,0,0,0,0,0,0,0,0,0,0,0,0,0,0,0,0,0,0,0,0,0,0,0,0,0,0,0,0,0,0,0,0,0,0,0,0,0,0,0,0,0,0,0,0}
Count:   0.0   0.0   0.0   0.0   0.0   0.0   0.0   0.0   0.0   0.0   0.0   0.0   0.0   0.0   0.0   0.0   0.0   0.0   0.1   0.0   0.0   0.0   0.0   0.2   0.1   0.0   0.0   0.0   0.1   0.0   0.0   0.1   0.1   0.0   0.0   0.0   0.1   0.1   0.0   0.0   0.1   0.0   0.1   0.1   0.0   0.0   0.0   0.0   0.0   0.0   0.0   0.0   0.0   0.1   0.0   0.0   0.0   0.0   0.0   0.2   0.0   0.0   0.0   0.1   0.1   0.0   0.1   0.1   0.0   0.0   0.0   0.1   0.0   0.1   0.0   0.0   0.0   0.0   0.1   0.0   0.0   0.0   0.0   0.0   0.0   0.2   0.0   0.0   0.1   0.1   0.1   0.0   0.0   0.0   0.2   0.0   0.1   0.1   0.1   0.1   0.0   0.0   0.1   0.1   0.1   0.0   0.1   0.1   0.1   0.0   0.0   0.1   0.0   0.0   0.1   0.0   0.0   0.1   0.0   0.1   0.1   0.1   0.1   0.0   0.1   0.1   0.0   0.1   0.1   0.1   0.0   0.1   0.1   0.0   0.0   0.0   0.0   0.0   0.0   0.1   0.0   0.0   0.0   0.0   0.0   0.0   0.1   0.0   0.0   0.1   0.1   0.0   0.0   0.0   0.1   0.1   0.1   0.0   0.0   0.0   0.0   0.1   0.1   0.0   0.1   0.0   0.1   0.0   0.1   0.0   0.1   0.1   0.1   0.0   0.0   0.0   0.1   0.0   0.1   0.1   0.0   0.0   0.1   0.0   0.1   0.0   0.1   0.0   0.1   0.0   0.1   0.1   0.1   0.0   0.0   0.0   0.0   0.1   0.0   0.1 
B: * 15.0 * 12.0 * * * * * * 17.0 * * 17.0 * * 13.0 15.0 18.5 * 12.0 * * 22.5 16.6 17.6 * 21.5 17.0 17.1 * 18.0 17.9 15.9 21.0 23.5 21.1 22.4 24.0 * 14.0 * 19.5 17.9 19.0 15.5 * 16.0 19.5 * * * 19.0 20.8 * * 17.5 21.0 19.5 19.1 * 15.5 19.0 19.0 19.1 * 18.5 19.2 * * 21.5 17.7 16.0 16.0 25.0 * * 14.0 19.0 21.0 16.3 19.0 17.0 21.0 15.4 18.7 20.5 * 20.6 18.6 21.0 22.5 20.1 14.0 19.5 * 25.2 22.4 17.2 22.0 * * 15.0 19.3 19.2 * 18.0 22.5 18.2 13.0 13.0 20.2 22.3 19.0 19.0 19.0 * 18.0 18.0 18.1 25.0 19.6 18.5 23.0 21.5 19.1 * 20.5 22.0 20.0 20.0 19.3 20.0 21.0 * * * 21.0 * 20.5 * 16.0 18.5 * 19.0 * 16.8 * 18.1 18.5 21.3 21.0 * 19.0 16.6 23.4 13.7 * * 21.0 12.0 20.9 16.1 18.0 21.5 * 22.5 * 19.3 * 21.3 17.8 19.5 15.0 14.0 * 22.1 * 18.5 20.1 18.5 27.0 23.0 18.0 16.2 21.0 20.5 * 14.1 * 19.4 19.4 19.6 18.0 22.0 18.0 19.5 18.0 * 19.6 
Direction: *  n*  n* * * * * *  n* *  n* *  n n n*  n* *  n n n*  n n n*  n n n n n n n n*  n*  n n n n*  n n* * *  n n* *  n n n n*  n n n n*  n n* *  n n n n n* *  n n n n n n n n n n*  n n n n n n n*  n n n n* *  n n n*  n n n n n n n n n n*  n n n n n n n n n*  n n n n n n n* * *  n*  n*  n n*  n*  n*  n n n n*  n n n n* *  n n n n n n*  n*  n*  n n n n n*  n*  n n n n n n n n n*  n*  n n n n n n n n*  n

55.6: Count:   0.0 (  0.0) A:  10.6 [10-14] B:  18.6 [10-30] Phase: 142 (11.87) Direction:  nPhase: 142 (12.42) Direction:  nPhase: 143 ( 7.44) Direction:  nPhase: 143 ( 6.19) Direction:  nPhase: 143 ( 5.76) Direction:  nPhase: 143 ( 5.60) Direction:  nPhase: 143 ( 5.45) Direction:  nPhase: 143 ( 5.66) Direction:  n
Phase: {0,0,0,0,0,0,0,0,0,0,0,0,0,0,0,0,0,0,0,0,0,0,0,0,0,0,0,0,0,0,0,0,0,0,0,0,0,0,0,0,0,0,0,0,0,0,0,0,0,0,0,0,0,0,0,0,0,0,0,0,0,0,0,0,0,0,5,0,0,0,0,0,0,0,0,0,0,0,0,15,0,0,31,0,0,0,15,7,0,0,28,69,26,19,34,32,28,28,93,41,11,35,53,0,46,42,20,24,25,12,32,42,0,4,5,2,0,26,0,0,29,9,5,7,7,16,0,42,9,37,27,38,36,28,49,57,15,24,43,61,21,17,80,95,46,8,53,42,64,24,31,43,26,24,35,11,28,0,20,22,52,11,0,5,0,7,9,9,0,0,0,0,0,0,0,0,0,0,4,0,0,0,0,0,0,0,0,0,0,0,0,0,0,0,0,0,0,0,0,0,0,0,0,0,0,0,0,0,0,0,0,0,0,0,0,0,0,0,0,0,0,0,0,0,0,0,0,0,0,0,0,0,0,0,0,0,0,0,0,0,0,0,0,0,0,0,0,0,0,0,0,0,0,0,0,0,0,0,0,0,0,0,0,0,0,0,0,0,0,0,0,0,0,0,0,0,0,0,0,0,0,0,0,0,0,0,0,0,0,0,0,0,0,0,0,0,0,0,0,0,0,0,0,0,0,0,0,0,0,0,0,0,0,0,0,0,0,0,0,0,0,0,0,0,0,0,0,0,0,0,0,0,0,0,0,0,0,0,0,0,0,0,0,0,0,0,0,0,0,0,0,0,0,0,0,0,0,0,0,0}
Count:   0.0   0.0   0.0   0.0   0.0   0.0   0.0   0.0   0.0   0.0   0.0   0.0   0.0   0.0   0.0   0.0   0.0   0.0   0.0   0.0   0.0   0.0   0.0   0.0   0.0   0.0   0.0   0.0   0.0   0.0   0.0   0.0   0.0   0.0   0.1   0.1   0.0   0.1   0.0   0.0   0.1   0.0   0.1   0.0   0.0   0.0   0.0   0.0   0.0   0.0   0.0   0.0   0.0   0.2   0.0   0.0   0.0   0.0   0.0   0.2   0.0   0.1   0.0   0.0   0.0   0.0   0.0   0.0   0.0   0.0   0.0   0.0   0.1   0.0   0.0   0.0   0.0   0.0   0.0   0.0   0.0   0.1   0.1   0.0   0.0   0.0   0.0   0.0   0.0   0.0   0.0   0.0   0.0   0.0   0.0   0.1   0.1   0.0   0.0   0.0   0.0   0.1   0.1   0.1   0.0   0.0   0.1   0.0   0.1   0.0   0.0   0.1   0.0   0.0   0.0   0.0   0.0   0.1   0.0   0.1   0.1   0.0   0.0   0.1   0.0   0.1   0.0   0.1   0.1   0.1   0.0   0.1   0.0   0.1   0.1   0.1   0.1   0.0   0.1   0.0   0.1   0.0   0.1   0.0   0.0   0.1   0.1   0.0   0.1   0.0   0.0   0.0   0.1   0.0   0.1   0.0   0.1   0.1   0.2   0.0   0.1   0.1   0.0   0.1   0.1   0.1   0.0   0.0   0.0   0.1   0.0   0.0   0.1   0.1   0.1   0.0   0.0   0.0   0.1   0.1   0.1   0.1   0.0   0.0   0.0   0.0   0.1   0.0   0.1   0.0   0.1   0.1   0.0   0.0   0.1   0.0   0.1   0.0   0.0   0.0 
B: * * * 13.0 * * 15.0 * * * * * * 22.0 * * * 15.0 25.0 * * 18.0 * * 16.6 22.0 * 16.0 14.0 * 18.0 22.0 23.5 25.0 16.4 16.5 * 17.6 11.0 * 18.0 19.0 14.9 * * 18.0 * 19.0 16.0 20.0 16.0 * 14.0 17.4 16.0 * * 20.0 24.0 24.1 16.5 21.7 16.0 * * 22.0 * * 16.0 18.0 15.0 * 19.0 20.0 16.0 22.0 13.0 * * 25.0 * 16.9 22.4 * * * * 21.0 * 15.0 22.4 13.5 * 13.0 13.0 22.4 22.0 24.0 15.0 13.0 14.0 20.0 16.0 17.6 14.5 24.0 19.3 * 17.0 29.0 * 21.0 * 15.0 17.0 * 13.0 19.8 * 18.0 23.0 14.0 * 23.8 27.0 19.5 18.8 19.5 24.3 20.4 24.0 15.2 15.0 19.5 14.5 14.0 23.2 * 10.7 19.0 13.0 * 19.5 * 24.0 15.8 19.5 24.0 14.0 16.0 20.0 19.4 24.7 * 19.0 * 17.0 17.5 20.0 16.0 18.3 14.5 21.0 19.3 19.1 16.4 18.4 15.0 20.0 17.0 * 14.0 18.3 18.5 21.0 25.0 20.0 16.0 19.2 17.6 19.3 19.1 * 11.0 16.0 14.0 15.7 21.3 16.8 * 19.2 15.8 21.0 20.5 25.0 22.7 18.2 25.4 * 19.0 
Direction: * * *  n* *  n* * * * * *  n* * *  n n* *  n* *  n n*  n n*  n n n n n n*  n n*  n n n* *  n*  n n n n*  n n n* *  n n n n n n* *  n* *  n n n*  n n n n n* *  n*  n n* * * *  n*  n n n*  n n n n n n n n n n n n n n*  n n*  n*  n n*  n n*  n n n*  n n n n n n n n n n n n n n*  n n n*  n*  n n n n n n n n n*  n*  n n n n n n n n n n n n n n*  n n n n n n n n n n n*  n n n n n n*  n n n n n n n n*  n

55.7: Count:   0.0 (  0.0) A:  10.8 [10-14] B:  18.1 [10-30] Phase: 147 (15.01) Direction:  nPhase: 150 ( 8.90) Direction:  nPhase: 142 ( 6.56) Direction:  nPhase: 141 ( 6.82) Direction:  nPhase: 142 ( 7.10) Direction:  nPhase: 142 ( 7.47) Direction:  nPhase: 140 ( 7.91) Direction:  nPhase: 140 ( 7.72) Direction:  n
Phase: {0,0,0,0,0,0,0,0,11,0,0,0,0,0,0,0,0,0,0,0,0,0,0,0,0,0,0,0,0,0,0,0,0,0,0,0,0,0,0,0,0,0,0,0,0,0,0,0,0,0,0,0,0,0,0,0,9,0,0,0,0,0,0,0,0,0,0,0,0,0,0,0,0,7,0,0,0,0,15,13,0,15,9,5,0,14,24,36,18,1,50,7,34,20,51,13,6,18,20,12,33,27,5,32,46,47,1,14,20,10,0,29,0,14,9,0,13,20,0,0,0,23,0,46,0,21,7,0,34,9,22,32,18,38,11,7,8,55,51,37,41,7,86,43,42,36,7,48,37,66,55,39,31,52,39,60,8,25,9,5,26,20,0,30,0,0,0,0,0,22,9,5,0,0,0,0,0,0,0,0,0,0,0,0,0,0,0,0,0,0,0,0,0,0,0,0,0,0,0,0,0,0,0,0,0,0,0,0,0,0,0,0,0,0,0,0,0,0,0,0,0,0,0,0,0,0,0,0,0,0,0,0,0,0,0,0,0,0,0,0,0,0,0,0,0,0,0,0,0,0,0,0,0,0,0,0,0,0,0,0,0,0,0,0,0,0,0,0,0,0,0,0,0,0,0,0,0,0,0,0,0,0,0,0,0,0,0,0,0,0,0,0,0,0,0,0,0,0,0,0,0,0,0,0,0,0,0,0,0,0,0,0,0,0,0,0,0,0,0,0,0,0,0,0,0,0,0,0,0,0,0,0,0,0,0,0,0,0,0,0,0,0,0,0,0,0,0,0,0,0,0,0,0,0,0,0,0,0,0,0}
Count:   0.0   0.0   0.0   0.0   0.0   0.0   0.0   0.0   0.0   0.0   0.0   0.0   0.0   0.0   0.0   0.0   0.0   0.0   0.1   0.0   0.0   0.0   0.0   0.0   0.0   0.0   0.0   0.0   0.0   0.0   0.1   0.1   0.0   0.0   0.0   0.1   0.0   0.0   0.0   0.0   0.0   0.0   0.1   0.0   0.0   0.0   0.1   0.0   0.1   0.0   0.0   0.1   0.0   0.2   0.1   0.0   0.0   0.0   0.0   0.1   0.0   0.1   0.0   0.0   0.0   0.1   0.0   0.0   0.0   0.0   0.1   0.0   0.0   0.0   0.0   0.0   0.0   0.0   0.0   0.0   0.0   0.1   0.1   0.0   0.0   0.0   0.0   0.0   0.0   0.0   0.0   0.0   0.0   0.0   0.0   0.1   0.0   0.0   0.0   0.1   0.0   0.0   0.1   0.1   0.0   0.0   0.0   0.0   0.1   0.0   0.0   0.1   0.0   0.0   0.0   0.0   0.1   0.0   0.0   0.0   0.1   0.0   0.0   0.1   0.0   0.1   0.0   0.2   0.0   0.1   0.0   0.1   0.0   0.1   0.0   0.0   0.1   0.0   0.1   0.1   0.1   0.0   0.1   0.0   0.0   0.1   0.2   0.0   0.0   0.0   0.0   0.0   0.1   0.0   0.1   0.0   0.1   0.0   0.1   0.0   0.0   0.0   0.1   0.1   0.1   0.1   0.0   0.0   0.0   0.0   0.0   0.0   0.1   0.0   0.1   0.0   0.1   0.0   0.1   0.1   0.0   0.1   0.0   0.0   0.0   0.0   0.1   0.0   0.1   0.0   0.1   0.1   0.1   0.0   0.1   0.0   0.1   0.0   0.0   0.0 
B: 13.0 16.0 * 16.0 * * * * * * * * 15.0 * * * * 18.0 14.0 19.0 17.0 * * * 16.0 20.0 * 23.3 19.0 * 21.0 13.0 22.0 19.4 19.0 16.3 * * 18.0 * 14.0 19.0 18.0 * * 20.1 15.4 18.0 16.2 * 16.0 14.6 16.2 16.0 18.8 * 19.0 19.0 * 21.8 14.0 19.6 14.3 20.0 * 21.0 * 17.0 17.0 19.0 22.6 21.0 15.0 * 13.0 * * * 12.0 19.0 18.0 16.9 16.8 * * * 22.0 * 20.5 20.0 20.0 15.0 11.0 * 17.0 18.2 * 23.0 15.0 19.6 13.0 * 19.0 19.2 16.3 20.0 13.3 * 16.2 19.5 10.0 25.0 * 13.0 * 14.0 20.0 18.0 * * 19.0 15.0 15.0 21.9 16.3 22.0 22.0 20.5 21.5 16.2 * 20.0 17.0 21.0 21.0 25.0 21.7 * 11.5 15.5 14.0 * 19.0 * 20.0 18.2 15.0 20.0 * * 13.3 21.3 19.3 * 18.7 * 23.0 20.0 21.9 17.0 21.0 19.0 13.8 17.1 20.0 19.0 26.1 15.0 * * * * 14.6 23.0 13.3 21.0 14.4 * 17.9 13.3 22.0 20.6 18.8 14.7 16.0 * 16.7 15.6 15.5 23.0 18.7 18.7 17.6 21.0 21.2 20.0 16.0 23.8 * 16.0 
Direction:  n n*  n* * * * * * * *  n* * * *  n n n n* * *  n n*  n n*  n n n n n n* *  n*  n n n* *  n n n n*  n n n n n*  n n*  n n n n n*  n*  n n n n n n*  n* * *  n n n n n* * *  n*  n n n n n*  n n*  n n n n*  n n n n n*  n n n n*  n*  n n n* *  n n n n n n n n n n*  n n n n n n*  n n n*  n*  n n n n* *  n n n*  n*  n n n n n n n n n n n n* * * *  n n n n n*  n n n n n n n*  n n n n n n n n n n n n*  n

55.8: Count:   0.0 (  0.0) A:  10.7 [10-15] B:  17.8 [10-29] Phase: 104 (13.38) Direction:  nPhase: 143 (11.53) Direction:  nPhase: 151 ( 7.98) Direction:  nPhase: 143 ( 8.84) Direction:  nPhase: 135 ( 8.61) Direction:  nPhase: 143 (11.74) Direction:  nPhase: 143 (11.82) Direction:  nPhase: 145 (12.09) Direction:  n
Phase: {0,0,0,0,0,0,0,0,0,0,0,0,0,0,0,0,0,0,0,0,0,0,0,0,0,0,0,0,0,0,0,0,0,0,0,0,0,0,0,0,0,0,0,0,0,11,9,0,0,0,15,0,0,0,0,0,0,0,0,0,0,0,9,18,0,0,15,0,0,0,0,0,7,0,0,0,13,0,1,0,0,0,0,0,15,9,0,7,14,10,10,8,5,15,35,24,60,29,24,13,55,25,19,0,36,0,20,33,18,15,46,28,38,20,24,18,14,16,14,7,13,0,12,0,10,31,0,42,44,12,52,5,49,48,11,52,38,64,39,33,54,28,31,77,5,56,83,59,25,48,52,21,21,25,5,35,60,10,28,39,14,1,16,11,0,0,0,6,7,7,0,7,0,0,0,0,0,0,0,0,5,0,0,0,0,0,0,0,0,0,0,0,0,0,0,0,0,0,0,0,0,0,0,0,0,0,0,0,0,0,0,0,0,0,0,0,0,0,0,0,0,0,0,0,0,0,0,0,0,0,0,0,0,0,0,0,0,0,0,0,0,0,0,0,0,0,0,0,0,0,0,0,0,0,0,0,0,0,0,0,0,0,0,0,0,0,0,0,0,0,0,0,0,0,0,0,0,0,0,0,0,0,0,0,0,0,0,0,0,0,0,0,0,0,0,0,0,0,0,0,0,0,0,0,0,0,0,0,0,0,0,0,0,0,0,0,0,0,0,0,0,0,0,0,0,0,0,0,0,0,0,0,0,0,0,0,0,0,0,0,0,0,0,0,0,0,0,0,0,0,0,0,0,0,0,0,0,0,0,0}
Count:   0.1   0.0   0.0   0.0   0.0   0.0   0.0   0.0   0.0   0.0   0.0   0.0   0.0   0.0   0.0   0.0   0.0   0.0   0.0   0.0   0.0   0.1   0.0   0.0   0.0   0.0   0.0   0.0   0.1   0.0   0.0   0.0   0.0   0.1   0.0   0.0   0.1   0.0   0.1   0.0   0.0   0.0   0.0   0.0   0.0   0.1   0.0   0.0   0.0   0.0   0.0   0.0   0.0   0.0   0.0   0.0   0.0   0.0   0.1   0.0   0.0   0.0   0.0   0.0   0.0   0.0   0.0   0.0   0.0   0.0   0.0   0.1   0.1   0.0   0.1   0.1   0.0   0.0   0.1   0.1   0.0   0.1   0.0   0.0   0.0   0.0   0.1   0.1   0.1   0.1   0.0   0.0   0.0   0.0   0.0   0.1   0.0   0.1   0.0   0.0   0.1   0.1   0.0   0.0   0.0   0.1   0.1   0.0   0.0   0.0   0.1   0.2   0.0   0.1   0.0   0.0   0.1   0.0   0.1   0.0   0.1   0.1   0.0   0.0   0.1   0.0   0.0   0.0   0.0   0.1   0.0   0.1   0.1   0.1   0.0   0.1   0.1   0.1   0.0   0.0   0.1   0.0   0.1   0.0   0.1   0.1   0.2   0.0   0.0   0.0   0.1   0.0   0.1   0.0   0.1   0.1   0.0   0.1   0.0   0.0   0.0   0.0   0.1   0.1   0.1   0.1   0.1   0.1   0.0   0.0   0.0   0.1   0.0   0.1   0.0   0.0   0.0   0.0   0.1   0.0   0.0   0.0   0.1   0.1   0.1   0.1   0.0   0.1   0.1   0.1   0.0   0.0   0.0   0.0   0.1   0.0   0.0   0.0   0.1   0.1 
B: 13.0 * 18.0 * 18.0 * * 24.0 14.0 * 15.0 15.0 * * * * 16.0 13.0 * 18.0 * 18.1 * 12.0 * 17.7 16.0 * 16.6 14.9 17.3 21.0 21.0 15.9 * 12.0 14.6 16.3 20.0 * * 18.0 17.0 16.5 18.8 16.0 12.0 17.0 15.0 15.0 17.0 17.0 * 23.0 * 24.0 17.0 * 15.3 17.0 * 15.0 15.0 23.0 22.0 * 15.0 * * 16.0 21.0 16.0 17.5 23.0 14.2 18.4 12.0 * 16.8 16.3 * 18.6 20.0 * 13.0 * 19.0 17.0 16.0 14.8 * 12.0 * * 17.1 20.9 17.0 17.7 22.0 23.0 16.0 16.0 * * * 18.9 17.2 17.0 17.0 * 15.7 15.6 11.0 18.0 17.5 24.0 22.0 16.0 16.0 22.0 11.0 21.0 13.0 18.0 23.0 19.0 * * * 20.5 20.5 26.0 17.0 18.8 23.5 14.5 23.0 19.5 * * 19.2 17.0 17.9 14.0 15.0 21.0 18.8 22.0 20.0 18.6 16.8 * 17.4 * 17.0 15.5 24.0 18.3 28.0 * 24.0 12.0 20.3 18.2 17.2 16.3 23.4 20.4 * 25.0 16.7 16.8 16.0 22.1 14.0 17.0 21.0 19.0 13.5 13.5 17.0 16.0 16.0 17.8 15.4 13.4 * 15.7 13.5 19.8 18.0 13.0 13.8 15.5 24.1 18.5 * 27.0 17.5 12.7 
Direction:  n*  n*  n* *  n n*  n n* * * *  n n*  n*  n*  n*  n n*  n n n n n n*  n n n n* *  n n n n n n n n n n n*  n*  n n*  n n*  n n n n*  n* *  n n n n n n n n*  n n*  n n*  n*  n n n n*  n* *  n n n n n n n n* * *  n n n n*  n n n n n n n n n n n n n n n n* * *  n n n n n n n n n* *  n n n n n n n n n n n*  n*  n n n n n*  n n n n n n n n*  n n n n n n n n n n n n n n n n n*  n n n n n n n n n*  n n n

55.9: Count:   0.0 (  0.0) A:  10.7 [10-16] B:  17.5 [10-31] Phase: 134 (13.72) Direction:  nPhase: 100 (10.67) Direction:  {73 107}Phase: 131 (10.53) Direction:  nPhase: 140 ( 9.63) Direction:  nPhase: 142 (11.55) Direction:  nPhase: 143 (11.82) Direction:  nPhase: 140 (12.26) Direction:  nPhase: 142 (12.35) Direction:  n
Phase: {0,0,0,0,0,0,0,0,0,0,0,0,0,0,0,0,0,0,0,0,0,0,0,0,0,0,0,0,0,0,0,0,0,0,0,0,0,0,0,0,0,0,0,0,0,0,0,0,0,0,0,15,0,0,0,0,0,0,0,0,0,0,0,0,0,0,4,0,0,0,0,0,0,15,0,0,0,0,0,0,5,0,0,52,0,1,0,0,0,18,35,16,0,4,16,47,19,13,22,13,36,24,53,19,17,35,13,34,0,34,14,35,41,20,14,0,5,15,22,0,0,0,14,0,66,39,16,27,15,16,20,54,58,38,27,31,25,64,69,21,75,19,44,14,39,35,40,0,50,7,11,3,16,44,15,9,27,29,0,21,14,5,1,0,4,7,5,0,7,0,14,0,13,0,0,0,0,0,0,0,0,0,0,0,0,0,0,0,0,0,0,0,0,0,0,0,0,0,0,0,0,0,0,0,0,0,0,0,0,0,0,0,0,0,0,0,0,0,0,0,0,0,0,0,0,0,0,0,0,0,0,0,0,0,0,0,0,0,0,0,0,0,0,0,0,0,0,0,0,0,0,0,0,0,0,0,0,0,0,0,0,0,0,0,0,0,0,0,0,0,0,0,0,0,0,0,0,0,0,0,0,0,0,0,0,0,0,0,0,0,0,0,0,0,0,0,0,0,0,0,0,0,0,0,0,0,0,0,0,0,0,0,0,0,0,0,0,0,0,0,0,0,0,0,0,0,0,0,0,0,0,0,0,0,0,0,0,0,0,0,0,0,0,0,0,0,0,0,0,0,0,0,0,0,0,0,0,0,0,0}
Count:   0.0   0.0   0.0   0.0   0.0   0.0   0.0   0.0   0.0   0.0   0.0   0.0   0.0   0.0   0.0   0.0   0.1   0.1   0.0   0.0   0.0   0.1   0.0   0.0   0.0   0.0   0.1   0.0   0.0   0.0   0.0   0.0   0.0   0.0   0.0   0.0   0.1   0.1   0.1   0.0   0.1   0.0   0.1   0.0   0.0   0.1   0.0   0.0   0.0   0.0   0.0   0.0   0.0   0.0   0.0   0.0   0.0   0.0   0.0   0.0   0.0   0.1   0.0   0.0   0.0   0.1   0.0   0.1   0.0   0.0   0.1   0.1   0.1   0.1   0.0   0.1   0.0   0.0   0.1   0.1   0.0   0.1   0.0   0.0   0.0   0.0   0.0   0.0   0.1   0.2   0.0   0.0   0.0   0.0   0.1   0.0   0.0   0.1   0.0   0.0   0.0   0.0   0.1   0.0   0.0   0.0   0.0   0.0   0.0   0.0   0.0   0.1   0.0   0.0   0.0   0.0   0.1   0.0   0.0   0.0   0.0   0.0   0.1   0.0   0.1   0.0   0.1   0.1   0.0   0.0   0.0   0.1   0.1   0.0   0.0   0.1   0.0   0.2   0.0   0.0   0.1   0.0   0.0   0.0   0.1   0.0   0.0   0.0   0.0   0.1   0.0   0.0   0.1   0.0   0.0   0.1   0.0   0.0   0.0   0.0   0.1   0.0   0.0   0.0   0.1   0.1   0.1   0.1   0.0   0.0   0.0   0.1   0.1   0.1   0.0   0.0   0.0   0.0   0.1   0.0   0.0   0.0   0.1   0.0   0.1   0.0   0.0   0.0   0.1   0.0   0.0   0.0   0.0   0.0   0.1   0.0   0.1   0.0   0.1   0.0 
B: * * * * 20.0 20.0 * * 18.0 * 15.0 * * 23.0 * * 20.0 15.2 14.0 * * 20.5 14.0 18.0 14.0 17.4 25.0 16.0 * 26.0 19.7 13.0 25.0 18.0 13.0 * 17.0 12.3 13.0 * 19.0 18.6 15.8 16.0 17.8 13.4 13.2 20.0 * * * * * 18.0 * 18.5 15.0 * * * * 16.3 16.0 24.0 15.7 18.3 23.7 17.8 * 15.5 20.8 16.0 17.5 22.5 27.0 15.8 * * 15.4 17.4 20.0 14.5 16.0 * 13.0 16.0 17.0 * 17.4 17.3 11.0 21.0 17.0 17.5 18.2 11.0 11.0 16.0 * * * * 12.0 * 23.0 * 16.0 13.0 17.0 * 12.0 13.8 16.1 16.0 16.5 16.0 20.5 * * * * * 15.0 * 24.0 17.0 23.0 13.0 * 16.0 16.0 22.7 17.0 * 24.0 19.0 * 15.4 11.0 * 21.7 * * 17.0 19.0 * * 26.0 21.0 17.5 13.5 * 16.9 * * 14.2 15.0 16.0 * * 20.0 16.5 * 23.0 17.7 18.0 19.3 17.0 18.0 16.0 12.0 17.5 15.9 20.3 20.0 16.0 18.0 23.0 12.7 12.0 15.0 * 19.7 17.0 18.4 13.0 17.0 17.0 22.1 20.8 15.1 12.3 19.6 17.8 27.8 13.2 22.0 17.7 19.0 22.0 
Direction: * * * *  n n* *  n*  n* *  n* *  n n n* *  n n n n n n n*  n n n n n n*  n n n*  n n n n n n n n* * * * *  n*  n n* * * *  n n n n n n n*  n n n n n n n* *  n n n n n*  n n n*  n n n n n n n n n n* * * *  n*  n*  n n n*  n n n n n n n* * * * *  n*  n n n n*  n n n n*  n n*  n n*  n* *  n n* *  n n n n*  n* *  n n n* *  n n*  n n n n n n n n n n n n n n n n n n*  n n n n n n n n n n n n n n n n n n

56.0: Count:   0.0 (  0.0) A:  10.7 [10-15] B:  16.9 [10-30] Phase: 110 (10.68) Direction:  nPhase: 144 ( 6.28) Direction:  nPhase: 154 ( 5.83) Direction:  nPhase: 142 ( 8.40) Direction:  nPhase: 141 ( 8.46) Direction:  nPhase: 135 ( 8.34) Direction:  nPhase: 139 ( 8.91) Direction:  nPhase: 137 ( 8.59) Direction:  n
Phase: {0,0,0,0,0,0,0,0,0,0,0,0,0,0,0,0,0,0,0,0,0,0,0,0,0,0,0,0,0,0,0,0,0,0,0,0,0,0,0,0,0,0,0,0,0,11,0,0,0,0,0,0,0,0,0,0,0,0,0,0,0,0,0,0,0,0,0,7,9,0,0,0,0,11,0,0,1,0,0,13,20,0,0,14,0,2,0,0,3,0,20,0,6,9,0,17,29,15,0,1,15,24,48,4,34,0,5,25,12,0,32,18,23,13,24,5,15,17,30,7,36,5,3,46,0,12,26,49,36,42,9,0,43,7,19,53,30,23,20,10,42,95,31,66,40,36,8,29,7,22,83,44,31,25,8,5,8,22,12,9,13,0,31,11,0,0,0,0,0,14,0,0,0,0,11,0,0,0,0,0,0,0,0,0,0,0,0,0,0,0,0,0,0,0,0,0,0,0,0,0,0,0,0,0,0,0,0,0,0,0,0,0,0,0,0,0,0,0,0,0,0,0,0,0,0,0,0,0,0,0,0,0,0,0,0,0,0,0,0,0,0,0,0,0,0,0,0,0,0,0,0,0,0,0,0,0,0,0,0,0,0,0,0,0,0,0,0,0,0,0,0,0,0,0,0,0,0,0,0,0,0,0,0,0,0,0,0,0,0,0,0,0,0,0,0,0,0,0,0,0,0,0,0,0,0,0,0,0,0,0,0,0,0,0,0,0,0,0,0,0,0,0,0,0,0,0,0,0,0,0,0,0,0,0,0,0,0,0,0,0,0,0,0,0,0,0,0,0,0,0,0,0,0,0,0,0,0,0,0,0}
Count:   0.0   0.0   0.0   0.0   0.0   0.0   0.0   0.0   0.0   0.0   0.0   0.0   0.0   0.0   0.0   0.0   0.0   0.1   0.0   0.0   0.0   0.0   0.0   0.0   0.0   0.0   0.1   0.0   0.0   0.0   0.0   0.0   0.1   0.0   0.1   0.0   0.1   0.1   0.0   0.0   0.1   0.0   0.0   0.0   0.0   0.0   0.0   0.0   0.0   0.1   0.1   0.0   0.0   0.0   0.0   0.0   0.0   0.0   0.0   0.0   0.0   0.1   0.0   0.0   0.0   0.0   0.0   0.0   0.0   0.0   0.1   0.1   0.0   0.0   0.0   0.0   0.0   0.0   0.0   0.0   0.0   0.0   0.0   0.0   0.0   0.0   0.0   0.0   0.0   0.0   0.0   0.0   0.0   0.0   0.1   0.0   0.1   0.0   0.0   0.0   0.0   0.0   0.1   0.0   0.0   0.0   0.0   0.0   0.0   0.1   0.0   0.0   0.2   0.1   0.1   0.0   0.1   0.0   0.0   0.0   0.0   0.0   0.0   0.0   0.1   0.0   0.0   0.1   0.1   0.0   0.0   0.0   0.0   0.0   0.0   0.1   0.0   0.2   0.0   0.0   0.1   0.0   0.1   0.0   0.1   0.0   0.0   0.0   0.0   0.1   0.0   0.0   0.1   0.0   0.0   0.1   0.0   0.0   0.0   0.0   0.1   0.0   0.0   0.0   0.1   0.0   0.1   0.1   0.1   0.0   0.0   0.0   0.1   0.1   0.0   0.0   0.0   0.0   0.0   0.0   0.1   0.0   0.0   0.0   0.1   0.0   0.0   0.1   0.1   0.1   0.0   0.0   0.0   0.0   0.1   0.0   0.1   0.0   0.0   0.0 
B: * * * * 11.0 21.0 * * * * * * * * * * * 14.8 15.0 13.0 * 17.0 12.0 * 16.1 14.5 23.2 16.0 * 14.0 18.8 * 17.7 19.7 18.1 18.3 14.0 15.1 * * 22.5 19.5 19.0 22.0 12.5 23.0 13.6 13.6 12.3 17.3 19.6 15.0 * * * 17.0 * 14.0 * 13.0 * 14.5 * 20.5 * 18.0 * 20.0 15.0 16.5 18.6 14.9 * 16.0 16.9 * 19.0 * * 11.5 * 17.0 * * 11.0 11.0 * * 15.0 15.0 13.0 23.0 17.5 18.4 18.6 * 11.0 * * * * * 14.0 * 14.0 * 22.0 16.0 15.1 24.0 * 16.5 18.2 22.6 20.3 * 15.0 * * * 17.0 * 27.0 * 17.0 * 16.0 16.0 21.0 13.0 13.0 * * * * 13.0 * 16.2 12.0 * 16.4 * 12.0 * 18.5 * * 21.0 19.6 18.7 14.8 17.0 15.8 * * 20.0 10.0 17.0 11.0 * 17.5 15.0 13.6 * 13.0 * 17.1 19.5 16.7 21.0 * 12.0 18.5 17.8 22.5 13.0 10.0 * 10.0 10.0 14.8 21.0 * * 17.5 * * 16.0 17.7 16.0 14.2 14.0 15.7 19.6 19.0 16.0 15.0 19.7 * 16.5 
Direction: * * * *  n n* * * * * * * * * * *  n n n*  n n*  n n n n*  n n*  n n n n n n* *  n n n n n n n n n n n n* * *  n*  n*  n*  n*  n*  n*  n n n n n*  n n*  n* *  n*  n* *  n n* *  n n n n n n n*  n* * * * *  n*  n*  n n n n*  n n n n*  n* * *  n*  n*  n*  n n n n n* * * *  n*  n n*  n*  n*  n* *  n n n n n n* *  n n n n*  n n n*  n*  n n n n*  n n n n n n*  n n n n* *  n* *  n n n n n n n n n n n*  n

56.1: Count:   0.0 (  0.0) A:  10.7 [10-14] B:  17.4 [10-29] Phase: 134 (13.32) Direction:  nPhase: 154 ( 7.35) Direction:  nPhase: 100 ( 8.63) Direction:  {73 107}Phase: 106 ( 8.39) Direction:  nPhase: 108 ( 8.49) Direction:  nPhase: 108 ( 8.72) Direction:  nPhase: 108 ( 8.74) Direction:  nPhase: 108 ( 8.74) Direction:  n
Phase: {0,0,0,0,0,0,0,0,0,0,0,0,0,0,0,0,0,0,0,0,0,0,0,0,0,0,0,0,0,0,0,0,0,0,5,0,0,0,0,0,0,0,0,0,0,0,0,0,0,0,0,0,0,0,0,0,0,0,5,0,0,0,0,0,0,0,0,0,0,0,0,0,0,0,0,5,0,15,0,0,0,0,0,0,0,0,0,0,0,0,15,0,14,0,8,0,0,9,16,1,36,7,0,0,42,10,69,24,48,31,49,41,13,21,27,0,0,0,7,13,14,21,12,38,13,0,13,15,22,40,21,49,26,18,5,11,17,22,55,38,7,24,0,32,20,22,7,20,26,39,15,29,46,13,9,43,8,52,17,38,35,1,39,5,5,0,2,1,0,9,5,0,11,0,8,0,0,0,0,0,0,0,0,0,0,0,0,0,0,0,0,0,0,0,0,0,0,0,0,0,0,0,0,0,0,0,0,0,0,0,0,0,0,0,0,0,0,0,0,0,0,0,0,0,0,0,0,0,0,0,0,0,0,0,0,0,0,0,0,0,0,0,0,0,0,0,0,0,0,0,0,0,0,0,0,0,0,0,0,0,0,0,0,0,0,0,0,0,0,0,0,0,0,0,0,0,0,0,0,0,0,0,0,0,0,0,0,0,0,0,0,0,0,0,0,0,0,0,0,0,0,0,0,0,0,0,0,0,0,0,0,0,0,0,0,0,0,0,0,0,0,0,0,0,0,0,0,0,0,0,0,0,0,0,0,0,0,0,0,0,0,0,0,0,0,0,0,0,0,0,0,0,0,0,0,0,0,0,0,0}
Count:   0.0   0.0   0.0   0.0   0.0   0.0   0.0   0.0   0.0   0.0   0.0   0.0   0.0   0.0   0.0   0.0   0.0   0.1   0.0   0.0   0.0   0.0   0.0   0.0   0.0   0.0   0.0   0.0   0.0   0.0   0.0   0.0   0.0   0.1   0.0   0.0   0.1   0.0   0.0   0.0   0.1   0.0   0.0   0.0   0.1   0.0   0.0   0.0   0.0   0.1   0.0   0.0   0.0   0.0   0.0   0.0   0.0   0.1   0.0   0.1   0.0   0.0   0.0   0.0   0.0   0.1   0.0   0.1   0.0   0.1   0.1   0.0   0.0   0.0   0.0   0.1   0.1   0.0   0.0   0.0   0.0   0.0   0.1   0.0   0.0   0.0   0.0   0.1   0.0   0.0   0.0   0.0   0.0   0.0   0.0   0.0   0.0   0.0   0.0   0.0   0.0   0.0   0.0   0.1   0.0   0.0   0.0   0.1   0.0   0.0   0.0   0.0   0.1   0.0   0.0   0.1   0.0   0.0   0.0   0.0   0.0   0.0   0.1   0.0   0.0   0.0   0.0   0.1   0.1   0.0   0.0   0.0   0.0   0.0   0.0   0.1   0.0   0.1   0.1   0.0   0.0   0.0   0.0   0.0   0.0   0.1   0.0   0.1   0.0   0.0   0.0   0.0   0.1   0.0   0.0   0.0   0.0   0.0   0.0   0.1   0.1   0.0   0.0   0.0   0.1   0.0   0.0   0.1   0.0   0.0   0.1   0.0   0.0   0.0   0.0   0.0   0.0   0.0   0.0   0.0   0.0   0.0   0.0   0.1   0.0   0.0   0.0   0.0   0.0   0.0   0.1   0.1   0.0   0.0   0.0   0.0   0.0   0.0   0.2   0.0 
B: 17.0 * * * * 21.0 21.0 19.0 * * * * * * 16.0 13.0 * 19.5 * 13.0 22.0 * * * 23.4 16.6 * 14.0 * 13.3 * 11.8 11.8 13.5 * 17.0 14.1 14.0 * * 15.0 18.0 * 14.0 13.5 * * 17.0 17.0 17.9 * * * 15.0 12.0 12.0 17.0 14.2 25.0 20.6 17.0 13.0 21.0 * * 15.0 16.0 14.9 17.7 15.5 17.2 14.0 * * * 14.5 17.8 * * 16.0 * * 14.7 * * * 25.3 23.3 * 12.0 * 15.0 * 15.0 * * 13.0 15.0 15.0 * 14.0 * * 16.0 16.0 * * 19.7 * * 17.0 22.0 15.4 24.0 * 19.5 * 27.0 27.0 * 24.0 18.5 14.6 17.0 16.1 19.0 19.0 16.3 16.1 * * 14.0 * 12.0 * 24.3 27.0 20.5 21.0 * 17.5 13.0 17.1 25.0 * 16.5 22.0 15.8 20.1 19.5 22.1 13.5 20.1 * 20.0 * * 14.0 20.0 19.4 17.3 * * 23.0 13.2 * 15.0 16.5 * 16.0 14.7 14.0 * 26.0 * * 20.0 13.0 22.0 * * * * 17.5 21.0 17.0 * 19.0 15.0 13.0 17.3 16.5 16.0 16.0 23.0 21.0 * * 20.0 13.0 
Direction:  n* * * *  n n n* * * * * *  n n*  n*  n n* * *  n n*  n*  n*  n n n*  n n n* *  n n*  n n* *  n n n* * *  n n n n n n n n n n* *  n n n n n n n* * *  n n* *  n* *  n* * *  n n*  n*  n*  n* *  n n n*  n* *  n n* *  n* *  n n n n*  n*  n n*  n n n n n n n n n* *  n*  n*  n n n n*  n n n n*  n n n n n n n n*  n* *  n n n n* *  n n*  n n*  n n n*  n* *  n n n* * * *  n n n*  n n n n n n n n n* *  n n

56.2: Count:   0.0 (  0.0) A:  10.6 [10-13] B:  15.9 [10-27] Phase: 138 (12.38) Direction:  nPhase: 162 ( 6.52) Direction:  nPhase: 153 ( 9.26) Direction:  nPhase: 151 ( 6.81) Direction:  nPhase: 149 ( 5.72) Direction:  nPhase: 153 ( 5.54) Direction:  nPhase: 150 ( 7.37) Direction:  nPhase: 148 ( 7.46) Direction:  n
Phase: {0,0,0,0,0,0,0,0,0,0,0,0,0,0,0,0,0,0,0,0,0,0,0,0,0,0,0,0,0,0,0,0,0,0,0,0,0,0,0,0,0,0,0,0,0,0,0,0,0,0,0,0,0,0,0,0,0,0,0,0,0,0,0,0,0,0,0,0,0,0,0,0,0,0,0,0,0,0,0,0,0,0,0,0,0,0,0,0,0,0,0,0,0,0,0,0,15,0,15,0,4,7,2,13,34,13,13,20,15,5,23,0,24,29,1,0,0,16,5,11,1,0,13,0,15,0,0,21,12,40,11,32,34,38,0,46,35,20,30,14,58,29,46,32,36,32,38,19,42,16,15,11,32,65,11,23,37,18,31,22,14,16,14,15,4,24,1,0,0,15,0,0,0,22,0,0,0,0,0,0,0,0,0,0,0,0,0,0,0,0,0,0,0,0,0,0,0,0,0,0,0,0,0,0,0,0,0,0,0,0,0,0,0,0,0,0,0,0,0,0,0,0,0,0,0,0,0,0,0,0,0,0,0,0,0,0,0,0,0,0,0,0,0,0,0,0,0,0,0,0,0,0,0,0,0,0,0,0,0,0,0,0,0,0,0,0,0,0,0,0,0,0,0,0,0,0,0,0,0,0,0,0,0,0,0,0,0,0,0,0,0,0,0,0,0,0,0,0,0,0,0,0,0,0,0,0,0,0,0,0,0,0,0,0,0,0,0,0,0,0,0,0,0,0,0,0,0,0,0,0,0,0,0,0,0,0,0,0,0,0,0,0,0,0,0,0,0,0,0,0,0,0,0,0,0,0,0,0,0,0}
Count:   0.0   0.0   0.0   0.1   0.0   0.0   0.0   0.0   0.0   0.0   0.0   0.0   0.0   0.0   0.0   0.0   0.0   0.0   0.0   0.1   0.0   0.0   0.0   0.0   0.0   0.0   0.0   0.0   0.0   0.0   0.0   0.0   0.0   0.1   0.0   0.0   0.1   0.0   0.0   0.0   0.1   0.0   0.0   0.0   0.1   0.0   0.0   0.0   0.1   0.1   0.0   0.0   0.0   0.0   0.0   0.1   0.0   0.0   0.0   0.1   0.0   0.0   0.0   0.0   0.0   0.0   0.0   0.0   0.0   0.0   0.0   0.1   0.0   0.0   0.0   0.1   0.0   0.0   0.0   0.0   0.0   0.0   0.0   0.0   0.0   0.0   0.0   0.0   0.0   0.0   0.0   0.0   0.0   0.0   0.1   0.0   0.0   0.1   0.0   0.0   0.0   0.0   0.0   0.0   0.0   0.0   0.1   0.0   0.0   0.0   0.1   0.0   0.1   0.0   0.0   0.0   0.0   0.1   0.0   0.0   0.0   0.0   0.0   0.0   0.0   0.0   0.0   0.0   0.1   0.1   0.1   0.1   0.0   0.0   0.0   0.0   0.0   0.1   0.0   0.0   0.0   0.1   0.0   0.1   0.1   0.0   0.0   0.1   0.0   0.0   0.0   0.0   0.0   0.0   0.0   0.0   0.1   0.0   0.0   0.0   0.0   0.0   0.0   0.1   0.1   0.0   0.0   0.0   0.1   0.1   0.0   0.1   0.0   0.0   0.0   0.0   0.1   0.0   0.0   0.0   0.0   0.0   0.0   0.0   0.0   0.0   0.0   0.1   0.0   0.0   0.0   0.0   0.0   0.0   0.0   0.0   0.1   0.1   0.1   0.0 
B: 15.3 * * 14.0 * 17.0 * * * * * * * * 13.0 * * * * 15.9 19.0 14.0 16.0 22.0 18.5 14.0 11.0 * * 19.0 16.6 14.3 15.8 12.4 * 24.0 12.2 14.0 * * 15.0 20.0 * 16.0 16.3 14.0 * 20.0 14.0 16.6 * * * 10.0 16.0 16.3 20.0 * 25.0 17.8 * 13.0 * * * * 21.5 13.0 14.0 16.0 13.0 10.3 * * * 18.6 14.3 * * 11.0 * 18.0 12.4 * * 14.0 * * * * 16.0 12.4 * 23.0 14.0 24.0 * 15.5 14.1 12.0 12.0 16.0 * 13.0 13.0 * 16.0 * * * 11.0 25.0 13.7 24.0 * 14.0 27.0 16.1 13.8 * 13.5 20.0 11.0 10.0 16.6 * 17.0 20.0 18.7 16.0 26.0 13.0 * 26.0 26.0 * * 13.0 * * 15.0 17.0 * 22.0 15.0 16.0 * 15.0 * * 14.0 22.5 * 16.0 * * 13.0 * 22.0 13.0 12.0 * * 14.8 15.1 * 18.0 13.0 16.1 16.7 21.4 15.8 14.0 * 15.0 15.0 17.4 12.0 17.0 * * * * 24.0 * * 13.0 15.1 13.0 11.0 15.0 15.0 17.0 18.0 19.0 * 13.1 13.0 23.0 19.5 
Direction:  n* *  n*  n* * * * * * * *  n* * * *  n n n n n n n n* *  n n n n n*  n n n* *  n n*  n n n*  n n n* * *  n n n n*  n n*  n* * * *  n n n n n n* * *  n n* *  n*  n n* *  n* * * *  n n*  n n n*  n n n n n*  n n*  n* * *  n n n n*  n n n n*  n n n n n*  n n n n n n*  n n* *  n* *  n n*  n n n*  n* *  n n*  n* *  n*  n n n* *  n n*  n n n n n n n*  n n n n n* * * *  n* *  n n n n n n n n n*  n n n n

56.3: Count:   0.0 (  0.0) A:  10.6 [10-13] B:  15.9 [10-28] Phase: 156 (13.81) Direction:  nPhase: 140 ( 8.03) Direction:  nPhase: 140 ( 7.16) Direction:  nPhase: 140 ( 7.77) Direction:  nPhase: 140 ( 7.79) Direction:  nPhase: 140 ( 7.37) Direction:  nPhase: 138 ( 8.00) Direction:  nPhase: 137 ( 7.26) Direction:  n
Phase: {0,0,0,0,0,0,0,0,0,0,0,0,0,0,0,0,0,0,0,0,0,0,0,0,0,0,0,0,0,0,0,0,0,0,0,0,0,0,0,0,0,0,0,0,0,0,0,0,0,0,0,0,0,0,0,0,0,0,0,0,0,0,0,0,0,0,0,0,0,0,0,0,0,0,0,0,0,0,0,15,0,0,0,0,0,0,0,0,0,0,5,4,0,0,0,0,0,0,17,30,0,35,0,0,0,5,13,0,0,5,0,15,25,36,4,44,19,0,0,15,0,9,0,0,31,7,14,39,0,5,12,46,23,12,0,51,0,22,42,18,6,33,53,42,25,30,49,13,61,17,28,18,20,15,0,1,59,37,11,18,5,0,20,28,16,24,15,13,4,11,24,5,7,7,0,15,18,0,0,0,18,0,0,0,0,0,0,0,0,0,0,0,0,0,0,0,0,0,0,0,0,0,0,0,0,0,0,0,0,0,0,0,0,0,0,0,0,0,0,0,0,0,0,0,0,0,0,0,0,0,0,0,0,0,0,0,0,0,0,0,0,0,0,0,0,0,0,0,0,0,0,0,0,0,0,0,0,0,0,0,0,0,0,0,0,0,0,0,0,0,0,0,0,0,0,0,0,0,0,0,0,0,0,0,0,0,0,0,0,0,0,0,0,0,0,0,0,0,0,0,0,0,0,0,0,0,0,0,0,0,0,0,0,0,0,0,0,0,0,0,0,0,0,0,0,0,0,0,0,0,0,0,0,0,0,0,0,0,0,0,0,0,0,0,0,0,0,0,0,0,0,0,0,0,0,0,0,0,0,0}
Count:   0.0   0.0   0.0   0.0   0.0   0.0   0.0   0.0   0.0   0.0   0.0   0.0   0.0   0.0   0.0   0.0   0.0   0.0   0.0   0.0   0.0   0.0   0.0   0.0   0.0   0.1   0.0   0.0   0.0   0.0   0.0   0.0   0.0   0.1   0.0   0.0   0.1   0.0   0.0   0.0   0.0   0.0   0.0   0.0   0.0   0.0   0.0   0.0   0.0   0.1   0.0   0.0   0.0   0.1   0.0   0.0   0.0   0.0   0.0   0.1   0.0   0.0   0.0   0.0   0.0   0.0   0.1   0.1   0.0   0.0   0.0   0.0   0.0   0.0   0.0   0.1   0.0   0.0   0.0   0.0   0.0   0.0   0.0   0.0   0.0   0.1   0.0   0.0   0.0   0.1   0.0   0.0   0.0   0.1   0.1   0.0   0.0   0.1   0.0   0.0   0.0   0.0   0.0   0.0   0.0   0.0   0.1   0.0   0.0   0.0   0.0   0.0   0.1   0.1   0.1   0.0   0.0   0.0   0.0   0.0   0.1   0.0   0.0   0.1   0.0   0.0   0.0   0.0   0.0   0.1   0.0   0.1   0.0   0.1   0.0   0.1   0.0   0.1   0.0   0.0   0.0   0.0   0.0   0.1   0.1   0.0   0.0   0.1   0.0   0.0   0.0   0.0   0.0   0.0   0.0   0.0   0.0   0.0   0.1   0.0   0.1   0.0   0.0   0.0   0.1   0.0   0.0   0.0   0.2   0.0   0.0   0.1   0.0   0.0   0.1   0.0   0.0   0.0   0.0   0.0   0.0   0.0   0.0   0.0   0.0   0.0   0.0   0.1   0.0   0.0   0.0   0.0   0.0   0.0   0.0   0.0   0.0   0.1   0.1   0.0 
B: 15.0 * * * * 19.0 * 11.0 * * * * * * * * * 12.0 * 12.0 * 18.0 * 10.0 * 14.2 * * * 19.0 12.0 17.1 17.8 12.8 17.0 16.0 14.0 * * * * * * 17.0 11.3 10.7 17.0 16.0 16.0 14.8 * * 16.0 14.4 * * * 10.0 18.0 17.3 * * * * * * 20.4 16.6 20.0 * * * * * * 17.3 16.0 12.0 17.5 * * 11.0 15.0 * 17.2 13.6 16.0 * 21.5 21.5 27.0 14.0 * 18.3 14.9 25.0 * 16.5 18.5 13.0 13.0 * * 13.0 13.0 * 12.0 * * * * 20.0 15.0 17.8 12.1 * * 13.0 16.0 * 18.6 * * 15.5 15.5 * 17.0 * * 15.0 * 14.0 12.0 19.5 23.0 13.6 14.5 13.0 * * 16.0 * * 16.0 11.5 10.0 * 12.0 * * * 17.5 17.5 20.0 * * 12.0 * 20.0 12.0 16.5 * * * 17.0 * 14.0 * 17.5 * * 17.2 24.0 * 15.8 19.0 * 18.0 * * 21.0 * * * 14.0 12.3 16.0 14.6 * * 21.5 * 11.0 13.7 19.0 * 12.0 20.5 12.0 17.0 
Direction:  n* * * *  n*  n* * * * * * * * *  n*  n*  n*  n*  n* * *  n n n n n n n n* * * * * *  n n n n n n n* *  n n* * *  n n n* * * * * *  n n n* * * * * *  n n n n* *  n n*  n n n*  n n n n*  n n n*  n n n n* *  n n*  n* * * *  n n n n* *  n n*  n* *  n n*  n* *  n*  n n n n n n n* *  n* *  n n n*  n* * *  n n n* *  n*  n n n* * *  n*  n*  n* *  n n*  n n*  n* *  n* * *  n n n n* *  n*  n n n*  n n n n

56.4: Count:   0.0 (  0.0) A:  10.6 [10-14] B:  16.4 [10-28] Phase: 154 (12.69) Direction:  nPhase: 115 ( 6.19) Direction:  nPhase: 147 ( 4.40) Direction:  nPhase: 137 ( 6.79) Direction:  nPhase: 137 ( 7.81) Direction:  nPhase: 137 ( 7.88) Direction:  nPhase: 128 ( 7.91) Direction:  nPhase: 139 ( 8.13) Direction:  n
Phase: {0,0,0,0,0,0,0,0,0,0,0,0,0,0,0,0,0,0,0,0,0,0,0,0,7,0,0,0,0,0,0,0,0,0,0,0,0,0,0,0,0,0,0,0,0,0,0,0,0,0,0,0,0,0,0,0,0,0,0,0,0,0,0,0,0,0,0,0,0,0,0,0,0,0,0,0,0,0,7,0,0,0,0,0,3,0,0,0,0,0,0,0,22,0,0,0,0,0,0,5,0,8,11,0,0,0,11,16,9,10,40,10,13,0,11,31,33,24,24,9,5,18,22,19,14,1,11,25,27,0,14,0,13,31,16,38,16,33,31,15,19,15,0,59,33,38,35,28,27,40,23,20,22,11,14,19,0,32,42,0,33,14,17,32,13,7,0,0,0,6,16,16,35,0,0,13,9,0,0,1,1,0,0,0,11,0,0,0,0,0,13,0,0,0,0,0,0,0,0,0,0,0,0,0,0,0,0,0,0,0,0,0,0,0,0,0,0,0,0,0,0,0,0,0,0,0,0,0,0,0,0,0,0,0,0,0,0,0,0,0,0,0,0,0,0,0,0,0,0,0,0,0,0,0,0,0,0,0,0,0,0,0,0,0,0,0,0,0,0,0,0,0,0,0,0,0,0,0,0,0,0,0,0,0,0,0,0,0,0,0,0,0,0,0,0,0,0,0,0,0,0,0,0,0,0,0,0,0,0,0,0,0,0,0,0,0,0,0,0,0,0,0,0,0,0,0,0,0,0,0,0,0,0,0,0,0,0,0,0,0,0,0,0,0,0,0,0,0,0,0,0,0,0,0,0,0,0,0,0,0}
Count:   0.0   0.0   0.0   0.0   0.0   0.0   0.0   0.0   0.0   0.0   0.0   0.0   0.0   0.0   0.0   0.0   0.0   0.0   0.0   0.0   0.0   0.0   0.0   0.0   0.0   0.1   0.1   0.1   0.1   0.0   0.0   0.0   0.0   0.0   0.0   0.0   0.1   0.1   0.0   0.0   0.0   0.1   0.0   0.0   0.0   0.0   0.0   0.0   0.0   0.0   0.0   0.0   0.0   0.0   0.0   0.0   0.0   0.0   0.0   0.0   0.1   0.0   0.0   0.0   0.1   0.0   0.0   0.0   0.0   0.0   0.0   0.1   0.0   0.0   0.0   0.1   0.1   0.0   0.0   0.0   0.0   0.0   0.0   0.0   0.0   0.0   0.0   0.0   0.1   0.1   0.0   0.0   0.0   0.0   0.0   0.0   0.0   0.0   0.0   0.1   0.0   0.0   0.0   0.0   0.0   0.0   0.1   0.1   0.0   0.0   0.0   0.0   0.0   0.0   0.1   0.0   0.0   0.0   0.1   0.0   0.0   0.0   0.0   0.1   0.0   0.0   0.0   0.0   0.0   0.0   0.1   0.1   0.0   0.0   0.0   0.0   0.1   0.1   0.0   0.0   0.0   0.1   0.0   0.1   0.1   0.1   0.0   0.0   0.1   0.0   0.0   0.0   0.0   0.0   0.0   0.0   0.0   0.1   0.1   0.0   0.0   0.0   0.0   0.0   0.1   0.1   0.0   0.0   0.1   0.0   0.1   0.0   0.1   0.1   0.0   0.2   0.0   0.1   0.0   0.0   0.0   0.0   0.0   0.0   0.0   0.0   0.1   0.0   0.0   0.0   0.0   0.0   0.0   0.1   0.0   0.0   0.1   0.0   0.0   0.0 
B: 17.0 * * * * 12.0 * * * * * * * * * * 26.0 * * * * * * * 13.0 19.6 20.3 18.0 12.0 * * 19.6 * 23.0 12.7 * 12.5 13.1 12.0 * 17.0 17.2 23.0 * * 15.0 18.4 19.5 21.5 * * 15.0 16.0 16.0 13.0 * 14.0 22.0 * * 11.3 21.0 17.0 * 14.8 14.0 * * * * 15.0 15.0 21.0 21.0 10.0 13.2 20.5 14.0 17.0 19.0 * 13.0 * * * * * * 13.3 15.0 * 11.0 * 16.0 * * * 28.0 * 16.0 24.0 * * * * 16.0 13.0 16.5 20.0 * 22.0 * * * 18.0 * * 13.0 14.4 * * 19.5 * 24.0 * * * * 12.0 10.0 14.0 16.0 13.0 * * * 11.0 15.0 * * * 19.7 20.0 13.5 13.0 20.0 * * 13.0 11.0 15.4 * 20.5 12.0 * 17.0 11.0 17.6 18.2 * 11.0 14.0 14.0 * 21.1 13.9 21.0 * 18.0 21.0 17.5 * 20.4 16.9 * 18.7 21.4 12.9 17.0 * 17.0 * * 18.0 * * 20.4 14.0 * * 12.0 * * 12.2 * * 15.1 * 12.0 * 
Direction:  n* * * *  n* * * * * * * * * *  n* * * * * * *  n n n n n* *  n*  n n*  n n n*  n n n* *  n n n n* *  n n n n*  n n* *  n n n*  n n* * * *  n n n n n n n n n n*  n* * * * * *  n n*  n*  n* * *  n*  n n* * * *  n n n n*  n* * *  n* *  n n* *  n*  n* * * *  n n n n n* * *  n n* * *  n n n n n* *  n n n*  n n*  n n n n*  n n n*  n n n*  n n n*  n n*  n n n n*  n* *  n* *  n n* *  n* *  n* *  n*  n* 

56.5: Count:   0.0 (  0.0) A:  10.8 [10-14] B:  15.6 [10-27] Phase: 129 (11.59) Direction:  nPhase: 154 ( 8.03) Direction:  nPhase: 126 (10.46) Direction:  nPhase: 120 (10.19) Direction:  nPhase: 144 ( 9.99) Direction:  nPhase: 150 ( 8.40) Direction:  nPhase: 121 ( 9.57) Direction:  nPhase: 124 ( 9.39) Direction:  n
Phase: {0,0,0,0,0,0,0,0,0,0,0,0,0,0,0,0,11,15,0,0,0,0,0,0,0,0,0,0,0,0,0,0,0,0,0,0,0,0,0,0,0,0,0,0,0,0,0,0,0,0,0,0,0,0,2,0,0,0,0,0,0,0,0,0,0,0,0,0,0,0,0,0,4,0,0,0,0,0,0,0,0,0,0,0,0,0,0,0,0,0,0,0,0,0,0,0,15,0,15,0,0,22,20,10,0,7,11,11,10,37,0,0,7,14,0,9,28,7,0,0,8,0,31,28,44,33,11,39,14,43,7,31,20,16,38,0,39,5,43,33,16,3,9,31,14,0,7,12,1,42,26,58,44,26,15,8,24,38,0,24,9,0,0,5,7,0,15,0,13,0,0,26,0,0,0,7,0,0,0,0,0,0,0,0,0,0,0,0,0,0,0,0,0,0,0,0,0,0,0,0,0,0,0,0,0,0,0,0,0,0,0,0,0,0,0,0,0,0,0,0,0,0,0,0,0,0,0,0,0,0,0,0,0,0,0,0,0,0,0,0,0,0,0,0,0,0,0,0,0,0,0,0,0,0,0,0,0,0,0,0,0,0,0,0,0,0,0,0,0,0,0,0,0,0,0,0,0,0,0,0,0,0,0,0,0,0,0,0,0,0,0,0,0,0,0,0,0,0,0,0,0,0,0,0,0,0,0,0,0,0,0,0,0,0,0,0,0,0,0,0,0,0,0,0,0,0,0,0,0,0,0,0,2,0,0,0,0,0,0,0,0,0,0,0,0,0,0,0,0,0,0,0,0,0,0,0,0,0,0,0}
Count:   0.0   0.0   0.0   0.0   0.0   0.0   0.0   0.0   0.0   0.0   0.0   0.0   0.0   0.0   0.0   0.0   0.0   0.0   0.0   0.0   0.0   0.0   0.0   0.0   0.0   0.0   0.0   0.1   0.0   0.0   0.0   0.1   0.0   0.0   0.0   0.0   0.0   0.0   0.1   0.0   0.1   0.0   0.0   0.0   0.0   0.0   0.0   0.0   0.1   0.0   0.0   0.0   0.1   0.0   0.0   0.0   0.0   0.0   0.0   0.0   0.0   0.0   0.0   0.0   0.1   0.1   0.0   0.0   0.0   0.0   0.0   0.0   0.0   0.0   0.0   0.0   0.0   0.0   0.0   0.0   0.0   0.1   0.0   0.0   0.0   0.0   0.0   0.0   0.0   0.0   0.0   0.0   0.0   0.0   0.0   0.0   0.0   0.0   0.0   0.0   0.1   0.0   0.1   0.0   0.0   0.0   0.0   0.0   0.0   0.1   0.0   0.0   0.0   0.0   0.0   0.0   0.1   0.1   0.1   0.1   0.0   0.0   0.0   0.1   0.0   0.0   0.0   0.0   0.1   0.0   0.1   0.1   0.0   0.0   0.0   0.0   0.1   0.0   0.0   0.0   0.0   0.1   0.0   0.1   0.1   0.1   0.0   0.0   0.0   0.0   0.0   0.0   0.1   0.0   0.0   0.0   0.0   0.0   0.0   0.0   0.0   0.0   0.1   0.0   0.1   0.1   0.0   0.0   0.1   0.0   0.0   0.0   0.0   0.1   0.0   0.1   0.0   0.1   0.0   0.0   0.0   0.0   0.0   0.0   0.0   0.1   0.1   0.0   0.0   0.1   0.0   0.0   0.0   0.1   0.0   0.0   0.0   0.0   0.0   0.0 
B: 14.0 * * * * * * * * * * * * * * * 23.0 * * * 13.0 13.0 * * 17.2 * 16.0 14.0 * * 14.0 16.5 10.0 14.0 15.3 * * * 13.0 * 13.0 12.0 * * 13.0 14.0 22.0 25.0 18.5 * 13.0 14.0 15.0 18.0 * 16.5 * * 16.0 * * 12.0 16.0 * 12.2 18.1 * 13.0 12.0 * 15.0 15.0 19.0 19.0 * 15.0 22.8 14.0 * * * 17.8 15.7 * * 18.0 * * 12.0 * * * 17.0 12.0 * * * 18.0 * 13.0 18.0 * 12.0 * * * * * * 16.3 20.0 * * * * * 14.0 20.0 13.8 13.0 * * * 14.0 * * * * 15.0 * 14.0 13.0 15.0 * * * 19.0 * * * * 16.8 21.0 14.0 24.2 15.0 * 19.0 * 12.0 10.6 13.0 15.0 * * * * 17.0 11.5 * * 18.0 12.3 * 19.9 12.8 * 11.0 17.0 * 22.0 11.0 * 15.3 * 14.7 16.0 16.1 15.0 * 10.0 * * * * 17.0 18.5 21.0 * 19.6 10.0 * 16.6 17.5 14.0 * 25.0 13.0 * * 
Direction:  n* * * * * * * * * * * * * * *  n* * *  n n* *  n*  n n* *  n n n n n* * *  n*  n n* *  n n n n n*  n n n n*  n* *  n* *  n n*  n n*  n n*  n n n n*  n n n* * *  n n* *  n* *  n* * *  n n* * *  n*  n n*  n* * * * * *  n n* * * * *  n n n n* * *  n* * * *  n*  n n n* * *  n* * * *  n n n n n*  n*  n n n n* * * *  n n* *  n n*  n n*  n n*  n n*  n*  n n n n*  n* * * *  n n n*  n n*  n n n*  n n* * 

56.6: Count:   0.0 (  0.0) A:  10.6 [10-13] B:  16.1 [10-29] Phase: 136 (13.26) Direction:  nPhase: 146 ( 7.93) Direction:  nPhase: 154 ( 6.31) Direction:  nPhase: 152 ( 6.81) Direction:  nPhase: 152 ( 7.52) Direction:  nPhase: 152 ( 7.83) Direction:  nPhase: 152 ( 7.37) Direction:  nPhase: 149 ( 7.78) Direction:  n
Phase: {0,0,0,0,0,0,0,0,0,0,0,0,0,0,0,0,0,0,0,0,0,0,0,0,0,0,0,0,0,0,0,0,0,0,0,7,0,0,0,0,0,0,0,0,0,0,0,0,0,0,0,0,0,0,0,0,0,0,0,0,0,0,0,0,0,0,0,0,0,0,0,0,0,0,0,0,0,0,0,0,0,0,0,0,0,0,0,0,0,0,0,0,0,0,0,0,0,0,0,0,16,0,0,0,13,0,20,2,0,0,0,15,14,0,0,5,21,24,7,5,29,26,0,0,13,9,21,23,11,22,0,11,1,20,44,0,29,14,40,26,9,33,10,9,9,29,6,24,49,0,0,31,49,20,0,0,11,36,7,13,18,0,5,5,21,9,0,0,0,1,0,0,5,0,0,0,0,0,0,0,0,0,0,0,0,0,0,0,0,0,0,0,0,0,0,0,0,0,0,0,0,0,0,0,0,0,0,0,0,0,0,0,0,0,0,0,0,0,0,0,0,0,0,0,0,0,0,0,0,0,0,0,0,0,0,0,0,0,0,0,0,0,0,0,0,0,0,0,0,0,0,0,0,0,0,0,0,0,0,0,0,0,0,0,0,0,0,0,0,0,0,0,0,0,0,0,0,0,0,0,0,0,0,0,0,0,0,0,0,0,0,0,0,0,0,0,0,0,0,0,0,0,0,0,0,0,0,0,0,0,0,0,0,0,0,0,0,0,0,0,0,0,0,0,0,0,0,0,0,0,0,0,0,0,0,0,0,0,0,0,0,0,0,0,0,0,0,0,0,0,0,0,0,0,0,0,0,0,0,0}
Count:   0.0   0.0   0.0   0.0   0.0   0.0   0.0   0.0   0.0   0.0   0.0   0.0   0.0   0.0   0.0   0.0   0.0   0.0   0.0   0.0   0.0   0.0   0.0   0.0   0.0   0.0   0.0   0.0   0.0   0.0   0.0   0.1   0.0   0.0   0.0   0.0   0.0   0.0   0.1   0.0   0.1   0.0   0.0   0.0   0.0   0.0   0.0   0.0   0.0   0.0   0.0   0.1   0.0   0.0   0.0   0.1   0.1   0.0   0.0   0.0   0.0   0.0   0.0   0.0   0.0   0.0   0.0   0.0   0.0   0.0   0.0   0.0   0.0   0.0   0.0   0.0   0.0   0.0   0.0   0.0   0.0   0.1   0.0   0.0   0.0   0.0   0.0   0.0   0.0   0.0   0.0   0.0   0.0   0.0   0.0   0.0   0.0   0.0   0.0   0.0   0.0   0.0   0.0   0.0   0.0   0.0   0.0   0.1   0.0   0.0   0.0   0.0   0.0   0.1   0.0   0.0   0.0   0.1   0.1   0.1   0.0   0.0   0.0   0.0   0.0   0.0   0.0   0.0   0.0   0.0   0.0   0.0   0.0   0.0   0.1   0.0   0.0   0.0   0.0   0.0   0.0   0.1   0.0   0.2   0.0   0.0   0.0   0.0   0.0   0.1   0.0   0.0   0.1   0.0   0.0   0.0   0.0   0.0   0.0   0.0   0.0   0.0   0.0   0.0   0.1   0.1   0.0   0.0   0.0   0.0   0.0   0.1   0.0   0.0   0.0   0.2   0.0   0.1   0.0   0.0   0.0   0.0   0.0   0.0   0.0   0.1   0.1   0.0   0.0   0.1   0.0   0.0   0.0   0.0   0.0   0.0   0.0   0.0   0.0   0.0 
B: * * * * * * * * * * * * * * * * 15.0 * * * 13.0 * * * 15.4 * 12.0 * 24.0 * * 11.0 10.0 16.5 15.0 * 17.0 * 22.0 * 20.0 * * * * 16.0 15.0 * 17.0 14.0 * 20.0 17.7 24.0 * 17.3 15.5 * * * * * 14.0 13.0 13.0 13.0 * 14.0 12.0 * 11.0 11.0 * * * * 13.0 14.0 14.0 10.0 * 17.4 10.0 * * * * * * * * * * 19.0 * * * 29.0 * 18.0 * * * * * * 11.0 23.0 * * * * * 20.3 22.0 * * 11.0 13.0 24.0 * * * * * * * * 10.0 * 14.0 * 13.0 * 12.0 * 17.5 13.0 * * * 15.0 * 19.2 20.0 * * * 16.5 16.6 * * 23.9 * 10.0 * * * 13.0 13.0 13.0 * * * 15.0 14.5 * * 14.0 * * 13.5 * 12.0 * 18.0 * 13.7 10.0 * * * * 14.0 11.0 13.5 16.0 17.0 * 14.5 * 10.0 11.0 * * 16.0 17.0 * * * 
Direction: * * * * * * * * * * * * * * * *  n* * *  n* * *  n*  n*  n* *  n n n n*  n*  n*  n* * * *  n n*  n n*  n n n*  n n* * * * *  n n n n*  n n*  n n* * * *  n n n n*  n n* * * * * * * * * *  n* * *  n*  n* * * * * *  n n* * * * *  n n* *  n n n* * * * * * * *  n*  n*  n*  n*  n n* * *  n*  n n* * *  n n* *  n*  n* * *  n n n* * *  n n* *  n* *  n*  n*  n*  n n* * * *  n n n n n*  n*  n n* *  n n* * * 

56.7: Count:   0.0 (  0.0) A:  10.7 [10-13] B:  16.1 [10-28] Phase: 132 (16.16) Direction:  nPhase: 140 ( 8.98) Direction:  nPhase: 138 ( 6.07) Direction:  nPhase: 138 ( 6.13) Direction:  nPhase: 156 ( 6.86) Direction:  nPhase: 144 (13.40) Direction:  nPhase: 148 ( 9.36) Direction:  nPhase: 152 (10.15) Direction:  n
Phase: {0,0,0,0,0,0,0,0,0,0,0,0,0,0,0,0,0,0,0,0,0,0,0,0,0,0,0,0,0,0,0,0,0,0,0,0,0,0,0,0,0,0,0,0,0,0,0,0,0,0,0,0,0,15,0,0,0,0,0,0,0,0,0,0,0,0,0,0,0,0,0,0,0,0,0,0,0,9,0,0,0,0,0,0,0,0,0,0,0,0,0,0,0,0,0,0,0,18,0,0,5,0,0,9,0,0,15,7,9,5,0,9,19,47,12,13,9,21,36,0,22,28,31,15,9,0,11,22,22,19,24,14,33,21,10,17,9,1,37,7,1,23,0,7,11,40,31,15,7,15,0,21,54,7,15,11,17,22,26,7,38,13,13,7,0,0,11,6,11,0,11,15,0,0,0,0,0,0,0,0,20,0,0,0,0,0,9,0,0,0,0,0,0,0,0,0,0,0,0,0,0,0,0,0,0,0,0,0,0,0,0,0,0,0,0,0,0,0,0,0,0,0,0,0,0,0,0,0,0,0,0,0,0,0,0,0,0,0,0,0,0,0,0,0,0,0,0,0,0,0,0,0,0,0,0,0,0,0,0,0,0,0,0,0,0,0,0,0,0,0,0,0,0,0,0,0,0,0,0,0,0,0,0,0,0,0,0,0,0,0,0,0,0,0,0,0,0,0,0,0,0,0,0,0,0,0,0,0,0,0,0,0,0,0,0,0,0,0,0,0,0,0,0,0,0,0,0,0,0,0,0,0,0,0,0,0,0,0,0,0,0,0,0,0,0,0,0,0,0,0,0,0,0,0,0,0,0,0,0,0}
Count:   0.0   0.0   0.0   0.0   0.0   0.0   0.0   0.0   0.0   0.0   0.0   0.0   0.0   0.0   0.0   0.0   0.0   0.0   0.0   0.0   0.0   0.0   0.0   0.0   0.0   0.0   0.1   0.0   0.0   0.0   0.0   0.0   0.0   0.0   0.0   0.0   0.0   0.0   0.1   0.0   0.0   0.0   0.0   0.0   0.0   0.0   0.0   0.0   0.1   0.0   0.0   0.0   0.0   0.0   0.0   0.0   0.0   0.0   0.0   0.0   0.0   0.0   0.0   0.1   0.0   0.0   0.0   0.0   0.0   0.0   0.0   0.0   0.0   0.0   0.1   0.1   0.0   0.0   0.0   0.0   0.0   0.0   0.0   0.0   0.0   0.0   0.0   0.0   0.0   0.0   0.0   0.0   0.0   0.0   0.1   0.0   0.0   0.0   0.0   0.0   0.0   0.0   0.0   0.0   0.0   0.0   0.0   0.0   0.0   0.0   0.1   0.0   0.0   0.0   0.0   0.0   0.0   0.0   0.0   0.0   0.0   0.0   0.0   0.1   0.0   0.0   0.0   0.0   0.0   0.1   0.0   0.0   0.0   0.0   0.0   0.0   0.0   0.1   0.1   0.0   0.1   0.1   0.1   0.0   0.0   0.1   0.1   0.0   0.0   0.0   0.0   0.0   0.0   0.0   0.0   0.0   0.0   0.1   0.0   0.1   0.0   0.0   0.0   0.0   0.0   0.1   0.0   0.0   0.0   0.0   0.1   0.0   0.0   0.0   0.0   0.0   0.1   0.0   0.0   0.0   0.0   0.0   0.0   0.0   0.0   0.1   0.1   0.0   0.1   0.0   0.1   0.0   0.0   0.0   0.0   0.0   0.0   0.0   0.0   0.0 
B: * * * * * * * * * * * * * * * * * * 12.0 * * 22.0 * 21.0 13.3 13.0 16.0 * * * 12.0 * 13.3 * * 13.0 22.0 17.4 16.0 13.0 * 13.0 15.0 16.4 12.0 * 12.0 22.0 17.5 * * 13.0 * 13.5 12.0 * 11.0 11.0 * * * * * 13.7 19.0 13.0 * * 20.0 * 13.0 * 13.0 12.0 12.5 14.9 * 15.0 20.0 11.0 * * 14.0 * * * 12.0 22.0 * * 15.0 19.2 17.4 * 21.0 * 17.0 * * * 23.0 16.0 * 24.0 24.0 * * * * * 11.0 * * 21.0 21.0 * * 18.0 21.0 * * 12.0 12.0 14.0 * * * * * 10.2 10.0 24.0 * * * * * 26.5 16.2 17.0 13.0 14.0 15.0 21.0 * 18.7 15.8 * * * * 16.0 17.0 * 13.0 * * 19.8 * 16.8 13.6 14.0 21.5 * 24.0 12.0 14.0 * 22.0 * 13.2 * * 14.0 16.0 15.0 16.4 14.0 * 24.0 * * * * 16.0 12.1 14.2 * 12.4 13.0 17.2 * 22.0 13.0 * 26.0 20.0 15.0 * 10.0 
Direction: * * * * * * * * * * * * * * * * * *  n* *  n*  n n n n* * *  n*  n* *  n n n n n*  n n n n*  n n n* *  n*  n n*  n n* * * * *  n n n* *  n*  n*  n n n n*  n n n* *  n* * *  n n* *  n n n*  n*  n* * *  n n*  n n* * * * *  n* *  n n* *  n n* *  n n n* * * * *  n n n* * * * *  n n n n n n n*  n n* * * *  n n*  n* *  n*  n n n n*  n n n*  n*  n* *  n n n n n*  n* * * *  n n n*  n n n*  n n*  n n n*  n

56.8: Count:   0.0 (  0.0) A:  10.7 [10-13] B:  16.4 [10-26] Phase: 131 (13.24) Direction:  nPhase: 146 ( 8.71) Direction:  nPhase: 150 ( 6.59) Direction:  nPhase: 154 ( 5.83) Direction:  nPhase: 134 ( 9.97) Direction:  nPhase: 132 ( 7.63) Direction:  nPhase: 134 ( 7.01) Direction:  nPhase: 137 ( 7.42) Direction:  n
Phase: {0,0,0,0,0,0,0,0,0,0,0,0,0,0,0,0,0,0,0,0,0,0,0,0,0,0,0,0,0,0,0,0,0,0,0,0,0,0,0,0,0,0,0,0,0,0,0,0,0,0,0,0,0,0,0,0,0,0,0,0,0,15,0,0,0,0,0,0,0,0,0,7,0,0,0,0,0,0,0,0,0,0,0,0,0,0,0,0,0,0,0,0,0,0,0,0,0,0,0,0,0,0,0,0,0,0,1,0,0,31,0,15,9,0,31,11,1,22,16,11,0,13,39,26,5,21,18,18,15,10,0,29,3,11,0,13,42,28,0,38,4,14,12,53,7,29,25,0,0,22,0,49,13,2,31,5,52,0,19,0,0,16,33,7,11,0,18,5,6,0,0,0,0,0,3,13,0,0,0,0,0,5,0,0,0,5,0,0,0,0,0,0,0,0,0,0,0,0,0,0,0,0,0,0,0,0,0,0,0,0,0,0,0,0,0,0,0,0,0,0,0,0,0,0,0,0,0,0,0,0,0,0,0,0,0,0,0,0,0,0,0,0,0,0,0,0,0,0,0,0,0,0,0,0,0,0,0,0,0,0,0,0,0,0,0,0,0,0,0,0,0,0,0,0,0,0,0,0,0,0,0,0,0,0,0,0,0,0,0,0,0,0,0,0,0,0,0,0,0,0,0,0,0,0,0,0,0,0,0,0,0,0,0,0,0,0,0,0,0,0,0,0,0,0,0,0,0,0,0,0,0,0,0,0,0,0,0,0,0,0,0,0,5,0,0,0,0,0,0,0,0,0,0,0,0,0,0,0,0,0}
Count:   0.0   0.0   0.0   0.0   0.0   0.0   0.0   0.0   0.0   0.0   0.0   0.0   0.0   0.0   0.0   0.0   0.0   0.0   0.0   0.0   0.0   0.0   0.1   0.0   0.1   0.0   0.0   0.0   0.0   0.0   0.0   0.0   0.0   0.0   0.0   0.0   0.0   0.0   0.1   0.1   0.0   0.0   0.0   0.0   0.0   0.0   0.0   0.0   0.0   0.0   0.0   0.1   0.0   0.0   0.0   0.0   0.0   0.0   0.0   0.0   0.0   0.0   0.0   0.1   0.0   0.1   0.0   0.0   0.0   0.0   0.0   0.0   0.0   0.0   0.0   0.0   0.0   0.1   0.0   0.0   0.0   0.0   0.0   0.0   0.0   0.0   0.0   0.0   0.1   0.0   0.0   0.0   0.0   0.0   0.1   0.0   0.0   0.0   0.0   0.0   0.0   0.0   0.0   0.1   0.0   0.0   0.1   0.0   0.0   0.0   0.0   0.1   0.0   0.0   0.0   0.0   0.0   0.0   0.0   0.0   0.0   0.1   0.0   0.0   0.0   0.0   0.0   0.0   0.0   0.1   0.0   0.0   0.0   0.0   0.0   0.0   0.0   0.0   0.0   0.0   0.0   0.1   0.1   0.0   0.0   0.0   0.1   0.1   0.0   0.0   0.0   0.0   0.0   0.0   0.0   0.0   0.0   0.1   0.0   0.0   0.1   0.0   0.0   0.0   0.0   0.0   0.0   0.0   0.0   0.0   0.1   0.0   0.0   0.0   0.0   0.0   0.0   0.0   0.0   0.0   0.0   0.0   0.0   0.0   0.1   0.0   0.1   0.0   0.0   0.0   0.0   0.0   0.0   0.0   0.0   0.1   0.0   0.0   0.0   0.0 
B: * * * * * * * * * * * * * * * * * * 11.0 * * * 15.7 * 17.8 15.0 22.0 22.0 * 15.0 * * 10.0 * 21.0 * * 13.0 22.0 24.0 * * 12.0 16.6 * 15.0 * 18.0 * * * 15.9 * 14.5 * * * 22.0 * * * * 25.0 20.7 * 19.2 * 12.0 * 11.0 11.0 * * * * 12.0 * 14.6 13.7 * 15.0 * * * * * 13.0 10.0 17.1 * 16.0 * 13.0 13.0 22.0 * * * * * * * * 18.6 19.5 * 14.0 * * * 15.0 18.6 19.5 24.0 * * * * * 15.0 * 15.4 12.0 * * * * * * 25.0 * 22.0 * * * * * * 12.0 10.0 * 13.0 10.0 * * * 16.5 13.2 11.0 13.7 * 16.2 17.6 * 11.0 * * 20.0 * 14.0 10.9 11.0 20.6 * * 10.0 * * 16.0 * 15.5 26.0 26.0 13.0 * * 15.0 23.0 23.0 * 19.0 * 10.0 * 19.8 * 19.5 * * 12.0 16.5 * 20.0 15.5 19.0 17.9 14.0 12.0 13.0 13.0 
Direction: * * * * * * * * * * * * * * * * * *  n* * *  n*  n n n n*  n* *  n*  n* *  n n n* *  n n*  n*  n* * *  n*  n* * *  n* * * *  n n*  n*  n*  n n* * * *  n*  n n*  n* * * * *  n n n*  n*  n n n* * * * * * * *  n n*  n* * *  n n n n* * * * *  n*  n n* * * * * *  n*  n* * * * * *  n n*  n n* * *  n n n n*  n n*  n* *  n*  n n n n* *  n* *  n*  n n n n* *  n n n*  n*  n*  n*  n* *  n n*  n n n n n n n n

56.9: Count:   0.0 (  0.0) A:  10.6 [10-14] B:  16.8 [10-27] Phase: 148 ( 7.96) Direction:  nPhase: 133 ( 4.97) Direction:  nPhase: 153 ( 3.54) Direction:  nPhase: 154 ( 5.71) Direction:  nPhase: 153 ( 6.09) Direction:  nPhase: 152 ( 6.54) Direction:  nPhase: 150 ( 5.64) Direction:  nPhase: 150 ( 5.35) Direction:  n
Phase: {0,0,0,0,0,0,0,0,0,0,0,0,0,0,0,0,0,0,0,0,0,0,0,0,0,0,0,0,0,0,0,0,0,0,0,0,0,0,0,0,0,0,0,0,0,0,0,0,0,0,0,0,0,0,0,0,2,0,0,0,0,0,0,0,0,0,0,0,0,0,0,0,0,0,1,0,0,0,0,0,0,0,0,0,0,0,0,0,0,0,0,0,0,0,0,0,0,0,0,0,0,0,0,0,0,0,0,9,1,0,5,0,0,13,18,0,17,13,0,2,14,42,0,15,5,20,0,23,15,12,0,33,13,11,22,52,15,16,4,16,16,0,0,40,31,6,18,0,46,13,16,18,2,86,29,18,18,2,0,6,12,18,0,2,4,9,13,13,0,11,0,0,0,0,0,0,11,13,0,0,0,0,0,0,0,0,0,0,0,0,0,0,0,0,0,0,0,0,0,0,0,0,0,0,0,0,0,0,0,0,0,0,0,0,0,0,0,0,0,0,0,0,0,0,0,0,0,0,0,0,0,0,0,0,0,0,0,0,0,0,0,0,0,0,0,0,0,0,0,0,0,0,0,0,0,0,0,0,0,0,0,0,0,0,0,0,0,0,0,0,0,0,0,0,0,0,0,0,0,0,0,0,0,0,0,0,0,0,0,0,0,0,0,0,0,0,0,0,0,0,0,0,0,0,0,0,0,0,0,0,0,0,0,0,0,0,0,0,0,0,0,0,0,0,0,0,0,0,0,0,0,0,0,0,0,0,0,0,0,0,0,0,0,0,0,0,0,0,0,0,0,0,0,0,0,0,0,0,0,0}
Count:   0.0   0.0   0.0   0.0   0.0   0.0   0.0   0.0   0.0   0.0   0.0   0.0   0.0   0.0   0.0   0.0   0.0   0.0   0.0   0.0   0.0   0.0   0.0   0.0   0.1   0.0   0.0   0.0   0.0   0.0   0.0   0.0   0.0   0.0   0.0   0.0   0.0   0.0   0.0   0.1   0.1   0.1   0.0   0.0   0.0   0.0   0.0   0.0   0.0   0.0   0.0   0.1   0.0   0.0   0.0   0.0   0.0   0.0   0.0   0.0   0.0   0.0   0.0   0.0   0.0   0.0   0.0   0.0   0.0   0.0   0.1   0.0   0.0   0.0   0.1   0.0   0.0   0.0   0.1   0.0   0.0   0.0   0.0   0.0   0.0   0.0   0.0   0.1   0.0   0.0   0.0   0.0   0.0   0.0   0.0   0.0   0.0   0.0   0.0   0.0   0.0   0.0   0.0   0.1   0.0   0.0   0.0   0.0   0.0   0.1   0.0   0.0   0.0   0.1   0.0   0.0   0.0   0.0   0.0   0.0   0.0   0.0   0.0   0.0   0.0   0.0   0.0   0.0   0.0   0.0   0.0   0.0   0.0   0.0   0.0   0.0   0.0   0.0   0.0   0.0   0.0   0.1   0.0   0.1   0.0   0.0   0.0   0.1   0.0   0.0   0.0   0.0   0.0   0.1   0.0   0.0   0.0   0.0   0.0   0.0   0.1   0.0   0.0   0.0   0.0   0.1   0.0   0.0   0.0   0.0   0.0   0.1   0.0   0.0   0.0   0.0   0.0   0.0   0.0   0.0   0.0   0.0   0.0   0.0   0.0   0.0   0.0   0.0   0.0   0.0   0.1   0.0   0.0   0.0   0.0   0.0   0.0   0.0   0.0   0.0 
B: * * * * * * * * * * * * * * * * * 12.0 * 12.0 * 16.0 23.0 13.0 20.7 16.0 15.5 23.0 * 11.0 * * * * * 12.0 * * * 15.0 20.5 20.5 * 15.4 * 14.0 * 14.0 * * * 19.0 * * 18.0 15.0 15.0 * * * 25.0 25.0 21.0 21.0 * 13.0 * * 19.0 11.0 15.2 * * 19.0 18.5 17.0 17.0 * 13.3 * * * * * * * * 17.5 22.0 * 13.0 * 16.0 16.0 * * * * * * * * 19.0 11.5 10.0 14.0 * * * 12.3 11.0 13.0 13.0 21.8 25.0 * * * * * 14.0 22.0 * * * * * * * * 11.0 * * * 13.0 * * * * * * 16.6 * 16.0 14.0 * 17.5 18.2 18.0 13.0 * 18.0 18.2 15.0 12.0 15.5 * * 14.0 * 14.0 12.0 * 21.0 22.0 15.0 * * * * 17.0 18.0 18.0 * * * 10.0 * * 22.0 22.0 * * * * * 15.0 * * 19.0 16.3 22.0 13.0 * 18.0 16.0 * 17.5 15.0 * 
Direction: * * * * * * * * * * * * * * * * *  n*  n*  n n n n n n n*  n* * * * *  n* * *  n n n*  n*  n*  n* * *  n* *  n n n* * *  n n n n*  n* *  n n n* *  n n n n*  n* * * * * * * *  n n*  n*  n n* * * * * * * *  n n n n* * *  n n n n n n* * * * *  n n* * * * * * * *  n* * *  n* * * * * *  n*  n n*  n n n n*  n n n n n* *  n*  n n*  n n n* * * *  n n n* * *  n* *  n n* * * * *  n* *  n n n n*  n n*  n n* 

57.0: Count:   0.0 (  0.0) A:  10.7 [10-14] B:  16.4 [10-26] Phase: 122 ( 8.05) Direction:  nPhase: 131 ( 4.90) Direction:  nPhase: 132 ( 4.09) Direction:  nPhase: 161 ( 4.77) Direction:  nPhase: 132 ( 6.86) Direction:  nPhase: 141 ( 8.23) Direction:  nPhase: 144 ( 8.67) Direction:  nPhase: 139 ( 8.08) Direction:  n
Phase: {0,0,0,0,0,0,0,0,0,0,0,0,0,0,0,0,0,0,0,0,0,0,0,0,0,0,0,0,0,0,0,0,0,0,0,0,0,0,0,0,0,0,0,0,0,0,0,0,0,0,0,0,0,13,0,0,0,0,0,0,0,3,0,0,0,0,0,0,0,0,0,0,0,0,0,0,0,0,0,0,0,0,0,0,0,0,0,0,0,0,0,0,0,0,0,0,0,0,0,0,0,0,0,0,0,0,0,0,0,0,0,0,0,0,0,15,1,15,7,11,20,1,45,0,0,9,13,51,3,19,10,27,65,53,16,8,6,34,12,50,20,1,0,5,53,11,15,18,17,4,40,37,0,36,0,3,11,0,40,1,9,25,19,0,19,9,11,11,0,12,0,4,0,7,5,0,0,0,2,0,4,0,0,13,0,0,0,0,0,0,0,0,0,0,0,0,0,0,0,0,0,0,0,0,0,0,0,0,0,0,0,0,0,0,0,0,0,0,0,0,0,0,0,0,0,0,0,0,0,0,0,0,0,0,0,0,0,0,0,0,0,0,0,0,0,0,0,0,0,0,0,0,0,0,0,0,0,0,0,0,0,0,0,0,0,0,0,0,0,0,0,0,0,0,0,0,0,0,0,0,0,0,0,0,0,0,0,0,0,0,0,0,0,0,0,0,0,0,0,0,0,0,0,0,0,0,0,0,0,0,0,0,0,0,0,0,0,0,0,0,0,0,0,0,0,0,0,0,0,0,0,0,0,0,0,0,0,0,0,0,0,0,0,0,0,0,0,0,0,0,0,0,0,0,0,0,0,0,0,0}
Count:   0.0   0.0   0.0   0.0   0.0   0.0   0.0   0.0   0.0   0.0   0.0   0.0   0.0   0.0   0.0   0.0   0.0   0.1   0.0   0.0   0.0   0.0   0.0   0.0   0.0   0.0   0.0   0.0   0.0   0.0   0.1   0.0   0.0   0.0   0.0   0.0   0.0   0.1   0.0   0.0   0.0   0.0   0.0   0.0   0.0   0.1   0.0   0.0   0.0   0.0   0.1   0.0   0.0   0.0   0.0   0.0   0.0   0.0   0.0   0.0   0.0   0.0   0.0   0.1   0.0   0.0   0.0   0.0   0.0   0.0   0.0   0.0   0.0   0.1   0.0   0.0   0.0   0.0   0.1   0.1   0.0   0.0   0.0   0.0   0.0   0.0   0.0   0.0   0.0   0.0   0.0   0.0   0.0   0.0   0.0   0.0   0.0   0.0   0.0   0.0   0.1   0.0   0.1   0.0   0.0   0.0   0.0   0.0   0.0   0.0   0.1   0.0   0.0   0.1   0.1   0.0   0.1   0.0   0.0   0.1   0.1   0.0   0.0   0.0   0.0   0.1   0.0   0.0   0.0   0.0   0.1   0.0   0.0   0.1   0.0   0.0   0.0   0.0   0.1   0.0   0.0   0.0   0.0   0.1   0.0   0.1   0.0   0.0   0.0   0.0   0.0   0.1   0.0   0.0   0.0   0.0   0.0   0.0   0.0   0.0   0.1   0.0   0.0   0.1   0.0   0.0   0.0   0.0   0.1   0.0   0.0   0.1   0.0   0.0   0.0   0.0   0.0   0.0   0.0   0.0   0.0   0.0   0.0   0.0   0.0   0.0   0.0   0.0   0.0   0.0   0.0   0.0   0.0   0.0   0.0   0.0   0.0   0.0   0.0   0.0 
B: * * * * 13.0 * * * * * * * * * * * * 19.3 * * * * 16.0 21.0 15.3 * 24.0 * * * 13.1 23.5 * * * * 19.5 23.0 12.0 * 23.0 16.0 * 12.0 10.0 11.0 11.0 * * * 10.7 * * * 23.0 * * * * 14.0 * * 19.0 17.0 11.0 16.0 * * * 12.0 * * * 20.4 * * * * 14.6 11.7 * * * 13.0 * 15.0 * * * 10.0 15.0 * 22.0 14.0 * 23.0 18.0 * * * 18.0 * 14.0 * * 15.0 * 12.0 * * 16.0 * * 21.0 22.0 * 18.0 * * 14.0 13.2 * * 25.0 * 17.8 20.0 * * * 16.2 * * 17.0 14.8 * 15.0 * 10.0 25.0 * * 22.0 19.6 * 22.0 * 22.0 11.0 11.0 13.8 13.6 14.0 13.0 * * * * * 21.0 17.6 19.0 23.0 16.5 19.4 * * * 18.0 16.0 16.0 13.8 * * 17.0 10.0 15.0 * * 13.0 * * 14.0 * * 12.0 * 22.0 14.0 24.0 16.0 18.0 17.0 18.7 * * 24.0 * 17.0 17.0 
Direction: * * * *  n* * * * * * * * * * * *  n* * * *  n n n*  n* * *  n n* * * *  n n n*  n n*  n n n n* * *  n* * *  n* * * *  n* *  n n n n* * *  n* * *  n* * * *  n n* * *  n*  n* * *  n n*  n n*  n n* * *  n*  n* *  n*  n* *  n* *  n n*  n* *  n n* *  n*  n n* * *  n* *  n n*  n*  n n* *  n n*  n*  n n n n n n n* * * * *  n n n n n n* * *  n n n n* *  n n n* *  n* *  n* *  n*  n n n n n n n* *  n*  n n

57.1: Count:   0.0 (  0.0) A:  10.5 [10-13] B:  17.0 [10-28] Phase: 133 (11.83) Direction:  nPhase: 134 ( 7.73) Direction:  nPhase: 163 ( 7.55) Direction:  nPhase: 132 (11.39) Direction:  nPhase: 152 ( 9.18) Direction:  nPhase: 147 ( 6.72) Direction:  nPhase: 146 ( 9.28) Direction:  nPhase: 156 (10.28) Direction:  n
Phase: {0,0,0,0,0,0,0,0,0,0,0,0,0,0,0,0,0,0,0,0,0,0,0,0,0,0,0,0,0,0,0,0,0,0,0,0,0,0,0,0,0,0,0,0,0,0,0,0,15,2,0,6,0,0,0,0,0,0,0,0,0,0,0,0,0,0,0,0,0,0,0,0,0,0,0,0,0,0,0,0,16,0,0,13,0,0,0,0,0,0,0,0,0,0,0,0,0,0,0,0,0,0,0,0,0,0,0,0,0,13,0,5,0,15,0,0,5,9,0,0,0,5,48,15,15,28,16,30,5,39,12,42,22,44,35,29,25,13,42,19,0,25,34,28,21,14,15,0,0,7,37,41,0,10,0,22,31,0,35,16,25,5,0,24,0,0,2,5,35,7,12,20,0,5,0,0,0,9,0,0,0,0,0,0,0,0,0,0,0,0,0,0,0,0,0,0,0,0,0,0,0,0,0,0,0,0,0,0,0,0,0,0,0,0,0,0,0,0,0,0,0,0,0,0,0,0,0,0,0,0,0,0,0,0,0,0,0,0,0,0,0,0,0,0,0,0,0,0,0,0,0,0,0,0,0,0,0,0,0,0,0,0,0,0,0,0,0,0,0,0,0,0,0,0,0,0,0,0,0,0,0,0,0,0,0,0,0,0,0,0,0,0,0,0,0,0,0,0,0,0,0,0,0,0,0,0,0,0,0,0,0,0,0,0,0,0,0,0,0,0,0,0,0,0,0,0,0,0,0,0,0,0,0,0,0,0,0,0,0,0,0,0,0,0,0,0,0,0,0,0,0,0,0,0,0,0,0,0,0,0}
Count:   0.0   0.0   0.0   0.0   0.0   0.0   0.0   0.0   0.0   0.0   0.0   0.0   0.0   0.0   0.0   0.0   0.0   0.0   0.0   0.0   0.0   0.0   0.0   0.0   0.0   0.1   0.0   0.0   0.0   0.0   0.0   0.0   0.0   0.1   0.0   0.0   0.0   0.0   0.0   0.0   0.1   0.1   0.0   0.0   0.0   0.1   0.0   0.0   0.0   0.0   0.0   0.0   0.0   0.0   0.0   0.0   0.0   0.0   0.0   0.0   0.0   0.0   0.0   0.1   0.0   0.1   0.0   0.0   0.0   0.0   0.0   0.0   0.0   0.0   0.0   0.0   0.0   0.0   0.0   0.1   0.0   0.0   0.0   0.0   0.0   0.0   0.0   0.0   0.0   0.0   0.0   0.0   0.0   0.0   0.0   0.0   0.0   0.0   0.0   0.1   0.1   0.0   0.0   0.0   0.0   0.0   0.0   0.0   0.0   0.0   0.1   0.0   0.0   0.0   0.1   0.0   0.0   0.0   0.0   0.1   0.2   0.0   0.0   0.0   0.1   0.0   0.1   0.0   0.1   0.0   0.0   0.0   0.0   0.0   0.0   0.0   0.0   0.0   0.0   0.0   0.0   0.0   0.0   0.0   0.0   0.1   0.0   0.0   0.0   0.0   0.0   0.0   0.0   0.0   0.0   0.0   0.0   0.0   0.0   0.0   0.0   0.1   0.1   0.0   0.1   0.0   0.0   0.0   0.0   0.0   0.0   0.0   0.1   0.0   0.0   0.0   0.0   0.0   0.1   0.0   0.0   0.0   0.0   0.0   0.0   0.0   0.0   0.0   0.0   0.0   0.0   0.0   0.0   0.0   0.0   0.0   0.1   0.0   0.2   0.0 
B: * * * * * * * * * * * * * 10.0 * * * 19.0 14.0 * * * * 24.0 17.0 18.0 * * * 14.0 17.0 * * 10.8 * 22.0 * * * * 16.5 17.1 * 13.0 * 14.0 * * * * * * 12.0 12.0 22.0 * * * 16.0 * * * * 13.7 16.7 19.5 * * 25.0 25.0 18.0 * 17.0 * 18.0 * 22.0 * 19.0 14.0 12.0 * * * * * * * * * * 10.0 * * * * 20.0 * * 15.1 18.7 * * * 12.0 * * * * * 17.0 21.0 11.0 12.0 22.3 * * * * 14.3 21.7 * * 18.0 11.0 23.0 16.5 * 19.0 * 20.0 * * * * * * 14.0 * 23.0 * * 23.0 * * 22.8 22.0 22.0 15.0 15.3 * 13.0 * * * 22.0 17.0 * 11.0 * 11.0 13.6 12.3 12.0 13.4 15.0 24.0 * 15.0 * 20.0 * 15.8 * * * 16.0 * 17.0 * * 16.0 13.2 21.0 * * * 24.0 11.0 * 16.0 19.5 20.0 24.0 * 17.0 22.9 * 16.8 14.0 
Direction: * * * * * * * * * * * * *  n* * *  n n* * * *  n n n* * *  n n* *  n*  n* * * *  n n*  n*  n* * * * * *  n n n* * *  n* * * *  n n n* *  n n n*  n*  n*  n*  n n n* * * * * * * * * *  n* * * *  n* *  n n* * *  n* * * * *  n n n n n* * * *  n n* *  n n n n*  n*  n* * * * * *  n*  n* *  n* *  n n n n n*  n* * *  n n*  n*  n n n n n n n*  n*  n*  n* * *  n*  n* *  n n n* * *  n n*  n n n n*  n n*  n n

57.2: Count:   0.0 (  0.0) A:  10.5 [10-13] B:  16.2 [10-26] Phase: 148 ( 7.11) Direction:  nPhase: 149 ( 4.75) Direction:  nPhase: 160 ( 3.63) Direction:  nPhase: 131 ( 6.26) Direction:  nPhase: 143 ( 6.20) Direction:  nPhase: 144 ( 5.24) Direction:  nPhase: 145 ( 4.72) Direction:  nPhase: 145 ( 5.77) Direction:  n
Phase: {0,0,0,0,0,0,0,0,0,0,0,0,0,0,0,0,0,0,0,0,0,0,0,0,0,0,0,0,0,0,0,0,0,0,0,0,0,0,0,0,0,0,0,0,0,0,0,0,0,0,0,0,0,0,0,0,0,0,0,0,0,0,0,0,0,0,0,0,0,0,0,0,0,0,0,0,0,0,0,0,0,0,0,0,0,0,0,0,0,0,0,0,0,0,0,0,0,0,0,0,13,0,0,0,0,0,0,0,0,0,0,0,0,0,5,0,0,0,5,0,1,0,0,4,0,7,20,0,31,17,0,5,0,0,24,32,17,0,33,1,9,29,33,35,60,4,14,38,28,9,43,42,11,16,9,25,33,0,0,18,21,16,0,2,11,0,0,1,0,0,0,0,0,13,14,0,0,0,0,0,0,0,0,0,0,0,0,0,0,0,0,0,0,0,0,0,0,0,0,0,0,0,0,0,0,0,0,0,0,0,0,0,0,0,0,0,0,0,0,0,0,0,0,0,0,0,0,0,0,0,0,0,0,0,0,0,0,0,0,0,0,0,0,0,0,0,0,0,0,0,0,0,0,0,0,0,0,0,0,0,0,0,0,0,0,0,0,0,0,0,0,0,0,0,0,0,0,0,0,0,0,0,0,0,0,0,0,0,0,0,0,0,0,0,0,0,0,0,0,0,0,0,0,0,0,0,0,0,0,0,0,0,0,0,0,0,0,0,0,0,0,0,0,0,0,0,0,0,0,0,0,0,0,0,0,0,0,0,0,0,0,0,0,0,0,0,0,0,0,0,0,0,0,0,0,0,0,0,0,0}
Count:   0.0   0.0   0.0   0.0   0.0   0.0   0.0   0.0   0.0   0.0   0.0   0.0   0.0   0.0   0.0   0.0   0.0   0.0   0.0   0.0   0.0   0.0   0.0   0.0   0.0   0.0   0.0   0.1   0.0   0.0   0.0   0.0   0.0   0.0   0.0   0.0   0.0   0.0   0.0   0.0   0.0   0.0   0.0   0.0   0.1   0.1   0.0   0.0   0.0   0.0   0.0   0.0   0.0   0.0   0.0   0.0   0.0   0.0   0.1   0.0   0.0   0.0   0.0   0.0   0.0   0.1   0.0   0.0   0.0   0.1   0.0   0.0   0.1   0.0   0.0   0.0   0.0   0.0   0.0   0.0   0.0   0.0   0.0   0.0   0.0   0.0   0.0   0.0   0.0   0.0   0.0   0.0   0.0   0.0   0.0   0.0   0.0   0.0   0.0   0.1   0.1   0.0   0.0   0.0   0.0   0.0   0.0   0.0   0.0   0.0   0.0   0.0   0.0   0.0   0.1   0.0   0.0   0.0   0.0   0.0   0.1   0.0   0.0   0.0   0.0   0.0   0.0   0.0   0.0   0.0   0.0   0.0   0.0   0.0   0.0   0.0   0.0   0.0   0.0   0.0   0.0   0.0   0.0   0.0   0.0   0.1   0.0   0.0   0.0   0.0   0.0   0.0   0.0   0.0   0.0   0.0   0.0   0.0   0.0   0.0   0.0   0.0   0.0   0.0   0.0   0.0   0.0   0.0   0.1   0.0   0.0   0.1   0.0   0.0   0.0   0.0   0.1   0.0   0.0   0.0   0.0   0.0   0.0   0.0   0.0   0.0   0.0   0.1   0.1   0.0   0.1   0.0   0.0   0.0   0.0   0.1   0.0   0.0   0.1   0.0 
B: * * * * * * * * * * * * * * * * 13.0 * * * * 10.0 * 13.0 17.0 * * 13.0 * 18.0 * 12.0 * * * * * * * * * * * 16.0 13.0 15.0 * * * * * * * * 16.0 * * 13.0 15.1 * * * * 21.0 * 16.1 * * 17.5 17.5 * * 19.3 * 18.0 * 22.0 * * 13.0 * 19.0 * * * 22.0 * * * * * * * * * * * * * 16.1 16.7 * * * * * 10.0 * * 16.0 16.0 13.0 * * 13.0 * * * * * 14.0 * * 14.0 * * 22.0 * * * 21.0 * 13.0 * * * * 24.0 * * * * * * * 16.3 14.0 18.0 * 18.0 * 10.0 17.5 14.0 * * 20.5 * * * 12.0 18.0 17.0 * * * 15.0 * 17.0 26.0 * 15.0 19.0 * * * 14.7 * * * * * 10.0 * * * * 16.5 13.6 * 17.1 14.0 15.3 * * 15.6 19.2 * 18.0 10.0 
Direction: * * * * * * * * * * * * * * * *  n* * * *  n*  n n* *  n*  n*  n* * * * * * * * * * *  n n n* * * * * * * *  n* *  n n* * * *  n*  n* *  n n* *  n*  n*  n* *  n*  n* * *  n* * * * * * * * * * * * *  n n* * * * *  n* *  n n n* *  n* * * * *  n* *  n* *  n* * *  n*  n* * * *  n* * * * * * *  n n n*  n*  n n n* *  n* * *  n n n* * *  n*  n n*  n n* * *  n* * * * *  n* * * *  n n*  n n n* *  n n*  n n

57.3: Count:   0.0 (  0.0) A:  10.6 [10-13] B:  17.5 [10-26] Phase: 155 ( 6.42) Direction:  nPhase: 135 ( 5.77) Direction:  nPhase: 138 ( 4.55) Direction:  nPhase: 139 ( 5.24) Direction:  nPhase: 139 ( 6.36) Direction:  nPhase: 139 ( 6.23) Direction:  nPhase: 139 ( 6.41) Direction:  nPhase: 139 ( 6.51) Direction:  n
Phase: {0,0,0,0,0,0,0,0,0,0,0,0,0,0,0,1,0,0,0,0,0,0,0,0,0,0,0,0,0,0,0,0,0,0,0,0,0,0,13,0,0,0,0,0,0,0,0,0,0,0,0,0,0,0,0,0,0,0,0,0,0,0,0,0,0,0,11,0,15,0,0,0,0,0,0,0,0,0,0,0,0,0,0,0,0,0,0,0,0,0,0,0,0,0,0,0,0,0,0,0,13,0,0,0,0,0,0,0,0,0,0,0,0,0,0,7,0,0,0,4,0,6,0,5,15,5,0,11,0,10,18,31,26,0,11,77,13,79,57,45,25,55,0,37,33,1,1,15,26,20,38,13,46,18,1,12,5,15,37,13,10,17,0,3,0,16,0,0,0,0,25,0,0,0,0,0,0,0,0,0,0,0,0,0,0,0,0,0,0,0,0,0,0,0,0,0,0,0,0,0,0,0,0,0,0,0,0,0,0,0,0,0,0,0,0,0,0,0,0,0,0,0,0,0,0,0,0,0,0,0,0,0,0,0,0,0,0,0,0,0,0,0,0,0,0,0,0,0,0,0,0,0,0,0,0,0,0,0,0,0,0,0,0,0,0,0,0,0,0,0,0,0,0,0,0,0,0,0,0,0,0,0,0,0,0,0,0,0,0,0,0,0,0,0,0,0,0,0,0,0,0,0,0,0,0,0,0,0,0,0,0,0,0,0,0,0,0,0,0,0,0,0,0,0,0,0,0,0,0,0,0,0,0,0,0,0,0,0,0,0,0,0,0,0,0,0,0,0,0,1,9,0,0,0,0,0,0,0,0,0}
Count:   0.0   0.0   0.0   0.0   0.0   0.0   0.0   0.0   0.0   0.0   0.0   0.0   0.0   0.0   0.0   0.0   0.0   0.0   0.0   0.0   0.0   0.0   0.0   0.0   0.0   0.0   0.0   0.0   0.0   0.0   0.0   0.0   0.0   0.0   0.0   0.0   0.1   0.0   0.0   0.0   0.0   0.0   0.0   0.0   0.0   0.0   0.1   0.0   0.0   0.0   0.0   0.0   0.0   0.0   0.0   0.0   0.0   0.0   0.0   0.0   0.0   0.0   0.0   0.0   0.0   0.0   0.0   0.0   0.0   0.0   0.0   0.0   0.0   0.0   0.0   0.1   0.0   0.1   0.0   0.0   0.0   0.0   0.1   0.0   0.0   0.0   0.0   0.0   0.0   0.0   0.1   0.0   0.0   0.0   0.0   0.0   0.0   0.0   0.0   0.0   0.0   0.0   0.0   0.0   0.0   0.0   0.0   0.0   0.0   0.0   0.0   0.0   0.0   0.0   0.0   0.0   0.0   0.0   0.0   0.0   0.0   0.0   0.0   0.0   0.0   0.0   0.0   0.0   0.0   0.0   0.0   0.0   0.0   0.0   0.0   0.0   0.0   0.0   0.0   0.0   0.0   0.0   0.1   0.0   0.1   0.0   0.0   0.1   0.0   0.0   0.0   0.0   0.1   0.0   0.0   0.0   0.0   0.0   0.0   0.0   0.1   0.0   0.0   0.0   0.1   0.0   0.0   0.0   0.0   0.1   0.0   0.0   0.0   0.0   0.1   0.0   0.0   0.0   0.0   0.0   0.0   0.0   0.0   0.0   0.0   0.0   0.0   0.1   0.0   0.0   0.0   0.0   0.0   0.0   0.0   0.0   0.0   0.0   0.0   0.0 
B: * * * 17.0 18.0 * * * * * * * * * * * 17.0 16.0 * * * * * 13.0 20.2 * * 12.0 * 12.0 16.0 15.6 * * * 10.5 16.0 * 23.0 * 19.0 21.0 16.0 * 19.0 19.0 20.0 14.0 17.2 * * * 12.0 17.0 * * * * * * * * * * 14.5 * * * * 24.0 24.0 16.0 * * 14.0 16.7 20.0 17.8 21.0 * * * 17.3 * * 14.0 * * 11.0 11.0 19.0 * 23.0 * * * * * 24.5 * 20.0 22.0 22.0 16.0 * 26.0 * * * * * * * 12.0 * 19.0 * 23.0 20.0 * * 14.0 21.0 * * 26.0 22.0 11.0 * 20.0 * * 12.0 * * * * * 23.0 * * * 16.7 19.0 19.2 * 13.0 19.2 16.7 17.2 16.0 23.0 12.6 15.0 21.0 * 12.0 10.0 * * 19.3 14.0 21.2 20.0 16.8 24.0 11.0 10.0 * 12.8 * * * 20.0 15.2 * * * 24.0 * 10.0 * * * 21.0 * * 17.8 13.0 * 10.0 * 24.0 13.0 11.0 18.0 * * * * 
Direction: * * *  n n* * * * * * * * * * *  n n* * * * *  n n* *  n*  n n n* * *  n n*  n*  n n n*  n n n n n* * *  n n* * * * * * * * * *  n* * * *  n n n* *  n n n n n* * *  n* *  n* *  n n n*  n* * * * *  n*  n n n n*  n* * * * * * *  n*  n*  n n* *  n n* *  n n n*  n* *  n* * * * *  n* * *  n n n*  n n n n n n n n n*  n n* *  n n n n n n n n*  n* * *  n n* * *  n*  n* * *  n* *  n n*  n*  n n n n* * * * 

57.4: Count:   0.0 (  0.0) A:  10.7 [10-13] B:  17.2 [10-26] Phase: 139 ( 8.81) Direction:  nPhase: 145 ( 5.27) Direction:  nPhase: 157 ( 5.49) Direction:  nPhase: 155 ( 6.53) Direction:  nPhase: 145 (10.42) Direction:  nPhase: 145 ( 8.09) Direction:  nPhase: 142 ( 7.76) Direction:  nPhase: 145 ( 9.04) Direction:  n
Phase: {0,0,0,0,0,0,0,0,0,0,0,0,0,0,0,0,0,0,0,0,0,0,0,0,0,0,0,0,0,0,0,0,0,0,0,0,0,0,0,0,0,0,0,0,0,0,0,0,0,0,0,0,0,0,0,0,0,0,0,0,0,0,0,0,0,0,20,0,0,15,0,0,0,0,0,0,0,0,0,0,0,0,0,0,0,0,0,0,0,0,0,0,0,0,0,0,0,0,0,0,0,0,0,0,0,0,0,0,0,0,0,0,0,0,0,0,0,18,0,0,0,5,5,0,0,5,11,22,16,30,20,11,47,32,0,32,29,38,18,41,37,18,24,34,16,61,50,40,23,14,25,41,29,7,11,40,25,28,9,15,0,39,5,0,11,0,0,0,4,0,1,18,0,0,13,0,0,0,0,11,0,0,0,9,0,0,11,0,0,0,0,0,0,0,0,0,0,0,0,0,0,0,0,0,0,0,0,0,0,0,0,0,0,0,0,0,0,0,0,0,0,0,0,0,0,0,0,0,0,0,0,0,0,0,0,0,0,0,0,0,0,0,0,0,0,0,0,0,0,0,0,0,0,0,0,0,0,0,0,0,0,0,0,0,0,0,0,0,0,0,0,0,0,0,0,0,0,0,0,0,0,0,0,0,0,0,0,0,0,0,0,0,0,0,0,0,0,0,0,0,0,0,0,0,0,0,0,0,0,0,0,0,0,0,0,0,0,0,0,9,0,0,0,0,0,0,0,0,0,0,0,0,0,0,0,0,0,0,0,0,11,0,0,0,0,0,0,0,0,0,0,0,0,0,0,0,0,0,0,0}
Count:   0.0   0.0   0.0   0.0   0.0   0.0   0.0   0.0   0.0   0.0   0.0   0.0   0.0   0.0   0.0   0.0   0.0   0.0   0.0   0.0   0.0   0.0   0.0   0.0   0.0   0.0   0.0   0.0   0.0   0.0   0.0   0.0   0.0   0.0   0.0   0.0   0.0   0.0   0.0   0.0   0.1   0.0   0.1   0.0   0.0   0.0   0.1   0.0   0.0   0.0   0.0   0.0   0.0   0.0   0.0   0.0   0.0   0.0   0.0   0.0   0.0   0.0   0.0   0.1   0.1   0.0   0.0   0.1   0.0   0.0   0.0   0.0   0.0   0.0   0.0   0.1   0.1   0.0   0.1   0.0   0.0   0.0   0.0   0.0   0.0   0.0   0.0   0.0   0.0   0.0   0.0   0.0   0.0   0.0   0.0   0.0   0.0   0.0   0.0   0.1   0.0   0.0   0.0   0.1   0.0   0.1   0.1   0.0   0.0   0.0   0.0   0.0   0.0   0.0   0.0   0.0   0.0   0.0   0.0   0.0   0.0   0.0   0.1   0.0   0.0   0.0   0.0   0.0   0.0   0.0   0.0   0.0   0.0   0.0   0.0   0.0   0.0   0.0   0.0   0.0   0.0   0.1   0.0   0.0   0.0   0.1   0.0   0.1   0.0   0.1   0.0   0.0   0.0   0.0   0.0   0.0   0.0   0.0   0.0   0.0   0.0   0.0   0.0   0.0   0.0   0.1   0.0   0.0   0.0   0.0   0.0   0.0   0.0   0.0   0.2   0.0   0.1   0.0   0.1   0.0   0.1   0.0   0.0   0.0   0.0   0.1   0.0   0.0   0.0   0.0   0.1   0.0   0.0   0.0   0.0   0.0   0.0   0.0   0.0   0.0 
B: * * * * * 13.0 * * * * * * * * * * * * * * * * * 17.0 15.0 * 21.0 * * * 23.0 20.0 19.0 * * 20.0 * * 21.0 * 11.0 20.0 14.0 14.0 * * 21.0 15.0 20.0 * * 15.0 * * * * * 13.0 * * * * 16.7 16.3 15.1 12.0 15.5 18.3 * * 21.0 * * 13.0 17.0 17.0 16.0 * 15.4 * * * 14.0 * * 16.0 * * * * 15.0 * * * * 17.0 20.5 15.0 * 14.5 22.0 12.0 * 20.2 * 22.5 14.5 * 13.0 * * 22.0 * * 22.0 * * 23.0 * * * 23.0 21.1 * * * 15.0 * 21.0 19.0 * 17.0 * * * * * * * 12.0 * 19.0 17.0 16.0 12.0 18.0 15.8 17.8 18.0 16.0 * * 16.0 19.0 * 21.0 16.0 23.0 * * 21.0 * * * * 17.1 12.0 * 21.0 17.0 26.0 14.0 * 15.0 17.0 * 10.5 * 20.6 * 16.0 17.0 * * 10.0 17.0 * 23.0 15.0 * 14.6 21.0 * 14.7 * 18.9 * * * * 
Direction: * * * * *  n* * * * * * * * * * * * * * * * *  n n*  n* * *  n n n* *  n* *  n*  n n n n* *  n n n* *  n* * * * *  n* * * *  n n n n n n* *  n* *  n n n n*  n* * *  n* *  n* * * *  n* * * *  n n n*  n n n*  n*  n n*  n* *  n* *  n* *  n* * *  n n* * *  n*  n n*  n* * * * * * *  n*  n n n n n n n n n* *  n n*  n n n* *  n* * * *  n n*  n n n n*  n n*  n*  n*  n n* *  n n*  n n*  n n*  n*  n* * * * 

57.5: Count:   0.0 (  0.0) A:  10.6 [10-15] B:  17.4 [10-25] Phase: 152 ( 7.05) Direction:  nPhase: 126 ( 4.23) Direction:  nPhase: 139 ( 2.12) Direction:  nPhase: 139 ( 4.34) Direction:  nPhase: 140 ( 4.43) Direction:  nPhase: 136 ( 4.09) Direction:  nPhase: 143 ( 3.93) Direction:  nPhase: 143 ( 5.27) Direction:  n
Phase: {0,0,0,0,0,0,0,0,12,0,0,0,0,0,0,0,0,0,0,0,0,0,0,0,0,0,0,0,0,0,0,0,0,0,0,0,0,0,0,7,0,0,0,0,0,0,0,0,0,0,0,0,0,0,0,0,0,0,0,0,0,0,0,0,0,0,0,0,0,0,0,0,0,0,0,0,0,0,0,0,0,0,0,0,0,0,0,0,0,0,0,0,0,0,0,0,0,0,0,0,0,0,0,0,0,0,0,0,0,0,7,0,0,0,5,0,0,0,0,13,0,14,1,0,22,18,9,0,5,37,13,39,18,0,31,22,38,69,20,79,61,67,6,75,12,36,83,29,26,25,19,43,26,11,0,25,5,1,27,14,20,14,10,5,13,28,5,0,0,1,5,0,0,0,0,0,0,0,0,0,13,0,0,7,0,0,0,0,0,0,0,0,0,0,0,0,0,0,0,0,0,0,0,0,0,0,0,0,0,0,0,0,0,0,0,0,0,0,0,0,0,0,0,0,0,0,0,0,0,0,0,0,0,0,0,0,0,0,0,0,0,0,0,0,0,0,0,0,0,0,0,0,0,0,0,0,0,0,0,0,0,0,0,0,0,0,0,0,0,0,0,0,0,0,0,0,0,0,0,0,0,0,0,0,0,0,0,0,0,0,0,0,0,0,0,0,0,0,0,0,13,0,0,0,0,0,0,0,0,0,0,0,0,0,0,0,0,0,0,0,0,0,9,0,0,0,0,0,0,0,0,0,0,0,0,0,0,0,0,0,0,0,7,0,0,0,0,0,0,0,0,0,0,0,0,0,0,0,0,0}
Count:   0.0   0.0   0.0   0.0   0.0   0.0   0.0   0.0   0.0   0.0   0.0   0.0   0.0   0.0   0.0   0.0   0.0   0.0   0.0   0.0   0.0   0.0   0.0   0.1   0.0   0.0   0.0   0.0   0.0   0.0   0.0   0.1   0.0   0.0   0.0   0.1   0.0   0.0   0.0   0.0   0.0   0.0   0.1   0.0   0.0   0.0   0.1   0.1   0.0   0.0   0.0   0.0   0.0   0.0   0.0   0.0   0.0   0.1   0.0   0.0   0.0   0.1   0.0   0.0   0.0   0.1   0.0   0.1   0.0   0.0   0.0   0.0   0.1   0.0   0.0   0.1   0.1   0.0   0.0   0.0   0.0   0.0   0.0   0.0   0.0   0.0   0.0   0.0   0.0   0.1   0.0   0.0   0.0   0.0   0.0   0.0   0.0   0.0   0.0   0.1   0.0   0.0   0.0   0.0   0.0   0.0   0.0   0.0   0.0   0.0   0.0   0.0   0.0   0.0   0.0   0.0   0.0   0.0   0.0   0.0   0.0   0.0   0.0   0.0   0.0   0.0   0.0   0.0   0.0   0.0   0.0   0.0   0.0   0.0   0.0   0.0   0.0   0.0   0.0   0.0   0.0   0.1   0.0   0.0   0.1   0.0   0.1   0.1   0.0   0.0   0.0   0.0   0.0   0.1   0.0   0.1   0.0   0.0   0.0   0.0   0.0   0.0   0.1   0.0   0.0   0.1   0.0   0.0   0.1   0.0   0.1   0.0   0.0   0.0   0.1   0.0   0.1   0.0   0.1   0.1   0.1   0.0   0.0   0.0   0.0   0.0   0.0   0.0   0.0   0.0   0.1   0.0   0.0   0.0   0.0   0.0   0.0   0.0   0.0   0.0 
B: * * * * * 10.0 * * * * * * * * * * 21.0 * * * * * * 19.5 11.0 21.0 19.0 17.0 13.0 * * 20.2 20.0 * * 20.0 19.0 * * 23.0 * 19.0 21.0 17.7 * 20.0 18.6 17.5 * * 17.0 22.0 * 21.0 * * * 14.3 * * 19.0 16.5 13.4 15.0 16.0 12.8 14.5 15.5 * * 20.0 * 15.5 * 12.0 11.4 17.2 * * 11.0 * * * * * * * * * 12.9 10.0 * * * * * 14.0 18.0 * 13.7 22.0 25.0 * * * 22.0 * * 10.0 * * 21.0 * 15.5 * 20.0 * 24.0 * * * * * 21.0 21.0 17.0 14.0 * 19.0 * * 13.0 * 18.0 * 22.0 * * * * * 21.9 13.1 19.0 22.0 19.0 20.8 17.0 16.5 20.1 * 18.0 10.0 12.8 * 16.2 13.0 21.0 * 19.0 20.0 15.0 16.3 17.5 * 21.5 15.0 * 15.5 * 18.0 * * * 18.9 * 16.5 * 20.3 19.0 17.5 16.0 * 18.0 * * * * * * 16.3 21.0 13.0 20.5 * 18.5 * * * 14.0 
Direction: * * * * *  n* * * * * * * * * *  n* * * * * *  n n n n n n* *  n n* *  n n* *  n*  n n n*  n n n* *  n n*  n* * *  n* *  n n n n n n n n* *  n*  n*  n n n* *  n* * * * * * * * *  n n* * * * *  n n*  n n n* * *  n* *  n* *  n*  n*  n*  n* * * * *  n n n n*  n* *  n*  n*  n* * * * *  n n n n n n n n n*  n n n*  n n n*  n n n n n*  n n*  n*  n* * *  n*  n*  n n n n*  n* * * * * *  n n n n*  n* * *  n

57.6: Count:   0.0 (  0.0) A:  10.8 [10-14] B:  17.4 [10-25] Phase: 148 (10.70) Direction:  nPhase: 153 ( 7.64) Direction:  nPhase: 144 ( 6.28) Direction:  nPhase: 139 ( 5.26) Direction:  nPhase: 139 ( 5.73) Direction:  nPhase: 135 ( 5.56) Direction:  nPhase: 137 ( 5.87) Direction:  nPhase: 137 ( 6.48) Direction:  n
Phase: {0,0,0,0,0,0,0,0,0,0,0,0,0,0,0,0,0,0,0,0,0,0,0,0,0,0,0,0,5,0,0,0,0,0,0,0,0,7,0,15,0,0,9,0,0,0,0,0,0,0,0,0,0,0,9,0,0,7,0,0,13,0,0,0,0,0,19,0,0,0,0,0,0,0,0,0,0,0,0,0,0,0,0,0,0,0,0,0,0,0,0,0,0,0,0,0,0,0,0,0,0,0,0,0,0,0,0,0,0,0,0,0,0,0,0,0,0,0,0,0,0,0,0,18,0,4,15,24,18,37,15,34,11,4,13,77,34,46,24,61,8,53,25,54,68,26,63,52,41,14,42,74,18,62,19,5,42,28,38,0,14,1,28,0,16,33,15,0,7,0,0,0,0,5,0,0,0,0,5,0,0,0,0,0,0,0,0,0,0,0,0,0,0,0,0,0,0,0,0,0,0,0,0,0,0,0,0,0,0,0,0,0,0,0,0,0,0,0,0,0,0,0,0,0,0,0,0,0,0,0,0,0,0,0,0,0,0,0,0,0,0,0,0,0,0,0,0,0,0,0,0,0,0,0,0,0,0,0,0,0,0,0,0,0,0,0,0,0,0,0,0,0,0,0,0,0,0,0,0,0,0,0,0,0,0,0,0,0,0,0,0,0,0,0,0,0,0,0,0,0,0,0,0,0,0,0,0,0,0,0,0,0,0,0,0,0,0,0,0,0,0,0,0,0,0,0,0,0,0,0,15,0,0,0,0,0,0,0,0,0,5,0,0,0,0,0,0,0,0,0,0,0,0,0,0,0,0,0,0,0}
Count:   0.0   0.0   0.0   0.0   0.0   0.0   0.0   0.0   0.0   0.0   0.0   0.0   0.0   0.0   0.0   0.0   0.0   0.0   0.0   0.0   0.0   0.0   0.0   0.0   0.0   0.1   0.0   0.0   0.0   0.0   0.0   0.1   0.1   0.0   0.0   0.0   0.0   0.0   0.0   0.1   0.1   0.0   0.0   0.0   0.0   0.0   0.0   0.0   0.1   0.0   0.0   0.0   0.0   0.0   0.0   0.1   0.0   0.0   0.1   0.0   0.0   0.0   0.0   0.0   0.0   0.0   0.0   0.0   0.0   0.0   0.0   0.0   0.0   0.1   0.0   0.0   0.0   0.0   0.0   0.0   0.0   0.0   0.0   0.1   0.1   0.0   0.0   0.1   0.0   0.0   0.0   0.1   0.0   0.0   0.0   0.0   0.0   0.1   0.0   0.0   0.1   0.0   0.0   0.0   0.0   0.0   0.0   0.0   0.0   0.0   0.0   0.1   0.0   0.1   0.0   0.0   0.1   0.0   0.0   0.0   0.0   0.0   0.0   0.0   0.0   0.0   0.0   0.0   0.0   0.1   0.0   0.0   0.0   0.0   0.0   0.0   0.0   0.1   0.1   0.0   0.0   0.0   0.0   0.0   0.0   0.0   0.0   0.1   0.1   0.1   0.0   0.0   0.0   0.0   0.0   0.1   0.0   0.0   0.0   0.0   0.0   0.0   0.0   0.0   0.1   0.0   0.0   0.0   0.1   0.0   0.1   0.0   0.0   0.0   0.0   0.0   0.0   0.0   0.0   0.0   0.0   0.0   0.0   0.0   0.1   0.0   0.0   0.0   0.0   0.0   0.0   0.0   0.0   0.0   0.1   0.1   0.0   0.0   0.0   0.1 
B: * * * * * 11.0 * * * * * * 12.0 * * * 24.0 * * 23.0 * * * 15.0 14.6 16.2 17.5 18.6 21.0 19.9 * 12.2 14.0 * 19.0 19.0 23.0 * * 16.7 17.1 20.0 * 17.2 19.0 * * 16.4 14.3 22.0 * * 22.0 * 19.9 11.9 11.0 21.0 19.3 22.0 19.0 14.5 16.0 17.0 22.0 * * * * 14.0 * 16.0 * 13.4 16.0 * * 18.0 * * * * * 23.5 15.1 * 20.2 21.3 16.0 18.0 18.0 22.3 15.5 * 17.0 16.0 * 22.0 17.0 13.0 17.7 18.0 * 15.0 16.5 * 15.0 * * * 15.0 20.2 21.0 22.5 22.0 * 15.5 18.0 * * 19.0 * 19.0 * 10.0 11.0 * * 21.0 16.5 16.5 * * 17.0 * * 20.0 16.5 14.2 * 19.0 * * * * * * 15.7 18.1 14.4 23.0 19.8 * * 21.0 10.7 * 21.0 * 15.0 15.0 18.0 20.0 * 12.5 23.0 19.4 * 20.5 14.0 17.1 * * * * * * * * * 19.0 12.0 * * 16.9 23.0 20.2 * 17.0 * 20.7 19.5 14.5 13.3 12.8 18.7 * * 22.0 14.7 
Direction: * * * * *  n* * * * * *  n* * *  n* *  n* * *  n n n n n n n*  n n*  n n n* *  n n n*  n n* *  n n n* *  n*  n n n n n n n n n n n* * * *  n*  n*  n n* *  n* * * * *  n n*  n n n n n n n*  n n*  n n n n n*  n n*  n* * *  n n n n n*  n n* *  n*  n*  n n* *  n n n* *  n* *  n n n*  n* * * * * *  n n n n n* *  n n*  n*  n n n n*  n n n*  n n n* * * * * * * * *  n n* *  n n n*  n*  n n n n n n* *  n n

57.7: Count:   0.0 (  0.0) A:  10.6 [10-14] B:  18.1 [11-26] Phase: 147 ( 6.87) Direction:  nPhase: 138 ( 3.51) Direction:  nPhase: 153 ( 4.22) Direction:  nPhase: 156 ( 5.26) Direction:  nPhase: 162 ( 5.99) Direction:  nPhase: 143 ( 7.64) Direction:  nPhase: 151 ( 5.53) Direction:  nPhase: 152 ( 5.86) Direction:  n
Phase: {0,0,0,0,0,0,0,0,0,0,0,0,0,0,0,0,0,0,0,0,0,0,0,0,0,0,0,0,0,0,0,0,0,0,0,0,0,0,0,0,0,0,0,0,0,0,0,0,0,0,0,0,0,0,0,0,0,0,13,0,0,0,0,0,0,0,0,0,0,0,0,0,0,0,0,0,0,0,0,0,0,0,0,0,0,0,0,0,0,0,0,0,0,0,0,0,0,0,0,0,0,0,0,0,0,0,0,0,0,0,0,0,0,0,0,0,0,0,0,0,0,0,0,0,0,0,0,9,13,0,11,15,15,0,14,52,10,28,63,41,51,46,51,50,17,95,81,54,68,56,50,60,36,20,29,34,74,30,20,41,7,0,0,11,28,9,5,0,0,0,0,0,0,0,0,0,0,0,0,0,0,0,0,0,0,0,0,0,0,0,0,0,0,0,0,0,0,0,0,0,0,0,0,0,0,0,0,0,0,0,0,0,0,0,0,0,0,0,0,0,0,0,0,0,0,0,0,0,0,0,0,0,0,0,0,0,0,0,0,0,0,0,0,0,0,0,0,0,0,0,0,0,0,0,0,0,0,0,0,0,0,0,0,0,0,0,0,0,0,0,0,0,0,0,0,0,0,0,0,0,0,0,0,0,0,0,0,0,0,0,0,0,0,0,0,0,0,0,0,0,0,0,0,0,0,0,0,0,0,0,0,0,0,0,0,0,0,0,0,0,0,0,0,0,0,0,0,0,0,0,0,0,0,0,0,0,0,0,0,0,0,0,0,0,0,0,0,0,0,0,0,0,0,0,0,0,0,0,0,0}
Count:   0.1   0.0   0.0   0.0   0.0   0.0   0.0   0.0   0.0   0.0   0.0   0.0   0.0   0.0   0.0   0.0   0.0   0.0   0.0   0.0   0.0   0.0   0.0   0.0   0.1   0.0   0.0   0.0   0.1   0.0   0.0   0.0   0.0   0.0   0.0   0.0   0.0   0.0   0.0   0.0   0.0   0.0   0.0   0.0   0.0   0.0   0.0   0.0   0.0   0.0   0.0   0.0   0.0   0.0   0.0   0.0   0.0   0.0   0.1   0.0   0.0   0.0   0.1   0.1   0.0   0.0   0.0   0.0   0.0   0.1   0.0   0.0   0.0   0.0   0.0   0.0   0.0   0.0   0.0   0.0   0.0   0.0   0.0   0.1   0.0   0.0   0.0   0.0   0.0   0.0   0.0   0.0   0.0   0.0   0.0   0.0   0.0   0.1   0.0   0.0   0.1   0.0   0.0   0.0   0.1   0.0   0.0   0.0   0.0   0.0   0.1   0.0   0.0   0.1   0.0   0.0   0.0   0.0   0.0   0.0   0.0   0.0   0.0   0.0   0.0   0.0   0.0   0.0   0.0   0.0   0.0   0.0   0.0   0.0   0.0   0.0   0.0   0.0   0.1   0.0   0.0   0.0   0.0   0.0   0.0   0.0   0.0   0.0   0.0   0.0   0.1   0.0   0.0   0.0   0.0   0.1   0.1   0.0   0.0   0.1   0.1   0.1   0.0   0.0   0.0   0.0   0.0   0.0   0.0   0.0   0.1   0.0   0.0   0.0   0.0   0.0   0.0   0.0   0.0   0.0   0.1   0.0   0.0   0.0   0.0   0.0   0.0   0.1   0.0   0.0   0.0   0.0   0.1   0.0   0.2   0.0   0.0   0.0   0.0   0.1 
B: 20.0 * * * * * * * * * * * * * * * 15.5 * * 17.0 * * * 21.0 17.1 17.0 20.0 17.0 15.0 22.2 * 19.1 19.3 21.0 21.0 13.0 * * * * 19.0 19.0 * 19.0 * * 16.0 15.0 * * 22.0 18.0 11.0 11.0 22.0 23.0 * 19.0 16.6 * 14.0 * 19.3 15.7 23.0 19.0 * * * 17.3 17.0 * * * * * 22.0 * 20.0 * * * * 21.8 15.1 19.0 22.0 20.0 18.0 23.0 23.0 20.7 * 20.0 20.0 * 21.0 18.5 14.0 15.0 18.0 18.0 * * 20.0 * * * * 11.0 16.3 19.5 * 23.2 23.0 * 20.0 * * * 18.0 * * * * * * * 16.0 * * * * 17.0 * * * * 16.5 * * 21.0 * 18.0 * * * 15.0 22.0 22.0 18.2 20.0 * 19.0 * 22.8 15.5 20.0 16.0 16.0 18.2 17.8 18.0 14.0 * 21.0 21.9 * 23.0 * 19.0 * * * 16.0 * 12.0 * * 20.0 17.5 * * 13.0 17.0 * * 18.3 20.0 15.0 19.0 21.0 15.3 20.0 15.7 19.0 * * * 14.6 
Direction:  n* * * * * * * * * * * * * * *  n* *  n* * *  n n n n n n n*  n n n n n* * * *  n n*  n* *  n n* *  n n n n n n*  n n*  n*  n n n n* * *  n n* * * * *  n*  n* * * *  n n n n n n n n n*  n n*  n n n n n n* *  n* * * *  n n n*  n n*  n* * *  n* * * * * * *  n* * * *  n* * * *  n* *  n*  n* * *  n n n n n*  n*  n n n n n n n n n*  n n*  n*  n* * *  n*  n* *  n n* *  n n* *  n n n n n n n n n* * *  n

57.8: Count:   0.0 (  0.0) A:  10.7 [10-14] B:  17.6 [10-24] Phase: 144 ( 7.05) Direction:  nPhase: 153 ( 3.77) Direction:  nPhase: 154 ( 6.11) Direction:  nPhase: 166 ( 7.28) Direction:  nPhase: 153 ( 6.84) Direction:  nPhase: 159 ( 7.64) Direction:  nPhase: 153 ( 7.75) Direction:  nPhase: 153 ( 7.89) Direction:  n
Phase: {0,0,0,0,0,0,0,0,0,0,0,0,0,0,0,0,0,0,0,0,0,0,0,0,0,0,0,0,0,0,0,0,0,0,0,0,0,0,0,0,0,0,0,0,0,0,0,0,0,0,0,0,7,0,0,0,0,0,0,0,0,0,0,0,0,0,0,0,0,0,0,0,0,0,0,0,0,0,0,0,0,0,0,0,0,0,0,0,0,0,0,0,0,0,0,0,0,0,0,0,0,0,0,0,0,0,0,0,0,0,0,0,0,0,6,0,0,0,0,0,0,0,5,4,0,0,0,7,7,14,9,33,14,22,15,38,46,27,59,41,40,63,65,40,135,94,83,40,76,53,97,50,27,129,52,40,54,26,33,62,6,13,15,25,57,24,0,21,13,20,7,0,0,0,11,0,0,9,0,0,0,0,0,0,0,0,0,0,0,0,0,0,0,0,0,0,0,0,0,0,0,0,0,0,0,0,0,0,0,0,0,0,0,0,0,0,0,0,0,0,0,0,0,0,0,0,0,0,0,0,0,0,0,0,0,0,0,0,0,0,0,0,0,0,0,0,0,0,0,0,0,0,0,0,0,0,0,0,0,0,0,0,0,0,0,0,0,0,0,0,0,0,0,0,0,0,0,0,0,0,0,0,0,0,0,0,0,0,0,0,0,0,0,0,0,0,0,0,0,0,0,0,0,0,4,0,0,0,0,0,0,0,0,0,0,0,0,0,0,0,0,0,0,0,0,0,0,0,0,0,0,0,0,0,0,0,0,0,0,0,0,0,0,0,0,0,0,0,0,0,0,0,0,0,0,0,0,0,0,0}
Count:   0.0   0.0   0.0   0.0   0.0   0.0   0.0   0.0   0.0   0.0   0.0   0.0   0.0   0.0   0.0   0.0   0.0   0.0   0.0   0.0   0.0   0.0   0.0   0.0   0.1   0.0   0.1   0.0   0.0   0.0   0.0   0.0   0.0   0.0   0.1   0.0   0.1   0.0   0.0   0.0   0.1   0.0   0.1   0.0   0.1   0.0   0.0   0.1   0.0   0.0   0.1   0.1   0.1   0.0   0.0   0.0   0.0   0.2   0.0   0.1   0.0   0.1   0.1   0.0   0.1   0.1   0.1   0.0   0.1   0.0   0.0   0.1   0.0   0.0   0.1   0.0   0.0   0.0   0.0   0.0   0.0   0.0   0.0   0.0   0.0   0.0   0.0   0.0   0.0   0.0   0.0   0.0   0.0   0.1   0.0   0.0   0.0   0.0   0.0   0.0   0.0   0.0   0.1   0.0   0.1   0.2   0.0   0.1   0.0   0.0   0.0   0.0   0.0   0.0   0.0   0.0   0.1   0.0   0.0   0.0   0.0   0.1   0.0   0.0   0.1   0.0   0.0   0.0   0.0   0.0   0.0   0.1   0.0   0.1   0.0   0.0   0.1   0.0   0.0   0.1   0.0   0.0   0.1   0.1   0.1   0.0   0.0   0.1   0.1   0.0   0.1   0.0   0.0   0.1   0.1   0.0   0.0   0.0   0.0   0.0   0.0   0.0   0.0   0.0   0.0   0.0   0.0   0.2   0.0   0.0   0.0   0.0   0.0   0.0   0.1   0.0   0.0   0.1   0.0   0.1   0.0   0.0   0.1   0.0   0.0   0.1   0.2   0.0   0.0   0.0   0.0   0.0   0.0   0.0   0.0   0.0   0.0   0.0   0.1   0.0 
B: * * 19.0 * * * * * * * * * * 18.0 * * 20.0 * * * * * 18.0 16.0 18.9 15.3 15.4 * * 20.0 * 20.0 14.0 * 17.5 * 21.7 * 14.0 14.0 10.0 * 16.7 19.4 14.0 16.5 * 19.4 20.0 * 12.4 21.0 17.6 21.0 * 15.0 20.0 19.7 21.0 13.4 19.0 17.3 15.1 18.0 14.3 17.3 18.3 * 13.6 21.0 * 20.5 13.0 * 20.4 * * 11.0 21.0 * 22.0 * 17.0 10.0 * 17.0 * 10.0 * * * 18.0 15.0 21.1 23.0 20.0 24.0 * * 13.0 * 11.0 16.9 24.0 13.8 15.2 13.0 20.0 18.3 22.0 21.0 * * * * * 19.2 19.0 * 23.0 * 17.0 * * 19.0 * 20.0 * 13.0 19.0 * 18.4 * 21.2 * * 19.8 22.0 * 17.2 19.0 * 17.5 21.0 18.3 * * 19.9 20.7 * 17.9 21.0 22.0 21.4 14.5 14.0 * 15.1 20.0 * * * * * * 20.0 * 18.4 18.0 * 18.0 21.0 * 15.0 18.5 19.0 14.0 21.5 11.0 18.0 19.0 * 16.5 12.0 16.0 18.0 16.3 11.0 * 17.0 * 21.0 16.6 17.8 19.2 15.0 * * 15.8 21.0 
Direction: * *  n* * * * * * * * * *  n* *  n* * * * *  n n n n n* *  n*  n n*  n*  n*  n n n*  n n n n*  n n*  n n n n*  n n n n n n n n n n n n*  n n*  n n*  n* *  n n*  n*  n n*  n*  n* * *  n n n n n n* *  n*  n n n n n n n n n n* * * * *  n n*  n*  n* *  n*  n*  n n*  n*  n* *  n n*  n n*  n n n* *  n n*  n n n n n n*  n n* * * * * *  n*  n n*  n n*  n n n n n n n n*  n n n n n n*  n*  n n n n n* *  n n

57.9: Count:   0.0 (  0.0) A:  10.9 [10-14] B:  17.5 [10-25] Phase: 161 ( 7.09) Direction:  nPhase: 128 ( 3.28) Direction:  nPhase: 140 ( 4.13) Direction:  nPhase: 141 ( 3.80) Direction:  nPhase: 150 ( 2.83) Direction:  nPhase: 148 ( 3.18) Direction:  nPhase: 155 ( 3.98) Direction:  nPhase: 152 ( 4.13) Direction:  n
Phase: {0,0,0,0,0,0,0,0,0,0,0,0,0,0,0,0,0,0,0,0,0,0,0,0,0,0,0,0,0,0,0,0,0,0,0,0,0,0,0,0,0,0,0,6,0,0,13,0,0,0,0,0,0,0,0,0,0,0,8,0,0,0,0,9,0,0,0,0,0,0,0,0,0,0,0,0,0,0,0,0,0,0,0,0,0,0,0,0,0,0,0,0,0,0,0,0,0,0,0,0,0,0,0,0,0,0,0,0,0,0,0,0,0,2,0,0,0,0,0,0,0,1,0,0,10,16,9,0,34,24,0,23,3,21,18,49,13,47,37,56,39,101,62,84,70,26,67,37,159,92,128,95,156,40,18,41,74,88,67,37,25,32,36,48,11,18,0,28,5,21,0,0,15,0,9,9,0,0,1,9,38,0,22,0,0,0,0,13,0,0,0,0,0,7,0,0,0,0,0,0,0,0,0,0,0,0,0,0,0,0,0,4,0,0,0,11,0,0,0,0,0,0,0,0,0,0,0,0,0,0,0,0,0,0,0,0,0,0,0,0,0,0,0,0,0,0,0,0,0,0,0,0,0,0,0,0,0,0,0,0,0,0,0,0,0,0,0,0,0,0,0,0,0,0,0,0,0,0,0,0,0,0,0,0,0,0,0,0,0,0,0,0,0,0,0,0,0,0,0,0,0,0,0,0,0,0,0,0,0,0,0,0,0,0,0,0,0,0,0,0,0,0,0,0,0,0,0,0,0,0,0,0,0,0,0,0,0,0,0,0,0,0,0,0,0,0,0,0,0,0,0,0,0,0,0,0,0,0,0,0}
Count:   0.0   0.0   0.0   0.0   0.0   0.0   0.0   0.0   0.0   0.0   0.0   0.0   0.0   0.0   0.0   0.0   0.0   0.0   0.0   0.0   0.0   0.0   0.0   0.1   0.2   0.0   0.0   0.0   0.0   0.0   0.0   0.0   0.0   0.0   0.0   0.0   0.1   0.0   0.0   0.0   0.0   0.0   0.0   0.0   0.1   0.0   0.0   0.0   0.0   0.0   0.0   0.0   0.0   0.1   0.0   0.0   0.0   0.1   0.0   0.0   0.0   0.1   0.0   0.1   0.0   0.0   0.0   0.0   0.0   0.0   0.0   0.1   0.0   0.0   0.1   0.0   0.0   0.1   0.0   0.0   0.0   0.0   0.1   0.0   0.0   0.0   0.0   0.0   0.0   0.0   0.0   0.0   0.0   0.1   0.0   0.0   0.0   0.0   0.0   0.0   0.0   0.0   0.1   0.2   0.1   0.1   0.0   0.0   0.0   0.0   0.1   0.1   0.0   0.0   0.0   0.0   0.1   0.1   0.0   0.1   0.0   0.0   0.0   0.0   0.0   0.0   0.1   0.0   0.0   0.0   0.0   0.1   0.0   0.1   0.0   0.0   0.0   0.0   0.0   0.1   0.2   0.0   0.1   0.2   0.0   0.1   0.0   0.2   0.0   0.0   0.1   0.0   0.0   0.1   0.1   0.2   0.0   0.1   0.0   0.0   0.1   0.0   0.1   0.0   0.0   0.0   0.0   0.1   0.0   0.0   0.0   0.0   0.0   0.1   0.0   0.0   0.1   0.1   0.1   0.1   0.0   0.0   0.0   0.0   0.0   0.1   0.1   0.0   0.0   0.0   0.0   0.0   0.0   0.0   0.0   0.0   0.0   0.0   0.1   0.0 
B: * * 19.0 * * * * * 16.0 21.0 16.0 * * * * * * * * 19.0 16.0 14.0 19.0 15.0 19.6 18.0 18.0 * * * * 19.0 11.0 18.6 17.7 * 20.5 15.0 16.0 * 22.0 20.7 14.3 17.5 15.5 17.0 17.0 20.0 15.3 * 11.3 16.0 18.0 18.0 13.0 * 16.0 17.7 18.0 17.0 21.0 19.3 20.0 16.5 14.5 * 19.0 18.0 * 18.0 * 20.1 16.0 * 18.8 * * 18.0 19.5 * * 17.0 17.0 17.0 * * * 13.0 * 19.0 * 21.0 13.0 16.0 14.5 * 19.0 * 14.0 13.0 * 13.0 18.7 16.2 17.7 18.0 15.0 * * 17.0 17.3 14.0 14.0 * 17.0 * 20.9 18.9 18.0 15.5 14.0 17.5 15.0 * 19.0 * 17.6 * 13.0 18.5 21.0 15.8 * 18.6 21.0 * 18.5 20.0 * 17.9 18.0 20.0 16.1 20.2 20.8 13.7 13.0 20.1 20.5 19.0 16.5 23.0 17.0 20.8 18.3 17.2 21.0 13.1 * * 16.0 20.0 16.5 14.0 11.0 19.0 20.0 18.9 21.0 13.0 15.7 20.0 * 21.0 19.1 15.0 15.7 19.0 18.7 14.4 * * 14.0 * * 17.0 18.4 21.0 16.0 16.0 12.5 15.8 18.0 18.0 21.0 15.7 22.0 20.0 15.0 19.0 
Direction: * *  n* * * * *  n n n* * * * * * * *  n n n n n n n n* * * *  n n n n*  n n n*  n n n n n n n n n*  n n n n n*  n n n n n n n n n*  n n*  n*  n n*  n* *  n n* *  n n n* * *  n*  n*  n n n n*  n*  n n*  n n n n n n* *  n n n n*  n*  n n n n n n n*  n*  n*  n n n n*  n n*  n n*  n n n n n n n n n n n n n n n n n n n* *  n n n n n n n n n n n n*  n n n n n n n* *  n* *  n n n n n n n n n n n n n n n

58.0: Count:   0.0 (  0.0) A:  11.0 [10-15] B:  17.8 [10-26] Phase: 152 ( 7.67) Direction:  nPhase: 142 ( 4.10) Direction:  nPhase: 133 ( 3.42) Direction:  nPhase: 142 ( 7.16) Direction:  nPhase: 146 ( 5.21) Direction:  nPhase: 146 ( 5.27) Direction:  nPhase: 142 ( 6.85) Direction:  nPhase: 148 ( 5.50) Direction:  n
Phase: {0,0,0,0,0,0,0,0,0,0,0,0,0,0,0,0,0,0,0,0,0,0,0,0,0,0,0,0,0,0,0,0,0,0,0,0,0,0,0,0,0,0,0,0,0,0,0,0,0,0,0,0,1,0,0,0,0,0,0,0,0,0,0,0,0,0,0,0,0,0,0,0,0,0,0,0,0,0,0,0,0,0,0,0,0,0,0,0,0,0,0,0,0,0,0,0,0,0,0,0,0,0,0,0,0,0,0,0,0,0,0,0,0,5,11,0,9,0,0,0,1,0,0,0,0,0,15,14,1,15,6,27,45,60,14,60,21,14,44,65,39,94,72,22,35,64,147,53,125,97,73,57,133,71,28,41,67,1,62,31,25,26,66,28,56,20,41,0,5,0,6,13,5,7,0,0,0,0,0,0,7,0,0,0,0,0,13,0,0,0,0,0,0,0,4,0,0,9,0,0,0,0,0,0,0,0,11,0,0,0,0,0,0,0,0,0,0,0,0,0,0,0,0,0,0,0,0,0,0,0,0,0,0,0,0,0,0,0,0,0,0,0,0,0,0,0,0,0,0,0,0,0,0,0,0,0,0,0,0,0,0,0,0,0,0,0,0,0,0,0,0,0,0,0,0,0,0,0,0,0,0,0,0,0,0,0,0,0,0,0,0,0,0,0,0,0,0,0,0,0,0,0,0,0,0,0,0,0,0,0,0,0,0,0,0,0,0,0,0,0,0,0,0,0,0,0,0,0,0,0,0,0,0,0,0,0,0,0,0,0,0,0,0,0,0,0,0,0,0,0,0,0,0,0,0,0,0,0,0,0}
Count:   0.0   0.0   0.1   0.0   0.0   0.0   0.0   0.0   0.0   0.0   0.0   0.0   0.0   0.0   0.0   0.0   0.0   0.0   0.0   0.0   0.0   0.0   0.0   0.0   0.1   0.0   0.0   0.0   0.0   0.0   0.1   0.0   0.0   0.0   0.0   0.0   0.0   0.0   0.0   0.0   0.0   0.0   0.0   0.0   0.0   0.0   0.0   0.0   0.0   0.0   0.0   0.0   0.0   0.1   0.0   0.0   0.0   0.0   0.0   0.0   0.0   0.1   0.1   0.1   0.1   0.0   0.0   0.0   0.0   0.1   0.0   0.1   0.0   0.0   0.0   0.0   0.0   0.0   0.0   0.0   0.0   0.1   0.0   0.0   0.0   0.0   0.0   0.1   0.0   0.0   0.0   0.0   0.0   0.1   0.0   0.0   0.0   0.0   0.0   0.0   0.0   0.0   0.2   0.1   0.0   0.1   0.0   0.0   0.0   0.0   0.0   0.0   0.0   0.0   0.0   0.0   0.0   0.1   0.1   0.0   0.0   0.0   0.0   0.0   0.1   0.0   0.1   0.0   0.0   0.0   0.0   0.1   0.0   0.1   0.0   0.0   0.0   0.0   0.0   0.0   0.1   0.0   0.0   0.1   0.0   0.1   0.0   0.2   0.0   0.0   0.1   0.0   0.0   0.1   0.0   0.2   0.0   0.2   0.0   0.0   0.2   0.0   0.1   0.1   0.0   0.0   0.0   0.1   0.0   0.0   0.1   0.1   0.1   0.1   0.0   0.0   0.1   0.1   0.1   0.0   0.0   0.0   0.0   0.0   0.0   0.1   0.1   0.0   0.0   0.0   0.0   0.0   0.1   0.0   0.0   0.1   0.0   0.0   0.1   0.0 
B: * * 13.8 * * * * * * * * * * * 17.0 * * * 17.0 * 21.0 19.0 * 17.9 19.7 * 14.5 * * 13.0 17.0 * * 19.2 19.4 * 19.0 * 19.0 * * 19.3 11.0 17.0 17.0 17.3 11.0 * 21.8 * 13.0 13.0 14.0 16.3 * * * * * 17.0 * 19.6 16.1 18.4 17.5 * 22.0 * * 18.5 18.0 18.7 * * 18.0 * * 18.5 18.0 * 19.0 17.2 * * 15.0 * * 18.0 * 20.0 * 16.5 16.6 16.4 18.3 17.0 * * * 19.5 * 13.0 17.0 18.8 17.0 17.1 13.0 17.0 * * * 22.0 22.0 * 18.0 * 18.7 18.9 17.5 20.0 * 16.0 14.0 16.0 17.0 * 19.0 * 20.0 * 26.0 18.5 * 20.5 23.0 17.0 21.1 21.0 * 19.0 18.0 19.0 21.0 19.7 19.1 17.7 17.0 20.1 20.5 18.5 14.5 19.0 15.0 17.1 22.0 16.5 * 16.2 * * 17.1 19.0 18.4 16.0 * * * 16.3 23.0 21.0 18.6 16.6 16.0 16.7 14.4 17.0 17.7 17.5 17.5 19.0 * 15.0 * 15.0 * 16.9 16.7 21.0 * 17.0 17.0 18.0 17.2 18.4 16.9 17.1 19.0 * 11.0 * 
Direction: * *  n* * * * * * * * * * *  n* * *  n*  n n*  n n*  n* *  n n* *  n n*  n*  n* *  n n n n n n*  n*  n n n n* * * * *  n*  n n n n*  n* *  n n n* *  n* *  n n*  n n* *  n* *  n*  n*  n n n n n* * *  n*  n n n n n n n* * *  n n*  n*  n n n n*  n n n n*  n*  n*  n n*  n n n n n*  n n n n n n n n n n n n n n n n n*  n* *  n n n n* * *  n n n n n n n n n n n n n*  n*  n*  n n n*  n n n n n n n n*  n* 

58.1: Count:   0.0 (  0.0) A:  11.0 [10-15] B:  17.6 [10-25] Phase: 153 ( 7.77) Direction:  nPhase: 137 ( 4.29) Direction:  nPhase: 135 ( 9.11) Direction:  nPhase: 155 ( 6.69) Direction:  nPhase: 157 ( 6.29) Direction:  nPhase: 158 ( 6.02) Direction:  nPhase: 158 ( 6.40) Direction:  nPhase: 158 ( 6.39) Direction:  n
Phase: {0,0,0,0,0,0,0,0,0,0,0,0,0,0,0,0,0,0,0,0,0,0,0,0,0,0,0,0,0,0,0,0,0,0,0,0,0,0,0,0,0,0,0,0,0,0,0,0,0,0,0,0,0,0,0,0,0,0,0,0,0,0,0,0,0,0,0,0,0,0,5,0,0,0,0,0,0,0,0,0,0,0,0,0,0,0,0,0,0,0,0,0,0,0,0,0,0,0,0,0,0,0,0,0,0,0,0,0,0,0,0,0,0,0,0,0,5,0,0,0,14,0,13,0,6,0,1,33,1,0,6,56,46,6,38,79,58,22,54,49,48,49,19,80,57,28,100,69,88,27,66,43,39,70,93,137,120,137,56,18,101,28,64,96,0,10,35,53,22,6,15,2,22,40,26,1,12,15,0,0,1,0,15,12,0,0,13,9,13,0,0,0,0,7,0,2,11,28,13,0,0,0,0,0,11,7,0,15,0,0,0,0,15,0,0,0,0,0,0,0,0,0,0,0,0,0,0,0,0,0,0,0,0,0,0,0,0,0,0,0,0,0,0,0,0,0,0,0,0,0,0,0,0,0,0,0,0,0,0,0,0,0,0,0,0,0,0,0,0,0,0,0,0,0,0,0,0,0,0,0,0,0,0,0,0,0,0,0,0,0,0,0,0,0,0,0,0,0,0,0,0,0,0,0,0,0,0,0,0,0,0,0,0,0,0,0,0,0,0,0,0,5,0,0,0,0,0,0,0,0,0,0,0,0,0,0,0,0,0,0,0,0,0,0,0,0,0,0,0,0,0,0,0,0,0,0,0,0,0,0}
Count:   0.0   0.0   0.0   0.0   0.0   0.0   0.0   0.1   0.0   0.0   0.0   0.0   0.0   0.0   0.0   0.0   0.0   0.1   0.0   0.1   0.0   0.1   0.0   0.0   0.1   0.0   0.0   0.1   0.0   0.1   0.0   0.2   0.0   0.0   0.0   0.1   0.1   0.1   0.0   0.0   0.0   0.0   0.1   0.1   0.0   0.0   0.1   0.1   0.0   0.0   0.0   0.0   0.0   0.0   0.0   0.0   0.0   0.0   0.1   0.0   0.1   0.1   0.0   0.1   0.0   0.0   0.1   0.1   0.0   0.0   0.1   0.0   0.0   0.1   0.0   0.0   0.0   0.1   0.1   0.1   0.0   0.0   0.0   0.0   0.1   0.0   0.0   0.1   0.0   0.1   0.0   0.0   0.0   0.0   0.1   0.1   0.1   0.0   0.0   0.0   0.0   0.0   0.0   0.0   0.0   0.0   0.0   0.0   0.0   0.0   0.0   0.0   0.0   0.0   0.0   0.1   0.0   0.1   0.0   0.1   0.0   0.0   0.1   0.0   0.0   0.1   0.0   0.0   0.0   0.0   0.0   0.1   0.1   0.0   0.1   0.1   0.0   0.0   0.1   0.0   0.0   0.1   0.0   0.1   0.0   0.0   0.0   0.1   0.1   0.1   0.0   0.0   0.1   0.1   0.0   0.0   0.0   0.1   0.0   0.1   0.0   0.1   0.1   0.0   0.1   0.1   0.1   0.0   0.1   0.0   0.1   0.0   0.1   0.1   0.0   0.1   0.0   0.1   0.0   0.0   0.0   0.1   0.1   0.0   0.1   0.0   0.0   0.0   0.1   0.0   0.1   0.0   0.1   0.0   0.1   0.1   0.1   0.1   0.0   0.1 
B: 17.0 * 19.0 * * 21.0 * 14.9 19.0 * * * * * * * 18.0 20.0 17.0 17.0 * 17.6 13.0 16.5 17.3 17.3 * 14.7 19.0 17.3 11.0 17.5 15.7 22.0 18.0 16.8 20.3 16.2 14.0 18.0 * 16.2 17.7 12.8 * 20.0 19.2 21.0 18.3 16.0 22.0 16.0 17.1 18.0 * * 20.0 18.0 15.7 20.0 14.7 17.9 19.3 20.1 21.2 17.0 17.5 20.7 * * 15.0 15.0 * 15.4 * 14.0 20.0 17.5 17.4 17.1 * 17.0 10.0 * 20.7 22.0 18.0 18.9 * 17.3 13.0 18.0 15.3 20.0 14.5 17.5 22.2 * 19.0 19.0 * 16.0 16.0 * 15.0 * 11.0 * 19.0 11.0 11.0 * 19.0 * 21.0 22.7 18.0 17.3 16.8 22.2 * 21.0 19.5 * 20.0 18.6 13.0 * 10.0 * * 16.7 18.0 * 19.2 17.2 * 16.0 20.0 * 15.0 18.0 18.0 17.2 21.0 19.0 17.0 18.0 20.0 17.0 17.8 15.3 17.6 15.2 19.0 * 20.0 17.0 19.0 19.1 15.0 18.2 19.7 20.0 17.6 19.0 16.4 14.0 18.1 17.0 15.5 19.0 15.0 17.8 23.0 17.8 13.0 13.2 * 19.0 16.0 16.9 15.7 19.0 16.0 18.0 * 17.0 19.5 20.0 19.6 15.9 15.5 15.0 21.8 22.1 16.0 13.4 * 18.4 
Direction:  n*  n* *  n*  n n* * * * * * *  n n n n*  n n n n n*  n n n n n n n n n n n n n*  n n n*  n n n n n n n n n* *  n n n n n n n n n n n n* *  n n*  n*  n n n n n*  n n*  n n n n*  n n n n n n n n*  n n*  n n*  n*  n*  n n n*  n*  n n n n n n*  n n*  n n n*  n* *  n n*  n n*  n n*  n n n n n n n n n n n n n n n*  n n n n n n n n n n n n n n n n n n n n n n*  n n n n n n n*  n n n n n n n n n n n*  n

58.2: Count:   0.0 (  0.0) A:  11.0 [10-15] B:  17.4 [10-24] Phase: 150 ( 8.80) Direction:  nPhase: 174 ( 4.34) Direction:  nPhase: 161 ( 6.10) Direction:  nPhase: 159 ( 6.32) Direction:  nPhase: 164 ( 6.00) Direction:  nPhase: 158 ( 6.83) Direction:  nPhase: 159 ( 6.19) Direction:  nPhase: 159 ( 6.99) Direction:  n
Phase: {3,0,0,0,0,0,0,0,0,0,0,0,0,0,0,0,0,0,0,0,0,0,0,0,0,0,0,0,0,0,0,0,0,0,0,0,0,0,0,0,0,0,0,0,0,0,0,0,0,0,0,0,0,0,0,0,0,0,0,0,0,0,0,0,0,0,0,0,0,0,0,0,1,0,0,0,0,0,0,0,0,0,0,0,0,0,0,0,0,0,0,0,0,0,0,0,0,0,0,0,0,0,0,0,0,0,0,0,0,0,0,0,0,0,0,0,0,0,0,0,0,0,0,0,0,11,0,5,20,0,34,7,7,17,12,21,48,30,11,42,73,47,5,70,62,93,84,33,97,110,69,107,143,127,60,111,53,69,104,130,58,98,80,19,82,47,33,88,27,21,22,45,11,17,18,29,29,0,11,7,19,17,0,0,0,0,0,0,11,7,0,0,5,0,0,0,5,0,0,0,0,1,0,0,0,0,0,0,0,9,11,0,0,9,0,0,0,0,0,0,0,0,0,0,0,0,0,0,0,0,0,0,0,0,0,0,0,0,0,0,0,0,0,0,0,0,0,0,0,0,0,0,0,0,0,0,0,0,0,0,0,0,0,0,0,0,0,0,0,0,0,0,0,0,0,0,0,0,0,0,0,0,0,0,0,0,0,0,0,0,0,0,0,0,0,0,0,0,0,0,0,0,0,0,0,0,0,0,0,0,0,0,0,0,0,0,0,0,0,0,0,0,0,0,0,0,0,0,0,0,0,0,0,0,0,0,0,0,0,0,0,0,0,0,0,11,0,0,0,0,0,0,0,0,0,0,0,0,0,0}
Count:   0.0   0.0   0.0   0.0   0.0   0.0   0.0   0.0   0.0   0.0   0.0   0.0   0.0   0.0   0.0   0.0   0.0   0.0   0.0   0.1   0.1   0.0   0.0   0.1   0.1   0.0   0.0   0.2   0.1   0.1   0.0   0.1   0.1   0.0   0.0   0.0   0.1   0.0   0.0   0.0   0.1   0.1   0.1   0.0   0.0   0.0   0.1   0.1   0.0   0.0   0.0   0.0   0.0   0.0   0.0   0.0   0.0   0.1   0.1   0.0   0.0   0.2   0.0   0.2   0.0   0.1   0.1   0.1   0.0   0.0   0.2   0.1   0.0   0.1   0.0   0.1   0.0   0.1   0.1   0.1   0.0   0.0   0.0   0.0   0.1   0.0   0.1   0.1   0.1   0.0   0.1   0.0   0.0   0.0   0.0   0.0   0.1   0.0   0.0   0.1   0.0   0.0   0.0   0.0   0.0   0.0   0.0   0.1   0.0   0.0   0.0   0.0   0.0   0.0   0.0   0.1   0.0   0.1   0.0   0.0   0.1   0.0   0.0   0.0   0.0   0.0   0.1   0.0   0.0   0.0   0.0   0.0   0.0   0.0   0.1   0.1   0.1   0.0   0.0   0.0   0.0   0.0   0.0   0.0   0.0   0.0   0.1   0.0   0.0   0.1   0.0   0.0   0.0   0.1   0.0   0.0   0.0   0.0   0.0   0.0   0.1   0.1   0.1   0.1   0.1   0.0   0.1   0.0   0.2   0.1   0.0   0.0   0.1   0.0   0.1   0.1   0.1   0.0   0.0   0.1   0.0   0.0   0.0   0.0   0.1   0.1   0.0   0.0   0.1   0.0   0.1   0.0   0.0   0.0   0.1   0.1   0.1   0.0   0.0   0.1 
B: * * 16.0 * * * * * * 17.0 * * 15.0 * * * 19.0 22.0 17.0 17.4 19.5 17.0 11.0 17.3 17.6 17.0 20.0 17.0 16.3 22.0 12.4 20.1 19.8 23.0 16.0 15.5 14.0 13.7 13.0 * 19.5 19.4 18.5 15.6 11.0 21.0 17.6 21.0 10.0 13.5 * 13.0 15.0 * * 19.0 20.0 18.3 17.7 22.0 17.6 16.5 18.0 18.5 20.1 15.7 18.1 19.5 * * 15.8 17.1 13.0 17.5 20.0 18.4 17.0 17.4 18.3 17.7 21.0 * 12.0 * 16.0 * 17.4 19.0 12.5 17.0 14.1 17.0 17.2 18.0 20.0 * 19.0 * 21.0 19.6 17.0 12.0 * 13.0 21.3 * 11.0 13.5 13.5 * * 21.0 13.0 * 19.0 19.7 * 20.3 20.1 19.0 16.4 18.0 16.0 18.0 * 17.0 15.0 * * * * 16.5 * * 20.0 18.2 13.5 19.0 19.0 * 22.0 * 18.0 21.0 19.3 19.0 17.5 16.0 16.0 17.4 13.0 15.1 20.5 15.1 14.1 19.0 19.5 17.3 18.1 20.0 15.5 17.2 19.0 17.0 20.5 21.0 18.4 17.8 17.8 18.7 18.3 * 14.0 19.0 20.5 20.1 14.5 * 15.0 17.0 15.0 21.0 19.0 19.0 15.3 16.9 16.0 * 19.5 * 17.8 15.0 16.4 17.0 17.5 20.4 16.5 * * 16.0 
Direction: * *  n* * * * * *  n* *  n* * *  n n n n n n n n n n n n n n n n n n n n n n n*  n n n n n n n n n n*  n n* *  n n n n n n n n n n n n n* *  n n n n n n n n n n n*  n*  n*  n n n n n n n n n*  n*  n n n n*  n n*  n n n* *  n n*  n n*  n n n n n n n*  n n* * * *  n* *  n n n n n*  n*  n n n n n n n n n n n n n n n n n n n n n n n n n n n n n*  n n n n n*  n n n n n n n n n*  n*  n n n n n n n* *  n

58.3: Count:   0.0 (  0.0) A:  11.1 [10-16] B:  17.1 [10-23] Phase: 156 ( 9.29) Direction:  nPhase: 158 ( 4.89) Direction:  nPhase: 158 ( 4.97) Direction:  nPhase: 155 ( 4.67) Direction:  nPhase: 134 ( 4.74) Direction:  nPhase: 146 ( 6.13) Direction:  nPhase: 150 ( 5.83) Direction:  nPhase: 151 ( 5.78) Direction:  n
Phase: {0,0,0,0,0,0,0,0,0,0,0,0,0,0,0,0,0,0,0,0,0,0,0,0,0,0,0,0,0,0,0,0,0,0,0,0,0,0,0,0,0,0,0,0,0,0,0,0,0,0,0,0,0,13,0,0,0,0,0,0,0,0,0,0,0,0,0,0,0,0,0,0,0,0,0,0,0,0,0,0,0,0,0,0,0,0,0,0,0,0,0,0,0,0,0,0,0,0,0,0,0,0,0,0,0,0,0,0,0,0,0,0,0,0,0,0,0,0,0,0,0,0,0,1,0,24,13,19,33,0,12,21,31,39,11,50,54,1,26,34,20,52,8,98,66,42,75,35,21,78,108,78,119,147,81,152,124,84,115,119,129,76,90,46,73,64,48,38,20,36,9,1,27,25,34,24,0,26,0,0,1,0,0,25,11,0,7,1,23,0,15,0,9,0,12,0,0,0,9,13,0,0,0,15,0,0,0,13,0,0,0,0,7,0,0,9,11,0,13,0,0,0,0,0,0,0,0,0,0,0,0,0,0,0,0,0,0,0,0,0,0,0,0,0,0,0,0,0,0,0,0,0,0,0,0,0,0,0,0,0,0,0,0,0,0,0,0,0,0,0,0,0,0,0,0,0,0,0,0,0,0,0,0,0,0,0,0,0,0,0,0,0,0,0,0,0,0,0,0,0,0,0,0,0,0,0,0,0,0,0,0,0,0,0,0,0,0,0,0,0,0,0,0,0,0,0,0,0,0,0,0,0,0,0,0,0,0,0,0,0,0,0,0,0,0,0,0,0,0,0,0,0,0,0,0,0,0,0,0,0}
Count:   0.0   0.0   0.0   0.0   0.0   0.0   0.1   0.0   0.0   0.0   0.0   0.0   0.0   0.0   0.0   0.0   0.0   0.1   0.0   0.0   0.1   0.1   0.0   0.0   0.1   0.0   0.1   0.1   0.1   0.1   0.0   0.1   0.1   0.0   0.1   0.0   0.1   0.0   0.0   0.0   0.1   0.1   0.1   0.0   0.0   0.0   0.1   0.1   0.0   0.0   0.0   0.0   0.0   0.0   0.0   0.1   0.1   0.1   0.1   0.0   0.1   0.1   0.0   0.1   0.0   0.0   0.0   0.1   0.0   0.0   0.1   0.1   0.0   0.1   0.0   0.1   0.0   0.1   0.1   0.1   0.0   0.0   0.0   0.0   0.1   0.0   0.1   0.0   0.0   0.1   0.0   0.0   0.0   0.0   0.1   0.0   0.0   0.0   0.1   0.1   0.0   0.0   0.0   0.0   0.0   0.0   0.0   0.1   0.0   0.0   0.0   0.0   0.1   0.0   0.0   0.1   0.0   0.0   0.0   0.0   0.1   0.0   0.0   0.1   0.0   0.0   0.1   0.0   0.0   0.0   0.0   0.0   0.0   0.0   0.0   0.1   0.0   0.0   0.0   0.0   0.1   0.0   0.0   0.1   0.1   0.1   0.1   0.1   0.0   0.1   0.0   0.1   0.1   0.1   0.0   0.0   0.1   0.0   0.0   0.1   0.1   0.1   0.1   0.1   0.0   0.0   0.2   0.0   0.1   0.1   0.0   0.1   0.1   0.0   0.1   0.1   0.0   0.1   0.0   0.1   0.1   0.1   0.0   0.0   0.2   0.1   0.0   0.0   0.0   0.0   0.1   0.0   0.0   0.0   0.0   0.0   0.1   0.1   0.0   0.1 
B: * * * * 13.0 * 15.5 * * 18.0 * * 16.0 * 17.0 * 14.0 17.5 16.5 20.0 18.5 16.9 16.0 19.6 18.7 17.0 18.5 14.3 19.0 19.0 15.0 18.8 16.9 14.6 16.0 19.0 16.1 16.0 13.0 * 16.8 19.1 18.1 20.0 15.3 19.0 20.6 18.0 13.7 16.0 22.0 * 20.6 18.0 * 17.6 16.5 18.4 19.3 19.0 18.0 18.8 15.5 17.7 21.7 18.0 16.0 20.3 * * 17.0 15.5 12.0 20.0 19.0 18.4 17.1 21.5 16.2 14.4 * * 13.0 17.0 17.5 17.0 19.6 * * 15.0 17.3 * 14.6 18.0 17.4 * 20.0 18.0 13.0 16.3 18.0 * * 13.0 19.6 15.0 11.0 14.5 14.0 20.0 * 19.0 17.0 * 20.0 20.5 13.0 17.0 19.0 18.0 18.0 19.0 17.0 15.4 16.0 20.0 18.5 * * * * * 16.0 * 17.0 17.0 14.5 20.0 21.0 14.0 16.5 * 18.0 17.5 14.6 18.0 15.3 18.0 * 18.8 13.3 16.3 19.2 15.4 15.9 * 17.4 18.5 16.5 17.9 13.0 16.2 17.3 19.4 19.0 21.0 16.2 14.1 16.5 17.3 20.0 17.3 15.6 21.0 14.7 18.5 13.0 15.3 15.0 16.0 15.5 17.1 * 16.0 16.0 16.5 15.0 18.0 17.0 * 17.9 18.6 15.0 14.4 19.0 22.0 18.8 14.0 23.0 16.4 
Direction: * * * *  n*  n* *  n* *  n*  n*  n n n n n n n n n n n n n n n n n n n n n n n*  n n n n n n n n n n n*  n n*  n n n n n n n n n n n n n* *  n n n n n n n n n n* *  n n n n n* *  n n*  n n n*  n n n n n* *  n n n n n n n*  n n*  n n n n n n n n n n n n n* * * * *  n*  n n n n n n n*  n n n n n n*  n n n n n n*  n n n n n n n n n n n n n n n n n n n n n n n n n n*  n n n n n n*  n n n n n n n n n n

58.4: Count:   0.1 (  0.1) A:  11.2 [10-17] B:  16.5 [10-24] Phase: 155 (12.92) Direction:  nPhase: 137 ( 6.13) Direction:  nPhase: 150 ( 8.08) Direction:  nPhase: 153 ( 7.27) Direction:  nPhase: 156 ( 7.23) Direction:  nPhase: 157 ( 7.07) Direction:  nPhase: 155 ( 6.62) Direction:  nPhase: 158 ( 7.43) Direction:  n
Phase: {0,0,0,0,0,0,0,0,0,0,0,0,0,0,0,0,0,0,0,0,0,0,0,0,0,0,0,0,0,0,0,0,0,0,0,0,0,0,0,0,0,0,0,0,0,0,0,0,0,0,0,0,0,0,0,0,0,0,0,0,0,0,0,0,0,0,0,0,0,0,0,0,0,0,0,0,0,0,0,0,0,0,0,0,0,0,0,0,0,0,0,0,0,0,0,0,0,0,0,0,0,0,0,5,9,0,0,0,0,0,0,0,7,0,0,0,0,0,0,0,0,6,5,0,0,13,0,27,27,27,11,45,62,30,44,85,66,58,76,69,50,124,88,55,80,89,77,80,99,59,110,34,93,165,71,108,144,64,76,77,71,90,121,84,76,27,56,79,34,64,76,41,20,9,71,30,43,17,7,5,33,9,6,0,18,0,0,0,0,0,24,0,16,0,12,0,0,5,14,0,0,15,0,0,0,39,0,0,13,9,0,0,0,19,0,0,0,13,0,11,0,0,0,0,0,0,0,0,0,0,7,0,0,0,0,0,0,0,0,0,0,0,0,0,0,0,0,0,0,0,0,0,0,0,0,0,0,0,0,0,0,0,0,0,0,0,0,0,0,0,0,0,0,0,0,0,0,0,0,0,0,0,0,0,0,0,0,0,0,0,0,0,0,0,0,0,0,0,0,0,0,0,0,0,0,0,0,0,0,0,0,0,0,0,0,0,0,15,0,0,0,0,0,0,0,0,0,0,0,0,0,0,0,0,0,0,5,0,0,0,0,0,0,0,0,0,0,0,0,0,0,0,0,0,0,0,0,0,0,0}
Count:   0.1   0.0   0.1   0.0   0.0   0.0   0.0   0.0   0.0   0.0   0.0   0.0   0.0   0.0   0.0   0.0   0.1   0.1   0.0   0.1   0.2   0.0   0.0   0.1   0.1   0.0   0.1   0.0   0.0   0.0   0.2   0.0   0.1   0.0   0.0   0.0   0.0   0.1   0.0   0.0   0.0   0.0   0.1   0.0   0.0   0.1   0.1   0.1   0.0   0.0   0.1   0.0   0.0   0.0   0.0   0.0   0.0   0.2   0.1   0.0   0.2   0.0   0.0   0.1   0.0   0.1   0.1   0.0   0.0   0.1   0.0   0.0   0.1   0.1   0.0   0.0   0.0   0.0   0.1   0.1   0.1   0.0   0.1   0.0   0.0   0.2   0.1   0.0   0.1   0.0   0.0   0.0   0.1   0.2   0.0   0.0   0.0   0.2   0.1   0.1   0.1   0.1   0.1   0.0   0.0   0.0   0.0   0.1   0.0   0.0   0.1   0.0   0.0   0.2   0.1   0.0   0.0   0.0   0.0   0.0   0.0   0.1   0.1   0.0   0.1   0.0   0.0   0.1   0.0   0.0   0.0   0.0   0.0   0.0   0.0   0.1   0.1   0.1   0.0   0.0   0.0   0.1   0.0   0.0   0.2   0.1   0.1   0.0   0.0   0.0   0.0   0.0   0.3   0.0   0.2   0.0   0.1   0.1   0.0   0.1   0.0   0.1   0.1   0.0   0.1   0.2   0.1   0.2   0.1   0.1   0.1   0.0   0.0   0.1   0.0   0.2   0.1   0.0   0.1   0.0   0.0   0.1   0.1   0.0   0.2   0.0   0.1   0.0   0.0   0.1   0.2   0.1   0.1   0.1   0.1   0.1   0.1   0.0   0.0   0.1 
B: 15.0 13.0 17.2 * 11.0 * * 12.0 17.0 12.0 * * * 13.0 13.0 * 19.0 18.0 * 14.8 18.1 20.0 21.0 16.3 18.2 * 18.7 12.1 16.3 18.0 14.1 16.0 18.5 19.0 18.5 19.0 * 20.8 13.0 * 18.0 17.2 13.9 13.3 * 16.4 17.5 13.8 12.2 16.0 18.0 22.0 16.0 * 21.0 18.0 15.5 14.8 15.9 15.0 14.7 19.5 15.0 16.4 * 16.7 17.6 * 15.5 18.6 15.6 18.0 15.0 20.3 * 13.0 13.0 * 13.0 15.8 18.0 20.0 14.2 * 19.1 18.3 16.1 21.0 20.0 * 17.0 12.5 14.8 17.1 * 18.0 15.5 17.5 17.9 17.2 18.1 18.7 15.0 11.0 * * 22.0 19.0 19.3 17.0 13.4 18.3 19.0 17.7 17.1 * 12.0 * * 17.0 * 20.3 17.6 * 15.0 * 18.0 16.2 * 18.0 20.0 * * 22.0 14.5 12.2 20.0 18.8 22.5 21.0 16.0 15.7 * 19.0 15.8 17.5 14.0 19.0 21.0 18.0 16.4 16.0 15.8 16.0 17.4 19.3 18.2 12.3 18.0 16.6 19.0 17.8 16.3 19.0 15.0 14.0 14.5 15.9 15.0 17.3 16.5 21.4 20.1 15.3 * 16.0 14.3 18.0 16.6 15.0 19.5 20.2 17.4 * 15.3 20.0 14.0 * 19.0 17.8 14.1 18.5 14.9 14.8 12.2 19.0 16.2 20.0 * 14.0 
Direction:  n n n*  n* *  n n n* * *  n n*  n n*  n n n n n n*  n n n n n n n n n n*  n n*  n n n n*  n n n n n n n n*  n n n n n n n n n n*  n n*  n n n n n n*  n n*  n n n n n*  n n n n n*  n n n n*  n n n n n n n n n* *  n n n n n n n n n*  n* *  n*  n n*  n*  n n*  n n* *  n n n n n n n n n*  n n n n n n n n n n n n n n n n n n n n n n n n n n n n n n n*  n n n n n n n n*  n n n*  n n n n n n n n n n*  n

58.5: Count:   0.1 (  0.1) A:  11.4 [10-16] B:  16.6 [10-25] Phase: 162 (14.85) Direction:  nPhase: 140 ( 6.21) Direction:  nPhase: 142 ( 8.64) Direction:  nPhase: 145 ( 6.51) Direction:  nPhase: 145 ( 6.25) Direction:  nPhase: 154 ( 6.13) Direction:  nPhase: 151 ( 5.89) Direction:  nPhase: 156 ( 5.42) Direction:  n
Phase: {0,0,0,0,0,0,0,0,0,0,0,0,0,0,0,0,0,0,0,0,0,0,0,0,0,0,0,0,0,0,0,0,0,0,0,0,0,0,0,0,0,0,0,0,0,0,0,0,0,0,0,0,0,0,0,0,0,0,0,0,0,0,0,0,0,0,0,0,0,0,0,0,0,0,0,0,0,0,0,0,0,0,0,0,0,0,0,0,0,0,0,0,0,0,0,0,0,0,0,0,0,0,0,0,0,0,0,0,0,0,0,0,0,0,0,0,6,0,0,0,0,0,0,16,0,13,21,7,8,12,2,16,46,0,38,76,0,45,85,76,70,40,105,90,84,98,79,56,170,91,38,141,127,128,59,130,138,71,51,38,122,68,79,109,95,31,103,125,54,49,65,40,52,35,52,54,55,47,40,16,48,14,15,22,7,13,0,18,0,5,0,7,0,14,11,0,0,21,5,4,0,36,0,15,0,0,22,0,0,13,7,0,11,0,0,0,0,12,0,0,0,5,2,0,0,0,0,0,0,0,0,7,0,0,15,0,0,0,0,0,0,0,0,0,0,0,0,0,0,0,0,0,0,0,0,0,0,0,0,0,0,0,0,0,0,0,0,0,0,0,0,0,0,0,0,0,0,0,0,0,0,0,0,0,0,0,0,0,0,0,0,0,0,0,0,0,0,0,0,0,0,0,0,0,0,0,0,0,0,0,0,0,0,0,0,0,0,0,0,0,0,0,0,0,0,1,0,0,0,0,0,0,0,0,0,0,0,0,0,0,0,0,0,0,0,0,0,0,0,0,0,0,0,0,0,0,0,0,0,0}
Count:   0.0   0.0   0.0   0.0   0.0   0.0   0.0   0.0   0.1   0.0   0.0   0.0   0.0   0.0   0.0   0.0   0.1   0.1   0.0   0.2   0.2   0.0   0.0   0.1   0.1   0.0   0.0   0.0   0.0   0.0   0.1   0.0   0.2   0.0   0.1   0.0   0.0   0.1   0.0   0.0   0.1   0.1   0.1   0.0   0.0   0.2   0.0   0.1   0.1   0.1   0.1   0.0   0.0   0.0   0.0   0.0   0.0   0.1   0.1   0.1   0.1   0.1   0.0   0.1   0.0   0.0   0.1   0.1   0.0   0.1   0.1   0.0   0.2   0.1   0.0   0.0   0.0   0.0   0.2   0.0   0.0   0.0   0.1   0.0   0.1   0.1   0.1   0.0   0.1   0.0   0.0   0.1   0.1   0.2   0.0   0.0   0.0   0.2   0.1   0.0   0.1   0.1   0.1   0.0   0.0   0.0   0.0   0.0   0.0   0.0   0.1   0.1   0.0   0.1   0.2   0.0   0.0   0.0   0.0   0.0   0.0   0.2   0.2   0.0   0.2   0.0   0.0   0.0   0.0   0.0   0.0   0.0   0.0   0.2   0.0   0.0   0.1   0.1   0.0   0.0   0.0   0.0   0.0   0.1   0.1   0.1   0.1   0.1   0.0   0.1   0.0   0.1   0.2   0.0   0.3   0.1   0.1   0.0   0.1   0.1   0.0   0.0   0.2   0.0   0.1   0.2   0.1   0.2   0.1   0.1   0.1   0.1   0.0   0.1   0.1   0.2   0.1   0.1   0.1   0.1   0.0   0.1   0.0   0.1   0.2   0.0   0.2   0.1   0.0   0.0   0.1   0.1   0.1   0.1   0.1   0.0   0.2   0.0   0.0   0.1 
B: 14.0 18.0 14.0 * 18.0 * * * 15.4 12.0 13.0 * * 14.0 14.0 * 15.0 16.3 * 17.2 18.1 * * 12.3 18.2 * 14.7 11.2 18.0 * 15.6 15.0 17.3 * 19.3 20.0 * 20.8 13.0 * 14.0 19.6 14.8 18.0 19.0 17.0 16.3 13.9 14.1 19.6 19.0 20.0 17.0 15.0 16.8 * 12.0 12.6 19.4 13.8 16.2 18.0 19.2 16.1 * 17.0 18.5 14.1 16.5 18.5 18.0 * 14.2 16.6 18.0 * 16.0 * 14.2 * 19.0 * 16.7 * 15.0 20.0 15.5 12.0 18.0 * 14.7 16.0 15.3 19.7 * 22.0 22.0 18.1 17.0 * 19.0 18.0 13.6 12.0 * * * 21.0 21.0 * 16.4 18.0 21.0 16.3 17.1 15.0 * 13.0 15.0 * 20.5 15.8 16.2 20.0 16.3 19.0 15.0 21.0 * * 17.6 11.0 * 16.7 14.4 16.0 21.2 19.6 20.0 * 21.0 18.0 * 19.5 16.6 17.3 17.0 15.2 18.0 17.5 16.0 14.6 17.3 16.2 17.7 19.2 21.7 15.4 16.0 16.2 19.0 20.5 14.6 22.0 15.9 14.5 15.1 16.2 16.2 14.2 15.3 16.8 21.0 14.5 17.6 15.4 12.1 18.9 16.4 18.0 17.3 15.4 18.0 16.3 18.8 19.0 15.3 13.5 15.0 14.0 16.2 20.0 17.0 16.3 14.5 18.7 16.5 14.1 18.0 18.4 
Direction:  n n n*  n* * *  n n n* *  n n*  n n*  n n* *  n n*  n n n*  n n n*  n n*  n n*  n n n n n n n n n n n n n n n*  n n n n n n n n*  n n n n n n*  n n n*  n*  n*  n*  n*  n n n n n*  n n n n*  n n n n*  n n n n* * *  n n*  n n n n n n*  n n*  n n n n n n n n* *  n n*  n n n n n n*  n n*  n n n n n n n n n n n n n n n n n n n n n n n n n n n n n n n n n n n n n n n n n n n n n n n n n n n n n n n n n

58.6: Count:   0.1 (  0.1) A:  11.5 [10-17] B:  16.4 [10-23] Phase: 152 (11.80) Direction:  nPhase: 180 ( 7.34) Direction:  nPhase: 166 ( 7.73) Direction:  nPhase: 155 (10.77) Direction:  nPhase: 157 ( 9.30) Direction:  nPhase: 154 ( 9.21) Direction:  nPhase: 158 ( 7.78) Direction:  nPhase: 151 ( 8.84) Direction:  n
Phase: {0,0,1,0,0,0,0,0,0,0,0,0,0,0,0,0,0,0,0,0,0,0,0,0,0,0,0,0,0,0,0,0,0,0,0,0,0,0,0,0,0,0,0,0,0,0,0,0,0,0,0,16,0,0,0,0,0,0,0,0,0,0,0,0,0,0,0,0,0,0,0,0,0,0,0,0,0,0,0,0,0,0,0,0,0,0,0,0,0,0,0,0,0,0,0,0,0,0,0,0,0,0,0,0,0,0,0,0,0,0,0,0,0,0,0,1,0,0,0,7,34,5,24,0,12,9,7,15,47,13,26,16,40,58,38,34,30,59,37,75,25,68,35,85,81,118,114,91,111,84,77,161,61,256,68,126,144,98,56,98,100,40,97,105,70,102,167,78,27,62,64,37,60,17,51,30,41,59,42,18,63,24,16,47,31,31,12,16,20,10,4,24,1,32,0,5,3,0,9,18,32,29,39,0,20,1,0,17,15,0,0,20,15,6,0,0,0,0,0,5,0,1,0,0,13,0,0,0,0,0,0,0,0,0,0,0,0,0,0,0,0,0,0,0,0,0,0,0,0,0,0,0,0,0,0,0,0,0,0,0,0,0,0,0,0,0,0,0,0,0,0,0,0,0,0,0,0,0,0,0,0,0,0,0,0,0,0,0,0,0,0,0,0,0,0,0,0,0,0,0,0,0,0,0,0,0,0,0,0,0,0,0,0,0,0,0,0,0,0,9,0,0,0,15,0,0,0,0,0,0,0,0,0,0,13,0,0,0,0,0,0,0,0,0,0,0,0,0,0,0,0,0,0,0,0,0,0,0,0,0}
Count:   0.0   0.0   0.0   0.0   0.0   0.0   0.0   0.0   0.0   0.1   0.0   0.0   0.0   0.0   0.0   0.0   0.2   0.0   0.0   0.2   0.3   0.0   0.0   0.1   0.1   0.0   0.0   0.1   0.0   0.0   0.2   0.0   0.1   0.0   0.1   0.0   0.0   0.2   0.1   0.0   0.1   0.1   0.1   0.1   0.0   0.2   0.1   0.1   0.0   0.1   0.0   0.0   0.1   0.2   0.0   0.0   0.0   0.1   0.1   0.1   0.2   0.1   0.0   0.1   0.0   0.0   0.1   0.0   0.0   0.1   0.1   0.0   0.2   0.0   0.0   0.0   0.0   0.0   0.2   0.0   0.0   0.0   0.1   0.1   0.1   0.1   0.1   0.0   0.1   0.0   0.0   0.2   0.1   0.2   0.0   0.1   0.0   0.3   0.1   0.0   0.0   0.1   0.0   0.0   0.0   0.0   0.0   0.0   0.1   0.0   0.0   0.1   0.0   0.1   0.1   0.0   0.0   0.0   0.0   0.0   0.0   0.2   0.1   0.1   0.2   0.0   0.1   0.1   0.0   0.0   0.0   0.0   0.0   0.1   0.1   0.0   0.0   0.1   0.0   0.0   0.1   0.1   0.0   0.1   0.1   0.1   0.0   0.1   0.1   0.0   0.0   0.1   0.2   0.0   0.3   0.1   0.1   0.1   0.1   0.1   0.1   0.0   0.2   0.0   0.1   0.2   0.1   0.2   0.1   0.1   0.1   0.1   0.0   0.1   0.1   0.2   0.1   0.1   0.1   0.1   0.0   0.1   0.0   0.1   0.1   0.0   0.2   0.0   0.1   0.1   0.1   0.1   0.1   0.2   0.1   0.0   0.2   0.0   0.0   0.1 
B: 15.0 19.0 * * 17.0 14.0 * 11.0 * 13.3 19.0 11.0 * 16.0 * * 15.7 17.0 * 16.2 17.4 * * 14.0 17.8 * 16.5 17.7 14.0 * 16.2 15.4 17.5 * 17.2 17.0 * 15.9 15.9 14.0 16.0 16.9 13.4 10.0 17.0 16.3 14.4 15.8 20.0 17.4 19.0 19.0 18.0 15.8 11.8 * 13.0 13.0 15.6 14.8 15.1 15.9 18.2 17.0 * 18.0 15.3 17.0 * 17.8 14.1 16.0 14.2 19.0 18.0 18.0 18.0 10.0 17.6 * 20.0 16.0 14.8 16.0 14.9 20.9 17.6 14.0 16.0 * 16.8 16.5 17.6 19.2 12.9 12.2 14.3 15.3 17.0 19.0 17.3 17.4 16.0 22.0 16.0 * * 19.0 15.0 * 16.0 16.6 * 15.6 16.0 * * * 15.0 * 18.2 17.6 17.6 18.5 18.5 21.0 11.2 20.2 * * 18.5 * * 19.5 17.8 * 17.0 20.6 18.5 21.0 15.1 16.7 * 16.0 15.4 14.6 18.0 18.6 18.6 * 17.0 14.7 15.6 17.7 16.7 17.2 19.4 15.2 18.0 16.3 16.0 17.2 15.5 21.0 14.9 14.6 17.5 17.1 15.0 17.4 13.8 17.2 19.2 15.9 15.2 14.6 17.3 12.8 15.5 21.2 19.4 17.1 19.6 15.2 17.7 17.0 16.7 19.0 14.6 16.0 14.8 16.3 15.0 14.7 15.5 19.0 16.3 14.6 * 16.4 
Direction:  n n* *  n n*  n*  n n n*  n* *  n n*  n n* *  n n*  n n n*  n n n*  n n*  n n n n n n n n n n n n n n n n n n*  n n n n n n n n*  n n n*  n n n n n n n n n n*  n n n n n n n n n*  n n n n n n n n n n n n n n n* *  n n*  n n*  n n* * *  n*  n n n n n n n n* *  n* *  n n*  n n n n n n*  n n n n n n*  n n n n n n n n n n n n n n n n n n n n n n n n n n n n n n n n n n n n n n n n n n n n n n n n*  n

58.7: Count:   0.1 (  0.1) A:  11.7 [10-18] B:  16.4 [10-24] Phase: 153 (12.73) Direction:  nPhase: 183 ( 5.29) Direction:  nPhase: 184 ( 5.28) Direction:  nPhase: 175 ( 8.06) Direction:  nPhase: 168 ( 8.10) Direction:  nPhase: 165 ( 8.31) Direction:  nPhase: 166 ( 7.70) Direction:  nPhase: 166 ( 7.68) Direction:  n
Phase: {0,0,0,0,0,0,0,0,0,0,0,0,0,0,0,0,0,0,0,0,0,0,0,0,0,0,0,0,0,0,0,0,0,0,0,0,0,0,0,0,0,0,0,0,0,0,0,0,0,0,0,0,0,0,0,0,0,0,0,0,0,0,0,0,0,0,0,0,0,0,0,0,0,0,0,0,0,0,0,0,0,0,0,0,0,0,0,0,0,0,0,0,0,0,0,0,0,0,0,0,0,0,0,0,0,0,0,0,0,0,0,19,0,3,15,10,0,7,0,0,11,0,0,7,0,25,7,0,0,22,0,40,24,10,11,56,60,27,31,49,55,34,77,76,79,25,118,76,98,101,91,128,178,113,178,62,90,142,148,75,122,108,94,59,46,155,60,90,145,95,93,125,118,82,73,15,25,70,50,52,123,49,49,50,35,56,45,20,22,38,26,14,0,48,30,13,2,19,10,6,7,10,38,5,35,10,16,24,15,0,18,4,9,0,11,10,9,0,0,0,4,0,0,13,0,10,0,0,0,0,0,5,0,0,0,0,0,0,0,0,0,0,0,0,0,0,0,0,0,0,0,0,0,0,0,0,0,0,0,0,0,0,0,0,0,0,0,0,0,0,0,0,0,0,0,0,0,0,0,0,0,0,0,0,0,0,0,0,0,0,9,0,0,0,0,0,0,0,0,0,0,0,0,0,0,0,0,0,0,0,0,0,0,0,0,0,0,0,0,0,0,0,0,0,0,15,0,0,0,0,0,0,0,0,0,0,0,0,0,0,0,0,0,0,0,0,0,0,0,5,0,0,0,0,0,0,0,0,0,0}
Count:   0.0   0.0   0.0   0.0   0.0   0.0   0.0   0.0   0.1   0.0   0.1   0.0   0.0   0.0   0.0   0.0   0.0   0.1   0.0   0.1   0.0   0.1   0.1   0.1   0.2   0.3   0.0   0.3   0.0   0.0   0.1   0.1   0.0   0.0   0.0   0.0   0.1   0.0   0.1   0.1   0.2   0.1   0.1   0.1   0.1   0.1   0.2   0.1   0.0   0.1   0.0   0.1   0.1   0.2   0.1   0.1   0.2   0.0   0.2   0.2   0.1   0.1   0.0   0.2   0.0   0.1   0.2   0.1   0.0   0.1   0.1   0.1   0.1   0.1   0.1   0.0   0.2   0.1   0.1   0.1   0.0   0.1   0.1   0.1   0.1   0.1   0.1   0.0   0.0   0.1   0.2   0.1   0.1   0.1   0.1   0.1   0.0   0.0   0.0   0.1   0.0   0.1   0.1   0.0   0.1   0.1   0.1   0.0   0.0   0.0   0.0   0.0   0.1   0.1   0.0   0.0   0.0   0.1   0.3   0.1   0.0   0.0   0.1   0.0   0.0   0.0   0.0   0.1   0.1   0.1   0.0   0.1   0.2   0.1   0.1   0.1   0.1   0.1   0.1   0.1   0.1   0.1   0.0   0.0   0.1   0.1   0.1   0.1   0.2   0.1   0.1   0.1   0.1   0.1   0.0   0.1   0.0   0.0   0.1   0.0   0.2   0.1   0.1   0.1   0.1   0.2   0.2   0.2   0.2   0.1   0.0   0.1   0.0   0.1   0.0   0.1   0.2   0.1   0.0   0.1   0.1   0.1   0.1   0.0   0.1   0.1   0.1   0.0   0.1   0.1   0.1   0.1   0.2   0.1   0.1   0.1   0.1   0.0   0.2   0.0 
B: * * 15.0 15.0 20.0 * * * 13.6 * 15.0 * * * * * 18.0 17.7 20.0 17.9 12.0 16.9 16.3 17.4 15.3 15.8 17.3 14.3 19.0 14.6 15.4 14.9 12.7 16.6 19.0 15.2 16.4 14.0 17.0 16.7 18.7 18.2 14.1 13.6 17.9 18.3 13.2 16.1 16.0 17.2 18.0 15.3 14.6 16.2 17.7 16.0 15.6 15.0 14.5 14.3 15.3 16.5 15.8 15.5 14.5 16.3 18.0 15.3 18.0 19.5 15.3 18.6 16.5 12.4 15.4 15.0 15.3 17.5 18.3 16.0 17.0 16.0 13.6 14.0 15.1 16.6 17.5 13.0 15.0 19.8 17.7 18.0 16.7 19.5 17.1 14.6 20.0 17.0 18.3 15.6 21.0 18.2 18.0 19.5 19.0 14.1 16.2 * 17.0 21.0 11.0 * 16.2 18.9 20.0 19.0 14.5 14.1 15.8 18.1 18.0 19.0 16.5 19.0 13.5 24.0 * 16.0 17.5 18.3 14.0 18.5 17.7 17.5 15.8 17.7 16.4 15.4 18.5 18.0 16.4 16.3 * 16.0 14.4 17.6 14.3 17.0 16.4 17.3 16.6 15.2 17.1 17.5 15.6 18.6 21.0 17.6 17.6 17.0 15.7 16.9 16.0 17.0 18.9 16.2 15.5 16.2 16.2 17.8 * 18.2 * 17.2 11.1 12.5 13.3 17.1 17.0 15.8 15.3 15.8 18.5 10.0 15.2 18.0 17.0 * 17.3 18.0 15.7 17.0 17.7 15.0 19.3 19.0 16.4 14.0 15.0 13.7 
Direction: * *  n n n* * *  n*  n* * * * *  n n n n n n n n n n n n n n n n n n n n n n n n n n n n n n n n n n n n n n n n n n n n n n n n n n n n n n n n n n n n n n n n n n n n n n n n n n n n n n n n n n n n n n n n n n n*  n n n*  n n n n n n n n n n n n n n*  n n n n n n n n n n n n n n n*  n n n n n n n n n n n n n n n n n n n n n n n n n n n*  n*  n n n n n n n n n n n n n n*  n n n n n n n n n n n n

58.8: Count:   0.1 (  0.1) A:  11.7 [10-18] B:  16.3 [10-23] Phase: 155 (10.91) Direction:  nPhase: 180 ( 6.26) Direction:  nPhase: 173 (11.66) Direction:  nPhase: 159 ( 8.43) Direction:  nPhase: 163 ( 7.14) Direction:  nPhase: 168 ( 7.15) Direction:  nPhase: 163 ( 7.87) Direction:  nPhase: 163 ( 7.74) Direction:  n
Phase: {0,0,0,0,0,0,0,0,0,0,0,0,0,0,0,0,0,0,0,0,0,0,0,0,0,0,0,0,0,0,0,0,0,0,0,0,0,0,0,0,0,0,0,0,0,0,0,0,0,0,0,0,0,0,0,0,0,0,0,0,0,0,0,0,0,0,0,0,0,0,0,0,0,0,0,0,0,0,0,0,0,0,0,0,0,0,0,0,0,0,0,0,0,0,0,0,0,0,0,0,0,0,0,0,0,0,0,0,0,0,0,0,1,0,7,13,0,0,0,0,3,7,11,0,0,7,5,15,15,7,24,7,28,17,16,41,27,15,37,48,32,18,67,88,46,48,110,33,98,86,106,152,100,152,88,101,101,166,166,154,219,80,116,184,38,144,147,116,65,104,31,87,91,128,85,45,77,63,54,49,106,22,51,62,11,22,42,13,7,21,7,20,48,19,34,32,13,11,13,4,8,0,8,1,16,9,15,16,9,0,11,13,0,0,11,0,0,0,5,15,0,1,13,7,0,0,5,0,0,0,0,0,0,0,0,0,0,0,0,0,0,0,0,0,0,0,0,0,0,0,0,0,0,0,0,0,0,0,0,0,0,0,0,0,0,0,0,0,0,0,0,0,0,0,0,0,0,0,0,0,0,0,0,0,0,0,0,0,0,0,0,0,0,0,0,0,0,0,0,0,0,0,0,0,5,0,0,0,0,0,0,0,0,0,0,0,0,0,0,0,0,0,0,0,0,0,0,0,0,0,0,0,0,0,0,0,0,0,0,0,0,0,0,0,0,0,0,0,0,0,0,0,0,0,0,0,0,0,0,0}
Count:   0.0   0.0   0.0   0.0   0.0   0.1   0.1   0.0   0.0   0.0   0.0   0.0   0.0   0.0   0.0   0.0   0.0   0.1   0.1   0.2   0.0   0.1   0.0   0.0   0.1   0.1   0.0   0.1   0.1   0.0   0.0   0.1   0.0   0.0   0.1   0.0   0.0   0.0   0.1   0.1   0.2   0.1   0.1   0.0   0.1   0.1   0.1   0.2   0.1   0.1   0.0   0.1   0.1   0.2   0.1   0.1   0.2   0.0   0.1   0.2   0.2   0.1   0.1   0.1   0.1   0.1   0.1   0.0   0.0   0.1   0.1   0.1   0.1   0.1   0.1   0.1   0.1   0.1   0.1   0.1   0.1   0.1   0.1   0.2   0.0   0.1   0.1   0.1   0.1   0.1   0.1   0.1   0.1   0.1   0.2   0.1   0.0   0.0   0.0   0.0   0.1   0.0   0.1   0.0   0.1   0.0   0.0   0.0   0.1   0.0   0.0   0.0   0.1   0.1   0.0   0.0   0.0   0.1   0.1   0.1   0.1   0.1   0.1   0.0   0.0   0.0   0.0   0.1   0.0   0.1   0.0   0.1   0.1   0.1   0.1   0.1   0.1   0.0   0.0   0.1   0.1   0.1   0.0   0.0   0.1   0.1   0.1   0.1   0.2   0.1   0.1   0.1   0.1   0.1   0.0   0.1   0.1   0.1   0.1   0.0   0.1   0.2   0.1   0.0   0.1   0.1   0.2   0.1   0.1   0.2   0.1   0.1   0.0   0.1   0.1   0.1   0.2   0.1   0.0   0.1   0.1   0.1   0.1   0.0   0.2   0.1   0.1   0.1   0.0   0.1   0.1   0.1   0.2   0.1   0.1   0.1   0.2   0.0   0.1   0.0 
Direction:  n n* * *  n n* * *  n n*  n* *  n n n n n n n n n n n n n n n n n n n n n n n n n n n n n n n n n n n n n n n n n n n n n n n n n n n n n n n n n n n n n n n n n n n n n n n n n n n n n n n n n*  n n n n n n n n n*  n n* *  n n n n*  n n n n n n* *  n*  n n n n n n n n n n n n n n n n n n n n n n n n n n n n n n n n n n n n n n n n n n n n n n n n n n n*  n n n n n n n n n n n n n n n n n n n n n

58.9: Count:   0.1 (  0.1) A:  11.8 [10-20] B:  16.0 [10-23] Phase: 156 (14.58) Direction:  nPhase: 151 ( 7.70) Direction:  nPhase: 198 ( 7.38) Direction:  nPhase: 174 (10.84) Direction:  nPhase: 170 (10.55) Direction:  nPhase: 168 ( 9.42) Direction:  nPhase: 168 ( 9.15) Direction:  nPhase: 170 ( 9.06) Direction:  n
Phase: {0,0,0,0,0,0,0,0,0,0,0,0,0,0,0,0,0,0,0,0,0,0,0,0,0,0,0,0,0,0,0,0,0,0,0,0,0,0,0,0,0,0,0,13,0,0,0,0,0,0,0,0,0,0,0,0,0,0,0,0,0,11,0,0,0,0,0,0,0,0,0,0,0,0,0,0,0,0,0,0,0,0,0,0,0,0,0,0,0,0,0,0,0,0,0,0,0,0,0,0,0,0,0,0,0,0,0,0,0,0,0,0,0,9,0,0,0,0,24,0,13,9,0,5,19,46,0,11,5,22,15,16,39,25,32,50,4,49,41,32,68,83,86,47,33,80,70,50,161,91,161,81,128,177,114,145,97,146,84,146,148,120,158,199,90,130,56,84,137,94,152,91,86,78,143,53,118,82,23,69,93,45,56,24,51,13,57,36,9,12,106,22,34,23,49,3,47,40,20,31,35,38,13,31,32,24,14,5,27,18,13,18,16,0,9,1,14,0,16,9,0,16,0,0,0,0,0,0,0,0,0,0,0,0,0,0,0,0,0,0,0,0,0,0,0,0,0,0,0,0,0,0,0,0,0,0,0,0,0,0,0,0,0,0,0,0,0,0,0,0,0,0,0,0,0,0,0,0,0,0,0,0,0,0,0,0,0,0,0,0,0,0,0,0,0,0,0,0,0,0,0,0,0,0,0,0,0,0,0,0,0,0,0,0,0,0,0,0,9,0,0,0,0,19,0,0,0,0,0,0,0,0,0,0,0,0,0,0,0,0,0,0,0,0,0,0,0,0,0,0,0,0,9,0,0,0,0,0,0,0}
Count:   0.0   0.0   0.0   0.0   0.0   0.1   0.1   0.0   0.0   0.1   0.0   0.0   0.1   0.0   0.0   0.0   0.0   0.2   0.0   0.1   0.0   0.2   0.1   0.0   0.1   0.2   0.0   0.1   0.2   0.0   0.0   0.1   0.0   0.0   0.1   0.0   0.0   0.0   0.1   0.1   0.2   0.0   0.1   0.0   0.1   0.1   0.2   0.2   0.1   0.2   0.0   0.1   0.2   0.2   0.1   0.1   0.2   0.1   0.1   0.2   0.2   0.0   0.1   0.2   0.0   0.1   0.2   0.1   0.0   0.1   0.1   0.2   0.1   0.0   0.1   0.1   0.1   0.1   0.1   0.1   0.2   0.2   0.1   0.2   0.0   0.1   0.1   0.1   0.1   0.1   0.2   0.1   0.0   0.1   0.1   0.1   0.0   0.0   0.1   0.0   0.0   0.0   0.0   0.0   0.1   0.0   0.1   0.0   0.1   0.1   0.0   0.0   0.1   0.1   0.1   0.0   0.0   0.1   0.1   0.1   0.1   0.1   0.1   0.0   0.1   0.0   0.0   0.0   0.0   0.0   0.1   0.2   0.0   0.1   0.1   0.0   0.1   0.2   0.1   0.1   0.1   0.0   0.0   0.1   0.1   0.1   0.1   0.1   0.2   0.2   0.1   0.1   0.1   0.1   0.0   0.0   0.1   0.1   0.2   0.0   0.1   0.3   0.1   0.0   0.1   0.2   0.1   0.2   0.2   0.2   0.1   0.3   0.0   0.2   0.1   0.2   0.2   0.1   0.1   0.1   0.1   0.1   0.2   0.1   0.2   0.2   0.1   0.1   0.0   0.1   0.1   0.1   0.2   0.1   0.1   0.1   0.1   0.1   0.1   0.0 
B: 15.5 22.0 15.0 14.3 * 15.6 13.5 * 12.0 13.5 * * 15.7 14.8 16.0 * 21.0 14.9 20.0 15.8 13.0 13.9 17.9 12.2 16.5 16.1 16.0 13.4 13.9 11.3 14.2 19.5 11.0 15.6 15.6 14.0 11.7 16.4 16.6 12.4 15.1 15.0 15.9 21.3 15.3 19.0 14.3 15.9 17.5 14.4 20.0 14.5 16.1 15.6 16.7 14.5 15.7 15.2 14.5 15.8 16.4 18.5 14.7 14.4 14.8 17.5 17.6 17.0 17.6 18.4 17.0 17.3 15.6 11.0 16.6 15.1 16.6 17.2 19.4 18.3 15.2 14.1 15.3 16.2 12.8 16.0 17.4 14.4 14.3 15.4 15.3 14.2 17.3 15.5 13.8 17.7 15.0 19.0 11.5 18.0 * 19.0 18.0 17.0 17.2 16.5 20.0 * 15.0 14.8 * * 16.5 18.7 16.6 * * 17.2 18.0 17.2 17.3 16.2 15.1 19.0 13.1 14.0 16.0 15.3 12.0 14.0 12.0 16.2 17.0 19.7 19.1 20.0 14.7 18.0 16.7 16.1 16.5 13.0 * 20.6 15.4 16.9 14.9 17.5 16.8 16.0 15.8 16.0 16.0 18.0 15.2 17.0 15.5 18.3 14.3 * 14.7 15.1 15.1 17.0 14.8 17.0 14.2 13.6 15.4 16.1 14.5 16.4 18.0 16.5 14.3 16.7 15.0 19.8 19.4 17.2 14.6 16.9 16.6 17.9 16.6 15.2 15.5 15.1 * 18.5 14.9 17.4 17.1 14.0 16.0 17.6 13.5 14.0 14.6 15.0 
Direction:  n n n n*  n n*  n n* *  n n n*  n n n n n n n n n n n n n n n n n n n n n n n n n n n n n n n n n n n n n n n n n n n n n n n n n n n n n n n n n n n n n n n n n n n n n n n n n n n n n n n n n n n n*  n n n n n n*  n n* *  n n n* *  n n n n n n n n n n n n n n n n n n n n n n n n n*  n n n n n n n n n n n n n n n n*  n n n n n n n n n n n n n n n n n n n n n n n n n n n n*  n n n n n n n n n n n

59.0: Count:   0.1 (  0.1) A:  12.0 [10-21] B:  16.0 [10-23] Phase: 154 (12.98) Direction:  nPhase: 169 ( 8.75) Direction:  nPhase: 165 ( 8.72) Direction:  nPhase: 165 ( 9.20) Direction:  nPhase: 169 ( 9.38) Direction:  nPhase: 169 ( 8.19) Direction:  nPhase: 170 ( 8.59) Direction:  nPhase: 169 ( 8.46) Direction:  n
Phase: {0,0,0,0,0,0,0,0,0,0,0,0,0,0,0,0,0,0,0,0,0,0,0,0,0,0,0,0,0,0,0,0,0,0,0,0,0,0,0,0,0,0,0,0,0,0,0,0,0,0,0,0,0,0,0,0,0,0,0,0,0,0,0,0,0,0,0,0,0,0,0,0,0,0,0,0,0,0,0,0,0,0,0,0,0,0,0,0,0,0,0,0,0,0,0,0,0,0,0,0,0,0,0,0,0,5,0,0,0,0,0,0,0,0,2,0,0,5,0,1,7,16,5,0,11,0,4,11,13,38,6,27,57,26,45,54,12,42,14,42,34,111,49,73,50,96,81,48,121,78,104,115,130,188,53,137,181,187,134,69,126,156,142,128,99,289,167,114,70,246,82,106,66,53,83,52,105,57,74,13,133,58,26,19,20,76,42,28,24,51,45,90,55,54,48,45,48,50,30,16,38,76,9,46,41,27,16,23,28,22,9,15,24,8,19,24,5,0,0,0,0,3,11,0,0,30,0,1,0,0,0,0,13,0,0,7,0,0,0,0,0,0,0,0,0,0,0,0,0,0,0,0,0,0,0,0,0,0,0,0,0,0,0,7,0,0,0,0,0,0,0,0,0,0,0,0,0,0,0,0,0,0,0,0,0,0,0,0,0,0,0,0,0,0,0,0,0,0,0,0,0,0,0,0,0,0,0,0,0,0,0,0,0,0,0,0,0,0,0,0,0,0,0,0,0,0,0,0,0,0,0,0,0,0,0,0,0,0,0,0,0,0,0,0,0,0,0,0,0,0,0,0,0,0,0,0,0,0,0,0}
Count:   0.0   0.0   0.1   0.0   0.1   0.0   0.0   0.1   0.0   0.1   0.1   0.0   0.1   0.0   0.0   0.0   0.0   0.0   0.1   0.1   0.2   0.0   0.0   0.1   0.2   0.2   0.0   0.2   0.0   0.1   0.1   0.4   0.1   0.1   0.2   0.0   0.1   0.1   0.0   0.1   0.3   0.1   0.1   0.1   0.1   0.0   0.3   0.0   0.3   0.2   0.0   0.2   0.2   0.1   0.0   0.0   0.1   0.0   0.2   0.1   0.1   0.1   0.3   0.1   0.3   0.1   0.1   0.0   0.0   0.1   0.1   0.3   0.0   0.0   0.1   0.2   0.2   0.1   0.1   0.3   0.0   0.3   0.0   0.2   0.0   0.1   0.1   0.2   0.0   0.0   0.1   0.0   0.0   0.1   0.0   0.2   0.3   0.1   0.0   0.1   0.0   0.0   0.1   0.0   0.0   0.2   0.2   0.2   0.0   0.0   0.1   0.0   0.1   0.1   0.1   0.0   0.1   0.0   0.0   0.0   0.1   0.2   0.1   0.1   0.1   0.2   0.0   0.1   0.1   0.0   0.0   0.1   0.0   0.1   0.0   0.0   0.1   0.3   0.0   0.0   0.1   0.3   0.0   0.1   0.2   0.2   0.1   0.3   0.1   0.2   0.1   0.1   0.0   0.0   0.0   0.1   0.0   0.1   0.0   0.2   0.0   0.0   0.3   0.1   0.2   0.1   0.1   0.1   0.0   0.2   0.3   0.1   0.1   0.2   0.0   0.3   0.0   0.1   0.2   0.2   0.0   0.0   0.3   0.1   0.2   0.1   0.3   0.2   0.1   0.1   0.1   0.0   0.1   0.2   0.0   0.0   0.2   0.1   0.1   0.1 
Direction:  n*  n*  n n n n n n n n n* *  n*  n n n n n n n n n n n*  n n n n n n n n n n n n n n n n n n n n n n n n n*  n n*  n n n n n n n n n*  n n n n n*  n n n n n n n n n n*  n n n n*  n n n n n n n n n n n n n*  n n n n*  n n*  n n n n n* * *  n n n n n n n n n n n n n n n*  n n n*  n n n n n n n n n n n n n n n n n n n n n n n n n n n n*  n n n n n*  n n n n n n*  n n n n n n n n n n n n n n n n n n

59.1: Count:   0.1 (  0.1) A:  11.9 [10-18] B:  16.0 [10-24] Phase: 165 (10.82) Direction:  nPhase: 196 ( 6.37) Direction:  nPhase: 145 ( 9.28) Direction:  nPhase: 162 ( 5.15) Direction:  nPhase: 162 ( 4.99) Direction:  nPhase: 150 ( 4.81) Direction:  nPhase: 160 ( 5.23) Direction:  nPhase: 160 ( 5.26) Direction:  n
Phase: {0,0,0,0,0,0,0,0,0,0,0,0,0,0,0,0,0,0,0,0,0,0,0,0,0,0,0,0,0,0,0,0,0,0,0,0,0,0,0,0,0,0,0,0,0,0,0,0,0,0,0,0,0,0,0,0,0,0,0,0,0,0,0,0,0,0,0,0,0,0,0,0,0,0,0,0,0,0,0,0,0,0,0,0,0,0,0,0,0,0,0,0,0,0,0,0,0,0,0,0,0,0,0,5,0,0,0,0,0,0,0,9,0,0,1,0,0,0,0,0,0,0,10,13,5,0,0,1,18,14,6,11,45,5,62,48,16,10,17,0,36,20,48,71,39,56,88,55,69,160,123,118,58,192,86,174,155,165,178,107,227,59,235,200,220,166,105,80,144,129,55,130,174,78,60,55,55,96,43,40,48,84,76,76,26,23,29,53,15,23,18,42,34,103,43,47,67,38,50,15,39,17,29,9,58,23,7,39,39,12,2,15,14,7,0,0,5,0,36,0,0,0,26,0,0,0,0,0,0,10,0,0,0,0,0,0,0,0,0,0,0,9,0,0,0,0,0,0,0,0,0,0,0,0,0,0,0,0,0,0,0,0,0,0,0,0,0,0,0,0,0,0,0,0,0,0,0,0,0,0,0,0,0,0,0,0,0,0,0,0,0,0,0,0,0,0,0,0,0,0,0,0,0,0,0,0,0,0,0,0,0,0,0,0,0,0,0,0,0,0,0,0,0,0,0,0,0,0,0,0,0,0,0,0,0,0,0,0,0,0,0,0,0,0,0,0,0,0,0,0,0,0,0,0,0,0,0,0,0,0}
Count:   0.0   0.0   0.1   0.0   0.0   0.0   0.0   0.0   0.1   0.1   0.0   0.0   0.0   0.0   0.0   0.0   0.0   0.0   0.1   0.0   0.2   0.0   0.0   0.0   0.1   0.3   0.0   0.1   0.0   0.1   0.1   0.5   0.1   0.1   0.1   0.0   0.1   0.1   0.0   0.1   0.2   0.0   0.0   0.0   0.1   0.2   0.2   0.0   0.3   0.1   0.0   0.2   0.2   0.1   0.0   0.1   0.1   0.0   0.1   0.1   0.2   0.1   0.1   0.1   0.3   0.1   0.1   0.0   0.1   0.1   0.1   0.2   0.0   0.0   0.0   0.1   0.4   0.1   0.0   0.4   0.0   0.2   0.0   0.2   0.0   0.1   0.1   0.3   0.0   0.0   0.1   0.0   0.1   0.1   0.0   0.4   0.2   0.1   0.0   0.0   0.1   0.0   0.1   0.0   0.0   0.2   0.1   0.2   0.0   0.0   0.1   0.0   0.1   0.1   0.0   0.1   0.2   0.0   0.0   0.0   0.1   0.2   0.1   0.1   0.1   0.2   0.1   0.1   0.1   0.0   0.0   0.1   0.0   0.0   0.2   0.0   0.1   0.3   0.0   0.0   0.1   0.2   0.0   0.2   0.1   0.1   0.1   0.2   0.1   0.2   0.1   0.1   0.0   0.0   0.1   0.1   0.0   0.1   0.0   0.2   0.0   0.1   0.4   0.0   0.2   0.1   0.1   0.1   0.0   0.3   0.3   0.2   0.1   0.3   0.0   0.3   0.0   0.1   0.2   0.2   0.0   0.0   0.3   0.1   0.2   0.1   0.3   0.3   0.1   0.1   0.1   0.0   0.0   0.2   0.0   0.1   0.2   0.0   0.1   0.1 
Direction:  n*  n n n n*  n n n n n n* *  n*  n n n n n n n n n n n n n n n n n n n n n n n n n n n n n n n n n n n n n*  n n*  n n n n n n n n n n n n n n*  n n n n n n n n n n n*  n n n n n n n n n n n n n*  n n n n n*  n n n n n n*  n n n n n*  n*  n n n n n n n n n n n n n n n*  n n n*  n n n n n n n n n n n n n n n n n n n n n n n n n n n n*  n n n n n*  n*  n n n* *  n n n n n n n n n n n n*  n n*  n n

59.2: Count:   0.1 (  0.1) A:  12.3 [10-19] B:  15.6 [10-23] Phase: 158 (16.85) Direction:  nPhase: 177 ( 8.07) Direction:  nPhase: 177 ( 7.67) Direction:  nPhase: 177 ( 7.58) Direction:  nPhase: 167 ( 7.61) Direction:  nPhase: 195 ( 8.03) Direction:  nPhase: 167 (11.17) Direction:  nPhase: 166 ( 8.51) Direction:  n
Phase: {0,0,0,0,0,0,0,0,0,0,0,0,0,0,0,0,0,0,0,0,0,0,0,0,0,0,0,0,0,0,0,0,0,0,0,0,0,0,0,0,0,0,0,0,0,0,0,0,0,0,0,0,0,0,0,0,0,0,0,0,0,0,0,0,0,0,0,0,0,0,0,0,0,0,0,0,0,0,0,0,0,0,0,0,0,0,0,0,0,0,0,0,0,0,0,0,0,0,0,0,0,0,0,0,0,0,0,0,0,0,1,0,12,0,34,13,0,3,3,11,9,13,8,12,0,19,63,0,22,9,17,32,40,46,7,69,11,49,64,48,23,78,103,58,47,73,79,36,65,98,74,104,158,155,127,125,164,35,144,158,130,86,194,156,109,145,133,153,73,124,207,49,100,58,70,114,87,157,66,110,151,38,58,91,31,29,51,70,57,26,35,54,57,32,103,56,63,25,54,0,29,18,29,54,33,0,9,14,32,16,18,20,16,7,32,46,21,28,25,29,9,16,5,13,19,0,0,0,0,0,0,0,7,0,0,7,0,0,0,0,0,0,0,0,0,0,0,0,0,0,0,0,0,0,0,0,0,0,0,0,0,0,0,0,0,0,0,0,0,0,0,0,0,0,0,0,0,0,0,0,0,0,0,0,0,0,0,0,0,0,0,0,0,0,0,0,0,0,0,0,0,0,0,0,15,0,0,0,0,0,0,0,0,0,0,0,0,0,0,0,0,0,0,0,0,0,0,0,0,0,0,0,0,0,0,0,0,0,0,0,0,0,0,0,0,0,0,0,0,0,0,0,0,0,0,0,0,0,0,0}
Count:   0.0   0.0   0.1   0.0   0.0   0.1   0.0   0.0   0.0   0.2   0.1   0.1   0.1   0.0   0.0   0.0   0.0   0.0   0.1   0.0   0.2   0.0   0.0   0.0   0.3   0.2   0.0   0.2   0.2   0.1   0.1   0.6   0.0   0.1   0.1   0.1   0.2   0.1   0.2   0.1   0.3   0.1   0.1   0.0   0.0   0.0   0.2   0.0   0.2   0.1   0.1   0.3   0.2   0.1   0.0   0.1   0.1   0.0   0.0   0.0   0.2   0.1   0.1   0.1   0.2   0.1   0.1   0.0   0.1   0.1   0.1   0.3   0.0   0.1   0.1   0.1   0.3   0.1   0.0   0.4   0.0   0.3   0.0   0.3   0.0   0.0   0.1   0.3   0.0   0.1   0.0   0.0   0.1   0.1   0.0   0.2   0.3   0.1   0.1   0.1   0.0   0.0   0.1   0.0   0.0   0.1   0.1   0.3   0.0   0.0   0.2   0.0   0.2   0.2   0.2   0.0   0.3   0.0   0.0   0.0   0.1   0.3   0.0   0.1   0.1   0.2   0.1   0.1   0.2   0.1   0.0   0.0   0.0   0.0   0.1   0.0   0.1   0.3   0.0   0.0   0.1   0.3   0.0   0.2   0.1   0.2   0.1   0.1   0.0   0.1   0.1   0.1   0.0   0.0   0.0   0.1   0.0   0.1   0.0   0.2   0.0   0.0   0.2   0.0   0.2   0.0   0.1   0.1   0.0   0.3   0.2   0.1   0.1   0.2   0.0   0.2   0.1   0.2   0.2   0.2   0.1   0.0   0.3   0.1   0.2   0.1   0.2   0.4   0.2   0.1   0.2   0.0   0.1   0.2   0.0   0.0   0.3   0.1   0.1   0.1 
B: 16.3 13.0 17.5 14.0 16.8 14.2 * * 14.0 13.2 12.0 15.3 13.0 11.0 * 16.0 * 21.0 15.8 * 17.2 12.5 14.5 16.6 16.1 15.4 * 13.2 17.0 14.3 15.3 16.0 15.0 17.3 15.7 12.4 14.6 14.6 15.0 16.4 17.9 17.4 17.4 19.0 * 19.8 16.6 14.7 16.5 18.0 13.9 13.6 17.1 18.0 * 14.7 13.8 * 16.0 * 16.3 14.3 16.0 15.2 14.5 14.2 17.2 17.0 13.3 17.9 11.9 16.0 13.0 18.1 14.3 14.6 15.7 16.8 16.0 15.0 17.0 16.8 17.5 16.7 * 21.0 16.6 15.5 18.5 16.5 17.0 12.6 16.4 17.7 13.0 14.9 12.0 12.0 11.7 12.1 12.0 14.0 14.6 17.0 * 15.0 20.2 17.1 11.0 * 16.5 * 13.6 13.9 15.2 17.0 15.3 * 16.0 * 16.2 15.8 16.6 14.0 18.5 15.4 16.6 16.4 14.6 13.7 17.0 15.5 * 23.0 14.8 10.0 16.8 17.0 16.0 * 16.0 17.5 14.0 16.2 14.6 15.2 17.5 15.8 19.1 14.1 16.5 15.4 17.4 19.0 14.0 17.7 13.5 14.7 13.8 16.2 11.8 11.0 15.9 * 19.3 * 16.4 15.6 14.0 15.2 15.9 17.3 18.0 15.0 13.0 14.7 13.0 14.1 18.1 14.1 14.0 * 15.2 16.2 16.0 13.6 16.1 16.5 16.7 18.5 16.5 12.0 16.5 17.0 12.0 15.0 16.0 13.0 17.0 15.7 
Direction:  n n n n n n* *  n n n n n n*  n*  n n*  n n n n n n*  n n n n n n n n n n n n n n n n n*  n n n n n n n n n*  n n*  n*  n n n n n n n n n n n n n n n n n n n n n n n n*  n n n n n n n n n n n n n n n n n n n*  n n n n*  n*  n n n n n*  n*  n n n n n n n n n n n n*  n n n n n n*  n n n n n n n n n n n n n n n n n n n n n n n*  n*  n n n n n n n n n n n n n n n*  n n n n n n n n n n n n n n n n n n

59.3: Count:   0.1 (  0.1) A:  12.3 [10-21] B:  15.3 [10-23] Phase: 176 (14.94) Direction:  nPhase: 138 ( 8.07) Direction:  nPhase: 151 ( 8.19) Direction:  nPhase: 153 ( 9.74) Direction:  nPhase: 158 (10.40) Direction:  nPhase: 159 (10.05) Direction:  nPhase: 159 (10.15) Direction:  nPhase: 159 ( 9.95) Direction:  n
Phase: {0,0,0,0,0,0,0,0,0,0,0,0,0,0,0,0,0,0,0,0,0,0,0,0,0,0,0,0,0,0,0,0,0,0,0,0,0,0,0,0,0,0,0,0,0,0,0,0,0,0,0,0,0,0,0,0,0,0,0,0,0,0,0,0,0,0,0,0,0,0,0,0,0,0,0,0,0,0,0,0,0,0,0,0,0,0,0,0,0,0,0,0,0,0,0,0,0,0,0,0,0,0,0,0,0,0,0,9,0,5,0,5,20,0,0,24,0,39,11,15,26,15,11,27,13,2,6,24,30,16,2,40,12,46,57,96,27,54,47,71,41,100,95,70,35,93,70,91,71,193,67,123,80,295,142,169,82,96,100,104,206,159,90,107,180,191,129,185,56,145,210,160,134,136,94,101,119,62,120,81,252,48,133,58,82,61,107,64,34,52,41,90,66,54,56,40,31,55,38,31,32,30,32,29,38,29,22,34,74,44,34,14,11,12,17,25,19,0,7,42,25,0,14,9,0,0,0,0,7,0,7,0,24,0,0,11,0,0,0,0,0,0,16,0,0,0,0,0,0,0,0,0,0,0,0,0,0,0,0,0,0,0,0,0,0,0,0,0,0,0,0,0,0,0,0,0,0,0,0,0,0,0,0,0,0,0,0,0,0,0,0,0,0,0,0,0,0,0,0,0,0,0,0,0,0,0,0,0,0,0,0,0,0,0,0,0,0,0,0,0,0,0,0,0,0,0,0,0,0,0,0,0,0,0,0,0,0,0,0,0,0,0,0,0,0,0,0,0,0,0,0,0,0,0,0,0,0,0,0,0}
Count:   0.1   0.0   0.1   0.1   0.0   0.1   0.1   0.1   0.0   0.0   0.0   0.1   0.1   0.0   0.0   0.0   0.0   0.1   0.2   0.1   0.1   0.1   0.3   0.1   0.1   0.2   0.2   0.2   0.2   0.1   0.1   0.0   0.2   0.1   0.2   0.1   0.1   0.0   0.1   0.2   0.1   0.1   0.0   0.0   0.1   0.2   0.0   0.2   0.0   0.1   0.2   0.0   0.1   0.1   0.1   0.2   0.0   0.1   0.1   0.1   0.2   0.1   0.2   0.2   0.2   0.0   0.2   0.1   0.1   0.1   0.1   0.1   0.1   0.2   0.2   0.2   0.1   0.3   0.0   0.2   0.0   0.1   0.1   0.2   0.1   0.3   0.1   0.2   0.1   0.1   0.2   0.2   0.0   0.0   0.3   0.1   0.1   0.1   0.0   0.2   0.1   0.1   0.1   0.1   0.1   0.2   0.0   0.1   0.0   0.0   0.0   0.4   0.0   0.1   0.1   0.1   0.0   0.0   0.0   0.2   0.0   0.2   0.0   0.1   0.1   0.1   0.0   0.2   0.1   0.0   0.1   0.1   0.0   0.1   0.0   0.0   0.1   0.2   0.3   0.1   0.1   0.0   0.1   0.2   0.1   0.1   0.1   0.2   0.2   0.2   0.1   0.1   0.2   0.1   0.1   0.0   0.1   0.3   0.2   0.2   0.2   0.1   0.2   0.1   0.1   0.3   0.1   0.1   0.2   0.2   0.2   0.2   0.2   0.1   0.3   0.1   0.2   0.1   0.1   0.1   0.1   0.3   0.3   0.2   0.1   0.3   0.2   0.1   0.2   0.0   0.1   0.1   0.1   0.1   0.1   0.1   0.4   0.2   0.1   0.2 
Direction:  n n n n n n n n n*  n n n*  n n*  n n n n n n n n n n n n n n n n n n n n n n n n n n n n n n n n n n n n n n n n n n n n n n n n n n n n n n n n n n n n n n n n n n n n n n n n n n n n n n n n n n n n n n n n n*  n* *  n n n n n n n n*  n n n*  n n n n n n*  n n n n n*  n n n n n n n n n n n n n n n n n n n n n n n n n n n n n n n n n n n n n n n n n n n n n n n n n n n n n n n n n n n n n n n n

59.4: Count:   0.1 (  0.1) A:  12.3 [10-21] B:  15.3 [10-24] Phase: 159 (15.39) Direction:  nPhase: 201 (10.50) Direction:  nPhase: 180 ( 9.84) Direction:  nPhase: 171 (11.45) Direction:  nPhase: 170 (10.25) Direction:  nPhase: 171 (10.38) Direction:  nPhase: 171 (10.45) Direction:  nPhase: 173 (11.06) Direction:  n
Phase: {0,0,0,0,0,0,0,0,0,0,0,0,0,0,0,0,0,0,0,0,0,0,0,0,0,0,0,0,0,0,0,0,0,0,0,0,0,0,0,0,0,0,0,0,0,0,0,0,0,0,0,0,0,0,0,0,0,0,0,0,0,0,0,0,0,0,0,0,0,0,0,0,0,0,0,0,0,0,0,0,0,0,0,0,0,0,0,0,0,0,0,0,0,0,0,0,0,0,0,0,0,7,0,0,0,2,9,0,16,9,0,0,9,0,7,0,1,9,17,3,15,0,0,12,15,15,15,45,37,47,37,33,6,1,29,69,33,79,69,88,35,53,132,68,61,31,80,143,101,150,76,70,158,129,92,115,197,157,198,148,221,90,88,230,114,214,229,148,246,176,161,72,133,159,65,114,183,146,86,55,239,29,49,159,86,66,118,54,45,84,83,68,48,55,92,51,35,23,44,27,27,28,86,37,29,83,27,30,18,13,20,37,5,7,28,16,36,13,14,20,0,27,0,0,0,10,0,0,9,25,0,11,0,0,0,0,7,0,0,0,0,7,0,0,0,0,11,0,0,0,0,0,0,0,9,0,0,0,0,0,0,0,0,0,0,0,0,0,0,0,0,0,0,0,0,0,0,0,0,0,0,0,0,0,0,0,0,0,0,0,0,0,0,0,0,0,0,0,0,0,0,0,0,0,0,0,0,0,0,0,0,0,0,0,0,0,0,0,0,0,0,0,0,0,0,0,0,0,0,0,0,0,0,0,0,0,0,0,0,0,0,0,0,0,0,0,0,0,0,0,0,0,0,0,0,0,0,0,0,0}
Count:   0.0   0.1   0.0   0.1   0.1   0.1   0.0   0.1   0.0   0.0   0.0   0.0   0.1   0.0   0.0   0.1   0.0   0.1   0.2   0.2   0.1   0.1   0.2   0.1   0.2   0.2   0.2   0.2   0.3   0.0   0.1   0.1   0.3   0.1   0.2   0.1   0.2   0.1   0.2   0.1   0.1   0.1   0.0   0.1   0.1   0.3   0.1   0.2   0.1   0.1   0.2   0.1   0.1   0.1   0.1   0.2   0.0   0.1   0.1   0.1   0.2   0.2   0.1   0.1   0.2   0.0   0.3   0.2   0.1   0.2   0.2   0.2   0.1   0.1   0.1   0.2   0.1   0.3   0.1   0.3   0.0   0.1   0.1   0.2   0.1   0.3   0.1   0.2   0.0   0.1   0.2   0.3   0.0   0.1   0.3   0.2   0.1   0.2   0.1   0.2   0.1   0.0   0.1   0.1   0.1   0.3   0.0   0.2   0.0   0.0   0.1   0.2   0.0   0.2   0.1   0.1   0.0   0.1   0.0   0.1   0.0   0.3   0.0   0.1   0.1   0.1   0.1   0.2   0.2   0.0   0.0   0.0   0.1   0.0   0.0   0.0   0.1   0.1   0.3   0.1   0.2   0.0   0.2   0.2   0.1   0.1   0.2   0.3   0.1   0.2   0.1   0.1   0.2   0.1   0.1   0.1   0.1   0.3   0.2   0.2   0.1   0.1   0.1   0.1   0.1   0.2   0.1   0.1   0.2   0.1   0.2   0.2   0.2   0.1   0.3   0.0   0.2   0.1   0.1   0.0   0.1   0.2   0.2   0.2   0.1   0.3   0.3   0.2   0.1   0.0   0.1   0.1   0.1   0.1   0.2   0.1   0.3   0.3   0.2   0.2 
Direction:  n n n n n n n n n*  n*  n*  n n n n n n n n n n n n n n n n n n n n n n n n n n n n n n n n n n n n n n n n n n n n n n n n n n n n n n n n n n n n n n n n n n n n n n n n n n n n n n n n n n n n n n n n n n n n n n n n n n n n n n n n n n n n*  n n n n n n*  n n n n n n n n n n n n n n n n n n n n n n n n n n n n n n n n n n n n n n n n n n n n n*  n n n*  n n n n n n n n n n n n n n n n n n n n

59.5: Count:   0.1 (  0.1) A:  12.5 [10-23] B:  14.8 [10-23] Phase: 166 (23.41) Direction:  nPhase: 176 (14.26) Direction:  nPhase: 178 (10.88) Direction:  nPhase: 177 ( 9.37) Direction:  nPhase: 178 ( 8.83) Direction:  nPhase: 178 ( 9.94) Direction:  nPhase: 176 (10.38) Direction:  nPhase: 178 (10.73) Direction:  n
Phase: {10,0,0,0,0,0,0,0,0,0,0,0,0,0,0,0,0,0,2,0,0,0,0,0,0,0,0,0,0,0,0,0,0,0,0,0,0,0,0,0,0,0,0,0,0,0,0,0,0,0,0,0,0,0,0,0,0,0,0,0,0,0,0,0,0,0,0,0,0,0,0,0,0,10,0,0,0,0,0,0,0,0,0,0,0,0,0,0,0,0,0,0,0,0,0,13,0,0,7,2,7,0,11,0,2,7,0,0,10,15,18,21,20,0,0,15,17,5,33,9,53,62,55,11,35,32,5,5,70,61,27,19,55,23,17,110,20,36,74,64,101,51,60,44,96,51,100,74,195,134,172,52,103,154,121,123,212,117,77,80,152,106,156,89,128,222,76,145,106,101,199,146,173,127,179,125,188,67,190,87,300,43,106,146,96,105,150,66,81,82,117,89,43,95,56,68,41,60,74,64,51,66,43,26,76,53,60,55,38,79,105,22,18,28,50,66,20,15,27,47,10,40,0,27,18,49,39,17,0,14,16,21,9,11,0,31,22,0,12,3,8,15,16,16,0,0,9,9,0,0,0,0,0,14,15,0,7,0,8,0,5,0,15,11,0,0,9,0,0,0,0,0,6,0,0,0,0,0,0,0,0,0,1,0,0,0,13,5,0,0,0,8,0,0,0,0,0,0,0,0,0,0,0,0,0,0,0,0,0,1,0,0,0,0,0,0,0,0,0,0,0,0,0,0,0,0,0,0,0,7,0,0,0,0,0,0,0,0,0,0,0,0,0,0,0,0,0,0,0,0,0,0,0,0,0,0,0,0,0,0}
Count:   0.1   0.2   0.1   0.1   0.0   0.0   0.1   0.1   0.1   0.0   0.1   0.1   0.1   0.0   0.1   0.1   0.0   0.1   0.3   0.2   0.1   0.2   0.3   0.1   0.2   0.2   0.2   0.3   0.2   0.0   0.2   0.1   0.3   0.2   0.2   0.1   0.2   0.1   0.3   0.1   0.2   0.2   0.1   0.1   0.2   0.3   0.1   0.2   0.1   0.0   0.2   0.2   0.0   0.1   0.1   0.2   0.0   0.2   0.2   0.2   0.2   0.3   0.1   0.1   0.3   0.1   0.4   0.1   0.1   0.1   0.1   0.1   0.1   0.2   0.2   0.2   0.1   0.4   0.1   0.2   0.0   0.2   0.2   0.2   0.1   0.3   0.2   0.3   0.2   0.2   0.2   0.2   0.1   0.1   0.2   0.2   0.1   0.2   0.1   0.1   0.1   0.2   0.2   0.1   0.1   0.3   0.1   0.3   0.0   0.0   0.0   0.4   0.1   0.2   0.2   0.2   0.0   0.0   0.0   0.0   0.0   0.3   0.0   0.0   0.2   0.1   0.1   0.2   0.1   0.0   0.1   0.1   0.1   0.1   0.1   0.0   0.1   0.1   0.4   0.1   0.2   0.1   0.1   0.2   0.1   0.2   0.1   0.2   0.1   0.2   0.1   0.2   0.3   0.1   0.1   0.0   0.1   0.2   0.3   0.2   0.2   0.1   0.2   0.1   0.1   0.3   0.1   0.0   0.2   0.1   0.3   0.1   0.2   0.0   0.2   0.0   0.2   0.1   0.1   0.1   0.1   0.2   0.3   0.2   0.2   0.3   0.4   0.2   0.0   0.1   0.1   0.2   0.1   0.2   0.2   0.2   0.2   0.3   0.2   0.1 
Direction:  n n n n n n n n n*  n n n n n n n n n n n n n n n n n n n n n n n n n n n n n n n n n n n n n n n n n n n n n n n n n n n n n n n n n n n n n n n n n n n n n n*  n n n n n n n n n n n n n n n n n n n n n n n n n n n*  n n n n n n n n n n n n n n n n n n n n n n n n n n n n n n n n n n n n n n n n n n n n n n n n n n n n n n n n n n n n n n n n n n n n n n n n n n n n n n n n n n n n n n n n n n n

59.6: Count:   0.2 (  0.1) A:  12.6 [10-25] B:  14.3 [10-23] Phase: 165 (24.43) Direction:  nPhase: 185 (10.88) Direction:  nPhase: 183 ( 9.74) Direction:  nPhase: 185 ( 8.82) Direction:  nPhase: 185 (10.18) Direction:  nPhase: 185 (10.71) Direction:  nPhase: 185 ( 9.53) Direction:  nPhase: 185 ( 9.85) Direction:  n
Phase: {0,0,0,0,0,0,0,0,0,0,0,0,0,0,0,0,7,0,0,0,0,0,0,0,0,0,0,0,0,0,0,0,0,0,0,0,0,0,0,0,0,0,0,0,0,0,0,0,0,0,0,0,0,0,0,0,0,0,0,0,0,0,0,0,0,0,0,0,0,0,0,0,0,0,0,0,0,0,0,0,0,0,0,0,0,0,9,0,0,0,0,0,0,0,0,14,0,1,15,0,0,13,0,0,12,0,0,22,27,6,8,44,46,31,21,22,19,90,15,24,5,32,32,26,45,46,27,76,11,25,69,47,27,32,56,49,104,40,80,78,98,197,94,107,62,107,156,40,128,126,149,141,94,158,76,187,164,141,173,176,173,112,193,137,163,180,131,208,180,175,155,174,166,110,182,194,105,159,113,39,242,113,155,116,184,194,165,89,118,103,62,181,94,79,37,117,54,126,55,48,77,53,116,88,50,92,30,45,47,56,104,75,60,66,9,7,40,53,63,45,21,42,26,20,45,72,17,15,12,34,37,7,13,9,27,18,5,5,15,33,15,0,26,0,11,11,54,12,9,18,35,20,19,4,5,7,0,7,0,12,0,7,0,0,39,0,0,0,0,0,36,0,13,0,7,0,0,0,0,0,0,0,0,0,0,16,13,0,0,0,0,0,0,15,11,0,1,0,0,0,0,0,0,0,0,1,0,9,5,0,0,0,11,0,0,0,0,0,0,11,0,0,0,19,0,0,0,0,0,0,0,0,0,11,0,13,11,0,0,0,0,0,0,0,0,0,0,0,0,0,0,0,0,0,0,0,0,0,0,0}
Count:   0.1   0.0   0.0   0.0   0.0   0.2   0.0   0.0   0.2   0.1   0.0   0.1   0.2   0.4   0.1   0.1   0.2   0.1   0.0   0.3   0.2   0.0   0.2   0.1   0.2   0.2   0.2   0.0   0.2   0.0   0.0   0.2   0.1   0.3   0.2   0.1   0.1   0.1   0.2   0.0   0.4   0.2   0.2   0.3   0.2   0.3   0.2   0.3   0.2   0.0   0.4   0.2   0.5   0.4   0.0   0.2   0.1   0.4   0.2   0.3   0.4   0.5   0.2   0.1   0.3   0.0   0.3   0.2   0.1   0.1   0.2   0.1   0.3   0.2   0.1   0.2   0.1   0.3   0.1   0.2   0.0   0.1   0.1   0.1   0.3   0.2   0.3   0.3   0.2   0.2   0.1   0.1   0.2   0.2   0.4   0.0   0.1   0.5   0.1   0.3   0.2   0.2   0.3   0.0   0.1   0.4   0.1   0.2   0.1   0.3   0.2   0.1   0.1   0.2   0.0   0.1   0.1   0.1   0.0   0.1   0.2   0.2   0.1   0.2   0.2   0.4   0.1   0.0   0.1   0.2   0.0   0.1   0.1   0.1   0.1   0.1   0.1   0.3   0.3   0.2   0.3   0.3   0.0   0.3   0.3   0.1   0.3   0.1   0.3   0.2   0.1   0.2   0.4   0.2   0.1   0.1   0.4   0.2   0.1   0.5   0.3   0.1   0.2   0.3   0.2   0.2   0.1   0.1   0.5   0.2   0.4   0.2   0.1   0.3   0.3   0.2   0.3   0.3   0.3   0.1   0.1   0.0   0.3   0.1   0.2   0.3   0.1   0.4   0.2   0.3   0.3   0.1   0.1   0.3   0.1   0.0   0.4   0.2   0.1   0.3 
Direction:  n n n n n n n*  n n n n n n n n n n n n n n n n n n n n n n n n n n n n n n n n n n n n n n n n n*  n n n n n n n n n n n n n n n n n n n n n n n n n n n n n n n n n n n n n n n n n n n n n n n n n n n n n*  n n n n n n n n n n n n n n n n n n n n n n n n n n*  n n n n n n n n n n n n n n n n n n n n n n n n n n n n n n n n n n n n n n n n n n n n n n n n n n n n n n n n n n n n n n n n n n n n n

59.7: Count:   0.2 (  0.1) A:  12.4 [10-26] B:  14.0 [10-24] Phase: 169 (22.70) Direction:  nPhase: 200 (12.71) Direction:  nPhase: 210 (11.66) Direction:  nPhase: 217 (14.23) Direction:  nPhase: 169 (20.07) Direction:  nPhase: 170 (19.50) Direction:  nPhase: 175 (18.74) Direction:  nPhase: 177 (19.67) Direction:  n
Phase: {0,0,0,13,0,0,0,0,0,0,0,0,0,0,0,0,0,0,0,0,0,0,0,0,0,0,0,0,0,0,0,0,0,0,0,0,0,0,0,0,0,0,0,0,13,0,0,0,0,0,0,0,0,0,0,0,0,0,0,0,0,0,0,0,0,0,0,0,0,0,0,0,0,0,0,0,0,0,0,15,0,0,0,0,0,0,0,2,0,0,0,0,13,0,2,0,0,0,5,11,24,31,0,0,0,28,2,0,14,15,7,9,15,7,42,20,20,16,62,12,13,22,17,0,17,85,5,78,69,1,37,69,3,39,37,67,13,79,59,34,64,97,137,100,77,94,94,28,81,115,80,99,126,162,93,97,148,80,108,227,182,161,181,212,167,267,136,193,145,295,95,140,232,117,137,198,225,161,114,96,340,126,92,126,121,145,115,156,167,94,117,165,107,113,106,189,91,116,146,57,147,42,79,50,148,43,70,105,106,81,75,84,54,55,91,27,100,1,35,75,28,43,60,37,38,77,9,43,13,11,7,13,19,40,7,36,23,0,0,38,6,18,31,27,20,0,37,1,39,0,0,21,10,30,38,4,0,0,17,17,3,12,5,13,12,0,1,0,16,1,57,3,1,5,0,13,58,0,0,5,13,15,0,4,13,9,28,15,15,12,20,23,0,7,5,0,0,0,16,0,0,15,19,15,15,0,0,26,11,0,0,11,0,0,0,9,0,3,0,0,0,0,0,0,0,0,0,0,0,0,11,13,0,0,0,0,25,0,0,0,0,0,0,0,0,0,0,0,0,0,0,0,0,0,0,0,0,0,0,0}
Count:   0.1   0.0   0.0   0.0   0.0   0.2   0.0   0.0   0.0   0.2   0.1   0.2   0.1   0.2   0.1   0.2   0.1   0.1   0.1   0.5   0.2   0.3   0.1   0.0   0.1   0.2   0.3   0.1   0.3   0.0   0.1   0.1   0.0   0.3   0.2   0.1   0.1   0.1   0.2   0.1   0.5   0.3   0.2   0.2   0.2   0.3   0.2   0.2   0.2   0.1   0.3   0.1   0.4   0.7   0.1   0.2   0.1   0.3   0.2   0.2   0.2   0.4   0.2   0.2   0.2   0.0   0.3   0.2   0.1   0.2   0.2   0.0   0.2   0.1   0.2   0.2   0.0   0.2   0.1   0.2   0.2   0.2   0.2   0.0   0.3   0.1   0.1   0.4   0.2   0.3   0.1   0.1   0.1   0.3   0.2   0.0   0.1   0.5   0.1   0.4   0.2   0.2   0.2   0.1   0.5   0.2   0.1   0.3   0.2   0.2   0.1   0.1   0.0   0.2   0.1   0.0   0.1   0.1   0.0   0.1   0.1   0.3   0.2   0.4   0.1   0.2   0.3   0.1   0.1   0.2   0.0   0.3   0.0   0.1   0.1   0.1   0.1   0.3   0.3   0.2   0.3   0.2   0.0   0.6   0.3   0.3   0.3   0.1   0.4   0.2   0.2   0.3   0.5   0.3   0.2   0.2   0.3   0.1   0.2   0.4   0.3   0.1   0.2   0.3   0.4   0.3   0.3   0.1   0.6   0.3   0.3   0.2   0.2   0.3   0.2   0.2   0.3   0.3   0.4   0.1   0.2   0.0   0.3   0.1   0.2   0.4   0.1   0.3   0.2   0.2   0.4   0.2   0.1   0.3   0.1   0.1   0.4   0.1   0.2   0.2 
Direction:  n n*  n n n n*  n n n n n n n n n n n n n n n n n n n n n n n n n n n n n n n n n n n n n n n n n n n n n n n n n n n n n n n n n n n n n n n n n n n n n n n n n n n n n n n n n n n n n n n n n n n n n n n n n n n n n n n n n n n n n n*  n n n n n n n n n n n n n n n n n n n n n n n n n n n n n n n n n n n n n n n n n n n n n n n n n n n n n n n n n n n n n n n n n n n n n n n n n n n n n n n n n

59.8: Count:   0.8 (  0.2) A:  12.3 [10-28] B:  11.8 [10-25] Phase: 166 (27.35) Direction:  nPhase: 129 (22.32) Direction:  nPhase: 148 (10.01) Direction:  nPhase: 135 ( 9.20) Direction:  nPhase: 140 ( 9.30) Direction:  nPhase: 152 ( 9.52) Direction:  nPhase: 151 ( 9.18) Direction:  nPhase: 152 ( 9.19) Direction:  n
Phase: {5,9,0,0,15,25,0,0,28,8,13,22,0,0,20,0,0,7,0,0,0,0,0,0,1,1,0,9,0,0,29,0,0,24,34,0,7,17,0,0,3,7,20,0,19,0,18,13,0,0,13,35,0,0,0,0,20,0,19,14,22,29,23,26,0,34,27,39,3,24,20,3,3,30,25,16,15,32,31,35,22,11,29,0,51,74,16,47,0,9,84,57,30,26,93,69,69,35,90,69,55,98,56,78,42,147,52,203,73,101,98,202,235,169,286,93,72,223,186,250,187,183,221,125,386,338,211,308,321,410,175,538,331,364,333,601,393,243,590,347,438,564,586,852,402,452,678,384,581,584,499,668,482,780,261,244,774,508,562,408,542,370,365,577,419,634,339,335,338,456,533,241,320,291,352,416,274,188,202,244,468,112,102,149,180,122,260,88,98,161,134,171,87,181,117,173,92,240,140,89,133,139,106,152,160,100,73,171,159,72,89,115,132,60,77,50,93,144,115,47,88,92,86,90,38,144,85,15,70,94,118,89,61,115,37,88,48,15,48,39,70,140,104,58,57,79,78,58,51,77,74,28,55,67,112,91,66,59,65,68,62,51,106,128,80,62,79,71,76,70,329,117,50,105,67,182,170,129,119,82,224,278,58,134,105,164,200,204,162,141,162,162,348,187,277,98,83,357,229,238,204,212,291,125,312,225,213,280,177,302,168,191,289,147,92,180,115,150,150,105,92,142,117,224,70,140,90,41,59,24,39,99,19,77,32,1,52,17,42,3,0,40,14,7,16,17,15,5,0,16,12,13,9,21,16,15,6,0,13,0}
Count:   0.5   0.6   0.3   0.4   0.5   0.4   0.3   0.3   0.2   0.4   0.4   0.3   0.3   0.1   0.4   0.2   0.8   0.8   0.7   0.6   0.9   0.9   0.7   0.7   1.0   0.5   0.8   0.9   0.6   0.9   0.7   1.0   0.8   0.9   0.7   1.1   0.9   1.1   0.5   1.0   1.1   1.2   0.8   0.8   0.4   1.0   1.1   0.9   0.5   0.7   0.6   0.8   0.7   0.7   0.7   0.8   0.4   0.8   0.9   0.9   0.9   0.6   0.8   0.9   0.7   0.9   0.7   0.8   0.9   0.8   0.7   1.5   0.6   1.0   0.7   0.9   0.6   0.8   0.6   1.1   0.6   1.3   0.6   1.0   0.6   1.0   0.6   0.8   0.4   0.8   0.9   0.8   0.6   0.9   0.7   0.9   0.7   0.7   0.9   0.9   0.6   0.8   0.9   0.9   0.6   0.8   0.7   1.0   0.6   0.9   0.7   0.6   0.8   1.1   0.6   0.8   0.8   0.6   0.7   0.9   0.6   0.7   1.0   1.0   0.5   0.8   0.5   0.9   0.7   1.0   0.8   0.7   0.7   0.7   0.8   0.7   0.9   0.9   0.9   0.9   0.6   0.7   0.9   1.0   1.0   0.6   0.9   1.0   0.9   0.9   0.5   1.0   0.8   1.0   1.0   1.0   0.7   1.0   1.1   0.8   0.9   1.0   1.0   0.8   1.2   0.8   1.0   1.0   1.0   1.1   0.9   0.9   0.9   0.7   0.8   1.1   1.1   1.1   0.7   0.7   1.0   0.7   0.7   0.9   0.5   0.5   1.0   0.7   0.7   0.8   0.8   0.9   0.9   0.7   0.7   0.9   1.1   0.9   0.7   0.8 
Direction:  n n n n n n n n n n n n n n n n n n n n n n n n n n n n n n n n n n n n n n n n n n n n n n n n n n n n n n n n n n n n n n n n n n n n n n n n n n n n n n n n n n n n n n n n n n n n n n n n n n n n n n n n n n n n n n n n n n n n n n n n n n n n n n n n n n n n n n n n n n n n n n n n n n n n n n n n n n n n n n n n n n n n n n n n n n n n n n n n n n n n n n n n n n n n n n n n n n n n n n n n

59.9: Count:   5.2 (  0.5) A:  14.9 [10-38] B:  12.7 [10-28] 