0.1: 75 Count:  75.0 ( 43.5) A:  18.7 (  2.9) B: 134.1 (  3.2) Phase: -3 (45) 
Count: 100.0 100.0 100.0 100.0 100.0 100.0 100.0 100.0 100.0 100.0 100.0 100.0 100.0 100.0 100.0 100.0 100.0 100.0 100.0 100.0 100.0 100.0 100.0 100.0 100.0 100.0 100.0 100.0 100.0 100.0 100.0 100.0 100.0 100.0 100.0 100.0 100.0 100.0 100.0 100.0 100.0 100.0 100.0 100.0 100.0 100.0 100.0 100.0 100.0 100.0 100.0 100.0 100.0 100.0 100.0 100.0 100.0 100.0 100.0 100.0 100.0 100.0 100.0 100.0 100.0 100.0 100.0 100.0 100.0 100.0 100.0 100.0 100.0 100.0 100.0   0.0   0.0   0.0   0.0   0.0   0.0   0.0   0.0   0.0   0.0   0.0   0.0   0.0   0.0   0.0   0.0   0.0   0.0   0.0   0.0   0.0   0.0   0.0   0.0   0.0 
A: 29.1 27.3 25.3 24.3 24.0 23.8 22.5 21.7 21.4 21.8 21.4 21.0 21.5 22.0 21.7 21.3 20.7 20.9 20.5 20.6 19.9 19.7 20.8 19.1 19.1 19.2 18.5 18.9 19.2 18.8 18.7 18.9 18.3 18.5 17.5 17.7 17.1 17.8 18.1 17.5 17.7 17.2 16.6 15.9 16.7 16.1 16.5 16.2 16.4 16.0 16.4 16.8 16.9 17.0 16.1 16.2 15.2 16.1 16.3 16.7 16.5 16.2 16.0 16.1 15.7 15.9 15.6 15.8 15.7 15.2 15.5 16.2 16.7 16.7 17.1 * * * * * * * * * * * * * * * * * * * * * * * * * 
B: 143.3 141.7 141.3 141.5 140.5 140.0 138.8 138.5 138.3 139.0 139.3 138.6 138.0 137.0 137.1 137.2 136.5 136.1 135.9 136.4 135.4 135.5 135.1 134.7 134.2 134.5 133.9 134.4 133.5 133.5 133.1 132.1 132.5 132.7 133.1 133.3 132.4 132.5 133.1 133.4 132.8 132.8 132.6 132.8 132.3 132.1 131.5 132.2 132.4 131.8 130.9 131.2 131.2 131.6 131.1 130.9 131.7 132.4 131.2 131.9 132.1 132.2 131.9 132.1 131.6 132.9 131.9 131.4 130.7 130.3 129.8 130.7 130.4 130.1 130.4 * * * * * * * * * * * * * * * * * * * * * * * * * 
Phase: -62 169 -67 0 0 0 -73 -63 -63 -67 -62 -65 -63 -69 -67 -65 -67 -66 -68 -66 -68 53 -64 62 61 58 68 65 59 64 67 63 72 68 0 0 0 0 0 0 0 0 0 0 0 0 0 0 0 0 0 0 0 0 -1 0 0 0 0 0 0 0 0 0 0 0 0 0 0 0 0 0 0 0 0 * * * * * * * * * * * * * * * * * * * * * * * * * 

0.2: 75 Count:  75.0 ( 43.5) A:  16.0 (  2.5) B: 115.2 (  2.8) Phase: 0 (0) 
Count: 100.0 100.0 100.0 100.0 100.0 100.0 100.0 100.0 100.0 100.0 100.0 100.0 100.0 100.0 100.0 100.0 100.0 100.0 100.0 100.0 100.0 100.0 100.0 100.0 100.0 100.0 100.0 100.0 100.0 100.0 100.0 100.0 100.0 100.0 100.0 100.0 100.0 100.0 100.0 100.0 100.0 100.0 100.0 100.0 100.0 100.0 100.0 100.0 100.0 100.0 100.0 100.0 100.0 100.0 100.0 100.0 100.0 100.0 100.0 100.0 100.0 100.0 100.0 100.0 100.0 100.0 100.0 100.0 100.0 100.0 100.0 100.0 100.0 100.0 100.0   0.0   0.0   0.0   0.0   0.0   0.0   0.0   0.0   0.0   0.0   0.0   0.0   0.0   0.0   0.0   0.0   0.0   0.0   0.0   0.0   0.0   0.0   0.0   0.0   0.0 
A: 24.9 23.4 21.7 20.8 20.6 20.4 19.2 18.4 18.1 18.5 18.2 17.8 18.2 18.7 18.4 18.1 17.6 17.7 17.4 17.5 17.0 16.8 17.6 16.4 16.4 16.5 16.0 16.2 16.5 16.2 16.1 16.2 15.8 16.0 15.2 15.3 14.8 15.4 15.6 15.2 15.3 14.9 14.3 13.7 14.5 13.9 14.2 14.0 14.2 13.8 14.2 14.5 14.6 14.7 13.9 14.0 13.1 13.8 14.1 14.4 14.3 14.0 13.8 13.8 13.5 13.7 13.4 13.6 13.5 13.0 13.3 14.0 14.5 14.5 14.8 * * * * * * * * * * * * * * * * * * * * * * * * * 
B: 123.1 121.7 121.4 121.6 120.7 120.2 119.2 118.9 118.8 119.4 119.7 119.0 118.6 117.7 117.8 117.8 117.2 116.9 116.7 117.1 116.3 116.3 116.0 115.6 115.2 115.5 115.0 115.4 114.6 114.6 114.3 113.4 113.8 114.0 114.3 114.4 113.7 113.8 114.2 114.6 114.0 114.0 113.9 114.1 113.6 113.5 113.0 113.6 113.7 113.2 112.5 112.8 112.8 113.0 112.6 112.5 113.1 113.7 112.8 113.3 113.5 113.5 113.3 113.5 113.1 114.1 113.3 112.9 112.4 112.0 111.7 112.4 112.1 111.9 112.1 * * * * * * * * * * * * * * * * * * * * * * * * * 

0.3: 75 Count:  75.0 ( 43.5) A:  12.1 (  1.9) B:  87.2 (  2.1) Phase: -164 (44) 
Count: 100.0 100.0 100.0 100.0 100.0 100.0 100.0 100.0 100.0 100.0 100.0 100.0 100.0 100.0 100.0 100.0 100.0 100.0 100.0 100.0 100.0 100.0 100.0 100.0 100.0 100.0 100.0 100.0 100.0 100.0 100.0 100.0 100.0 100.0 100.0 100.0 100.0 100.0 100.0 100.0 100.0 100.0 100.0 100.0 100.0 100.0 100.0 100.0 100.0 100.0 100.0 100.0 100.0 100.0 100.0 100.0 100.0 100.0 100.0 100.0 100.0 100.0 100.0 100.0 100.0 100.0 100.0 100.0 100.0 100.0 100.0 100.0 100.0 100.0 100.0   0.0   0.0   0.0   0.0   0.0   0.0   0.0   0.0   0.0   0.0   0.0   0.0   0.0   0.0   0.0   0.0   0.0   0.0   0.0   0.0   0.0   0.0   0.0   0.0   0.0 
B: 93.2 92.2 91.9 92.1 91.4 91.0 90.2 90.0 89.9 90.4 90.6 90.1 89.7 89.1 89.1 89.2 88.7 88.5 88.4 88.7 88.1 88.2 87.9 87.7 87.3 87.6 87.2 87.5 86.8 86.9 86.6 85.9 86.2 86.3 86.6 86.7 86.1 86.2 86.6 86.8 86.4 86.4 86.3 86.4 86.0 85.9 85.5 86.0 86.1 85.7 85.2 85.4 85.4 85.6 85.3 85.2 85.6 86.1 85.4 85.8 85.9 86.0 85.8 85.9 85.6 86.5 85.8 85.5 85.1 84.8 84.5 85.1 84.8 84.7 84.8 * * * * * * * * * * * * * * * * * * * * * * * * * 
Phase: -1 -1 -58 -1 -65 -1 -156 -155 -155 -152 -149 -154 -155 -166 -162 -163 -166 -165 -166 -164 -167 -166 -172 -169 -173 -172 -174 -173 -176 -174 -180 175 179 179 -173 -175 -178 179 -177 -176 -177 -178 -177 -176 179 -178 175 179 -177 179 174 176 174 174 174 174 -179 -178 175 176 -180 -180 178 -179 176 -176 177 177 175 170 167 169 170 169 167 * * * * * * * * * * * * * * * * * * * * * * * * * 

0.4: 75 Count:  75.0 ( 43.5) A:   7.4 (  1.2) B:  55.2 (  1.4) Phase: -4 (15) 
Count: 100.0 100.0 100.0 100.0 100.0 100.0 100.0 100.0 100.0 100.0 100.0 100.0 100.0 100.0 100.0 100.0 100.0 100.0 100.0 100.0 100.0 100.0 100.0 100.0 100.0 100.0 100.0 100.0 100.0 100.0 100.0 100.0 100.0 100.0 100.0 100.0 100.0 100.0 100.0 100.0 100.0 100.0 100.0 100.0 100.0 100.0 100.0 100.0 100.0 100.0 100.0 100.0 100.0 100.0 100.0 100.0 100.0 100.0 100.0 100.0 100.0 100.0 100.0 100.0 100.0 100.0 100.0 100.0 100.0 100.0 100.0 100.0 100.0 100.0 100.0   0.0   0.0   0.0   0.0   0.0   0.0   0.0   0.0   0.0   0.0   0.0   0.0   0.0   0.0   0.0   0.0   0.0   0.0   0.0   0.0   0.0   0.0   0.0   0.0   0.0 
Phase: 0 0 -1 0 0 0 -1 -75 -1 -1 -1 0 -1 -77 -75 0 0 -1 -1 -1 -1 0 -1 -1 -1 -1 -1 -1 -1 -1 -1 -1 -1 -1 -1 -1 -1 -1 -1 -1 -1 -1 -1 -1 -1 -1 -1 -1 -1 -1 -1 -1 -1 -1 -1 -1 -1 -1 -1 -1 -1 -1 -1 -1 -1 -1 -1 -1 -1 -1 -1 -1 -1 -1 -1 * * * * * * * * * * * * * * * * * * * * * * * * * 

0.5: 75 Count:  71.2 ( 41.4) A:   2.8 (  0.5) B:  22.9 (  0.7) Phase: 4 (1) 
Count:  99.8  99.6  99.4  99.3  99.2  99.2  99.1  98.7  98.6  98.7  98.6  98.3  98.6  98.7  98.8  98.6  98.4  98.3  98.1  98.5  98.1  97.9  98.4  97.6  97.5  97.7  96.9  97.2  97.5  97.3  96.9  97.5  96.5  97.0  95.8  95.8  95.0  96.2  96.6  95.4  96.2  95.0  92.6  89.7  93.6  91.3  93.0  91.2  92.4  90.5  92.7  93.9  93.8  94.4  90.6  91.5  85.9  90.9  92.2  93.5  92.8  91.5  90.6  91.1  88.4  89.9  88.4  89.3  89.0  85.2  87.3  91.8  93.7  93.7  94.6   0.0   0.0   0.0   0.0   0.0   0.0   0.0   0.0   0.0   0.0   0.0   0.0   0.0   0.0   0.0   0.0   0.0   0.0   0.0   0.0   0.0   0.0   0.0   0.0   0.0 

0.6: 75 Count:   1.1 (  0.6) A:   2.2 (  0.0) B:   4.1 (  0.2) Phase: -138 (65) 
Phase: 57 -71 -67 -72 -90 -69 -92 -90 -99 -77 83 -89 -90 97 87 95 -104 -105 83 -98 -102 -94 -101 109 -108 100 -105 -106 -97 110 -104 -107 -117 -93 -110 -107 -108 -107 -97 -111 -110 -99 -116 -118 -107 102 -117 -107 110 -114 122 -111 -112 -114 -111 -120 -124 -105 -122 -109 112 -118 -115 -118 -124 -113 -112 -123 121 -115 -117 -111 117 116 -112 * * * * * * * * * * * * * * * * * * * * * * * * * 

0.7: 75 Count:  62.5 ( 37.7) A:   2.6 (  0.4) B:  20.6 (  0.6) Phase: -4 (1) 
Count:  99.6  99.3  99.1  98.8  98.8  98.7  98.1  97.3  96.9  97.3  97.0  95.8  96.9  97.4  97.1  96.6  95.7  95.8  94.8  95.5  93.6  93.3  95.7  91.2  90.8  91.5  88.7  90.1  91.6  89.9  89.2  90.2  87.1  88.7  83.6  84.8  80.3  85.2  86.7  82.6  84.3  80.7  74.6  68.3  76.9  71.4  74.8  72.8  73.9  70.4  73.6  77.3  78.3  78.3  70.8  72.1  61.2  70.0  72.5  76.8  75.5  71.7  69.4  70.8  65.8  68.0  64.5  66.5  66.8  59.7  63.6  71.4  76.8  76.9  80.2   0.0   0.0   0.0   0.0   0.0   0.0   0.0   0.0   0.0   0.0   0.0   0.0   0.0   0.0   0.0   0.0   0.0   0.0   0.0   0.0   0.0   0.0   0.0   0.0   0.0 

0.8: 75 Count:  74.8 ( 43.4) A:   3.6 (  0.6) B:  29.5 (  0.7) Phase: 3 (0) 
Count: 100.0 100.0 100.0 100.0 100.0 100.0 100.0 100.0 100.0 100.0 100.0 100.0 100.0 100.0 100.0 100.0 100.0  99.9  99.9 100.0  99.9 100.0 100.0  99.9  99.9 100.0  99.9  99.9  99.9  99.9  99.9  99.9  99.8  99.8  99.7  99.8  99.8  99.8  99.9  99.8  99.8  99.7  99.6  99.4  99.7  99.6  99.6  99.6  99.7  99.6  99.7  99.7  99.7  99.8  99.4  99.5  99.1  99.6  99.6  99.7  99.7  99.5  99.5  99.6  99.3  99.3  99.3  99.4  99.5  99.0  99.3  99.6  99.7  99.7  99.7   0.0   0.0   0.0   0.0   0.0   0.0   0.0   0.0   0.0   0.0   0.0   0.0   0.0   0.0   0.0   0.0   0.0   0.0   0.0   0.0   0.0   0.0   0.0   0.0   0.0 

0.9: 75 Count:  74.9 ( 43.4) A:   3.7 (  0.6) B:  28.4 (  0.7) Phase: -162 (52) 
Count: 100.0 100.0 100.0 100.0 100.0 100.0 100.0 100.0 100.0 100.0 100.0 100.0 100.0 100.0 100.0 100.0 100.0  99.9 100.0  99.9  99.9 100.0 100.0  99.9  99.9  99.9  99.9  99.9  99.9  99.9  99.8  99.9  99.9  99.8  99.8  99.9  99.8  99.8  99.9  99.8  99.9  99.8  99.7  99.6  99.8  99.7  99.6  99.7  99.9  99.7  99.7  99.8  99.8  99.7  99.6  99.6  99.5  99.7  99.7  99.7  99.7  99.7  99.7  99.7  99.5  99.6  99.6  99.7  99.5  99.5  99.5  99.7  99.7  99.7  99.8   0.0   0.0   0.0   0.0   0.0   0.0   0.0   0.0   0.0   0.0   0.0   0.0   0.0   0.0   0.0   0.0   0.0   0.0   0.0   0.0   0.0   0.0   0.0   0.0   0.0 
Phase: -3 -3 -3 -3 -3 -3 -153 -150 -154 -150 -3 -147 -151 -162 -158 -156 -161 -163 -164 -162 -163 -166 -170 -169 -175 -169 -173 -171 -178 -180 -177 175 177 176 -177 -177 179 179 -180 -177 179 -179 179 -179 179 179 176 177 176 174 169 174 170 174 172 170 175 179 173 175 175 175 175 178 174 -179 175 173 170 163 164 167 164 164 164 * * * * * * * * * * * * * * * * * * * * * * * * * 

1.0: 75 Count:  62.6 ( 37.8) A:   2.6 (  0.4) B:  20.4 (  0.5) Phase: -3 (1) 
Count:  99.7  99.7  99.3  99.1  99.0  99.0  98.4  97.5  97.2  97.8  97.3  96.3  97.2  97.8  97.4  96.9  96.2  96.1  95.3  96.1  94.3  93.6  95.9  91.6  91.5  92.0  89.2  90.2  92.1  90.3  89.4  90.5  87.4  89.2  83.4  84.8  80.3  85.5  86.7  82.6  84.9  80.7  75.0  68.1  77.5  71.1  74.2  72.8  74.5  69.9  74.2  77.5  78.4  79.1  70.6  71.5  60.7  70.0  73.0  76.8  75.4  72.0  69.9  71.3  65.6  68.5  64.3  66.8  66.4  59.2  63.9  72.1  76.7  76.6  80.7   0.0   0.0   0.0   0.0   0.0   0.0   0.0   0.0   0.0   0.0   0.0   0.0   0.0   0.0   0.0   0.0   0.0   0.0   0.0   0.0   0.0   0.0   0.0   0.0   0.0 

1.1: 75 Count:  10.4 (  7.6) A:   2.4 (  0.0) B:   8.1 (  0.3) Phase: 0 (6) 
Count:  42.8  33.6  26.9  23.2  22.6  21.9  18.7  16.6  16.7  17.4  16.4  15.8  16.6  18.0  16.7  15.7  15.7  15.5  14.9  14.8  14.2  13.6  15.6  12.9  13.4  13.3  12.4  13.1  13.8  13.2  12.8  12.9  12.5  12.8  11.6  11.7  11.3  12.2  12.1  11.9  11.6  11.4  10.9  10.3  11.2  10.5  10.8  10.9  11.2  10.7  11.2  11.4  11.8  11.6  10.7  10.6  10.1  10.7  11.0  11.1  11.0  10.7  10.5  10.9  10.4  10.5  10.1  10.7  10.5  10.2  10.2  10.6  10.9  11.0  11.5   0.0   0.0   0.0   0.0   0.0   0.0   0.0   0.0   0.0   0.0   0.0   0.0   0.0   0.0   0.0   0.0   0.0   0.0   0.0   0.0   0.0   0.0   0.0   0.0   0.0 
Phase: 9 9 10 8 7 7 8 5 6 8 5 5 7 6 6 7 7 3 5 6 5 5 5 0 6 1 -3 5 3 0 -2 6 -8 4 -5 -7 0 1 -5 -1 -6 7 -5 -5 1 -3 1 -5 1 -7 -6 -8 3 -1 -6 -5 -5 -5 -9 -4 -5 -8 -3 -3 -9 -11 -6 -9 -9 -8 -8 3 1 -5 -4 * * * * * * * * * * * * * * * * * * * * * * * * * 

1.2: 75 Count:   4.3 (  2.5) A:   2.5 (  0.0) B:   3.9 (  0.1) Phase: -177 (13) 
Phase: 137 -158 -150 -155 -161 -165 -167 -166 -164 -161 166 -163 -162 -164 165 -164 -167 164 -166 -167 -165 -164 -169 170 -167 -169 172 -171 -168 169 169 -170 169 -167 -169 164 -171 -170 168 169 -171 -169 -173 -172 -174 -171 -172 -173 -170 171 -169 168 -170 170 170 -171 171 170 168 -169 -171 172 175 -170 -174 165 174 170 -174 -170 170 -173 -172 171 171 * * * * * * * * * * * * * * * * * * * * * * * * * 

1.3: 75 Count:  19.7 ( 14.8) A:   2.7 (  0.1) B:  11.5 (  0.4) Phase: -3 (1) 
Count:  75.3  65.8  54.5  48.9  47.1  45.3  39.2  34.5  33.5  34.9  33.9  31.9  33.8  36.4  34.8  33.1  31.0  31.5  30.0  29.9  27.5  26.4  31.1  25.4  25.2  25.7  23.7  24.8  25.7  25.4  25.3  24.8  23.8  23.7  21.4  22.3  21.0  21.8  23.2  22.3  22.5  20.6  20.3  18.2  20.2  19.1  20.1  19.1  19.6  19.0  19.2  20.5  20.5  20.8  19.4  19.3  17.4  18.6  19.1  20.0  19.9  19.6  18.5  18.3  18.5  18.5  17.8  18.1  18.5  17.6  17.8  19.0  19.8  20.1  20.8   0.0   0.0   0.0   0.0   0.0   0.0   0.0   0.0   0.0   0.0   0.0   0.0   0.0   0.0   0.0   0.0   0.0   0.0   0.0   0.0   0.0   0.0   0.0   0.0   0.0 

1.4: 75 Count:  56.0 ( 34.4) A:   2.6 (  0.2) B:  16.9 (  0.4) Phase: 6 (1) 
Count:  97.1  96.6  95.2  94.8  94.5  94.5  92.5  90.9  89.9  90.6  90.0  88.7  90.0  91.4  90.5  89.8  87.9  88.4  87.2  87.7  84.6  83.8  87.5  81.4  81.9  81.9  78.6  80.5  81.8  80.6  79.7  80.2  77.3  78.1  72.8  74.0  69.7  74.2  76.0  72.6  73.8  70.4  65.0  59.8  67.0  62.0  65.1  62.6  64.0  60.5  63.4  67.0  68.3  67.9  61.8  62.2  53.3  61.2  63.3  65.9  65.2  62.5  60.7  60.9  57.9  59.6  56.6  58.9  58.2  53.1  55.5  61.7  66.9  66.7  69.2   0.0   0.0   0.0   0.0   0.0   0.0   0.0   0.0   0.0   0.0   0.0   0.0   0.0   0.0   0.0   0.0   0.0   0.0   0.0   0.0   0.0   0.0   0.0   0.0   0.0 

1.5: 75 Count:  58.6 ( 35.4) A:   2.7 (  0.2) B:  16.4 (  0.4) Phase: -3 (0) 
Count:  97.5  97.1  95.8  95.6  95.3  95.1  93.5  92.5  91.8  92.1  91.7  90.7  91.7  92.8  91.9  91.5  90.1  90.4  89.5  89.7  87.6  86.7  89.8  84.3  84.5  84.9  81.7  83.6  85.0  83.5  83.4  83.5  80.7  81.9  76.4  78.2  73.7  78.2  79.7  76.2  78.0  74.5  70.1  64.9  71.6  66.3  69.3  67.3  69.2  65.8  68.7  71.7  73.3  72.0  66.5  67.0  59.1  65.8  68.0  70.4  69.9  67.2  65.3  66.0  62.9  64.8  61.6  63.8  63.4  57.8  60.4  66.2  71.2  71.2  73.3   0.0   0.0   0.0   0.0   0.0   0.0   0.0   0.0   0.0   0.0   0.0   0.0   0.0   0.0   0.0   0.0   0.0   0.0   0.0   0.0   0.0   0.0   0.0   0.0   0.0 

1.6: 75 Count:  25.3 ( 16.6) A:   3.4 (  0.2) B:  11.6 (  0.3) Phase: 0 (1) 
Count:  74.7  66.2  57.1  52.3  50.6  49.4  43.5  41.7  40.0  41.1  39.6  38.5  40.2  42.2  40.6  39.4  37.3  38.7  37.0  36.8  35.0  34.1  37.8  33.5  33.1  33.1  32.0  32.5  33.8  33.2  33.2  32.5  32.2  31.7  29.8  30.4  29.6  30.2  30.7  30.1  30.4  29.7  28.2  27.2  28.4  27.9  28.4  28.1  28.6  27.7  27.9  28.8  29.4  28.9  27.9  27.6  26.4  27.9  27.8  28.3  28.4  27.4  27.0  27.2  27.1  27.3  26.8  26.8  27.3  26.0  26.7  27.4  28.2  28.2  29.5   0.0   0.0   0.0   0.0   0.0   0.0   0.0   0.0   0.0   0.0   0.0   0.0   0.0   0.0   0.0   0.0   0.0   0.0   0.0   0.0   0.0   0.0   0.0   0.0   0.0 

1.7: 75 Count:  15.6 (  9.0) A:   4.0 (  0.1) B:   5.5 (  0.0) Phase: 177 (12) 
Count:  23.3  23.0  22.2  21.9  22.2  21.9  21.6  21.4  21.2  21.3  20.9  21.3  21.5  21.5  21.1  21.4  21.1  21.5  21.2  20.9  20.8  20.9  21.2  20.7  21.0  20.9  21.0  20.5  20.6  20.7  20.6  20.6  20.8  20.5  20.6  20.5  20.7  20.6  20.5  20.2  20.5  20.5  20.4  20.2  20.3  20.5  20.7  20.5  20.2  20.1  20.2  20.5  20.9  20.4  20.5  20.0  20.1  20.4  20.2  20.2  20.1  20.2  20.3  19.8  20.2  20.2  20.2  20.0  20.2  19.9  20.1  20.3  20.0  20.2  20.5   0.0   0.0   0.0   0.0   0.0   0.0   0.0   0.0   0.0   0.0   0.0   0.0   0.0   0.0   0.0   0.0   0.0   0.0   0.0   0.0   0.0   0.0   0.0   0.0   0.0 
Phase: -113 -127 166 164 170 170 169 173 171 173 175 171 174 173 171 169 173 173 174 170 173 174 171 173 175 173 174 174 174 -176 173 175 175 170 175 -175 175 173 174 -177 -176 174 175 176 -175 173 174 176 175 175 -176 -175 174 174 176 176 -175 175 -175 174 174 175 175 -176 -177 174 174 -175 176 -175 -175 -175 -173 174 174 * * * * * * * * * * * * * * * * * * * * * * * * * 

1.8: 75 Count:  14.4 (  8.3) A:   4.6 (  0.0) B:   5.0 (  0.0) Phase: -175 (1) 
Count:  19.8  20.0  19.3  19.6  19.6  19.5  19.4  19.4  19.4  19.4  19.5  19.2  19.5  19.6  19.1  19.4  19.0  19.1  19.1  19.0  19.1  19.0  19.5  19.2  19.2  18.9  19.1  18.9  19.3  19.0  19.0  19.2  19.0  19.0  19.4  18.8  19.3  19.0  18.9  19.1  19.1  19.2  19.0  19.3  18.9  19.2  19.1  19.4  19.3  19.0  19.4  19.1  19.3  19.0  19.2  19.0  19.1  19.0  19.2  18.8  19.0  19.2  19.0  18.9  18.7  18.8  19.2  19.0  19.4  19.1  18.7  18.9  18.8  18.8  18.9   0.0   0.0   0.0   0.0   0.0   0.0   0.0   0.0   0.0   0.0   0.0   0.0   0.0   0.0   0.0   0.0   0.0   0.0   0.0   0.0   0.0   0.0   0.0   0.0   0.0 

1.9: 75 Count:  22.2 ( 13.2) A:   4.1 (  0.1) B:   9.0 (  0.1) Phase: 0 (1) 
Count:  45.0  40.9  37.3  34.8  35.0  35.2  32.9  32.2  31.7  32.2  31.6  31.1  31.7  32.5  32.0  31.6  30.4  30.7  30.7  30.2  29.9  30.0  30.7  29.8  29.1  29.2  28.4  29.0  29.5  29.0  29.1  29.9  29.5  28.8  28.9  28.8  28.7  28.5  29.2  28.8  29.4  29.0  28.1  27.4  27.9  27.9  27.7  27.4  28.0  27.7  27.9  27.9  28.2  28.3  27.9  27.5  26.6  27.4  27.5  27.3  27.7  27.5  26.9  27.0  27.1  27.3  27.2  27.3  27.5  27.0  26.9  27.4  27.6  28.1  28.2   0.0   0.0   0.0   0.0   0.0   0.0   0.0   0.0   0.0   0.0   0.0   0.0   0.0   0.0   0.0   0.0   0.0   0.0   0.0   0.0   0.0   0.0   0.0   0.0   0.0 

2.0: 75 Count:  35.6 ( 23.1) A:   3.6 (  0.2) B:  11.8 (  0.3) Phase: 2 (1) 
Count:  86.9  82.5  76.7  72.8  71.4  70.1  64.4  60.1  58.8  60.5  59.1  56.8  58.8  61.3  60.1  58.6  55.4  56.0  54.3  54.5  51.2  50.7  55.8  48.7  47.8  48.3  46.2  47.5  48.7  47.0  46.7  47.7  45.6  46.1  43.6  43.7  41.3  44.3  45.4  42.9  44.6  41.8  39.3  36.9  39.9  38.5  39.1  37.8  38.6  37.5  38.3  39.7  39.8  40.6  38.5  38.2  35.2  38.2  38.1  39.4  38.7  38.2  37.0  37.6  36.5  37.1  36.4  37.0  36.7  35.0  35.7  37.8  39.5  39.9  41.3   0.0   0.0   0.0   0.0   0.0   0.0   0.0   0.0   0.0   0.0   0.0   0.0   0.0   0.0   0.0   0.0   0.0   0.0   0.0   0.0   0.0   0.0   0.0   0.0   0.0 

2.1: 75 Count:  33.7 ( 22.0) A:   3.6 (  0.3) B:  11.4 (  0.3) Phase: -3 (1) 
Count:  86.1  80.9  74.8  70.2  68.6  67.2  60.8  57.2  55.1  57.3  55.8  53.0  55.3  58.7  56.8  54.9  52.2  52.6  50.8  51.6  48.2  47.4  52.1  45.8  44.6  45.1  43.1  44.9  45.5  44.2  43.9  45.3  43.0  43.4  40.5  40.9  39.0  41.4  42.8  40.5  42.4  39.7  36.7  35.0  37.7  36.5  36.6  36.0  36.3  34.9  36.2  37.3  37.4  38.4  36.0  36.0  33.4  35.8  35.9  37.0  35.9  35.8  35.0  35.6  34.4  35.0  34.3  34.9  35.3  33.4  33.6  35.6  37.0  37.8  38.3   0.0   0.0   0.0   0.0   0.0   0.0   0.0   0.0   0.0   0.0   0.0   0.0   0.0   0.0   0.0   0.0   0.0   0.0   0.0   0.0   0.0   0.0   0.0   0.0   0.0 

2.2: 75 Count:  20.0 ( 11.7) A:   4.2 (  0.1) B:   8.1 (  0.1) Phase: -8 (21) 
Count:  36.1  33.6  30.9  29.9  29.6  29.9  28.6  28.3  28.1  28.5  28.0  28.0  28.5  28.5  27.9  27.7  27.1  27.4  27.5  27.1  26.7  26.9  27.5  26.6  26.6  26.2  26.3  26.6  26.8  26.2  26.6  26.7  26.6  26.2  25.9  26.1  26.1  26.5  26.8  26.2  26.4  25.7  25.6  25.4  25.5  25.5  25.4  25.3  25.6  25.0  25.5  25.3  25.7  25.1  25.4  25.4  25.1  25.2  25.4  25.3  25.2  25.5  24.8  25.0  25.1  25.0  24.7  25.0  25.2  25.1  24.8  25.2  25.1  25.4  25.3   0.0   0.0   0.0   0.0   0.0   0.0   0.0   0.0   0.0   0.0   0.0   0.0   0.0   0.0   0.0   0.0   0.0   0.0   0.0   0.0   0.0   0.0   0.0   0.0   0.0 
Phase: -1 -2 -3 -4 -5 -6 -2 -4 -5 -4 -6 -4 -3 -4 -2 -1 -4 -3 -1 -1 -4 -3 -2 -10 -5 -4 -2 -5 -5 -9 -2 -1 -7 -3 -7 -6 -10 -2 -2 -7 -7 1 -2 -2 -2 -8 -4 -3 -6 -11 -9 -4 -6 -2 -4 -7 -7 -2 -9 -5 -4 -4 -7 -8 -9 -11 -4 -8 -7 -173 -65 -4 -7 -7 -5 * * * * * * * * * * * * * * * * * * * * * * * * * 

2.3: 75 Count:  13.6 (  7.9) A:   4.9 (  0.0) B:   4.9 (  0.0) Phase: -170 (0) 
Count:  18.2  18.4  18.5  18.1  18.3  18.2  18.0  18.3  18.2  18.4  18.3  18.6  18.6  18.0  18.3  18.3  18.1  18.2  18.2  18.1  18.1  18.0  18.2  18.0  18.3  17.8  18.2  18.1  17.9  18.2  18.1  17.9  18.2  18.2  18.0  18.4  18.2  18.4  18.1  18.3  18.1  18.3  17.8  18.4  18.2  18.5  18.1  18.4  18.1  18.2  18.0  18.2  18.5  17.8  18.1  18.1  18.0  18.0  18.6  18.1  17.9  18.0  18.0  18.5  18.1  18.1  17.7  18.3  18.1  18.3  18.1  17.8  18.0  18.1  18.2   0.0   0.0   0.0   0.0   0.0   0.0   0.0   0.0   0.0   0.0   0.0   0.0   0.0   0.0   0.0   0.0   0.0   0.0   0.0   0.0   0.0   0.0   0.0   0.0   0.0 

2.4: 75 Count:  13.2 (  7.7) A:   4.9 (  0.1) B:   5.1 (  0.0) Phase: -174 (1) 
Count:  18.1  18.2  18.2  17.9  17.6  17.9  17.6  17.9  17.6  17.4  17.4  17.8  17.7  17.8  17.6  17.7  17.3  17.6  17.8  17.7  17.3  17.5  17.4  17.3  17.7  17.4  17.7  17.4  17.4  17.3  17.5  17.5  17.5  17.6  17.5  17.7  17.5  17.7  17.5  17.7  17.6  17.5  17.5  17.6  17.8  17.6  17.4  17.8  17.6  17.8  17.4  17.5  17.8  17.4  17.6  17.3  17.5  17.5  17.6  17.4  17.5  17.4  17.3  17.5  17.4  17.3  17.4  17.8  17.6  17.4  17.4  17.5  17.5  17.5  17.4   0.0   0.0   0.0   0.0   0.0   0.0   0.0   0.0   0.0   0.0   0.0   0.0   0.0   0.0   0.0   0.0   0.0   0.0   0.0   0.0   0.0   0.0   0.0   0.0   0.0 

2.5: 75 Count:  16.3 (  9.5) A:   4.5 (  0.1) B:   7.7 (  0.1) Phase: -105 (84) 
Count:  27.1  25.6  24.9  23.7  23.6  23.5  22.9  22.6  22.4  22.7  22.5  22.5  22.9  22.8  22.6  22.5  22.2  22.1  22.3  21.7  21.6  21.9  22.2  21.6  22.1  21.7  21.6  21.7  21.7  21.5  21.5  21.7  21.7  21.5  21.4  21.5  21.1  21.6  21.6  21.4  21.7  21.1  20.8  21.1  21.2  21.1  21.1  20.9  20.7  21.2  21.6  21.2  21.4  21.0  21.3  20.9  20.6  20.8  21.3  21.1  21.0  20.8  20.9  21.3  20.8  21.3  20.5  21.1  20.9  20.8  20.6  20.9  20.5  21.1  21.1   0.0   0.0   0.0   0.0   0.0   0.0   0.0   0.0   0.0   0.0   0.0   0.0   0.0   0.0   0.0   0.0   0.0   0.0   0.0   0.0   0.0   0.0   0.0   0.0   0.0 
Phase: 1 -4 -4 -3 0 -1 -3 -1 -1 -6 -1 -6 -1 1 -1 -6 1 -1 -4 -5 2 1 -4 2 -175 -175 -4 -69 0 -1 -175 -10 -4 -4 -178 -178 -176 -176 -176 -166 -176 -175 -176 -174 -178 -171 -175 -172 -175 -175 -176 -176 -178 -175 -167 178 -175 -175 -176 -177 -175 -174 -176 -174 -176 -174 -175 -175 -178 -172 -177 -174 -171 -176 -173 * * * * * * * * * * * * * * * * * * * * * * * * * 

2.6: 75 Count:  21.6 ( 14.2) A:   4.2 (  0.3) B:   9.5 (  0.1) Phase: -6 (5) 
Count:  67.6  58.9  49.2  44.0  42.9  42.1  37.1  33.9  33.5  34.0  32.8  32.2  33.5  34.6  33.9  33.6  31.3  31.1  30.5  30.9  29.1  28.6  31.2  27.8  27.7  28.2  26.7  26.9  27.7  27.3  27.0  27.4  26.4  26.9  25.6  26.0  24.9  26.1  26.2  25.7  26.0  25.1  24.2  23.8  25.0  24.3  24.2  24.1  24.3  23.8  24.7  25.0  24.9  24.8  24.3  24.0  23.0  23.8  24.4  24.5  24.6  23.8  23.7  24.0  23.6  23.9  23.1  23.7  23.7  23.4  23.4  23.9  24.5  24.4  24.9   0.0   0.0   0.0   0.0   0.0   0.0   0.0   0.0   0.0   0.0   0.0   0.0   0.0   0.0   0.0   0.0   0.0   0.0   0.0   0.0   0.0   0.0   0.0   0.0   0.0 

2.7: 75 Count:  19.4 ( 12.1) A:   4.5 (  0.3) B:   9.0 (  0.1) Phase: -18 (6) 
Count:  53.3  46.1  38.7  34.7  33.8  33.5  30.1  28.7  28.4  28.2  27.8  27.5  28.3  29.2  28.4  28.2  27.3  26.6  26.6  26.6  25.7  25.9  26.8  25.2  25.1  25.2  24.6  24.7  25.0  24.7  24.3  25.2  23.9  24.7  23.9  24.3  23.6  24.3  24.2  23.7  24.2  23.6  23.4  22.9  23.6  23.2  23.0  23.2  22.9  23.0  23.6  23.3  23.9  23.3  23.3  22.8  22.6  22.6  23.1  23.5  23.2  22.6  22.7  23.1  22.6  22.9  22.4  23.1  22.6  22.4  22.6  23.0  23.0  23.1  23.6   0.0   0.0   0.0   0.0   0.0   0.0   0.0   0.0   0.0   0.0   0.0   0.0   0.0   0.0   0.0   0.0   0.0   0.0   0.0   0.0   0.0   0.0   0.0   0.0   0.0 
Phase: -10 -10 -12 -11 -12 -7 -11 -12 -6 -13 -16 -17 -13 -6 -5 -15 -3 -19 -16 -17 -5 -3 -11 -20 -18 -20 -19 -19 -17 -19 -21 -3 -20 -19 -21 -21 -20 -19 -21 -21 -19 -17 -22 -22 -21 -23 -19 -28 -23 -20 -22 -21 -20 -26 -19 -16 -26 -24 -25 -23 -25 -25 -24 -20 -24 -24 -24 -25 -19 -26 -22 -21 -29 -23 -23 * * * * * * * * * * * * * * * * * * * * * * * * * 

2.8: 75 Count:  15.7 (  9.1) A:   4.9 (  0.1) B:   6.6 (  0.1) Phase: -165 (8) 
Count:  22.7  22.6  22.1  21.7  21.4  21.7  21.2  21.5  21.4  21.3  21.2  21.3  21.4  21.6  21.1  21.1  21.0  21.1  21.4  21.1  20.9  21.2  21.1  21.0  20.9  20.8  20.8  20.7  21.1  20.7  20.5  21.0  20.6  20.6  20.7  20.9  20.5  20.8  20.6  20.7  20.8  20.6  20.7  20.7  20.7  20.8  20.5  20.9  20.5  20.6  20.9  20.6  21.0  20.4  20.7  20.7  20.6  20.0  20.7  20.6  20.5  20.5  20.4  20.6  20.4  20.4  20.3  20.6  20.6  20.2  20.4  20.5  20.8  20.4  20.6   0.0   0.0   0.0   0.0   0.0   0.0   0.0   0.0   0.0   0.0   0.0   0.0   0.0   0.0   0.0   0.0   0.0   0.0   0.0   0.0   0.0   0.0   0.0   0.0   0.0 
Phase: -101 -166 -158 -165 -159 -174 -167 -159 -166 -158 -155 -160 -159 -165 -167 -167 -168 -166 -157 -159 -168 -167 -174 -167 -165 -164 -172 -159 -167 -166 -160 -167 -167 -166 -166 -167 -167 -167 -164 -167 -168 -169 -168 -168 -170 -166 -167 -164 -164 -167 -165 -166 -167 -166 -166 -174 -168 -159 -165 -164 -168 -165 -167 -165 -168 -171 -168 -165 -168 -168 -166 -167 -167 -171 -165 * * * * * * * * * * * * * * * * * * * * * * * * * 

2.9: 75 Count:  12.8 (  7.4) A:   6.1 (  0.1) B:   5.0 (  0.0) Phase: -162 (0) 
Count:  17.2  17.3  17.3  17.0  17.0  16.9  16.9  17.3  17.2  17.1  17.0  17.2  17.0  17.3  17.0  16.9  17.0  17.3  17.3  17.0  17.0  17.1  17.0  17.3  17.4  16.9  17.1  17.2  17.0  17.2  17.1  16.9  17.0  17.1  17.1  17.1  17.2  17.2  16.9  17.2  17.1  16.8  16.9  17.1  16.9  17.0  17.1  17.2  16.9  17.2  17.2  16.9  17.2  17.1  17.0  16.8  17.3  17.1  17.2  17.1  17.0  16.9  17.0  17.2  17.3  17.1  17.2  17.3  17.2  17.1  17.2  17.1  16.8  17.1  17.3   0.0   0.0   0.0   0.0   0.0   0.0   0.0   0.0   0.0   0.0   0.0   0.0   0.0   0.0   0.0   0.0   0.0   0.0   0.0   0.0   0.0   0.0   0.0   0.0   0.0 

3.0: 75 Count:  13.7 (  8.0) A:   6.2 (  0.1) B:   5.6 (  0.1) Phase: -160 (0) 
Count:  18.7  18.5  18.4  18.6  18.4  18.4  18.2  18.5  18.3  18.5  18.4  18.7  18.4  18.4  18.2  18.5  18.3  18.5  18.5  18.2  18.2  18.4  18.2  18.3  18.5  18.1  18.3  18.4  18.4  18.4  18.4  18.3  18.0  18.1  18.3  18.5  18.2  18.5  18.3  18.1  18.5  18.2  18.3  18.5  18.1  18.3  18.1  18.4  18.4  17.9  18.3  18.4  18.6  18.3  18.1  18.1  18.5  18.1  18.4  18.2  18.4  18.1  17.7  17.9  18.1  18.0  18.4  18.4  18.2  18.0  18.3  18.2  18.0  18.0  18.3   0.0   0.0   0.0   0.0   0.0   0.0   0.0   0.0   0.0   0.0   0.0   0.0   0.0   0.0   0.0   0.0   0.0   0.0   0.0   0.0   0.0   0.0   0.0   0.0   0.0 

3.1: 75 Count:  15.5 (  9.0) A:   6.0 (  0.1) B:   7.5 (  0.1) Phase: -151 (12) 
Count:  22.9  22.4  22.2  21.4  21.5  21.2  21.1  21.0  20.9  21.0  20.5  21.0  21.0  20.9  20.9  21.6  20.8  21.0  20.8  20.7  20.7  20.4  20.9  20.5  21.1  20.5  20.6  20.8  20.9  20.3  20.5  20.4  20.4  20.7  20.3  20.3  20.4  20.7  20.5  20.5  20.5  20.2  20.4  20.7  20.2  20.7  20.2  20.3  20.2  20.2  20.5  20.4  20.8  20.6  20.1  20.1  20.5  20.1  20.2  20.3  20.3  20.1  19.7  20.1  20.2  20.2  20.1  20.4  20.3  20.1  20.1  19.9  20.2  20.4  20.4   0.0   0.0   0.0   0.0   0.0   0.0   0.0   0.0   0.0   0.0   0.0   0.0   0.0   0.0   0.0   0.0   0.0   0.0   0.0   0.0   0.0   0.0   0.0   0.0   0.0 
Phase: -105 -110 -111 -114 -116 -119 -150 -150 -156 -151 -155 -150 -152 -150 -147 -149 -156 -155 -152 -147 -150 -157 -156 -155 -154 -151 -155 -160 -157 -157 -155 -157 -156 -156 -154 -151 -156 -155 -151 -151 -154 -155 -155 -156 -155 -154 -160 -157 -161 -159 -156 -156 -157 -156 -155 -155 -156 -156 -155 -155 -155 -163 -156 -157 -155 -157 -155 -157 -151 -155 -157 -158 -152 -155 -151 * * * * * * * * * * * * * * * * * * * * * * * * * 

3.2: 75 Count:  16.9 ( 10.3) A:   5.9 (  0.4) B:   8.8 (  0.1) Phase: -104 (27) 
Count:  42.4  36.1  30.6  28.1  26.9  27.3  25.2  24.2  23.5  24.3  23.6  23.4  24.0  24.1  24.0  24.1  22.8  23.3  23.2  23.3  22.6  22.1  23.0  21.8  22.5  22.0  21.6  21.9  22.3  21.6  22.0  22.0  21.7  21.9  21.3  21.1  21.2  21.9  21.8  21.4  21.4  20.9  21.1  21.1  21.1  21.4  20.8  21.0  21.1  20.7  21.0  21.1  21.5  21.4  21.0  20.7  20.6  21.0  20.7  21.0  21.1  20.6  20.5  20.8  20.6  20.6  20.7  21.2  20.9  20.6  20.3  20.6  20.7  21.2  21.3   0.0   0.0   0.0   0.0   0.0   0.0   0.0   0.0   0.0   0.0   0.0   0.0   0.0   0.0   0.0   0.0   0.0   0.0   0.0   0.0   0.0   0.0   0.0   0.0   0.0 
Phase: -5 -12 -16 -26 -25 -36 -81 -92 -92 -86 -95 -96 -88 -88 -88 -88 -98 -95 -95 -97 -106 -107 -94 -110 -107 -105 -112 -105 -106 -111 -109 -106 -111 -109 -115 -113 -118 -116 -106 -114 -115 -116 -119 -120 -116 -118 -122 -121 -119 -119 -123 -119 -120 -119 -118 -119 -126 -120 -121 -122 -115 -119 -121 -123 -120 -119 -126 -121 -120 -123 -126 -122 -118 -119 -116 * * * * * * * * * * * * * * * * * * * * * * * * * 

3.3: 75 Count:  15.4 (  9.0) A:   6.4 (  0.2) B:   8.3 (  0.1) Phase: -134 (14) 
Count:  27.4  25.1  23.5  22.4  22.3  22.3  21.8  21.1  20.9  21.3  21.0  21.0  21.2  21.1  21.4  21.5  20.8  21.0  21.1  20.8  20.7  20.4  20.9  20.3  20.8  20.3  20.4  20.2  20.7  20.1  20.4  20.6  20.2  20.2  20.1  19.7  20.3  20.4  20.5  20.2  20.2  20.0  20.1  20.1  20.1  20.2  19.8  19.9  19.6  19.9  19.9  19.9  20.5  20.2  20.0  19.8  19.9  19.9  19.8  19.8  20.1  19.9  19.8  19.9  19.9  19.5  20.0  20.0  20.0  19.8  19.6  19.8  19.8  20.0  20.2   0.0   0.0   0.0   0.0   0.0   0.0   0.0   0.0   0.0   0.0   0.0   0.0   0.0   0.0   0.0   0.0   0.0   0.0   0.0   0.0   0.0   0.0   0.0   0.0   0.0 
Phase: -74 -80 -95 -100 -106 -109 -123 -127 -129 -115 -130 -126 -123 -122 -123 -124 -132 -125 -130 -130 -138 -143 -123 -137 -139 -137 -142 -140 -137 -138 -139 -139 -141 -138 -140 -140 -141 -142 -134 -139 -139 -139 -141 -143 -142 -140 -147 -144 -144 -143 -144 -140 -142 -142 -141 -142 -145 -141 -141 -144 -140 -143 -140 -141 -144 -141 -146 -145 -143 -142 -145 -144 -140 -141 -140 * * * * * * * * * * * * * * * * * * * * * * * * * 

3.4: 75 Count:  13.9 (  8.0) A:   7.0 (  0.1) B:   7.1 (  0.1) Phase: -141 (2) 
Count:  19.1  18.9  19.1  18.9  18.8  19.0  18.8  18.6  18.6  18.6  18.7  18.5  18.7  18.7  18.5  18.7  18.5  18.8  18.7  18.6  18.6  18.4  18.6  18.7  18.7  18.6  18.2  18.4  18.6  18.4  18.6  18.4  18.3  18.1  18.3  18.2  18.5  18.3  18.3  18.4  18.5  18.3  18.3  18.6  18.1  18.5  18.4  18.4  18.3  18.4  18.7  18.3  19.0  18.2  18.3  18.1  18.5  18.2  18.3  18.4  18.7  18.4  18.1  18.4  18.3  18.0  18.5  18.4  18.4  18.2  18.1  18.1  18.2  18.4  18.5   0.0   0.0   0.0   0.0   0.0   0.0   0.0   0.0   0.0   0.0   0.0   0.0   0.0   0.0   0.0   0.0   0.0   0.0   0.0   0.0   0.0   0.0   0.0   0.0   0.0 

3.5: 75 Count:  13.4 (  7.8) A:   7.2 (  0.1) B:   6.3 (  0.1) Phase: -138 (0) 
Count:  17.8  17.9  18.0  17.9  18.0  17.9  17.9  17.9  17.8  18.0  17.9  17.9  17.9  17.9  17.8  18.1  17.8  18.0  18.0  17.7  17.9  17.8  17.8  18.3  18.5  17.8  18.1  18.0  18.0  17.8  17.9  18.0  17.9  17.9  17.8  17.9  17.9  18.1  17.7  17.7  17.9  17.6  17.7  17.9  17.8  17.9  18.1  18.1  17.7  17.8  18.1  18.0  18.2  17.8  17.8  17.9  18.0  17.6  17.9  17.7  18.0  17.9  17.9  18.0  18.0  17.8  18.1  18.1  17.8  17.7  18.0  17.9  17.8  17.9  18.1   0.0   0.0   0.0   0.0   0.0   0.0   0.0   0.0   0.0   0.0   0.0   0.0   0.0   0.0   0.0   0.0   0.0   0.0   0.0   0.0   0.0   0.0   0.0   0.0   0.0 

3.6: 75 Count:  13.2 (  7.7) A:   7.1 (  0.1) B:   7.4 (  0.1) Phase: -134 (0) 
Count:  17.7  17.8  17.7  17.7  17.6  17.6  17.7  17.6  17.6  17.5  17.6  17.7  17.7  17.4  17.7  17.8  17.5  17.7  17.7  17.4  17.5  17.6  17.5  17.7  18.0  17.4  17.6  17.6  17.6  17.5  17.6  17.7  17.6  17.6  17.5  17.8  17.5  17.8  17.3  17.6  17.7  17.3  17.6  17.8  17.5  17.6  17.7  17.9  17.6  17.7  17.7  17.7  17.9  17.7  17.4  17.7  17.8  17.4  17.7  17.7  17.7  17.6  17.5  17.5  17.5  17.4  17.7  17.8  17.6  17.4  17.6  17.7  17.7  17.4  17.8   0.0   0.0   0.0   0.0   0.0   0.0   0.0   0.0   0.0   0.0   0.0   0.0   0.0   0.0   0.0   0.0   0.0   0.0   0.0   0.0   0.0   0.0   0.0   0.0   0.0 

3.7: 75 Count:  13.9 (  8.1) A:   6.7 (  0.1) B:   8.9 (  0.1) Phase: -122 (4) 
Count:  19.4  19.6  19.3  19.0  19.1  18.9  19.0  18.9  18.8  18.7  18.6  18.8  18.9  18.7  18.8  19.1  18.6  18.7  18.7  18.6  18.7  18.5  18.5  18.6  19.1  18.5  18.6  18.8  18.4  18.5  18.5  18.5  18.4  18.7  18.4  18.5  18.5  18.9  18.2  18.4  18.6  18.2  18.1  18.5  18.4  18.5  18.5  18.8  18.4  18.3  18.4  18.5  18.8  18.6  18.2  18.3  18.2  18.2  18.4  18.5  18.5  18.4  18.2  18.3  18.3  18.0  18.3  18.5  18.5  18.3  18.3  18.5  18.4  18.4  18.4   0.0   0.0   0.0   0.0   0.0   0.0   0.0   0.0   0.0   0.0   0.0   0.0   0.0   0.0   0.0   0.0   0.0   0.0   0.0   0.0   0.0   0.0   0.0   0.0   0.0 

3.8: 75 Count:  14.7 (  8.6) A:   6.2 (  0.2) B:   9.8 (  0.1) Phase: -113 (8) 
Count:  25.8  24.0  22.4  21.4  21.2  20.8  20.7  20.2  19.9  20.2  20.0  20.1  20.2  20.1  20.0  20.6  19.7  19.8  20.1  19.8  19.6  19.4  19.8  19.1  19.8  19.4  19.3  19.6  19.4  19.4  19.4  19.1  19.2  19.4  19.2  19.2  19.2  19.4  19.1  19.3  19.2  19.3  19.0  19.0  18.8  19.2  19.2  19.1  18.8  19.0  19.2  19.0  19.3  19.3  19.0  18.7  18.9  18.8  19.1  19.1  19.2  18.8  19.0  18.9  18.9  18.6  19.1  18.9  19.0  19.0  18.8  19.0  19.1  19.0  19.0   0.0   0.0   0.0   0.0   0.0   0.0   0.0   0.0   0.0   0.0   0.0   0.0   0.0   0.0   0.0   0.0   0.0   0.0   0.0   0.0   0.0   0.0   0.0   0.0   0.0 
Phase: -72 -82 -93 -99 -101 -101 -107 -108 -110 -109 -108 -109 -111 -108 -107 -109 -112 -110 -111 -108 -114 -114 -108 -113 -114 -114 -114 -113 -114 -111 -112 -115 -114 -113 -114 -115 -114 -118 -114 -115 -113 -115 -118 -120 -118 -119 -120 -118 -116 -120 -118 -116 -118 -115 -120 -116 -121 -118 -119 -119 -118 -119 -118 -118 -119 -118 -119 -118 -118 -120 -120 -119 -117 -118 -117 * * * * * * * * * * * * * * * * * * * * * * * * * 

3.9: 75 Count:  14.2 (  8.3) A:   6.1 (  0.1) B:  10.0 (  0.1) Phase: -120 (3) 
Count:  20.4  19.7  19.9  19.4  19.4  19.5  19.4  19.2  18.9  19.2  19.2  19.2  19.0  19.2  19.1  19.4  19.0  19.1  19.4  19.0  19.2  18.9  19.1  18.9  19.1  19.0  18.8  19.1  19.1  18.8  19.0  18.7  18.8  18.9  18.9  18.7  19.0  19.1  18.8  19.1  18.9  18.9  18.7  19.0  18.6  18.8  18.8  18.8  18.6  18.7  18.7  18.6  19.2  19.0  18.6  18.7  18.9  18.7  18.8  18.8  18.9  18.5  18.9  18.7  18.8  18.4  18.8  18.8  18.8  18.7  18.6  18.7  18.6  18.9  18.7   0.0   0.0   0.0   0.0   0.0   0.0   0.0   0.0   0.0   0.0   0.0   0.0   0.0   0.0   0.0   0.0   0.0   0.0   0.0   0.0   0.0   0.0   0.0   0.0   0.0 

4.0: 75 Count:  14.0 (  8.1) A:   5.8 (  0.1) B:   9.7 (  0.1) Phase: -124 (1) 
Count:  18.6  18.6  18.8  18.6  18.8  18.7  18.9  18.7  18.7  18.7  18.8  18.7  18.5  18.5  18.7  18.8  18.4  18.6  18.6  18.5  18.8  18.7  18.6  18.8  18.9  18.7  18.5  18.5  18.5  18.5  18.7  18.8  18.7  18.7  18.6  18.7  18.8  18.8  18.4  18.6  18.9  18.5  18.6  18.8  18.5  18.7  18.8  18.8  18.5  18.7  18.7  18.7  19.1  18.8  18.6  18.8  18.8  18.5  18.6  18.6  18.6  18.5  18.6  18.6  18.8  18.3  18.7  18.8  18.6  18.4  18.7  18.7  18.4  18.7  18.6   0.0   0.0   0.0   0.0   0.0   0.0   0.0   0.0   0.0   0.0   0.0   0.0   0.0   0.0   0.0   0.0   0.0   0.0   0.0   0.0   0.0   0.0   0.0   0.0   0.0 

4.1: 75 Count:  14.1 (  8.2) A:   5.2 (  0.0) B:   9.5 (  0.1) Phase: -128 (0) 
Count:  18.9  18.9  18.8  18.7  18.8  18.9  18.8  18.7  18.7  18.9  18.8  18.8  18.8  18.6  18.7  18.9  18.7  18.8  19.0  18.5  18.9  18.8  18.5  18.9  19.2  18.8  18.8  18.9  18.9  18.6  18.7  18.8  18.7  18.9  18.8  18.6  18.8  19.0  18.6  18.6  18.8  18.5  18.7  18.8  18.8  18.8  19.0  18.9  18.8  18.7  19.0  18.9  19.2  18.9  18.6  18.7  18.9  18.7  18.7  18.8  18.8  18.7  18.7  19.0  18.9  18.4  18.8  18.7  18.7  18.5  18.8  18.7  18.8  18.7  18.7   0.0   0.0   0.0   0.0   0.0   0.0   0.0   0.0   0.0   0.0   0.0   0.0   0.0   0.0   0.0   0.0   0.0   0.0   0.0   0.0   0.0   0.0   0.0   0.0   0.0 

4.2: 75 Count:  13.4 (  7.8) A:   4.8 (  0.0) B:  10.3 (  0.1) Phase: -133 (1) 
Count:  17.8  17.9  17.9  17.9  17.8  17.8  18.0  18.0  17.7  18.0  17.9  17.9  17.7  17.6  17.8  17.9  17.9  17.9  17.9  17.7  18.1  17.9  17.6  17.9  18.3  17.8  17.9  17.9  18.0  17.7  17.9  18.0  17.8  17.9  17.8  17.9  18.1  18.1  17.5  17.7  17.7  17.8  17.9  17.9  18.0  17.9  18.2  18.0  18.0  17.8  18.0  18.0  18.4  18.0  17.8  17.9  18.1  17.9  17.8  17.9  17.8  17.8  17.9  17.9  18.0  17.5  17.9  17.8  17.8  17.9  17.9  18.0  17.8  17.8  18.0   0.0   0.0   0.0   0.0   0.0   0.0   0.0   0.0   0.0   0.0   0.0   0.0   0.0   0.0   0.0   0.0   0.0   0.0   0.0   0.0   0.0   0.0   0.0   0.0   0.0 

4.3: 75 Count:  12.8 (  7.4) A:   4.4 (  0.0) B:  11.0 (  0.1) Phase: -135 (3) 
Count:  17.9  17.8  17.5  17.5  17.3  17.2  17.3  17.2  17.1  17.4  17.2  17.0  17.3  17.1  17.2  17.4  17.1  17.0  17.0  16.9  17.2  17.0  16.9  17.0  17.5  17.1  17.1  17.2  17.0  17.1  17.1  16.9  17.1  17.1  17.2  17.1  17.1  17.2  16.7  17.0  16.8  17.0  17.0  17.0  17.2  17.0  17.2  17.1  17.2  17.1  17.1  17.1  17.3  17.1  16.8  16.8  16.8  17.0  17.1  17.1  16.7  16.9  16.9  16.9  16.9  16.7  16.8  16.9  16.8  17.0  17.0  17.0  17.1  16.9  16.9   0.0   0.0   0.0   0.0   0.0   0.0   0.0   0.0   0.0   0.0   0.0   0.0   0.0   0.0   0.0   0.0   0.0   0.0   0.0   0.0   0.0   0.0   0.0   0.0   0.0 

4.4: 75 Count:  12.4 (  7.2) A:   4.1 (  0.0) B:  10.9 (  0.1) Phase: -141 (5) 
Count:  18.7  18.0  17.6  17.3  17.1  17.0  17.0  16.8  16.8  16.8  16.6  16.7  16.7  16.8  16.8  16.9  16.7  16.6  16.8  16.6  16.6  16.4  16.5  16.3  17.1  16.5  16.5  16.5  16.7  16.5  16.7  16.3  16.4  16.5  16.4  16.6  16.4  16.8  16.3  16.5  16.3  16.4  16.3  16.4  16.4  16.3  16.5  16.6  16.4  16.6  16.1  16.5  16.6  16.5  16.2  16.2  16.3  16.4  16.5  16.6  16.3  16.4  16.1  16.1  16.2  16.1  16.2  16.2  16.3  16.2  16.4  16.3  16.2  16.2  16.4   0.0   0.0   0.0   0.0   0.0   0.0   0.0   0.0   0.0   0.0   0.0   0.0   0.0   0.0   0.0   0.0   0.0   0.0   0.0   0.0   0.0   0.0   0.0   0.0   0.0 

4.5: 75 Count:  11.5 (  6.7) A:   4.0 (  0.0) B:  10.3 (  0.1) Phase: -160 (1) 
Count:  15.9  15.7  15.7  15.5  15.4  15.5  15.5  15.7  15.3  15.3  15.3  15.3  15.5  15.5  15.4  15.5  15.3  15.5  15.4  15.4  15.2  15.3  15.2  15.3  15.7  15.2  15.3  15.2  15.4  15.3  15.5  15.3  15.0  15.4  15.3  15.3  15.4  15.5  15.1  15.5  15.2  15.4  15.1  15.4  15.1  15.3  15.4  15.5  15.5  15.4  15.3  15.3  15.6  15.7  15.3  15.1  15.3  15.1  15.6  15.4  15.4  15.3  15.1  15.2  15.2  15.1  15.2  15.1  15.3  15.2  15.4  15.3  15.0  15.3  15.2   0.0   0.0   0.0   0.0   0.0   0.0   0.0   0.0   0.0   0.0   0.0   0.0   0.0   0.0   0.0   0.0   0.0   0.0   0.0   0.0   0.0   0.0   0.0   0.0   0.0 

4.6: 75 Count:  11.0 (  6.4) A:   3.9 (  0.0) B:   9.5 (  0.1) Phase: -168 (0) 
Count:  14.8  14.8  14.7  14.6  14.6  14.4  14.6  14.6  14.6  14.5  14.6  14.6  14.7  14.5  14.7  14.5  14.6  14.6  14.6  14.7  14.7  14.7  14.3  14.7  14.9  14.4  14.5  14.4  14.6  14.6  14.6  14.6  14.4  14.6  14.6  14.6  14.8  14.8  14.6  14.6  14.8  14.8  14.8  14.7  14.6  14.8  15.0  14.7  14.9  14.8  14.6  14.7  14.8  14.9  14.5  14.7  14.7  14.6  14.8  14.8  14.5  14.6  14.6  14.6  14.6  14.4  14.4  14.6  14.7  14.4  14.6  14.6  14.5  14.5  14.7   0.0   0.0   0.0   0.0   0.0   0.0   0.0   0.0   0.0   0.0   0.0   0.0   0.0   0.0   0.0   0.0   0.0   0.0   0.0   0.0   0.0   0.0   0.0   0.0   0.0 

4.7: 75 Count:  10.2 (  5.9) A:   3.9 (  0.0) B:   9.2 (  0.1) Phase: -173 (0) 
Count:  13.9  13.8  13.6  13.5  13.4  13.4  13.6  13.5  13.6  13.6  13.6  13.5  13.7  13.4  13.6  13.3  13.3  13.5  13.8  13.7  13.6  13.6  13.4  13.6  13.8  13.5  13.4  13.5  13.7  13.8  13.7  13.5  13.4  13.4  13.5  13.6  13.8  13.7  13.5  13.8  13.7  13.9  13.5  13.8  13.6  13.6  13.8  13.8  13.9  13.8  13.7  13.9  13.9  13.7  13.4  13.5  13.7  13.6  13.7  13.6  13.4  13.4  13.4  13.7  13.4  13.5  13.7  13.7  13.8  13.5  13.6  13.5  13.5  13.5  13.6   0.0   0.0   0.0   0.0   0.0   0.0   0.0   0.0   0.0   0.0   0.0   0.0   0.0   0.0   0.0   0.0   0.0   0.0   0.0   0.0   0.0   0.0   0.0   0.0   0.0 

4.8: 75 Count:   9.6 (  5.5) A:   4.1 (  0.0) B:   9.2 (  0.1) Phase: -177 (0) 
Count:  13.3  13.1  12.9  12.7  12.5  12.7  12.6  12.7  12.6  12.7  13.1  13.1  12.8  12.7  12.8  12.5  12.6  12.7  12.8  12.9  12.9  12.6  12.7  12.6  12.8  12.4  12.4  12.7  12.8  12.9  13.0  12.6  12.6  12.4  12.8  12.9  12.9  12.9  12.8  12.8  12.9  12.9  12.5  12.7  12.6  12.7  12.9  13.0  13.2  13.0  13.0  12.9  12.7  12.9  12.3  12.6  12.7  12.9  12.9  12.7  12.7  12.6  12.5  12.3  12.5  12.4  12.6  12.8  12.8  12.8  12.8  12.5  12.5  12.6  12.7   0.0   0.0   0.0   0.0   0.0   0.0   0.0   0.0   0.0   0.0   0.0   0.0   0.0   0.0   0.0   0.0   0.0   0.0   0.0   0.0   0.0   0.0   0.0   0.0   0.0 

4.9: 75 Count:   9.1 (  5.3) A:   4.3 (  0.1) B:   9.6 (  0.1) Phase: 176 (1) 
Count:  13.1  13.0  13.0  12.5  12.4  12.5  12.3  12.3  12.1  12.3  12.5  12.3  12.4  12.2  12.3  12.3  12.1  12.2  12.1  12.4  12.3  12.1  12.3  12.3  12.1  12.1  11.7  12.1  12.1  12.2  12.2  11.9  12.0  12.0  12.0  11.9  12.2  12.4  11.9  12.3  12.1  12.1  11.8  12.0  11.9  11.8  11.9  12.0  12.1  11.9  12.1  12.1  11.8  12.1  11.7  11.8  11.7  11.9  12.0  11.9  11.9  11.8  11.6  11.7  11.8  11.7  12.0  11.9  12.0  12.0  11.8  11.7  11.8  11.8  11.9   0.0   0.0   0.0   0.0   0.0   0.0   0.0   0.0   0.0   0.0   0.0   0.0   0.0   0.0   0.0   0.0   0.0   0.0   0.0   0.0   0.0   0.0   0.0   0.0   0.0 

5.0: 75 Count:   8.8 (  5.1) A:   4.6 (  0.1) B:   9.8 (  0.2) Phase: 171 (6) 
Count:  13.3  13.0  12.7  12.3  12.2  12.2  12.1  12.1  12.0  12.1  12.0  12.0  11.9  12.1  12.0  11.9  11.9  11.8  11.7  12.0  11.9  12.0  11.9  11.5  11.7  11.6  11.4  11.7  11.7  11.8  11.5  11.6  11.6  11.8  11.4  11.5  11.6  11.6  11.3  11.6  11.4  11.5  11.3  11.4  11.4  11.4  11.4  11.6  11.4  11.6  11.5  11.3  11.5  11.5  11.3  11.4  11.3  11.4  11.4  11.4  11.4  11.3  11.1  11.4  11.4  11.3  11.5  11.5  11.5  11.5  11.4  11.3  11.4  11.4  11.4   0.0   0.0   0.0   0.0   0.0   0.0   0.0   0.0   0.0   0.0   0.0   0.0   0.0   0.0   0.0   0.0   0.0   0.0   0.0   0.0   0.0   0.0   0.0   0.0   0.0 
Phase: 146 158 164 -168 166 167 -170 166 170 -171 169 168 171 168 168 167 170 166 168 168 172 168 167 172 170 167 170 170 172 172 168 170 169 170 170 170 169 170 170 173 170 169 173 170 172 -174 169 171 172 173 173 172 169 170 169 170 173 170 173 172 169 170 170 172 169 170 167 171 173 174 171 173 -171 170 171 * * * * * * * * * * * * * * * * * * * * * * * * * 

5.1: 75 Count:   8.1 (  4.7) A:   4.9 (  0.1) B:  10.0 (  0.1) Phase: 175 (1) 
5.2: 75 Count:   7.8 (  4.5) A:   5.1 (  0.1) B:   9.8 (  0.1) Phase: 174 (0) 
5.3: 75 Count:   7.8 (  4.5) A:   5.2 (  0.1) B:   9.6 (  0.1) Phase: 174 (0) 
5.4: 75 Count:   7.6 (  4.4) A:   5.3 (  0.0) B:   9.8 (  0.1) Phase: 174 (0) 
5.5: 75 Count:   7.8 (  4.5) A:   5.3 (  0.1) B:   9.8 (  0.1) Phase: 170 (1) 
5.6: 75 Count:   7.9 (  4.6) A:   5.3 (  0.1) B:   9.8 (  0.1) Phase: 169 (1) 
5.7: 75 Count:   7.8 (  4.5) A:   5.5 (  0.1) B:   9.7 (  0.1) Phase: 171 (0) 
5.8: 75 Count:   7.8 (  4.5) A:   5.7 (  0.1) B:   9.7 (  0.1) Phase: 171 (0) 
5.9: 75 Count:   8.1 (  4.7) A:   5.8 (  0.1) B:   9.6 (  0.1) Phase: 172 (0) 
6.0: 75 Count:   8.6 (  5.0) A:   5.7 (  0.1) B:   9.6 (  0.1) Phase: 172 (0) 
6.1: 75 Count:   9.2 (  5.4) A:   5.5 (  0.1) B:   9.5 (  0.1) Phase: 170 (1) 
Count:  12.6  12.6  12.6  12.5  12.4  12.4  12.4  12.4  12.2  12.4  12.3  12.4  12.4  12.3  12.4  12.3  12.3  12.3  12.4  12.5  12.3  12.5  12.4  12.2  12.3  12.3  12.2  12.3  12.3  12.3  12.1  12.3  12.1  12.3  12.1  12.1  12.5  12.3  12.3  12.3  12.1  12.5  12.3  12.3  12.3  12.2  12.5  12.2  12.3  12.2  12.3  12.0  12.6  12.3  12.3  12.2  12.2  12.4  12.1  12.2  12.3  12.1  12.3  12.2  12.2  12.1  12.3  12.2  12.2  12.2  12.3  12.1  12.2  12.3  12.2   0.0   0.0   0.0   0.0   0.0   0.0   0.0   0.0   0.0   0.0   0.0   0.0   0.0   0.0   0.0   0.0   0.0   0.0   0.0   0.0   0.0   0.0   0.0   0.0   0.0 

6.2: 75 Count:   9.4 (  5.5) A:   5.4 (  0.1) B:   9.2 (  0.1) Phase: 170 (1) 
Count:  13.0  12.9  12.9  12.7  12.8  12.7  12.6  12.6  12.7  12.6  12.6  12.7  12.7  12.6  12.7  12.7  12.6  12.4  12.6  12.7  12.6  12.6  12.7  12.5  12.6  12.5  12.5  12.6  12.5  12.5  12.3  12.5  12.3  12.4  12.5  12.4  12.7  12.6  12.4  12.6  12.5  12.7  12.5  12.6  12.7  12.4  12.6  12.5  12.6  12.3  12.5  12.3  12.7  12.6  12.4  12.5  12.4  12.6  12.3  12.5  12.4  12.3  12.4  12.5  12.4  12.3  12.5  12.3  12.5  12.4  12.4  12.4  12.3  12.5  12.4   0.0   0.0   0.0   0.0   0.0   0.0   0.0   0.0   0.0   0.0   0.0   0.0   0.0   0.0   0.0   0.0   0.0   0.0   0.0   0.0   0.0   0.0   0.0   0.0   0.0 

6.3: 75 Count:   9.3 (  5.4) A:   5.1 (  0.0) B:   8.5 (  0.1) Phase: 171 (0) 
Count:  12.5  12.6  12.5  12.5  12.5  12.4  12.5  12.5  12.5  12.5  12.4  12.6  12.4  12.4  12.5  12.5  12.5  12.3  12.5  12.5  12.5  12.6  12.6  12.3  12.5  12.5  12.4  12.5  12.5  12.4  12.3  12.5  12.3  12.3  12.5  12.2  12.6  12.6  12.4  12.5  12.4  12.8  12.4  12.5  12.5  12.4  12.6  12.5  12.5  12.4  12.5  12.2  12.8  12.6  12.4  12.5  12.4  12.6  12.4  12.5  12.4  12.3  12.3  12.4  12.5  12.3  12.5  12.3  12.4  12.4  12.4  12.4  12.4  12.3  12.5   0.0   0.0   0.0   0.0   0.0   0.0   0.0   0.0   0.0   0.0   0.0   0.0   0.0   0.0   0.0   0.0   0.0   0.0   0.0   0.0   0.0   0.0   0.0   0.0   0.0 

6.4: 75 Count:   9.5 (  5.5) A:   4.6 (  0.0) B:   7.3 (  0.1) Phase: 171 (0) 
Count:  12.7  12.7  12.7  12.6  12.5  12.5  12.7  12.6  12.7  12.7  12.7  12.7  12.7  12.6  12.5  12.7  12.6  12.6  12.7  12.9  12.7  12.7  12.7  12.5  12.7  12.7  12.6  12.7  12.7  12.7  12.6  12.8  12.4  12.6  12.6  12.5  12.8  12.7  12.7  12.8  12.7  13.0  12.7  12.7  12.7  12.7  12.8  12.8  12.8  12.7  12.7  12.6  12.9  12.7  12.5  12.7  12.6  12.8  12.7  12.8  12.7  12.6  12.6  12.7  12.5  12.5  12.7  12.5  12.6  12.6  12.7  12.6  12.6  12.5  12.7   0.0   0.0   0.0   0.0   0.0   0.0   0.0   0.0   0.0   0.0   0.0   0.0   0.0   0.0   0.0   0.0   0.0   0.0   0.0   0.0   0.0   0.0   0.0   0.0   0.0 

6.5: 75 Count:   9.4 (  5.5) A:   4.0 (  0.0) B:   6.3 (  0.1) Phase: 170 (0) 
Count:  12.7  12.6  12.5  12.5  12.5  12.5  12.7  12.5  12.6  12.6  12.6  12.6  12.7  12.5  12.4  12.6  12.4  12.4  12.6  12.7  12.7  12.6  12.5  12.5  12.7  12.6  12.5  12.6  12.6  12.6  12.5  12.7  12.3  12.5  12.5  12.4  12.8  12.7  12.5  12.7  12.6  13.0  12.4  12.6  12.6  12.6  12.6  12.7  12.8  12.5  12.7  12.4  12.7  12.6  12.4  12.6  12.6  12.7  12.6  12.7  12.6  12.4  12.6  12.6  12.5  12.4  12.6  12.4  12.5  12.6  12.7  12.6  12.5  12.4  12.6   0.0   0.0   0.0   0.0   0.0   0.0   0.0   0.0   0.0   0.0   0.0   0.0   0.0   0.0   0.0   0.0   0.0   0.0   0.0   0.0   0.0   0.0   0.0   0.0   0.0 

6.6: 75 Count:   8.7 (  5.1) A:   3.3 (  0.0) B:   5.7 (  0.1) Phase: 169 (0) 
Count:  11.5  11.7  11.5  11.7  11.5  11.5  11.8  11.5  11.4  11.6  11.5  11.7  11.8  11.7  11.4  11.7  11.6  11.4  11.7  11.8  11.8  11.6  11.5  11.4  11.7  11.6  11.4  11.4  11.7  11.7  11.6  11.8  11.2  11.4  11.5  11.6  11.8  11.7  11.5  11.6  11.5  12.0  11.7  11.4  11.6  11.7  11.8  11.8  11.7  11.6  11.7  11.5  11.9  11.7  11.5  11.7  11.5  11.8  11.7  11.8  11.5  11.3  11.3  11.7  11.6  11.2  11.5  11.4  11.7  11.3  11.6  11.6  11.4  11.5  11.6   0.0   0.0   0.0   0.0   0.0   0.0   0.0   0.0   0.0   0.0   0.0   0.0   0.0   0.0   0.0   0.0   0.0   0.0   0.0   0.0   0.0   0.0   0.0   0.0   0.0 

6.7: 75 Count:   6.1 (  3.6) A:   3.1 (  0.0) B:   5.6 (  0.1) Phase: 166 (2) 
6.8: 75 Count:   4.6 (  2.7) A:   3.3 (  0.1) B:   5.7 (  0.1) Phase: 167 (2) 
6.9: 75 Count:   4.9 (  2.9) A:   3.2 (  0.1) B:   5.2 (  0.1) Phase: 168 (1) 
7.0: 75 Count:   8.6 (  5.0) A:   2.8 (  0.0) B:   4.1 (  0.1) Phase: 172 (0) 
7.1: 75 Count:  10.5 (  6.1) A:   2.9 (  0.0) B:   4.5 (  0.0) Phase: 171 (0) 
Count:  14.0  14.0  13.8  14.1  13.8  13.7  14.1  13.9  13.9  13.9  13.9  13.9  13.9  13.8  13.8  14.0  13.9  13.9  14.1  14.1  13.8  14.0  13.8  13.9  14.1  13.7  14.0  14.1  14.2  14.2  14.0  14.0  13.7  14.1  14.1  13.7  14.1  14.2  14.0  14.1  14.0  14.2  14.0  14.0  14.2  14.1  14.2  14.3  14.3  14.2  14.1  13.9  14.4  14.0  14.0  14.2  14.0  14.2  14.1  14.0  13.9  13.9  13.9  14.1  13.9  13.9  13.9  14.1  14.2  14.1  14.0  14.2  14.0  13.9  14.1   0.0   0.0   0.0   0.0   0.0   0.0   0.0   0.0   0.0   0.0   0.0   0.0   0.0   0.0   0.0   0.0   0.0   0.0   0.0   0.0   0.0   0.0   0.0   0.0   0.0 

7.2: 75 Count:  10.6 (  6.2) A:   3.3 (  0.0) B:   5.4 (  0.1) Phase: 171 (0) 
Count:  14.1  14.0  14.3  14.1  13.9  13.9  14.2  13.8  13.9  14.1  13.9  14.0  14.1  14.3  13.8  14.0  14.2  14.2  14.4  14.1  14.3  13.9  14.0  14.2  14.2  13.9  14.1  14.2  14.2  14.3  14.2  14.0  14.0  14.1  14.1  14.1  14.1  14.3  14.2  14.3  14.3  14.2  14.3  14.1  14.1  14.2  14.4  14.4  14.2  14.3  14.1  14.1  14.3  14.0  14.1  14.0  14.1  14.2  14.2  14.1  13.9  14.1  14.2  14.0  14.2  13.9  14.0  14.5  14.4  14.1  14.2  14.4  13.9  14.1  14.5   0.0   0.0   0.0   0.0   0.0   0.0   0.0   0.0   0.0   0.0   0.0   0.0   0.0   0.0   0.0   0.0   0.0   0.0   0.0   0.0   0.0   0.0   0.0   0.0   0.0 

7.3: 75 Count:  11.0 (  6.4) A:   3.7 (  0.0) B:   6.2 (  0.1) Phase: 171 (1) 
Count:  14.5  14.5  14.6  14.6  14.5  14.4  14.8  14.6  14.6  14.6  14.4  14.6  14.6  14.9  14.2  14.5  14.6  14.5  14.8  14.8  14.7  14.5  14.4  14.7  14.5  14.5  14.6  14.8  14.7  14.6  14.7  14.5  14.4  14.6  14.8  14.5  14.5  14.5  14.6  14.5  14.6  14.3  14.8  14.8  14.7  14.6  14.8  14.7  14.5  14.6  14.7  14.5  14.8  14.6  14.6  14.4  14.5  14.6  14.5  14.6  14.7  14.4  14.7  14.6  14.8  14.4  14.5  14.7  14.7  14.7  14.7  14.9  14.5  14.5  14.9   0.0   0.0   0.0   0.0   0.0   0.0   0.0   0.0   0.0   0.0   0.0   0.0   0.0   0.0   0.0   0.0   0.0   0.0   0.0   0.0   0.0   0.0   0.0   0.0   0.0 

7.4: 75 Count:  11.2 (  6.5) A:   4.0 (  0.0) B:   6.5 (  0.1) Phase: 172 (0) 
Count:  14.8  14.7  15.0  14.9  14.8  14.7  15.1  14.9  14.9  15.1  14.8  15.0  15.0  15.0  14.7  14.8  15.1  14.9  15.2  15.0  15.1  14.9  14.8  14.9  15.0  14.7  15.1  15.3  15.0  15.0  15.0  14.8  14.9  15.1  15.2  14.8  15.0  15.2  14.8  15.0  14.8  15.0  15.2  15.2  15.0  14.9  15.1  15.1  15.0  15.1  15.1  14.8  15.2  15.0  15.1  14.8  15.1  15.1  14.9  15.1  14.9  15.1  15.0  15.0  15.1  14.7  15.0  15.1  15.1  15.0  15.1  15.1  14.8  15.0  15.2   0.0   0.0   0.0   0.0   0.0   0.0   0.0   0.0   0.0   0.0   0.0   0.0   0.0   0.0   0.0   0.0   0.0   0.0   0.0   0.0   0.0   0.0   0.0   0.0   0.0 

7.5: 75 Count:  11.8 (  6.8) A:   4.4 (  0.0) B:   6.6 (  0.0) Phase: 172 (0) 
Count:  15.4  15.5  15.5  15.7  15.6  15.5  15.6  15.6  15.5  15.6  15.5  15.7  15.8  15.7  15.6  15.6  15.6  15.6  16.0  15.6  15.6  15.6  15.5  15.7  15.9  15.6  15.7  15.9  15.7  15.6  15.7  15.7  15.6  15.8  15.9  15.5  15.8  15.8  15.4  15.8  15.8  15.8  15.9  15.8  15.8  15.7  15.8  15.9  15.7  15.8  15.7  15.7  16.0  15.7  16.0  15.7  15.9  15.7  15.7  15.6  15.6  15.7  15.8  15.9  15.8  15.5  15.5  15.7  15.6  15.5  15.6  15.9  15.6  15.7  15.9   0.0   0.0   0.0   0.0   0.0   0.0   0.0   0.0   0.0   0.0   0.0   0.0   0.0   0.0   0.0   0.0   0.0   0.0   0.0   0.0   0.0   0.0   0.0   0.0   0.0 

7.6: 75 Count:  12.4 (  7.2) A:   4.6 (  0.0) B:   6.7 (  0.0) Phase: 172 (0) 
Count:  16.2  16.4  16.5  16.6  16.5  16.3  16.5  16.4  16.4  16.5  16.4  16.5  16.6  16.5  16.5  16.7  16.5  16.4  16.6  16.3  16.5  16.4  16.4  16.4  16.9  16.6  16.5  16.5  16.6  16.4  16.4  16.6  16.3  16.6  16.6  16.3  16.7  16.7  16.2  16.4  16.6  16.5  16.6  16.7  16.6  16.5  16.7  16.6  16.2  16.4  16.6  16.6  17.0  16.6  16.7  16.7  16.6  16.4  16.3  16.4  16.5  16.5  16.5  16.7  16.8  16.3  16.4  16.4  16.7  16.3  16.5  16.5  16.4  16.5  16.6   0.0   0.0   0.0   0.0   0.0   0.0   0.0   0.0   0.0   0.0   0.0   0.0   0.0   0.0   0.0   0.0   0.0   0.0   0.0   0.0   0.0   0.0   0.0   0.0   0.0 

7.7: 75 Count:  12.1 (  7.0) A:   5.0 (  0.0) B:   7.3 (  0.0) Phase: 172 (0) 
Count:  15.8  16.0  16.1  15.9  16.0  16.0  16.1  16.0  16.0  16.0  15.9  16.2  15.9  16.1  16.0  16.3  16.1  15.9  16.3  15.9  16.1  16.1  16.0  16.2  16.4  16.0  16.1  16.2  16.3  16.1  16.1  16.1  16.0  16.3  16.2  16.0  16.2  16.2  15.8  16.1  16.1  16.1  16.1  16.2  16.3  16.2  16.2  16.3  16.0  16.2  16.1  16.2  16.5  16.1  16.3  16.2  16.2  16.0  16.0  16.1  16.0  16.0  16.1  16.3  16.2  15.9  16.1  16.1  16.0  16.1  16.1  16.1  16.1  16.2  16.2   0.0   0.0   0.0   0.0   0.0   0.0   0.0   0.0   0.0   0.0   0.0   0.0   0.0   0.0   0.0   0.0   0.0   0.0   0.0   0.0   0.0   0.0   0.0   0.0   0.0 

7.8: 75 Count:  11.5 (  6.7) A:   5.4 (  0.0) B:   8.2 (  0.1) Phase: 171 (0) 
Count:  15.2  15.0  15.3  15.1  15.4  15.1  15.3  15.3  15.2  15.4  15.2  15.4  15.3  15.4  15.3  15.6  15.2  15.0  15.5  15.2  15.3  15.3  15.4  15.2  15.6  15.2  15.4  15.3  15.3  15.5  15.5  15.3  15.3  15.5  15.5  15.2  15.4  15.5  15.3  15.3  15.3  15.4  15.3  15.4  15.4  15.5  15.5  15.6  15.3  15.1  15.3  15.4  15.5  15.3  15.3  15.5  15.5  15.3  15.4  15.3  15.2  15.2  15.4  15.4  15.5  15.2  15.4  15.4  15.4  15.2  15.4  15.3  15.2  15.4  15.4   0.0   0.0   0.0   0.0   0.0   0.0   0.0   0.0   0.0   0.0   0.0   0.0   0.0   0.0   0.0   0.0   0.0   0.0   0.0   0.0   0.0   0.0   0.0   0.0   0.0 

7.9: 75 Count:  11.3 (  6.5) A:   5.8 (  0.0) B:   8.9 (  0.1) Phase: 171 (0) 
Count:  14.9  15.0  14.8  14.8  15.0  14.9  15.0  14.6  14.9  15.1  14.9  15.1  14.8  15.1  15.0  15.2  15.0  14.8  15.3  14.8  15.1  15.1  15.0  15.1  15.3  14.8  15.0  15.1  15.1  15.1  15.1  15.1  15.0  15.2  15.2  14.9  15.0  15.2  14.9  14.9  15.0  14.9  14.9  15.2  15.0  15.2  15.3  15.1  14.9  14.9  15.1  15.1  15.4  15.0  15.0  15.0  15.2  15.0  15.0  15.0  15.0  15.0  15.0  15.0  15.2  14.7  15.2  15.1  15.0  15.0  15.2  15.1  15.0  15.1  15.0   0.0   0.0   0.0   0.0   0.0   0.0   0.0   0.0   0.0   0.0   0.0   0.0   0.0   0.0   0.0   0.0   0.0   0.0   0.0   0.0   0.0   0.0   0.0   0.0   0.0 

8.0: 75 Count:  11.2 (  6.5) A:   6.1 (  0.0) B:   9.2 (  0.1) Phase: 171 (0) 
Count:  14.7  14.8  14.8  14.6  14.6  14.6  14.9  14.7  14.7  14.8  14.7  14.9  14.7  14.9  14.7  15.0  15.0  14.6  15.1  14.7  14.8  14.9  14.9  14.7  15.1  14.8  15.0  15.0  15.0  15.2  15.0  14.9  15.0  14.9  15.1  14.7  14.8  15.0  14.8  14.8  14.8  14.7  14.9  14.9  14.8  15.0  15.2  14.9  15.0  14.8  15.0  14.9  15.2  14.9  14.8  14.9  14.9  14.9  15.0  14.7  14.8  15.0  15.0  14.8  15.1  14.7  15.0  15.0  15.0  14.9  14.9  15.0  15.1  15.0  14.8   0.0   0.0   0.0   0.0   0.0   0.0   0.0   0.0   0.0   0.0   0.0   0.0   0.0   0.0   0.0   0.0   0.0   0.0   0.0   0.0   0.0   0.0   0.0   0.0   0.0 

8.1: 75 Count:  11.4 (  6.6) A:   6.3 (  0.0) B:   9.1 (  0.1) Phase: 172 (0) 
Count:  15.1  15.1  15.0  14.8  15.2  15.0  15.2  15.2  15.1  15.2  14.9  15.3  15.3  15.3  15.0  15.2  15.2  15.2  15.5  15.1  15.2  15.2  15.3  15.3  15.4  15.2  15.3  15.3  15.3  15.4  15.3  15.1  15.2  15.2  15.4  15.0  15.3  15.4  15.2  15.2  15.2  15.2  15.4  15.3  15.3  15.4  15.4  15.4  15.2  15.2  15.4  15.3  15.5  15.3  15.3  15.3  15.4  15.3  15.4  15.3  15.2  15.0  15.4  15.4  15.5  15.1  15.2  15.4  15.3  15.2  15.3  15.4  15.4  15.3  15.4   0.0   0.0   0.0   0.0   0.0   0.0   0.0   0.0   0.0   0.0   0.0   0.0   0.0   0.0   0.0   0.0   0.0   0.0   0.0   0.0   0.0   0.0   0.0   0.0   0.0 

8.2: 75 Count:  11.9 (  6.9) A:   6.4 (  0.1) B:   9.1 (  0.1) Phase: 172 (0) 
Count:  15.6  15.8  15.9  15.6  15.8  15.8  15.9  15.7  15.8  15.7  15.7  15.8  15.9  15.8  15.7  15.9  16.0  15.6  16.0  15.7  15.8  15.6  15.9  16.0  16.1  15.9  15.8  16.0  15.8  15.9  15.8  15.8  15.8  15.9  15.9  15.8  15.8  15.9  15.6  15.7  15.7  15.9  15.8  16.1  16.0  16.1  15.9  16.0  15.8  15.7  16.0  15.8  16.2  15.9  16.0  15.9  15.9  15.7  15.9  15.8  15.8  15.7  15.9  15.9  15.9  15.7  15.8  15.9  15.8  15.7  15.8  15.9  15.9  15.8  15.8   0.0   0.0   0.0   0.0   0.0   0.0   0.0   0.0   0.0   0.0   0.0   0.0   0.0   0.0   0.0   0.0   0.0   0.0   0.0   0.0   0.0   0.0   0.0   0.0   0.0 

8.3: 75 Count:  11.3 (  6.6) A:   6.8 (  0.1) B:   9.8 (  0.1) Phase: 172 (0) 
Count:  14.7  14.9  15.0  14.9  15.0  15.0  15.0  14.9  15.0  14.8  14.8  15.2  15.1  15.1  15.0  15.2  14.9  14.8  15.3  15.1  15.1  15.0  15.0  15.1  15.2  15.0  15.0  15.1  15.3  15.2  15.1  15.0  15.0  15.3  15.1  14.8  15.2  15.3  14.9  15.1  15.0  15.1  15.3  15.1  15.1  15.3  15.2  15.4  15.1  15.1  15.1  15.1  15.5  15.2  15.2  15.1  15.3  15.2  15.3  15.3  14.9  14.8  15.0  15.4  15.3  14.9  15.0  15.3  15.1  15.0  15.0  15.2  15.1  15.0  15.0   0.0   0.0   0.0   0.0   0.0   0.0   0.0   0.0   0.0   0.0   0.0   0.0   0.0   0.0   0.0   0.0   0.0   0.0   0.0   0.0   0.0   0.0   0.0   0.0   0.0 

8.4: 75 Count:  10.8 (  6.3) A:   7.3 (  0.1) B:  10.6 (  0.1) Phase: 172 (0) 
Count:  14.1  14.3  14.3  14.3  14.5  14.1  14.3  14.3  14.6  14.4  14.3  14.3  14.6  14.3  14.3  14.4  14.3  14.0  14.7  14.6  14.6  14.4  14.4  14.5  14.7  14.4  14.4  14.6  14.8  14.7  14.4  14.4  14.4  14.5  14.4  14.4  14.5  14.7  14.4  14.5  14.3  14.6  14.5  14.3  14.5  14.4  14.4  14.8  14.4  14.5  14.4  14.3  14.8  14.5  14.7  14.4  14.6  14.6  14.7  14.7  14.4  14.3  14.4  14.5  14.4  14.4  14.3  14.7  14.6  14.4  14.5  14.3  14.4  14.3  14.4   0.0   0.0   0.0   0.0   0.0   0.0   0.0   0.0   0.0   0.0   0.0   0.0   0.0   0.0   0.0   0.0   0.0   0.0   0.0   0.0   0.0   0.0   0.0   0.0   0.0 

8.5: 75 Count:  10.8 (  6.2) A:   7.4 (  0.1) B:  10.9 (  0.1) Phase: 172 (0) 
Count:  14.1  14.1  14.2  14.1  14.3  14.1  14.4  14.3  14.3  14.3  14.2  14.3  14.5  14.2  14.1  14.2  14.2  14.1  14.5  14.4  14.3  14.3  14.3  14.4  14.6  14.2  14.2  14.5  14.7  14.6  14.4  14.4  14.2  14.5  14.4  14.3  14.4  14.4  14.3  14.4  14.3  14.2  14.4  14.3  14.3  14.4  14.4  14.6  14.3  14.4  14.3  14.2  14.7  14.4  14.4  14.4  14.5  14.5  14.5  14.6  14.2  14.2  14.3  14.5  14.4  14.3  14.3  14.5  14.5  14.4  14.5  14.3  14.3  14.2  14.2   0.0   0.0   0.0   0.0   0.0   0.0   0.0   0.0   0.0   0.0   0.0   0.0   0.0   0.0   0.0   0.0   0.0   0.0   0.0   0.0   0.0   0.0   0.0   0.0   0.0 

8.6: 75 Count:  10.8 (  6.3) A:   7.5 (  0.1) B:  10.9 (  0.1) Phase: 171 (0) 
Count:  14.2  14.3  14.1  14.2  14.2  14.2  14.2  14.3  14.4  14.6  14.4  14.3  14.4  14.4  14.2  14.4  14.3  14.2  14.7  14.5  14.4  14.5  14.4  14.4  14.6  14.3  14.3  14.6  14.5  14.8  14.6  14.4  14.3  14.5  14.5  14.4  14.5  14.6  14.1  14.5  14.4  14.2  14.5  14.4  14.3  14.4  14.5  14.6  14.5  14.5  14.5  14.2  14.7  14.3  14.4  14.3  14.5  14.8  14.6  14.5  14.5  14.3  14.5  14.5  14.4  14.1  14.3  14.6  14.6  14.5  14.5  14.2  14.4  14.1  14.4   0.0   0.0   0.0   0.0   0.0   0.0   0.0   0.0   0.0   0.0   0.0   0.0   0.0   0.0   0.0   0.0   0.0   0.0   0.0   0.0   0.0   0.0   0.0   0.0   0.0 

8.7: 75 Count:  11.2 (  6.5) A:   7.4 (  0.1) B:  10.5 (  0.1) Phase: 172 (0) 
Count:  14.6  14.8  14.6  14.8  14.9  14.6  14.9  14.9  15.0  14.9  14.8  15.0  14.9  14.9  14.8  15.0  14.9  14.8  15.3  14.9  15.0  14.8  14.9  15.0  15.1  14.7  15.1  15.2  15.1  15.2  15.0  14.9  14.9  15.0  14.9  15.0  15.2  15.1  14.8  15.2  14.9  14.9  15.1  15.1  15.0  15.0  15.1  15.1  14.8  14.8  15.1  14.7  15.4  15.2  14.9  14.9  15.0  15.2  15.0  15.1  14.8  15.0  15.1  14.9  14.8  14.7  15.0  15.2  15.0  15.0  15.0  15.0  14.9  14.9  15.0   0.0   0.0   0.0   0.0   0.0   0.0   0.0   0.0   0.0   0.0   0.0   0.0   0.0   0.0   0.0   0.0   0.0   0.0   0.0   0.0   0.0   0.0   0.0   0.0   0.0 

8.8: 75 Count:  11.6 (  6.7) A:   7.3 (  0.1) B:  10.1 (  0.1) Phase: 172 (0) 
Count:  15.2  15.4  15.3  15.3  15.3  15.4  15.4  15.5  15.3  15.5  15.3  15.5  15.5  15.5  15.4  15.5  15.4  15.3  15.6  15.4  15.5  15.2  15.5  15.6  15.8  15.3  15.5  15.6  15.6  15.6  15.4  15.4  15.4  15.6  15.4  15.4  15.5  15.7  15.2  15.5  15.1  15.4  15.7  15.5  15.5  15.6  15.5  15.4  15.4  15.4  15.6  15.3  15.9  15.5  15.4  15.5  15.5  15.6  15.5  15.5  15.3  15.2  15.6  15.6  15.5  15.1  15.4  15.6  15.5  15.4  15.6  15.5  15.5  15.5  15.4   0.0   0.0   0.0   0.0   0.0   0.0   0.0   0.0   0.0   0.0   0.0   0.0   0.0   0.0   0.0   0.0   0.0   0.0   0.0   0.0   0.0   0.0   0.0   0.0   0.0 

8.9: 75 Count:  11.1 (  6.4) A:   7.5 (  0.1) B:  10.6 (  0.1) Phase: 172 (0) 
Count:  14.4  14.6  14.5  14.6  14.5  14.5  14.6  14.8  14.7  14.8  14.7  14.8  14.9  14.6  14.5  14.7  14.6  14.5  15.0  14.6  14.8  14.8  14.7  14.7  14.9  14.6  14.8  14.8  14.9  15.0  14.7  14.7  14.6  14.8  14.8  14.5  14.8  15.0  14.6  14.9  14.6  14.8  14.9  14.7  14.7  14.8  14.8  14.9  14.6  14.7  14.9  14.5  15.2  14.7  14.7  14.8  14.7  14.8  15.0  15.0  14.6  14.7  14.9  14.8  14.8  14.5  14.9  15.1  15.0  14.7  14.9  14.7  14.8  14.9  14.7   0.0   0.0   0.0   0.0   0.0   0.0   0.0   0.0   0.0   0.0   0.0   0.0   0.0   0.0   0.0   0.0   0.0   0.0   0.0   0.0   0.0   0.0   0.0   0.0   0.0 

9.0: 75 Count:  10.8 (  6.3) A:   7.6 (  0.1) B:  10.9 (  0.1) Phase: 172 (0) 
Count:  14.1  14.2  14.4  14.3  14.1  14.1  14.3  14.3  14.2  14.4  14.4  14.5  14.2  14.3  14.2  14.3  14.4  14.2  14.6  14.3  14.5  14.5  14.3  14.3  14.5  14.2  14.4  14.6  14.5  14.6  14.5  14.3  14.2  14.4  14.4  14.3  14.4  14.7  14.3  14.5  14.2  14.6  14.4  14.3  14.3  14.4  14.5  14.4  14.4  14.4  14.6  14.2  14.8  14.5  14.4  14.4  14.5  14.6  14.6  14.7  14.4  14.2  14.3  14.4  14.4  14.1  14.5  14.6  14.6  14.4  14.5  14.2  14.3  14.3  14.2   0.0   0.0   0.0   0.0   0.0   0.0   0.0   0.0   0.0   0.0   0.0   0.0   0.0   0.0   0.0   0.0   0.0   0.0   0.0   0.0   0.0   0.0   0.0   0.0   0.0 

9.1: 75 Count:  10.8 (  6.3) A:   7.6 (  0.1) B:  10.8 (  0.1) Phase: 171 (1) 
Count:  14.2  14.2  14.2  14.2  14.2  14.2  14.4  14.3  14.2  14.4  14.4  14.6  14.2  14.5  14.3  14.5  14.3  14.0  14.6  14.3  14.6  14.4  14.4  14.3  14.5  14.2  14.4  14.6  14.7  14.7  14.6  14.5  14.3  14.5  14.3  14.4  14.5  14.6  14.4  14.6  14.2  14.5  14.5  14.4  14.2  14.5  14.5  14.5  14.4  14.4  14.8  14.3  14.9  14.5  14.4  14.6  14.5  14.4  14.6  14.7  14.4  14.4  14.4  14.5  14.3  14.3  14.3  14.6  14.4  14.5  14.6  14.3  14.5  14.3  14.2   0.0   0.0   0.0   0.0   0.0   0.0   0.0   0.0   0.0   0.0   0.0   0.0   0.0   0.0   0.0   0.0   0.0   0.0   0.0   0.0   0.0   0.0   0.0   0.0   0.0 

9.2: 75 Count:  11.0 (  6.4) A:   7.4 (  0.1) B:  10.5 (  0.1) Phase: 171 (0) 
Count:  14.4  14.5  14.5  14.4  14.3  14.3  14.4  14.3  14.5  14.7  14.6  14.7  14.7  14.7  14.6  14.5  14.3  14.2  14.8  14.5  14.7  14.8  14.8  14.4  14.7  14.4  14.4  14.7  14.9  15.0  14.8  14.8  14.5  14.8  14.7  14.5  14.6  14.7  14.6  14.7  14.4  14.8  14.6  14.7  14.5  14.7  14.8  14.8  14.7  14.7  14.9  14.5  15.1  14.6  14.4  14.7  14.6  14.8  14.9  14.8  14.7  14.5  14.4  14.6  14.6  14.4  14.6  14.9  14.6  14.7  14.8  14.3  14.7  14.5  14.5   0.0   0.0   0.0   0.0   0.0   0.0   0.0   0.0   0.0   0.0   0.0   0.0   0.0   0.0   0.0   0.0   0.0   0.0   0.0   0.0   0.0   0.0   0.0   0.0   0.0 

9.3: 75 Count:  11.6 (  6.7) A:   7.1 (  0.1) B:   9.8 (  0.1) Phase: 172 (0) 
Count:  15.1  15.2  15.2  15.3  15.2  15.4  15.3  15.3  15.2  15.4  15.4  15.6  15.6  15.5  15.3  15.6  15.3  15.3  15.6  15.5  15.6  15.5  15.4  15.4  15.6  15.5  15.5  15.4  15.6  15.6  15.6  15.7  15.3  15.5  15.5  15.3  15.6  15.6  15.3  15.5  15.3  15.5  15.6  15.5  15.6  15.7  15.6  15.6  15.6  15.5  15.6  15.4  15.9  15.6  15.5  15.5  15.5  15.7  15.6  15.5  15.4  15.3  15.6  15.6  15.4  15.4  15.6  15.5  15.6  15.6  15.6  15.5  15.7  15.5  15.6   0.0   0.0   0.0   0.0   0.0   0.0   0.0   0.0   0.0   0.0   0.0   0.0   0.0   0.0   0.0   0.0   0.0   0.0   0.0   0.0   0.0   0.0   0.0   0.0   0.0 

9.4: 75 Count:  12.3 (  7.1) A:   6.9 (  0.1) B:   9.3 (  0.1) Phase: 172 (0) 
Count:  15.9  16.1  16.2  16.2  16.3  16.4  16.4  16.3  16.1  16.3  16.1  16.4  16.3  16.4  16.4  16.4  16.3  16.0  16.5  16.5  16.4  16.3  16.2  16.3  16.5  16.5  16.4  16.2  16.5  16.7  16.5  16.6  16.0  16.4  16.3  16.2  16.5  16.5  16.2  16.4  16.3  16.6  16.5  16.5  16.5  16.4  16.6  16.4  16.4  16.2  16.3  16.2  16.7  16.4  16.4  16.4  16.3  16.5  16.4  16.3  16.2  16.2  16.4  16.6  16.4  16.1  16.2  16.2  16.4  16.3  16.4  16.5  16.6  16.2  16.3   0.0   0.0   0.0   0.0   0.0   0.0   0.0   0.0   0.0   0.0   0.0   0.0   0.0   0.0   0.0   0.0   0.0   0.0   0.0   0.0   0.0   0.0   0.0   0.0   0.0 

9.5: 75 Count:  11.9 (  6.9) A:   7.1 (  0.1) B:   9.8 (  0.1) Phase: 172 (0) 
Count:  15.6  15.4  15.6  15.6  15.5  15.7  15.8  15.7  15.8  16.1  15.8  16.0  15.9  15.7  15.9  16.0  16.0  15.7  16.1  16.1  16.2  15.8  16.0  15.6  15.8  16.0  15.9  15.9  16.2  16.2  16.0  16.0  15.5  16.1  15.8  15.8  15.9  16.0  15.8  16.0  15.9  16.4  15.9  16.0  15.9  16.0  16.2  16.0  16.2  16.0  16.0  15.9  16.2  15.7  15.8  16.0  16.0  16.3  16.0  16.1  15.9  15.9  16.1  16.0  15.8  15.7  16.0  15.9  16.2  16.2  16.1  16.1  16.0  15.8  16.0   0.0   0.0   0.0   0.0   0.0   0.0   0.0   0.0   0.0   0.0   0.0   0.0   0.0   0.0   0.0   0.0   0.0   0.0   0.0   0.0   0.0   0.0   0.0   0.0   0.0 

9.6: 75 Count:  12.0 (  6.9) A:   7.3 (  0.1) B:  10.1 (  0.1) Phase: 172 (0) 
Count:  15.7  15.5  15.5  15.7  15.7  15.8  15.8  15.9  15.8  16.1  15.9  16.0  15.8  15.6  16.1  15.8  15.8  15.7  16.2  16.1  16.2  15.9  15.8  15.6  15.8  16.0  15.8  15.8  16.2  16.3  15.9  16.0  15.7  16.0  15.9  15.7  16.1  16.1  15.9  16.2  15.9  16.4  15.9  16.1  16.1  15.9  16.4  16.1  16.3  16.2  16.0  16.0  16.1  16.1  15.8  16.1  16.1  16.1  16.0  16.2  16.0  15.9  15.8  15.9  15.8  15.7  16.0  16.0  16.3  16.2  15.9  16.2  16.2  15.9  16.0   0.0   0.0   0.0   0.0   0.0   0.0   0.0   0.0   0.0   0.0   0.0   0.0   0.0   0.0   0.0   0.0   0.0   0.0   0.0   0.0   0.0   0.0   0.0   0.0   0.0 

9.7: 75 Count:  12.2 (  7.1) A:   7.4 (  0.1) B:  10.3 (  0.1) Phase: 172 (0) 
Count:  16.0  15.8  15.9  16.1  15.9  16.1  16.3  16.2  16.2  16.4  16.2  16.5  16.3  16.2  16.3  16.2  16.3  16.1  16.4  16.4  16.5  16.2  16.2  16.0  16.2  16.2  16.1  16.1  16.5  16.6  16.1  16.4  15.9  16.4  16.3  16.2  16.4  16.4  16.4  16.4  16.4  16.7  16.4  16.4  16.4  16.3  16.3  16.4  16.6  16.5  16.3  16.4  16.5  16.3  16.3  16.4  16.4  16.6  16.3  16.4  16.3  16.2  16.3  16.1  16.3  16.0  16.3  16.2  16.4  16.4  16.3  16.5  16.6  16.3  16.5   0.0   0.0   0.0   0.0   0.0   0.0   0.0   0.0   0.0   0.0   0.0   0.0   0.0   0.0   0.0   0.0   0.0   0.0   0.0   0.0   0.0   0.0   0.0   0.0   0.0 

9.8: 75 Count:  12.6 (  7.3) A:   7.4 (  0.1) B:  10.2 (  0.1) Phase: 172 (0) 
Count:  16.4  16.4  16.2  16.6  16.3  16.7  16.8  16.8  16.5  16.7  16.8  16.9  16.6  16.4  16.6  16.7  16.7  16.4  16.9  16.9  16.8  16.6  16.7  16.6  16.5  16.8  16.5  16.5  16.9  17.1  16.8  16.9  16.3  16.8  16.8  16.5  16.8  16.8  16.6  16.9  17.0  17.2  16.8  16.8  16.9  16.8  16.7  16.8  16.9  16.7  16.8  16.8  17.1  16.9  16.7  16.8  16.7  17.0  16.8  16.8  16.7  16.6  16.9  16.7  16.7  16.6  16.7  16.7  16.9  16.8  16.9  16.9  17.1  16.9  17.0   0.0   0.0   0.0   0.0   0.0   0.0   0.0   0.0   0.0   0.0   0.0   0.0   0.0   0.0   0.0   0.0   0.0   0.0   0.0   0.0   0.0   0.0   0.0   0.0   0.0 

9.9: 75 Count:  13.2 (  7.7) A:   7.3 (  0.1) B:   9.9 (  0.1) Phase: 172 (0) 
Count:  17.1  17.2  17.3  17.4  17.5  17.8  17.7  17.6  17.4  17.6  17.8  17.6  17.5  17.5  17.6  17.7  17.6  17.4  17.5  17.6  17.7  17.5  17.5  17.4  17.6  17.8  17.6  17.3  17.8  17.8  17.7  17.7  17.2  17.8  17.8  17.7  17.6  17.6  17.6  17.9  17.6  17.9  17.7  17.7  17.6  17.7  17.6  17.6  17.7  17.6  17.6  17.6  17.9  17.7  17.6  17.5  17.8  17.7  17.5  17.6  17.6  17.4  17.7  17.7  17.5  17.4  17.6  17.4  17.7  17.6  17.5  17.5  17.7  17.7  17.8   0.0   0.0   0.0   0.0   0.0   0.0   0.0   0.0   0.0   0.0   0.0   0.0   0.0   0.0   0.0   0.0   0.0   0.0   0.0   0.0   0.0   0.0   0.0   0.0   0.0 

10.0: 75 Count:  13.3 (  7.7) A:   7.4 (  0.1) B:   9.8 (  0.1) Phase: 172 (0) 
Count:  17.3  17.4  17.6  17.5  17.5  17.8  17.8  17.6  17.6  17.6  17.8  17.8  17.7  17.6  17.7  17.8  17.7  17.5  17.8  17.7  17.7  17.5  17.7  17.5  17.8  17.8  17.6  17.4  17.9  17.9  17.7  17.9  17.5  17.9  17.9  17.9  17.5  17.8  17.6  17.8  17.8  18.0  17.7  17.8  17.7  17.7  17.8  17.8  17.8  17.8  17.8  17.8  18.1  17.9  17.7  17.8  17.8  17.7  17.7  17.7  17.7  17.6  17.8  18.0  17.6  17.5  17.6  17.5  17.9  17.9  17.7  17.8  17.8  17.7  17.9   0.0   0.0   0.0   0.0   0.0   0.0   0.0   0.0   0.0   0.0   0.0   0.0   0.0   0.0   0.0   0.0   0.0   0.0   0.0   0.0   0.0   0.0   0.0   0.0   0.0 

10.1: 75 Count:  12.5 (  7.2) A:   7.7 (  0.1) B:  10.4 (  0.1) Phase: 172 (0) 
Count:  16.2  16.2  16.1  16.3  16.2  16.5  16.6  16.6  16.6  16.6  16.6  16.8  16.6  16.5  16.5  16.5  16.4  16.4  16.8  16.5  16.8  16.4  16.4  16.2  16.6  16.8  16.5  16.5  16.9  17.0  16.7  16.7  16.4  16.8  16.8  16.7  16.6  16.6  16.6  16.7  16.7  17.0  16.6  16.5  16.7  16.5  16.6  16.9  16.8  16.7  16.7  16.5  16.9  16.7  16.5  16.5  16.8  17.0  16.7  16.6  16.7  16.5  16.7  16.8  16.6  16.5  16.6  16.5  16.8  16.5  16.7  16.5  16.9  16.5  16.9   0.0   0.0   0.0   0.0   0.0   0.0   0.0   0.0   0.0   0.0   0.0   0.0   0.0   0.0   0.0   0.0   0.0   0.0   0.0   0.0   0.0   0.0   0.0   0.0   0.0 

10.2: 75 Count:  12.0 (  7.0) A:   7.8 (  0.1) B:  10.6 (  0.1) Phase: 171 (1) 
Count:  15.5  15.7  15.7  15.8  15.6  15.8  15.8  16.0  16.0  16.0  16.0  16.2  15.8  15.9  15.7  15.9  15.8  15.8  16.2  15.8  16.2  16.0  15.9  15.6  16.0  15.9  16.0  15.9  16.3  16.2  16.1  16.0  15.8  16.4  16.1  15.8  15.9  16.0  16.1  16.3  16.2  16.4  15.9  16.0  15.9  16.0  16.0  16.1  16.2  16.1  16.2  16.0  16.3  16.0  16.1  16.2  16.2  16.3  16.0  16.1  16.1  16.0  16.2  16.1  16.1  15.8  16.1  15.9  16.3  16.0  16.1  15.9  16.1  16.0  16.2   0.0   0.0   0.0   0.0   0.0   0.0   0.0   0.0   0.0   0.0   0.0   0.0   0.0   0.0   0.0   0.0   0.0   0.0   0.0   0.0   0.0   0.0   0.0   0.0   0.0 

10.3: 75 Count:  11.8 (  6.8) A:   7.8 (  0.1) B:  10.5 (  0.1) Phase: 171 (1) 
Count:  15.1  15.3  15.4  15.3  15.4  15.4  15.4  15.5  15.5  15.7  15.6  15.8  15.6  15.5  15.5  15.6  15.5  15.4  15.7  15.7  15.7  15.7  15.5  15.3  15.5  15.7  15.5  15.7  15.9  15.7  16.1  15.9  15.5  15.8  15.7  15.6  15.7  15.7  15.8  15.8  15.7  15.9  15.7  15.7  15.7  15.7  15.7  15.8  16.0  15.8  15.9  15.7  15.9  15.7  15.7  15.8  15.8  16.0  15.8  16.0  15.7  15.6  15.7  15.8  15.6  15.4  15.9  15.6  16.1  15.7  15.8  15.7  15.7  15.8  15.6   0.0   0.0   0.0   0.0   0.0   0.0   0.0   0.0   0.0   0.0   0.0   0.0   0.0   0.0   0.0   0.0   0.0   0.0   0.0   0.0   0.0   0.0   0.0   0.0   0.0 

10.4: 75 Count:  11.6 (  6.7) A:   7.6 (  0.1) B:  10.1 (  0.1) Phase: 171 (1) 
Count:  15.0  14.9  15.2  15.1  15.3  15.1  15.1  15.2  15.4  15.4  15.6  15.4  15.3  15.1  15.3  15.6  15.3  15.2  15.4  15.5  15.7  15.6  15.6  15.1  15.1  15.3  15.5  15.4  15.8  15.7  15.7  15.5  15.3  15.6  15.4  15.2  15.5  15.6  15.7  15.7  15.6  15.7  15.5  15.3  15.5  15.5  15.5  15.5  15.8  15.4  15.7  15.3  15.7  15.3  15.4  15.6  15.6  15.6  15.5  15.6  15.5  15.4  15.5  15.6  15.4  15.4  15.7  15.7  15.8  15.6  15.7  15.4  15.5  15.6  15.5   0.0   0.0   0.0   0.0   0.0   0.0   0.0   0.0   0.0   0.0   0.0   0.0   0.0   0.0   0.0   0.0   0.0   0.0   0.0   0.0   0.0   0.0   0.0   0.0   0.0 

10.5: 75 Count:  12.0 (  7.0) A:   7.0 (  0.1) B:   9.2 (  0.1) Phase: 173 (0) 
Count:  15.6  15.7  15.9  15.8  15.7  15.8  16.0  15.8  15.9  16.1  16.0  16.0  15.9  15.7  15.9  16.2  16.0  15.7  16.0  16.1  16.1  16.0  16.1  15.7  15.7  15.9  15.9  15.9  16.4  16.3  16.1  16.3  15.8  16.0  15.9  15.8  16.1  16.1  16.1  16.2  16.1  16.3  16.0  16.0  16.0  16.0  15.9  16.1  16.0  16.0  16.2  15.9  16.1  15.9  15.8  16.1  16.2  16.2  16.2  16.1  16.2  15.7  16.0  16.1  16.0  15.8  16.2  16.1  16.3  16.1  16.1  16.0  16.1  16.2  16.1   0.0   0.0   0.0   0.0   0.0   0.0   0.0   0.0   0.0   0.0   0.0   0.0   0.0   0.0   0.0   0.0   0.0   0.0   0.0   0.0   0.0   0.0   0.0   0.0   0.0 

10.6: 75 Count:  11.8 (  6.8) A:   6.7 (  0.1) B:   8.8 (  0.1) Phase: 173 (0) 
Count:  15.4  15.4  15.4  15.4  15.5  15.4  15.5  15.7  15.7  15.7  15.7  15.8  15.6  15.5  15.6  15.7  15.6  15.4  15.6  15.8  15.9  15.8  15.7  15.4  15.5  15.7  15.4  15.6  16.0  15.9  15.7  15.8  15.5  15.8  15.7  15.4  15.5  15.7  15.8  15.8  15.8  16.0  15.7  15.5  15.7  15.7  15.8  15.7  15.9  15.8  16.0  15.5  15.8  15.5  15.6  15.7  15.7  15.8  15.9  15.8  15.8  15.6  15.5  15.5  15.7  15.4  15.8  15.7  15.8  15.8  15.9  15.6  15.7  15.7  15.8   0.0   0.0   0.0   0.0   0.0   0.0   0.0   0.0   0.0   0.0   0.0   0.0   0.0   0.0   0.0   0.0   0.0   0.0   0.0   0.0   0.0   0.0   0.0   0.0   0.0 

10.7: 75 Count:  10.9 (  6.3) A:   6.6 (  0.1) B:   8.8 (  0.1) Phase: 172 (1) 
Count:  14.2  14.4  14.4  14.3  14.4  14.1  14.3  14.5  14.6  14.7  14.6  14.6  14.7  14.4  14.4  14.4  14.4  14.3  14.4  14.6  14.9  14.7  14.7  14.3  14.2  14.6  14.4  14.5  14.9  14.8  14.7  14.7  14.3  14.5  14.5  14.2  14.7  14.7  14.7  14.9  14.9  15.0  14.7  14.6  14.4  14.6  14.7  14.8  14.8  14.8  15.0  14.4  14.7  14.5  14.5  14.6  14.7  14.9  14.8  14.7  14.8  14.5  14.6  14.6  14.6  14.2  14.7  14.5  15.0  14.9  14.6  14.6  14.6  14.7  14.6   0.0   0.0   0.0   0.0   0.0   0.0   0.0   0.0   0.0   0.0   0.0   0.0   0.0   0.0   0.0   0.0   0.0   0.0   0.0   0.0   0.0   0.0   0.0   0.0   0.0 

10.8: 75 Count:  10.8 (  6.3) A:   6.2 (  0.1) B:   8.3 (  0.1) Phase: 172 (1) 
Count:  14.2  14.2  14.4  14.1  14.2  14.3  14.2  14.4  14.4  14.5  14.4  14.5  14.4  14.3  14.0  14.4  14.2  14.2  14.2  14.4  14.7  14.5  14.7  14.1  14.2  14.4  14.3  14.4  14.7  14.7  14.3  14.6  13.9  14.2  14.5  14.1  14.5  14.7  14.4  14.6  14.5  14.9  14.3  14.4  14.2  14.4  14.4  14.5  14.7  14.6  14.6  14.2  14.5  14.3  14.3  14.5  14.5  14.6  14.5  14.5  14.5  14.3  14.3  14.4  14.3  14.1  14.3  14.4  14.8  14.6  14.5  14.4  14.4  14.3  14.5   0.0   0.0   0.0   0.0   0.0   0.0   0.0   0.0   0.0   0.0   0.0   0.0   0.0   0.0   0.0   0.0   0.0   0.0   0.0   0.0   0.0   0.0   0.0   0.0   0.0 

10.9: 75 Count:  10.9 (  6.3) A:   5.7 (  0.0) B:   7.7 (  0.1) Phase: 172 (1) 
Count:  14.3  14.3  14.5  14.3  14.2  14.2  14.5  14.5  14.3  14.4  14.4  14.4  14.4  14.3  14.2  14.5  14.4  14.2  14.5  14.5  14.7  14.5  14.5  14.3  14.4  14.4  14.2  14.4  14.8  14.7  14.5  14.4  14.2  14.5  14.5  14.4  14.6  14.7  14.6  14.7  14.7  15.0  14.2  14.4  14.3  14.5  14.5  14.5  14.7  14.7  14.7  14.4  14.7  14.3  14.4  14.5  14.4  14.6  14.6  14.5  14.5  14.5  14.4  14.6  14.4  14.1  14.5  14.4  15.0  14.6  14.5  14.4  14.6  14.3  14.6   0.0   0.0   0.0   0.0   0.0   0.0   0.0   0.0   0.0   0.0   0.0   0.0   0.0   0.0   0.0   0.0   0.0   0.0   0.0   0.0   0.0   0.0   0.0   0.0   0.0 

11.0: 75 Count:  11.2 (  6.5) A:   5.2 (  0.0) B:   7.0 (  0.1) Phase: 173 (0) 
Count:  14.6  14.4  14.7  14.7  14.5  14.6  14.8  14.8  14.8  15.0  14.9  14.9  14.9  15.0  14.5  14.9  14.8  14.6  15.1  15.0  14.9  14.9  15.0  14.7  14.7  15.0  14.7  15.0  15.2  15.1  14.9  14.9  14.5  14.8  14.9  14.7  14.8  15.1  15.0  15.1  15.1  15.4  14.7  14.9  14.6  14.9  15.3  14.9  15.1  15.3  15.2  14.9  15.1  14.9  14.6  15.0  14.8  14.9  15.0  15.2  15.0  14.8  14.8  14.9  14.9  14.7  14.8  14.7  15.3  15.0  15.0  14.9  14.9  14.9  14.9   0.0   0.0   0.0   0.0   0.0   0.0   0.0   0.0   0.0   0.0   0.0   0.0   0.0   0.0   0.0   0.0   0.0   0.0   0.0   0.0   0.0   0.0   0.0   0.0   0.0 

11.1: 75 Count:  12.2 (  7.1) A:   4.6 (  0.0) B:   6.0 (  0.0) Phase: 174 (0) 
Count:  16.0  15.9  16.3  16.1  16.1  16.2  16.5  16.4  16.3  16.4  16.2  16.2  16.3  16.4  16.1  16.1  16.0  16.1  16.4  16.3  16.2  16.3  16.3  16.1  16.3  16.3  16.0  16.1  16.5  16.2  16.3  16.3  15.7  16.2  16.1  16.3  16.2  16.4  16.3  16.3  16.4  16.7  16.2  16.2  16.0  16.4  16.5  16.2  16.3  16.6  16.2  16.3  16.4  16.2  16.0  16.1  16.2  16.3  16.3  16.5  16.4  16.0  16.2  16.3  16.5  16.2  16.4  16.1  16.6  16.4  16.3  16.2  16.2  16.1  16.5   0.0   0.0   0.0   0.0   0.0   0.0   0.0   0.0   0.0   0.0   0.0   0.0   0.0   0.0   0.0   0.0   0.0   0.0   0.0   0.0   0.0   0.0   0.0   0.0   0.0 

11.2: 75 Count:  12.2 (  7.1) A:   4.3 (  0.0) B:   5.7 (  0.0) Phase: 174 (0) 
Count:  15.8  15.8  16.2  16.2  16.0  16.1  16.2  16.4  16.1  16.3  16.1  16.2  16.3  16.3  16.1  16.1  16.1  15.9  16.3  16.3  16.4  16.2  16.2  16.0  16.1  16.2  16.0  16.1  16.5  16.0  16.3  16.2  15.9  16.1  16.2  16.3  16.3  16.4  16.3  16.3  16.5  16.9  16.0  16.2  15.9  16.3  16.5  16.2  16.2  16.4  16.2  16.2  16.4  16.5  16.1  16.2  16.3  16.3  16.3  16.2  16.3  16.2  16.1  16.0  16.2  16.1  16.2  16.0  16.5  16.4  16.4  16.2  16.1  16.2  16.3   0.0   0.0   0.0   0.0   0.0   0.0   0.0   0.0   0.0   0.0   0.0   0.0   0.0   0.0   0.0   0.0   0.0   0.0   0.0   0.0   0.0   0.0   0.0   0.0   0.0 

11.3: 75 Count:  11.5 (  6.7) A:   4.1 (  0.0) B:   5.6 (  0.0) Phase: 173 (1) 
Count:  14.8  15.1  15.3  15.0  15.1  15.4  15.5  15.4  15.2  15.3  15.2  15.4  15.4  15.3  15.1  15.3  15.0  15.1  15.3  15.4  15.3  15.2  15.1  15.3  15.3  15.4  15.1  15.1  15.5  15.4  15.5  15.5  15.0  15.1  15.4  15.2  15.3  15.5  15.5  15.5  15.5  15.9  15.2  15.2  15.1  15.5  15.5  15.6  15.5  15.6  15.5  15.4  15.4  15.4  15.3  15.3  15.5  15.4  15.4  15.4  15.5  15.5  15.2  15.3  15.4  15.3  15.3  15.1  15.6  15.5  15.6  15.4  15.4  15.3  15.6   0.0   0.0   0.0   0.0   0.0   0.0   0.0   0.0   0.0   0.0   0.0   0.0   0.0   0.0   0.0   0.0   0.0   0.0   0.0   0.0   0.0   0.0   0.0   0.0   0.0 

11.4: 75 Count:  11.3 (  6.6) A:   3.8 (  0.0) B:   5.4 (  0.0) Phase: 173 (1) 
Count:  14.7  14.8  15.0  14.8  14.9  15.0  15.1  15.1  15.0  15.0  15.1  15.2  14.9  15.2  15.0  15.0  14.9  14.7  14.9  15.0  15.1  15.1  15.0  15.0  15.0  15.0  14.8  14.8  15.3  15.0  15.1  15.3  14.8  15.0  15.3  15.0  15.1  15.2  15.1  15.1  15.3  15.6  14.8  15.0  14.8  15.3  15.1  15.1  15.2  15.2  15.0  15.0  15.1  15.1  15.1  15.1  15.0  15.0  15.4  15.0  15.3  15.1  15.0  15.1  15.2  14.9  15.0  14.7  15.2  15.1  15.3  15.2  15.0  15.1  15.4   0.0   0.0   0.0   0.0   0.0   0.0   0.0   0.0   0.0   0.0   0.0   0.0   0.0   0.0   0.0   0.0   0.0   0.0   0.0   0.0   0.0   0.0   0.0   0.0   0.0 

11.5: 75 Count:  11.2 (  6.5) A:   3.5 (  0.0) B:   4.9 (  0.0) Phase: 173 (1) 
Count:  14.5  14.6  14.9  14.6  14.8  14.8  15.0  15.0  14.9  14.7  14.9  14.9  15.0  15.1  14.8  14.8  14.7  14.6  15.0  14.8  15.1  14.9  14.8  14.9  14.9  15.0  14.6  14.7  15.2  15.0  14.9  15.2  14.5  14.9  15.2  14.9  14.9  15.0  15.0  15.0  15.3  15.6  14.8  14.9  14.7  15.2  15.1  15.0  14.9  15.2  15.2  15.0  15.1  15.2  14.9  15.2  14.9  14.9  15.1  14.9  14.9  14.9  15.0  14.8  14.9  14.8  15.0  14.6  15.2  15.0  15.0  15.2  14.8  15.1  15.3   0.0   0.0   0.0   0.0   0.0   0.0   0.0   0.0   0.0   0.0   0.0   0.0   0.0   0.0   0.0   0.0   0.0   0.0   0.0   0.0   0.0   0.0   0.0   0.0   0.0 

11.6: 75 Count:  11.4 (  6.6) A:   3.2 (  0.0) B:   4.3 (  0.0) Phase: 173 (1) 
Count:  14.7  14.8  15.1  15.0  15.0  15.2  15.3  15.1  15.0  15.1  15.3  15.1  15.2  15.4  15.1  15.1  15.1  15.0  15.2  15.0  15.2  15.1  15.1  15.0  15.3  15.4  14.9  15.1  15.5  15.3  15.3  15.5  14.9  15.3  15.4  15.1  15.5  15.4  15.3  15.2  15.4  15.7  15.3  15.1  15.1  15.3  15.6  15.4  15.3  15.4  15.3  15.2  15.4  15.5  15.2  15.5  15.4  15.3  15.4  15.1  15.3  15.2  15.2  15.2  15.0  14.9  15.3  14.9  15.4  15.2  15.5  15.3  15.4  15.1  15.6   0.0   0.0   0.0   0.0   0.0   0.0   0.0   0.0   0.0   0.0   0.0   0.0   0.0   0.0   0.0   0.0   0.0   0.0   0.0   0.0   0.0   0.0   0.0   0.0   0.0 

11.7: 75 Count:  11.7 (  6.8) A:   2.9 (  0.1) B:   3.9 (  0.0) Phase: 174 (0) 
Count:  15.2  15.3  15.7  15.7  15.4  15.7  15.9  15.5  15.5  15.5  15.6  15.4  15.6  15.7  15.4  15.6  15.4  15.3  15.4  15.5  15.7  15.5  15.6  15.4  15.7  15.9  15.3  15.6  15.8  15.5  15.6  15.9  15.1  15.6  16.0  15.6  15.8  15.7  15.6  15.6  15.7  16.1  15.5  15.5  15.6  15.9  15.9  15.8  15.6  15.6  15.4  15.6  15.6  15.6  15.7  15.7  15.7  15.5  15.5  15.4  15.8  15.5  15.7  15.9  15.5  15.4  15.9  15.2  15.8  15.7  16.0  15.4  15.6  15.7  15.7   0.0   0.0   0.0   0.0   0.0   0.0   0.0   0.0   0.0   0.0   0.0   0.0   0.0   0.0   0.0   0.0   0.0   0.0   0.0   0.0   0.0   0.0   0.0   0.0   0.0 

11.8: 75 Count:  10.7 (  6.2) A:   2.8 (  0.1) B:   3.8 (  0.0) Phase: 173 (1) 
Count:  13.6  13.7  13.9  13.9  13.8  14.1  14.2  14.0  13.8  14.1  14.0  13.9  14.4  14.1  13.8  14.0  14.0  13.7  14.3  13.9  14.2  13.9  14.0  13.8  13.9  14.2  14.1  13.9  14.2  14.0  14.0  14.5  13.4  14.0  14.3  13.9  14.2  14.3  14.0  13.9  14.4  14.8  14.1  14.0  14.0  14.0  14.4  14.3  14.2  14.4  14.2  14.2  14.0  14.1  14.3  14.4  14.4  14.3  14.3  14.4  14.9  14.5  14.6  17.0  15.1  14.5  15.4  14.4  14.8  14.5  14.9  14.5  14.4  15.2  14.8   0.0   0.0   0.0   0.0   0.0   0.0   0.0   0.0   0.0   0.0   0.0   0.0   0.0   0.0   0.0   0.0   0.0   0.0   0.0   0.0   0.0   0.0   0.0   0.0   0.0 

11.9: 75 Count:   9.1 (  5.4) A:   2.8 (  0.1) B:   4.0 (  0.1) Phase: 173 (1) 
Count:  10.8  11.0  11.2  11.2  11.1  11.6  12.0  11.7  11.5  11.5  11.5  11.5  11.8  11.5  11.2  11.3  11.4  11.4  11.9  11.7  11.9  11.6  11.6  11.3  11.8  11.7  11.3  11.3  11.7  11.4  11.4  11.8  10.8  11.1  11.7  11.5  11.7  11.8  11.4  11.4  11.7  12.3  11.6  11.6  11.6  11.6  11.8  12.1  12.1  12.6  12.2  12.3  11.9  12.3  12.1  12.1  12.6  12.5  12.5  12.2  13.8  13.4  13.4  19.3  14.7  13.9  14.9  13.3  13.5  12.9  13.5  12.8  13.1  15.4  14.4   0.0   0.0   0.0   0.0   0.0   0.0   0.0   0.0   0.0   0.0   0.0   0.0   0.0   0.0   0.0   0.0   0.0   0.0   0.0   0.0   0.0   0.0   0.0   0.0   0.0 

12.0: 75 Count:   8.2 (  5.0) A:   2.6 (  0.1) B:   4.1 (  0.1) Phase: 173 (1) 
12.1: 75 Count:   7.2 (  4.4) A:   2.6 (  0.1) B:   3.9 (  0.1) Phase: 172 (1) 
12.2: 75 Count:   6.6 (  3.9) A:   2.4 (  0.1) B:   3.5 (  0.0) Phase: 173 (1) 
12.3: 75 Count:   6.0 (  3.5) A:   2.3 (  0.0) B:   3.2 (  0.0) Phase: 173 (1) 
12.4: 75 Count:   4.5 (  2.6) A:   2.3 (  0.0) B:   3.3 (  0.0) Phase: 171 (1) 
12.5: 75 Count:   3.3 (  1.9) A:   2.3 (  0.0) B:   3.6 (  0.0) Phase: 168 (2) 
12.6: 75 Count:   2.6 (  1.5) A:   2.2 (  0.0) B:   3.7 (  0.1) Phase: 167 (2) 
12.7: 75 Count:   2.3 (  1.3) A:   2.2 (  0.0) B:   3.4 (  0.1) Phase: 164 (2) 
12.8: 75 Count:   2.2 (  1.3) A:   2.1 (  0.0) B:   3.0 (  0.0) Phase: 167 (1) 
12.9: 75 Count:   2.0 (  1.2) A:   2.1 (  0.0) B:   2.7 (  0.0) Phase: 167 (1) 
13.0: 75 Count:   1.4 (  0.8) A:   2.1 (  0.0) B:   2.9 (  0.0) Phase: 162 (2) 
13.1: 75 Count:   1.0 (  0.6) A:   2.1 (  0.0) B:   3.2 (  0.1) Phase: 154 (4) 
13.2: 75 Count:   0.7 (  0.4) A:   2.2 (  0.0) B:   3.4 (  0.1) Phase: 158 (4) 
13.3: 75 Count:   0.7 (  0.4) A:   2.2 (  0.0) B:   3.1 (  0.1) Phase: 156 (4) 
13.4: 75 Count:   0.7 (  0.4) A:   2.2 (  0.0) B:   2.7 (  0.1) Phase: 163 (2) 
13.5: 75 Count:   0.7 (  0.4) A:   2.2 (  0.0) B:   2.5 (  0.1) Phase: 162 (1) 
13.6: 75 Count:   0.7 (  0.4) A:   2.2 (  0.1) B:   2.7 (  0.1) Phase: 152 (3) 
13.7: 75 Count:   0.6 (  0.5) A:   2.2 (  0.1) B:   3.1 (  0.1) Phase: 143 (5) 
13.8: 75 Count:   0.6 (  0.5) A:   2.2 (  0.1) B:   3.2 (  0.1) Phase: 148 (6) 
Phase: 156 147 152 147 145 153 163 153 148 163 160 156 150 149 147 146 148 154 144 151 141 152 148 150 156 154 154 155 148 149 152 151 155 147 150 152 149 145 141 144 141 147 139 149 142 143 138 140 149 149 154 149 160 159 157 155 151 148 148 147 144 144 141 139 143 142 135 142 142 150 150 144 139 142 137 * * * * * * * * * * * * * * * * * * * * * * * * * 

13.9: 75 Count:   0.6 (  0.5) A:   2.2 (  0.1) B:   2.8 (  0.1) Phase: 149 (6) 
Phase: 159 148 164 152 148 153 156 157 153 156 155 153 159 153 147 152 150 159 146 159 144 150 156 151 152 152 157 153 150 151 150 154 153 147 148 146 146 142 141 139 141 144 137 143 144 141 140 148 152 154 156 155 156 154 153 162 153 149 150 152 144 142 140 138 139 143 134 143 144 150 148 150 143 143 143 * * * * * * * * * * * * * * * * * * * * * * * * * 

14.0: 75 Count:   0.4 (  0.3) A:   2.2 (  0.1) B:   2.4 (  0.1) Phase: 159 (5) 
14.1: 75 Count:   0.3 (  0.2) A:   2.2 (  0.1) B:   2.3 (  0.1) Phase: 163 (3) 
14.2: 75 Count:   0.2 (  0.1) A:   2.1 (  0.1) B:   2.6 (  0.1) Phase: 157 (6) 
Phase: 162 150 151 163 154 164 162 160 154 166 150 157 154 156 150 160 166 155 160 157 165 165 165 145 168 160 153 162 168 161 153 151 149 156 155 161 156 157 154 153 152 161 157 156 147 149 156 152 163 158 166 156 158 163 161 169 151 148 158 148 148 156 146 154 159 157 161 153 156 158 154 157 157 162 157 * * * * * * * * * * * * * * * * * * * * * * * * * 

14.3: 75 Count:   0.1 (  0.1) A:   2.1 (  0.1) B:   3.1 (  0.2) Phase: 158 (9) 
Phase: 177 154 158 169 148 150 166 160 143 161 157 154 156 169 147 143 159 170 144 159 148 151 171 156 157 161 154 172 153 144 150 154 150 154 157 171 160 152 145 156 159 167 149 169 162 140 177 163 171 161 166 164 161 167 160 162 155 144 150 146 146 168 165 148 164 157 164 157 176 171 157 146 164 156 161 * * * * * * * * * * * * * * * * * * * * * * * * * 

14.4: 75 Count:   0.1 (  0.0) A:   2.1 (  0.1) B:   3.0 (  0.2) Phase: 161 (10) 
Phase: 174 154 161 159 144 143 155 156 156 172 158 167 165 166 139 154 168 172 151 162 149 166 150 154 161 167 153 172 166 153 156 142 172 161 146 -167 163 163 152 167 159 168 156 169 154 152 179 156 166 159 158 154 177 169 171 162 153 158 155 171 178 166 162 158 166 171 164 158 147 159 167 151 163 -174 159 * * * * * * * * * * * * * * * * * * * * * * * * * 

14.5: 75 Count:   0.1 (  0.0) A:   2.1 (  0.1) B:   2.6 (  0.2) Phase: 164 (9) 
Phase: 170 147 174 169 172 141 171 168 156 170 172 170 156 156 168 -174 165 167 137 169 142 174 158 168 161 162 153 166 164 168 167 171 168 177 153 177 160 167 168 157 161 -176 158 156 169 163 -179 161 157 165 165 168 175 167 161 168 147 173 169 156 168 167 155 173 165 164 166 169 166 167 174 145 176 167 148 * * * * * * * * * * * * * * * * * * * * * * * * * 

14.6: 75 Count:   0.1 (  0.0) A:   2.1 (  0.1) B:   2.2 (  0.1) Phase: 171 (5) 
14.7: 75 Count:   0.1 (  0.0) A:   2.0 (  0.1) B:   2.2 (  0.1) Phase: 171 (5) 
14.8: 75 Count:   0.0 (  0.0) A:   2.0 (  0.1) B:   2.5 (  0.2) Phase: 164 (12) 
Phase: 160 153 179 158 159 177 158 178 163 179 148 -171 168 158 129 -180 136 175 157 175 178 158 -174 174 -179 167 160 175 156 163 176 154 148 167 156 160 -180 165 164 167 -165 162 172 151 -180 169 164 168 175 148 166 -179 174 159 161 176 162 171 167 168 135 155 160 155 150 174 169 142 160 153 159 169 166 166 142 * * * * * * * * * * * * * * * * * * * * * * * * * 

14.9: 74 Count:   0.0 (  0.0) A:   2.0 (  0.1) B:   2.9 (  0.4) Phase: 165 (18) 
Phase: 142 176 166 -166 -167 176 152 177 159 163 160 171 157 168 142 177 140 165 131 -153 169 -180 -160 147 -172 165 157 * -166 160 153 138 131 166 165 161 164 -173 159 169 -178 170 160 153 160 171 -163 166 176 147 141 176 166 158 139 153 159 165 157 175 132 145 157 174 -152 -159 167 147 156 158 157 172 161 -164 149 * * * * * * * * * * * * * * * * * * * * * * * * * 

15.0: 74 Count:   0.0 (  0.0) A:   2.0 (  0.1) B:   2.7 (  0.4) Phase: 164 (20) 
Phase: -175 158 170 147 170 147 147 171 174 176 162 173 167 157 138 * -164 -167 178 172 171 178 178 153 170 166 159 168 166 169 176 126 -180 146 136 157 163 145 168 155 117 171 153 171 162 117 179 166 -171 159 178 132 -180 154 175 -167 168 165 133 152 149 136 -179 -175 -170 -166 157 164 162 176 -139 178 165 90 165 * * * * * * * * * * * * * * * * * * * * * * * * * 

15.1: 75 Count:   0.0 (  0.0) A:   2.1 (  0.1) B:   2.3 (  0.2) Phase: 167 (11) 
Phase: 176 150 -174 164 177 157 157 169 -180 168 -177 173 151 171 163 167 -177 162 173 -180 170 176 168 147 -180 159 177 167 179 166 166 154 172 171 160 173 166 160 153 167 173 -173 154 148 171 167 -172 176 -179 155 179 147 -177 174 153 170 177 172 145 155 166 167 159 161 168 161 170 179 148 170 164 159 167 154 159 * * * * * * * * * * * * * * * * * * * * * * * * * 

15.2: 75 Count:   0.1 (  0.0) A:   2.1 (  0.1) B:   2.0 (  0.1) Phase: 174 (4) 
15.3: 75 Count:   0.0 (  0.0) A:   2.0 (  0.1) B:   2.1 (  0.1) Phase: 175 (6) 
Phase: 174 165 177 -180 178 174 171 167 -180 -180 170 164 174 160 171 177 164 179 178 -180 -177 -179 160 -170 179 -173 176 -173 -179 177 177 -177 -180 177 175 171 -174 164 174 165 175 177 -176 -173 168 172 173 173 -179 174 -179 177 -178 176 169 159 176 173 177 176 173 175 176 176 -178 175 165 173 171 173 177 171 172 -177 178 * * * * * * * * * * * * * * * * * * * * * * * * * 

15.4: 75 Count:   0.0 (  0.0) A:   2.1 (  0.1) B:   2.4 (  0.3) Phase: 172 (17) 
Phase: -175 153 167 159 169 150 -180 161 169 172 162 -157 173 141 159 -151 -166 171 177 166 -170 179 138 179 162 177 -172 -180 150 171 161 -167 -177 -180 172 160 179 144 174 158 168 -174 170 162 160 162 172 138 176 173 163 -176 151 174 -180 176 -141 178 179 -117 167 160 177 -180 171 170 172 151 166 173 -173 154 -180 -180 -179 * * * * * * * * * * * * * * * * * * * * * * * * * 

15.5: 73 Count:   0.0 (  0.0) A:   2.0 (  0.1) B:   2.7 (  0.5) Phase: 166 (24) 
Phase: -153 146 163 153 -172 166 166 170 -180 135 -153 -141 168 154 156 145 -158 -169 -176 * 154 -180 123 147 171 170 -162 125 176 149 159 152 -136 158 163 171 167 144 162 162 -162 165 139 -150 157 -169 147 176 127 162 -166 158 177 154 162 127 167 168 117 -153 142 168 174 167 167 156 -156 128 117 -162 152 * -176 169 150 * * * * * * * * * * * * * * * * * * * * * * * * * 

15.6: 71 Count:   0.0 (  0.0) A:   2.0 (  0.1) B:   2.5 (  0.4) Phase: 168 (24) 
Phase: -158 96 148 152 -163 141 158 154 -153 -149 -159 -156 164 174 144 * 157 -180 153 -153 137 * 117 125 170 174 148 149 -174 137 176 158 162 145 175 172 179 112 -180 172 160 -180 153 -174 168 -176 -180 -177 -180 168 -131 139 -172 -179 171 153 169 -180 162 -153 140 -173 162 168 -171 162 166 170 * -153 152 * -180 153 -168 * * * * * * * * * * * * * * * * * * * * * * * * * 

15.7: 73 Count:   0.0 (  0.0) A:   2.1 (  0.2) B:   2.2 (  0.3) Phase: 175 (16) 
Phase: -168 172 164 154 -175 151 178 178 -173 171 171 173 168 179 -180 -166 -167 -180 161 -180 145 -180 -153 158 -180 -180 177 -179 -172 166 170 173 -147 147 171 173 -173 172 -168 170 153 167 -162 -153 161 178 150 -169 -175 -174 177 -153 -180 150 176 179 -174 135 144 * -180 -176 -180 -166 -170 173 159 172 -168 -178 153 * -177 172 161 * * * * * * * * * * * * * * * * * * * * * * * * * 

15.8: 75 Count:   0.0 (  0.0) A:   2.0 (  0.1) B:   2.0 (  0.1) Phase: 177 (4) 
15.9: 73 Count:   0.0 (  0.0) A:   2.0 (  0.1) B:   2.1 (  0.2) Phase: 174 (12) 
Phase: 175 172 164 170 166 178 165 -178 -180 179 175 162 -167 165 171 177 153 -180 166 -180 -179 -161 168 156 -167 177 174 -180 -180 167 -180 167 178 -177 175 171 173 174 -180 -153 -180 -179 -179 151 168 154 -180 170 152 159 -180 176 -172 -180 -169 166 172 158 * 169 177 175 155 167 -176 177 -180 174 157 172 176 * 175 -139 172 * * * * * * * * * * * * * * * * * * * * * * * * * 

16.0: 71 Count:   0.0 (  0.0) A:   2.0 (  0.2) B:   2.5 (  0.4) Phase: 162 (21) 
Phase: 159 139 153 147 157 158 154 -180 -180 * 160 161 -172 142 179 177 * 170 -146 172 -172 164 167 132 150 117 163 -153 172 135 165 139 138 153 171 169 * -178 144 156 143 -172 167 132 151 140 135 162 -153 155 -180 157 156 -147 -168 170 172 168 142 -180 170 152 138 170 117 169 168 175 158 -180 115 * -177 159 159 * * * * * * * * * * * * * * * * * * * * * * * * * 

16.1: 70 Count:   0.0 (  0.0) A:   2.0 (  0.1) B:   2.9 (  0.6) Phase: 176 (25) 
Phase: -149 149 161 162 -157 164 159 -159 151 -135 -163 -138 -177 142 -153 145 -180 165 -162 -171 179 155 170 135 -178 144 151 -166 146 172 154 147 -180 * -173 165 160 145 -117 * 171 -180 167 153 156 -171 153 172 * 168 -135 150 -174 -117 171 -166 165 172 169 174 170 * 179 124 * 179 -164 -180 179 -123 -180 -180 164 -148 161 * * * * * * * * * * * * * * * * * * * * * * * * * 

16.2: 74 Count:   0.0 (  0.0) A:   2.1 (  0.2) B:   2.6 (  0.5) Phase: 173 (23) 
Phase: -175 154 -174 150 -180 150 -179 -180 169 -153 -149 -168 -177 161 -173 99 150 175 -178 -171 -171 157 177 130 -175 -153 151 166 168 -170 149 130 153 * 173 172 -167 136 -169 -180 145 165 178 154 -180 175 -169 -177 122 165 -153 -165 -172 -162 175 170 -168 178 -180 179 147 165 159 -175 -148 -180 178 163 -151 -160 117 155 -180 -170 -160 * * * * * * * * * * * * * * * * * * * * * * * * * 

16.3: 75 Count:   0.0 (  0.0) A:   2.1 (  0.1) B:   2.2 (  0.2) Phase: 174 (14) 
Phase: 177 144 174 -170 -168 169 -180 176 164 -179 161 -180 -180 165 171 173 175 164 -173 -177 178 171 -180 126 177 -153 168 -173 -177 177 164 143 -180 165 -180 176 157 -179 -172 174 -180 168 177 165 -179 159 -176 176 164 171 -180 174 -174 -176 179 167 -178 -171 169 153 114 -168 177 -180 -172 172 175 -178 -172 171 157 144 177 177 -174 * * * * * * * * * * * * * * * * * * * * * * * * * 

16.4: 75 Count:   0.0 (  0.0) A:   2.1 (  0.1) B:   2.1 (  0.1) Phase: 176 (4) 
16.5: 75 Count:   0.0 (  0.0) A:   2.1 (  0.1) B:   2.2 (  0.2) Phase: 173 (9) 
Phase: 163 -174 160 174 163 176 -180 163 170 -179 171 163 176 156 169 173 168 156 177 179 174 -180 172 175 -180 -180 176 -180 174 176 174 160 164 174 170 -167 175 165 -174 173 178 177 173 177 167 164 167 -179 -170 168 165 173 -176 176 -175 -180 176 -159 -169 -179 179 -173 -166 165 165 169 168 165 154 172 171 176 174 161 170 * * * * * * * * * * * * * * * * * * * * * * * * * 

16.6: 75 Count:   0.0 (  0.0) A:   2.0 (  0.1) B:   2.6 (  0.3) Phase: 164 (12) 
Phase: 162 -174 155 155 154 162 177 174 173 172 161 159 155 156 146 168 -180 169 157 155 172 144 158 146 179 136 168 131 170 164 168 175 169 169 177 -173 158 156 169 161 160 171 175 171 166 161 177 157 164 165 -173 161 173 -180 157 160 171 147 -176 172 156 170 164 -180 -171 177 153 165 146 160 168 175 158 158 147 * * * * * * * * * * * * * * * * * * * * * * * * * 

16.7: 75 Count:   0.0 (  0.0) A:   2.1 (  0.1) B:   2.7 (  0.3) Phase: 168 (12) 
Phase: 171 -161 176 162 179 165 163 -169 179 155 177 171 172 155 157 160 165 174 160 170 -179 177 171 158 178 163 154 -172 175 165 165 176 163 177 169 162 159 153 168 174 168 162 -178 165 170 159 -171 -177 161 154 157 -175 170 178 158 162 175 138 175 164 138 -174 154 170 179 -173 154 160 148 -172 177 177 156 174 140 * * * * * * * * * * * * * * * * * * * * * * * * * 

16.8: 75 Count:   0.0 (  0.0) A:   2.1 (  0.1) B:   2.6 (  0.2) Phase: 167 (13) 
Phase: -175 147 -175 160 -176 157 152 -170 -173 151 161 -174 161 164 159 173 155 170 178 170 173 172 -179 168 175 175 160 178 166 -174 164 -179 167 166 169 148 -178 164 177 157 176 168 165 171 166 162 175 176 156 147 144 -169 -176 153 150 169 -180 153 161 158 135 169 161 132 159 179 171 160 169 178 169 -175 156 -172 155 * * * * * * * * * * * * * * * * * * * * * * * * * 

16.9: 75 Count:   0.0 (  0.0) A:   2.1 (  0.1) B:   2.3 (  0.2) Phase: 172 (6) 
Phase: -177 164 165 172 174 161 174 171 175 175 179 166 179 168 161 171 176 171 169 173 178 167 172 166 168 172 171 178 175 -180 -178 176 179 166 177 172 167 174 172 175 174 176 179 170 173 166 170 163 174 170 -174 -176 171 175 168 176 175 167 177 168 166 177 155 175 175 172 174 169 178 -180 166 174 -180 178 170 * * * * * * * * * * * * * * * * * * * * * * * * * 

17.0: 75 Count:   0.1 (  0.0) A:   2.1 (  0.1) B:   2.1 (  0.1) Phase: 174 (4) 
17.1: 75 Count:   0.1 (  0.0) A:   2.1 (  0.1) B:   2.3 (  0.1) Phase: 172 (6) 
Phase: 162 162 164 176 161 168 176 -179 177 176 178 -175 177 -180 168 169 178 174 165 175 164 176 174 159 178 168 169 170 169 173 178 165 174 169 160 165 171 -178 171 177 170 170 166 168 179 175 175 177 168 173 176 163 170 170 179 -174 167 174 -180 177 176 176 -176 165 167 177 168 161 174 170 171 169 172 169 -178 * * * * * * * * * * * * * * * * * * * * * * * * * 

17.2: 75 Count:   0.1 (  0.0) A:   2.1 (  0.1) B:   2.7 (  0.2) Phase: 169 (8) 
Phase: 151 173 168 172 149 167 174 -174 162 168 166 179 170 177 169 159 169 175 162 164 169 161 177 -176 170 170 167 167 171 164 162 163 160 160 154 163 179 171 173 170 164 -180 165 179 172 166 165 -177 167 167 -176 170 174 167 -180 160 159 179 172 166 167 173 -178 162 165 -180 156 167 175 164 176 168 164 171 174 * * * * * * * * * * * * * * * * * * * * * * * * * 

17.3: 75 Count:   0.1 (  0.0) A:   2.2 (  0.1) B:   2.7 (  0.2) Phase: 172 (8) 
Phase: 171 171 165 166 162 151 169 167 -177 176 -178 167 175 178 -179 162 174 -178 160 -178 -178 169 173 -180 175 -179 168 176 164 165 -178 167 170 166 159 156 167 159 168 169 152 178 174 168 172 176 -177 -179 169 170 -176 169 175 154 -179 -170 165 173 172 174 168 -180 179 155 178 174 169 175 -178 165 174 169 179 177 -170 * * * * * * * * * * * * * * * * * * * * * * * * * 

17.4: 75 Count:   0.1 (  0.0) A:   2.2 (  0.1) B:   2.5 (  0.2) Phase: 172 (8) 
Phase: -180 176 173 160 163 161 166 -178 -178 -176 176 173 -176 176 178 154 174 165 179 177 169 165 168 174 168 171 -178 153 168 171 171 170 167 163 161 160 164 -179 158 179 178 -175 -179 -178 178 167 171 -177 170 166 -176 178 174 174 -179 174 158 165 179 172 171 170 167 159 176 178 175 169 -180 174 174 176 173 -179 163 * * * * * * * * * * * * * * * * * * * * * * * * * 

17.5: 75 Count:   0.1 (  0.1) A:   2.2 (  0.1) B:   2.2 (  0.1) Phase: 173 (5) 
17.6: 75 Count:   0.1 (  0.1) A:   2.2 (  0.1) B:   2.1 (  0.1) Phase: 175 (3) 
17.7: 75 Count:   0.1 (  0.1) A:   2.2 (  0.1) B:   2.3 (  0.1) Phase: 173 (5) 
17.8: 75 Count:   0.1 (  0.0) A:   2.2 (  0.1) B:   2.6 (  0.2) Phase: 171 (9) 
Phase: 162 156 -171 164 165 -174 -167 154 164 159 165 177 165 167 164 166 166 -174 171 169 176 170 172 177 167 167 174 166 -170 173 160 177 -180 175 166 163 177 -178 178 170 169 178 171 169 166 164 163 162 174 170 156 162 -173 -176 163 160 -178 179 174 171 161 165 -174 168 176 172 -172 176 165 167 170 169 151 170 174 * * * * * * * * * * * * * * * * * * * * * * * * * 

17.9: 75 Count:   0.1 (  0.0) A:   2.1 (  0.1) B:   2.6 (  0.2) Phase: 174 (9) 
Phase: 177 -177 179 174 -156 173 -177 174 163 172 176 165 169 162 176 -179 163 -177 -176 -180 -175 -179 178 172 169 154 -180 179 -167 173 170 -177 172 -168 161 163 162 170 -180 179 -180 178 167 176 165 159 171 164 -173 170 164 172 -170 -177 167 163 176 173 169 168 162 158 167 163 171 -176 -174 -176 163 175 -174 179 160 172 177 * * * * * * * * * * * * * * * * * * * * * * * * * 

18.0: 75 Count:   0.1 (  0.0) A:   2.1 (  0.1) B:   2.4 (  0.2) Phase: 175 (8) 
Phase: 179 173 176 173 -156 172 176 167 158 174 178 172 -179 173 169 178 163 174 -177 165 171 -180 175 -175 165 166 -175 172 -176 171 176 169 167 176 172 -173 171 -177 177 -177 -179 179 171 175 174 179 178 -176 -177 164 164 161 -178 174 172 171 -180 173 171 177 -179 -180 168 161 166 -180 -163 -179 171 176 -177 -177 173 167 -177 * * * * * * * * * * * * * * * * * * * * * * * * * 

18.1: 75 Count:   0.1 (  0.0) A:   2.1 (  0.1) B:   2.1 (  0.1) Phase: 175 (4) 
18.2: 75 Count:   0.1 (  0.0) A:   2.1 (  0.1) B:   2.1 (  0.1) Phase: 175 (4) 
18.3: 75 Count:   0.0 (  0.0) A:   2.1 (  0.1) B:   2.3 (  0.2) Phase: 175 (6) 
Phase: 169 -177 172 -175 177 -177 -176 -172 -176 176 -179 179 175 173 176 176 173 179 174 -179 -178 166 -174 170 -178 166 165 178 171 178 173 170 176 170 179 179 173 177 174 172 167 174 -179 -176 -180 174 163 -180 171 172 173 176 170 -178 173 177 172 178 -180 178 178 164 174 168 171 172 167 -177 170 176 177 168 -175 172 173 * * * * * * * * * * * * * * * * * * * * * * * * * 

18.4: 75 Count:   0.0 (  0.0) A:   2.1 (  0.1) B:   2.6 (  0.2) Phase: 173 (9) 
Phase: 173 176 174 170 -174 178 169 -173 -166 175 176 164 -180 179 175 162 169 175 176 164 -179 154 -179 160 174 169 170 169 173 175 171 166 176 167 169 173 176 -176 172 169 159 -156 -179 -172 176 -175 158 164 169 179 167 169 169 -178 168 179 162 -168 161 175 171 -177 163 163 163 179 158 -166 174 171 -179 169 170 160 157 * * * * * * * * * * * * * * * * * * * * * * * * * 

18.5: 75 Count:   0.0 (  0.0) A:   2.1 (  0.1) B:   2.5 (  0.2) Phase: 176 (11) 
Phase: -175 179 177 -174 -178 -180 -165 178 -163 -174 177 178 168 175 164 -173 166 -169 175 -170 -171 167 178 159 166 162 167 173 166 -172 -174 156 162 167 163 -170 166 -175 -167 -166 161 177 172 -168 170 169 -154 169 179 172 -176 172 155 -175 169 -177 -171 177 164 -173 179 175 -177 178 154 179 171 163 -178 175 175 170 -179 164 163 * * * * * * * * * * * * * * * * * * * * * * * * * 

18.6: 75 Count:   0.0 (  0.0) A:   2.1 (  0.1) B:   2.3 (  0.2) Phase: 176 (10) 
Phase: -147 176 165 177 172 171 174 -177 -167 179 -167 171 175 179 160 -175 143 -175 169 178 178 -179 174 176 179 168 -171 165 176 -175 178 171 171 167 161 178 171 168 171 173 164 175 -179 -169 -178 170 -152 166 -175 166 -171 168 176 -173 176 -178 173 179 174 -178 179 179 -170 169 -171 179 166 178 176 175 -179 163 170 176 164 * * * * * * * * * * * * * * * * * * * * * * * * * 

18.7: 75 Count:   0.0 (  0.0) A:   2.1 (  0.1) B:   2.1 (  0.1) Phase: 177 (6) 
Phase: 179 175 171 -180 -180 178 -180 178 -153 -178 -180 176 177 -179 167 179 -174 -180 178 177 170 176 -173 -177 177 176 -175 174 168 -180 -180 -178 168 -179 -180 171 -180 172 175 -180 171 155 178 174 -174 -179 -178 -178 176 -180 -180 179 174 179 174 169 175 -177 172 -180 177 -176 -180 171 178 168 168 177 174 176 -178 -173 169 179 172 * * * * * * * * * * * * * * * * * * * * * * * * * 

18.8: 75 Count:   0.0 (  0.0) A:   2.1 (  0.1) B:   2.1 (  0.1) Phase: 177 (6) 
Phase: -172 -180 171 172 174 175 172 164 161 163 175 -180 176 175 -180 -178 -176 -180 172 -174 -173 -179 -180 170 173 -180 -175 178 -172 177 179 -180 177 178 177 -171 -180 166 174 172 -178 -180 177 -180 179 -179 178 177 168 169 -180 -174 174 178 177 174 -171 176 178 175 -178 179 169 -179 168 -180 -172 -178 -180 174 -176 162 175 -180 178 * * * * * * * * * * * * * * * * * * * * * * * * * 

18.9: 75 Count:   0.0 (  0.0) A:   2.1 (  0.1) B:   2.3 (  0.2) Phase: 176 (11) 
Phase: 162 -171 172 -180 -171 -171 -178 161 163 176 171 157 170 168 -166 173 -180 170 -160 166 166 168 172 167 -168 -178 162 173 -176 -173 178 174 174 169 163 -177 -175 -172 171 157 -175 172 152 -178 170 -176 -154 176 175 -179 -177 147 -176 -156 169 175 -178 173 -174 166 171 175 174 -175 -172 -173 -175 -179 -177 173 177 161 178 -170 165 * * * * * * * * * * * * * * * * * * * * * * * * * 

19.0: 75 Count:   0.0 (  0.0) A:   2.0 (  0.1) B:   2.5 (  0.3) Phase: 176 (15) 
Phase: 139 -172 -176 -172 -175 167 170 156 162 167 160 162 172 168 165 172 -152 176 166 166 135 179 168 -160 178 166 -146 -179 173 -177 164 172 -178 -153 -180 -172 -174 167 179 149 -176 175 173 161 179 -172 -178 177 -176 -169 -180 161 -154 -177 165 172 172 -177 173 179 166 155 -176 -178 -180 165 -162 -146 166 174 -180 165 -177 177 172 * * * * * * * * * * * * * * * * * * * * * * * * * 

19.1: 75 Count:   0.0 (  0.0) A:   2.0 (  0.1) B:   2.5 (  0.3) Phase: 178 (13) 
Phase: 139 -154 -175 -170 158 174 176 177 -180 -156 -168 177 -167 154 165 -176 -175 -177 -180 165 141 177 153 -180 -169 179 -171 -180 169 -165 174 -180 -176 168 166 -166 176 172 -178 -180 -178 -166 -180 -173 154 -172 177 -174 -179 -174 -174 173 -171 -163 175 173 175 -172 -169 177 -164 164 160 -175 -178 162 -173 -169 172 -180 176 156 -174 166 -173 * * * * * * * * * * * * * * * * * * * * * * * * * 

19.2: 75 Count:   0.0 (  0.0) A:   2.0 (  0.1) B:   2.2 (  0.2) Phase: 178 (11) 
Phase: 166 -147 -180 -180 -180 -180 158 -180 -171 -162 167 171 174 175 160 -170 173 -177 -180 170 153 172 161 -170 -159 -180 -161 163 168 178 179 -170 176 -165 174 171 173 161 -172 -169 -180 -177 165 -161 163 -180 -180 173 -180 -166 177 -180 -169 178 156 -175 170 -180 -175 -172 179 -180 177 175 168 161 -174 170 166 174 167 170 -179 172 -170 * * * * * * * * * * * * * * * * * * * * * * * * * 

19.3: 74 Count:   0.0 (  0.0) A:   2.0 (  0.1) B:   2.0 (  0.1) Phase: 177 (5) 
19.4: 74 Count:   0.0 (  0.0) A:   2.0 (  0.1) B:   2.1 (  0.2) Phase: 176 (11) 
Phase: 177 166 175 -165 167 172 153 162 -180 * -169 176 170 -180 -180 173 -180 170 -180 -171 -160 172 165 -180 -167 177 -180 -180 -180 166 158 167 176 -174 -180 -172 -180 -180 175 -180 163 176 -168 169 177 -170 -171 176 177 145 177 -180 -180 170 153 -180 169 -180 176 170 -176 179 -180 -180 -180 173 153 175 -159 175 174 -144 -180 162 -170 * * * * * * * * * * * * * * * * * * * * * * * * * 

19.5: 72 Count:   0.0 (  0.0) A:   2.0 (  0.0) B:   2.3 (  0.3) Phase: 175 (15) 
Phase: 157 -163 165 -180 -180 -180 -168 -180 -174 162 -162 151 -179 * 156 153 -168 -179 168 163 -180 175 165 -175 -153 -168 -175 -180 -175 167 150 136 -167 160 -180 171 172 -180 152 157 -164 179 -180 171 166 -167 * 161 -170 148 -160 164 -180 * -180 -176 157 -180 157 -166 167 174 161 -180 -180 157 153 -180 -175 -180 178 -153 170 -165 -174 * * * * * * * * * * * * * * * * * * * * * * * * * 

19.6: 64 Count:   0.0 (  0.0) A:   2.0 (  0.0) B:   2.5 (  0.5) Phase: 173 (25) 
Phase: * -117 -164 * * -180 -180 -153 153 * 169 161 154 * 165 -161 -165 173 -180 -180 117 135 153 -177 -129 -171 168 -171 -172 171 150 134 -180 -180 -174 * -180 153 147 -180 -180 169 * -180 166 152 -180 -180 -160 135 -167 153 -180 * 143 143 -180 * * -180 157 -148 172 162 125 -180 117 -158 178 -180 177 * -134 153 167 * * * * * * * * * * * * * * * * * * * * * * * * * 

19.7: 59 Count:   0.0 (  0.0) A:   2.0 (  0.2) B:   2.5 (  0.5) Phase: -180 (27) 
Phase: -180 -137 162 * * -151 -180 -168 -153 174 -180 -125 -166 * -180 -153 -180 -165 * -172 117 -117 * -180 * -152 100 * -180 155 -180 * -137 168 -171 -179 -180 161 164 -172 -180 -180 * 144 -180 -180 * * -161 * -177 * -169 -143 -180 -180 -177 * 117 162 143 -169 157 134 144 -178 153 -153 -135 -180 -180 * -162 * -167 * * * * * * * * * * * * * * * * * * * * * * * * * 

19.8: 61 Count:   0.0 (  0.0) A:   2.0 (  0.2) B:   2.2 (  0.4) Phase: -180 (17) 
Phase: * * 170 -168 * * 157 -180 * -180 -180 -180 166 -180 -153 -153 * -177 -180 -171 -180 -147 -117 159 153 153 -153 -180 -180 -166 179 -180 -168 -180 -180 -169 153 -180 -180 -170 -180 -180 * 167 166 -180 153 * -180 -180 -180 153 -180 -153 149 -180 * * * -180 -180 -180 153 173 164 -180 * -180 -153 -180 160 * -172 * -162 * * * * * * * * * * * * * * * * * * * * * * * * * 

19.9: 56 Count:   0.0 (  0.0) A:   2.0 (  0.0) B:   2.0 (  0.2) Phase: -179 (9) 
Phase: * * -180 * * -180 -180 -180 * * -180 -180 -180 * -153 -180 * -180 166 -180 * -171 -180 -180 -180 -173 -180 * -180 -180 -180 * -180 -177 -180 -180 -180 -180 -180 -180 -180 -180 -180 143 -180 -180 * -170 -180 * -180 * -180 * -180 -180 -180 * -180 -180 -153 * * 163 -180 -180 -180 -180 -153 -180 -180 -180 * -180 -180 * * * * * * * * * * * * * * * * * * * * * * * * * 

20.0: 44 Count:   0.0 (  0.0) A:   2.0 (  0.0) B:   2.1 (  0.3) Phase: 179 (10) 
Phase: * * 169 * * * -180 * * * -180 * -180 * * 163 * 162 * 168 * 168 169 * -180 -180 -180 * * -180 -180 -180 169 -180 -180 -180 -163 * -180 * * -180 -180 -180 -180 -180 * -164 -180 * * * -162 * -180 153 -180 * -180 -180 * * -180 -180 -180 * -153 -180 * -153 -180 170 -163 -180 * * * * * * * * * * * * * * * * * * * * * * * * * * 

20.1: 32 Count:   0.0 (  0.0) A:   2.0 (  0.0) B:   2.3 (  0.5) Phase: -176 (22) 
Phase: * -180 * * * -180 * * 153 172 -143 -180 -180 * * -180 * * * -171 -143 * -172 -180 171 * * * * * * -153 -180 * * * * * * * -180 -180 -143 169 * * -135 -153 * * * * -180 * * -180 * * * -180 * * 153 -143 * * * * 117 -153 -165 -173 -168 153 * * * * * * * * * * * * * * * * * * * * * * * * * * 

20.2: 19 Count:   0.0 (  0.0) A:   2.0 (  0.0) B:   2.6 (  0.7) Phase: 176 (22) 
Phase: * 162 * * 153 153 * * * -180 * * * * * * * * * -180 -153 * * * -180 * * * * * * -180 * * * * * * * * -180 * * -153 * * -173 * * * * * -180 * * * 117 * * -180 * * * -143 -180 * * * 153 * -180 * -180 * * * * * * * * * * * * * * * * * * * * * * * * * * * 

20.3: 18 Count:   0.0 (  0.0) A:   2.0 (  0.0) B:   2.7 (  0.7) Phase: -178 (23) 
Phase: * -180 * * * * * * -180 -180 162 * * * * * * * -180 -159 -180 * -162 * * * * * * * * * * 117 * * * * * * * * * -145 * * -180 * * * * * -180 -162 * * 143 * * -180 * -153 * -153 * * * * -171 * * * * * * * * * * * * * * * * * * * * * * * * * * * * * * * 

20.4: 21 Count:   0.0 (  0.0) A:   2.0 (  0.0) B:   2.1 (  0.5) Phase: 178 (18) 
Phase: * 153 * * * * * * * -180 153 * * * * * * * 153 146 * -153 * * * * * * -180 * * * * * * -180 -153 * * * * -180 * -153 * * -180 * * * * * * -162 * * -180 * * -180 153 * -180 * * * * * -180 * * -180 -180 * -180 * * * * * * * * * * * * * * * * * * * * * * * * * 

20.5: 22 Count:   0.0 (  0.0) A:   2.0 (  0.0) B:   2.1 (  0.3) Phase: 179 (6) 
Phase: * * * * * * * * * -180 * * * -180 * * * * * 153 * -180 * -180 -180 * * * * -180 * * * * * -180 -180 * * * * -180 * -180 * * -180 * * * -180 * * -180 * * * * -180 -180 * * * -180 * * * * -180 -180 * -180 -180 * -180 * * * * * * * * * * * * * * * * * * * * * * * * * 

20.6: 21 Count:   0.0 (  0.0) A:   2.0 (  0.2) B:   2.0 (  0.2) Phase: 178 (10) 
Phase: * * * * * * * -180 -180 -180 * * * * * * * * * -180 * -180 -180 * 172 * * * * * * -180 * -180 * -180 -180 * * -180 * -180 * -156 * * * -180 * * -180 * * * * * * * * 153 -180 * * * * * * * * -180 * -180 * * 153 * * * * * * * * * * * * * * * * * * * * * * * * * 

20.7: 11 Count:   0.0 (  0.0) A:   2.1 (  0.3) B:   2.5 (  0.7) Phase: -179 (18) 
Phase: * * * * * * * -162 * * * * * * * * 153 * * -153 * * -180 * 146 * * * * * * * * * * * -180 * * * * -180 * -153 * * * * * * -180 * * * * * * * * -180 * * * * * * * * * * * -180 * * * * * * * * * * * * * * * * * * * * * * * * * * * * 

20.8: 8 Count:   0.0 (  0.0) A:   2.0 (  0.0) B:   3.0 (  0.0) Phase: -179 (23) 
Phase: 7:-180 17:135 19:-172 24:-180 31:-180 36:-180 41:-180 63:-135 

20.9: 7 Count:   0.0 (  0.0) A:   2.0 (  0.0) B:   2.3 (  0.0) Phase: -160 (28) 
Phase: 9:-180 11:-117 19:173 30:-180 46:-180 53:-117 63:-153 

21.0: 10 Count:   0.0 (  0.0) A:   2.0 (  0.0) B:   2.1 (  0.3) Phase: -175 (18) 
Phase: 2:171 9:153 11:-153 13:-180 15:-180 21:-180 46:-180 53:-180 59:-143 72:-153 

21.1: 11 Count:   0.0 (  0.0) A:   2.0 (  0.0) B:   2.1 (  0.3) Phase: -180 (0) 
21.2: 7 Count:   0.0 (  0.0) A:   2.0 (  0.0) B:   2.0 (  0.0) Phase: -180 (14) 
Phase: 11:153 18:-180 24:-180 36:-180 46:-180 52:-180 72:-153 

21.3: 5 Count:   0.0 (  0.0) A:   2.0 (  0.0) B:   2.2 (  0.0) Phase: -180 (0) 
21.4: 3 Count:   0.0 (  0.0) A:   2.0 (  0.0) B:   3.0 (  0.0) Phase: -180 (0) 
21.5: 2 Count:   0.0 (  0.0) A:   2.0 (  0.0) B:   2.0 (  0.0) Phase: -180 (0) 
21.6: 3 Count:   0.0 (  0.0) A:   2.0 (  0.0) B:   2.0 (  0.0) Phase: -180 (0) 
21.8: 1 Count:   0.0 (  0.0) A:   2.0 (  0.0) B:   2.0 (  0.0) Phase: -153 (0) 
22.2: 1 Count:   0.0 (  0.0) A:   2.0 (  0.0) B:   2.0 (  0.0) Phase: -117 (0) 
22.4: 3 Count:   0.0 (  0.0) A:   2.0 (  0.0) B:   2.3 (  0.0) Phase: -156 (18) 
Phase: 7:-135 28:-180 34:-153 

22.6: 1 Count:   0.0 (  0.0) A:   2.0 (  0.0) B:   2.0 (  0.0) Phase: -180 (0) 
23.1: 1 Count:   0.0 (  0.0) A:   2.0 (  0.0) B:   2.0 (  0.0) Phase: -180 (0) 
23.6: 3 Count:   0.0 (  0.0) A:   2.0 (  0.0) B:   3.0 (  0.0) Phase: -116 (19) 
Phase: 4:-90 64:-124 73:-135 

23.7: 2 Count:   0.0 (  0.0) A:   2.0 (  0.0) B:   2.0 (  0.0) Phase: -153 (0) 
23.8: 1 Count:   0.0 (  0.0) A:   2.0 (  0.0) B:   3.0 (  0.0) Phase: -180 (0) 
23.9: 3 Count:   0.0 (  0.0) A:   2.0 (  0.0) B:   4.3 (  0.0) Phase: -137 (37) 
Phase: 41:-180 55:-143 67:-90 

24.0: 2 Count:   0.0 (  0.0) A:   2.0 (  0.0) B:   4.5 (  0.0) Phase: -144 (1) 
24.2: 4 Count:   0.0 (  0.0) A:   2.0 (  0.0) B:   4.0 (  0.0) Phase: -142 (4) 
24.3: 8 Count:   0.0 (  0.0) A:   2.0 (  0.0) B:   4.1 (  0.0) Phase: -133 (27) 
Phase: 19:-104 22:-132 24:-166 25:-169 33:-90 36:-146 42:-108 73:-146 

24.4: 7 Count:   0.0 (  0.0) A:   2.0 (  0.0) B:   4.5 (  0.0) Phase: -154 (25) 
Phase: 1:-127 3:-180 19:-180 22:-171 33:-144 70:-112 73:-166 

24.5: 10 Count:   0.0 (  0.0) A:   2.0 (  0.0) B:   5.3 (  0.7) Phase: -153 (14) 
Phase: 1:-169 7:-129 8:-158 13:-135 27:-153 47:-156 49:-149 62:-143 66:-171 70:-171 

24.6: 12 Count:   0.0 (  0.0) A:   2.0 (  0.0) B:   5.4 (  0.8) Phase: -147 (16) 
Phase: * * * * * * * -180 * * * * * * * * * * * * * * * -180 * -135 * -127 * * * * * * * * -143 * * * * * * * -143 * -143 -149 * * -127 * * * * * * * * -149 * * * * * * * -138 * * * -149 * * * * * * * * * * * * * * * * * * * * * * * * * * * * 

24.7: 17 Count:   0.0 (  0.0) A:   2.0 (  0.0) B:   5.5 (  1.1) Phase: -151 (19) 
Phase: * -149 -117 * * * * * * -180 * * * * * -135 * * * * * * * * -153 * * -135 * * * * * * * * -143 * * * * -169 * * -167 * -149 -153 * * * * * * * * * * * -180 -149 * * * * * -171 * -127 * -162 -124 * * * * * * * * * * * * * * * * * * * * * * * * * * * * 

24.8: 31 Count:   0.0 (  0.0) A:   2.0 (  0.0) B:   5.4 (  0.9) Phase: -145 (17) 
Phase: * -164 -153 * * -143 * * * -165 -131 * * * -143 * -138 -169 * * -143 * * * -153 -143 -135 * -130 * -128 * -146 * * * -153 * * * * -108 * * * * -180 * -153 * * * * -143 * * -128 * -146 -128 -153 * * * -149 * * -153 * -104 -135 -137 * -180 -151 * * * * * * * * * * * * * * * * * * * * * * * * * 

24.9: 57 Count:   0.0 (  0.0) A:   2.0 (  0.0) B:   5.2 (  0.9) Phase: -139 (19) 
Phase: -135 -104 -155 -154 -153 -158 * * -127 -121 -162 -99 * * * * * * -129 -141 * * -120 -158 -146 -140 -135 -104 -169 -143 -140 -140 -162 -158 * * -105 -151 * -135 -135 -127 * * -149 -158 -126 -121 -151 * -127 -149 -166 -112 -153 * -162 -155 -121 -166 -145 -146 -112 -153 -169 -113 -117 -127 -112 -144 -148 -108 -153 * -142 * * * * * * * * * * * * * * * * * * * * * * * * * 

25.0: 61 Count:   0.0 (  0.0) A:   2.0 (  0.0) B:   5.9 (  0.5) Phase: -142 (15) 
Phase: * -128 -136 -154 * -143 -160 * -150 -149 -127 -121 -121 -135 * -135 * -127 -164 -151 -125 * -140 -139 -136 -129 -116 -148 -151 -147 -166 -141 * -131 -126 -135 -146 -161 -151 * -138 -133 * -126 -180 -167 -135 -133 -144 * -114 * -162 -161 -139 * * -149 -151 -145 -180 -142 -139 -162 -129 -100 * -135 -158 -150 -129 -144 -162 -142 -143 * * * * * * * * * * * * * * * * * * * * * * * * * 

25.1: 68 Count:   0.0 (  0.0) A:   2.0 (  0.0) B:   6.4 (  0.7) Phase: -142 (13) 
Phase: -139 -130 -148 -140 * -135 * -124 -139 -113 -150 -141 -141 -140 -146 -146 -164 * -127 -141 -145 -154 -153 -155 -150 -124 -130 * -126 -133 -134 -171 -146 -138 -132 -153 * -129 -162 -157 -171 -145 * -141 * -153 -147 -134 -149 -150 -141 -156 -145 -129 -164 -141 -129 -117 -168 -154 -123 -148 -129 -152 -149 -134 -139 -150 -137 -141 -153 -140 -154 -154 -121 * * * * * * * * * * * * * * * * * * * * * * * * * 

25.2: 74 Count:   0.0 (  0.0) A:   2.0 (  0.0) B:   6.7 (  0.4) Phase: -142 (9) 
Phase: * -139 -150 -157 -152 -141 -157 -148 -150 -140 -144 -147 -124 -141 -134 -164 -162 -161 -126 -152 -134 -153 -143 -148 -150 -133 -126 -150 -144 -143 -140 -151 -145 -127 -152 -155 -144 -138 -144 -150 -151 -136 -135 -150 -146 -148 -135 -141 -122 -140 -132 -135 -128 -151 -139 -142 -130 -146 -140 -138 -124 -140 -140 -137 -130 -140 -135 -135 -137 -141 -138 -146 -134 -145 -152 * * * * * * * * * * * * * * * * * * * * * * * * * 

25.3: 75 Count:   0.1 (  0.1) A:   2.0 (  0.0) B:   6.7 (  0.4) Phase: -140 (6) 
Phase: -133 -139 -147 -134 -140 -153 -138 -142 -153 -135 -140 -134 -137 -143 -136 -140 -142 -148 -143 -142 -147 -140 -151 -149 -151 -149 -140 -132 -137 -142 -140 -141 -138 -131 -140 -157 -139 -138 -139 -137 -150 -134 -139 -145 -141 -134 -137 -132 -137 -134 -141 -138 -140 -144 -134 -137 -136 -136 -132 -142 -142 -143 -137 -147 -139 -134 -151 -133 -138 -137 -143 -132 -139 -139 -139 * * * * * * * * * * * * * * * * * * * * * * * * * 

25.4: 75 Count:   0.1 (  0.1) A:   2.0 (  0.0) B:   6.7 (  0.3) Phase: -137 (4) 
25.5: 75 Count:   0.2 (  0.2) A:   2.0 (  0.0) B:   6.7 (  0.3) Phase: -135 (3) 
25.6: 75 Count:   0.3 (  0.2) A:   2.0 (  0.0) B:   6.8 (  0.2) Phase: -135 (2) 
25.7: 75 Count:   0.4 (  0.3) A:   2.0 (  0.0) B:   6.9 (  0.2) Phase: -134 (2) 
25.8: 75 Count:   0.5 (  0.3) A:   2.0 (  0.0) B:   6.8 (  0.2) Phase: -133 (2) 
25.9: 75 Count:   0.5 (  0.4) A:   2.0 (  0.0) B:   6.5 (  0.2) Phase: -130 (2) 
26.0: 75 Count:   0.6 (  0.4) A:   2.0 (  0.0) B:   6.1 (  0.2) Phase: -127 (2) 
26.1: 75 Count:   0.6 (  0.4) A:   2.0 (  0.0) B:   5.8 (  0.2) Phase: -125 (2) 
26.2: 75 Count:   0.6 (  0.4) A:   2.0 (  0.0) B:   5.5 (  0.2) Phase: -123 (2) 
26.3: 75 Count:   0.5 (  0.4) A:   2.0 (  0.0) B:   5.2 (  0.2) Phase: -121 (2) 
26.4: 75 Count:   0.4 (  0.3) A:   2.0 (  0.0) B:   4.9 (  0.1) Phase: -118 (2) 
26.5: 75 Count:   0.4 (  0.3) A:   2.0 (  0.0) B:   4.5 (  0.1) Phase: -114 (2) 
26.6: 75 Count:   0.4 (  0.3) A:   2.0 (  0.0) B:   4.2 (  0.1) Phase: -109 (2) 
26.7: 75 Count:   0.3 (  0.2) A:   2.0 (  0.0) B:   3.8 (  0.1) Phase: -104 (3) 
26.8: 75 Count:   0.3 (  0.2) A:   2.0 (  0.0) B:   3.6 (  0.1) Phase: -102 (3) 
26.9: 75 Count:   0.2 (  0.2) A:   2.0 (  0.0) B:   3.3 (  0.1) Phase: -102 (3) 
27.0: 75 Count:   0.2 (  0.1) A:   2.0 (  0.0) B:   3.0 (  0.1) Phase: -99 (3) 
27.1: 75 Count:   0.1 (  0.1) A:   2.0 (  0.0) B:   2.7 (  0.1) Phase: -92 (4) 
27.2: 75 Count:   0.1 (  0.1) A:   2.0 (  0.0) B:   2.6 (  0.2) Phase: -86 (5) 
27.3: 75 Count:   0.1 (  0.0) A:   2.0 (  0.0) B:   2.4 (  0.2) Phase: -81 (6) 
Phase: -94 -77 -71 -75 -68 -84 -75 -82 -82 -67 -81 -78 -78 -79 -85 -86 -88 -88 -84 -92 -89 -79 -79 -91 -79 -75 -77 -81 -85 -87 -90 -80 -76 -67 -74 -91 -79 -87 -74 -80 -73 -79 -80 -79 -82 -76 -84 -83 -82 -71 -73 -80 -88 -85 -85 -77 -89 -77 -84 -83 -95 -80 -77 -75 -80 -85 -86 -75 -88 -81 -85 -86 -77 -91 -80 * * * * * * * * * * * * * * * * * * * * * * * * * 

27.4: 75 Count:   0.0 (  0.0) A:   2.0 (  0.0) B:   2.2 (  0.1) Phase: -82 (6) 
Phase: -79 -71 -75 -76 -74 -83 -78 -64 -77 -80 -84 -86 -87 -80 -85 -88 -89 -90 -74 -79 -92 -80 -64 -90 -86 -83 -96 -87 -85 -80 -90 -85 -85 -89 -79 -67 -90 -79 -77 -90 -80 -75 -80 -93 -74 -84 -93 -78 -74 -83 -90 -76 -87 -79 -92 -87 -83 -87 -89 -83 -85 -82 -79 -78 -79 -83 -84 -84 -84 -83 -83 -85 -88 -84 -87 * * * * * * * * * * * * * * * * * * * * * * * * * 

27.5: 73 Count:   0.0 (  0.0) A:   2.0 (  0.0) B:   2.0 (  0.1) Phase: -88 (7) 
Phase: * -90 -90 -64 -90 -90 -90 -90 -90 -82 -90 -96 -102 -90 -90 -82 -75 -90 -77 -83 -84 -93 -90 -87 -79 -76 -90 -90 -90 -90 -90 -90 -90 -73 -90 -90 -85 -90 -90 -114 -89 -90 -87 -90 -77 -95 -96 -86 -115 -90 -90 -82 -87 * -92 -90 -90 -90 -82 -90 -90 -90 -90 -73 -84 -86 -86 -84 -90 -89 -85 -90 -90 -93 -85 * * * * * * * * * * * * * * * * * * * * * * * * * 

27.6: 66 Count:   0.0 (  0.0) A:   2.0 (  0.0) B:   2.0 (  0.2) Phase: -86 (20) 
Phase: -72 -90 -90 * -80 * -90 -90 * -125 -90 -90 -77 -94 -63 * -90 -90 -90 -63 -90 -90 -107 -78 -90 -90 -84 -27 -90 -63 * -90 -90 -93 -85 * -90 -90 -90 -63 -90 -90 -90 -63 -27 -90 -129 -90 * -90 -180 -76 -71 -90 -90 -90 * -90 -90 -90 -85 -81 -90 -63 -97 -70 -82 -97 -79 -90 * -66 -90 -73 -81 * * * * * * * * * * * * * * * * * * * * * * * * * 

27.7: 60 Count:   0.0 (  0.0) A:   2.0 (  0.0) B:   2.1 (  0.2) Phase: -75 (22) 
Phase: -90 -64 -90 * -90 * -90 * -85 -153 -67 -45 -72 -117 * -90 * * -63 -31 * * -107 -90 -27 -90 -90 -63 -64 -63 * -84 * * -90 * -86 -63 -63 -76 -45 -90 -63 -84 -59 -63 -63 -27 * -63 -63 -90 -87 -63 -71 -72 -90 -129 -90 -63 -63 -71 -64 * -90 -90 -75 -70 -90 -90 * -63 -63 -63 -30 * * * * * * * * * * * * * * * * * * * * * * * * * 

27.8: 53 Count:   0.0 (  0.0) A:   2.0 (  0.0) B:   2.0 (  0.1) Phase: -42 (34) 
Phase: * -17 * * -27 * * * * -63 -76 -44 0 -79 * -90 -90 -63 * -6 -27 0 -72 -45 -83 -26 0 * -76 -90 0 * 0 -90 0 * -90 -27 -63 -9 0 -63 * * -27 -4 0 * * -76 0 * -90 -63 -23 * -27 * -81 -90 0 * -24 -45 -80 -64 -13 -48 -13 -63 * 0 -90 -27 * * * * * * * * * * * * * * * * * * * * * * * * * * 

27.9: 27 Count:   0.0 (  0.0) A:   2.0 (  0.0) B:   2.0 (  0.2) Phase: -36 (38) 
Phase: 0 -30 * * -27 * 0 * * -63 * * -27 * * * 0 * * -27 * 0 * * * * * * -63 * 0 * 0 * * * * -27 * 0 * * -117 * * * * * -5 0 -27 * * -27 -90 -90 * * -108 * * * -48 * * * * -90 -27 -90 * 0 * * * * * * * * * * * * * * * * * * * * * * * * * * * * 

28.0: 6 Count:   0.0 (  0.0) A:   2.0 (  0.0) B:   2.2 (  0.0) Phase: -78 (38) 
Phase: 1:-153 7:-27 46:-63 49:-90 62:-63 68:-72 

28.1: 2 Count:   0.0 (  0.0) A:   2.0 (  0.0) B:   2.0 (  0.0) Phase: -103 (40) 
Phase: 1:-143 41:-63 

28.2: 1 Count:   0.0 (  0.0) A:   2.0 (  0.0) B:   2.0 (  0.0) Phase: -90 (0) 
28.3: 2 Count:   0.0 (  0.0) A:   2.0 (  0.0) B:   2.0 (  0.0) Phase: 0 (0) 
28.4: 3 Count:   0.0 (  0.0) A:   2.0 (  0.0) B:   2.0 (  0.0) Phase: -30 (42) 
Phase: 13:-90 21:0 72:0 

28.5: 2 Count:   0.0 (  0.0) A:   2.0 (  0.0) B:   2.0 (  0.0) Phase: 0 (0) 
30.3: 1 Count:   0.0 (  0.0) A:   2.0 (  0.0) B:   2.0 (  0.0) Phase: 90 (0) 
31.3: 3 Count:   0.0 (  0.0) A:   2.0 (  0.0) B:   2.0 (  0.0) Phase: 60 (26) 
Phase: 4:27 11:63 25:90 

31.6: 1 Count:   0.0 (  0.0) A:   2.0 (  0.0) B:   2.0 (  0.0) Phase: 90 (0) 
31.8: 2 Count:   0.0 (  0.0) A:   2.0 (  0.0) B:   2.0 (  0.0) Phase: 76 (13) 
Phase: 24:63 69:90 

32.1: 1 Count:   0.0 (  0.0) A:   2.0 (  0.0) B:   2.0 (  0.0) Phase: 90 (0) 
32.3: 1 Count:   0.0 (  0.0) A:   2.0 (  0.0) B:   2.0 (  0.0) Phase: 90 (0) 
42.6: 1 Count:   0.0 (  0.0) A:   2.0 (  0.0) B:   2.0 (  0.0) Phase: -90 (0) 
42.7: 2 Count:   0.0 (  0.0) A:   2.0 (  0.0) B:   2.0 (  0.0) Phase: -180 (0) 
42.9: 2 Count:   0.0 (  0.0) A:   2.0 (  0.0) B:   2.0 (  0.0) Phase: -180 (0) 
43.0: 3 Count:   0.0 (  0.0) A:   2.0 (  0.0) B:   2.0 (  0.0) Phase: -159 (30) 
Phase: 5:-117 52:-180 73:-180 

43.1: 5 Count:   0.0 (  0.0) A:   2.0 (  0.0) B:   2.0 (  0.0) Phase: -144 (36) 
Phase: 11:-117 25:-153 32:-180 37:-180 62:-90 

43.2: 15 Count:   0.0 (  0.0) A:   2.0 (  0.0) B:   2.1 (  0.3) Phase: -161 (24) 
Phase: * * -180 * * * * * * * * * * * -153 * * * * * * -180 -180 * -151 * * -180 * * * -153 -153 * * * * -143 * * * -180 * * * * * * -180 * * * * * * * * * * * * -180 -140 * * * * -90 * * * * * -180 * * * * * * * * * * * * * * * * * * * * * * * * * * 

43.3: 23 Count:   0.0 (  0.0) A:   2.0 (  0.0) B:   2.2 (  0.4) Phase: -169 (15) 
Phase: * * -180 * * * -180 * -153 * * * * -180 -162 * * * * -162 -165 * * * -180 -157 -136 -180 * -180 * * -180 * -131 * * -180 * * * * * * * * * * * -153 * * * -180 -180 * * * * * -180 -162 -180 * * -180 * * * -180 * * * * * * * * * * * * * * * * * * * * * * * * * * * * * * 

43.4: 40 Count:   0.0 (  0.0) A:   2.0 (  0.0) B:   2.2 (  0.4) Phase: -167 (17) 
Phase: * * * * -180 * -180 -180 -180 -124 -180 -180 -180 * -168 -180 -153 * * -162 -180 -180 -138 * -159 -179 -153 -153 -180 -166 * -166 -180 -180 -169 -180 -153 * * -180 * -168 -153 * * * -153 -180 * -143 * -180 -153 * * * * * * * * * -180 * * * -117 -153 * * * * -180 * -180 * * * * * * * * * * * * * * * * * * * * * * * * * 

43.5: 52 Count:   0.0 (  0.0) A:   2.0 (  0.0) B:   2.2 (  0.4) Phase: -167 (15) 
Phase: * -180 * * -161 -180 * * -147 -157 -157 -171 -180 -153 -150 -180 -160 * * -180 -180 -160 -168 179 -166 -166 -149 * -180 -166 -172 -180 -162 -180 * * * * * -153 -143 -180 -180 -165 -154 * -153 161 * -166 -180 -171 -165 -180 -162 -162 -164 -150 * * 167 -117 * * * * -175 -152 -180 -180 -180 * -153 -135 * * * * * * * * * * * * * * * * * * * * * * * * * * 

43.6: 69 Count:   0.0 (  0.0) A:   2.0 (  0.0) B:   2.3 (  0.4) Phase: -167 (15) 
Phase: -180 -169 -135 -173 -174 153 -153 -180 -153 -133 -164 -165 -180 -163 -180 -171 -158 -180 -176 -156 -161 -161 -157 -168 -165 -140 -177 -153 -152 162 -164 179 -175 -163 -161 -180 -177 * * -156 -147 -117 -180 * -180 -180 -180 -153 169 -153 -147 -167 -180 -175 -158 -170 -180 -176 -178 -167 * -180 -167 -135 * * -151 -159 -180 -172 -170 -180 -180 -180 -153 * * * * * * * * * * * * * * * * * * * * * * * * * 

43.7: 72 Count:   0.0 (  0.0) A:   2.0 (  0.0) B:   2.5 (  0.4) Phase: -165 (12) 
Phase: -180 -180 -169 * -166 -176 -171 -155 -161 -165 -163 -156 -175 -154 -173 -180 -180 -151 -170 -151 -158 -161 -157 -155 -166 -155 -162 -133 -162 -166 -167 -156 -120 -157 -157 -153 -150 -180 -138 -171 -166 -162 -180 * -156 * -153 -171 -177 -180 -180 -173 -171 -172 -172 -170 -180 -165 -164 -164 -170 -169 -165 -180 -180 -168 -150 -151 -175 -161 -157 -180 -169 -180 -161 * * * * * * * * * * * * * * * * * * * * * * * * * 

43.8: 75 Count:   0.0 (  0.0) A:   2.0 (  0.0) B:   2.5 (  0.3) Phase: -165 (9) 
Phase: -166 -180 -168 -172 -171 -158 -178 -151 -155 -175 -158 -152 -166 -161 -168 -164 -170 -158 -177 -164 -160 -159 -151 -157 -164 -172 -163 -163 -166 -165 -174 -169 -155 -165 -166 -171 -175 -180 -147 -144 -162 -151 -180 -180 -166 -161 -161 -146 -172 -174 -173 -164 -174 -163 -165 -167 -163 -172 -161 -169 -172 -179 -164 -169 -170 -172 -168 -160 -174 -161 -173 -153 -178 -180 -155 * * * * * * * * * * * * * * * * * * * * * * * * * 

43.9: 75 Count:   0.0 (  0.0) A:   2.0 (  0.0) B:   2.7 (  0.2) Phase: -163 (6) 
Phase: -170 -180 -158 -174 -169 -164 -171 -152 -164 -167 -156 -168 -159 -166 -159 -163 -167 -165 -158 -155 -166 -157 -162 -162 -155 -165 -157 -157 -163 -158 -156 -163 -155 -160 -161 -159 -168 -152 -163 -165 -151 -169 -165 -169 -164 -175 -163 -167 -166 -157 -178 -172 -175 -172 -155 -161 -162 -168 -166 -172 -166 -157 -159 -174 -167 -167 -168 -162 -162 -162 -154 -164 -174 -163 -169 * * * * * * * * * * * * * * * * * * * * * * * * * 

44.0: 75 Count:   0.1 (  0.0) A:   2.0 (  0.0) B:   2.8 (  0.2) Phase: -163 (6) 
Phase: -163 -161 -151 -161 -164 -173 -157 -164 -167 -166 -159 -162 -167 -147 -169 -157 -163 -162 -164 -158 -161 -153 -160 -157 -161 -161 -163 -162 -163 -164 -161 -166 -163 -164 -148 -161 -147 -173 -158 -158 -174 -159 -168 -159 -176 -169 -162 -164 -167 -170 -169 -163 -172 -166 -173 -170 -168 -168 -174 -159 -163 -165 -160 -150 -162 -164 -168 -165 -161 -163 -170 -165 -174 -167 -176 * * * * * * * * * * * * * * * * * * * * * * * * * 

44.1: 75 Count:   0.1 (  0.1) A:   2.0 (  0.0) B:   2.9 (  0.2) Phase: -162 (5) 
44.2: 75 Count:   0.1 (  0.1) A:   2.0 (  0.0) B:   3.0 (  0.2) Phase: -162 (5) 
44.3: 75 Count:   0.1 (  0.1) A:   2.0 (  0.0) B:   3.2 (  0.2) Phase: -162 (4) 
44.4: 75 Count:   0.2 (  0.1) A:   2.0 (  0.0) B:   3.2 (  0.2) Phase: -163 (4) 
44.5: 75 Count:   0.2 (  0.1) A:   2.1 (  0.0) B:   3.3 (  0.1) Phase: -163 (3) 
44.6: 75 Count:   0.2 (  0.2) A:   2.1 (  0.0) B:   3.4 (  0.1) Phase: -163 (3) 
44.7: 75 Count:   0.3 (  0.2) A:   2.1 (  0.1) B:   3.5 (  0.1) Phase: -164 (4) 
44.8: 75 Count:   0.3 (  0.2) A:   2.1 (  0.0) B:   3.6 (  0.1) Phase: -164 (3) 
44.9: 75 Count:   0.3 (  0.2) A:   2.1 (  0.1) B:   3.6 (  0.1) Phase: -165 (3) 
45.0: 75 Count:   0.4 (  0.2) A:   2.1 (  0.0) B:   3.7 (  0.1) Phase: -166 (3) 
45.1: 75 Count:   0.4 (  0.3) A:   2.1 (  0.0) B:   3.8 (  0.1) Phase: -167 (4) 
45.2: 75 Count:   0.4 (  0.3) A:   2.1 (  0.1) B:   3.8 (  0.1) Phase: -167 (3) 
45.3: 75 Count:   0.4 (  0.3) A:   2.1 (  0.1) B:   3.8 (  0.1) Phase: -168 (3) 
45.4: 75 Count:   0.4 (  0.3) A:   2.1 (  0.1) B:   3.8 (  0.2) Phase: -169 (3) 
45.5: 75 Count:   0.4 (  0.3) A:   2.1 (  0.1) B:   3.8 (  0.1) Phase: -170 (3) 
45.6: 75 Count:   0.4 (  0.3) A:   2.1 (  0.0) B:   3.8 (  0.1) Phase: -172 (3) 
45.7: 75 Count:   0.4 (  0.3) A:   2.1 (  0.0) B:   3.8 (  0.2) Phase: -174 (3) 
45.8: 75 Count:   0.4 (  0.3) A:   2.1 (  0.1) B:   3.7 (  0.1) Phase: -176 (4) 
45.9: 75 Count:   0.4 (  0.3) A:   2.1 (  0.1) B:   3.6 (  0.2) Phase: -177 (4) 
46.0: 75 Count:   0.4 (  0.3) A:   2.1 (  0.0) B:   3.5 (  0.1) Phase: -179 (4) 
46.1: 75 Count:   0.4 (  0.3) A:   2.1 (  0.1) B:   3.4 (  0.2) Phase: -180 (4) 
46.2: 75 Count:   0.4 (  0.3) A:   2.1 (  0.1) B:   3.3 (  0.2) Phase: 179 (4) 
46.3: 75 Count:   0.4 (  0.3) A:   2.1 (  0.1) B:   3.2 (  0.1) Phase: 179 (4) 
46.4: 75 Count:   0.5 (  0.3) A:   2.1 (  0.1) B:   3.1 (  0.1) Phase: 179 (4) 
46.5: 75 Count:   0.5 (  0.3) A:   2.1 (  0.1) B:   3.1 (  0.1) Phase: 179 (4) 
46.6: 75 Count:   0.5 (  0.3) A:   2.1 (  0.1) B:   3.0 (  0.1) Phase: -180 (4) 
46.7: 75 Count:   0.5 (  0.3) A:   2.1 (  0.1) B:   2.9 (  0.1) Phase: -180 (4) 
46.8: 75 Count:   0.6 (  0.4) A:   2.2 (  0.0) B:   2.8 (  0.1) Phase: -180 (4) 
46.9: 75 Count:   0.6 (  0.4) A:   2.2 (  0.1) B:   2.8 (  0.1) Phase: -178 (4) 
47.0: 75 Count:   0.6 (  0.4) A:   2.2 (  0.1) B:   2.8 (  0.1) Phase: -178 (4) 
47.1: 75 Count:   0.6 (  0.4) A:   2.2 (  0.1) B:   2.8 (  0.1) Phase: -176 (4) 
47.2: 75 Count:   0.6 (  0.4) A:   2.2 (  0.1) B:   2.8 (  0.1) Phase: -175 (4) 
47.3: 75 Count:   0.6 (  0.4) A:   2.2 (  0.1) B:   2.8 (  0.1) Phase: -173 (4) 
47.4: 75 Count:   0.6 (  0.4) A:   2.2 (  0.1) B:   2.7 (  0.1) Phase: -171 (4) 
47.5: 75 Count:   0.6 (  0.4) A:   2.2 (  0.1) B:   2.7 (  0.1) Phase: -169 (4) 
47.6: 75 Count:   0.6 (  0.4) A:   2.2 (  0.1) B:   2.8 (  0.1) Phase: -167 (5) 
47.7: 75 Count:   0.6 (  0.4) A:   2.2 (  0.1) B:   2.8 (  0.1) Phase: -164 (6) 
Phase: -168 -161 -170 -174 -171 -169 -170 -170 -169 -166 -165 -163 -172 -169 -166 -169 -167 -161 -152 -144 -155 -150 -157 -152 -154 -161 -160 -164 -157 -163 -166 -167 -164 -170 -164 -162 -159 -158 -162 -164 -161 -166 -165 -169 -161 -165 -163 -169 -164 -168 -172 -163 -169 -169 -164 -168 -172 -164 -168 -169 -166 -170 -168 -169 -163 -164 -170 -168 -159 -165 -168 -168 -166 -167 -173 * * * * * * * * * * * * * * * * * * * * * * * * * 

47.8: 75 Count:   0.6 (  0.4) A:   2.2 (  0.1) B:   2.8 (  0.1) Phase: -161 (6) 
Phase: -163 -157 -164 -169 -169 -170 -171 -167 -166 -163 -162 -167 -168 -167 -166 -158 -160 -162 -144 -142 -151 -145 -150 -148 -151 -155 -155 -156 -160 -159 -162 -161 -164 -164 -162 -163 -159 -153 -156 -163 -164 -166 -159 -164 -161 -163 -156 -162 -161 -167 -165 -161 -171 -164 -165 -165 -171 -166 -168 -164 -166 -161 -164 -166 -159 -165 -164 -162 -162 -165 -166 -164 -163 -163 -169 * * * * * * * * * * * * * * * * * * * * * * * * * 

47.9: 75 Count:   0.7 (  0.4) A:   2.2 (  0.1) B:   2.8 (  0.1) Phase: -158 (7) 
Phase: -164 -156 -158 -167 -166 -166 -174 -166 -166 -162 -156 -166 -165 -164 -163 -157 -160 -153 -142 -134 -140 -139 -150 -148 -149 -151 -150 -160 -152 -155 -154 -158 -161 -159 -155 -156 -151 -151 -158 -153 -159 -157 -153 -158 -160 -157 -156 -158 -159 -158 -166 -160 -168 -168 -164 -166 -169 -166 -164 -164 -161 -162 -154 -160 -163 -159 -161 -161 -157 -160 -156 -159 -162 -158 -163 * * * * * * * * * * * * * * * * * * * * * * * * * 

48.0: 75 Count:   0.7 (  0.5) A:   2.1 (  0.0) B:   2.8 (  0.1) Phase: -154 (8) 
Phase: -157 -157 -156 -164 -165 -164 -167 -161 -162 -157 -152 -154 -163 -165 -160 -158 -149 -157 -128 -115 -140 -135 -147 -142 -143 -150 -149 -155 -153 -151 -148 -149 -154 -152 -155 -157 -154 -153 -153 -156 -155 -158 -153 -155 -156 -157 -146 -154 -153 -153 -164 -158 -164 -160 -160 -161 -167 -160 -162 -159 -160 -156 -154 -159 -159 -156 -161 -156 -150 -158 -157 -159 -158 -152 -156 * * * * * * * * * * * * * * * * * * * * * * * * * 

48.1: 75 Count:   0.7 (  0.5) A:   2.1 (  0.0) B:   2.9 (  0.2) Phase: -149 (9) 
Phase: -157 -147 -154 -160 -162 -162 -163 -155 -155 -152 -147 -154 -162 -158 -154 -147 -149 -134 -118 -113 -119 -130 -138 -137 -138 -141 -143 -147 -140 -140 -145 -142 -146 -147 -144 -142 -145 -149 -152 -152 -149 -148 -154 -149 -151 -142 -141 -148 -153 -150 -159 -153 -155 -158 -155 -155 -161 -162 -160 -148 -152 -151 -150 -151 -148 -145 -158 -152 -147 -150 -153 -155 -150 -148 -152 * * * * * * * * * * * * * * * * * * * * * * * * * 

48.2: 75 Count:   0.8 (  0.5) A:   2.1 (  0.0) B:   3.1 (  0.1) Phase: -140 (9) 
Phase: -149 -140 -144 -146 -149 -157 -156 -147 -151 -140 -138 -142 -147 -144 -144 -143 -139 -123 -112 -113 -114 -122 -130 -131 -131 -137 -137 -143 -134 -137 -138 -133 -140 -135 -135 -137 -140 -133 -137 -141 -135 -138 -144 -143 -137 -143 -138 -142 -140 -144 -149 -147 -150 -152 -145 -145 -153 -151 -152 -144 -142 -143 -141 -146 -145 -142 -147 -144 -142 -145 -140 -142 -142 -135 -145 * * * * * * * * * * * * * * * * * * * * * * * * * 

48.3: 75 Count:   0.8 (  0.6) A:   2.1 (  0.0) B:   3.2 (  0.1) Phase: -131 (9) 
Phase: -139 -129 -136 -142 -141 -146 -151 -141 -139 -139 -130 -134 -142 -135 -130 -122 -126 -109 -104 -103 -106 -110 -125 -126 -124 -129 -129 -130 -126 -128 -128 -123 -121 -125 -124 -123 -126 -121 -121 -135 -129 -125 -128 -133 -132 -130 -127 -132 -133 -134 -142 -141 -143 -145 -139 -135 -148 -144 -142 -128 -137 -135 -132 -134 -133 -130 -137 -133 -128 -135 -133 -138 -131 -128 -135 * * * * * * * * * * * * * * * * * * * * * * * * * 

48.4: 75 Count:   1.0 (  0.6) A:   2.1 (  0.0) B:   3.3 (  0.1) Phase: -123 (9) 
Phase: -130 -122 -126 -133 -135 -140 -144 -140 -136 -128 -124 -121 -136 -125 -126 -123 -122 -105 -95 -100 -100 -104 -117 -121 -119 -121 -122 -123 -118 -121 -124 -117 -122 -120 -116 -115 -117 -115 -117 -118 -114 -122 -124 -123 -126 -121 -114 -120 -121 -127 -133 -129 -138 -136 -129 -128 -134 -136 -130 -124 -128 -133 -121 -132 -121 -124 -126 -123 -119 -124 -123 -123 -119 -115 -123 * * * * * * * * * * * * * * * * * * * * * * * * * 

48.5: 75 Count:   1.1 (  0.8) A:   2.1 (  0.0) B:   3.4 (  0.1) Phase: -116 (9) 
Phase: -126 -119 -120 -128 -128 -133 -136 -130 -128 -120 -118 -112 -123 -120 -120 -114 -111 -104 -93 -90 -96 -100 -109 -114 -114 -119 -119 -117 -114 -119 -115 -112 -112 -115 -111 -110 -108 -105 -109 -116 -111 -116 -114 -116 -113 -119 -109 -112 -116 -115 -120 -124 -131 -133 -124 -125 -132 -131 -120 -119 -119 -120 -115 -122 -118 -118 -121 -119 -114 -117 -112 -117 -115 -109 -114 * * * * * * * * * * * * * * * * * * * * * * * * * 

48.6: 75 Count:   1.4 (  0.9) A:   2.1 (  0.0) B:   3.5 (  0.1) Phase: -111 (7) 
Phase: -119 -115 -113 -120 -122 -128 -130 -124 -120 -114 -108 -110 -119 -115 -114 -107 -104 -100 -93 -90 -92 -97 -105 -110 -113 -112 -112 -112 -111 -114 -109 -109 -106 -107 -108 -105 -106 -103 -103 -107 -105 -110 -107 -110 -109 -110 -104 -106 -108 -111 -115 -117 -122 -127 -117 -121 -122 -119 -116 -114 -112 -113 -112 -115 -113 -111 -119 -113 -107 -110 -111 -109 -109 -108 -110 * * * * * * * * * * * * * * * * * * * * * * * * * 

48.7: 75 Count:   1.6 (  1.0) A:   2.1 (  0.0) B:   3.6 (  0.1) Phase: -105 (7) 
Phase: -112 -112 -109 -116 -116 -116 -123 -115 -112 -107 -101 -104 -112 -109 -105 -100 -99 -93 -88 -87 -90 -90 -102 -104 -103 -108 -108 -110 -104 -107 -104 -104 -101 -101 -98 -99 -98 -97 -98 -98 -100 -102 -103 -102 -102 -104 -100 -100 -103 -107 -105 -108 -114 -116 -114 -110 -117 -116 -110 -108 -104 -106 -107 -108 -107 -108 -106 -106 -104 -102 -103 -103 -99 -102 -104 * * * * * * * * * * * * * * * * * * * * * * * * * 

48.8: 75 Count:   1.8 (  1.2) A:   2.1 (  0.0) B:   3.7 (  0.1) Phase: -99 (6) 
Phase: -106 -105 -106 -109 -106 -110 -111 -110 -103 -98 -97 -101 -103 -102 -104 -98 -94 -90 -85 -84 -85 -86 -94 -100 -100 -106 -103 -103 -99 -100 -99 -99 -96 -94 -94 -91 -93 -91 -93 -92 -93 -94 -95 -96 -96 -95 -96 -96 -97 -100 -104 -103 -110 -109 -108 -108 -107 -107 -102 -101 -100 -99 -101 -101 -102 -100 -104 -100 -99 -102 -99 -97 -97 -96 -97 * * * * * * * * * * * * * * * * * * * * * * * * * 

48.9: 75 Count:   2.1 (  1.3) A:   2.1 (  0.0) B:   3.8 (  0.1) Phase: -94 (5) 
49.0: 75 Count:   2.3 (  1.4) A:   2.1 (  0.0) B:   3.8 (  0.1) Phase: -91 (5) 
49.1: 75 Count:   2.6 (  1.6) A:   2.1 (  0.0) B:   3.9 (  0.1) Phase: -87 (4) 
49.2: 75 Count:   2.8 (  1.7) A:   2.1 (  0.0) B:   4.0 (  0.1) Phase: -84 (5) 
49.3: 75 Count:   3.0 (  1.8) A:   2.1 (  0.0) B:   4.1 (  0.1) Phase: -79 (4) 
49.4: 75 Count:   3.2 (  1.9) A:   2.1 (  0.0) B:   4.2 (  0.1) Phase: -76 (4) 
49.5: 75 Count:   3.3 (  2.0) A:   2.1 (  0.0) B:   4.3 (  0.1) Phase: -72 (4) 
49.6: 75 Count:   3.4 (  2.0) A:   2.2 (  0.1) B:   4.5 (  0.1) Phase: -68 (4) 
49.7: 75 Count:   3.5 (  2.1) A:   2.2 (  0.1) B:   4.6 (  0.1) Phase: -65 (3) 
49.8: 75 Count:   3.6 (  2.1) A:   2.2 (  0.1) B:   4.7 (  0.1) Phase: -61 (3) 
49.9: 75 Count:   3.6 (  2.1) A:   2.2 (  0.1) B:   4.9 (  0.1) Phase: -58 (3) 
50.0: 75 Count:   3.6 (  2.1) A:   2.2 (  0.1) B:   5.0 (  0.1) Phase: -55 (3) 
50.1: 75 Count:   3.6 (  2.1) A:   2.2 (  0.1) B:   5.2 (  0.1) Phase: -52 (3) 
50.2: 75 Count:   3.5 (  2.1) A:   2.2 (  0.1) B:   5.3 (  0.1) Phase: -49 (3) 
50.3: 75 Count:   3.4 (  2.0) A:   2.2 (  0.1) B:   5.4 (  0.1) Phase: -47 (3) 
50.4: 75 Count:   3.2 (  1.9) A:   2.1 (  0.0) B:   5.5 (  0.1) Phase: -44 (3) 
50.5: 75 Count:   3.1 (  1.8) A:   2.1 (  0.0) B:   5.5 (  0.1) Phase: -42 (3) 
50.6: 75 Count:   2.8 (  1.7) A:   2.1 (  0.0) B:   5.6 (  0.1) Phase: -39 (3) 
50.7: 75 Count:   2.5 (  1.5) A:   2.1 (  0.0) B:   5.7 (  0.1) Phase: -37 (3) 
50.8: 75 Count:   2.2 (  1.4) A:   2.0 (  0.0) B:   5.7 (  0.1) Phase: -35 (3) 
50.9: 75 Count:   1.9 (  1.2) A:   2.0 (  0.0) B:   5.6 (  0.1) Phase: -33 (3) 
51.0: 75 Count:   1.5 (  0.9) A:   2.0 (  0.0) B:   5.6 (  0.1) Phase: -31 (4) 
51.1: 75 Count:   1.1 (  0.7) A:   2.0 (  0.0) B:   5.5 (  0.1) Phase: -29 (3) 
51.2: 75 Count:   0.8 (  0.5) A:   2.0 (  0.0) B:   5.5 (  0.1) Phase: -27 (4) 
51.3: 75 Count:   0.5 (  0.4) A:   2.0 (  0.0) B:   5.3 (  0.1) Phase: -24 (4) 
51.4: 75 Count:   0.3 (  0.2) A:   2.0 (  0.0) B:   5.1 (  0.2) Phase: -23 (5) 
51.5: 75 Count:   0.2 (  0.1) A:   2.0 (  0.0) B:   4.9 (  0.2) Phase: -22 (5) 
51.6: 75 Count:   0.1 (  0.1) A:   2.0 (  0.0) B:   4.7 (  0.3) Phase: -20 (7) 
Phase: -35 -24 -33 -28 -22 -30 -34 -28 -14 -18 -21 -20 -23 -11 -21 -16 -28 -24 -19 -13 -22 -26 -26 -24 -23 -25 -32 -23 -24 -25 -25 -32 -25 -15 -13 -18 -14 -18 -1 -14 -10 -18 -15 -17 -14 -18 -13 -12 -27 -25 -21 -32 -25 -19 -14 -20 -22 -21 -18 -21 -13 -15 -12 -13 -16 -17 -21 -12 -15 -8 -18 -24 -20 -19 -10 * * * * * * * * * * * * * * * * * * * * * * * * * 

51.7: 75 Count:   0.0 (  0.0) A:   2.0 (  0.0) B:   4.5 (  0.4) Phase: -17 (8) 
Phase: -21 -10 -24 -13 -5 -20 -34 0 -13 -17 -17 -21 -20 -8 -30 -5 -22 -9 -31 -13 -17 -11 -19 -27 -29 -24 -25 -20 -21 -18 -20 -23 -15 -15 -17 -14 -20 -9 -16 -15 -13 -10 -12 -16 -17 -21 -15 -15 -22 -24 -14 -25 -13 -22 -6 -28 -56 -12 -7 -19 -5 -18 -3 -8 -17 -22 -35 -21 -23 -13 -20 -23 -8 -13 -15 * * * * * * * * * * * * * * * * * * * * * * * * * 

51.8: 75 Count:   0.0 (  0.0) A:   2.0 (  0.0) B:   4.3 (  0.5) Phase: -17 (12) 
Phase: -44 -20 -29 -45 -28 0 -43 0 -7 -17 -17 -18 -35 -20 -16 -15 -19 -14 -33 -7 -5 -9 -34 -24 -16 -34 -30 -22 -26 -26 -24 -34 -20 -16 -24 -2 -3 -1 -6 -6 -18 -10 -13 -42 -13 -5 0 -13 -31 -36 -20 -16 -26 -10 -14 0 -15 7 -40 -8 -18 -13 -8 -17 -19 -17 -26 -3 -11 -2 0 -14 -11 -12 -19 * * * * * * * * * * * * * * * * * * * * * * * * * 

51.9: 68 Count:   0.0 (  0.0) A:   2.0 (  0.0) B:   4.0 (  0.7) Phase: -14 (15) 
Phase: -11 -45 -14 * -11 -27 * * 4 0 -16 -23 -22 -28 -13 -58 -18 -24 -18 -11 0 -13 -37 -17 -20 -15 -37 -14 -27 -23 -1 -16 -8 -2 -39 -10 -3 -13 -15 -2 -4 -41 -4 -23 -34 24 -3 -34 -5 -21 0 -20 * -29 * -51 0 -2 -36 -13 -18 -7 -12 * * -9 -3 4 -13 -5 -5 0 1 16 11 * * * * * * * * * * * * * * * * * * * * * * * * * 

52.0: 52 Count:   0.0 (  0.0) A:   2.0 (  0.0) B:   3.6 (  0.7) Phase: -13 (17) 
Phase: * -27 15 * * * * * -18 -7 18 -27 -18 -21 -20 -50 -27 0 -53 * -17 -15 * -8 -7 -17 -47 -18 -8 -24 -11 -45 -8 1 -51 0 0 -10 0 4 -20 -6 * -14 * 0 0 -19 -20 * * * * * * * * * -14 * 10 -5 0 * 0 0 -14 -27 0 -27 -45 * * 17 -12 * * * * * * * * * * * * * * * * * * * * * * * * * 

52.1: 30 Count:   0.0 (  0.0) A:   2.0 (  0.0) B:   3.3 (  0.8) Phase: -8 (18) 
Phase: * -27 * * * * * * -18 * 28 * * -23 * -22 * 0 * * 45 -3 0 -53 -20 -11 -34 * 0 10 * 0 0 * * * * 0 * -6 * * * * * 0 0 * 0 -34 * * * * * * * -14 -18 * 4 * * * -14 * * * * * * * -14 -25 0 * * * * * * * * * * * * * * * * * * * * * * * * * 

52.2: 17 Count:   0.0 (  0.0) A:   2.0 (  0.0) B:   3.1 (  0.7) Phase: -14 (19) 
Phase: * * * * * * * * * * 26 * * -22 0 * * * * 0 * * * * * * -39 * * * * * * * -27 * -48 * * -18 * -14 0 * * -18 12 * * -45 * * * * * * * -14 * * * * * * * * 0 * * * * * * -18 -18 * * * * * * * * * * * * * * * * * * * * * * * * * 

52.3: 10 Count:   0.0 (  0.0) A:   2.0 (  0.0) B:   3.1 (  0.7) Phase: -18 (28) 
Phase: 20:0 24:-90 26:-34 27:0 39:0 49:-18 62:0 64:14 65:-34 66:-18 

52.4: 5 Count:   0.0 (  0.0) A:   2.0 (  0.0) B:   2.4 (  0.0) Phase: 14 (33) 
Phase: 11:72 24:0 60:0 65:-27 69:27 

52.5: 1 Count:   0.0 (  0.0) A:   2.0 (  0.0) B:   3.0 (  0.0) Phase: 0 (0) 
52.6: 2 Count:   0.0 (  0.0) A:   2.0 (  0.0) B:   2.0 (  0.0) Phase: 0 (63) 
Phase: 60:-63 69:63 

52.7: 1 Count:   0.0 (  0.0) A:   2.0 (  0.0) B:   2.0 (  0.0) Phase: 0 (0) 
52.8: 1 Count:   0.0 (  0.0) A:   2.0 (  0.0) B:   2.0 (  0.0) Phase: -27 (0) 
53.0: 1 Count:   0.0 (  0.0) A:   2.0 (  0.0) B:   2.0 (  0.0) Phase: 63 (0) 
53.4: 1 Count:   0.0 (  0.0) A:   2.0 (  0.0) B:   3.0 (  0.0) Phase: -90 (0) 
88.5: 43 Count:   0.0 (  0.0) A:   2.0 (  0.0) B:   2.0 (  0.0) Phase: -2 (6) 
Phase: -4 0 0 0 0 0 0 0 0 -5 0 0 0 0 0 0 0 0 -2 -1 -2 0 0 -1 0 -1 0 0 * * * 0 * 0 * -27 * * * * * * * * * * * * * * * * * * * -6 0 0 0 0 0 * * 0 -27 0 0 0 0 * * * * * * * * * * * * * * * * * * * * * * * * * * * * * * * 

88.6: 70 Count:   2.7 (  3.2) A:   2.0 (  0.0) B:   2.0 (  0.0) Phase: -2 (3) 
88.7: 74 Count:  12.5 ( 12.6) A:   2.0 (  0.0) B:   2.0 (  0.0) Phase: -7 (13) 
Count:  30.2  26.9  26.6  28.8  29.4  27.2  27.5  26.0  30.7  30.9  29.2  29.5  32.4  30.2  30.8  30.4  31.7  29.6  30.4  32.2  36.5  30.5  29.5  35.7  30.0  22.4  18.9  11.4   8.7   6.9   9.6  12.2  17.1  17.5  15.5  11.0   5.7   2.7   2.4   1.9   3.3   2.8   3.7   2.8   2.0   3.2   2.8   1.3   0.1   0.0   0.0   0.0   0.1   0.6   7.4  25.2  30.5  28.8  24.1  17.3  10.9   7.9   7.1  10.1  15.7  20.9  24.4  19.4  19.0  19.8  13.1   8.1   4.9   0.7   0.2   0.0   0.0   0.0   0.0   0.0   0.0   0.0   0.0   0.0   0.0   0.0   0.0   0.0   0.0   0.0   0.0   0.0   0.0   0.0   0.0   0.0   0.0   0.0   0.0   0.0 
Phase: -3 -3 -3 -4 -4 -3 -4 -4 -4 -4 -4 -4 -4 -4 -4 -4 -4 -4 -3 -4 -4 -4 -4 -5 -4 -2 -2 0 0 1 1 1 -2 -5 -8 -9 -8 -12 -11 -11 -8 -9 -9 -12 -11 -11 -13 -15 -33 -82 * -63 -32 -20 -14 -9 -4 -1 0 1 1 1 2 1 0 -1 -2 -1 -1 -1 0 1 0 -1 0 * * * * * * * * * * * * * * * * * * * * * * * * * 

88.8: 75 Count:  17.8 ( 17.2) A:   2.0 (  0.0) B:   2.0 (  0.0) Phase: -9 (17) 
Count:  40.8  37.6  36.8  40.2  40.7  38.7  37.9  36.7  41.8  42.6  40.2  40.3  42.9  41.1  42.3  41.7  43.1  41.4  41.4  43.9  47.5  41.6  40.6  47.3  40.9  32.1  28.4  19.4  15.3  12.4  15.8  18.6  25.0  25.3  23.0  17.6   9.8   5.4   4.5   3.9   5.5   5.3   6.2   4.4   3.4   5.1   4.8   2.2   0.4   0.0   0.0   0.0   0.1   1.3  11.8  35.9  40.7  38.2  32.2  25.4  17.0  12.7  11.6  15.4  23.2  29.9  34.2  28.4  27.5  28.6  20.1  12.8   8.1   1.4   0.4   0.0   0.0   0.0   0.0   0.0   0.0   0.0   0.0   0.0   0.0   0.0   0.0   0.0   0.0   0.0   0.0   0.0   0.0   0.0   0.0   0.0   0.0   0.0   0.0   0.0 
Phase: -3 -4 -4 -4 -4 -4 -4 -5 -4 -4 -5 -4 -4 -5 -4 -5 -5 -4 -4 -4 -5 -5 -5 -5 -4 -2 -2 0 0 1 1 1 -2 -6 -9 -11 -11 -12 -13 -13 -11 -11 -12 -14 -15 -13 -13 -18 -32 -90 -74 -78 -54 -22 -15 -11 -5 -1 0 1 1 2 2 1 0 -2 -2 -2 -2 -2 0 0 0 0 1 * * * * * * * * * * * * * * * * * * * * * * * * * 

88.9: 74 Count:  12.9 ( 13.1) A:   2.0 (  0.0) B:   2.0 (  0.0) Phase: -7 (14) 
Count:  31.4  28.3  27.4  29.9  30.9  28.9  28.5  27.5  32.3  32.8  30.7  30.6  33.5  30.9  32.3  32.2  33.5  31.2  32.1  33.3  36.9  31.3  30.7  36.0  31.1  23.2  19.9  14.4  11.4   8.6  10.2  12.0  16.1  16.7  15.1  11.0   6.0   3.1   2.3   1.9   2.9   2.8   3.2   2.0   1.7   2.4   1.7   0.8   0.1   0.0   0.0   0.0   0.0   0.7   8.0  26.1  30.7  28.2  23.1  17.1  10.9   7.5   6.7   9.5  15.7  21.3  24.2  20.1  18.7  19.2  13.2   7.6   4.4   0.5   0.1   0.0   0.0   0.0   0.0   0.0   0.0   0.0   0.0   0.0   0.0   0.0   0.0   0.0   0.0   0.0   0.0   0.0   0.0   0.0   0.0   0.0   0.0   0.0   0.0   0.0 
Phase: -3 -3 -4 -4 -4 -3 -4 -4 -4 -5 -4 -4 -4 -4 -5 -4 -4 -4 -4 -4 -4 -4 -4 -5 -4 -2 -2 0 1 1 0 0 -2 -5 -7 -9 -8 -9 -10 -11 -8 -10 -8 -11 -9 -10 -13 -15 -40 -90 * -41 -63 -19 -13 -9 -4 -1 0 0 1 1 2 1 0 -2 -2 -1 -2 -1 0 0 0 0 1 * * * * * * * * * * * * * * * * * * * * * * * * * 

89.0: 72 Count:   4.8 (  5.4) A:   2.0 (  0.0) B:   2.0 (  0.0) Phase: -4 (8) 
Count:  12.8  11.5  11.0  12.1  12.6  12.0  12.0  11.5  13.8  13.9  12.4  12.8  14.3  12.6  13.0  13.6  13.8  12.7  13.5  14.3  16.3  13.1  12.5  14.5  12.3   8.6   7.5   5.1   4.0   2.6   3.1   3.6   5.3   5.0   4.2   2.8   1.4   0.7   0.5   0.4   0.5   0.5   0.6   0.3   0.2   0.4   0.3   0.2   0.0   0.0   0.0   0.0   0.0   0.2   2.4   9.8  12.2  10.5   7.6   5.3   2.8   1.7   1.5   3.0   4.9   7.1   8.9   6.2   6.1   5.8   3.5   1.5   0.6   0.1   0.0   0.0   0.0   0.0   0.0   0.0   0.0   0.0   0.0   0.0   0.0   0.0   0.0   0.0   0.0   0.0   0.0   0.0   0.0   0.0   0.0   0.0   0.0   0.0   0.0   0.0 
Phase: -3 -3 -3 -3 -3 -3 -3 -3 -3 -3 -3 -4 -3 -3 -4 -4 -3 -3 -3 -3 -4 -4 -3 -4 -3 -1 -1 0 0 1 1 0 -2 -5 -6 -6 -5 -7 -7 -7 -6 -6 -8 -7 -13 -11 -10 -18 -54 * * * -29 -14 -11 -6 -3 -1 0 0 1 1 1 0 0 -1 -1 -1 -1 -2 0 0 0 0 0 * * * * * * * * * * * * * * * * * * * * * * * * * 

89.1: 69 Count:   1.0 (  1.2) A:   2.0 (  0.0) B:   2.0 (  0.0) Phase: -2 (4) 
89.2: 60 Count:   0.1 (  0.1) A:   2.0 (  0.0) B:   2.0 (  0.0) Phase: 0 (3) 
89.3: 28 Count:   0.0 (  0.0) A:   2.0 (  0.0) B:   2.0 (  0.0) Phase: -2 (6) 
Phase: * 0 0 0 0 * -13 0 0 0 0 * -27 0 0 0 * * 0 0 -18 0 0 0 0 * * * * * * * * * * * * * * * * * * * * * * * * * * * * * * * 0 0 0 * 0 * * * 0 0 * 0 * 0 * * * * * * * * * * * * * * * * * * * * * * * * * * * * * * 

89.5: 1 Count:   0.0 (  0.0) A:   2.0 (  0.0) B:   2.0 (  0.0) Phase: 0 (0) 
89.6: 5 Count:   0.0 (  0.0) A:   2.0 (  0.0) B:   2.0 (  0.0) Phase: 0 (0) 
89.7: 1 Count:   0.0 (  0.0) A:   2.0 (  0.0) B:   2.0 (  0.0) Phase: 0 (0) 
92.0: 55 Count:   0.0 (  0.1) A:   2.0 (  0.0) B:   2.0 (  0.0) Phase: -1 (2) 
92.1: 75 Count:  11.1 ( 10.2) A:   2.0 (  0.0) B:   2.0 (  0.0) Phase: -3 (4) 
Count:  20.3  21.5  21.9  23.0  24.3  22.4  23.1  23.0  23.4  23.1  23.5  23.6  23.7  25.9  25.3  26.2  24.3  24.3  24.3  26.9  26.4  26.7  26.3  29.8  27.1  18.6  12.4   5.2   2.8   2.0   3.0   4.7  10.1  12.0  10.0   5.4   5.0   4.1   5.2   4.9   8.8  13.4  14.9  11.6  12.4  15.9  17.8  12.0   3.9   0.6   0.3   0.5   1.5   3.8  12.4  24.2  29.8  27.5  22.7  18.6  10.8   7.7   6.6   8.4  14.6  19.2  18.2  12.4  12.3  14.1   8.2   5.0   2.9   0.2   0.1   0.0   0.0   0.0   0.0   0.0   0.0   0.0   0.0   0.0   0.0   0.0   0.0   0.0   0.0   0.0   0.0   0.0   0.0   0.0   0.0   0.0   0.0   0.0   0.0   0.0 

92.2: 75 Count:  50.1 ( 34.1) A:   2.0 (  0.0) B:   2.4 (  0.3) Phase: -1 (36) 
Count:  76.5  79.7  79.5  82.3  83.5  81.1  81.6  81.9  82.3  82.5  81.0  81.1  82.6  83.5  83.6  84.5  83.1  83.5  82.5  85.0  85.3  85.0  84.3  87.7  84.9  75.4  65.2  44.1  31.4  31.6  41.0  51.2  66.4  70.7  65.3  52.6  48.6  45.0  53.4  53.0  64.8  75.5  78.3  73.9  74.0  77.1  79.5  73.8  47.5  20.5  14.6  17.6  30.5  45.0  70.1  84.9  89.0  86.9  83.8  80.3  67.8  60.3  56.7  63.2  75.2  81.1  78.9  70.5  71.5  73.7  61.4  55.5  43.1  13.9   6.8   0.0   0.0   0.0   0.0   0.0   0.0   0.0   0.0   0.0   0.0   0.0   0.0   0.0   0.0   0.0   0.0   0.0   0.0   0.0   0.0   0.0   0.0   0.0   0.0   0.0 
Phase: 0 0 -1 -1 -1 -1 -1 -1 -1 -1 0 -1 -1 -1 -1 -1 -1 -1 0 -1 -1 -1 -2 -3 -3 -1 0 3 5 10 10 7 0 -6 -10 -12 -13 -12 -13 -14 -13 -12 -13 174 174 -14 -14 -172 -20 -26 -26 -21 -18 -15 -13 -9 -2 0 2 4 6 6 6 6 4 1 1 3 3 2 5 6 4 2 0 * * * * * * * * * * * * * * * * * * * * * * * * * 

92.3: 75 Count:  67.7 ( 41.0) A:   2.3 (  0.2) B:   2.8 (  0.4) Phase: -15 (35) 
Count:  96.7  97.6  97.3  98.1  98.3  97.8  98.1  98.0  98.1  97.9  97.8  98.1  98.4  98.5  98.5  98.7  98.1  98.4  98.1  98.8  98.8  98.6  98.5  99.1  98.4  95.6  91.5  79.1  67.5  69.0  79.4  86.1  93.6  95.2  92.6  85.9  83.2  80.9  86.9  87.0  92.7  96.8  97.6  96.4  96.7  97.5  98.0  96.8  84.0  60.5  51.1  53.9  68.9  80.3  94.4  98.9  99.5  98.9  98.3  97.8  93.4  90.1  88.6  91.9  96.7  98.3  97.7  95.1  95.6  96.3  91.3  88.5  78.8  47.6  30.6   0.0   0.0   0.0   0.0   0.0   0.0   0.0   0.0   0.0   0.0   0.0   0.0   0.0   0.0   0.0   0.0   0.0   0.0   0.0   0.0   0.0   0.0   0.0   0.0   0.0 
Phase: 0 0 -1 -1 -1 0 -1 -1 -2 -1 0 -1 0 -1 -1 -1 -1 -1 0 -1 -1 -1 -1 -3 -2 -1 0 4 7 13 14 -100 1 -6 82 -14 -14 -14 -14 -16 -15 -13 -14 -17 -17 -15 -16 -19 -112 -30 -30 -25 -128 -145 -15 -9 -2 0 2 6 -65 -80 -85 -74 6 2 2 4 4 3 -70 -79 7 4 3 * * * * * * * * * * * * * * * * * * * * * * * * * 

92.4: 75 Count:  70.8 ( 42.0) A:   2.4 (  0.2) B:   3.0 (  0.4) Phase: -15 (33) 
Count:  98.8  99.2  99.3  99.6  99.5  99.3  99.5  99.5  99.5  99.5  99.4  99.5  99.5  99.7  99.6  99.6  99.6  99.5  99.5  99.7  99.8  99.7  99.6  99.8  99.6  98.3  95.7  87.3  77.8  79.2  88.5  93.5  97.5  98.4  97.1  92.6  90.5  88.7  93.0  93.7  96.8  99.0  99.5  99.2  99.2  99.4  99.5  99.2  92.0  74.6  65.9  67.0  79.8  88.7  97.8  99.8  99.9  99.8  99.4  99.4  97.5  95.9  94.6  97.0  99.1  99.6  99.4  98.6  98.6  98.8  96.3  95.1  88.9  61.5  42.7   0.0   0.0   0.0   0.0   0.0   0.0   0.0   0.0   0.0   0.0   0.0   0.0   0.0   0.0   0.0   0.0   0.0   0.0   0.0   0.0   0.0   0.0   0.0   0.0   0.0 
Phase: 0 0 -1 0 0 -1 -1 -2 -2 -1 0 0 -1 -1 -1 -1 -1 -1 0 -1 -2 -1 -1 -3 -2 -1 0 4 7 14 15 -90 1 -6 67 -14 -14 -14 -14 -16 -14 -13 -14 -16 -16 -15 -15 -107 -99 -32 -31 -26 -121 -126 -15 -9 -2 0 2 6 8 -69 -74 -63 6 2 2 4 4 3 -59 -69 -71 5 4 * * * * * * * * * * * * * * * * * * * * * * * * * 

92.5: 75 Count:  68.3 ( 41.3) A:   2.3 (  0.2) B:   2.8 (  0.4) Phase: -14 (36) 
Count:  97.0  97.8  97.5  98.4  98.4  97.9  98.4  98.3  98.6  98.3  98.0  98.1  98.5  98.4  98.6  98.6  98.6  98.5  98.5  98.9  98.7  98.9  98.9  99.2  98.6  96.2  91.8  80.3  68.5  70.1  81.2  87.7  94.4  96.2  93.4  87.0  84.5  82.2  88.0  88.6  93.6  97.5  98.4  97.5  97.6  98.1  98.7  97.7  86.0  63.1  53.9  55.7  70.7  81.3  94.9  99.2  99.7  99.4  99.1  98.4  95.2  92.3  90.7  93.8  97.5  98.7  98.4  96.4  96.3  97.1  92.7  90.2  81.7  50.4  31.8   0.0   0.0   0.0   0.0   0.0   0.0   0.0   0.0   0.0   0.0   0.0   0.0   0.0   0.0   0.0   0.0   0.0   0.0   0.0   0.0   0.0   0.0   0.0   0.0   0.0 
Phase: 0 0 0 -1 0 -1 -1 -1 -1 -1 0 0 -1 -1 0 0 -1 -1 0 -1 -1 -1 -1 -3 -3 -1 0 4 7 14 14 -100 1 -6 79 -14 -14 -14 -14 -16 -14 -14 -14 -16 -16 -16 -15 -19 -109 -30 -30 -24 -129 -143 -14 -9 64 0 2 6 -63 -80 -84 -74 5 2 2 4 4 3 -69 -79 7 5 3 * * * * * * * * * * * * * * * * * * * * * * * * * 

92.6: 75 Count:  51.8 ( 35.1) A:   2.0 (  0.0) B:   2.3 (  0.3) Phase: -2 (30) 
Count:  78.7  81.4  81.3  84.0  84.7  82.2  83.3  83.6  84.2  84.0  82.2  83.4  84.3  84.4  85.2  86.0  85.0  84.8  83.8  86.7  87.0  86.5  86.5  89.4  87.0  77.2  67.6  46.0  33.0  32.8  43.9  54.1  70.4  74.3  68.4  55.1  50.7  48.7  56.3  56.4  67.3  77.8  81.2  76.6  77.4  80.0  82.6  77.2  50.0  20.8  15.4  18.7  31.3  46.4  73.0  86.8  91.3  89.5  87.4  82.8  71.7  63.8  60.7  67.5  78.1  84.0  82.6  74.5  75.0  77.3  65.4  58.8  46.0  14.4   6.3   0.0   0.0   0.0   0.0   0.0   0.0   0.0   0.0   0.0   0.0   0.0   0.0   0.0   0.0   0.0   0.0   0.0   0.0   0.0   0.0   0.0   0.0   0.0   0.0   0.0 
Phase: 0 0 -1 -1 -1 -1 -1 -2 -2 -1 -1 -1 -1 -1 -1 -1 -1 -1 0 -1 -1 -1 -1 -3 -3 -1 0 3 6 11 10 7 0 -6 -10 -12 -12 -12 -13 -13 -13 -12 -13 169 -15 -14 -15 -168 -20 -24 -25 -20 -18 -15 -13 78 -2 0 2 5 6 6 7 6 5 2 1 3 3 2 6 6 4 2 1 * * * * * * * * * * * * * * * * * * * * * * * * * 

92.7: 75 Count:  10.6 ( 10.0) A:   2.0 (  0.0) B:   2.0 (  0.0) Phase: -3 (5) 
Count:  19.9  20.9  22.7  22.3  23.0  21.7  22.5  23.4  23.4  22.2  23.1  22.9  23.8  25.4  24.7  24.9  24.0  22.5  24.7  26.3  25.6  26.0  26.4  29.1  25.4  16.9  11.5   3.9   2.1   1.3   2.3   3.9   9.5  11.6   8.9   5.2   4.2   4.3   4.9   4.5   8.0  12.7  14.3  10.9  11.5  15.7  16.2  11.1   3.6   0.3   0.2   0.3   1.1   3.1  11.8  23.6  29.2  27.1  22.5  17.7  10.0   7.4   6.1   7.0  14.0  18.5  16.9  11.3  11.5  13.6   7.0   4.9   2.7   0.2   0.1   0.0   0.0   0.0   0.0   0.0   0.0   0.0   0.0   0.0   0.0   0.0   0.0   0.0   0.0   0.0   0.0   0.0   0.0   0.0   0.0   0.0   0.0   0.0   0.0   0.0 

92.8: 47 Count:   0.0 (  0.0) A:   2.0 (  0.0) B:   2.0 (  0.0) Phase: -2 (4) 
94.6: 6 Count:   0.0 (  0.0) A:   2.0 (  0.0) B:   2.0 (  0.0) Phase: -90 (0) 
94.7: 59 Count:   0.0 (  0.1) A:   2.0 (  0.0) B:   2.0 (  0.0) Phase: -88 (3) 
94.8: 73 Count:   0.7 (  0.8) A:   2.0 (  0.0) B:   2.0 (  0.0) Phase: -87 (3) 
94.9: 75 Count:   2.1 (  2.1) A:   2.0 (  0.0) B:   2.0 (  0.0) Phase: -84 (4) 
95.0: 75 Count:   1.6 (  1.5) A:   2.0 (  0.0) B:   2.0 (  0.0) Phase: -81 (5) 
95.1: 74 Count:   0.3 (  0.3) A:   2.0 (  0.0) B:   2.0 (  0.0) Phase: -81 (6) 
Phase: -77 -77 -74 -72 -78 -77 -80 -77 -80 -81 -77 -78 -77 -77 -78 -77 -78 -79 -75 -82 -76 -77 -73 -77 -77 -79 -78 -76 -74 -78 * -90 -83 -83 -79 -83 -85 -88 -90 -90 -88 -91 -90 -90 -89 -89 -87 -91 -90 -90 -90 -90 -90 -66 -78 -74 -77 -79 -77 -82 -80 -78 -83 -78 -78 -81 -82 -77 -77 -81 -78 -80 -81 -81 -90 * * * * * * * * * * * * * * * * * * * * * * * * * 

95.2: 22 Count:   0.0 (  0.0) A:   2.0 (  0.0) B:   2.0 (  0.0) Phase: -79 (23) 
Phase: * -90 * * -90 -80 * -90 * -90 -90 * -90 -90 -90 * * * -90 * * * * * * -90 -90 -84 * * * * * * -63 -87 -90 -90 -90 * -90 * * * * * * * * * * * * * * 0 * * * * * * * * -63 * * * * * * -27 * * * * * * * * * * * * * * * * * * * * * * * * * * * * 

96.7: 70 Count:   0.1 (  0.1) A:   2.0 (  0.0) B:   2.0 (  0.0) Phase: 0 (2) 
96.8: 75 Count:   3.5 (  3.8) A:   2.0 (  0.0) B:   2.0 (  0.0) Phase: -1 (2) 
96.9: 75 Count:  15.1 ( 12.6) A:   2.0 (  0.0) B:   2.1 (  0.1) Phase: -3 (3) 
Count:  22.2  22.6  24.0  24.0  22.0  24.3  25.0  24.0  24.1  24.4  22.1  22.1  22.1  25.0  24.7  24.1  23.8  23.4  21.7  23.9  24.9  24.5  26.0  28.2  26.0  18.9  12.6   5.5   2.7   2.1   2.4   4.7  12.5  15.7  11.7  12.2  14.0  15.2  19.4  21.6  31.2  38.3  42.2  40.7  40.6  44.7  49.8  48.7  30.6  19.7  14.8  15.3  16.8  13.6  17.2  19.0  23.6  23.6  23.9  23.9  17.9  13.4  11.0  12.2  14.7  16.6  15.3  11.6  10.5  12.9   8.3   7.2   5.0   1.2   0.8   0.0   0.0   0.0   0.0   0.0   0.0   0.0   0.0   0.0   0.0   0.0   0.0   0.0   0.0   0.0   0.0   0.0   0.0   0.0   0.0   0.0   0.0   0.0   0.0   0.0 

97.0: 75 Count:  21.3 ( 16.9) A:   2.0 (  0.0) B:   2.1 (  0.1) Phase: -3 (4) 
Count:  30.8  31.4  34.1  34.3  31.4  34.8  35.4  34.3  33.4  34.5  31.4  31.4  30.8  34.0  33.5  32.8  32.8  33.1  30.9  33.4  34.7  34.4  36.2  39.0  36.3  27.1  19.5   8.8   4.8   3.4   4.1   7.9  19.3  22.9  17.2  18.4  20.7  23.1  29.0  31.2  42.0  50.7  55.1  53.0  53.1  57.5  61.7  61.4  42.9  29.1  22.6  24.0  25.6  21.7  25.4  27.7  33.6  34.4  34.6  34.2  26.8  21.6  17.2  19.1  22.8  25.5  23.6  18.6  16.7  19.6  13.0  11.5   8.3   1.9   1.4   0.0   0.0   0.0   0.0   0.0   0.0   0.0   0.0   0.0   0.0   0.0   0.0   0.0   0.0   0.0   0.0   0.0   0.0   0.0   0.0   0.0   0.0   0.0   0.0   0.0 

97.1: 75 Count:  14.8 ( 12.8) A:   2.0 (  0.0) B:   2.1 (  0.1) Phase: -2 (3) 
Count:  21.6  22.0  23.0  23.4  21.1  23.8  25.1  24.5  22.6  23.7  21.2  20.9  21.3  24.1  23.7  23.4  22.4  23.2  20.6  22.9  24.0  24.4  26.0  28.8  24.4  17.6  12.0   4.6   2.4   1.6   2.0   4.1  11.4  14.4  11.0  11.5  13.4  14.6  19.2  21.4  31.2  39.0  43.5  41.9  42.8  45.6  50.7  50.7  32.0  20.0  14.0  15.0  16.3  13.0  16.9  18.4  23.4  23.8  24.2  23.8  16.9  12.9   9.5  11.0  14.3  16.2  14.7  10.9   9.8  12.0   7.4   6.0   3.9   0.8   0.5   0.0   0.0   0.0   0.0   0.0   0.0   0.0   0.0   0.0   0.0   0.0   0.0   0.0   0.0   0.0   0.0   0.0   0.0   0.0   0.0   0.0   0.0   0.0   0.0   0.0 

97.2: 75 Count:   3.0 (  3.5) A:   2.0 (  0.0) B:   2.0 (  0.0) Phase: -1 (2) 
97.3: 64 Count:   0.0 (  0.1) A:   2.0 (  0.0) B:   2.0 (  0.0) Phase: 0 (2) 
101.3: 1 Count:   0.0 (  0.0) A:   2.0 (  0.0) B:   2.0 (  0.0) Phase: 0 (0) 
101.4: 5 Count:   0.0 (  0.0) A:   2.0 (  0.0) B:   2.0 (  0.0) Phase: 0 (0) 
101.5: 2 Count:   0.0 (  0.0) A:   2.0 (  0.0) B:   2.0 (  0.0) Phase: 0 (0) 
106.7: 10 Count:   0.0 (  0.0) A:   2.0 (  0.0) B:   2.0 (  0.0) Phase: -90 (1) 
106.8: 36 Count:   0.1 (  0.5) A:   2.0 (  0.0) B:   2.2 (  0.3) Phase: -99 (13) 
Phase: -90 -90 -90 * * * * * * * * * * * * * * -117 -90 * -108 -90 * * * * * -91 -95 -94 -91 -85 * -78 -88 -90 -91 -93 -95 -98 -102 -104 -108 -109 -107 -99 -128 -123 -115 -90 * * * * * * * -90 * * * * * -135 * * * -90 * -117 * * -90 -97 -90 * * * * * * * * * * * * * * * * * * * * * * * * * 

106.9: 61 Count:   0.7 (  2.7) A:   2.0 (  0.0) B:   2.3 (  0.3) Phase: -105 (16) 
Phase: -103 -92 -102 -127 -94 -100 -122 -96 -102 * * -94 -90 -117 * -107 * -135 * -117 -90 -107 -95 -98 * -115 -90 -95 -94 -93 -89 -83 -82 -75 -88 -92 -93 -96 -98 -107 -107 -117 -118 -129 -128 -131 -135 -146 -125 -135 * * * * -90 * -117 -117 * -90 * -90 -90 -130 -94 -107 -106 -117 -90 -97 * -110 -101 -96 -94 * * * * * * * * * * * * * * * * * * * * * * * * * 

107.0: 68 Count:   1.0 (  4.1) A:   2.0 (  0.0) B:   2.5 (  0.3) Phase: -107 (14) 
Phase: -99 -97 -99 -95 -99 -126 -111 -117 -110 -100 -117 -106 -117 -102 -108 -104 -109 -108 -110 -111 -103 -111 -107 -144 -117 -90 -98 -96 -95 -95 -90 -84 -85 -80 -88 -92 -94 -97 -102 -110 -112 -124 -130 -130 -129 -118 -136 -150 -133 * * * * * * -90 * -90 -97 -117 -102 -108 -115 -93 -125 -109 -111 -106 -97 -102 -104 -116 -112 -104 -96 * * * * * * * * * * * * * * * * * * * * * * * * * 

107.1: 52 Count:   0.6 (  2.5) A:   2.0 (  0.0) B:   2.3 (  0.4) Phase: -108 (19) 
Phase: * -108 -92 -90 -95 -135 -117 -90 * -135 -117 -108 * -90 * -90 -117 -90 * * * -110 * * * * -94 -101 -97 -95 -93 -86 -98 -80 -89 -92 -94 -97 -101 -109 -116 -121 -125 -134 -135 -139 -157 -153 -162 * * * * * * * * -90 -90 * * -106 -117 -109 * -92 -116 -111 * -90 -117 -123 -97 -102 -97 * * * * * * * * * * * * * * * * * * * * * * * * * 

107.2: 19 Count:   0.1 (  0.4) A:   2.0 (  0.0) B:   2.1 (  0.3) Phase: -100 (12) 
Phase: * * * * * * * * -135 * * * * * * * * * * * * * * * * * * -101 -96 -95 -90 -90 * -90 -90 -91 -93 -94 -99 -108 -98 -117 -117 * * * * * * * * * * * * * * * * * * * * * * * * * -117 * * * * -90 -90 * * * * * * * * * * * * * * * * * * * * * * * * * 

107.3: 3 Count:   0.0 (  0.0) A:   2.0 (  0.0) B:   2.0 (  0.0) Phase: -90 (0) 
