1.4: Count:   0.0 (  0.1) A:  20.0 [20-20] B:  20.0 [20-20] Phase: 157 (0) 
2.9: Count:   1.2 (  1.1) A:  31.6 [26-36] B:  21.3 [20-34] Phase: 178 (5) 
Count:   0.3   1.1   1.0   0.2   1.0   0.7   2.7   0.2   0.6   1.6   0.3   0.1   3.6   3.1   0.7 
A: 35.6 28.2 30.7 34.0 33.2 35.0 29.4 32.0 33.2 29.0 30.3 30.0 33.3 33.3 28.0 

3.0: Count:   1.1 (  1.3) A:  31.4 [21-48] B:  22.4 [20-49] Phase: 170 (7) 
Count:   0.1   0.0   2.9   0.3   0.4   1.7   4.2   1.6   0.5   0.0   2.4   0.4   1.5   0.3   0.5 
A: 30.0 * 32.1 36.3 32.0 34.1 30.1 32.3 24.4 * 29.7 31.5 31.9 30.6 36.8 
B: 20.0 * 20.5 24.0 22.0 22.5 22.2 21.2 24.8 * 23.5 21.0 21.0 26.0 35.0 
Phase: 169 * 173 173 171 173 171 172 155 * 165 171 172 157 158 

3.1: Count:  97.7 (  1.1) A:  68.1 [27-126] B:  44.9 [20-102] Phase: 169 (3) 
Count:  99.9  96.9  98.5  97.8  96.8  96.4  98.9  97.2  97.5  98.3  96.4  96.6  96.5  99.5  98.4 
A: 70.9 70.0 69.5 66.6 65.2 67.3 65.8 70.0 67.1 69.4 70.8 72.4 66.7 62.6 66.8 

3.2: Count:  18.0 (  6.3) A:  38.1 [21-84] B:  25.7 [20-73] Phase: 165 (4) 
Count:  13.4  20.7  12.1  26.1  28.7  14.9  17.8  14.8  12.5  18.6  13.7  14.3  18.3  32.1  11.8 
A: 36.9 39.9 36.3 39.2 38.4 35.7 39.9 37.6 38.0 34.7 34.8 35.5 43.6 38.3 38.0 

3.3: Count:  20.5 (  7.6) A:  35.7 [20-72] B:  24.3 [20-68] Phase: 161 (7) 
Count:  15.5   8.4  29.5  15.7  18.1  21.2  28.9  15.2  29.1  17.5  31.9  14.5  20.5  11.3  29.8 
A: 31.8 29.8 36.9 34.4 35.1 37.8 36.3 34.5 34.6 33.6 37.7 33.7 37.4 37.2 36.3 
Phase: 163 165 160 161 162 163 162 162 160 161 158 161 161 160 163 

3.4: Count:  18.6 (  4.4) A:  35.4 [21-77] B:  23.1 [20-67] Phase: 154 (7) 
Count:  23.0  27.5  15.5  18.0  14.9  17.3  14.3  25.2  19.1  22.6  13.8  17.5  16.1  21.6  13.2 
Phase: 155 154 154 154 154 154 154 155 154 152 155 154 153 153 152 

3.5: Count:   0.4 (  0.4) A:  29.6 [23-38] B:  21.6 [20-26] Phase: 164 (9) 
Count:   0.0   1.1   0.4   0.0   0.0   0.5   0.0   0.6   0.3   1.2   0.5   0.0   0.5   0.2   0.8 
A: 1:28.0 2:31.0 5:29.0 7:31.8 8:34.0 9:34.0 10:23.0 12:28.6 13:25.6 14:26.7 
Phase: * 173 162 * * 176 * 155 167 167 156 * 155 154 162 

3.6: Count:   0.5 (  0.6) A:  28.1 [23-36] B:  21.2 [20-24] Phase: 155 (7) 
Count:   0.0   0.0   0.0   0.0   0.0   1.2   0.7   0.4   0.0   1.2   0.8   0.9   1.5   1.0   0.3 
Phase: * * * * * 161 149 157 * 157 154 159 157 147 156 

3.7: Count:   2.4 (  1.1) A:  33.2 [20-47] B:  22.0 [20-34] Phase: 158 (7) 
Count:   1.6   0.8   2.6   3.5   1.6   2.9   2.0   3.3   1.4   3.5   2.1   2.3   0.8   4.2   3.9 
A: 36.2 37.8 34.5 29.4 31.8 34.5 33.3 30.6 33.1 38.1 32.5 32.5 31.6 33.0 31.7 
Phase: 144 151 158 157 158 156 160 159 157 159 159 158 159 158 161 

3.8: Count:  41.0 (  4.8) A:  36.7 [20-70] B:  27.7 [20-55] Phase: 162 (10) 
Count:  50.3  45.1  34.6  39.9  36.6  36.9  37.6  37.8  45.6  49.7  36.6  41.5  41.9  41.4  40.3 
Phase: 163 161 162 163 163 161 161 158 161 163 162 162 163 160 167 

3.9: Count:   0.4 (  0.4) A:  25.8 [20-32] B:  22.4 [20-25] Phase: 165 (7) 
Count:   0.0   0.0   0.2   0.3   0.6   0.1   0.9   0.6   0.2   0.3   0.0   0.5   1.2   0.0   0.8 
A: * * 30.0 32.0 30.5 29.0 25.0 24.1 24.6 24.0 * 20.4 26.0 * 25.1 
Phase: * * 160 164 161 165 167 162 170 159 * 179 170 * 156 

4.0: Count:  11.8 (  4.3) A:  26.8 [20-49] B:  24.2 [20-41] Phase: 134 (13) 
Count:  11.3   6.9  12.0   8.8  12.6  13.5  19.4  16.1  13.9  10.6  17.4  10.7   5.1   4.6  14.5 
Phase: 135 137 129 136 134 133 133 137 133 134 137 134 134 130 129 

4.1: Count:   4.1 (  3.0) A:  25.1 [20-58] B:  23.8 [20-70] Phase: 106 (13) 
Count:   7.2   4.5   1.3   9.2  10.3   2.2   2.5   3.1   1.9   1.3   3.2   2.3   4.1   7.1   0.8 
A: 22.6 28.6 23.6 25.1 24.8 25.4 24.3 24.7 26.4 20.6 30.4 28.1 23.6 24.6 22.0 
B: 23.7 28.2 23.7 22.6 23.0 26.4 22.9 20.9 25.6 20.0 30.1 25.9 21.3 22.9 21.0 
Phase: 104 98 112 111 107 109 108 102 99 97 100 110 107 109 99 

4.2: Count:   0.5 (  0.5) A:  27.3 [20-50] B:  26.3 [20-40] Phase: 108 (45) 
Count:   0.0   0.6   0.7   0.3   0.0   0.0   0.8   1.9   0.7   0.1   1.2   0.4   0.0   0.4   0.1 
A: * 22.0 21.8 22.2 * * 39.5 22.1 24.3 28.0 34.0 30.0 * 32.1 22.5 
B: * 28.0 22.0 22.2 * * 35.5 23.1 24.5 22.0 31.0 24.6 * 22.1 22.5 
Phase: * 65 130 151 * * 77 147 63 79 85 87 * 103 92 

4.3: Count:   4.8 (  1.5) A:  27.3 [20-57] B:  23.1 [20-45] Phase: 88 (50) 
Count:   5.3   6.4   4.4   2.5   5.3   3.1   4.8   6.4   5.3   4.5   5.8   6.8   3.4   2.2   6.4 
A: 22.8 28.9 27.9 26.8 24.8 22.5 25.6 29.9 32.2 25.6 30.7 26.9 26.5 26.3 26.5 
Phase: 89 65 83 101 126 84 98 98 114 79 97 68 92 78 133 

4.4: Count:   5.2 (  3.3) A:  32.6 [20-56] B:  23.4 [20-36] Phase: -165 (35) 
Count:   3.4   4.2   9.2  14.9   4.9   5.3   5.1   5.6   3.3   6.1   3.8   6.5   2.5   1.4   2.2 
A: 32.8 27.9 36.8 37.4 29.7 31.5 30.7 28.5 30.5 28.8 31.4 33.7 33.5 31.4 23.8 
Phase: -179 168 -161 -159 -174 174 -171 -162 -148 -167 -153 -150 -157 -129 -160 

4.5: Count:   0.1 (  0.2) A:  26.5 [20-36] B:  21.0 [20-24] Phase: 126 (32) 
Phase: 96 * * 139 * * * * * * 130 30 * * 162 

4.6: Count:   0.2 (  0.3) A:  33.5 [24-58] B:  29.7 [20-42] Phase: 37 (35) 
Phase: * 87 * * * * 15 * -12 * 33 29 * 35 * 

4.7: Count:   0.1 (  0.3) A:  26.9 [20-44] B:  32.9 [21-46] Phase: 38 (67) 
Phase: * * * * 26 * -112 * 28 * 29 39 * 2 * 

4.8: Count:   1.8 (  1.2) A:  27.4 [20-44] B:  21.5 [20-63] Phase: 85 (32) 
Count:   0.0   2.8   3.5   2.3   2.5   3.6   1.2   0.4   2.2   3.2   1.8   0.7   1.2   2.2   0.1 
A: * 24.6 26.8 28.7 33.2 24.5 24.3 27.1 28.2 24.3 28.7 26.5 27.1 33.4 23.0 
Phase: * 77 95 86 74 82 109 120 101 83 78 76 37 103 81 

4.9: Count:   1.4 (  1.0) A:  46.4 [20-65] B:  23.7 [20-50] Phase: 52 (32) 
Count:   0.1   0.6   0.6   0.3   0.7   2.1   3.6   1.8   1.5   1.8   2.9   2.4   1.1   1.6   0.6 
A: 56.0 35.2 51.2 60.8 46.5 55.3 45.2 47.3 49.8 50.0 38.7 44.4 46.9 41.2 55.2 
B: 20.0 35.3 21.0 21.6 21.7 22.2 26.0 21.5 20.9 21.5 27.1 22.5 20.1 25.5 20.7 
Phase: 68 47 51 70 68 60 42 64 61 65 30 42 65 51 69 

5.0: Count:  17.8 (  8.3) A:  52.3 [20-89] B:  24.1 [20-69] Phase: 58 (23) 
Count:  33.2  33.7  18.1  20.5  23.9  17.2  13.3  21.8  10.7  10.1   8.2  19.3  17.8  14.8   4.1 
A: 44.0 47.0 47.7 54.3 57.2 56.0 52.6 55.2 49.9 52.3 50.3 52.9 58.4 60.0 61.5 
Phase: 52 57 54 57 59 59 59 62 66 63 53 60 57 58 56 

5.1: Count:   1.6 (  1.0) A:  38.7 [21-82] B:  31.9 [20-116] Phase: 47 (33) 
Count:   0.4   0.5   1.6   2.8   1.1   3.1   3.5   0.1   1.6   0.8   1.7   1.8   2.3   1.4   0.9 
A: 34.2 66.0 38.8 39.5 30.0 36.8 39.7 49.0 32.0 44.0 49.6 32.9 37.4 37.6 38.6 
B: 23.4 71.0 21.3 21.2 29.1 22.4 34.4 21.5 20.7 20.0 55.5 55.1 20.8 55.8 22.3 
Phase: 60 -14 61 85 40 58 35 58 75 57 27 9 48 23 44 

5.2: Count:  19.7 (  4.9) A:  41.6 [20-109] B:  25.2 [20-101] Phase: 47 (33) 
Count:  21.9  20.7  22.1  14.2  17.5  14.1  19.7  22.5  21.8  21.3  27.5  27.6  13.9  10.6  20.4 
A: 40.6 38.3 42.1 39.6 42.0 37.6 44.3 39.4 43.2 42.4 42.1 40.4 46.2 40.4 44.8 
Phase: 48 35 55 48 50 52 50 53 43 50 43 46 47 35 46 

5.3: Count:  12.0 (  6.2) A:  38.8 [20-91] B:  24.2 [20-49] Phase: 33 (28) 
Count:   9.3  17.6   6.8  16.2  23.2  12.1  10.4  11.2   8.4   8.7   5.9   8.8   8.5  26.4   6.4 
A: 38.1 36.5 36.3 41.7 36.9 36.2 43.6 33.8 38.5 40.5 41.4 40.6 36.0 41.3 38.5 
Phase: 43 27 51 30 38 32 34 35 26 23 30 31 33 32 55 

5.4: Count:   5.0 (  2.8) A:  39.9 [20-91] B:  23.4 [20-49] Phase: 24 (18) 
Count:   3.9   1.8   5.7   3.5   2.2   6.5   6.3   3.1   5.1   4.7  11.3   1.7   4.4   3.9  10.2 
A: 26.7 38.1 36.4 40.4 35.4 42.4 44.7 39.8 41.6 34.3 43.1 36.1 48.8 35.0 40.2 
Phase: 26 22 20 26 26 27 32 -2 26 16 21 23 30 34 25 

5.5: Count:  18.5 (  4.2) A:  38.6 [20-222] B:  26.2 [20-197] Phase: 14 (14) 
Count:  21.7  21.9  18.6  16.2  14.8  16.3  18.8  21.4  24.1  13.4  17.8  27.9  16.1  15.3  13.2 
A: 38.9 40.2 37.6 37.4 37.0 37.4 42.1 34.4 36.0 37.7 41.7 40.8 38.1 41.2 36.1 
B: 25.5 27.6 23.6 24.3 24.9 24.8 30.6 24.0 23.5 23.7 30.4 29.0 26.0 29.1 22.8 
Phase: 14 12 16 14 12 9 13 12 20 16 17 11 11 10 18 

5.6: Count:  26.2 (  3.2) A:  38.4 [20-503] B:  30.2 [20-416] Phase: -5 (14) 
Count:  24.2  24.0  25.1  25.4  28.0  26.4  33.0  24.9  30.0  27.4  22.1  26.6  20.4  30.1  25.9 
A: 31.3 44.9 31.7 33.4 36.0 34.1 47.9 31.5 33.0 32.3 58.2 52.9 33.8 39.5 34.2 
B: 24.7 36.2 24.9 26.7 27.7 26.3 36.5 24.9 25.4 25.8 47.7 41.5 26.3 30.7 27.2 
Phase: -5 -4 -5 -4 -3 -3 -7 -6 -6 -5 -5 -5 -7 -6 -3 

5.7: Count:  52.5 (  4.1) A:  37.0 [20-718] B:  34.4 [20-550] Phase: -9 (16) 
Count:  56.3  50.7  58.4  46.9  52.1  56.1  56.7  49.3  49.6  49.3  53.5  48.4  52.6  48.0  59.6 
A: 32.8 42.2 33.1 32.5 32.8 32.6 44.6 33.1 31.9 32.4 55.4 41.7 33.1 40.3 34.7 
B: 32.7 38.6 31.6 30.7 32.5 31.2 39.5 31.9 31.3 31.6 47.1 36.7 31.2 36.5 31.6 
Phase: -9 -9 -12 -10 -10 -7 -9 -9 -7 -8 -6 -12 -9 -9 -9 

5.8: Count:  32.9 (  3.9) A:  34.5 [20-532] B:  31.7 [20-355] Phase: -10 (20) 
Count:  28.3  32.5  27.6  30.0  29.7  36.8  33.6  33.6  35.9  31.5  33.8  41.1  28.5  31.7  38.7 
A: 29.2 42.1 29.5 30.1 31.8 29.3 44.8 31.0 30.8 29.1 49.0 40.8 29.3 37.0 30.1 
B: 28.3 37.1 28.5 28.1 30.9 28.2 38.1 29.1 30.2 28.7 39.3 35.4 28.7 33.9 28.3 
Phase: -14 -10 -5 -11 -8 -10 -9 -11 -12 -8 -7 -8 -11 -13 -9 

5.9: Count:  81.6 (  5.4) A:  56.3 [20-489] B:  48.8 [20-277] Phase: -43 (27) 
Count:  80.8  71.4  75.2  78.3  75.7  76.1  84.3  80.4  85.4  81.8  86.4  85.4  86.3  87.1  89.8 
A: 51.1 52.1 47.4 49.7 49.8 52.0 59.1 58.7 62.2 60.6 66.1 64.2 56.3 58.6 52.1 
B: 45.4 44.7 41.2 38.7 39.1 39.9 43.8 46.1 52.0 56.2 59.2 60.7 55.8 53.1 50.6 
Phase: -34 -33 -34 -43 -43 -46 -42 -45 -43 -41 -40 -43 -46 -49 -49 

6.0: Count:   3.8 (  1.8) A:  49.4 [20-305] B:  32.3 [20-140] Phase: -21 (59) 
Count:   5.4   7.6   6.9   3.3   2.5   1.8   4.0   2.9   1.8   2.2   4.5   5.0   1.6   4.1   3.6 
A: 26.1 54.6 23.9 22.5 28.3 22.1 75.6 21.3 24.0 23.9 143.6 84.2 23.8 60.8 26.7 
B: 22.7 32.2 23.7 27.4 25.2 22.9 43.0 23.1 25.4 22.7 64.2 41.6 28.1 35.3 25.8 
Phase: -9 -30 -47 -35 -78 16 -36 18 5 -49 -16 -22 -12 -9 28 

6.1: Count:  67.0 ( 21.8) A:  43.8 [20-396] B:  55.6 [20-152] Phase: -138 (74) 
Count:  27.3  34.3  38.8  49.8  61.7  72.0  65.8  65.6  65.5  70.2  89.6  87.0  89.9  89.5  97.3 
A: 24.0 34.1 28.5 29.4 32.1 32.1 36.0 32.9 36.3 46.0 52.2 53.5 52.9 58.5 60.0 
B: 72.3 58.5 52.9 64.2 60.1 55.9 54.6 45.4 34.8 43.0 43.8 55.7 66.0 67.7 63.3 
Phase: 48 -142 -111 -105 -101 -107 -96 -86 -68 -65 -149 -173 166 166 163 

6.2: Count:   1.3 (  1.4) A:  81.1 [20-373] B:  27.3 [20-66] Phase: -75 (74) 
Count:   0.1   1.8   0.0   0.1   0.6   0.7   3.7   1.4   1.7   0.5   4.5   2.3   0.1   0.7   0.5 
A: 20.0 121.3 * 21.0 44.1 23.6 73.3 22.6 23.7 25.0 100.3 135.2 25.0 174.7 21.0 
B: 25.0 24.6 * 28.0 20.2 23.2 29.2 23.2 24.4 21.4 26.7 33.0 23.0 41.1 22.0 
Phase: 137 -19 * -165 -112 -140 -81 -118 -136 -142 -54 -39 -142 -11 -65 

6.3: Count:   0.4 (  0.6) A: 168.1 [70-262] B:  30.9 [20-44] Phase: 54 (33) 
Count:   0.0   1.2   0.0   0.0   0.0   0.0   1.0   0.0   0.0   0.0   1.6   1.3   0.0   0.6   0.0 
Phase: * 67 * * * * 47 * * * 63 50 * 30 * 

6.4: Count:   0.3 (  0.5) A: 165.8 [60-232] B:  28.1 [20-39] Phase: 75 (24) 
Count:   0.0   0.4   0.0   0.0   0.1   0.0   1.0   0.0   0.0   0.0   1.6   0.5   0.0   0.4   0.0 
Phase: * 77 * * 49 * 69 * * * 81 72 * 74 * 

6.5: Count:   0.4 (  0.6) A: 126.0 [62-203] B:  31.2 [20-56] Phase: 107 (22) 
Count:   0.0   1.2   0.0   0.0   0.0   0.0   1.0   0.0   0.0   0.0   2.1   0.3   0.0   0.7   0.0 
Phase: * 105 * * * * 104 * * * 111 92 * 105 * 

6.6: Count:   0.4 (  0.7) A: 106.7 [37-206] B:  41.8 [21-79] Phase: 93 (19) 
Count:   0.0   0.8   0.0   0.0   0.2   0.0   1.3   0.0   0.0   0.0   2.5   0.9   0.0   0.8   0.0 
Phase: * 95 * * 91 * 87 * * * 89 107 * 97 * 

6.7: Count:   0.5 (  0.8) A:  89.7 [23-195] B:  48.3 [21-120] Phase: 92 (14) 
Count:   0.0   1.5   0.0   0.0   0.1   0.0   1.5   0.0   0.0   0.0   2.8   0.8   0.0   0.9   0.0 
Phase: * 93 * * 82 * 99 * * * 90 91 * 87 * 

6.8: Count:   0.6 (  0.9) A:  87.2 [30-189] B:  50.6 [20-119] Phase: 75 (13) 
Count:   0.0   1.5   0.0   0.0   0.2   0.0   1.8   0.0   0.0   0.0   3.0   1.0   0.0   0.9   0.0 
Phase: * 72 * * 68 * 71 * * * 78 74 * 77 * 

6.9: Count:   0.4 (  0.7) A:  59.6 [24-104] B:  37.9 [20-62] Phase: 62 (14) 
Count:   0.0   1.1   0.0   0.0   0.1   0.0   1.4   0.0   0.0   0.0   2.2   0.8   0.0   0.8   0.0 
Phase: * 63 * * 47 * 58 * * * 64 69 * 59 * 

7.2: Count:  44.1 ( 10.5) A:  30.5 [20-60] B:  27.9 [20-51] Phase: -85 (16) 
Count:  29.3  37.5  54.0  55.8  55.3  55.0  53.5  47.1  53.4  46.2  36.6  39.3  32.5  24.1  41.8 
A: 25.9 26.7 29.2 30.5 32.1 31.3 31.4 30.1 32.7 28.1 29.8 31.7 31.3 31.6 31.5 
Phase: -97 -90 -85 -83 -83 -80 -76 -80 -82 -82 -88 -90 -94 -95 -88 

7.3: Count:  30.9 ( 12.5) A:  28.4 [20-54] B:  24.8 [20-44] Phase: -115 (13) 
Count:  24.3  19.4  23.1  34.5  46.1  51.2  37.9  43.2  53.8  21.2  25.3  26.7  17.9  22.0  17.0 
Phase: -102 -102 -107 -109 -112 -117 -117 -119 -118 -119 -117 -115 -119 -120 -115 

7.4: Count:  89.0 (  4.3) A:  70.4 [20-173] B:  59.5 [20-135] Phase: -87 (33) 
Count:  85.4  93.5  94.2  90.5  90.6  92.4  84.0  89.2  94.8  90.8  91.7  88.0  85.8  83.0  81.2 
A: 62.3 66.9 74.9 83.7 78.5 76.8 74.4 68.4 60.5 61.8 65.7 63.9 71.0 77.3 69.2 
B: 57.6 61.7 64.2 64.1 58.3 56.5 57.9 55.4 54.1 56.8 60.7 57.3 61.9 66.1 59.8 
Phase: -58 -59 -64 -71 -67 -72 -78 -89 -91 -104 -106 -109 -109 -108 -108 

7.5: Count:   0.1 (  0.3) A:  57.1 [38-83] B:  25.2 [20-33] Phase: 8 (10) 
Count:   0.0   1.0   0.0   0.0   0.0   0.0   0.4   0.0   0.0   0.0   0.2   0.0   0.0   0.3   0.0 
Phase: * 7 * * * * 13 * * * 13 * * 5 * 

7.6: Count:   0.0 (  0.1) A:  45.0 [35-73] B:  21.7 [20-27] Phase: 23 (16) 
Phase: * * * * 13 * * * * * 12 * * 40 * 

7.7: Count:   0.1 (  0.2) A:  66.2 [44-93] B:  22.2 [21-23] Phase: 42 (16) 
Phase: * 41 * * * * 53 * * * 33 * * 44 * 

7.8: Count:   0.2 (  0.3) A:  70.4 [41-112] B:  26.4 [21-36] Phase: 45 (18) 
Count:   0.0   0.3   0.0   0.0   0.1   0.0   0.9   0.0   0.0   0.0   0.6   0.0   0.0   0.4   0.0 
Phase: * 67 * * 22 * 49 * * * 37 * * 37 * 

7.9: Count:   0.1 (  0.3) A:  65.6 [45-91] B:  24.7 [20-30] Phase: 31 (17) 
Count:   0.0   0.6   0.0   0.0   0.0   0.0   0.6   0.0   0.0   0.0   0.6   0.0   0.0   0.3   0.0 
Phase: * 30 * * * * 38 * * * 24 * * 35 * 

8.0: Count:   0.1 (  0.2) A:  81.8 [42-148] B:  25.7 [20-36] Phase: 31 (24) 
Count:   0.0   0.0   0.0   0.0   0.1   0.0   0.4   0.0   0.0   0.0   0.9   0.0   0.0   0.4   0.0 
Phase: * * * * 21 * 30 * * * 33 * * 30 * 

8.1: Count:   0.0 (  0.0) A: 127.0 [114-141] B:  25.3 [20-33] Phase: 63 (8) 
Phase: * * * * * * * * * * * 74 * 58 * 

8.2: Count:   0.1 (  0.3) A: 114.8 [51-195] B:  28.0 [20-42] Phase: 76 (15) 
Count:   0.0   0.0   0.0   0.0   0.1   0.0   0.6   0.0   0.0   0.0   1.0   0.1   0.0   0.4   0.0 
Phase: * * * * 73 * 69 * * * 80 72 * 79 * 

8.3: Count:   0.2 (  0.4) A:  70.0 [29-128] B:  27.6 [20-58] Phase: 79 (15) 
Count:   0.0   1.2   0.0   0.0   0.0   0.0   0.4   0.0   0.0   0.0   1.0   0.2   0.0   0.5   0.0 
Phase: * 81 * * * * 68 * * * 80 77 * 84 * 

8.4: Count:   0.4 (  0.6) A:  72.2 [30-194] B:  33.1 [20-73] Phase: 67 (12) 
Count:   0.0   0.6   0.0   0.0   0.1   0.0   1.4   0.0   0.0   0.0   2.0   0.7   0.0   0.7   0.0 
Phase: * 64 * * 62 * 70 * * * 67 67 * 63 * 

8.5: Count:   0.3 (  0.5) A:  71.4 [21-123] B:  34.3 [20-59] Phase: 52 (11) 
Count:   0.0   1.2   0.0   0.0   0.0   0.0   0.8   0.0   0.0   0.0   1.2   1.0   0.0   0.6   0.0 
Phase: * 49 * * * * 56 * * * 52 50 * 53 * 

8.6: Count:   0.4 (  0.7) A:  94.1 [25-201] B:  38.5 [20-83] Phase: 39 (11) 
Count:   0.0   0.6   0.0   0.0   0.1   0.0   1.2   0.0   0.0   0.0   2.3   0.9   0.0   0.6   0.0 
Phase: * 41 * * 38 * 35 * * * 39 42 * 38 * 

8.7: Count:   0.3 (  0.5) A:  82.9 [47-131] B:  31.3 [20-51] Phase: 41 (11) 
Count:   0.0   1.2   0.0   0.0   0.0   0.0   0.8   0.0   0.0   0.0   1.2   0.9   0.0   0.6   0.0 
Phase: * 39 * * * * 41 * * * 47 38 * 42 * 

8.8: Count:   0.4 (  0.7) A:  83.4 [23-158] B:  31.8 [20-62] Phase: 38 (8) 
Count:   0.0   0.9   0.0   0.0   0.1   0.0   1.2   0.0   0.0   0.0   2.3   1.3   0.0   0.7   0.0 
Phase: * 38 * * 42 * 36 * * * 37 38 * 37 * 

8.9: Count:   0.3 (  0.5) A:  79.0 [31-134] B:  30.1 [20-50] Phase: 33 (12) 
Count:   0.0   1.1   0.0   0.0   0.1   0.0   0.8   0.0   0.0   0.0   1.3   0.8   0.0   0.5   0.0 
Phase: * 31 * * 29 * 31 * * * 38 32 * 30 * 

9.0: Count:   0.4 (  0.5) A:  84.2 [42-128] B:  32.5 [20-54] Phase: 29 (11) 
Count:   0.0   0.8   0.0   0.0   0.1   0.0   1.1   0.0   0.0   0.0   1.5   1.1   0.0   0.6   0.0 
Phase: * 28 * * 32 * 37 * * * 20 31 * 30 * 

9.1: Count:   0.4 (  0.6) A:  73.5 [36-129] B:  29.6 [20-57] Phase: 19 (14) 
Count:   0.0   0.8   0.0   0.0   0.0   0.0   0.9   0.0   0.0   0.0   2.3   0.8   0.0   0.5   0.0 
Phase: * 26 * * * * 20 * * * 16 16 * 24 * 

9.2: Count:   0.3 (  0.4) A:  69.4 [36-115] B:  27.0 [20-43] Phase: 5 (15) 
Count:   0.0   0.5   0.0   0.0   0.1   0.0   0.9   0.0   0.0   0.0   1.3   0.8   0.0   0.4   0.0 
Phase: * -10 * * 0 * 6 * * * 2 17 * 8 * 

9.3: Count:   0.2 (  0.3) A:  76.1 [41-122] B:  26.7 [20-37] Phase: -10 (16) 
Count:   0.0   0.5   0.0   0.0   0.0   0.0   0.4   0.0   0.0   0.0   0.9   0.4   0.0   0.4   0.0 
Phase: * -16 * * * * -16 * * * -5 -6 * -10 * 

9.4: Count:   0.1 (  0.2) A:  65.1 [20-165] B:  24.1 [20-35] Phase: 20 (69) 
Count:   0.0   0.5   0.0   0.0   0.1   0.0   0.0   0.0   0.0   0.1   0.5   0.7   0.2   0.2   0.0 
Phase: * 46 115 * -121 * * * * 149 -13 -7 151 -15 * 

9.5: Count:  58.9 ( 22.5) A:  37.2 [20-213] B:  41.6 [20-100] Phase: -146 (33) 
Count:  15.5  19.1  36.0  36.7  50.9  56.4  61.9  62.1  74.4  78.8  77.4  76.4  76.4  79.9  80.9 
A: 26.5 29.6 29.7 31.0 33.4 34.0 36.6 36.5 38.6 38.8 43.7 38.6 37.7 39.7 38.8 
B: 26.9 30.0 31.3 32.1 34.5 35.9 38.9 41.7 44.0 47.2 48.4 48.3 44.8 42.5 41.7 
Phase: -161 -169 -160 -146 -146 -146 -144 -135 -145 -152 -140 -156 -141 -141 -141 

9.6: Count:  24.7 (  8.7) A:  30.7 [20-219] B:  25.1 [20-44] Phase: 91 (27) 
Count:  14.9  18.9  33.0  14.2  25.5  22.3  33.0  32.2  38.3  37.7  26.7  25.3  13.0  21.7  14.4 
A: 28.1 32.4 32.5 27.9 32.0 29.7 31.2 32.9 33.7 31.2 26.5 32.3 27.0 27.1 26.6 
Phase: 92 76 75 89 83 88 90 96 89 90 105 90 104 108 106 

9.7: Count:  40.0 ( 13.5) A:  40.0 [20-243] B:  29.5 [20-75] Phase: 121 (33) 
Count:  39.8  42.2  41.6  35.8  31.3  22.6  32.6  23.3  32.9  42.7  50.8  51.0  30.5  45.3  77.5 
A: 46.2 45.1 42.4 41.5 35.8 32.2 37.5 36.0 38.2 37.7 39.2 43.3 35.8 34.1 43.0 
B: 29.1 27.9 29.3 27.6 25.9 24.9 26.6 25.9 29.1 27.9 30.0 32.9 31.0 27.4 35.2 
Phase: 125 118 117 125 121 115 107 125 123 120 119 110 134 129 128 

9.8: Count:  28.1 (  9.9) A:  30.6 [20-223] B:  30.1 [20-71] Phase: 132 (58) 
Count:  29.8  25.0  39.3  31.7  29.4  23.6  44.9  33.2  42.8  33.3  24.2  19.2  11.0  13.7  20.1 
A: 30.6 31.1 32.8 30.4 31.5 30.3 33.8 29.4 28.4 31.8 32.4 30.3 25.0 26.6 25.2 
B: 27.0 29.3 28.6 28.1 29.2 30.3 30.1 29.9 31.6 32.5 34.7 34.7 28.2 26.8 28.4 
Phase: 104 147 145 157 152 151 155 142 129 125 122 118 93 67 95 

9.9: Count:   3.8 (  1.7) A:  31.6 [20-222] B:  23.4 [20-45] Phase: -180 (25) 
Count:   3.5   4.0   3.9   2.7   2.3   2.2   3.8   2.3   4.5   6.0   5.1   7.5   2.9   1.1   5.1 
A: 28.1 48.6 34.1 30.1 35.3 32.0 44.7 27.0 25.1 28.4 29.7 27.8 30.8 41.1 24.7 
Phase: -172 177 163 164 -176 -180 179 -180 178 179 -173 -173 -179 -162 176 

10.0: Count:  20.3 ( 11.3) A:  35.3 [20-156] B:  24.8 [20-49] Phase: -154 (17) 
Count:  30.4  22.6  28.7  29.7  27.9  26.2  32.1  22.2  30.7  22.3  14.9  12.6   2.7   0.7   1.0 
A: 41.0 40.5 39.5 37.0 36.3 34.8 35.3 30.4 32.0 31.9 28.2 27.9 27.1 50.1 26.7 
Phase: -149 -149 -151 -151 -150 -150 -156 -156 -160 -160 -159 -154 -160 -155 -139 

10.1: Count:   2.7 (  1.8) A:  24.0 [20-74] B:  25.7 [20-41] Phase: 159 (58) 
Count:   1.0   1.3   4.6   4.6   2.3   1.3   1.6   1.3   2.0   4.3   6.1   4.2   1.3   0.8   4.6 
A: 26.4 22.4 23.6 25.7 23.6 22.9 30.2 23.6 24.3 22.4 24.0 22.2 22.9 28.6 22.8 
Phase: 128 164 -176 160 -166 153 167 130 129 111 156 140 -180 126 179 

10.2: Count:   3.3 (  1.4) A:  29.2 [20-126] B:  23.9 [20-42] Phase: -179 (15) 
Count:   3.4   2.7   3.6   1.8   2.7   2.3   3.6   1.6   3.1   6.1   5.4   4.9   2.9   1.4   3.7 
A: 27.7 32.1 29.3 25.6 27.0 30.6 36.2 25.5 28.6 25.8 31.3 31.5 25.8 33.0 26.5 
Phase: -172 -178 179 179 179 -179 176 177 173 -180 -175 -178 -177 173 -172 

10.3: Count:   0.9 (  0.9) A: 124.0 [20-378] B:  37.2 [20-97] Phase: 165 (22) 
Count:   0.8   1.7   0.0   0.1   0.3   0.5   2.5   0.0   0.2   0.2   3.1   1.2   0.8   1.6   0.7 
A: 28.4 186.3 * 22.8 103.0 28.8 148.4 * 24.1 25.5 178.0 138.3 25.6 115.1 24.0 
B: 24.3 44.9 * 21.4 31.3 27.3 41.5 * 22.7 23.8 45.6 35.7 24.8 35.5 21.8 
Phase: 176 164 * -170 159 177 162 * 162 -179 154 151 -170 167 -161 

10.4: Count:   2.7 (  1.5) A:  58.5 [20-428] B:  29.0 [20-104] Phase: 174 (20) 
Count:   2.4   2.4   3.0   1.5   1.4   1.0   4.1   1.6   1.6   4.0   5.9   5.4   1.4   2.0   2.1 
A: 24.9 130.3 25.8 25.8 42.5 26.9 83.9 26.3 54.0 27.6 93.1 55.7 27.0 110.2 25.6 
B: 23.9 40.6 22.9 21.9 26.2 23.2 32.8 24.1 29.1 23.2 35.3 28.6 27.0 37.2 22.3 
Phase: -178 158 177 -176 172 179 168 -176 178 -179 167 179 -172 162 179 

10.5: Count:   5.3 (  2.8) A:  43.6 [20-426] B:  26.4 [20-121] Phase: 177 (17) 
Count:   4.1   4.3   4.7   3.9   3.4   2.4   6.0   2.8   9.3   7.6  11.4   8.1   3.1   2.0   6.5 
A: 28.3 90.9 26.8 25.2 33.4 25.7 73.7 26.6 31.5 25.7 62.1 46.7 26.5 105.5 27.1 
B: 22.1 36.8 23.0 22.9 24.3 22.2 31.6 23.3 25.3 23.1 29.7 26.4 23.1 38.2 22.6 
Phase: -174 169 -179 -178 -176 176 172 -174 179 -179 169 174 -176 164 -175 

10.6: Count:   2.5 (  1.4) A:  57.9 [20-402] B:  30.1 [20-128] Phase: 174 (21) 
Count:   1.8   2.5   4.1   2.2   2.6   2.1   2.7   1.2   1.1   2.7   5.1   5.5   1.1   1.4   2.2 
A: 23.3 156.7 24.7 26.1 29.0 26.4 102.3 24.0 23.3 26.3 122.0 33.5 25.9 136.7 27.8 
B: 23.3 53.2 21.9 24.0 23.0 23.2 40.6 22.0 24.3 23.8 43.2 25.1 22.7 46.6 22.5 
Phase: -173 152 -177 179 179 178 163 179 -179 -180 157 -179 -180 159 -178 

10.7: Count:   0.8 (  0.9) A: 129.8 [20-448] B:  49.4 [20-150] Phase: 157 (26) 
Count:   1.1   1.9   0.4   0.3   0.2   0.0   2.4   0.1   0.1   0.7   3.0   0.1   0.2   1.2   0.9 
A: 25.2 175.8 23.5 25.0 200.3 * 145.1 20.0 27.0 22.7 202.2 27.0 22.0 168.1 24.4 
B: 21.5 60.8 22.2 23.0 63.3 * 54.0 22.0 23.0 21.3 69.9 26.0 21.0 56.9 20.0 
Phase: -174 140 176 169 151 * 151 -174 -161 -158 144 176 178 146 176 

10.8: Count:  14.5 (  3.9) A:  32.8 [20-368] B:  25.2 [20-121] Phase: -175 (15) 
Count:  15.5  11.3  13.9   8.9  12.7  13.8  18.0  12.6  18.9  20.0  20.2  15.5   9.0   9.5  17.1 
A: 27.8 49.6 27.6 28.7 31.2 28.2 37.6 28.9 28.8 28.8 49.0 27.0 26.5 43.1 27.5 
B: 23.8 28.8 23.6 23.5 24.6 23.3 27.0 23.8 23.9 24.7 30.0 24.4 23.2 26.4 24.6 
Phase: -171 -177 -175 -171 -172 -173 -177 -170 -172 -176 178 -176 -175 -175 -175 

10.9: Count:   0.9 (  0.9) A: 105.9 [20-336] B:  47.2 [20-133] Phase: 162 (30) 
Count:   0.1   1.8   0.7   0.5   0.7   0.4   2.3   0.5   0.0   0.3   3.4   0.5   0.3   1.2   0.5 
A: 25.0 144.8 25.6 24.3 76.3 30.6 127.6 29.4 24.0 21.9 151.7 21.4 31.0 135.6 25.7 
B: 26.0 58.6 21.8 29.1 37.4 20.4 54.1 20.2 22.0 21.0 60.5 26.3 29.0 57.1 20.7 
Phase: -161 139 -165 -175 169 -164 156 -167 155 -146 146 176 -154 155 -175 

11.0: Count:   0.8 (  0.9) A:  97.7 [20-318] B:  44.4 [20-124] Phase: 159 (28) 
Count:   0.1   2.4   0.6   0.7   0.3   0.2   1.7   0.4   0.5   1.1   3.1   0.0   0.3   1.1   0.3 
A: 23.0 110.7 23.4 25.8 103.2 22.7 128.6 26.6 22.3 22.4 153.5 20.0 24.0 145.9 24.4 
B: 24.7 48.1 20.4 21.0 50.2 25.8 51.8 21.6 20.8 23.4 61.0 26.0 21.0 61.6 21.0 
Phase: 176 151 -177 -177 157 -173 139 -158 179 -162 141 -177 -173 147 172 

11.1: Count:   1.5 (  0.9) A:  64.1 [20-341] B:  36.9 [20-163] Phase: 173 (24) 
Count:   2.1   2.7   0.6   0.8   0.8   0.6   1.9   2.1   1.5   0.9   3.7   2.4   0.3   1.2   1.1 
A: 23.8 97.6 23.3 28.0 54.8 25.6 102.5 24.0 22.1 22.5 136.8 24.1 23.8 134.3 24.0 
B: 22.3 50.7 21.4 21.5 34.2 22.5 48.1 23.5 22.8 21.2 63.1 22.6 20.5 61.8 23.6 
Phase: -175 158 -151 -178 177 -177 152 -169 -177 -175 156 -171 178 151 174 

11.2: Count:   1.5 (  1.2) A:  63.1 [20-307] B:  39.4 [20-147] Phase: 179 (31) 
Count:   1.5   2.2   1.9   0.4   0.7   1.3   2.3   2.5   0.5   0.4   4.7   0.3   0.6   1.7   1.6 
A: 27.3 89.7 24.2 23.3 65.5 23.7 107.9 23.4 22.3 25.2 103.9 22.0 31.0 98.7 24.5 
B: 21.4 49.8 24.0 21.2 39.9 22.5 55.1 25.0 22.9 22.4 57.6 23.0 25.4 55.9 22.7 
Phase: -175 170 -169 -172 -168 -165 156 -158 -150 171 166 145 166 168 -163 

11.3: Count:   1.2 (  1.1) A:  84.1 [20-457] B:  52.4 [20-268] Phase: 164 (21) 
Count:   0.2   2.4   0.9   0.4   0.8   0.3   2.5   0.6   1.5   1.3   3.6   0.1   0.1   2.5   0.9 
A: 25.0 118.9 23.4 26.0 69.9 32.9 113.2 23.5 27.4 24.1 142.6 22.8 22.6 89.6 28.0 
B: 22.0 72.0 23.0 25.3 43.2 24.5 64.8 21.3 22.0 20.5 84.3 21.2 21.1 55.8 20.6 
Phase: -167 155 -179 176 161 158 158 166 176 -171 151 -179 176 164 173 

11.4: Count:   0.7 (  0.9) A: 122.5 [20-373] B:  82.0 [20-254] Phase: 154 (19) 
Count:   0.3   2.1   0.3   0.1   0.7   0.1   1.8   0.1   0.0   0.3   2.9   0.0   0.3   1.3   0.4 
A: 20.0 124.3 27.0 27.3 59.3 25.5 143.6 26.0 * 21.0 172.5 20.0 31.0 145.2 24.5 
B: 21.0 83.8 25.0 21.0 44.5 21.5 94.4 21.2 * 22.0 113.4 23.0 22.0 92.8 22.0 
Phase: 179 151 -164 174 164 169 140 173 * -178 146 176 178 155 174 

11.5: Count:   2.7 (  1.4) A:  54.8 [20-388] B:  42.0 [20-263] Phase: 171 (17) 
Count:   4.5   5.8   1.2   1.5   2.0   2.3   2.9   2.0   3.9   2.6   4.6   1.3   1.4   2.6   2.3 
A: 28.9 67.3 27.0 27.0 45.5 26.2 107.7 27.6 24.6 25.8 126.8 28.6 25.4 94.4 28.2 
B: 24.6 47.1 22.8 22.4 37.3 22.7 76.0 24.3 24.2 23.4 90.8 23.2 24.1 67.1 27.6 
Phase: 178 169 177 171 172 179 158 173 -180 -172 156 -179 167 164 168 

11.6: Count:   1.0 (  1.0) A:  93.9 [20-380] B:  74.8 [20-315] Phase: 164 (17) 
Count:   1.5   2.0   0.2   0.7   1.1   0.5   2.1   0.2   0.5   0.4   3.5   0.4   0.0   1.1   0.3 
A: 26.3 125.2 27.2 23.1 39.7 23.0 130.4 24.1 22.6 25.4 141.0 26.0 * 162.9 30.3 
B: 24.7 93.1 24.7 23.3 33.5 22.2 97.9 21.7 21.7 29.2 115.4 25.9 * 124.3 25.5 
Phase: 174 158 -154 179 165 164 160 -178 155 -176 156 -171 * 154 177 

11.7: Count:   3.5 (  1.1) A:  46.0 [20-359] B:  41.0 [20-311] Phase: -173 (22) 
Count:   2.3   5.7   2.7   2.5   3.1   4.1   4.1   3.3   2.8   4.8   5.3   3.9   2.9   4.1   1.7 
A: 26.2 72.4 25.0 24.4 38.1 24.4 85.7 24.8 22.0 24.7 107.1 24.0 25.9 58.0 23.9 
B: 23.4 62.3 25.1 24.0 36.5 24.4 74.8 22.7 22.1 23.5 87.2 24.3 24.6 49.8 24.0 
Phase: -166 -177 -170 -162 -170 -174 -177 -166 -159 -163 164 -166 -166 175 -160 

11.8: Count:   6.0 (  2.7) A:  32.5 [20-328] B:  38.2 [20-293] Phase: -135 (56) 
Count:   5.2  10.1   7.3   8.7   7.6   7.5  10.4   7.8   4.0   4.5   5.4   3.7   1.9   2.6   2.6 
A: 24.9 40.5 23.0 23.6 25.6 22.7 40.5 23.0 22.6 22.1 86.6 22.6 22.5 66.3 23.4 
B: 29.8 47.1 31.2 30.9 31.1 29.6 46.6 33.0 27.4 31.2 79.2 27.9 29.2 64.8 28.3 
Phase: -149 -166 -152 -112 -117 -129 -113 -126 -116 -131 -170 -124 -161 178 -140 

11.9: Count:  87.0 ( 10.1) A:  36.1 [20-312] B:  50.2 [20-353] Phase: -109 (17) 
Count:  95.4  93.6  92.7  93.8  87.3  89.2  94.7  89.6  92.4  93.4  93.0  82.6  76.4  65.1  65.9 
A: 39.3 39.9 39.3 35.2 36.3 37.6 39.0 35.0 35.6 37.3 39.2 33.5 29.8 30.2 28.0 
B: 53.4 54.0 54.1 48.0 48.6 53.6 54.5 51.1 48.7 51.7 55.0 47.1 44.3 42.5 38.8 
Phase: -110 -112 -109 -107 -108 -109 -110 -110 -108 -108 -110 -104 -104 -108 -108 

12.0: Count:  13.8 (  2.0) A:  28.6 [20-239] B:  30.8 [20-316] Phase: 159 (41) 
Count:  12.9  17.7  13.2  13.7  12.4  13.5  15.8  16.3  13.3  15.0  14.4  11.2  14.2  13.0   9.9 
A: 25.7 33.7 25.7 25.3 26.5 25.1 32.3 26.1 26.1 25.0 43.6 24.6 26.1 33.5 25.1 
B: 28.7 37.0 27.5 27.0 28.3 27.4 35.2 28.6 26.1 27.4 44.7 27.8 28.6 35.4 25.9 
Phase: 160 149 151 157 159 156 162 158 169 157 167 164 157 162 169 

12.1: Count:   3.8 (  1.1) A:  39.8 [20-431] B:  39.1 [20-319] Phase: -173 (21) 
Count:   4.9   6.2   2.7   2.7   3.8   4.2   4.4   3.7   3.0   2.7   4.1   3.9   3.3   4.5   2.0 
A: 27.3 51.4 24.7 24.9 37.9 23.9 70.5 25.9 24.5 24.0 92.3 27.7 24.0 52.1 27.9 
B: 23.7 51.4 24.6 24.2 36.3 24.4 70.3 24.2 23.7 21.6 99.1 24.2 22.5 51.7 24.7 
Phase: -177 -171 -172 -170 -162 -173 -160 176 -170 -179 -173 175 -166 -176 -173 

12.2: Count:   1.7 (  0.9) A:  51.7 [20-283] B:  47.2 [20-282] Phase: -161 (23) 
Count:   2.8   3.6   0.9   1.3   1.2   1.6   2.7   0.9   1.3   1.7   3.2   1.0   0.9   2.3   0.9 
A: 24.4 64.2 25.5 26.0 42.1 25.3 68.2 30.6 24.9 24.3 129.2 23.2 24.4 63.5 23.7 
B: 22.8 60.7 23.3 24.2 31.7 22.1 69.0 27.0 23.7 21.0 110.8 22.0 21.5 61.1 23.1 
Phase: -168 -163 -167 -177 -163 -174 -150 -162 -169 -165 -137 -161 -173 -157 -178 

12.3: Count:   5.7 (  1.5) A:  40.5 [20-374] B:  33.1 [20-352] Phase: -169 (19) 
Count:   7.2   8.0   7.0   5.2   5.3   3.7   3.5   4.8   5.4   8.3   6.6   6.5   4.5   5.2   4.0 
A: 28.0 55.6 26.9 28.0 37.4 27.8 87.2 29.0 27.1 27.8 94.2 29.5 27.9 55.7 27.3 
B: 22.8 43.8 22.3 22.7 31.9 23.0 68.8 23.1 22.4 22.8 78.5 23.3 22.4 47.7 21.8 
Phase: -176 -163 -171 -173 -170 -175 -149 -172 -174 -173 -148 -179 -169 -159 -176 

12.4: Count:   1.9 (  1.1) A:  63.8 [20-378] B:  44.1 [20-239] Phase: -157 (33) 
Count:   1.9   4.1   1.2   1.7   1.3   0.8   3.1   0.3   1.5   2.0   3.7   1.8   0.5   2.4   1.4 
A: 26.7 97.3 25.2 26.3 36.8 27.5 87.3 25.2 25.3 25.0 140.3 24.6 25.3 86.6 22.2 
B: 23.8 60.5 23.7 22.6 32.3 22.9 56.1 21.6 23.3 21.6 87.9 23.2 20.9 56.7 22.9 
Phase: -168 -146 -171 -168 -175 -175 -150 -164 -161 -177 -129 -169 -167 -153 -167 

12.5: Count:   4.9 (  1.3) A:  49.3 [20-561] B:  32.0 [20-269] Phase: -167 (24) 
Count:   6.0   7.3   4.0   3.6   5.0   3.8   5.8   3.2   3.6   6.3   5.6   6.0   3.9   5.3   3.5 
A: 28.3 67.6 28.0 27.6 45.4 27.5 82.1 27.0 26.5 27.7 149.3 29.9 28.1 62.8 27.8 
B: 23.9 36.5 23.3 22.7 30.2 23.4 49.3 22.8 22.5 23.2 71.3 24.1 22.2 38.4 23.8 
Phase: -176 -155 -174 -176 -171 -173 -156 -174 -176 -172 -139 -172 -176 -162 -173 

12.6: Count:   5.7 (  1.8) A:  46.7 [20-549] B:  26.7 [20-189] Phase: -171 (25) 
Count:   8.7   7.6   4.0   5.5   4.6   4.2   9.2   4.5   4.5   8.2   5.3   4.4   3.5   6.0   5.2 
A: 30.2 72.8 27.1 27.7 32.6 31.9 66.1 28.4 26.9 29.8 144.8 30.9 28.9 61.2 29.1 
B: 24.6 31.5 22.6 22.8 23.6 26.0 29.2 23.3 22.0 23.4 45.5 22.8 22.8 31.0 23.2 
Phase: -176 -170 -179 -176 -173 179 -168 -173 -168 -176 -136 -173 -175 -166 -174 

12.7: Count:   6.9 (  1.7) A:  47.2 [20-800] B:  25.0 [20-153] Phase: -175 (23) 
Count:   9.0  10.4   7.0   5.4   4.6   4.7   5.5   5.7   6.9   8.1   6.9   9.4   6.4   7.0   6.0 
A: 29.4 52.7 28.5 28.7 53.8 27.5 116.5 29.3 27.8 29.1 127.9 31.2 30.6 75.8 29.6 
B: 23.3 24.4 22.8 23.8 26.7 23.0 30.8 23.2 22.6 23.4 32.4 24.5 23.4 28.5 23.1 
Phase: 176 -173 -178 -180 -174 -176 -153 175 -173 -176 -170 -174 -178 -178 -171 

12.8: Count:  10.8 (  2.2) A:  43.8 [20-765] B:  25.1 [20-147] Phase: -180 (20) 
Count:  10.1  16.2  11.2  11.4  11.7  11.8  12.2   9.1   7.7  11.9   9.5   9.2   7.6  13.1   9.6 
A: 32.2 61.0 30.8 32.1 36.1 32.8 62.4 31.7 31.3 31.8 112.3 29.2 30.1 55.7 31.0 
Phase: -180 174 -178 -177 -178 179 175 178 -176 -176 173 -177 -177 176 -180 

12.9: Count:  11.8 (  2.9) A:  50.3 [20-1059] B:  27.3 [20-229] Phase: 178 (22) 
Count:  14.6  18.7  13.4  10.4  10.6  10.6  12.8   8.5  10.0  15.0  10.4  14.8   9.2  10.0   8.5 
A: 35.2 61.8 33.3 31.8 45.8 32.3 86.7 29.9 30.7 32.2 163.8 34.0 31.7 73.1 31.3 
B: 25.0 30.4 25.2 23.7 26.2 23.8 34.9 22.3 23.5 23.7 46.9 24.2 23.5 30.8 22.9 
Phase: -176 170 -180 -177 178 179 176 -177 -180 -179 154 -180 -177 173 -177 

13.0: Count:  20.0 (  4.5) A:  47.7 [20-1026] B:  28.3 [20-329] Phase: 177 (19) 
Count:  26.2  32.6  19.0  18.5  21.3  19.0  18.3  19.0  18.5  22.6  15.0  19.6  14.5  19.7  16.2 
A: 39.9 55.1 36.6 38.9 40.0 39.8 73.0 36.8 35.9 38.8 119.4 36.4 37.0 61.9 36.9 
B: 25.9 30.1 24.9 25.8 26.0 25.9 37.1 24.3 24.9 26.0 49.7 24.5 25.7 32.4 24.9 
Phase: -180 175 -180 178 178 -180 171 178 -178 -179 166 -180 178 172 -179 

13.1: Count:  26.6 (  3.1) A:  59.0 [20-1312] B:  29.2 [20-496] Phase: 172 (23) 
Count:  30.7  29.0  26.6  25.9  25.2  23.7  28.4  24.5  23.6  28.8  28.5  32.9  23.0  22.1  25.6 
A: 50.9 78.3 47.9 48.3 51.9 47.7 77.0 47.3 50.9 51.1 111.2 48.8 46.4 71.1 48.7 
B: 25.7 38.1 25.3 25.4 27.1 24.9 35.6 24.8 25.2 26.2 47.6 25.5 24.9 34.2 25.1 
Phase: 176 171 174 174 172 168 170 171 179 177 168 178 169 161 175 

13.2: Count:  38.9 (  6.6) A:  53.1 [20-1159] B:  31.2 [20-562] Phase: 176 (16) 
Count:  47.9  53.6  41.4  40.9  36.9  33.1  35.4  34.4  35.8  45.2  28.2  41.8  34.9  41.3  32.4 
A: 47.2 65.9 44.0 45.7 48.8 46.0 69.1 46.5 44.5 46.1 104.7 45.1 46.8 60.6 43.7 
B: 28.3 37.1 27.1 27.6 28.4 28.5 38.3 28.0 27.1 28.1 55.7 27.8 28.2 34.4 27.3 
Phase: 177 173 176 176 176 178 173 176 177 179 171 178 175 174 178 

13.3: Count:  36.4 (  8.9) A:  51.4 [20-1426] B:  31.1 [20-764] Phase: 174 (16) 
Count:  47.6  58.6  37.2  33.4  35.1  34.1  32.6  30.1  32.4  44.8  23.1  40.9  31.3  38.3  26.4 
A: 43.7 59.1 41.1 43.8 47.7 44.3 74.5 43.0 42.5 45.5 120.7 42.9 41.7 59.5 40.3 
B: 26.9 34.6 26.7 27.1 29.1 27.1 42.4 26.0 26.7 27.9 68.0 26.3 26.3 35.3 26.2 
Phase: 175 172 175 176 176 175 170 173 177 176 167 178 174 171 176 

13.4: Count:  63.0 (  8.9) A:  61.6 [20-1412] B:  36.6 [20-896] Phase: 173 (14) 
Count:  79.0  83.1  64.5  62.4  62.8  60.6  55.9  60.2  58.7  67.6  51.3  66.0  54.2  66.5  52.7 
A: 61.6 73.9 57.2 57.4 59.7 56.7 70.6 57.9 54.0 58.3 83.1 57.3 54.5 64.9 54.2 
B: 35.3 43.1 33.7 33.7 34.6 33.5 43.3 34.1 32.2 33.9 52.5 34.5 32.2 38.8 33.1 
Phase: 173 170 173 174 174 174 173 173 175 175 172 175 173 172 175 

13.5: Count:  58.2 ( 10.2) A:  58.6 [20-1285] B:  35.7 [20-940] Phase: 171 (13) 
Count:  72.1  78.3  58.9  61.4  63.4  51.0  49.1  55.2  49.2  62.5  38.4  68.9  55.9  57.9  50.6 
A: 56.4 66.3 52.9 53.6 57.5 52.3 71.5 52.3 51.3 56.9 98.2 52.8 52.2 65.0 49.8 
B: 32.5 40.3 31.7 31.4 33.9 31.8 45.4 31.6 31.0 33.2 68.5 31.8 31.3 40.4 31.4 
Phase: 171 169 173 172 171 171 170 169 172 172 169 173 173 169 173 

13.6: Count:  71.6 ( 11.2) A:  70.5 [20-1087] B:  42.3 [20-884] Phase: 169 (13) 
Count:  87.4  95.3  70.8  75.6  71.8  65.5  61.6  69.1  66.3  76.8  52.5  80.9  68.4  76.4  56.1 
A: 73.5 83.7 69.9 68.1 67.7 67.4 74.7 68.6 63.2 69.3 82.4 66.9 62.4 73.8 61.5 
B: 42.5 50.7 41.2 38.8 39.3 39.6 47.9 40.2 37.3 40.3 56.7 39.4 37.0 45.7 37.1 
Phase: 168 166 170 169 168 168 169 167 171 170 167 171 169 167 171 

13.7: Count:  63.0 ( 12.9) A:  63.6 [20-1060] B:  40.0 [20-1083] Phase: 165 (14) 
Count:  81.6  89.6  60.4  67.2  67.4  60.6  55.1  58.8  52.8  68.9  38.2  65.5  59.6  73.0  46.3 
A: 63.1 74.5 61.5 60.3 61.1 62.5 70.1 61.3 56.1 62.6 83.7 57.3 56.9 65.0 58.4 
B: 37.7 48.3 37.6 35.9 37.6 37.7 47.3 36.8 34.6 37.7 65.2 35.2 35.1 41.7 36.8 
Phase: 164 162 166 166 165 166 164 166 168 168 162 167 167 165 166 

13.8: Count:  72.5 ( 12.6) A:  73.0 [20-774] B:  45.8 [20-995] Phase: 164 (14) 
Count:  90.1  97.7  74.2  75.9  78.1  67.5  65.4  69.1  62.2  77.4  48.4  79.3  67.9  79.6  54.3 
A: 77.3 85.7 72.2 70.1 70.6 71.8 74.6 70.8 68.1 71.6 79.7 70.4 68.4 71.5 66.5 
B: 46.9 54.5 45.1 42.9 42.8 43.7 49.3 43.6 41.8 43.0 58.5 43.1 42.9 46.4 41.6 
Phase: 163 161 164 164 164 164 164 163 166 166 161 165 164 163 164 

13.9: Count:  67.2 ( 14.2) A:  66.1 [20-712] B:  43.7 [20-694] Phase: 160 (14) 
Count:  83.5  94.5  65.5  75.0  71.7  64.8  55.3  65.8  53.7  72.2  40.9  76.0  62.8  79.2  46.5 
A: 69.4 75.3 63.1 62.7 65.4 64.2 71.2 65.3 62.2 66.4 70.9 60.3 58.6 68.1 64.2 
B: 44.4 49.8 40.8 40.3 43.3 42.2 50.1 42.6 39.0 41.1 56.0 38.3 39.0 46.2 43.8 
Phase: 160 159 161 160 160 160 158 159 163 163 155 163 160 158 162 

14.0: Count:  72.9 ( 13.4) A:  71.9 [20-276] B:  48.0 [20-228] Phase: 159 (12) 
Count:  91.1  98.1  69.6  77.6  75.8  66.2  61.9  72.3  62.9  80.8  50.3  84.0  71.4  80.8  50.8 
A: 76.5 81.3 73.6 68.9 67.7 72.8 72.8 75.2 69.2 71.0 65.8 72.3 65.9 68.0 71.0 
B: 50.6 54.2 49.3 45.7 45.3 48.9 48.4 51.1 44.9 46.1 43.9 47.7 45.7 46.4 48.0 
Phase: 157 158 159 159 158 158 158 157 163 160 162 161 158 157 160 

14.1: Count:  73.0 ( 11.3) A:  67.1 [20-213] B:  49.0 [20-171] Phase: 154 (18) 
Count:  88.7  95.0  73.7  79.0  76.9  68.3  65.0  71.0  62.3  77.9  52.6  79.1  69.9  79.7  56.6 
A: 75.1 80.7 65.6 66.4 67.5 66.5 67.7 63.4 64.0 68.9 56.2 61.4 60.7 68.4 63.2 
B: 53.1 58.7 48.9 47.7 49.6 49.3 49.1 47.2 46.1 47.5 41.0 45.2 45.3 51.4 48.5 
Phase: 156 156 153 154 153 153 154 151 155 155 152 158 155 154 152 

14.2: Count:  74.1 ( 14.0) A:  70.4 [20-226] B:  54.0 [20-206] Phase: 154 (13) 
Count:  91.6  99.0  72.8  80.1  79.3  67.1  60.0  72.4  62.9  84.3  49.2  83.3  72.1  85.2  52.6 
A: 80.5 83.3 74.9 67.4 67.1 69.4 67.9 69.1 67.8 69.1 62.8 69.7 65.6 64.1 66.3 
B: 61.2 63.3 57.4 51.4 51.4 54.1 51.9 53.4 50.9 50.9 48.3 53.5 52.0 50.5 52.0 
Phase: 155 154 153 154 155 153 154 154 154 156 155 156 153 153 154 

14.3: Count:  73.0 ( 13.6) A:  64.8 [20-202] B:  56.0 [20-205] Phase: 152 (12) 
Count:  88.8  99.2  70.2  79.0  78.9  67.2  65.4  68.4  60.7  79.3  49.8  82.6  69.3  84.9  51.4 
A: 74.2 77.6 66.3 63.2 62.8 65.9 64.1 61.7 61.0 66.6 57.6 59.0 57.7 62.6 60.9 
B: 63.7 67.9 57.7 54.3 54.3 57.4 55.6 56.2 50.2 55.0 49.1 50.4 51.1 54.9 53.2 
Phase: 153 152 153 152 153 151 153 152 152 153 153 152 152 152 152 

14.4: Count:  75.6 ( 12.6) A:  60.7 [20-180] B:  56.5 [20-285] Phase: 150 (13) 
Count:  93.2  98.3  73.2  82.6  81.4  70.6  66.5  73.3  66.1  83.1  53.6  84.5  71.7  81.0  54.7 
A: 67.4 72.0 63.9 56.9 56.6 59.2 59.5 59.7 60.3 63.4 54.5 61.3 54.5 56.1 56.9 
B: 62.5 67.5 59.8 53.4 53.4 56.0 54.3 57.3 53.7 56.7 50.9 56.4 52.0 52.8 53.2 
Phase: 151 151 151 151 151 151 150 152 150 151 149 150 150 151 151 

14.5: Count:  70.1 ( 14.1) A:  53.0 [20-310] B:  58.7 [20-791] Phase: 147 (13) 
Count:  90.0  98.4  70.2  76.6  74.1  63.9  59.5  67.5  58.6  78.6  46.4  79.3  62.9  75.9  49.5 
A: 56.5 60.1 50.6 50.3 51.1 53.5 56.1 50.0 51.9 54.1 51.8 49.2 49.1 53.3 53.8 
B: 60.2 68.6 55.8 54.7 55.7 59.4 64.3 57.7 54.5 56.9 68.4 53.1 53.1 59.6 58.3 
Phase: 149 148 146 148 149 149 146 149 147 148 144 146 146 149 148 

14.6: Count:  66.7 ( 14.3) A:  45.0 [20-315] B:  55.5 [20-867] Phase: 146 (15) 
Count:  87.5  95.5  65.6  69.6  71.4  58.8  58.5  63.4  55.4  77.0  45.2  76.7  57.5  73.8  44.4 
A: 47.8 49.2 45.3 42.2 41.8 43.4 43.9 42.2 46.9 46.9 44.8 46.5 44.0 41.6 45.2 
B: 57.5 62.5 53.7 51.3 51.2 53.8 56.7 54.0 54.4 53.7 68.9 54.2 52.8 52.8 54.5 
Phase: 147 146 145 148 146 148 147 148 145 144 141 143 145 146 144 

14.7: Count:  59.2 ( 14.8) A:  39.0 [20-190] B:  56.4 [20-773] Phase: 142 (18) 
Count:  82.4  92.1  61.1  61.0  60.8  51.4  48.6  49.1  51.3  69.8  35.2  68.0  51.5  62.2  43.0 
B: 57.8 65.9 55.3 53.6 53.9 56.0 59.9 52.1 50.9 55.0 71.3 51.1 52.2 56.9 52.5 
Phase: 142 143 141 144 144 144 141 146 142 140 134 138 142 145 142 

14.8: Count:  48.2 ( 15.5) A:  32.3 [20-167] B:  51.7 [20-765] Phase: 139 (20) 
Count:  74.6  83.8  50.8  46.4  46.7  40.2  40.5  37.2  39.9  64.2  27.7  54.5  40.2  45.3  31.1 
B: 51.6 55.7 51.4 48.0 50.0 47.9 55.5 49.0 48.7 49.7 78.2 49.1 47.0 52.0 47.1 
Phase: 140 140 136 141 141 140 138 143 138 136 133 130 138 141 140 

14.9: Count:  35.3 ( 10.1) A:  29.7 [20-114] B:  54.7 [20-653] Phase: 132 (24) 
Count:  48.3  59.0  39.4  36.0  36.0  29.2  28.7  26.0  31.9  43.8  21.2  43.4  29.1  33.2  24.4 
B: 53.8 60.1 51.4 50.7 52.8 53.7 59.8 53.9 51.9 51.0 85.7 49.0 47.6 58.7 49.4 
Phase: 137 135 130 136 141 136 132 135 130 131 120 124 125 130 131 

15.0: Count:  24.9 (  6.1) A:  27.5 [20-97] B:  49.3 [20-679] Phase: 126 (34) 
Count:  30.6  35.7  28.2  22.5  23.2  17.3  22.1  19.1  25.0  35.8  20.2  31.0  19.3  24.5  18.3 
B: 47.2 57.6 44.1 43.4 46.8 45.9 57.6 47.3 43.9 44.8 77.7 44.5 44.2 52.6 42.6 
Phase: 128 135 122 128 127 136 126 122 121 124 132 116 120 125 136 

15.1: Count:  18.5 (  5.1) A:  26.9 [20-111] B:  53.0 [20-671] Phase: 115 (40) 
Count:  23.0  27.4  19.0  18.4  16.9  13.8  14.1  11.1  16.2  28.2  14.7  24.6  15.4  19.4  15.8 
B: 47.8 64.6 45.5 46.6 46.9 47.4 71.5 45.8 50.9 48.7 90.1 48.3 45.4 55.1 44.1 
Phase: 117 115 113 124 124 119 110 119 116 114 102 106 113 117 123 

15.2: Count:  31.4 (  9.1) A:  26.2 [20-102] B:  51.8 [20-581] Phase: 125 (31) 
Count:  15.7  24.5  38.4  39.0  24.8  19.5  27.5  23.4  30.0  36.4  39.9  41.1  27.7  35.7  48.1 
B: 46.4 57.5 47.9 50.2 50.7 45.9 57.5 48.5 48.0 52.9 61.4 49.9 49.2 56.4 49.4 
Phase: 121 114 119 131 125 124 131 131 124 124 128 117 125 129 127 

15.3: Count:   6.2 (  2.4) A:  26.8 [20-137] B:  59.9 [20-499] Phase: 82 (50) 
Count:   3.4   8.5   8.1   5.2   3.5   3.0   5.7   3.6   5.6  10.7   7.1  10.5   6.4   6.0   5.5 
A: 26.0 29.5 23.7 24.9 25.3 23.7 33.2 25.3 26.0 24.0 36.1 24.5 24.6 29.6 23.7 
B: 45.9 85.1 46.8 41.0 55.5 50.7 86.3 48.3 60.8 45.8 119.3 43.1 42.8 72.0 41.7 
Phase: 83 89 84 85 87 98 55 94 72 85 51 78 85 97 95 

15.4: Count:   4.1 (  1.8) A:  28.8 [20-162] B:  64.1 [20-514] Phase: 65 (59) 
Count:   2.6   5.1   6.6   3.4   2.6   1.5   4.1   2.1   4.6   5.6   6.2   7.2   2.6   4.7   3.0 
A: 23.1 38.6 22.8 22.1 26.9 23.4 42.5 23.0 25.4 22.7 43.5 24.7 23.9 31.0 24.1 
B: 39.2 91.5 41.7 31.3 61.3 45.5 130.4 38.1 51.2 38.6 142.4 36.2 42.9 78.5 33.4 
Phase: 59 40 81 96 78 107 22 63 69 84 12 71 77 63 81 

15.5: Count:   3.6 (  1.2) A:  30.9 [20-199] B:  65.0 [20-536] Phase: 45 (53) 
Count:   3.3   5.3   3.2   3.3   2.7   1.9   3.8   2.3   4.8   4.3   4.8   5.8   2.9   3.3   2.5 
A: 24.3 40.9 25.0 23.5 24.1 24.6 42.2 23.3 23.4 24.4 59.9 23.1 23.1 37.2 24.3 
B: 42.1 96.7 45.3 38.8 46.9 46.3 100.2 42.4 41.2 37.7 166.1 38.8 43.0 88.9 41.1 
Phase: 56 17 68 73 43 46 9 65 55 74 -11 53 58 20 75 

15.6: Count:   3.5 (  1.2) A:  33.2 [20-222] B:  66.0 [20-508] Phase: 30 (47) 
Count:   2.2   5.1   4.4   4.0   2.6   1.8   3.5   2.2   3.7   4.1   5.3   4.7   3.6   2.0   2.6 
A: 23.8 43.3 22.2 21.8 29.6 24.2 58.3 24.5 21.9 22.4 64.1 23.1 22.4 58.8 23.4 
B: 41.0 86.3 37.9 35.4 61.1 36.6 131.4 30.9 40.1 41.8 150.9 38.3 38.7 148.5 32.5 
Phase: 42 15 47 57 28 34 -5 45 49 37 -15 44 49 -16 46 

15.7: Count:   3.4 (  1.3) A:  33.0 [20-244] B:  65.9 [20-566] Phase: 27 (42) 
Count:   3.8   4.8   3.5   2.2   2.3   2.4   3.6   2.6   1.9   5.3   5.0   5.8   2.8   2.7   2.3 
A: 24.7 43.6 25.1 22.0 26.0 22.3 49.7 22.9 23.6 23.0 67.3 23.4 23.1 48.9 22.6 
B: 49.3 86.8 39.9 42.8 54.4 45.3 109.8 43.8 44.1 39.2 145.8 48.1 40.1 102.0 40.1 
Phase: 46 8 43 36 30 30 3 50 30 31 -17 36 49 22 41 

15.8: Count:   4.5 (  1.8) A:  32.1 [20-227] B:  60.1 [20-539] Phase: 16 (37) 
Count:   5.7   7.4   4.8   3.9   3.1   2.8   4.4   1.9   5.0   6.8   5.9   7.1   3.6   2.9   2.6 
A: 22.4 42.5 22.7 22.5 29.4 22.9 56.8 22.5 21.7 22.1 66.7 22.5 22.9 48.7 21.8 
B: 44.0 82.8 42.7 41.6 57.4 42.2 109.8 41.1 40.2 41.4 122.3 40.2 38.1 92.9 38.7 
Phase: 23 5 27 20 19 34 0 28 22 26 -24 25 25 8 23 

15.9: Count:   7.4 (  2.0) A:  28.2 [20-244] B:  53.8 [20-431] Phase: 15 (28) 
Count:   9.4   8.6   9.6   5.9   4.9   7.2   7.9   5.6   8.8   9.3   7.4  10.4   5.0   3.6   7.6 
A: 23.3 37.1 23.6 23.1 24.1 23.0 36.4 22.2 23.3 23.2 56.8 23.7 23.2 44.0 22.7 
B: 45.3 71.3 49.1 44.2 47.1 42.4 70.5 48.7 44.0 44.4 95.7 43.9 45.4 84.4 44.8 
Phase: 21 5 19 21 25 19 4 17 21 20 -14 19 23 3 20 

16.0: Count:   9.9 (  2.7) A:  28.2 [20-272] B:  52.7 [20-432] Phase: 10 (26) 
Count:  11.0  10.7  11.8   6.7   7.5   9.2  10.0  13.0   9.1  13.0  11.7  14.3   4.8   6.9   8.9 
A: 23.3 34.7 23.3 23.8 27.4 23.7 38.8 22.7 23.0 24.0 50.0 23.4 24.1 36.2 23.6 
B: 43.1 62.7 45.3 41.6 50.7 45.8 68.8 50.2 43.5 46.5 86.8 44.9 44.6 64.4 46.5 
Phase: 8 3 12 18 12 20 8 12 8 14 0 12 16 1 11 

16.1: Count:  15.2 (  3.1) A:  26.8 [20-290] B:  49.5 [20-449] Phase: 6 (22) 
Count:  13.9  13.0  14.8  12.3  12.7  17.6  14.4  19.0  17.4  18.3  17.5  20.1  10.0  11.0  16.4 
A: 23.7 34.7 24.7 24.2 24.8 24.3 32.1 23.3 24.4 24.8 38.4 24.5 23.9 32.0 23.4 
B: 47.6 65.5 47.3 40.9 45.6 47.1 55.5 47.1 44.3 45.4 67.1 47.0 44.0 54.6 43.6 
Phase: 8 2 7 7 7 7 -1 11 9 10 -2 4 15 12 5 

16.2: Count:  19.6 (  3.0) A:  27.2 [20-284] B:  50.9 [20-463] Phase: 10 (22) 
Count:  22.1  21.9  18.1  17.6  17.1  16.6  17.4  15.9  24.8  24.7  20.2  23.6  18.7  17.3  18.3 
A: 24.0 32.1 24.2 24.5 25.9 24.5 34.3 24.2 25.0 26.2 38.6 25.1 24.7 30.1 24.4 
B: 48.6 57.8 47.8 46.4 48.8 48.2 60.7 47.2 47.1 50.4 68.6 47.2 45.4 51.1 46.6 
Phase: 10 5 9 10 11 11 3 13 9 13 2 12 14 11 9 

16.3: Count:  18.8 (  4.9) A:  26.7 [20-283] B:  52.2 [20-461] Phase: 10 (22) 
Count:  27.4  30.5  19.8  14.3  17.2  16.4  16.9  13.9  20.0  22.8  19.6  18.1  16.7  14.3  13.5 
A: 23.9 27.9 24.9 24.3 23.9 24.4 30.7 24.7 25.0 25.1 38.7 24.4 24.8 31.9 24.1 
B: 49.9 56.2 50.5 47.8 48.5 50.9 58.8 51.1 51.0 48.0 72.0 47.6 45.0 53.3 47.9 
Phase: 9 8 9 12 9 9 9 11 8 8 0 9 20 22 9 

16.4: Count:  20.3 (  6.0) A:  27.1 [20-299] B:  52.7 [20-522] Phase: 9 (15) 
Count:  29.2  35.1  23.7  20.2  18.1  19.6  18.1  22.8  18.2  22.9  15.6  19.0  13.0  18.2  11.2 
A: 24.7 30.6 24.7 23.8 25.3 24.9 33.0 25.7 23.7 24.5 43.5 24.5 23.7 29.7 23.6 
B: 47.8 60.3 50.1 47.3 49.0 48.4 64.3 51.8 48.4 47.7 80.6 47.0 44.1 55.0 46.5 
Phase: 10 8 10 11 11 11 7 13 8 7 0 7 11 11 8 

16.5: Count:  21.5 (  4.2) A:  26.8 [20-279] B:  52.2 [20-534] Phase: 9 (15) 
Count:  29.4  32.5  21.8  20.0  21.8  22.8  18.2  22.7  18.0  18.2  17.9  21.5  18.0  20.6  19.4 
A: 24.9 30.2 25.9 24.4 24.5 24.9 32.3 25.8 25.2 23.3 39.9 23.8 23.7 28.9 24.1 
B: 49.3 59.6 51.3 47.9 48.0 48.0 61.9 51.6 48.9 46.0 75.4 47.2 45.0 52.9 48.5 
Phase: 12 9 9 9 11 8 3 9 10 10 -1 9 12 9 6 

16.6: Count:  19.9 (  4.8) A:  27.1 [20-265] B:  51.7 [20-511] Phase: 9 (15) 
Count:  22.1  26.3  15.0  17.6  20.8  23.8  21.1  30.8  13.8  19.7  13.8  14.5  21.1  20.4  17.3 
A: 25.5 29.5 24.8 24.6 25.4 25.4 32.1 25.9 24.6 24.2 43.0 25.1 24.2 29.5 25.3 
B: 47.2 58.1 47.8 47.4 48.1 47.9 61.3 48.5 49.6 48.0 82.8 45.9 45.8 55.1 46.5 
Phase: 12 9 11 10 10 10 6 12 7 8 -1 11 11 11 11 

16.7: Count:  15.9 (  4.4) A:  26.9 [20-238] B:  50.4 [20-533] Phase: 8 (14) 
Count:  20.7  25.5  14.4  14.2  17.4  19.2  16.4  20.6  10.9  12.5   9.7  11.0  13.0  17.9  15.1 
A: 25.0 29.7 25.0 24.2 24.2 24.7 30.7 24.7 24.1 24.2 48.8 24.5 24.3 27.7 25.4 
B: 44.7 58.6 47.5 46.1 43.5 46.5 60.5 44.3 46.8 44.1 99.7 43.8 44.0 52.3 45.2 
Phase: 9 10 8 9 11 8 4 11 7 9 -3 7 12 8 8 

16.8: Count:  14.8 (  5.9) A:  26.8 [20-229] B:  47.7 [20-445] Phase: 8 (16) 
Count:  25.2  27.7  15.8  15.8  17.6  17.1  10.3  15.9   8.3  13.5   8.5   7.7  11.6  16.3  10.0 
A: 24.1 28.2 25.8 24.4 25.3 24.1 37.5 24.3 24.0 25.7 48.4 23.2 23.1 28.3 24.2 
B: 42.2 51.2 43.7 43.0 45.3 40.6 70.0 42.2 42.5 44.5 103.6 38.3 39.7 50.1 40.7 
Phase: 11 7 8 12 8 11 0 10 13 7 -6 10 9 10 9 

16.9: Count:  15.4 (  5.6) A:  26.3 [20-151] B:  45.6 [20-385] Phase: 0 (21) 
Count:  21.3  31.2  15.6  14.9  13.7  16.4  15.7  18.4  10.3  14.1   9.2   8.6  15.5  16.4   9.9 
A: 25.8 28.0 26.3 24.5 23.7 24.7 28.8 24.8 23.8 25.5 39.4 23.5 23.9 26.8 25.3 
B: 43.0 48.2 43.5 42.0 40.4 41.4 53.0 42.5 42.6 43.5 86.8 41.7 38.7 44.2 44.4 
Phase: 4 3 6 4 0 3 -2 1 -5 -1 -10 0 -6 -7 -3 

17.0: Count:   9.8 (  4.1) A:  25.7 [20-159] B:  46.2 [20-395] Phase: 7 (16) 
Count:  13.9  21.1  11.7   8.9   8.6  12.9   7.0  12.4   7.0   9.1   6.8   6.1   6.6   8.8   5.5 
A: 23.5 26.3 24.6 23.0 24.5 24.9 32.5 24.0 23.3 23.7 42.5 23.1 23.0 27.4 22.7 
B: 39.6 48.9 40.3 37.9 45.8 42.3 71.3 39.0 39.2 38.0 102.4 37.0 35.8 51.2 38.2 
Phase: 8 4 12 9 9 13 0 8 5 8 -7 11 5 4 7 

17.1: Count:  17.1 (  3.6) A:  24.6 [20-154] B:  44.3 [20-423] Phase: 5 (16) 
Count:  19.3  15.9  19.5  11.9  13.8  21.9  21.3  18.3  16.9  15.2  21.1  11.9  15.8  12.3  21.5 
B: 38.2 47.7 41.6 40.7 42.9 43.2 50.9 41.3 42.4 40.4 59.8 40.3 40.2 48.7 40.9 
Phase: 8 5 3 5 9 8 1 8 5 5 -1 6 6 6 4 

17.2: Count:  19.3 (  5.6) A:  25.8 [20-175] B:  49.6 [20-392] Phase: 7 (13) 
Count:  22.3  25.6  16.9  24.8  24.0  21.2  17.0  20.7   9.0  16.9  11.2  15.5  19.7  29.8  14.4 
A: 25.3 27.1 24.0 24.6 25.6 24.6 29.0 25.7 24.4 24.4 34.6 23.7 24.6 26.1 24.5 
B: 46.6 52.8 44.4 47.3 50.4 44.4 57.4 47.4 44.4 46.5 83.7 43.9 45.4 51.8 45.7 
Phase: 9 7 9 8 8 7 3 11 8 8 -1 9 8 6 8 

17.3: Count:   1.4 (  0.9) A:  31.5 [20-114] B:  71.5 [21-354] Phase: -7 (35) 
Count:   1.5   3.7   1.4   0.6   1.1   1.9   2.1   1.5   0.3   0.5   2.8   0.5   1.1   1.7   0.6 
A: 21.3 34.4 23.2 21.2 25.1 21.0 44.1 22.0 22.0 22.7 48.3 24.2 22.4 39.9 20.6 
B: 31.4 86.5 35.2 32.1 40.9 32.5 115.2 34.2 40.5 29.4 143.2 46.0 28.8 106.0 29.3 
Phase: 8 -12 19 4 4 5 -17 13 15 12 -57 16 15 -15 15 

17.4: Count:   1.4 (  1.0) A:  32.8 [20-128] B:  81.4 [20-454] Phase: -12 (35) 
Count:   0.7   2.7   0.9   1.0   0.8   0.7   3.5   1.8   0.8   0.7   2.7   0.1   1.6   2.4   0.7 
A: 21.3 41.2 21.4 20.9 33.4 21.9 37.0 21.0 22.8 20.1 55.6 20.0 22.4 33.6 21.8 
B: 29.8 106.7 29.5 27.8 76.8 31.8 101.0 29.3 27.8 25.5 200.7 32.0 28.6 89.0 32.8 
Phase: 10 -26 21 12 -4 4 -26 -2 12 7 -43 0 5 -13 4 

17.5: Count:   0.8 (  0.8) A:  38.0 [20-130] B: 114.9 [20-490] Phase: -28 (37) 
Count:   0.6   2.1   0.6   0.2   0.3   0.4   1.6   0.3   0.1   0.3   2.7   0.1   0.2   1.0   0.7 
A: 22.9 44.0 21.7 20.4 29.3 21.8 45.0 21.9 24.0 21.3 48.7 22.0 26.0 43.9 20.6 
B: 24.7 133.5 28.2 28.3 77.6 25.9 147.2 32.1 24.0 31.2 182.6 32.0 35.0 152.7 32.3 
Phase: 21 -36 12 5 -20 -17 -61 8 17 -3 -49 21 7 -37 12 

17.6: Count:   0.6 (  0.8) A:  42.0 [20-132] B: 164.9 [21-440] Phase: -46 (41) 
Count:   0.0   1.5   0.5   0.0   0.1   0.3   1.5   0.8   0.0   0.0   2.9   0.0   0.3   1.1   0.0 
A: 1:42.5 2:22.3 3:21.0 4:64.0 5:22.0 6:45.2 7:22.1 10:49.5 12:21.0 13:47.7 
B: 1:182.2 2:27.7 3:34.0 4:283.3 5:28.6 6:193.6 7:25.1 10:219.7 12:26.1 13:173.7 
Phase: * -62 2 7 -73 11 -79 8 * * -55 * 0 -41 * 

17.7: Count:   0.6 (  0.7) A:  35.6 [20-75] B: 121.4 [20-370] Phase: -39 (44) 
Count:   0.0   1.6   0.6   0.3   0.1   0.6   1.4   0.3   0.0   0.1   2.3   0.7   0.3   1.0   0.2 
A: * 38.7 25.8 20.6 28.0 22.7 38.7 29.2 * 21.5 47.7 20.6 20.3 36.1 21.4 
B: * 154.1 28.3 22.8 39.8 27.5 143.2 22.2 * 26.0 197.8 25.2 27.5 154.8 23.9 
Phase: * -45 9 12 -17 -5 -66 0 * 0 -61 1 -13 -63 9 

17.8: Count:   0.5 (  0.8) A:  44.9 [20-96] B: 184.4 [20-396] Phase: -85 (44) 
Count:   0.0   1.3   0.1   0.0   0.5   0.1   1.3   0.0   0.0   0.0   2.8   0.0   0.0   0.9   0.0 
Phase: * -101 0 * -27 -5 -83 * * * -91 * -10 -96 * 

17.9: Count:   0.5 (  0.8) A:  44.3 [20-108] B: 164.8 [21-384] Phase: -104 (51) 
Count:   0.0   1.1   0.0   0.0   0.3   0.0   1.3   0.5   0.0   0.0   2.7   0.0   0.0   0.9   0.1 
Phase: * -121 * * -81 -7 -116 14 * * -120 * * -107 65 

18.0: Count:   0.5 (  0.6) A:  33.0 [20-62] B:  86.4 [20-236] Phase: -88 (68) 
Count:   0.0   1.5   0.3   0.0   0.3   0.0   1.1   0.8   0.0   0.3   1.9   0.0   0.1   0.9   0.3 
A: * 35.2 21.0 20.0 33.0 * 38.0 20.7 * 20.0 39.5 * 20.5 33.7 22.1 
B: * 85.9 36.3 25.0 78.2 * 125.5 25.1 * 33.0 115.2 * 27.1 94.3 28.7 
Phase: * -115 -10 5 -72 * -117 -20 * 35 -125 * 0 -96 -10 

18.1: Count:   0.3 (  0.4) A:  28.9 [20-69] B:  48.5 [20-111] Phase: -78 (72) 
Count:   0.3   0.7   0.4   0.1   0.1   0.0   0.7   0.0   0.0   0.0   1.7   0.0   0.1   0.4   0.1 
A: 20.0 29.8 22.7 20.8 42.0 * 27.7 20.0 * 22.0 30.8 * 26.0 34.6 23.0 
B: 22.0 60.0 25.1 23.8 89.0 * 56.2 26.0 * 35.0 53.6 * 23.0 46.3 22.0 
Phase: -22 -70 -4 0 -75 * -133 -6 * 27 -92 * -4 -113 -9 

18.2: Count:   1.1 (  0.6) A:  25.7 [20-83] B:  37.3 [20-154] Phase: -4 (74) 
Count:   1.5   1.9   0.8   0.5   0.9   1.3   1.7   1.6   0.3   0.6   2.2   0.3   0.6   1.7   0.3 
A: 23.7 28.4 21.4 20.5 26.0 20.6 31.1 26.1 22.0 22.4 29.5 20.8 20.3 26.6 22.0 
B: 30.3 38.3 33.5 32.3 32.0 28.6 47.8 37.3 37.1 41.9 47.7 28.1 30.1 34.7 32.2 
Phase: -7 -39 31 11 31 10 -65 10 -40 -4 -134 4 46 -2 22 

18.3: Count:   1.1 (  0.9) A:  49.5 [20-183] B:  86.5 [20-393] Phase: -59 (56) 
Count:   1.0   1.8   0.5   0.9   1.2   1.0   2.2   1.4   0.0   0.6   3.6   0.3   0.6   1.3   0.5 
A: 21.1 74.5 21.5 21.3 30.8 22.8 62.1 45.8 20.5 21.3 72.7 22.6 23.1 66.6 21.1 
B: 22.1 143.5 21.8 22.5 42.2 21.9 117.1 76.2 22.0 22.5 141.5 24.9 24.9 121.7 22.6 
Phase: -8 -91 -5 -14 -32 -18 -81 -52 -25 -23 -97 -21 -7 -89 -9 

18.4: Count:   1.0 (  0.9) A:  64.0 [20-234] B: 111.9 [20-458] Phase: -60 (52) 
Count:   1.3   2.0   0.7   0.5   0.6   1.4   2.1   1.0   0.0   0.3   3.1   0.1   0.0   1.5   0.2 
A: 22.4 71.2 21.8 22.1 54.5 22.1 90.7 55.7 * 25.5 100.1 22.0 * 75.9 21.0 
B: 21.4 135.8 24.5 24.4 90.6 26.6 170.6 100.3 * 23.9 180.3 23.0 * 134.9 22.8 
Phase: -9 -84 0 -8 -42 -2 -89 -64 * -3 -99 -16 * -78 -16 

18.5: Count:   0.8 (  0.9) A:  67.5 [20-228] B: 124.1 [20-478] Phase: -63 (50) 
Count:   0.4   2.3   1.3   0.4   0.5   0.2   1.8   0.5   0.3   0.3   3.0   0.2   0.1   1.1   0.1 
A: 24.7 73.3 21.7 20.5 48.6 23.0 83.2 96.6 21.9 21.1 96.8 20.5 21.2 88.5 20.0 
B: 29.0 128.4 23.5 21.8 85.8 29.0 160.9 182.5 28.5 31.1 191.2 22.5 28.0 170.5 29.0 
Phase: -10 -62 -14 4 -56 -25 -80 -88 11 -16 -104 -16 -10 -90 -17 

18.6: Count:   0.7 (  0.9) A:  81.9 [20-248] B: 156.0 [20-482] Phase: -70 (49) 
Count:   0.6   2.0   0.0   0.3   0.3   0.2   1.7   0.9   0.0   0.2   3.0   0.3   0.1   1.1   0.2 
A: 20.6 74.5 * 21.0 109.8 22.8 96.1 57.3 20.3 20.6 116.7 22.9 21.6 102.9 24.0 
B: 22.8 138.0 * 24.4 206.8 22.3 191.4 110.4 29.0 22.6 232.3 25.6 23.5 194.3 25.0 
Phase: -23 -64 * -7 -81 -17 -96 -51 13 22 -97 -8 -1 -90 1 

18.7: Count:   0.7 (  0.9) A:  78.5 [20-235] B: 175.4 [20-553] Phase: -67 (44) 
Count:   0.3   1.4   0.3   0.0   0.8   0.0   1.8   0.3   0.2   0.1   3.1   0.1   0.0   1.6   0.2 
A: 21.0 103.9 20.7 * 44.8 * 94.5 20.7 23.0 20.4 97.2 20.6 20.0 73.0 22.0 
B: 26.0 213.3 23.1 * 88.4 * 219.0 28.3 28.0 25.6 236.3 21.0 20.0 159.2 27.6 
Phase: -7 -89 -5 * -30 * -79 -16 -5 6 -92 -27 -12 -62 1 

18.8: Count:   0.7 (  0.8) A:  80.6 [20-273] B: 201.4 [20-692] Phase: -68 (42) 
Count:   0.3   1.5   0.4   0.1   0.4   0.4   1.7   0.3   0.0   0.3   2.9   0.1   0.1   1.2   0.1 
A: 20.0 99.6 23.6 20.5 64.5 20.5 95.5 21.1 * 20.4 102.8 21.0 20.7 90.3 22.6 
B: 21.0 275.0 22.3 24.6 149.6 25.0 240.1 26.1 * 23.5 261.2 23.0 22.7 236.8 20.6 
Phase: -20 -92 2 3 -48 -1 -90 -16 * -3 -88 3 0 -77 -11 

18.9: Count:   0.6 (  0.9) A:  72.7 [20-217] B: 245.4 [20-664] Phase: -85 (35) 
Count:   0.0   1.3   0.2   0.0   0.2   0.4   1.7   0.0   0.0   0.0   3.0   0.0   0.4   1.3   0.0 
Phase: * -105 -15 * -106 -19 -92 * * * -96 * -17 -78 -28 

19.0: Count:   0.5 (  0.8) A:  74.5 [20-162] B: 311.2 [20-709] Phase: -101 (35) 
Count:   0.0   1.5   0.0   0.0   0.3   0.0   1.4   0.0   0.0   0.0   2.6   0.0   0.1   1.0   0.0 
Phase: * -91 * * -75 * -105 47 * * -110 * -2 -106 * 

19.1: Count:   0.4 (  0.8) A:  63.5 [21-147] B: 340.3 [36-722] Phase: -124 (31) 
Count:   0.0   1.2   0.0   0.0   0.2   0.0   1.6   0.0   0.0   0.0   2.8   0.0   0.0   1.0   0.0 
Phase: * -144 * * -114 * -116 * * * -118 * * -128 * 

19.2: Count:   0.7 (  0.9) A:  46.3 [20-127] B: 182.4 [20-655] Phase: -170 (73) 
Count:   0.4   1.7   0.2   0.1   0.3   0.2   1.7   0.3   0.0   0.6   3.1   0.6   0.6   1.1   0.1 
A: 22.4 60.2 22.0 22.8 64.2 21.2 48.4 26.0 * 21.9 55.9 25.3 21.5 54.6 23.0 
B: 21.0 218.6 21.0 27.4 219.0 26.6 229.1 20.1 * 21.3 271.1 21.7 21.0 240.6 28.0 
Phase: 84 -173 -107 1 -126 76 -156 -159 * 61 -172 -17 118 -180 152 

19.3: Count:   0.5 (  0.9) A:  78.4 [20-158] B: 314.1 [51-655] Phase: -173 (22) 
Count:   0.0   1.6   0.0   0.0   0.2   0.0   1.6   0.0   0.0   0.0   3.0   0.0   0.0   0.9   0.0 
Phase: * -174 * * -175 * -176 * * * -172 * * -171 * 

19.4: Count:   0.5 (  0.9) A:  84.5 [20-180] B: 271.3 [21-601] Phase: -178 (23) 
Count:   0.0   1.5   0.0   0.0   0.2   0.0   1.6   0.0   0.0   0.0   2.8   0.0   0.0   0.9   0.0 
Phase: * -176 * * -169 * -172 * * * 177 * * -176 * 

19.5: Count:   0.5 (  0.9) A: 112.8 [22-242] B: 291.1 [30-636] Phase: 178 (18) 
Count:   0.0   1.6   0.0   0.0   0.2   0.0   1.6   0.0   0.0   0.0   3.1   0.0   0.0   1.0   0.0 
Phase: * 177 * * 176 * -178 * * * 176 * * 178 * 

19.6: Count:   0.6 (  0.9) A:  99.6 [20-287] B: 216.9 [20-648] Phase: -179 (21) 
Count:   0.0   1.6   0.2   0.1   0.2   0.2   1.6   0.2   0.0   0.0   3.2   0.3   0.1   1.0   0.2 
A: * 108.3 20.0 22.0 105.0 22.0 119.4 20.2 * 21.0 113.0 21.0 25.0 115.9 22.0 
B: * 240.4 20.0 21.0 219.5 20.5 251.5 20.5 * 22.0 257.7 20.0 20.0 257.9 26.0 
Phase: * -175 158 155 -177 152 -179 167 * 162 -180 -138 -167 -180 -175 

19.7: Count:   1.3 (  0.9) A:  68.1 [20-323] B: 123.6 [20-653] Phase: -178 (16) 
Count:   0.7   2.8   1.0   1.0   0.9   0.6   2.2   1.3   0.3   0.6   3.1   0.9   0.9   2.1   0.6 
A: 21.3 86.7 23.6 21.3 58.2 21.0 95.1 23.6 22.2 22.3 142.5 25.3 22.8 79.4 21.5 
B: 21.0 165.7 21.1 21.1 94.1 22.2 193.2 24.4 23.4 21.8 285.0 21.7 22.1 147.6 23.7 
Phase: -177 -177 173 -177 175 -175 178 179 -168 -171 -178 -170 -170 -178 -172 

19.8: Count:   0.6 (  0.9) A: 125.8 [20-338] B: 236.7 [20-635] Phase: 178 (13) 
Count:   0.0   1.5   0.1   0.1   0.2   0.2   1.7   0.0   0.0   0.3   3.1   0.0   0.0   1.3   0.1 
A: * 161.2 23.0 22.5 104.8 23.0 129.4 24.0 * 20.0 139.4 * * 119.4 24.0 
B: * 301.1 20.0 24.0 180.4 22.0 245.2 21.0 * 21.0 270.8 * * 221.1 22.0 
Phase: * -180 -171 174 173 172 -179 166 * 146 -180 * * 179 176 

19.9: Count:   0.9 (  1.0) A: 102.5 [20-374] B: 182.2 [20-736] Phase: -177 (15) 
Count:   0.0   1.7   0.4   0.2   0.5   0.4   2.0   0.4   0.0   0.2   3.3   0.5   0.6   2.3   0.8 
A: * 147.4 21.3 20.7 107.5 20.4 134.4 22.6 23.0 22.0 152.7 25.0 23.8 92.7 21.9 
B: * 281.6 20.2 22.0 176.1 20.0 248.5 23.0 20.0 20.8 285.7 23.4 23.9 152.4 21.8 
Phase: * -178 174 -177 179 -170 179 -158 -172 -153 -177 -180 -170 -179 -169 

20.0: Count:   1.8 (  1.0) A:  62.0 [20-428] B:  96.6 [20-677] Phase: 178 (19) 
Count:   0.9   3.1   1.6   0.9   1.7   1.7   3.5   0.8   1.0   1.6   3.7   1.3   1.4   3.3   0.9 
A: 24.2 92.9 24.8 24.5 28.7 23.7 91.0 23.5 24.5 23.3 145.6 24.0 25.0 66.1 23.0 
B: 21.5 153.9 22.3 21.8 37.2 22.6 156.2 23.4 22.3 22.6 256.6 21.8 25.1 104.0 24.3 
Phase: -173 170 175 177 169 176 -176 -179 -177 176 -180 178 178 179 176 

20.1: Count:   1.6 (  1.0) A:  76.4 [20-410] B: 122.1 [20-697] Phase: -172 (14) 
Count:   1.3   3.0   0.9   0.7   1.1   1.1   2.7   1.4   1.4   0.6   3.7   0.9   1.0   3.2   1.0 
A: 23.9 100.1 22.6 24.8 63.4 25.0 137.7 23.4 23.9 25.4 160.4 24.2 26.4 75.0 25.6 
B: 23.8 174.7 21.7 21.3 96.7 21.9 234.8 22.4 21.6 23.3 281.5 22.7 22.1 118.5 22.4 
Phase: 179 -177 179 178 -178 -168 -172 -165 -159 -161 -172 -171 -159 -176 -170 

20.2: Count:  26.7 (  3.0) A:  36.3 [20-346] B:  30.3 [20-629] Phase: -175 (20) 
Count:  24.6  27.6  24.8  27.1  24.2  25.9  25.5  27.8  23.2  27.5  25.5  28.2  31.0  34.7  23.2 
A: 33.3 40.5 33.0 33.9 33.8 34.0 43.8 34.7 33.0 34.0 48.1 34.1 34.4 38.4 33.1 
B: 25.5 39.4 24.9 25.4 26.0 25.7 44.2 26.0 24.7 25.8 54.7 25.2 26.0 33.7 25.6 
Phase: 177 179 -180 178 179 -176 -171 -173 -169 -170 -169 -172 -174 -176 -174 

20.3: Count:  14.8 (  3.0) A:  33.3 [20-417] B:  35.9 [20-819] Phase: -160 (22) 
Count:  11.5  17.2   9.7  13.2   9.9  14.9  17.2  18.5  14.3  15.7  14.3  13.3  15.1  20.7  15.8 
A: 26.7 39.0 27.8 26.6 30.2 28.3 43.6 29.0 29.9 29.2 59.2 29.1 28.5 35.5 29.7 
B: 25.8 51.1 25.2 25.5 32.2 26.1 55.1 27.4 25.0 25.8 88.0 25.5 27.0 40.4 25.7 
Phase: -170 -172 -171 -170 -174 -162 -157 -158 -149 -157 -154 -151 -156 -157 -146 

20.4: Count:   6.7 (  2.5) A:  33.8 [20-359] B:  42.3 [20-710] Phase: -177 (16) 
Count:   6.4   7.9   3.7   8.7   7.3   7.0   8.2   8.2   2.6   5.6   5.4   3.6  10.6  11.1   4.3 
A: 23.5 52.1 24.2 24.7 26.1 25.2 48.2 24.4 26.4 25.3 91.0 24.9 25.7 36.0 24.9 
B: 23.6 78.4 24.6 24.3 26.6 24.8 71.3 24.8 24.6 25.1 160.8 24.0 24.3 45.6 24.3 
Phase: 177 178 178 -180 178 -177 -177 -175 -176 -172 -177 -168 -177 -174 -175 

20.5: Count:   4.2 (  1.5) A:  43.3 [20-455] B:  60.7 [20-791] Phase: 178 (13) 
Count:   4.7   6.5   4.5   4.2   4.4   5.1   5.4   4.9   0.7   2.8   4.4   2.0   3.5   5.8   3.1 
A: 24.7 56.6 25.4 23.8 32.7 24.1 78.6 23.5 25.2 26.7 130.4 23.8 23.9 50.9 25.8 
B: 24.0 88.4 23.9 23.5 38.2 23.1 130.2 23.8 25.8 24.0 234.9 22.8 22.6 75.7 24.3 
Phase: 178 174 177 177 177 175 179 176 177 171 -178 -175 -177 179 175 

20.6: Count:   3.9 (  1.6) A:  42.0 [20-441] B:  57.9 [20-775] Phase: 176 (13) 
Count:   4.0   6.9   3.1   3.3   2.8   5.5   4.1   3.7   1.9   2.3   4.0   3.0   4.7   7.2   1.9 
A: 23.1 59.3 24.6 23.7 28.6 23.9 84.3 24.4 23.9 24.8 121.9 23.8 24.2 45.5 24.7 
B: 23.4 90.9 23.4 22.9 32.6 23.7 136.7 23.6 22.6 25.2 209.6 24.5 22.9 66.2 24.4 
Phase: 174 173 173 173 175 173 175 178 170 175 176 177 179 -180 176 

20.7: Count:   5.2 (  2.1) A:  41.2 [20-445] B:  57.0 [20-808] Phase: 176 (14) 
Count:   6.1   8.9   5.6   5.1   6.0   7.6   6.9   7.2   2.5   2.9   4.6   3.5   3.2   6.4   2.2 
A: 23.0 56.3 24.0 23.7 30.7 24.5 68.0 24.0 24.9 24.1 144.2 22.9 23.9 51.2 24.9 
B: 24.6 83.0 26.0 25.8 38.5 25.4 106.1 25.0 26.1 25.0 246.5 24.4 25.2 76.7 26.8 
Phase: 175 175 173 174 176 178 177 176 174 178 177 177 -178 177 171 

20.8: Count:   6.2 (  2.1) A:  38.0 [20-457] B:  50.7 [20-809] Phase: 179 (13) 
Count:   9.1   9.6   4.5   4.8   7.4   5.9   6.9   9.8   3.2   4.2   5.7   3.9   6.4   7.6   4.2 
A: 22.8 54.3 24.4 23.9 27.0 24.5 69.6 25.0 24.5 25.3 109.6 24.6 24.5 45.4 24.7 
B: 25.4 80.2 25.6 25.9 30.3 24.9 109.3 26.0 27.0 27.0 185.0 25.3 24.7 63.5 25.3 
Phase: 177 -179 176 178 178 177 179 178 173 179 177 -180 179 178 -176 

20.9: Count:   4.5 (  1.6) A:  40.9 [20-419] B:  55.5 [20-696] Phase: 178 (13) 
Count:   5.1   7.1   3.9   3.8   5.4   4.8   5.5   5.6   2.5   2.8   4.9   1.7   5.2   6.3   2.3 
A: 23.6 54.5 23.2 22.9 31.5 23.4 75.8 24.6 24.4 24.4 112.7 24.9 24.7 47.7 25.8 
B: 27.1 84.4 24.2 24.9 38.4 25.2 115.0 25.6 27.4 24.5 183.1 24.0 25.1 67.1 23.9 
Phase: 175 177 170 177 179 -179 -180 178 175 -173 178 177 176 -178 -177 

21.0: Count:   4.8 (  1.8) A:  27.3 [20-151] B:  31.7 [20-232] Phase: 177 (15) 
Count:   5.2   7.8   3.7   6.1   5.4   5.7   6.4   6.1   2.8   2.9   4.2   1.7   4.4   7.2   2.3 
A: 23.4 30.3 23.3 23.3 24.1 24.5 32.3 23.9 26.8 23.7 45.9 23.6 24.0 28.9 25.8 
B: 25.9 39.7 25.0 24.8 26.5 25.5 40.4 25.3 27.2 24.4 70.5 24.2 24.5 33.4 25.1 
Phase: 173 175 169 173 174 177 -177 -179 -175 -177 176 178 179 179 176 

21.1: Count:   4.3 (  1.3) A:  25.9 [20-114] B:  29.1 [20-159] Phase: 178 (20) 
Count:   3.9   5.3   4.2   4.2   3.4   5.1   5.9   5.1   3.1   3.9   5.1   2.1   3.1   7.1   2.6 
A: 23.0 29.2 23.0 22.8 24.6 23.4 28.8 24.8 23.1 23.2 36.6 23.5 23.4 26.2 24.2 
B: 25.1 36.0 24.4 24.4 26.7 25.0 33.8 25.6 23.6 24.2 48.1 25.0 24.8 29.8 25.6 
Phase: 176 176 177 176 176 176 -179 -180 178 -177 177 178 178 177 176 

21.2: Count:  52.0 (  3.9) A:  34.7 [20-114] B:  26.1 [20-131] Phase: 171 (14) 
Count:  53.4  52.6  49.6  48.0  48.6  46.1  53.4  48.5  58.7  53.5  55.5  57.6  49.0  48.8  56.2 
Phase: 169 168 170 171 172 170 173 170 175 172 174 172 171 170 173 

21.3: Count:   3.0 (  1.2) A:  25.6 [20-134] B:  27.0 [20-123] Phase: 177 (23) 
Count:   3.7   5.6   2.7   2.1   1.5   2.4   3.7   5.3   1.4   2.9   3.1   2.5   2.3   3.0   2.4 
A: 24.0 25.8 22.4 22.6 23.3 23.0 27.6 24.2 25.8 22.5 37.4 24.3 23.0 29.0 24.2 
B: 24.0 29.2 24.5 23.2 29.2 23.7 28.7 25.4 28.9 24.2 40.1 23.3 23.6 30.7 23.4 
Phase: 170 178 172 173 175 174 179 176 177 179 -173 177 -177 173 -179 

21.4: Count:   1.9 (  0.7) A:  26.3 [20-107] B:  30.0 [20-122] Phase: 175 (24) 
Count:   1.7   3.5   1.3   1.3   1.9   2.4   2.5   2.1   1.0   1.4   2.6   1.2   1.5   2.4   1.2 
A: 22.2 28.7 23.5 23.4 22.9 22.1 29.5 23.4 23.2 25.8 37.1 24.0 22.0 29.5 23.5 
B: 24.6 36.9 24.5 23.9 25.5 26.6 34.7 24.3 24.8 25.5 42.1 25.9 23.5 35.7 25.3 
Phase: 175 -177 172 173 173 176 178 172 168 172 177 -179 174 166 171 

21.5: Count:   1.4 (  0.9) A:  29.8 [20-113] B:  44.9 [20-210] Phase: 179 (36) 
Count:   1.6   2.3   1.1   0.6   0.9   1.1   2.7   0.6   0.6   0.3   3.3   1.1   0.5   2.7   1.0 
A: 21.5 32.6 21.5 21.6 26.5 22.6 37.1 24.4 22.0 23.9 39.7 22.9 25.0 31.9 22.4 
B: 21.5 62.2 23.4 24.1 36.1 22.8 60.5 23.9 21.0 23.5 71.2 22.8 21.8 54.9 25.2 
Phase: 176 -179 176 -180 -175 178 -179 178 175 -174 178 177 165 -173 176 

21.6: Count:   1.2 (  0.9) A:  48.9 [20-243] B: 123.9 [20-636] Phase: -179 (26) 
Count:   0.6   2.4   0.4   0.4   0.9   1.3   2.1   1.3   0.7   0.4   3.0   0.4   0.6   2.6   0.3 
A: 23.2 59.0 22.9 21.6 25.4 23.0 70.8 21.0 22.2 21.3 85.8 22.5 21.9 53.9 20.8 
B: 25.2 181.1 23.6 24.5 43.7 24.9 198.1 23.1 22.6 22.7 255.5 21.2 22.0 136.9 23.3 
Phase: 175 178 -168 173 172 173 -180 178 -176 173 -168 176 176 -178 -177 

21.7: Count:   1.6 (  0.8) A:  40.5 [20-175] B:  95.2 [20-552] Phase: 179 (24) 
Count:   1.4   2.6   0.9   0.7   1.5   1.6   2.7   2.1   1.3   1.2   3.1   1.6   0.4   2.4   1.2 
A: 21.5 59.9 22.4 21.7 29.9 21.7 63.2 22.4 23.4 22.2 73.4 22.0 23.5 53.9 21.6 
B: 24.9 151.7 26.7 24.0 58.2 24.3 181.5 25.5 29.3 24.8 232.4 23.9 24.8 147.8 25.4 
Phase: -176 -179 178 178 178 168 -177 179 178 173 -173 177 173 178 175 

21.8: Count:   0.8 (  0.8) A:  54.2 [20-181] B: 149.5 [20-543] Phase: -179 (28) 
Count:   0.9   1.9   0.4   0.1   0.3   0.6   1.7   0.8   0.2   0.3   2.8   0.3   0.1   1.4   0.2 
A: 21.2 68.9 20.6 21.1 35.7 21.2 84.4 21.0 21.9 22.6 66.0 22.1 21.7 70.5 23.0 
B: 21.9 205.0 21.8 21.1 62.9 23.6 237.7 26.5 24.9 22.6 207.7 24.7 21.3 227.8 23.5 
Phase: 175 174 -175 174 -177 172 -172 170 161 165 -168 168 172 -174 -179 

21.9: Count:   1.0 (  0.8) A:  49.3 [20-172] B: 134.4 [20-568] Phase: -175 (27) 
Count:   1.0   2.3   0.5   0.5   0.9   0.7   1.9   0.2   0.7   0.2   3.0   0.8   0.4   1.7   0.2 
A: 21.5 58.3 23.2 22.7 33.8 23.4 66.7 21.2 22.5 22.5 74.7 22.6 21.5 64.7 20.7 
B: 26.2 172.9 25.5 24.6 79.3 26.6 210.5 23.4 23.2 24.4 230.5 23.5 26.5 197.3 20.6 
Phase: -179 -167 177 -180 -179 167 -175 179 -179 -178 -171 176 174 -171 -177 

22.0: Count:   0.7 (  0.8) A:  53.7 [20-166] B: 158.5 [20-581] Phase: -167 (37) 
Count:   0.2   1.5   0.2   0.2   0.5   0.4   1.6   0.9   0.0   0.1   2.6   0.2   0.0   1.2   0.3 
A: 22.0 72.7 20.0 22.2 29.0 22.7 64.6 21.8 * 20.1 66.4 20.8 * 62.5 20.2 
B: 23.0 209.6 23.3 21.3 70.2 23.9 226.1 22.6 * 23.5 201.7 21.6 * 224.4 20.0 
Phase: -180 -162 174 174 168 -179 -169 173 * 179 -161 178 * -137 170 

22.1: Count:   0.6 (  0.8) A:  55.2 [20-166] B: 172.2 [20-459] Phase: -154 (33) 
Count:   0.1   1.8   0.0   0.1   0.1   0.4   1.6   0.0   0.0   0.2   2.6   0.1   0.4   1.7   0.2 
A: 20.0 63.7 * 21.0 43.6 22.5 65.0 * 20.0 22.4 61.6 20.0 21.2 56.5 21.5 
B: 21.0 191.9 * 23.0 166.6 21.0 245.8 * 23.0 24.9 205.2 22.0 23.5 159.5 24.1 
Phase: -178 -156 * -180 -156 -178 -148 * 169 168 -140 173 175 -150 160 

22.2: Count:   9.7 (  2.3) A:  28.8 [20-168] B:  30.5 [20-436] Phase: -172 (21) 
Count:  10.2  12.6   7.9   8.8   9.4  10.9  11.3  13.3   6.8   9.6   9.0   8.6   6.5  13.8   6.9 
A: 26.7 31.2 26.8 27.2 27.9 27.0 31.5 27.7 28.0 26.6 37.8 27.4 25.6 29.7 27.0 
B: 22.3 40.4 22.6 22.6 25.5 22.9 45.1 23.0 22.4 22.5 71.8 22.7 22.4 36.1 23.4 
Phase: -175 -167 -174 -172 -172 -176 -169 -173 -174 -173 -162 -176 -175 -170 -177 

22.3: Count:   0.5 (  0.8) A:  61.3 [20-148] B: 185.9 [20-420] Phase: -123 (47) 
Count:   0.0   1.4   0.0   0.0   0.2   0.1   1.8   0.3   0.0   0.2   2.6   0.0   0.1   1.2   0.0 
A: 1:72.2 4:77.2 5:21.1 6:61.8 7:20.9 9:20.0 10:63.9 11:25.0 12:21.0 13:62.0 
B: 1:175.6 4:226.4 5:20.5 6:205.5 7:27.6 9:22.0 10:216.6 11:24.0 12:23.0 13:187.8 
Phase: * -112 * * -84 159 -118 171 * 176 -124 -178 -162 -111 * 

22.4: Count:   0.6 (  0.8) A:  53.1 [20-139] B: 141.4 [20-467] Phase: -118 (56) 
Count:   0.2   1.2   0.0   0.0   0.2   0.0   1.9   0.5   0.0   0.1   2.3   0.1   0.0   1.4   0.4 
A: 22.0 70.3 * 20.0 50.0 22.0 50.7 20.5 * 22.2 66.2 20.1 20.5 52.9 20.9 
B: 29.0 155.3 * 22.0 155.5 21.0 152.0 21.1 * 29.0 193.8 21.9 27.5 145.7 20.1 
Phase: -180 -77 * 174 -123 174 -121 175 * 167 -97 177 -169 -120 -176 

22.5: Count:   0.6 (  0.8) A:  59.5 [20-166] B: 155.4 [20-410] Phase: -105 (50) 
Count:   0.5   1.4   0.0   0.0   0.3   0.1   1.7   0.2   0.2   0.1   2.8   0.1   0.0   1.2   0.1 
A: 60.6 68.2 * 21.0 42.6 24.0 52.9 20.0 22.0 21.2 69.9 22.0 * 59.8 27.0 
B: 176.6 176.3 * 24.0 86.5 21.0 131.0 20.0 21.0 21.7 188.2 23.5 * 177.1 29.0 
Phase: -84 -93 * -161 -140 179 -93 176 -169 -176 -104 175 * -86 -174 

22.6: Count:   0.6 (  0.8) A:  54.5 [20-129] B: 125.4 [20-396] Phase: -105 (57) 
Count:   0.0   1.8   0.2   0.1   0.1   0.0   1.4   0.4   0.0   0.3   2.8   0.0   0.1   1.3   0.2 
A: * 54.1 20.0 21.0 42.8 * 66.0 21.0 25.0 20.7 63.9 * 20.0 55.1 21.0 
B: * 139.2 23.0 28.0 75.3 * 138.6 22.5 31.0 20.8 153.2 * 26.0 133.3 21.0 
Phase: * -97 175 -163 -149 * -88 170 -179 178 -84 * 174 -103 -160 

22.7: Count:   0.5 (  0.8) A:  68.1 [20-162] B: 158.4 [20-347] Phase: -88 (44) 
Count:   0.3   1.6   0.1   0.0   0.2   0.0   1.6   0.3   0.0   0.0   2.6   0.0   0.0   1.2   0.0 
Phase: -82 -71 178 -169 -102 * -102 -133 * * -82 * * -82 * 

22.8: Count:   0.6 (  0.8) A:  68.3 [20-183] B: 135.3 [20-341] Phase: -97 (48) 
Count:   0.0   1.4   0.0   0.0   0.2   0.4   1.7   0.4   0.0   0.3   2.9   0.1   0.1   1.2   0.0 
A: * 81.4 * 21.0 60.0 21.2 70.1 93.0 * 21.9 73.6 22.0 21.5 70.3 * 
B: * 174.5 * 20.0 137.5 23.9 138.6 158.0 * 28.4 149.2 21.0 20.5 138.1 * 
Phase: * -95 * 172 -99 -179 -86 -85 * -173 -82 -167 179 -88 * 

22.9: Count:   0.6 (  0.8) A:  71.7 [20-177] B: 123.5 [20-313] Phase: -93 (57) 
Count:   0.0   1.6   0.1   0.0   0.1   0.1   1.8   0.4   0.2   0.0   2.7   0.1   0.1   1.3   0.0 
A: * 81.0 20.0 * 76.5 20.1 65.3 76.9 21.0 * 75.8 22.8 22.1 78.9 * 
B: * 146.7 20.0 * 104.5 20.5 109.6 124.9 22.0 * 134.4 22.6 20.8 135.6 * 
Phase: * -99 166 * -94 178 -71 -97 -179 * -88 -174 -170 -88 * 

23.0: Count:   0.6 (  0.9) A:  76.7 [20-186] B: 120.3 [20-311] Phase: -94 (43) 
Count:   0.0   2.0   0.0   0.0   0.2   0.1   1.7   0.5   0.0   0.2   2.7   0.0   0.0   1.3   0.0 
Phase: * -108 * * -92 -177 -86 -71 * -174 -85 * * -84 * 

23.1: Count:   0.8 (  0.8) A:  68.8 [20-225] B:  81.0 [20-326] Phase: -121 (55) 
Count:   0.4   1.6   0.0   0.2   0.5   0.5   1.8   1.3   0.1   0.4   2.7   0.3   0.2   1.6   0.3 
A: 21.0 73.5 * 20.0 38.2 21.6 86.7 49.2 20.2 22.8 104.9 20.1 20.8 80.7 20.5 
B: 23.6 91.7 * 23.4 35.7 28.2 110.7 58.1 28.6 26.9 113.5 28.4 23.5 98.3 24.2 
Phase: 178 -117 * -165 -156 178 -85 -144 -169 -179 -88 -172 -176 -107 -178 

23.2: Count:   0.8 (  0.9) A:  74.6 [20-246] B:  74.8 [20-229] Phase: -122 (59) 
Count:   0.3   1.7   0.0   0.0   0.8   0.6   2.1   0.5   0.2   0.0   3.0   0.4   0.4   2.2   0.5 
A: 21.6 116.6 23.0 23.0 44.4 22.0 89.4 27.4 20.0 * 102.9 20.6 20.3 67.9 21.9 
B: 21.6 127.9 26.0 25.5 38.4 24.7 80.6 27.2 26.6 * 104.5 23.1 20.8 66.0 27.3 
Phase: -180 -85 -168 -170 -150 -173 -95 173 -151 * -95 178 -171 -120 173 

23.3: Count:   0.6 (  0.9) A:  86.6 [20-281] B:  80.3 [20-258] Phase: -100 (53) 
Count:   0.0   1.3   0.0   0.0   0.3   0.2   1.8   0.0   0.0   0.4   2.9   0.1   0.2   1.5   0.0 
A: 21.0 106.5 * * 59.5 23.3 82.1 21.0 * 21.6 104.6 21.0 20.6 88.6 20.0 
B: 21.0 101.5 * * 51.8 25.2 74.7 20.0 * 22.6 96.8 20.8 23.0 80.3 28.0 
Phase: -159 -73 * * -124 179 -84 -180 * 170 -87 179 178 -101 -179 

23.4: Count:   0.6 (  0.8) A:  93.0 [20-252] B:  68.0 [20-178] Phase: -98 (51) 
Count:   0.0   1.5   0.0   0.0   0.2   0.1   1.9   0.2   0.4   0.1   2.4   0.1   0.0   1.4   0.2 
A: * 102.9 * * 86.0 21.0 99.6 20.0 22.0 21.0 122.4 20.6 20.0 85.8 20.0 
B: * 80.7 * * 76.1 24.0 67.2 25.0 23.5 22.4 85.3 23.5 23.0 62.4 22.0 
Phase: * -80 * * -85 -163 -89 -173 176 -157 -78 -178 -162 -94 157 

23.5: Count:   0.6 (  0.8) A:  92.5 [20-318] B:  62.9 [20-222] Phase: -101 (54) 
Count:   0.0   1.4   0.0   0.0   0.3   0.4   2.1   0.3   0.2   0.0   2.3   0.3   0.1   1.5   0.0 
A: * 114.7 * 23.0 68.6 21.7 91.5 21.0 20.8 20.0 118.3 20.0 20.7 105.8 * 
B: * 83.8 * 23.0 40.5 23.6 56.8 29.9 23.2 21.0 78.1 21.4 22.0 69.6 * 
Phase: * -90 * -178 -120 177 -86 -172 -167 173 -76 174 -178 -90 * 

23.6: Count:   0.6 (  0.8) A: 100.3 [20-285] B:  60.2 [20-167] Phase: -98 (52) 
Count:   0.0   1.5   0.1   0.0   0.2   0.0   1.7   0.6   0.2   0.2   2.6   0.2   0.1   1.4   0.0 
A: 20.0 93.5 20.0 20.5 127.7 * 126.5 22.3 20.1 20.0 119.1 20.0 26.5 117.3 23.0 
B: 23.0 68.9 21.0 23.5 64.5 * 64.7 26.5 22.0 22.3 69.9 23.6 28.0 62.4 24.0 
Phase: -174 -85 166 -155 -93 * -85 -173 158 -162 -81 -160 -171 -85 -156 

23.7: Count:   0.8 (  0.7) A:  73.8 [20-268] B:  45.6 [20-138] Phase: -118 (58) 
Count:   0.1   1.5   0.1   0.0   0.5   1.0   1.6   0.7   0.4   0.3   2.5   0.2   0.6   1.6   0.3 
A: 20.6 102.8 30.0 22.0 52.0 20.6 98.0 22.7 20.5 24.2 108.3 20.3 21.2 93.6 21.7 
B: 21.9 64.1 23.0 22.0 30.4 21.8 48.2 25.8 21.0 26.9 64.2 28.8 22.9 50.2 27.2 
Phase: -178 -90 -178 -152 -150 -173 -85 -167 174 -167 -84 170 -165 -97 -164 

23.8: Count:   1.2 (  0.9) A:  62.2 [20-292] B:  36.7 [20-122] Phase: -144 (50) 
Count:   0.8   1.9   0.4   0.2   1.5   1.2   2.8   0.5   0.5   1.6   3.1   0.7   0.2   2.0   0.9 
A: 21.4 88.6 23.4 20.7 36.1 21.7 85.3 21.3 22.5 22.7 109.9 21.1 22.3 89.0 22.6 
B: 21.9 49.0 21.6 21.5 26.6 25.8 40.5 25.3 23.7 25.0 54.0 22.9 23.0 44.0 24.3 
Phase: 175 -149 -160 177 -161 -178 -118 -174 -170 178 -101 -176 -162 -120 -156 

23.9: Count:   1.1 (  0.8) A:  65.1 [20-272] B:  35.1 [20-127] Phase: -137 (52) 
Count:   0.4   2.1   0.2   0.0   1.1   0.6   2.3   1.0   1.1   1.0   3.0   0.7   0.5   1.8   0.9 
A: 22.3 98.7 41.8 22.5 33.1 21.3 93.2 21.4 21.6 20.8 109.6 22.0 24.7 88.8 22.0 
B: 26.7 46.1 26.0 21.2 26.4 25.1 38.2 24.1 23.8 24.9 47.4 26.4 25.8 39.6 24.2 
Phase: -170 -116 -148 166 -159 -169 -112 176 -155 -169 -102 -167 -170 -112 -158 

24.0: Count:   5.3 (  1.5) A:  34.7 [20-311] B:  25.7 [20-112] Phase: 177 (37) 
Count:   3.9   6.8   4.0   2.5   4.0   6.6   6.9   6.3   4.1   6.7   4.6   4.7   5.3   7.9   5.2 
A: 24.9 46.8 26.6 24.9 30.3 26.6 45.9 26.1 26.3 25.6 83.4 25.3 26.4 41.7 27.1 
B: 22.3 26.5 22.9 22.6 25.1 24.8 26.6 24.8 25.6 24.5 36.1 23.7 24.5 26.9 24.5 
Phase: 173 169 163 165 -180 175 -175 176 168 171 -158 169 -179 -175 179 

24.1: Count:   1.5 (  0.8) A:  49.0 [20-277] B:  29.4 [20-81] Phase: -153 (44) 
Count:   0.5   2.0   0.6   0.2   1.2   1.0   2.4   1.8   1.0   1.6   2.2   1.7   1.1   3.1   1.5 
A: 20.5 78.1 27.3 21.2 26.2 23.3 84.0 21.7 20.8 22.3 114.6 21.7 22.2 60.0 22.4 
B: 25.0 33.9 23.1 21.8 26.1 26.6 32.9 24.9 26.1 25.1 36.8 25.2 28.0 32.8 27.0 
Phase: -161 -176 -163 176 -169 -166 -125 -167 -152 -166 -105 -166 -173 -147 -170 

24.2: Count:   5.8 (  1.2) A:  33.4 [20-334] B:  26.4 [20-102] Phase: 173 (35) 
Count:   7.3   6.3   4.3   3.4   4.4   6.2   5.6   6.5   6.7   7.7   6.2   6.3   4.9   6.0   4.8 
A: 24.3 49.7 26.3 24.5 28.1 24.8 60.9 24.2 24.7 23.7 67.3 24.8 24.2 45.7 23.7 
Phase: 168 -176 164 164 166 172 -175 170 165 169 -166 166 176 -173 161 

24.3: Count:   2.5 (  1.1) A:  40.2 [20-434] B:  27.5 [20-85] Phase: -162 (35) 
Count:   1.3   2.6   1.4   1.2   1.5   3.3   3.6   4.0   0.5   3.6   3.3   2.5   1.9   3.8   2.6 
A: 21.3 53.2 46.7 21.0 25.9 22.6 65.4 22.3 24.0 23.2 97.3 22.4 23.2 59.2 22.1 
B: 23.5 25.8 27.2 24.2 26.7 26.9 29.3 28.4 26.0 26.6 32.9 25.1 26.5 28.2 26.1 
Phase: -178 -155 -157 -163 -171 -168 -150 -164 -151 -165 -153 -167 -174 -153 -164 

24.4: Count:   2.4 (  1.1) A:  41.7 [20-369] B:  28.4 [20-63] Phase: -162 (34) 
Count:   2.0   1.9   1.3   0.9   1.6   3.2   3.7   4.6   1.6   2.9   2.5   3.4   2.2   3.5   1.3 
A: 22.3 101.5 46.9 21.3 25.6 21.7 68.2 22.9 21.9 22.7 118.2 22.7 22.7 53.0 23.2 
Phase: -176 -127 -165 -177 -168 -168 -157 -166 -163 -154 -148 -162 -164 -158 -166 

24.5: Count:   3.1 (  1.1) A:  39.6 [20-434] B:  29.5 [20-66] Phase: -168 (34) 
Count:   1.6   3.1   2.0   1.4   2.1   3.9   4.2   3.9   2.4   4.9   3.5   2.7   3.0   4.7   2.6 
A: 22.3 71.1 50.1 21.4 27.6 22.3 54.2 22.3 22.5 23.8 103.9 22.0 22.6 54.7 22.3 
B: 25.7 26.1 26.2 24.7 28.9 30.5 30.1 30.1 28.3 28.8 33.1 28.0 29.2 32.2 32.0 
Phase: -157 175 177 -161 -164 -162 -179 -165 -150 -163 -168 -164 -162 -175 -167 

24.6: Count:   3.8 (  1.5) A:  41.6 [20-632] B:  31.3 [20-90] Phase: -166 (36) 
Count:   2.5   3.8   1.5   1.1   2.7   4.9   5.1   5.7   4.7   4.1   4.8   3.5   3.1   6.3   3.4 
A: 21.5 66.9 61.2 22.8 36.2 23.9 66.4 23.6 23.4 22.6 103.9 23.3 22.5 51.1 24.6 
B: 25.6 29.6 28.5 27.5 31.2 33.5 33.5 29.1 30.3 30.4 33.4 29.9 30.6 33.5 34.0 
Phase: -157 -172 -163 -152 -168 -160 -178 -159 -161 -163 163 -158 -159 -170 -162 

24.7: Count:   5.9 (  2.1) A:  36.2 [20-482] B:  32.7 [20-93] Phase: -163 (31) 
Count:   3.8   6.7   3.8   3.0   4.7   6.0   6.7   8.9   6.0   6.4   4.9   6.6   5.9  11.1   4.7 
A: 22.6 62.5 23.0 22.9 26.0 23.1 56.4 23.9 24.2 24.1 109.5 23.4 23.4 41.7 23.6 
B: 27.2 30.5 29.5 27.1 31.8 32.8 36.2 35.2 31.4 32.5 36.6 30.2 31.5 34.5 34.4 
Phase: -155 -176 -162 -158 -156 -155 -173 -161 -155 -162 168 -155 -154 -166 -156 

24.8: Count:   6.8 (  2.3) A:  30.8 [20-357] B:  33.7 [20-93] Phase: -160 (33) 
Count:   6.6   6.4   4.0   3.3   4.7   7.3   7.6   9.0   6.8  10.2   5.3   4.9   6.4  11.7   7.4 
A: 22.2 41.8 23.2 22.6 25.9 23.4 47.4 24.8 23.5 23.8 71.8 23.1 23.4 38.2 23.1 
B: 29.6 30.9 29.3 29.0 33.6 34.7 37.8 37.1 34.4 34.3 33.3 30.7 32.4 35.4 33.2 
Phase: -158 -164 -152 -157 -161 -155 -179 -160 -155 -154 174 -157 -159 -166 -155 

24.9: Count:   8.6 (  2.2) A:  26.2 [20-219] B:  34.6 [20-91] Phase: -158 (30) 
Count:   8.6  10.0   5.2   4.8   6.8  10.2   9.1  11.3   8.6  10.5   6.6   8.4   8.6  12.6   7.5 
A: 23.0 31.9 22.7 22.9 24.7 23.6 31.7 23.3 23.2 24.0 41.7 23.9 23.2 29.0 23.6 
B: 31.5 30.6 30.8 32.0 35.0 36.0 37.1 33.7 35.7 34.6 33.8 35.9 35.2 36.3 37.0 
Phase: -159 -162 -149 -157 -157 -157 -165 -154 -159 -157 -165 -156 -158 -163 -157 

25.0: Count:  18.1 (  3.3) A:  28.6 [20-210] B:  34.0 [20-86] Phase: -161 (36) 
Count:  20.8  19.9  16.6  15.5  16.5  16.1  17.0  24.1  13.6  20.0  12.7  21.3  17.0  23.1  17.2 
A: 26.3 31.7 27.2 25.8 27.1 26.8 32.8 27.6 27.6 26.9 39.2 28.4 26.3 30.2 27.5 
Phase: -158 -160 -159 -160 -161 -160 -165 -157 -162 -158 -172 -162 -162 -162 -164 

25.1: Count:  12.5 (  3.3) A:  32.6 [20-504] B:  39.2 [20-160] Phase: -160 (34) 
Count:  12.3  14.4   7.7   8.7   9.3  14.3  13.9  16.0   9.5  16.6  11.0  11.4  10.0  19.6  12.4 
A: 24.3 44.1 23.1 23.3 26.0 25.2 49.3 26.3 25.5 25.8 72.5 25.3 25.1 38.6 24.8 
B: 34.0 37.1 31.8 34.1 38.4 40.5 44.3 40.9 38.7 39.5 43.7 37.1 39.3 42.2 39.2 
Phase: -157 -171 -152 -157 -157 -158 -171 -153 -152 -157 173 -151 -161 -169 -156 

25.2: Count:  17.7 (  4.3) A:  34.2 [20-778] B:  39.3 [20-237] Phase: -163 (36) 
Count:  19.2  18.5  13.0  11.3  15.2  18.2  18.4  24.1  14.6  23.9  13.7  16.9  18.6  26.1  14.3 
A: 25.1 45.5 24.8 24.6 30.3 26.6 52.7 26.9 27.7 26.4 87.5 27.0 26.5 39.8 26.9 
B: 34.6 38.4 34.7 34.4 39.0 39.8 44.0 38.8 38.3 38.9 47.6 37.0 38.2 42.4 41.1 
Phase: -156 -170 -156 -160 -156 -159 -170 -159 -160 -160 170 -161 -166 -166 -164 

25.3: Count:  22.2 (  4.9) A:  34.0 [20-889] B:  39.8 [20-236] Phase: -161 (36) 
Count:  21.4  25.5  17.5  16.2  18.7  22.7  21.4  28.0  19.8  26.0  16.6  23.0  23.5  34.4  18.8 
A: 26.6 42.0 26.6 25.2 27.1 29.7 49.7 28.6 28.4 28.9 72.8 28.1 28.9 39.6 29.0 
B: 36.8 37.9 36.3 35.9 40.2 42.0 44.9 39.9 37.0 39.1 46.3 38.5 37.9 42.0 40.5 
Phase: -154 -164 -154 -159 -156 -162 -170 -162 -159 -154 178 -160 -163 -167 -161 

25.4: Count:  24.7 (  4.7) A:  35.3 [20-764] B:  41.0 [20-229] Phase: -161 (36) 
Count:  25.1  30.1  20.5  21.3  22.2  26.1  24.9  29.3  19.9  29.1  17.0  24.3  25.0  34.7  21.0 
A: 27.3 42.4 26.7 26.9 30.1 30.7 50.7 30.1 30.4 29.4 85.6 29.0 28.3 40.7 30.4 
B: 37.4 40.2 36.4 36.7 41.3 42.6 44.2 43.4 40.3 40.4 48.2 40.4 39.1 42.5 41.7 
Phase: -153 -164 -155 -160 -159 -162 -169 -157 -159 -158 177 -158 -161 -165 -160 

25.5: Count:  24.5 (  4.7) A:  33.5 [20-885] B:  42.7 [20-242] Phase: -156 (31) 
Count:  27.1  29.6  20.9  20.1  23.5  25.9  23.7  29.5  17.3  28.6  18.0  25.0  23.2  34.3  21.3 
A: 26.5 38.9 26.7 26.5 28.5 29.5 46.9 28.3 29.1 28.0 72.7 28.2 28.0 40.8 29.1 
B: 38.6 40.1 38.8 38.3 40.8 44.4 46.1 42.7 44.9 44.0 46.6 41.3 43.1 45.6 44.1 
Phase: -155 -158 -154 -154 -153 -154 -161 -153 -156 -151 -171 -158 -157 -162 -158 

25.6: Count:  25.4 (  3.9) A:  34.8 [20-795] B:  42.6 [20-229] Phase: -155 (31) 
Count:  29.3  29.7  23.8  22.6  24.6  25.2  23.3  30.2  20.4  27.2  18.2  26.1  24.3  32.9  22.9 
A: 27.1 41.5 26.4 26.9 31.0 29.2 57.6 29.1 28.0 29.0 78.7 27.7 28.2 41.1 29.6 
B: 39.1 39.7 38.1 37.9 41.9 44.2 47.9 43.3 41.2 44.1 49.8 42.2 41.7 45.1 44.2 
Phase: -152 -154 -153 -155 -154 -152 -159 -154 -152 -155 -179 -153 -154 -157 -155 

25.7: Count:  28.9 (  5.4) A:  34.9 [20-895] B:  42.1 [20-246] Phase: -152 (31) 
Count:  32.9  33.8  26.1  25.6  29.9  29.4  28.1  35.5  22.6  31.3  19.8  26.8  29.7  40.3  22.6 
A: 28.6 44.6 28.2 27.8 30.2 30.4 48.5 30.8 29.1 29.8 75.1 29.3 29.0 38.8 30.7 
B: 39.2 40.0 39.2 39.0 41.4 41.5 46.2 43.4 40.3 43.1 45.2 41.5 41.2 44.5 44.9 
Phase: -151 -155 -150 -151 -149 -153 -156 -150 -149 -149 -169 -148 -153 -153 -151 

25.8: Count:  28.7 (  5.0) A:  35.3 [20-820] B:  41.1 [20-182] Phase: -147 (30) 
Count:  36.7  34.9  26.8  25.2  28.6  28.8  27.1  31.6  21.5  31.3  18.9  29.7  28.4  36.3  25.3 
A: 27.7 42.2 28.2 28.2 31.3 30.7 50.8 31.0 30.7 30.5 75.2 29.3 29.8 42.9 31.1 
B: 37.2 38.8 37.0 36.7 40.3 41.9 44.6 41.5 42.4 42.9 45.0 40.3 41.4 45.4 42.6 
Phase: -144 -148 -146 -146 -146 -145 -152 -146 -146 -145 -169 -145 -149 -151 -149 

25.9: Count:  31.5 (  5.9) A:  36.5 [20-1092] B:  39.6 [20-218] Phase: -144 (32) 
Count:  37.5  39.9  28.4  28.3  33.0  32.5  29.8  37.0  23.6  36.7  20.8  29.9  27.2  40.7  26.8 
A: 30.7 42.1 30.1 29.6 32.1 32.9 52.4 32.8 32.1 31.6 76.4 31.3 31.0 40.8 31.0 
B: 36.9 37.7 36.6 35.6 38.0 41.9 43.5 39.6 39.9 40.6 43.9 39.5 39.1 41.2 41.1 
Phase: -145 -146 -146 -143 -143 -139 -142 -144 -145 -143 -152 -141 -144 -145 -143 

26.0: Count:  30.9 (  5.6) A:  37.5 [20-1187] B:  39.3 [20-235] Phase: -137 (31) 
Count:  36.8  38.0  27.7  25.7  31.7  30.9  30.0  35.6  23.0  36.5  21.5  30.3  28.4  40.3  26.7 
A: 30.0 43.2 28.9 29.6 33.2 32.9 53.8 35.3 32.2 31.1 81.7 30.5 31.0 44.7 31.9 
B: 35.2 36.9 34.7 35.0 38.9 40.4 43.9 41.4 39.7 40.9 44.3 38.4 38.7 41.8 39.4 
Phase: -138 -136 -138 -135 -137 -138 -135 -137 -136 -140 -128 -142 -139 -137 -136 

26.1: Count:  30.4 (  6.0) A:  39.9 [20-1160] B:  38.1 [20-216] Phase: -133 (32) 
Count:  35.2  36.8  27.0  26.6  31.6  30.9  27.8  36.6  21.3  33.4  21.3  30.9  28.6  42.7  24.8 
A: 30.8 49.2 30.6 30.2 34.7 33.4 64.6 33.8 32.5 33.1 94.9 31.4 31.9 45.7 33.1 
B: 33.1 35.8 34.4 34.0 37.8 39.4 42.6 37.8 38.0 39.1 44.7 36.7 38.0 41.3 39.1 
Phase: -134 -133 -134 -133 -131 -131 -126 -133 -134 -133 -115 -133 -132 -133 -134 

26.2: Count:  30.0 (  5.6) A:  42.4 [20-1360] B:  36.4 [20-225] Phase: -125 (37) 
Count:  34.4  37.0  25.4  28.3  32.9  28.3  28.1  33.9  20.1  35.2  21.8  28.8  29.9  40.4  25.7 
A: 31.3 51.8 31.6 32.7 36.1 35.4 67.7 36.3 34.6 35.3 99.6 35.3 33.1 50.2 34.4 
B: 32.0 35.1 31.7 33.2 34.9 37.7 41.2 35.8 36.5 36.8 42.8 36.6 35.0 38.8 38.3 
Phase: -127 -121 -128 -127 -126 -125 -121 -126 -128 -128 -113 -127 -127 -123 -127 

26.3: Count:  29.9 (  5.5) A:  44.5 [20-1418] B:  35.4 [20-247] Phase: -120 (37) 
Count:  35.0  37.9  27.7  27.4  28.5  30.2  27.4  34.7  22.4  34.1  21.0  30.9  27.7  39.5  23.9 
A: 33.8 58.0 31.5 32.3 39.0 36.0 72.1 35.5 35.2 35.4 117.1 34.2 33.0 54.2 34.0 
B: 31.9 34.3 31.0 32.0 34.5 35.5 40.5 35.7 35.1 35.2 43.6 34.5 34.8 38.0 35.6 
Phase: -118 -116 -124 -121 -120 -122 -115 -126 -128 -124 -105 -122 -121 -116 -121 

26.4: Count:  29.4 (  4.9) A:  47.3 [20-1824] B:  34.2 [20-284] Phase: -115 (38) 
Count:  36.1  35.7  26.0  27.7  31.4  29.3  27.3  34.1  22.4  32.1  20.6  29.5  27.6  36.3  24.7 
A: 32.9 66.6 34.1 33.5 39.3 36.6 82.1 36.2 35.9 35.3 127.6 34.3 35.3 60.8 36.3 
B: 30.6 34.0 31.4 30.4 32.6 34.8 40.1 33.9 32.8 34.0 41.5 32.6 32.5 37.1 35.3 
Phase: -119 -112 -118 -115 -115 -115 -108 -116 -119 -120 -104 -118 -116 -111 -120 

26.5: Count:  28.3 (  4.9) A:  50.1 [20-2102] B:  33.2 [20-249] Phase: -108 (41) 
Count:  32.1  34.2  27.9  24.7  29.3  28.0  26.9  30.6  20.9  33.1  19.9  29.5  26.8  37.3  23.0 
A: 34.7 74.0 33.1 33.7 39.8 36.3 88.5 36.2 36.0 35.3 149.8 34.0 35.8 65.9 36.1 
B: 29.5 33.6 29.1 29.3 32.2 31.9 38.1 33.3 32.8 32.9 42.8 32.5 32.0 36.3 32.7 
Phase: -116 -103 -111 -109 -104 -113 -100 -112 -103 -107 -96 -115 -110 -105 -110 

26.6: Count:  27.2 (  4.7) A:  53.3 [20-2495] B:  32.2 [20-288] Phase: -100 (42) 
Count:  29.0  31.0  24.3  25.1  28.9  27.9  26.7  32.2  20.3  30.6  19.1  27.3  26.0  37.1  22.7 
A: 33.5 80.9 33.0 34.2 41.1 37.5 97.4 37.9 36.4 34.5 182.5 35.5 35.0 69.4 36.1 
B: 27.9 32.6 29.4 28.6 31.0 31.6 37.3 32.1 30.1 31.2 42.3 30.8 31.1 34.8 32.3 
Phase: -103 -97 -102 -103 -98 -102 -94 -100 -106 -102 -85 -104 -105 -97 -99 

26.7: Count:  24.6 (  4.7) A:  56.3 [20-2445] B:  31.4 [20-258] Phase: -88 (39) 
Count:  26.6  30.9  21.2  20.8  25.1  26.2  24.0  30.3  19.3  25.7  16.8  24.6  22.7  34.2  20.1 
A: 34.4 84.4 31.6 32.3 42.1 36.0 109.1 37.3 37.7 34.0 210.5 34.5 35.4 76.0 35.7 
B: 28.0 31.5 27.7 28.7 30.5 30.7 37.8 29.7 29.8 30.5 43.3 30.0 30.2 33.2 30.9 
Phase: -92 -85 -93 -88 -89 -87 -84 -91 -90 -94 -70 -91 -91 -85 -88 

26.8: Count:  23.7 (  4.3) A:  64.3 [20-3384] B:  30.9 [20-334] Phase: -84 (45) 
Count:  27.3  25.9  19.2  20.8  25.5  24.2  23.7  28.7  17.5  28.1  17.4  24.3  21.2  31.8  19.7 
A: 35.7 109.3 34.0 34.2 46.8 38.1 139.8 38.6 36.6 36.9 241.4 36.9 36.2 90.2 35.8 
B: 28.2 32.4 27.0 27.1 29.6 29.8 38.4 28.2 27.9 29.8 43.9 29.0 29.2 34.3 29.7 
Phase: -90 -75 -85 -89 -79 -79 -76 -88 -86 -86 -71 -93 -86 -77 -89 

26.9: Count:  22.0 (  3.9) A:  69.3 [20-3571] B:  30.5 [20-371] Phase: -69 (44) 
Count:  26.3  23.6  19.9  19.5  24.4  22.5  21.6  26.1  15.3  24.0  16.0  23.0  19.9  29.5  18.5 
A: 35.6 128.4 34.8 34.9 45.9 38.0 152.9 38.0 37.5 36.5 297.5 35.7 34.1 97.6 35.5 
B: 25.7 34.0 26.1 26.6 28.7 28.8 38.8 28.5 27.4 28.3 47.8 27.7 28.6 33.8 28.6 
Phase: -69 -62 -71 -75 -66 -71 -63 -69 -79 -76 -56 -78 -75 -64 -67 

27.0: Count:  20.3 (  4.1) A:  75.6 [20-4050] B:  30.6 [20-369] Phase: -57 (47) 
Count:  22.9  21.2  16.5  15.8  20.6  22.2  20.3  25.5  14.8  23.1  13.8  21.2  20.5  29.0  17.4 
A: 35.2 153.9 34.4 35.8 52.9 38.2 162.9 38.3 36.7 36.7 367.9 37.2 37.2 101.2 37.8 
B: 25.7 34.7 26.2 25.9 28.8 28.3 39.2 27.7 27.1 28.4 52.3 27.8 27.6 33.6 28.8 
Phase: -59 -52 -64 -56 -55 -55 -54 -56 -67 -63 -35 -72 -54 -47 -62 

27.1: Count:  19.4 (  3.6) A:  78.9 [20-3714] B:  30.3 [20-380] Phase: -43 (49) 
Count:  21.7  22.4  17.5  14.9  20.3  21.3  19.2  22.2  15.0  22.7  13.9  20.8  17.7  26.1  15.5 
A: 35.7 139.0 34.3 35.9 53.7 39.2 182.8 39.6 35.5 37.2 371.2 34.5 34.7 121.6 37.1 
B: 26.4 33.4 26.0 25.7 28.8 28.5 39.3 27.3 26.6 28.2 52.5 26.5 26.8 33.7 27.2 
Phase: -39 -38 -47 -40 -42 -43 -36 -48 -54 -51 -29 -56 -43 -43 -33 

27.2: Count:  20.3 (  3.6) A:  78.8 [20-5345] B:  30.2 [20-506] Phase: -26 (61) 
Count:  23.5  22.7  17.9  16.7  21.8  21.6  20.7  21.8  15.7  25.0  14.2  20.8  18.7  27.0  16.6 
A: 36.4 157.4 35.4 33.9 51.0 38.3 174.4 37.7 38.0 36.8 371.7 36.6 36.7 117.4 34.7 
B: 26.3 34.9 25.9 25.8 28.4 27.5 38.7 28.1 26.8 27.8 51.6 26.7 27.3 33.4 27.1 
Phase: -23 -25 -21 -17 -24 -22 -21 -36 -21 -36 -16 -40 -22 -22 -42 

27.3: Count:  18.2 (  3.1) A:  88.1 [20-4962] B:  30.5 [20-423] Phase: -13 (59) 
Count:  18.6  19.6  16.9  14.4  19.0  20.5  19.4  20.4  14.0  22.3  13.5  18.6  16.3  24.4  15.4 
A: 39.3 167.8 37.1 35.8 56.4 38.3 194.5 39.1 35.9 37.1 437.6 37.7 37.8 137.4 37.2 
B: 24.9 35.4 25.3 24.9 28.3 27.3 40.3 27.0 26.3 27.1 57.9 26.5 26.8 34.9 26.9 
Phase: -14 -1 -10 -6 -13 -14 -16 -22 -28 -26 0 -24 -7 5 -15 

27.4: Count:  17.0 (  2.8) A:  93.8 [20-4329] B:  30.6 [20-444] Phase: -7 (49) 
Count:  17.3  16.1  15.4  14.3  17.5  19.4  18.4  19.3  11.7  20.7  13.9  17.6  16.5  22.2  14.6 
A: 37.4 209.0 36.8 35.0 52.9 37.6 210.5 37.2 38.0 37.7 445.9 36.2 34.7 154.2 34.2 
B: 24.5 37.8 25.4 24.5 27.5 25.9 41.4 26.5 25.8 27.0 58.0 26.8 26.3 36.1 25.9 
Phase: 5 -1 -7 -9 -2 -6 -4 -9 -18 -19 9 -13 -7 0 -17 

27.5: Count:  16.7 (  3.0) A:  96.6 [20-5183] B:  30.7 [20-546] Phase: 6 (47) 
Count:  18.8  17.8  14.7  13.1  18.4  17.7  17.1  18.3  14.1  18.4  11.8  16.5  15.3  24.1  13.8 
A: 35.5 192.4 38.0 37.0 61.1 37.3 236.6 39.4 36.5 38.5 510.1 37.0 37.9 144.0 37.3 
B: 24.7 36.8 24.6 24.3 28.1 26.3 44.8 25.7 24.7 26.8 64.7 25.9 25.9 35.3 26.2 
Phase: -1 11 9 8 7 10 13 4 5 4 16 -7 7 7 -2 

27.6: Count:  16.9 (  3.2) A:  91.8 [20-4957] B:  30.8 [20-505] Phase: 16 (44) 
Count:  19.9  18.6  14.0  13.8  17.2  19.4  17.6  19.6  10.7  18.7  11.8  16.7  17.0  22.4  15.8 
A: 37.3 173.6 38.0 38.0 52.2 38.3 217.9 39.3 40.7 36.5 473.4 35.7 37.6 151.5 38.8 
B: 25.0 35.9 24.9 25.3 26.7 26.0 43.4 26.3 25.1 27.3 64.2 26.3 26.4 37.3 26.5 
Phase: 15 19 22 21 17 21 16 11 9 9 16 9 12 25 17 

27.7: Count:  17.9 (  3.5) A:  89.6 [20-4976] B:  31.0 [20-569] Phase: 27 (44) 
Count:  19.5  19.1  14.8  14.6  17.8  19.4  18.5  21.1  13.4  20.6  12.7  17.6  17.4  26.4  15.1 
A: 39.0 188.4 38.7 37.5 60.9 40.4 203.3 42.1 38.3 37.6 429.5 37.9 36.9 128.3 37.6 
B: 25.3 38.4 25.5 25.5 28.2 26.3 43.8 26.3 26.8 26.1 63.5 25.4 26.1 35.5 26.2 
Phase: 24 29 32 35 29 29 30 27 19 23 35 17 28 26 26 

27.8: Count:  17.7 (  3.0) A:  89.5 [20-4270] B:  31.4 [20-525] Phase: 34 (45) 
Count:  17.4  19.9  15.2  13.9  20.1  20.4  17.2  20.4  13.0  21.3  14.3  16.6  17.4  23.2  15.3 
A: 38.1 189.3 37.1 37.1 51.7 38.5 186.0 41.4 37.6 37.1 420.6 39.0 38.9 138.1 35.3 
B: 25.7 39.9 24.8 25.1 27.2 26.6 43.2 26.4 26.1 27.0 63.4 26.5 26.7 37.5 26.2 
Phase: 26 39 32 43 37 37 38 31 34 25 33 29 34 39 25 

27.9: Count:  19.4 (  2.6) A:  77.1 [20-3567] B:  30.5 [20-441] Phase: 43 (48) 
Count:  19.0  22.3  17.5  17.5  19.8  20.4  21.4  20.8  15.2  22.0  16.3  20.1  18.0  24.2  16.2 
A: 39.9 139.4 39.2 38.4 48.4 39.2 154.7 38.2 40.4 39.0 300.3 38.2 38.7 117.8 38.9 
B: 26.0 34.3 25.4 25.9 27.9 27.4 39.8 26.6 26.0 27.1 53.1 26.8 27.1 35.9 26.0 
Phase: 50 45 43 48 43 49 44 45 37 38 32 37 42 53 42 

28.0: Count:  20.5 (  2.6) A:  48.1 [20-1154] B:  27.6 [20-137] Phase: 45 (47) 
Count:  22.7  22.7  18.3  19.0  22.1  20.7  21.0  22.3  17.2  24.6  17.0  20.6  17.0  24.1  18.0 
A: 39.0 63.8 39.0 36.1 41.2 39.4 67.5 40.3 39.1 39.6 110.4 36.7 37.4 57.8 38.2 
Phase: 54 50 47 46 50 46 36 50 39 35 32 43 50 54 45 

28.1: Count:  20.5 (  3.4) A:  44.4 [20-822] B:  27.1 [20-110] Phase: 55 (46) 
Count:  22.6  22.5  18.6  17.6  22.1  21.9  19.5  22.4  16.9  24.2  16.7  19.3  21.7  27.2  14.2 
A: 39.1 53.6 37.8 37.0 38.7 38.3 62.4 39.9 37.8 37.9 84.8 36.7 36.8 49.3 39.6 
Phase: 52 60 54 56 52 62 53 56 48 52 49 45 58 63 59 

28.2: Count:  22.7 (  2.6) A:  41.5 [20-771] B:  27.7 [20-99] Phase: 56 (53) 
Count:  24.9  24.7  21.7  20.3  23.5  23.6  22.0  25.0  20.4  24.3  18.0  23.0  20.8  28.1  19.9 
A: 38.4 45.4 37.2 36.6 39.6 39.2 52.8 38.0 38.0 37.2 66.9 38.5 37.1 42.6 38.8 
Phase: 56 65 56 51 58 64 52 61 40 59 40 53 49 69 60 

28.3: Count:  24.9 (  2.1) A:  39.2 [20-690] B:  28.2 [20-86] Phase: 59 (53) 
Count:  24.3  27.4  23.0  23.2  25.3  25.2  24.2  25.6  24.7  28.1  21.0  26.5  21.4  27.9  25.4 
A: 37.2 44.7 37.1 36.0 37.3 36.5 44.3 38.5 35.6 35.4 54.3 37.3 36.1 42.5 36.1 
Phase: 62 59 61 63 66 68 58 64 45 61 44 52 58 72 48 

28.4: Count:  23.7 (  2.8) A:  37.4 [20-427] B:  28.1 [20-72] Phase: 64 (53) 
Count:  23.6  25.2  23.1  22.2  24.8  25.1  24.1  26.7  20.5  27.3  18.3  22.9  22.1  29.0  20.6 
A: 35.0 42.6 35.5 35.2 35.6 34.2 43.2 35.2 35.7 35.8 49.0 34.8 33.7 39.8 36.4 
Phase: 64 70 62 67 65 78 63 69 47 62 49 53 66 79 60 

28.5: Count:  26.5 (  1.7) A:  35.6 [20-469] B:  28.7 [20-89] Phase: 62 (55) 
Count:  28.2  24.7  24.2  24.5  27.0  26.7  27.5  27.0  24.6  27.7  26.3  26.7  25.3  30.6  25.7 
A: 35.6 36.3 34.5 33.2 34.9 34.7 37.4 34.6 35.5 33.6 41.8 34.8 32.9 38.3 34.4 
Phase: 67 76 63 70 72 62 56 66 48 58 37 47 65 79 57 

28.6: Count:  26.2 (  1.9) A:  34.4 [20-465] B:  28.9 [20-75] Phase: 68 (57) 
Count:  25.3  28.7  23.3  24.2  26.7  27.7  26.9  26.2  27.9  28.0  24.8  24.9  22.3  27.8  27.4 
A: 33.0 36.5 33.3 32.1 33.8 32.3 38.4 34.9 32.8 33.9 39.0 33.6 33.3 35.6 31.9 
Phase: 73 81 69 77 78 78 60 72 50 62 43 62 68 85 58 

28.7: Count:  28.4 (  1.6) A:  33.5 [20-394] B:  30.3 [20-80] Phase: 66 (59) 
Count:  29.5  27.8  25.8  26.5  29.0  30.1  26.7  30.5  30.0  30.6  26.5  28.1  26.8  29.3  28.8 
A: 31.7 35.8 32.7 31.6 32.2 32.0 37.0 33.8 33.0 32.4 38.6 33.2 31.4 35.5 32.0 
Phase: 70 81 71 61 73 77 61 78 51 63 42 63 71 82 55 

28.8: Count:  26.8 (  2.1) A:  33.2 [20-369] B:  29.6 [20-72] Phase: 70 (57) 
Count:  28.5  27.0  23.8  23.0  28.1  26.0  28.0  25.7  29.3  29.7  26.6  27.9  24.2  29.3  24.9 
Phase: 78 82 73 76 71 80 66 83 45 57 41 65 85 83 70 

28.9: Count:  26.6 (  1.4) A:  32.4 [20-360] B:  30.1 [20-77] Phase: 71 (57) 
Count:  26.8  26.9  26.1  24.9  26.0  24.6  28.4  25.0  26.5  28.0  24.8  28.8  28.3  27.0  26.9 
A: 31.2 35.2 31.2 29.9 30.9 30.1 36.2 32.4 31.6 31.4 38.2 31.9 31.3 32.9 31.0 
Phase: 76 84 76 77 78 84 64 73 53 64 49 65 79 85 61 

29.0: Count:  28.1 (  1.8) A:  31.7 [20-347] B:  31.0 [20-73] Phase: 66 (60) 
Count:  28.5  28.1  27.2  24.8  26.8  27.2  28.2  27.5  30.6  31.0  28.6  29.7  27.0  30.8  26.2 
Phase: 69 75 77 65 65 83 60 72 46 55 42 57 73 96 66 

29.1: Count:  29.5 (  1.4) A:  31.4 [20-316] B:  32.2 [20-85] Phase: 69 (61) 
Count:  28.9  30.3  30.6  27.0  28.1  27.9  31.3  30.3  30.1  31.4  30.3  28.1  28.8  30.2  28.4 
Phase: 76 82 74 72 73 71 62 80 44 59 43 67 75 96 71 

29.2: Count:  34.9 (  2.1) A:  32.2 [20-231] B:  34.1 [20-86] Phase: 68 (61) 
Count:  35.1  34.2  33.9  31.0  34.0  34.4  36.1  35.4  39.2  36.8  37.3  35.8  31.6  33.0  36.2 
Phase: 78 83 68 68 69 80 63 82 44 61 43 62 76 81 65 

29.3: Count:  33.3 (  1.8) A:  32.3 [20-236] B:  33.5 [20-81] Phase: 68 (63) 
Count:  35.0  32.2  30.2  31.3  32.4  33.1  32.5  34.4  37.0  35.7  34.1  32.7  32.6  34.7  32.0 
Phase: 87 86 69 70 73 79 56 84 51 57 43 56 78 86 64 

29.4: Count:  32.5 (  1.9) A:  31.1 [20-213] B:  33.7 [20-95] Phase: 70 (63) 
Count:  34.2  30.9  31.2  29.3  31.4  31.2  32.3  32.9  36.4  35.1  34.3  32.8  30.5  31.5  33.2 
Phase: 78 90 68 74 74 82 59 82 50 65 45 60 82 97 70 

29.5: Count:  32.6 (  2.4) A:  30.8 [20-201] B:  34.6 [20-93] Phase: 78 (64) 
Count:  35.6  30.5  32.1  27.9  31.6  31.6  32.7  31.3  37.0  34.1  31.6  34.5  30.1  35.0  33.7 
Phase: 84 104 84 75 78 81 63 83 46 70 51 78 85 109 78 

29.6: Count:  32.3 (  2.7) A:  30.6 [20-190] B:  35.3 [20-99] Phase: 77 (64) 
Count:  29.0  31.4  31.9  28.1  31.1  28.5  35.9  32.4  35.7  35.5  33.7  36.2  32.6  31.3  31.7 
Phase: 85 102 82 78 79 84 59 88 54 66 54 79 87 106 75 

29.7: Count:  33.5 (  2.3) A:  30.6 [20-196] B:  36.9 [20-107] Phase: 82 (68) 
Count:  32.7  33.3  33.3  28.8  33.9  32.9  36.2  33.7  33.0  35.5  34.5  37.0  30.3  36.3  31.3 
Phase: 93 102 84 88 82 86 67 91 66 73 57 72 89 107 80 

29.8: Count:  35.8 (  2.7) A:  30.6 [20-199] B:  38.0 [20-115] Phase: 88 (69) 
Count:  38.0  35.6  35.4  29.1  34.2  35.3  34.2  35.1  36.0  39.2  34.2  37.0  35.6  40.7  38.0 
Phase: 91 109 85 89 84 90 78 105 63 79 57 80 97 110 91 

29.9: Count:  34.5 (  1.7) A:  30.5 [20-229] B:  39.2 [20-113] Phase: 96 (67) 
Count:  37.9  34.7  33.2  32.0  34.2  34.5  34.2  34.0  36.1  35.4  34.4  33.4  31.4  36.6  34.8 
B: 41.8 40.5 37.1 38.8 40.5 39.4 38.7 41.2 34.8 39.2 35.0 37.4 42.3 44.4 36.8 
Phase: 99 112 104 100 97 105 89 108 67 82 66 91 105 124 92 

30.0: Count:  43.7 (  3.2) A:  33.5 [20-184] B:  39.9 [20-144] Phase: 102 (75) 
Count:  44.5  48.4  45.2  40.2  45.2  46.6  42.2  43.8  38.6  40.6  40.0  43.6  43.0  50.3  43.4 
B: 41.0 42.2 39.6 42.1 40.6 40.1 39.0 41.2 37.2 39.1 35.6 37.4 40.7 43.3 37.2 
Phase: 121 118 99 102 105 103 90 104 72 85 76 103 116 122 106 

30.1: Count:  35.8 (  2.7) A:  31.0 [20-182] B:  39.9 [20-125] Phase: 108 (70) 
Count:  35.4  36.2  37.7  33.3  35.5  36.3  35.0  36.8  33.3  36.8  32.5  36.6  36.0  43.5  32.9 
B: 41.7 40.8 39.7 40.9 40.9 40.6 40.7 42.1 34.9 38.8 35.2 37.5 40.4 43.4 38.2 
Phase: 118 137 109 109 105 109 96 110 75 96 77 103 118 132 113 

30.2: Count:  35.4 (  3.4) A:  30.9 [20-175] B:  40.1 [20-126] Phase: 118 (72) 
Count:  35.2  40.1  35.6  34.8  36.3  37.1  32.1  39.8  28.6  34.8  30.3  34.6  33.6  39.4  38.7 
B: 43.5 43.1 38.7 40.0 40.3 42.6 37.9 41.2 36.3 38.4 36.1 38.1 39.7 43.5 38.3 
Phase: 118 136 118 114 114 123 107 127 86 115 93 114 131 138 121 

30.3: Count:  37.5 (  3.0) A:  31.4 [20-178] B:  40.6 [20-125] Phase: 123 (72) 
Count:  40.8  38.5  38.0  34.4  37.6  37.2  38.0  36.8  32.8  37.0  33.3  38.2  43.2  42.0  34.0 
B: 41.1 44.0 39.4 42.6 42.0 42.6 39.0 41.9 37.1 38.9 35.1 39.4 40.9 43.8 38.2 
Phase: 124 132 122 132 122 125 108 135 107 125 97 117 133 146 118 

30.4: Count:  36.0 (  3.6) A:  31.1 [20-151] B:  39.8 [20-123] Phase: 137 (69) 
Count:  38.0  37.8  35.3  33.4  34.9  39.5  33.1  38.0  29.3  35.9  30.1  36.7  37.7  43.4  36.8 
B: 39.9 43.1 38.9 39.9 41.4 42.2 38.8 42.5 36.0 37.7 34.5 36.1 41.3 42.2 38.5 
Phase: 137 153 146 135 136 145 135 148 112 131 113 132 146 147 132 

30.5: Count:  35.7 (  3.8) A:  30.6 [20-160] B:  40.3 [20-126] Phase: 143 (70) 
Count:  35.6  39.1  34.6  35.2  34.1  36.5  36.9  35.3  29.4  35.0  30.0  35.7  40.2  45.1  33.3 
B: 40.7 41.3 40.9 41.7 42.2 43.1 38.9 42.6 34.7 37.7 35.8 38.0 41.5 42.9 39.6 
Phase: 148 157 134 141 149 150 137 148 117 149 110 141 154 149 148 

30.6: Count:  37.5 (  2.8) A:  31.3 [20-118] B:  40.7 [20-117] Phase: 142 (66) 
Count:  38.1  39.7  37.3  35.8  37.3  40.5  36.0  39.2  33.1  36.6  31.1  37.3  40.1  41.7  38.1 
Phase: 152 152 144 148 141 141 133 151 124 132 117 142 153 154 139 

30.7: Count:  36.1 (  3.9) A:  30.9 [20-156] B:  40.0 [20-121] Phase: 149 (69) 
Count:  39.6  41.4  36.3  35.6  35.7  39.1  31.2  35.1  29.9  35.0  29.6  37.0  36.4  43.8  36.7 
B: 41.0 41.4 40.7 39.6 40.4 41.3 40.7 41.2 37.0 40.8 34.4 39.3 40.0 42.5 37.3 
Phase: 151 157 148 151 150 154 145 157 125 148 130 155 150 163 143 

30.8: Count:  35.0 (  4.2) A:  30.8 [20-169] B:  39.5 [20-120] Phase: 155 (70) 
Count:  38.1  41.5  37.8  33.3  34.9  35.8  34.1  37.0  25.9  34.9  28.6  33.7  34.9  41.9  32.1 
Phase: 151 168 157 163 156 159 144 168 132 144 144 158 158 166 143 

30.9: Count:  34.6 (  3.8) A:  30.5 [20-185] B:  39.9 [20-116] Phase: 165 (68) 
Count:  35.2  40.0  35.9  35.6  34.5  36.6  31.0  36.0  29.9  35.1  27.1  33.8  34.3  42.1  31.2 
Phase: 168 167 167 170 166 161 157 171 138 154 159 166 -179 172 162 

31.0: Count:  34.3 (  3.5) A:  30.5 [20-155] B:  39.5 [20-114] Phase: 172 (70) 
Count:  38.6  38.3  36.0  33.4  33.3  34.5  34.3  34.2  30.5  36.4  26.8  34.2  32.8  40.7  30.8 
Phase: 165 175 175 172 169 170 157 -180 161 175 166 174 -172 172 177 

31.1: Count:  34.2 (  4.1) A:  30.9 [20-140] B:  39.4 [20-105] Phase: 176 (70) 
Count:  38.6  37.5  33.9  31.9  33.0  36.5  32.3  37.0  26.7  37.9  27.0  35.8  34.2  40.6  30.3 
Phase: 176 -179 -179 173 175 176 -180 175 164 174 167 173 177 177 174 

31.2: Count:  35.4 (  3.7) A:  31.3 [20-143] B:  39.4 [20-116] Phase: -179 (74) 
Count:  39.6  40.8  35.9  33.7  33.6  39.1  33.5  39.0  28.3  35.1  29.0  36.0  35.9  38.7  32.2 
Phase: -166 -171 -179 -175 172 -175 170 -179 166 169 168 -179 -170 -173 -176 

31.3: Count:  40.1 (  4.4) A:  33.0 [20-136] B:  39.7 [20-116] Phase: 159 (85) 
Count:  42.2  44.8  41.1  41.6  42.9  44.2  38.7  43.2  30.4  41.5  32.9  40.6  38.2  44.6  34.5 
Phase: 162 -176 158 165 176 169 144 172 134 157 110 156 175 167 156 

31.4: Count:  37.4 (  3.7) A:  31.5 [20-154] B:  40.6 [20-109] Phase: 179 (71) 
Count:  43.8  39.2  38.7  34.5  37.1  37.7  35.7  40.7  31.6  37.7  31.5  36.9  37.6  44.1  34.6 
Phase: -173 -179 176 175 176 178 -179 -180 152 178 156 178 -165 -180 -178 

31.5: Count:  38.2 (  4.3) A:  32.2 [20-143] B:  40.5 [20-112] Phase: 169 (74) 
Count:  42.9  43.8  40.0  36.1  40.7  42.4  36.3  42.3  33.2  38.6  30.4  34.2  35.6  43.3  33.5 
Phase: 175 -176 174 168 175 165 158 -178 150 169 145 168 169 174 173 

31.6: Count:  35.2 (  5.2) A:  31.9 [20-137] B:  40.5 [20-117] Phase: -178 (73) 
Count:  39.5  42.2  35.1  36.0  37.6  40.2  32.6  37.3  26.1  35.5  25.8  33.2  35.4  42.2  29.1 
Phase: 176 -172 -176 -178 -174 -178 165 -166 171 -179 -174 -172 -177 -173 178 

31.7: Count:  36.0 (  4.3) A:  31.5 [20-121] B:  40.1 [20-100] Phase: -179 (72) 
Count:  42.3  40.6  36.2  38.7  37.6  39.3  35.2  36.7  28.9  32.2  28.0  35.4  34.9  42.0  32.6 
Phase: 179 -170 -165 -179 177 -179 -171 -168 168 178 173 -175 -179 -178 170 

31.8: Count:  35.4 (  4.1) A:  31.8 [20-126] B:  39.7 [20-110] Phase: 179 (75) 
Count:  40.1  38.9  37.6  36.7  34.1  37.0  34.1  39.0  27.6  36.3  26.5  34.9  37.8  39.0  31.2 
Phase: 177 -174 -174 -165 -179 -179 175 -176 162 173 157 176 177 -163 175 

31.9: Count:  33.4 (  3.9) A:  31.8 [20-141] B:  39.3 [20-111] Phase: -175 (74) 
Count:  37.4  38.6  32.6  34.6  35.2  35.2  31.6  36.8  25.9  34.0  26.4  32.6  32.6  38.0  29.4 
Phase: -152 -173 -173 -177 -159 -178 166 -162 -163 -170 143 -176 178 -174 177 

32.0: Count:  36.2 (  4.6) A:  31.9 [20-110] B:  39.0 [20-115] Phase: 166 (79) 
Count:  40.5  40.4  35.9  36.4  37.7  40.5  32.8  40.4  29.0  38.7  28.6  34.9  33.6  43.3  30.7 
Phase: 177 176 165 -180 163 170 160 171 157 158 140 172 177 173 157 

32.1: Count:  31.7 (  4.1) A:  30.7 [20-118] B:  38.7 [20-107] Phase: -178 (76) 
Count:  34.2  38.2  32.9  31.6  31.4  34.9  27.5  35.5  26.5  32.1  23.6  32.1  31.0  37.0  27.0 
Phase: -164 -166 -168 -177 -178 -176 168 -176 161 -179 169 172 178 -169 164 

32.2: Count:  32.2 (  3.1) A:  30.2 [20-106] B:  37.9 [20-104] Phase: 173 (82) 
Count:  34.7  33.9  31.6  32.5  30.9  36.3  32.0  32.9  28.3  33.4  25.2  30.3  31.4  38.5  31.8 
Phase: -173 -159 179 -171 177 166 161 168 146 -177 141 171 160 177 167 

32.3: Count:  42.2 (  3.0) A:  31.6 [20-152] B:  36.7 [20-101] Phase: 81 (93) 
Count:  44.1  47.9  42.4  41.6  42.4  41.3  41.5  44.7  38.7  43.4  35.9  41.6  41.3  46.6  39.4 
Phase: 101 46 99 77 83 112 68 112 64 55 71 71 59 136 90 

32.4: Count:  22.3 (  3.6) A:  27.9 [20-125] B:  39.0 [20-110] Phase: -169 (66) 
Count:  23.7  27.6  21.5  22.8  22.2  24.2  22.3  26.6  15.3  22.7  16.2  22.1  20.5  27.5  19.1 
Phase: -168 -164 -168 -160 -170 -166 -166 -169 -175 -161 174 -167 -177 -158 -177 

32.5: Count:  24.3 (  2.6) A:  27.9 [20-141] B:  37.4 [20-104] Phase: -179 (71) 
Count:  24.3  28.0  24.6  22.5  24.6  27.9  25.3  28.1  20.3  23.7  19.8  23.4  23.7  27.1  21.9 
Phase: -171 -172 -179 179 177 -179 171 -176 167 -173 165 -178 -176 -172 177 

32.6: Count:  20.6 (  2.0) A:  26.9 [20-119] B:  38.5 [20-96] Phase: -176 (61) 
Count:  20.7  21.5  21.1  18.4  20.4  24.1  20.9  23.0  17.6  18.9  18.2  22.1  18.0  23.6  20.1 
Phase: -176 -167 -171 -175 -175 -180 -180 -164 177 -180 162 -172 -176 -163 175 

32.7: Count:  16.4 (  1.6) A:  26.1 [20-127] B:  37.7 [20-102] Phase: -176 (70) 
Count:  15.5  17.6  18.2  15.8  17.6  19.1  17.1  16.9  15.2  15.8  13.3  15.9  14.8  18.3  15.3 
Phase: -162 -175 -174 175 -179 177 -178 -170 166 -173 172 -177 -174 -163 -176 

32.8: Count:  12.0 (  1.8) A:  25.2 [20-120] B:  37.1 [20-91] Phase: -169 (66) 
Count:  11.5  13.5  12.7  11.3  12.7  15.4  11.5  13.6   8.0  12.3   9.8  11.8  11.8  13.9  10.7 
Phase: -169 -167 -164 -175 -174 -165 -169 -168 -171 -157 154 -178 -173 -153 -159 

32.9: Count:  12.0 (  2.0) A:  25.1 [20-117] B:  38.1 [20-107] Phase: -174 (65) 
Count:  14.5  13.9  10.5  10.4  12.4  15.0  11.3  13.0  11.0  12.0   9.3  10.0  10.1  15.9  10.9 
Phase: -171 -166 -169 174 -170 -171 178 -170 172 -173 -163 -166 -170 -178 -171 

33.0: Count:  12.2 (  1.8) A:  25.3 [20-157] B:  36.2 [20-96] Phase: 176 (72) 
Count:  13.1  12.8  11.4  11.1  12.7  15.0  10.9  15.3  10.9  11.8   8.8  11.0  12.4  14.7  10.7 
Phase: -171 -172 179 166 179 177 -178 160 172 -174 158 160 170 -179 -179 

33.1: Count:  16.4 (  1.8) A:  26.0 [20-109] B:  36.1 [20-95] Phase: 158 (74) 
Count:  16.0  16.7  18.1  16.9  17.0  18.1  16.8  18.5  14.3  16.3  13.8  14.3  17.9  18.8  12.8 
Phase: 170 165 164 156 165 158 154 156 145 171 142 179 141 162 149 

33.2: Count:  20.9 (  1.5) A:  26.2 [20-121] B:  35.7 [20-110] Phase: 143 (82) 
Count:  22.2  21.2  22.1  20.1  20.1  22.5  21.0  22.9  19.2  21.1  19.6  17.1  21.6  22.4  20.7 
Phase: 152 158 171 132 142 149 142 123 133 155 116 155 132 146 142 

33.3: Count:  23.6 (  2.2) A:  26.4 [20-112] B:  34.8 [20-92] Phase: 37 (97) 
Count:  24.9  25.8  24.4  23.6  23.9  27.2  25.5  25.2  20.2  22.2  20.5  21.7  21.1  25.3  21.7 
Phase: -28 24 84 56 32 133 25 115 41 33 23 71 44 92 -8 

33.4: Count:  11.0 (  1.4) A:  25.2 [20-115] B:  36.2 [20-102] Phase: 170 (76) 
Count:  11.3  12.2  10.3  11.9  10.4  13.0  11.5  11.4   7.8  10.7   9.8   9.0  11.7  12.9  11.2 
Phase: -174 172 162 157 164 177 168 178 166 -176 158 173 158 165 176 

33.5: Count:  10.3 (  1.5) A:  25.0 [20-120] B:  36.6 [20-98] Phase: 168 (65) 
Count:   9.0   8.5  11.7   8.9   9.4  12.2  10.6  11.9   8.1  12.4  11.0   9.2   9.7  11.9   9.7 
Phase: 155 168 161 168 166 171 171 173 174 172 167 167 163 168 177 

33.6: Count:  11.7 (  1.5) A:  25.1 [20-99] B:  35.2 [20-96] Phase: 153 (69) 
Count:  12.4  11.1  11.4   9.9  11.6  15.1  12.8  12.2  12.1  10.7  11.2   8.9  10.3  12.4  12.7 
Phase: 159 156 158 161 140 157 152 149 154 164 148 157 133 162 145 

33.7: Count:  11.2 (  1.6) A:  25.1 [20-96] B:  35.7 [20-99] Phase: 166 (61) 
Count:  11.4  10.8  14.4  10.9   9.9  14.4  10.4   9.5  10.4  11.5  11.7   9.0  11.0  12.8  10.2 
Phase: 166 166 170 158 166 168 155 172 171 161 170 174 156 166 163 

33.8: Count:  17.1 (  1.6) A:  25.5 [20-120] B:  35.1 [20-99] Phase: 157 (66) 
Count:  17.8  16.1  16.2  15.4  17.6  19.3  17.1  19.9  14.2  17.7  18.2  18.5  14.7  16.3  17.3 
Phase: 155 142 161 156 156 160 163 171 164 162 151 152 164 154 149 

33.9: Count:   7.9 (  1.2) A:  24.3 [20-82] B:  36.9 [20-103] Phase: 175 (54) 
Count:   9.8   6.2   8.4   7.0   7.1   9.4   8.3   9.1   7.0   8.3   9.1   8.3   7.1   8.0   5.5 
B: 36.2 34.3 37.2 36.6 35.6 41.9 37.1 38.5 32.6 37.2 36.0 37.1 35.9 37.4 37.4 
Phase: -166 176 177 170 166 166 174 -180 176 -179 165 178 167 174 165 

34.0: Count:   8.1 (  1.3) A:  24.1 [20-94] B:  38.0 [20-101] Phase: -180 (52) 
Count:   8.0   8.0   8.5   6.6   8.4  11.9   8.2   7.8   6.3   8.7   8.4   8.0   6.9   8.4   7.9 
Phase: 168 -173 179 175 -177 -177 -180 -172 -175 -180 171 -170 169 -169 174 

34.1: Count:  12.6 (  1.1) A:  24.9 [20-94] B:  38.0 [20-103] Phase: -179 (56) 
Count:  12.5  11.6  12.7  12.4  12.1  15.6  11.9  14.1  12.5  12.8  12.5  11.5  11.7  13.5  11.5 
Phase: 177 175 175 176 178 -174 -172 179 -175 178 -172 -178 -178 -180 178 

34.2: Count:  11.6 (  1.8) A:  24.8 [20-104] B:  35.7 [20-100] Phase: 179 (67) 
Count:  11.9   8.7  13.7   9.2  10.0  15.1  12.8  11.7  12.1  12.8  13.4  10.2  11.0   9.3  12.1 
Phase: -176 -176 173 -172 -166 177 176 179 -161 176 170 170 -180 -168 168 

34.3: Count:  39.6 (  1.4) A:  27.8 [20-98] B:  35.4 [20-100] Phase: 8 (85) 
Count:  41.3  37.4  39.5  41.1  40.9  38.6  41.9  40.0  39.0  39.2  41.2  37.9  38.9  38.3  38.5 
Phase: 8 14 12 4 10 8 6 11 1 2 13 1 9 5 3 

34.4: Count:  18.6 (  1.3) A:  26.0 [20-100] B:  35.9 [20-109] Phase: 177 (78) 
Count:  18.2  20.1  18.2  21.0  18.6  21.2  17.2  18.0  18.6  19.2  18.1  17.4  17.4  19.1  16.8 
Phase: 176 -172 177 164 168 174 -163 -178 167 167 167 169 176 172 -173 

34.5: Count:   9.1 (  1.3) A:  24.1 [20-87] B:  37.4 [20-91] Phase: -172 (57) 
Count:   8.1   8.6   9.4   7.3   7.9  11.1   9.6  12.1   9.5  10.3   9.3   9.0   8.0   8.2   7.8 
Phase: -170 -165 -166 -174 174 -177 -173 -171 -165 -176 -171 -169 177 -154 174 

34.6: Count:  11.1 (  1.3) A:  24.9 [20-93] B:  39.1 [20-106] Phase: -175 (54) 
Count:  10.4  12.3  11.2   9.4   9.9  12.4  11.5  11.8  11.8  11.2  10.4  10.1  11.4  13.9   9.1 
Phase: -173 -171 -172 -177 176 -180 -176 -172 -174 -173 178 -177 -171 -170 -177 

34.7: Count:  10.1 (  0.9) A:  24.2 [20-72] B:  38.6 [20-105] Phase: -173 (57) 
Count:   9.5   9.9  10.3   9.2   9.1  11.7  11.9  10.3   9.4  10.7   9.8   9.9   9.2   9.3  11.3 
Phase: -159 -163 -167 -165 179 -179 179 -162 -179 -178 176 -168 -178 -165 179 

34.8: Count:   8.1 (  1.2) A:  24.1 [20-93] B:  36.5 [20-92] Phase: -175 (64) 
Count:   8.0   9.8   7.8   6.2   6.5   7.1   7.9   9.7   8.5   8.8   9.8   8.2   7.2   9.3   7.3 
Phase: -177 -168 -176 -175 -169 -171 177 -168 161 -172 -174 -177 -178 -174 -169 

34.9: Count:   6.5 (  1.3) A:  23.6 [20-87] B:  37.5 [20-90] Phase: -178 (57) 
Count:   5.0   5.5   7.1   4.4   5.3   7.5   7.2   6.0   5.4   8.4   8.6   6.8   6.6   6.9   7.5 
Phase: 176 -176 176 -172 173 -172 178 -174 175 174 -178 -176 -168 -173 -167 

35.0: Count:  41.3 (  3.8) A:  29.6 [20-97] B:  36.9 [20-105] Phase: 104 (79) 
Count:  35.3  47.0  44.2  43.6  35.6  41.2  44.3  38.6  38.7  35.2  43.6  44.7  40.3  43.5  44.0 
Phase: 104 96 109 97 111 89 99 108 100 120 104 105 104 93 108 

35.1: Count:  22.2 (  3.1) A:  25.8 [20-75] B:  36.0 [20-95] Phase: 131 (76) 
Count:  20.0  24.8  25.6  22.7  17.6  22.4  24.9  15.9  22.4  18.1  26.3  24.1  21.8  22.3  23.8 
Phase: 137 127 127 130 133 141 132 141 143 135 130 122 127 124 132 

35.2: Count:   7.1 (  1.1) A:  23.7 [20-72] B:  36.4 [20-84] Phase: 162 (68) 
Count:   6.8   7.1   7.7   6.0   5.9   7.6   8.6   6.4   7.7   6.5   8.7   8.4   6.2   5.2   7.1 
Phase: 179 178 169 161 147 169 158 -152 158 159 142 151 161 171 143 

35.3: Count:  19.2 (  2.3) A:  25.1 [20-73] B:  36.0 [20-96] Phase: -179 (103) 
Count:  18.2  18.9  19.1  16.8  17.3  17.4  19.9  17.3  24.5  22.0  20.5  22.1  18.5  16.4  19.5 
Phase: -74 -7 -33 -132 174 -155 85 -177 93 -142 72 158 -123 -103 126 

35.4: Count:   9.4 (  1.1) A:  24.0 [20-86] B:  37.2 [20-92] Phase: 167 (79) 
Count:   8.2   8.5   9.0   9.1   7.8   9.6   9.9   8.5   8.9  11.6  10.6  10.0  10.8  10.3   8.7 
Phase: 168 177 160 140 178 -177 159 172 149 166 -158 163 173 155 172 

35.5: Count:   6.4 (  1.0) A:  23.9 [20-67] B:  38.4 [20-90] Phase: 167 (60) 
Count:   5.8   5.5   6.0   3.8   5.1   7.4   7.7   6.3   6.0   7.2   7.8   6.5   6.9   7.1   6.3 
Phase: 162 163 -180 156 157 -179 159 171 163 158 173 169 166 173 167 

35.6: Count:   8.5 (  1.1) A:  24.2 [20-71] B:  39.0 [20-97] Phase: 160 (61) 
Count:   7.6   9.7   8.6   7.2   6.1   9.5   9.2   8.2  10.4   8.0   9.4   8.0   7.6   8.8   9.6 
Phase: 167 163 165 156 167 166 163 178 162 162 142 154 157 153 154 

35.7: Count:   9.3 (  1.5) A:  24.3 [20-86] B:  38.1 [20-96] Phase: 152 (61) 
Count:   8.9   9.7  10.1   8.1   6.5   8.8  10.9   6.8   9.8   9.0  11.0   9.7   7.7  10.3  11.6 
Phase: 162 165 157 145 150 154 148 157 158 162 130 149 151 154 153 

35.8: Count:   8.1 (  0.9) A:  24.0 [20-71] B:  38.0 [20-106] Phase: 154 (68) 
Count:   8.4   8.0   6.9   7.5   7.7   7.1   7.6   6.6   8.5   8.5  10.0   8.6   8.7   7.7   9.4 
Phase: 159 154 168 141 167 167 150 162 156 158 140 152 136 158 156 

35.9: Count:   7.5 (  1.0) A:  24.3 [20-68] B:  38.9 [20-90] Phase: 156 (68) 
Count:   7.5   8.2   7.7   5.9   5.6   8.0   7.8   6.6   7.9   7.0   9.9   7.8   7.1   7.6   8.0 
Phase: 161 161 145 165 153 164 155 139 162 161 142 158 158 142 155 

36.0: Count:   9.4 (  1.1) A:  24.8 [20-116] B:  39.3 [20-86] Phase: 166 (71) 
Count:   7.7  11.0   8.8   9.3   8.6   9.3  11.2   8.8   8.1   9.3   9.6  10.4  10.7  10.1   8.5 
Phase: 142 179 162 178 178 174 165 -176 153 144 161 174 156 -177 164 

36.1: Count:   8.5 (  1.0) A:  24.3 [20-105] B:  41.6 [20-96] Phase: 159 (63) 
Count:   8.9   9.5   9.0   7.4   7.0   9.2   8.5   7.8   9.4   7.0  10.9   8.6   8.2   7.9   8.1 
Phase: 164 155 152 159 149 170 161 163 164 149 146 157 161 163 168 

36.2: Count:   9.3 (  1.2) A:  24.3 [20-62] B:  41.2 [20-87] Phase: 154 (66) 
Count:   8.1   8.8   9.7   7.8   7.7   8.9  10.0   9.4  11.9   9.4  11.6   9.4   8.1   9.7   9.6 
Phase: 168 162 148 160 148 167 151 158 155 148 145 153 139 153 156 

36.3: Count:  13.1 (  1.7) A:  24.6 [20-68] B:  40.4 [20-92] Phase: -173 (76) 
Count:  10.9  12.9  15.9  10.8  12.0  13.4  14.4  10.9  14.8  11.8  15.8  14.6  12.2  12.5  14.0 
Phase: -161 -152 -152 179 173 -157 -172 172 162 -169 172 -168 -179 171 178 

36.4: Count:   6.9 (  0.8) A:  23.4 [20-65] B:  40.6 [20-90] Phase: 163 (66) 
Count:   5.9   6.3   6.3   5.7   7.3   6.3   7.3   6.6   7.0   6.7   8.5   7.6   6.0   7.2   8.4 
Phase: -154 -178 157 162 168 157 142 162 158 -178 152 177 -173 157 147 

36.5: Count:   4.9 (  1.0) A:  23.3 [20-79] B:  42.9 [20-93] Phase: 152 (47) 
Count:   3.5   4.2   4.6   3.8   4.2   4.1   5.6   5.6   6.7   5.2   6.7   3.8   4.5   5.0   6.1 
B: 43.2 46.9 41.3 42.8 45.4 49.6 43.1 47.7 41.2 36.5 39.3 41.8 46.0 43.2 38.7 
Phase: 159 149 157 154 152 159 151 156 145 151 145 160 156 145 143 

36.6: Count:   4.3 (  1.2) A:  23.0 [20-79] B:  43.7 [20-93] Phase: 148 (45) 
Count:   4.0   4.1   3.6   2.6   3.5   4.6   5.8   4.3   5.0   4.6   7.0   4.1   2.4   3.2   5.2 
B: 40.8 48.5 43.4 46.5 46.0 46.6 41.2 48.0 40.6 43.9 41.9 42.2 41.8 43.7 43.4 
Phase: 150 159 157 137 143 153 140 143 147 149 144 160 146 149 137 

36.7: Count:   4.8 (  1.0) A:  23.1 [20-65] B:  43.5 [20-88] Phase: 144 (46) 
Count:   4.8   3.9   4.4   3.9   4.7   4.0   5.1   5.1   5.8   3.0   6.7   5.7   3.9   4.2   6.4 
B: 42.7 50.5 41.0 44.7 45.3 46.7 44.5 46.7 39.4 40.9 40.9 39.1 44.1 45.4 44.0 
Phase: 149 171 152 141 146 150 135 142 126 138 138 149 155 153 138 

36.8: Count:   3.9 (  0.9) A:  23.1 [20-58] B:  40.7 [20-83] Phase: 135 (43) 
Count:   2.5   2.8   3.0   2.9   3.7   3.5   4.8   4.2   4.6   4.0   5.5   3.8   3.6   4.0   5.4 
B: 43.7 47.0 40.1 43.0 43.9 45.8 40.0 41.9 37.8 37.0 37.6 38.3 41.1 41.4 38.3 
Phase: 147 132 141 131 136 133 126 139 128 125 132 132 137 145 139 

36.9: Count:   4.2 (  0.8) A:  23.1 [20-68] B:  39.9 [20-85] Phase: 132 (46) 
Count:   3.4   4.0   3.4   2.3   4.5   4.2   4.5   5.4   5.2   4.2   5.3   3.9   4.1   4.7   4.3 
B: 39.1 43.7 37.1 43.3 41.4 39.1 39.2 45.4 34.4 37.1 35.8 37.8 41.4 42.4 42.4 
Phase: 132 145 139 133 126 142 132 141 128 136 129 127 131 126 120 

37.0: Count:   2.9 (  0.8) A:  23.0 [20-95] B:  37.2 [20-83] Phase: 135 (46) 
Count:   2.6   1.9   2.1   2.0   3.4   3.3   3.8   3.4   3.3   4.1   3.8   1.7   2.3   3.5   2.8 
B: 37.3 40.1 36.9 38.0 39.3 38.3 35.4 43.1 32.5 32.9 34.5 32.6 37.4 41.0 38.4 
Phase: 149 133 138 129 144 136 131 137 133 129 119 137 137 140 131 

37.1: Count:   2.6 (  0.6) A:  23.0 [20-69] B:  35.0 [20-80] Phase: 142 (43) 
Count:   2.9   2.6   2.4   2.0   2.3   2.5   3.2   2.8   3.4   2.2   3.8   1.7   2.4   2.2   2.7 
B: 35.7 36.3 35.3 37.9 34.1 39.5 32.7 34.0 35.1 32.0 34.6 33.7 37.6 36.3 29.9 
Phase: 142 154 147 141 138 145 137 151 144 135 147 138 139 137 137 

37.2: Count:   2.4 (  0.6) A:  23.0 [20-67] B:  33.2 [20-72] Phase: 139 (46) 
Count:   2.1   1.9   2.4   1.9   2.6   2.8   2.7   2.1   2.3   1.5   3.8   1.6   2.5   2.6   2.5 
Phase: 150 132 145 138 137 133 121 137 151 126 151 132 148 131 149 

37.3: Count:  10.9 (  1.1) A:  23.6 [20-55] B:  36.4 [20-82] Phase: 146 (36) 
Count:   9.6  10.3  10.4   8.8  12.2  11.7  11.3  10.7  10.9  11.1  13.2   9.4  10.7  11.6  10.9 
Phase: 151 149 145 144 140 139 147 148 148 146 144 148 151 145 147 

37.4: Count:   5.5 (  1.1) A:  23.2 [20-62] B:  33.2 [20-83] Phase: 149 (45) 
Count:   6.0   6.8   5.5   6.6   6.7   4.8   5.2   5.5   4.7   5.1   6.3   4.4   4.6   7.4   3.3 
Phase: 159 151 146 148 149 145 149 150 144 149 146 154 146 151 155 

37.5: Count:   1.9 (  0.6) A:  23.3 [20-62] B:  29.7 [20-60] Phase: 143 (63) 
Count:   1.1   2.1   1.7   1.4   2.0   2.1   2.6   3.2   1.4   1.6   2.6   1.1   2.6   2.0   1.2 
Phase: 131 140 129 116 141 152 167 152 139 144 131 118 147 143 158 

37.6: Count:   1.0 (  0.4) A:  23.6 [20-74] B:  29.3 [20-59] Phase: 175 (69) 
Count:   1.0   1.2   0.5   0.5   1.1   0.6   1.7   1.2   1.2   1.0   1.6   0.7   0.7   1.7   0.8 
A: 21.5 24.4 22.0 21.8 22.7 21.5 25.4 21.4 22.4 21.6 30.1 21.6 22.3 23.7 22.0 
B: 28.4 26.1 27.7 30.8 28.0 29.0 30.3 35.2 28.5 29.4 28.0 30.1 28.1 28.7 30.6 
Phase: 151 155 -133 173 165 -172 -171 165 -145 -147 152 -165 163 177 177 

37.7: Count:   0.7 (  0.2) A:  23.4 [20-76] B:  28.6 [20-54] Phase: 171 (66) 
Count:   1.0   0.8   0.6   0.7   0.6   0.8   0.4   0.7   0.6   0.8   1.1   0.6   1.0   0.8   0.5 
A: 20.8 26.0 20.9 21.1 23.3 20.9 38.9 21.5 21.5 21.9 29.0 20.8 21.5 23.8 23.8 
B: 29.2 30.9 28.1 27.7 27.0 31.1 31.0 32.1 28.7 24.8 30.7 33.0 24.4 27.4 22.4 
Phase: 172 136 -170 -156 -180 166 49 -172 175 175 139 -140 171 167 163 

37.8: Count:   0.6 (  0.3) A:  23.4 [20-73] B:  28.6 [20-68] Phase: 172 (82) 
Count:   0.7   0.5   0.4   0.3   0.5   0.7   0.6   0.6   0.2   1.0   1.2   0.3   1.1   0.6   0.9 
A: 20.8 29.5 21.1 21.1 23.1 21.9 25.4 21.7 21.4 20.6 29.5 22.1 20.9 25.0 22.4 
B: 29.9 31.1 32.2 25.9 27.8 27.1 30.6 30.5 26.8 25.9 30.3 32.7 27.2 29.1 24.7 
Phase: -160 114 124 127 176 172 -39 -129 -175 168 150 162 -164 149 -62 

37.9: Count:   0.3 (  0.3) A:  27.1 [20-60] B:  28.5 [20-53] Phase: -173 (81) 
Count:   0.2   0.5   0.0   0.1   0.4   0.2   0.8   0.1   0.1   0.2   1.0   0.2   0.3   0.4   0.2 
A: 21.0 29.4 21.7 21.7 22.1 20.9 30.1 21.5 21.0 22.7 32.6 21.8 20.0 30.5 21.3 
B: 30.3 29.0 26.5 27.1 28.8 32.5 27.6 29.8 21.0 22.6 27.4 25.8 30.8 32.8 29.3 
Phase: -107 -41 -118 -157 -149 -115 -132 -151 143 157 85 -135 167 171 -156 

38.0: Count:   0.3 (  0.2) A:  26.4 [20-66] B:  27.7 [20-57] Phase: -164 (70) 
Count:   0.5   0.7   0.2   0.2   0.3   0.2   0.5   0.1   0.2   0.0   0.8   0.3   0.1   0.3   0.0 
A: 22.7 25.7 20.0 20.5 26.1 20.3 27.4 22.0 24.0 22.2 37.2 21.4 20.0 29.9 20.0 
B: 25.0 27.4 29.1 31.3 24.7 24.3 28.1 28.4 20.0 28.2 31.4 25.6 27.7 28.9 30.4 
Phase: -134 177 -154 177 -114 -163 -165 -115 -153 -175 175 -139 161 -176 -148 

38.1: Count:   0.5 (  0.3) A:  24.4 [20-58] B:  29.3 [20-63] Phase: -158 (74) 
Count:   0.2   0.5   0.4   0.3   0.4   0.6   0.8   0.4   0.4   0.4   1.3   0.4   0.5   0.6   0.3 
A: 22.0 27.0 21.3 21.2 21.9 20.3 26.3 21.8 20.9 21.1 30.6 21.8 22.4 26.4 21.0 
B: 25.1 27.2 34.7 29.9 33.3 27.1 27.5 36.4 25.7 29.4 28.3 22.8 33.5 31.2 28.6 
Phase: -95 -91 -139 140 -145 169 163 175 154 -144 -121 -133 -149 -163 -176 

38.2: Count:   0.5 (  0.3) A:  24.1 [20-57] B:  27.9 [20-55] Phase: -141 (80) 
Count:   0.3   0.6   0.4   0.2   0.7   0.4   1.1   0.5   0.0   0.5   1.0   0.0   0.6   0.6   0.6 
A: 22.5 26.8 21.4 21.3 22.5 21.8 25.8 22.2 21.8 23.6 28.0 20.5 21.1 25.8 21.6 
B: 22.3 27.3 30.1 32.7 28.9 27.0 28.7 29.4 31.0 29.0 29.3 25.0 26.1 26.5 24.3 
Phase: -159 45 -165 -116 -160 -132 83 -156 -148 -163 -115 -60 -114 -138 -116 

38.3: Count:  12.4 (  1.7) A:  23.6 [20-72] B:  28.7 [20-75] Phase: 166 (80) 
Count:  12.2  11.9  13.2   8.4  10.6  13.6  11.5  14.5  13.3  11.9  14.9  11.6  13.1  11.3  14.1 
Phase: -178 172 155 169 166 139 157 170 170 173 147 173 168 168 160 

38.4: Count:   9.2 (  1.7) A:  23.6 [20-72] B:  28.7 [20-65] Phase: 172 (82) 
Count:   9.1  10.3   8.9  11.9  11.0   9.6   9.4  10.1   5.6   8.2   7.3   8.3   9.1  12.0   8.0 
Phase: 179 166 173 179 152 157 159 163 -114 173 -170 176 165 166 179 

38.5: Count:   0.4 (  0.3) A:  25.3 [20-56] B:  28.6 [20-50] Phase: -171 (73) 
Count:   0.7   0.2   0.1   0.3   0.1   0.5   0.7   0.5   0.2   0.4   1.3   0.2   0.3   0.6   0.3 
A: 21.3 29.1 22.1 20.0 26.9 22.3 33.4 20.9 21.1 21.7 29.8 21.3 20.5 26.6 21.5 
B: 33.1 35.4 32.5 24.3 29.0 25.8 28.7 32.3 24.7 27.2 27.4 26.3 27.1 28.4 26.8 
Phase: -161 -73 -179 -140 156 -138 149 -165 -125 156 -174 174 -123 140 -130 

38.6: Count:   0.6 (  0.2) A:  23.2 [20-73] B:  29.3 [20-60] Phase: -165 (67) 
Count:   0.5   0.6   0.8   0.6   0.5   0.3   0.8   0.2   0.5   0.3   0.7   0.6   0.7   0.9   0.4 
A: 21.6 28.9 22.9 20.5 23.1 21.1 24.1 20.2 21.8 22.0 24.9 21.1 22.6 25.4 21.9 
B: 27.3 31.4 30.0 27.0 28.7 26.3 28.5 22.8 28.0 26.1 29.3 30.1 34.1 27.3 36.6 
Phase: 155 -37 -164 -140 -167 161 -149 -169 -137 164 -159 -169 -173 162 -179 

38.7: Count:   2.1 (  0.6) A:  23.0 [20-68] B:  29.0 [20-72] Phase: -161 (74) 
Count:   1.1   2.6   2.9   2.8   1.8   2.9   2.1   1.3   2.3   1.5   2.5   2.0   2.6   1.8   1.8 
Phase: -178 -174 -158 -170 -146 174 173 -126 -150 -146 -123 -146 -162 -138 -173 

38.8: Count:   5.0 (  0.9) A:  23.6 [20-62] B:  30.4 [20-67] Phase: 177 (76) 
Count:   3.5   6.1   6.4   5.5   3.9   4.8   5.9   4.3   6.2   4.9   4.0   4.4   4.4   4.8   5.2 
Phase: 150 164 170 164 -157 -171 178 -164 172 -179 -168 -149 166 -169 163 

38.9: Count:   1.1 (  0.3) A:  23.1 [20-71] B:  31.7 [20-70] Phase: -173 (78) 
Count:   1.0   0.8   1.2   1.5   0.7   1.1   1.1   1.3   1.2   0.8   1.8   0.6   0.9   1.3   0.9 
A: 20.7 29.0 21.8 21.7 22.6 22.2 22.7 22.4 21.8 21.8 27.1 21.3 22.2 24.8 20.8 
Phase: -162 99 -170 -142 135 -175 157 -150 -115 -140 -141 -143 -121 162 -171 

39.0: Count:   1.4 (  0.4) A:  23.5 [20-60] B:  30.3 [20-88] Phase: -176 (80) 
Count:   1.5   2.2   1.5   1.1   1.0   1.5   2.2   1.5   1.0   1.4   1.7   1.4   1.1   1.9   0.6 
B: 26.4 29.2 32.9 31.1 28.6 32.5 30.5 28.5 26.8 30.1 33.5 31.7 32.0 30.5 26.2 
Phase: 123 99 -165 168 147 171 -167 153 126 -159 -157 177 -131 167 -130 

39.1: Count:   1.3 (  0.3) A:  23.3 [20-65] B:  29.8 [20-73] Phase: 168 (74) 
Count:   1.6   1.3   1.5   1.0   1.3   1.7   1.3   0.8   1.5   1.2   1.7   1.3   1.5   1.1   1.1 
A: 21.4 26.8 22.2 20.9 22.5 22.0 26.8 22.6 21.8 22.1 27.0 22.2 21.7 24.9 22.6 
B: 27.4 33.6 31.4 27.7 32.0 31.8 30.2 29.5 26.2 27.5 29.6 30.7 29.9 28.7 30.1 
Phase: 177 146 -171 174 -156 161 -174 160 135 -140 -131 151 -169 -171 109 

39.2: Count:   1.1 (  0.4) A:  23.3 [20-83] B:  30.3 [20-72] Phase: -170 (70) 
Count:   0.9   1.4   1.3   0.9   0.5   1.4   1.8   0.9   0.8   0.9   1.7   0.4   1.2   1.5   1.8 
Phase: 158 -162 161 -172 -166 -172 -176 -144 164 -158 -170 -171 -156 144 -130 

39.3: Count:  28.4 (  2.6) A:  26.1 [20-105] B:  31.4 [20-104] Phase: 155 (68) 
Count:  27.6  27.0  31.5  24.2  26.6  30.9  30.1  28.2  29.6  30.8  30.9  27.9  27.7  22.4  30.8 
Phase: 152 154 148 158 157 156 157 153 153 157 157 157 162 148 157 

39.4: Count:  30.9 (  2.6) A:  27.7 [20-76] B:  31.7 [20-99] Phase: 158 (70) 
Count:  30.7  33.8  32.9  34.2  31.8  31.6  31.3  29.5  23.9  29.0  29.4  32.6  29.7  33.1  29.6 
Phase: 153 153 157 157 161 158 157 158 159 163 166 164 155 151 168 

39.5: Count:   4.2 (  1.4) A:  23.7 [20-97] B:  32.8 [20-88] Phase: 175 (80) 
Count:   2.5   6.2   5.0   5.3   3.0   3.3   6.9   2.4   2.9   3.2   5.2   3.8   4.8   3.8   4.1 
Phase: 165 177 165 -170 137 165 178 -177 157 -162 179 -162 -180 160 -157 

39.6: Count:   4.4 (  0.7) A:  23.6 [20-86] B:  32.4 [20-74] Phase: 175 (79) 
Count:   3.4   5.7   4.2   3.9   3.6   4.6   5.1   4.7   4.0   3.6   5.5   4.5   4.2   4.5   4.8 
Phase: 154 146 176 -162 163 -173 -166 -176 159 178 -178 150 172 -177 -146 

39.7: Count:   1.9 (  0.5) A:  24.0 [20-89] B:  32.6 [20-78] Phase: 169 (84) 
Count:   1.8   1.9   1.9   1.5   1.5   2.3   2.4   2.1   1.3   1.1   3.1   2.0   1.9   2.0   2.2 
A: 22.9 24.2 21.7 22.2 22.0 22.8 26.9 21.4 21.1 22.4 31.2 22.0 23.1 25.7 22.3 
B: 29.9 31.6 36.2 31.5 32.6 34.2 31.1 32.6 29.2 34.1 35.2 35.6 32.5 33.5 27.4 
Phase: -179 139 142 167 160 164 146 151 -125 74 124 -152 160 -166 -132 

39.8: Count:   9.3 (  2.0) A:  24.1 [20-82] B:  31.7 [20-120] Phase: 156 (81) 
Count:   7.0  10.7  12.2  11.1   6.7   8.7  10.6   6.5   9.0   8.1  12.6  11.6   7.2   8.6   8.6 
Phase: 146 168 146 166 149 164 147 144 169 174 159 -176 160 144 165 

39.9: Count:  10.2 (  1.3) A:  24.6 [20-88] B:  32.0 [20-85] Phase: 155 (86) 
Count:   8.1  11.0  11.3   9.1   9.1  10.0  12.0  10.5  10.6  11.9  12.0   9.8   8.8   9.4   9.4 
Phase: 153 132 161 155 117 135 132 147 132 157 -177 175 153 146 174 

40.0: Count:  60.6 (  4.1) A:  46.3 [20-120] B:  35.8 [20-112] Phase: -167 (71) 
Count:  55.7  63.5  65.2  64.1  53.9  59.0  65.6  54.9  59.2  57.9  65.4  64.3  57.1  59.6  63.0 
A: 38.2 50.6 50.0 48.8 41.3 43.8 50.4 41.7 46.5 43.1 49.0 50.1 44.2 43.7 48.4 
Phase: -174 -162 -161 -161 -175 -163 -167 -178 -163 177 -159 -165 -178 175 -163 

40.1: Count:  54.7 (  6.8) A:  37.8 [20-104] B:  35.6 [20-116] Phase: -168 (75) 
Count:  45.0  59.8  60.7  60.5  45.3  53.1  60.1  49.6  55.4  47.3  61.2  64.1  48.5  48.2  61.3 
A: 31.8 40.9 40.5 39.6 34.1 35.8 40.5 33.7 38.1 34.4 39.7 40.5 36.4 35.7 39.1 
Phase: -169 -165 -158 -166 -174 -168 -167 -168 -164 -178 -158 -162 -180 176 -165 

40.2: Count:   3.9 (  0.6) A:  23.9 [20-94] B:  34.6 [20-86] Phase: 123 (87) 
Count:   3.3   3.0   3.6   3.9   3.2   4.3   4.1   4.2   3.4   4.0   5.4   3.5   4.2   4.2   3.9 
Phase: 148 152 105 118 128 109 84 101 120 139 114 -179 76 161 153 

40.3: Count:  47.0 (  3.4) A:  29.8 [20-120] B:  36.8 [20-116] Phase: 112 (73) 
Count:  45.7  45.3  47.7  40.7  43.4  47.9  48.8  48.1  51.1  51.8  51.7  48.8  46.3  41.0  47.0 
Phase: 103 114 111 112 116 114 112 115 99 112 109 114 119 108 117 

40.4: Count:  55.6 (  3.1) A:  30.8 [20-151] B:  37.7 [20-127] Phase: 109 (71) 
Count:  55.4  58.5  56.0  58.5  56.7  54.7  55.2  55.9  47.2  56.6  51.6  59.4  56.3  58.5  53.7 
Phase: 111 109 111 106 108 110 105 116 106 109 106 108 114 109 109 

40.5: Count:   7.2 (  1.5) A:  24.6 [20-114] B:  37.7 [20-111] Phase: 103 (86) 
Count:   7.2   7.9   7.5  10.1   7.6   7.0   6.7   6.7   4.1   7.4   6.7   6.8   8.1   9.7   5.2 
Phase: 119 103 63 94 82 103 54 128 114 49 104 133 110 107 138 

40.6: Count:  11.5 (  1.1) A:  24.9 [20-115] B:  38.7 [20-98] Phase: 93 (82) 
Count:  10.2  11.1  12.7  11.1  10.7  12.0  13.0  11.0  11.0  11.4  13.7  12.8   9.5  11.2  10.9 
Phase: 94 81 81 90 90 79 110 81 126 120 75 90 96 95 86 

40.7: Count:   9.6 (  0.8) A:  24.6 [20-154] B:  40.8 [20-117] Phase: 76 (84) 
Count:  10.1   9.2   9.9   8.6  10.3   9.7  10.4  10.3   9.4   9.9   9.2   8.5  10.8   9.8   8.2 
Phase: 78 79 52 66 51 75 98 67 70 58 60 94 101 73 94 

40.8: Count:  11.7 (  1.0) A:  25.0 [20-151] B:  42.8 [20-117] Phase: 72 (81) 
Count:  10.3  12.4  12.2   9.9  11.1  13.7  11.2  12.0  12.6  12.0  11.8  11.4  11.0  12.8  10.6 
Phase: 68 66 64 78 84 84 73 69 72 77 79 57 61 49 84 

40.9: Count:  11.7 (  1.2) A:  25.3 [20-139] B:  43.6 [20-123] Phase: 61 (79) 
Count:   9.1  12.1  11.8  10.1  11.3  12.8  13.4  11.5  10.8  11.2  13.7  12.0  12.6  11.3  12.2 
Phase: 64 63 82 58 53 58 50 54 48 65 62 70 60 51 76 

41.0: Count:  14.3 (  1.6) A:  25.7 [20-117] B:  45.4 [20-122] Phase: 58 (77) 
Count:  12.4  17.4  15.1  12.9  13.6  14.9  15.8  12.2  14.2  13.9  15.8  15.6  12.5  16.4  12.4 
Phase: 38 43 47 50 63 73 56 52 51 67 79 60 44 63 59 

41.1: Count:  19.9 (  1.7) A:  26.1 [20-137] B:  46.7 [20-136] Phase: 62 (75) 
Count:  20.0  20.5  22.3  17.4  18.8  22.1  20.6  20.1  22.4  18.2  21.1  19.3  18.4  17.3  19.6 
Phase: 46 66 67 52 58 66 74 54 56 68 65 62 64 59 69 

41.2: Count:  25.5 (  1.7) A:  27.4 [20-113] B:  46.8 [20-123] Phase: 45 (78) 
Count:  24.0  27.0  26.7  23.8  24.2  27.4  27.8  24.4  26.3  25.5  26.7  26.7  25.6  25.3  21.2 
Phase: 44 37 53 43 44 44 27 50 31 49 57 44 51 35 63 

41.3: Count:  61.9 (  2.2) A:  38.8 [20-193] B:  47.2 [20-145] Phase: 70 (75) 
Count:  60.7  59.5  63.2  58.7  60.4  65.4  63.0  63.1  63.4  62.8  64.6  61.1  61.2  57.8  63.1 
Phase: 65 64 68 65 72 74 69 73 73 70 76 67 70 71 76 

41.4: Count:  72.7 (  1.0) A:  41.9 [20-192] B:  48.2 [20-145] Phase: 75 (72) 
Count:  72.7  72.7  72.9  73.8  72.8  72.6  71.6  73.4  71.3  73.6  71.2  73.7  73.4  74.2  71.1 
Phase: 70 77 74 77 72 72 76 76 76 72 74 81 76 71 76 

41.5: Count:  34.0 (  3.7) A:  29.0 [20-118] B:  50.8 [20-144] Phase: 59 (75) 
Count:  33.0  35.6  33.3  36.0  38.0  33.1  31.2  34.6  29.0  32.7  30.5  32.2  36.6  43.8  30.3 
Phase: 59 62 56 65 60 65 59 53 48 57 52 67 57 65 57 

41.6: Count:  34.0 (  1.1) A:  28.5 [20-135] B:  51.9 [20-143] Phase: 64 (78) 
Count:  34.0  34.3  34.1  33.1  32.9  34.3  35.9  33.0  33.3  36.7  32.4  33.7  33.2  34.3  34.2 
Phase: 69 62 58 61 66 60 63 75 58 75 69 67 69 63 60 

41.7: Count:  29.8 (  1.3) A:  28.0 [20-114] B:  52.8 [20-153] Phase: 56 (76) 
Count:  28.6  28.7  29.4  30.4  29.9  30.2  30.6  29.4  29.5  28.4  29.7  29.5  33.6  30.7  28.9 
Phase: 60 45 60 50 54 48 59 42 57 64 60 60 61 71 54 

41.8: Count:  35.8 (  1.3) A:  29.6 [20-101] B:  52.0 [20-148] Phase: 55 (79) 
Count:  34.6  35.0  36.4  35.2  36.9  35.8  36.3  33.2  37.7  36.3  35.7  37.0  37.9  34.7  34.8 
Phase: 46 53 65 50 60 58 58 55 56 52 52 54 65 73 46 

41.9: Count:  35.2 (  1.4) A:  29.7 [20-114] B:  51.6 [20-153] Phase: 49 (79) 
Count:  33.1  34.0  35.6  35.6  33.0  38.2  35.4  34.3  34.7  35.5  36.1  34.9  35.1  35.1  37.3 
Phase: 50 50 54 48 44 45 41 28 50 58 51 42 48 53 56 

42.0: Count:  40.0 (  2.0) A:  30.9 [20-105] B:  50.5 [20-157] Phase: 51 (83) 
Count:  39.2  38.7  38.3  43.8  41.9  40.7  39.8  39.0  38.4  38.5  38.8  38.1  41.2  44.3  38.9 
Phase: 57 34 48 49 53 57 38 55 52 37 51 37 58 53 61 

42.1: Count:  48.3 (  1.7) A:  33.2 [20-120] B:  50.1 [20-143] Phase: 56 (88) 
Count:  46.3  46.4  48.0  45.6  47.4  49.1  49.8  49.2  51.2  50.0  50.5  48.4  47.2  46.2  49.8 
Phase: 58 59 65 59 49 55 58 57 46 72 56 46 54 63 67 

42.2: Count:  41.1 (  2.1) A:  31.5 [20-98] B:  49.6 [20-147] Phase: 53 (86) 
Count:  38.7  40.3  40.0  43.0  42.8  44.1  40.2  43.6  38.5  42.4  40.1  39.4  42.1  43.5  37.5 
Phase: 62 69 46 42 47 54 50 66 51 43 51 48 48 53 67 

42.3: Count:  75.3 (  1.4) A:  64.0 [20-153] B:  48.0 [20-149] Phase: 62 (86) 
Count:  76.1  75.1  76.8  73.8  75.0  75.6  74.6  74.7  76.7  76.1  78.4  75.3  72.5  74.1  75.1 
A: 61.0 60.0 65.7 57.6 60.0 66.4 67.4 65.2 70.1 64.0 70.3 64.7 62.4 55.6 68.6 
Phase: 67 68 68 58 61 57 66 63 52 60 65 62 57 62 57 

42.4: Count:  76.5 (  1.6) A:  85.8 [20-160] B:  47.7 [20-138] Phase: 63 (82) 
Count:  75.0  74.8  77.0  76.1  78.3  77.6  76.2  76.5  77.6  79.4  78.1  76.2  75.7  75.4  73.0 
Phase: 61 59 61 57 63 56 64 73 62 63 62 61 55 67 69 

42.5: Count:  58.7 (  3.8) A:  42.4 [20-132] B:  46.1 [20-135] Phase: 46 (86) 
Count:  59.9  61.3  59.8  61.8  59.7  55.8  55.3  60.6  54.2  58.6  52.5  59.8  59.1  67.6  54.3 
A: 42.9 43.0 41.0 46.9 45.3 42.8 41.5 41.0 38.4 40.3 38.9 40.4 43.6 47.9 39.8 
Phase: 48 44 51 50 44 48 36 52 51 41 47 47 50 49 51 

42.6: Count:  49.1 (  1.4) A:  35.4 [20-133] B:  45.1 [20-168] Phase: 50 (89) 
Count:  48.6  48.8  50.2  48.4  47.9  48.1  48.9  49.1  51.5  48.9  50.7  52.3  48.1  47.9  47.5 
Phase: 42 32 57 57 47 56 60 31 57 46 57 72 56 44 53 

42.7: Count:  39.9 (  1.4) A:  31.7 [20-150] B:  44.3 [20-126] Phase: 33 (89) 
Count:  38.8  40.6  40.2  40.6  39.1  41.8  40.4  39.1  40.8  38.8  39.2  37.8  39.2  43.1  38.6 
Phase: 7 33 20 14 42 34 15 33 48 32 22 54 51 57 34 

42.8: Count:  45.3 (  0.5) A:  33.4 [20-115] B:  43.2 [20-129] Phase: 51 (92) 
Count:  45.3  45.7  45.8  45.4  45.0  44.9  45.0  44.5  45.3  45.5  46.2  46.0  44.7  45.4  44.8 
Phase: 54 61 67 39 68 46 45 52 33 58 40 63 52 64 35 

42.9: Count:  42.2 (  1.9) A:  31.7 [20-123] B:  42.8 [20-142] Phase: 56 (94) 
Count:  41.2  40.3  44.5  39.6  42.0  43.4  42.3  46.3  41.9  42.3  40.9  41.5  43.7  39.5  43.4 
Phase: 37 48 37 13 62 57 49 75 9 82 47 91 66 60 24 

43.0: Count:  44.2 (  2.0) A:  32.8 [20-109] B:  42.0 [20-121] Phase: 62 (95) 
Count:  41.8  46.4  43.5  46.2  46.5  43.5  44.5  47.3  40.9  43.8  42.8  44.3  45.5  45.1  41.5 
Phase: 59 90 41 29 51 65 64 69 80 62 50 75 60 82 62 

43.1: Count:  45.8 (  2.0) A:  34.7 [20-109] B:  40.1 [20-116] Phase: 68 (94) 
Count:  44.9  44.4  45.2  42.9  43.8  48.7  47.2  48.2  46.2  44.6  48.2  47.5  43.8  43.3  47.4 
Phase: 49 68 71 36 67 68 67 72 35 77 84 91 73 78 32 

43.2: Count:  40.6 (  2.3) A:  33.1 [20-116] B:  39.8 [20-119] Phase: 56 (92) 
Count:  39.7  42.8  41.0  43.5  41.3  44.4  40.6  42.5  39.0  39.2  39.4  37.4  40.6  42.0  35.9 
Phase: 50 33 55 72 60 66 36 54 40 62 57 48 69 87 30 

43.3: Count:  68.2 (  1.6) A:  66.5 [20-180] B:  39.1 [20-127] Phase: 153 (86) 
Count:  66.6  68.4  68.2  65.5  67.4  70.6  69.4  68.4  67.3  71.6  68.4  68.8  67.4  65.8  69.1 
A: 63.2 62.3 67.2 59.1 63.6 69.5 68.9 67.6 71.9 67.3 71.6 66.2 66.3 59.5 72.1 
Phase: 146 151 156 145 148 152 150 153 153 159 168 158 155 146 155 

43.4: Count:  73.0 (  1.3) A:  97.9 [25-218] B:  40.2 [20-136] Phase: 156 (77) 
Count:  71.9  73.6  75.0  74.8  73.9  74.7  73.0  71.6  72.1  73.4  71.2  72.2  72.0  74.3  71.2 
Phase: 154 151 157 160 154 154 158 162 158 151 160 166 152 150 163 

43.5: Count:  65.6 (  3.5) A:  51.7 [20-159] B:  39.6 [20-136] Phase: 148 (92) 
Count:  67.3  67.5  65.0  69.6  69.4  64.9  63.9  64.8  59.3  66.8  61.4  66.1  66.7  71.4  59.4 
A: 52.1 55.1 49.5 59.4 54.9 50.1 48.0 49.5 45.5 48.3 45.1 50.7 54.3 61.2 48.2 
Phase: 144 151 136 155 148 133 142 157 131 139 159 152 167 144 161 

43.6: Count:  47.0 (  2.5) A:  35.1 [20-138] B:  38.5 [20-118] Phase: 126 (98) 
Count:  43.3  45.4  47.9  41.6  46.2  49.4  49.1  49.0  47.0  48.4  50.6  48.3  45.7  44.6  47.9 
Phase: 149 158 122 100 118 133 122 104 121 126 143 117 123 133 132 

43.7: Count:  49.0 (  1.9) A:  34.3 [20-139] B:  40.9 [20-119] Phase: 109 (94) 
Count:  47.5  47.0  48.1  49.3  49.5  49.1  51.8  49.6  52.0  46.5  47.8  50.5  49.1  51.3  46.0 
Phase: 111 124 108 107 108 115 108 86 102 105 118 93 137 125 79 

43.8: Count:  54.2 (  1.0) A:  35.5 [20-163] B:  43.3 [20-144] Phase: 113 (93) 
Count:  54.2  55.5  53.7  54.6  52.8  54.7  55.6  55.4  53.6  55.1  53.3  54.3  52.6  54.0  53.1 
Phase: 107 124 118 105 118 118 114 97 114 117 112 110 123 135 77 

43.9: Count:  42.5 (  1.4) A:  32.7 [20-105] B:  38.2 [20-110] Phase: 122 (100) 
Count:  41.6  41.1  44.1  42.0  43.8  43.1  43.9  43.6  43.6  39.4  41.9  43.4  42.7  42.2  40.6 
Phase: -180 110 146 -92 111 158 106 89 79 127 140 127 105 123 128 

44.0: Count:  44.0 (  2.1) A:  34.4 [20-130] B:  37.0 [20-129] Phase: 137 (98) 
Count:  39.6  46.6  46.5  43.9  44.7  46.1  46.3  43.1  41.6  41.1  44.4  46.0  42.6  44.4  43.8 
Phase: 77 138 166 150 148 127 139 157 -178 128 167 157 130 124 125 

44.1: Count:  46.1 (  2.0) A:  35.0 [20-112] B:  36.7 [20-104] Phase: 139 (97) 
Count:  43.1  45.4  47.5  44.2  46.1  48.9  47.2  48.3  44.6  46.7  46.9  49.3  43.9  43.1  46.9 
Phase: 149 136 169 -135 136 131 159 126 151 144 132 143 132 122 133 

44.2: Count:  42.8 (  1.5) A:  34.1 [20-102] B:  36.4 [20-109] Phase: 115 (101) 
Count:  45.3  41.7  43.8  43.2  43.7  43.8  40.7  44.1  41.9  42.5  41.9  42.7  42.3  44.6  39.9 
Phase: 113 166 55 -137 133 146 -115 111 60 150 11 57 139 142 164 

44.3: Count:  72.1 (  2.7) A:  62.1 [20-156] B:  38.9 [20-123] Phase: 144 (68) 
Count:  71.2  71.7  71.0  66.6  70.4  74.7  73.4  74.1  75.5  73.1  75.1  70.4  72.0  67.1  74.3 
A: 59.9 57.5 64.7 55.6 58.2 63.7 64.1 63.5 67.9 62.5 67.3 61.9 61.6 54.2 66.2 
Phase: 142 140 146 144 148 143 143 141 148 148 151 141 143 144 147 

44.4: Count:  84.0 (  1.0) A:  97.3 [21-191] B:  44.6 [20-130] Phase: 145 (51) 
Count:  84.2  84.7  85.0  83.1  83.3  82.3  84.8  83.7  83.8  82.6  84.4  85.4  85.7  84.1  83.6 
Phase: 140 143 145 144 146 144 144 142 147 147 147 146 145 145 144 

44.5: Count:  70.1 (  2.4) A:  58.7 [20-151] B:  38.8 [20-121] Phase: 145 (72) 
Count:  71.3  73.0  70.0  72.5  69.4  68.1  70.5  69.8  66.7  66.8  68.5  72.9  70.1  74.6  67.8 
A: 58.3 62.8 58.6 67.2 61.0 57.1 55.9 56.9 50.9 56.1 53.1 58.3 60.7 66.5 54.4 
Phase: 139 147 145 146 140 144 144 138 148 148 158 140 146 149 143 

44.6: Count:  46.9 (  1.4) A:  36.6 [20-117] B:  36.1 [20-109] Phase: 124 (94) 
Count:  46.3  46.2  49.4  45.6  45.4  47.2  47.7  45.4  49.1  45.0  46.8  48.4  48.1  45.5  47.6 
Phase: 116 131 106 126 107 138 140 79 140 139 125 145 120 110 153 

44.7: Count:  46.4 (  2.7) A:  36.1 [20-125] B:  36.1 [20-106] Phase: 124 (97) 
Count:  50.2  45.1  43.9  44.8  48.9  47.7  45.6  48.2  46.8  46.3  40.7  46.9  48.1  50.1  42.6 
Phase: 119 108 135 128 132 101 116 126 119 155 18 118 111 123 87 

44.8: Count:  48.3 (  1.9) A:  36.5 [20-105] B:  36.5 [20-108] Phase: 96 (94) 
Count:  50.3  46.1  47.1  46.2  48.9  48.4  48.6  52.7  47.2  50.9  47.0  48.2  48.7  47.6  46.1 
Phase: 104 92 80 101 112 100 84 97 92 114 90 85 107 104 71 

44.9: Count:  57.7 (  2.2) A:  38.7 [20-117] B:  41.5 [20-115] Phase: 126 (89) 
Count:  56.9  58.4  57.2  56.5  53.7  57.3  58.5  61.9  59.7  56.8  57.4  60.9  57.5  58.5  54.1 
Phase: 116 129 128 126 136 126 117 110 145 136 136 142 120 133 114 

45.0: Count:  85.6 (  1.3) A:  61.7 [20-163] B:  60.2 [20-172] Phase: 115 (77) 
Count:  88.0  85.8  86.3  84.1  84.6  85.2  86.3  86.1  84.8  83.7  86.8  85.8  87.1  84.8  83.8 
B: 59.0 61.4 60.3 56.7 57.2 61.5 63.1 58.6 63.6 61.0 63.5 62.2 60.3 60.5 53.4 
Phase: 117 118 114 110 110 115 116 111 118 133 118 129 111 115 99 

45.1: Count:  79.7 (  1.7) A:  56.8 [20-158] B:  50.2 [20-145] Phase: 106 (73) 
Count:  80.4  78.7  78.8  77.4  78.9  81.6  79.5  81.9  78.5  78.4  81.6  80.5  79.8  82.6  76.8 
Phase: 113 104 104 97 105 101 99 109 112 122 105 121 110 106 88 

45.2: Count:  46.8 (  3.8) A:  37.2 [20-108] B:  35.2 [20-118] Phase: 111 (95) 
Count:  50.2  43.7  41.1  45.8  51.3  52.4  43.7  51.8  43.3  45.8  42.8  47.0  48.3  51.4  42.9 
Phase: 114 100 115 122 120 113 81 116 133 125 53 92 121 124 0 

45.3: Count:  74.7 (  2.9) A:  67.6 [20-162] B:  40.5 [20-120] Phase: 122 (63) 
Count:  73.5  68.7  76.3  69.4  72.7  77.0  74.9  77.8  78.0  75.5  77.3  75.7  73.7  72.0  77.4 
A: 65.9 62.0 67.9 60.7 65.1 70.3 69.2 68.7 75.1 67.0 74.9 68.1 67.6 58.0 71.2 
Phase: 115 125 121 120 118 122 124 120 129 127 121 125 119 121 122 

45.4: Count:  89.3 (  0.8) A: 111.7 [20-209] B:  48.1 [20-136] Phase: 123 (38) 
Count:  88.9  88.7  88.8  89.7  89.7  88.7  89.3  88.7  90.0  88.5  89.3  89.1  90.9  88.3  91.1 
Phase: 121 124 126 123 120 121 125 121 124 128 124 126 122 122 124 

45.5: Count:  77.7 (  2.3) A:  74.3 [20-188] B:  41.8 [20-142] Phase: 122 (58) 
Count:  77.4  80.9  79.0  82.1  79.8  77.6  78.1  74.8  74.6  75.1  75.6  76.9  76.0  79.9  78.5 
A: 74.6 81.0 74.6 83.1 75.2 70.4 72.9 70.7 67.3 69.5 69.4 75.7 76.1 82.3 70.0 
Phase: 120 123 123 123 119 118 123 121 126 127 123 126 119 122 120 

45.6: Count:  46.8 (  1.6) A:  38.3 [20-136] B:  34.5 [20-111] Phase: 102 (90) 
Count:  43.2  44.3  47.0  45.2  48.0  49.4  47.7  48.3  46.5  47.1  47.6  46.7  48.0  45.9  47.4 
Phase: 71 93 97 93 67 84 108 88 84 116 102 108 111 104 113 

45.7: Count:  50.3 (  2.9) A:  40.8 [20-129] B:  34.7 [20-102] Phase: 105 (86) 
Count:  52.9  48.4  46.9  50.8  54.6  55.0  47.0  52.1  50.3  50.4  47.4  46.5  51.1  53.5  47.1 
Phase: 121 95 99 88 110 100 87 113 118 131 83 116 107 97 95 

45.8: Count:  42.7 (  2.4) A:  36.8 [20-107] B:  33.5 [20-111] Phase: 78 (94) 
Count:  46.1  38.9  41.3  42.0  45.8  45.6  41.3  43.2  42.7  44.9  39.6  40.6  40.4  45.7  41.7 
Phase: 98 54 59 35 90 82 59 84 76 114 43 102 81 81 68 

45.9: Count:  45.2 (  1.8) A:  37.5 [20-118] B:  33.9 [20-99] Phase: 90 (90) 
Count:  43.1  47.1  46.6  46.2  43.6  44.5  48.1  44.7  43.4  43.2  46.8  47.6  43.1  45.7  44.7 
Phase: 77 115 98 108 59 92 103 57 93 93 87 110 85 75 69 

46.0: Count:  47.0 (  4.0) A:  38.1 [20-129] B:  34.2 [20-99] Phase: 99 (85) 
Count:  41.4  50.5  50.2  51.2  42.5  44.8  50.4  41.0  44.9  43.0  50.9  48.6  44.2  48.4  52.9 
Phase: 70 119 116 103 60 91 106 49 105 90 105 123 90 90 102 

46.1: Count:  44.4 (  1.4) A:  38.1 [20-122] B:  33.1 [20-95] Phase: 72 (85) 
Count:  45.7  43.3  45.5  43.1  45.3  43.7  45.0  43.2  45.6  45.1  45.9  41.5  43.2  43.7  46.0 
Phase: 68 72 79 65 67 67 61 83 81 84 67 83 73 66 66 

46.2: Count:  45.8 (  2.9) A:  37.7 [20-127] B:  34.2 [20-112] Phase: 77 (87) 
Count:  49.6  42.4  45.5  45.6  50.0  47.7  43.7  48.5  44.1  46.5  42.3  44.5  45.8  50.1  40.7 
Phase: 94 68 58 71 89 77 48 97 78 100 67 71 76 84 61 

46.3: Count:  62.9 (  2.9) A:  57.5 [20-151] B:  35.4 [20-102] Phase: 120 (74) 
Count:  62.2  61.2  62.0  55.7  61.3  67.9  64.6  65.2  65.3  65.1  63.4  62.6  61.9  60.2  65.3 
A: 53.9 52.7 57.2 52.0 55.2 61.8 61.2 58.2 61.7 57.6 64.6 54.9 55.3 51.6 61.7 
Phase: 119 117 124 109 111 119 126 119 121 129 121 123 120 110 120 

46.4: Count:  77.1 (  1.5) A:  97.1 [20-207] B:  38.8 [20-117] Phase: 128 (49) 
Count:  74.5  75.6  77.8  76.1  78.7  77.0  77.4  76.5  78.3  77.0  79.6  79.0  77.9  74.5  76.9 
A: 94.9 98.5 95.6 97.6 96.4 97.9 100.2 97.4 98.7 92.3 100.4 95.8 94.6 95.4 100.5 
Phase: 129 126 130 127 127 124 128 127 127 135 127 130 127 122 129 

46.5: Count:  68.6 (  2.1) A:  70.1 [20-172] B:  36.2 [20-102] Phase: 125 (64) 
Count:  69.7  72.9  68.0  71.8  68.6  66.4  68.0  66.9  66.0  68.8  65.8  69.4  69.0  70.9  67.3 
A: 70.7 75.6 68.0 79.1 73.4 68.2 69.4 70.0 63.2 63.8 64.1 67.7 71.1 77.9 67.3 
Phase: 123 123 128 124 125 122 125 124 120 135 121 126 127 126 125 

46.6: Count:  39.3 (  2.0) A:  34.6 [20-98] B:  33.3 [20-107] Phase: 47 (86) 
Count:  40.1  37.5  36.1  41.0  39.0  40.4  38.1  42.5  37.4  38.9  36.7  39.6  39.4  43.4  38.9 
Phase: 37 46 39 47 52 47 50 42 48 51 33 39 51 71 45 

46.7: Count:  45.0 (  3.0) A:  37.0 [20-102] B:  33.6 [20-103] Phase: 71 (85) 
Count:  48.3  47.5  40.5  44.9  48.3  47.4  41.8  48.6  44.1  48.2  40.4  42.9  45.1  45.9  41.9 
Phase: 88 74 58 58 77 71 55 71 69 85 63 72 71 64 62 

46.8: Count:  38.8 (  1.8) A:  33.9 [20-97] B:  33.3 [20-102] Phase: 47 (82) 
Count:  40.9  38.0  36.7  39.6  40.7  40.4  40.3  38.6  35.9  42.0  37.4  38.4  37.0  38.0  38.0 
Phase: 60 37 47 49 57 60 37 52 45 63 38 33 41 59 41 

46.9: Count:  42.2 (  2.2) A:  35.3 [20-100] B:  34.2 [20-102] Phase: 64 (81) 
Count:  41.9  43.7  42.8  44.1  41.0  39.5  44.1  39.9  38.4  39.5  42.2  43.4  42.7  42.6  47.0 
Phase: 62 75 70 69 54 60 68 63 63 60 58 74 62 65 68 

47.0: Count:  40.4 (  2.4) A:  33.5 [20-103] B:  34.5 [20-103] Phase: 58 (81) 
Count:  35.5  40.9  40.0  42.7  39.1  40.7  43.6  38.0  38.1  38.0  39.1  42.6  41.8  43.1  42.6 
Phase: 62 58 64 60 39 50 61 53 59 57 62 60 60 64 60 

47.1: Count:  39.0 (  2.0) A:  33.5 [20-93] B:  33.1 [20-95] Phase: 46 (86) 
Count:  39.2  37.3  36.2  36.4  40.9  38.2  38.3  44.2  38.0  39.8  38.7  39.7  40.4  39.9  37.0 
Phase: 41 44 47 40 42 39 44 51 51 53 48 57 59 50 31 

47.2: Count:  37.4 (  2.9) A:  33.3 [20-108] B:  33.4 [20-96] Phase: 48 (84) 
Count:  39.9  34.4  34.1  37.6  41.4  40.4  35.4  39.1  34.2  40.1  33.3  34.6  38.7  41.3  36.6 
Phase: 54 44 44 51 62 61 31 59 33 65 40 45 48 54 23 

47.3: Count:  56.5 (  4.3) A:  43.3 [20-111] B:  34.7 [20-104] Phase: 139 (78) 
Count:  52.6  52.0  57.4  49.6  54.5  60.6  59.6  57.1  60.3  59.7  62.2  58.8  54.2  48.4  60.1 
A: 40.4 39.7 43.3 39.9 42.4 46.3 45.0 44.4 44.5 42.0 46.2 41.8 43.1 39.9 47.6 
Phase: 127 133 136 133 126 136 148 144 152 137 147 134 131 129 149 

47.4: Count:  81.1 (  1.5) A:  72.9 [20-151] B:  41.6 [20-136] Phase: 152 (50) 
Count:  79.8  80.5  79.6  79.9  81.1  79.4  80.4  80.3  81.8  83.7  83.8  83.2  80.2  80.5  82.3 
Phase: 154 156 151 156 155 154 153 159 149 145 151 143 152 156 155 

47.5: Count:  75.2 (  2.2) A:  59.2 [20-151] B:  40.1 [20-115] Phase: 151 (64) 
Count:  75.4  77.3  74.6  77.4  74.7  72.1  74.3  74.1  73.8  78.1  72.0  78.9  74.1  78.3  73.2 
A: 59.4 63.7 57.7 64.6 60.8 59.0 58.7 58.1 54.5 55.5 55.1 57.1 60.1 65.1 56.7 
Phase: 154 154 147 156 156 150 148 159 152 146 146 141 150 155 152 

47.6: Count:  38.0 (  3.6) A:  32.6 [20-105] B:  35.1 [20-101] Phase: 69 (89) 
Count:  40.0  37.9  36.6  39.2  42.2  38.4  34.5  37.8  33.2  38.6  31.7  35.6  42.7  45.3  36.6 
Phase: 73 74 55 105 78 67 61 62 56 91 49 59 69 94 28 

47.7: Count:  40.5 (  3.4) A:  33.3 [20-113] B:  34.8 [20-102] Phase: 86 (92) 
Count:  44.3  39.3  36.5  40.2  45.3  44.0  37.1  43.9  39.2  42.6  36.2  36.0  39.4  44.9  38.1 
Phase: 85 100 63 77 90 76 79 98 90 100 88 107 82 85 37 

47.8: Count:  36.2 (  2.1) A:  31.5 [20-116] B:  35.1 [20-103] Phase: 12 (98) 
Count:  33.7  35.9  36.2  36.9  37.9  36.8  36.9  38.7  32.3  37.8  34.0  35.8  35.4  40.4  34.1 
Phase: 55 -85 7 -11 46 36 -17 32 38 95 -10 -83 -37 47 2 

47.9: Count:  47.6 (  2.6) A:  34.4 [20-157] B:  38.7 [20-111] Phase: 158 (97) 
Count:  43.1  49.4  50.1  49.8  43.7  48.9  50.8  44.4  45.8  45.3  48.3  51.5  47.5  47.8  48.1 
Phase: -145 154 105 127 174 -165 124 -88 145 175 128 -171 162 -179 119 

48.0: Count:  56.6 (  3.0) A:  35.8 [20-303] B:  43.3 [20-133] Phase: -178 (86) 
Count:  56.7  60.3  56.2  56.1  57.2  55.0  56.9  52.0  55.7  50.8  57.0  64.0  57.1  57.8  55.4 
Phase: -152 172 -172 164 170 -167 164 -151 174 -165 158 -152 175 -171 173 

48.1: Count:  46.8 (  1.8) A:  34.3 [20-233] B:  38.7 [20-152] Phase: 176 (95) 
Count:  48.5  46.7  44.9  43.1  48.9  48.1  46.7  47.2  45.2  47.6  46.3  49.3  46.5  48.7  44.3 
Phase: 153 -178 -176 -168 139 179 -179 178 150 123 -180 -161 150 -168 -177 

48.2: Count:  38.2 (  2.4) A:  32.5 [20-145] B:  34.9 [20-104] Phase: 44 (101) 
Count:  37.2  39.3  36.9  39.5  40.8  39.4  36.4  40.4  37.0  40.9  32.6  37.1  37.9  41.9  35.8 
Phase: 91 -172 -134 -131 90 43 -22 112 -36 100 -13 -6 31 111 -42 

48.3: Count:  58.8 (  5.2) A:  39.7 [20-130] B:  38.0 [20-112] Phase: 129 (72) 
Count:  56.1  53.6  60.6  49.7  54.6  60.9  60.8  59.4  65.4  62.3  67.0  61.0  59.5  49.3  62.3 
Phase: 130 125 130 132 128 132 133 130 128 125 128 121 130 130 135 

48.4: Count:  92.2 (  1.1) A:  68.5 [20-151] B:  50.3 [20-150] Phase: 131 (37) 
Count:  92.3  91.1  92.1  91.1  91.0  90.7  92.4  92.0  92.9  93.8  93.7  94.4  92.6  91.3  92.1 
A: 69.8 68.3 70.8 64.5 66.9 65.8 67.9 66.4 71.1 74.7 70.2 73.6 67.2 62.3 66.1 
Phase: 132 132 130 133 132 132 133 136 129 123 131 125 131 130 132 

48.5: Count:  86.6 (  2.7) A:  59.1 [20-146] B:  46.0 [20-131] Phase: 131 (44) 
Count:  89.0  89.3  84.7  88.5  87.3  84.0  84.0  86.1  82.4  88.0  85.8  89.3  87.3  90.8  82.2 
A: 60.5 61.8 59.8 61.6 60.1 55.1 56.7 56.7 56.1 62.6 55.1 62.5 60.5 62.0 53.9 
Phase: 133 135 131 133 132 134 130 135 127 123 129 124 131 130 132 

48.6: Count:  35.2 (  4.5) A:  32.4 [20-103] B:  35.0 [20-111] Phase: 95 (100) 
Count:  40.1  35.7  31.6  39.2  39.6  34.6  31.5  36.4  29.8  36.8  27.8  34.6  39.1  42.6  29.1 
Phase: 80 129 -7 137 98 118 21 85 -4 155 -23 -11 100 105 -73 

48.7: Count:  42.2 (  2.2) A:  33.0 [20-110] B:  36.5 [20-112] Phase: 150 (100) 
Count:  44.4  43.3  43.2  41.5  41.8  43.7  42.0  44.1  41.1  46.2  39.3  39.4  43.1  42.2  38.1 
Phase: 122 161 142 -121 128 123 169 171 155 128 109 178 122 -148 -48 

48.8: Count:  36.4 (  2.6) A:  31.3 [20-93] B:  37.1 [20-119] Phase: -100 (99) 
Count:  36.4  37.3  35.7  37.3  36.4  39.2  38.0  35.7  35.1  34.1  33.4  35.0  38.2  42.6  31.8 
Phase: -113 -82 -104 -48 -55 -70 -151 -92 -138 -133 -30 -164 -97 -93 -47 

48.9: Count:  37.1 (  2.9) A:  31.8 [20-94] B:  35.4 [20-124] Phase: 83 (97) 
Count:  34.3  39.7  39.8  39.6  30.8  37.2  40.6  34.5  36.1  33.1  39.2  38.6  37.1  36.6  39.4 
Phase: -83 92 84 75 -33 58 96 -33 105 38 79 89 74 5 106 

49.0: Count:  31.0 (  2.3) A:  31.2 [20-121] B:  35.0 [20-102] Phase: -12 (98) 
Count:  28.6  35.5  31.8  33.8  29.0  32.3  30.6  33.3  29.1  28.9  29.1  28.9  29.6  34.2  29.7 
Phase: -14 -6 -16 -4 -25 -22 7 -44 -21 -44 12 31 18 6 1 

49.1: Count:  32.3 (  2.8) A:  31.3 [20-92] B:  34.9 [20-122] Phase: -20 (101) 
Count:  34.3  32.8  33.9  30.7  35.3  33.7  32.1  37.4  28.8  30.8  29.5  29.0  32.9  35.5  27.6 
Phase: 8 -58 -29 -47 22 -49 -28 146 85 152 46 -19 54 18 -83 

49.2: Count:  28.7 (  3.3) A:  31.4 [20-112] B:  34.4 [20-126] Phase: -43 (98) 
Count:  34.9  29.3  29.4  31.9  31.0  28.7  27.3  30.2  24.4  27.7  23.4  29.0  28.3  31.6  23.0 
Phase: -58 -42 -5 -61 32 -43 -31 3 -107 -45 -56 -54 -66 31 -70 

49.3: Count:  48.4 (  4.1) A:  35.0 [20-92] B:  36.9 [20-123] Phase: 125 (87) 
Count:  47.7  43.2  52.3  42.6  44.2  50.6  52.9  45.9  50.5  50.4  55.2  49.0  47.3  42.0  51.4 
Phase: 128 139 122 104 121 123 125 141 124 119 119 122 137 -179 125 

49.4: Count:  85.7 (  1.8) A:  54.1 [20-147] B:  46.6 [20-157] Phase: 122 (47) 
Count:  87.2  84.5  85.7  83.9  84.2  86.0  87.1  85.0  88.4  88.2  86.6  88.0  83.8  82.7  84.2 
A: 54.1 53.2 55.8 51.6 52.5 51.7 54.6 53.0 55.7 57.3 55.8 57.2 52.9 50.4 55.0 
Phase: 125 125 122 121 120 126 124 125 119 118 121 121 121 121 118 

49.5: Count:  82.1 (  2.1) A:  50.3 [20-126] B:  45.1 [20-147] Phase: 122 (51) 
Count:  82.7  83.4  82.1  85.1  84.2  78.2  80.4  83.3  80.2  84.4  80.8  82.4  81.7  83.9  78.2 
Phase: 125 123 122 123 121 124 125 123 119 119 121 120 120 120 121 

49.6: Count:  38.2 (  5.7) A:  34.0 [20-102] B:  37.1 [20-121] Phase: 170 (102) 
Count:  42.3  43.3  37.6  44.7  41.9  40.5  33.6  39.4  29.8  35.8  28.3  35.5  39.1  48.9  32.9 
Phase: -180 -104 -162 120 104 -44 -99 0 -71 -143 -157 -130 138 107 -56 

49.7: Count:  39.6 (  2.4) A:  34.0 [20-131] B:  38.1 [20-132] Phase: -127 (99) 
Count:  43.1  42.3  40.3  37.8  39.0  40.7  40.7  40.5  39.2  39.9  35.5  38.5  36.5  43.7  36.1 
Phase: -129 -90 -127 -91 -102 -101 -156 -107 136 -163 -176 -151 -146 -114 -133 

49.8: Count:  34.7 (  3.3) A:  34.1 [20-103] B:  37.8 [20-136] Phase: -84 (92) 
Count:  35.8  40.6  35.1  37.2  35.0  34.6  33.1  36.6  28.5  32.6  29.5  37.5  32.8  38.7  33.5 
Phase: -105 -75 -65 -64 -87 -73 -64 -67 -112 -104 -80 -105 -115 -77 -70 

49.9: Count:  58.9 (  3.2) A:  37.1 [20-120] B:  49.3 [20-153] Phase: 152 (93) 
Count:  61.3  62.9  59.5  56.5  54.7  61.2  59.3  59.3  57.9  62.2  58.3  59.3  59.2  61.4  50.1 
Phase: 153 128 113 118 154 158 125 -167 164 153 142 157 163 175 141 

50.0: Count:  80.5 (  2.1) A:  47.9 [20-147] B:  79.8 [20-233] Phase: 146 (75) 
Count:  82.5  82.5  81.4  77.9  78.4  83.0  81.6  80.1  79.9  82.1  81.1  79.4  79.8  82.0  75.4 
A: 50.5 49.6 47.5 44.9 46.3 48.7 48.8 48.8 47.2 49.4 46.1 49.3 48.9 50.2 41.4 
B: 81.1 80.8 78.6 78.4 76.2 80.9 80.9 79.0 76.3 82.2 84.1 77.8 76.8 79.1 84.6 
Phase: 141 142 146 147 145 142 144 154 152 142 147 145 149 152 145 

50.1: Count:  76.1 (  1.9) A:  44.3 [20-156] B:  71.3 [20-223] Phase: 151 (73) 
Count:  78.7  76.1  77.3  74.5  74.6  77.8  77.1  76.3  73.8  76.8  76.1  76.7  76.0  78.2  71.0 
Phase: 146 153 149 150 151 150 145 161 152 148 150 154 147 158 149 

50.2: Count:  43.7 (  3.9) A:  37.5 [20-119] B:  41.3 [20-145] Phase: -122 (90) 
Count:  48.1  48.3  44.3  44.9  44.9  43.8  40.8  45.4  37.1  44.2  36.9  43.4  45.2  49.9  38.8 
Phase: -118 -125 -127 -117 -102 -111 -124 -91 -130 -123 -141 -139 -118 -98 -138 

50.3: Count:  56.0 (  2.3) A:  40.0 [20-135] B:  43.1 [20-168] Phase: -179 (98) 
Count:  52.9  54.6  59.0  52.6  51.7  57.7  57.3  58.8  57.7  56.8  56.8  55.4  57.8  54.1  56.6 
Phase: -162 -112 168 -142 -140 -169 99 -177 133 -163 140 168 -179 -98 113 

50.4: Count:  83.7 (  1.7) A:  52.0 [20-148] B:  50.9 [20-177] Phase: 105 (65) 
Count:  82.6  82.1  83.3  82.1  83.4  85.2  84.3  85.3  85.7  83.3  85.7  84.1  82.8  79.7  85.5 
Phase: 104 101 106 105 105 106 104 104 105 112 103 109 105 103 106 

50.5: Count:  83.0 (  1.8) A:  50.9 [20-163] B:  50.6 [20-168] Phase: 106 (66) 
Count:  83.6  84.5  81.4  83.9  84.6  80.8  83.6  85.5  81.7  81.6  79.0  82.7  85.1  84.5  82.8 
Phase: 107 105 106 107 106 104 106 106 107 113 109 106 104 103 111 

50.6: Count:  50.7 (  5.0) A:  42.9 [20-159] B:  42.6 [20-173] Phase: -121 (95) 
Count:  54.0  55.4  49.8  56.4  56.0  51.3  46.8  52.7  42.1  50.8  41.9  51.3  52.1  56.2  43.6 
A: 44.9 43.7 42.1 41.9 42.7 43.6 42.3 45.7 39.1 44.0 38.7 42.1 42.1 47.1 39.9 
Phase: -69 -126 -117 -130 -110 -70 -133 -100 -132 -106 -134 -133 -120 -120 -130 

50.7: Count:  45.8 (  3.2) A:  44.3 [20-131] B:  41.7 [20-153] Phase: -99 (84) 
Count:  48.4  48.5  45.2  45.8  47.5  45.7  42.9  46.7  39.8  48.6  41.6  44.0  45.8  52.6  43.8 
A: 46.8 45.7 44.3 43.4 44.7 44.5 43.7 47.5 40.0 45.8 38.8 43.6 43.2 47.3 41.9 
Phase: -88 -89 -93 -91 -92 -105 -106 -82 -128 -97 -130 -102 -98 -84 -123 

50.8: Count:  45.8 (  3.9) A:  46.6 [20-146] B:  41.9 [20-130] Phase: -83 (80) 
Count:  49.1  51.7  45.9  47.9  43.8  43.5  42.1  46.6  37.9  46.9  41.1  47.0  46.6  52.8  43.4 
A: 48.8 48.2 46.5 46.2 47.8 47.5 46.2 51.4 41.1 47.8 39.7 45.2 45.9 49.5 44.2 
Phase: -81 -65 -61 -67 -87 -92 -67 -88 -97 -89 -93 -85 -92 -78 -92 

50.9: Count:  48.1 (  2.5) A:  48.1 [20-145] B:  42.9 [20-147] Phase: -82 (80) 
Count:  47.4  50.6  49.6  50.6  47.5  47.9  47.5  47.7  44.7  48.6  45.0  48.7  47.9  54.1  44.1 
A: 52.3 51.2 48.3 47.2 48.4 48.2 46.3 52.3 42.1 48.7 41.5 47.5 47.5 51.9 45.6 
Phase: -92 -55 -58 -68 -89 -86 -75 -84 -105 -94 -99 -73 -77 -79 -81 

51.0: Count:  46.8 (  4.5) A:  50.0 [20-157] B:  43.4 [20-144] Phase: -89 (80) 
Count:  51.5  51.1  45.5  48.3  48.5  45.3  44.5  52.6  39.7  48.0  40.9  48.2  45.0  54.1  39.6 
A: 51.8 52.0 50.5 49.3 49.8 51.1 47.9 52.5 45.1 52.6 42.8 48.9 49.7 53.8 47.8 
Phase: -84 -73 -83 -85 -85 -94 -103 -90 -110 -82 -111 -102 -91 -76 -93 

51.1: Count:  45.3 (  4.2) A:  52.4 [20-154] B:  44.2 [20-144] Phase: -80 (79) 
Count:  49.0  47.6  46.9  44.6  49.1  46.7  42.1  47.0  39.1  49.4  38.2  46.4  46.3  50.0  36.9 
A: 54.7 55.8 51.2 52.7 51.5 52.1 51.6 57.1 47.4 54.1 44.5 50.4 51.4 57.1 50.9 
Phase: -68 -73 -90 -78 -72 -81 -87 -70 -100 -79 -118 -83 -76 -70 -101 

51.2: Count:  47.0 (  4.5) A:  53.9 [20-171] B:  45.2 [20-146] Phase: -87 (83) 
Count:  52.2  52.3  48.5  48.3  49.7  45.4  45.4  50.3  40.4  46.7  37.5  48.0  46.8  52.7  41.1 
A: 55.9 57.3 53.5 53.3 53.3 55.2 52.9 56.9 47.9 57.2 46.4 52.8 52.7 57.7 51.2 
Phase: -76 -70 -93 -76 -84 -81 -92 -79 -108 -73 -118 -87 -92 -76 -105 

51.3: Count:  55.6 (  1.6) A:  53.9 [20-170] B:  45.8 [20-147] Phase: -41 (93) 
Count:  57.4  57.3  56.3  55.0  53.8  56.5  57.6  55.8  52.8  56.1  54.3  57.0  52.9  55.2  56.7 
A: 57.5 57.9 53.3 53.5 54.1 54.3 52.1 59.0 47.6 56.7 45.8 52.3 53.2 60.0 49.0 
B: 46.7 46.7 45.3 46.1 46.8 46.6 45.2 47.8 43.1 45.0 41.5 44.6 46.4 50.5 44.3 
Phase: -77 -56 -44 -60 -90 4 4 -98 37 -57 36 -74 -20 -70 36 

51.4: Count:  84.9 (  1.5) A:  59.0 [20-201] B:  51.8 [20-166] Phase: 60 (72) 
Count:  84.6  85.3  86.0  81.6  83.3  84.8  87.1  85.5  85.7  85.4  85.8  84.4  83.7  83.0  87.1 
Phase: 54 47 60 54 60 56 62 59 72 65 75 65 61 42 68 

51.5: Count:  86.4 (  1.7) A:  60.0 [20-220] B:  51.9 [20-173] Phase: 62 (69) 
Count:  87.5  88.9  86.4  88.5  87.9  84.1  87.3  85.4  82.9  85.8  85.5  86.9  85.1  88.2  85.2 
A: 63.4 62.8 59.3 60.3 61.2 58.9 57.5 63.4 55.5 61.9 52.3 59.6 60.8 65.9 56.1 
B: 52.6 53.5 51.0 52.8 52.4 51.4 50.9 52.9 48.3 52.1 47.8 50.6 53.4 56.3 50.7 
Phase: 55 53 61 64 59 61 65 54 73 62 73 62 61 50 71 

51.6: Count:  55.7 (  6.7) A:  58.7 [20-196] B:  47.8 [20-166] Phase: 14 (90) 
Count:  60.9  62.5  54.3  61.5  61.9  52.6  51.2  59.3  46.5  57.3  43.6  54.7  54.9  67.0  46.6 
A: 61.7 60.9 59.7 56.6 57.0 59.8 56.8 62.6 52.7 61.9 51.2 57.9 58.2 63.0 54.4 
B: 49.0 48.9 47.1 48.1 47.7 49.3 47.0 49.3 43.7 47.8 43.1 47.4 48.3 51.1 46.1 
Phase: -12 12 10 26 15 1 30 -6 -116 -9 41 11 10 16 36 

51.7: Count:  46.7 (  4.0) A:  62.1 [20-193] B:  50.0 [20-144] Phase: -76 (79) 
Count:  53.5  49.8  47.0  47.1  49.3  45.6  44.1  48.2  40.6  51.0  39.7  46.8  46.0  50.4  41.4 
A: 64.4 67.4 63.4 60.2 61.0 62.1 59.0 65.6 55.8 65.3 52.2 62.1 61.3 69.4 57.5 
B: 50.9 52.4 49.5 50.3 50.5 50.4 48.8 54.0 44.7 49.9 43.3 48.5 49.1 55.4 48.3 
Phase: -75 -61 -72 -64 -64 -77 -99 -71 -94 -68 -102 -82 -82 -64 -99 

51.8: Count:  53.0 (  3.2) A:  60.1 [20-196] B:  50.3 [20-166] Phase: -91 (83) 
Count:  56.2  57.3  53.8  55.4  53.3  52.1  50.9  53.6  47.5  55.4  47.8  53.6  53.4  56.7  47.7 
A: 64.1 64.6 60.6 58.5 59.5 59.2 57.9 63.1 53.8 64.5 50.8 60.4 58.2 66.3 55.4 
B: 52.9 53.6 50.2 50.4 51.1 51.2 49.6 53.1 45.1 51.0 43.3 49.0 49.3 54.6 47.0 
Phase: -78 -68 -84 -75 -89 -94 -101 -91 -114 -95 -110 -87 -96 -78 -107 

51.9: Count:  51.7 (  3.5) A:  60.6 [20-206] B:  51.1 [20-165] Phase: -89 (76) 
Count:  55.0  55.8  53.3  54.0  52.7  51.8  49.6  51.7  46.0  53.7  47.1  52.8  49.3  57.1  46.0 
A: 65.1 64.6 61.0 58.2 59.9 58.7 58.4 65.5 54.1 64.7 50.8 61.1 60.8 65.7 55.5 
B: 52.8 54.6 50.2 51.0 51.3 52.4 50.7 55.3 46.6 52.0 44.2 49.1 51.1 55.0 47.8 
Phase: -79 -72 -88 -83 -94 -89 -101 -82 -100 -86 -106 -87 -91 -85 -111 

52.0: Count:  49.9 (  4.5) A:  61.2 [20-190] B:  51.5 [20-171] Phase: -84 (74) 
Count:  54.0  55.4  50.5  51.3  52.1  50.2  45.9  50.5  43.9  51.6  41.4  51.5  49.8  56.9  43.2 
A: 66.1 64.1 60.7 59.1 61.1 60.4 58.4 66.3 53.8 66.0 52.5 61.5 60.2 66.0 56.2 
B: 52.5 53.2 51.1 51.3 51.4 52.0 51.6 55.8 47.0 52.3 45.9 50.2 51.2 55.4 48.2 
Phase: -64 -78 -86 -87 -79 -89 -98 -78 -95 -69 -104 -83 -85 -76 -105 

52.1: Count:  46.4 (  4.5) A:  62.4 [20-189] B:  51.7 [20-152] Phase: -75 (71) 
Count:  52.2  48.8  44.9  46.7  49.3  48.2  40.9  49.4  39.9  50.2  39.2  47.5  46.4  52.4  39.5 
A: 67.0 67.6 63.3 60.3 61.7 60.2 61.4 66.6 55.7 65.7 52.4 62.7 60.9 66.1 59.6 
B: 52.5 55.3 52.1 52.0 51.1 51.9 52.1 54.3 46.3 52.3 44.6 50.1 51.3 56.5 49.9 
Phase: -68 -69 -72 -77 -69 -78 -93 -66 -87 -68 -97 -75 -76 -65 -91 

52.2: Count:  45.5 (  4.6) A:  62.0 [20-196] B:  51.5 [20-155] Phase: -75 (74) 
Count:  50.6  50.6  45.6  46.3  48.0  46.3  41.2  47.8  37.8  48.3  37.1  47.0  45.6  51.3  38.9 
A: 66.2 64.8 63.4 59.8 61.1 60.0 59.7 66.3 56.7 66.7 54.2 61.5 60.3 66.1 58.4 
B: 52.9 54.0 52.0 51.2 51.0 52.0 51.4 54.6 46.6 51.9 44.9 49.7 51.1 56.2 49.1 
Phase: -67 -60 -67 -72 -70 -76 -82 -73 -90 -72 -91 -72 -80 -61 -90 

52.3: Count:  49.2 (  3.6) A:  59.5 [20-187] B:  50.3 [20-167] Phase: -75 (82) 
Count:  52.0  54.4  52.4  50.6  49.9  47.8  47.1  51.7  41.8  50.7  44.9  49.2  49.5  52.4  43.3 
A: 63.4 62.7 58.8 57.9 59.2 58.4 57.4 62.1 54.3 64.2 50.6 60.5 58.7 64.7 55.6 
B: 53.6 52.0 49.3 49.5 50.4 51.5 49.2 53.0 45.7 50.9 43.6 49.5 49.9 55.5 47.9 
Phase: -78 -62 -79 -67 -79 -75 -76 -77 -91 -79 -114 -62 -86 -69 -68 

52.4: Count:  66.4 (  1.7) A:  56.5 [20-195] B:  48.9 [20-161] Phase: 33 (89) 
Count:  68.0  69.5  68.2  65.5  66.3  66.6  64.7  68.9  64.3  68.0  65.3  64.7  65.9  66.5  64.1 
A: 59.0 59.4 56.3 55.6 56.3 55.6 55.2 58.1 52.5 60.6 50.2 57.0 55.3 61.1 53.5 
B: 51.4 50.0 48.6 48.7 48.8 49.3 48.4 51.9 45.5 49.0 44.3 48.7 48.7 52.6 46.2 
Phase: 16 18 34 21 28 38 47 24 56 34 61 29 32 2 49 

52.5: Count:  70.2 (  2.7) A:  56.7 [20-220] B:  49.3 [20-176] Phase: 42 (91) 
Count:  71.0  74.6  69.2  71.2  72.8  69.6  68.4  72.3  67.3  70.8  63.9  71.1  69.8  73.5  67.6 
A: 58.8 59.2 56.5 54.8 56.9 56.6 56.2 58.1 52.5 61.7 51.0 56.7 55.8 60.7 52.6 
B: 50.9 50.8 48.8 48.8 49.1 50.3 48.2 51.4 46.5 50.0 45.2 49.1 49.3 53.2 46.1 
Phase: 25 33 45 39 38 46 55 32 63 34 67 43 48 27 56 

52.6: Count:  55.8 (  4.8) A:  55.1 [20-189] B:  46.4 [20-172] Phase: -97 (88) 
Count:  59.4  60.3  54.1  57.4  58.3  56.4  52.8  57.8  49.6  59.2  48.5  55.8  57.8  63.8  46.4 
A: 58.1 58.2 55.7 53.5 55.4 54.2 54.0 58.3 50.0 59.4 48.5 53.9 53.5 58.5 52.1 
B: 47.1 47.6 46.2 46.3 46.8 46.8 46.1 48.9 43.8 47.6 40.9 46.0 45.6 48.8 44.6 
Phase: -69 -91 -91 -91 -57 -107 -123 -69 -121 -83 -124 -109 -95 -71 -126 

52.7: Count:  44.7 (  4.0) A:  56.5 [20-189] B:  44.7 [20-140] Phase: -81 (72) 
Count:  48.1  48.1  45.1  46.1  46.8  44.7  42.0  45.8  38.7  47.0  38.4  46.4  45.2  50.9  37.0 
A: 59.5 59.1 56.8 54.3 55.8 56.0 55.0 60.4 51.1 61.4 48.7 55.0 55.2 60.1 54.7 
B: 45.8 45.5 44.8 43.8 44.6 45.7 44.5 48.0 40.4 45.0 39.4 43.8 45.4 47.7 43.4 
Phase: -69 -71 -82 -76 -72 -93 -92 -78 -99 -77 -88 -84 -86 -77 -87 

52.8: Count:  47.2 (  3.2) A:  54.7 [20-188] B:  42.2 [20-133] Phase: -80 (80) 
Count:  50.8  53.4  47.0  48.3  46.7  46.3  47.0  46.9  44.3  46.0  40.9  47.9  46.8  52.1  43.0 
A: 56.3 56.2 55.5 53.2 54.5 55.0 52.7 56.8 48.8 59.6 47.9 54.9 53.6 60.0 52.1 
B: 44.0 43.2 41.2 41.5 42.5 43.1 41.9 45.0 38.4 42.6 37.5 41.3 42.1 45.9 41.5 
Phase: -78 -65 -73 -70 -81 -99 -98 -83 -93 -70 -102 -75 -85 -74 -84 

52.9: Count:  47.7 (  3.0) A:  53.1 [20-167] B:  40.2 [20-118] Phase: -86 (80) 
Count:  50.9  52.1  48.4  48.0  48.7  46.8  45.5  47.7  43.9  48.3  41.9  48.1  48.4  52.6  43.8 
A: 55.6 54.9 51.8 51.6 53.4 53.9 52.6 56.2 47.6 56.2 46.5 53.8 52.3 58.1 49.2 
Phase: -80 -85 -83 -80 -83 -98 -91 -71 -101 -73 -104 -73 -100 -80 -95 

53.0: Count:  46.5 (  4.1) A:  52.0 [20-181] B:  38.5 [20-122] Phase: -88 (81) 
Count:  49.6  50.4  44.8  45.0  49.3  46.8  43.1  50.5  41.2  49.2  39.6  47.1  49.9  51.2  39.3 
A: 54.2 53.5 51.4 50.8 51.8 52.8 51.3 56.2 46.9 54.3 45.1 51.3 50.7 56.3 50.4 
Phase: -76 -85 -86 -82 -75 -89 -103 -79 -96 -69 -115 -90 -91 -80 -107 

53.1: Count:  44.2 (  4.1) A:  50.8 [20-158] B:  36.9 [20-110] Phase: -82 (83) 
Count:  47.4  48.2  44.1  44.3  48.3  44.3  42.5  47.3  39.4  46.1  38.0  45.6  43.0  49.2  35.2 
A: 52.3 52.5 49.3 48.6 50.5 53.3 49.7 53.8 45.7 53.4 44.4 49.7 50.1 54.8 50.5 
Phase: -60 -71 -81 -83 -64 -89 -94 -73 -95 -72 -109 -84 -78 -78 -90 

53.2: Count:  43.8 (  3.2) A:  49.5 [20-169] B:  35.6 [20-104] Phase: -64 (89) 
Count:  46.9  48.1  44.1  44.7  44.9  42.9  42.4  44.9  40.5  45.5  38.8  45.0  42.7  48.9  37.5 
A: 51.2 50.9 49.0 48.2 50.1 50.5 48.5 51.6 46.2 50.3 43.3 49.2 49.4 54.6 46.9 
Phase: -48 -43 -49 -47 -49 -71 -82 -88 -112 -70 -75 -69 -57 -56 -67 

53.3: Count:  44.9 (  1.6) A:  48.3 [20-157] B:  34.5 [20-117] Phase: -13 (88) 
Count:  43.6  44.9  47.2  46.8  42.5  45.5  44.9  44.4  43.9  43.0  43.0  43.6  46.4  47.5  45.7 
A: 49.0 51.0 48.5 47.2 48.2 49.4 48.4 48.9 44.0 50.0 42.6 47.9 47.8 53.4 46.8 
Phase: -47 -22 1 -22 -27 -1 0 -44 -7 -40 24 -7 -9 -42 6 

53.4: Count:  66.3 (  1.8) A:  51.0 [20-190] B:  37.7 [20-123] Phase: 39 (66) 
Count:  66.2  65.5  67.9  63.4  64.5  66.7  68.4  67.3  66.0  64.7  67.8  66.3  66.8  63.2  69.4 
Phase: 38 33 41 38 38 38 42 34 46 40 51 42 37 27 41 

53.5: Count:  73.6 (  1.6) A:  53.1 [20-183] B:  39.3 [20-114] Phase: 45 (57) 
Count:  74.9  76.4  73.8  74.0  72.2  71.5  73.2  74.4  71.3  72.6  72.5  72.5  75.9  75.4  73.4 
A: 54.7 54.4 51.8 53.7 54.6 53.1 51.9 54.8 49.9 54.4 48.8 52.0 53.6 56.9 50.3 
Phase: 44 42 43 46 43 44 47 46 49 45 49 49 44 43 46 

53.6: Count:  50.1 (  4.9) A:  46.6 [20-158] B:  34.4 [20-99] Phase: 29 (74) 
Count:  50.6  55.1  48.6  57.3  55.2  48.9  47.3  50.6  44.4  51.2  41.3  48.7  52.4  57.2  43.2 
A: 48.4 48.4 46.1 46.6 47.3 46.8 45.3 48.8 42.5 47.8 41.1 45.9 46.6 51.1 43.3 
Phase: 25 25 26 31 31 30 27 33 28 22 39 30 29 28 30 

53.7: Count:  43.3 (  1.9) A:  43.7 [20-197] B:  33.4 [20-99] Phase: 0 (91) 
Count:  43.9  47.9  43.4  42.8  40.7  42.6  44.7  44.4  43.5  44.4  40.9  43.8  41.7  44.5  40.4 
Phase: 18 5 1 -4 -3 19 0 0 -31 -15 16 -16 -8 -8 17 

53.8: Count:  48.1 (  2.4) A:  43.9 [20-169] B:  34.7 [20-101] Phase: 30 (89) 
Count:  49.0  53.0  49.8  47.3  46.0  46.7  49.3  49.8  45.7  46.0  47.9  48.3  47.8  51.6  43.9 
Phase: 21 32 25 24 23 44 40 21 38 25 41 11 39 24 27 

53.9: Count:  45.5 (  2.0) A:  42.2 [20-187] B:  34.5 [20-105] Phase: 41 (88) 
Count:  43.7  48.3  44.0  45.3  45.2  45.1  43.5  47.2  44.3  44.6  42.8  47.6  46.0  49.9  44.6 
Phase: 42 28 33 38 37 58 61 31 41 43 53 47 41 44 48 

54.0: Count:  45.6 (  2.7) A:  41.3 [20-170] B:  35.2 [20-107] Phase: 60 (86) 
Count:  47.2  47.7  45.1  43.0  47.1  46.3  44.6  50.1  40.3  44.9  42.0  45.6  46.8  49.9  43.3 
A: 43.0 41.8 39.4 39.8 42.0 42.0 40.2 44.1 39.3 43.0 37.3 40.5 40.9 44.8 39.0 
Phase: 45 59 77 57 52 56 66 50 68 62 93 71 64 44 77 

54.1: Count:  42.2 (  2.3) A:  40.3 [20-191] B:  34.6 [20-109] Phase: 48 (83) 
Count:  43.4  43.7  42.6  42.0  42.9  43.9  42.0  44.7  37.9  42.5  40.9  43.2  38.8  45.9  38.9 
Phase: 42 45 50 53 41 48 57 54 48 41 71 38 34 42 52 

54.2: Count:  41.5 (  2.0) A:  40.1 [20-209] B:  34.5 [20-100] Phase: 35 (75) 
Count:  43.6  44.1  42.5  42.9  42.5  41.7  41.4  41.1  38.7  40.2  38.7  42.0  40.5  44.7  37.8 
Phase: 38 35 32 35 35 35 44 35 38 35 41 29 33 29 28 

54.3: Count:  44.7 (  1.9) A:  39.6 [20-156] B:  35.5 [20-118] Phase: 34 (73) 
Count:  46.5  46.5  47.2  46.3  43.1  45.6  46.0  43.2  41.2  42.2  43.9  45.3  43.2  46.4  43.5 
Phase: 41 33 27 33 40 38 34 38 42 34 35 28 35 33 35 

54.4: Count:  64.9 (  1.9) A:  45.0 [20-204] B:  39.1 [20-118] Phase: 51 (56) 
Count:  65.9  64.3  66.8  61.0  63.1  64.9  64.8  65.5  65.7  65.6  68.8  63.0  64.4  62.7  66.4 
Phase: 49 48 48 48 51 50 56 51 54 51 55 53 49 45 51 

54.5: Count:  72.4 (  1.3) A:  48.9 [20-211] B:  41.6 [20-131] Phase: 55 (52) 
Count:  75.0  73.3  70.7  72.7  74.5  71.7  71.4  73.1  70.2  71.4  72.0  73.0  72.2  72.9  72.0 
Phase: 54 56 54 56 53 53 56 54 58 53 56 58 53 53 55 

54.6: Count:  53.2 (  4.0) A:  41.6 [20-210] B:  36.8 [20-120] Phase: 47 (60) 
Count:  56.6  56.3  52.8  57.8  56.3  50.6  51.4  53.9  46.3  53.2  45.8  54.1  53.1  59.9  49.3 
Phase: 42 47 44 47 47 44 44 49 51 45 52 48 48 45 49 

54.7: Count:  38.8 (  2.5) A:  37.0 [20-163] B:  34.9 [20-96] Phase: 22 (74) 
Count:  39.5  41.3  40.9  38.5  39.3  38.1  38.8  38.6  34.1  39.7  35.4  37.1  39.0  44.7  37.3 
Phase: 16 14 18 26 26 25 21 34 24 20 30 9 22 22 28 

54.8: Count:  38.5 (  2.4) A:  37.5 [20-173] B:  34.4 [20-107] Phase: 23 (64) 
Count:  39.5  42.7  40.5  39.6  37.7  38.6  39.3  38.0  35.8  39.3  34.3  38.6  37.5  41.4  33.9 
Phase: 25 20 22 21 25 30 18 26 27 23 22 18 23 20 22 

54.9: Count:  48.1 (  1.9) A:  36.7 [20-172] B:  37.5 [20-109] Phase: 30 (94) 
Count:  51.0  50.9  47.3  48.7  47.4  49.3  49.6  49.4  46.6  46.6  45.9  46.1  47.2  50.5  45.2 
Phase: 5 17 23 54 26 53 18 38 29 8 77 -2 17 37 37 

55.0: Count:  68.5 (  1.9) A:  40.3 [20-177] B:  49.7 [20-153] Phase: -173 (92) 
Count:  68.3  69.9  68.5  67.9  66.4  69.1  70.3  71.4  67.2  67.3  68.5  66.7  68.7  71.8  64.9 
Phase: 178 -168 -169 -179 176 -165 -174 -172 -176 -162 -171 -157 -170 145 164 

55.1: Count:  64.3 (  1.3) A:  37.6 [20-173] B:  47.4 [20-136] Phase: -163 (95) 
Count:  63.2  65.2  65.2  65.1  62.5  63.7  65.6  64.8  64.6  62.9  65.2  63.8  62.8  66.9  63.0 
Phase: -174 -157 -176 -162 167 -162 -163 -175 -158 -122 -160 -163 -156 138 -160 

55.2: Count:  41.0 (  1.9) A:  34.7 [20-170] B:  35.8 [20-101] Phase: 21 (79) 
Count:  39.0  45.1  41.4  41.0  39.1  41.4  42.4  43.3  38.5  40.2  39.8  41.8  40.8  42.3  38.7 
Phase: 6 18 24 16 25 25 29 13 31 10 23 19 27 20 26 

55.3: Count:  36.8 (  1.4) A:  35.3 [20-156] B:  33.9 [20-95] Phase: 25 (63) 
Count:  37.2  39.4  37.9  37.3  35.6  37.3  37.3  37.5  34.3  35.4  34.5  37.1  37.5  35.8  37.7 
Phase: 17 25 28 23 26 27 29 23 32 15 31 32 26 22 30 

55.4: Count:  50.1 (  1.8) A:  39.0 [20-136] B:  35.5 [20-108] Phase: 46 (57) 
Count:  50.2  50.4  50.8  47.8  49.3  51.0  49.3  52.9  49.4  50.8  52.8  51.7  47.4  47.1  50.8 
Phase: 44 42 45 43 42 47 49 44 49 44 49 52 43 39 49 

55.5: Count:  57.2 (  1.9) A:  41.6 [20-132] B:  36.4 [20-127] Phase: 50 (51) 
Count:  56.5  58.9  57.7  58.3  59.0  57.3  56.1  60.4  54.1  57.8  57.1  57.6  55.5  58.7  53.4 
Phase: 46 49 49 49 51 49 51 52 54 48 55 50 48 49 53 

55.6: Count:  46.8 (  3.0) A:  36.7 [20-135] B:  35.6 [20-108] Phase: 40 (65) 
Count:  46.8  48.0  45.9  49.4  49.1  45.7  46.2  49.1  43.7  47.4  42.0  47.3  47.7  53.0  41.4 
Phase: 38 41 37 42 42 39 40 43 39 39 37 42 42 44 44 

55.7: Count:  34.1 (  1.6) A:  32.4 [20-98] B:  34.5 [20-101] Phase: 14 (68) 
Count:  35.2  33.1  34.9  34.1  34.1  36.7  33.2  33.9  31.8  33.6  33.1  33.7  33.0  38.1  33.1 
Phase: 8 15 21 21 15 13 18 9 9 13 18 21 18 13 13 

55.8: Count:  32.9 (  1.7) A:  32.5 [20-90] B:  33.9 [20-101] Phase: 12 (60) 
Count:  33.6  37.2  33.1  32.9  33.0  32.8  31.9  33.3  32.2  34.2  30.0  31.1  32.6  35.0  30.9 
Phase: 7 10 15 15 15 7 11 16 15 12 18 11 12 9 14 

55.9: Count:  31.4 (  2.7) A:  32.6 [20-88] B:  33.6 [20-97] Phase: 8 (59) 
Count:  34.1  35.8  29.1  30.6  32.1  32.8  31.7  34.5  28.2  32.4  26.6  29.0  31.8  34.2  28.7 
Phase: 11 8 12 9 10 9 8 5 7 6 9 8 10 3 9 

56.0: Count:  32.7 (  2.1) A:  33.0 [20-92] B:  33.2 [20-97] Phase: 6 (63) 
Count:  35.6  34.6  33.4  33.0  32.9  34.7  32.9  34.8  29.4  31.6  28.3  31.2  31.8  35.2  31.0 
Phase: 7 0 3 5 7 10 10 -1 3 -1 5 12 10 4 9 

56.1: Count:  31.0 (  2.2) A:  32.4 [20-83] B:  33.0 [20-103] Phase: 5 (58) 
Count:  32.5  33.2  32.8  31.8  31.2  30.9  31.8  34.8  27.6  30.5  26.8  29.2  28.5  32.4  30.9 
Phase: 1 5 7 4 7 2 8 5 7 1 5 6 6 1 6 

56.2: Count:  30.3 (  2.6) A:  32.0 [20-95] B:  33.1 [20-90] Phase: 4 (55) 
Count:  30.2  34.3  31.4  30.2  30.6  28.6  31.4  33.7  26.5  31.8  26.1  30.2  28.2  33.6  27.1 
Phase: 5 6 0 8 7 5 2 1 8 1 8 3 4 0 3 

56.3: Count:  30.7 (  2.1) A:  32.0 [20-98] B:  33.3 [20-101] Phase: 5 (52) 
Count:  30.3  34.3  31.8  30.6  29.7  33.2  30.1  32.3  29.1  29.1  27.0  29.9  32.1  33.7  27.7 
Phase: 2 5 1 8 2 6 3 3 9 6 13 5 9 2 5 

56.4: Count:  37.9 (  1.5) A:  33.1 [20-97] B:  34.5 [20-106] Phase: 21 (53) 
Count:  39.2  38.6  37.4  35.2  37.5  41.7  37.7  38.5  38.8  36.8  36.7  37.7  37.0  38.8  37.4 
Phase: 14 18 21 16 18 18 23 17 24 20 35 23 18 10 28 

56.5: Count:  44.8 (  2.0) A:  34.5 [20-103] B:  35.9 [20-101] Phase: 29 (53) 
Count:  44.3  46.6  43.1  43.7  44.7  47.6  47.1  45.4  43.6  45.7  40.9  42.2  44.3  47.6  45.0 
Phase: 24 26 29 30 29 27 33 24 26 33 36 34 32 24 34 

56.6: Count:  37.8 (  2.2) A:  33.7 [20-93] B:  34.2 [20-92] Phase: 17 (51) 
Count:  39.0  39.9  36.2  39.1  37.4  40.0  37.7  39.8  36.7  37.8  31.7  36.7  37.3  40.4  36.5 
Phase: 14 17 15 22 21 14 19 11 16 15 16 18 20 16 15 

56.7: Count:  30.4 (  2.0) A:  32.9 [20-89] B:  32.7 [20-100] Phase: 2 (45) 
Count:  31.7  32.4  31.3  32.0  31.8  31.4  30.6  31.0  28.5  29.7  25.5  31.0  29.5  32.0  27.1 
Phase: 2 3 0 3 3 0 8 -3 5 1 6 2 1 0 1 

56.8: Count:  31.3 (  2.3) A:  33.1 [20-89] B:  32.7 [20-92] Phase: 2 (43) 
Count:  34.5  33.1  31.3  30.5  31.7  33.2  31.4  34.7  28.9  30.8  26.6  32.1  31.6  31.6  27.3 
Phase: 6 -2 0 1 3 -1 5 2 2 1 8 3 2 0 2 

56.9: Count:  31.1 (  2.5) A:  33.2 [20-91] B:  32.5 [20-94] Phase: 1 (44) 
Count:  32.3  34.8  32.9  29.4  31.5  32.8  31.4  34.8  28.4  31.2  25.7  31.2  29.8  32.1  28.5 
Phase: -2 2 3 1 3 -1 4 2 1 -2 6 0 4 -1 0 

57.0: Count:  31.3 (  2.1) A:  33.4 [20-89] B:  32.3 [20-86] Phase: 3 (47) 
Count:  32.5  33.8  31.1  31.2  31.7  32.6  32.6  32.7  29.1  31.5  25.5  31.5  29.7  34.1  30.0 
Phase: 2 4 4 7 5 -1 2 0 7 0 7 0 5 -1 6 

57.1: Count:  29.1 (  2.1) A:  33.2 [20-99] B:  31.6 [20-88] Phase: 4 (44) 
Count:  31.5  31.3  28.2  28.1  29.1  31.0  29.9  29.3  26.9  29.8  23.9  29.8  28.8  31.9  26.5 
Phase: 2 2 4 6 2 1 8 3 9 2 7 0 7 2 4 

57.2: Count:  26.6 (  2.1) A:  32.5 [20-90] B:  31.1 [20-85] Phase: 3 (40) 
Count:  29.4  28.0  26.7  25.9  27.0  29.2  27.3  28.4  24.6  26.9  22.6  25.8  24.9  28.9  23.2 
Phase: 2 1 1 4 2 -1 6 4 5 4 8 1 2 3 5 

57.3: Count:  25.6 (  2.2) A:  32.5 [20-84] B:  30.4 [20-80] Phase: 2 (35) 
Count:  28.5  28.4  27.3  25.8  25.2  25.6  25.8  27.9  23.6  27.2  20.8  24.1  25.7  26.0  22.6 
Phase: 1 2 2 1 1 0 6 4 3 -1 4 0 3 2 4 

57.4: Count:  29.4 (  1.9) A:  33.3 [20-89] B:  30.8 [20-93] Phase: 0 (40) 
Count:  31.4  31.8  30.3  28.9  28.5  30.7  30.1  32.2  26.2  28.9  25.9  28.2  29.0  31.2  27.6 
Phase: 0 1 0 1 2 0 2 -3 -3 -2 0 -4 -1 -1 0 

57.5: Count:  34.2 (  2.3) A:  33.8 [20-104] B:  32.0 [20-90] Phase: -4 (52) 
Count:  36.8  37.5  37.2  34.3  33.9  33.6  34.2  34.1  31.6  33.7  30.5  33.3  33.7  37.6  30.5 
Phase: -3 -3 -2 0 -1 -3 0 -4 -10 -7 -2 -6 -9 -10 0 

57.6: Count:  28.9 (  2.4) A:  32.4 [20-89] B:  31.4 [20-86] Phase: 3 (56) 
Count:  31.4  30.8  29.2  31.4  28.5  29.9  29.1  31.7  25.0  29.1  26.8  27.6  28.0  31.7  23.9 
Phase: 5 0 3 8 7 2 5 0 6 -2 6 0 -4 -5 7 

57.7: Count:  21.3 (  1.7) A:  30.7 [20-79] B:  30.1 [20-79] Phase: 12 (48) 
Count:  23.4  23.0  20.0  21.4  22.4  21.2  21.8  24.3  18.4  20.6  19.5  21.7  19.3  22.7  19.6 
Phase: 12 10 15 15 12 9 10 12 16 9 19 11 4 6 16 

57.8: Count:  18.7 (  2.0) A:  30.5 [20-90] B:  29.5 [20-73] Phase: 9 (39) 
Count:  20.8  20.0  19.0  18.5  19.0  18.8  19.3  23.0  16.8  17.4  15.0  16.7  17.2  20.9  17.5 
Phase: 8 9 9 11 9 7 6 6 6 11 10 13 10 8 8 

57.9: Count:  17.6 (  2.0) A:  30.5 [20-77] B:  28.9 [20-86] Phase: 7 (34) 
Count:  19.8  18.1  17.0  18.2  18.5  17.6  17.1  21.1  14.8  16.0  13.6  16.9  16.7  21.1  17.6 
Phase: 7 8 6 8 7 7 6 7 9 5 10 7 8 5 7 

58.0: Count:  16.0 (  1.9) A:  30.2 [20-75] B:  28.7 [20-82] Phase: 6 (34) 
Count:  17.0  18.0  14.9  16.1  16.7  16.9  16.7  19.3  14.4  15.6  11.7  14.1  15.6  18.0  15.4 
Phase: 9 7 7 8 6 7 12 8 5 5 5 5 1 4 6 

58.1: Count:  14.7 (  2.1) A:  29.9 [20-74] B:  28.3 [20-72] Phase: 8 (34) 
Count:  16.2  16.3  13.6  14.4  16.1  16.3  14.5  18.0  13.2  14.7  10.7  12.8  14.3  17.2  11.4 
Phase: 8 9 10 7 10 6 11 9 13 5 6 6 5 6 9 

58.2: Count:  13.0 (  1.9) A:  29.3 [20-72] B:  28.2 [20-69] Phase: 10 (36) 
Count:  14.7  15.3  12.5  12.9  14.1  14.4  12.3  16.6  12.0  11.9   9.5  11.0  12.0  14.9  11.0 
Phase: 10 15 10 11 14 10 8 11 12 4 9 3 7 9 7 

58.3: Count:  12.2 (  1.7) A:  28.5 [20-70] B:  27.9 [20-64] Phase: 12 (36) 
Count:  14.2  13.5  12.9  11.9  12.1  14.0  12.9  14.4  10.0  10.1   9.8  11.6  11.8  14.0  10.0 
Phase: 11 15 13 16 16 15 13 11 11 13 10 9 10 8 7 

58.4: Count:  12.4 (  1.5) A:  28.5 [20-70] B:  28.1 [20-67] Phase: 8 (37) 
Count:  13.4  13.9  11.4  11.4  13.1  13.7  12.8  15.2   9.9  11.9  10.0  11.1  12.4  14.1  11.6 
Phase: 12 10 8 13 10 7 5 11 0 3 7 10 11 9 9 

58.5: Count:  13.4 (  1.4) A:  28.4 [20-65] B:  28.2 [20-80] Phase: 5 (39) 
Count:  14.7  15.4  14.1  13.0  14.3  13.6  13.2  15.6  11.4  13.5  10.5  11.7  13.4  14.0  12.6 
Phase: 10 5 5 6 4 4 6 8 9 2 1 0 5 3 3 

58.6: Count:  11.2 (  1.8) A:  27.9 [20-63] B:  28.1 [20-68] Phase: 7 (41) 
Count:  13.5  12.2  12.2  11.0  11.4  11.2  11.4  13.0   8.8  11.3   7.4   8.3  12.0  13.5  10.5 
Phase: 11 9 4 7 8 14 7 15 11 4 10 3 2 1 7 

58.7: Count:   9.1 (  1.4) A:  27.6 [20-64] B:  27.4 [20-71] Phase: 11 (49) 
Count:   9.8   9.5   8.5   9.9   8.8  10.4   8.9  11.0   7.4   8.7   7.2   8.2   8.9  12.0   6.8 
Phase: 17 12 9 6 14 13 13 17 11 12 11 1 11 7 17 

58.8: Count:   8.2 (  1.3) A:  27.4 [20-77] B:  27.4 [20-62] Phase: 11 (52) 
Count:   8.1   8.3   9.1   9.0   8.2   9.4   8.2  11.2   7.2   9.1   5.9   7.0   7.3   9.0   6.4 
Phase: 10 13 6 16 20 16 7 20 6 13 7 6 4 2 13 

58.9: Count:   7.2 (  1.1) A:  26.5 [20-66] B:  27.3 [20-65] Phase: 14 (44) 
Count:   6.7   8.2   7.0   7.2   6.9   8.1   7.7   9.5   6.3   7.5   5.0   5.9   7.0   8.7   6.1 
Phase: 22 16 10 16 16 17 14 16 14 8 12 12 9 15 11 

59.0: Count:   6.4 (  1.5) A:  26.2 [20-67] B:  27.2 [20-61] Phase: 14 (42) 
Count:   6.4   6.6   6.9   6.1   6.5   6.8   7.4   9.7   4.9   5.5   4.4   5.0   5.7   9.1   4.5 
Phase: 13 16 12 19 14 10 16 15 19 12 16 20 7 12 16 

59.1: Count:   5.5 (  1.0) A:  25.7 [20-55] B:  27.1 [20-58] Phase: 14 (41) 
Count:   5.8   6.0   5.3   5.6   5.4   5.5   5.7   7.7   4.8   5.5   4.0   4.7   4.9   7.5   4.2 
Phase: 16 17 11 13 12 15 16 17 26 12 11 3 6 18 19 

59.2: Count:   4.8 (  0.9) A:  25.5 [20-50] B:  26.7 [20-54] Phase: 10 (50) 
Count:   4.6   5.5   4.3   5.3   4.8   5.1   4.9   6.8   4.2   5.0   3.1   4.5   4.1   5.7   4.0 
Phase: 16 11 18 12 13 9 6 12 12 10 9 -1 7 11 15 

59.3: Count:   4.1 (  0.6) A:  25.4 [20-57] B:  26.4 [20-49] Phase: 16 (50) 
Count:   4.1   4.7   4.0   3.5   4.1   4.1   3.9   4.8   3.6   4.1   3.0   5.0   4.1   4.8   3.4 
Phase: 19 14 12 11 18 23 10 18 33 23 15 14 10 7 36 

59.4: Count:   4.4 (  0.9) A:  25.0 [20-53] B:  26.4 [20-53] Phase: 9 (58) 
Count:   5.3   4.6   3.9   3.9   4.6   4.7   4.4   6.3   3.4   4.6   2.9   5.2   4.3   5.0   2.8 
Phase: 13 23 4 -2 3 3 12 7 6 20 2 15 4 0 5 

59.5: Count:   5.3 (  0.8) A:  25.1 [20-78] B:  26.9 [20-57] Phase: -17 (64) 
Count:   6.2   6.3   4.8   5.6   5.0   5.7   5.1   7.0   3.8   5.2   4.5   5.0   4.7   5.8   4.8 
Phase: -24 -22 -15 -20 -19 -12 -19 -27 -21 -17 -15 -10 -7 -1 -27 

59.6: Count:   4.2 (  0.7) A:  24.8 [20-76] B:  26.8 [20-57] Phase: -10 (58) 
Count:   3.7   4.9   3.7   4.2   3.9   4.5   4.8   4.2   3.0   4.8   3.7   4.2   4.3   6.0   3.2 
Phase: -3 -2 -2 -24 -9 -8 -16 -9 -23 -7 -18 5 -5 -16 -15 

59.7: Count:   4.3 (  0.7) A:  24.9 [20-78] B:  25.9 [20-51] Phase: 8 (84) 
Count:   3.4   5.0   4.5   4.3   4.3   4.1   4.9   5.4   3.3   4.1   3.7   4.0   4.6   5.8   3.5 
Phase: 9 -7 20 -32 10 29 -24 30 -12 33 -5 15 3 8 14 

59.8: Count:   3.1 (  0.6) A:  24.6 [20-85] B:  26.0 [20-57] Phase: 21 (60) 
Count:   2.5   3.5   3.2   2.3   2.8   4.0   3.3   4.3   2.5   2.4   2.6   3.4   3.1   4.1   2.9 
Phase: 18 33 18 22 34 16 9 27 16 13 29 21 19 12 32 

59.9: Count:  16.1 (  1.7) A:  27.5 [20-83] B:  26.3 [20-68] Phase: -163 (68) 
Count:  16.5  16.9  15.2  14.8  16.5  17.3  17.0  20.1  15.0  14.0  14.5  13.9  16.2  18.4  16.1 
Phase: -159 -158 -166 -161 -165 -169 -165 -169 -157 -163 -168 -158 -167 -166 -156 

60.0: Count:  60.0 (  2.9) A:  36.0 [20-114] B:  30.8 [20-79] Phase: -163 (39) 
Count:  63.9  60.4  59.2  59.3  62.2  61.4  58.4  65.9  54.3  55.4  58.5  58.8  60.9  61.5  60.0 
Phase: -164 -161 -162 -160 -162 -162 -162 -173 -160 -158 -161 -161 -165 -165 -162 

60.1: Count:  61.8 (  3.2) A:  35.1 [20-85] B:  30.8 [20-75] Phase: -163 (37) 
Count:  65.6  60.9  60.5  60.3  64.6  64.1  58.6  67.6  57.0  56.6  60.4  60.5  62.5  64.8  62.4 
Phase: -163 -161 -163 -161 -161 -162 -162 -174 -158 -158 -161 -159 -166 -166 -162 

60.2: Count:  14.0 (  1.9) A:  26.3 [20-71] B:  26.1 [20-59] Phase: -166 (62) 
Count:  16.4  13.6  14.4  12.8  14.1  14.5  12.5  18.7  10.8  14.3  13.3  13.1  15.0  14.4  12.2 
Phase: -172 -168 -170 -163 -164 -167 -165 176 -159 -162 -159 -157 -167 -168 -160 

60.3: Count:   1.9 (  0.5) A:  24.0 [20-96] B:  25.8 [20-48] Phase: 28 (66) 
Count:   1.8   2.2   1.2   1.5   1.9   2.3   1.9   2.9   1.3   2.0   1.6   1.8   2.2   2.6   1.1 
Phase: 8 24 40 26 22 37 16 22 29 69 26 43 31 30 35 

60.4: Count:   3.9 (  0.6) A:  24.3 [20-70] B:  25.5 [20-59] Phase: -58 (94) 
Count:   3.5   4.1   3.0   2.8   3.3   4.7   4.8   4.7   3.6   3.9   3.6   3.9   4.6   4.2   3.4 
Phase: -90 -56 -57 -45 -61 -46 -66 -1 -68 -32 -89 -84 -104 -33 -128 

60.5: Count:   4.2 (  0.4) A:  24.3 [20-103] B:  25.8 [20-54] Phase: -47 (73) 
Count:   4.0   4.4   3.4   3.8   4.3   4.5   4.5   4.9   3.9   4.1   4.3   4.4   4.5   3.9   4.1 
Phase: -49 -55 -54 -44 -46 -41 -40 -39 -61 -46 -77 -22 -65 -40 -39 

60.6: Count:   4.4 (  0.7) A:  24.6 [20-70] B:  26.1 [20-58] Phase: -67 (77) 
Count:   4.5   5.4   4.7   4.4   4.1   4.3   4.5   5.5   3.1   4.0   3.2   4.6   4.6   5.1   4.5 
Phase: -69 -73 -87 -75 -37 -73 -57 -45 -46 -48 -83 -59 -80 -79 -94 

60.7: Count:   3.0 (  0.5) A:  23.9 [20-61] B:  25.9 [20-56] Phase: -32 (93) 
Count:   2.9   3.2   2.5   3.5   3.3   2.8   3.9   3.2   2.5   3.0   2.5   2.3   2.7   4.1   2.7 
Phase: 70 -49 99 -72 -7 -5 -12 -16 -69 -55 -84 -58 -61 -7 37 

60.8: Count:   1.7 (  0.4) A:  23.6 [20-59] B:  25.5 [20-50] Phase: 13 (79) 
Count:   1.5   2.0   1.5   1.4   1.6   2.0   2.1   2.3   1.8   1.5   0.8   1.4   2.0   2.4   1.7 
Phase: -31 18 4 54 33 66 7 10 -5 7 70 14 -6 -2 41 

60.9: Count:   1.9 (  0.3) A:  23.8 [20-44] B:  25.1 [20-49] Phase: -26 (88) 
Count:   1.8   1.9   1.9   1.2   1.9   2.2   2.0   2.5   1.9   1.9   1.4   1.5   2.1   2.3   2.1 
Phase: -62 25 -8 -42 -71 -3 -2 -24 -178 -101 -96 -72 -40 -22 -18 

61.0: Count:   1.7 (  0.4) A:  23.8 [20-75] B:  25.0 [20-44] Phase: -12 (77) 
Count:   1.8   1.6   1.5   1.2   1.5   2.5   1.8   2.0   1.2   1.7   1.3   2.1   1.7   1.8   1.7 
Phase: -41 49 4 8 18 2 4 7 -32 -21 -40 -16 -22 -23 -59 

61.1: Count:   1.8 (  0.4) A:  23.9 [20-64] B:  25.2 [20-47] Phase: -24 (79) 
Count:   2.2   1.9   1.4   1.1   1.7   1.9   2.2   2.9   1.7   1.9   1.3   1.5   2.0   2.2   1.7 
Phase: -62 -34 -31 -21 12 -28 -21 -3 -48 2 -49 -36 -25 -9 -45 

61.2: Count:   1.9 (  0.3) A:  23.8 [20-63] B:  25.0 [20-46] Phase: -27 (86) 
Count:   1.8   1.6   1.8   1.7   2.2   1.8   2.2   1.8   2.2   1.9   1.5   1.5   2.3   2.6   1.8 
Phase: 51 35 -27 -53 -27 -60 -56 39 -41 7 72 5 -23 -30 -70 

61.3: Count:   1.9 (  0.5) A:  23.8 [20-46] B:  24.6 [20-50] Phase: -25 (82) 
Count:   2.2   1.9   1.4   1.7   1.9   2.4   2.1   2.4   0.9   2.1   1.3   1.4   2.5   2.8   1.3 
Phase: -42 -23 -23 -70 -8 -18 -19 -20 -36 24 -60 48 -30 -15 -49 

61.4: Count:   2.1 (  0.4) A:  24.1 [20-43] B:  24.9 [20-48] Phase: -27 (76) 
Count:   2.1   2.4   1.8   1.4   2.3   2.3   2.2   2.9   1.6   2.7   1.8   1.9   2.2   1.9   1.6 
Phase: -51 9 -11 -18 -30 -36 -38 -25 -48 -23 13 -52 -42 -2 -22 

61.5: Count:   2.7 (  0.6) A:  24.6 [20-50] B:  25.2 [20-48] Phase: -22 (59) 
Count:   2.7   3.1   2.3   2.8   2.9   2.7   2.7   4.5   1.7   2.9   2.0   2.3   2.3   3.1   2.7 
Phase: -52 -29 -19 -27 -34 -25 -6 -22 -11 -21 -22 -21 -25 -21 -26 

61.6: Count:   2.8 (  0.7) A:  24.9 [20-58] B:  25.0 [20-50] Phase: -26 (60) 
Count:   2.0   3.2   2.5   3.2   2.7   3.1   2.8   4.8   2.1   2.3   2.2   2.4   3.4   3.3   2.6 
Phase: -44 -36 -29 -34 -19 -24 -26 -27 -30 -5 -17 -1 -24 -22 -48 

61.7: Count:   1.8 (  0.3) A:  24.9 [20-50] B:  24.7 [20-48] Phase: -26 (66) 
Count:   1.9   1.9   1.5   2.1   2.0   1.8   1.9   2.2   1.4   2.0   1.3   1.6   2.2   2.0   1.8 
Phase: -17 -30 -50 -32 -26 -3 -26 -18 -42 -12 -33 -36 -33 -19 -12 

61.8: Count:   1.2 (  0.4) A:  24.5 [20-47] B:  24.0 [20-41] Phase: -18 (65) 
Count:   1.4   0.9   0.7   1.1   1.1   1.3   1.7   2.1   0.9   1.4   0.5   0.8   1.2   1.5   0.9 
Phase: -14 -10 7 13 -24 -29 -15 -24 33 -32 2 2 1 -27 -27 

61.9: Count:   1.3 (  0.4) A:  24.2 [20-47] B:  24.2 [20-45] Phase: -11 (62) 
Count:   1.4   1.3   0.9   0.9   1.0   1.9   1.6   2.2   1.0   0.9   0.7   1.2   1.6   1.5   1.1 
Phase: -10 -6 -28 -9 5 -7 -2 -22 -12 -52 -19 5 9 -22 -19 

62.0: Count:   1.3 (  0.3) A:  23.9 [20-42] B:  23.9 [20-40] Phase: -11 (64) 
Count:   1.6   1.3   1.2   0.8   1.3   1.8   1.5   1.7   0.9   1.4   0.7   0.9   1.3   1.5   0.9 
Phase: -6 -3 -11 -50 -24 -13 -13 -36 22 -19 -25 7 11 27 -33 

62.1: Count:   1.0 (  0.3) A:  23.9 [20-46] B:  23.9 [20-40] Phase: -6 (67) 
Count:   1.5   0.9   0.9   1.0   1.0   1.2   1.2   1.2   0.6   0.8   0.6   0.8   1.0   1.5   0.5 
Phase: 52 22 -52 -21 -11 -9 -10 16 19 -15 26 -19 -21 -14 -40 

62.2: Count:   0.8 (  0.3) A:  23.7 [20-42] B:  23.6 [20-47] Phase: 4 (65) 
Count:   0.9   0.7   0.9   0.4   0.8   0.9   1.0   0.6   0.5   0.8   0.4   0.9   1.0   1.3   0.5 
Phase: 33 30 -26 5 2 -8 12 -27 -57 41 -51 0 19 -11 43 

62.3: Count:   0.6 (  0.2) A:  24.1 [20-72] B:  23.0 [20-41] Phase: 2 (65) 
Count:   0.8   0.8   0.4   0.5   0.5   0.5   0.7   0.4   0.3   0.9   0.3   0.5   0.9   0.6   0.3 
Phase: 34 34 -31 13 -18 -38 -17 0 -50 -8 -40 22 -4 3 19 

62.4: Count:   0.8 (  0.2) A:  23.8 [20-46] B:  23.3 [20-39] Phase: 24 (81) 
Count:   1.2   1.1   0.9   0.7   0.9   1.1   0.7   0.6   0.7   1.0   0.6   0.7   0.7   0.9   0.6 
Phase: 89 19 -3 -25 -4 36 51 85 51 -30 52 -54 29 37 -3 

62.5: Count:   1.8 (  0.4) A:  24.2 [20-48] B:  23.5 [20-43] Phase: 46 (84) 
Count:   1.5   1.8   1.8   1.7   2.1   1.6   1.7   2.0   1.3   3.0   1.4   1.7   1.7   1.8   1.2 
Phase: 138 39 11 -9 54 48 67 40 61 29 31 53 18 49 -37 

62.6: Count:   1.3 (  0.4) A:  24.0 [20-50] B:  23.4 [20-40] Phase: 23 (71) 
Count:   1.9   1.4   1.3   1.1   1.3   1.3   2.0   1.7   0.9   1.2   0.8   1.1   1.2   1.5   0.8 
Phase: 0 19 41 37 32 54 18 8 -41 20 24 18 20 29 17 

62.7: Count:   0.3 (  0.1) A:  23.3 [20-44] B:  23.0 [20-41] Phase: 21 (60) 
Count:   0.2   0.5   0.3   0.2   0.4   0.3   0.5   0.5   0.2   0.2   0.3   0.1   0.5   0.5   0.3 
Phase: 0 35 27 26 16 29 14 47 49 49 39 75 -6 3 -10 

62.8: Count:   0.1 (  0.1) A:  22.8 [20-32] B:  23.0 [20-33] Phase: 16 (57) 
Count:   0.1   0.1   0.2   0.1   0.1   0.4   0.3   0.1   0.0   0.1   0.0   0.0   0.1   0.2   0.0 
B: 27.1 21.0 22.7 26.7 22.2 23.6 22.3 24.4 21.9 20.9 * 21.3 21.3 22.0 20.6 
Phase: -3 -6 -4 -17 45 8 45 66 41 44 * 20 10 -29 9 

62.9: Count:   0.2 (  0.1) A:  23.0 [20-41] B:  23.0 [20-45] Phase: 27 (71) 
Count:   0.1   0.2   0.3   0.1   0.1   0.3   0.2   0.1   0.1   0.1   0.1   0.1   0.1   0.3   0.0 
A: 20.3 22.4 24.6 21.6 23.0 22.1 22.0 22.9 29.7 20.0 24.0 23.0 23.7 21.6 22.6 
Phase: -9 62 -26 -2 37 25 -80 60 33 -11 21 22 30 75 64 

63.0: Count:   0.1 (  0.1) A:  23.2 [20-34] B:  22.8 [20-32] Phase: 4 (71) 
Count:   0.1   0.2   0.4   0.1   0.1   0.0   0.1   0.1   0.1   0.0   0.0   0.1   0.3   0.4   0.0 
A: 20.9 21.6 21.9 20.9 20.6 * 30.0 23.9 22.4 20.4 30.0 22.8 23.1 26.0 * 
Phase: -174 -54 20 47 20 * -4 -39 41 4 -166 35 -44 7 * 

63.1: Count:   0.1 (  0.1) A:  22.1 [20-29] B:  23.3 [20-31] Phase: 0 (56) 
Count:   0.1   0.1   0.1   0.0   0.1   0.1   0.1   0.1   0.1   0.2   0.2   0.3   0.1   0.3   0.1 
Phase: 66 -7 -46 11 -2 -91 90 -44 23 18 51 -10 -19 -21 -32 

63.2: Count:   0.1 (  0.1) A:  23.1 [20-34] B:  24.0 [20-40] Phase: 16 (57) 
Count:   0.0   0.2   0.1   0.0   0.1   0.0   0.3   0.1   0.1   0.2   0.1   0.0   0.2   0.1   0.0 
B: * 21.5 25.1 20.8 21.1 20.0 22.3 24.7 23.0 24.0 26.1 21.2 26.5 30.0 21.0 
Phase: * 15 17 28 -33 60 9 9 35 0 19 -138 38 -4 -48 

63.3: Count:   0.0 (  0.0) A:  21.4 [20-25] B:  21.4 [20-32] Phase: 16 (63) 
Count:   0.1   0.0   0.0   0.1   0.0   0.0   0.0   0.0   0.0   0.1   0.0   0.0   0.0   0.0   0.1 
B: 22.0 * 20.0 20.9 * * 21.0 23.0 20.0 20.0 21.0 27.0 26.0 21.0 21.2 
Phase: 95 * 2 18 * * -76 -5 63 63 135 -72 17 -84 -37 

63.4: Count:   0.0 (  0.0) A:  25.2 [20-42] B:  22.3 [20-34] Phase: 24 (62) 
Count:   0.0   0.0   0.0   0.0   0.0   0.0   0.1   0.0   0.0   0.0   0.1   0.0   0.0   0.0   0.1 
A: 0:20.8 1:26.0 3:20.0 4:33.0 6:28.6 10:20.6 11:21.0 12:21.0 13:24.0 14:30.0 
B: 0:22.1 1:21.0 3:21.0 4:22.0 6:23.0 10:22.3 11:22.0 12:22.8 13:34.0 14:22.0 
Phase: 37 152 * -17 169 * -9 * * * 61 4 4 -47 -11 

63.5: Count:   0.1 (  0.1) A:  21.9 [20-45] B:  23.8 [20-38] Phase: 22 (45) 
Count:   0.1   0.1   0.1   0.1   0.1   0.1   0.2   0.0   0.2   0.1   0.1   0.3   0.2   0.0   0.2 
B: 21.2 24.2 22.3 28.5 23.9 22.6 26.8 21.0 20.2 22.3 23.2 24.1 25.0 24.1 22.2 
Phase: 24 38 7 26 11 43 38 49 16 -35 23 25 21 53 12 

63.6: Count:   0.2 (  0.1) A:  22.5 [20-55] B:  23.8 [20-35] Phase: 15 (70) 
Count:   0.1   0.1   0.3   0.2   0.2   0.1   0.3   0.3   0.3   0.3   0.3   0.2   0.3   0.3   0.1 
B: 22.4 27.5 27.0 26.4 22.6 21.3 24.3 23.5 23.7 25.1 21.4 21.8 21.6 21.2 27.7 
Phase: 2 -32 17 18 31 -16 0 149 4 -20 33 65 5 89 -38 

63.7: Count:   0.1 (  0.1) A:  22.7 [20-55] B:  23.0 [20-29] Phase: -7 (87) 
Count:   0.1   0.0   0.1   0.1   0.0   0.2   0.2   0.2   0.0   0.2   0.1   0.3   0.1   0.1   0.0 
A: 21.8 52.2 22.0 21.0 21.5 22.5 20.8 21.6 * 20.0 33.5 21.8 20.9 20.3 23.0 
Phase: -4 -76 -82 38 75 3 -55 -174 * 24 80 48 -113 34 -10 

63.8: Count:   0.0 (  0.0) A:  22.0 [20-37] B:  23.3 [20-31] Phase: -60 (76) 
Count:   0.0   0.0   0.1   0.0   0.1   0.1   0.0   0.0   0.0   0.0   0.0   0.0   0.0   0.0   0.2 
A: 22.0 * 21.0 20.7 22.4 21.1 20.2 21.0 * 23.2 37.0 21.0 21.0 21.0 22.0 
B: 24.0 * 23.1 21.8 23.2 27.8 22.0 21.0 * 24.8 31.0 22.0 22.0 20.0 21.0 
Phase: -65 * 20 -73 -136 -112 100 -122 * -38 -99 171 -88 151 -55 

63.9: Count:   0.0 (  0.0) A:  23.6 [20-36] B:  23.5 [20-33] Phase: -164 (88) 
Count:   0.0   0.1   0.0   0.0   0.0   0.1   0.0   0.0   0.0   0.0   0.0   0.0   0.0   0.0   0.0 
A: 0:20.0 1:24.6 2:21.0 4:22.3 5:20.0 9:21.0 10:29.0 11:21.0 13:22.0 14:25.0 
B: 0:20.0 1:22.0 2:22.0 4:22.3 5:26.0 9:21.0 10:27.3 11:23.0 13:23.6 14:22.0 
Phase: 128 160 -51 * -126 -111 * * * -76 -47 -58 * -46 -122 

64.0: Count:   0.1 (  0.1) A:  21.9 [20-30] B:  23.4 [20-35] Phase: -47 (62) 
Count:   0.0   0.1   0.0   0.0   0.1   0.1   0.1   0.2   0.0   0.0   0.1   0.0   0.0   0.0   0.1 
B: * 28.3 21.0 22.0 22.4 27.3 22.9 20.5 22.0 * 23.5 * 24.0 27.6 25.5 
Phase: * -130 120 -121 -14 1 -4 -70 -86 * 125 * -104 -7 -48 

64.1: Count:   0.0 (  0.0) A:  23.8 [20-40] B:  23.6 [20-38] Phase: -27 (49) 
Count:   0.0   0.1   0.0   0.0   0.0   0.0   0.1   0.0   0.0   0.0   0.1   0.0   0.0   0.1   0.0 
A: * 24.3 * 20.0 40.0 21.0 20.4 22.5 22.3 21.0 28.2 25.0 * 21.1 26.8 
B: * 21.3 * 27.0 24.0 22.0 23.3 21.3 26.3 31.0 28.1 25.0 * 22.0 21.2 
Phase: * -4 * -105 44 -4 -53 -21 -66 -1 -37 -60 * -29 -21 

64.2: Count:   0.1 (  0.1) A:  22.5 [20-44] B:  27.2 [20-42] Phase: -45 (35) 
Count:   0.0   0.1   0.0   0.0   0.0   0.1   0.1   0.1   0.0   0.2   0.1   0.0   0.0   0.0   0.0 
A: 20.0 23.6 * * 22.6 20.5 20.4 20.0 21.0 20.6 33.0 * * 21.5 24.2 
B: 24.0 23.0 * * 25.5 30.5 28.0 34.0 27.0 25.5 26.8 * * 22.0 23.6 
Phase: -77 -51 * * -16 -43 -24 -71 -65 -56 -14 * * -16 -36 

64.3: Count:   0.1 (  0.0) A:  21.2 [20-34] B:  27.3 [20-40] Phase: -59 (44) 
Count:   0.1   0.0   0.1   0.0   0.1   0.1   0.1   0.1   0.0   0.0   0.1   0.0   0.1   0.1   0.1 
A: 20.0 27.0 20.0 21.0 20.3 20.3 20.2 20.6 * * 23.6 20.0 20.1 20.6 23.9 
B: 22.0 21.0 33.0 21.0 28.5 27.2 32.6 36.5 * * 24.0 33.0 21.5 24.6 27.4 
Phase: -112 -170 -62 -19 -61 -52 -82 -43 * * -6 -50 -60 -51 -25 

64.4: Count:   0.1 (  0.1) A:  23.1 [20-77] B:  26.3 [20-36] Phase: -56 (40) 
Count:   0.0   0.0   0.1   0.0   0.1   0.1   0.2   0.1   0.0   0.1   0.1   0.0   0.1   0.2   0.0 
A: 23.0 22.0 21.0 * 22.0 21.6 23.1 23.4 * 25.0 31.0 20.0 21.0 20.8 27.0 
B: 28.0 28.0 28.3 * 23.3 23.8 27.1 31.4 * 20.0 27.6 34.0 27.0 24.3 27.0 
Phase: -108 30 -76 * -59 -93 -51 -78 * -59 -42 -62 -73 -23 -71 

64.5: Count:   0.2 (  0.1) A:  22.1 [20-68] B:  27.6 [20-42] Phase: -35 (50) 
Count:   0.3   0.2   0.1   0.1   0.1   0.2   0.3   0.3   0.1   0.2   0.2   0.1   0.2   0.3   0.1 
B: 24.8 21.8 25.1 24.8 26.8 25.2 25.6 30.6 34.5 36.4 32.3 23.3 23.9 30.0 28.1 
Phase: -59 -81 -39 -14 -19 -30 4 -61 -50 -31 -50 -48 7 -35 -15 

64.6: Count:   0.2 (  0.1) A:  22.4 [20-40] B:  28.0 [20-47] Phase: -32 (35) 
Count:   0.2   0.1   0.0   0.3   0.2   0.4   0.4   0.3   0.2   0.1   0.2   0.0   0.2   0.5   0.1 
B: 26.3 25.7 21.3 24.9 26.1 30.8 29.4 28.4 28.8 29.3 29.8 25.7 25.6 27.7 30.0 
Phase: -20 -44 -45 -2 -40 -30 -3 -39 -36 -35 -47 -42 -48 -41 -54 

64.7: Count:   0.2 (  0.1) A:  22.0 [20-50] B:  27.4 [20-47] Phase: -33 (42) 
Count:   0.1   0.1   0.1   0.2   0.1   0.4   0.3   0.2   0.1   0.2   0.3   0.1   0.1   0.4   0.1 
B: 25.0 24.1 29.3 20.9 28.5 30.7 28.5 27.4 33.3 27.0 27.1 22.6 26.5 28.0 25.5 
Phase: -71 -31 -26 -5 -40 -54 -33 -27 -38 -59 -27 -98 -44 -28 -23 

64.8: Count:   0.1 (  0.1) A:  22.0 [20-52] B:  27.6 [20-48] Phase: -60 (45) 
Count:   0.1   0.1   0.1   0.1   0.1   0.4   0.1   0.1   0.0   0.1   0.1   0.0   0.0   0.1   0.0 
A: 20.1 26.6 20.0 22.0 22.5 20.6 21.3 21.5 * 20.2 29.8 * 20.0 20.0 20.0 
B: 23.3 23.3 31.0 25.5 24.8 25.2 28.8 32.8 * 22.0 33.7 * 37.0 32.9 34.0 
Phase: -58 -98 -43 -67 -27 -85 15 -56 * -49 -67 * -54 -58 -30 

64.9: Count:   0.1 (  0.1) A:  22.1 [20-65] B:  27.6 [20-42] Phase: -75 (39) 
Count:   0.0   0.2   0.0   0.1   0.1   0.3   0.2   0.5   0.1   0.0   0.2   0.1   0.0   0.0   0.1 
A: * 22.1 21.6 21.5 21.2 22.6 21.4 21.2 21.3 20.0 28.5 20.4 20.4 20.8 21.3 
B: * 23.7 21.2 21.6 22.8 26.4 27.7 32.4 27.0 21.0 27.9 27.5 22.4 25.5 27.5 
Phase: * -54 -101 -111 -132 -99 -62 -66 -56 -120 -83 -63 -90 -77 -46 

65.0: Count:   0.2 (  0.1) A:  22.6 [20-45] B:  26.9 [20-42] Phase: -71 (37) 
Count:   0.2   0.1   0.0   0.1   0.1   0.3   0.4   0.6   0.1   0.1   0.1   0.1   0.1   0.3   0.3 
A: 21.6 28.3 23.0 22.1 21.4 20.6 23.8 22.6 22.4 22.2 29.0 22.9 21.9 21.6 20.5 
B: 22.6 22.6 20.0 30.0 23.7 29.5 26.9 28.0 23.4 27.8 26.8 22.6 24.5 26.9 29.6 
Phase: -64 -84 -66 -49 -71 -66 -78 -74 -71 -83 -61 -70 -84 -62 -72 

65.1: Count:   0.1 (  0.1) A:  22.9 [20-54] B:  25.4 [20-38] Phase: -81 (43) 
Count:   0.0   0.1   0.0   0.1   0.1   0.1   0.3   0.6   0.0   0.0   0.2   0.1   0.1   0.0   0.1 
A: 20.0 25.8 20.0 21.9 21.3 22.2 25.1 21.5 20.3 24.6 26.4 24.0 21.6 21.5 21.0 
Phase: -121 -144 -45 -10 -92 -71 -76 -66 -94 -73 -82 -62 -95 -92 -57 

65.2: Count:   0.1 (  0.1) A:  22.6 [20-45] B:  25.1 [20-38] Phase: -78 (30) 
Count:   0.0   0.0   0.0   0.1   0.1   0.3   0.3   0.3   0.1   0.1   0.1   0.0   0.1   0.1   0.1 
A: 21.0 37.0 22.0 22.4 20.5 20.8 24.3 22.3 20.8 22.4 27.4 22.7 20.9 20.2 21.5 
Phase: -83 -163 -91 -66 -92 -70 -69 -82 -50 -82 -76 -82 -91 -86 -83 

65.3: Count:   0.1 (  0.1) A:  24.5 [20-84] B:  23.8 [20-32] Phase: -93 (34) 
Count:   0.0   0.1   0.1   0.2   0.0   0.1   0.2   0.2   0.0   0.0   0.1   0.0   0.0   0.1   0.0 
A: * 23.0 21.6 21.0 * 23.0 29.2 23.4 20.0 * 38.2 20.4 20.5 21.6 21.0 
B: * 22.0 24.3 26.6 * 25.7 22.1 22.1 27.0 * 24.4 25.6 24.5 22.6 20.6 
Phase: * -146 -92 -95 * -105 -87 -89 -77 * -83 -80 -43 -86 -112 

65.4: Count:   0.0 (  0.0) A:  23.9 [20-42] B:  23.7 [20-35] Phase: -84 (31) 
Count:   0.0   0.0   0.0   0.0   0.0   0.1   0.1   0.1   0.0   0.0   0.1   0.0   0.0   0.0   0.1 
A: 0:20.0 1:20.0 2:21.0 5:20.5 6:23.4 7:22.0 8:20.0 10:36.0 12:21.0 14:25.0 
B: 0:21.0 1:21.0 2:27.0 5:22.5 6:22.1 7:30.0 8:22.0 10:24.5 12:23.0 14:22.0 
Phase: -98 -96 -100 * * -95 -71 -83 -45 * -69 * -91 * -112 

65.5: Count:   0.2 (  0.1) A:  23.3 [20-91] B:  23.2 [20-36] Phase: -63 (35) 
Count:   0.0   0.2   0.1   0.2   0.1   0.4   0.3   0.1   0.1   0.3   0.2   0.1   0.3   0.2   0.3 
A: 23.1 21.1 21.0 21.5 22.5 23.7 25.1 21.0 23.0 20.9 35.5 22.1 21.3 21.4 23.7 
Phase: -58 -16 -50 -68 -68 -63 -71 -90 -67 -49 -49 -77 -74 -71 -60 

65.6: Count:   0.3 (  0.2) A:  22.6 [20-93] B:  24.2 [20-48] Phase: -62 (26) 
Count:   0.0   0.3   0.4   0.2   0.3   0.7   0.3   0.6   0.1   0.2   0.2   0.1   0.2   0.4   0.3 
A: 20.0 22.7 21.9 22.8 21.6 22.1 24.4 21.8 20.0 22.3 29.9 21.1 22.3 21.8 23.6 
B: 20.0 22.8 21.4 22.6 25.2 26.0 26.4 24.4 38.7 20.0 23.2 23.0 22.0 24.2 25.2 
Phase: -45 -49 -65 -64 -54 -73 -58 -63 -55 -44 -61 -44 -72 -68 -50 

65.7: Count:   0.2 (  0.2) A:  23.5 [20-98] B:  23.2 [20-46] Phase: -64 (32) 
Count:   0.1   0.0   0.0   0.2   0.2   0.5   0.1   0.2   0.1   0.1   0.1   0.0   0.3   0.4   0.1 
A: 25.0 32.0 * 21.2 21.8 21.8 32.1 21.0 22.3 22.1 44.0 * 21.7 22.8 23.2 
Phase: -58 -63 * -40 -52 -82 -77 -81 -68 -43 -66 * -67 -51 -25 

65.8: Count:   0.0 (  0.0) A:  24.6 [20-33] B:  22.4 [20-28] Phase: -148 (62) 
Count:   0.0   0.0   0.0   0.0   0.0   0.0   0.1   0.0   0.1   0.0   0.0   0.0   0.0   0.0   0.0 
Phase: * * * -109 167 * -38 -130 -103 * -131 * -138 -138 -89 

65.9: Count:   0.0 (  0.0) A:  23.1 [20-27] B:  22.2 [20-27] Phase: -91 (59) 
Count:   0.0   0.0   0.0   0.0   0.1   0.0   0.1   0.0   0.0   0.0   0.0   0.0   0.0   0.0   0.0 
Phase: -80 * * * -101 -138 -78 * * * * * -108 -93 * 

66.0: Count:   0.0 (  0.0) A:  24.0 [20-27] B:  23.6 [20-35] Phase: -98 (43) 
Count:   0.0   0.0   0.0   0.0   0.1   0.1   0.0   0.1   0.0   0.0   0.0   0.0   0.0   0.0   0.0 
Phase: -69 * * -151 -98 -97 * -58 -154 * 117 * -111 -75 * 

66.1: Count:   0.0 (  0.0) A:  23.0 [20-29] B:  22.0 [20-24] Phase: -90 (52) 
Count:   0.0   0.1   0.0   0.0   0.0   0.0   0.0   0.0   0.0   0.0   0.0   0.0   0.0   0.1   0.1 
Phase: * -115 * * * * 172 * -136 * 68 -64 -64 -67 -70 

66.2: Count:   0.0 (  0.0) A:  20.8 [20-25] B:  21.3 [21-23] Phase: -49 (21) 
Phase: * * * * * * * * * * -2 * * * -59 

66.4: Count:   0.0 (  0.0) A:  27.2 [21-43] B:  22.5 [20-26] Phase: -9 (90) 
Phase: -71 * * * * * * -133 -72 * 82 * * * * 

66.5: Count:   0.0 (  0.0) A:  23.0 [20-45] B:  21.7 [20-27] Phase: -60 (50) 
Count:   0.0   0.0   0.1   0.0   0.0   0.0   0.0   0.0   0.0   0.1   0.1   0.0   0.0   0.0   0.0 
A: 2:20.3 3:22.0 5:21.0 6:21.0 7:21.0 8:23.6 9:22.0 10:28.2 13:22.5 14:20.0 
Phase: * * -27 -51 * -45 -31 -55 -90 -123 -50 * * -39 -62 

66.6: Count:   0.1 (  0.1) A:  22.9 [20-46] B:  22.2 [20-32] Phase: -45 (29) 
Count:   0.0   0.2   0.1   0.1   0.3   0.1   0.2   0.4   0.1   0.0   0.1   0.2   0.1   0.2   0.0 
A: 21.7 23.1 21.3 21.7 21.9 21.0 24.2 21.5 21.6 21.6 30.6 24.1 24.0 22.8 24.0 
B: 22.3 22.2 20.0 21.7 22.3 24.0 21.7 20.9 20.4 21.6 22.7 21.0 26.7 25.0 26.0 
Phase: -65 -49 -21 -41 -40 -45 -56 -41 -72 -48 -27 -16 -79 -67 -39 

66.7: Count:   0.1 (  0.1) A:  22.8 [20-76] B:  22.0 [20-28] Phase: -45 (42) 
Count:   0.0   0.1   0.0   0.1   0.0   0.0   0.0   0.1   0.0   0.3   0.0   0.0   0.1   0.2   0.0 
A: * 21.2 21.4 21.6 20.0 * 21.0 21.0 * 20.7 53.0 23.0 25.0 23.3 * 
B: * 22.0 21.7 22.3 22.0 * 28.0 21.1 * 23.2 20.5 20.3 20.0 21.7 * 
Phase: * -89 -56 -31 -107 * -30 -63 * -30 81 -53 -99 -35 * 

66.8: Count:   0.0 (  0.0) A:  25.2 [20-67] B:  20.8 [20-22] Phase: -87 (29) 
Count:   0.0   0.1   0.0   0.0   0.0   0.0   0.1   0.0   0.0   0.0   0.0   0.0   0.0   0.0   0.0 
Phase: * -100 * * -64 * -72 -90 * * 168 * -85 -85 * 

66.9: Count:   0.0 (  0.0) A:  21.5 [21-22] B:  23.0 [20-26] Phase: -44 (22) 
Phase: * * * * -67 * -22 * * * * * * * * 

67.0: Count:   0.0 (  0.0) A:  26.5 [20-46] B:  21.7 [21-26] Phase: 66 (46) 
Phase: * 99 * * * * * 10 * * -5 * * * * 

67.1: Count:   0.0 (  0.0) A:  20.2 [20-21] B:  20.0 [20-20] Phase: 89 (54) 
Phase: * * * * 114 * * * * * * * * -31 * 

67.2: Count:   0.0 (  0.0) A:  32.5 [28-34] B:  22.5 [22-24] Phase: -146 (69) 
Phase: * * * * * * * * * * 174 * * -26 * 

67.3: Count:   0.0 (  0.0) A:  23.7 [20-26] B:  21.0 [20-25] Phase: -75 (54) 
Phase: * -84 -144 * * * * * -76 * 30 * * -27 * 

67.4: Count:   0.0 (  0.0) A:  23.2 [21-32] B:  21.2 [20-25] Phase: -66 (28) 
Count:   0.0   0.0   0.0   0.0   0.0   0.0   0.0   0.1   0.0   0.0   0.0   0.0   0.0   0.0   0.0 
Phase: * -22 * -80 * -63 -59 -93 * * -13 * -67 * * 

67.5: Count:   0.1 (  0.1) A:  22.4 [20-30] B:  21.7 [20-31] Phase: -44 (42) 
Count:   0.2   0.1   0.2   0.1   0.1   0.0   0.3   0.3   0.1   0.2   0.2   0.0   0.2   0.2   0.0 
Phase: -79 -44 -31 -3 -57 -38 -40 -61 -45 -2 -43 -20 -42 -58 -55 

67.6: Count:   0.4 (  0.2) A:  23.2 [20-91] B:  21.9 [20-31] Phase: -49 (32) 
Count:   0.4   0.3   0.3   0.2   0.3   0.4   0.5   0.3   0.9   0.2   0.4   0.2   0.3   0.4   0.3 
Phase: -53 -48 -48 -65 -43 -49 -38 -42 -67 -54 -46 -27 -37 -39 -43 

67.7: Count:   0.1 (  0.1) A:  23.5 [20-97] B:  21.3 [20-26] Phase: -34 (33) 
Count:   0.0   0.2   0.2   0.2   0.1   0.1   0.1   0.0   0.1   0.0   0.1   0.0   0.0   0.1   0.1 
A: 23.0 24.3 22.2 20.1 23.7 20.8 29.7 * 20.0 * 44.2 23.5 21.0 21.8 22.3 
Phase: -21 -51 -30 -47 -5 -29 5 * -81 * -30 -5 -44 -23 -30 

67.8: Count:   0.0 (  0.0) A:  22.4 [20-29] B:  22.7 [20-25] Phase: -123 (66) 
Phase: * -142 * -101 -150 9 * * * * 129 * -24 * * 

67.9: Count:   0.0 (  0.0) A:  25.9 [21-30] B:  22.0 [20-25] Phase: 178 (94) 
Phase: * -171 * * * * -48 * * * 77 * * * * 

68.0: Count:   0.0 (  0.0) A:  21.2 [20-24] B:  20.8 [20-22] Phase: -8 (47) 
Phase: * * * * * * -45 * * * 46 * * * * 

68.1: Count:   0.0 (  0.0) A:  20.0 [20-20] B:  31.0 [31-31] Phase: 16 (0) 
68.2: Count:   0.0 (  0.0) A:  25.4 [22-32] B:  21.4 [20-22] Phase: 48 (46) 
Phase: * * * * -22 * * * * * 109 * 39 * * 

68.3: Count:   0.0 (  0.0) A:  41.5 [23-60] B:  21.5 [21-22] Phase: 37 (17) 
Phase: * * * * * * * * * * 37 * * * * 

68.4: Count:   0.0 (  0.0) A:  32.0 [32-32] B:  21.0 [21-21] Phase: -41 (0) 
68.5: Count:   0.1 (  0.1) A:  22.2 [20-46] B:  21.3 [20-26] Phase: -24 (47) 
Count:   0.0   0.2   0.0   0.0   0.0   0.0   0.0   0.0   0.1   0.1   0.0   0.0   0.1   0.0   0.1 
A: * 21.0 21.0 * 21.0 21.0 20.0 21.5 21.8 23.0 34.5 20.5 23.3 20.0 21.0 
Phase: * -33 -104 * -33 -49 -33 -41 -44 22 -23 -38 -25 24 -46 

68.6: Count:   0.3 (  0.1) A:  22.8 [20-44] B:  21.7 [20-29] Phase: -42 (35) 
Count:   0.2   0.3   0.2   0.3   0.2   0.3   0.4   0.5   0.2   0.6   0.3   0.3   0.3   0.3   0.1 
Phase: -27 -28 -53 -57 -43 -58 -32 -32 -34 -46 -42 -47 -49 -60 -22 

68.7: Count:   0.2 (  0.1) A:  23.6 [20-51] B:  22.0 [20-31] Phase: -41 (47) 
Count:   0.1   0.0   0.3   0.1   0.2   0.3   0.3   0.0   0.1   0.2   0.0   0.1   0.1   0.3   0.0 
A: 26.4 23.6 21.1 21.3 23.8 22.9 24.3 20.9 22.6 26.0 33.7 22.5 23.9 23.1 24.1 
Phase: -129 -64 -56 -55 -3 -24 -47 -45 -37 -24 -72 -66 -22 -37 -34 

68.8: Count:   0.0 (  0.0) A:  20.4 [20-21] B:  20.6 [20-21] Phase: -43 (29) 
Phase: * * -21 * * -22 -109 * * * * -43 * * * 

69.0: Count:   0.0 (  0.0) A:  34.5 [22-47] B:  24.5 [23-26] Phase: 68 (17) 
Phase: * * * * * * * * * * 68 * * * * 

69.1: Count:   0.0 (  0.0) A:  21.2 [20-25] B:  21.0 [20-22] Phase: 6 (67) 
Phase: * * * * * * 26 * * * 157 * * * * 

69.2: Count:   0.0 (  0.0) A:  22.0 [22-22] B:  20.0 [20-20] Phase: -1 (0) 
69.3: Count:   0.0 (  0.0) A:  25.8 [22-38] B:  21.4 [20-25] Phase: -72 (83) 
Phase: * * * * * * * * * * -5 -172 * * * 

69.4: Count:   0.0 (  0.0) A:  23.2 [20-31] B:  23.8 [20-26] Phase: -88 (64) 
Phase: * * * * -135 * -43 * * * -120 -150 * * * 

69.5: Count:   0.0 (  0.0) A:  22.0 [20-43] B:  20.7 [20-24] Phase: -19 (53) 
Count:   0.1   0.0   0.0   0.0   0.0   0.0   0.0   0.1   0.0   0.0   0.0   0.1   0.0   0.0   0.0 
A: 0:20.0 2:34.0 3:21.0 4:23.0 6:24.0 7:23.0 8:21.0 10:21.0 11:21.0 14:21.0 
Phase: 66 * -63 -66 -93 * 0 -5 12 * -33 -66 * * -8 

69.6: Count:   0.2 (  0.1) A:  23.5 [20-41] B:  21.8 [20-27] Phase: -46 (46) 
Count:   0.1   0.3   0.2   0.2   0.1   0.2   0.2   0.1   0.0   0.1   0.0   0.1   0.2   0.3   0.1 
A: 20.0 23.8 25.4 21.9 22.4 23.8 23.9 22.9 22.6 22.8 36.3 20.6 23.2 23.5 23.1 
Phase: -6 -41 -47 -52 -59 -64 -30 -19 -15 -47 -49 -53 -68 -30 -78 

69.7: Count:   0.1 (  0.1) A:  23.7 [20-31] B:  22.1 [20-38] Phase: -56 (43) 
Count:   0.2   0.1   0.1   0.1   0.1   0.1   0.1   0.1   0.0   0.0   0.1   0.1   0.2   0.2   0.1 
A: 22.7 23.3 20.9 20.1 23.9 23.1 27.8 20.0 25.0 * 24.0 20.2 21.5 27.4 26.3 
B: 21.4 21.1 20.8 27.2 20.0 20.7 21.1 20.0 21.0 * 22.3 20.6 27.1 20.2 21.3 
Phase: -63 -7 -47 -95 -36 -97 -28 -26 -78 * -80 -46 -84 -27 -123 

69.8: Count:   0.0 (  0.0) A:  34.0 [21-53] B:  21.9 [20-23] Phase: -59 (44) 
Phase: * * * * -35 * -24 * * * * -77 * * -119 

69.9: Count:   0.0 (  0.0) A:  24.5 [23-25] B:  20.0 [20-20] Phase: -101 (32) 
Phase: * -119 * * * * * * * * -43 * * * * 

70.0: Count:   0.0 (  0.0) A:  23.6 [20-30] B:  23.8 [20-27] Phase: -81 (52) 
Count:   0.0   0.0   0.0   0.0   0.0   0.1   0.1   0.0   0.0   0.0   0.0   0.0   0.0   0.0   0.0 
Phase: * * * * * -42 -88 * * * -140 * * * * 

70.1: Count:   0.0 (  0.0) A:  22.0 [20-32] B:  21.4 [20-25] Phase: -63 (62) 
Count:   0.0   0.0   0.0   0.0   0.0   0.0   0.1   0.0   0.0   0.0   0.0   0.0   0.0   0.0   0.0 
Phase: * * * -128 * * -45 * * * -164 * * -26 * 

70.2: Count:   0.0 (  0.0) A:  30.0 [30-30] B:  21.0 [21-21] Phase: 4 (0) 
70.3: Count:   0.0 (  0.0) A:  44.5 [20-47] B:  23.6 [20-24] Phase: -30 (22) 
Phase: * -23 * * * -99 * * * * * * * * * 

70.4: Count:   0.0 (  0.0) A:  22.8 [21-24] B:  28.1 [24-31] Phase: 12 (19) 
Phase: * 28 * * * * * * * * * * * * -10 

70.5: Count:   0.0 (  0.0) A:  21.3 [20-26] B:  21.8 [20-26] Phase: 11 (49) 
Count:   0.0   0.0   0.0   0.0   0.0   0.0   0.0   0.0   0.0   0.0   0.0   0.2   0.0   0.0   0.1 
Phase: -22 * * * -5 * 13 * -60 -83 -15 4 * * 82 

70.6: Count:   0.0 (  0.0) A:  22.0 [20-36] B:  21.2 [20-25] Phase: -31 (38) 
Count:   0.1   0.1   0.0   0.0   0.0   0.0   0.1   0.0   0.0   0.0   0.1   0.0   0.1   0.0   0.1 
A: 21.6 21.6 21.0 21.1 27.2 23.0 22.0 21.0 22.7 * 25.0 * 20.3 20.8 20.3 
Phase: -10 -36 -89 -58 -16 -25 -25 -55 -1 * -5 * -88 -20 -29 

70.7: Count:   0.0 (  0.0) A:  22.1 [20-33] B:  21.2 [20-26] Phase: -26 (61) 
Count:   0.0   0.0   0.0   0.0   0.1   0.1   0.0   0.0   0.0   0.0   0.1   0.1   0.0   0.0   0.0 
A: * 20.0 20.0 21.0 21.3 21.6 22.7 33.0 * * 20.7 21.7 26.0 21.0 * 
Phase: * -7 96 -90 -114 19 1 -23 * * -41 12 -111 -50 * 

70.8: Count:   0.0 (  0.0) A:  23.7 [20-25] B:  20.4 [20-22] Phase: -95 (63) 
Phase: * * * -164 * -15 * * -68 * * * * -32 -32 

70.9: Count:   0.0 (  0.0) A:  24.0 [24-24] B:  20.0 [20-20] Phase: -30 (0) 
71.0: Count:   0.0 (  0.0) A:  34.0 [34-34] B:  22.0 [22-22] Phase: -151 (0) 
71.1: Count:   0.0 (  0.0) A:  22.2 [21-26] B:  21.7 [20-24] Phase: -47 (23) 
Count:   0.0   0.0   0.0   0.0   0.0   0.0   0.0   0.0   0.0   0.0   0.0   0.0   0.1   0.0   0.0 
Phase: * * * * -34 * -54 * * * -6 * -63 -62 * 

71.2: Count:   0.0 (  0.0) A:  21.6 [21-26] B:  21.9 [21-22] Phase: -46 (32) 
Phase: * * * * * * * * * * 41 * -58 -58 * 

71.3: Count:   0.0 (  0.0) A:  30.1 [20-51] B:  21.4 [20-25] Phase: 14 (87) 
Count:   0.0   0.0   0.0   0.0   0.0   0.0   0.0   0.0   0.0   0.0   0.0   0.0   0.1   0.0   0.0 
Phase: 44 34 * * * * 151 * * * -151 * -48 * * 

71.4: Count:   0.0 (  0.0) A:  29.9 [21-45] B:  25.9 [21-28] Phase: 30 (61) 
Phase: * 63 47 * * * * * * * -96 * * * * 

71.5: Count:   0.1 (  0.0) A:  21.9 [20-48] B:  21.7 [20-34] Phase: 4 (45) 
Count:   0.1   0.0   0.1   0.1   0.0   0.0   0.1   0.0   0.0   0.2   0.1   0.0   0.0   0.0   0.0 
B: 21.0 20.0 21.4 22.7 20.0 * 22.6 * * 21.0 21.3 20.0 20.0 20.0 30.8 
Phase: 24 20 -17 9 4 * 152 * * 5 -26 -60 73 -70 -13 

71.6: Count:   0.1 (  0.1) A:  22.8 [20-41] B:  22.8 [20-31] Phase: -14 (40) 
Count:   0.3   0.2   0.2   0.0   0.1   0.1   0.1   0.1   0.0   0.3   0.1   0.0   0.1   0.1   0.1 
B: 27.2 23.1 20.0 20.0 23.9 20.8 23.3 20.0 25.3 22.1 22.2 * 23.6 22.8 20.2 
Phase: -5 -13 6 -69 -13 1 -75 4 -21 -24 -9 * 6 -38 -43 

71.7: Count:   0.1 (  0.1) A:  22.8 [20-35] B:  22.8 [20-33] Phase: -1 (38) 
Count:   0.1   0.2   0.2   0.1   0.1   0.1   0.1   0.1   0.1   0.3   0.1   0.0   0.1   0.3   0.0 
Phase: -12 0 -12 14 12 8 39 15 -17 -3 -42 20 3 -4 -7 

71.8: Count:   0.1 (  0.1) A:  23.1 [20-33] B:  22.3 [20-31] Phase: 34 (47) 
Count:   0.2   0.2   0.1   0.2   0.1   0.0   0.2   0.1   0.2   0.1   0.1   0.2   0.2   0.3   0.0 
B: 22.0 20.8 21.0 20.7 22.3 23.5 20.9 23.4 21.0 29.5 24.2 21.2 22.0 24.2 20.0 
Phase: 47 28 43 42 16 31 22 9 33 12 75 34 41 35 86 

71.9: Count:   0.8 (  0.2) A:  22.6 [20-51] B:  23.7 [20-45] Phase: 95 (40) 
Count:   1.0   1.3   1.1   0.7   0.9   0.7   1.0   1.0   0.6   0.6   0.8   0.6   0.7   0.5   0.5 
Phase: 46 101 98 101 89 90 91 82 81 99 97 87 90 105 105 

72.0: Count:   2.4 (  0.4) A:  22.8 [20-64] B:  25.3 [20-55] Phase: 95 (37) 
Count:   2.5   3.0   2.5   2.5   2.5   2.2   3.3   2.1   2.2   2.1   2.1   2.4   2.4   1.6   2.4 
Phase: 81 99 94 92 96 94 101 97 96 100 100 92 93 88 95 

72.1: Count:   1.1 (  0.3) A:  23.0 [20-68] B:  24.5 [20-44] Phase: 92 (52) 
Count:   1.1   1.7   1.4   1.3   1.2   1.2   1.4   1.3   1.1   1.5   0.7   0.6   0.9   0.7   1.1 
Phase: 121 96 88 78 72 72 83 82 62 96 96 91 63 86 125 

72.2: Count:   0.2 (  0.1) A:  24.8 [20-54] B:  22.8 [20-35] Phase: 19 (77) 
Count:   0.5   0.4   0.2   0.2   0.2   0.2   0.2   0.2   0.0   0.2   0.2   0.1   0.1   0.0   0.3 
A: 30.0 28.0 23.7 21.0 21.8 23.2 21.9 23.5 21.0 22.1 22.3 22.2 26.0 * 23.8 
Phase: -5 22 150 53 56 20 33 100 91 66 36 47 -49 * 175 

72.3: Count:   0.0 (  0.1) A:  23.0 [20-32] B:  22.2 [20-36] Phase: -32 (65) 
Count:   0.0   0.0   0.1   0.1   0.0   0.1   0.0   0.1   0.1   0.0   0.0   0.0   0.0   0.0   0.2 
A: 21.0 32.0 22.4 23.1 20.0 25.4 * 20.4 22.3 * 23.0 21.0 24.0 * 23.8 
B: 20.0 28.0 20.5 26.4 36.0 20.7 * 22.1 21.6 * 22.0 23.0 21.0 * 21.7 
Phase: 47 -49 -62 -26 -95 -52 * 40 46 * 10 23 -10 * -90 

72.4: Count:   0.1 (  0.0) A:  22.8 [20-31] B:  21.5 [20-26] Phase: 29 (47) 
Count:   0.0   0.0   0.1   0.0   0.0   0.1   0.0   0.2   0.1   0.1   0.0   0.0   0.0   0.1   0.0 
A: 21.8 21.0 22.8 * 21.0 20.6 21.0 22.4 22.3 20.0 22.3 * 24.0 28.4 22.0 
Phase: 23 21 4 * -114 80 4 26 47 43 57 * -18 14 -13 

72.5: Count:   0.3 (  0.1) A:  23.0 [20-36] B:  22.1 [20-37] Phase: -12 (39) 
Count:   0.2   0.3   0.2   0.1   0.2   0.5   0.3   0.4   0.2   0.4   0.4   0.2   0.4   0.4   0.3 
Phase: -55 -23 -27 -16 -14 -23 0 6 7 2 -26 -8 -9 -1 -8 

72.6: Count:   1.6 (  0.3) A:  23.9 [20-49] B:  22.4 [20-43] Phase: -32 (34) 
Count:   1.7   2.2   1.3   1.2   1.6   2.0   1.4   1.5   2.0   1.7   1.4   1.9   1.6   1.5   1.0 
Phase: -28 -21 -32 -32 -33 -40 -28 -32 -39 -35 -33 -28 -31 -25 -34 

72.7: Count:   1.1 (  0.3) A:  23.5 [20-37] B:  22.3 [20-37] Phase: -31 (35) 
Count:   0.9   1.6   1.4   1.2   0.9   1.0   0.9   1.2   0.8   1.4   0.6   1.0   1.6   1.0   0.5 
Phase: -21 -23 -26 -31 -26 -34 -35 -29 -26 -42 -31 -33 -45 -33 -25 

72.8: Count:   0.1 (  0.1) A:  23.1 [20-30] B:  22.3 [20-32] Phase: -17 (43) 
Count:   0.0   0.2   0.4   0.2   0.1   0.2   0.1   0.2   0.0   0.1   0.1   0.1   0.1   0.1   0.0 
Phase: 21 -37 0 1 -4 -49 -16 -50 -3 -35 9 -8 -11 2 -1 

72.9: Count:   0.0 (  0.0) A:  26.3 [20-32] B:  21.5 [20-27] Phase: -28 (39) 
Count:   0.0   0.0   0.0   0.0   0.0   0.0   0.1   0.0   0.0   0.0   0.0   0.0   0.0   0.0   0.0 
Phase: * -44 -25 -103 * * -8 13 * * -5 13 * * * 

73.0: Count:   0.0 (  0.0) A:  24.0 [20-33] B:  21.8 [20-24] Phase: -41 (64) 
Count:   0.0   0.0   0.0   0.0   0.0   0.1   0.0   0.0   0.0   0.0   0.0   0.0   0.0   0.1   0.0 
Phase: * * * -129 * -10 76 * * * * * * -71 * 

73.1: Count:   0.0 (  0.0) A:  21.7 [21-22] B:  21.0 [20-22] Phase: 16 (36) 
Phase: -32 * * * * * * * * * * * * 41 * 

73.2: Count:   0.0 (  0.0) A:  21.8 [21-22] B:  20.0 [20-20] Phase: 10 (10) 
Phase: * * * * * * * * * * 30 * * * 5 

73.3: Count:   0.0 (  0.0) A:  21.2 [21-22] B:  22.7 [22-27] Phase: -51 (57) 
Phase: * * * * * * * 15 * * * -94 * * * 

73.5: Count:   0.1 (  0.0) A:  23.4 [20-33] B:  22.3 [20-28] Phase: -41 (60) 
Count:   0.1   0.0   0.1   0.0   0.1   0.1   0.0   0.1   0.0   0.0   0.1   0.1   0.0   0.0   0.1 
A: 25.9 21.1 21.6 20.0 21.8 21.3 23.0 26.2 20.0 * 22.2 20.0 * 21.0 32.4 
B: 20.6 24.8 21.9 20.0 23.1 23.9 24.0 26.5 24.0 * 21.7 20.0 * 21.0 20.2 
Phase: -18 -10 -30 -18 -66 147 24 -54 -16 * -47 -113 * 32 9 

73.6: Count:   0.2 (  0.1) A:  23.0 [20-32] B:  21.9 [20-35] Phase: -63 (50) 
Count:   0.4   0.4   0.1   0.2   0.2   0.1   0.1   0.1   0.2   0.1   0.1   0.1   0.1   0.2   0.2 
B: 21.6 21.7 22.3 20.4 22.0 21.3 21.9 23.4 22.1 28.2 25.0 20.7 20.0 20.7 20.8 
Phase: -37 -58 -55 -85 -65 -70 -42 -48 52 -76 -30 -70 -40 -54 -83 

73.7: Count:   0.2 (  0.2) A:  23.8 [20-36] B:  22.6 [20-37] Phase: -57 (46) 
Count:   0.6   0.4   0.1   0.2   0.4   0.1   0.2   0.3   0.1   0.2   0.3   0.3   0.1   0.3   0.1 
B: 21.2 22.3 22.5 24.3 22.2 28.0 21.3 24.0 24.5 21.9 20.9 22.4 36.1 20.9 22.4 
Phase: -39 -25 -52 -75 -76 -29 -75 -89 -49 -15 -86 -60 -75 -52 -58 

73.8: Count:   0.1 (  0.1) A:  23.2 [20-31] B:  23.2 [20-36] Phase: -31 (58) 
Count:   0.0   0.3   0.1   0.1   0.0   0.1   0.1   0.2   0.1   0.1   0.0   0.1   0.2   0.1   0.1 
Phase: -25 -23 -28 -19 -24 -50 -108 36 -59 17 -4 11 -59 -65 -40 

73.9: Count:   0.0 (  0.0) A:  22.7 [20-27] B:  22.1 [20-27] Phase: 0 (52) 
Count:   0.0   0.0   0.1   0.0   0.0   0.0   0.1   0.0   0.0   0.0   0.0   0.0   0.0   0.1   0.0 
Phase: * -23 -13 * * * 30 * 10 * 49 * * -35 126 

74.0: Count:   0.0 (  0.0) A:  25.0 [25-25] B:  23.0 [23-23] Phase: -114 (0) 
74.3: Count:   0.0 (  0.0) A:  21.0 [21-21] B:  21.0 [21-21] Phase: -58 (0) 
74.4: Count:   0.0 (  0.0) A:  22.4 [21-27] B:  21.4 [21-23] Phase: -27 (24) 
Phase: * * -33 * * * * * * * 26 * * * * 

74.5: Count:   0.0 (  0.0) A:  23.8 [21-25] B:  22.3 [20-24] Phase: -90 (69) 
Phase: 14 * * * -22 -85 * * * * 35 * * -81 164 

74.6: Count:   0.0 (  0.0) A:  23.7 [20-33] B:  22.3 [20-26] Phase: -78 (50) 
Phase: 23 * * -69 -30 -82 -89 * * 135 -116 * * -63 -159 

74.7: Count:   0.0 (  0.0) A:  24.5 [20-28] B:  21.5 [20-23] Phase: -71 (63) 
Count:   0.0   0.0   0.1   0.0   0.0   0.0   0.0   0.0   0.0   0.0   0.0   0.0   0.0   0.0   0.0 
Phase: 63 -9 -111 * * * * * * * * * * * -105 

74.8: Count:   0.0 (  0.0) A:  20.0 [20-20] B:  24.0 [24-24] Phase: -115 (0) 
75.0: Count:   0.0 (  0.0) A:  22.0 [22-22] B:  20.0 [20-20] Phase: 88 (0) 
76.6: Count:   0.0 (  0.0) A:  25.5 [21-31] B:  20.2 [20-22] Phase: 19 (24) 
Phase: * * 78 * * * 32 * * * * -50 * 7 * 

76.7: Count:   0.0 (  0.0) A:  54.0 [54-54] B:  22.0 [22-22] Phase: 24 (0) 
77.1: Count:   0.0 (  0.0) A:  20.0 [20-20] B:  20.0 [20-20] Phase: -87 (0) 
77.6: Count:   0.0 (  0.0) A:  21.6 [21-33] B:  23.1 [21-24] Phase: 55 (29) 
Phase: * * * * * * * * * * 16 * 35 * 92 

77.7: Count:   0.0 (  0.0) A:  27.0 [20-43] B:  20.0 [20-20] Phase: 21 (28) 
Phase: * * * * -15 * 5 * * * * * 50 * * 

78.6: Count:   0.0 (  0.0) A:  24.0 [24-24] B:  21.0 [21-21] Phase: -26 (0) 
78.7: Count:   0.0 (  0.0) A:  30.0 [30-30] B:  21.0 [21-21] Phase: -4 (0) 
78.8: Count:   0.0 (  0.0) A:  29.2 [21-34] B:  20.0 [20-20] Phase: 1 (25) 
Count:   0.0   0.0   0.1   0.0   0.0   0.0   0.0   0.0   0.0   0.0   0.0   0.0   0.0   0.0   0.0 
Phase: * * -17 * * * * * * * * * 34 * * 

78.9: Count:   0.0 (  0.0) A:  29.0 [29-29] B:  21.0 [21-21] Phase: -3 (0) 
79.3: Count:   0.0 (  0.0) A:  38.0 [38-38] B:  20.0 [20-20] Phase: -68 (0) 
79.6: Count:   0.0 (  0.0) A:  31.7 [29-51] B:  21.9 [21-22] Phase: -63 (35) 
Phase: * -60 * * * * * * * * -78 * * * * 

79.7: Count:   0.0 (  0.0) A:  32.0 [32-32] B:  22.0 [22-22] Phase: -17 (0) 
79.8: Count:   0.0 (  0.0) A:  25.0 [23-27] B:  22.0 [20-24] Phase: -47 (14) 
Phase: * * * * -33 -33 * * * * * * -61 * * 

80.3: Count:   0.0 (  0.0) A:  20.0 [20-20] B:  21.0 [21-21] Phase: 62 (0) 
80.8: Count:   0.0 (  0.0) A:  21.4 [21-22] B:  21.4 [21-22] Phase: 23 (7) 
Phase: * * * * * * 17 * * * * * * * 32 

81.1: Count:   0.0 (  0.0) A:  23.0 [23-23] B:  24.0 [24-24] Phase: 110 (0) 
81.2: Count:   0.0 (  0.0) A:  29.9 [22-47] B:  20.6 [20-22] Phase: 74 (22) 
Phase: * 58 * * 102 * 66 * * * * 45 * * * 

81.3: Count:   0.0 (  0.0) A:  36.6 [33-37] B:  21.0 [21-21] Phase: 143 (23) 
Phase: * * * * * * 135 * * * -148 * * * * 

81.4: Count:   0.0 (  0.0) A:  42.5 [29-163] B:  20.0 [20-20] Phase: 115 (43) 
Phase: * * * * * * 126 * * * 64 * * * * 

81.5: Count:   0.0 (  0.0) A:  44.1 [22-181] B:  20.1 [20-21] Phase: -9 (43) 
Phase: * * * * * * * * * * 33 * * * -27 

81.7: Count:   0.0 (  0.0) A:  25.7 [23-26] B:  20.9 [20-21] Phase: -6 (10) 
Phase: * * * * * * -3 * * * -35 * * * * 

81.8: Count:   0.0 (  0.0) A:  31.0 [31-31] B:  20.0 [20-20] Phase: 1 (0) 
81.9: Count:   0.0 (  0.0) A:  76.0 [76-76] B:  20.0 [20-20] Phase: 162 (0) 
82.0: Count:   0.0 (  0.0) A:  25.0 [25-25] B:  20.0 [20-20] Phase: 141 (0) 
82.4: Count:   0.0 (  0.0) A:  31.0 [31-31] B:  20.0 [20-20] Phase: -128 (0) 
82.7: Count:   0.0 (  0.0) A:  36.5 [21-73] B:  20.0 [20-20] Phase: 38 (11) 
Phase: * * * 49 * * * * * * 24 31 * * * 

82.9: Count:   0.0 (  0.0) A:  20.0 [20-20] B:  21.0 [21-21] Phase: 65 (0) 
83.3: Count:   0.0 (  0.0) A:  30.0 [30-30] B:  20.0 [20-20] Phase: 47 (0) 
83.5: Count:   0.0 (  0.0) A:  23.3 [23-28] B:  20.2 [20-24] Phase: 46 (12) 
Phase: * * * * 20 * * * * * * * 50 50 -5 

83.6: Count:   0.0 (  0.0) A:  24.1 [20-28] B:  21.0 [20-22] Phase: 2 (30) 
Phase: * * * * 35 -8 -8 20 * * * -84 10 10 * 

83.7: Count:   0.0 (  0.0) A:  27.7 [20-49] B:  20.8 [20-26] Phase: 19 (23) 
Count:   0.1   0.0   0.1   0.0   0.1   0.1   0.0   0.0   0.1   0.0   0.1   0.1   0.0   0.0   0.0 
A: 25.7 30.8 28.1 29.1 30.2 33.4 21.0 25.5 34.0 20.0 22.8 22.3 33.0 34.5 * 
Phase: 24 -14 15 41 6 35 20 6 21 -12 -18 32 46 33 * 

83.8: Count:   0.2 (  0.1) A:  30.8 [20-52] B:  21.0 [20-28] Phase: 10 (28) 
Count:   0.4   0.2   0.2   0.3   0.2   0.2   0.3   0.2   0.3   0.1   0.1   0.3   0.1   0.2   0.1 
A: 32.5 29.9 30.4 31.6 30.8 32.5 25.7 27.3 33.7 26.1 25.8 33.4 33.8 34.0 23.8 
Phase: 17 -6 7 17 23 12 -2 7 14 -13 12 7 14 2 37 

83.9: Count:   1.8 (  0.3) A:  34.3 [20-65] B:  21.3 [20-30] Phase: 3 (18) 
Count:   1.9   2.1   2.2   2.2   2.1   1.7   1.7   1.9   1.6   1.4   1.9   1.5   1.8   1.5   1.5 
Phase: -1 6 0 5 2 3 0 7 3 1 1 4 10 5 5 

84.0: Count:   3.6 (  0.4) A:  34.6 [20-66] B:  21.4 [20-32] Phase: -2 (17) 
Count:   3.1   3.7   3.7   3.8   4.0   3.5   4.1   3.2   3.6   3.1   4.0   3.8   4.1   3.1   3.5 
Phase: -2 1 -3 -2 -2 -4 -3 -1 0 0 -5 -1 -2 -3 0 

84.1: Count:   1.2 (  0.2) A:  30.8 [20-52] B:  21.1 [20-28] Phase: 0 (16) 
Count:   0.8   1.4   1.3   1.2   1.2   1.3   1.5   1.4   1.1   1.1   1.3   1.4   0.9   0.9   1.2 
Phase: -2 -4 3 -3 -3 -3 0 0 -4 4 -3 2 5 1 5 

84.2: Count:   0.2 (  0.1) A:  28.1 [20-47] B:  21.2 [20-27] Phase: 9 (23) 
Count:   0.3   0.2   0.1   0.4   0.3   0.1   0.4   0.2   0.1   0.2   0.2   0.4   0.2   0.3   0.1 
A: 32.4 29.4 24.0 24.5 28.5 30.5 27.5 26.8 24.3 25.2 32.5 30.4 24.7 27.7 28.1 
Phase: 10 9 -2 7 3 5 11 7 32 2 25 4 8 24 0 

84.3: Count:   0.0 (  0.0) A:  26.0 [22-38] B:  20.4 [20-22] Phase: 9 (20) 
Count:   0.1   0.0   0.0   0.0   0.0   0.0   0.1   0.0   0.0   0.1   0.0   0.0   0.0   0.0   0.0 
Phase: 12 19 * 3 -24 * 14 * * 5 -16 * 30 -9 * 

84.4: Count:   0.0 (  0.0) A:  20.0 [20-20] B:  21.0 [21-21] Phase: 16 (0) 
84.5: Count:   0.0 (  0.0) A:  28.0 [28-28] B:  21.0 [21-21] Phase: 22 (0) 
84.6: Count:   0.0 (  0.0) A:  24.2 [20-38] B:  20.2 [20-21] Phase: 25 (13) 
Phase: * * * * * * 13 * * 40 39 * * 11 * 

84.7: Count:   0.0 (  0.0) A:  24.2 [20-25] B:  20.2 [20-21] Phase: 32 (23) 
Phase: -20 * 43 * * * * * * * * * * * * 

84.8: Count:   0.0 (  0.0) A:  22.0 [22-22] B:  20.0 [20-20] Phase: 12 (0) 
84.9: Count:   0.0 (  0.0) A:  24.6 [21-28] B:  20.7 [20-23] Phase: 26 (18) 
Phase: * * 24 * * * 0 41 * * 9 * * * * 

85.0: Count:   0.0 (  0.0) A:  24.0 [24-24] B:  20.0 [20-20] Phase: 7 (0) 
85.1: Count:   0.0 (  0.0) A:  35.0 [35-35] B:  21.0 [21-21] Phase: -12 (0) 
85.2: Count:   0.0 (  0.0) A:  24.9 [20-35] B:  20.1 [20-21] Phase: 135 (66) 
Phase: * * * * * * 173 41 * * 2 * * * * 

85.3: Count:   0.0 (  0.0) A:  39.0 [39-39] B:  21.0 [21-21] Phase: 24 (0) 
85.4: Count:   0.0 (  0.0) A:  38.0 [38-38] B:  20.0 [20-20] Phase: 21 (0) 
85.9: Count:   0.0 (  0.0) A:  22.3 [21-24] B:  21.5 [20-26] Phase: 90 (19) 
Phase: * * * * * * 85 * * * 164 * * * * 

86.1: Count:   0.0 (  0.0) A:  24.0 [24-24] B:  20.0 [20-20] Phase: -7 (0) 
86.2: Count:   0.0 (  0.0) A:  24.0 [24-24] B:  22.0 [22-22] Phase: 90 (0) 
86.3: Count:   0.0 (  0.0) A:  23.0 [23-23] B:  21.0 [21-21] Phase: 85 (0) 
86.4: Count:   0.0 (  0.0) A:  22.0 [22-22] B:  21.0 [21-21] Phase: -164 (0) 
86.5: Count:   0.0 (  0.0) A:  24.0 [22-26] B:  21.5 [20-23] Phase: 108 (73) 
Phase: * * * * * * * * * * -179 * * 35 * 

86.6: Count:   0.0 (  0.0) A:  34.0 [34-34] B:  21.0 [21-21] Phase: -178 (0) 
86.7: Count:   0.0 (  0.0) A:  24.2 [20-26] B:  20.4 [20-22] Phase: -60 (67) 
Phase: * * * -40 -40 * * * * * 90 * * * * 

86.8: Count:   0.0 (  0.0) A:  29.6 [27-30] B:  20.6 [20-24] Phase: 48 (16) 
Phase: * * * * * * 55 * * * 9 * * * * 

86.9: Count:   0.0 (  0.0) A:  23.6 [21-27] B:  21.0 [20-22] Phase: 50 (31) 
Phase: 107 * 140 * 60 * 15 * * * 8 * * * 69 

87.0: Count:   0.0 (  0.0) A:  20.0 [20-20] B:  21.0 [21-21] Phase: -32 (0) 
87.1: Count:   0.0 (  0.0) A:  28.5 [24-33] B:  27.0 [25-29] Phase: 25 (9) 
Phase: * * * * * * * * * * * 25 * * * 

87.2: Count:   0.0 (  0.0) A:  23.7 [20-35] B:  21.5 [20-28] Phase: 101 (42) 
Count:   0.0   0.0   0.0   0.0   0.0   0.0   0.0   0.0   0.0   0.0   0.0   0.0   0.1   0.0   0.0 
Phase: * * 62 60 109 * 127 * * * * 26 143 * * 

87.3: Count:   0.0 (  0.0) A:  21.8 [20-28] B:  22.5 [20-35] Phase: 127 (55) 
Count:   0.1   0.0   0.0   0.0   0.0   0.1   0.0   0.0   0.1   0.1   0.0   0.1   0.0   0.0   0.0 
B: 21.0 21.0 21.1 21.6 21.6 21.1 22.0 20.0 35.0 21.0 21.0 20.3 21.0 * 21.0 
Phase: 48 151 154 93 97 123 138 51 -129 133 86 117 31 * 152 

87.5: Count:   0.0 (  0.0) A:  23.3 [20-31] B:  21.1 [20-22] Phase: 90 (57) 
Count:   0.0   0.1   0.0   0.1   0.1   0.0   0.0   0.0   0.0   0.0   0.0   0.0   0.1   0.0   0.0 
Phase: * 42 94 60 120 * * * 110 * * * 158 * * 

87.6: Count:   0.6 (  0.2) A:  23.4 [20-45] B:  21.8 [20-33] Phase: 94 (34) 
Count:   0.9   0.4   0.7   0.5   0.6   0.6   0.8   0.7   0.4   0.6   0.7   0.4   0.6   0.4   0.5 
Phase: 99 110 111 89 88 91 98 93 82 90 92 87 94 95 88 

87.7: Count:   0.4 (  0.1) A:  22.6 [20-48] B:  22.0 [20-34] Phase: 79 (73) 
Count:   0.6   0.4   0.5   0.4   0.4   0.7   0.5   0.6   0.3   0.6   0.4   0.2   0.4   0.2   0.4 
Phase: 114 77 67 165 67 49 97 53 72 55 95 103 -122 140 55 

87.8: Count:   2.1 (  0.4) A:  22.9 [20-54] B:  23.1 [20-37] Phase: 146 (82) 
Count:   2.4   2.1   2.3   2.5   2.0   2.2   2.4   2.6   2.2   2.4   2.2   1.5   1.9   1.6   1.4 
Phase: 179 127 168 161 130 -177 141 138 158 157 80 125 160 121 153 

87.9: Count:  18.7 (  2.3) A:  25.0 [20-65] B:  27.0 [20-53] Phase: 114 (62) 
Count:  16.3  16.5  15.7  17.9  17.7  21.5  22.3  21.1  20.4  17.8  20.8  20.6  18.6  17.6  15.2 
Phase: 124 119 120 115 107 112 115 112 111 109 104 113 120 118 123 

88.0: Count:  13.0 (  1.6) A:  24.6 [20-71] B:  25.9 [20-50] Phase: 115 (59) 
Count:  13.0  12.7  11.3  12.6  11.5  16.8  15.1  13.8  11.8  12.3  13.9  14.1  13.5  11.7  11.1 
Phase: 125 114 117 114 109 111 113 113 113 109 105 115 123 121 120 

88.1: Count:   1.8 (  0.4) A:  22.5 [20-38] B:  22.9 [20-40] Phase: 148 (44) 
Count:   2.5   1.9   2.1   1.9   1.3   1.9   2.2   2.1   1.0   1.4   1.5   1.6   1.8   1.5   2.2 
Phase: 148 155 144 145 146 148 147 135 152 131 146 149 157 160 159 

88.2: Count:  50.1 (  0.9) A:  32.9 [20-69] B:  29.6 [20-62] Phase: 114 (19) 
Count:  49.4  50.0  50.3  50.8  50.4  48.7  51.0  51.5  51.2  50.4  49.6  49.3  48.6  49.7  50.3 
Phase: 118 117 115 113 112 112 110 111 114 113 112 115 117 117 119 

88.3: Count:  63.9 (  0.7) A:  41.0 [20-84] B:  35.6 [20-72] Phase: 111 (21) 
Count:  65.0  63.6  64.4  63.6  63.3  64.5  65.0  63.9  63.7  64.1  64.1  62.7  64.1  62.9  63.3 
Phase: 115 115 112 109 109 107 106 108 111 111 109 111 114 114 116 

88.4: Count:  38.7 (  2.0) A:  30.9 [20-111] B:  27.4 [20-69] Phase: 118 (24) 
Count:  41.1  40.7  37.9  39.2  39.1  42.0  39.9  38.4  40.5  38.9  37.7  36.4  37.5  37.2  34.5 
Phase: 120 121 120 115 117 115 115 115 117 117 118 119 120 121 123 

88.5: Count:  46.0 (  3.2) A:  30.9 [20-81] B:  27.5 [20-79] Phase: 108 (18) 
Count:  40.5  43.5  50.3  46.8  47.1  40.7  46.2  52.1  46.0  46.1  48.2  46.9  42.5  45.4  47.7 
Phase: 114 112 108 106 107 106 104 104 108 108 107 107 110 112 112 

88.6: Count: 100.0 (  0.0) A:  73.4 [25-117] B:  59.9 [22-102] Phase: 101 (12) 
A: 66.0 66.5 69.5 71.7 71.6 76.9 80.5 79.9 78.4 75.7 78.2 75.7 72.1 69.0 68.5 
B: 60.5 60.9 63.9 62.2 60.9 57.9 58.2 59.1 57.0 57.3 58.0 58.9 58.8 60.9 62.6 
Phase: 107 105 102 98 99 97 97 98 101 101 101 101 102 105 106 

88.7: Count: 100.0 (  0.0) A: 116.3 [49-171] B:  94.9 [27-136] Phase: 102 (9) 
A: 105.9 106.2 108.5 112.9 113.6 124.5 127.5 125.2 123.7 120.3 124.0 119.6 115.6 108.6 106.9 
B: 97.1 97.1 99.7 98.2 96.6 93.1 92.4 93.0 90.4 90.8 91.7 92.9 94.0 96.5 98.4 
Phase: 107 105 102 99 99 97 97 98 102 101 100 102 103 104 106 

88.8: Count: 100.0 (  0.0) A: 132.5 [60-190] B: 108.2 [44-144] Phase: 101 (6) 
A: 122.0 121.4 122.5 128.7 129.2 143.5 145.1 141.9 140.9 136.6 141.1 136.3 132.2 123.7 121.6 
B: 111.8 111.2 112.8 111.8 110.2 107.3 105.3 105.3 103.1 103.5 104.6 105.6 107.5 109.7 112.0 
Phase: 106 105 102 99 99 97 97 98 102 101 101 102 103 105 106 

88.9: Count: 100.0 (  0.0) A: 116.7 [35-193] B:  94.8 [25-136] Phase: 101 (9) 
A: 108.9 107.3 106.9 113.4 113.5 127.8 127.5 124.1 123.8 119.6 123.8 119.9 116.7 108.9 107.0 
B: 98.8 98.0 97.9 97.8 96.5 95.1 92.1 91.4 90.4 90.7 91.7 92.3 94.5 95.9 98.0 
Phase: 106 105 102 99 99 97 97 99 101 101 100 102 103 105 106 

89.0: Count:  98.8 (  0.8) A:  79.2 [20-169] B:  61.1 [20-110] Phase: 102 (32) 
Count:  97.5  98.2  97.8  98.6  98.8  99.6  99.6  99.7  99.9  99.3  99.7  98.9  99.1  98.3  97.7 
A: 75.1 74.3 74.5 77.1 77.6 86.9 85.4 82.3 83.2 79.8 82.0 80.3 79.6 73.9 74.3 
B: 64.3 63.6 62.2 63.2 62.0 62.8 59.1 58.4 58.7 58.5 58.4 59.1 61.7 61.4 62.8 
Phase: 108 105 103 99 100 97 97 98 102 101 100 102 103 105 106 

89.1: Count:  69.3 (  2.0) A:  51.0 [20-118] B:  35.3 [20-96] Phase: -111 (57) 
Count:  73.1  71.5  69.4  70.6  70.1  71.3  67.5  67.4  66.0  68.1  67.4  67.5  68.8  71.2  70.0 
Phase: -112 -112 -112 -109 -111 -110 -111 -110 -114 -112 -112 -111 -110 -111 -110 

89.2: Count:  78.8 (  1.1) A:  59.1 [20-108] B:  32.6 [20-82] Phase: -108 (34) 
Count:  79.5  80.2  77.0  79.7  78.4  78.0  79.4  78.3  77.2  79.6  80.3  77.9  79.2  80.0  77.4 
Phase: -108 -108 -109 -108 -107 -106 -107 -109 -110 -108 -109 -108 -108 -108 -108 

89.3: Count:  75.2 (  1.7) A:  63.3 [20-150] B:  40.2 [20-99] Phase: -118 (88) 
Count:  78.1  76.8  75.7  74.5  75.8  72.5  75.0  74.5  71.9  74.5  74.9  74.5  77.3  77.1  75.2 
Phase: -119 -118 -123 -116 -115 -117 -113 -116 -119 -118 -121 -119 -115 -118 -119 

89.4: Count:  75.8 (  1.1) A:  61.1 [20-141] B:  41.3 [20-100] Phase: 107 (56) 
Count:  76.3  76.7  77.0  76.1  75.1  75.1  75.5  74.4  74.4  73.9  75.7  75.4  77.4  76.4  77.5 
A: 58.1 58.3 59.7 59.7 60.9 63.3 64.1 64.1 62.9 61.5 63.0 61.6 60.4 59.0 59.0 
Phase: 108 105 105 103 103 106 104 111 111 109 108 111 109 107 108 

89.5: Count:  98.0 (  1.0) A:  53.1 [20-108] B:  36.1 [20-83] Phase: 102 (20) 
Count:  98.4  99.0  99.0  98.4  97.8  97.9  96.6  96.5  96.5  97.1  98.2  98.3  99.0  99.3  98.7 
A: 48.2 49.6 51.2 52.3 53.7 56.6 57.8 57.5 55.9 53.4 54.4 52.6 51.3 50.8 49.9 
Phase: 100 100 99 98 98 101 100 105 105 105 103 105 103 103 103 

89.6: Count:  82.1 (  1.6) A:  49.8 [20-114] B:  36.2 [20-93] Phase: 101 (33) 
Count:  83.0  83.6  81.7  83.1  81.6  82.3  81.0  79.6  78.3  81.0  82.2  81.9  83.8  83.5  84.2 
A: 46.8 46.9 48.4 48.9 50.3 52.4 53.2 53.7 52.2 50.7 50.0 50.0 48.9 47.8 47.0 
Phase: 100 100 97 98 98 100 99 104 105 106 102 104 102 99 102 

89.7: Count:  57.0 (  1.2) A:  43.4 [20-109] B:  34.3 [20-90] Phase: 95 (73) 
Count:  57.8  56.3  56.2  57.3  58.5  58.0  57.4  56.1  54.5  56.6  56.0  56.4  56.6  57.2  59.5 
Phase: 96 95 92 90 90 92 95 97 99 106 96 101 96 88 101 

89.8: Count:  31.3 (  1.1) A:  31.1 [20-81] B:  27.1 [20-80] Phase: -39 (66) 
Count:  32.2  31.0  32.8  31.2  29.8  30.9  31.6  32.5  29.1  29.8  31.9  31.9  31.0  31.6  32.3 
Phase: -38 -39 -39 -38 -39 -38 -39 -39 -36 -44 -37 -41 -37 -38 -44 

89.9: Count:  23.7 (  1.5) A:  31.0 [20-69] B:  25.3 [20-72] Phase: -51 (43) 
Count:  23.6  23.6  23.0  25.6  22.4  25.0  24.8  23.9  25.7  20.9  22.3  26.1  22.1  24.2  22.8 
Phase: -53 -49 -48 -54 -50 -53 -49 -51 -60 -49 -46 -50 -49 -50 -51 

90.0: Count:  47.9 (  0.7) A:  44.8 [20-106] B:  29.4 [20-87] Phase: -95 (66) 
Count:  47.3  48.2  47.1  49.0  48.6  48.9  47.1  48.4  48.7  46.9  47.6  48.6  47.3  47.6  47.7 
Phase: -102 -99 -97 -96 -95 -90 -94 -92 -93 -94 -97 -93 -96 -93 -94 

90.1: Count:  66.4 (  1.3) A:  60.8 [20-119] B:  30.6 [20-88] Phase: -98 (40) 
Count:  66.7  66.1  64.9  66.2  65.7  67.7  65.3  65.7  69.1  67.8  66.7  68.0  64.9  65.6  65.2 
Phase: -101 -101 -98 -98 -99 -95 -98 -98 -98 -99 -99 -96 -99 -98 -97 

90.2: Count:  76.2 (  1.6) A:  70.7 [22-122] B:  29.6 [20-89] Phase: -97 (27) 
Count:  77.7  75.4  76.0  76.8  74.6  79.1  75.8  72.9  77.1  75.9  76.3  77.0  77.4  74.1  77.6 
Phase: -98 -98 -95 -97 -97 -94 -97 -98 -97 -99 -98 -97 -97 -97 -96 

90.3: Count:  69.3 (  0.9) A:  61.6 [20-130] B:  33.5 [20-111] Phase: -96 (49) 
Count:  69.9  68.7  70.7  70.3  69.0  70.9  69.3  68.7  68.8  68.1  69.0  69.2  69.3  67.5  70.2 
Phase: -100 -97 -94 -96 -97 -92 -95 -95 -96 -96 -98 -95 -96 -94 -93 

90.4: Count:  65.8 (  0.9) A:  49.7 [20-131] B:  34.6 [20-104] Phase: -8 (95) 
Count:  65.9  66.1  65.1  67.1  65.9  66.4  67.0  66.7  64.2  66.9  65.2  64.6  64.7  65.9  65.5 
Phase: -78 -82 -52 -2 0 -52 6 8 6 15 7 3 -77 -66 -74 

90.5: Count:  61.6 (  1.7) A:  39.5 [20-112] B:  34.1 [20-104] Phase: 47 (50) 
Count:  58.8  62.7  62.4  62.2  61.2  63.7  60.0  63.4  61.4  64.3  60.9  62.7  60.6  60.5  58.6 
Phase: 49 46 44 48 46 45 49 46 48 46 48 47 46 45 49 

90.6: Count:  57.9 (  2.1) A:  41.8 [20-102] B:  32.2 [20-99] Phase: 30 (53) 
Count:  54.6  59.4  58.5  60.5  58.9  59.8  56.7  59.7  58.7  60.9  57.3  56.2  56.7  56.9  53.5 
Phase: 30 28 31 31 29 27 29 29 31 32 28 29 32 31 31 

90.7: Count:  55.7 (  1.4) A:  48.7 [20-123] B:  32.6 [20-92] Phase: -5 (64) 
Count:  54.1  56.6  55.0  57.8  56.3  56.5  54.5  56.8  55.5  58.1  55.4  55.8  54.8  54.8  53.2 
Phase: -10 -7 1 -1 -7 -12 -9 -5 0 4 -9 -7 -2 -3 -5 

90.8: Count:  55.2 (  1.0) A:  48.8 [20-127] B:  31.2 [20-98] Phase: -17 (58) 
Count:  54.5  54.8  57.1  55.4  55.9  55.1  56.1  56.3  54.3  54.8  54.5  56.8  53.9  54.8  54.4 
Phase: -18 -17 -14 -18 -19 -18 -21 -18 -16 -18 -20 -17 -13 -16 -19 

90.9: Count:  43.1 (  2.0) A:  41.5 [20-128] B:  28.1 [20-89] Phase: -16 (51) 
Count:  42.1  42.9  43.9  45.6  43.9  42.2  46.5  45.6  40.8  41.9  43.3  44.7  39.7  42.9  40.6 
Phase: -15 -13 -13 -15 -18 -17 -19 -18 -19 -14 -18 -15 -14 -11 -13 

91.0: Count:  27.9 (  1.1) A:  37.4 [20-102] B:  28.0 [20-87] Phase: 30 (58) 
Count:  27.6  28.9  27.4  29.6  29.0  27.6  28.0  28.8  28.5  25.5  26.5  28.7  27.7  27.5  26.7 
Phase: 32 29 34 26 23 22 24 29 32 31 27 32 31 33 36 

91.1: Count:  35.1 (  1.0) A:  35.6 [20-89] B:  29.6 [20-95] Phase: 81 (43) 
Count:  34.3  35.8  32.9  36.5  35.9  34.6  36.1  36.2  35.6  35.1  34.6  34.9  35.7  34.4  34.2 
Phase: 82 81 83 79 82 79 77 78 79 77 81 82 83 84 85 

91.2: Count:  30.2 (  1.3) A:  31.9 [20-82] B:  29.8 [20-96] Phase: 86 (43) 
Count:  30.2  30.1  28.5  30.4  31.3  30.6  31.4  32.2  28.9  30.7  30.6  28.3  31.9  29.9  28.4 
Phase: 88 88 90 87 85 82 80 84 85 81 87 87 88 89 89 

91.3: Count:  18.0 (  1.2) A:  27.6 [20-66] B:  28.3 [20-91] Phase: 58 (70) 
Count:  20.4  18.9  17.8  17.1  18.8  18.6  18.5  20.2  18.1  16.1  17.7  17.4  16.9  17.3  16.4 
Phase: 59 63 61 57 55 62 54 55 57 58 61 57 54 59 61 

91.4: Count:  34.3 (  1.5) A:  31.0 [20-80] B:  32.0 [20-104] Phase: 76 (64) 
Count:  35.4  34.0  32.2  35.0  33.9  34.7  35.2  36.2  35.9  32.5  33.6  36.3  33.9  34.5  31.0 
Phase: 77 80 79 74 71 78 65 73 74 76 73 76 78 79 81 

91.5: Count:  49.8 (  1.6) A:  35.1 [20-85] B:  34.6 [20-108] Phase: 86 (44) 
Count:  49.7  49.6  47.8  51.1  47.3  50.6  51.9  52.0  48.7  49.6  51.8  50.7  49.1  50.4  46.8 
Phase: 89 88 89 86 84 84 81 83 82 85 84 86 88 88 92 

91.6: Count:  35.2 (  1.2) A:  33.3 [20-85] B:  30.4 [20-97] Phase: 88 (35) 
Count:  36.2  35.7  34.8  35.9  33.0  36.4  36.6  35.8  32.9  35.2  36.6  34.9  34.9  34.9  33.4 
Phase: 89 89 91 89 87 88 85 88 87 87 87 89 90 86 89 

91.7: Count:  26.9 (  1.2) A:  33.4 [20-89] B:  28.1 [20-99] Phase: 83 (37) 
Count:  28.0  28.6  27.7  26.4  26.9  24.6  26.6  26.8  29.9  27.0  26.4  27.0  26.0  26.6  25.6 
Phase: 84 83 84 85 85 86 84 84 81 80 83 84 86 83 84 

91.8: Count:  70.8 (  1.3) A:  41.0 [20-103] B:  35.9 [20-117] Phase: 84 (30) 
Count:  68.7  69.7  69.5  69.3  70.3  70.6  71.8  70.7  72.2  71.4  69.4  73.3  72.3  71.5  70.6 
Phase: 87 86 86 84 85 81 78 80 82 81 82 84 85 85 88 

91.9: Count:  81.8 (  2.0) A:  42.7 [20-107] B:  38.5 [20-123] Phase: 84 (27) 
Count:  82.5  82.3  81.5  80.9  80.0  81.4  84.3  84.4  77.0  83.4  83.1  83.4  81.8  81.9  79.4 
Phase: 87 87 87 83 84 81 79 80 82 81 82 84 86 86 88 

92.0: Count:  29.1 (  2.8) A:  33.9 [20-90] B:  28.3 [20-94] Phase: 69 (34) 
Count:  28.4  30.8  30.0  28.6  27.1  28.4  33.5  32.9  23.3  30.1  32.6  28.7  29.7  28.2  24.8 
Phase: 73 71 70 68 68 69 68 66 68 67 70 68 69 68 69 

92.1: Count:  84.0 (  2.6) A:  43.8 [20-125] B:  38.1 [20-126] Phase: 85 (25) 
Count:  81.9  82.0  81.5  84.7  85.0  84.6  81.7  83.7  88.8  85.1  77.8  86.8  85.5  84.2  85.9 
Phase: 90 90 89 86 86 82 79 81 84 83 81 85 87 87 91 

92.2: Count: 100.0 (  0.0) A:  99.0 [29-164] B:  93.5 [21-177] Phase: 87 (10) 
A: 102.1 101.0 93.8 94.5 94.1 96.8 98.3 100.7 97.8 99.5 101.5 104.4 101.8 99.4 98.8 
B: 89.8 90.8 93.0 96.5 96.6 94.7 94.1 94.6 94.9 95.0 88.7 94.0 92.8 93.5 92.2 
Phase: 91 91 91 87 87 83 81 82 85 83 85 86 89 90 92 

92.3: Count: 100.0 (  0.0) A: 148.4 [81-218] B: 140.7 [57-211] Phase: 87 (6) 
A: 153.5 151.9 141.8 141.5 139.6 145.6 149.4 151.8 142.6 148.4 154.5 155.4 152.7 149.2 146.7 
B: 135.0 137.3 141.6 145.3 144.0 143.1 143.6 143.2 138.8 142.6 135.7 140.8 139.8 141.1 137.7 
Phase: 91 91 91 87 87 83 81 82 85 83 85 86 89 90 92 

92.4: Count: 100.0 (  0.0) A: 168.2 [68-238] B: 159.4 [33-237] Phase: 87 (6) 
A: 174.1 172.6 162.0 160.6 157.1 165.5 171.0 172.8 158.6 167.8 176.9 175.4 173.1 169.2 165.0 
B: 152.8 156.2 161.6 164.8 161.9 162.6 164.1 162.8 154.0 161.3 155.5 158.9 158.5 160.3 155.2 
Phase: 92 90 91 87 87 83 81 82 85 84 85 86 89 90 92 

92.5: Count: 100.0 (  0.0) A: 148.9 [49-237] B: 140.8 [66-214] Phase: 87 (7) 
A: 154.3 153.3 144.5 142.2 137.8 146.5 153.0 153.4 137.8 148.2 158.9 154.6 153.3 149.4 145.1 
B: 135.2 138.7 143.6 145.4 141.6 143.8 146.2 144.3 133.4 142.2 139.0 139.6 140.0 141.6 136.1 
Phase: 91 91 90 87 87 83 80 82 85 84 85 86 88 90 92 

92.6: Count: 100.0 (  0.0) A:  98.7 [21-190] B:  92.8 [25-164] Phase: 87 (10) 
Count: 100.0 100.0 100.0 100.0 100.0  99.9 100.0 100.0 100.0 100.0 100.0 100.0 100.0 100.0 100.0 
A: 102.3 102.0 96.8 94.3 90.3 97.1 102.9 102.1 89.2 98.0 107.6 101.7 101.8 98.6 95.3 
B: 89.4 92.1 95.3 95.7 92.2 94.9 97.5 95.5 85.6 93.5 93.4 91.5 92.4 93.2 88.9 
Phase: 91 91 90 87 87 84 81 82 85 84 85 87 88 90 92 

92.7: Count:  83.6 (  4.6) A:  45.6 [20-127] B:  40.4 [20-121] Phase: 84 (22) 
Count:  82.2  86.2  85.9  83.3  80.0  86.1  88.7  86.4  69.3  81.8  86.7  85.5  84.7  85.5  81.4 
Phase: 89 87 88 84 84 80 80 80 79 80 83 84 86 87 88 

92.8: Count:  26.9 (  2.3) A:  34.2 [20-86] B:  28.1 [20-90] Phase: 60 (38) 
Count:  26.3  23.9  23.6  27.2  27.5  25.1  23.9  26.2  31.7  28.8  25.8  27.7  28.5  29.0  28.7 
Phase: 59 59 62 62 61 60 56 57 63 61 56 61 61 59 63 

92.9: Count:  82.1 (  1.2) A:  42.2 [20-146] B:  37.1 [20-113] Phase: 82 (28) 
Count:  80.8  82.0  81.2  81.3  81.6  82.4  83.7  84.1  79.8  82.5  81.9  83.0  84.0  82.4  81.5 
Phase: 86 87 86 83 82 79 78 78 81 79 80 82 85 85 87 

93.0: Count:  74.7 (  3.2) A:  39.4 [20-107] B:  35.2 [20-102] Phase: 81 (25) 
Count:  71.7  74.7  74.7  74.9  72.7  76.1  79.3  78.0  66.5  75.4  78.6  75.5  75.5  76.1  71.2 
Phase: 86 84 85 81 80 78 76 77 78 78 80 81 81 82 85 

93.1: Count:  29.0 (  1.9) A:  33.9 [20-91] B:  28.5 [20-87] Phase: 65 (30) 
Count:  27.7  27.5  28.8  29.2  27.2  27.9  31.1  32.3  26.3  31.0  31.3  28.1  29.0  30.8  26.3 
Phase: 64 65 65 65 63 64 63 67 63 64 68 65 65 65 67 

93.2: Count:  32.7 (  1.6) A:  37.0 [20-88] B:  28.9 [20-89] Phase: 65 (39) 
Count:  32.1  30.9  32.9  32.7  35.1  32.9  32.5  33.6  35.1  33.7  28.4  32.2  32.1  32.5  33.3 
Phase: 62 63 66 64 66 63 64 66 64 62 63 66 66 66 70 

93.3: Count:  52.8 (  1.7) A:  39.9 [20-113] B:  32.7 [20-97] Phase: 74 (38) 
Count:  50.1  50.5  50.6  54.2  51.7  53.6  54.3  54.9  53.2  55.4  51.8  54.4  53.0  53.4  50.9 
Phase: 77 75 78 74 75 74 71 70 71 73 74 75 77 76 77 

93.4: Count:  43.2 (  1.7) A:  35.8 [20-90] B:  31.6 [20-95] Phase: 72 (36) 
Count:  42.5  42.2  42.2  43.9  42.3  45.0  44.6  45.6  40.2  45.5  43.2  44.3  43.6  41.8  40.8 
Phase: 71 73 75 70 70 70 72 69 66 71 76 71 74 74 75 

93.5: Count:  22.1 (  1.0) A:  31.9 [20-85] B:  27.7 [20-78] Phase: 52 (56) 
Count:  21.4  23.1  20.8  23.1  23.3  21.8  23.1  21.7  21.7  23.5  21.0  22.1  22.8  21.9  20.4 
Phase: 51 49 54 52 50 52 55 55 46 48 55 53 55 54 53 

93.6: Count:  32.3 (  0.8) A:  35.4 [20-93] B:  28.8 [20-84] Phase: 40 (70) 
Count:  31.8  31.3  31.0  32.1  32.1  32.2  32.4  32.6  33.6  32.5  32.1  31.2  33.8  33.2  32.6 
Phase: 36 40 42 42 39 43 34 37 38 43 37 45 39 38 40 

93.7: Count:  49.9 (  1.5) A:  40.4 [20-109] B:  33.0 [20-97] Phase: 23 (58) 
Count:  50.3  48.3  48.3  51.0  51.4  47.9  51.3  50.9  51.1  51.3  51.4  51.4  48.2  48.6  47.7 
Phase: 16 22 22 26 25 24 24 24 20 20 23 27 23 20 26 

93.8: Count:  67.4 (  1.6) A:  44.1 [20-106] B:  33.7 [20-89] Phase: -3 (39) 
Count:  69.8  67.0  69.0  69.5  68.1  63.8  67.5  67.5  69.2  67.6  66.2  68.2  66.6  65.4  66.4 
Phase: -5 -4 -5 -1 0 -1 0 -2 -3 -3 -1 0 -6 -5 -3 

93.9: Count:  76.0 (  1.6) A:  51.9 [20-118] B:  32.8 [20-87] Phase: -11 (34) 
Count:  76.5  78.6  77.8  78.8  76.3  75.4  74.8  75.9  74.3  77.1  72.7  74.9  75.4  75.3  75.3 
Phase: -13 -13 -13 -10 -11 -9 -10 -9 -11 -13 -13 -11 -12 -12 -12 

94.0: Count:  66.1 (  1.9) A:  52.2 [20-123] B:  31.8 [20-86] Phase: -11 (43) 
Count:  68.0  68.6  69.0  69.5  66.4  63.0  64.1  65.6  65.5  65.5  63.9  65.0  65.4  66.0  66.2 
Phase: -11 -13 -10 -9 -11 -8 -11 -9 -11 -11 -14 -12 -12 -12 -11 

94.1: Count:  40.8 (  2.2) A:  39.3 [20-114] B:  28.7 [20-77] Phase: 14 (48) 
Count:  40.9  42.2  44.9  46.1  42.2  38.6  39.4  39.7  39.6  39.4  39.8  39.5  39.6  40.7  40.0 
Phase: 12 10 14 14 12 16 15 17 16 14 15 11 13 12 11 

94.2: Count:  15.1 (  0.9) A:  35.0 [20-87] B:  25.4 [20-67] Phase: 44 (58) 
Count:  15.9  15.5  16.4  16.9  14.3  15.4  15.2  15.7  14.7  14.7  14.6  13.7  14.6  13.7  15.3 
Phase: 45 53 48 44 40 47 44 45 36 53 40 43 37 42 36 

94.3: Count:  23.7 (  1.2) A:  42.4 [20-102] B:  25.1 [20-65] Phase: -58 (62) 
Count:  24.8  23.6  22.7  23.1  23.7  24.2  23.2  23.0  25.7  20.9  23.9  22.3  24.5  24.1  25.2 
Phase: -53 -57 -54 -59 -58 -59 -60 -60 -62 -55 -64 -60 -57 -57 -64 

94.4: Count:  39.4 (  1.1) A:  47.0 [20-116] B:  27.3 [20-89] Phase: -59 (69) 
Count:  39.1  38.1  40.1  38.3  40.0  40.9  40.0  38.9  38.8  37.3  40.4  38.8  39.6  41.2  39.6 
Phase: -50 -58 -55 -60 -59 -60 -62 -60 -57 -60 -65 -58 -58 -59 -63 

94.5: Count:  24.7 (  0.8) A:  32.7 [20-96] B:  27.1 [20-82] Phase: 60 (62) 
Count:  25.2  24.2  24.1  25.0  24.2  24.3  25.1  25.1  22.5  23.9  25.3  25.6  25.4  25.7  24.7 
Phase: 64 61 67 68 61 62 63 55 65 56 60 58 60 58 56 

94.6: Count:  41.6 (  1.7) A:  54.0 [20-141] B:  27.5 [20-85] Phase: -62 (57) 
Count:  42.1  41.8  39.5  42.3  41.3  43.2  40.5  40.2  41.8  38.9  42.6  40.6  42.6  40.8  45.7 
Phase: -60 -62 -58 -63 -64 -63 -64 -59 -65 -55 -61 -61 -61 -62 -65 

94.7: Count:  85.9 (  1.5) A: 133.0 [42-213] B:  33.1 [20-90] Phase: -67 (22) 
Count:  88.2  85.3  85.1  86.0  85.1  85.6  84.6  85.2  87.1  84.5  86.4  83.7  85.5  87.0  89.7 
A: 137.2 132.1 131.7 131.1 131.5 132.3 130.5 130.3 133.0 131.3 136.5 131.6 133.7 133.0 138.4 
Phase: -66 -66 -65 -67 -69 -69 -69 -68 -70 -63 -65 -66 -67 -67 -67 

94.8: Count:  99.1 (  0.2) A: 196.8 [70-278] B:  44.4 [20-111] Phase: -67 (16) 
Count:  99.2  99.2  99.0  98.9  98.9  99.2  99.0  99.4  99.2  98.9  99.6  98.9  99.1  99.0  99.6 
A: 200.6 196.8 195.2 194.1 194.7 196.5 193.5 193.2 197.2 196.2 200.0 196.7 197.1 196.8 202.1 
Phase: -66 -67 -67 -67 -68 -69 -69 -69 -68 -63 -66 -65 -68 -67 -67 

94.9: Count:  99.6 (  0.1) A: 220.9 [133-287] B:  49.8 [20-120] Phase: -67 (15) 
Count:  99.7  99.6  99.5  99.5  99.5  99.6  99.5  99.7  99.7  99.3  99.6  99.6  99.5  99.7  99.8 
A: 224.8 221.5 219.2 217.9 218.9 219.6 216.9 216.2 220.6 223.0 224.7 222.2 220.4 221.4 225.2 
Phase: -66 -67 -67 -67 -68 -69 -69 -69 -69 -64 -66 -66 -68 -67 -67 

95.0: Count:  98.3 (  0.3) A: 197.1 [129-270] B:  44.9 [20-113] Phase: -67 (16) 
Count:  98.5  98.6  98.2  98.3  98.3  98.6  98.1  98.1  98.8  97.9  98.7  98.1  98.1  98.1  98.8 
A: 199.7 198.2 195.6 194.3 195.8 195.9 193.8 192.8 194.9 201.3 200.4 199.5 196.1 198.0 199.0 
Phase: -66 -67 -67 -67 -68 -69 -69 -69 -69 -63 -66 -65 -68 -67 -67 

95.1: Count:  82.1 (  1.1) A: 139.6 [46-230] B:  35.8 [20-98] Phase: -67 (21) 
Count:  84.0  83.2  82.5  80.3  81.2  82.0  80.9  82.8  81.3  81.1  83.1  81.2  82.7  83.7  81.7 
A: 140.2 141.1 139.6 138.3 139.4 139.0 137.9 136.2 135.3 144.6 141.6 142.7 138.1 140.2 138.7 
Phase: -66 -67 -67 -66 -66 -68 -69 -69 -68 -62 -65 -64 -67 -66 -67 

95.2: Count:  61.3 (  1.2) A:  75.6 [20-198] B:  31.5 [20-89] Phase: -57 (42) 
Count:  60.3  62.1  63.0  60.8  61.1  60.3  61.3  61.5  58.8  62.8  61.9  62.4  63.0  60.8  60.0 
Phase: -60 -59 -58 -57 -58 -58 -58 -60 -59 -54 -57 -57 -58 -55 -55 

95.3: Count:  66.2 (  0.8) A:  50.2 [20-128] B:  33.3 [20-95] Phase: -52 (39) 
Count:  66.9  66.4  65.9  65.7  66.2  66.7  65.9  65.3  66.4  68.3  66.1  65.8  66.6  65.2  65.9 
Phase: -55 -53 -54 -50 -53 -52 -52 -52 -53 -54 -53 -52 -53 -52 -51 

95.4: Count:  61.6 (  1.7) A:  64.8 [20-145] B:  33.6 [20-95] Phase: -54 (45) 
Count:  61.6  60.8  59.4  62.7  61.8  60.9  60.2  60.9  62.3  63.7  63.2  59.7  63.3  58.7  64.7 
Phase: -55 -53 -53 -53 -54 -55 -54 -58 -55 -58 -55 -53 -54 -51 -54 

95.5: Count:  44.9 (  2.2) A:  58.5 [20-120] B:  28.6 [20-92] Phase: -55 (44) 
Count:  44.5  43.7  42.0  43.5  43.9  43.6  43.9  43.5  47.0  47.8  49.4  43.4  47.0  43.4  47.0 
Phase: -56 -52 -53 -55 -57 -57 -54 -59 -53 -58 -56 -52 -54 -53 -55 

95.6: Count:  45.6 (  2.0) A:  35.6 [20-96] B:  32.2 [20-97] Phase: -11 (68) 
Count:  45.6  47.8  50.6  46.1  44.1  44.5  44.1  43.4  46.2  47.7  44.9  43.7  43.6  45.1  46.8 
Phase: -15 -12 -15 -11 -11 -12 -6 -6 -10 -10 -9 -13 -9 -10 -12 

95.7: Count:  67.9 (  1.5) A:  34.6 [20-92] B:  49.5 [20-118] Phase: -15 (46) 
Count:  69.2  69.7  69.6  67.8  67.3  67.3  66.8  65.9  67.8  67.7  69.4  69.3  65.7  65.2  69.6 
Phase: -14 -15 -15 -18 -16 -19 -15 -15 -16 -13 -16 -15 -15 -11 -14 

95.8: Count:  83.3 (  0.8) A:  45.8 [20-121] B:  69.6 [20-136] Phase: -20 (46) 
Count:  84.6  85.0  83.9  83.1  82.9  82.1  82.9  81.9  83.8  83.5  82.7  83.4  82.9  83.4  83.8 
Phase: -18 -20 -19 -21 -21 -24 -21 -21 -21 -19 -21 -19 -20 -16 -21 

95.9: Count:  85.4 (  1.0) A:  47.4 [20-116] B:  77.1 [26-141] Phase: -20 (41) 
Count:  86.9  86.8  84.7  84.1  85.7  85.0  84.7  84.9  86.1  86.2  84.9  86.6  84.6  84.0  86.2 
Phase: -19 -19 -18 -21 -22 -24 -21 -20 -21 -20 -20 -19 -20 -17 -20 

96.0: Count:  82.8 (  1.6) A:  41.1 [20-102] B:  68.0 [20-127] Phase: -19 (39) 
Count:  86.0  84.5  80.7  82.7  83.9  82.1  81.3  81.7  83.6  84.7  81.7  84.1  81.6  82.5  81.3 
Phase: -18 -18 -17 -20 -20 -23 -20 -20 -20 -17 -19 -18 -17 -15 -20 

96.1: Count:  71.7 (  1.3) A:  36.1 [20-99] B:  46.6 [20-103] Phase: -16 (53) 
Count:  73.4  73.3  69.1  70.3  71.3  70.0  71.2  71.8  71.8  72.9  71.3  74.0  71.5  71.5  71.6 
Phase: -16 -17 -12 -16 -19 -22 -18 -18 -17 -14 -15 -16 -15 -11 -20 

96.2: Count:  41.7 (  2.3) A:  35.2 [20-92] B:  29.0 [20-85] Phase: -24 (66) 
Count:  43.5  43.9  35.5  40.3  42.3  43.6  41.0  41.9  42.6  42.5  38.8  42.8  44.2  42.8  39.7 
Phase: -24 -28 -25 -24 -27 -30 -27 -23 -22 -25 -24 -22 -20 -20 -21 

96.3: Count:  25.8 (  0.9) A:  37.7 [20-99] B:  26.2 [20-70] Phase: -34 (69) 
Count:  25.1  26.4  26.6  25.9  26.2  24.7  26.1  25.8  23.7  26.1  26.0  26.7  25.5  26.9  24.6 
Phase: -31 -39 -37 -37 -33 -31 -35 -36 -35 -34 -34 -33 -37 -34 -30 

96.4: Count:  52.8 (  0.9) A:  44.4 [20-111] B:  32.5 [20-83] Phase: -28 (84) 
Count:  51.6  52.3  53.1  51.8  51.7  52.4  53.5  54.1  52.0  54.1  53.0  54.2  52.8  53.4  51.7 
Phase: -23 -25 -31 -35 -29 -28 -29 -29 -27 -28 -30 -32 -27 -32 -25 

96.5: Count:  56.2 (  1.2) A:  46.0 [20-111] B:  33.5 [20-83] Phase: -39 (75) 
Count:  55.7  57.3  54.6  55.3  54.7  56.7  58.8  56.4  56.5  56.8  57.0  57.6  55.4  55.7  55.1 
Phase: -38 -43 -41 -41 -38 -39 -39 -37 -38 -34 -34 -38 -40 -40 -41 

96.6: Count:  44.0 (  1.6) A:  39.5 [20-91] B:  27.5 [20-75] Phase: -45 (42) 
Count:  44.2  43.5  41.9  42.5  42.0  45.2  47.8  45.6  43.0  44.5  43.0  46.1  44.1  43.3  42.7 
Phase: -45 -48 -48 -48 -45 -47 -46 -47 -46 -43 -42 -43 -44 -47 -48 

96.7: Count:  48.3 (  2.2) A:  44.6 [20-138] B:  29.7 [20-75] Phase: 105 (60) 
Count:  45.8  49.9  47.9  47.3  49.1  51.4  48.6  48.5  47.4  49.0  47.4  45.7  53.1  49.3  44.5 
Phase: 111 108 111 112 109 105 102 98 97 100 100 103 108 109 110 

96.8: Count:  98.4 (  0.5) A:  86.7 [25-152] B:  43.7 [20-105] Phase: 112 (18) 
Count:  98.5  98.2  98.3  98.9  98.6  98.9  98.8  99.1  97.9  98.0  97.9  97.4  98.0  98.7  98.4 
A: 87.9 90.1 86.5 83.4 83.8 84.5 82.8 85.1 88.4 88.3 87.0 89.1 91.7 86.4 85.3 
Phase: 116 115 116 117 115 111 108 104 106 108 108 111 113 116 116 

96.9: Count: 100.0 (  0.0) A: 124.4 [30-182] B:  61.5 [20-127] Phase: 112 (12) 
Count: 100.0 100.0 100.0 100.0  99.9 100.0 100.0 100.0 100.0 100.0 100.0 100.0 100.0 100.0 100.0 
A: 127.8 129.1 124.6 120.3 119.8 120.1 118.8 122.2 126.9 126.4 124.5 127.9 129.3 124.2 123.5 
Phase: 116 115 117 118 115 111 108 105 106 108 108 111 113 116 116 

97.0: Count: 100.0 (  0.0) A: 139.6 [39-204] B:  68.6 [25-125] Phase: 112 (12) 
A: 145.0 144.6 140.2 135.5 134.1 134.0 133.2 137.2 142.3 141.8 139.6 143.6 143.3 139.8 139.7 
B: 69.4 67.4 69.5 71.5 69.8 71.4 70.0 70.3 65.5 67.0 66.1 65.1 66.2 71.5 68.1 
Phase: 116 115 117 118 115 111 108 105 106 107 108 111 113 116 116 

97.1: Count: 100.0 (  0.0) A: 124.9 [24-190] B:  61.4 [21-115] Phase: 112 (11) 
A: 131.0 129.0 125.5 121.5 119.4 119.2 119.1 122.7 127.1 126.7 124.7 128.4 126.3 125.4 125.9 
B: 62.9 60.3 62.4 64.2 62.1 63.5 62.6 62.7 58.4 59.8 59.0 58.2 58.4 64.5 61.5 
Phase: 116 116 116 118 115 111 108 104 107 108 108 111 113 116 116 

97.2: Count:  99.3 (  0.3) A:  87.3 [26-143] B:  43.3 [20-95] Phase: 112 (13) 
Count:  98.6  99.0  99.1  99.6  99.4  99.2  99.8  99.4  99.3  99.3  99.0  99.5  99.4  99.6  99.7 
A: 93.1 90.0 87.9 85.2 83.0 82.8 83.1 85.7 88.7 88.4 87.0 89.8 86.7 88.1 89.0 
Phase: 117 116 116 118 115 111 108 104 107 108 108 111 113 117 116 

97.3: Count:  49.3 (  4.4) A:  45.4 [20-106] B:  27.4 [20-71] Phase: 112 (30) 
Count:  57.6  48.3  52.4  54.1  48.3  49.9  50.3  49.4  45.0  48.2  45.5  46.4  39.4  53.5  51.7 
A: 50.5 47.8 46.0 44.2 42.0 44.0 42.4 43.4 44.7 44.5 45.6 45.1 44.8 48.0 46.8 
Phase: 119 117 116 117 113 108 108 103 106 107 108 110 114 116 116 

97.4: Count:   2.2 (  0.4) A:  29.0 [20-94] B:  23.6 [20-54] Phase: 149 (95) 
Count:   2.7   3.1   2.4   2.0   2.3   2.5   2.0   2.2   1.5   2.1   2.3   2.0   2.3   2.4   1.6 
Phase: 153 146 -131 -175 123 142 -110 110 104 99 145 172 122 -1 170 

97.5: Count:  15.9 (  1.5) A:  35.9 [20-90] B:  23.7 [20-60] Phase: 109 (40) 
Count:  16.4  16.9  18.0  16.7  17.7  17.9  16.6  15.7  14.7  16.1  14.3  14.4  14.6  15.2  13.1 
Phase: 113 113 112 117 113 109 103 101 106 104 107 110 108 109 111 

97.6: Count:  22.6 (  2.1) A:  36.8 [20-84] B:  24.2 [20-58] Phase: 102 (37) 
Count:  23.5  22.3  24.6  26.3  24.2  24.0  21.6  23.1  20.0  22.4  20.2  21.5  18.3  24.7  23.0 
Phase: 106 109 106 107 106 100 94 95 97 95 95 101 101 104 102 

97.7: Count:   9.4 (  0.7) A:  32.1 [20-79] B:  23.9 [20-52] Phase: 77 (83) 
Count:  10.3  10.0   9.6   9.4   9.9   9.6   8.8   8.9   8.7   9.6   8.6   9.5   8.1  10.9   9.0 
Phase: 86 98 85 93 81 63 59 63 86 78 72 87 74 67 63 

97.8: Count:   6.3 (  0.7) A:  30.3 [20-71] B:  23.5 [20-55] Phase: -76 (76) 
Count:   7.0   6.8   5.8   6.9   6.0   7.3   6.3   5.7   5.7   6.2   6.0   5.6   5.8   7.5   5.4 
Phase: -58 -77 -77 -105 -76 -88 -72 -78 -69 -66 -76 -76 -81 -76 -75 

97.9: Count:   8.0 (  0.7) A:  28.8 [20-67] B:  23.6 [20-60] Phase: 122 (68) 
Count:   8.0   8.8   8.1   8.4   9.4   8.3   8.3   8.6   7.2   8.1   7.3   7.0   7.8   7.8   6.8 
Phase: 110 129 129 127 127 114 121 117 110 110 119 129 125 128 125 

98.0: Count:  10.2 (  1.0) A:  28.0 [20-64] B:  23.8 [20-56] Phase: 135 (62) 
Count:  10.0  10.7  11.8  11.0  11.3  10.8   9.9  10.6  10.1   8.9   9.1   9.2   8.4  11.4   9.8 
Phase: 123 141 145 137 143 133 136 129 121 123 131 134 140 145 145 

98.1: Count:  11.4 (  0.8) A:  29.1 [20-61] B:  24.2 [20-58] Phase: -117 (58) 
Count:  11.8  10.1  12.6  11.6  12.8  12.1  11.1  11.5  11.3  10.1  11.0  11.3  10.6  12.2  11.6 
Phase: -122 -123 -126 -124 -114 -115 -121 -112 -110 -113 -108 -111 -117 -119 -124 

98.2: Count:  11.2 (  0.9) A:  29.5 [20-61] B:  23.9 [20-54] Phase: -102 (37) 
Count:  11.2  12.2  11.2  10.7  12.2  11.5  10.7  11.1  11.6  10.7   9.6  13.1  10.9  10.1  10.3 
Phase: -105 -99 -102 -99 -101 -103 -104 -104 -101 -97 -96 -103 -100 -103 -105 

98.3: Count:   3.8 (  0.6) A:  25.0 [20-74] B:  23.2 [20-49] Phase: -123 (69) 
Count:   4.0   5.0   4.5   3.7   3.3   2.8   3.9   3.8   3.6   3.4   3.2   4.6   3.5   4.3   3.6 
Phase: -125 -121 -117 -123 -125 -138 -119 -114 -111 -124 -124 -144 -117 -121 -117 

98.4: Count:  21.3 (  1.9) A:  30.1 [20-73] B:  24.9 [20-68] Phase: -102 (60) 
Count:  19.8  21.4  25.5  20.7  20.5  18.2  22.7  21.6  18.5  21.9  19.9  20.7  21.8  23.4  23.3 
Phase: -108 -106 -99 -107 -99 -104 -99 -100 -104 -99 -100 -105 -98 -105 -101 

98.5: Count:  42.0 (  1.2) A:  38.1 [20-77] B:  26.8 [20-69] Phase: -90 (38) 
Count:  41.6  41.5  42.9  42.6  41.8  40.6  41.3  42.8  41.0  42.1  40.3  42.7  40.5  43.3  44.8 
Phase: -94 -90 -89 -89 -87 -89 -90 -88 -92 -90 -87 -91 -89 -92 -91 

98.6: Count:  26.7 (  1.6) A:  35.0 [20-70] B:  24.7 [20-59] Phase: -91 (31) 
Count:  28.7  27.3  24.2  29.7  25.5  26.3  24.2  28.0  28.0  26.2  24.8  27.5  25.4  26.6  27.7 
Phase: -94 -90 -91 -91 -88 -89 -92 -90 -92 -91 -88 -93 -93 -92 -93 

98.7: Count:   0.4 (  0.1) A:  24.4 [20-79] B:  23.9 [20-45] Phase: -127 (66) 
Count:   0.4   0.5   0.3   0.2   0.3   0.4   0.4   0.1   0.3   0.3   0.4   0.4   0.5   0.7   0.4 
Phase: -109 169 -148 -156 -156 -138 -78 -163 -116 -102 -147 -145 -95 -133 -114 

98.8: Count:  41.6 (  5.3) A:  45.5 [20-114] B:  24.7 [20-62] Phase: -86 (27) 
Count:  34.9  38.3  54.3  38.2  41.2  38.1  48.0  38.3  36.2  43.9  40.8  37.0  44.7  44.5  46.1 
A: 41.1 42.4 52.1 43.0 44.5 43.3 48.6 43.8 41.9 44.8 44.3 42.9 47.5 48.8 47.8 
Phase: -86 -86 -85 -87 -86 -87 -84 -86 -88 -84 -85 -87 -86 -84 -84 

98.9: Count:  99.7 (  0.1) A:  99.2 [27-155] B:  39.3 [20-81] Phase: -82 (12) 
Count:  99.7  99.7  99.7  99.5  99.7  99.6  99.6  99.7  99.6  99.6  99.6  99.8  99.8  99.7  99.8 
A: 95.7 97.2 103.5 97.2 98.6 97.4 101.2 97.8 96.5 99.9 98.7 97.3 101.3 102.2 102.2 
Phase: -82 -82 -82 -82 -82 -83 -83 -82 -83 -82 -82 -83 -84 -82 -82 

99.0: Count: 100.0 (  0.0) A: 142.2 [29-180] B:  56.2 [21-96] Phase: -82 (6) 
Phase: -82 -82 -83 -83 -82 -82 -83 -83 -83 -82 -83 -83 -83 -83 -83 

99.1: Count: 100.0 (  0.0) A: 158.6 [72-196] B:  62.6 [30-105] Phase: -83 (6) 
Phase: -82 -82 -82 -82 -82 -82 -83 -83 -83 -82 -83 -83 -83 -83 -83 

99.2: Count: 100.0 (  0.0) A: 143.2 [35-188] B:  56.7 [21-94] Phase: -83 (8) 
Phase: -82 -82 -82 -82 -82 -83 -82 -82 -83 -82 -83 -83 -83 -83 -83 

99.3: Count:  99.7 (  0.2) A: 100.9 [58-145] B:  40.1 [20-77] Phase: -82 (11) 
Count:  99.7  99.8  99.4  99.9  99.7  99.7  99.4  99.7  99.9  99.8  99.8  99.8  99.6  99.7  99.7 
Phase: -83 -83 -82 -83 -82 -83 -82 -82 -83 -82 -83 -82 -83 -83 -83 

99.4: Count:  45.5 (  5.3) A:  51.6 [20-115] B:  24.4 [20-55] Phase: -84 (16) 
Count:  52.3  50.9  34.8  50.4  42.5  48.7  39.5  48.8  50.7  43.1  44.6  51.0  41.2  43.1  40.1 
Phase: -83 -83 -83 -83 -84 -84 -84 -83 -84 -83 -84 -84 -84 -83 -84 

99.5: Count:   0.2 (  0.1) A:  25.2 [20-41] B:  23.9 [20-38] Phase: -108 (46) 
Count:   0.1   0.1   0.3   0.1   0.1   0.1   0.5   0.2   0.3   0.2   0.1   0.1   0.3   0.3   0.1 
A: 32.3 24.6 27.5 22.1 26.7 26.7 26.1 25.1 21.9 22.2 21.2 30.3 23.1 27.1 27.0 
B: 21.5 20.7 23.8 23.2 22.6 21.8 21.9 23.8 24.2 27.7 25.9 24.7 25.3 26.4 21.6 
Phase: -103 -133 -98 -120 -83 -132 -111 -85 -135 -92 -88 -153 -93 -111 -113 

99.6: Count:  10.4 (  0.8) A:  34.3 [20-69] B:  22.7 [20-52] Phase: -100 (30) 
Count:   9.2   9.4  12.2  10.3  10.8   9.1  10.6  10.7  10.4  10.9   9.8   9.9  10.1  11.4  10.8 
Phase: -100 -102 -95 -102 -100 -101 -98 -103 -99 -100 -102 -103 -98 -98 -102 

99.7: Count:  20.8 (  1.0) A:  38.1 [20-75] B:  23.4 [20-54] Phase: -93 (26) 
Count:  22.5  21.7  19.3  20.2  20.3  18.9  20.6  20.7  22.2  21.9  21.2  21.1  19.8  20.7  20.3 
Phase: -93 -94 -93 -92 -92 -91 -96 -95 -90 -92 -93 -95 -94 -92 -94 

99.8: Count:  10.0 (  0.9) A:  30.6 [20-60] B:  22.9 [20-50] Phase: -98 (27) 
Count:  12.1  10.1   8.9  10.2  10.1   9.8  10.1   9.9  10.8   9.8  11.1  10.1   8.9   9.0   9.4 
Phase: -98 -98 -96 -96 -97 -93 -100 -97 -96 -96 -99 -103 -97 -99 -99 

99.9: Count:   4.7 (  0.6) A:  25.4 [20-50] B:  22.7 [20-52] Phase: -150 (33) 
Count:   5.5   4.5   5.9   4.5   4.9   4.1   4.8   4.5   4.0   3.9   4.1   4.3   4.5   5.8   5.1 
Phase: -154 -159 -152 -153 -149 -147 -142 -149 -146 -144 -147 -157 -152 -153 -151 

100.0: Count:  20.0 (  1.2) A:  30.7 [20-67] B:  24.6 [20-50] Phase: -134 (40) 
Count:  20.9  21.0  22.7  19.1  20.2  19.2  19.7  19.7  17.9  19.7  19.9  19.7  18.4  21.6  20.4 
Phase: -138 -138 -134 -133 -129 -137 -130 -137 -134 -129 -132 -138 -131 -133 -132 

100.1: Count:  20.5 (  1.1) A:  30.4 [20-61] B:  24.3 [20-48] Phase: -115 (34) 
Count:  22.4  21.2  22.2  20.7  20.8  20.1  20.1  20.7  20.0  19.7  19.3  21.3  18.5  21.0  19.2 
Phase: -117 -119 -116 -114 -112 -116 -114 -117 -114 -115 -115 -117 -113 -117 -115 

100.2: Count:   3.7 (  0.8) A:  25.5 [20-48] B:  22.4 [20-39] Phase: -108 (26) 
Count:   5.7   4.3   3.1   3.6   3.5   4.4   2.8   3.6   4.9   3.0   2.7   3.2   3.9   3.8   3.5 
Phase: -109 -112 -110 -108 -108 -109 -104 -114 -103 -108 -110 -107 -108 -108 -108 

100.3: Count:   1.1 (  0.2) A:  26.2 [20-47] B:  22.1 [20-42] Phase: -158 (32) 
Count:   1.1   1.2   1.6   1.0   1.0   1.2   0.9   1.1   0.8   1.3   1.0   0.8   0.8   0.8   1.2 
Phase: -147 -156 -157 -159 -157 -159 -168 -167 -158 -160 -158 -167 -157 -145 -157 

100.4: Count:   7.6 (  0.9) A:  29.9 [20-64] B:  22.9 [20-40] Phase: -164 (34) 
Count:   6.4   7.8   8.9   8.4   8.0   6.5   8.5   8.9   6.7   8.1   7.5   6.3   7.1   7.4   7.5 
Phase: -166 -159 -164 -163 -164 -163 -167 -164 -165 -166 -166 -167 -161 -155 -162 

100.5: Count:  15.2 (  1.1) A:  29.2 [20-61] B:  23.7 [20-46] Phase: -158 (35) 
Count:  14.0  16.3  14.9  16.2  15.4  16.3  17.0  15.9  15.0  14.0  14.4  12.8  15.1  15.4  15.7 
Phase: -156 -156 -155 -158 -159 -159 -161 -159 -158 -157 -159 -158 -159 -157 -156 

100.6: Count:  14.0 (  1.3) A:  26.2 [20-56] B:  23.3 [20-43] Phase: -172 (26) 
Count:  13.6  14.7  14.4  14.9  15.5  14.3  15.2  16.3  14.5  12.8  12.3  11.3  13.5  13.8  13.3 
Phase: -173 -168 -171 -171 -174 -173 -174 -169 -169 -173 -172 -174 -173 -173 -168 

100.7: Count:  16.6 (  1.4) A:  29.0 [20-57] B:  23.1 [20-38] Phase: 168 (28) 
Count:  14.8  16.9  15.9  16.3  17.8  17.0  16.8  19.6  18.9  16.9  15.3  15.9  16.6  15.5  14.3 
Phase: 164 169 168 170 169 165 169 173 170 166 165 165 169 170 164 

100.8: Count:   7.2 (  0.7) A:  31.5 [20-67] B:  22.4 [20-38] Phase: 175 (43) 
Count:   5.8   7.2   6.8   6.8   7.1   7.7   7.4   8.5   7.7   8.0   6.3   6.9   7.4   6.9   7.1 
Phase: 173 177 173 179 179 -179 172 175 175 173 172 170 176 177 175 

100.9: Count:   0.4 (  0.1) A:  27.3 [20-56] B:  21.6 [20-32] Phase: -141 (53) 
Count:   0.3   0.4   0.3   0.3   0.4   0.4   0.3   0.3   0.4   0.6   0.5   0.4   0.4   0.6   0.3 
Phase: -148 -115 -127 -150 -123 -138 -150 -143 173 -143 -108 -151 -153 -148 -131 

101.0: Count:   0.0 (  0.0) A:  21.7 [20-27] B:  22.0 [20-26] Phase: -100 (35) 
Count:   0.1   0.0   0.0   0.0   0.0   0.0   0.0   0.1   0.0   0.0   0.0   0.1   0.1   0.0   0.0 
A: 23.2 27.0 * * 21.0 * 20.0 20.0 * 22.0 22.6 20.0 23.1 27.0 22.2 
Phase: -131 -104 * * -82 * -141 -116 * -18 -67 -70 -119 -111 -90 

101.1: Count:   0.5 (  0.1) A:  30.5 [20-62] B:  21.7 [20-35] Phase: 138 (63) 
Count:   0.6   0.6   0.3   0.4   0.5   0.3   0.4   0.7   0.5   0.7   0.3   0.5   0.4   0.7   0.5 
A: 30.5 29.7 30.0 29.8 27.9 32.1 32.8 36.1 28.6 29.4 35.4 30.5 29.7 29.0 27.7 
Phase: 112 123 121 97 152 152 143 179 -178 143 143 132 158 132 135 

101.2: Count:   1.9 (  0.4) A:  49.9 [20-82] B:  21.7 [20-34] Phase: 103 (61) 
Count:   1.5   1.7   2.6   1.9   1.5   1.4   2.3   1.8   1.9   2.4   1.6   1.5   1.8   2.1   1.9 
A: 52.4 48.8 44.5 46.9 48.2 50.6 52.8 58.8 53.9 50.4 51.9 48.6 48.8 47.5 45.9 
Phase: 109 94 59 70 53 120 112 149 138 117 109 114 116 95 91 

101.3: Count:   0.9 (  0.4) A:  65.9 [41-96] B:  21.6 [20-37] Phase: 100 (50) 
Count:   1.3   1.1   1.2   0.8   0.4   0.2   0.9   0.7   1.9   1.2   1.3   0.9   0.9   0.9   0.7 
A: 68.0 63.1 63.2 64.5 68.8 67.1 70.5 71.1 69.8 67.9 62.9 63.8 61.8 62.4 62.6 
Phase: 96 89 56 59 32 94 122 134 131 114 104 113 101 95 84 

101.4: Count:   1.4 (  0.4) A:  74.8 [24-111] B:  21.7 [20-33] Phase: 98 (45) 
Count:   1.6   1.3   1.9   1.3   0.8   0.5   1.1   1.7   2.2   1.7   1.7   1.3   1.1   1.2   1.4 
A: 75.0 72.3 69.4 72.3 74.8 75.5 77.3 84.8 77.6 75.0 74.1 74.8 73.5 69.1 74.1 
Phase: 91 82 56 63 44 101 111 132 127 117 115 121 109 76 92 

101.5: Count:   3.0 (  0.7) A:  71.2 [33-102] B:  21.8 [20-35] Phase: 102 (47) 
Count:   3.6   2.8   4.0   2.7   2.0   1.7   2.7   2.6   4.1   3.7   3.6   3.2   2.6   2.9   3.0 
A: 70.5 69.7 62.9 63.6 69.1 73.3 75.7 82.8 77.5 74.0 74.0 69.9 70.7 67.0 66.6 
Phase: 95 97 64 64 58 118 112 146 132 121 118 109 105 83 95 

101.6: Count:   1.7 (  0.4) A:  51.2 [20-83] B:  21.7 [20-36] Phase: 110 (58) 
Count:   1.5   1.6   2.0   1.4   1.4   1.4   1.6   1.3   2.9   1.8   2.3   1.7   1.6   1.6   1.6 
A: 50.6 49.3 46.8 44.9 47.1 54.5 52.1 58.7 53.9 54.4 54.4 52.8 48.8 48.5 47.6 
Phase: 86 94 74 52 68 118 110 142 134 130 121 127 113 104 85 

101.7: Count:   0.5 (  0.1) A:  29.5 [20-57] B:  21.7 [20-30] Phase: 158 (85) 
Count:   0.3   0.5   0.6   0.5   0.4   0.5   0.5   0.6   0.7   0.5   0.6   0.6   0.5   0.4   0.3 
A: 28.1 30.4 29.4 26.2 30.3 31.5 33.6 28.9 31.1 25.1 27.6 29.8 30.7 31.0 25.7 
Phase: 176 143 42 46 -31 177 115 163 -170 133 133 170 -169 151 -158 

101.8: Count:   1.6 (  0.4) A:  24.3 [20-50] B:  21.8 [20-31] Phase: -177 (26) 
Count:   2.4   2.1   1.4   1.5   1.4   1.0   1.5   1.9   1.8   1.5   1.6   1.7   1.5   1.8   1.1 
Phase: 176 -177 -178 -172 -176 -172 -178 -179 -172 -179 -175 -175 -177 -175 177 

101.9: Count:  15.7 (  1.0) A:  31.3 [20-61] B:  23.4 [20-45] Phase: 163 (30) 
Count:  16.4  16.8  15.9  15.7  14.0  14.0  15.6  18.1  15.5  15.6  15.4  15.6  16.5  15.1  15.2 
Phase: 163 163 163 163 160 160 161 166 164 162 162 165 162 162 161 

102.0: Count:  19.7 (  0.9) A:  32.7 [20-68] B:  24.2 [20-43] Phase: 159 (38) 
Count:  19.9  21.4  19.2  20.1  18.4  19.0  20.6  20.5  20.4  19.1  20.2  18.8  19.6  19.6  18.5 
Phase: 157 159 160 159 157 160 158 161 159 159 161 160 160 160 159 

102.1: Count:  14.3 (  0.8) A:  27.5 [20-70] B:  24.0 [20-43] Phase: 166 (38) 
Count:  14.4  15.6  13.4  13.8  14.2  13.5  15.1  14.8  14.3  13.5  15.7  14.5  13.1  15.2  13.5 
Phase: 167 165 170 165 163 160 166 169 169 165 164 164 169 167 169 

102.2: Count:  15.0 (  0.9) A:  26.4 [20-54] B:  25.2 [20-43] Phase: -180 (28) 
Count:  15.1  14.9  15.8  14.4  14.4  15.0  14.9  14.1  14.3  14.3  16.3  17.0  13.8  15.3  15.3 
Phase: -179 -179 -180 -179 179 177 177 179 -179 -180 179 -178 -179 -180 -180 

102.3: Count:  21.3 (  0.9) A:  29.1 [20-70] B:  25.4 [20-56] Phase: -172 (33) 
Count:  22.8  20.8  20.8  20.5  21.6  22.8  20.5  20.7  20.6  20.0  21.8  22.8  21.1  21.8  21.6 
Phase: -168 -171 -172 -171 -171 -175 -172 -171 -172 -173 -173 -171 -170 -174 -173 

102.4: Count:  14.9 (  0.6) A:  30.0 [20-67] B:  24.3 [20-43] Phase: -167 (49) 
Count:  15.2  14.3  13.6  14.6  15.6  16.0  15.2  14.7  14.5  13.9  14.6  15.3  14.9  15.3  15.4 
Phase: -164 -169 -166 -157 -163 -165 -168 -165 -166 -172 -169 -168 -166 -170 -165 

102.5: Count:   7.0 (  0.7) A:  27.7 [20-54] B:  23.2 [20-37] Phase: -158 (75) 
Count:   7.7   6.3   6.6   7.0   7.1   7.6   6.1   7.1   6.5   6.0   8.9   7.1   7.1   7.1   6.7 
Phase: -141 -160 -149 -153 -157 -167 -163 -167 -152 -151 -160 -162 -157 -166 -163 

102.6: Count:   9.8 (  0.8) A:  28.3 [20-86] B:  23.8 [20-42] Phase: -172 (57) 
Count:  11.8  10.0   9.6   9.8   9.9  10.6   8.6  10.3  10.0   8.6   9.7   8.5  10.1   9.4  10.0 
Phase: -172 -175 -174 -174 -173 -180 -173 -173 -166 -171 -176 -172 -162 -171 -171 

102.7: Count:  17.7 (  0.7) A:  29.1 [20-95] B:  25.1 [20-44] Phase: -170 (38) 
Count:  18.2  18.9  17.6  17.1  17.0  17.3  17.7  18.2  19.1  17.8  16.8  17.3  18.0  17.0  18.0 
Phase: -168 -170 -170 -169 -174 -173 -171 -171 -170 -175 -170 -167 -168 -167 -166 

102.8: Count:  11.3 (  0.7) A:  26.8 [20-74] B:  24.3 [20-42] Phase: -163 (33) 
Count:  11.6  11.5  10.2  11.0  10.9  10.9  11.8  11.6  12.5  12.1  11.3  11.1  10.7  11.4  10.1 
Phase: -163 -157 -160 -163 -163 -164 -170 -165 -165 -164 -165 -163 -160 -158 -164 

102.9: Count:   1.2 (  0.3) A:  23.9 [20-63] B:  22.3 [20-45] Phase: -153 (39) 
Count:   0.7   1.4   0.8   1.1   1.1   0.9   1.3   1.1   1.7   1.4   1.3   1.1   1.4   0.9   1.3 
Phase: -160 -144 -147 -155 -154 -157 -164 -139 -159 -161 -154 -158 -146 -146 -147 

103.0: Count:   2.1 (  0.3) A:  25.0 [20-43] B:  22.3 [20-38] Phase: -170 (36) 
Count:   2.6   2.4   2.2   2.3   2.3   1.9   1.9   1.8   1.8   2.0   2.1   2.2   2.2   1.5   2.0 
Phase: -170 -175 -174 -165 -170 -176 -170 -174 -162 -160 -167 -176 -167 -166 -177 

103.1: Count:  14.0 (  0.6) A:  27.2 [20-56] B:  23.5 [20-37] Phase: -165 (28) 
Count:  14.5  13.4  14.0  13.8  14.2  13.2  13.9  14.4  15.3  14.7  13.9  14.0  14.3  13.7  13.3 
Phase: -165 -167 -167 -165 -166 -166 -166 -162 -163 -162 -167 -164 -167 -162 -163 

103.2: Count:  10.3 (  1.0) A:  25.8 [20-57] B:  23.5 [20-46] Phase: -154 (33) 
Count:   9.0   9.2   9.4   9.9  10.0   9.8  10.6  10.6  12.0  12.4  10.9   9.4  11.2  10.0   9.7 
Phase: -154 -157 -152 -154 -155 -156 -157 -153 -152 -153 -155 -154 -154 -151 -152 

103.3: Count:   1.1 (  0.3) A:  23.8 [20-44] B:  22.0 [20-31] Phase: -129 (39) 
Count:   0.9   1.0   1.0   1.3   1.1   1.0   0.9   1.6   1.0   1.4   1.8   1.0   0.8   0.9   1.4 
Phase: -127 -137 -126 -124 -134 -135 -124 -127 -130 -135 -139 -127 -125 -124 -115 

103.4: Count:   3.1 (  0.6) A:  25.5 [20-42] B:  22.4 [20-37] Phase: -165 (32) 
Count:   3.6   3.6   3.5   3.8   3.6   2.7   3.0   3.1   2.3   3.4   3.0   3.8   2.5   2.9   2.0 
Phase: -167 -171 -169 -166 -167 -164 -166 -168 -168 -165 -159 -159 -168 -166 -158 

103.5: Count:  37.7 (  1.2) A:  32.8 [20-66] B:  25.8 [20-50] Phase: -163 (16) 
Count:  36.7  37.1  38.5  38.1  38.0  37.4  38.2  39.0  37.6  38.5  36.8  40.2  37.8  35.9  35.8 
Phase: -163 -161 -161 -163 -163 -164 -164 -162 -164 -162 -162 -162 -164 -164 -164 

103.6: Count:  55.4 (  0.8) A:  32.3 [20-75] B:  26.4 [20-49] Phase: -152 (15) 
Count:  54.9  54.9  56.9  55.1  54.6  54.8  55.2  55.6  55.8  56.7  54.2  54.8  56.6  55.3  55.7 
Phase: -152 -151 -151 -152 -152 -153 -152 -151 -152 -153 -152 -152 -151 -152 -153 

103.7: Count:  23.8 (  1.5) A:  27.8 [20-65] B:  24.0 [20-42] Phase: -144 (20) 
Count:  21.7  23.6  22.4  23.8  22.8  23.8  23.1  23.2  23.0  23.3  23.9  23.2  25.9  27.5  25.4 
Phase: -143 -142 -144 -144 -145 -145 -144 -145 -144 -145 -145 -145 -145 -146 -146 

103.8: Count:   8.7 (  0.9) A:  28.5 [20-70] B:  23.1 [20-42] Phase: -164 (25) 
Count:   9.7   9.1  10.1   9.2   9.2   7.6   8.6   8.7   9.1   8.7   9.0   9.0   8.3   6.6   7.5 
Phase: -162 -162 -165 -162 -163 -161 -163 -167 -166 -165 -163 -162 -164 -163 -164 

103.9: Count:  86.0 (  1.8) A:  46.6 [20-98] B:  37.0 [20-80] Phase: -148 (18) 
Count:  86.8  86.3  88.4  85.2  87.4  85.2  86.3  87.2  88.0  87.2  85.5  87.2  84.3  82.2  82.8 
Phase: -148 -147 -147 -149 -148 -150 -148 -147 -148 -148 -149 -148 -149 -150 -150 

104.0: Count: 100.0 (  0.0) A:  78.6 [32-123] B:  64.6 [28-98] Phase: -145 (7) 
Phase: -145 -144 -144 -146 -146 -146 -145 -145 -145 -145 -146 -145 -145 -146 -146 

104.1: Count: 100.0 (  0.0) A: 107.9 [48-152] B:  88.9 [54-120] Phase: -145 (5) 
104.2: Count: 100.0 (  0.0) A: 119.6 [58-176] B:  98.3 [46-140] Phase: -145 (7) 
Phase: -145 -145 -144 -145 -145 -146 -145 -145 -145 -145 -146 -145 -145 -146 -146 

104.3: Count: 100.0 (  0.0) A: 109.4 [20-167] B:  89.8 [40-135] Phase: -145 (8) 
Phase: -145 -144 -144 -146 -146 -146 -145 -145 -145 -145 -146 -145 -145 -146 -146 

104.4: Count: 100.0 (  0.0) A:  79.6 [29-125] B:  65.9 [21-113] Phase: -146 (10) 
Phase: -145 -144 -144 -145 -145 -146 -145 -145 -145 -146 -146 -145 -145 -146 -146 

104.5: Count:  81.5 (  1.3) A:  48.1 [20-117] B:  40.9 [20-100] Phase: -144 (26) 
Count:  79.3  81.3  79.9  80.7  80.6  81.4  81.0  81.1  81.6  82.0  82.8  80.7  82.5  83.7  84.3 
Phase: -143 -143 -143 -143 -144 -144 -144 -143 -144 -144 -144 -144 -143 -144 -144 

104.6: Count:  55.2 (  1.0) A:  47.9 [20-112] B:  31.8 [20-70] Phase: -126 (72) 
Count:  53.6  54.5  53.7  56.4  54.3  55.3  55.4  56.6  53.9  55.7  55.2  56.7  56.1  55.1  56.1 
Phase: -127 -120 -130 -119 -123 -135 -124 -128 -123 -134 -128 -128 -124 -121 -123 

104.7: Count:  62.9 (  0.9) A:  61.9 [20-138] B:  34.1 [20-88] Phase: -119 (77) 
Count:  62.6  63.7  62.0  63.0  62.0  62.0  63.5  62.2  61.5  63.2  64.8  63.0  63.8  63.1  63.7 
Phase: -130 -117 -121 -120 -122 -124 -116 -120 -120 -126 -114 -121 -113 -118 -111 

104.8: Count:  65.4 (  1.0) A:  65.6 [20-133] B:  32.9 [20-75] Phase: -101 (75) 
Count:  64.1  64.5  65.7  65.1  64.7  64.1  65.5  64.9  64.7  65.5  66.0  65.5  67.5  66.9  65.9 
Phase: -101 -101 -101 -100 -106 -99 -96 -100 -104 -105 -90 -98 -105 -105 -96 

104.9: Count:  75.7 (  1.0) A:  61.0 [20-117] B:  36.6 [20-75] Phase: -117 (73) 
Count:  73.5  76.3  76.2  76.9  76.5  76.0  75.8  76.8  75.1  74.0  75.8  75.1  76.9  75.6  74.8 
Phase: -120 -114 -120 -114 -116 -116 -114 -117 -123 -116 -108 -113 -115 -119 -117 

105.0: Count:  91.1 (  0.7) A:  62.1 [20-129] B:  55.0 [20-96] Phase: -145 (45) 
Count:  91.8  90.7  91.8  91.3  91.1  90.8  91.3  92.4  90.9  90.8  91.3  89.8  91.3  90.7  90.2 
Phase: -144 -143 -147 -143 -144 -145 -144 -145 -148 -145 -144 -146 -144 -145 -147 

105.1: Count:  96.1 (  0.5) A:  70.3 [20-140] B:  75.4 [21-123] Phase: -145 (24) 
Count:  95.6  96.5  97.0  95.4  96.0  96.1  96.6  96.4  96.0  96.3  96.0  95.6  96.4  95.7  95.3 
Phase: -145 -144 -146 -145 -146 -146 -145 -145 -145 -146 -145 -146 -145 -144 -146 

105.2: Count:  99.7 (  0.1) A:  70.9 [20-139] B:  81.7 [31-129] Phase: -145 (14) 
Count:  99.5  99.8  99.8  99.8  99.6  99.5  99.7  99.9  99.6  99.6  99.6  99.5  99.9  99.4  99.7 
Phase: -144 -144 -146 -146 -145 -145 -145 -145 -145 -146 -145 -146 -145 -145 -146 

105.3: Count: 100.0 (  0.0) A:  62.2 [20-107] B:  73.5 [31-107] Phase: -145 (10) 
Count: 100.0 100.0 100.0 100.0 100.0 100.0 100.0 100.0 100.0 100.0 100.0 100.0 100.0  99.9 100.0 
Phase: -143 -144 -145 -146 -145 -145 -144 -145 -144 -146 -146 -146 -146 -145 -146 

105.4: Count:  93.1 (  0.6) A:  51.9 [20-107] B:  55.6 [20-114] Phase: -146 (23) 
Count:  93.4  93.1  93.3  92.3  93.1  93.2  93.9  93.6  92.3  94.1  93.3  92.3  93.2  92.6  92.6 
Phase: -145 -145 -146 -147 -146 -146 -145 -145 -146 -147 -145 -147 -146 -145 -146 

105.5: Count:  72.9 (  0.5) A:  52.2 [20-97] B:  42.9 [20-98] Phase: -173 (33) 
Count:  72.2  72.0  72.8  72.4  72.9  73.3  73.4  72.8  72.9  73.2  72.9  73.7  72.6  72.8  73.0 
Phase: -174 -173 -173 -174 -172 -174 -172 -173 -174 -173 -173 -173 -173 -173 -173 

105.6: Count:  68.7 (  1.1) A:  41.0 [20-107] B:  30.6 [20-61] Phase: 179 (23) 
Count:  67.9  68.1  66.7  69.0  68.2  68.8  68.1  67.6  68.8  68.8  67.4  70.9  70.2  69.9  69.5 
Phase: 179 -180 179 179 -180 179 179 179 178 178 179 179 179 178 179 

105.7: Count:  25.2 (  1.0) A:  29.1 [20-100] B:  27.4 [20-59] Phase: -150 (24) 
Count:  22.8  25.5  26.9  25.8  26.2  25.7  25.3  25.3  26.0  24.1  24.9  23.9  24.6  25.8  25.3 
Phase: -151 -148 -149 -151 -149 -151 -149 -149 -151 -150 -150 -148 -149 -150 -149 

105.8: Count:  53.4 (  1.1) A:  37.9 [20-85] B:  32.8 [20-69] Phase: -164 (26) 
Count:  55.2  53.3  53.9  52.8  54.9  51.4  52.2  54.0  53.0  51.8  53.8  54.5  54.1  52.6  53.3 
Phase: -166 -164 -165 -162 -164 -163 -163 -165 -165 -165 -166 -165 -164 -163 -164 

105.9: Count:  84.9 (  0.4) A:  57.7 [20-146] B:  43.7 [20-107] Phase: 177 (30) 
Count:  85.2  85.0  84.3  84.8  85.3  84.6  84.8  85.6  84.5  84.5  84.9  84.4  85.3  85.0  85.1 
Phase: 177 177 177 177 178 177 177 177 176 177 177 178 177 177 177 

106.0: Count:  84.7 (  0.9) A:  60.5 [20-168] B:  49.4 [20-108] Phase: 178 (38) 
Count:  83.6  85.6  83.6  85.7  84.1  84.9  85.1  85.4  84.2  86.3  84.2  83.3  84.2  85.6  84.8 
Phase: 178 177 178 178 179 178 178 178 177 178 178 179 177 177 178 

106.1: Count:  67.3 (  0.9) A:  40.8 [20-88] B:  43.4 [20-95] Phase: -138 (38) 
Count:  67.8  67.2  67.0  66.4  66.9  68.1  65.4  66.6  66.5  69.1  67.8  68.2  67.6  67.6  66.9 
Phase: -137 -138 -136 -138 -136 -140 -139 -137 -139 -138 -138 -138 -138 -140 -138 

106.2: Count:  65.4 (  1.4) A:  41.1 [20-119] B:  41.3 [20-95] Phase: -146 (40) 
Count:  67.3  66.6  65.3  64.8  66.9  63.3  62.5  66.6  66.2  65.0  65.9  66.9  64.3  63.8  65.6 
Phase: -149 -147 -143 -145 -147 -144 -144 -147 -147 -144 -149 -146 -146 -145 -145 

106.3: Count:  97.2 (  0.4) A:  82.3 [20-150] B:  54.0 [20-125] Phase: 174 (21) 
Count:  97.7  96.9  96.7  97.8  97.7  97.1  97.4  97.5  96.4  97.1  96.7  97.1  97.1  97.3  97.0 
Phase: 174 175 174 174 175 174 174 174 174 174 174 175 174 174 175 

106.4: Count:  99.2 (  0.2) A: 102.9 [47-164] B:  66.7 [20-125] Phase: 174 (21) 
Count:  99.3  99.0  98.6  99.2  99.1  99.4  99.1  99.3  99.3  99.2  99.2  99.1  99.2  99.2  99.3 
Phase: 174 174 174 174 175 174 174 174 173 173 174 174 174 173 174 

106.5: Count:  88.3 (  0.7) A:  72.5 [20-153] B:  65.0 [20-134] Phase: -175 (59) 
Count:  87.1  87.9  88.5  88.2  88.3  88.5  89.1  89.3  87.8  88.0  88.1  87.5  89.1  89.3  87.7 
Phase: -175 -174 -175 -175 -174 -177 -175 -175 -178 -174 -173 -175 -175 -176 -175 

106.6: Count:  93.3 (  0.9) A:  56.9 [20-215] B:  70.5 [20-152] Phase: -118 (33) 
Count:  92.4  93.1  93.7  92.5  92.8  94.2  94.0  92.0  92.9  95.1  92.8  93.1  93.5  94.3  92.5 
Phase: -121 -118 -118 -120 -118 -118 -117 -116 -119 -117 -120 -118 -117 -120 -121 

106.7: Count:  98.7 (  0.2) A: 175.8 [44-346] B: 120.9 [20-250] Phase: 174 (32) 
Count:  98.9  98.7  99.0  98.6  99.0  98.2  98.6  98.7  98.4  99.0  98.7  98.8  98.8  98.4  98.8 
A: 180.3 177.6 177.5 174.5 179.1 172.2 172.7 178.1 174.6 172.9 175.7 177.0 176.5 172.9 173.8 
Phase: 175 174 174 175 175 175 174 174 174 174 174 175 174 174 174 

106.8: Count: 100.0 (  0.0) A: 321.7 [181-438] B: 202.8 [70-310] Phase: 174 (14) 
A: 327.0 324.1 323.2 320.5 325.4 317.9 319.0 325.3 320.8 318.2 320.9 323.3 323.5 318.0 317.9 
Phase: 174 174 174 174 174 174 174 174 173 173 174 175 174 173 174 

106.9: Count: 100.0 (  0.0) A: 430.5 [255-519] B: 266.9 [153-344] Phase: 174 (8) 
A: 434.6 432.8 431.6 429.5 433.9 427.3 428.6 434.5 430.4 427.1 428.8 432.2 433.5 427.0 425.4 
Phase: 174 174 174 174 174 174 174 174 173 173 174 174 174 173 174 

107.0: Count: 100.0 (  0.0) A: 472.3 [127-522] B: 291.2 [88-347] Phase: 174 (4) 
A: 474.0 474.0 472.7 471.8 474.5 470.4 471.8 476.0 473.1 469.7 469.7 473.7 476.1 469.7 466.6 

107.1: Count: 100.0 (  0.0) A: 430.8 [327-489] B: 265.4 [198-318] Phase: -163 (0) 
A: 429.8 431.7 430.5 430.9 431.5 430.7 431.7 433.5 432.2 429.2 427.6 431.6 434.6 429.7 425.4 

107.2: Count: 100.0 (  0.0) A: 322.4 [233-404] B: 199.2 [113-269] Phase: 174 (4) 
A: 319.2 322.6 321.7 323.1 321.9 323.9 324.3 324.0 324.1 322.0 319.4 322.7 325.5 322.7 318.3 

107.3: Count: 100.0 (  0.0) A: 175.6 [77-309] B: 109.9 [24-195] Phase: 174 (10) 
Phase: 174 174 173 174 174 174 173 174 173 173 174 174 174 173 175 

107.4: Count:  68.6 (  1.8) A:  44.0 [20-280] B:  41.7 [20-164] Phase: -173 (39) 
Count:  64.5  68.1  67.4  69.7  67.9  69.6  70.6  66.9  68.7  69.4  65.9  68.5  70.0  71.1  70.3 
Phase: -170 -171 -171 -173 -172 -175 -176 -171 -173 -176 -174 -171 -172 -172 -172 

107.5: Count:  86.8 (  0.8) A:  64.2 [20-234] B:  46.9 [20-139] Phase: 176 (26) 
Count:  88.2  86.6  86.4  86.3  86.7  86.7  85.7  86.8  85.5  87.6  88.0  87.5  87.1  86.5  86.4 
Phase: 176 175 177 175 176 175 175 176 175 176 174 176 176 174 176 

107.6: Count: 100.0 (  0.0) A: 101.7 [40-147] B:  63.8 [21-109] Phase: 174 (12) 
Phase: 174 174 173 174 175 174 174 174 173 173 173 175 174 173 174 

107.7: Count:  99.9 (  0.1) A:  85.8 [31-133] B:  53.4 [20-93] Phase: 174 (13) 
Count:  99.9  99.8  99.8  99.9  99.9  99.9  99.9  99.7  99.9  99.9  99.9  99.9  99.9 100.0  99.7 
Phase: 174 174 173 174 174 174 174 174 173 173 174 175 174 173 174 

107.8: Count:  60.4 (  2.1) A:  42.6 [20-161] B:  29.8 [20-94] Phase: -176 (22) 
Count:  56.9  59.7  57.9  60.9  58.3  63.1  62.4  57.5  60.5  62.3  58.6  61.4  62.3  62.4  61.9 
Phase: -175 -176 -176 -177 -175 -177 -177 -176 -177 -177 -176 -176 -176 -177 -176 

107.9: Count:  20.6 (  1.6) A:  33.3 [20-92] B:  25.1 [20-63] Phase: -160 (22) 
Count:  24.2  20.8  21.9  19.8  22.9  18.7  19.0  21.7  19.8  20.1  21.0  20.8  18.0  20.2  20.0 
Phase: -160 -161 -161 -158 -161 -160 -158 -160 -160 -162 -162 -160 -160 -158 -160 

108.0: Count:  96.2 (  0.7) A:  54.7 [20-107] B:  34.3 [20-66] Phase: 174 (15) 
Count:  97.2  96.4  96.4  96.1  96.0  96.6  95.8  95.5  94.5  96.5  95.9  97.0  96.5  95.7  96.6 
Phase: 174 174 174 174 175 174 174 174 174 174 174 175 174 174 175 

108.1: Count:  98.8 (  0.2) A:  58.3 [25-111] B:  36.3 [20-67] Phase: 174 (13) 
Count:  99.0  98.9  98.7  98.8  99.0  99.1  98.6  98.7  99.1  98.7  98.6  99.3  98.8  98.5  98.9 
Phase: 174 174 174 174 174 174 174 174 173 174 174 175 174 173 174 

108.2: Count:  65.5 (  1.7) A:  37.4 [20-72] B:  26.5 [20-49] Phase: 176 (17) 
Count:  62.9  64.3  63.1  65.2  63.5  67.1  67.1  63.5  66.6  67.1  64.9  67.2  67.5  67.3  66.0 
Phase: 177 177 177 176 177 177 177 177 176 176 176 177 176 176 176 

108.3: Count:   0.0 (  0.1) A:  22.0 [20-58] B:  21.1 [20-33] Phase: -145 (36) 
Count:   0.0   0.0   0.0   0.0   0.0   0.0   0.1   0.1   0.2   0.0   0.1   0.0   0.0   0.0   0.0 
Phase: * -125 * -130 -151 -141 -112 -170 -138 * -161 * * -155 * 

108.4: Count:  45.2 (  1.5) A:  32.9 [20-83] B:  23.9 [20-46] Phase: 177 (16) 
Count:  47.1  45.4  45.8  44.7  46.0  42.6  43.6  43.8  42.6  45.9  46.3  46.7  46.5  44.6  46.2 
Phase: 178 177 177 177 178 178 178 178 176 177 177 178 177 176 177 

108.5: Count:  89.1 (  1.0) A:  43.0 [20-101] B:  27.6 [20-58] Phase: 174 (13) 
Count:  88.0  87.7  87.9  88.0  89.1  89.1  88.9  88.7  88.0  90.3  90.9  90.4  89.8  89.6  90.0 
Phase: 175 175 174 174 175 175 174 175 174 173 174 175 174 174 174 

108.6: Count:  61.6 (  1.7) A:  35.1 [20-90] B:  25.0 [20-46] Phase: 176 (16) 
Count:  58.2  59.4  59.4  61.1  60.0  62.9  61.9  60.5  61.8  63.0  62.5  63.5  63.7  63.3  62.5 
Phase: 177 176 175 176 177 176 176 176 174 175 176 175 176 174 176 

108.7: Count:   0.4 (  0.2) A:  23.2 [20-52] B:  21.5 [20-34] Phase: -173 (22) 
Count:   0.3   0.2   0.2   0.4   0.4   0.3   0.4   0.5   0.9   0.3   0.4   0.4   0.3   0.6   0.4 
Phase: -159 -174 -160 -177 -172 -172 -171 -168 -174 -168 -171 -173 -179 174 -167 

108.8: Count:   1.2 (  0.3) A:  24.0 [20-83] B:  21.7 [20-41] Phase: -175 (20) 
Count:   2.0   1.2   1.4   0.8   1.7   1.2   1.4   1.1   0.9   1.2   1.4   1.2   1.1   1.1   1.0 
Phase: -176 -170 178 -175 -177 -172 179 -173 -170 -172 -173 -176 -176 -173 -172 

108.9: Count:  45.5 (  1.2) A:  32.2 [20-61] B:  23.3 [20-40] Phase: 176 (16) 
Count:  45.5  45.5  44.1  44.7  45.9  43.9  43.9  45.4  44.0  46.2  46.9  47.2  46.4  47.5  45.7 
Phase: 176 175 176 175 177 176 175 176 175 176 174 175 175 175 177 

109.0: Count:  48.4 (  1.9) A:  32.2 [20-69] B:  23.5 [20-42] Phase: 175 (16) 
Count:  46.0  46.6  45.6  49.5  47.7  50.6  48.9  46.4  47.2  49.1  47.8  50.1  49.4  52.3  49.1 
Phase: 177 175 175 176 177 175 175 175 175 176 175 176 176 175 176 

109.1: Count:   2.4 (  0.3) A:  24.2 [20-43] B:  21.6 [20-32] Phase: 178 (21) 
Count:   2.3   2.1   1.9   2.8   2.1   2.8   2.4   2.2   2.4   2.4   2.2   2.6   2.4   3.1   2.6 
Phase: -176 178 176 177 178 178 -180 176 177 176 176 179 -177 178 175 

109.2: Count:   0.0 (  0.0) A:  29.0 [29-29] B:  20.0 [20-20] Phase: 157 (0) 
109.3: Count:   5.9 (  0.8) A:  25.3 [20-80] B:  21.7 [20-35] Phase: 177 (17) 
Count:   7.4   5.7   5.4   5.4   6.4   4.4   5.9   6.9   5.7   4.9   6.2   6.0   6.4   6.5   5.6 
Phase: 178 175 177 177 179 179 175 177 177 178 178 176 176 176 179 

109.4: Count:  26.9 (  1.2) A:  28.5 [20-97] B:  22.5 [20-37] Phase: 175 (16) 
Count:  27.4  26.0  24.9  25.9  26.2  25.6  26.9  27.9  26.8  26.6  26.3  28.4  29.1  28.0  27.8 
Phase: 177 175 174 176 176 175 175 176 175 175 176 175 176 175 176 

109.5: Count:   6.4 (  0.6) A:  24.8 [20-100] B:  21.8 [20-35] Phase: 177 (19) 
Count:   5.8   6.5   5.5   6.4   6.1   6.5   7.1   5.6   6.6   6.8   5.6   6.9   7.2   7.4   6.0 
Phase: 178 174 175 177 177 177 177 178 177 177 176 177 176 176 177 

109.6: Count:   0.0 (  0.0) A:  26.1 [22-50] B:  23.0 [20-34] Phase: -158 (46) 
Phase: * * * -169 -171 * * * 167 * * * * -13 * 

109.7: Count:   0.1 (  0.1) A:  21.9 [20-48] B:  21.1 [20-32] Phase: 178 (19) 
Count:   0.2   0.2   0.1   0.0   0.1   0.1   0.1   0.1   0.1   0.0   0.2   0.1   0.0   0.0   0.1 
Phase: -176 178 177 161 160 -177 174 177 -170 -165 179 164 179 173 -164 

109.8: Count:   6.8 (  0.7) A:  25.4 [20-60] B:  21.6 [20-32] Phase: 175 (17) 
Count:   8.0   7.0   5.6   6.9   6.6   6.1   6.2   6.7   6.0   7.5   6.6   7.5   7.7   6.7   6.4 
Phase: 175 175 175 174 175 174 173 173 175 176 174 176 174 175 176 

109.9: Count:   7.0 (  0.7) A:  24.9 [20-108] B:  21.7 [20-34] Phase: 173 (17) 
Count:   6.3   6.5   6.2   6.9   6.8   6.2   7.0   7.0   6.6   8.0   7.3   7.2   8.3   8.3   7.2 
Phase: 174 173 174 173 171 173 171 173 175 175 174 174 175 170 173 

110.0: Count:   0.1 (  0.1) A:  22.6 [20-87] B:  21.2 [20-37] Phase: 166 (34) 
Count:   0.1   0.0   0.0   0.1   0.0   0.1   0.2   0.1   0.1   0.1   0.1   0.0   0.2   0.2   0.0 
Phase: -178 156 176 157 161 170 -177 131 169 173 163 172 160 170 170 

110.1: Count:   0.0 (  0.0) A:  31.5 [31-32] B:  27.0 [23-31] Phase: 161 (3) 
110.2: Count:   0.5 (  0.1) A:  22.8 [20-38] B:  21.3 [20-31] Phase: 169 (18) 
Count:   0.5   0.5   0.4   0.3   0.4   0.4   0.4   0.5   0.5   0.7   0.4   0.5   0.6   0.7   0.2 
Phase: 164 172 168 167 170 169 165 174 164 168 163 178 172 166 178 

110.3: Count:   3.8 (  0.5) A:  23.9 [20-46] B:  21.6 [20-35] Phase: 172 (17) 
Count:   3.8   3.6   3.8   3.7   3.6   3.5   3.5   5.0   3.4   3.6   3.2   3.7   4.5   4.6   4.1 
Phase: 173 173 171 170 170 171 172 174 173 170 173 171 173 171 174 

110.4: Count:   0.5 (  0.1) A:  22.4 [20-45] B:  21.3 [20-29] Phase: 171 (21) 
Count:   0.4   0.4   0.5   0.6   0.6   0.5   0.6   0.5   0.4   0.4   0.3   0.4   0.6   0.9   0.3 
Phase: 165 -175 166 174 171 175 167 167 167 164 166 163 179 174 172 

110.5: Count:   0.0 (  0.0) A:  27.0 [27-27] B:  20.0 [20-20] Phase: 171 (0) 
110.6: Count:   0.0 (  0.0) A:  22.3 [21-28] B:  20.6 [20-26] Phase: 173 (11) 
Phase: -179 157 * * * * * * * * * * * -174 * 

110.7: Count:   0.6 (  0.2) A:  22.9 [20-61] B:  21.3 [20-29] Phase: 171 (21) 
Count:   0.6   0.4   0.6   0.5   0.7   0.4   0.4   1.0   0.6   0.7   0.5   0.5   0.9   0.8   0.4 
Phase: 177 161 170 171 168 166 -180 167 165 -179 172 172 168 171 -177 

110.8: Count:   0.9 (  0.2) A:  22.8 [20-47] B:  21.3 [20-32] Phase: 170 (20) 
Count:   0.7   1.0   1.0   0.6   1.1   0.9   1.0   1.1   0.5   1.1   0.8   0.9   1.0   1.4   1.0 
Phase: 173 172 174 171 170 173 172 169 168 167 168 175 168 165 170 

110.9: Count:   0.0 (  0.0) A:  22.7 [20-39] B:  20.7 [20-25] Phase: 156 (28) 
Count:   0.0   0.0   0.0   0.0   0.0   0.1   0.0   0.0   0.0   0.0   0.0   0.0   0.0   0.0   0.0 
A: 1:34.0 2:24.0 4:21.4 5:21.5 6:25.0 7:21.0 9:22.0 11:20.0 13:21.3 14:20.0 
Phase: * 162 122 * 163 164 86 163 * 139 * 109 * 157 165 

111.0: Count:   0.0 (  0.0) A:  29.0 [29-29] B:  29.0 [29-29] Phase: 161 (0) 
111.1: Count:   0.0 (  0.0) A:  22.2 [20-42] B:  21.9 [20-24] Phase: 160 (31) 
Count:   0.0   0.0   0.0   0.0   0.0   0.0   0.0   0.0   0.0   0.0   0.0   0.0   0.0   0.0   0.0 
Phase: * 154 * * 90 139 * -175 -174 178 * * * 155 164 

111.2: Count:   0.3 (  0.1) A:  22.2 [20-50] B:  21.4 [20-29] Phase: 161 (21) 
Count:   0.5   0.5   0.2   0.2   0.4   0.3   0.3   0.3   0.3   0.3   0.2   0.4   0.3   0.4   0.2 
Phase: 152 155 169 166 156 162 159 167 170 179 160 157 160 164 162 

111.3: Count:   0.1 (  0.1) A:  22.0 [20-53] B:  21.5 [20-26] Phase: 154 (26) 
Count:   0.1   0.0   0.0   0.0   0.1   0.1   0.1   0.0   0.0   0.2   0.0   0.3   0.0   0.2   0.0 
Phase: 170 98 * -179 153 145 172 174 145 158 111 147 164 156 * 

111.4: Count:   0.0 (  0.0) A:  27.3 [21-32] B:  23.0 [20-26] Phase: 169 (7) 
Phase: * 164 * * 179 * * * * * * * * * * 

111.5: Count:   0.0 (  0.0) A:  23.0 [23-23] B:  23.0 [23-23] Phase: -175 (0) 
111.6: Count:   0.0 (  0.0) A:  21.8 [20-30] B:  20.9 [20-24] Phase: 159 (27) 
Count:   0.1   0.1   0.0   0.0   0.0   0.0   0.1   0.0   0.0   0.0   0.0   0.0   0.1   0.0   0.0 
Phase: 160 162 -176 * 162 * 136 * 150 149 165 * 168 -174 165 

111.7: Count:   0.1 (  0.1) A:  21.9 [20-36] B:  20.8 [20-25] Phase: 162 (25) 
Count:   0.2   0.1   0.1   0.1   0.2   0.1   0.2   0.1   0.0   0.1   0.0   0.1   0.1   0.1   0.1 
Phase: 153 170 170 166 178 160 150 167 165 156 176 174 145 160 156 

111.8: Count:   0.0 (  0.0) A:  25.2 [20-35] B:  21.3 [20-26] Phase: 154 (13) 
Phase: * 151 * * * 126 139 * * * 166 * * * 163 

111.9: Count:   0.0 (  0.0) A:  23.5 [21-24] B:  20.2 [20-21] Phase: 111 (53) 
Phase: * 134 * * * * * * * * 65 * * * * 

112.0: Count:   0.0 (  0.0) A:  25.5 [20-31] B:  24.0 [23-25] Phase: 70 (87) 
Phase: * * * * * * * * * * 70 * * * * 

112.1: Count:   0.0 (  0.1) A:  22.4 [20-30] B:  21.3 [20-26] Phase: 155 (28) 
Count:   0.0   0.0   0.0   0.0   0.1   0.0   0.0   0.0   0.0   0.0   0.0   0.1   0.2   0.0   0.1 
A: 21.0 26.0 21.0 21.5 22.1 24.0 23.7 * 20.0 * 27.3 22.9 21.4 23.3 20.4 
Phase: 168 150 151 141 178 145 176 * 177 * 75 136 157 149 137 

112.2: Count:   0.0 (  0.0) A:  21.8 [20-28] B:  21.2 [20-26] Phase: 168 (25) 
Count:   0.0   0.1   0.0   0.0   0.0   0.0   0.1   0.0   0.0   0.1   0.0   0.0   0.1   0.0   0.0 
Phase: * 171 171 140 136 166 160 -144 * -170 137 138 152 176 145 

112.3: Count:   0.0 (  0.0) A:  31.5 [29-34] B:  23.0 [22-24] Phase: 123 (21) 
Phase: * * * * * * * * * * 123 * * * * 

112.4: Count:   0.0 (  0.0) A:  27.7 [21-34] B:  21.0 [21-21] Phase: 98 (39) 
Phase: * * * * * * * * * * 98 * * * * 

112.5: Count:   0.0 (  0.0) A:  21.5 [20-25] B:  22.8 [20-24] Phase: 101 (50) 
Phase: * -180 * -20 * * 161 * * 72 64 * 91 * * 

112.6: Count:   0.0 (  0.0) A:  22.3 [20-44] B:  21.9 [20-27] Phase: 143 (30) 
Count:   0.0   0.1   0.0   0.1   0.0   0.0   0.1   0.0   0.0   0.0   0.0   0.1   0.0   0.0   0.0 
Phase: 150 157 149 154 * * 159 138 * 148 128 124 129 142 124 

112.7: Count:   0.0 (  0.0) A:  22.6 [20-39] B:  22.2 [20-27] Phase: 137 (25) 
Count:   0.0   0.0   0.0   0.0   0.0   0.0   0.0   0.0   0.0   0.0   0.0   0.0   0.1   0.0   0.0 
Phase: * * * 151 * * 132 * * 147 130 134 138 145 126 

112.8: Count:   0.0 (  0.0) A:  35.8 [22-40] B:  20.9 [20-24] Phase: -14 (11) 
Phase: * * * * * * -8 * * * -34 * * * * 

112.9: Count:   0.0 (  0.0) A:  27.6 [24-34] B:  24.6 [23-25] Phase: -14 (42) 
Phase: * * * * * * -28 * * * -20 * * 138 * 

113.0: Count:   0.0 (  0.0) A:  25.1 [21-38] B:  20.9 [20-23] Phase: 124 (17) 
Phase: * * * * * * * * * * 124 * * 126 114 

113.1: Count:   0.0 (  0.0) A:  21.9 [20-32] B:  20.9 [20-27] Phase: 132 (27) 
Count:   0.0   0.0   0.0   0.0   0.0   0.0   0.0   0.1   0.0   0.0   0.1   0.0   0.1   0.1   0.0 
Phase: 111 135 * 87 * * 97 115 * 136 138 150 125 159 156 

113.2: Count:   0.0 (  0.0) A:  25.4 [20-41] B:  21.6 [20-25] Phase: 96 (69) 
Count:   0.0   0.0   0.0   0.0   0.0   0.0   0.1   0.0   0.0   0.0   0.0   0.0   0.0   0.0   0.0 
Phase: * -23 * * * * 119 * * * 102 * 116 * * 

113.4: Count:   0.0 (  0.0) A:  24.0 [23-27] B:  21.5 [21-23] Phase: 121 (35) 
Phase: * * * -179 * * * * * * 101 * * * * 

113.5: Count:   0.0 (  0.0) A:  23.3 [20-24] B:  24.0 [20-26] Phase: 96 (23) 
Count:   0.0   0.0   0.0   0.1   0.0   0.0   0.0   0.0   0.0   0.0   0.0   0.0   0.0   0.0   0.0 
Phase: * * * 105 * 165 59 * * 100 109 * * * * 

113.6: Count:   0.0 (  0.0) A:  21.9 [20-29] B:  21.9 [20-25] Phase: 134 (37) 
Count:   0.0   0.0   0.0   0.0   0.0   0.0   0.1   0.0   0.0   0.0   0.0   0.0   0.1   0.0   0.0 
Phase: * * 97 137 170 108 130 * * 95 116 136 144 * 151 

113.7: Count:   0.0 (  0.0) A:  21.9 [21-23] B:  22.1 [20-23] Phase: 114 (50) 
Phase: * * * * * 99 99 * 167 167 -32 119 * * * 

113.8: Count:   0.0 (  0.0) A:  25.7 [22-27] B:  21.4 [20-23] Phase: 18 (35) 
Phase: * * * * * * 10 * * * 2 * * 144 * 

113.9: Count:   0.1 (  0.0) A:  22.2 [20-48] B:  22.4 [20-29] Phase: 65 (23) 
Count:   0.1   0.0   0.1   0.0   0.0   0.1   0.1   0.1   0.0   0.1   0.1   0.2   0.1   0.1   0.2 
Phase: 60 72 83 68 78 46 53 61 58 82 68 60 80 63 59 

114.0: Count:   1.8 (  0.3) A:  23.5 [20-57] B:  24.2 [20-43] Phase: 81 (26) 
Count:   1.9   1.6   2.6   1.8   1.9   1.6   1.9   1.9   1.8   1.5   1.6   2.4   1.8   1.7   1.5 
Phase: 76 86 79 82 84 79 79 87 80 89 81 80 80 78 79 

114.1: Count:   7.2 (  0.5) A:  25.4 [20-53] B:  26.1 [20-54] Phase: 76 (26) 
Count:   7.0   6.5   7.9   6.8   7.3   7.0   7.1   7.7   7.1   7.1   6.9   8.2   7.3   6.7   7.9 
Phase: 72 77 76 76 76 74 73 79 77 77 78 73 74 76 75 

114.2: Count:  14.1 (  0.6) A:  26.2 [20-56] B:  28.2 [20-62] Phase: 62 (21) 
Count:  13.7  13.9  14.0  13.7  14.1  13.8  14.3  14.1  13.7  14.7  13.4  13.5  14.8  15.6  14.4 
Phase: 58 60 64 61 61 61 62 62 62 63 63 62 62 62 63 

114.3: Count:  21.6 (  0.8) A:  26.2 [20-54] B:  29.2 [20-67] Phase: 51 (14) 
Count:  22.4  20.7  20.0  22.4  21.8  20.5  21.1  21.7  21.9  22.8  20.8  21.8  21.6  22.3  22.0 
Phase: 47 48 50 49 49 51 51 51 52 53 52 52 51 52 53 

114.4: Count:  24.7 (  1.0) A:  27.7 [20-62] B:  29.9 [20-70] Phase: 47 (18) 
Count:  24.0  23.3  22.4  25.2  24.8  24.6  24.9  26.1  25.2  25.0  24.0  25.2  24.6  25.7  25.8 
Phase: 43 44 45 44 44 47 46 46 47 48 47 49 47 49 48 

114.5: Count:  24.2 (  0.6) A:  28.8 [20-64] B:  30.5 [20-74] Phase: 45 (26) 
Count:  24.3  23.9  23.3  24.4  24.6  24.6  24.5  24.3  23.7  23.3  23.4  23.7  25.3  24.7  24.6 
Phase: 43 46 45 43 44 44 45 45 46 47 46 46 44 47 46 

114.6: Count:  23.1 (  0.7) A:  28.0 [20-72] B:  31.2 [20-79] Phase: 44 (27) 
Count:  23.6  23.3  21.3  23.0  23.7  23.1  23.8  23.1  23.4  22.5  22.4  22.2  23.8  23.3  23.8 
Phase: 44 47 46 44 44 43 44 44 45 43 44 44 43 43 43 

114.7: Count:  21.8 (  0.5) A:  26.1 [20-69] B:  32.7 [20-88] Phase: 44 (21) 
Count:  21.8  21.9  20.8  21.1  21.6  21.6  21.8  22.6  21.9  22.6  21.7  21.3  22.3  22.4  22.0 
Phase: 47 48 46 45 46 44 44 43 45 44 43 41 41 42 41 

114.8: Count:  22.7 (  0.9) A:  25.6 [20-57] B:  34.3 [20-81] Phase: 47 (15) 
Count:  23.8  23.0  22.0  22.4  22.8  22.8  21.7  21.5  24.2  23.6  23.3  22.3  21.9  23.6  21.1 
Phase: 48 50 50 48 47 47 47 46 47 47 46 46 45 44 44 

114.9: Count:  27.7 (  1.0) A:  27.3 [20-78] B:  33.0 [20-77] Phase: 52 (19) 
Count:  29.1  27.1  27.8  26.8  28.4  28.5  26.1  26.2  28.3  29.0  28.1  28.2  27.1  27.1  26.9 
Phase: 51 52 53 50 52 51 51 51 53 53 51 52 51 50 53 

115.0: Count:  29.6 (  0.6) A:  29.6 [20-72] B:  31.8 [20-78] Phase: 54 (24) 
Count:  30.3  28.8  28.1  29.6  29.9  29.9  29.8  29.0  29.3  30.2  30.0  30.5  29.8  29.5  29.7 
Phase: 52 53 54 54 53 53 55 55 56 57 54 55 54 56 56 

115.1: Count:  29.5 (  0.7) A:  29.9 [20-75] B:  31.0 [20-78] Phase: 52 (24) 
Count:  29.4  29.5  28.5  29.2  30.2  29.3  28.4  28.8  29.5  29.5  29.7  30.1  30.5  30.5  29.6 
Phase: 49 50 50 50 50 51 52 52 54 53 52 52 53 53 54 

115.2: Count:  28.1 (  0.9) A:  28.3 [20-69] B:  31.2 [20-81] Phase: 44 (19) 
Count:  28.0  28.5  27.1  28.4  28.3  27.6  27.0  26.7  28.2  28.6  28.0  28.7  30.2  29.3  27.5 
Phase: 43 43 43 43 43 44 44 44 46 46 45 45 45 45 46 

115.3: Count:  25.1 (  1.0) A:  26.4 [20-60] B:  32.9 [20-79] Phase: 40 (14) 
Count:  23.9  24.1  24.7  24.9  24.9  23.1  24.2  25.4  24.9  26.3  26.0  26.5  26.3  26.5  24.8 
Phase: 41 40 41 40 40 41 39 40 41 39 40 39 39 40 41 

115.4: Count:  23.3 (  1.0) A:  26.3 [20-61] B:  33.9 [20-79] Phase: 43 (19) 
Count:  21.8  23.1  23.0  24.7  22.9  21.3  23.2  23.8  22.3  23.2  24.4  24.5  24.5  24.0  23.3 
Phase: 45 45 46 44 43 44 42 44 43 44 43 41 42 39 41 

115.5: Count:  25.4 (  0.8) A:  27.4 [20-63] B:  33.4 [20-83] Phase: 51 (25) 
Count:  25.2  25.8  24.6  26.7  25.3  24.2  25.8  25.3  24.4  26.2  25.9  25.6  26.9  25.3  24.4 
Phase: 52 53 54 52 52 52 50 51 52 52 51 49 49 48 48 

115.6: Count:  27.3 (  0.7) A:  28.1 [20-67] B:  32.7 [20-82] Phase: 56 (24) 
Count:  27.4  27.1  26.9  28.4  26.7  26.5  27.7  27.0  26.8  27.7  27.7  27.3  29.0  26.9  26.2 
Phase: 56 57 58 55 56 57 56 55 59 57 55 55 55 53 54 

115.7: Count:  28.0 (  0.7) A:  27.7 [20-67] B:  31.6 [20-74] Phase: 55 (18) 
Count:  29.2  27.8  27.6  28.5  27.9  27.0  27.2  27.1  27.3  28.0  28.8  28.2  28.4  27.9  28.9 
Phase: 54 54 54 54 54 55 54 55 56 56 55 56 55 56 55 

115.8: Count:  27.3 (  0.9) A:  26.9 [20-66] B:  30.9 [20-76] Phase: 51 (14) 
Count:  27.7  26.5  26.0  28.0  26.9  27.0  26.6  27.2  27.1  26.6  28.8  28.6  28.6  27.0  27.7 
Phase: 48 49 50 49 50 51 50 51 52 52 52 52 51 52 52 

115.9: Count:  24.5 (  0.9) A:  26.8 [20-60] B:  31.3 [20-73] Phase: 47 (18) 
Count:  24.2  25.0  24.1  24.5  24.0  23.4  24.2  24.0  24.4  24.5  24.5  26.7  24.5  24.0  26.2 
Phase: 46 46 47 48 47 47 47 47 49 47 48 48 48 48 48 

116.0: Count:  22.6 (  0.8) A:  26.9 [20-69] B:  31.9 [20-77] Phase: 48 (24) 
Count:  23.1  23.0  22.4  22.4  21.9  21.9  21.0  22.4  23.1  23.0  23.4  23.1  22.5  21.6  24.0 
Phase: 49 49 48 50 49 47 49 48 50 47 48 47 46 46 49 

116.1: Count:  21.9 (  0.6) A:  26.4 [20-59] B:  32.7 [20-84] Phase: 52 (24) 
Count:  22.4  22.2  21.1  22.3  21.2  22.4  20.7  21.2  22.1  21.4  22.5  22.6  21.7  22.6  22.1 
Phase: 54 53 53 52 52 53 51 52 51 52 51 49 49 49 50 

116.2: Count:  21.4 (  0.6) A:  25.7 [20-59] B:  34.1 [20-89] Phase: 54 (17) 
Count:  21.6  22.6  21.1  22.0  21.3  21.5  20.7  21.5  20.6  21.3  21.4  21.9  21.7  20.5  21.7 
Phase: 56 56 57 55 55 55 54 54 55 54 53 52 53 53 54 

116.3: Count:  22.9 (  0.7) A:  25.5 [20-58] B:  34.0 [20-88] Phase: 56 (12) 
Count:  23.6  23.2  23.7  23.9  22.7  22.7  22.0  23.4  23.6  22.6  23.0  22.7  22.1  21.3  22.4 
Phase: 55 56 57 56 56 57 56 56 57 58 56 56 56 56 56 

116.4: Count:  24.7 (  0.7) A:  26.4 [20-67] B:  32.3 [20-101] Phase: 57 (16) 
Count:  24.8  24.1  25.6  25.3  24.1  24.0  24.1  24.5  25.5  26.0  24.5  24.9  25.6  24.2  23.9 
Phase: 55 56 55 56 57 56 57 58 58 59 58 58 57 57 58 

116.5: Count:  23.7 (  0.7) A:  27.4 [20-58] B:  31.2 [20-72] Phase: 56 (22) 
Count:  23.1  22.8  23.2  23.4  24.5  23.4  23.0  22.7  24.3  24.5  23.5  23.1  23.6  24.8  24.8 
Phase: 53 55 54 54 54 55 56 56 59 57 56 57 55 57 57 

116.6: Count:  21.1 (  0.8) A:  27.0 [20-65] B:  31.1 [20-70] Phase: 52 (23) 
Count:  21.8  20.3  20.5  20.6  21.9  20.5  20.7  20.4  21.4  22.7  20.8  20.2  20.8  22.0  21.7 
Phase: 50 52 51 52 51 52 52 50 54 52 51 52 51 53 53 

116.7: Count:  17.9 (  0.7) A:  25.3 [20-65] B:  32.3 [20-76] Phase: 50 (20) 
Count:  17.7  16.8  17.3  17.7  18.2  17.1  16.8  18.6  18.4  19.0  17.6  17.7  17.5  18.6  18.8 
Phase: 53 51 50 51 51 50 49 49 49 49 48 49 49 49 50 

116.8: Count:  14.5 (  0.7) A:  24.3 [20-54] B:  34.8 [20-79] Phase: 53 (15) 
Count:  15.7  15.1  14.0  14.6  14.3  13.3  14.1  14.5  15.0  15.3  14.7  13.6  13.5  15.3  14.5 
Phase: 57 57 57 55 55 54 52 53 52 53 51 52 51 50 50 

116.9: Count:  16.8 (  1.1) A:  24.7 [20-59] B:  34.3 [20-81] Phase: 61 (17) 
Count:  18.8  18.7  17.1  17.9  16.8  15.7  15.7  17.1  16.1  17.3  17.1  16.6  15.0  16.7  15.5 
Phase: 63 63 64 61 62 60 59 60 60 61 59 59 58 59 57 

117.0: Count:  20.8 (  0.7) A:  26.1 [20-59] B:  32.6 [20-78] Phase: 66 (21) 
Count:  20.7  22.0  20.8  21.2  20.5  20.3  19.6  21.4  19.8  21.3  21.0  21.3  21.3  20.9  19.7 
Phase: 66 65 67 65 66 65 65 66 66 66 65 66 66 65 64 

117.1: Count:  21.2 (  0.8) A:  26.8 [20-66] B:  31.2 [20-80] Phase: 66 (22) 
Count:  21.5  21.2  20.8  22.7  20.4  20.3  19.8  21.7  21.6  21.1  22.2  21.2  22.1  21.4  20.8 
Phase: 67 66 65 66 66 66 65 68 68 67 66 66 67 67 64 

117.2: Count:  18.9 (  1.0) A:  26.0 [20-61] B:  30.6 [20-79] Phase: 62 (19) 
Count:  17.8  18.0  17.4  19.3  18.2  17.8  17.5  19.8  20.0  19.2  20.2  19.9  19.9  19.2  20.0 
Phase: 61 62 61 60 61 62 61 63 64 64 61 62 61 63 61 

117.3: Count:  14.6 (  1.1) A:  24.5 [20-57] B:  31.8 [20-73] Phase: 57 (15) 
Count:  13.1  13.7  13.3  14.5  13.7  13.7  12.9  15.7  15.5  15.2  15.9  15.3  15.3  16.1  15.7 
Phase: 57 57 56 57 58 58 57 58 59 58 56 57 57 59 57 

117.4: Count:  12.1 (  0.6) A:  24.0 [20-54] B:  33.5 [20-79] Phase: 59 (17) 
Count:  12.2  11.6  11.6  12.7  12.0  11.1  11.8  13.5  11.7  12.9  12.1  12.1  12.3  11.9  12.5 
Phase: 61 61 60 61 60 59 60 61 60 59 59 61 58 57 58 

117.5: Count:  14.1 (  0.7) A:  24.5 [20-59] B:  33.3 [20-76] Phase: 66 (21) 
Count:  15.9  13.9  13.9  15.0  14.1  13.3  14.5  14.4  13.7  14.6  12.8  14.0  14.2  13.3  13.9 
Phase: 65 69 69 66 68 64 65 66 67 66 65 66 64 61 64 

117.6: Count:  16.8 (  0.9) A:  25.1 [20-55] B:  32.8 [20-80] Phase: 71 (22) 
Count:  19.2  17.1  17.2  17.1  17.1  15.7  17.9  16.1  16.3  16.8  15.7  15.9  17.1  16.2  16.2 
Phase: 68 73 73 70 72 70 68 72 72 71 71 72 70 68 69 

117.7: Count:  17.2 (  0.9) A:  25.3 [20-59] B:  32.4 [20-78] Phase: 72 (20) 
Count:  18.6  16.7  17.3  17.7  16.7  15.8  18.1  18.5  18.3  17.7  16.5  16.8  16.4  17.5  16.1 
Phase: 69 72 73 72 73 71 71 71 71 74 73 72 72 73 70 

117.8: Count:  15.3 (  0.9) A:  24.6 [20-48] B:  32.1 [20-73] Phase: 69 (17) 
Count:  15.1  13.7  15.4  14.7  14.5  13.9  15.9  17.1  15.2  15.8  15.9  16.5  15.2  15.7  14.8 
Phase: 66 69 69 69 69 68 69 68 69 71 69 69 70 70 69 

117.9: Count:  12.4 (  1.1) A:  24.2 [20-49] B:  32.2 [20-73] Phase: 66 (17) 
Count:  11.6  10.4  11.8  11.0  11.6  11.4  11.8  14.0  13.7  13.0  13.5  12.5  13.7  12.8  13.6 
Phase: 64 66 67 65 66 65 64 65 66 68 65 65 67 67 65 

118.0: Count:  11.4 (  0.9) A:  24.2 [20-46] B:  32.1 [20-77] Phase: 65 (21) 
Count:  10.6  10.5  10.8  10.1  10.7  10.3  10.6  12.4  12.4  12.5  12.2  12.2  12.2  11.6  12.1 
Phase: 62 68 68 68 66 65 63 65 67 65 65 63 66 66 64 

118.1: Count:  11.4 (  0.7) A:  24.2 [20-49] B:  32.5 [20-80] Phase: 69 (24) 
Count:  11.0  11.9  11.0   9.8  11.0  11.0  10.4  11.8  12.3  12.2  11.4  12.3  12.2  11.5  11.2 
Phase: 66 73 73 71 71 70 70 69 69 67 68 65 69 68 66 

118.2: Count:  10.8 (  0.8) A:  23.9 [20-45] B:  33.8 [20-78] Phase: 74 (22) 
Count:  11.6  11.9  10.4  10.0  10.9  10.4  10.0  10.1  11.9  10.8  10.6  11.4  11.1  11.5   9.3 
Phase: 77 78 78 75 75 74 75 75 74 70 72 74 72 73 71 

118.3: Count:   9.5 (  0.9) A:  23.6 [20-50] B:  35.3 [20-78] Phase: 79 (18) 
Count:  10.5  11.1   9.6   9.3   9.6   9.4   9.4   9.0  11.0   9.4   9.2   9.0   9.3  10.0   7.5 
Phase: 79 81 79 79 78 79 81 80 78 77 77 77 78 78 77 

118.4: Count:   9.8 (  0.6) A:  23.5 [20-45] B:  35.0 [20-74] Phase: 80 (17) 
Count:   9.6  10.5   9.7   9.6   9.6   9.9   9.8  10.1  11.1  10.4   9.9   9.0   9.3   9.8   9.0 
Phase: 78 81 80 80 80 80 81 82 79 81 81 83 81 80 79 

118.5: Count:  11.5 (  0.7) A:  23.9 [20-49] B:  32.9 [20-81] Phase: 79 (19) 
Count:  11.7  10.9  11.6  10.2  11.4  11.9  11.1  11.3  12.4  12.5  11.9  11.6  10.5  11.6  12.5 
Phase: 79 78 76 78 79 78 78 80 79 81 80 83 81 81 79 

118.6: Count:  11.6 (  0.9) A:  24.2 [20-48] B:  31.7 [20-74] Phase: 76 (22) 
Count:  11.1  10.4  10.6  10.4  11.3  11.0  11.4  11.2  13.1  12.4  12.4  11.5  11.6  11.5  13.6 
Phase: 76 75 73 75 76 74 75 75 75 77 76 79 75 77 75 

118.7: Count:   9.7 (  0.8) A:  23.8 [20-45] B:  32.2 [20-80] Phase: 73 (22) 
Count:   9.2   9.1   8.5   8.5   9.4   9.2   9.3  10.5   9.9  10.3  10.7   9.6   9.9  10.2  10.9 
Phase: 75 75 69 74 72 70 72 72 72 74 70 75 69 72 73 

118.8: Count:   6.7 (  0.6) A:  23.0 [20-47] B:  34.9 [20-74] Phase: 73 (19) 
Count:   6.4   6.0   6.3   5.9   6.6   5.5   6.3   6.9   7.1   6.8   7.5   7.1   7.7   7.1   7.2 
Phase: 75 76 70 75 73 73 71 72 74 72 72 73 72 71 73 

118.9: Count:   4.7 (  0.4) A:  22.6 [20-56] B:  37.5 [20-78] Phase: 78 (17) 
Count:   4.8   4.7   4.4   4.5   4.9   4.0   4.4   4.6   5.0   5.0   5.2   4.9   4.9   4.7   4.1 
Phase: 80 79 77 78 80 80 77 78 78 75 78 78 76 76 79 

119.0: Count:   5.5 (  0.6) A:  22.8 [20-49] B:  36.8 [20-75] Phase: 84 (17) 
Count:   6.0   6.4   5.5   5.4   6.2   5.1   4.9   5.7   6.0   5.6   5.3   5.8   5.4   5.3   4.2 
Phase: 83 83 83 85 86 83 85 87 83 81 84 85 84 86 82 

119.1: Count:   7.5 (  0.5) A:  23.1 [20-50] B:  34.4 [20-75] Phase: 87 (19) 
Count:   7.4   7.5   7.2   7.6   8.4   7.9   6.5   7.4   7.8   7.7   8.2   7.2   6.8   7.6   7.7 
Phase: 88 86 85 86 87 90 87 89 85 83 88 88 87 88 87 

119.2: Count:   7.9 (  0.7) A:  23.3 [20-51] B:  32.9 [20-75] Phase: 86 (20) 
Count:   7.8   7.0   7.3   7.4   8.4   8.5   6.9   7.5   8.3   7.8   8.8   7.8   7.9   9.1   8.7 
Phase: 85 84 83 86 85 87 86 87 85 87 87 87 87 89 89 

119.3: Count:   5.5 (  0.4) A:  22.9 [20-65] B:  33.4 [20-72] Phase: 84 (20) 
Count:   5.0   5.0   5.6   5.1   5.2   5.5   5.3   5.4   6.0   5.4   6.4   5.6   5.5   5.9   5.6 
Phase: 83 81 84 83 83 81 85 85 84 84 84 85 83 86 86 

119.4: Count:   3.0 (  0.4) A:  22.4 [20-53] B:  35.2 [20-69] Phase: 83 (20) 
Count:   2.9   3.0   2.9   2.8   2.6   2.3   2.9   3.0   3.2   3.7   3.6   2.7   2.6   3.3   3.3 
Phase: 83 84 82 82 83 80 86 82 83 82 82 85 83 83 84 

119.5: Count:   2.3 (  0.4) A:  22.2 [20-58] B:  36.1 [20-78] Phase: 86 (21) 
Count:   2.1   2.7   1.9   3.2   2.0   1.8   2.3   2.3   2.3   2.9   2.7   2.6   1.6   2.3   2.2 
Phase: 85 88 83 89 86 84 89 88 83 84 86 88 85 87 86 

119.6: Count:   3.5 (  0.3) A:  22.3 [20-40] B:  35.8 [20-71] Phase: 90 (21) 
Count:   3.3   3.7   3.6   4.0   3.5   3.3   3.4   3.8   3.8   3.6   3.6   3.6   2.5   3.2   3.5 
Phase: 91 91 91 90 93 90 91 92 90 90 87 90 89 88 90 

119.7: Count:   5.1 (  0.5) A:  22.8 [20-47] B:  34.6 [20-70] Phase: 92 (22) 
Count:   4.4   5.4   5.8   6.1   4.8   4.9   5.3   5.3   5.1   4.7   5.4   5.1   4.4   5.1   4.4 
Phase: 92 90 94 89 92 92 92 91 88 92 93 92 91 92 92 

119.8: Count:   5.2 (  0.4) A:  22.8 [20-56] B:  34.1 [20-72] Phase: 87 (24) 
Count:   5.0   5.6   5.3   6.0   5.1   4.8   5.3   5.7   5.9   5.0   5.2   4.9   4.5   4.8   5.0 
Phase: 81 83 88 85 89 89 89 87 85 89 90 90 85 89 89 

119.9: Count:   4.0 (  0.5) A:  22.6 [20-51] B:  33.7 [20-72] Phase: 81 (23) 
Count:   3.3   4.1   3.8   4.1   4.0   3.6   3.7   4.8   4.6   3.6   4.1   4.9   3.5   3.8   4.3 
Phase: 76 79 82 79 81 78 82 83 80 83 82 83 80 79 84 

120.0: Count:   3.2 (  0.5) A:  22.5 [20-51] B:  33.6 [20-68] Phase: 76 (25) 
Count:   2.2   3.0   2.7   3.3   2.8   2.4   3.0   3.9   3.4   3.0   3.9   3.8   3.3   3.2   3.8 
Phase: 73 77 77 76 77 75 79 77 73 79 72 78 72 76 80 

120.1: Count:   3.3 (  0.4) A:  22.5 [20-51] B:  32.6 [20-67] Phase: 77 (29) 
Count:   3.1   3.2   2.8   3.2   3.0   2.3   3.5   3.4   2.8   2.9   3.9   3.8   3.5   3.7   3.6 
Phase: 73 82 77 83 82 79 81 74 74 82 70 76 73 71 78 

120.2: Count:   3.8 (  0.4) A:  22.6 [20-46] B:  32.9 [20-72] Phase: 83 (29) 
Count:   3.5   3.9   3.8   3.8   4.0   3.2   3.4   4.8   3.5   4.3   3.5   3.7   4.1   3.4   3.4 
Phase: 84 89 81 85 85 85 81 83 79 87 81 84 77 85 81 

120.3: Count:   3.4 (  0.3) A:  22.4 [20-58] B:  35.1 [20-79] Phase: 90 (25) 
Count:   3.3   4.1   3.7   3.9   3.5   3.3   3.3   3.7   3.2   3.8   3.2   3.2   3.3   2.9   3.0 
Phase: 88 89 89 90 90 94 90 90 91 91 88 88 89 97 87 

120.4: Count:   2.3 (  0.3) A:  22.2 [20-55] B:  38.1 [20-82] Phase: 92 (20) 
Count:   2.2   2.6   2.7   2.4   2.2   2.3   2.6   2.3   2.1   2.4   2.4   1.7   2.0   2.1   1.7 
Phase: 87 93 92 91 89 93 92 92 94 93 91 94 93 95 90 

120.5: Count:   1.4 (  0.3) A:  21.9 [20-49] B:  40.6 [20-81] Phase: 91 (18) 
Count:   1.3   1.5   1.2   1.6   1.5   1.5   1.9   1.3   1.7   1.7   1.5   0.9   0.9   1.1   1.2 
Phase: 89 89 89 89 89 93 92 91 94 94 91 90 89 95 95 

120.6: Count:   1.3 (  0.2) A:  21.7 [20-55] B:  38.5 [20-80] Phase: 88 (20) 
Count:   1.0   1.1   1.2   1.3   1.3   1.4   1.8   1.6   1.5   1.2   1.5   1.0   1.0   1.4   1.5 
Phase: 82 88 88 85 86 87 84 91 86 88 88 89 84 94 89 

120.7: Count:   1.3 (  0.3) A:  21.6 [20-56] B:  36.7 [20-74] Phase: 86 (22) 
Count:   1.2   0.9   0.6   0.9   1.2   1.3   1.8   1.5   1.5   1.1   1.4   1.2   1.2   1.5   1.4 
Phase: 86 86 88 88 89 85 84 89 84 86 85 86 86 91 83 

120.8: Count:   0.9 (  0.2) A:  21.7 [20-37] B:  36.9 [20-79] Phase: 86 (25) 
Count:   0.7   0.7   0.8   0.7   0.8   0.8   0.7   1.3   0.8   0.8   0.9   1.1   1.2   1.2   1.1 
B: 39.5 31.2 36.2 33.4 39.4 40.4 36.8 35.6 35.1 38.2 37.0 39.3 35.5 38.9 36.6 
Phase: 84 84 91 91 86 89 89 87 86 87 80 88 83 81 92 

120.9: Count:   0.5 (  0.1) A:  21.6 [20-43] B:  40.6 [20-73] Phase: 87 (24) 
Count:   0.6   0.3   0.4   0.5   0.6   0.6   0.4   0.7   0.5   0.4   0.5   0.4   0.5   0.6   0.5 
B: 41.7 33.5 38.2 44.0 39.8 45.4 33.6 38.5 41.2 43.0 39.2 42.2 41.1 41.3 41.5 
Phase: 85 96 93 91 84 90 89 85 91 93 84 84 82 78 93 

121.0: Count:   0.4 (  0.1) A:  21.6 [20-49] B:  45.5 [20-76] Phase: 88 (26) 
Count:   0.4   0.3   0.2   0.4   0.4   0.2   0.3   0.5   0.3   0.5   0.5   0.2   0.4   0.3   0.2 
B: 51.0 42.6 46.8 50.8 43.0 43.7 39.1 39.1 44.6 43.0 46.7 49.0 45.9 48.4 53.0 
Phase: 79 94 93 89 87 88 117 91 89 85 92 80 82 91 82 

121.1: Count:   0.5 (  0.2) A:  21.8 [20-46] B:  46.4 [20-73] Phase: 87 (22) 
Count:   0.8   0.9   0.6   0.6   0.4   0.4   0.8   0.6   0.4   0.4   0.3   0.3   0.3   0.2   0.2 
B: 47.3 44.3 47.2 50.1 49.4 48.2 45.0 44.5 45.4 41.8 45.4 49.0 44.5 47.9 49.0 
Phase: 88 84 85 89 88 90 91 89 88 83 83 84 88 85 88 

121.2: Count:   1.2 (  0.3) A:  21.9 [20-46] B:  42.6 [20-83] Phase: 85 (20) 
Count:   1.2   1.6   1.8   1.2   1.0   1.2   1.3   1.3   1.3   0.9   0.9   1.5   1.0   1.1   0.9 
Phase: 84 80 85 85 87 85 86 95 84 85 83 83 86 80 81 

121.3: Count:   1.7 (  0.3) A:  22.0 [20-47] B:  40.2 [20-83] Phase: 84 (20) 
Count:   1.5   1.9   2.1   1.6   1.3   1.7   1.7   1.8   2.0   1.5   1.7   2.2   1.6   1.6   1.3 
Phase: 85 83 83 81 85 80 80 90 85 83 87 85 89 87 85 

121.4: Count:   1.2 (  0.2) A:  21.8 [20-53] B:  40.8 [20-79] Phase: 83 (21) 
Count:   1.0   1.0   1.0   1.0   1.0   0.9   1.2   1.1   1.3   1.6   1.3   1.6   1.4   1.5   1.2 
Phase: 82 80 80 80 82 89 83 83 84 80 85 86 85 81 81 

121.5: Count:   0.4 (  0.1) A:  21.7 [20-50] B:  45.8 [20-73] Phase: 84 (25) 
Count:   0.4   0.5   0.5   0.4   0.4   0.3   0.4   0.3   0.3   0.6   0.5   0.4   0.4   0.5   0.3 
B: 49.9 45.3 51.4 41.7 42.3 51.8 40.2 45.3 46.4 46.7 41.4 45.4 47.1 46.2 45.7 
Phase: 82 87 87 80 84 88 96 86 80 74 82 80 88 85 79 

121.6: Count:   0.1 (  0.1) A:  22.3 [20-50] B:  45.8 [20-76] Phase: 90 (35) 
Count:   0.2   0.2   0.2   0.1   0.1   0.1   0.2   0.2   0.1   0.1   0.2   0.1   0.0   0.1   0.0 
B: 51.8 46.5 47.8 56.1 44.0 51.4 39.6 52.4 48.7 42.7 35.4 48.6 50.2 40.8 50.8 
Phase: 94 87 90 94 87 92 97 88 91 96 84 88 95 90 88 

121.7: Count:   0.2 (  0.1) A:  21.7 [20-67] B:  43.5 [20-73] Phase: 93 (24) 
Count:   0.1   0.1   0.1   0.1   0.1   0.1   0.3   0.1   0.1   0.3   0.3   0.1   0.0   0.1   0.1 
B: 47.4 41.1 50.2 56.3 40.9 49.3 35.1 40.2 36.2 43.6 40.6 49.4 47.3 39.2 55.1 
Phase: 98 83 93 90 96 86 101 94 99 93 84 80 76 109 109 

121.8: Count:   0.2 (  0.1) A:  21.4 [20-55] B:  42.0 [20-70] Phase: 96 (24) 
Count:   0.2   0.2   0.2   0.2   0.2   0.1   0.5   0.1   0.1   0.4   0.2   0.1   0.1   0.1   0.1 
B: 48.5 37.9 47.3 47.2 39.5 46.0 40.5 41.8 39.7 41.7 38.8 33.6 40.9 37.2 45.6 
Phase: 103 93 92 88 95 95 106 98 102 95 89 57 73 107 114 

121.9: Count:   0.1 (  0.1) A:  21.6 [20-40] B:  36.0 [20-56] Phase: 96 (31) 
Count:   0.1   0.2   0.2   0.0   0.0   0.1   0.3   0.1   0.0   0.1   0.1   0.0   0.0   0.0   0.1 
B: 45.7 34.2 38.8 42.6 43.4 39.8 33.8 33.2 27.5 33.6 31.1 23.0 40.5 26.1 40.4 
Phase: 96 85 94 95 110 81 105 100 105 100 68 75 89 110 111 

122.0: Count:   0.0 (  0.0) A:  22.6 [20-42] B:  26.7 [20-33] Phase: 102 (44) 
Count:   0.0   0.0   0.0   0.0   0.0   0.0   0.0   0.0   0.0   0.0   0.0   0.0   0.0   0.0   0.0 
Phase: * * 104 * 74 * 94 70 70 * 121 * 122 76 * 

122.1: Count:   0.0 (  0.0) A:  21.0 [21-21] B:  21.0 [21-21] Phase: 73 (0) 
122.4: Count:   0.0 (  0.0) A:  27.0 [27-27] B:  21.0 [21-21] Phase: -21 (0) 
123.0: Count:   0.0 (  0.0) A:  27.5 [26-29] B:  22.0 [21-23] Phase: 86 (70) 
Phase: * * * * * * * * * * 86 * * * * 

128.3: Count:   0.0 (  0.0) A:  20.0 [20-20] B:  20.0 [20-20] Phase: 15 (0) 
128.8: Count:   0.0 (  0.0) A:  26.0 [26-26] B:  20.0 [20-20] Phase: -3 (0) 
128.9: Count:   0.0 (  0.0) A:  28.0 [28-28] B:  21.0 [21-21] Phase: -3 (0) 
129.0: Count:   0.0 (  0.0) A:  21.1 [21-22] B:  20.1 [20-21] Phase: 20 (7) 
Phase: * * * * * * 22 * * * * * * -3 * 

131.6: Count:   0.0 (  0.0) A:  21.3 [20-22] B:  20.3 [20-21] Phase: -7 (21) 
Phase: * * * * * * * * * * -22 * * 22 * 

132.2: Count:   0.0 (  0.0) A:  20.0 [20-20] B:  20.0 [20-20] Phase: 173 (0) 
132.8: Count:   0.0 (  0.0) A:  20.0 [20-20] B:  21.9 [20-25] Phase: 42 (24) 
Phase: 45 * * * * * * 18 * 65 4 * * * * 

132.9: Count:   0.1 (  0.1) A:  21.8 [20-29] B:  23.3 [20-34] Phase: 62 (30) 
Count:   0.1   0.1   0.0   0.0   0.1   0.0   0.2   0.0   0.2   0.0   0.0   0.0   0.1   0.0   0.0 
B: 21.2 22.4 * 22.5 21.4 25.0 25.3 24.0 22.7 26.0 27.5 22.0 25.3 21.0 21.0 
Phase: 48 90 * 60 42 51 58 9 74 36 98 80 51 101 93 

133.0: Count:   0.1 (  0.1) A:  22.2 [20-30] B:  24.6 [20-37] Phase: 60 (32) 
Count:   0.1   0.2   0.0   0.0   0.2   0.1   0.2   0.0   0.3   0.1   0.1   0.0   0.3   0.0   0.0 
B: 22.2 24.3 22.5 25.2 25.1 22.3 25.5 22.7 24.2 24.6 27.1 24.1 24.9 20.1 20.0 
Phase: 52 66 83 48 47 54 45 29 65 72 105 53 51 113 103 

133.1: Count:   0.1 (  0.2) A:  22.0 [20-38] B:  24.3 [20-34] Phase: 56 (34) 
Count:   0.1   0.1   0.1   0.1   0.4   0.0   0.2   0.0   0.4   0.1   0.2   0.1   0.5   0.0   0.0 
Phase: 53 41 103 79 50 43 30 26 58 62 94 64 54 -18 * 

133.2: Count:   0.1 (  0.1) A:  22.1 [20-40] B:  24.7 [20-36] Phase: 60 (42) 
Count:   0.1   0.1   0.1   0.1   0.3   0.0   0.3   0.0   0.3   0.2   0.1   0.1   0.3   0.0   0.0 
Phase: 51 67 114 101 50 61 27 47 60 54 59 69 64 -95 * 

133.3: Count:   0.2 (  0.1) A:  22.3 [20-51] B:  23.8 [20-34] Phase: 86 (52) 
Count:   0.0   0.1   0.0   0.2   0.3   0.1   0.3   0.0   0.3   0.2   0.3   0.2   0.2   0.0   0.1 
Phase: 85 96 130 113 59 86 63 110 72 53 111 98 95 132 -164 

133.4: Count:   0.2 (  0.1) A:  22.0 [20-51] B:  24.3 [20-34] Phase: 105 (63) 
Count:   0.2   0.1   0.2   0.2   0.2   0.1   0.2   0.1   0.4   0.2   0.4   0.2   0.4   0.2   0.1 
Phase: 104 136 109 133 58 119 47 155 65 57 113 117 115 -154 167 

133.5: Count:   0.2 (  0.1) A:  22.5 [20-53] B:  24.1 [20-38] Phase: 103 (69) 
Count:   0.1   0.1   0.2   0.2   0.3   0.2   0.2   0.1   0.6   0.3   0.4   0.3   0.3   0.2   0.1 
Phase: 105 118 71 133 62 140 22 158 67 37 113 118 85 -180 148 

133.6: Count:   0.3 (  0.1) A:  22.3 [20-36] B:  24.4 [20-40] Phase: 76 (72) 
Count:   0.1   0.2   0.2   0.2   0.3   0.2   0.1   0.0   0.5   0.3   0.5   0.2   0.5   0.3   0.1 
Phase: 104 73 99 138 73 158 6 58 53 58 102 99 60 -156 165 

133.7: Count:   0.2 (  0.2) A:  22.1 [20-30] B:  24.0 [20-41] Phase: 65 (54) 
Count:   0.1   0.2   0.1   0.1   0.2   0.1   0.2   0.1   0.5   0.3   0.3   0.1   0.6   0.4   0.1 
Phase: 67 15 60 111 70 94 37 89 55 59 90 115 48 59 81 

133.8: Count:   0.3 (  0.2) A:  22.1 [20-34] B:  24.8 [20-42] Phase: 66 (39) 
Count:   0.2   0.1   0.1   0.2   0.3   0.2   0.2   0.2   0.6   0.5   0.3   0.2   0.6   0.8   0.3 
Phase: 111 67 85 117 53 78 34 74 54 54 90 58 56 58 68 

133.9: Count:   0.4 (  0.2) A:  22.4 [20-42] B:  24.9 [20-47] Phase: 75 (42) 
Count:   0.1   0.2   0.1   0.3   0.5   0.5   0.1   0.2   0.7   0.4   0.6   0.3   0.5   0.9   0.6 
Phase: 100 52 162 158 67 93 56 79 61 70 70 76 68 62 88 

134.0: Count:   0.4 (  0.2) A:  22.6 [20-37] B:  25.4 [20-45] Phase: 79 (41) 
Count:   0.1   0.2   0.1   0.3   0.4   0.4   0.2   0.2   0.5   0.4   0.5   0.3   0.6   0.8   0.6 
Phase: 101 65 84 144 76 83 74 86 76 62 72 75 65 71 81 

134.1: Count:   0.3 (  0.2) A:  22.4 [20-33] B:  25.3 [20-41] Phase: 86 (49) 
Count:   0.0   0.1   0.2   0.2   0.3   0.3   0.2   0.2   0.5   0.3   0.4   0.3   0.4   0.6   0.5 
Phase: 100 90 129 165 92 82 66 111 73 69 78 85 85 67 88 

134.2: Count:   0.3 (  0.1) A:  22.3 [20-30] B:  24.9 [20-40] Phase: 95 (55) 
Count:   0.1   0.1   0.0   0.2   0.3   0.3   0.2   0.2   0.4   0.3   0.4   0.2   0.2   0.4   0.5 
Phase: 118 -177 118 133 88 88 100 92 64 62 100 134 109 82 105 

134.3: Count:   0.2 (  0.1) A:  22.4 [20-81] B:  24.7 [20-38] Phase: 103 (71) 
Count:   0.0   0.1   0.1   0.1   0.3   0.4   0.3   0.1   0.3   0.2   0.3   0.2   0.1   0.2   0.3 
B: 22.9 25.7 20.7 22.5 27.3 23.2 24.0 23.4 23.9 26.0 28.8 22.4 23.9 23.9 24.9 
Phase: 73 56 3 171 73 121 75 171 93 51 148 87 77 75 109 

134.4: Count:   0.2 (  0.1) A:  22.3 [20-83] B:  24.5 [20-40] Phase: 91 (66) 
Count:   0.1   0.1   0.1   0.1   0.2   0.4   0.2   0.2   0.4   0.2   0.1   0.2   0.2   0.2   0.3 
A: 20.7 23.1 21.5 22.5 21.2 21.0 30.0 20.4 21.7 21.8 23.0 21.4 20.6 21.9 23.1 
Phase: 107 88 110 157 76 110 42 121 52 57 108 158 62 82 112 

134.5: Count:   0.2 (  0.1) A:  21.7 [20-43] B:  24.4 [20-35] Phase: 97 (53) 
Count:   0.1   0.2   0.2   0.1   0.4   0.4   0.1   0.1   0.4   0.2   0.1   0.1   0.0   0.2   0.2 
Phase: 118 114 126 125 75 113 101 99 72 55 -11 144 107 77 92 

134.6: Count:   0.2 (  0.1) A:  21.6 [20-38] B:  24.0 [20-36] Phase: 101 (54) 
Count:   0.1   0.1   0.1   0.1   0.3   0.5   0.2   0.3   0.3   0.2   0.2   0.0   0.1   0.3   0.3 
Phase: 112 103 90 132 68 102 81 91 76 41 167 123 149 122 91 

134.7: Count:   0.2 (  0.1) A:  21.7 [20-40] B:  24.1 [20-38] Phase: 109 (48) 
Count:   0.1   0.1   0.1   0.1   0.3   0.4   0.2   0.2   0.3   0.2   0.2   0.1   0.2   0.2   0.2 
Phase: 133 76 89 166 86 118 99 76 73 127 158 149 124 107 115 

134.8: Count:   0.2 (  0.1) A:  21.9 [20-44] B:  24.3 [20-40] Phase: 121 (50) 
Count:   0.1   0.2   0.1   0.2   0.2   0.2   0.3   0.2   0.1   0.1   0.1   0.1   0.1   0.2   0.3 
Phase: 109 110 87 155 76 121 120 98 99 118 142 171 172 111 115 

134.9: Count:   0.1 (  0.0) A:  21.9 [20-44] B:  24.5 [20-37] Phase: 127 (44) 
Count:   0.1   0.1   0.0   0.1   0.1   0.1   0.2   0.1   0.0   0.1   0.1   0.1   0.1   0.1   0.1 
Phase: 133 103 * 124 160 125 144 152 91 160 113 135 136 112 101 

135.0: Count:   0.1 (  0.1) A:  22.0 [20-40] B:  24.2 [20-35] Phase: 131 (51) 
Count:   0.0   0.1   0.0   0.0   0.1   0.1   0.2   0.0   0.1   0.1   0.1   0.0   0.1   0.1   0.2 
Phase: 96 89 97 143 167 167 127 161 76 -178 103 144 108 140 149 

135.1: Count:   0.1 (  0.0) A:  21.5 [20-36] B:  24.8 [20-36] Phase: 162 (61) 
Count:   0.0   0.1   0.1   0.0   0.1   0.1   0.1   0.1   0.0   0.1   0.0   0.1   0.1   0.1   0.1 
B: 26.2 23.6 21.0 21.5 24.5 26.2 22.0 24.1 25.0 32.6 23.9 25.3 23.1 22.0 27.8 
Phase: 139 -148 167 136 136 108 -171 166 95 165 -51 173 135 -75 153 

135.2: Count:   0.1 (  0.1) A:  21.5 [20-28] B:  24.5 [20-36] Phase: 148 (63) 
Count:   0.1   0.0   0.1   0.0   0.1   0.0   0.1   0.1   0.1   0.1   0.0   0.1   0.0   0.1   0.2 
B: 21.6 22.2 20.7 * 25.9 23.0 28.6 22.4 20.8 25.5 23.2 23.8 * 27.4 24.7 
Phase: 164 -166 156 * 156 -100 169 165 116 156 109 176 * 164 108 

135.3: Count:   0.1 (  0.1) A:  22.0 [20-41] B:  23.5 [20-38] Phase: 123 (60) 
Count:   0.1   0.1   0.0   0.0   0.2   0.1   0.3   0.1   0.2   0.1   0.1   0.1   0.1   0.1   0.2 
Phase: 152 128 141 153 120 92 -176 119 108 80 93 132 97 120 102 

135.4: Count:   0.2 (  0.0) A:  21.9 [20-39] B:  24.0 [20-39] Phase: 129 (63) 
Count:   0.1   0.1   0.1   0.2   0.1   0.2   0.2   0.2   0.2   0.1   0.1   0.1   0.1   0.1   0.2 
Phase: 130 145 -144 -165 132 134 92 118 101 93 122 89 98 145 133 

135.5: Count:   0.1 (  0.1) A:  22.2 [20-46] B:  24.3 [20-36] Phase: 123 (59) 
Count:   0.0   0.1   0.2   0.1   0.2   0.2   0.1   0.1   0.2   0.1   0.2   0.1   0.1   0.2   0.2 
Phase: 109 137 178 -175 106 136 100 97 79 112 134 82 118 120 135 

135.6: Count:   0.1 (  0.1) A:  21.5 [20-38] B:  23.6 [20-33] Phase: 138 (72) 
Count:   0.0   0.1   0.0   0.1   0.1   0.1   0.2   0.1   0.1   0.0   0.1   0.1   0.3   0.1   0.0 
B: 25.4 23.3 23.9 22.7 27.9 22.0 23.1 25.6 24.8 25.1 22.9 22.3 23.3 20.8 27.6 
Phase: 144 -176 -127 160 93 176 142 -48 50 110 127 87 88 -107 84 

135.7: Count:   0.0 (  0.0) A:  22.2 [20-43] B:  22.9 [20-33] Phase: 140 (68) 
Count:   0.0   0.0   0.0   0.1   0.1   0.1   0.1   0.0   0.0   0.0   0.0   0.0   0.1   0.1   0.0 
B: 25.5 29.0 25.0 20.2 27.4 22.0 23.1 25.0 25.0 22.4 20.6 23.0 22.1 21.3 24.0 
Phase: 162 -156 -126 154 95 122 119 177 -139 -152 148 113 74 158 89 

135.8: Count:   0.1 (  0.0) A:  21.4 [20-59] B:  22.4 [20-34] Phase: 136 (68) 
Count:   0.0   0.0   0.1   0.0   0.1   0.2   0.0   0.0   0.2   0.1   0.1   0.0   0.0   0.1   0.0 
Phase: 156 -109 -134 -161 98 92 160 147 97 -149 158 75 59 83 88 

135.9: Count:   0.1 (  0.1) A:  21.3 [20-65] B:  22.5 [20-31] Phase: 118 (63) 
Count:   0.0   0.0   0.1   0.0   0.1   0.1   0.0   0.0   0.2   0.1   0.1   0.0   0.0   0.1   0.1 
Phase: 154 -114 151 -177 122 112 -122 155 82 121 127 72 65 119 80 

136.0: Count:   0.1 (  0.0) A:  21.7 [20-54] B:  22.1 [20-35] Phase: 126 (51) 
Count:   0.0   0.0   0.0   0.0   0.1   0.1   0.2   0.0   0.0   0.1   0.0   0.0   0.1   0.0   0.0 
Phase: 102 148 167 89 126 -176 84 116 127 149 142 114 166 111 72 

136.1: Count:   0.1 (  0.0) A:  22.1 [20-52] B:  23.1 [20-34] Phase: 125 (57) 
Count:   0.1   0.1   0.0   0.0   0.1   0.1   0.2   0.0   0.0   0.2   0.1   0.1   0.1   0.1   0.0 
Phase: 145 166 144 128 82 -177 123 105 138 114 111 104 143 95 78 

136.2: Count:   0.1 (  0.0) A:  22.4 [20-50] B:  23.7 [20-40] Phase: 125 (65) 
Count:   0.1   0.1   0.0   0.0   0.1   0.1   0.1   0.1   0.1   0.1   0.1   0.1   0.0   0.2   0.0 
A: 20.0 21.3 * 26.0 21.8 22.2 28.6 21.6 21.9 21.3 23.1 20.3 20.6 22.4 20.9 
B: 24.2 25.2 * 25.0 24.0 23.4 22.0 21.5 25.4 23.4 21.9 27.9 20.3 22.3 25.2 
Phase: 159 -171 * 128 167 100 -14 149 66 119 162 87 149 104 108 

136.3: Count:   0.1 (  0.0) A:  22.1 [20-36] B:  23.2 [20-34] Phase: 131 (64) 
Count:   0.1   0.1   0.0   0.0   0.1   0.1   0.1   0.0   0.2   0.1   0.1   0.0   0.0   0.1   0.0 
B: 22.0 23.0 20.8 25.1 23.3 26.1 21.1 24.0 27.5 22.4 21.8 21.5 20.1 21.6 22.9 
Phase: 129 -157 129 176 -172 98 25 128 110 157 125 115 141 141 140 

136.4: Count:   0.1 (  0.0) A:  21.8 [20-39] B:  22.6 [20-31] Phase: 129 (65) 
Count:   0.1   0.0   0.0   0.0   0.1   0.0   0.1   0.0   0.2   0.0   0.1   0.1   0.0   0.1   0.0 
Phase: 124 169 125 -171 154 50 54 135 105 -170 150 156 137 168 32 

136.5: Count:   0.0 (  0.0) A:  21.8 [20-35] B:  22.5 [20-39] Phase: 125 (52) 
Count:   0.1   0.0   0.1   0.0   0.1   0.1   0.0   0.0   0.0   0.0   0.0   0.1   0.1   0.1   0.1 
B: 20.8 21.5 23.0 32.6 22.4 22.5 20.0 21.0 24.4 21.0 22.0 23.8 21.0 21.4 24.7 
Phase: 164 148 76 144 118 176 26 -136 76 156 117 145 155 107 55 

136.6: Count:   0.0 (  0.0) A:  21.9 [20-31] B:  23.5 [20-41] Phase: 125 (49) 
Count:   0.0   0.1   0.1   0.0   0.1   0.1   0.0   0.0   0.0   0.1   0.1   0.1   0.0   0.0   0.0 
B: 26.0 23.9 24.3 41.0 24.9 26.5 25.0 20.0 20.0 20.5 20.6 25.5 * 20.0 * 
Phase: 158 98 67 90 136 87 119 -130 -134 163 132 127 * -47 * 

136.7: Count:   0.0 (  0.0) A:  21.9 [20-29] B:  23.8 [20-40] Phase: 102 (52) 
Count:   0.0   0.1   0.1   0.0   0.1   0.1   0.0   0.0   0.0   0.1   0.0   0.1   0.0   0.1   0.0 
B: 27.0 22.4 24.1 28.0 28.0 21.1 26.0 20.0 * 20.2 20.4 22.7 * 23.1 26.7 
Phase: 62 92 75 122 103 -172 129 68 * 108 154 91 * 143 76 

136.8: Count:   0.0 (  0.0) A:  21.2 [20-26] B:  24.9 [20-39] Phase: 111 (38) 
Count:   0.0   0.1   0.0   0.0   0.1   0.0   0.0   0.0   0.0   0.0   0.0   0.0   0.1   0.0   0.0 
B: 39.0 26.0 24.6 22.2 26.1 23.6 23.0 23.7 24.0 24.0 21.9 22.0 21.2 30.0 22.4 
Phase: 80 82 108 139 98 126 100 77 134 76 156 144 148 81 85 

136.9: Count:   0.1 (  0.1) A:  20.9 [20-33] B:  23.9 [20-43] Phase: 125 (41) 
Count:   0.1   0.0   0.0   0.0   0.1   0.0   0.1   0.0   0.0   0.0   0.2   0.0   0.1   0.0   0.0 
B: 33.2 29.0 29.0 22.6 26.8 22.0 20.5 23.2 * 26.6 20.5 21.2 22.6 22.2 28.0 
Phase: 89 80 80 144 71 129 176 73 * 86 154 146 132 109 82 

137.0: Count:   0.0 (  0.0) A:  21.9 [20-35] B:  25.9 [20-45] Phase: 117 (43) 
Count:   0.1   0.0   0.0   0.0   0.0   0.0   0.0   0.0   0.0   0.0   0.0   0.0   0.0   0.0   0.0 
A: 21.0 * 20.0 22.0 27.5 22.0 20.0 22.0 * 20.0 22.0 21.0 23.0 22.3 20.0 
B: 41.9 * 26.0 21.0 21.4 23.0 22.5 20.0 * 24.0 21.0 23.0 21.0 22.4 24.8 
Phase: 96 * 87 146 152 101 -174 70 * 74 175 121 142 104 76 

137.1: Count:   0.0 (  0.0) A:  21.3 [20-33] B:  28.6 [20-40] Phase: 89 (29) 
Count:   0.1   0.0   0.0   0.0   0.0   0.0   0.0   0.0   0.0   0.0   0.0   0.0   0.0   0.0   0.0 
Phase: 97 2 * 106 129 95 * 81 * * * 88 * 86 86 

144.2: Count:   0.0 (  0.0) A:  24.0 [24-24] B:  27.0 [27-27] Phase: 7 (0) 
144.3: Count:   0.0 (  0.0) A:  23.0 [23-23] B:  26.0 [26-26] Phase: 21 (0) 
150.3: Count:   0.0 (  0.0) A:  23.0 [23-23] B:  20.0 [20-20] Phase: 0 (0) 
150.6: Count:   0.0 (  0.0) A:  25.0 [25-25] B:  21.0 [21-21] Phase: -21 (0) 
150.9: Count:   0.0 (  0.0) A:  21.0 [21-21] B:  21.0 [21-21] Phase: 148 (0) 
151.2: Count:   0.0 (  0.0) A:  35.0 [25-45] B:  20.5 [20-21] Phase: 101 (49) 
Phase: * * * * * * * * * * 101 * * * * 

151.3: Count:   0.0 (  0.0) A:  23.0 [23-23] B:  21.0 [21-21] Phase: 179 (0) 
151.4: Count:   0.0 (  0.0) A:  23.0 [23-23] B:  24.0 [24-24] Phase: 170 (0) 
151.5: Count:   0.0 (  0.0) A:  21.0 [21-21] B:  22.0 [22-22] Phase: 149 (14) 
Phase: * * * * * * * * * * * * * * 149 

151.6: Count:   0.0 (  0.0) A:  31.0 [31-31] B:  25.0 [25-25] Phase: -179 (0) 
151.7: Count:   0.0 (  0.0) A:  24.6 [23-33] B:  20.8 [20-26] Phase: -150 (34) 
Phase: * * * * * * -130 * * * * * * * 154 

151.8: Count:   0.0 (  0.0) A:  23.0 [23-23] B:  24.0 [24-24] Phase: 178 (0) 
152.0: Count:   0.0 (  0.0) A:  20.0 [20-20] B:  30.0 [30-30] Phase: 173 (0) 
152.1: Count:   0.0 (  0.0) A:  31.0 [31-31] B:  20.0 [20-20] Phase: -17 (0) 
152.3: Count:   0.0 (  0.0) A:  22.7 [20-24] B:  20.7 [20-21] Phase: -171 (71) 
Phase: * * * * * * * * * * -171 * * * * 

152.4: Count:   0.0 (  0.0) A:  25.0 [25-25] B:  20.0 [20-20] Phase: 11 (0) 
152.5: Count:   0.0 (  0.0) A:  25.0 [25-25] B:  21.0 [21-21] Phase: 34 (0) 
152.6: Count:   0.0 (  0.0) A:  22.0 [22-22] B:  20.0 [20-20] Phase: 66 (0) 
153.0: Count:   0.0 (  0.0) A:  20.0 [20-20] B:  21.0 [21-21] Phase: 101 (0) 
153.2: Count:   0.0 (  0.0) A:  21.0 [21-21] B:  20.0 [20-20] Phase: 148 (0) 
153.3: Count:   0.0 (  0.0) A:  27.5 [25-30] B:  25.5 [24-27] Phase: 179 (29) 
Phase: * * * * * * * * * * 179 * * * * 

153.4: Count:   0.0 (  0.0) A:  28.5 [24-33] B:  26.5 [26-27] Phase: -176 (25) 
Phase: * * * * * * * * * * -176 * * * * 

153.5: Count:   0.0 (  0.0) A:  26.0 [21-31] B:  23.5 [22-25] Phase: -164 (14) 
Phase: * * * * * * * * * * -164 * * * * 

153.6: Count:   0.0 (  0.0) A:  24.5 [20-29] B:  24.0 [23-25] Phase: -154 (9) 
Phase: * * * * * * * * * * -154 * * * * 

153.7: Count:   0.0 (  0.0) A:  22.8 [21-23] B:  21.0 [21-21] Phase: 164 (19) 
Phase: * * * * * * 171 * * * 111 * * * * 

153.8: Count:   0.0 (  0.0) A:  25.0 [25-25] B:  20.0 [20-20] Phase: 159 (0) 
153.9: Count:   0.0 (  0.0) A:  25.0 [25-25] B:  21.0 [21-21] Phase: -171 (0) 
154.0: Count:   0.0 (  0.0) A:  21.0 [21-21] B:  20.0 [20-20] Phase: 166 (0) 
154.2: Count:   0.0 (  0.0) A:  26.0 [26-26] B:  20.0 [20-20] Phase: -175 (0) 
154.9: Count:   0.0 (  0.0) A:  22.0 [22-22] B:  20.0 [20-20] Phase: 4 (0) 
166.1: Count:   0.0 (  0.0) A:  42.0 [42-42] B:  20.0 [20-20] Phase: 23 (0) 
168.6: Count:   0.0 (  0.0) A:  20.0 [20-20] B:  20.0 [20-20] Phase: 26 (0) 
169.6: Count:   0.0 (  0.0) A:  20.0 [20-20] B:  21.0 [21-21] Phase: 12 (0) 
169.7: Count:   0.0 (  0.0) A:  22.5 [22-23] B:  21.5 [21-22] Phase: 80 (87) 
Phase: * * * * * * * * * * 80 * * * * 

169.8: Count:   0.0 (  0.0) A:  20.0 [20-20] B:  24.0 [24-24] Phase: 165 (0) 
169.9: Count:   0.0 (  0.0) A:  20.0 [20-20] B:  21.0 [21-21] Phase: -25 (0) 
170.2: Count:   0.0 (  0.0) A:  29.0 [29-29] B:  20.0 [20-20] Phase: -9 (0) 
170.3: Count:   0.0 (  0.0) A:  26.4 [25-32] B:  20.4 [20-22] Phase: 0 (3) 
170.5: Count:   0.0 (  0.0) A:  26.5 [23-30] B:  20.5 [20-21] Phase: 4 (14) 
Phase: * * * * * * * * * * 4 * * * * 

170.7: Count:   0.0 (  0.0) A:  21.0 [21-21] B:  20.0 [20-20] Phase: -173 (0) 
170.8: Count:   0.0 (  0.0) A:  21.0 [21-21] B:  22.0 [22-22] Phase: 179 (0) 
170.9: Count:   0.0 (  0.0) A:  21.0 [21-21] B:  24.0 [24-24] Phase: 170 (0) 
171.0: Count:   0.0 (  0.0) A:  23.3 [22-28] B:  24.2 [22-27] Phase: 128 (64) 
Phase: * * * * * * 153 * * * -102 * * * * 

171.1: Count:   0.0 (  0.0) A:  22.9 [21-28] B:  23.1 [20-26] Phase: 123 (50) 
Count:   0.0   0.0   0.0   0.0   0.0   0.0   0.1   0.0   0.0   0.0   0.0   0.0   0.0   0.0   0.0 
Phase: * * * * * * 136 * * * -109 * * * * 

171.4: Count:   0.0 (  0.0) A:  20.2 [20-21] B:  22.3 [22-24] Phase: 45 (72) 
Phase: * * * * * * 44 * * * -133 * * * * 

171.5: Count:   0.0 (  0.0) A:  20.7 [20-21] B:  20.3 [20-22] Phase: 94 (31) 
Phase: * * * * * * 75 * * * 132 * * * * 

171.8: Count:   0.0 (  0.0) A:  27.0 [27-27] B:  23.0 [23-23] Phase: 3 (0) 
171.9: Count:   0.0 (  0.0) A:  23.0 [21-25] B:  24.5 [21-28] Phase: 118 (10) 
Phase: * * * * * * * * * * 118 * * * * 

172.0: Count:   0.0 (  0.0) A:  29.0 [26-32] B:  22.5 [22-23] Phase: 37 (42) 
Phase: * * * * * * * * * * 37 * * * * 

172.1: Count:   0.0 (  0.0) A:  25.0 [21-36] B:  21.5 [20-27] Phase: 72 (64) 
Count:   0.0   0.0   0.0   0.0   0.0   0.0   0.0   0.0   0.0   0.0   0.0   0.0   0.0   0.0   0.0 
Phase: * * * * * * 45 * * * 95 * * * * 

172.2: Count:   0.0 (  0.0) A:  29.7 [20-35] B:  22.3 [21-24] Phase: -171 (74) 
Phase: * * * * * * * * * * -171 * * * * 

172.3: Count:   0.0 (  0.0) A:  26.5 [22-32] B:  21.3 [21-22] Phase: 106 (39) 
Phase: * * * * * * * * * * 131 * * 82 * 

172.4: Count:   0.0 (  0.0) A:  20.0 [20-20] B:  20.0 [20-20] Phase: 108 (0) 
172.5: Count:   0.0 (  0.0) A:  25.8 [21-31] B:  20.2 [20-22] Phase: 82 (26) 
Count:   0.0   0.0   0.0   0.0   0.0   0.0   0.0   0.0   0.0   0.0   0.0   0.0   0.0   0.0   0.0 
Phase: * * * * * * 74 * * * 142 * * * * 

172.6: Count:   0.0 (  0.0) A:  24.1 [20-39] B:  22.6 [20-30] Phase: 65 (55) 
Count:   0.0   0.0   0.0   0.0   0.0   0.0   0.1   0.0   0.0   0.0   0.0   0.0   0.0   0.0   0.0 
Phase: * * * * * * 61 0 * 148 85 * * * * 

172.7: Count:   0.0 (  0.0) A:  22.1 [20-30] B:  22.6 [20-30] Phase: 67 (55) 
Count:   0.0   0.0   0.0   0.0   0.0   0.0   0.1   0.0   0.0   0.0   0.0   0.0   0.0   0.0   0.0 
Phase: * * * * * * 63 -7 * 150 92 * * * * 

172.8: Count:   0.0 (  0.0) A:  23.8 [20-27] B:  22.6 [20-28] Phase: 88 (30) 
Count:   0.0   0.0   0.0   0.0   0.0   0.0   0.0   0.0   0.0   0.0   0.0   0.0   0.0   0.0   0.0 
Phase: * * * * * * 85 * 70 * 101 * 132 * * 

172.9: Count:   0.0 (  0.0) A:  23.8 [20-27] B:  22.7 [20-25] Phase: 84 (29) 
Count:   0.0   0.0   0.0   0.0   0.0   0.0   0.0   0.0   0.0   0.0   0.0   0.0   0.0   0.0   0.0 
Phase: * * * * * * * * 61 * 114 * * * * 

173.0: Count:   0.0 (  0.0) A:  21.8 [20-32] B:  21.9 [20-28] Phase: 79 (44) 
Count:   0.0   0.0   0.0   0.0   0.0   0.0   0.0   0.0   0.0   0.0   0.0   0.0   0.0   0.0   0.0 
Phase: * * * * 95 * 4 * 48 124 99 * 76 76 90 

173.1: Count:   0.0 (  0.0) A:  22.5 [20-29] B:  22.7 [20-30] Phase: 97 (42) 
Count:   0.0   0.0   0.0   0.0   0.0   0.0   0.0   0.0   0.0   0.0   0.0   0.0   0.0   0.0   0.0 
Phase: * * * * 110 * * 87 96 110 85 * * 68 * 

173.2: Count:   0.0 (  0.0) A:  23.4 [20-33] B:  21.9 [20-30] Phase: 79 (38) 
Count:   0.0   0.0   0.0   0.0   0.0   0.0   0.0   0.0   0.0   0.0   0.0   0.0   0.0   0.0   0.0 
Phase: * * * * 112 * 89 96 * 93 52 * * * * 

173.3: Count:   0.0 (  0.0) A:  23.4 [20-31] B:  23.3 [20-31] Phase: 67 (53) 
Count:   0.0   0.0   0.0   0.0   0.0   0.0   0.1   0.0   0.0   0.0   0.1   0.0   0.0   0.0   0.0 
Phase: * * * * 118 * 91 99 * * 36 * 87 * 60 

173.4: Count:   0.0 (  0.0) A:  24.2 [20-30] B:  22.3 [20-28] Phase: 61 (44) 
Count:   0.0   0.0   0.0   0.0   0.0   0.0   0.1   0.0   0.0   0.0   0.0   0.0   0.0   0.0   0.0 
Phase: * * * * 79 88 49 87 * * 58 * * * 58 

173.5: Count:   0.0 (  0.0) A:  23.2 [20-29] B:  23.6 [20-29] Phase: 58 (47) 
Count:   0.0   0.0   0.0   0.0   0.0   0.0   0.1   0.0   0.0   0.0   0.0   0.0   0.0   0.0   0.0 
Phase: * * * * 94 131 24 93 * * -25 * * * 70 

173.6: Count:   0.0 (  0.0) A:  25.9 [20-39] B:  24.6 [21-33] Phase: 57 (29) 
Count:   0.0   0.0   0.0   0.0   0.0   0.0   0.1   0.0   0.0   0.0   0.0   0.0   0.0   0.0   0.0 
Phase: * * * * 95 * 47 * * * -4 * * * 72 

173.7: Count:   0.0 (  0.0) A:  24.9 [20-35] B:  23.5 [20-31] Phase: 58 (33) 
Count:   0.0   0.0   0.0   0.0   0.0   0.0   0.1   0.0   0.0   0.0   0.0   0.0   0.0   0.0   0.0 
Phase: * * * * 91 * 61 * * * 14 * * * 53 

173.8: Count:   0.0 (  0.0) A:  22.6 [20-37] B:  26.9 [20-38] Phase: 53 (47) 
Count:   0.0   0.0   0.0   0.0   0.0   0.0   0.0   0.1   0.0   0.0   0.0   0.0   0.0   0.0   0.0 
Phase: * * * * * 128 31 42 * * 82 * 34 * 55 

173.9: Count:   0.0 (  0.0) A:  23.5 [20-35] B:  26.1 [20-35] Phase: 50 (29) 
Count:   0.0   0.0   0.0   0.0   0.0   0.0   0.0   0.0   0.0   0.0   0.0   0.0   0.0   0.0   0.0 
Phase: * * * * * * 20 57 65 * 74 * * * * 

174.0: Count:   0.0 (  0.0) A:  22.8 [20-29] B:  21.9 [20-34] Phase: 48 (33) 
Count:   0.0   0.0   0.0   0.0   0.0   0.0   0.0   0.0   0.0   0.0   0.0   0.0   0.0   0.0   0.0 
Phase: * * * * * * 51 39 81 * 34 93 * * 60 

174.1: Count:   0.0 (  0.0) A:  21.3 [20-26] B:  22.7 [20-32] Phase: 58 (48) 
Count:   0.0   0.0   0.0   0.0   0.0   0.0   0.0   0.0   0.0   0.0   0.0   0.0   0.0   0.0   0.0 
Phase: * * * * * 60 -6 54 82 * 78 120 84 * * 

174.2: Count:   0.0 (  0.0) A:  22.3 [20-32] B:  22.6 [20-30] Phase: 85 (31) 
Count:   0.0   0.0   0.0   0.0   0.0   0.0   0.0   0.0   0.0   0.0   0.1   0.0   0.0   0.0   0.0 
Phase: * * * * * 52 * 73 83 118 109 47 72 74 * 

174.3: Count:   0.0 (  0.0) A:  22.4 [20-27] B:  24.0 [20-31] Phase: 64 (67) 
Count:   0.0   0.0   0.0   0.0   0.0   0.0   0.1   0.0   0.0   0.0   0.0   0.0   0.0   0.0   0.0 
Phase: * * * * * 46 -171 88 58 102 118 47 74 74 * 

174.4: Count:   0.0 (  0.0) A:  23.1 [20-30] B:  24.0 [20-31] Phase: 53 (40) 
Count:   0.0   0.0   0.0   0.0   0.0   0.0   0.1   0.0   0.0   0.0   0.0   0.0   0.0   0.0   0.0 
Phase: * * * * * * 61 78 63 74 33 * 44 * 79 

174.5: Count:   0.0 (  0.0) A:  21.9 [20-30] B:  22.6 [20-29] Phase: 74 (47) 
Count:   0.0   0.0   0.0   0.0   0.0   0.0   0.1   0.0   0.0   0.0   0.0   0.0   0.0   0.0   0.0 
Phase: * * * * * 85 101 * 69 63 35 * 75 75 * 

174.6: Count:   0.0 (  0.0) A:  21.2 [20-23] B:  27.6 [21-38] Phase: 74 (36) 
Count:   0.0   0.0   0.0   0.0   0.0   0.0   0.0   0.0   0.0   0.0   0.0   0.0   0.0   0.1   0.0 
Phase: * * * * * * 72 * * * -11 96 71 85 107 

174.7: Count:   0.0 (  0.0) A:  21.7 [20-23] B:  26.0 [20-32] Phase: 96 (40) 
Count:   0.0   0.0   0.0   0.0   0.0   0.0   0.0   0.0   0.0   0.0   0.0   0.0   0.0   0.0   0.0 
Phase: * * * * * * * 84 * * 15 97 * 116 122 

174.8: Count:   0.0 (  0.0) A:  28.5 [20-47] B:  23.7 [20-28] Phase: 66 (72) 
Count:   0.0   0.0   0.0   0.0   0.0   0.0   0.1   0.0   0.0   0.0   0.0   0.0   0.0   0.0   0.0 
Phase: * * * * * * 74 71 * * 41 * * 73 * 

174.9: Count:   0.0 (  0.0) A:  29.4 [20-45] B:  23.0 [20-25] Phase: 102 (75) 
Count:   0.0   0.0   0.0   0.0   0.0   0.0   0.1   0.0   0.0   0.0   0.0   0.0   0.0   0.0   0.0 
Phase: * * * * * * 134 147 * * 85 * * 25 * 

175.0: Count:   0.0 (  0.0) A:  25.0 [21-28] B:  26.5 [20-33] Phase: 90 (66) 
Count:   0.0   0.0   0.0   0.0   0.0   0.0   0.1   0.0   0.0   0.0   0.0   0.0   0.0   0.0   0.0 
Phase: * * * * * 72 96 147 * * 56 * * * * 

175.1: Count:   0.0 (  0.0) A:  24.0 [20-30] B:  24.3 [20-30] Phase: 98 (74) 
Count:   0.0   0.0   0.0   0.0   0.0   0.0   0.1   0.0   0.0   0.0   0.0   0.0   0.0   0.0   0.0 
Phase: * * * * * 82 104 150 * * 33 * * * * 

175.2: Count:   0.0 (  0.0) A:  27.1 [20-30] B:  21.4 [20-22] Phase: 136 (24) 
Count:   0.0   0.0   0.0   0.0   0.0   0.0   0.1   0.0   0.0   0.0   0.0   0.0   0.0   0.0   0.0 
Phase: * * * * * * 133 -127 * * * * * * * 

175.3: Count:   0.0 (  0.0) A:  29.5 [28-30] B:  22.0 [22-22] Phase: 133 (24) 
Phase: * * * * * * 147 * * * 92 * * * * 

175.4: Count:   0.0 (  0.0) A:  22.2 [20-25] B:  20.5 [20-25] Phase: -152 (96) 
Count:   0.0   0.0   0.0   0.0   0.0   0.0   0.1   0.0   0.0   0.0   0.0   0.0   0.0   0.0   0.0 
Phase: * * * * 42 * -167 -1 * * -72 * * * * 

175.5: Count:   0.0 (  0.0) A:  21.5 [20-22] B:  20.5 [20-22] Phase: -6 (23) 
Phase: * * * * 17 * * 33 * * -24 * * * * 

175.6: Count:   0.0 (  0.0) A:  21.9 [20-27] B:  20.7 [20-24] Phase: -135 (44) 
Phase: * * * * * * -133 * * * -139 * * * * 

175.7: Count:   0.0 (  0.0) A:  22.2 [20-33] B:  21.0 [21-21] Phase: 25 (10) 
Phase: * * * * * * * 4 * * 30 * * * * 

175.8: Count:   0.0 (  0.0) A:  27.5 [24-31] B:  21.5 [20-23] Phase: 142 (29) 
Phase: * * * * * * * * * * 142 * * * * 

175.9: Count:   0.0 (  0.0) A:  24.0 [22-26] B:  21.0 [20-22] Phase: 173 (13) 
Phase: * * * * * * * * * * 173 * * * * 

176.0: Count:   0.0 (  0.0) A:  34.4 [22-38] B:  22.5 [22-24] Phase: 92 (42) 
Phase: * * * * * * 115 * * * 14 * * * * 

176.1: Count:   0.0 (  0.0) A:  35.7 [21-40] B:  23.5 [23-25] Phase: 95 (38) 
Phase: * * * * * * 116 * * * 25 * * * * 

176.2: Count:   0.0 (  0.0) A:  20.0 [20-20] B:  27.0 [27-27] Phase: 68 (0) 
176.3: Count:   0.0 (  0.0) A:  23.8 [21-35] B:  23.0 [20-26] Phase: 65 (18) 
Phase: * * * * * * 77 * * * 43 * * * * 

176.4: Count:   0.0 (  0.0) A:  29.4 [23-37] B:  22.0 [20-29] Phase: 42 (50) 
Count:   0.0   0.0   0.0   0.0   0.0   0.0   0.1   0.0   0.0   0.0   0.0   0.0   0.0   0.0   0.0 
Phase: * * * * * * 47 * * * 13 * * * * 

176.5: Count:   0.0 (  0.0) A:  23.6 [20-25] B:  22.0 [20-28] Phase: 1 (26) 
Count:   0.0   0.0   0.0   0.0   0.0   0.0   0.1   0.0   0.0   0.0   0.0   0.0   0.0   0.0   0.0 
Phase: * * * * * * 4 * * * -9 * * * * 

176.6: Count:   0.0 (  0.0) A:  25.4 [20-29] B:  21.6 [21-22] Phase: 49 (4) 
176.7: Count:   0.0 (  0.0) A:  22.0 [22-22] B:  21.8 [21-22] Phase: 26 (4) 
176.8: Count:   0.0 (  0.0) A:  27.0 [27-27] B:  22.0 [22-22] Phase: -16 (0) 
176.9: Count:   0.0 (  0.0) A:  28.0 [28-28] B:  23.0 [23-23] Phase: 7 (0) 
177.0: Count:   0.0 (  0.0) A:  27.0 [27-27] B:  21.0 [21-21] Phase: 107 (0) 
177.1: Count:   0.0 (  0.0) A:  28.0 [28-28] B:  21.0 [21-21] Phase: 126 (0) 
177.2: Count:   0.0 (  0.0) A:  23.1 [20-24] B:  21.5 [21-23] Phase: -127 (55) 
Phase: * * * * * * -97 * * * 131 * * * * 

177.3: Count:   0.0 (  0.0) A:  26.0 [26-26] B:  22.0 [22-22] Phase: -1 (0) 
177.4: Count:   0.0 (  0.0) A:  23.0 [23-23] B:  20.0 [20-20] Phase: 0 (0) 
177.8: Count:   0.0 (  0.0) A:  20.0 [20-20] B:  20.0 [20-20] Phase: -42 (0) 
178.2: Count:   0.0 (  0.0) A:  25.5 [21-30] B:  20.5 [20-21] Phase: 117 (72) 
Phase: * * * * * * 117 * * * * * * * * 

178.3: Count:   0.0 (  0.0) A:  30.0 [30-30] B:  21.0 [21-21] Phase: 16 (0) 
178.4: Count:   0.0 (  0.0) A:  26.0 [20-32] B:  22.0 [22-22] Phase: 27 (26) 
Phase: * * * * * * * * * * 27 * * * * 

179.4: Count:   0.0 (  0.0) A:  21.0 [21-21] B:  24.0 [24-24] Phase: 23 (0) 
179.5: Count:   0.0 (  0.0) A:  22.0 [22-22] B:  28.0 [28-28] Phase: 50 (0) 
179.6: Count:   0.0 (  0.0) A:  26.5 [22-31] B:  25.5 [20-31] Phase: -3 (8) 
Phase: * * * * * * * * * * -3 * * * * 

179.7: Count:   0.0 (  0.0) A:  25.0 [25-25] B:  30.0 [30-30] Phase: 28 (0) 
180.0: Count:   0.0 (  0.0) A:  27.0 [27-27] B:  27.0 [27-27] Phase: 174 (0) 
180.1: Count:   0.0 (  0.0) A:  23.5 [23-25] B:  22.0 [20-29] Phase: 160 (13) 
Phase: * * * * * * 154 * * * -176 * * * * 

180.2: Count:   0.0 (  0.0) A:  21.0 [21-21] B:  20.0 [20-20] Phase: -20 (0) 
180.3: Count:   0.0 (  0.0) A:  32.5 [24-35] B:  20.5 [20-22] Phase: 126 (73) 
Phase: * * * * * * 166 * * * -9 * * * * 

180.7: Count:   0.0 (  0.0) A:  33.0 [33-33] B:  21.0 [21-21] Phase: 12 (0) 
181.1: Count:   0.0 (  0.0) A:  48.0 [48-48] B:  31.0 [31-31] Phase: -6 (0) 
181.2: Count:   0.0 (  0.0) A:  49.0 [49-49] B:  30.0 [30-30] Phase: -4 (0) 
181.3: Count:   0.0 (  0.0) A:  48.0 [48-48] B:  28.0 [28-28] Phase: 4 (0) 
181.4: Count:   0.0 (  0.0) A:  49.0 [49-49] B:  28.0 [28-28] Phase: 1 (0) 
182.1: Count:   0.0 (  0.0) A:  20.0 [20-20] B:  21.0 [21-21] Phase: 44 (0) 
182.2: Count:   0.0 (  0.0) A:  31.0 [31-31] B:  22.0 [22-22] Phase: -8 (0) 
182.3: Count:   0.0 (  0.0) A:  26.5 [25-28] B:  22.0 [20-24] Phase: 91 (88) 
Phase: * * * * * * * * * * 91 * * * * 

182.4: Count:   0.0 (  0.0) A:  30.0 [30-30] B:  21.0 [21-21] Phase: -51 (0) 
182.9: Count:   0.0 (  0.0) A:  20.5 [20-21] B:  25.5 [25-26] Phase: -62 (60) 
Phase: * * * * * * * * * * -62 * * * * 

183.0: Count:   0.0 (  0.0) A:  20.0 [20-20] B:  25.0 [25-25] Phase: -117 (0) 
183.1: Count:   0.0 (  0.0) A:  35.0 [28-37] B:  21.4 [20-26] Phase: 17 (1) 
183.2: Count:   0.0 (  0.0) A:  30.0 [30-30] B:  27.0 [27-27] Phase: 13 (0) 
183.3: Count:   0.0 (  0.0) A:  24.5 [22-33] B:  23.7 [23-26] Phase: 86 (30) 
Phase: * * * * * * 103 * * * 31 * * * * 

183.4: Count:   0.0 (  0.0) A:  32.9 [30-34] B:  23.6 [20-25] Phase: 11 (32) 
Phase: * * * * -40 * * * * * 31 * * * * 

183.5: Count:   0.0 (  0.0) A:  21.0 [21-21] B:  23.0 [21-27] Phase: 104 (34) 
Phase: * * * * * * * * * * 129 * * 56 * 

183.6: Count:   0.0 (  0.0) A:  21.2 [20-22] B:  21.6 [20-26] Phase: 150 (60) 
Phase: * * * * * * * * * * 175 * * 49 * 

183.8: Count:   0.0 (  0.0) A:  26.0 [21-31] B:  20.5 [20-21] Phase: 8 (9) 
Count:   0.0   0.0   0.0   0.0   0.0   0.0   0.1   0.0   0.0   0.0   0.0   0.0   0.0   0.0   0.0 
Phase: * * * * * * 8 * * * * * * * * 

183.9: Count:   0.0 (  0.0) A:  26.0 [21-31] B:  21.0 [21-21] Phase: 5 (18) 
Count:   0.0   0.0   0.0   0.0   0.0   0.0   0.1   0.0   0.0   0.0   0.0   0.0   0.0   0.0   0.0 
Phase: * * * * * * 5 * * * * * * * * 

184.0: Count:   0.0 (  0.0) A:  27.1 [22-32] B:  20.9 [20-24] Phase: 20 (18) 
Count:   0.0   0.0   0.0   0.0   0.0   0.0   0.1   0.0   0.0   0.0   0.0   0.0   0.0   0.0   0.0 
Phase: * * * * * * 17 * * * 47 * * * * 

184.1: Count:   0.0 (  0.0) A:  26.0 [20-32] B:  21.3 [20-22] Phase: 6 (19) 
Count:   0.0   0.0   0.0   0.0   0.0   0.0   0.1   0.0   0.0   0.0   0.0   0.0   0.0   0.0   0.0 
Phase: * * * * * * 1 * * * 52 * * * * 

184.2: Count:   0.0 (  0.0) A:  23.0 [20-26] B:  22.5 [21-24] Phase: 67 (39) 
Phase: * * * * * * * * * * 67 * * * * 

184.3: Count:   0.0 (  0.0) A:  23.7 [20-25] B:  20.0 [20-20] Phase: 13 (32) 
Phase: * * * * * * -9 * * * 31 * 67 * * 

184.5: Count:   0.0 (  0.0) A:  20.0 [20-20] B:  29.0 [29-29] Phase: 172 (0) 
184.6: Count:   0.0 (  0.0) A:  22.0 [22-22] B:  21.0 [21-21] Phase: 49 (0) 
184.7: Count:   0.0 (  0.0) A:  24.0 [24-24] B:  27.0 [27-27] Phase: 56 (0) 
184.8: Count:   0.0 (  0.0) A:  22.0 [22-22] B:  26.0 [26-26] Phase: 49 (0) 
184.9: Count:   0.0 (  0.0) A:  22.0 [22-22] B:  34.0 [34-34] Phase: -10 (0) 
185.0: Count:   0.0 (  0.0) A:  24.0 [24-24] B:  30.0 [30-30] Phase: 11 (0) 
185.1: Count:   0.0 (  0.0) A:  22.0 [22-22] B:  21.0 [21-21] Phase: 5 (0) 
185.2: Count:   0.0 (  0.0) A:  22.0 [22-22] B:  23.0 [23-23] Phase: 22 (0) 
185.4: Count:   0.0 (  0.0) A:  20.0 [20-20] B:  20.0 [20-20] Phase: 49 (0) 
185.6: Count:   0.0 (  0.0) A:  34.0 [34-34] B:  20.0 [20-20] Phase: 0 (0) 
185.7: Count:   0.0 (  0.0) A:  21.0 [21-21] B:  20.0 [20-20] Phase: 42 (0) 
185.9: Count:   0.0 (  0.0) A:  27.6 [27-30] B:  20.8 [20-21] Phase: 49 (54) 
Phase: * * * * * * * * * * 22 * * 157 * 

186.0: Count:   0.0 (  0.0) A:  22.0 [22-22] B:  20.0 [20-20] Phase: -4 (0) 
186.1: Count:   0.0 (  0.0) A:  23.0 [23-23] B:  22.0 [22-22] Phase: 6 (0) 
186.2: Count:   0.0 (  0.0) A:  21.0 [21-21] B:  22.0 [22-22] Phase: 12 (0) 
187.1: Count:   0.0 (  0.0) A:  32.0 [32-32] B:  20.0 [20-20] Phase: -17 (0) 
187.3: Count:   0.0 (  0.0) A:  28.5 [24-33] B:  20.5 [20-21] Phase: 23 (12) 
Phase: * * * * 11 * * * * * * * 35 * * 

189.8: Count:   0.0 (  0.0) A:  22.8 [22-23] B:  23.2 [20-24] Phase: 40 (71) 
Phase: * * * * -178 * * * * * 5 * * * * 

189.9: Count:   0.0 (  0.0) A:  23.3 [23-25] B:  22.3 [21-23] Phase: 36 (61) 
Phase: * * * * -103 * * * * * 16 * * * * 

190.1: Count:   0.0 (  0.0) A:  28.0 [28-28] B:  21.0 [21-21] Phase: 167 (0) 
190.2: Count:   0.0 (  0.0) A:  27.0 [27-27] B:  21.0 [21-21] Phase: -180 (0) 
190.3: Count:   0.0 (  0.0) A:  31.0 [31-31] B:  21.0 [21-21] Phase: -171 (0) 
190.4: Count:   0.0 (  0.0) A:  31.0 [31-31] B:  23.0 [23-23] Phase: 164 (0) 
190.8: Count:   0.0 (  0.0) A:  26.0 [26-26] B:  20.0 [20-20] Phase: -43 (0) 
190.9: Count:   0.0 (  0.0) A:  21.0 [21-21] B:  21.0 [21-21] Phase: -45 (0) 
191.1: Count:   0.0 (  0.0) A:  26.1 [20-31] B:  23.1 [20-25] Phase: 33 (9) 
Phase: * * * * * * * * * * 40 * * 22 * 

191.2: Count:   0.0 (  0.0) A:  23.8 [20-32] B:  22.1 [20-27] Phase: 0 (38) 
Count:   0.0   0.0   0.0   0.0   0.0   0.0   0.1   0.0   0.0   0.0   0.0   0.0   0.0   0.0   0.1 
Phase: * * * * * * 23 8 -14 -28 39 * 6 * -33 

191.3: Count:   0.2 (  0.1) A:  25.7 [20-42] B:  21.3 [20-31] Phase: -14 (29) 
Count:   0.1   0.1   0.1   0.2   0.2   0.2   0.2   0.1   0.3   0.2   0.1   0.3   0.4   0.3   0.2 
Phase: -20 -23 -4 -12 -8 -11 -26 -20 -22 -12 5 -21 -10 -13 -20 

191.4: Count:   1.4 (  0.3) A:  27.8 [20-57] B:  22.3 [20-39] Phase: -12 (31) 
Count:   0.6   0.9   1.1   1.2   1.6   1.4   1.7   1.3   1.5   1.4   1.5   1.8   1.8   1.8   1.4 
Phase: -7 -4 -8 -7 -10 -13 -10 -16 -15 -9 -15 -13 -19 -16 -15 

191.5: Count:   4.3 (  0.5) A:  29.9 [20-72] B:  23.1 [20-46] Phase: -12 (31) 
Count:   3.6   3.5   3.4   4.3   4.6   4.9   4.8   3.8   4.6   4.6   4.4   4.6   4.5   4.9   4.3 
Phase: -9 -10 -9 -10 -8 -13 -13 -13 -16 -14 -17 -9 -12 -14 -13 

191.6: Count:   8.4 (  0.6) A:  32.0 [20-83] B:  23.9 [20-50] Phase: -11 (33) 
Count:   8.1   7.4   7.6   8.3   9.2   9.6   8.8   8.0   9.1   8.4   7.9   8.0   8.8   8.8   8.3 
Phase: -7 -10 -9 -9 -9 -12 -13 -10 -13 -15 -13 -8 -12 -12 -11 

191.7: Count:  12.6 (  0.6) A:  34.0 [20-94] B:  24.6 [20-52] Phase: -11 (35) 
Count:  12.1  11.9  11.9  12.5  13.8  13.3  13.1  12.7  12.5  12.2  11.9  12.1  13.2  13.1  12.4 
Phase: -6 -9 -8 -7 -11 -12 -12 -11 -15 -14 -12 -8 -9 -10 -10 

191.8: Count:  15.9 (  0.7) A:  35.7 [20-97] B:  25.1 [20-53] Phase: -10 (36) 
Count:  15.5  15.5  15.9  15.6  17.3  16.8  16.2  15.7  15.6  15.1  14.6  15.1  16.4  16.2  16.3 
Phase: -6 -7 -9 -8 -10 -10 -12 -11 -12 -12 -13 -10 -10 -10 -9 

191.9: Count:  17.8 (  0.7) A:  37.1 [20-103] B:  25.4 [20-54] Phase: -11 (36) 
Count:  17.5  18.4  17.8  17.6  19.0  19.1  18.2  17.5  16.9  16.9  16.7  17.2  17.7  17.8  18.2 
Phase: -7 -8 -10 -8 -10 -10 -12 -12 -14 -12 -11 -9 -11 -12 -9 

192.0: Count:  18.9 (  0.9) A:  38.1 [20-103] B:  25.4 [20-56] Phase: -11 (37) 
Count:  19.4  19.7  18.8  18.8  20.2  20.3  19.3  18.7  18.5  17.9  17.2  19.2  18.5  19.1  17.8 
Phase: -8 -8 -9 -8 -12 -10 -11 -11 -14 -12 -13 -7 -11 -11 -10 

192.1: Count:  19.0 (  1.0) A:  38.8 [20-110] B:  25.3 [20-55] Phase: -11 (36) 
Count:  19.1  20.1  18.9  19.1  20.4  20.9  19.5  19.2  18.1  18.2  17.3  18.7  18.5  18.6  17.7 
Phase: -9 -7 -9 -7 -12 -10 -12 -11 -13 -13 -14 -7 -11 -12 -10 

192.2: Count:  18.3 (  1.0) A:  39.3 [20-109] B:  25.2 [20-50] Phase: -12 (36) 
Count:  18.7  19.3  18.8  18.0  20.4  20.0  18.3  17.8  17.5  17.4  17.4  17.4  17.6  17.8  17.7 
Phase: -8 -8 -8 -10 -14 -12 -13 -13 -15 -12 -11 -9 -12 -13 -11 

192.3: Count:  17.3 (  1.0) A:  39.5 [20-113] B:  25.0 [20-48] Phase: -12 (35) 
Count:  17.8  18.2  18.4  16.9  19.6  18.8  17.1  16.9  16.9  15.8  17.1  17.0  16.8  16.8  16.0 
Phase: -8 -8 -7 -9 -14 -11 -14 -14 -15 -14 -12 -10 -12 -13 -13 

192.4: Count:  16.2 (  1.0) A:  39.4 [20-114] B:  24.7 [20-49] Phase: -13 (35) 
Count:  17.0  16.8  17.5  16.2  18.1  18.0  15.9  15.2  15.2  15.2  16.1  15.6  16.0  16.1  14.8 
Phase: -9 -10 -8 -10 -16 -11 -15 -14 -14 -13 -12 -11 -13 -13 -15 

192.5: Count:  14.9 (  0.9) A:  39.5 [20-110] B:  24.6 [20-47] Phase: -13 (35) 
Count:  15.4  15.8  15.4  15.1  16.6  16.2  14.4  14.6  14.1  13.5  14.6  14.9  14.6  13.9  13.9 
Phase: -11 -11 -10 -11 -17 -15 -18 -13 -14 -13 -13 -12 -12 -13 -13 

192.6: Count:  13.4 (  0.8) A:  39.1 [20-113] B:  24.4 [20-47] Phase: -15 (35) 
Count:  13.8  13.9  13.8  14.1  14.9  14.7  13.3  13.3  12.6  12.1  12.8  13.5  13.2  13.0  12.6 
Phase: -13 -11 -12 -14 -17 -17 -18 -14 -16 -16 -16 -16 -13 -15 -15 

192.7: Count:  11.7 (  0.7) A:  38.4 [20-111] B:  24.2 [20-46] Phase: -16 (35) 
Count:  11.9  11.6  11.9  11.8  13.2  13.1  11.2  11.8  11.2  10.5  11.3  12.0  11.8  11.1  11.2 
Phase: -14 -14 -13 -14 -19 -17 -18 -15 -18 -19 -18 -18 -16 -17 -14 

192.8: Count:   9.6 (  0.7) A:  37.6 [20-111] B:  23.8 [20-44] Phase: -18 (36) 
Count:   9.7   9.0   9.5   9.8  11.3  10.7   9.3   9.7   8.8   9.1   9.4  10.1   9.5   8.9   9.0 
Phase: -16 -15 -14 -16 -21 -19 -21 -16 -19 -21 -20 -22 -19 -18 -17 

192.9: Count:   7.1 (  0.6) A:  36.3 [20-107] B:  23.5 [20-43] Phase: -21 (37) 
Count:   6.7   7.0   6.6   7.4   8.7   8.2   6.7   6.9   6.7   6.5   7.1   7.6   7.2   6.5   6.8 
Phase: -18 -15 -16 -18 -22 -21 -25 -19 -21 -22 -24 -26 -22 -18 -18 

193.0: Count:   4.4 (  0.5) A:  34.7 [20-98] B:  22.9 [20-42] Phase: -22 (38) 
Count:   4.5   4.2   4.7   4.9   5.5   5.1   4.3   4.4   3.8   3.7   3.9   4.8   4.6   3.9   4.4 
Phase: -17 -22 -20 -21 -29 -27 -22 -19 -24 -25 -23 -19 -26 -21 -15 

193.1: Count:   2.1 (  0.3) A:  33.2 [20-92] B:  22.4 [20-38] Phase: -25 (38) 
Count:   2.1   2.2   2.0   2.5   2.8   2.7   2.3   2.0   1.7   1.6   2.1   2.1   2.1   1.9   2.3 
Phase: -20 -27 -20 -26 -32 -29 -24 -17 -26 -29 -22 -28 -27 -18 -13 

193.2: Count:   0.8 (  0.2) A:  31.9 [20-82] B:  21.9 [20-33] Phase: -30 (38) 
Count:   0.6   0.6   0.6   0.8   1.2   1.1   0.9   0.7   0.7   0.5   0.6   0.9   0.8   0.9   0.8 
A: 31.5 32.7 31.0 31.6 33.9 31.3 30.1 28.0 27.2 35.0 33.4 33.1 34.1 32.9 31.3 
Phase: -28 -16 -25 -25 -39 -30 -24 -27 -32 -32 -34 -39 -41 -25 -16 

193.3: Count:   0.2 (  0.1) A:  31.8 [20-90] B:  21.6 [20-29] Phase: -37 (37) 
Count:   0.2   0.1   0.1   0.1   0.3   0.3   0.2   0.2   0.2   0.1   0.1   0.2   0.2   0.2   0.2 
A: 32.5 25.5 33.3 29.2 35.1 33.4 27.6 26.3 27.5 31.2 31.6 31.7 36.7 33.6 35.3 
Phase: -35 -24 -43 -31 -56 -41 -30 -47 -46 -35 -34 -40 -26 -22 -27 

193.4: Count:   0.0 (  0.0) A:  29.2 [20-81] B:  21.1 [20-26] Phase: -40 (49) 
Count:   0.0   0.0   0.0   0.0   0.1   0.0   0.1   0.0   0.1   0.1   0.0   0.1   0.1   0.0   0.0 
A: 25.2 25.7 20.0 30.0 36.4 39.4 24.5 23.1 26.5 27.5 27.0 26.0 37.7 20.0 26.8 
Phase: -28 -36 -54 -24 -82 -41 5 -52 -40 -46 -33 -64 -28 -80 10 

193.5: Count:   0.0 (  0.0) A:  29.6 [21-48] B:  21.2 [21-23] Phase: -50 (31) 
Count:   0.0   0.0   0.0   0.0   0.0   0.0   0.0   0.0   0.0   0.0   0.0   0.0   0.0   0.0   0.0 
Phase: * * * * -20 24 -57 * * * * -60 -44 -97 * 

193.6: Count:   0.0 (  0.0) A:  25.7 [23-32] B:  20.7 [20-23] Phase: -64 (31) 
Phase: * * * * -27 * -37 * * * -106 * -33 -90 * 

193.7: Count:   0.0 (  0.0) A:  41.1 [36-42] B:  20.0 [20-20] Phase: -102 (45) 
Phase: * * * * * * * * * -121 -75 * * * * 

193.8: Count:   0.0 (  0.0) A:  22.0 [20-33] B:  20.8 [20-21] Phase: -113 (48) 
Count:   0.0   0.0   0.0   0.0   0.0   0.0   0.0   0.0   0.0   0.0   0.0   0.0   0.0   0.0   0.0 
Phase: * * * * * * * -134 * * 0 * * * * 

193.9: Count:   0.0 (  0.0) A:  27.9 [21-59] B:  20.9 [20-21] Phase: -123 (25) 
Count:   0.0   0.0   0.0   0.0   0.0   0.0   0.0   0.0   0.0   0.0   0.0   0.0   0.0   0.0   0.0 
Phase: * * * * -80 * * -137 * * * * * * * 

194.0: Count:   0.0 (  0.0) A:  32.0 [32-32] B:  21.0 [21-21] Phase: -177 (0) 
194.1: Count:   0.0 (  0.0) A:  31.0 [31-31] B:  21.0 [21-21] Phase: -177 (0) 
194.2: Count:   0.0 (  0.0) A:  25.0 [25-25] B:  23.0 [23-23] Phase: 4 (0) 
194.3: Count:   0.0 (  0.0) A:  24.3 [20-30] B:  22.0 [20-24] Phase: -42 (54) 
Count:   0.0   0.0   0.0   0.0   0.0   0.0   0.0   0.0   0.0   0.0   0.0   0.0   0.0   0.0   0.0 
Phase: * * * * * * * * * * -42 * * * * 

194.4: Count:   0.0 (  0.0) A:  27.0 [22-35] B:  20.7 [20-21] Phase: -61 (55) 
Phase: * * * * * * * * * * -61 * * * * 

194.5: Count:   0.0 (  0.0) A:  35.4 [28-49] B:  21.3 [21-22] Phase: 120 (62) 
Phase: * * * * * * * * * * 61 * * -175 * 

194.6: Count:   0.0 (  0.0) A:  41.0 [32-50] B:  22.5 [22-23] Phase: 52 (10) 
Phase: * * * * * * * * * * 52 * * * * 

194.7: Count:   0.0 (  0.0) A:  27.4 [21-50] B:  21.7 [21-22] Phase: 31 (19) 
Phase: * * * * * -45 41 * * * 16 * * * * 

194.8: Count:   0.0 (  0.0) A:  29.1 [20-47] B:  22.8 [22-23] Phase: 53 (54) 
Phase: * * * * -144 * 34 * * * 54 * * * * 

194.9: Count:   0.0 (  0.0) A:  26.9 [20-40] B:  21.1 [20-23] Phase: 33 (24) 
Count:   0.0   0.0   0.0   0.0   0.0   0.0   0.1   0.0   0.0   0.0   0.0   0.0   0.0   0.0   0.0 
Phase: * * * * * * 30 * * * 52 * * * * 

195.0: Count:   0.0 (  0.0) A:  32.0 [32-32] B:  20.0 [20-20] Phase: 111 (0) 
195.2: Count:   0.0 (  0.0) A:  21.0 [21-21] B:  21.0 [21-21] Phase: -118 (0) 
195.3: Count:   0.0 (  0.0) A:  30.6 [29-42] B:  20.1 [20-21] Phase: 3 (59) 
Count:   0.0   0.0   0.0   0.0   0.0   0.0   0.1   0.0   0.0   0.0   0.0   0.0   0.0   0.0   0.0 
Phase: * * * * * * -17 * * * 145 * * * * 

195.4: Count:   0.0 (  0.0) A:  33.9 [30-47] B:  20.0 [20-20] Phase: 39 (59) 
Phase: * * * * * * 8 * * * 148 * * * * 

195.5: Count:   0.0 (  0.0) A:  22.0 [22-22] B:  21.0 [21-21] Phase: 17 (0) 
195.6: Count:   0.0 (  0.0) A:  22.0 [21-23] B:  20.5 [20-21] Phase: -1 (11) 
Count:   0.0   0.0   0.0   0.0   0.0   0.0   0.0   0.0   0.0   0.0   0.0   0.0   0.0   0.0   0.0 
Phase: * * * * * * -1 * * * * * * * * 

195.7: Count:   0.0 (  0.0) A:  27.0 [21-33] B:  21.5 [20-23] Phase: -5 (23) 
Phase: * * * * * * * * * * -5 * * * * 

195.8: Count:   0.0 (  0.0) A:  26.0 [26-26] B:  24.0 [24-24] Phase: -26 (0) 
195.9: Count:   0.0 (  0.0) A:  29.0 [29-29] B:  22.0 [22-22] Phase: -26 (0) 
196.1: Count:   0.0 (  0.0) A:  22.0 [21-23] B:  20.3 [20-21] Phase: -126 (55) 
Phase: * * * * * * * * * * -126 * * * * 

196.3: Count:   0.0 (  0.0) A:  21.0 [21-21] B:  23.5 [21-26] Phase: 18 (9) 
Phase: * * * * * * * * * * 18 * * * * 

196.4: Count:   0.0 (  0.0) A:  23.0 [21-25] B:  22.5 [21-24] Phase: 3 (11) 
Phase: * * * * * * * * * * 3 * * * * 

196.5: Count:   0.0 (  0.0) A:  28.0 [28-28] B:  22.0 [22-22] Phase: 29 (0) 
196.6: Count:   0.0 (  0.0) A:  24.2 [24-27] B:  20.2 [20-23] Phase: -25 (15) 
Phase: * * * * 35 * -29 * * * * * * * * 

196.7: Count:   0.0 (  0.0) A:  26.4 [22-42] B:  21.5 [20-22] Phase: -21 (17) 
Phase: * * * * 39 * -30 * * * -3 * * * * 

196.8: Count:   0.0 (  0.0) A:  31.3 [21-42] B:  21.4 [20-25] Phase: 0 (5) 
196.9: Count:   0.0 (  0.0) A:  31.9 [25-39] B:  21.7 [20-24] Phase: 10 (16) 
Phase: * * * * 13 * * * * * 10 * * * * 

197.0: Count:   0.0 (  0.0) A:  23.1 [22-43] B:  20.1 [20-22] Phase: 166 (30) 
Phase: * * * * -66 * 159 * * * * * * * * 

197.1: Count:   0.0 (  0.0) A:  23.7 [21-32] B:  20.8 [20-22] Phase: -148 (65) 
Phase: * * * * -57 * 175 * * * -30 * * * * 

197.3: Count:   0.0 (  0.0) A:  30.5 [22-39] B:  22.0 [21-23] Phase: 43 (13) 
Phase: * * * * * * * * * * 43 * * * * 

197.4: Count:   0.0 (  0.0) A:  29.5 [23-36] B:  22.5 [22-23] Phase: 54 (12) 
Phase: * * * * * * * * * * 54 * * * * 

197.8: Count:   0.0 (  0.0) A:  21.0 [21-21] B:  20.0 [20-20] Phase: 73 (0) 
198.1: Count:   0.0 (  0.0) A:  27.0 [22-33] B:  23.5 [21-27] Phase: 80 (71) 
Count:   0.0   0.0   0.0   0.0   0.0   0.0   0.0   0.0   0.0   0.0   0.0   0.0   0.0   0.0   0.0 
Phase: * * * * * * * * * * 80 * * * * 

198.2: Count:   0.0 (  0.0) A:  31.3 [23-43] B:  23.3 [20-27] Phase: 77 (82) 
Count:   0.0   0.0   0.0   0.0   0.0   0.0   0.0   0.0   0.0   0.0   0.0   0.0   0.0   0.0   0.0 
Phase: * * * * * * * * * * 77 * * * * 

198.3: Count:   0.0 (  0.0) A:  31.0 [31-31] B:  20.0 [20-20] Phase: 5 (0) 
198.4: Count:   0.0 (  0.0) A:  30.0 [30-30] B:  21.0 [21-21] Phase: 1 (0) 
198.5: Count:   0.0 (  0.0) A:  22.0 [22-22] B:  20.0 [20-20] Phase: 17 (0) 
198.9: Count:   0.0 (  0.0) A:  30.6 [29-36] B:  21.7 [20-22] Phase: 10 (4) 
199.0: Count:   0.0 (  0.0) A:  26.7 [25-27] B:  21.5 [21-24] Phase: 42 (50) 
Phase: * * * * * * * * * * 20 * 153 * * 

199.1: Count:   0.0 (  0.0) A:  26.8 [21-41] B:  20.4 [20-21] Phase: -41 (63) 
Phase: * * * * * * * * * * -54 * 1 * * 

199.2: Count:   0.0 (  0.0) A:  28.4 [22-43] B:  20.6 [20-21] Phase: -44 (58) 
Phase: * * * * * * * * * * -58 * 2 * * 

199.3: Count:   0.0 (  0.0) A:  28.9 [21-42] B:  20.6 [20-21] Phase: -74 (60) 
Phase: * * * * * * * * * * -120 * 3 * * 

199.5: Count:   0.0 (  0.0) A:  23.0 [23-23] B:  20.0 [20-20] Phase: -6 (0) 
199.6: Count:   0.0 (  0.0) A:  25.0 [25-25] B:  20.0 [20-20] Phase: 3 (0) 
199.7: Count:   0.0 (  0.0) A:  21.0 [21-21] B:  20.0 [20-20] Phase: -37 (0) 
199.9: Count:   0.0 (  0.0) A:  32.0 [32-32] B:  20.0 [20-20] Phase: -13 (0) 
200.0: Count:   0.0 (  0.0) A:  34.0 [34-34] B:  20.0 [20-20] Phase: -8 (0) 
200.2: Count:   0.0 (  0.0) A:  23.0 [21-30] B:  20.8 [20-21] Phase: -8 (6) 
Phase: * * * * * * -11 * * * 3 * * * * 

200.3: Count:   0.0 (  0.0) A:  25.3 [23-32] B:  21.6 [20-23] Phase: 10 (6) 
Phase: * * * * * * 9 * * * 19 * -8 * * 

200.4: Count:   0.0 (  0.0) A:  22.0 [22-22] B:  20.0 [20-20] Phase: 30 (0) 
200.5: Count:   0.0 (  0.0) A:  23.0 [23-23] B:  22.0 [22-22] Phase: 10 (0) 
200.6: Count:   0.0 (  0.0) A:  24.0 [24-24] B:  21.0 [21-21] Phase: 44 (0) 
200.7: Count:   0.0 (  0.0) A:  22.0 [22-22] B:  20.0 [20-20] Phase: 16 (0) 
200.8: Count:   0.0 (  0.0) A:  20.0 [20-20] B:  20.0 [20-20] Phase: 6 (0) 
201.0: Count:   0.0 (  0.0) A:  28.5 [26-31] B:  24.9 [20-30] Phase: 173 (28) 
Count:   0.0   0.0   0.0   0.0   0.0   0.0   0.1   0.0   0.0   0.0   0.0   0.0   0.0   0.0   0.0 
Phase: * * * * -22 * 169 * * * * * * * * 

201.1: Count:   0.0 (  0.0) A:  31.9 [29-35] B:  27.3 [21-31] Phase: 162 (29) 
Count:   0.0   0.0   0.0   0.0   0.0   0.0   0.1   0.0   0.0   0.0   0.0   0.0   0.0   0.0   0.0 
Phase: * * * * -4 * 167 * * * * * * * * 

201.2: Count:   0.0 (  0.0) A:  28.9 [20-36] B:  24.1 [20-28] Phase: 141 (50) 
Count:   0.0   0.0   0.0   0.0   0.0   0.0   0.1   0.0   0.0   0.0   0.0   0.0   0.0   0.0   0.0 
Phase: * * * * 7 * 159 * * * 17 * * * 108 

201.3: Count:   0.0 (  0.0) A:  22.4 [20-27] B:  21.6 [20-25] Phase: 114 (38) 
Count:   0.0   0.0   0.0   0.0   0.0   0.0   0.0   0.0   0.0   0.0   0.0   0.0   0.0   0.0   0.0 
Phase: * 116 115 103 102 100 45 100 90 140 133 123 114 * 132 

201.4: Count:   0.1 (  0.1) A:  23.3 [20-36] B:  22.0 [20-31] Phase: 124 (32) 
Count:   0.2   0.1   0.1   0.1   0.1   0.1   0.2   0.3   0.2   0.2   0.2   0.1   0.1   0.1   0.1 
Phase: 127 120 108 135 123 112 135 134 126 126 122 105 127 115 114 

201.5: Count:   0.5 (  0.1) A:  24.4 [20-45] B:  22.5 [20-35] Phase: 121 (29) 
Count:   0.5   0.4   0.3   0.7   0.5   0.6   0.6   0.8   0.6   0.5   0.5   0.5   0.4   0.6   0.3 
Phase: 118 110 122 124 115 121 124 131 131 123 115 122 121 118 117 

201.6: Count:   1.3 (  0.2) A:  25.1 [20-53] B:  23.0 [20-39] Phase: 122 (31) 
Count:   1.3   1.0   1.1   1.6   1.3   1.4   1.3   1.6   1.4   1.4   1.2   1.2   0.8   1.3   0.8 
Phase: 118 115 114 124 121 119 124 129 134 120 117 123 121 123 121 

201.7: Count:   2.2 (  0.3) A:  25.5 [20-57] B:  23.4 [20-42] Phase: 121 (31) 
Count:   1.9   1.8   2.3   2.3   2.4   2.4   2.3   2.8   2.2   2.6   2.0   2.2   1.9   2.3   1.9 
Phase: 119 119 120 124 119 119 121 128 132 120 122 121 111 123 125 

201.8: Count:   3.3 (  0.4) A:  25.9 [20-57] B:  24.0 [20-43] Phase: 122 (33) 
Count:   2.8   3.0   2.7   3.7   3.3   3.4   3.4   4.2   2.9   3.9   3.4   3.4   3.0   3.3   3.0 
Phase: 123 122 117 121 123 123 124 125 125 125 126 117 115 124 122 

201.9: Count:   4.2 (  0.5) A:  26.3 [20-57] B:  24.2 [20-48] Phase: 122 (34) 
Count:   3.7   3.6   3.8   4.7   4.4   4.4   4.1   4.9   3.8   4.9   3.9   4.3   3.7   4.0   4.0 
Phase: 118 122 120 122 121 119 123 122 128 126 122 117 115 125 122 

202.0: Count:   4.8 (  0.5) A:  26.5 [20-57] B:  24.5 [20-51] Phase: 121 (34) 
Count:   4.1   4.1   4.7   5.4   5.2   5.3   4.4   5.8   4.6   5.3   4.6   5.0   4.2   4.6   4.6 
Phase: 117 124 119 122 120 119 120 121 127 128 120 120 116 122 123 

202.1: Count:   5.2 (  0.6) A:  26.4 [20-57] B:  24.7 [20-55] Phase: 121 (36) 
Count:   4.8   4.5   5.6   5.8   5.9   5.9   5.4   6.1   4.3   5.3   5.1   5.5   4.2   4.8   5.1 
Phase: 119 123 122 122 123 118 119 120 125 126 120 121 117 122 120 

202.2: Count:   5.5 (  0.6) A:  26.3 [20-64] B:  24.7 [20-55] Phase: 121 (37) 
Count:   5.3   4.8   6.1   6.3   6.3   6.1   5.5   6.4   4.7   5.4   5.5   5.3   4.4   5.0   5.5 
Phase: 117 123 123 120 123 118 118 123 124 125 120 121 119 123 121 

202.3: Count:   5.7 (  0.6) A:  26.3 [20-57] B:  24.8 [20-52] Phase: 120 (38) 
Count:   5.7   5.2   6.1   6.6   6.3   6.5   5.7   6.0   4.3   5.8   6.1   5.7   4.9   5.1   5.0 
Phase: 122 116 122 123 121 118 118 122 121 122 119 121 115 121 119 

202.4: Count:   5.8 (  0.6) A:  26.4 [20-58] B:  24.8 [20-53] Phase: 121 (39) 
Count:   5.5   5.3   6.3   6.6   6.3   6.9   5.8   6.3   4.7   5.9   6.0   5.9   5.0   5.4   5.1 
Phase: 121 118 120 124 124 119 116 125 124 122 122 119 115 121 120 

202.5: Count:   5.8 (  0.7) A:  26.5 [20-59] B:  24.9 [20-50] Phase: 121 (40) 
Count:   5.3   5.3   6.5   6.3   6.4   6.7   5.9   6.7   4.7   5.8   6.4   5.9   5.0   5.3   4.9 
Phase: 119 120 123 121 126 118 116 126 123 122 121 122 113 122 123 

202.6: Count:   5.9 (  0.6) A:  26.4 [20-59] B:  25.1 [20-57] Phase: 121 (41) 
Count:   5.4   5.3   6.4   6.3   6.4   6.6   5.5   6.8   5.3   6.2   6.3   6.1   5.5   5.1   5.1 
Phase: 116 126 118 121 126 119 120 121 130 126 121 117 112 124 120 

202.7: Count:   6.0 (  0.7) A:  26.4 [20-59] B:  25.2 [20-57] Phase: 122 (42) 
Count:   5.2   5.2   6.9   6.6   6.5   6.7   5.6   7.0   5.4   6.6   6.5   6.2   5.2   5.1   5.0 
Phase: 115 125 122 121 126 119 117 122 127 125 122 119 118 123 122 

202.8: Count:   6.2 (  0.8) A:  26.3 [20-61] B:  25.4 [20-54] Phase: 122 (43) 
Count:   5.4   5.3   6.9   7.0   6.9   6.9   5.8   7.7   5.8   6.8   6.7   6.2   5.3   5.0   5.2 
Phase: 113 124 123 122 128 116 117 121 128 127 126 121 117 122 124 

202.9: Count:   6.4 (  0.9) A:  26.2 [20-58] B:  25.6 [20-52] Phase: 122 (43) 
Count:   5.7   6.1   7.4   6.8   7.2   7.4   6.3   7.8   5.8   6.4   6.9   6.6   5.1   5.0   5.1 
Phase: 118 123 121 123 126 117 118 126 129 123 124 120 118 123 123 

203.0: Count:   6.6 (  1.0) A:  26.0 [20-57] B:  25.7 [20-56] Phase: 123 (44) 
Count:   6.0   6.2   7.7   7.0   7.9   7.9   6.2   7.9   5.7   6.8   6.8   6.7   5.3   5.3   5.4 
Phase: 115 123 122 122 124 118 117 126 131 123 126 121 120 120 126 

203.1: Count:   6.7 (  0.9) A:  25.9 [20-59] B:  25.9 [20-60] Phase: 122 (45) 
Count:   6.3   6.5   7.8   7.0   8.0   8.1   6.0   8.0   5.8   6.9   6.7   7.1   5.3   5.7   5.7 
Phase: 117 121 121 124 122 115 116 124 130 124 126 122 119 121 126 

203.2: Count:   6.9 (  0.7) A:  26.0 [20-57] B:  26.1 [20-56] Phase: 123 (44) 
Count:   6.6   6.8   8.3   6.8   7.9   7.6   6.5   8.0   6.2   7.0   7.2   6.9   6.2   5.9   6.1 
Phase: 119 122 122 126 125 122 119 122 129 124 126 123 121 122 126 

203.3: Count:   6.9 (  0.7) A:  25.9 [20-57] B:  26.4 [20-55] Phase: 123 (44) 
Count:   6.2   7.0   8.0   6.6   7.9   7.8   6.3   7.7   6.4   6.8   7.4   7.3   6.0   6.1   6.7 
Phase: 118 124 122 127 124 122 116 126 128 125 125 124 120 122 128 

203.4: Count:   7.1 (  0.8) A:  25.6 [20-52] B:  26.7 [20-69] Phase: 124 (44) 
Count:   6.0   7.4   8.0   7.3   7.7   8.4   7.4   7.8   6.5   7.4   7.5   7.4   5.4   6.1   6.6 
Phase: 118 126 124 127 119 118 121 126 126 125 127 124 120 124 129 

203.5: Count:   7.0 (  0.8) A:  25.5 [20-56] B:  26.9 [20-66] Phase: 123 (45) 
Count:   6.3   7.0   7.6   7.0   7.6   8.2   7.2   8.3   6.7   7.2   7.2   7.3   5.5   6.1   6.4 
Phase: 115 127 123 127 119 118 120 128 126 122 126 122 119 126 127 

203.6: Count:   6.9 (  0.8) A:  25.3 [20-53] B:  27.1 [20-64] Phase: 122 (46) 
Count:   5.7   6.9   7.1   7.0   7.7   8.2   7.5   8.2   6.1   7.0   6.4   7.1   5.9   6.2   6.7 
Phase: 112 125 125 128 119 118 121 125 122 121 127 123 117 125 124 

203.7: Count:   6.8 (  0.6) A:  25.2 [20-56] B:  27.2 [20-63] Phase: 121 (47) 
Count:   6.5   7.0   6.7   7.4   7.4   8.2   6.8   7.5   6.5   6.5   6.8   6.9   5.8   6.3   6.3 
Phase: 113 123 122 125 120 120 118 124 119 123 121 121 114 122 123 

203.8: Count:   6.8 (  0.7) A:  25.1 [20-60] B:  27.4 [20-62] Phase: 119 (48) 
Count:   6.3   6.7   6.1   7.0   7.5   8.4   6.9   7.7   6.3   6.5   6.9   6.7   5.7   6.3   6.8 
Phase: 116 119 121 124 118 119 121 120 119 120 122 120 111 117 121 

203.9: Count:   6.6 (  0.7) A:  24.9 [20-60] B:  27.7 [20-64] Phase: 118 (49) 
Count:   5.8   6.3   6.3   6.9   7.3   8.4   6.3   7.5   5.8   6.2   7.0   6.4   5.5   6.2   6.7 
Phase: 112 115 118 120 116 118 116 120 119 118 121 122 111 116 120 

204.0: Count:   6.2 (  0.8) A:  24.7 [20-49] B:  27.7 [20-63] Phase: 116 (49) 
Count:   5.5   5.5   5.5   6.5   7.3   7.7   6.4   7.2   5.3   6.3   6.4   6.0   5.3   6.1   5.6 
Phase: 113 115 119 118 112 110 114 119 118 120 122 118 109 111 118 

204.1: Count:   5.9 (  0.7) A:  24.5 [20-57] B:  27.8 [20-65] Phase: 113 (50) 
Count:   5.1   5.3   5.3   6.0   6.8   7.2   6.2   7.0   5.0   6.2   6.2   5.8   5.1   5.5   5.3 
Phase: 110 114 116 116 108 110 109 117 120 119 119 116 102 111 113 

204.2: Count:   5.5 (  0.6) A:  24.3 [20-52] B:  27.9 [20-65] Phase: 112 (51) 
Count:   4.6   5.1   5.0   5.7   6.5   6.8   5.5   6.0   4.8   5.9   6.1   5.4   5.0   5.2   5.0 
Phase: 114 116 110 115 109 108 109 112 109 119 116 115 105 109 112 

204.3: Count:   5.3 (  0.6) A:  24.2 [20-51] B:  27.8 [20-65] Phase: 112 (52) 
Count:   4.6   5.0   5.2   6.0   5.9   6.3   5.6   5.9   4.5   5.6   5.5   5.3   4.5   4.5   4.5 
Phase: 107 113 114 116 105 109 110 112 114 114 117 119 104 104 113 

204.4: Count:   4.6 (  0.6) A:  24.0 [20-45] B:  27.6 [20-67] Phase: 109 (52) 
Count:   4.0   4.7   4.6   5.4   5.1   5.9   5.1   5.0   4.2   4.7   4.8   4.4   3.8   4.0   3.9 
Phase: 107 115 108 115 102 104 108 109 113 111 113 116 101 102 107 

204.5: Count:   3.9 (  0.5) A:  24.0 [20-48] B:  27.3 [20-62] Phase: 109 (54) 
Count:   2.9   3.9   3.8   4.0   4.4   5.1   4.3   4.0   3.6   3.7   4.2   4.0   3.7   3.1   3.4 
Phase: 111 118 115 113 101 107 114 110 109 110 106 110 105 107 104 

204.6: Count:   3.0 (  0.5) A:  23.7 [20-47] B:  26.8 [20-59] Phase: 109 (55) 
Count:   2.3   3.1   2.9   3.3   3.4   3.9   3.3   3.2   3.2   3.2   3.2   3.3   2.7   2.3   2.3 
Phase: 104 118 110 111 106 107 107 116 111 106 111 111 107 101 98 

204.7: Count:   2.2 (  0.4) A:  23.3 [20-41] B:  26.2 [20-57] Phase: 107 (54) 
Count:   1.6   2.2   2.3   2.5   2.7   2.9   2.4   2.0   2.4   2.0   2.4   2.2   1.9   1.7   1.5 
Phase: 94 114 101 100 106 107 102 112 106 113 111 113 107 107 103 

204.8: Count:   1.5 (  0.4) A:  23.2 [20-70] B:  25.9 [20-56] Phase: 104 (59) 
Count:   0.9   1.2   1.5   2.0   2.0   2.4   1.7   1.6   1.7   1.0   1.5   1.2   1.2   1.4   1.3 
Phase: 101 111 109 107 103 97 97 108 107 114 110 112 94 98 98 

204.9: Count:   1.1 (  0.4) A:  22.9 [20-75] B:  25.5 [20-56] Phase: 103 (65) 
Count:   0.7   0.7   1.0   1.5   1.5   2.1   1.3   1.3   1.2   0.8   1.2   0.8   0.8   1.0   0.8 
Phase: 84 101 112 110 109 102 90 97 113 111 110 118 95 97 99 

205.0: Count:   1.0 (  0.4) A:  22.8 [20-71] B:  25.1 [20-49] Phase: 95 (70) 
Count:   0.6   0.5   1.0   1.1   1.4   1.9   1.3   0.9   1.2   0.8   1.1   0.7   0.6   0.6   0.5 
Phase: 92 98 92 89 91 94 80 107 102 107 127 115 80 82 95 

205.1: Count:   1.0 (  0.3) A:  22.8 [20-44] B:  24.7 [20-50] Phase: 102 (74) 
Count:   0.8   0.8   1.0   1.0   1.4   1.5   1.1   0.7   1.2   0.9   1.0   0.8   0.5   1.0   0.9 
Phase: 106 113 108 88 86 68 104 97 78 122 79 107 96 123 103 

205.2: Count:   1.1 (  0.3) A:  22.8 [20-39] B:  24.9 [20-54] Phase: 97 (77) 
Count:   0.9   0.9   1.1   0.9   1.6   1.8   1.2   0.8   1.5   1.0   1.1   1.1   0.7   1.0   0.9 
Phase: 94 93 105 106 90 72 109 89 68 136 78 89 97 112 71 

205.3: Count:   1.4 (  0.3) A:  22.8 [20-39] B:  25.4 [20-55] Phase: 87 (77) 
Count:   1.2   1.3   1.5   1.0   2.0   2.0   1.3   1.1   1.8   1.5   1.4   1.6   1.1   1.3   1.2 
Phase: 88 98 107 91 91 64 107 82 63 130 97 91 80 63 73 

205.4: Count:   1.8 (  0.4) A:  23.2 [20-40] B:  25.4 [20-53] Phase: 94 (78) 
Count:   1.9   1.9   1.6   1.7   2.3   2.6   1.8   1.7   2.2   1.5   2.2   1.9   1.1   1.5   1.6 
Phase: 97 114 79 106 94 87 80 85 107 126 99 80 74 85 82 

205.5: Count:   2.1 (  0.4) A:  23.2 [20-44] B:  25.7 [20-60] Phase: 92 (76) 
Count:   2.1   2.4   1.9   1.8   2.6   2.8   1.8   1.8   2.5   2.0   2.5   2.3   1.3   1.7   1.9 
Phase: 89 101 75 110 97 75 95 79 108 108 101 80 77 92 81 

205.6: Count:   2.2 (  0.3) A:  23.3 [20-46] B:  25.9 [20-65] Phase: 86 (74) 
Count:   2.1   2.4   2.4   1.9   2.5   2.7   1.9   2.1   2.7   2.2   2.7   2.6   1.7   1.9   2.0 
Phase: 77 109 69 112 94 65 86 78 103 85 99 83 80 89 71 

205.7: Count:   2.4 (  0.4) A:  23.3 [20-49] B:  26.2 [20-58] Phase: 91 (72) 
Count:   2.2   2.4   2.6   2.0   2.6   2.7   2.1   1.9   3.0   2.5   2.8   2.7   1.8   2.1   1.9 
Phase: 89 102 78 99 104 83 97 87 120 92 90 92 85 69 85 

205.8: Count:   2.2 (  0.4) A:  23.3 [20-50] B:  26.4 [20-54] Phase: 87 (69) 
Count:   1.7   2.4   2.4   2.0   2.6   2.6   2.2   1.9   2.6   2.2   2.8   2.6   1.7   2.0   1.9 
Phase: 76 101 88 96 96 85 86 81 94 93 89 91 87 65 82 

205.9: Count:   2.3 (  0.4) A:  23.3 [20-42] B:  26.2 [20-53] Phase: 83 (67) 
Count:   1.9   2.3   2.4   2.0   2.5   2.8   2.4   2.2   2.6   2.1   3.2   2.6   1.6   1.9   1.9 
Phase: 81 91 84 87 92 73 78 73 100 90 86 91 83 68 78 

206.0: Count:   2.4 (  0.5) A:  23.4 [20-41] B:  26.1 [20-53] Phase: 85 (64) 
Count:   1.7   2.5   2.5   1.9   2.7   2.9   2.1   2.3   3.3   2.4   3.2   2.8   2.1   2.1   2.1 
Phase: 88 81 93 102 93 68 61 88 90 84 93 86 75 78 88 

206.1: Count:   2.5 (  0.4) A:  23.4 [20-43] B:  26.1 [20-54] Phase: 80 (61) 
Count:   2.1   2.4   2.5   2.0   3.0   2.8   2.2   2.5   3.2   2.6   3.3   2.7   2.1   2.2   2.4 
Phase: 76 81 73 98 94 79 67 83 80 84 86 84 70 70 79 

206.2: Count:   2.4 (  0.3) A:  23.4 [20-48] B:  26.1 [20-53] Phase: 77 (58) 
Count:   2.0   2.1   2.6   2.1   2.6   2.7   2.6   2.4   2.7   2.6   3.0   2.3   1.7   2.1   2.4 
Phase: 73 65 80 76 79 72 79 77 95 77 77 74 70 81 73 

206.3: Count:   2.2 (  0.4) A:  23.4 [20-54] B:  25.9 [20-55] Phase: 77 (58) 
Count:   2.0   2.0   2.1   1.7   2.6   2.6   2.1   2.1   2.5   2.2   3.0   2.5   1.7   2.1   2.0 
Phase: 74 80 77 75 76 68 74 83 90 75 78 75 75 76 84 

206.4: Count:   1.9 (  0.5) A:  23.2 [20-46] B:  25.9 [20-54] Phase: 76 (59) 
Count:   1.9   1.4   1.5   1.3   2.2   2.6   1.7   2.0   2.4   1.9   2.8   2.3   1.4   1.8   1.9 
Phase: 68 80 74 82 75 57 75 75 90 77 81 79 74 76 89 

206.5: Count:   1.7 (  0.4) A:  23.1 [20-39] B:  26.0 [20-59] Phase: 76 (59) 
Count:   1.1   1.3   1.4   1.1   1.9   2.3   1.6   1.6   1.9   2.2   2.5   2.0   1.4   1.5   1.6 
Phase: 56 69 72 67 82 74 79 69 77 89 85 80 67 62 80 

206.6: Count:   1.6 (  0.4) A:  23.0 [20-51] B:  25.8 [20-59] Phase: 74 (57) 
Count:   1.1   1.3   1.3   0.8   1.7   2.5   1.3   1.6   1.8   2.0   2.0   1.8   1.3   1.5   1.5 
Phase: 59 64 73 63 74 69 83 76 72 90 84 73 61 68 81 

206.7: Count:   1.6 (  0.4) A:  23.0 [20-51] B:  25.7 [20-52] Phase: 76 (54) 
Count:   1.3   1.2   1.6   0.8   1.9   2.4   1.4   1.7   1.8   2.2   2.1   1.7   1.2   1.4   1.8 
Phase: 67 67 76 66 79 62 85 77 74 87 88 78 62 65 84 

206.8: Count:   1.9 (  0.4) A:  23.2 [20-42] B:  25.6 [20-54] Phase: 73 (53) 
Count:   1.8   1.5   1.8   1.2   2.3   2.5   1.8   2.2   2.2   1.9   2.1   2.4   1.3   1.9   1.9 
Phase: 72 65 75 69 72 69 75 72 75 78 90 76 64 64 68 

206.9: Count:   2.5 (  0.4) A:  23.5 [20-54] B:  25.7 [20-57] Phase: 71 (52) 
Count:   2.4   2.0   2.3   1.6   2.8   3.3   2.4   2.6   2.7   2.8   2.7   3.0   1.8   2.3   2.4 
Phase: 68 61 80 70 74 65 75 70 73 71 83 82 67 62 69 

207.0: Count:   3.0 (  0.4) A:  23.6 [20-52] B:  25.8 [20-54] Phase: 71 (50) 
Count:   2.9   2.5   3.1   2.2   3.1   3.7   3.1   3.2   3.3   3.3   3.2   3.4   2.4   2.9   2.9 
Phase: 65 60 75 69 72 60 73 73 75 78 74 80 71 69 69 

207.1: Count:   3.2 (  0.4) A:  24.0 [20-51] B:  26.0 [20-57] Phase: 70 (52) 
Count:   3.1   2.7   3.3   2.5   3.5   4.2   3.1   3.2   3.3   3.0   3.5   3.3   2.4   3.2   3.2 
Phase: 72 74 74 71 66 65 70 71 73 84 75 72 68 64 64 

207.2: Count:   2.9 (  0.4) A:  23.9 [20-50] B:  25.8 [20-54] Phase: 69 (52) 
Count:   2.7   2.6   2.9   2.5   3.1   3.8   2.8   2.9   2.7   2.8   3.3   3.0   2.3   3.0   2.8 
Phase: 60 69 74 71 69 58 73 75 74 79 77 72 67 67 62 

207.3: Count:   2.5 (  0.4) A:  23.5 [20-46] B:  25.8 [20-54] Phase: 65 (55) 
Count:   2.4   2.4   2.4   2.3   2.5   3.2   2.3   2.7   2.5   2.6   2.9   2.9   1.8   2.2   2.2 
Phase: 56 70 72 54 65 49 71 71 68 71 76 70 68 60 53 

207.4: Count:   2.2 (  0.3) A:  23.4 [20-57] B:  25.9 [20-56] Phase: 66 (53) 
Count:   2.2   2.4   2.2   2.2   2.3   2.6   2.1   2.3   2.1   2.2   2.2   2.2   1.4   2.3   1.9 
Phase: 62 63 64 65 65 61 68 71 70 70 75 68 67 58 62 

207.5: Count:   3.0 (  0.3) A:  23.8 [20-59] B:  25.8 [20-70] Phase: 70 (52) 
Count:   2.9   3.3   3.2   3.4   3.2   3.2   2.9   3.0   2.9   2.8   3.1   2.9   2.1   2.9   2.5 
Phase: 65 70 71 71 70 69 65 70 74 79 77 73 65 67 72 

207.6: Count:   6.1 (  0.4) A:  24.9 [20-55] B:  26.1 [20-73] Phase: 77 (48) 
Count:   6.1   6.4   6.7   6.4   6.3   6.6   5.9   6.3   5.9   6.3   6.2   6.0   5.0   5.8   5.6 
Phase: 75 77 69 78 78 75 75 76 82 82 80 79 75 78 80 

207.7: Count:  12.9 (  0.9) A:  27.0 [20-61] B:  26.6 [20-73] Phase: 82 (44) 
Count:  13.8  12.9  13.6  13.4  13.1  13.8  12.5  13.2  13.3  13.2  13.6  13.0  10.7  11.7  11.9 
Phase: 79 82 79 80 81 80 81 83 85 82 83 84 80 83 82 

207.8: Count:  21.7 (  0.9) A:  30.0 [20-72] B:  27.3 [20-70] Phase: 85 (40) 
Count:  22.8  22.2  22.5  22.0  21.7  22.7  21.2  21.7  21.9  22.4  22.2  21.3  19.4  20.5  20.4 
Phase: 84 87 85 84 84 83 84 85 86 84 84 85 82 86 87 

207.9: Count:  30.5 (  1.1) A:  33.6 [20-79] B:  28.0 [20-66] Phase: 86 (37) 
Count:  30.7  32.1  31.9  31.4  30.7  31.7  29.4  30.2  30.9  31.1  30.8  30.3  27.9  29.3  29.6 
Phase: 84 87 86 85 86 85 84 85 87 85 85 86 85 87 88 

208.0: Count:  37.4 (  0.8) A:  36.9 [20-84] B:  28.7 [20-68] Phase: 86 (35) 
Count:  37.8  38.2  38.2  37.7  37.2  38.3  37.0  38.0  37.8  38.2  37.5  37.2  35.4  36.5  36.5 
Phase: 84 87 86 86 85 84 84 86 89 86 86 87 85 88 89 

208.1: Count:  41.7 (  0.8) A:  39.6 [20-88] B:  29.2 [20-72] Phase: 86 (34) 
Count:  41.8  42.8  42.3  42.6  41.0  42.6  41.4  41.6  42.0  42.7  42.1  41.2  40.3  40.6  40.8 
Phase: 84 87 86 86 86 84 85 85 88 86 86 88 85 87 88 

208.2: Count:  43.8 (  0.9) A:  41.2 [20-95] B:  29.5 [20-73] Phase: 86 (33) 
Count:  43.5  44.8  44.5  44.2  43.8  44.8  44.6  42.6  42.5  43.9  44.6  43.9  42.4  42.6  44.0 
Phase: 85 87 85 84 86 84 85 85 87 85 86 87 85 87 88 

208.3: Count:  43.3 (  0.8) A:  41.5 [20-98] B:  29.4 [20-71] Phase: 86 (33) 
Count:  42.8  44.6  44.4  43.7  43.1  44.5  43.4  42.9  42.6  44.0  43.7  42.7  41.9  42.5  43.5 
Phase: 85 87 85 84 85 84 85 85 87 85 86 87 85 87 88 

208.4: Count:  40.9 (  0.8) A:  40.5 [20-97] B:  28.8 [20-72] Phase: 86 (33) 
Count:  40.3  42.0  42.0  41.5  40.5  42.2  41.3  40.3  40.0  41.4  41.0  40.8  39.6  39.8  41.2 
Phase: 86 87 85 85 84 84 85 85 87 85 86 88 85 87 88 

208.5: Count:  36.1 (  0.9) A:  38.4 [20-89] B:  28.2 [20-66] Phase: 86 (34) 
Count:  36.2  37.3  36.7  36.4  36.2  37.1  37.3  36.4  35.5  36.6  36.3  35.2  34.8  33.9  36.3 
Phase: 84 86 86 85 84 83 85 87 88 87 86 87 85 88 89 

208.6: Count:  29.7 (  0.9) A:  35.1 [20-81] B:  27.5 [20-64] Phase: 86 (38) 
Count:  30.3  30.7  30.4  29.7  30.0  30.9  30.7  29.9  29.9  30.3  29.3  29.3  28.1  27.6  29.2 
Phase: 83 87 86 85 84 82 84 86 88 87 86 86 84 87 89 

208.7: Count:  22.8 (  0.7) A:  31.5 [20-78] B:  27.0 [20-64] Phase: 86 (43) 
Count:  23.4  23.6  22.7  22.5  22.7  23.9  23.2  23.5  22.9  23.1  22.4  22.8  21.4  21.2  22.5 
Phase: 82 88 85 87 83 82 84 86 87 87 88 86 83 87 91 

208.8: Count:  16.0 (  0.6) A:  28.4 [20-63] B:  26.9 [20-68] Phase: 86 (51) 
Count:  16.1  16.3  15.7  15.5  15.4  16.9  16.8  16.5  16.5  17.0  15.4  15.5  15.4  14.9  16.2 
Phase: 86 86 85 85 81 78 85 87 86 86 91 89 82 89 89 

208.9: Count:  10.9 (  0.5) A:  26.4 [20-56] B:  26.9 [20-67] Phase: 85 (60) 
Count:  10.7  11.5  10.6  10.5  10.7  11.8  11.2  11.3  11.5  11.3   9.9  10.9  10.5  10.7  11.0 
Phase: 84 87 87 83 80 75 85 90 89 88 90 88 78 84 81 

209.0: Count:   8.9 (  0.4) A:  25.3 [20-55] B:  27.3 [20-68] Phase: 87 (68) 
Count:   8.6   9.2   8.9   8.4   8.5   9.6   8.9   9.4   9.2   8.9   8.2   9.1   8.2   9.0   8.7 
Phase: 90 87 97 86 85 78 86 92 88 94 86 89 81 86 82 

209.1: Count:   9.6 (  0.5) A:  25.3 [20-73] B:  27.8 [20-62] Phase: 92 (70) 
Count:   8.4  10.1   9.4   9.7   9.6  10.4   9.8   9.9   9.1   9.8   9.2   9.9   8.9   9.9   9.6 
Phase: 86 100 99 91 92 80 89 97 92 94 93 89 82 89 88 

209.2: Count:  12.3 (  0.6) A:  25.9 [20-75] B:  28.4 [20-64] Phase: 94 (67) 
Count:  10.9  12.8  12.4  12.8  12.2  13.2  12.7  13.1  11.4  12.3  12.5  12.7  11.8  12.5  12.1 
Phase: 94 96 100 92 100 84 92 99 98 94 97 91 89 89 96 

209.3: Count:  15.5 (  0.7) A:  26.7 [20-77] B:  29.0 [20-73] Phase: 96 (64) 
Count:  14.4  16.0  16.0  16.1  15.1  16.0  16.0  16.8  14.4  15.4  15.9  15.8  15.0  15.4  15.0 
Phase: 92 98 101 96 101 89 96 103 97 98 98 95 94 92 97 

209.4: Count:  17.9 (  0.9) A:  27.5 [20-65] B:  29.2 [20-75] Phase: 97 (62) 
Count:  16.4  18.0  19.0  18.5  18.7  18.4  18.3  19.2  17.3  18.2  18.0  18.0  17.0  17.8  16.3 
Phase: 94 98 100 100 99 96 92 101 99 99 99 93 93 95 97 

209.5: Count:  18.9 (  0.8) A:  28.1 [20-69] B:  29.1 [20-75] Phase: 98 (59) 
Count:  18.5  19.0  20.4  19.7  19.5  19.8  19.2  19.5  18.3  18.9  19.2  18.7  17.5  18.6  17.5 
Phase: 97 99 99 98 101 95 95 98 101 99 96 96 95 97 99 

209.6: Count:  18.7 (  0.8) A:  28.4 [20-72] B:  28.8 [20-72] Phase: 98 (57) 
Count:  18.2  19.3  20.3  19.3  19.2  19.0  18.4  19.8  18.6  18.9  18.3  17.4  17.7  17.7  17.8 
Phase: 97 98 98 97 100 98 97 99 102 102 95 97 96 97 97 

209.7: Count:  17.8 (  0.9) A:  28.4 [20-72] B:  28.3 [20-70] Phase: 99 (55) 
Count:  18.4  18.7  18.4  17.8  18.2  18.5  17.6  18.2  17.3  18.4  18.2  18.0  16.1  16.5  16.0 
Phase: 102 100 102 100 100 97 94 102 103 101 96 97 97 100 97 

209.8: Count:  16.4 (  1.0) A:  28.3 [20-72] B:  27.8 [20-71] Phase: 100 (54) 
Count:  16.8  17.8  17.4  16.4  17.2  16.8  16.6  16.9  16.1  17.1  16.6  16.3  14.6  14.8  14.6 
Phase: 101 99 101 100 101 99 94 101 103 102 99 99 98 100 99 

209.9: Count:  15.2 (  1.0) A:  28.4 [20-70] B:  27.3 [20-68] Phase: 101 (52) 
Count:  15.3  16.1  16.1  15.1  16.2  15.8  16.1  15.9  15.2  15.8  15.0  15.0  13.2  13.8  13.7 
Phase: 102 102 102 100 101 101 95 100 104 102 101 100 99 103 99 

210.0: Count:  14.4 (  0.7) A:  28.6 [20-70] B:  27.0 [20-62] Phase: 102 (51) 
Count:  14.2  14.5  15.2  14.8  15.2  15.0  14.4  15.1  14.1  14.5  14.5  14.2  13.2  13.1  13.6 
Phase: 102 103 102 101 103 100 101 103 106 102 101 101 100 103 103 

210.1: Count:  13.9 (  0.7) A:  28.7 [20-66] B:  26.8 [20-62] Phase: 105 (51) 
Count:  14.0  14.0  14.8  14.0  14.6  14.2  13.7  14.4  14.2  14.4  13.7  14.0  12.7  12.4  12.6 
Phase: 105 106 105 105 105 103 102 106 109 106 107 104 105 105 105 

210.2: Count:  13.5 (  0.6) A:  28.7 [20-65] B:  26.6 [20-62] Phase: 108 (49) 
Count:  13.5  13.6  14.6  13.4  14.1  13.7  13.5  14.3  13.6  13.8  13.0  13.7  12.5  12.5  12.5 
Phase: 109 107 109 108 109 106 105 107 110 108 111 105 106 105 108 

210.3: Count:  13.3 (  0.6) A:  28.6 [20-67] B:  26.4 [20-67] Phase: 112 (47) 
Count:  13.2  13.7  14.1  13.7  13.5  14.2  12.9  13.6  13.7  13.1  13.2  13.4  12.3  12.4  12.2 
Phase: 109 113 109 114 113 112 111 112 112 116 114 112 110 113 111 

210.4: Count:  12.5 (  0.4) A:  28.5 [20-71] B:  26.2 [20-65] Phase: 116 (43) 
Count:  12.6  12.7  13.0  13.1  12.7  12.8  12.4  12.3  13.0  12.6  11.9  12.7  12.0  11.9  11.8 
Phase: 113 116 115 118 118 116 112 116 117 120 120 115 114 114 116 

210.5: Count:  11.4 (  0.5) A:  28.3 [20-70] B:  25.9 [20-59] Phase: 121 (38) 
Count:  11.5  12.2  12.3  11.7  11.7  12.0  11.8  11.1  11.2  11.0  10.7  11.6  10.8  11.0  11.0 
Phase: 119 120 120 123 122 122 119 122 118 121 124 121 120 119 119 

210.6: Count:  10.5 (  0.4) A:  28.2 [20-61] B:  25.6 [20-53] Phase: 125 (32) 
Count:  10.6  10.6  11.1  10.4  10.8  10.7  10.3  10.9  11.1  10.5   9.8  10.8  10.4   9.8   9.9 
Phase: 123 124 125 125 126 126 123 123 122 127 127 123 123 125 126 

210.7: Count:   9.8 (  0.4) A:  27.9 [20-62] B:  25.1 [20-51] Phase: 129 (27) 
Count:   9.5   9.9  10.3   9.8   9.7  10.2   9.7  10.3  10.3  10.2   9.3   9.8   9.2   9.5   9.5 
Phase: 128 130 129 129 129 130 129 127 127 130 131 127 128 128 129 

210.8: Count:   9.2 (  0.4) A:  27.7 [20-61] B:  24.7 [20-49] Phase: 132 (22) 
Count:   9.3   9.3   9.3   9.6   9.4   9.8   8.9  10.2   9.2   9.0   9.0   8.8   8.5   9.1   9.1 
Phase: 131 132 131 131 133 132 131 131 130 132 134 131 131 132 131 

210.9: Count:   9.2 (  0.5) A:  27.6 [20-63] B:  24.5 [20-50] Phase: 134 (19) 
Count:   9.4   8.7   9.6  10.1   9.5   9.1   9.0   9.3   9.3   8.1   9.0   8.6   9.0   9.3   9.5 
Phase: 135 133 134 134 133 134 135 133 135 133 135 133 136 134 133 

211.0: Count:   9.3 (  0.5) A:  27.5 [20-64] B:  24.5 [20-50] Phase: 135 (18) 
Count:   9.0   8.8   9.7  10.1   9.5   9.1   9.6  10.1   9.2   8.3   8.8   8.5   9.1   9.4   9.6 
Phase: 136 135 135 135 135 135 135 134 136 135 137 136 136 135 136 

211.1: Count:   9.7 (  0.5) A:  27.4 [20-66] B:  24.7 [20-48] Phase: 137 (18) 
Count:   9.2   9.1  10.4  10.7   9.8   9.5  10.1  10.6   9.6   9.1   9.2   9.5   9.4   9.4   9.8 
Phase: 137 136 136 137 136 137 137 137 138 137 139 138 137 137 137 

211.2: Count:  10.4 (  0.4) A:  27.4 [20-63] B:  25.2 [20-49] Phase: 139 (21) 
Count:  10.5  10.1  11.4  11.1  10.0  10.1  10.2  10.8  10.3  10.5  10.8  10.1  10.1  10.5  10.2 
Phase: 141 139 138 138 139 139 137 139 139 139 141 140 139 140 139 

211.3: Count:  11.2 (  0.5) A:  27.4 [20-63] B:  25.7 [20-54] Phase: 142 (24) 
Count:  10.9  10.5  11.9  11.8  10.3  11.0  10.9  11.6  11.4  11.5  11.6  10.7  11.0  11.7  11.1 
Phase: 143 142 140 140 142 144 141 143 140 140 143 144 142 142 142 

211.4: Count:  12.1 (  0.4) A:  27.5 [20-62] B:  26.2 [20-57] Phase: 145 (29) 
Count:  12.0  11.6  12.3  12.4  11.2  12.0  11.8  12.5  11.9  12.4  12.2  11.9  12.3  13.1  12.3 
Phase: 145 144 141 143 144 147 144 146 145 144 147 148 147 146 144 

211.5: Count:  13.2 (  0.4) A:  27.8 [20-84] B:  26.7 [20-59] Phase: 150 (33) 
Count:  13.2  12.9  13.5  14.1  12.4  13.2  13.3  13.6  12.4  13.0  13.7  13.3  13.1  13.4  12.8 
Phase: 149 149 145 148 149 151 150 150 150 149 153 154 148 153 149 

211.6: Count:  14.3 (  0.4) A:  28.0 [20-83] B:  27.2 [20-61] Phase: 154 (37) 
Count:  14.0  14.1  13.9  14.9  13.7  14.3  14.1  14.9  13.9  13.9  14.5  14.6  14.7  14.9  13.8 
Phase: 155 153 147 152 152 156 154 153 157 154 157 157 152 159 152 

211.7: Count:  15.2 (  0.5) A:  28.3 [20-79] B:  27.5 [20-62] Phase: 158 (41) 
Count:  15.1  15.4  14.3  15.3  14.8  15.6  15.2  15.8  14.3  15.3  15.7  15.2  15.4  16.1  14.4 
Phase: 159 157 151 155 155 159 158 158 161 158 161 160 154 161 155 

211.8: Count:  16.6 (  0.7) A:  28.4 [20-75] B:  27.9 [20-67] Phase: 161 (44) 
Count:  17.0  16.8  16.4  16.0  15.4  16.7  16.0  16.8  16.2  17.1  17.9  17.5  16.6  17.3  15.3 
Phase: 161 162 153 158 157 161 161 163 166 161 166 165 156 165 162 

211.9: Count:  17.3 (  0.8) A:  28.5 [20-78] B:  28.1 [20-68] Phase: 164 (46) 
Count:  17.3  17.7  17.0  16.8  16.5  17.7  16.7  17.9  17.0  17.3  19.1  17.8  16.8  18.3  16.1 
Phase: 163 164 153 161 159 166 165 166 171 165 169 168 160 166 163 

212.0: Count:  17.6 (  0.8) A:  28.7 [20-76] B:  28.3 [20-67] Phase: 165 (48) 
Count:  17.4  17.4  16.9  16.7  17.2  17.3  16.8  17.6  17.8  17.9  19.5  18.3  17.4  18.6  16.7 
Phase: 165 166 156 162 161 169 165 168 173 167 170 168 160 166 163 

212.1: Count:  17.8 (  0.8) A:  28.7 [20-79] B:  28.4 [20-69] Phase: 168 (49) 
Count:  17.9  17.9  16.6  16.9  17.0  17.8  16.9  17.5  17.7  18.0  19.4  18.6  18.4  18.8  17.3 
Phase: 169 168 157 166 164 169 168 169 173 167 173 173 162 168 165 

212.2: Count:  17.9 (  0.9) A:  28.6 [20-80] B:  28.4 [20-68] Phase: 168 (50) 
Count:  17.8  17.9  16.8  17.3  16.9  17.9  16.9  17.7  17.3  18.2  19.5  19.3  18.6  19.0  17.2 
Phase: 172 166 159 165 164 170 171 171 173 167 175 173 163 169 167 

212.3: Count:  17.8 (  1.0) A:  28.5 [20-77] B:  28.4 [20-73] Phase: 170 (50) 
Count:  18.0  17.8  16.5  17.4  16.9  17.5  16.5  17.6  17.5  18.2  19.6  18.8  19.0  19.3  16.8 
Phase: 172 167 161 166 165 170 172 173 173 169 178 174 165 169 169 

212.4: Count:  17.6 (  0.9) A:  28.5 [20-90] B:  28.3 [20-76] Phase: 170 (50) 
Count:  17.6  16.9  16.1  17.5  16.1  17.7  17.2  16.7  17.4  18.0  18.8  18.9  18.8  18.8  17.3 
Phase: 173 169 161 168 165 170 171 172 173 171 177 173 164 169 169 

212.5: Count:  17.3 (  1.0) A:  28.4 [20-90] B:  28.3 [20-76] Phase: 171 (50) 
Count:  17.1  15.7  16.3  16.4  16.0  17.5  16.8  16.8  17.2  18.4  18.9  18.6  18.8  18.2  17.4 
Phase: 174 170 163 168 165 173 170 175 174 174 176 173 166 172 171 

212.6: Count:  17.2 (  1.0) A:  28.3 [20-85] B:  28.2 [20-74] Phase: 171 (50) 
Count:  17.1  15.8  16.7  16.5  15.7  17.2  16.5  16.7  16.9  18.0  18.7  18.3  18.8  17.8  17.0 
Phase: 174 169 165 169 165 173 171 173 176 173 176 174 166 173 174 

212.7: Count:  16.9 (  1.2) A:  28.1 [20-71] B:  28.3 [20-70] Phase: 172 (50) 
Count:  16.9  16.2  16.1  16.4  15.0  17.2  16.3  16.5  15.1  17.5  18.7  18.4  18.7  17.7  17.2 
Phase: 174 169 164 169 166 171 172 172 174 174 -179 177 166 174 175 

212.8: Count:  16.5 (  1.1) A:  28.1 [20-74] B:  28.4 [20-75] Phase: 174 (50) 
Count:  16.6  15.8  15.7  15.8  14.3  17.0  16.5  16.5  14.7  17.6  17.6  17.6  18.2  17.6  16.7 
Phase: 176 173 166 172 169 174 173 174 174 175 -177 -180 168 175 177 

212.9: Count:  16.1 (  1.1) A:  27.9 [20-75] B:  28.3 [20-76] Phase: 176 (50) 
Count:  15.7  15.2  15.4  15.1  14.0  16.5  16.0  16.4  14.7  17.0  16.4  17.1  17.6  17.7  16.6 
Phase: -180 176 167 175 170 176 174 178 176 175 -178 -176 169 179 179 

213.0: Count:  15.4 (  1.2) A:  27.7 [20-75] B:  28.3 [20-71] Phase: 178 (50) 
Count:  14.3  14.1  15.6  14.4  13.4  15.1  15.3  15.0  13.9  16.5  16.3  16.9  16.7  16.9  16.5 
Phase: -180 -180 168 173 172 176 178 -179 -180 178 -179 -177 170 -180 -178 

213.1: Count:  14.6 (  1.2) A:  27.5 [20-73] B:  28.2 [20-75] Phase: 179 (51) 
Count:  13.1  13.6  14.6  13.6  12.7  14.7  14.9  14.6  12.7  15.2  15.5  15.6  15.7  16.6  15.1 
Phase: -178 179 170 174 172 178 -177 -176 -175 179 -179 -177 173 -180 -175 

213.2: Count:  13.6 (  1.1) A:  27.2 [20-65] B:  28.2 [20-77] Phase: -179 (50) 
Count:  12.3  12.7  13.5  12.7  12.1  13.9  14.0  13.4  12.1  13.6  14.8  14.6  14.8  15.8  14.4 
Phase: -175 -177 172 175 172 178 -175 -176 -172 -178 -177 -174 177 -176 -174 

213.3: Count:  12.9 (  1.1) A:  26.9 [20-69] B:  28.0 [20-76] Phase: -176 (50) 
Count:  11.8  11.2  13.0  12.4  11.2  12.6  13.8  12.7  11.2  12.8  14.4  13.7  14.3  14.4  13.4 
Phase: -180 -180 176 179 175 -177 -177 -171 -169 -176 -168 -171 178 -172 -173 

213.4: Count:  11.9 (  1.1) A:  26.7 [20-66] B:  27.9 [20-76] Phase: -174 (50) 
Count:  10.8  10.0  12.0  10.9  10.5  12.0  12.6  11.3  10.8  11.8  13.1  12.6  13.5  13.6  12.3 
Phase: -171 -175 177 -179 179 -178 -175 -171 -168 -176 -166 -169 -179 -170 -168 

213.5: Count:  11.1 (  1.1) A:  26.4 [20-62] B:  27.9 [20-73] Phase: -172 (50) 
Count:   9.8   9.7  11.1  10.1   9.6  11.1  11.6  10.2   9.8  11.5  12.6  12.0  12.5  12.7  11.6 
Phase: -168 -173 178 -179 -179 -176 -173 -171 -164 -171 -163 -168 -179 -167 -167 

213.6: Count:  10.5 (  1.4) A:  26.2 [20-60] B:  27.8 [20-67] Phase: -171 (50) 
Count:   8.3   9.1  10.1   9.8   8.7  10.0  10.7   9.9   9.3  10.6  12.5  12.0  12.2  12.8  11.6 
Phase: -165 -172 179 -179 -179 -173 -169 -172 -160 -176 -163 -167 -177 -167 -165 

213.7: Count:   9.8 (  1.5) A:  26.0 [20-59] B:  27.8 [20-64] Phase: -171 (51) 
Count:   7.8   8.6   9.0   8.9   8.1  10.0   9.6   8.2   9.0   9.9  12.3  10.8  11.4  12.0  11.2 
Phase: -167 -173 179 -177 179 -173 -167 -171 -156 -176 -161 -168 -177 -169 -164 

213.8: Count:   9.1 (  1.5) A:  25.8 [20-56] B:  27.7 [20-69] Phase: -170 (50) 
Count:   7.1   8.1   8.1   8.2   7.4   9.0   9.0   7.4   8.1   9.8  11.8  10.6  10.5  11.1  10.8 
Phase: -167 -171 178 -175 -178 -174 -167 -168 -156 -178 -162 -168 -176 -169 -163 

213.9: Count:   8.7 (  1.3) A:  25.6 [20-62] B:  27.8 [20-67] Phase: -170 (50) 
Count:   6.5   7.8   7.8   8.0   7.3   8.1   8.8   7.8   7.8   9.6  10.8  10.1  10.6  10.6   9.3 
Phase: -168 -176 179 -175 -178 -173 -169 -168 -153 -172 -160 -168 -177 -167 -163 

214.0: Count:   8.0 (  1.3) A:  25.5 [20-66] B:  27.7 [20-63] Phase: -169 (49) 
Count:   6.2   7.4   7.2   7.1   6.5   7.2   8.2   7.0   7.2   8.9  10.3   9.2   9.4   9.6   9.2 
Phase: -167 -179 -178 -176 -178 -177 -168 -170 -158 -173 -158 -164 -177 -166 -160 

214.1: Count:   7.4 (  1.3) A:  25.3 [20-62] B:  27.6 [20-64] Phase: -170 (49) 
Count:   6.3   7.0   6.5   6.2   6.1   6.3   7.4   6.3   6.7   8.6   9.9   8.4   8.9   8.8   8.2 
Phase: -165 -179 -180 -174 -177 -175 -170 -171 -159 -175 -159 -166 -176 -168 -161 

214.2: Count:   6.9 (  1.4) A:  25.0 [20-56] B:  27.6 [20-62] Phase: -170 (48) 
Count:   5.4   6.7   6.3   5.9   5.5   5.9   6.6   5.3   5.9   8.3   9.8   8.0   8.0   8.3   8.1 
Phase: -162 -173 176 -176 -179 -176 -171 -166 -158 -174 -163 -170 -180 -165 -164 

214.3: Count:   6.5 (  1.2) A:  24.8 [20-54] B:  27.6 [20-61] Phase: -171 (48) 
Count:   5.2   6.2   6.0   5.3   5.5   5.2   6.4   5.0   5.4   7.8   8.9   7.5   7.5   7.6   7.4 
Phase: -165 -175 174 -176 179 -171 -172 -168 -164 -176 -160 -167 -179 -167 -163 

214.4: Count:   6.0 (  1.3) A:  24.7 [20-53] B:  27.5 [20-62] Phase: -173 (48) 
Count:   4.6   6.0   5.2   5.0   5.1   4.7   5.8   4.1   5.1   7.4   8.1   6.8   7.1   7.6   7.0 
Phase: -168 -178 174 -180 178 -179 -174 -173 -162 -177 -165 -170 179 -168 -164 

214.5: Count:   5.7 (  1.1) A:  24.7 [20-51] B:  27.2 [20-60] Phase: -171 (48) 
Count:   4.6   5.2   5.5   5.0   4.7   4.1   5.5   4.1   5.2   6.7   7.5   7.0   6.5   6.9   6.6 
Phase: -162 -179 177 179 -179 -178 -175 -176 -155 -173 -160 -167 178 -168 -161 

214.6: Count:   5.2 (  1.2) A:  24.7 [20-54] B:  27.0 [20-58] Phase: -172 (47) 
Count:   3.9   5.0   4.9   4.5   4.2   3.5   5.1   3.5   4.4   6.5   7.3   6.6   6.1   6.2   5.9 
Phase: -165 179 176 178 -176 -177 -176 -173 -157 -173 -158 -168 177 -168 -158 

214.7: Count:   4.7 (  1.1) A:  24.6 [20-51] B:  26.9 [20-59] Phase: -172 (46) 
Count:   3.2   4.2   4.6   4.1   4.0   3.1   4.5   3.3   3.9   6.3   6.3   5.9   5.6   5.7   5.6 
Phase: -170 177 176 178 -177 -177 -177 -173 -161 -169 -160 -170 179 -170 -162 

214.8: Count:   4.4 (  1.1) A:  24.4 [20-51] B:  26.8 [20-59] Phase: -174 (47) 
Count:   3.0   4.0   4.2   3.6   3.4   3.3   4.6   2.6   3.9   5.2   6.1   5.6   4.7   5.9   5.5 
Phase: -178 -178 174 177 177 177 -170 -174 -165 -177 -163 -171 177 -171 -158 

214.9: Count:   3.9 (  1.0) A:  24.3 [20-51] B:  26.7 [20-60] Phase: -175 (46) 
Count:   2.4   3.5   3.8   3.2   3.2   2.9   4.3   2.5   3.7   4.8   5.7   4.6   4.2   5.0   5.2 
Phase: -179 -178 173 178 175 176 -174 -177 -170 -177 -164 -171 177 -168 -159 

215.0: Count:   3.6 (  0.9) A:  24.2 [20-51] B:  26.7 [20-59] Phase: -174 (45) 
Count:   2.3   3.2   3.4   2.8   3.0   2.7   3.7   2.1   3.4   4.3   5.1   4.0   3.9   4.6   4.9 
Phase: -176 -178 172 178 178 174 -176 -173 -165 -176 -162 -168 175 -170 -161 

215.1: Count:   3.3 (  1.2) A:  24.2 [20-51] B:  26.8 [20-55] Phase: -175 (44) 
Count:   1.7   2.8   3.0   2.3   2.9   2.1   3.3   1.6   2.8   4.2   5.5   4.4   4.0   4.4   4.5 
Phase: -173 -178 175 175 178 179 -178 177 -165 -176 -168 -175 176 -170 -161 

215.2: Count:   3.0 (  1.1) A:  24.1 [20-49] B:  26.6 [20-57] Phase: -174 (44) 
Count:   1.7   2.5   3.0   2.1   2.8   1.8   3.0   1.5   2.7   3.9   5.1   4.0   3.3   4.0   4.2 
Phase: -165 -176 173 177 -180 178 -180 -176 -167 178 -165 -173 173 -169 -157 

215.3: Count:   2.8 (  1.0) A:  24.0 [20-56] B:  26.4 [20-57] Phase: -175 (44) 
Count:   1.4   2.3   2.8   2.0   2.8   1.6   2.5   1.3   2.5   3.7   4.8   4.0   2.9   3.7   3.9 
Phase: -175 -180 170 174 174 177 -180 -170 -165 179 -162 -170 172 -168 -159 

215.4: Count:   2.6 (  0.9) A:  24.0 [20-50] B:  26.1 [20-55] Phase: -175 (44) 
Count:   1.3   2.1   2.3   1.8   2.6   1.6   2.6   1.2   2.7   3.2   4.5   3.4   2.8   3.4   3.5 
Phase: -164 178 171 178 179 177 -180 -172 -162 -179 -165 -173 176 -167 -161 

215.5: Count:   2.4 (  0.8) A:  24.0 [20-52] B:  26.1 [20-54] Phase: -175 (44) 
Count:   1.2   1.9   2.2   1.8   2.4   1.4   2.5   0.9   2.3   3.0   4.1   3.1   2.6   3.1   3.0 
Phase: -171 167 173 -178 179 177 -178 -173 -160 -179 -170 -174 175 -167 -164 

215.6: Count:   2.2 (  0.8) A:  24.0 [20-50] B:  25.7 [20-49] Phase: -174 (46) 
Count:   1.1   1.6   2.2   1.7   2.4   1.4   2.5   0.9   2.1   3.2   3.8   2.6   2.6   2.8   2.6 
Phase: -161 171 172 179 178 178 -176 -165 -161 -174 -165 -170 177 -169 -159 

215.7: Count:   2.1 (  0.8) A:  24.0 [20-47] B:  25.7 [20-52] Phase: -172 (44) 
Count:   1.0   1.3   2.2   1.5   2.3   1.3   1.9   0.9   2.4   2.8   3.6   2.4   2.6   2.9   2.4 
Phase: -176 -175 175 -180 179 -174 -177 -171 -153 -171 -166 -169 175 -171 -160 

215.8: Count:   1.9 (  0.8) A:  24.0 [20-49] B:  25.4 [20-50] Phase: -173 (45) 
Count:   0.9   1.1   2.0   1.4   2.2   1.0   1.6   0.8   2.2   2.6   3.4   2.1   2.7   2.9   2.2 
Phase: -176 179 168 -176 178 -170 -175 -168 -162 -171 -166 -172 176 -173 -155 

215.9: Count:   1.8 (  0.7) A:  23.9 [20-47] B:  25.1 [20-52] Phase: -173 (46) 
Count:   0.8   1.3   1.8   1.3   2.0   1.0   1.6   0.8   1.8   2.4   3.4   2.1   2.4   2.5   2.1 
Phase: -176 178 164 -178 -180 -177 -177 -166 -159 -176 -166 -169 176 -174 -153 

216.0: Count:   1.6 (  0.6) A:  23.8 [20-47] B:  25.1 [20-51] Phase: -170 (46) 
Count:   0.9   1.4   1.5   1.1   1.7   1.0   1.5   0.5   1.6   2.0   3.0   1.8   2.1   2.4   2.1 
Phase: -173 176 176 179 -177 -172 -179 177 -157 -167 -162 -163 175 -163 -156 

216.1: Count:   1.5 (  0.6) A:  23.8 [20-43] B:  24.8 [20-49] Phase: -170 (44) 
Count:   0.8   1.1   1.4   1.1   1.4   0.9   1.6   0.5   1.6   1.9   3.1   1.7   1.9   2.0   2.0 
Phase: -172 176 172 -177 -175 -173 -175 -178 -157 -172 -162 -161 176 -166 -159 

216.2: Count:   1.4 (  0.6) A:  23.8 [20-58] B:  24.7 [20-52] Phase: -169 (44) 
Count:   0.7   0.9   1.4   1.0   1.4   0.9   1.4   0.4   1.4   1.8   2.9   1.7   1.7   1.8   1.6 
Phase: -174 -176 177 -174 -178 -179 -172 -178 -152 -169 -159 -161 177 -168 -156 

216.3: Count:   1.2 (  0.5) A:  23.5 [20-43] B:  24.7 [20-50] Phase: -167 (43) 
Count:   0.5   0.7   1.3   1.0   1.4   0.8   0.9   0.5   1.2   1.5   2.4   1.5   1.5   1.6   1.5 
Phase: -166 173 174 -177 -175 -180 -179 -170 -150 -160 -154 -155 -179 -169 -159 

216.4: Count:   1.1 (  0.5) A:  23.4 [20-46] B:  24.5 [20-46] Phase: -168 (41) 
Count:   0.4   0.9   1.2   0.9   1.2   0.7   0.8   0.3   1.1   1.4   2.1   1.3   1.4   1.3   1.4 
Phase: -169 -178 172 -176 -175 176 -170 -176 -153 -162 -153 -158 177 -166 -156 

216.5: Count:   1.1 (  0.5) A:  23.3 [20-57] B:  24.5 [20-46] Phase: -169 (41) 
Count:   0.4   0.9   1.1   0.7   1.1   0.6   0.9   0.3   0.8   1.6   2.1   1.3   1.4   1.4   1.3 
Phase: -172 -177 168 -178 -176 171 -178 177 -155 -165 -158 -161 178 -164 -155 

216.6: Count:   1.0 (  0.4) A:  23.4 [20-56] B:  24.2 [20-46] Phase: -170 (42) 
Count:   0.5   0.9   1.0   0.6   0.9   0.6   0.8   0.3   0.8   1.4   1.8   1.0   1.3   1.3   1.4 
Phase: 171 -180 169 -180 -175 169 -167 -175 -158 -161 -161 -168 -179 -166 -157 

216.7: Count:   0.9 (  0.4) A:  23.3 [20-43] B:  24.3 [20-48] Phase: -171 (44) 
Count:   0.3   0.7   0.9   0.7   0.8   0.7   0.7   0.2   0.7   1.3   1.7   1.0   1.2   1.1   1.1 
Phase: -172 176 170 175 -169 -177 -169 175 -157 -164 -167 -166 174 -159 -151 

216.8: Count:   0.8 (  0.4) A:  23.3 [20-42] B:  24.4 [20-45] Phase: -169 (46) 
Count:   0.4   0.7   1.0   0.6   0.6   0.5   0.6   0.2   0.6   1.1   1.4   1.0   1.3   1.0   1.2 
Phase: -164 172 171 176 -174 -173 -166 -142 -156 -159 -161 -169 174 -156 -152 

216.9: Count:   0.7 (  0.4) A:  23.3 [20-42] B:  24.5 [20-43] Phase: -170 (47) 
Count:   0.3   0.5   1.0   0.6   0.4   0.5   0.6   0.2   0.5   1.0   1.5   1.0   1.1   1.0   1.0 
Phase: -157 163 166 -176 175 -174 173 -165 -145 -159 -161 -165 175 -159 -149 

217.0: Count:   0.7 (  0.3) A:  23.2 [20-39] B:  24.7 [20-42] Phase: -168 (45) 
Count:   0.3   0.5   0.6   0.5   0.7   0.5   0.7   0.3   0.5   1.2   1.1   0.8   1.2   1.0   0.9 
Phase: -166 173 173 -174 178 173 -174 -170 -150 -155 -155 -163 -176 -171 -152 

217.1: Count:   0.7 (  0.3) A:  23.3 [20-39] B:  24.7 [20-42] Phase: -167 (45) 
Count:   0.2   0.6   0.6   0.5   0.6   0.5   0.6   0.2   0.4   1.2   1.1   0.8   1.1   0.9   1.0 
Phase: -180 174 178 -170 -178 -179 -165 -173 -147 -150 -159 -164 -176 -167 -153 

217.2: Count:   0.7 (  0.3) A:  23.2 [20-43] B:  24.4 [20-46] Phase: -170 (44) 
Count:   0.3   0.8   0.8   0.6   0.5   0.4   0.6   0.2   0.4   1.3   1.1   0.9   1.0   0.9   0.9 
Phase: -175 173 165 -173 179 -170 174 174 -152 -151 -166 -165 -178 -171 -146 

217.3: Count:   0.7 (  0.3) A:  23.3 [20-43] B:  24.5 [20-44] Phase: -167 (46) 
Count:   0.3   0.5   0.7   0.4   0.5   0.4   0.5   0.1   0.7   1.3   1.2   0.8   0.7   0.9   0.8 
Phase: -180 -177 170 -174 174 171 -157 -158 -159 -170 -148 -153 -170 -160 -153 

217.4: Count:   0.6 (  0.3) A:  23.4 [20-54] B:  24.3 [20-45] Phase: -165 (50) 
Count:   0.3   0.5   0.6   0.4   0.5   0.4   0.4   0.2   0.7   1.1   1.2   0.8   0.7   0.8   0.7 
Phase: -176 -180 159 176 173 169 -171 176 -148 -157 -148 -151 -166 -152 -158 

217.5: Count:   0.6 (  0.3) A:  23.2 [20-49] B:  24.2 [20-48] Phase: -166 (45) 
Count:   0.3   0.5   0.6   0.5   0.5   0.4   0.5   0.2   0.6   0.9   1.2   0.8   0.7   0.7   0.7 
Phase: 172 173 167 179 -178 179 -172 169 -144 -161 -153 -154 -169 -155 -148 

217.6: Count:   0.6 (  0.2) A:  22.8 [20-48] B:  24.0 [20-46] Phase: -169 (44) 
Count:   0.3   0.2   0.7   0.6   0.5   0.4   0.5   0.4   0.4   0.8   1.0   0.7   0.9   0.8   0.6 
Phase: -170 169 162 -170 176 175 -159 178 -151 -157 -151 -151 -177 -168 -170 

217.7: Count:   0.6 (  0.3) A:  23.0 [20-46] B:  23.8 [20-45] Phase: -167 (47) 
Count:   0.3   0.3   0.5   0.6   0.3   0.3   0.4   0.4   0.3   0.8   1.2   0.7   0.8   0.8   0.6 
Phase: -163 -169 156 -170 176 171 -165 -178 -152 -160 -152 -145 -178 -171 -164 

217.8: Count:   0.5 (  0.2) A:  23.1 [20-48] B:  23.7 [20-41] Phase: -169 (47) 
Count:   0.2   0.2   0.5   0.5   0.4   0.3   0.4   0.3   0.4   0.7   1.1   0.6   0.6   0.8   0.6 
Phase: -165 -178 146 179 -177 171 -158 -177 -157 -166 -152 -146 177 -164 -167 

217.9: Count:   0.5 (  0.2) A:  22.8 [20-47] B:  23.8 [20-44] Phase: -168 (47) 
Count:   0.2   0.2   0.5   0.4   0.2   0.4   0.3   0.2   0.3   0.8   0.9   0.4   0.8   0.6   0.7 
Phase: 158 -172 155 -172 -179 178 -152 -174 -164 -165 -156 -155 -179 -164 -141 

218.0: Count:   0.5 (  0.3) A:  22.8 [20-48] B:  23.5 [20-47] Phase: -171 (45) 
Count:   0.2   0.3   0.7   0.5   0.2   0.4   0.3   0.2   0.3   0.8   1.0   0.5   0.6   0.6   0.7 
Phase: 179 177 154 179 -180 172 -149 -166 -165 -177 -160 -155 -175 -168 -148 

218.1: Count:   0.5 (  0.3) A:  22.8 [20-46] B:  23.6 [20-46] Phase: -170 (47) 
Count:   0.2   0.3   0.6   0.4   0.2   0.3   0.4   0.2   0.3   0.9   1.1   0.6   0.6   0.6   0.8 
Phase: 174 -178 148 173 172 168 -132 -171 -159 -170 -157 -156 177 -172 -152 

218.2: Count:   0.5 (  0.2) A:  23.0 [20-50] B:  24.0 [20-40] Phase: -178 (48) 
Count:   0.2   0.4   0.8   0.4   0.3   0.3   0.3   0.1   0.4   0.7   0.9   0.5   0.7   0.7   0.6 
Phase: 168 170 145 -173 -164 168 -163 172 -178 -177 -165 -166 174 -157 -164 

218.3: Count:   0.5 (  0.2) A:  23.2 [20-54] B:  24.3 [20-41] Phase: -177 (48) 
Count:   0.3   0.4   0.7   0.4   0.3   0.3   0.4   0.1   0.2   0.6   0.9   0.6   0.6   0.7   0.6 
Phase: -179 161 151 -173 -166 -174 -179 -166 -178 -169 -171 -163 -178 -177 -162 

218.4: Count:   0.5 (  0.2) A:  23.3 [20-54] B:  24.3 [20-43] Phase: -177 (48) 
Count:   0.4   0.4   0.5   0.4   0.3   0.3   0.5   0.2   0.3   0.7   0.8   0.6   0.7   0.7   0.5 
Phase: -180 154 151 -175 -174 173 -180 -167 -175 -166 -168 -159 179 -174 -163 

218.5: Count:   0.5 (  0.2) A:  23.2 [20-44] B:  23.5 [20-43] Phase: -175 (49) 
Count:   0.3   0.4   0.6   0.6   0.3   0.3   0.6   0.1   0.3   0.8   0.9   0.7   0.5   0.6   0.5 
Phase: -172 179 147 -177 173 165 168 -170 -160 -164 -160 -166 177 -173 -157 

218.6: Count:   0.5 (  0.2) A:  23.4 [20-44] B:  23.6 [20-44] Phase: -174 (48) 
Count:   0.3   0.4   0.5   0.5   0.4   0.4   0.6   0.1   0.3   0.9   0.9   0.8   0.6   0.7   0.7 
Phase: 173 -174 151 179 168 173 178 -159 -166 -173 -158 -164 178 -173 -156 

218.7: Count:   0.6 (  0.2) A:  23.3 [20-42] B:  23.8 [20-45] Phase: -172 (48) 
Count:   0.4   0.4   0.6   0.5   0.5   0.3   0.6   0.1   0.4   1.0   1.0   0.9   0.7   0.7   0.7 
Phase: -170 -171 160 -180 172 179 -172 -154 -169 -170 -159 -167 177 -167 -152 

218.8: Count:   0.6 (  0.3) A:  23.2 [20-43] B:  24.0 [20-47] Phase: -172 (48) 
Count:   0.3   0.5   0.7   0.5   0.5   0.4   0.5   0.1   0.4   1.1   0.9   0.9   0.6   0.6   0.7 
Phase: -174 -172 153 176 178 168 -162 -168 -165 -163 -162 -163 -170 -168 -168 

218.9: Count:   0.7 (  0.2) A:  22.9 [20-55] B:  23.8 [20-44] Phase: -175 (52) 
Count:   0.3   0.5   0.9   0.6   0.6   0.5   0.6   0.4   0.3   1.1   0.8   1.0   0.8   0.7   0.9 
Phase: 176 -169 167 174 178 156 -164 -174 -151 -164 -154 -166 173 -168 -165 

219.0: Count:   0.6 (  0.2) A:  23.1 [20-55] B:  23.9 [20-46] Phase: -175 (52) 
Count:   0.2   0.4   0.9   0.7   0.5   0.4   0.5   0.3   0.5   0.8   0.9   0.9   0.8   0.8   0.7 
Phase: 171 -175 162 176 -174 176 -165 -170 -149 179 -147 -173 170 -170 -168 

219.1: Count:   0.6 (  0.2) A:  23.5 [20-49] B:  24.0 [20-46] Phase: -177 (49) 
Count:   0.2   0.4   0.8   0.8   0.4   0.3   0.5   0.3   0.4   0.9   0.8   0.8   0.7   0.8   0.6 
Phase: 174 -174 159 177 -176 163 -178 177 -149 -174 -163 -178 175 -166 -156 

219.2: Count:   0.7 (  0.3) A:  23.0 [20-53] B:  24.1 [20-43] Phase: -177 (50) 
Count:   0.3   0.5   1.0   0.7   0.5   0.4   0.7   0.1   0.2   0.9   1.1   0.8   0.8   0.9   1.0 
Phase: -173 169 159 178 176 153 -175 -178 -169 -168 -163 -173 178 -169 -157 

219.3: Count:   0.6 (  0.3) A:  23.1 [20-54] B:  24.5 [20-43] Phase: -176 (49) 
Count:   0.3   0.4   1.0   0.7   0.5   0.4   0.7   0.2   0.1   0.8   1.0   0.8   0.8   0.8   0.8 
Phase: -173 173 162 179 -178 168 -175 175 -179 -167 -157 -177 176 -174 -147 

219.4: Count:   0.6 (  0.3) A:  23.0 [20-51] B:  24.3 [20-43] Phase: -177 (52) 
Count:   0.4   0.5   1.0   0.7   0.4   0.5   0.7   0.2   0.1   0.8   1.2   0.8   0.8   0.8   0.7 
Phase: -170 -168 155 173 178 166 -171 174 -173 -174 -165 -172 176 -172 -141 

219.5: Count:   0.7 (  0.3) A:  22.9 [20-42] B:  24.4 [20-41] Phase: -176 (52) 
Count:   0.4   0.4   1.1   0.7   0.3   0.6   0.5   0.2   0.2   1.0   1.1   0.7   0.9   0.8   0.7 
Phase: 178 176 159 -176 -174 176 176 179 -134 -168 -155 -166 173 -175 -156 

219.6: Count:   0.6 (  0.3) A:  23.0 [20-53] B:  24.5 [20-42] Phase: -176 (53) 
Count:   0.5   0.5   1.1   0.6   0.3   0.5   0.5   0.3   0.2   1.0   1.1   0.8   0.8   0.7   0.7 
Phase: -178 -180 154 177 -180 164 -156 -168 -134 -166 -164 -179 172 -167 -156 

219.7: Count:   0.7 (  0.3) A:  23.1 [20-52] B:  24.6 [20-45] Phase: -174 (54) 
Count:   0.4   0.4   1.0   0.6   0.5   0.6   0.8   0.3   0.3   1.1   1.0   0.8   0.9   0.9   0.8 
Phase: 178 176 170 176 178 161 -162 -171 -154 -164 -154 -178 171 -169 -155 

219.8: Count:   0.8 (  0.3) A:  23.0 [20-57] B:  24.7 [20-47] Phase: -179 (55) 
Count:   0.4   0.6   1.0   0.8   0.3   0.6   0.7   0.4   0.4   1.3   1.3   1.0   0.7   1.0   0.8 
Phase: 168 169 163 173 178 161 161 -173 -161 -170 -169 -175 177 -175 -161 

219.9: Count:   0.8 (  0.3) A:  23.0 [20-57] B:  24.7 [20-47] Phase: -180 (56) 
Count:   0.4   0.6   0.9   0.7   0.4   0.5   0.9   0.4   0.5   1.4   1.3   1.1   0.9   1.0   0.7 
Phase: -179 167 156 -180 173 159 159 175 -156 -162 -164 -180 165 -173 -158 

220.0: Count:   0.8 (  0.3) A:  23.1 [20-44] B:  24.7 [20-46] Phase: -179 (54) 
Count:   0.4   0.6   1.1   0.8   0.4   0.6   0.9   0.4   0.5   1.3   1.1   0.9   0.9   0.9   0.7 
Phase: -172 179 160 -180 -175 159 159 172 -154 -158 -162 -179 153 -167 -150 

220.1: Count:   0.7 (  0.3) A:  23.1 [20-40] B:  24.6 [20-45] Phase: -178 (54) 
Count:   0.5   0.5   1.0   0.8   0.3   0.4   0.8   0.4   0.4   1.2   0.9   0.9   0.7   0.8   0.6 
Phase: -161 -180 152 -180 173 154 161 158 -162 -148 -166 -172 155 -171 -148 

220.2: Count:   0.5 (  0.2) A:  22.9 [20-42] B:  24.4 [20-43] Phase: -175 (48) 
Count:   0.2   0.5   0.7   0.5   0.3   0.3   0.5   0.2   0.4   0.8   0.7   0.7   0.5   0.7   0.5 
Phase: 178 -172 158 174 172 161 -176 154 -152 -160 -155 -170 171 -178 -149 

220.3: Count:   0.3 (  0.1) A:  22.8 [20-41] B:  24.1 [20-40] Phase: -177 (52) 
Count:   0.1   0.3   0.5   0.4   0.2   0.3   0.4   0.2   0.2   0.4   0.5   0.4   0.3   0.4   0.3 
Phase: -162 -178 164 171 157 159 -154 178 -168 -168 -158 -174 162 177 -154 

220.4: Count:   0.2 (  0.1) A:  22.3 [20-36] B:  23.6 [20-36] Phase: -178 (51) 
Count:   0.1   0.1   0.3   0.2   0.1   0.1   0.2   0.1   0.1   0.2   0.4   0.3   0.2   0.3   0.2 
Phase: -163 -173 169 -178 157 150 -146 -160 172 -159 -168 -178 162 -176 -141 

220.5: Count:   0.1 (  0.1) A:  23.0 [20-48] B:  23.2 [20-33] Phase: -170 (51) 
Count:   0.1   0.0   0.1   0.1   0.0   0.0   0.1   0.0   0.0   0.1   0.2   0.1   0.1   0.2   0.1 
Phase: 155 145 155 175 -177 157 -146 -146 -165 -177 -154 -174 -170 -152 172 

220.6: Count:   0.0 (  0.0) A:  24.5 [20-46] B:  22.4 [20-34] Phase: 178 (41) 
Count:   0.0   0.0   0.0   0.0   0.0   0.0   0.1   0.0   0.0   0.0   0.1   0.0   0.0   0.1   0.0 
A: 22.0 21.0 22.0 20.2 20.0 * 25.9 22.1 21.0 21.5 23.4 21.6 27.0 29.9 25.0 
Phase: 92 136 164 153 -172 * 175 -137 -134 -158 -175 168 161 -169 -160 

220.7: Count:   0.0 (  0.0) A:  25.4 [20-38] B:  22.5 [20-32] Phase: 173 (29) 
Count:   0.0   0.0   0.0   0.0   0.0   0.0   0.0   0.0   0.0   0.0   0.0   0.0   0.0   0.0   0.0 
Phase: * * * * * * 163 -133 * 125 169 179 170 159 * 

220.8: Count:   0.0 (  0.0) A:  22.3 [20-28] B:  23.3 [20-29] Phase: -114 (72) 
Count:   0.0   0.0   0.0   0.0   0.0   0.0   0.1   0.0   0.0   0.0   0.0   0.0   0.0   0.0   0.0 
Phase: * * * * 38 * -123 * * * -81 * * -152 * 

220.9: Count:   0.0 (  0.0) A:  23.9 [23-28] B:  23.9 [21-25] Phase: -128 (73) 
Count:   0.0   0.0   0.0   0.0   0.0   0.0   0.0   0.0   0.0   0.0   0.0   0.0   0.0   0.0   0.0 
Phase: * * * * 16 * -173 * * * -20 * * * * 

221.0: Count:   0.0 (  0.0) A:  22.6 [22-23] B:  21.0 [21-21] Phase: -101 (67) 
Count:   0.0   0.0   0.0   0.0   0.0   0.0   0.0   0.0   0.0   0.0   0.0   0.0   0.0   0.0   0.0 
Phase: * * * * * * -101 * * * * * * * * 

221.1: Count:   0.0 (  0.0) A:  25.9 [20-28] B:  20.2 [20-21] Phase: 35 (45) 
Phase: * * * * * * 16 * * * 70 * * -158 * 

221.2: Count:   0.0 (  0.0) A:  33.0 [33-33] B:  20.0 [20-20] Phase: -177 (0) 
221.3: Count:   0.0 (  0.0) A:  33.0 [33-33] B:  21.0 [21-21] Phase: 166 (0) 
221.5: Count:   0.0 (  0.0) A:  22.7 [20-30] B:  22.7 [21-26] Phase: 49 (66) 
Count:   0.0   0.0   0.0   0.0   0.0   0.0   0.0   0.0   0.0   0.0   0.0   0.0   0.0   0.0   0.0 
Phase: * * * * * * 36 * * * -14 * * 70 * 

221.6: Count:   0.0 (  0.0) A:  23.9 [20-31] B:  22.5 [20-26] Phase: 71 (64) 
Count:   0.0   0.0   0.0   0.0   0.0   0.0   0.0   0.0   0.0   0.0   0.0   0.0   0.0   0.0   0.0 
Phase: * * * * * * 34 * * * -6 * * 165 * 

221.7: Count:   0.0 (  0.0) A:  26.0 [22-30] B:  23.0 [21-25] Phase: 107 (59) 
Count:   0.0   0.0   0.0   0.0   0.0   0.0   0.0   0.0   0.0   0.0   0.0   0.0   0.0   0.0   0.0 
Phase: * * * * * * * * * * * * * 107 * 

221.9: Count:   0.0 (  0.0) A:  30.0 [30-30] B:  21.0 [21-21] Phase: 150 (0) 
222.0: Count:   0.0 (  0.0) A:  28.0 [28-28] B:  22.0 [22-22] Phase: 141 (0) 
222.1: Count:   0.0 (  0.0) A:  27.0 [27-27] B:  23.0 [23-23] Phase: -37 (0) 
222.2: Count:   0.0 (  0.0) A:  29.5 [26-40] B:  21.8 [21-22] Phase: -9 (4) 
222.3: Count:   0.0 (  0.0) A:  28.0 [25-37] B:  21.0 [21-21] Phase: 10 (13) 
Phase: * * -13 * * * * * * * 18 * * * * 

222.4: Count:   0.0 (  0.0) A:  27.0 [27-27] B:  23.0 [23-23] Phase: -6 (0) 
Count:   0.0   0.0   0.0   0.0   0.0   0.0   0.0   0.0   0.0   0.0   0.0   0.0   0.0   0.0   0.0 

222.5: Count:   0.0 (  0.0) A:  30.1 [23-41] B:  22.2 [20-25] Phase: -1 (12) 
Count:   0.0   0.0   0.0   0.0   0.0   0.0   0.1   0.0   0.0   0.0   0.0   0.0   0.0   0.0   0.0 
Phase: * * * * * * 4 * * * * * * -21 * 

222.6: Count:   0.0 (  0.0) A:  34.0 [30-41] B:  22.3 [21-23] Phase: -5 (6) 
Count:   0.0   0.0   0.0   0.0   0.0   0.0   0.0   0.0   0.0   0.0   0.0   0.0   0.0   0.0   0.0 
Phase: * * * * * * -1 * * * * * * -13 * 

222.7: Count:   0.0 (  0.0) A:  36.0 [36-36] B:  20.0 [20-20] Phase: -3 (0) 
222.8: Count:   0.0 (  0.0) A:  28.2 [21-33] B:  21.8 [21-23] Phase: 10 (10) 
Phase: * * * * -2 * * * * * 18 * * * * 

222.9: Count:   0.0 (  0.0) A:  21.9 [21-22] B:  20.4 [20-23] Phase: 2 (0) 
223.2: Count:   0.0 (  0.0) A:  24.0 [24-24] B:  20.0 [20-20] Phase: 3 (0) 
Count:   0.0   0.0   0.0   0.0   0.0   0.0   0.0   0.0   0.0   0.0   0.0   0.0   0.0   0.0   0.0 

223.8: Count:   0.0 (  0.0) A:  24.0 [24-24] B:  23.0 [23-23] Phase: -180 (0) 
223.9: Count:   0.0 (  0.0) A:  24.0 [24-24] B:  21.0 [21-21] Phase: -178 (0) 
224.0: Count:   0.0 (  0.0) A:  23.0 [23-23] B:  20.0 [20-20] Phase: -179 (0) 
224.5: Count:   0.0 (  0.0) A:  23.0 [23-23] B:  20.0 [20-20] Phase: -24 (0) 
225.1: Count:   0.0 (  0.0) A:  22.0 [22-22] B:  21.0 [21-21] Phase: -87 (0) 
225.2: Count:   0.0 (  0.0) A:  20.0 [20-20] B:  21.3 [21-23] Phase: -151 (58) 
Count:   0.0   0.0   0.0   0.0   0.0   0.0   0.0   0.0   0.0   0.0   0.0   0.0   0.0   0.0   0.0 
Phase: * * * * * * -173 * * * 2 * * * * 

225.3: Count:   0.0 (  0.0) A:  20.1 [20-21] B:  20.5 [20-22] Phase: 163 (42) 
Count:   0.0   0.0   0.0   0.0   0.0   0.0   0.0   0.0   0.0   0.0   0.0   0.0   0.0   0.0   0.0 
Phase: * * * * * * 176 * * * 25 * * 175 * 

225.4: Count:   0.0 (  0.0) A:  30.3 [21-39] B:  22.2 [20-24] Phase: 14 (29) 
Count:   0.0   0.0   0.0   0.0   0.0   0.0   0.0   0.0   0.0   0.0   0.0   0.0   0.0   0.0   0.0 
Phase: * * * * * * * * * * 66 * * 7 * 

225.5: Count:   0.0 (  0.0) A:  28.9 [20-43] B:  22.8 [20-26] Phase: 2 (12) 
Count:   0.0   0.0   0.0   0.0   0.0   0.0   0.0   0.0   0.0   0.0   0.0   0.0   0.0   0.0   0.0 
Phase: * * * * * * * * * * -35 * * 5 * 

225.6: Count:   0.0 (  0.0) A:  29.3 [23-42] B:  22.7 [21-25] Phase: 11 (8) 
Count:   0.0   0.0   0.0   0.0   0.0   0.0   0.0   0.0   0.0   0.0   0.0   0.0   0.0   0.0   0.0 
Phase: * * * * * * * * * * * * * 11 * 

225.7: Count:   0.0 (  0.0) A:  31.0 [26-36] B:  22.0 [21-23] Phase: 14 (26) 
Count:   0.0   0.0   0.0   0.0   0.0   0.0   0.0   0.0   0.0   0.0   0.0   0.0   0.0   0.0   0.0 
Phase: * * * * * * * * * * * * * 14 * 

225.8: Count:   0.0 (  0.0) A:  25.0 [25-25] B:  23.0 [23-23] Phase: 141 (0) 
225.9: Count:   0.0 (  0.0) A:  21.0 [21-21] B:  23.0 [23-23] Phase: 167 (0) 
226.0: Count:   0.0 (  0.0) A:  22.7 [20-28] B:  20.2 [20-21] Phase: -115 (57) 
Phase: * * * * * * * * * * -35 * * -155 * 

226.1: Count:   0.0 (  0.0) A:  26.0 [26-26] B:  22.0 [22-22] Phase: -172 (0) 
Count:   0.0   0.0   0.0   0.0   0.0   0.0   0.0   0.0   0.0   0.0   0.0   0.0   0.0   0.0   0.0 

226.2: Count:   0.0 (  0.0) A:  27.0 [27-27] B:  24.0 [24-24] Phase: 176 (0) 
Count:   0.0   0.0   0.0   0.0   0.0   0.0   0.0   0.0   0.0   0.0   0.0   0.0   0.0   0.0   0.0 

226.3: Count:   0.0 (  0.0) A:  27.0 [27-27] B:  22.0 [22-22] Phase: 160 (0) 
Count:   0.0   0.0   0.0   0.0   0.0   0.0   0.0   0.0   0.0   0.0   0.0   0.0   0.0   0.0   0.0 

226.5: Count:   0.0 (  0.0) A:  24.8 [22-29] B:  23.6 [22-26] Phase: -17 (38) 
Count:   0.0   0.0   0.0   0.0   0.0   0.0   0.0   0.0   0.0   0.0   0.0   0.0   0.0   0.0   0.0 
Phase: * * * * * * -6 * * * -145 * * * * 

226.6: Count:   0.0 (  0.0) A:  25.4 [23-29] B:  23.0 [21-26] Phase: -9 (44) 
Count:   0.0   0.0   0.0   0.0   0.0   0.0   0.0   0.0   0.0   0.0   0.0   0.0   0.0   0.0   0.0 
Phase: * * * * * * 3 * * * -157 * * * * 

226.7: Count:   0.0 (  0.0) A:  26.1 [22-27] B:  23.5 [21-24] Phase: 47 (63) 
Phase: * * * * * * 18 * * * -176 * * * * 

227.2: Count:   0.0 (  0.0) A:  21.0 [21-21] B:  20.0 [20-20] Phase: 23 (0) 
Count:   0.0   0.0   0.0   0.0   0.0   0.0   0.0   0.0   0.0   0.0   0.0   0.0   0.0   0.0   0.0 

227.9: Count:   0.0 (  0.0) A:  21.0 [21-21] B:  20.0 [20-20] Phase: 11 (0) 
228.0: Count:   0.0 (  0.0) A:  41.3 [21-43] B:  21.0 [21-21] Phase: -154 (44) 
Phase: * * * * * * * * * * * * -1 -167 * 

228.1: Count:   0.0 (  0.0) A:  39.0 [39-39] B:  21.0 [21-21] Phase: -154 (0) 
228.3: Count:   0.0 (  0.0) A:  21.0 [21-21] B:  20.0 [20-20] Phase: -13 (0) 
229.2: Count:   0.0 (  0.0) A:  28.0 [28-28] B:  22.0 [22-22] Phase: 82 (0) 
229.3: Count:   0.0 (  0.0) A:  23.0 [23-23] B:  20.0 [20-20] Phase: 154 (0) 
229.6: Count:   0.0 (  0.0) A:  21.0 [21-21] B:  22.0 [22-22] Phase: -27 (0) 
229.7: Count:   0.0 (  0.0) A:  25.5 [22-29] B:  21.5 [20-23] Phase: -5 (1) 
Count:   0.0   0.0   0.0   0.0   0.0   0.0   0.0   0.0   0.0   0.0   0.0   0.0   0.0   0.0   0.0 

229.8: Count:   0.0 (  0.0) A:  24.0 [21-27] B:  21.0 [20-22] Phase: 0 (15) 
Count:   0.0   0.0   0.0   0.0   0.0   0.0   0.0   0.0   0.0   0.0   0.0   0.0   0.0   0.0   0.0 
Phase: * * * * * * * * * * * * * 0 * 

230.2: Count:   0.0 (  0.0) A:  24.0 [24-24] B:  20.0 [20-20] Phase: 5 (0) 
230.8: Count:   0.0 (  0.0) A:  28.0 [28-28] B:  20.0 [20-20] Phase: -157 (0) 
231.0: Count:   0.0 (  0.0) A:  40.2 [28-42] B:  20.1 [20-21] Phase: -72 (33) 
Count:   0.0   0.0   0.0   0.0   0.0   0.0   0.0   0.0   0.0   0.0   0.0   0.0   0.0   0.0   0.0 
Phase: * * * * * * -60 * * * * * -158 -158 * 

231.1: Count:   0.0 (  0.0) A:  33.7 [25-35] B:  22.0 [22-22] Phase: -74 (37) 
Count:   0.0   0.0   0.0   0.0   0.0   0.0   0.0   0.0   0.0   0.0   0.0   0.0   0.0   0.0   0.0 
Phase: * * * * * * -60 * * * * * -169 -169 * 

231.2: Count:   0.0 (  0.0) A:  27.3 [23-28] B:  22.9 [22-23] Phase: -77 (42) 
Count:   0.0   0.0   0.0   0.0   0.0   0.0   0.0   0.0   0.0   0.0   0.0   0.0   0.0   0.0   0.0 
Phase: * * * * * * -61 * * * * * 173 173 * 

231.3: Count:   0.0 (  0.0) A:  20.5 [20-24] B:  21.7 [20-22] Phase: -81 (48) 
Count:   0.0   0.0   0.0   0.0   0.0   0.0   0.0   0.0   0.0   0.0   0.0   0.0   0.0   0.0   0.0 
Phase: * * * * * * -62 * * * * * 156 156 * 

231.4: Count:   0.0 (  0.0) A:  23.0 [23-23] B:  20.0 [20-20] Phase: 24 (0) 
231.5: Count:   0.0 (  0.0) A:  25.8 [25-27] B:  21.2 [20-22] Phase: 6 (12) 
Phase: * * * * * * * * * * -9 * 16 16 * 

231.6: Count:   0.0 (  0.0) A:  24.0 [24-24] B:  21.0 [21-21] Phase: 5 (0) 
232.0: Count:   0.0 (  0.0) A:  20.0 [20-20] B:  22.0 [22-22] Phase: 106 (0) 
232.4: Count:   0.0 (  0.0) A:  21.0 [21-21] B:  21.0 [21-21] Phase: -50 (0) 
232.5: Count:   0.0 (  0.0) A:  21.5 [20-23] B:  23.3 [21-25] Phase: 52 (74) 
Phase: * * * * * * * * * * -10 * 73 73 * 

232.6: Count:   0.0 (  0.0) A:  22.0 [20-24] B:  23.5 [21-26] Phase: 78 (81) 
Phase: * * * * * * * * * * * * 78 78 * 

232.7: Count:   0.0 (  0.0) A:  22.0 [22-22] B:  22.0 [22-22] Phase: -4 (0) 
233.7: Count:   0.0 (  0.0) A:  35.0 [35-35] B:  20.0 [20-20] Phase: 16 (0) 
233.9: Count:   0.0 (  0.0) A:  35.5 [20-38] B:  25.2 [20-26] Phase: -37 (51) 
Phase: * * * * * * -17 * * * -166 * * * * 

234.0: Count:   0.0 (  0.0) A:  34.8 [20-40] B:  24.2 [21-28] Phase: -25 (43) 
Count:   0.0   0.0   0.0   0.0   0.0   0.0   0.0   0.0   0.0   0.0   0.0   0.0   0.0   0.0   0.0 
Phase: * * * * * * -13 * * * -174 * * * * 

234.1: Count:   0.0 (  0.0) A:  35.5 [32-39] B:  24.0 [21-27] Phase: -8 (31) 
Count:   0.0   0.0   0.0   0.0   0.0   0.0   0.0   0.0   0.0   0.0   0.0   0.0   0.0   0.0   0.0 
Phase: * * * * * * -8 * * * * * * * * 

234.7: Count:   0.0 (  0.0) A:  36.0 [36-36] B:  20.0 [20-20] Phase: -5 (0) 
234.8: Count:   0.0 (  0.0) A:  27.5 [20-35] B:  20.0 [20-20] Phase: -70 (63) 
Count:   0.0   0.0   0.0   0.0   0.0   0.0   0.0   0.0   0.0   0.0   0.0   0.0   0.0   0.0   0.0 
Phase: * * * * * * * * * * * * * -70 * 

235.1: Count:   0.0 (  0.0) A:  26.0 [26-26] B:  20.0 [20-20] Phase: -31 (0) 
235.7: Count:   0.0 (  0.0) A:  21.0 [21-21] B:  20.0 [20-20] Phase: 32 (0) 
235.8: Count:   0.0 (  0.0) A:  22.0 [22-22] B:  20.0 [20-20] Phase: 13 (0) 
235.9: Count:   0.0 (  0.0) A:  25.0 [25-25] B:  20.0 [20-20] Phase: 4 (0) 
236.2: Count:   0.0 (  0.0) A:  30.0 [30-30] B:  20.0 [20-20] Phase: 5 (0) 
236.3: Count:   0.0 (  0.0) A:  28.0 [28-28] B:  20.0 [20-20] Phase: 4 (0) 
236.5: Count:   0.0 (  0.0) A:  27.0 [27-27] B:  20.0 [20-20] Phase: -165 (0) 
236.6: Count:   0.0 (  0.0) A:  26.0 [26-26] B:  21.0 [21-21] Phase: 176 (0) 
236.7: Count:   0.0 (  0.0) A:  23.0 [23-23] B:  20.0 [20-20] Phase: 157 (0) 
237.3: Count:   0.0 (  0.0) A:  21.0 [21-21] B:  21.0 [21-21] Phase: 25 (0) 
237.5: Count:   0.0 (  0.0) A:  22.0 [22-22] B:  21.0 [21-21] Phase: -142 (0) 
237.6: Count:   0.0 (  0.0) A:  23.0 [23-23] B:  21.0 [21-21] Phase: 63 (0) 
237.8: Count:   0.0 (  0.0) A:  25.0 [25-25] B:  20.0 [20-20] Phase: 24 (0) 
238.3: Count:   0.0 (  0.0) A:  21.0 [21-21] B:  21.0 [21-21] Phase: -171 (0) 
238.4: Count:   0.0 (  0.0) A:  21.6 [21-25] B:  20.6 [20-24] Phase: -40 (54) 
Phase: * -173 * * * * * * * * -18 * * * * 

238.5: Count:   0.0 (  0.0) A:  22.7 [21-26] B:  23.2 [20-28] Phase: -15 (44) 
Phase: * -174 * * * * * * * * -11 * 9 9 * 

238.6: Count:   0.0 (  0.0) A:  22.1 [21-25] B:  24.2 [20-27] Phase: 25 (57) 
Phase: * -179 * * * * * * * * -15 * 19 19 * 

238.7: Count:   0.0 (  0.0) A:  30.0 [30-30] B:  25.0 [25-25] Phase: 169 (0) 
238.8: Count:   0.0 (  0.0) A:  22.5 [20-27] B:  21.7 [21-26] Phase: 52 (84) 
Phase: * * * * * * * * * * -115 * * 47 * 

238.9: Count:   0.0 (  0.0) A:  22.3 [20-27] B:  21.5 [20-25] Phase: -54 (84) 
Phase: * * * * 4 * * * * * -103 * * 47 * 

239.0: Count:   0.0 (  0.0) A:  24.0 [24-24] B:  21.4 [21-22] Phase: -147 (61) 
Phase: * * * * * * * * * * -76 * * 160 * 

239.3: Count:   0.0 (  0.0) A:  20.0 [20-20] B:  22.0 [22-22] Phase: -23 (0) 
239.4: Count:   0.0 (  0.0) A:  20.0 [20-20] B:  24.0 [24-24] Phase: -10 (0) 
239.5: Count:   0.0 (  0.0) A:  34.0 [25-43] B:  21.5 [21-22] Phase: 14 (9) 
Count:   0.0   0.0   0.0   0.0   0.0   0.0   0.0   0.0   0.0   0.0   0.0   0.0   0.0   0.0   0.0 
Phase: * * * * * * * * * * * * * 14 * 

239.6: Count:   0.0 (  0.0) A:  31.5 [23-40] B:  22.5 [21-24] Phase: 22 (8) 
Count:   0.0   0.0   0.0   0.0   0.0   0.0   0.0   0.0   0.0   0.0   0.0   0.0   0.0   0.0   0.0 
Phase: * * * * * * * * * * * * * 22 * 

239.7: Count:   0.0 (  0.0) A:  27.0 [21-33] B:  21.0 [20-22] Phase: -48 (86) 
Count:   0.0   0.0   0.0   0.0   0.0   0.0   0.0   0.0   0.0   0.0   0.0   0.0   0.0   0.0   0.0 
Phase: * * * * * * * * * * * * * -48 * 

239.8: Count:   0.0 (  0.0) A:  21.3 [21-22] B:  21.9 [21-24] Phase: -57 (67) 
Phase: * * * * * * * * * * * * 47 -89 * 

239.9: Count:   0.0 (  0.0) A:  22.0 [22-22] B:  26.0 [26-26] Phase: 158 (0) 
240.0: Count:   0.0 (  0.0) A:  22.0 [22-22] B:  28.0 [28-28] Phase: 138 (0) 
240.1: Count:   0.0 (  0.0) A:  23.5 [22-25] B:  25.5 [21-30] Phase: 138 (17) 
Phase: * * * * * * * * * * * * 138 138 * 

240.2: Count:   0.0 (  0.0) A:  21.9 [20-23] B:  20.0 [20-20] Phase: 7 (45) 
Phase: * * * * * * * * * * -51 * 42 42 * 

240.3: Count:   0.0 (  0.0) A:  21.6 [21-22] B:  21.9 [20-23] Phase: 12 (18) 
Phase: * * * * * * * * * * -11 * 26 26 * 

240.4: Count:   0.0 (  0.0) A:  22.0 [22-22] B:  22.3 [21-23] Phase: 2 (8) 
Phase: * * * * * * * * * * -9 * 8 8 * 

240.5: Count:   0.0 (  0.0) A:  22.6 [22-23] B:  22.3 [21-23] Phase: -6 (2) 
240.7: Count:   0.0 (  0.0) A:  20.0 [20-20] B:  21.0 [21-21] Phase: 166 (0) 
240.8: Count:   0.0 (  0.0) A:  20.8 [20-21] B:  22.0 [22-22] Phase: 148 (67) 
Phase: * * * * * -2 * * * * * * 178 178 * 

241.0: Count:   0.0 (  0.0) A:  21.0 [21-21] B:  20.7 [20-22] Phase: -111 (83) 
Count:   0.0   0.0   0.0   0.0   0.0   0.0   0.0   0.0   0.0   0.0   0.0   0.0   0.0   0.0   0.0 
Phase: * * * * * * * * * * * * * -111 * 

241.1: Count:   0.0 (  0.0) A:  23.0 [21-25] B:  20.0 [20-20] Phase: -174 (11) 
Count:   0.0   0.0   0.0   0.0   0.0   0.0   0.0   0.0   0.0   0.0   0.0   0.0   0.0   0.0   0.0 
Phase: * * * * * * * * * * * * * -174 * 

241.2: Count:   0.0 (  0.0) A:  28.3 [27-33] B:  20.0 [20-20] Phase: -168 (57) 
Phase: * * * * * * * * * * -58 * * 162 * 

241.3: Count:   0.0 (  0.0) A:  26.8 [20-30] B:  20.7 [20-21] Phase: 164 (54) 
Phase: * * * * * * * * * * -70 * 137 142 * 

241.4: Count:   0.0 (  0.0) A:  29.0 [29-29] B:  20.0 [20-20] Phase: 76 (0) 
241.5: Count:   0.0 (  0.0) A:  28.0 [28-28] B:  20.0 [20-20] Phase: 165 (0) 
241.8: Count:   0.0 (  0.0) A:  23.0 [22-25] B:  24.1 [21-26] Phase: -120 (69) 
Phase: * * * * * * * * * * -87 * * -180 * 

241.9: Count:   0.0 (  0.0) A:  23.6 [22-25] B:  25.2 [21-28] Phase: -138 (72) 
Phase: * * * * * * * * * * -116 * * -178 * 

242.0: Count:   0.0 (  0.0) A:  21.9 [21-23] B:  25.1 [21-27] Phase: 144 (69) 
Phase: * * * * * * * * * * 123 * * -176 * 

242.1: Count:   0.0 (  0.0) A:  23.3 [22-24] B:  23.0 [23-23] Phase: 103 (56) 
Phase: * * * * * * * * * * 175 * 60 60 * 

242.2: Count:   0.0 (  0.0) A:  22.6 [21-24] B:  21.8 [20-25] Phase: 49 (67) 
Phase: * * * * * * * * * * 64 * 32 32 * 

242.3: Count:   0.0 (  0.0) A:  26.2 [20-32] B:  20.9 [20-24] Phase: 35 (69) 
Phase: * * * * * * * * * * -97 * 5 5 * 

242.4: Count:   0.0 (  0.0) A:  31.0 [31-31] B:  23.0 [23-23] Phase: -14 (0) 
242.5: Count:   0.0 (  0.0) A:  30.0 [30-30] B:  27.0 [27-27] Phase: -12 (0) 
242.6: Count:   0.0 (  0.0) A:  23.8 [23-24] B:  23.3 [21-24] Phase: -168 (13) 
Phase: * * * * 169 * * * * * -160 * * * * 

242.7: Count:   0.0 (  0.0) A:  31.4 [21-38] B:  21.8 [20-25] Phase: 75 (88) 
Phase: * -3 * * 164 * * * * * -171 * 5 5 * 

242.8: Count:   0.0 (  0.0) A:  29.3 [23-36] B:  22.1 [20-26] Phase: 98 (80) 
Phase: * * * * 161 * * * * * 165 * 5 5 * 

242.9: Count:   0.0 (  0.0) A:  27.6 [22-31] B:  22.3 [20-26] Phase: 67 (79) 
Phase: * * * * * * * * * * 170 * 6 6 * 

243.0: Count:   0.0 (  0.0) A:  24.0 [24-24] B:  26.0 [26-26] Phase: 26 (0) 
243.1: Count:   0.0 (  0.0) A:  21.2 [21-22] B:  23.0 [20-27] Phase: -95 (83) 
Count:   0.0   0.0   0.0   0.0   0.0   0.0   0.0   0.0   0.0   0.0   0.0   0.0   0.0   0.0   0.0 
Phase: * * * * * * -166 * * * * * 10 -2 * 

243.2: Count:   0.0 (  0.0) A:  21.0 [21-21] B:  24.0 [23-27] Phase: -121 (61) 
Phase: * * * * * * -155 * * * * * -13 -13 * 

243.3: Count:   0.0 (  0.0) A:  20.0 [20-20] B:  26.0 [26-26] Phase: -34 (0) 
243.4: Count:   0.0 (  0.0) A:  27.3 [23-35] B:  24.1 [21-25] Phase: -146 (64) 
Phase: * * * * * * * * * * -101 * * -179 * 

243.5: Count:   0.0 (  0.0) A:  27.7 [23-37] B:  23.9 [21-25] Phase: -145 (72) 
Phase: * * * * * * * * * * 82 * * -180 * 

243.6: Count:   0.0 (  0.0) A:  23.7 [23-24] B:  23.8 [21-25] Phase: 126 (76) 
Phase: * * * * * * * * * * 10 * * 176 * 

243.8: Count:   0.0 (  0.0) A:  25.3 [21-34] B:  22.1 [20-24] Phase: -84 (59) 
Count:   0.0   0.0   0.0   0.0   0.0   0.0   0.0   0.0   0.0   0.0   0.0   0.0   0.0   0.0   0.0 
Phase: * * * * * * -59 * * * -98 * -167 -62 * 

243.9: Count:   0.0 (  0.0) A:  31.4 [26-35] B:  22.3 [21-25] Phase: 125 (82) 
Phase: * * * * * * * * * * * * -172 79 * 

244.0: Count:   0.0 (  0.0) A:  32.5 [32-33] B:  23.0 [22-24] Phase: -178 (3) 
244.1: Count:   0.0 (  0.0) A:  26.4 [22-28] B:  21.8 [21-23] Phase: -167 (35) 
Phase: * * * * * * * * * * -97 * 176 176 * 

244.3: Count:   0.0 (  0.0) A:  20.0 [20-20] B:  20.0 [20-20] Phase: -128 (0) 
244.5: Count:   0.0 (  0.0) A:  24.0 [24-24] B:  22.0 [22-22] Phase: 9 (0) 
244.6: Count:   0.0 (  0.0) A:  29.0 [29-29] B:  25.0 [25-25] Phase: 0 (0) 
244.7: Count:   0.0 (  0.0) A:  25.5 [20-31] B:  22.5 [20-25] Phase: 81 (86) 
Phase: * * * * * * * * * * * * 81 81 * 

244.8: Count:   0.0 (  0.0) A:  29.7 [29-30] B:  21.3 [20-22] Phase: 44 (80) 
Phase: * * * * * * * * * * 157 * -12 -12 * 

244.9: Count:   0.0 (  0.0) A:  27.4 [25-28] B:  20.0 [20-20] Phase: -146 (28) 
Phase: * * * * -89 * * * * * * * * -160 * 

245.0: Count:   0.0 (  0.0) A:  35.0 [30-40] B:  22.0 [22-22] Phase: -180 (8) 
Phase: * * * * * * * * * * * * * -180 * 

245.1: Count:   0.0 (  0.0) A:  37.0 [32-42] B:  22.5 [22-23] Phase: 176 (5) 
245.2: Count:   0.0 (  0.0) A:  35.5 [31-40] B:  21.5 [20-23] Phase: 170 (1) 
245.3: Count:   0.0 (  0.0) A:  28.0 [20-36] B:  23.5 [22-25] Phase: 50 (69) 
Phase: * * * * * * * * * * * * 50 50 * 

245.4: Count:   0.0 (  0.0) A:  30.0 [20-41] B:  21.8 [20-23] Phase: 66 (74) 
Phase: * * * * * * * * * * * * 49 85 * 

245.5: Count:   0.0 (  0.0) A:  26.3 [20-31] B:  21.3 [20-22] Phase: -62 (63) 
Phase: * * * * * * * * * * -92 * -32 -32 * 

245.6: Count:   0.0 (  0.0) A:  25.3 [21-27] B:  20.5 [20-21] Phase: 59 (89) 
Phase: * * * * * * * * * * -89 * 43 43 * 

245.7: Count:   0.0 (  0.0) A:  27.0 [23-31] B:  20.8 [20-21] Phase: 30 (81) 
Phase: * * * * * * * * * * 9 * 102 -159 * 

245.8: Count:   0.0 (  0.0) A:  20.0 [20-20] B:  23.0 [23-23] Phase: -12 (0) 
245.9: Count:   0.0 (  0.0) A:  20.5 [20-21] B:  22.0 [20-24] Phase: -7 (8) 
Phase: * * * * * * * * * * -7 * * * * 

246.0: Count:   0.0 (  0.0) A:  20.7 [20-21] B:  21.3 [21-22] Phase: 108 (68) 
Phase: * * * * * * * * * * 12 * 157 157 * 

246.1: Count:   0.0 (  0.0) A:  31.0 [31-31] B:  20.0 [20-20] Phase: -11 (0) 
246.2: Count:   0.0 (  0.0) A:  26.7 [25-36] B:  21.5 [21-23] Phase: -109 (70) 
Phase: * * * * * * -163 * * * -145 * -6 -19 * 

246.3: Count:   0.0 (  0.0) A:  24.9 [20-36] B:  22.0 [21-24] Phase: -152 (50) 
Count:   0.0   0.0   0.0   0.0   0.0   0.0   0.0   0.0   0.0   0.0   0.0   0.0   0.0   0.0   0.0 
Phase: * * * * * * -170 * * * -161 * * -13 * 

246.4: Count:   0.0 (  0.0) A:  25.5 [21-35] B:  22.6 [20-25] Phase: 172 (15) 
Phase: * 134 * * * * 179 * * * 170 * * * * 

246.5: Count:   0.0 (  0.0) A:  20.9 [20-33] B:  24.8 [20-27] Phase: 155 (44) 
Count:   0.0   0.0   0.0   0.0   0.0   0.0   0.0   0.0   0.0   0.0   0.0   0.0   0.0   0.0   0.0 
Phase: * 108 * 172 146 * -180 165 * * 168 * 166 -42 * 

246.6: Count:   0.0 (  0.0) A:  22.3 [20-35] B:  21.9 [20-26] Phase: -170 (56) 
Count:   0.0   0.0   0.0   0.0   0.0   0.0   0.0   0.0   0.0   0.0   0.0   0.0   0.0   0.0   0.0 
Phase: * * * * * 164 166 -153 * * -17 165 152 149 * 

246.7: Count:   0.0 (  0.0) A:  22.5 [20-37] B:  23.3 [20-33] Phase: 157 (56) 
Count:   0.0   0.0   0.0   0.0   0.0   0.0   0.0   0.1   0.0   0.0   0.0   0.0   0.0   0.0   0.0 
A: 21.0 21.6 20.0 20.5 * 21.0 21.9 21.6 * * 37.0 21.0 25.8 23.9 * 
B: 21.0 21.0 33.0 20.8 * 27.0 25.4 23.3 * * 20.0 25.0 20.6 21.7 * 
Phase: -180 178 143 164 * 161 152 -172 * * -30 150 119 66 * 

246.8: Count:   0.0 (  0.0) A:  21.9 [20-27] B:  24.6 [20-32] Phase: 164 (53) 
Count:   0.0   0.0   0.0   0.0   0.0   0.0   0.0   0.0   0.0   0.0   0.0   0.0   0.0   0.0   0.0 
B: 22.1 22.8 31.0 20.9 23.0 25.5 25.8 28.0 * * * 24.0 20.3 22.3 27.5 
Phase: 167 172 143 162 -161 169 159 158 * * * 153 17 97 162 

246.9: Count:   0.0 (  0.0) A:  21.8 [20-33] B:  24.6 [20-31] Phase: 172 (46) 
Count:   0.0   0.0   0.0   0.0   0.0   0.0   0.0   0.1   0.0   0.0   0.0   0.0   0.0   0.0   0.0 
B: 23.1 23.6 28.0 21.0 22.0 25.3 27.0 27.4 * * 21.0 22.0 23.5 23.3 20.0 
Phase: 164 168 145 165 -168 -180 146 179 * * -160 154 179 173 142 

247.0: Count:   0.0 (  0.0) A:  22.5 [20-52] B:  24.4 [20-33] Phase: -178 (58) 
Count:   0.0   0.0   0.0   0.0   0.0   0.0   0.0   0.1   0.0   0.0   0.0   0.0   0.0   0.0   0.0 
A: 20.0 28.0 21.0 20.1 25.0 * 20.2 22.8 22.0 * 41.0 22.0 22.1 22.0 23.5 
B: 20.0 26.0 30.0 25.6 22.0 * 21.8 23.8 25.0 * 24.5 26.0 24.5 24.0 24.5 
Phase: 114 -37 145 169 176 * -113 -163 165 * -123 151 140 132 167 

247.1: Count:   0.0 (  0.0) A:  22.5 [20-52] B:  24.8 [20-32] Phase: 148 (60) 
Count:   0.0   0.0   0.0   0.0   0.0   0.0   0.0   0.1   0.0   0.0   0.0   0.0   0.0   0.0   0.0 
A: 21.0 28.0 21.0 20.7 24.0 * 20.8 23.3 20.0 * 28.0 23.0 21.9 22.4 22.3 
B: 21.0 28.0 28.0 28.7 23.2 * 21.8 24.9 25.2 * 26.6 26.0 23.0 23.9 23.3 
Phase: 121 -19 143 153 178 * 147 -173 165 * 110 151 109 122 -169 

247.2: Count:   0.0 (  0.0) A:  22.7 [20-50] B:  23.9 [20-32] Phase: 163 (51) 
Count:   0.0   0.0   0.0   0.0   0.0   0.0   0.0   0.0   0.0   0.0   0.0   0.0   0.0   0.1   0.0 
A: 21.0 29.5 21.0 21.0 22.4 * 23.2 24.4 22.0 * 24.7 22.6 23.7 21.3 20.1 
B: 21.0 24.0 25.0 30.0 23.1 * 20.0 25.8 29.0 * 24.4 23.0 20.8 24.2 24.0 
Phase: 123 -78 146 159 170 * -174 -146 154 * 145 149 128 140 169 

247.3: Count:   0.0 (  0.0) A:  22.2 [20-45] B:  22.9 [20-37] Phase: 176 (42) 
Count:   0.0   0.0   0.0   0.0   0.0   0.0   0.1   0.0   0.0   0.0   0.0   0.1   0.0   0.0   0.0 
B: 21.0 21.2 21.0 30.0 22.5 21.1 21.0 24.4 25.3 * 24.9 20.5 23.5 23.8 24.3 
Phase: 128 139 146 158 169 -153 -164 -143 168 * 165 170 161 136 -177 

247.4: Count:   0.0 (  0.0) A:  22.1 [20-32] B:  24.6 [20-37] Phase: 170 (46) 
Count:   0.0   0.0   0.0   0.0   0.0   0.1   0.1   0.0   0.0   0.0   0.0   0.0   0.0   0.0   0.0 
Phase: 174 176 178 153 148 160 -150 167 170 -179 -148 148 121 135 -175 

247.5: Count:   0.0 (  0.0) A:  21.6 [20-31] B:  24.6 [20-38] Phase: 172 (43) 
Count:   0.0   0.0   0.0   0.0   0.0   0.1   0.1   0.0   0.0   0.0   0.0   0.0   0.0   0.0   0.0 
B: 21.3 22.3 25.0 25.0 21.7 27.7 23.4 24.4 28.0 21.2 24.2 22.2 22.3 23.9 32.6 
Phase: 159 175 132 155 148 172 -152 160 172 178 -162 177 126 123 -167 

247.6: Count:   0.0 (  0.0) A:  22.1 [20-29] B:  24.6 [20-39] Phase: 162 (45) 
Count:   0.0   0.0   0.0   0.0   0.0   0.1   0.0   0.0   0.0   0.0   0.0   0.0   0.0   0.0   0.0 
B: 21.0 20.0 24.2 27.7 22.0 24.7 21.6 23.5 26.0 21.2 27.4 25.4 22.8 22.8 30.7 
Phase: 158 165 137 157 154 -179 125 169 179 177 -178 159 116 176 -174 

247.7: Count:   0.0 (  0.0) A:  21.9 [20-42] B:  23.2 [20-39] Phase: 160 (51) 
Count:   0.0   0.0   0.1   0.1   0.0   0.1   0.1   0.0   0.0   0.0   0.1   0.0   0.0   0.0   0.1 
Phase: 158 151 161 162 174 -178 133 175 -175 163 -178 175 122 166 166 

247.8: Count:   0.0 (  0.0) A:  22.9 [20-39] B:  23.5 [20-41] Phase: 168 (57) 
Count:   0.0   0.0   0.1   0.1   0.0   0.0   0.1   0.0   0.0   0.0   0.0   0.0   0.0   0.1   0.1 
A: 21.1 20.8 20.6 21.8 22.1 20.6 24.4 23.9 20.7 21.0 27.7 21.3 23.5 24.2 22.5 
B: 21.3 21.0 25.0 22.3 23.7 20.8 22.3 25.5 21.7 26.0 26.4 23.1 22.8 23.0 26.7 
Phase: 154 -168 153 166 -162 159 119 -177 175 137 -153 -169 -177 -135 -180 

247.9: Count:   0.0 (  0.0) A:  23.5 [20-43] B:  23.8 [20-40] Phase: 177 (60) 
Count:   0.0   0.0   0.0   0.1   0.0   0.0   0.1   0.0   0.0   0.0   0.0   0.0   0.1   0.1   0.1 
Phase: 155 -174 166 -179 -167 -180 135 -166 -164 178 -143 -165 -169 -129 -178 

248.0: Count:   0.1 (  0.0) A:  23.9 [20-46] B:  23.8 [20-42] Phase: -174 (51) 
Count:   0.0   0.0   0.0   0.1   0.0   0.0   0.2   0.1   0.0   0.0   0.0   0.1   0.1   0.1   0.0 
B: 25.2 24.5 23.2 22.5 26.7 22.7 23.6 24.6 21.0 22.0 27.3 23.1 22.1 22.9 29.0 
Phase: 161 -173 166 -173 -171 178 162 -163 -164 -171 -161 -164 -173 -106 -168 

248.1: Count:   0.1 (  0.1) A:  23.3 [20-44] B:  23.4 [20-41] Phase: -156 (48) 
Count:   0.0   0.0   0.0   0.1   0.1   0.1   0.2   0.1   0.0   0.1   0.0   0.1   0.1   0.1   0.0 
B: 27.5 22.1 21.8 21.5 23.8 23.6 23.8 24.1 21.2 21.4 27.3 23.1 22.9 22.5 28.4 
Phase: 171 178 -159 -171 -162 -170 -133 -156 -153 -167 -165 -162 -161 -132 -174 

248.2: Count:   0.1 (  0.1) A:  23.9 [20-42] B:  23.6 [20-34] Phase: -159 (41) 
Count:   0.1   0.0   0.1   0.0   0.1   0.1   0.3   0.0   0.1   0.1   0.1   0.1   0.1   0.1   0.1 
Phase: -152 -172 -165 -159 -163 -157 -139 -165 -153 -165 -155 -166 165 -161 -180 

248.3: Count:   0.1 (  0.1) A:  23.4 [20-48] B:  23.4 [20-35] Phase: -149 (42) 
Count:   0.1   0.1   0.1   0.1   0.1   0.1   0.4   0.1   0.1   0.1   0.1   0.1   0.3   0.2   0.1 
Phase: -150 171 -160 -158 -154 -155 -135 -163 -159 -156 -148 -162 -145 -124 -177 

248.4: Count:   0.1 (  0.1) A:  23.2 [20-47] B:  23.6 [20-36] Phase: -145 (39) 
Count:   0.1   0.1   0.1   0.1   0.1   0.1   0.5   0.1   0.1   0.1   0.2   0.1   0.2   0.2   0.1 
Phase: -147 -174 -152 -146 -149 -146 -129 -153 -157 -162 -148 -152 -147 -124 -161 

248.5: Count:   0.2 (  0.1) A:  22.5 [20-43] B:  23.5 [20-38] Phase: -139 (36) 
Count:   0.1   0.1   0.2   0.2   0.1   0.2   0.5   0.1   0.1   0.1   0.2   0.1   0.3   0.2   0.1 
Phase: -146 -159 -147 -143 -138 -145 -121 -138 -158 -153 -140 -143 -135 -122 -155 

248.6: Count:   0.2 (  0.1) A:  22.7 [20-38] B:  23.4 [20-42] Phase: -137 (33) 
Count:   0.1   0.1   0.1   0.2   0.2   0.2   0.5   0.2   0.2   0.1   0.1   0.1   0.4   0.3   0.1 
Phase: -121 -142 -144 -137 -138 -145 -134 -129 -143 -149 -131 -142 -137 -126 -140 

248.7: Count:   0.2 (  0.1) A:  22.5 [20-43] B:  23.6 [20-41] Phase: -137 (32) 
Count:   0.1   0.1   0.1   0.2   0.2   0.3   0.4   0.2   0.1   0.1   0.2   0.1   0.5   0.3   0.1 
Phase: -135 -144 -142 -132 -138 -144 -137 -144 -140 -145 -131 -132 -139 -128 -145 

248.8: Count:   0.2 (  0.1) A:  22.7 [20-44] B:  23.7 [20-40] Phase: -134 (33) 
Count:   0.1   0.1   0.1   0.2   0.1   0.2   0.4   0.1   0.1   0.1   0.1   0.1   0.3   0.3   0.1 
Phase: -131 -146 -145 -133 -139 -137 -121 -139 -141 -144 -140 -143 -133 -124 -149 

248.9: Count:   0.1 (  0.1) A:  22.8 [20-47] B:  23.6 [20-38] Phase: -133 (29) 
Count:   0.0   0.1   0.1   0.1   0.1   0.1   0.3   0.1   0.1   0.1   0.1   0.1   0.2   0.2   0.1 
Phase: -151 -153 -140 -135 -140 -138 -116 -152 -134 -135 -140 -149 -131 -120 -137 

249.0: Count:   0.1 (  0.1) A:  23.0 [20-52] B:  23.9 [20-38] Phase: -136 (29) 
Count:   0.0   0.0   0.0   0.0   0.0   0.1   0.3   0.1   0.0   0.0   0.0   0.0   0.1   0.1   0.0 
A: 21.5 20.6 21.1 22.2 21.7 21.9 23.3 20.6 * 24.6 29.1 21.5 26.2 23.1 21.0 
Phase: -163 -154 -157 -136 -134 -137 -128 -160 * -142 -128 -149 -135 -117 -170 

249.1: Count:   0.0 (  0.0) A:  23.4 [20-52] B:  24.1 [20-36] Phase: -139 (30) 
Count:   0.0   0.0   0.0   0.0   0.0   0.1   0.1   0.0   0.0   0.0   0.0   0.0   0.0   0.0   0.0 
A: 23.0 21.0 22.0 20.8 20.2 21.6 23.7 20.0 * * 32.5 20.7 27.5 23.5 20.6 
Phase: -173 -162 -171 -136 -151 -140 -135 -133 * * -136 -151 -137 -137 -119 

249.2: Count:   0.0 (  0.0) A:  23.9 [20-49] B:  23.4 [20-36] Phase: -134 (39) 
Count:   0.0   0.0   0.0   0.0   0.0   0.0   0.1   0.0   0.0   0.0   0.0   0.0   0.0   0.0   0.0 
A: 0:22.0 3:20.0 4:21.0 5:20.9 6:24.0 10:33.2 11:22.0 12:26.8 13:22.8 14:23.0 
B: 0:20.0 3:21.0 4:22.2 5:23.7 6:21.0 10:26.2 11:30.0 12:26.0 13:23.8 14:20.0 
Phase: -174 * * -155 -163 -141 -116 * * * -161 -141 -146 -121 -101 

249.3: Count:   0.0 (  0.0) A:  23.5 [20-45] B:  23.5 [20-36] Phase: -123 (48) 
Count:   0.0   0.0   0.0   0.0   0.0   0.0   0.1   0.0   0.0   0.0   0.0   0.0   0.0   0.0   0.0 
Phase: * * * * -165 -178 -110 * * * -158 -141 -120 -110 * 

249.4: Count:   0.0 (  0.0) A:  22.6 [21-30] B:  23.2 [21-30] Phase: -100 (80) 
Count:   0.0   0.0   0.0   0.0   0.0   0.0   0.0   0.0   0.0   0.0   0.0   0.0   0.0   0.0   0.0 
Phase: * * * * * -180 -57 * * 163 -98 -136 -90 -97 -120 

249.5: Count:   0.0 (  0.0) A:  32.0 [20-47] B:  21.3 [20-31] Phase: -108 (79) 
Count:   0.0   0.0   0.0   0.0   0.0   0.0   0.1   0.0   0.0   0.0   0.0   0.0   0.0   0.0   0.0 
Phase: * * * * * * -101 * * * -150 * * -100 * 

249.6: Count:   0.0 (  0.0) A:  29.0 [20-45] B:  22.5 [20-30] Phase: 140 (88) 
Count:   0.0   0.0   0.0   0.0   0.0   0.0   0.1   0.0   0.0   0.0   0.0   0.0   0.0   0.0   0.0 
Phase: * * * * -164 -131 113 * * * -120 * * * -155 

249.7: Count:   0.0 (  0.0) A:  23.3 [20-27] B:  23.6 [20-28] Phase: 172 (76) 
Count:   0.0   0.0   0.0   0.0   0.0   0.0   0.0   0.0   0.0   0.0   0.0   0.0   0.0   0.0   0.0 
Phase: * * * 175 -155 -132 131 -173 * * * * * -96 -154 

249.8: Count:   0.0 (  0.0) A:  22.6 [20-32] B:  23.3 [20-28] Phase: -163 (67) 
Count:   0.0   0.0   0.0   0.0   0.0   0.0   0.1   0.0   0.0   0.0   0.0   0.0   0.0   0.0   0.0 
Phase: * * -152 -114 -172 * 163 -163 -158 -172 -145 -146 -120 -127 * 

249.9: Count:   0.0 (  0.0) A:  22.5 [20-39] B:  23.1 [20-30] Phase: -143 (40) 
Count:   0.0   0.0   0.0   0.0   0.0   0.0   0.1   0.0   0.0   0.0   0.1   0.0   0.0   0.1   0.0 
Phase: * * -164 -139 -176 -133 -148 -138 -156 -171 -150 -144 -92 -138 175 

250.0: Count:   0.1 (  0.1) A:  22.7 [20-49] B:  23.7 [20-33] Phase: -148 (36) 
Count:   0.0   0.0   0.0   0.0   0.0   0.0   0.2   0.0   0.0   0.0   0.1   0.0   0.1   0.1   0.0 
Phase: -150 -98 -159 -133 -168 -136 -155 -152 -168 -163 -162 -139 -130 -130 -167 

250.1: Count:   0.1 (  0.1) A:  22.8 [20-48] B:  23.5 [20-36] Phase: -146 (33) 
Count:   0.0   0.0   0.1   0.1   0.1   0.1   0.4   0.0   0.0   0.0   0.1   0.1   0.2   0.2   0.1 
Phase: -157 -117 -147 -137 -156 -136 -152 -141 -167 -167 -164 -149 -131 -139 -153 

250.2: Count:   0.1 (  0.1) A:  22.9 [20-43] B:  23.6 [20-38] Phase: -149 (29) 
Count:   0.0   0.1   0.1   0.1   0.1   0.1   0.4   0.1   0.0   0.1   0.1   0.1   0.2   0.3   0.1 
Phase: -150 -150 -154 -143 -151 -136 -152 -151 -162 -169 -164 -150 -134 -144 -162 

250.3: Count:   0.2 (  0.1) A:  23.0 [20-41] B:  23.2 [20-36] Phase: -150 (32) 
Count:   0.1   0.2   0.2   0.1   0.1   0.2   0.5   0.1   0.1   0.1   0.2   0.1   0.3   0.3   0.2 
Phase: -163 -160 -148 -143 -150 -144 -137 -154 -164 -167 -156 -154 -148 -149 -161 

250.4: Count:   0.2 (  0.1) A:  22.8 [20-44] B:  23.2 [20-39] Phase: -151 (35) 
Count:   0.1   0.2   0.2   0.2   0.1   0.2   0.7   0.2   0.1   0.1   0.2   0.1   0.3   0.3   0.2 
Phase: -168 -169 -150 -149 -149 -146 -134 -152 -172 -164 -160 -154 -146 -153 -160 

250.5: Count:   0.2 (  0.1) A:  22.5 [20-36] B:  23.3 [20-41] Phase: -152 (36) 
Count:   0.1   0.2   0.2   0.2   0.1   0.1   0.6   0.2   0.1   0.1   0.2   0.1   0.3   0.3   0.1 
Phase: -176 -170 -149 -145 -151 -141 -141 -153 -154 -160 -154 -158 -145 -152 -167 

250.6: Count:   0.2 (  0.1) A:  22.3 [20-35] B:  23.3 [20-41] Phase: -156 (32) 
Count:   0.1   0.1   0.1   0.2   0.1   0.2   0.5   0.2   0.1   0.1   0.2   0.1   0.2   0.2   0.1 
Phase: -178 -176 -159 -149 -157 -143 -153 -164 -160 -163 -158 -149 -148 -155 -158 

250.7: Count:   0.1 (  0.1) A:  22.6 [20-59] B:  23.7 [20-39] Phase: -158 (29) 
Count:   0.1   0.1   0.2   0.1   0.1   0.1   0.4   0.1   0.1   0.1   0.2   0.1   0.2   0.2   0.1 
Phase: 169 -158 -157 -156 -159 -147 -155 -165 -160 -170 -167 -153 -154 -146 -162 

250.8: Count:   0.1 (  0.1) A:  22.9 [20-62] B:  24.1 [20-38] Phase: -157 (38) 
Count:   0.1   0.0   0.1   0.1   0.0   0.1   0.3   0.1   0.0   0.1   0.2   0.1   0.2   0.1   0.0 
Phase: 172 -150 -171 -163 -166 -155 -147 -168 -153 -173 -175 -154 -154 -137 -152 

250.9: Count:   0.1 (  0.1) A:  22.7 [20-60] B:  24.4 [20-36] Phase: -153 (45) 
Count:   0.0   0.0   0.0   0.1   0.0   0.0   0.3   0.1   0.0   0.0   0.1   0.0   0.1   0.1   0.0 
B: 22.8 20.0 28.1 26.0 22.3 32.0 23.0 23.7 22.0 23.6 26.4 24.4 26.2 23.7 23.0 
Phase: 170 150 -173 -167 -166 176 -137 -170 -157 -172 -160 -162 -154 -136 -84 

251.0: Count:   0.0 (  0.0) A:  22.5 [20-54] B:  23.7 [20-30] Phase: -167 (37) 
Count:   0.0   0.0   0.0   0.0   0.0   0.0   0.1   0.0   0.0   0.0   0.1   0.0   0.0   0.1   0.0 
Phase: 164 148 161 -174 -148 * -164 -164 -178 164 -162 -171 -168 -140 * 

251.1: Count:   0.0 (  0.0) A:  22.2 [20-34] B:  24.6 [20-40] Phase: -170 (34) 
Count:   0.0   0.0   0.0   0.0   0.0   0.0   0.0   0.0   0.0   0.0   0.0   0.0   0.0   0.0   0.0 
B: 21.9 23.0 23.5 * 21.0 * 30.7 22.0 21.0 * 24.1 29.0 20.0 24.6 30.0 
Phase: 179 -148 174 * 163 * -173 -139 -172 * -170 177 -84 -120 -150 

251.2: Count:   0.0 (  0.0) A:  23.0 [20-35] B:  25.0 [20-39] Phase: 149 (71) 
Count:   0.0   0.0   0.0   0.0   0.0   0.0   0.1   0.0   0.0   0.0   0.0   0.0   0.0   0.0   0.0 
B: 0:23.0 2:24.0 4:20.0 6:27.9 7:22.0 10:24.5 11:27.0 12:20.0 13:23.2 14:27.0 
Phase: 155 * -178 * 162 * 115 -143 * * -162 -173 -143 -117 -154 

251.3: Count:   0.0 (  0.0) A:  24.0 [20-33] B:  24.9 [20-36] Phase: 125 (81) 
Count:   0.0   0.0   0.0   0.0   0.0   0.0   0.0   0.0   0.0   0.0   0.0   0.0   0.0   0.0   0.0 
Phase: 161 * 178 * * * 102 -142 * * -136 -176 -117 72 -156 

251.4: Count:   0.0 (  0.0) A:  23.0 [21-30] B:  24.7 [20-30] Phase: -101 (91) 
Count:   0.0   0.0   0.0   0.0   0.0   0.0   0.0   0.0   0.0   0.0   0.0   0.0   0.0   0.0   0.0 
Phase: * * * * -148 * 95 * * * -103 -179 -116 11 * 

251.5: Count:   0.0 (  0.0) A:  27.0 [21-41] B:  22.5 [20-27] Phase: 66 (86) 
Phase: * -178 * * -26 * * -136 * * 27 * 55 -176 * 

251.6: Count:   0.0 (  0.0) A:  24.1 [20-44] B:  24.5 [20-29] Phase: 108 (90) 
Count:   0.0   0.0   0.0   0.0   0.0   0.0   0.0   0.0   0.0   0.0   0.0   0.0   0.0   0.0   0.0 
Phase: * -178 167 * -6 * 3 * * * 32 * 165 171 * 

251.7: Count:   0.0 (  0.0) A:  24.0 [20-45] B:  24.2 [20-30] Phase: 119 (91) 
Count:   0.0   0.0   0.0   0.0   0.0   0.0   0.0   0.0   0.0   0.0   0.0   0.0   0.0   0.0   0.0 
Phase: * -180 * * -5 * -24 178 * * -23 * 165 166 * 

251.8: Count:   0.0 (  0.0) A:  24.0 [20-34] B:  23.3 [20-30] Phase: -120 (86) 
Count:   0.0   0.0   0.0   0.0   0.0   0.0   0.0   0.0   0.0   0.0   0.0   0.0   0.0   0.0   0.0 
Phase: * * * * -44 * -50 -180 * * 155 * -140 163 -132 

251.9: Count:   0.0 (  0.0) A:  22.1 [20-29] B:  24.4 [20-28] Phase: -136 (84) 
Count:   0.0   0.0   0.0   0.0   0.0   0.0   0.0   0.0   0.0   0.0   0.0   0.0   0.0   0.0   0.0 
Phase: * -116 * -135 94 -139 * * * * 76 * -29 147 * 

252.0: Count:   0.0 (  0.0) A:  22.6 [20-31] B:  23.2 [20-27] Phase: 121 (89) 
Count:   0.0   0.0   0.0   0.0   0.0   0.0   0.0   0.0   0.0   0.0   0.0   0.0   0.0   0.0   0.0 
Phase: * -61 * -141 147 -136 114 * * * -165 * -87 92 * 

252.1: Count:   0.0 (  0.0) A:  24.3 [20-32] B:  21.9 [20-25] Phase: -87 (88) 
Count:   0.0   0.0   0.0   0.0   0.0   0.0   0.0   0.0   0.0   0.0   0.0   0.0   0.0   0.0   0.0 
Phase: * 8 * * 110 * 106 * * * -171 * -102 -104 * 

252.2: Count:   0.0 (  0.0) A:  21.5 [20-33] B:  23.0 [20-28] Phase: -121 (51) 
Count:   0.0   0.0   0.0   0.0   0.0   0.0   0.0   0.0   0.0   0.0   0.0   0.0   0.0   0.0   0.0 
Phase: * -140 * * -94 * -148 * -98 * -179 * -76 -138 * 

252.3: Count:   0.0 (  0.0) A:  21.8 [20-34] B:  23.9 [20-29] Phase: -101 (58) 
Count:   0.0   0.0   0.0   0.0   0.0   0.0   0.0   0.0   0.0   0.0   0.0   0.0   0.0   0.0   0.0 
Phase: * 55 175 * -40 * -143 * -94 * * * -84 -101 * 

252.4: Count:   0.0 (  0.0) A:  22.4 [20-27] B:  22.9 [20-32] Phase: -100 (69) 
Count:   0.0   0.0   0.0   0.0   0.0   0.0   0.0   0.0   0.0   0.0   0.0   0.0   0.0   0.0   0.0 
Phase: * * * * -145 * -115 * * -133 -97 -114 52 52 -124 

252.5: Count:   0.0 (  0.0) A:  24.4 [20-34] B:  25.1 [21-34] Phase: -119 (84) 
Phase: * * * * 139 * -139 * * * 86 * * -161 -128 

252.6: Count:   0.0 (  0.0) A:  24.7 [20-33] B:  23.4 [20-33] Phase: -101 (76) 
Phase: * -88 * * 4 * -143 * * * 89 * -66 -134 * 

252.7: Count:   0.0 (  0.0) A:  23.3 [20-32] B:  23.6 [20-31] Phase: -87 (72) 
Count:   0.0   0.0   0.0   0.0   0.0   0.0   0.0   0.0   0.0   0.0   0.0   0.0   0.0   0.0   0.0 
Phase: * * * * * * -90 * * * -88 * -47 -106 * 

252.8: Count:   0.0 (  0.0) A:  25.2 [20-36] B:  22.3 [20-27] Phase: -49 (92) 
Count:   0.0   0.0   0.0   0.0   0.0   0.0   0.0   0.0   0.0   0.0   0.0   0.0   0.0   0.0   0.0 
Phase: * * * * * * 10 * * * 76 * -137 -137 * 

252.9: Count:   0.0 (  0.0) A:  27.4 [20-39] B:  23.5 [20-28] Phase: -80 (85) 
Count:   0.0   0.0   0.0   0.0   0.0   0.0   0.0   0.0   0.0   0.0   0.0   0.0   0.0   0.0   0.0 
Phase: * 5 * * * * 20 * * * 88 * -142 -115 * 

253.0: Count:   0.0 (  0.0) A:  26.8 [20-40] B:  24.4 [21-28] Phase: 127 (93) 
Count:   0.0   0.0   0.0   0.0   0.0   0.0   0.0   0.0   0.0   0.0   0.0   0.0   0.0   0.0   0.0 
Phase: -152 12 * * * * 36 * * * 76 * -145 -114 * 

253.1: Count:   0.0 (  0.0) A:  26.4 [20-38] B:  24.3 [20-30] Phase: 132 (78) 
Count:   0.0   0.0   0.0   0.0   0.0   0.0   0.0   0.0   0.0   0.0   0.0   0.0   0.0   0.0   0.0 
Phase: -160 13 -147 159 * * 82 * * * 31 * -177 -114 * 

253.2: Count:   0.0 (  0.0) A:  24.5 [20-32] B:  22.4 [20-28] Phase: 177 (52) 
Count:   0.0   0.0   0.0   0.0   0.0   0.0   0.1   0.0   0.1   0.0   0.0   0.0   0.0   0.0   0.0 
A: * 20.0 21.1 23.9 20.9 * 27.6 * 22.5 21.0 22.1 24.7 28.1 23.2 20.0 
Phase: * -149 179 -178 -174 * 155 * -166 -119 -74 165 166 -146 175 

253.3: Count:   0.1 (  0.1) A:  24.7 [20-34] B:  22.8 [20-31] Phase: 162 (48) 
Count:   0.0   0.1   0.1   0.1   0.0   0.0   0.3   0.0   0.1   0.0   0.0   0.1   0.0   0.1   0.0 
Phase: 163 -172 -168 175 176 * 157 * -173 169 119 159 110 116 78 

253.4: Count:   0.1 (  0.2) A:  24.5 [20-36] B:  22.2 [20-33] Phase: 145 (43) 
Count:   0.2   0.1   0.3   0.2   0.1   0.0   0.6   0.0   0.2   0.1   0.1   0.1   0.1   0.1   0.0 
Phase: 141 162 146 161 156 * 149 137 149 147 124 146 110 130 120 

253.5: Count:   0.3 (  0.2) A:  25.8 [20-57] B:  21.9 [20-34] Phase: 141 (34) 
Count:   0.5   0.4   0.6   0.2   0.1   0.0   0.9   0.1   0.2   0.2   0.2   0.3   0.3   0.2   0.1 
Phase: 142 147 143 157 152 142 142 137 131 131 125 138 132 137 151 

253.6: Count:   0.5 (  0.3) A:  26.8 [20-54] B:  21.8 [20-32] Phase: 141 (29) 
Count:   0.8   0.9   0.9   0.4   0.2   0.0   1.2   0.2   0.4   0.3   0.2   0.5   0.6   0.1   0.1 
Phase: 138 142 142 144 151 134 145 137 151 134 133 137 134 142 128 

253.7: Count:   0.6 (  0.4) A:  27.7 [20-58] B:  21.8 [20-34] Phase: 139 (29) 
Count:   1.0   1.1   1.2   0.5   0.2   0.0   1.6   0.2   0.5   0.4   0.4   0.6   0.8   0.3   0.2 
Phase: 141 141 142 143 146 135 145 131 143 134 134 138 133 131 123 

253.8: Count:   0.6 (  0.4) A:  27.8 [20-58] B:  21.8 [20-37] Phase: 139 (27) 
Count:   1.0   1.1   1.2   0.6   0.2   0.1   1.6   0.3   0.5   0.5   0.4   0.6   0.7   0.4   0.3 
Phase: 141 139 141 142 147 139 144 134 143 131 132 139 134 135 133 

253.9: Count:   0.5 (  0.4) A:  27.4 [20-57] B:  21.9 [20-37] Phase: 141 (27) 
Count:   0.7   0.9   1.0   0.4   0.2   0.0   1.3   0.2   0.3   0.3   0.4   0.6   0.7   0.3   0.2 
Phase: 143 139 141 143 148 144 146 136 144 132 133 139 140 138 141 

254.0: Count:   0.3 (  0.3) A:  26.6 [20-50] B:  21.9 [20-35] Phase: 141 (27) 
Count:   0.4   0.6   0.7   0.3   0.1   0.0   1.0   0.1   0.2   0.3   0.2   0.3   0.4   0.2   0.1 
Phase: 143 138 141 145 139 * 143 132 135 135 135 143 140 142 145 

254.1: Count:   0.2 (  0.2) A:  26.0 [20-44] B:  22.0 [20-36] Phase: 145 (35) 
Count:   0.2   0.3   0.4   0.1   0.1   0.0   0.7   0.1   0.2   0.1   0.1   0.2   0.3   0.1   0.0 
Phase: 143 155 146 157 158 * 137 132 155 145 137 150 142 141 149 

254.2: Count:   0.1 (  0.1) A:  24.9 [20-39] B:  21.9 [20-33] Phase: 150 (43) 
Count:   0.0   0.2   0.1   0.1   0.1   0.0   0.4   0.0   0.1   0.0   0.0   0.1   0.2   0.1   0.0 
Phase: 128 162 164 172 168 * 130 143 170 -167 146 154 140 -165 150 

254.3: Count:   0.0 (  0.1) A:  25.1 [20-42] B:  22.4 [20-31] Phase: 163 (53) 
Count:   0.0   0.0   0.0   0.0   0.0   0.0   0.2   0.0   0.0   0.0   0.0   0.0   0.1   0.0   0.0 
A: 22.5 22.9 28.0 20.8 26.3 * 26.0 23.4 25.1 21.9 23.7 23.9 24.3 26.0 21.0 
Phase: 146 -157 -174 -176 -153 * 129 135 -154 -160 -152 165 -180 -154 149 

254.4: Count:   0.0 (  0.0) A:  26.4 [20-37] B:  22.6 [20-29] Phase: -176 (64) 
Count:   0.0   0.0   0.0   0.0   0.0   0.0   0.1   0.0   0.0   0.0   0.0   0.0   0.0   0.0   0.0 
A: 21.0 24.0 28.7 20.0 23.6 * 28.6 22.2 22.0 24.0 22.8 24.2 27.7 28.4 * 
Phase: 157 -138 -146 -106 -169 * 144 135 -156 -140 -166 -158 -101 -82 * 

254.5: Count:   0.0 (  0.0) A:  23.6 [20-30] B:  22.0 [20-24] Phase: 171 (59) 
Count:   0.0   0.0   0.0   0.0   0.0   0.0   0.0   0.0   0.0   0.0   0.0   0.0   0.0   0.0   0.0 
Phase: * * * -165 * * 149 * * * -137 -142 -170 -176 * 

254.6: Count:   0.0 (  0.0) A:  23.2 [20-28] B:  24.6 [20-26] Phase: -164 (32) 
Count:   0.0   0.0   0.0   0.0   0.0   0.0   0.0   0.0   0.0   0.0   0.0   0.0   0.0   0.0   0.0 
Phase: * -164 * * * * -165 * * * -171 -139 -180 -159 * 

254.7: Count:   0.0 (  0.0) A:  24.9 [22-26] B:  26.2 [21-29] Phase: -179 (15) 
Count:   0.0   0.0   0.0   0.0   0.0   0.0   0.0   0.0   0.0   0.0   0.0   0.0   0.0   0.0   0.0 
Phase: * -170 * * * * 176 * * * -156 * 172 -165 * 

254.8: Count:   0.0 (  0.0) A:  24.3 [21-26] B:  26.0 [21-29] Phase: 177 (15) 
Phase: * -173 * * * * 179 * * * -145 * 161 161 * 

254.9: Count:   0.0 (  0.0) A:  23.3 [21-25] B:  27.3 [20-33] Phase: -65 (70) 
Count:   0.0   0.0   0.0   0.0   0.0   0.0   0.0   0.0   0.0   0.0   0.0   0.0   0.0   0.0   0.0 
Phase: * * * * * * -3 * * * -117 * -152 -138 * 

255.0: Count:   0.0 (  0.0) A:  23.6 [21-26] B:  27.9 [20-37] Phase: -70 (59) 
Count:   0.0   0.0   0.0   0.0   0.0   0.0   0.0   0.0   0.0   0.0   0.0   0.0   0.0   0.0   0.0 
Phase: * 179 * * -85 * -13 * * * -107 -98 * 163 * 

255.1: Count:   0.0 (  0.0) A:  27.2 [20-51] B:  24.8 [20-39] Phase: -62 (59) 
Count:   0.0   0.0   0.0   0.0   0.0   0.0   0.1   0.0   0.0   0.0   0.0   0.0   0.0   0.0   0.0 
Phase: * -175 -128 -101 -83 * -15 * * * -90 -94 -8 -119 * 

255.2: Count:   0.0 (  0.0) A:  23.5 [20-35] B:  24.3 [20-37] Phase: -74 (56) 
Count:   0.0   0.0   0.0   0.0   0.0   0.0   0.1   0.0   0.0   0.0   0.0   0.0   0.0   0.0   0.0 
B: 2:28.0 3:21.0 4:21.0 6:26.9 9:23.0 10:26.2 11:20.0 12:21.3 13:21.8 14:22.0 
Phase: * * -129 -101 -86 * -38 * * -177 -90 -92 -13 -98 -106 

255.3: Count:   0.0 (  0.0) A:  22.8 [20-32] B:  24.9 [20-35] Phase: -95 (48) 
Count:   0.0   0.0   0.0   0.0   0.0   0.0   0.0   0.0   0.0   0.0   0.0   0.0   0.0   0.0   0.0 
Phase: * * -131 -105 -87 * -93 * * * -94 -122 17 -94 -107 

255.4: Count:   0.0 (  0.0) A:  24.4 [20-29] B:  23.4 [20-28] Phase: -44 (73) 
Phase: * -30 * * -85 * -102 -101 -101 * -116 * 48 48 -94 

255.5: Count:   0.0 (  0.0) A:  25.9 [20-34] B:  21.3 [20-28] Phase: -127 (75) 
Count:   0.0   0.0   0.0   0.0   0.0   0.0   0.0   0.0   0.0   0.0   0.0   0.0   0.0   0.0   0.0 
A: 1:27.0 2:20.0 4:23.0 6:26.7 7:20.0 8:20.0 9:20.0 12:32.0 13:32.0 14:22.0 
B: 1:22.0 2:21.0 4:22.0 6:20.1 7:20.0 8:20.0 9:28.0 12:23.0 13:23.0 14:26.0 
Phase: * -13 -92 * -5 * -179 -101 -101 -115 * * 20 20 -92 

255.6: Count:   0.0 (  0.0) A:  25.5 [20-33] B:  21.2 [20-24] Phase: -81 (55) 
Count:   0.0   0.0   0.0   0.0   0.0   0.0   0.0   0.0   0.0   0.0   0.0   0.0   0.0   0.0   0.0 
Phase: * -8 -91 * -2 * -124 * * * * * 18 -22 -92 

255.7: Count:   0.0 (  0.0) A:  25.3 [20-28] B:  21.0 [20-24] Phase: -90 (71) 
Count:   0.0   0.0   0.0   0.0   0.0   0.0   0.0   0.0   0.0   0.0   0.0   0.0   0.0   0.0   0.0 
Phase: * -42 * * 0 * -146 * * * * * 11 -26 * 

255.8: Count:   0.0 (  0.0) A:  29.1 [20-35] B:  22.0 [20-25] Phase: -74 (57) 
Count:   0.0   0.0   0.0   0.0   0.0   0.0   0.0   0.0   0.0   0.0   0.0   0.0   0.0   0.0   0.0 
Phase: * * * * * * * * -106 * -21 * -66 -84 -95 

255.9: Count:   0.0 (  0.0) A:  30.6 [22-43] B:  22.5 [20-25] Phase: -57 (65) 
Count:   0.0   0.0   0.0   0.0   0.0   0.0   0.0   0.0   0.0   0.0   0.0   0.0   0.0   0.0   0.0 
Phase: * * * * * * * * -108 * -28 * -56 -63 * 

256.0: Count:   0.0 (  0.0) A:  28.7 [21-48] B:  21.6 [20-25] Phase: -97 (72) 
Count:   0.0   0.0   0.0   0.0   0.0   0.0   0.0   0.0   0.0   0.0   0.0   0.0   0.0   0.0   0.0 
Phase: * * * * * -93 -164 * * * -168 * -56 -63 * 

256.1: Count:   0.0 (  0.0) A:  25.3 [20-48] B:  20.9 [20-23] Phase: -124 (57) 
Count:   0.0   0.0   0.0   0.0   0.0   0.0   0.0   0.0   0.0   0.0   0.0   0.0   0.0   0.0   0.0 
Phase: * * -103 * * -94 -168 * * * -44 * -86 -120 * 

256.2: Count:   0.0 (  0.0) A:  24.6 [20-30] B:  20.8 [20-24] Phase: -47 (54) 
Phase: * * * * -8 * * * * * -45 -122 -6 -6 * 

256.3: Count:   0.0 (  0.0) A:  24.0 [20-32] B:  21.9 [20-25] Phase: -77 (58) 
Count:   0.0   0.0   0.0   0.0   0.0   0.0   0.0   0.0   0.0   0.0   0.0   0.0   0.0   0.0   0.0 
Phase: -109 * * * -14 -103 -90 * * * -30 -132 -86 -65 * 

256.4: Count:   0.0 (  0.0) A:  24.7 [20-34] B:  22.3 [20-29] Phase: -92 (73) 
Count:   0.0   0.0   0.0   0.0   0.0   0.0   0.0   0.0   0.0   0.0   0.0   0.0   0.0   0.0   0.0 
A: 0:23.0 3:20.0 4:25.0 6:22.0 9:23.0 10:26.5 11:21.5 12:27.5 13:28.6 14:20.0 
Phase: -104 * * -172 -20 * -133 * * -74 -62 -132 -83 -27 -69 

256.5: Count:   0.0 (  0.0) A:  24.0 [20-34] B:  21.2 [20-29] Phase: -89 (70) 
Count:   0.0   0.0   0.0   0.0   0.0   0.0   0.0   0.0   0.0   0.0   0.0   0.0   0.0   0.1   0.0 
A: 23.0 21.0 21.0 21.0 22.2 20.0 23.8 21.0 * 26.0 25.9 21.0 23.8 25.1 23.0 
Phase: -102 56 -97 -90 -81 -61 -103 -60 * -76 -65 -118 -127 -62 -74 

256.6: Count:   0.0 (  0.0) A:  24.1 [20-33] B:  21.8 [20-28] Phase: -51 (57) 
Count:   0.0   0.0   0.0   0.0   0.0   0.0   0.0   0.0   0.0   0.0   0.0   0.0   0.0   0.1   0.0 
Phase: -93 52 -47 -87 -70 -37 -70 -53 * -62 24 * -22 -56 -79 

256.7: Count:   0.0 (  0.0) A:  27.0 [20-37] B:  21.4 [20-26] Phase: -55 (60) 
Count:   0.0   0.0   0.0   0.0   0.0   0.0   0.1   0.0   0.0   0.0   0.0   0.0   0.0   0.1   0.0 
A: * 32.0 26.0 23.9 24.0 20.0 30.0 25.0 * 28.0 25.2 32.0 29.0 25.1 24.0 
Phase: * 24 -92 -65 -84 -42 -49 -56 * -83 -50 -54 -56 -50 -25 

256.8: Count:   0.0 (  0.0) A:  25.7 [20-38] B:  21.9 [20-27] Phase: -51 (71) 
Count:   0.0   0.0   0.0   0.0   0.0   0.0   0.1   0.0   0.0   0.0   0.0   0.0   0.0   0.1   0.0 
A: * 23.4 24.0 23.3 26.7 22.0 25.3 26.5 * 29.0 24.0 30.0 29.6 25.9 27.0 
Phase: * -63 -50 -95 -72 -45 -18 -58 * -79 -132 -54 -36 -36 -57 

256.9: Count:   0.0 (  0.0) A:  24.7 [20-41] B:  22.4 [20-28] Phase: -62 (56) 
Count:   0.0   0.0   0.0   0.0   0.0   0.0   0.1   0.0   0.0   0.0   0.0   0.0   0.1   0.1   0.0 
Phase: * -71 -53 -64 -66 -48 -47 * * -24 -111 -86 -43 -74 -75 

257.0: Count:   0.0 (  0.0) A:  24.1 [20-40] B:  22.2 [20-28] Phase: -70 (47) 
Count:   0.0   0.0   0.0   0.0   0.0   0.0   0.1   0.0   0.0   0.0   0.0   0.0   0.1   0.1   0.0 
Phase: -22 -80 -59 -73 -61 -46 -72 * * -30 -96 -87 -49 -85 -77 

257.1: Count:   0.0 (  0.0) A:  24.3 [20-36] B:  22.2 [20-28] Phase: -74 (52) 
Count:   0.0   0.0   0.0   0.0   0.0   0.0   0.1   0.0   0.0   0.0   0.0   0.0   0.1   0.1   0.0 
A: 26.0 20.3 26.3 22.4 24.5 22.7 22.8 28.1 31.0 23.6 24.9 30.0 22.3 25.6 22.2 
B: 24.0 21.0 26.5 21.4 20.9 20.7 22.3 21.2 26.0 21.3 21.8 20.0 24.7 21.3 20.2 
Phase: -29 -13 -81 -70 -50 -123 -86 -58 -89 -90 -31 -87 -37 -96 -47 

257.2: Count:   0.0 (  0.0) A:  24.8 [20-38] B:  21.9 [20-30] Phase: -82 (59) 
Count:   0.0   0.0   0.0   0.0   0.0   0.0   0.1   0.0   0.0   0.0   0.0   0.0   0.0   0.2   0.0 
A: 25.0 28.5 25.5 24.3 22.4 23.0 24.3 27.3 32.0 28.0 24.5 * 24.7 25.0 26.8 
B: 22.0 21.5 23.8 20.0 20.0 20.3 22.8 21.5 28.0 23.0 21.8 * 21.5 21.2 22.1 
Phase: -24 9 -104 -69 -55 -86 -75 -61 -99 -110 -41 * -71 -105 -73 

257.3: Count:   0.0 (  0.0) A:  25.1 [20-38] B:  22.0 [20-31] Phase: -81 (76) 
Count:   0.0   0.0   0.0   0.0   0.0   0.0   0.1   0.0   0.0   0.0   0.0   0.0   0.0   0.1   0.0 
A: 22.0 30.5 23.0 * 29.3 23.0 24.9 27.3 32.0 25.0 24.0 * 25.3 25.6 25.4 
B: 20.0 21.0 20.7 * 24.3 20.0 22.5 22.0 29.0 23.0 24.0 * 22.5 21.5 21.7 
Phase: -17 3 -101 * -7 -89 -15 -75 -111 -111 7 * -64 -116 -78 

257.4: Count:   0.0 (  0.1) A:  24.8 [20-43] B:  22.0 [20-29] Phase: -113 (77) 
Count:   0.0   0.0   0.0   0.0   0.0   0.0   0.2   0.0   0.0   0.0   0.0   0.0   0.1   0.2   0.0 
A: * 36.0 28.3 * 26.0 21.0 23.7 21.4 34.0 21.0 23.6 20.0 26.1 26.6 24.1 
B: * 21.0 20.3 * 21.0 21.6 22.1 21.8 29.0 22.0 21.0 20.0 21.9 21.9 22.5 
Phase: * -42 -158 * -51 -88 167 -72 -120 -115 -88 -126 -80 -125 -110 

257.5: Count:   0.0 (  0.1) A:  25.5 [20-47] B:  22.5 [20-30] Phase: -128 (54) 
Count:   0.0   0.0   0.0   0.0   0.0   0.0   0.3   0.0   0.0   0.0   0.0   0.0   0.1   0.1   0.0 
A: * 29.5 45.0 22.0 * 21.2 24.2 22.4 35.0 20.0 22.0 23.3 27.2 28.8 26.7 
B: * 20.5 20.0 23.0 * 20.8 22.3 22.8 30.0 22.0 24.2 20.3 22.6 22.8 22.7 
Phase: * -102 -114 -180 * -85 -148 -81 -130 -81 -118 -111 -90 -119 -124 

257.6: Count:   0.1 (  0.1) A:  27.1 [20-54] B:  23.3 [20-36] Phase: -128 (50) 
Count:   0.0   0.0   0.0   0.0   0.0   0.0   0.3   0.0   0.0   0.0   0.0   0.0   0.2   0.2   0.0 
A: 27.0 24.8 33.0 * * 26.2 26.8 25.6 22.0 28.0 23.1 25.5 30.2 26.0 28.0 
Phase: 136 178 -158 * * -131 -129 -105 -148 -128 -95 -121 -130 -130 -142 

257.7: Count:   0.1 (  0.1) A:  27.0 [20-61] B:  23.2 [20-38] Phase: -139 (47) 
Count:   0.0   0.0   0.0   0.0   0.0   0.0   0.4   0.0   0.0   0.0   0.0   0.0   0.2   0.3   0.0 
A: 28.0 26.0 25.6 25.0 22.6 23.5 26.6 26.1 23.8 21.1 24.9 24.7 30.0 26.6 29.2 
Phase: 141 179 -171 166 -175 -147 -140 -154 -151 161 -125 -153 -129 -137 -128 

257.8: Count:   0.1 (  0.2) A:  26.8 [20-64] B:  22.5 [20-39] Phase: -148 (40) 
Count:   0.0   0.0   0.0   0.0   0.0   0.0   0.6   0.1   0.0   0.1   0.1   0.1   0.3   0.4   0.1 
A: 25.2 26.0 28.0 25.7 26.2 23.7 26.4 25.4 23.9 22.9 28.0 24.3 31.2 26.3 25.5 
Phase: 158 178 -166 175 -180 -153 -146 -155 -178 -180 -154 -165 -129 -142 -140 

257.9: Count:   0.2 (  0.2) A:  26.9 [20-64] B:  22.6 [20-38] Phase: -153 (36) 
Count:   0.1   0.1   0.0   0.1   0.0   0.1   0.6   0.2   0.1   0.1   0.0   0.1   0.3   0.5   0.1 
A: 27.5 26.6 23.9 21.9 27.5 23.7 27.2 26.5 23.3 25.5 30.2 25.3 30.0 26.7 25.8 
Phase: 166 -177 -168 -162 -180 -164 -145 -169 -165 -174 -132 -161 -133 -151 -146 

258.0: Count:   0.2 (  0.2) A:  27.9 [20-68] B:  22.9 [20-35] Phase: -154 (38) 
Count:   0.0   0.1   0.0   0.0   0.0   0.1   0.7   0.2   0.0   0.0   0.1   0.1   0.4   0.6   0.1 
Phase: -172 -158 -171 -155 -165 -169 -146 -168 -149 -179 -179 -171 -144 -147 -166 

258.1: Count:   0.2 (  0.3) A:  27.8 [20-54] B:  23.0 [20-34] Phase: -153 (39) 
Count:   0.0   0.0   0.0   0.0   0.0   0.2   0.9   0.2   0.0   0.0   0.1   0.1   0.4   0.6   0.1 
A: 21.2 24.9 24.2 27.9 27.5 24.6 27.8 26.8 27.5 26.7 26.5 25.9 30.0 28.5 28.1 
Phase: 174 -154 -153 -155 -162 -163 -145 -168 -152 179 -172 -176 -146 -149 -165 

258.2: Count:   0.2 (  0.2) A:  27.8 [20-48] B:  23.1 [20-34] Phase: -156 (38) 
Count:   0.0   0.0   0.0   0.0   0.0   0.2   0.8   0.3   0.1   0.0   0.1   0.1   0.4   0.5   0.1 
A: 21.5 25.5 24.7 30.0 26.2 24.4 28.0 26.4 26.0 23.3 25.5 24.7 30.6 28.7 27.0 
Phase: -162 -158 -173 -159 -168 -163 -151 -171 -162 -163 -169 -172 -145 -153 -172 

258.3: Count:   0.2 (  0.2) A:  27.6 [20-56] B:  23.2 [20-34] Phase: -152 (39) 
Count:   0.0   0.0   0.0   0.0   0.0   0.1   0.8   0.2   0.0   0.0   0.1   0.1   0.4   0.5   0.1 
Phase: -168 -160 -158 -164 155 -153 -149 -161 -178 -164 -155 -165 -146 -151 -162 

258.4: Count:   0.1 (  0.2) A:  28.2 [20-55] B:  23.4 [20-34] Phase: -144 (43) 
Count:   0.0   0.0   0.0   0.0   0.0   0.1   0.7   0.1   0.0   0.0   0.1   0.0   0.4   0.4   0.0 
A: 20.0 20.7 22.0 25.5 26.6 25.6 28.3 26.9 27.0 22.8 27.5 27.6 30.2 27.6 28.3 
Phase: 155 -176 -175 174 -176 -160 -141 -157 -161 -176 -152 -167 -132 -149 -142 

258.5: Count:   0.1 (  0.2) A:  27.3 [20-49] B:  23.3 [20-35] Phase: -142 (42) 
Count:   0.0   0.0   0.0   0.0   0.0   0.0   0.7   0.1   0.0   0.0   0.1   0.0   0.4   0.4   0.0 
A: * 21.0 * 24.2 25.1 24.0 27.3 24.3 25.2 23.0 27.0 24.8 28.9 27.2 27.3 
Phase: * -118 * 179 -171 -153 -144 -167 -161 164 -152 -150 -124 -144 -152 

258.6: Count:   0.1 (  0.1) A:  26.2 [20-44] B:  23.5 [20-34] Phase: -138 (47) 
Count:   0.0   0.0   0.0   0.0   0.0   0.0   0.5   0.1   0.0   0.0   0.1   0.0   0.3   0.3   0.0 
A: * 23.0 * 27.0 21.0 24.4 26.3 22.8 24.8 21.0 26.3 23.5 27.4 25.9 26.6 
Phase: * -94 * -166 -140 -145 -145 -173 -159 177 -153 -156 -119 -135 -142 

258.7: Count:   0.1 (  0.1) A:  26.0 [20-46] B:  23.0 [20-34] Phase: -127 (41) 
Count:   0.0   0.0   0.0   0.0   0.0   0.0   0.3   0.0   0.0   0.0   0.1   0.0   0.3   0.2   0.0 
A: * 21.0 22.0 * 22.0 25.6 27.3 22.4 21.7 * 26.1 26.0 25.7 25.7 25.6 
Phase: * -101 -174 * -155 -152 -131 -142 -159 * -138 -140 -114 -131 -125 

258.8: Count:   0.1 (  0.1) A:  24.8 [20-45] B:  22.9 [20-31] Phase: -129 (50) 
Count:   0.0   0.0   0.0   0.0   0.0   0.0   0.3   0.0   0.0   0.0   0.1   0.0   0.3   0.2   0.0 
Phase: * * * * 162 -139 -141 -151 * * -147 -137 -112 -123 -117 

258.9: Count:   0.0 (  0.1) A:  25.4 [20-36] B:  23.8 [20-32] Phase: -141 (64) 
Count:   0.0   0.0   0.0   0.0   0.0   0.0   0.2   0.0   0.0   0.0   0.0   0.0   0.1   0.2   0.0 
Phase: 129 * * * * -110 -170 -127 * * -79 -106 -124 -124 -121 

259.0: Count:   0.0 (  0.1) A:  26.4 [20-40] B:  23.5 [20-29] Phase: -130 (77) 
Count:   0.0   0.0   0.0   0.0   0.0   0.0   0.2   0.0   0.0   0.0   0.0   0.0   0.1   0.1   0.0 
Phase: 129 * * * * -145 -126 -141 * * -53 -113 -138 -133 -114 

259.1: Count:   0.0 (  0.1) A:  25.2 [20-43] B:  23.3 [20-39] Phase: -137 (64) 
Count:   0.0   0.0   0.0   0.0   0.0   0.0   0.2   0.0   0.0   0.0   0.0   0.0   0.1   0.1   0.0 
Phase: 129 167 * * * 159 -143 162 * * -43 * -107 -130 -121 

259.2: Count:   0.0 (  0.1) A:  25.2 [20-42] B:  22.9 [20-33] Phase: -155 (58) 
Count:   0.0   0.0   0.0   0.0   0.0   0.0   0.2   0.0   0.0   0.0   0.0   0.0   0.1   0.1   0.0 
A: 23.0 27.0 * * 20.0 23.9 25.0 25.8 33.0 * 25.6 * 23.6 25.9 24.0 
Phase: 121 167 * * 174 141 -154 145 117 * -144 * -131 -135 -65 

259.3: Count:   0.0 (  0.1) A:  26.8 [20-41] B:  23.4 [20-35] Phase: 179 (56) 
Count:   0.0   0.0   0.0   0.0   0.0   0.1   0.4   0.0   0.0   0.0   0.0   0.0   0.1   0.1   0.0 
Phase: * 164 176 -165 140 155 168 143 * * -177 * -124 -165 151 

259.4: Count:   0.1 (  0.1) A:  27.7 [20-57] B:  22.7 [20-35] Phase: -180 (54) 
Count:   0.0   0.0   0.0   0.0   0.0   0.1   0.5   0.1   0.0   0.0   0.0   0.0   0.1   0.2   0.0 
A: 29.7 22.6 26.7 26.0 27.7 28.4 29.3 22.5 * 20.0 27.0 20.6 26.6 27.0 25.0 
Phase: 152 174 -157 -153 111 157 165 168 * 174 178 154 -113 -149 159 

259.5: Count:   0.1 (  0.1) A:  29.3 [20-56] B:  22.4 [20-35] Phase: 174 (56) 
Count:   0.0   0.0   0.0   0.0   0.0   0.2   0.5   0.1   0.0   0.0   0.0   0.0   0.1   0.3   0.1 
A: 30.3 21.7 24.8 27.8 28.3 29.5 32.3 25.3 * 20.4 27.6 21.4 26.4 28.0 26.8 
Phase: 155 168 -158 -153 166 152 162 171 * 135 167 154 -122 -168 156 

259.6: Count:   0.1 (  0.2) A:  30.3 [20-52] B:  22.3 [20-34] Phase: 174 (50) 
Count:   0.0   0.0   0.1   0.0   0.0   0.2   0.6   0.1   0.0   0.0   0.1   0.0   0.2   0.3   0.1 
A: 33.4 43.8 30.0 29.0 32.1 30.6 32.3 27.5 26.0 23.9 25.0 24.7 29.2 29.7 26.7 
Phase: 152 169 174 -157 147 151 166 160 -164 164 -170 166 -153 -165 156 

259.7: Count:   0.2 (  0.2) A:  30.3 [20-71] B:  22.2 [20-34] Phase: 166 (49) 
Count:   0.0   0.1   0.1   0.0   0.1   0.4   1.0   0.2   0.0   0.0   0.1   0.0   0.3   0.4   0.1 
A: 34.9 34.4 36.4 29.5 32.0 31.5 31.8 28.9 28.8 25.2 25.0 24.3 26.8 29.0 29.0 
Phase: 153 -161 176 -158 152 146 158 144 165 157 175 165 -150 -169 162 

259.8: Count:   0.2 (  0.2) A:  30.7 [20-59] B:  22.4 [20-33] Phase: 164 (52) 
Count:   0.1   0.1   0.1   0.1   0.1   0.4   0.9   0.2   0.0   0.0   0.1   0.0   0.3   0.2   0.1 
A: 23.9 34.6 28.0 28.5 34.8 30.5 32.8 30.7 33.7 27.4 30.0 29.6 29.3 28.5 29.3 
Phase: 150 157 -179 173 146 146 161 164 149 159 171 141 -162 175 164 

259.9: Count:   0.2 (  0.2) A:  30.8 [20-65] B:  22.3 [20-34] Phase: 161 (47) 
Count:   0.1   0.1   0.1   0.0   0.1   0.5   0.8   0.3   0.0   0.1   0.1   0.0   0.3   0.3   0.1 
A: 25.6 33.4 30.5 26.7 33.7 31.3 33.0 31.2 30.2 27.7 28.1 27.0 28.1 29.1 28.8 
Phase: 169 169 -171 170 143 142 160 158 150 161 177 122 -169 175 146 

260.0: Count:   0.2 (  0.2) A:  30.4 [20-69] B:  22.3 [20-34] Phase: 156 (50) 
Count:   0.1   0.1   0.1   0.0   0.1   0.5   0.9   0.3   0.0   0.1   0.1   0.0   0.3   0.3   0.1 
A: 24.8 33.7 29.5 28.5 33.3 30.9 33.2 30.6 28.3 27.0 30.3 27.2 26.2 26.8 32.0 
Phase: 173 -166 175 157 139 140 150 159 157 173 160 130 -176 160 143 

260.1: Count:   0.2 (  0.2) A:  30.2 [20-71] B:  22.3 [20-35] Phase: 157 (48) 
Count:   0.1   0.1   0.1   0.0   0.1   0.5   0.9   0.3   0.0   0.0   0.1   0.0   0.3   0.3   0.1 
A: 26.5 30.9 30.1 24.0 33.0 31.7 32.4 30.1 28.3 24.1 30.2 25.5 26.5 26.5 30.7 
Phase: 175 162 175 -167 129 140 158 153 152 155 167 145 -177 164 141 

260.2: Count:   0.2 (  0.2) A:  29.9 [20-69] B:  22.2 [20-38] Phase: 148 (52) 
Count:   0.1   0.1   0.1   0.1   0.1   0.5   0.9   0.3   0.0   0.1   0.2   0.0   0.2   0.4   0.1 
A: 29.7 27.2 31.1 30.8 30.1 31.0 31.5 29.4 27.1 32.4 27.8 32.6 29.6 27.0 24.7 
Phase: 126 129 146 -177 127 136 159 158 137 132 158 139 153 158 161 

260.3: Count:   0.2 (  0.2) A:  30.3 [20-69] B:  22.2 [20-38] Phase: 150 (56) 
Count:   0.1   0.1   0.1   0.1   0.1   0.5   0.8   0.4   0.0   0.1   0.1   0.0   0.2   0.4   0.1 
A: 28.7 24.8 30.4 32.0 29.2 30.8 31.9 29.3 28.5 32.6 30.3 35.9 32.0 27.2 27.3 
Phase: 101 -177 141 -167 123 135 155 162 136 134 148 127 136 164 160 

260.4: Count:   0.2 (  0.2) A:  30.1 [20-68] B:  22.2 [20-38] Phase: 149 (57) 
Count:   0.0   0.1   0.1   0.0   0.1   0.5   0.8   0.4   0.0   0.1   0.1   0.0   0.3   0.4   0.1 
A: 31.3 23.8 28.6 29.6 31.1 31.6 31.6 30.4 27.8 32.2 28.7 35.8 28.6 27.8 27.0 
Phase: 72 159 149 -159 119 129 157 145 129 140 132 164 144 172 158 

260.5: Count:   0.2 (  0.2) A:  30.4 [20-72] B:  22.2 [20-38] Phase: 149 (57) 
Count:   0.1   0.0   0.1   0.0   0.1   0.5   0.8   0.3   0.0   0.1   0.1   0.0   0.2   0.5   0.2 
A: 29.1 25.4 29.4 31.2 30.4 31.7 32.5 31.0 28.3 30.1 29.4 33.0 26.8 28.1 28.7 
Phase: 119 -176 154 -172 125 132 157 153 127 124 129 173 151 171 152 

260.6: Count:   0.2 (  0.2) A:  30.1 [20-73] B:  22.1 [20-38] Phase: 151 (59) 
Count:   0.1   0.1   0.1   0.0   0.1   0.5   0.8   0.2   0.0   0.1   0.1   0.0   0.2   0.4   0.2 
Phase: 130 -121 149 178 124 137 155 147 126 129 162 -159 161 175 138 

260.7: Count:   0.2 (  0.3) A:  30.8 [20-73] B:  21.9 [20-35] Phase: 146 (53) 
Count:   0.1   0.0   0.1   0.0   0.1   0.4   1.0   0.3   0.0   0.1   0.0   0.0   0.1   0.4   0.1 
A: 31.8 28.3 32.3 26.2 30.7 29.8 33.5 29.6 28.3 28.4 26.3 30.8 28.3 28.0 29.7 
Phase: 170 -153 133 -160 128 127 146 139 174 145 151 168 157 145 -172 

260.8: Count:   0.2 (  0.2) A:  30.7 [20-73] B:  22.0 [20-35] Phase: 142 (52) 
Count:   0.1   0.1   0.0   0.0   0.1   0.4   0.9   0.2   0.0   0.1   0.1   0.1   0.1   0.3   0.2 
A: 35.0 29.4 30.0 26.5 28.5 30.4 33.2 30.1 29.1 27.3 27.9 28.3 29.9 27.5 30.4 
Phase: 167 -155 -175 -161 131 125 146 143 179 142 137 165 141 116 168 

260.9: Count:   0.2 (  0.2) A:  30.8 [20-59] B:  22.1 [20-38] Phase: 136 (52) 
Count:   0.1   0.1   0.0   0.0   0.1   0.4   0.8   0.3   0.0   0.1   0.1   0.0   0.1   0.3   0.1 
A: 35.5 26.2 27.6 31.2 27.9 30.4 34.2 29.7 28.0 27.1 26.5 29.5 28.3 27.9 30.4 
Phase: 170 -127 -159 -173 131 123 137 144 -171 141 122 154 98 106 165 

261.0: Count:   0.2 (  0.2) A:  30.2 [20-54] B:  21.8 [20-38] Phase: 137 (46) 
Count:   0.1   0.1   0.0   0.0   0.1   0.4   0.7   0.3   0.0   0.1   0.1   0.0   0.1   0.3   0.1 
A: 31.9 25.7 26.3 32.0 30.9 30.3 32.3 30.7 28.0 26.3 26.0 28.7 28.7 27.9 31.8 
Phase: 169 171 -168 165 123 121 127 142 -168 148 131 161 151 127 170 

261.1: Count:   0.1 (  0.2) A:  30.4 [20-67] B:  22.2 [20-32] Phase: 137 (51) 
Count:   0.0   0.0   0.1   0.0   0.1   0.4   0.7   0.3   0.0   0.1   0.1   0.0   0.1   0.3   0.1 
A: 30.2 29.0 27.0 31.7 31.0 29.6 32.2 32.5 23.0 32.7 28.0 31.0 26.1 27.6 28.0 
Phase: -162 158 161 140 117 137 133 141 88 166 168 117 118 127 157 

261.2: Count:   0.2 (  0.2) A:  30.7 [20-67] B:  22.1 [20-31] Phase: 133 (51) 
Count:   0.0   0.0   0.1   0.0   0.1   0.4   0.8   0.3   0.0   0.1   0.1   0.0   0.1   0.3   0.1 
A: 27.4 28.6 25.0 24.0 32.5 30.7 32.8 31.7 42.0 32.7 28.2 27.5 25.4 28.5 24.7 
Phase: -157 145 141 156 127 127 128 135 83 145 158 97 92 143 155 

261.3: Count:   0.2 (  0.2) A:  30.8 [20-64] B:  21.9 [20-32] Phase: 129 (53) 
Count:   0.1   0.0   0.0   0.0   0.1   0.5   0.8   0.4   0.0   0.1   0.1   0.0   0.1   0.3   0.1 
A: 35.0 29.4 23.2 25.0 31.0 29.3 33.4 32.6 24.0 30.0 29.2 31.2 26.2 28.7 26.3 
Phase: 130 116 135 148 119 121 124 140 71 148 -166 145 99 140 150 

261.4: Count:   0.2 (  0.2) A:  30.9 [20-59] B:  22.0 [20-32] Phase: 131 (52) 
Count:   0.1   0.0   0.0   0.0   0.1   0.5   0.8   0.3   0.1   0.1   0.1   0.0   0.0   0.3   0.1 
A: 35.5 29.0 25.3 23.7 31.5 29.3 33.1 32.4 27.3 30.5 27.2 28.1 27.8 28.9 28.6 
Phase: 98 114 155 145 123 125 131 148 110 145 132 119 82 130 163 

261.5: Count:   0.2 (  0.2) A:  29.8 [20-62] B:  22.0 [20-33] Phase: 129 (50) 
Count:   0.1   0.0   0.0   0.0   0.1   0.5   0.8   0.3   0.1   0.1   0.1   0.0   0.0   0.2   0.1 
A: 30.0 27.4 29.5 24.9 29.9 28.9 31.9 30.2 26.6 25.1 26.4 29.3 26.5 27.6 28.9 
Phase: -178 125 131 125 113 122 128 146 107 161 126 117 112 132 158 

261.6: Count:   0.1 (  0.2) A:  29.7 [20-61] B:  21.7 [20-32] Phase: 133 (51) 
Count:   0.1   0.1   0.0   0.0   0.1   0.5   0.6   0.2   0.0   0.0   0.1   0.0   0.1   0.2   0.2 
A: 26.6 28.8 25.8 25.1 31.0 29.4 30.0 35.5 37.0 24.7 28.4 27.2 25.6 27.4 30.9 
Phase: 140 -177 134 149 135 112 135 131 138 113 158 179 119 123 153 

261.7: Count:   0.1 (  0.2) A:  29.4 [20-62] B:  21.8 [20-31] Phase: 131 (47) 
Count:   0.0   0.0   0.0   0.0   0.1   0.5   0.6   0.2   0.0   0.1   0.1   0.0   0.1   0.2   0.1 
A: 30.4 31.1 25.5 22.2 28.3 30.3 30.6 31.1 29.0 22.7 27.6 28.3 26.4 27.1 29.7 
Phase: 133 -151 129 -167 141 112 133 133 118 128 139 142 117 121 149 

261.8: Count:   0.1 (  0.2) A:  29.5 [20-63] B:  22.0 [20-30] Phase: 131 (48) 
Count:   0.0   0.0   0.0   0.0   0.1   0.5   0.6   0.2   0.0   0.1   0.1   0.0   0.1   0.2   0.1 
A: 28.3 23.8 24.7 22.6 28.0 29.8 31.2 29.4 25.8 24.1 33.1 32.0 27.1 29.5 28.9 
Phase: -172 -166 114 164 131 112 132 139 124 139 134 -21 130 116 155 

261.9: Count:   0.1 (  0.2) A:  29.1 [20-58] B:  22.0 [20-33] Phase: 131 (49) 
Count:   0.0   0.0   0.0   0.0   0.1   0.5   0.7   0.2   0.0   0.1   0.1   0.0   0.1   0.2   0.1 
A: 25.1 21.3 26.0 25.0 27.1 29.0 30.6 28.9 25.8 26.0 33.5 22.7 25.3 29.8 28.7 
Phase: -160 -161 129 -144 121 108 127 138 165 145 126 -178 149 125 150 

262.0: Count:   0.2 (  0.2) A:  29.7 [20-58] B:  21.9 [20-34] Phase: 130 (49) 
Count:   0.0   0.0   0.0   0.0   0.1   0.5   0.9   0.2   0.1   0.1   0.1   0.0   0.1   0.2   0.2 
A: 23.1 23.9 22.0 37.0 27.9 30.4 30.5 30.3 25.4 26.2 33.4 25.8 27.6 27.9 30.1 
Phase: -170 -129 102 142 126 112 127 129 131 143 145 165 166 109 154 

262.1: Count:   0.2 (  0.2) A:  29.3 [20-62] B:  21.7 [20-32] Phase: 125 (47) 
Count:   0.0   0.0   0.0   0.0   0.1   0.6   0.9   0.2   0.0   0.1   0.1   0.0   0.1   0.2   0.1 
A: 22.5 29.3 24.1 28.1 27.6 30.1 30.7 29.9 35.1 24.4 27.6 29.7 27.4 27.0 27.5 
Phase: 53 -113 -178 -129 103 107 129 145 113 127 130 124 118 122 131 

262.2: Count:   0.2 (  0.2) A:  30.0 [20-62] B:  21.7 [20-32] Phase: 126 (50) 
Count:   0.0   0.0   0.0   0.0   0.2   0.5   0.9   0.2   0.0   0.1   0.1   0.0   0.1   0.2   0.1 
A: 22.9 27.8 31.0 30.0 29.7 30.0 31.7 30.2 * 27.0 26.8 31.5 24.5 27.7 29.5 
Phase: 50 -107 -162 -103 115 108 125 139 * 135 130 115 134 70 151 

262.3: Count:   0.2 (  0.2) A:  30.4 [20-60] B:  21.7 [20-31] Phase: 124 (46) 
Count:   0.0   0.1   0.0   0.0   0.1   0.5   0.8   0.3   0.0   0.1   0.1   0.0   0.1   0.2   0.1 
A: 22.0 25.6 28.7 31.7 29.5 30.8 32.4 30.7 * 26.0 27.2 30.6 26.0 27.3 33.5 
Phase: 152 -146 -161 -101 121 103 122 134 * 118 157 121 124 94 136 

262.4: Count:   0.2 (  0.2) A:  30.7 [20-63] B:  21.7 [20-31] Phase: 123 (49) 
Count:   0.1   0.1   0.1   0.0   0.1   0.5   0.9   0.3   0.0   0.1   0.1   0.1   0.1   0.2   0.1 
A: 28.4 23.9 26.0 28.9 28.9 31.4 32.6 31.9 28.0 25.7 30.9 31.2 27.4 28.2 30.0 
Phase: 154 -144 177 -14 128 102 123 131 94 78 147 108 146 100 108 

262.5: Count:   0.2 (  0.2) A:  31.3 [20-63] B:  22.0 [20-35] Phase: 115 (53) 
Count:   0.1   0.0   0.0   0.0   0.1   0.6   0.9   0.4   0.1   0.0   0.1   0.1   0.1   0.2   0.2 
A: 25.7 21.8 26.0 24.0 30.1 31.7 33.3 33.7 34.6 28.3 29.8 31.1 25.6 28.7 28.0 
Phase: 170 -122 146 169 107 107 115 131 101 91 140 135 69 79 101 

262.6: Count:   0.2 (  0.3) A:  31.9 [20-66] B:  21.9 [20-34] Phase: 113 (52) 
Count:   0.1   0.0   0.0   0.0   0.1   0.6   1.1   0.4   0.0   0.0   0.1   0.0   0.1   0.3   0.2 
A: 25.0 22.3 25.8 30.2 32.0 30.9 33.9 34.3 35.6 24.5 34.7 31.8 27.3 29.9 30.3 
Phase: -170 -139 148 168 111 104 114 130 90 80 95 146 60 84 106 

262.7: Count:   0.2 (  0.3) A:  32.4 [20-69] B:  21.9 [20-33] Phase: 114 (50) 
Count:   0.1   0.1   0.0   0.0   0.1   0.7   1.2   0.5   0.0   0.0   0.1   0.0   0.1   0.3   0.2 
A: 26.1 23.8 23.1 26.7 33.2 31.0 35.1 33.9 36.6 27.1 31.2 32.5 27.2 30.8 30.6 
Phase: -177 -143 138 109 103 103 112 136 92 75 91 128 79 98 128 

262.8: Count:   0.2 (  0.3) A:  32.2 [20-68] B:  21.9 [20-32] Phase: 112 (48) 
Count:   0.1   0.1   0.0   0.0   0.2   0.6   1.2   0.5   0.0   0.1   0.1   0.0   0.2   0.2   0.2 
A: 25.8 25.5 22.9 29.0 31.2 31.5 34.7 33.7 30.9 25.9 31.3 34.6 27.0 31.5 31.1 
Phase: 158 -147 141 118 100 104 112 131 95 88 101 115 76 85 122 

262.9: Count:   0.2 (  0.3) A:  32.1 [20-67] B:  22.1 [20-33] Phase: 111 (42) 
Count:   0.1   0.1   0.1   0.0   0.1   0.7   1.2   0.4   0.0   0.1   0.1   0.1   0.2   0.2   0.2 
A: 28.3 30.0 23.0 26.1 32.0 31.4 34.1 32.1 29.9 27.3 30.8 29.2 27.6 33.3 33.5 
Phase: 150 -150 139 148 98 100 111 120 98 72 78 110 108 104 119 

263.0: Count:   0.2 (  0.3) A:  32.2 [20-70] B:  21.9 [20-35] Phase: 105 (39) 
Count:   0.1   0.1   0.0   0.0   0.2   0.7   1.1   0.5   0.0   0.1   0.1   0.1   0.1   0.2   0.2 
A: 35.4 26.0 24.2 26.7 31.1 30.7 36.3 31.5 29.6 26.2 29.9 28.0 25.5 33.1 30.5 
Phase: 101 154 85 80 104 97 112 118 107 54 110 100 96 90 117 

263.1: Count:   0.3 (  0.3) A:  32.1 [20-72] B:  21.8 [20-37] Phase: 104 (38) 
Count:   0.1   0.1   0.1   0.0   0.2   0.7   1.3   0.5   0.0   0.2   0.1   0.1   0.1   0.2   0.3 
A: 35.5 27.7 24.4 27.2 30.4 30.9 35.6 30.6 27.8 27.0 28.9 31.1 28.0 34.4 30.9 
Phase: 92 142 122 73 109 94 111 111 111 70 107 100 96 96 115 

263.2: Count:   0.3 (  0.4) A:  32.1 [20-72] B:  22.0 [20-39] Phase: 105 (40) 
Count:   0.2   0.1   0.1   0.0   0.2   0.9   1.5   0.5   0.0   0.2   0.1   0.1   0.1   0.2   0.2 
A: 30.6 31.7 24.9 27.1 29.1 31.4 34.6 31.5 31.5 27.3 30.9 31.5 28.3 36.0 31.8 
Phase: 117 118 70 74 110 101 106 112 102 77 99 98 108 92 111 

263.3: Count:   0.3 (  0.4) A:  33.2 [20-71] B:  21.9 [20-39] Phase: 103 (38) 
Count:   0.3   0.2   0.1   0.0   0.3   1.1   1.6   0.6   0.0   0.1   0.1   0.1   0.1   0.1   0.2 
A: 31.2 37.4 29.0 27.3 29.6 31.7 35.3 32.4 30.9 32.1 32.7 33.1 28.2 36.3 33.6 
Phase: 116 116 72 86 107 97 104 112 84 101 96 95 105 91 112 

263.4: Count:   0.3 (  0.4) A:  33.9 [20-74] B:  21.9 [20-38] Phase: 100 (38) 
Count:   0.3   0.1   0.1   0.0   0.3   1.1   1.6   0.5   0.1   0.1   0.1   0.2   0.1   0.2   0.2 
A: 30.7 33.8 29.0 28.9 35.9 32.5 35.9 34.2 30.7 31.1 34.2 34.0 30.6 33.2 34.5 
Phase: 102 106 128 -140 99 92 107 113 82 79 86 102 85 66 101 

263.5: Count:   0.4 (  0.5) A:  34.5 [20-80] B:  21.9 [20-36] Phase: 97 (36) 
Count:   0.4   0.1   0.2   0.0   0.4   1.2   1.7   0.6   0.0   0.1   0.1   0.2   0.2   0.3   0.2 
A: 34.1 36.0 31.6 27.2 35.2 33.2 36.2 35.2 29.6 36.0 35.2 33.4 32.0 31.2 35.0 
Phase: 93 106 99 131 102 91 103 111 111 88 79 105 83 68 101 

263.6: Count:   0.4 (  0.5) A:  34.8 [20-86] B:  22.0 [20-37] Phase: 94 (37) 
Count:   0.4   0.1   0.2   0.0   0.4   1.3   1.8   0.6   0.1   0.1   0.1   0.2   0.3   0.3   0.2 
A: 33.9 34.8 35.1 29.5 35.9 33.4 36.6 34.7 28.6 34.6 33.6 34.6 34.2 32.8 34.2 
Phase: 99 97 78 105 100 91 99 109 142 79 68 104 69 65 93 

263.7: Count:   0.5 (  0.5) A:  35.0 [20-89] B:  21.9 [20-35] Phase: 93 (40) 
Count:   0.5   0.2   0.2   0.0   0.4   1.3   2.0   0.7   0.1   0.2   0.1   0.2   0.3   0.3   0.3 
A: 38.0 35.2 36.9 33.4 36.7 34.1 35.7 35.1 31.8 33.1 30.3 33.6 33.9 31.9 33.8 
Phase: 88 100 78 120 94 90 100 109 130 85 70 101 69 61 90 

263.8: Count:   0.5 (  0.5) A:  35.1 [20-90] B:  22.1 [20-32] Phase: 92 (38) 
Count:   0.6   0.3   0.2   0.0   0.5   1.4   2.0   0.8   0.1   0.2   0.1   0.2   0.4   0.3   0.3 
A: 40.1 37.4 33.6 35.4 34.9 34.2 35.4 34.8 34.7 33.8 31.4 34.7 35.1 31.1 34.1 
Phase: 90 98 75 115 92 87 97 107 133 83 80 101 72 54 98 

263.9: Count:   0.5 (  0.5) A:  35.8 [20-84] B:  22.0 [20-36] Phase: 90 (40) 
Count:   0.6   0.3   0.3   0.1   0.4   1.4   2.1   0.8   0.1   0.2   0.2   0.3   0.4   0.3   0.4 
A: 43.1 35.0 33.0 29.4 35.9 34.8 36.8 35.8 32.4 34.1 29.0 32.2 36.6 33.2 35.0 
Phase: 85 99 85 121 89 81 95 97 117 81 73 74 82 83 96 

264.0: Count:   0.5 (  0.6) A:  35.6 [20-83] B:  22.1 [20-37] Phase: 87 (39) 
Count:   0.5   0.3   0.3   0.1   0.4   1.4   2.3   0.6   0.1   0.2   0.2   0.3   0.4   0.3   0.5 
A: 39.3 34.9 35.8 29.2 35.4 34.1 36.9 38.1 33.8 32.8 30.5 32.0 36.4 33.6 33.3 
Phase: 82 95 75 113 85 81 92 96 126 63 68 81 81 84 90 

264.1: Count:   0.5 (  0.6) A:  35.6 [20-81] B:  22.1 [20-36] Phase: 87 (38) 
Count:   0.5   0.2   0.2   0.1   0.4   1.5   2.4   0.7   0.1   0.1   0.1   0.3   0.4   0.3   0.4 
A: 37.7 33.8 37.9 29.6 35.5 34.0 37.4 36.3 31.6 33.4 34.3 30.9 34.4 33.9 35.0 
Phase: 85 89 68 105 81 80 93 92 119 62 65 85 80 92 86 

264.2: Count:   0.5 (  0.7) A:  35.8 [20-79] B:  22.1 [20-34] Phase: 85 (37) 
Count:   0.3   0.2   0.1   0.1   0.4   1.6   2.5   0.8   0.1   0.1   0.1   0.2   0.3   0.2   0.4 
A: 40.1 33.3 41.3 28.4 32.6 33.8 37.1 37.0 33.9 36.5 34.7 33.4 34.1 33.0 36.7 
Phase: 79 73 68 143 80 77 91 94 95 62 88 80 89 72 90 

264.3: Count:   0.5 (  0.7) A:  35.5 [20-84] B:  22.1 [20-33] Phase: 84 (37) 
Count:   0.3   0.2   0.1   0.0   0.4   1.7   2.3   0.7   0.0   0.2   0.1   0.1   0.2   0.2   0.4 
A: 37.7 33.8 40.1 30.2 31.9 34.4 37.2 36.8 28.2 35.4 31.1 31.9 36.1 32.9 35.3 
Phase: 86 64 37 118 83 80 91 92 91 75 114 83 86 75 81 

264.4: Count:   0.5 (  0.7) A:  35.2 [20-74] B:  22.0 [20-33] Phase: 82 (39) 
Count:   0.2   0.3   0.2   0.1   0.5   1.6   2.5   0.9   0.0   0.2   0.1   0.1   0.2   0.2   0.4 
A: 37.9 33.4 34.5 26.2 34.9 34.6 37.0 35.2 38.4 32.1 31.9 29.7 35.1 32.8 34.1 
Phase: 92 74 81 138 87 73 86 93 87 79 79 75 55 75 94 

264.5: Count:   0.5 (  0.6) A:  35.4 [20-75] B:  22.2 [20-32] Phase: 79 (40) 
Count:   0.2   0.3   0.2   0.0   0.4   1.6   2.3   1.0   0.1   0.1   0.1   0.2   0.2   0.2   0.4 
A: 37.7 34.5 33.7 28.5 34.9 35.0 36.9 36.0 34.9 36.0 31.6 30.0 32.9 30.3 33.7 
Phase: 80 72 82 140 83 70 82 89 80 72 86 96 38 57 96 

264.6: Count:   0.5 (  0.7) A:  35.2 [20-74] B:  22.1 [20-33] Phase: 79 (39) 
Count:   0.2   0.2   0.1   0.0   0.4   1.7   2.3   0.9   0.1   0.1   0.1   0.1   0.2   0.3   0.4 
A: 31.6 35.1 30.5 27.7 34.3 34.8 37.1 36.4 34.9 33.5 32.0 28.4 32.2 30.8 34.5 
Phase: 88 71 25 131 78 74 82 90 84 78 82 90 37 56 83 

264.7: Count:   0.4 (  0.6) A:  35.3 [20-72] B:  22.2 [20-35] Phase: 75 (43) 
Count:   0.1   0.3   0.1   0.1   0.4   1.7   2.1   0.8   0.1   0.1   0.0   0.1   0.2   0.3   0.3 
A: 28.7 34.5 30.8 26.7 32.8 35.3 37.2 37.4 34.4 31.8 32.5 32.3 28.7 31.0 35.4 
Phase: 82 63 14 132 79 67 82 86 86 76 80 73 -8 53 72 

264.8: Count:   0.4 (  0.6) A:  35.0 [20-77] B:  22.0 [20-33] Phase: 76 (43) 
Count:   0.1   0.2   0.1   0.0   0.4   1.6   2.1   0.7   0.1   0.2   0.1   0.1   0.2   0.3   0.5 
A: 32.3 36.6 29.8 23.3 33.9 34.6 37.1 37.3 31.8 37.5 31.5 28.4 28.5 27.9 33.8 
Phase: 77 85 66 111 74 71 81 93 110 75 74 78 53 30 73 

264.9: Count:   0.4 (  0.6) A:  34.8 [20-74] B:  21.9 [20-33] Phase: 76 (45) 
Count:   0.1   0.2   0.0   0.0   0.4   1.5   2.1   0.8   0.0   0.2   0.1   0.1   0.2   0.3   0.5 
A: 33.0 35.2 28.3 24.5 34.2 34.1 37.0 36.8 28.5 36.3 31.4 29.3 28.1 27.1 35.3 
Phase: -10 80 65 112 76 71 79 90 124 75 44 72 78 50 72 

265.0: Count:   0.4 (  0.6) A:  34.9 [20-74] B:  22.0 [20-34] Phase: 74 (45) 
Count:   0.1   0.2   0.0   0.0   0.4   1.3   2.0   0.7   0.0   0.2   0.1   0.1   0.2   0.3   0.4 
A: 30.9 38.3 29.2 25.2 33.1 33.9 37.2 37.6 28.0 32.5 32.5 28.2 26.9 29.6 35.8 
Phase: 18 82 33 61 79 70 75 84 119 78 37 64 79 58 76 

265.1: Count:   0.4 (  0.5) A:  34.9 [20-78] B:  22.0 [20-37] Phase: 73 (46) 
Count:   0.1   0.3   0.1   0.1   0.4   1.3   1.9   0.7   0.0   0.1   0.1   0.1   0.2   0.4   0.3 
A: 29.3 38.2 27.5 24.7 32.3 34.2 37.9 37.1 27.0 30.5 32.8 27.9 27.9 30.9 35.6 
Phase: 97 84 38 103 83 65 73 80 119 76 40 73 67 61 78 

265.2: Count:   0.4 (  0.5) A:  34.5 [20-79] B:  22.0 [20-38] Phase: 70 (44) 
Count:   0.1   0.3   0.1   0.0   0.4   1.3   2.0   0.7   0.1   0.1   0.1   0.2   0.3   0.3   0.3 
A: 28.8 35.6 28.3 25.2 32.5 34.2 36.6 37.7 27.9 28.5 32.4 31.9 27.8 30.3 35.9 
Phase: 50 75 50 78 77 66 72 76 85 75 52 68 39 52 82 

265.3: Count:   0.4 (  0.5) A:  34.0 [20-80] B:  22.1 [20-35] Phase: 64 (46) 
Count:   0.1   0.3   0.1   0.1   0.4   1.4   1.9   0.7   0.1   0.1   0.2   0.1   0.3   0.3   0.3 
A: 29.9 31.0 25.1 26.9 34.0 34.1 36.3 34.8 28.7 35.9 29.0 28.4 30.3 31.0 37.1 
Phase: 136 47 51 124 72 61 69 80 100 67 54 55 34 30 66 

265.4: Count:   0.4 (  0.5) A:  34.1 [20-76] B:  22.1 [20-34] Phase: 64 (49) 
Count:   0.2   0.3   0.1   0.1   0.4   1.5   1.9   0.6   0.1   0.1   0.1   0.1   0.2   0.3   0.4 
A: 25.9 31.3 27.6 26.1 33.5 33.7 36.5 35.3 28.2 34.8 29.6 31.3 31.9 31.2 37.8 
Phase: 38 45 -30 -22 78 60 68 85 108 67 50 57 40 36 68 

265.5: Count:   0.4 (  0.5) A:  33.9 [20-72] B:  22.1 [20-32] Phase: 63 (50) 
Count:   0.2   0.3   0.1   0.1   0.5   1.5   1.8   0.6   0.2   0.1   0.1   0.1   0.2   0.3   0.3 
A: 25.5 31.3 30.2 26.9 33.2 33.8 36.9 33.5 29.3 33.6 28.0 28.5 30.7 31.8 37.9 
Phase: 17 41 -21 -168 71 57 71 89 74 61 50 52 36 31 68 

265.6: Count:   0.4 (  0.5) A:  33.8 [20-68] B:  22.2 [20-33] Phase: 59 (50) 
Count:   0.2   0.3   0.1   0.0   0.5   1.4   1.8   0.5   0.2   0.1   0.1   0.1   0.2   0.3   0.3 
A: 26.0 30.4 33.5 28.0 33.4 34.2 36.7 32.2 30.2 30.7 28.1 29.9 31.2 32.3 37.0 
Phase: 9 22 25 160 70 57 68 76 73 83 52 45 33 31 66 

265.7: Count:   0.4 (  0.5) A:  33.8 [20-68] B:  22.1 [20-33] Phase: 55 (53) 
Count:   0.1   0.2   0.1   0.1   0.4   1.4   1.8   0.5   0.1   0.1   0.1   0.1   0.1   0.3   0.4 
A: 31.6 30.4 31.8 28.9 33.1 34.7 35.8 33.8 32.4 28.2 28.9 30.7 28.4 31.2 33.7 
Phase: 16 12 7 144 61 48 65 80 75 85 45 44 28 21 53 

265.8: Count:   0.4 (  0.5) A:  33.6 [20-77] B:  22.2 [20-39] Phase: 52 (54) 
Count:   0.1   0.3   0.1   0.1   0.4   1.3   1.8   0.5   0.1   0.1   0.2   0.1   0.3   0.3   0.3 
A: 26.5 30.4 33.4 33.5 34.7 35.6 34.3 32.8 30.9 35.7 32.6 30.6 31.7 30.3 32.7 
Phase: 68 24 41 146 57 54 61 72 51 56 32 26 8 12 66 

265.9: Count:   0.4 (  0.5) A:  33.3 [20-79] B:  22.1 [20-39] Phase: 44 (57) 
Count:   0.2   0.3   0.1   0.1   0.3   1.3   1.7   0.5   0.1   0.1   0.2   0.2   0.3   0.4   0.3 
A: 28.1 27.2 34.3 35.2 31.8 35.7 35.1 32.8 33.4 31.7 32.5 31.3 30.7 29.1 33.2 
Phase: -4 14 11 148 63 48 56 68 52 43 31 17 -24 7 64 

266.0: Count:   0.4 (  0.4) A:  33.5 [20-78] B:  22.0 [20-40] Phase: 44 (58) 
Count:   0.2   0.2   0.1   0.1   0.3   1.2   1.6   0.5   0.1   0.2   0.2   0.2   0.3   0.4   0.3 
A: 26.5 27.5 32.4 32.8 31.8 35.6 36.4 33.3 35.6 29.8 32.0 29.9 30.7 29.3 33.7 
Phase: -14 16 34 -70 56 48 54 68 58 56 46 2 -30 0 55 

266.1: Count:   0.4 (  0.4) A:  32.5 [20-79] B:  22.1 [20-41] Phase: 41 (62) 
Count:   0.2   0.3   0.1   0.1   0.3   1.3   1.6   0.5   0.1   0.2   0.3   0.2   0.2   0.4   0.2 
A: 27.0 27.5 28.2 30.3 30.8 34.9 35.2 34.8 26.0 28.0 29.5 31.0 29.0 29.3 31.4 
Phase: 25 16 32 -50 71 44 54 52 -4 101 65 18 -32 2 87 

266.2: Count:   0.4 (  0.4) A:  32.6 [20-86] B:  22.1 [20-39] Phase: 43 (64) 
Count:   0.2   0.4   0.1   0.1   0.3   1.2   1.4   0.6   0.1   0.1   0.2   0.1   0.2   0.4   0.3 
A: 27.2 30.5 31.5 28.5 31.9 35.6 33.9 33.8 25.5 29.6 30.1 28.9 27.9 30.1 32.8 
Phase: -55 46 63 -168 75 48 47 37 76 63 46 0 16 13 62 

266.3: Count:   0.4 (  0.4) A:  32.4 [20-84] B:  22.0 [20-41] Phase: 42 (70) 
Count:   0.2   0.4   0.2   0.1   0.4   1.1   1.5   0.5   0.1   0.1   0.2   0.1   0.2   0.4   0.3 
A: 30.1 30.5 30.9 29.9 31.8 34.7 33.3 34.6 24.9 30.7 30.3 28.6 27.4 30.7 34.7 
Phase: -74 16 87 179 78 43 45 36 52 57 55 -19 -4 -4 68 

266.4: Count:   0.4 (  0.4) A:  32.6 [20-77] B:  22.0 [20-41] Phase: 37 (70) 
Count:   0.2   0.4   0.2   0.1   0.4   1.2   1.6   0.4   0.1   0.1   0.3   0.1   0.3   0.5   0.3 
A: 28.8 29.9 29.5 28.3 32.0 33.9 35.3 34.4 27.9 32.8 29.1 31.9 28.1 30.9 33.6 
Phase: 94 26 -36 -165 71 34 47 32 65 73 45 -8 11 6 55 

266.5: Count:   0.4 (  0.4) A:  32.7 [20-82] B:  22.0 [20-40] Phase: 35 (68) 
Count:   0.3   0.3   0.2   0.2   0.4   1.2   1.6   0.4   0.1   0.1   0.3   0.1   0.3   0.5   0.3 
A: 28.2 29.4 30.5 27.6 32.5 34.4 35.5 36.6 30.4 32.3 28.8 29.6 27.1 30.0 33.0 
Phase: 52 22 -38 -76 37 40 46 41 63 84 48 -19 6 -5 54 

266.6: Count:   0.4 (  0.4) A:  33.4 [20-85] B:  22.0 [20-36] Phase: 33 (66) 
Count:   0.2   0.4   0.3   0.2   0.4   1.2   1.5   0.3   0.1   0.1   0.2   0.1   0.3   0.5   0.3 
A: 32.6 29.9 30.5 27.5 31.9 34.7 37.5 38.0 37.3 34.1 27.7 26.8 27.1 29.2 31.6 
Phase: 33 28 -37 -76 29 38 47 40 47 62 18 -7 21 2 50 

266.7: Count:   0.4 (  0.4) A:  32.6 [20-74] B:  22.1 [20-37] Phase: 30 (70) 
Count:   0.3   0.3   0.1   0.2   0.3   1.2   1.6   0.5   0.2   0.1   0.2   0.1   0.3   0.5   0.3 
A: 28.3 30.8 27.0 27.8 32.0 35.5 35.4 35.3 33.7 29.3 29.1 28.2 25.6 29.5 31.1 
Phase: -34 -53 -118 -102 44 39 46 64 44 64 19 3 -12 0 47 

266.8: Count:   0.4 (  0.4) A:  32.5 [20-72] B:  22.2 [20-38] Phase: 36 (70) 
Count:   0.2   0.4   0.2   0.2   0.3   1.1   1.6   0.5   0.3   0.1   0.2   0.1   0.3   0.5   0.3 
A: 28.3 31.6 29.1 27.8 32.2 34.9 34.5 34.3 36.9 30.7 28.9 29.3 27.2 29.4 30.7 
Phase: -22 -51 -106 -66 19 44 51 57 49 26 31 22 -15 5 67 

266.9: Count:   0.4 (  0.4) A:  32.3 [20-73] B:  22.2 [20-39] Phase: 32 (68) 
Count:   0.2   0.3   0.2   0.2   0.4   1.1   1.6   0.6   0.3   0.1   0.2   0.1   0.3   0.5   0.3 
A: 28.9 34.1 29.7 27.3 31.8 34.6 34.4 32.7 34.7 26.0 29.1 29.3 26.6 30.5 29.8 
Phase: -71 -49 -65 -62 11 45 48 58 61 12 24 23 -5 7 68 

267.0: Count:   0.4 (  0.4) A:  33.1 [20-78] B:  22.0 [20-39] Phase: 31 (66) 
Count:   0.2   0.3   0.2   0.1   0.4   1.0   1.7   0.6   0.3   0.2   0.2   0.2   0.2   0.5   0.3 
A: 28.5 32.9 31.5 26.9 33.7 35.3 35.1 33.4 34.1 27.5 31.3 30.2 28.7 30.2 32.2 
Phase: -69 -22 -60 -61 15 41 46 53 71 16 27 23 -4 6 64 

267.1: Count:   0.4 (  0.4) A:  33.1 [20-76] B:  22.0 [20-38] Phase: 30 (67) 
Count:   0.2   0.4   0.2   0.1   0.4   1.0   1.7   0.6   0.3   0.2   0.2   0.2   0.3   0.6   0.3 
A: 29.9 33.6 31.4 26.6 32.9 34.8 35.7 33.4 33.9 28.6 32.7 30.1 28.2 29.9 32.8 
Phase: -56 -7 -52 -24 22 39 42 64 61 28 24 6 13 5 69 

267.2: Count:   0.5 (  0.4) A:  33.7 [20-79] B:  22.0 [20-38] Phase: 31 (71) 
Count:   0.3   0.3   0.2   0.2   0.5   1.1   1.8   0.7   0.3   0.2   0.2   0.2   0.2   0.6   0.4 
A: 31.5 33.2 29.3 31.2 33.2 34.6 37.1 34.2 31.5 30.2 28.3 28.9 27.1 31.8 35.0 
Phase: -69 -34 -82 -66 38 29 48 51 49 29 3 -7 -16 20 64 

267.3: Count:   0.5 (  0.4) A:  33.2 [20-83] B:  22.0 [20-36] Phase: 31 (71) 
Count:   0.3   0.3   0.2   0.2   0.5   1.0   1.7   0.8   0.3   0.2   0.2   0.2   0.3   0.5   0.4 
A: 31.2 33.6 30.2 31.3 30.9 35.1 35.9 33.1 31.9 30.7 30.3 29.1 27.1 31.2 35.2 
Phase: -31 -8 -74 -60 41 32 47 58 46 9 22 4 -18 21 64 

267.4: Count:   0.5 (  0.4) A:  32.8 [20-85] B:  22.1 [20-34] Phase: 25 (73) 
Count:   0.4   0.3   0.2   0.3   0.5   1.0   1.8   0.8   0.3   0.2   0.2   0.2   0.3   0.6   0.4 
A: 29.7 31.7 29.6 30.4 30.0 33.8 35.4 34.7 31.4 33.8 29.2 28.3 27.2 31.6 34.9 
Phase: -46 -13 -93 -55 31 33 41 67 52 26 12 23 -4 8 65 

267.5: Count:   0.5 (  0.4) A:  32.4 [20-84] B:  22.2 [20-34] Phase: 21 (74) 
Count:   0.4   0.3   0.2   0.2   0.4   0.9   1.7   0.7   0.2   0.2   0.2   0.2   0.4   0.7   0.4 
A: 29.0 29.9 28.2 30.0 30.7 34.0 35.4 35.5 30.8 31.2 28.0 28.6 25.5 30.1 34.7 
Phase: -61 -17 -125 -56 17 33 40 64 39 34 85 34 -6 -1 69 

267.6: Count:   0.5 (  0.4) A:  31.9 [20-72] B:  22.1 [20-35] Phase: 24 (75) 
Count:   0.3   0.4   0.3   0.2   0.4   0.9   1.7   0.7   0.3   0.3   0.2   0.2   0.4   0.7   0.5 
A: 27.4 29.6 27.8 27.8 31.0 33.6 35.1 35.6 29.3 29.6 28.2 29.5 26.1 30.2 33.6 
Phase: -51 2 -122 -67 35 32 37 60 34 42 87 59 -6 1 67 

267.7: Count:   0.5 (  0.4) A:  31.3 [20-71] B:  22.2 [20-35] Phase: 26 (72) 
Count:   0.3   0.3   0.2   0.2   0.4   1.0   1.6   0.7   0.3   0.3   0.2   0.2   0.3   0.7   0.6 
A: 27.8 33.1 26.5 27.7 30.6 33.0 33.5 31.8 31.2 26.4 29.3 29.6 28.1 29.8 32.6 
Phase: -27 -13 -33 -49 26 37 36 28 2 -8 47 45 -3 4 58 

267.8: Count:   0.4 (  0.3) A:  30.6 [20-70] B:  22.2 [20-36] Phase: 27 (71) 
Count:   0.3   0.3   0.2   0.1   0.4   0.8   1.5   0.6   0.3   0.3   0.2   0.2   0.4   0.6   0.5 
A: 26.1 32.2 25.4 26.3 30.6 33.1 32.5 32.2 30.9 27.0 29.3 28.4 26.1 29.5 31.2 
Phase: 39 29 -41 -58 27 34 37 38 1 27 10 58 -4 -5 53 

267.9: Count:   0.4 (  0.3) A:  30.3 [20-68] B:  22.2 [20-36] Phase: 25 (69) 
Count:   0.2   0.2   0.2   0.1   0.4   0.6   1.3   0.5   0.3   0.1   0.2   0.2   0.3   0.5   0.4 
A: 25.3 30.9 27.0 24.4 28.8 33.0 31.9 32.8 29.9 29.8 28.8 27.5 26.0 29.7 31.0 
Phase: 30 36 -44 -56 28 30 39 32 39 22 10 49 -19 0 51 

268.0: Count:   0.3 (  0.3) A:  29.6 [20-65] B:  22.2 [20-37] Phase: 22 (68) 
Count:   0.2   0.1   0.2   0.1   0.2   0.4   1.2   0.3   0.2   0.1   0.1   0.1   0.2   0.4   0.3 
A: 24.3 29.5 26.5 24.2 29.2 33.0 30.8 32.5 27.8 28.0 28.1 25.8 24.4 29.4 30.9 
Phase: 32 -1 -35 -61 -4 23 43 46 42 24 -3 57 -24 -1 56 

268.1: Count:   0.2 (  0.2) A:  29.7 [20-69] B:  22.0 [20-35] Phase: 37 (73) 
Count:   0.0   0.1   0.0   0.0   0.2   0.3   0.8   0.3   0.1   0.1   0.1   0.1   0.2   0.3   0.2 
A: 32.0 28.1 31.7 27.3 29.7 29.8 32.4 27.7 23.0 25.0 28.8 27.3 29.3 29.3 29.6 
Phase: 75 76 36 155 3 4 33 71 33 18 54 60 -17 -4 40 

268.2: Count:   0.1 (  0.2) A:  29.2 [20-68] B:  22.1 [20-35] Phase: 26 (71) 
Count:   0.0   0.0   0.0   0.0   0.1   0.2   0.6   0.1   0.0   0.0   0.0   0.1   0.1   0.3   0.1 
A: 31.6 24.3 31.3 25.6 28.5 28.8 31.6 23.5 27.1 23.8 25.8 28.8 29.6 28.5 29.9 
Phase: 74 138 51 -163 11 21 21 88 70 -18 4 56 -27 10 42 

268.3: Count:   0.1 (  0.1) A:  28.6 [20-66] B:  22.4 [20-33] Phase: 28 (69) 
Count:   0.0   0.0   0.0   0.0   0.0   0.1   0.4   0.1   0.0   0.0   0.0   0.0   0.1   0.2   0.1 
A: 25.5 22.9 32.2 21.0 28.1 29.9 30.9 26.7 22.5 22.5 25.7 23.7 30.0 26.2 26.9 
Phase: 72 142 12 -127 -3 41 22 98 55 -14 49 26 -31 6 83 

268.4: Count:   0.0 (  0.1) A:  28.3 [20-62] B:  22.4 [20-34] Phase: 18 (70) 
Count:   0.0   0.0   0.0   0.0   0.0   0.0   0.3   0.0   0.0   0.0   0.0   0.0   0.1   0.2   0.1 
A: * * 30.0 * 32.4 29.3 29.8 27.8 20.8 20.0 25.3 20.0 32.7 25.8 23.6 
Phase: * * 20 * 1 47 12 -19 -8 54 38 4 33 -35 115 

268.5: Count:   0.0 (  0.1) A:  26.1 [20-52] B:  22.5 [20-34] Phase: 9 (71) 
Count:   0.0   0.0   0.0   0.0   0.0   0.0   0.2   0.0   0.0   0.0   0.0   0.0   0.1   0.1   0.0 
Phase: * * 32 * -93 18 1 41 * * 20 * 46 -40 44 

268.6: Count:   0.0 (  0.0) A:  25.8 [20-39] B:  22.4 [20-37] Phase: -109 (97) 
Count:   0.0   0.0   0.0   0.0   0.0   0.0   0.1   0.0   0.0   0.0   0.0   0.0   0.0   0.0   0.0 
Phase: * -54 * * 9 -35 -114 * * * -79 96 -70 99 40 

268.7: Count:   0.0 (  0.0) A:  26.7 [20-41] B:  22.4 [20-41] Phase: -62 (74) 
Count:   0.0   0.0   0.0   0.0   0.0   0.0   0.1   0.0   0.0   0.0   0.0   0.0   0.0   0.0   0.0 
Phase: * 26 * * * * -57 * * * -59 * -67 -78 -45 

268.8: Count:   0.0 (  0.0) A:  26.4 [20-41] B:  22.5 [20-43] Phase: -41 (64) 
Count:   0.0   0.0   0.0   0.0   0.0   0.0   0.1   0.0   0.0   0.0   0.0   0.0   0.0   0.0   0.0 
Phase: * * * * * * -39 * * * -9 * -55 -42 * 

268.9: Count:   0.0 (  0.0) A:  26.5 [20-38] B:  22.5 [20-42] Phase: 13 (76) 
Count:   0.0   0.0   0.0   0.0   0.0   0.0   0.1   0.0   0.0   0.0   0.0   0.0   0.0   0.0   0.0 
Phase: * * * * * * 16 * * * -43 * 61 -43 * 

269.0: Count:   0.0 (  0.0) A:  24.3 [20-31] B:  23.0 [20-38] Phase: -149 (88) 
Count:   0.0   0.0   0.0   0.0   0.0   0.0   0.1   0.0   0.0   0.0   0.0   0.0   0.0   0.0   0.0 
Phase: * * * * * * 178 * * * 19 * 170 -61 * 

269.1: Count:   0.0 (  0.0) A:  26.4 [21-30] B:  25.6 [20-30] Phase: -125 (89) 
Count:   0.0   0.0   0.0   0.0   0.0   0.0   0.0   0.0   0.0   0.0   0.0   0.0   0.0   0.0   0.0 
Phase: * * * * * * -166 * * * -109 * -41 -77 * 

269.2: Count:   0.0 (  0.0) A:  27.9 [20-34] B:  24.1 [20-27] Phase: 11 (86) 
Count:   0.0   0.0   0.0   0.0   0.0   0.0   0.1   0.0   0.0   0.0   0.0   0.0   0.0   0.0   0.0 
Phase: * * * * * * 18 * * * -89 * -26 -83 * 

269.3: Count:   0.0 (  0.0) A:  27.5 [20-30] B:  23.2 [21-26] Phase: 23 (84) 
Count:   0.0   0.0   0.0   0.0   0.0   0.0   0.1   0.0   0.0   0.0   0.0   0.0   0.0   0.0   0.0 
Phase: * * * * * * 17 * * * -54 * -16 57 * 

269.4: Count:   0.0 (  0.0) A:  24.8 [21-27] B:  21.3 [20-27] Phase: -128 (93) 
Count:   0.0   0.0   0.0   0.0   0.0   0.0   0.0   0.0   0.0   0.0   0.0   0.0   0.0   0.0   0.0 
Phase: * * * * * * -171 * * * 35 * -67 99 * 

269.5: Count:   0.0 (  0.0) A:  22.3 [21-27] B:  22.5 [20-27] Phase: -147 (53) 
Count:   0.0   0.0   0.0   0.0   0.0   0.0   0.0   0.0   0.0   0.0   0.0   0.0   0.0   0.0   0.0 
Phase: * * * * * * -147 * * * -131 * -108 178 * 

269.6: Count:   0.0 (  0.0) A:  22.1 [20-34] B:  24.6 [20-29] Phase: -76 (73) 
Count:   0.0   0.0   0.0   0.0   0.0   0.0   0.0   0.0   0.0   0.0   0.0   0.0   0.0   0.0   0.0 
Phase: * * * * -142 * * * * * 99 * -98 -62 * 

269.7: Count:   0.0 (  0.0) A:  32.4 [21-50] B:  23.4 [20-29] Phase: -43 (69) 
Count:   0.0   0.0   0.0   0.0   0.0   0.0   0.0   0.0   0.0   0.0   0.0   0.0   0.0   0.0   0.0 
Phase: * -7 * * * * 15 * * * 92 * -91 -91 * 

269.8: Count:   0.0 (  0.0) A:  32.6 [21-51] B:  22.1 [20-28] Phase: -10 (74) 
Count:   0.0   0.0   0.0   0.0   0.0   0.0   0.0   0.0   0.0   0.0   0.0   0.0   0.0   0.0   0.0 
Phase: * -7 * * * * 11 * * * -31 * -64 -117 * 

269.9: Count:   0.0 (  0.0) A:  27.0 [20-49] B:  23.4 [21-27] Phase: -72 (92) 
Count:   0.0   0.0   0.0   0.0   0.0   0.0   0.0   0.0   0.0   0.0   0.0   0.0   0.0   0.0   0.0 
Phase: * -7 * * * * * * * * -36 * -59 169 * 

270.0: Count:   0.0 (  0.0) A:  26.5 [23-36] B:  22.7 [22-26] Phase: -33 (76) 
Phase: * * * * * * * * * * -35 * -6 -62 * 

270.1: Count:   0.0 (  0.0) A:  30.4 [20-47] B:  21.0 [20-23] Phase: 19 (82) 
Count:   0.0   0.0   0.0   0.0   0.0   0.0   0.0   0.0   0.0   0.0   0.0   0.0   0.0   0.0   0.0 
Phase: * 25 * * * * * * * * 6 * 20 20 * 

270.2: Count:   0.0 (  0.0) A:  33.2 [22-50] B:  21.6 [20-23] Phase: 22 (54) 
Count:   0.0   0.0   0.0   0.0   0.0   0.0   0.0   0.0   0.0   0.0   0.0   0.0   0.0   0.0   0.0 
Phase: * 17 * * * * 3 * * * 18 * 55 39 * 

270.3: Count:   0.0 (  0.0) A:  32.3 [20-47] B:  22.7 [20-25] Phase: -40 (68) 
Count:   0.0   0.0   0.0   0.0   0.0   0.0   0.1   0.0   0.0   0.0   0.0   0.0   0.0   0.0   0.0 
Phase: * 16 * * * * -44 * * * 93 * -28 -28 * 

270.4: Count:   0.0 (  0.0) A:  30.5 [20-42] B:  22.4 [20-25] Phase: -38 (61) 
Count:   0.0   0.0   0.0   0.0   0.0   0.0   0.1   0.0   0.0   0.0   0.0   0.0   0.0   0.0   0.0 
Phase: * 13 * * * * -39 * * * -103 * -29 -29 * 

270.5: Count:   0.0 (  0.0) A:  26.5 [21-32] B:  21.9 [20-25] Phase: -20 (91) 
Count:   0.0   0.0   0.0   0.0   0.0   0.0   0.0   0.0   0.0   0.0   0.0   0.0   0.0   0.0   0.0 
Phase: * * * * * * -15 * * * 169 * 14 -122 * 

270.6: Count:   0.0 (  0.0) A:  24.7 [20-41] B:  21.7 [20-29] Phase: 0 (71) 
Count:   0.0   0.0   0.0   0.0   0.0   0.0   0.0   0.0   0.0   0.0   0.0   0.0   0.0   0.0   0.0 
Phase: * -4 * * * * -2 * * 0 -112 * 12 0 * 

270.7: Count:   0.0 (  0.0) A:  24.7 [20-45] B:  22.9 [20-30] Phase: -3 (67) 
Count:   0.0   0.0   0.0   0.0   0.0   0.0   0.1   0.0   0.0   0.0   0.0   0.0   0.0   0.0   0.0 
Phase: * -3 * * * * -3 * * 1 -135 * 100 100 * 

270.8: Count:   0.0 (  0.0) A:  25.4 [20-45] B:  23.0 [20-30] Phase: -16 (47) 
Count:   0.0   0.0   0.0   0.0   0.0   0.0   0.1   0.0   0.0   0.0   0.0   0.0   0.0   0.0   0.0 
Phase: * -3 * * * * -15 * * -1 129 * -1 -19 * 

270.9: Count:   0.0 (  0.0) A:  26.4 [20-31] B:  22.4 [20-27] Phase: 18 (63) 
Count:   0.0   0.0   0.0   0.0   0.0   0.0   0.0   0.0   0.0   0.0   0.0   0.0   0.0   0.0   0.0 
Phase: * * * * * * -14 * * * 122 * 48 70 * 

271.0: Count:   0.0 (  0.0) A:  23.5 [20-26] B:  22.9 [20-24] Phase: 24 (44) 
Count:   0.0   0.0   0.0   0.0   0.0   0.0   0.0   0.0   0.0   0.0   0.0   0.0   0.0   0.0   0.0 
Phase: * * * * * * 14 * * * -121 * 78 42 * 

271.1: Count:   0.0 (  0.0) A:  29.8 [22-43] B:  24.0 [20-29] Phase: 155 (58) 
Phase: * * * * -171 * * * * * 1 * * 175 * 

271.2: Count:   0.0 (  0.0) A:  31.5 [21-50] B:  22.5 [20-30] Phase: 77 (85) 
Count:   0.0   0.0   0.0   0.0   0.0   0.0   0.0   0.0   0.0   0.0   0.0   0.0   0.0   0.0   0.0 
Phase: * 13 * * -173 * 87 * * * -8 * 7 87 * 

271.3: Count:   0.0 (  0.0) A:  32.0 [21-52] B:  23.1 [20-30] Phase: 54 (80) 
Count:   0.0   0.0   0.0   0.0   0.0   0.0   0.0   0.0   0.0   0.0   0.0   0.0   0.0   0.0   0.0 
Phase: * 20 * * -177 * 75 * * * 1 * -5 59 * 

271.4: Count:   0.0 (  0.0) A:  31.3 [22-50] B:  23.1 [20-29] Phase: 57 (85) 
Count:   0.0   0.0   0.0   0.0   0.0   0.0   0.0   0.0   0.0   0.0   0.0   0.0   0.0   0.0   0.0 
Phase: * 28 * * 179 * 61 * * * 8 * -23 77 * 

271.5: Count:   0.0 (  0.0) A:  29.0 [24-36] B:  23.3 [20-31] Phase: 60 (39) 
Count:   0.0   0.0   0.0   0.0   0.0   0.0   0.0   0.0   0.0   0.0   0.0   0.0   0.0   0.0   0.0 
Phase: * * * * * * 53 * * * * * 29 83 * 

271.6: Count:   0.0 (  0.0) A:  27.8 [21-40] B:  24.1 [20-30] Phase: 44 (47) 
Count:   0.0   0.0   0.0   0.0   0.0   0.0   0.0   0.0   0.0   0.0   0.0   0.0   0.0   0.0   0.0 
Phase: * * * * * * 21 * * * 166 * 27 78 * 

271.7: Count:   0.0 (  0.0) A:  29.1 [21-42] B:  24.5 [20-31] Phase: 32 (54) 
Count:   0.0   0.0   0.0   0.0   0.0   0.0   0.0   0.0   0.0   0.0   0.0   0.0   0.0   0.0   0.0 
Phase: * * * * * * 5 * * * 87 * 12 75 * 

271.8: Count:   0.0 (  0.0) A:  28.6 [20-40] B:  24.2 [20-30] Phase: 22 (62) 
Count:   0.0   0.0   0.0   0.0   0.0   0.0   0.0   0.0   0.0   0.0   0.0   0.0   0.0   0.0   0.0 
Phase: * * * * * * -13 * * * 172 * 6 72 * 

271.9: Count:   0.0 (  0.0) A:  27.7 [22-36] B:  23.6 [20-28] Phase: 21 (76) 
Count:   0.0   0.0   0.0   0.0   0.0   0.0   0.0   0.0   0.0   0.0   0.0   0.0   0.0   0.0   0.0 
Phase: * * * * * * -30 * * * 172 * 16 84 * 

272.0: Count:   0.0 (  0.0) A:  27.8 [20-40] B:  22.0 [20-27] Phase: 29 (61) 
Count:   0.0   0.0   0.0   0.0   0.0   0.0   0.1   0.0   0.0   0.0   0.0   0.0   0.0   0.0   0.0 
Phase: * 51 * * -167 * 21 * * * 90 * 45 9 * 

272.1: Count:   0.0 (  0.0) A:  29.2 [21-46] B:  22.8 [20-27] Phase: 17 (58) 
Count:   0.0   0.0   0.0   0.0   0.0   0.0   0.1   0.0   0.0   0.0   0.0   0.0   0.0   0.0   0.0 
Phase: * * * * * * 17 * * * 18 * -2 76 * 

272.2: Count:   0.0 (  0.0) A:  29.3 [20-49] B:  22.9 [20-26] Phase: -7 (71) 
Count:   0.0   0.0   0.0   0.0   0.0   0.0   0.1   0.0   0.0   0.0   0.0   0.0   0.0   0.0   0.0 
Phase: * * * * * * 14 * * * 15 * -17 94 * 

272.3: Count:   0.0 (  0.0) A:  29.6 [20-48] B:  22.7 [20-25] Phase: 23 (47) 
Count:   0.0   0.0   0.0   0.0   0.0   0.0   0.1   0.0   0.0   0.0   0.0   0.0   0.0   0.0   0.0 
Phase: * * * * * * 7 * * * 25 * 14 67 * 

272.4: Count:   0.0 (  0.0) A:  27.4 [20-43] B:  22.6 [20-27] Phase: 17 (42) 
Count:   0.0   0.0   0.0   0.0   0.0   0.0   0.0   0.0   0.0   0.0   0.0   0.0   0.0   0.0   0.0 
Phase: * * * * * * 22 * * * * * -1 31 * 

272.5: Count:   0.0 (  0.0) A:  26.2 [23-33] B:  24.7 [20-29] Phase: 59 (67) 
Count:   0.0   0.0   0.0   0.0   0.0   0.0   0.0   0.0   0.0   0.0   0.0   0.0   0.0   0.0   0.0 
Phase: * 55 * * * * 13 * * * 113 * 84 60 * 

272.6: Count:   0.0 (  0.0) A:  27.7 [21-37] B:  24.2 [20-30] Phase: 29 (44) 
Count:   0.0   0.0   0.0   0.0   0.0   0.0   0.0   0.0   0.0   0.0   0.0   0.0   0.0   0.0   0.0 
Phase: * 34 * * * * 8 * * * 96 * 43 21 * 

272.7: Count:   0.0 (  0.0) A:  27.5 [20-39] B:  24.1 [20-30] Phase: 19 (52) 
Count:   0.0   0.0   0.0   0.0   0.0   0.0   0.0   0.0   0.0   0.0   0.0   0.0   0.0   0.0   0.0 
Phase: * 9 * * * * 7 * * * 87 * 37 16 * 

272.8: Count:   0.0 (  0.0) A:  27.0 [20-37] B:  22.6 [20-27] Phase: -24 (58) 
Count:   0.0   0.0   0.0   0.0   0.0   0.0   0.0   0.0   0.0   0.0   0.0   0.0   0.0   0.0   0.0 
Phase: * -2 * * * * -12 * * * 78 * -48 15 * 

272.9: Count:   0.0 (  0.0) A:  24.3 [20-33] B:  22.3 [20-24] Phase: 3 (26) 
Count:   0.0   0.0   0.0   0.0   0.0   0.0   0.0   0.0   0.0   0.0   0.0   0.0   0.0   0.0   0.0 
Phase: * -29 * * * * 10 * * * -25 * 4 -3 * 

273.0: Count:   0.0 (  0.0) A:  25.9 [20-37] B:  20.5 [20-23] Phase: 90 (67) 
Phase: * 90 * * * * * * * * 77 * 143 82 * 

273.1: Count:   0.0 (  0.0) A:  26.1 [21-44] B:  22.0 [20-27] Phase: 85 (77) 
Count:   0.0   0.0   0.0   0.0   0.0   0.0   0.0   0.0   0.0   0.0   0.0   0.0   0.0   0.0   0.0 
Phase: * 75 * * * * 20 * * * 89 * 101 122 * 

273.2: Count:   0.0 (  0.0) A:  23.7 [20-48] B:  21.8 [20-29] Phase: 90 (85) 
Count:   0.0   0.0   0.0   0.0   0.0   0.0   0.1   0.0   0.0   0.0   0.0   0.0   0.0   0.0   0.0 
Phase: * * * * * * 68 * * * 168 * 100 109 * 

273.3: Count:   0.0 (  0.0) A:  22.4 [20-47] B:  21.5 [20-30] Phase: 86 (85) 
Count:   0.0   0.0   0.0   0.0   0.0   0.0   0.1   0.0   0.0   0.0   0.0   0.0   0.0   0.0   0.0 
Phase: * * * * * * -61 * * * 167 * 116 132 30 

273.4: Count:   0.0 (  0.0) A:  22.1 [20-33] B:  21.9 [20-29] Phase: -97 (86) 
Phase: * * * * * * -32 * * * 48 * 174 147 * 

273.5: Count:   0.0 (  0.0) A:  25.7 [21-32] B:  21.1 [20-24] Phase: 78 (66) 
Count:   0.0   0.0   0.0   0.0   0.0   0.0   0.1   0.0   0.0   0.0   0.0   0.0   0.0   0.0   0.0 
Phase: 70 * * * -149 * 81 * * * * * 82 43 * 

273.6: Count:   0.0 (  0.0) A:  27.0 [21-50] B:  22.9 [20-32] Phase: 84 (69) 
Count:   0.0   0.0   0.0   0.0   0.0   0.0   0.1   0.0   0.0   0.0   0.0   0.0   0.0   0.0   0.0 
Phase: 75 * * * * * 78 * * * 22 * 99 100 * 

273.7: Count:   0.0 (  0.0) A:  28.3 [20-52] B:  23.2 [20-32] Phase: 63 (79) 
Count:   0.0   0.0   0.0   0.0   0.0   0.0   0.1   0.0   0.0   0.0   0.0   0.0   0.0   0.0   0.0 
Phase: * * * * * * -28 * * * 16 * 72 90 * 

273.8: Count:   0.0 (  0.0) A:  27.8 [20-50] B:  22.8 [20-30] Phase: -84 (86) 
Count:   0.0   0.0   0.0   0.0   0.0   0.0   0.1   0.0   0.0   0.0   0.0   0.0   0.0   0.0   0.0 
Phase: * * * * * * -80 * * * 13 * 80 87 * 

273.9: Count:   0.0 (  0.0) A:  22.5 [20-30] B:  21.6 [20-28] Phase: -105 (67) 
Count:   0.0   0.0   0.0   0.0   0.0   0.0   0.1   0.0   0.0   0.0   0.0   0.0   0.0   0.0   0.0 
Phase: * * * * * * -109 * * * -9 * -100 -100 * 

274.0: Count:   0.0 (  0.0) A:  22.4 [20-28] B:  21.3 [20-26] Phase: 86 (84) 
Count:   0.0   0.0   0.0   0.0   0.0   0.0   0.0   0.0   0.0   0.0   0.0   0.0   0.0   0.0   0.0 
Phase: * * * * 52 * * * * * 20 * -142 91 * 

274.1: Count:   0.0 (  0.0) A:  26.5 [23-29] B:  21.9 [20-28] Phase: -52 (81) 
Phase: * * * * * * * * * * 3 * -93 55 * 

274.2: Count:   0.0 (  0.0) A:  25.5 [20-31] B:  21.1 [20-28] Phase: 84 (90) 
Count:   0.0   0.0   0.0   0.0   0.0   0.0   0.0   0.0   0.0   0.0   0.0   0.0   0.0   0.0   0.0 
Phase: * 2 * * * * * * * * -2 * -107 88 * 

274.3: Count:   0.0 (  0.0) A:  25.6 [21-30] B:  21.0 [20-25] Phase: -66 (87) 
Count:   0.0   0.0   0.0   0.0   0.0   0.0   0.0   0.0   0.0   0.0   0.0   0.0   0.0   0.0   0.0 
Phase: * 8 * * * * * * * * -9 * 95 95 -16 

274.4: Count:   0.0 (  0.0) A:  21.9 [21-26] B:  20.6 [20-26] Phase: -38 (79) 
Phase: * * * * * * * * * * -22 * -39 -39 -25 

274.5: Count:   0.0 (  0.0) A:  24.7 [20-39] B:  20.3 [20-24] Phase: 34 (74) 
Count:   0.0   0.0   0.0   0.0   0.0   0.0   0.0   0.0   0.0   0.0   0.0   0.0   0.0   0.0   0.0 
Phase: * -173 * * * * -29 * * * 31 * * 74 -6 

274.6: Count:   0.0 (  0.0) A:  25.4 [20-34] B:  22.8 [20-24] Phase: 37 (63) 
Count:   0.0   0.0   0.0   0.0   0.0   0.0   0.0   0.0   0.0   0.0   0.0   0.0   0.0   0.0   0.0 
Phase: * -173 * * * * -14 * * * -10 * 28 94 -9 

274.7: Count:   0.0 (  0.0) A:  29.1 [20-39] B:  23.3 [20-29] Phase: 67 (87) 
Count:   0.0   0.0   0.0   0.0   0.0   0.0   0.0   0.0   0.0   0.0   0.0   0.0   0.0   0.0   0.0 
Phase: * -174 * * * * 0 * * * -68 * 89 125 8 

274.8: Count:   0.0 (  0.0) A:  31.2 [21-41] B:  22.7 [20-28] Phase: 46 (79) 
Count:   0.0   0.0   0.0   0.0   0.0   0.0   0.0   0.0   0.0   0.0   0.0   0.0   0.0   0.0   0.0 
Phase: * -171 * * * * 13 * * * -25 * 85 85 84 

274.9: Count:   0.0 (  0.0) A:  29.4 [21-32] B:  21.0 [20-25] Phase: -15 (49) 
Count:   0.0   0.0   0.0   0.0   0.0   0.0   0.0   0.0   0.0   0.0   0.0   0.0   0.0   0.0   0.0 
Phase: * -172 * * * * -14 * * * 19 * -3 -3 * 

275.0: Count:   0.0 (  0.0) A:  28.3 [26-33] B:  20.0 [20-20] Phase: 62 (26) 
Phase: * * * * * * * * * * 62 * * * * 

275.1: Count:   0.0 (  0.0) A:  23.4 [21-37] B:  20.7 [20-23] Phase: -57 (77) 
Phase: * * * * * * * * * * 2 * * -72 * 

275.2: Count:   0.0 (  0.0) A:  24.0 [23-25] B:  21.6 [21-22] Phase: -67 (81) 
Phase: * * * * * * * * * * 9 * * -79 * 

275.3: Count:   0.0 (  0.0) A:  23.9 [23-25] B:  22.0 [21-23] Phase: -69 (81) 
Phase: * * * * * * * * * * 18 * * -84 * 

275.4: Count:   0.0 (  0.0) A:  22.5 [21-23] B:  20.8 [20-21] Phase: 155 (72) 
Phase: * * * * * * * * * * 31 * * -163 * 

275.6: Count:   0.0 (  0.0) A:  25.6 [22-26] B:  20.0 [20-20] Phase: 143 (37) 
Phase: * * * * * * * * 33 * * * 155 155 * 

275.7: Count:   0.0 (  0.0) A:  26.0 [23-28] B:  20.8 [20-21] Phase: 172 (33) 
Phase: * * * * * * * * 21 * * * 171 -175 * 

275.8: Count:   0.0 (  0.0) A:  26.1 [22-30] B:  20.1 [20-21] Phase: 172 (44) 
Phase: * * * * * * * * 16 * -169 * -178 -175 * 

276.0: Count:   0.0 (  0.0) A:  25.0 [25-25] B:  20.0 [20-20] Phase: 83 (0) 
276.1: Count:   0.0 (  0.0) A:  26.0 [26-26] B:  20.0 [20-20] Phase: 15 (0) 
276.2: Count:   0.0 (  0.0) A:  27.0 [27-27] B:  20.0 [20-20] Phase: 2 (0) 
276.3: Count:   0.0 (  0.0) A:  26.2 [26-27] B:  20.0 [20-20] Phase: -48 (67) 
Count:   0.0   0.0   0.0   0.0   0.0   0.0   0.0   0.0   0.0   0.0   0.0   0.0   0.0   0.0   0.0 
Phase: * * * * * * -11 * * * * * * -168 * 

276.5: Count:   0.0 (  0.0) A:  21.8 [21-26] B:  20.3 [20-24] Phase: 104 (56) 
Phase: * 42 * * * * * * * * * -42 134 134 * 

276.6: Count:   0.0 (  0.0) A:  22.0 [22-22] B:  20.0 [20-20] Phase: -177 (0) 
276.7: Count:   0.0 (  0.0) A:  23.4 [20-24] B:  20.5 [20-22] Phase: 52 (82) 
Phase: * * * * * * * * 175 * * * -2 -2 * 

276.8: Count:   0.0 (  0.0) A:  22.0 [20-24] B:  21.5 [21-22] Phase: 179 (5) 
276.9: Count:   0.0 (  0.0) A:  22.0 [22-22] B:  21.0 [21-21] Phase: 169 (0) 
277.1: Count:   0.0 (  0.0) A:  24.3 [21-25] B:  23.5 [23-26] Phase: 83 (45) 
Phase: * * * * * * * * -12 * * * 104 104 * 

277.2: Count:   0.0 (  0.0) A:  21.5 [21-22] B:  24.0 [20-28] Phase: -9 (6) 
Phase: * * * * * * * * -16 * -3 * * * * 

277.3: Count:   0.0 (  0.0) A:  21.5 [21-22] B:  24.5 [20-29] Phase: -14 (10) 
Phase: * * * * * * * * -25 * -4 * * * * 

277.4: Count:   0.0 (  0.0) A:  20.8 [20-21] B:  24.1 [20-25] Phase: -96 (44) 
Phase: * * * * * * * * * * -4 * -117 -117 * 

277.5: Count:   0.0 (  0.0) A:  31.0 [31-31] B:  21.0 [21-21] Phase: -95 (0) 
277.6: Count:   0.0 (  0.0) A:  24.0 [24-24] B:  20.0 [20-20] Phase: 47 (0) 
277.7: Count:   0.0 (  0.0) A:  21.7 [20-34] B:  22.4 [20-23] Phase: -9 (2) 
277.8: Count:   0.0 (  0.0) A:  22.5 [21-36] B:  22.1 [20-23] Phase: -40 (71) 
Phase: * 175 * * * * -6 * -1 * * * * * * 

277.9: Count:   0.0 (  0.0) A:  22.0 [22-22] B:  21.0 [21-21] Phase: 151 (0) 
278.0: Count:   0.0 (  0.0) A:  22.0 [20-24] B:  20.5 [20-21] Phase: 60 (81) 
Phase: * 141 * * * * * * * * -21 * * * * 

278.1: Count:   0.0 (  0.0) A:  32.0 [32-32] B:  21.0 [21-21] Phase: 87 (0) 
278.2: Count:   0.0 (  0.0) A:  28.3 [20-37] B:  20.2 [20-21] Phase: 92 (84) 
Phase: * 0 * * * * * * * * 178 * 171 61 * 

278.3: Count:   0.0 (  0.0) A:  29.0 [20-37] B:  20.5 [20-22] Phase: -82 (89) 
Phase: * -4 * * * * * * * * -177 * -165 78 * 

278.4: Count:   0.0 (  0.0) A:  26.6 [20-35] B:  20.8 [20-21] Phase: 130 (90) 
Phase: * -6 * * * * * * * * -174 * -132 119 * 

278.5: Count:   0.0 (  0.0) A:  29.0 [21-33] B:  20.3 [20-21] Phase: -92 (95) 
Phase: * -55 * * * * * * * * -171 * -40 133 * 

278.6: Count:   0.0 (  0.0) A:  26.7 [20-31] B:  20.4 [20-25] Phase: 79 (35) 
Phase: * * * * * * 74 * 156 * 9 * * * * 

278.7: Count:   0.0 (  0.0) A:  28.0 [21-34] B:  22.5 [21-25] Phase: 92 (83) 
Phase: * * * * * * * * 174 * 9 * * * * 

278.8: Count:   0.0 (  0.0) A:  33.2 [21-43] B:  21.5 [20-23] Phase: 58 (84) 
Phase: * * * * -13 * * * 176 * 12 * * * * 

278.9: Count:   0.0 (  0.0) A:  32.2 [22-41] B:  21.0 [20-22] Phase: 56 (85) 
Phase: * * * * -16 * * * 175 * 10 * * * * 

279.1: Count:   0.0 (  0.0) A:  28.0 [28-28] B:  20.0 [20-20] Phase: -169 (0) 
279.2: Count:   0.0 (  0.0) A:  22.2 [20-30] B:  21.1 [21-22] Phase: 117 (77) 
Phase: * * * * * * * * * * -170 * 170 66 * 

279.3: Count:   0.0 (  0.0) A:  24.4 [20-31] B:  20.9 [20-23] Phase: -23 (54) 
Phase: * * * * * * -8 * 175 * -174 * * 10 * 

279.4: Count:   0.0 (  0.0) A:  24.6 [24-29] B:  20.8 [20-23] Phase: -16 (45) 
Count:   0.0   0.0   0.0   0.0   0.0   0.0   0.0   0.0   0.0   0.0   0.0   0.0   0.0   0.0   0.0 
Phase: * * * * * * -9 * * * -172 * * 12 * 

279.5: Count:   0.0 (  0.0) A:  23.8 [23-26] B:  21.5 [20-22] Phase: 53 (75) 
Phase: * * * * * * * * * * -176 * * 10 * 

279.6: Count:   0.0 (  0.0) A:  24.5 [24-25] B:  20.5 [20-21] Phase: 26 (20) 
Phase: * * * * 6 * * * * * 47 * * * * 

279.7: Count:   0.0 (  0.0) A:  34.8 [22-39] B:  21.6 [21-25] Phase: 9 (7) 
Phase: * * * * 6 * * * * * 25 * 7 7 * 

279.8: Count:   0.0 (  0.0) A:  35.2 [20-42] B:  23.5 [22-27] Phase: 2 (2) 
279.9: Count:   0.0 (  0.0) A:  37.5 [23-42] B:  24.0 [21-27] Phase: -5 (6) 
Phase: * * * * 8 * * * * * -6 * -8 -8 * 

280.0: Count:   0.0 (  0.0) A:  37.2 [29-39] B:  23.5 [23-26] Phase: -13 (10) 
Phase: * * * * 7 * * * * * * * -18 -18 * 

280.1: Count:   0.0 (  0.0) A:  29.8 [20-33] B:  20.5 [20-22] Phase: -30 (25) 
Phase: * * * * 10 * * * * * -80 * -28 -28 * 

280.2: Count:   0.0 (  0.0) A:  25.8 [25-26] B:  21.2 [21-22] Phase: 25 (22) 
Phase: * -21 * * * * * * * * * * 36 36 * 

280.3: Count:   0.0 (  0.0) A:  29.4 [23-40] B:  21.9 [20-25] Phase: 18 (12) 
Phase: * -6 * * 3 * * * * * 25 * 25 25 * 

280.4: Count:   0.0 (  0.0) A:  29.6 [24-40] B:  22.1 [20-26] Phase: 12 (10) 
Phase: * 3 * * 1 * * * -15 * 23 * 18 18 * 

280.5: Count:   0.0 (  0.0) A:  26.2 [20-32] B:  21.0 [20-24] Phase: 18 (58) 
Phase: * 13 * * * * * * -66 * 131 * 13 13 * 

280.6: Count:   0.0 (  0.0) A:  24.7 [20-31] B:  20.6 [20-24] Phase: 9 (59) 
Phase: * 27 * * * * * * -54 * 131 * -8 -8 * 

280.7: Count:   0.0 (  0.0) A:  22.3 [21-29] B:  20.4 [20-24] Phase: -109 (45) 
Phase: * * * * * * * * 167 * * * * -85 * 

280.8: Count:   0.0 (  0.0) A:  24.1 [23-32] B:  20.5 [20-24] Phase: 18 (58) 
Phase: * * * * * * * * 172 * * * * -4 * 

280.9: Count:   0.0 (  0.0) A:  22.4 [20-33] B:  21.3 [20-24] Phase: 63 (75) 
Phase: * * * * * * * * 112 * 172 * * 11 * 

281.0: Count:   0.0 (  0.0) A:  24.3 [20-32] B:  20.4 [20-22] Phase: 62 (63) 
Phase: * * * * * * * * 86 * 160 * * 27 * 

281.1: Count:   0.0 (  0.0) A:  22.8 [20-29] B:  20.7 [20-21] Phase: 49 (27) 
Phase: * * * * * * 49 * 173 * * * * 33 * 

281.3: Count:   0.0 (  0.0) A:  27.0 [22-42] B:  20.3 [20-21] Phase: -134 (77) 
Phase: * * * * * * * * -88 * -180 * * * * 

281.4: Count:   0.0 (  0.0) A:  29.7 [23-44] B:  20.3 [20-23] Phase: 38 (71) 
Phase: * * * * * * * * -88 * 93 * 2 2 * 

281.5: Count:   0.0 (  0.0) A:  29.8 [21-44] B:  20.5 [20-23] Phase: 41 (44) 
Phase: * * * 14 * * * * -86 * * * 32 32 * 

281.6: Count:   0.0 (  0.0) A:  28.3 [27-40] B:  21.0 [21-21] Phase: 41 (12) 
Phase: * * * * * * * * 5 * * * 45 45 * 

281.7: Count:   0.0 (  0.0) A:  25.0 [25-25] B:  22.0 [22-22] Phase: 31 (0) 
281.8: Count:   0.0 (  0.0) A:  23.0 [23-23] B:  24.0 [23-25] Phase: 0 (19) 
Phase: * * * * * * * * 19 * * * * -20 * 

281.9: Count:   0.0 (  0.0) A:  26.0 [22-28] B:  23.0 [21-26] Phase: -88 (89) 
Phase: * * * * * * * * 4 * -177 * * -4 * 

282.0: Count:   0.0 (  0.0) A:  26.8 [25-28] B:  23.3 [21-27] Phase: 83 (88) 
Phase: * * * * * * * * -14 * 171 * * 6 * 

282.1: Count:   0.0 (  0.0) A:  26.5 [24-29] B:  24.0 [23-25] Phase: -2 (22) 
Phase: * * * * * * * * -25 * * * * 20 * 

282.2: Count:   0.0 (  0.0) A:  24.3 [20-35] B:  21.5 [20-24] Phase: -46 (53) 
Phase: * * * * * * * * -30 * -94 * * 33 * 

282.4: Count:   0.0 (  0.0) A:  20.0 [20-20] B:  20.0 [20-20] Phase: -174 (0) 
282.5: Count:   0.0 (  0.0) A:  49.1 [20-54] B:  20.0 [20-20] Phase: -22 (63) 
Phase: * * * * * * * * -177 * * * * 3 * 

282.8: Count:   0.0 (  0.0) A:  21.3 [20-22] B:  24.3 [21-26] Phase: -172 (6) 
Phase: * * * * * * * * * * -168 * * -180 * 

282.9: Count:   0.0 (  0.0) A:  25.2 [21-28] B:  21.1 [20-29] Phase: 89 (87) 
Count:   0.0   0.0   0.0   0.0   0.0   0.0   0.0   0.0   0.0   0.0   0.0   0.0   0.0   0.0   0.0 
Phase: * * * * * * 176 * * * -81 * 19 -13 * 

283.0: Count:   0.0 (  0.0) A:  26.2 [21-30] B:  22.1 [21-30] Phase: 88 (90) 
Count:   0.0   0.0   0.0   0.0   0.0   0.0   0.0   0.0   0.0   0.0   0.0   0.0   0.0   0.0   0.0 
Phase: * * * * * * 179 * * * -84 * 5 -12 * 

283.1: Count:   0.0 (  0.0) A:  25.8 [21-29] B:  21.6 [21-30] Phase: -90 (87) 
Count:   0.0   0.0   0.0   0.0   0.0   0.0   0.0   0.0   0.0   0.0   0.0   0.0   0.0   0.0   0.0 
Phase: * * * * * * -179 * * * -90 * -14 -13 * 

283.2: Count:   0.0 (  0.0) A:  23.4 [21-25] B:  21.3 [20-27] Phase: -24 (67) 
Phase: * * * * * * * * * * -96 * * 0 * 

283.5: Count:   0.0 (  0.0) A:  24.0 [24-24] B:  20.0 [20-20] Phase: 0 (0) 
283.7: Count:   0.0 (  0.0) A:  20.0 [20-20] B:  20.0 [20-20] Phase: -39 (0) 
283.9: Count:   0.0 (  0.0) A:  28.7 [26-30] B:  20.6 [20-22] Phase: -8 (6) 
Count:   0.0   0.0   0.0   0.0   0.0   0.0   0.0   0.0   0.0   0.0   0.0   0.0   0.0   0.0   0.0 
Phase: * * * * * * -4 * * * * * -17 -17 * 

284.0: Count:   0.0 (  0.0) A:  25.2 [20-33] B:  21.6 [20-24] Phase: -79 (86) 
Count:   0.0   0.0   0.0   0.0   0.0   0.0   0.0   0.0   0.0   0.0   0.0   0.0   0.0   0.0   0.0 
Phase: * * * * * * -170 * * * 0 * 3 0 * 

284.1: Count:   0.0 (  0.0) A:  24.5 [20-33] B:  22.1 [20-24] Phase: -92 (88) 
Count:   0.0   0.0   0.0   0.0   0.0   0.0   0.0   0.0   0.0   0.0   0.0   0.0   0.0   0.0   0.0 
Phase: * * * * * * -174 * * * 0 * 5 -76 * 

284.2: Count:   0.0 (  0.0) A:  25.0 [21-26] B:  21.9 [21-24] Phase: 90 (84) 
Count:   0.0   0.0   0.0   0.0   0.0   0.0   0.0   0.0   0.0   0.0   0.0   0.0   0.0   0.0   0.0 
Phase: * * * * * * 175 * * * 3 * 10 10 * 

284.3: Count:   0.0 (  0.0) A:  27.0 [27-27] B:  21.0 [21-21] Phase: 41 (0) 
284.5: Count:   0.0 (  0.0) A:  23.9 [21-28] B:  20.3 [20-21] Phase: -72 (54) 
Phase: * * * * * * * * * * * * -134 -47 * 

284.6: Count:   0.0 (  0.0) A:  25.3 [20-32] B:  21.2 [20-22] Phase: -77 (76) 
Count:   0.0   0.0   0.0   0.0   0.0   0.0   0.0   0.0   0.0   0.0   0.0   0.0   0.0   0.0   0.0 
Phase: * * * * * * * * * * -177 * -131 -58 * 

284.7: Count:   0.0 (  0.0) A:  27.7 [21-32] B:  21.3 [20-22] Phase: 61 (65) 
Phase: * * * * * * * * * * * * * 61 * 

284.8: Count:   0.0 (  0.0) A:  32.5 [32-33] B:  20.5 [20-21] Phase: 90 (30) 
Phase: * * * * * * * * * * * * * 90 * 

285.0: Count:   0.0 (  0.0) A:  27.7 [23-31] B:  20.6 [20-22] Phase: 26 (65) 
Count:   0.0   0.0   0.0   0.0   0.0   0.0   0.0   0.0   0.0   0.0   0.0   0.0   0.0   0.0   0.0 
Phase: * * * * * * * * * * 16 * -26 42 * 

285.1: Count:   0.0 (  0.0) A:  29.7 [24-33] B:  22.1 [21-23] Phase: 28 (64) 
Count:   0.0   0.0   0.0   0.0   0.0   0.0   0.0   0.0   0.0   0.0   0.0   0.0   0.0   0.0   0.0 
Phase: * * * * * * * * * * 4 * -15 42 * 

285.2: Count:   0.0 (  0.0) A:  29.5 [23-34] B:  22.3 [20-24] Phase: 29 (60) 
Count:   0.0   0.0   0.0   0.0   0.0   0.0   0.0   0.0   0.0   0.0   0.0   0.0   0.0   0.0   0.0 
Phase: * * * * * * * * * * 2 * -2 40 * 

285.3: Count:   0.0 (  0.0) A:  28.1 [22-33] B:  21.1 [20-23] Phase: 31 (57) 
Count:   0.0   0.0   0.0   0.0   0.0   0.0   0.0   0.0   0.0   0.0   0.0   0.0   0.0   0.0   0.0 
Phase: * * * * * * * * * * -3 * 11 40 * 

285.4: Count:   0.0 (  0.0) A:  31.0 [29-32] B:  22.7 [22-23] Phase: 79 (79) 
Phase: * -32 * * * * * * * * * * * 135 * 

285.5: Count:   0.0 (  0.0) A:  22.0 [22-22] B:  21.0 [21-21] Phase: -177 (0) 
285.6: Count:   0.0 (  0.0) A:  24.5 [23-26] B:  21.5 [20-25] Phase: -62 (78) 
Count:   0.0   0.0   0.0   0.0   0.0   0.0   0.0   0.0   0.0   0.0   0.0   0.0   0.0   0.0   0.0 
Phase: * * * * 174 * 12 * * * * * -72 -124 * 

285.7: Count:   0.0 (  0.0) A:  25.5 [20-27] B:  22.1 [21-25] Phase: -68 (79) 
Count:   0.0   0.0   0.0   0.0   0.0   0.0   0.0   0.0   0.0   0.0   0.0   0.0   0.0   0.0   0.0 
Phase: * * * * 177 * 4 * * * * * -71 -131 * 

285.8: Count:   0.0 (  0.0) A:  25.1 [20-28] B:  21.7 [20-24] Phase: -67 (79) 
Count:   0.0   0.0   0.0   0.0   0.0   0.0   0.0   0.0   0.0   0.0   0.0   0.0   0.0   0.0   0.0 
Phase: * * * * 176 * -2 * * * * * -64 -127 * 

285.9: Count:   0.0 (  0.0) A:  25.5 [22-29] B:  21.5 [21-22] Phase: -62 (70) 
Phase: * * * * * * * * * * * * -62 -62 * 

286.0: Count:   0.0 (  0.0) A:  22.0 [21-24] B:  20.7 [20-21] Phase: 85 (71) 
Count:   0.0   0.0   0.0   0.0   0.0   0.0   0.0   0.0   0.0   0.0   0.0   0.0   0.0   0.0   0.0 
Phase: * * * * * * 134 * * * * * -18 -18 * 

286.1: Count:   0.0 (  0.0) A:  26.0 [26-26] B:  21.0 [21-21] Phase: 135 (0) 
286.2: Count:   0.0 (  0.0) A:  30.0 [29-32] B:  20.6 [20-22] Phase: 139 (9) 
Count:   0.0   0.0   0.0   0.0   0.0   0.0   0.0   0.0   0.0   0.0   0.0   0.0   0.0   0.0   0.0 
Phase: * * * * * * 133 * * * * * 153 153 * 

286.3: Count:   0.0 (  0.0) A:  26.8 [20-33] B:  21.3 [20-24] Phase: -113 (91) 
Count:   0.0   0.0   0.0   0.0   0.0   0.0   0.0   0.0   0.0   0.0   0.0   0.0   0.0   0.0   0.0 
Phase: * * * * * * * * * * * * -119 -103 * 

286.4: Count:   0.0 (  0.0) A:  27.2 [20-35] B:  22.9 [21-25] Phase: 177 (67) 
Phase: * * * * * * * * * * * * -176 164 * 

286.5: Count:   0.0 (  0.0) A:  27.7 [20-36] B:  22.9 [21-24] Phase: 176 (80) 
Phase: * * * * * * * * * * * * -176 163 * 

286.6: Count:   0.0 (  0.0) A:  22.4 [20-23] B:  21.5 [20-22] Phase: 8 (76) 
Phase: * * * * * * * * * * -179 * 11 11 * 

286.7: Count:   0.0 (  0.0) A:  24.3 [23-25] B:  21.9 [21-25] Phase: -30 (66) 
Phase: * * * * * * * * * * -93 * 9 -26 * 

286.8: Count:   0.0 (  0.0) A:  25.0 [20-30] B:  22.8 [20-25] Phase: 39 (75) 
Phase: * * * * * * * * * * 39 * * * * 

286.9: Count:   0.0 (  0.0) A:  26.8 [24-29] B:  23.0 [21-25] Phase: 29 (72) 
Phase: * * * * * * * * * * 29 * * * * 

287.0: Count:   0.0 (  0.0) A:  24.0 [20-30] B:  22.5 [22-23] Phase: 56 (38) 
Phase: * * * * * * * * * * 79 * * 33 * 

287.1: Count:   0.0 (  0.0) A:  27.8 [27-28] B:  23.6 [22-24] Phase: -47 (60) 
Phase: * * * * * * * * * * * * * -47 * 

287.3: Count:   0.0 (  0.0) A:  37.0 [37-37] B:  20.0 [20-20] Phase: -6 (0) 
287.4: Count:   0.0 (  0.0) A:  37.0 [37-37] B:  20.0 [20-20] Phase: 4 (0) 
287.5: Count:   0.0 (  0.0) A:  21.6 [20-28] B:  23.2 [20-24] Phase: 57 (7) 
Phase: * * * * * * * * 44 * * * * 61 * 

287.6: Count:   0.0 (  0.0) A:  25.0 [25-25] B:  21.8 [21-22] Phase: 77 (23) 
Phase: * * * * * * * * 124 * * * * 66 * 

287.7: Count:   0.0 (  0.0) A:  23.2 [20-38] B:  20.2 [20-21] Phase: 88 (77) 
Phase: * * * * * * * * -83 * * * * 84 * 

287.8: Count:   0.0 (  0.0) A:  28.3 [20-40] B:  20.9 [20-23] Phase: 70 (91) 
Phase: * * * * * * * * -138 * 47 * * * * 

287.9: Count:   0.0 (  0.0) A:  26.1 [20-40] B:  20.5 [20-25] Phase: -9 (40) 
Phase: * * * * * * -4 * 104 * -28 * * * * 

288.0: Count:   0.0 (  0.0) A:  25.0 [20-39] B:  20.4 [20-25] Phase: -16 (53) 
Phase: * * * * * * -24 * -135 * -35 * * 67 * 

288.1: Count:   0.0 (  0.0) A:  23.0 [23-23] B:  21.0 [21-21] Phase: 106 (0) 
288.2: Count:   0.0 (  0.0) A:  21.4 [20-24] B:  21.7 [20-22] Phase: -18 (41) 
Phase: * * * * * * * * -54 * 71 * -35 -35 * 

288.3: Count:   0.0 (  0.0) A:  22.1 [20-30] B:  20.7 [20-23] Phase: 178 (68) 
Count:   0.0   0.0   0.0   0.0   0.0   0.0   0.1   0.0   0.0   0.0   0.0   0.0   0.0   0.0   0.0 
Phase: * * * * * * 165 * * * -30 * * -34 * 

288.4: Count:   0.0 (  0.0) A:  21.9 [20-30] B:  20.8 [20-22] Phase: 119 (73) 
Count:   0.0   0.0   0.0   0.0   0.0   0.0   0.0   0.0   0.0   0.0   0.0   0.0   0.0   0.0   0.0 
Phase: * -4 * * * * 160 * * * -12 * 161 62 * 

288.5: Count:   0.0 (  0.0) A:  21.3 [20-31] B:  20.5 [20-22] Phase: 142 (59) 
Count:   0.0   0.0   0.0   0.0   0.0   0.0   0.0   0.0   0.0   0.0   0.0   0.0   0.0   0.0   0.0 
Phase: * 6 * * * * 165 * * * 92 * 169 78 * 

288.6: Count:   0.0 (  0.0) A:  23.1 [20-25] B:  20.9 [20-21] Phase: 48 (39) 
Phase: * * * * * * * * 143 * 31 * * 33 * 

288.7: Count:   0.0 (  0.0) A:  21.1 [20-22] B:  20.1 [20-22] Phase: -163 (57) 
Phase: * * * * * * -134 * 59 * * * * 92 * 

288.8: Count:   0.0 (  0.0) A:  28.2 [28-31] B:  20.1 [20-22] Phase: 93 (22) 
Phase: * * * * * * 99 * 6 * * * * * * 

288.9: Count:   0.0 (  0.0) A:  32.2 [25-49] B:  20.6 [20-21] Phase: 46 (47) 
Count:   0.0   0.0   0.0   0.0   0.0   0.0   0.0   0.0   0.0   0.0   0.0   0.0   0.0   0.0   0.0 
Phase: * * * * * * 61 * 11 * * * -7 -7 * 

289.0: Count:   0.0 (  0.0) A:  31.8 [21-52] B:  22.2 [20-23] Phase: 45 (53) 
Count:   0.0   0.0   0.0   0.0   0.0   0.0   0.0   0.0   0.0   0.0   0.0   0.0   0.0   0.0   0.0 
Phase: * * * * * * 59 * 13 * * * 0 0 * 

289.1: Count:   0.0 (  0.0) A:  36.3 [23-51] B:  21.9 [20-22] Phase: 5 (5) 
Count:   0.0   0.0   0.0   0.0   0.0   0.0   0.0   0.0   0.0   0.0   0.0   0.0   0.0   0.0   0.0 

289.2: Count:   0.0 (  0.0) A:  34.8 [29-47] B:  20.7 [20-21] Phase: -3 (16) 
Count:   0.0   0.0   0.0   0.0   0.0   0.0   0.0   0.0   0.0   0.0   0.0   0.0   0.0   0.0   0.0 
Phase: * * * * * * -15 * * * * * 20 20 * 

289.4: Count:   0.0 (  0.0) A:  27.3 [24-37] B:  21.0 [21-22] Phase: 61 (62) 
Count:   0.0   0.0   0.0   0.0   0.0   0.0   0.0   0.0   0.0   0.0   0.0   0.0   0.0   0.0   0.0 
Phase: * * * * * * 68 * * * -157 * 3 3 * 

289.5: Count:   0.0 (  0.0) A:  25.8 [20-39] B:  21.9 [20-23] Phase: 28 (60) 
Count:   0.0   0.0   0.0   0.0   0.0   0.0   0.0   0.0   0.0   0.0   0.0   0.0   0.0   0.0   0.0 
Phase: * * * * * * 38 * * * -104 * 4 4 * 

289.6: Count:   0.0 (  0.0) A:  26.2 [20-40] B:  21.2 [20-23] Phase: 0 (30) 
Count:   0.0   0.0   0.0   0.0   0.0   0.0   0.0   0.0   0.0   0.0   0.0   0.0   0.0   0.0   0.0 
Phase: * * * * * * -1 * * * -83 * 10 10 * 

289.7: Count:   0.0 (  0.0) A:  25.4 [21-39] B:  21.0 [20-22] Phase: 17 (56) 
Count:   0.0   0.0   0.0   0.0   0.0   0.0   0.0   0.0   0.0   0.0   0.0   0.0   0.0   0.0   0.0 
Phase: * * * * * * -1 * * * -177 * 27 27 * 

289.8: Count:   0.0 (  0.0) A:  25.8 [20-28] B:  20.8 [20-21] Phase: 90 (55) 
Phase: * * * * * * * * -61 * 37 * 119 119 * 

289.9: Count:   0.0 (  0.0) A:  24.6 [20-33] B:  21.5 [21-22] Phase: 55 (84) 
Phase: * * * * * * -21 * * * * * 125 159 * 

290.0: Count:   0.0 (  0.0) A:  24.6 [21-33] B:  23.6 [20-26] Phase: 55 (84) 
Count:   0.0   0.0   0.0   0.0   0.0   0.0   0.0   0.0   0.0   0.0   0.0   0.0   0.0   0.0   0.0 
Phase: * * * * * * -11 * 140 * * * 67 -123 * 

290.1: Count:   0.0 (  0.0) A:  27.4 [22-33] B:  23.8 [21-27] Phase: 97 (88) 
Count:   0.0   0.0   0.0   0.0   0.0   0.0   0.0   0.0   0.0   0.0   0.0   0.0   0.0   0.0   0.0 
Phase: * * * * * * 98 * 164 * * * 80 -118 * 

290.2: Count:   0.0 (  0.0) A:  27.0 [22-33] B:  23.1 [20-27] Phase: 101 (87) 
Count:   0.0   0.0   0.0   0.0   0.0   0.0   0.0   0.0   0.0   0.0   0.0   0.0   0.0   0.0   0.0 
Phase: * * * * * * 99 * -171 * * * -89 -114 * 

290.3: Count:   0.0 (  0.0) A:  25.0 [21-32] B:  22.9 [20-25] Phase: 80 (87) 
Count:   0.0   0.0   0.0   0.0   0.0   0.0   0.0   0.0   0.0   0.0   0.0   0.0   0.0   0.0   0.0 
Phase: * * * * * * 19 * * * * * -70 112 * 

290.4: Count:   0.0 (  0.0) A:  34.0 [33-35] B:  21.0 [20-22] Phase: -57 (70) 
Phase: * * * * * * * * * * * * -57 -57 * 

290.5: Count:   0.0 (  0.0) A:  31.0 [31-31] B:  20.0 [20-20] Phase: 0 (0) 
290.6: Count:   0.0 (  0.0) A:  24.9 [20-36] B:  21.6 [21-24] Phase: -100 (83) 
Phase: * 1 * * * * * * * * -7 * -176 -103 * 

290.7: Count:   0.0 (  0.0) A:  24.8 [20-38] B:  20.9 [20-25] Phase: -95 (88) 
Count:   0.0   0.0   0.0   0.0   0.0   0.0   0.0   0.0   0.0   0.0   0.0   0.0   0.0   0.0   0.0 
Phase: * 0 * * * * -99 * * * 8 * -180 -87 * 

290.8: Count:   0.0 (  0.0) A:  25.3 [21-38] B:  21.6 [20-24] Phase: 104 (83) 
Phase: * -1 * * * * * * * * 19 * -179 107 * 

291.0: Count:   0.0 (  0.0) A:  25.5 [22-29] B:  22.3 [20-25] Phase: 55 (76) 
Phase: * * * * * * * * -19 * * * * 129 * 

291.1: Count:   0.0 (  0.0) A:  20.3 [20-21] B:  21.0 [21-21] Phase: -36 (24) 
Phase: * * * * * * * * -3 * -53 * * * * 

291.2: Count:   0.0 (  0.0) A:  25.6 [21-31] B:  20.4 [20-21] Phase: 0 (16) 
Phase: * * * * * * * * 3 * * * 11 -10 * 

291.3: Count:   0.0 (  0.0) A:  22.4 [20-32] B:  21.0 [21-21] Phase: 2 (0) 
291.4: Count:   0.0 (  0.0) A:  29.0 [29-29] B:  21.0 [21-21] Phase: 6 (0) 
291.5: Count:   0.0 (  0.0) A:  27.6 [21-37] B:  20.8 [20-21] Phase: 88 (73) 
Phase: * * * * * * * * 38 * 69 * * -133 * 

291.6: Count:   0.0 (  0.0) A:  20.0 [20-20] B:  20.0 [20-20] Phase: -98 (0) 
291.7: Count:   0.0 (  0.0) A:  27.1 [21-34] B:  20.0 [20-20] Phase: -13 (36) 
Phase: * * * * * * -6 * -63 * * * * * * 

291.8: Count:   0.0 (  0.0) A:  33.2 [21-38] B:  20.7 [20-29] Phase: 5 (1) 
Count:   0.0   0.0   0.0   0.0   0.0   0.0   0.0   0.0   0.0   0.0   0.0   0.0   0.0   0.0   0.0 

291.9: Count:   0.0 (  0.0) A:  27.6 [21-28] B:  20.4 [20-28] Phase: 17 (2) 
292.0: Count:   0.0 (  0.0) A:  20.0 [20-20] B:  26.0 [26-26] Phase: 16 (0) 
292.3: Count:   0.0 (  0.0) A:  20.0 [20-20] B:  21.0 [21-21] Phase: 0 (0) 
292.4: Count:   0.0 (  0.0) A:  20.0 [20-20] B:  21.0 [21-21] Phase: 9 (0) 
292.6: Count:   0.0 (  0.0) A:  22.0 [22-22] B:  20.0 [20-20] Phase: 38 (0) 
292.7: Count:   0.0 (  0.0) A:  21.9 [20-23] B:  20.9 [20-22] Phase: 146 (19) 
Phase: * * * * * * * * * * 160 * * 136 * 

292.8: Count:   0.0 (  0.0) A:  25.7 [20-33] B:  21.9 [20-26] Phase: 138 (61) 
Count:   0.0   0.0   0.0   0.0   0.0   0.0   0.0   0.0   0.0   0.0   0.0   0.0   0.0   0.0   0.0 
Phase: * * * * * * 173 * * * 177 * 87 113 * 

292.9: Count:   0.0 (  0.0) A:  25.5 [20-34] B:  21.7 [20-28] Phase: 127 (82) 
Count:   0.0   0.0   0.0   0.0   0.0   0.0   0.0   0.0   0.0   0.0   0.0   0.0   0.0   0.0   0.0 
Phase: * 8 * * * * -176 * * * 179 * 75 94 * 

293.0: Count:   0.0 (  0.0) A:  28.1 [20-34] B:  21.9 [20-29] Phase: -93 (89) 
Count:   0.0   0.0   0.0   0.0   0.0   0.0   0.0   0.0   0.0   0.0   0.0   0.0   0.0   0.0   0.0 
Phase: * 12 * * * * -91 * * * -175 * 73 -89 * 

293.1: Count:   0.0 (  0.0) A:  25.8 [20-33] B:  22.0 [20-28] Phase: -115 (78) 
Count:   0.0   0.0   0.0   0.0   0.0   0.0   0.0   0.0   0.0   0.0   0.0   0.0   0.0   0.0   0.0 
Phase: * * * * * * -176 * * * -170 * -52 -80 * 

293.2: Count:   0.0 (  0.0) A:  22.5 [21-25] B:  22.0 [20-24] Phase: -147 (14) 
Phase: * * * * * * * * * * -156 * * -131 * 

293.3: Count:   0.0 (  0.0) A:  23.7 [23-30] B:  22.3 [22-25] Phase: -140 (32) 
Phase: * * * * * * -151 * * * -41 * * * * 

293.4: Count:   0.0 (  0.0) A:  25.9 [24-29] B:  23.0 [21-27] Phase: -80 (69) 
Phase: * -159 * * * * * * * * -31 * * -11 * 

293.5: Count:   0.0 (  0.0) A:  26.6 [26-28] B:  24.3 [22-29] Phase: -84 (76) 
Phase: * -172 * * * * * * * * -19 * * -18 * 

293.6: Count:   0.0 (  0.0) A:  26.1 [25-27] B:  24.0 [22-29] Phase: -87 (80) 
Phase: * -179 * * * * * * * * -12 * * -23 * 

293.7: Count:   0.0 (  0.0) A:  24.9 [24-27] B:  22.3 [20-28] Phase: -90 (88) 
Phase: * 170 * * * * * * * * 0 * * -29 * 

293.8: Count:   0.0 (  0.0) A:  22.0 [21-30] B:  23.0 [22-24] Phase: 133 (51) 
Phase: * * * * * * 132 * * * 15 * * -99 * 

293.9: Count:   0.0 (  0.0) A:  26.9 [26-27] B:  21.4 [20-23] Phase: 114 (72) 
Phase: * * * * * * * * * * * * 116 111 * 

294.0: Count:   0.0 (  0.0) A:  25.8 [20-31] B:  22.8 [20-28] Phase: 106 (87) 
Count:   0.0   0.0   0.0   0.0   0.0   0.0   0.0   0.0   0.0   0.0   0.0   0.0   0.0   0.0   0.0 
Phase: * * * * * * 13 * * * * * -131 -137 * 

294.1: Count:   0.0 (  0.0) A:  26.9 [20-33] B:  23.7 [20-29] Phase: 98 (88) 
Count:   0.0   0.0   0.0   0.0   0.0   0.0   0.0   0.0   0.0   0.0   0.0   0.0   0.0   0.0   0.0 
Phase: * * * * * * 4 * * * 1 * -140 -147 * 

294.2: Count:   0.0 (  0.0) A:  26.4 [20-33] B:  23.0 [20-28] Phase: 83 (90) 
Count:   0.0   0.0   0.0   0.0   0.0   0.0   0.0   0.0   0.0   0.0   0.0   0.0   0.0   0.0   0.0 
Phase: * * * * * * -3 7 * * * * -149 -142 * 

294.3: Count:   0.0 (  0.0) A:  24.3 [21-29] B:  21.7 [21-23] Phase: -85 (71) 
Count:   0.0   0.0   0.0   0.0   0.0   0.0   0.0   0.0   0.0   0.0   0.0   0.0   0.0   0.0   0.0 
Phase: * * * * * * * * * * * * -85 -85 * 

294.4: Count:   0.0 (  0.0) A:  27.5 [24-31] B:  20.5 [20-21] Phase: -114 (74) 
Phase: * * * * * * * * * * * * -114 -114 * 

294.5: Count:   0.0 (  0.0) A:  28.2 [27-32] B:  20.8 [20-24] Phase: 40 (76) 
Count:   0.0   0.0   0.0   0.0   0.0   0.0   0.0   0.0   0.0   0.0   0.0   0.0   0.0   0.0   0.0 
Phase: * * * * * * 59 -19 * * -55 * -25 24 * 

294.6: Count:   0.0 (  0.0) A:  30.1 [21-64] B:  21.6 [20-25] Phase: 103 (84) 
Count:   0.0   0.0   0.0   0.0   0.0   0.0   0.1   0.0   0.0   0.0   0.0   0.0   0.0   0.0   0.0 
Phase: * 169 * * * * 121 -11 * * -16 * 83 76 * 

294.7: Count:   0.0 (  0.0) A:  30.5 [21-66] B:  21.9 [20-26] Phase: -117 (87) 
Count:   0.0   0.0   0.0   0.0   0.0   0.0   0.1   0.0   0.0   0.0   0.0   0.0   0.0   0.0   0.0 
Phase: * 175 * * * * -136 -1 * * 0 * 85 76 * 

294.8: Count:   0.0 (  0.0) A:  29.3 [20-64] B:  22.0 [20-25] Phase: -129 (79) 
Count:   0.0   0.0   0.0   0.0   0.0   0.0   0.0   0.0   0.0   0.0   0.0   0.0   0.0   0.0   0.0 
Phase: * 178 * * * * -180 * * * -53 * -92 -88 * 

294.9: Count:   0.0 (  0.0) A:  28.9 [27-30] B:  20.9 [20-24] Phase: 37 (61) 
Phase: * * * * * * * * * * 60 * 11 -33 * 

295.0: Count:   0.0 (  0.0) A:  20.7 [20-22] B:  21.3 [21-22] Phase: 30 (52) 
Phase: * * * * 11 * * * * * * * * 66 * 

295.1: Count:   0.0 (  0.0) A:  24.9 [20-31] B:  21.5 [20-24] Phase: 57 (70) 
Phase: * * * * 9 * * * * * -166 * * 41 * 

295.2: Count:   0.0 (  0.0) A:  25.5 [20-32] B:  21.3 [20-27] Phase: -71 (88) 
Count:   0.0   0.0   0.0   0.0   0.0   0.0   0.0   0.0   0.0   0.0   0.0   0.0   0.0   0.0   0.0 
Phase: * * * * -50 * * * * * -86 * -71 96 * 

295.3: Count:   0.0 (  0.0) A:  26.2 [20-40] B:  21.3 [20-27] Phase: -85 (86) 
Count:   0.0   0.0   0.0   0.0   0.0   0.0   0.0   0.0   0.0   0.0   0.0   0.0   0.0   0.0   0.0 
Phase: * * * * 64 * * * * * -179 * -80 -76 * 

295.4: Count:   0.0 (  0.0) A:  26.7 [21-31] B:  22.0 [20-26] Phase: -74 (81) 
Phase: * * * * 16 * * * * * 176 * * -68 * 

295.5: Count:   0.0 (  0.0) A:  21.8 [21-22] B:  21.8 [21-23] Phase: -47 (77) 
Phase: * * * * 36 * * * * * * * * -102 * 

295.6: Count:   0.0 (  0.0) A:  24.5 [22-27] B:  22.0 [21-23] Phase: -156 (19) 
Phase: * * * * * * * * * * * * -156 -156 * 

295.7: Count:   0.0 (  0.0) A:  26.2 [21-37] B:  22.0 [20-27] Phase: -122 (84) 
Count:   0.0   0.0   0.0   0.0   0.0   0.0   0.0   0.0   0.0   0.0   0.0   0.0   0.0   0.0   0.0 
Phase: * * * * -13 * 77 * 127 * * * -142 -142 * 

295.8: Count:   0.0 (  0.0) A:  27.5 [20-41] B:  22.7 [20-29] Phase: -112 (85) 
Count:   0.0   0.0   0.0   0.0   0.0   0.0   0.0   0.0   0.0   0.0   0.0   0.0   0.0   0.0   0.0 
Phase: * * * * -91 * -117 * 100 * 31 * -134 -134 * 

295.9: Count:   0.0 (  0.0) A:  26.9 [20-42] B:  22.9 [20-29] Phase: 114 (87) 
Count:   0.0   0.0   0.0   0.0   0.0   0.0   0.0   0.0   0.0   0.0   0.0   0.0   0.0   0.0   0.0 
Phase: * * * * 89 * 95 * 90 * -37 * -141 -141 * 

296.0: Count:   0.0 (  0.0) A:  26.5 [20-38] B:  22.9 [20-28] Phase: 115 (87) 
Count:   0.0   0.0   0.0   0.0   0.0   0.0   0.0   0.0   0.0   0.0   0.0   0.0   0.0   0.0   0.0 
Phase: * * * * 91 * 105 * -147 * -27 * 134 134 * 

296.1: Count:   0.0 (  0.0) A:  26.8 [20-38] B:  21.2 [20-24] Phase: 169 (87) 
Count:   0.0   0.0   0.0   0.0   0.0   0.0   0.0   0.0   0.0   0.0   0.0   0.0   0.0   0.0   0.0 
Phase: * * * * * * -86 * -174 * * * 118 118 * 

296.2: Count:   0.0 (  0.0) A:  30.0 [20-35] B:  23.5 [20-27] Phase: -19 (46) 
Count:   0.0   0.0   0.0   0.0   0.0   0.0   0.0   0.0   0.0   0.0   0.0   0.0   0.0   0.0   0.0 
Phase: * * * * * * -7 * 160 * -71 * * * * 

296.3: Count:   0.0 (  0.0) A:  34.0 [20-41] B:  23.9 [20-29] Phase: 6 (45) 
Count:   0.0   0.0   0.0   0.0   0.0   0.0   0.0   0.0   0.0   0.0   0.0   0.0   0.0   0.0   0.0 
Phase: * * * * * * -11 * 63 * -45 * 12 12 * 

296.4: Count:   0.0 (  0.0) A:  38.0 [21-44] B:  23.9 [20-30] Phase: 52 (82) 
Count:   0.0   0.0   0.0   0.0   0.0   0.0   0.1   0.0   0.0   0.0   0.0   0.0   0.0   0.0   0.0 
Phase: * -177 * * * * 54 * 91 * -10 * 0 0 * 

296.5: Count:   0.0 (  0.0) A:  36.5 [25-44] B:  25.0 [21-29] Phase: -23 (58) 
Count:   0.0   0.0   0.0   0.0   0.0   0.0   0.0   0.0   0.0   0.0   0.0   0.0   0.0   0.0   0.0 
Phase: * -164 * * * * 1 * -97 * * * -10 -10 * 

296.6: Count:   0.0 (  0.0) A:  35.1 [24-41] B:  23.8 [21-28] Phase: -11 (44) 
Count:   0.0   0.0   0.0   0.0   0.0   0.0   0.0   0.0   0.0   0.0   0.0   0.0   0.0   0.0   0.0 
Phase: * * * * * * 7 * -85 * * * -21 -21 * 

296.7: Count:   0.0 (  0.0) A:  28.0 [20-34] B:  21.1 [20-23] Phase: -32 (56) 
Count:   0.0   0.0   0.0   0.0   0.0   0.0   0.1   0.0   0.0   0.0   0.0   0.0   0.0   0.0   0.0 
Phase: * * * * * * -31 * -44 * * * -34 -34 * 

296.8: Count:   0.0 (  0.0) A:  24.3 [20-33] B:  22.3 [20-28] Phase: 166 (48) 
Count:   0.0   0.0   0.0   0.0   0.0   0.0   0.0   0.0   0.0   0.0   0.0   0.0   0.0   0.0   0.0 
Phase: * * * * * * -155 * * * 161 * 146 129 * 

296.9: Count:   0.0 (  0.0) A:  25.4 [20-43] B:  23.3 [20-28] Phase: -160 (63) 
Count:   0.0   0.0   0.0   0.0   0.0   0.0   0.0   0.0   0.0   0.0   0.0   0.0   0.0   0.0   0.0 
Phase: * * * * -160 * -158 * -7 * 82 * 161 161 * 

297.0: Count:   0.0 (  0.0) A:  26.3 [20-46] B:  24.3 [20-28] Phase: -145 (70) 
Count:   0.0   0.0   0.0   0.0   0.0   0.0   0.0   0.0   0.0   0.0   0.0   0.0   0.0   0.0   0.0 
Phase: * * * * -180 * -170 * -1 * -97 * 176 176 * 

297.1: Count:   0.0 (  0.0) A:  26.0 [20-45] B:  24.3 [20-28] Phase: -149 (61) 
Count:   0.0   0.0   0.0   0.0   0.0   0.0   0.0   0.0   0.0   0.0   0.0   0.0   0.0   0.0   0.0 
Phase: * * * * 164 * -180 * -14 * -97 * -169 -169 * 

297.2: Count:   0.0 (  0.0) A:  27.1 [21-35] B:  24.4 [20-27] Phase: -141 (59) 
Phase: * * * * 143 * * * -17 * -180 * -153 -153 * 

297.3: Count:   0.0 (  0.0) A:  25.5 [22-31] B:  23.0 [20-27] Phase: -137 (49) 
Phase: * * * * * * * * -64 * -175 * -140 -140 * 

297.4: Count:   0.0 (  0.0) A:  26.2 [21-32] B:  22.1 [20-25] Phase: 143 (69) 
Count:   0.0   0.0   0.0   0.0   0.0   0.0   0.0   0.0   0.0   0.0   0.0   0.0   0.0   0.0   0.0 
Phase: * * * * * * -152 * 55 * 29 * 113 98 * 

297.5: Count:   0.0 (  0.0) A:  27.3 [20-45] B:  22.6 [20-27] Phase: 81 (80) 
Count:   0.0   0.0   0.0   0.0   0.0   0.0   0.0   0.0   0.0   0.0   0.0   0.0   0.0   0.0   0.0 
Phase: * * * * * * -94 * 19 * 16 * 101 82 * 

297.6: Count:   0.0 (  0.0) A:  29.8 [22-46] B:  23.8 [20-28] Phase: 77 (86) 
Count:   0.0   0.0   0.0   0.0   0.0   0.0   0.0   0.0   0.0   0.0   0.0   0.0   0.0   0.0   0.0 
Phase: * * * * * * 88 * -2 * 5 * 87 -81 * 

297.7: Count:   0.0 (  0.0) A:  29.6 [21-45] B:  23.4 [20-28] Phase: 74 (86) 
Count:   0.0   0.0   0.0   0.0   0.0   0.0   0.0   0.0   0.0   0.0   0.0   0.0   0.0   0.0   0.0 
Phase: * * * * * * 92 * 1 * -8 * -92 -69 * 

297.8: Count:   0.0 (  0.0) A:  28.0 [21-32] B:  22.8 [20-26] Phase: 113 (80) 
Count:   0.0   0.0   0.0   0.0   0.0   0.0   0.0   0.0   0.0   0.0   0.0   0.0   0.0   0.0   0.0 
Phase: * * * * * * 95 * * * -28 * -170 -170 * 

297.9: Count:   0.0 (  0.0) A:  25.3 [20-27] B:  21.9 [20-22] Phase: 147 (51) 
Count:   0.0   0.0   0.0   0.0   0.0   0.0   0.0   0.0   0.0   0.0   0.0   0.0   0.0   0.0   0.0 
Phase: * * * * * * 143 * * * 2 * * * * 

298.0: Count:   0.0 (  0.0) A:  27.3 [22-31] B:  20.9 [20-22] Phase: 10 (12) 
Count:   0.0   0.0   0.0   0.0   0.0   0.0   0.0   0.0   0.0   0.0   0.0   0.0   0.0   0.0   0.0 
Phase: * * * * 9 * * * * * * * 9 9 * 

298.1: Count:   0.0 (  0.0) A:  28.6 [21-34] B:  21.4 [21-23] Phase: 9 (6) 
Count:   0.0   0.0   0.0   0.0   0.0   0.0   0.0   0.0   0.0   0.0   0.0   0.0   0.0   0.0   0.0 
Phase: * * * * 3 * 15 * * * * * 6 4 * 

298.2: Count:   0.0 (  0.0) A:  29.2 [21-41] B:  21.6 [20-26] Phase: 5 (25) 
Count:   0.0   0.0   0.0   0.0   0.0   0.0   0.0   0.0   0.0   0.0   0.0   0.0   0.0   0.0   0.0 
Phase: * 2 * * -2 * 4 92 * * * * -1 0 * 

298.3: Count:   0.0 (  0.0) A:  26.3 [21-34] B:  21.0 [20-22] Phase: 12 (39) 
Count:   0.0   0.0   0.0   0.0   0.0   0.0   0.0   0.0   0.0   0.0   0.0   0.0   0.0   0.0   0.0 
Phase: * -11 * * -7 * 23 -9 * * 160 * -13 -9 * 

298.4: Count:   0.0 (  0.0) A:  28.6 [22-32] B:  20.6 [20-24] Phase: -1 (64) 
Phase: * * * * -13 * * * 121 * 138 * -20 -37 * 

298.5: Count:   0.0 (  0.0) A:  21.7 [20-22] B:  20.2 [20-21] Phase: -104 (47) 
Phase: * * * * * * -84 * -118 * 121 * * * * 

298.6: Count:   0.0 (  0.0) A:  21.5 [21-22] B:  21.5 [21-22] Phase: -10 (4) 
298.7: Count:   0.0 (  0.0) A:  23.8 [21-33] B:  21.1 [20-25] Phase: 28 (47) 
Phase: * * * * * * * * 14 * 10 * 17 49 * 

298.8: Count:   0.0 (  0.0) A:  33.7 [21-45] B:  20.8 [20-26] Phase: -17 (45) 
Count:   0.0   0.0   0.0   0.0   0.0   0.0   0.0   0.0   0.0   0.0   0.0   0.0   0.0   0.0   0.0 
Phase: * * * * * * -13 * 3 * 9 * 35 -36 * 

298.9: Count:   0.0 (  0.0) A:  32.7 [21-43] B:  21.0 [20-25] Phase: -19 (39) 
Count:   0.0   0.0   0.0   0.0   0.0   0.0   0.0   0.0   0.0   0.0   0.0   0.0   0.0   0.0   0.0 
Phase: * * * * * * -18 * -9 * 19 * -17 -56 * 

299.0: Count:   0.0 (  0.0) A:  21.0 [21-21] B:  20.0 [20-20] Phase: -10 (0) 
299.1: Count:   0.0 (  0.0) A:  23.0 [23-23] B:  21.0 [21-21] Phase: -145 (0) 
299.2: Count:   0.0 (  0.0) A:  23.8 [20-30] B:  23.4 [21-28] Phase: 120 (89) 
Phase: * * * * * * * * -112 * 63 * * -179 * 

299.3: Count:   0.0 (  0.0) A:  26.2 [20-34] B:  22.6 [20-25] Phase: 125 (81) 
Phase: * * * * * * * * 82 * 141 * * 144 * 

299.4: Count:   0.0 (  0.0) A:  27.3 [20-35] B:  22.6 [20-26] Phase: -128 (80) 
Phase: * * * * -180 * * * 87 * -128 * * -137 * 

299.5: Count:   0.0 (  0.0) A:  27.1 [22-34] B:  21.9 [20-26] Phase: -132 (79) 
Phase: * * * * -156 * * * 90 * -140 * * -150 * 

299.6: Count:   0.0 (  0.0) A:  22.5 [20-29] B:  23.2 [20-30] Phase: 83 (87) 
Phase: * * * * * * * * 102 * -47 * * -175 * 

299.7: Count:   0.0 (  0.0) A:  23.8 [23-29] B:  21.3 [21-24] Phase: -41 (69) 
Phase: * * * * * * -49 * 138 * * * * 116 * 

299.8: Count:   0.0 (  0.0) A:  27.0 [21-38] B:  22.4 [20-24] Phase: -91 (88) 
Phase: * * * * * * * * -10 * 6 * -109 -109 * 

299.9: Count:   0.0 (  0.0) A:  26.1 [21-42] B:  22.7 [20-27] Phase: -54 (78) 
Count:   0.0   0.0   0.0   0.0   0.0   0.0   0.0   0.0   0.0   0.0   0.0   0.0   0.0   0.0   0.0 
Phase: * -179 * * * * -8 * -6 * 7 * -100 -85 * 

