0.1: 75 Count:  75.0 ( 43.5) A:  16.6 (  2.3) B: 131.8 (  3.0) Phase: -25 (52) 
Count: 100.0 100.0 100.0 100.0 100.0 100.0 100.0 100.0 100.0 100.0 100.0 100.0 100.0 100.0 100.0 100.0 100.0 100.0 100.0 100.0 100.0 100.0 100.0 100.0 100.0 100.0 100.0 100.0 100.0 100.0 100.0 100.0 100.0 100.0 100.0 100.0 100.0 100.0 100.0 100.0 100.0 100.0 100.0 100.0 100.0 100.0 100.0 100.0 100.0 100.0 100.0 100.0 100.0 100.0 100.0 100.0 100.0 100.0 100.0 100.0 100.0 100.0 100.0 100.0 100.0 100.0 100.0 100.0 100.0 100.0 100.0 100.0 100.0 100.0 100.0   0.0   0.0   0.0   0.0   0.0   0.0   0.0   0.0   0.0   0.0   0.0   0.0   0.0   0.0   0.0   0.0   0.0   0.0   0.0   0.0   0.0   0.0   0.0   0.0   0.0 
A: 25.4 23.3 22.2 22.2 21.4 20.1 20.2 20.0 20.5 19.7 20.0 19.2 17.6 17.1 16.9 17.1 17.6 16.8 17.1 17.7 18.4 17.2 16.2 16.1 16.9 16.6 16.0 16.2 15.9 15.8 16.4 16.2 15.9 15.5 15.6 15.5 15.4 15.4 15.3 15.8 16.1 16.1 15.6 15.4 15.5 15.7 15.6 15.3 15.3 15.9 15.5 15.3 15.7 15.1 14.5 14.5 15.5 14.9 15.1 14.4 15.0 15.5 15.1 15.2 15.1 15.2 14.8 14.7 15.6 15.2 14.3 14.4 13.8 13.6 13.4 * * * * * * * * * * * * * * * * * * * * * * * * * 
B: 141.4 140.5 139.4 138.3 137.3 136.9 135.8 136.4 136.4 136.0 135.5 134.9 134.6 134.8 134.0 133.5 133.8 133.1 132.7 133.1 132.3 132.9 132.7 132.7 132.4 132.1 131.4 132.2 131.5 131.7 131.2 130.7 131.0 130.8 131.1 130.5 130.1 130.6 130.9 130.2 129.7 130.4 130.2 131.1 131.4 131.1 130.4 129.9 131.3 130.8 130.4 129.6 129.9 130.0 129.5 129.9 129.7 129.4 128.5 128.9 129.2 129.6 129.5 128.5 128.2 128.4 128.2 128.6 128.5 128.8 128.3 129.0 128.9 129.0 129.1 * * * * * * * * * * * * * * * * * * * * * * * * * 
Phase: 0 0 0 0 0 -174 -174 -174 -180 44 42 50 0 0 0 0 0 0 0 0 63 0 0 0 0 0 0 -1 -74 0 0 -1 -75 -69 -71 0 0 0 0 -74 -1 -1 -70 0 0 -73 -70 0 0 -1 -69 -66 -72 0 0 0 -71 0 0 0 0 -67 0 0 0 0 0 0 -69 -67 0 0 175 -1 -74 * * * * * * * * * * * * * * * * * * * * * * * * * 

0.2: 75 Count:  75.0 ( 43.5) A:  14.3 (  2.0) B: 113.3 (  2.5) Phase: 3 (17) 
Count: 100.0 100.0 100.0 100.0 100.0 100.0 100.0 100.0 100.0 100.0 100.0 100.0 100.0 100.0 100.0 100.0 100.0 100.0 100.0 100.0 100.0 100.0 100.0 100.0 100.0 100.0 100.0 100.0 100.0 100.0 100.0 100.0 100.0 100.0 100.0 100.0 100.0 100.0 100.0 100.0 100.0 100.0 100.0 100.0 100.0 100.0 100.0 100.0 100.0 100.0 100.0 100.0 100.0 100.0 100.0 100.0 100.0 100.0 100.0 100.0 100.0 100.0 100.0 100.0 100.0 100.0 100.0 100.0 100.0 100.0 100.0 100.0 100.0 100.0 100.0   0.0   0.0   0.0   0.0   0.0   0.0   0.0   0.0   0.0   0.0   0.0   0.0   0.0   0.0   0.0   0.0   0.0   0.0   0.0   0.0   0.0   0.0   0.0   0.0   0.0 
B: 121.5 120.7 119.7 118.8 117.9 117.6 116.7 117.1 117.1 116.8 116.3 115.8 115.6 115.8 115.0 114.6 114.9 114.2 113.9 114.3 113.6 114.1 114.0 113.9 113.6 113.4 112.9 113.5 113.0 113.2 112.7 112.4 112.6 112.4 112.7 112.2 111.9 112.3 112.5 112.0 111.6 112.2 112.0 112.6 112.9 112.7 112.1 111.8 112.8 112.5 112.2 111.6 111.8 111.8 111.5 111.8 111.6 111.4 110.7 111.0 111.3 111.6 111.5 110.7 110.4 110.6 110.4 110.7 110.7 110.9 110.5 111.1 111.0 111.2 111.2 * * * * * * * * * * * * * * * * * * * * * * * * * 
Phase: 70 -68 0 0 0 0 0 0 0 0 0 0 0 0 0 0 0 0 0 0 1 0 0 0 0 0 1 1 1 1 0 1 1 0 1 0 0 0 0 0 1 1 0 0 1 1 1 0 0 1 0 0 1 0 1 1 0 0 0 63 0 0 0 0 0 0 62 65 0 0 1 1 0 0 1 * * * * * * * * * * * * * * * * * * * * * * * * * 

0.3: 75 Count:  75.0 ( 43.5) A:  10.8 (  1.5) B:  85.8 (  1.9) Phase: 179 (21) 
Count: 100.0 100.0 100.0 100.0 100.0 100.0 100.0 100.0 100.0 100.0 100.0 100.0 100.0 100.0 100.0 100.0 100.0 100.0 100.0 100.0 100.0 100.0 100.0 100.0 100.0 100.0 100.0 100.0 100.0 100.0 100.0 100.0 100.0 100.0 100.0 100.0 100.0 100.0 100.0 100.0 100.0 100.0 100.0 100.0 100.0 100.0 100.0 100.0 100.0 100.0 100.0 100.0 100.0 100.0 100.0 100.0 100.0 100.0 100.0 100.0 100.0 100.0 100.0 100.0 100.0 100.0 100.0 100.0 100.0 100.0 100.0 100.0 100.0 100.0 100.0   0.0   0.0   0.0   0.0   0.0   0.0   0.0   0.0   0.0   0.0   0.0   0.0   0.0   0.0   0.0   0.0   0.0   0.0   0.0   0.0   0.0   0.0   0.0   0.0   0.0 
Phase: -48 -142 -147 -152 -157 -153 -161 -158 -158 -160 -162 -166 -165 -164 -167 -171 -169 -174 -178 -176 -179 -176 -176 -177 -179 -179 176 -180 -180 178 172 172 173 175 175 171 169 174 173 172 169 172 172 175 179 176 170 170 176 172 174 166 168 168 170 173 167 166 162 162 165 167 167 162 157 159 158 162 157 160 159 164 162 164 167 * * * * * * * * * * * * * * * * * * * * * * * * * 

0.4: 75 Count:  75.0 ( 43.5) A:   6.5 (  1.0) B:  54.3 (  1.2) Phase: -3 (11) 
Count: 100.0 100.0 100.0 100.0 100.0 100.0 100.0 100.0 100.0 100.0 100.0 100.0 100.0 100.0 100.0 100.0 100.0 100.0 100.0 100.0 100.0 100.0 100.0 100.0 100.0 100.0 100.0 100.0 100.0 100.0 100.0 100.0 100.0 100.0 100.0 100.0 100.0 100.0 100.0 100.0 100.0 100.0 100.0 100.0 100.0 100.0 100.0 100.0 100.0 100.0 100.0 100.0 100.0 100.0 100.0 100.0 100.0 100.0 100.0 100.0 100.0 100.0 100.0 100.0 100.0 100.0 100.0 100.0 100.0 100.0 100.0 100.0 100.0 100.0 100.0   0.0   0.0   0.0   0.0   0.0   0.0   0.0   0.0   0.0   0.0   0.0   0.0   0.0   0.0   0.0   0.0   0.0   0.0   0.0   0.0   0.0   0.0   0.0   0.0   0.0 
Phase: 0 -1 0 -65 -68 -1 -1 -1 -1 -1 0 0 -1 -1 -1 -1 -1 -1 -1 -1 -1 -1 -1 -1 -1 -1 -1 -1 -1 -1 -1 -1 -1 -1 -1 -1 -1 -1 -1 -1 -1 -1 -1 -1 -1 -1 -1 -1 -1 -1 -1 -1 -1 -1 -1 -1 -1 -1 -1 -1 -1 -1 -1 -1 -1 -1 -1 -1 -1 -1 -1 -1 -1 -1 -2 * * * * * * * * * * * * * * * * * * * * * * * * * 

0.5: 75 Count:  68.6 ( 40.2) A:   2.4 (  0.4) B:  22.5 (  0.6) Phase: 5 (1) 
Count: 100.0 100.0 100.0 100.0  99.9  99.8  99.9  99.8  99.9  99.7  99.8  99.6  98.5  97.4  96.7  97.0  98.2  96.9  97.3  98.1  99.0  97.5  94.5  93.9  96.4  95.8  93.3  93.8  92.8  92.6  95.1  94.4  92.8  90.2  91.5  89.8  90.3  89.3  88.4  91.9  93.5  93.3  90.2  89.3  90.7  91.3  90.6  88.2  88.2  92.7  90.2  88.7  90.6  86.8  81.2  81.2  90.1  85.4  86.8  80.7  86.1  90.3  86.7  88.4  87.3  88.2  83.8  82.4  90.3  87.7  79.4  80.8  74.0  71.0  68.4   0.0   0.0   0.0   0.0   0.0   0.0   0.0   0.0   0.0   0.0   0.0   0.0   0.0   0.0   0.0   0.0   0.0   0.0   0.0   0.0   0.0   0.0   0.0   0.0   0.0 

0.6: 74 Count:   0.0 (  0.0) A:   2.0 (  0.1) B:   2.8 (  0.8) Phase: -27 (61) 
Phase: -2 0 84 0 14 -50 0 0 0 5 -7 0 -106 -43 0 0 47 -7 0 -15 -63 0 -180 0 -70 0 0 -76 -34 0 0 -52 0 -52 -180 9 0 -87 -75 -83 -112 35 0 -45 -8 0 32 39 66 51 47 -34 -26 0 -60 -64 0 -86 0 0 -180 -180 0 32 0 -175 -18 -68 0 0 -118 49 * 178 0 * * * * * * * * * * * * * * * * * * * * * * * * * 

0.7: 75 Count:  52.9 ( 33.7) A:   2.3 (  0.3) B:  20.2 (  0.6) Phase: -8 (10) 
Count: 100.0  99.7  99.2  99.2  98.5  96.1  96.6  96.4  97.1  95.2  96.3  94.1  86.4  82.6  79.6  81.7  85.6  79.8  81.9  85.6  89.9  83.1  73.2  71.6  80.5  76.7  70.8  73.4  68.4  68.5  76.1  72.7  69.2  63.6  65.9  63.7  62.8  62.3  61.3  67.0  71.5  71.6  64.9  61.9  64.7  65.9  64.7  60.6  61.6  69.6  63.9  61.7  66.2  59.0  50.2  50.7  63.6  56.0  58.1  48.8  57.6  64.5  58.5  60.3  58.2  60.3  54.3  52.9  65.1  60.5  48.4  49.0  40.9  37.4  35.8   0.0   0.0   0.0   0.0   0.0   0.0   0.0   0.0   0.0   0.0   0.0   0.0   0.0   0.0   0.0   0.0   0.0   0.0   0.0   0.0   0.0   0.0   0.0   0.0   0.0 
Phase: -2 -64 -72 -2 -3 -3 -3 -3 -3 -4 -3 -4 -5 -5 -5 -5 -4 -6 -5 -5 -4 -5 -6 -6 -5 -6 -7 -6 -7 -7 -6 -6 -6 -7 -7 -7 -7 -7 -7 -7 -6 -6 -7 -7 -7 -7 -7 -7 -7 -6 -7 -7 -6 -7 -8 -8 -7 -8 -8 -8 -8 -7 -8 -7 -8 -7 -7 -8 -7 -7 -9 -8 -10 -10 -10 * * * * * * * * * * * * * * * * * * * * * * * * * 

0.8: 75 Count:  74.7 ( 43.4) A:   3.1 (  0.5) B:  29.0 (  0.7) Phase: 3 (0) 
Count: 100.0 100.0 100.0 100.0 100.0 100.0 100.0 100.0 100.0 100.0 100.0 100.0 100.0 100.0 100.0 100.0 100.0 100.0 100.0 100.0 100.0 100.0  99.9  99.9 100.0 100.0  99.9  99.9  99.8  99.9 100.0  99.9  99.8  99.7  99.9  99.8  99.7  99.7  99.7  99.9  99.9  99.9  99.8  99.6  99.8  99.8  99.7  99.7  99.7  99.9  99.7  99.7  99.8  99.5  99.1  98.8  99.7  99.4  99.5  98.8  99.5  99.8  99.5  99.7  99.4  99.7  99.4  99.2  99.7  99.6  98.4  98.8  98.0  97.3  96.1   0.0   0.0   0.0   0.0   0.0   0.0   0.0   0.0   0.0   0.0   0.0   0.0   0.0   0.0   0.0   0.0   0.0   0.0   0.0   0.0   0.0   0.0   0.0   0.0   0.0 

0.9: 75 Count:  74.9 ( 43.5) A:   3.2 (  0.5) B:  28.0 (  0.6) Phase: 169 (34) 
Count: 100.0 100.0 100.0 100.0 100.0 100.0 100.0 100.0 100.0 100.0 100.0 100.0 100.0 100.0 100.0 100.0 100.0 100.0 100.0 100.0 100.0 100.0 100.0 100.0 100.0 100.0 100.0 100.0 100.0 100.0 100.0 100.0 100.0 100.0 100.0 100.0 100.0  99.9  99.9 100.0 100.0 100.0 100.0 100.0 100.0 100.0 100.0  99.9  99.9 100.0  99.9  99.9 100.0  99.9  99.8  99.7 100.0  99.8  99.9  99.7  99.9 100.0  99.9  99.9  99.9 100.0  99.9  99.8  99.9  99.9  99.6  99.7  99.5  99.2  98.7   0.0   0.0   0.0   0.0   0.0   0.0   0.0   0.0   0.0   0.0   0.0   0.0   0.0   0.0   0.0   0.0   0.0   0.0   0.0   0.0   0.0   0.0   0.0   0.0   0.0 
Phase: -4 -4 -137 -145 -149 -150 -158 -152 -153 -157 -159 -162 -163 -161 -169 -171 -168 -174 -178 -174 179 -178 -176 -173 -179 178 173 179 176 175 170 168 171 171 170 167 166 167 173 165 158 167 166 171 176 175 168 163 174 171 169 160 165 163 163 165 162 159 153 156 162 162 161 152 150 152 149 155 151 153 154 158 156 159 159 * * * * * * * * * * * * * * * * * * * * * * * * * 

1.0: 75 Count:  51.2 ( 33.3) A:   2.3 (  0.3) B:  20.1 (  0.5) Phase: -13 (23) 
Count: 100.0  99.8  99.5  99.4  98.9  96.6  97.0  96.4  97.5  95.4  96.5  94.1  85.8  81.4  78.5  80.4  85.3  78.3  80.9  85.0  90.2  82.3  70.7  69.2  78.8  74.9  69.0  70.8  66.4  66.3  74.0  70.3  66.6  60.7  63.1  60.2  59.5  58.9  58.4  65.2  69.0  68.6  62.5  59.8  60.8  63.0  62.0  57.4  58.4  66.9  60.9  57.9  63.8  55.6  45.8  47.0  60.9  52.7  54.6  45.2  53.4  61.3  54.7  57.0  54.8  57.5  50.1  48.9  62.2  57.3  44.5  45.2  36.2  33.8  31.1   0.0   0.0   0.0   0.0   0.0   0.0   0.0   0.0   0.0   0.0   0.0   0.0   0.0   0.0   0.0   0.0   0.0   0.0   0.0   0.0   0.0   0.0   0.0   0.0   0.0 
Phase: -1 -1 -2 -83 -2 -93 -2 -94 -2 -93 -92 -84 -4 -5 -5 -5 -4 -5 -5 -4 -4 -5 -6 -6 -5 -6 -6 -6 -6 -6 -5 -6 -7 -7 -7 -7 -7 -7 -7 -6 -6 -6 -6 -6 -7 -7 -7 -7 -7 -6 -7 -7 -7 -7 -9 -8 -7 -8 -7 -8 -8 -6 -8 -7 -8 -7 -8 -8 -7 -7 -9 -8 -9 -11 -10 * * * * * * * * * * * * * * * * * * * * * * * * * 

1.1: 75 Count:   1.5 (  2.4) A:   2.0 (  0.0) B:   8.0 (  0.4) Phase: 15 (1) 
1.2: 75 Count:   0.1 (  0.1) A:   2.1 (  0.3) B:   3.7 (  0.5) Phase: -180 (67) 
Phase: -46 -17 58 -25 -57 -114 -47 70 -102 67 34 117 165 119 -123 56 -81 110 130 153 -114 145 -146 90 172 105 132 -143 130 -127 165 172 -150 138 -154 -110 117 -153 114 -117 117 -129 155 -161 88 110 120 -159 -124 114 -144 -144 -158 -119 -171 167 -152 -177 138 -154 -163 -159 -142 102 -170 113 151 159 -172 -125 160 -95 -154 150 -161 * * * * * * * * * * * * * * * * * * * * * * * * * 

1.3: 75 Count:   5.6 (  7.4) A:   2.1 (  0.0) B:  11.3 (  0.4) Phase: -10 (1) 
Count:  49.6  33.5  25.4  26.9  21.0  15.1  15.0  15.0  16.5  14.1  15.2  11.9   8.3   7.0   6.5   7.3   7.8   6.4   6.7   8.5  10.1   7.0   5.4   5.2   6.8   6.0   4.8   5.4   4.8   5.0   5.6   5.2   5.2   4.3   4.5   4.3   4.5   4.1   4.2   4.8   5.6   5.3   4.9   4.4   4.4   4.6   4.6   4.3   4.3   5.3   4.6   4.0   4.9   3.9   3.0   3.1   4.4   3.4   3.8   3.2   3.8   4.2   3.8   4.1   3.7   4.1   3.8   3.2   4.5   4.0   3.2   3.3   2.5   2.7   2.4   0.0   0.0   0.0   0.0   0.0   0.0   0.0   0.0   0.0   0.0   0.0   0.0   0.0   0.0   0.0   0.0   0.0   0.0   0.0   0.0   0.0   0.0   0.0   0.0   0.0 

1.4: 75 Count:  43.7 ( 29.9) A:   2.1 (  0.1) B:  16.6 (  0.4) Phase: 9 (11) 
Count:  99.2  98.1  96.6  96.2  94.6  89.3  90.3  89.5  90.8  87.1  88.8  85.6  73.6  69.1  66.5  68.6  73.4  66.4  68.1  73.2  78.9  69.9  58.8  57.5  66.8  62.9  56.2  58.4  53.6  53.8  62.2  58.7  55.9  49.3  51.4  49.4  48.1  48.1  47.4  53.5  57.2  56.8  50.8  48.5  49.7  51.7  49.8  47.0  47.5  55.0  50.8  47.2  51.6  45.4  37.3  37.7  50.0  42.3  44.5  37.3  44.0  50.5  44.4  45.9  44.6  45.9  40.7  39.2  50.7  46.5  36.1  37.3  30.1  27.4  25.8   0.0   0.0   0.0   0.0   0.0   0.0   0.0   0.0   0.0   0.0   0.0   0.0   0.0   0.0   0.0   0.0   0.0   0.0   0.0   0.0   0.0   0.0   0.0   0.0   0.0 
Phase: 4 5 6 -83 7 8 8 8 7 8 8 8 10 10 10 10 10 10 11 10 9 10 11 11 10 11 12 11 11 11 11 11 11 12 12 12 12 12 12 11 11 11 11 12 12 11 11 12 11 11 12 12 11 12 12 12 12 12 12 12 12 11 12 12 12 12 12 12 12 12 12 12 12 13 13 * * * * * * * * * * * * * * * * * * * * * * * * * 

1.5: 75 Count:  47.2 ( 31.2) A:   2.1 (  0.1) B:  16.1 (  0.4) Phase: 22 (50) 
Count:  99.3  98.6  97.3  97.1  96.0  91.6  92.4  92.0  93.3  90.1  91.6  88.6  78.5  74.1  71.6  73.8  78.1  70.9  73.5  78.3  83.5  75.1  64.1  63.4  72.0  68.2  61.6  64.2  59.8  59.2  67.8  63.7  61.6  55.1  57.2  55.2  53.5  53.6  52.7  58.5  62.1  62.7  56.1  53.6  55.7  57.2  55.8  52.4  52.6  60.5  55.9  52.2  57.4  50.6  42.2  42.7  55.4  47.6  49.5  41.4  49.0  55.8  49.5  51.0  50.2  51.3  45.8  44.5  55.6  51.8  40.6  41.7  34.5  31.5  29.8   0.0   0.0   0.0   0.0   0.0   0.0   0.0   0.0   0.0   0.0   0.0   0.0   0.0   0.0   0.0   0.0   0.0   0.0   0.0   0.0   0.0   0.0   0.0   0.0   0.0 
Phase: -5 -6 -5 -5 -5 -6 59 53 53 59 66 77 88 83 99 112 103 117 122 -6 -6 -6 125 128 124 131 -6 131 -6 -6 138 140 -7 -6 -6 -6 -6 -6 -6 -6 -6 -6 -6 -6 -7 -6 -6 -6 -6 -6 -6 -6 -6 -6 -7 -7 -7 -7 -6 -6 -7 -6 -6 -7 -7 -6 -7 -6 -6 -6 -7 -7 -7 -7 -7 * * * * * * * * * * * * * * * * * * * * * * * * * 

1.6: 75 Count:   6.4 (  6.8) A:   2.2 (  0.0) B:  11.0 (  0.3) Phase: -5 (1) 
Count:  45.2  30.7  24.0  24.4  21.0  15.3  15.0  14.8  16.4  14.2  16.1  12.9   9.1   8.0   7.7   8.3   9.1   7.7   7.8   9.2  11.1   8.4   6.7   6.6   8.2   7.4   6.4   6.9   6.2   6.0   7.3   6.7   6.4   5.6   5.8   5.7   6.0   5.9   6.1   6.5   7.0   7.0   6.9   6.2   5.9   6.5   6.1   6.4   6.1   7.0   6.3   5.3   6.3   5.4   4.6   4.8   6.0   4.8   5.3   4.5   5.4   5.7   5.3   5.4   5.2   5.3   5.0   4.6   5.8   5.2   4.2   4.9   4.1   3.7   3.6   0.0   0.0   0.0   0.0   0.0   0.0   0.0   0.0   0.0   0.0   0.0   0.0   0.0   0.0   0.0   0.0   0.0   0.0   0.0   0.0   0.0   0.0   0.0   0.0   0.0 

1.7: 75 Count:   1.3 (  0.8) A:   2.4 (  0.1) B:   4.2 (  0.1) Phase: 21 (31) 
Phase: 4 10 2 5 22 20 10 12 4 23 31 -8 35 10 3 13 -4 32 24 -1 -12 -7 32 32 -13 -3 17 -16 -13 -7 24 17 19 22 22 -14 30 38 30 22 22 3 22 29 -5 -12 -3 30 -14 4 25 10 25 22 21 31 138 46 33 21 -1 22 34 11 21 -6 23 30 2 31 31 134 129 137 31 * * * * * * * * * * * * * * * * * * * * * * * * * 

1.8: 75 Count:   1.0 (  0.6) A:   2.6 (  0.1) B:   4.0 (  0.1) Phase: -178 (11) 
Phase: -134 -147 -161 -156 -167 166 -161 -166 166 -176 -164 -159 -170 168 173 -171 -172 -164 -167 -172 -173 168 167 -170 173 -170 170 169 172 175 172 -173 167 171 -173 174 175 -177 -172 -172 171 -176 -167 -171 -173 174 -170 -172 172 170 169 169 -173 175 179 -175 173 175 169 -178 172 -176 -167 -171 177 -177 -174 -174 169 -173 175 -174 -178 -178 175 * * * * * * * * * * * * * * * * * * * * * * * * * 

1.9: 75 Count:   5.3 (  3.6) A:   2.3 (  0.0) B:   8.0 (  0.2) Phase: -1 (1) 
2.0: 75 Count:  17.8 ( 14.8) A:   2.2 (  0.0) B:  11.1 (  0.4) Phase: 6 (1) 
Count:  75.9  63.8  55.9  55.2  49.2  40.3  41.4  40.5  42.7  38.1  39.9  35.7  26.4  24.8  23.6  25.5  28.2  23.4  23.7  27.4  30.6  25.8  21.0  20.3  24.2  22.4  19.6  20.4  18.6  18.8  22.1  21.6  19.5  17.4  18.9  17.4  17.5  18.2  18.9  20.2  21.8  21.9  18.9  17.8  18.1  19.0  18.8  17.9  17.6  20.3  18.9  17.6  19.1  16.1  14.1  14.6  18.5  15.8  16.7  14.2  16.2  18.4  16.6  17.5  15.7  16.6  15.1  14.4  17.0  16.2  13.3  14.1  12.1  12.6  11.5   0.0   0.0   0.0   0.0   0.0   0.0   0.0   0.0   0.0   0.0   0.0   0.0   0.0   0.0   0.0   0.0   0.0   0.0   0.0   0.0   0.0   0.0   0.0   0.0   0.0 

2.1: 75 Count:  16.0 ( 13.6) A:   2.2 (  0.0) B:  10.6 (  0.4) Phase: -5 (1) 
Count:  72.2  59.5  51.3  51.0  44.1  36.2  36.6  36.4  38.3  33.8  35.1  31.7  23.6  21.3  21.0  22.6  24.6  20.6  20.9  24.4  27.3  22.4  18.4  17.7  21.5  19.9  17.9  18.4  16.7  17.1  19.2  19.3  17.4  15.7  17.0  15.6  15.7  16.4  16.5  18.1  19.1  19.7  17.2  16.0  16.4  17.3  16.8  15.7  15.9  17.9  16.9  15.7  17.0  14.9  12.8  13.5  16.8  13.9  15.3  12.9  14.3  16.2  14.7  15.3  13.8  14.4  13.2  12.9  14.9  14.7  12.1  12.8  11.1  11.4  10.3   0.0   0.0   0.0   0.0   0.0   0.0   0.0   0.0   0.0   0.0   0.0   0.0   0.0   0.0   0.0   0.0   0.0   0.0   0.0   0.0   0.0   0.0   0.0   0.0   0.0 

2.2: 75 Count:   4.9 (  3.0) A:   2.4 (  0.0) B:   6.9 (  0.2) Phase: 0 (2) 
2.3: 75 Count:   1.6 (  0.9) A:   2.6 (  0.0) B:   3.8 (  0.1) Phase: -175 (3) 
2.4: 75 Count:   1.3 (  0.7) A:   2.6 (  0.1) B:   4.0 (  0.1) Phase: 176 (5) 
2.5: 75 Count:   2.6 (  1.6) A:   2.4 (  0.0) B:   6.4 (  0.2) Phase: 0 (3) 
2.6: 75 Count:   5.4 (  5.7) A:   2.2 (  0.1) B:   8.4 (  0.3) Phase: 4 (2) 
Count:  39.3  25.9  19.8  19.6  16.0  11.9  11.9  11.7  12.8  10.7  11.9  10.2   7.3   6.6   6.3   6.6   7.3   6.1   6.4   7.5   8.8   6.9   5.8   5.5   6.8   6.6   5.7   5.8   5.6   5.3   5.8   5.9   5.5   5.2   5.2   5.2   5.4   5.2   4.9   5.7   6.4   6.6   5.5   5.4   5.5   5.7   5.7   5.2   5.3   6.2   5.4   5.1   5.6   4.9   4.1   4.3   5.1   4.8   4.7   4.1   4.6   5.1   4.4   4.6   4.6   4.8   4.2   4.2   5.0   4.7   3.8   3.9   3.6   3.8   3.4   0.0   0.0   0.0   0.0   0.0   0.0   0.0   0.0   0.0   0.0   0.0   0.0   0.0   0.0   0.0   0.0   0.0   0.0   0.0   0.0   0.0   0.0   0.0   0.0   0.0 

2.7: 75 Count:   3.6 (  3.4) A:   2.3 (  0.1) B:   7.8 (  0.3) Phase: -5 (3) 
2.8: 75 Count:   1.2 (  0.7) A:   2.4 (  0.0) B:   5.0 (  0.1) Phase: 0 (5) 
2.9: 75 Count:   0.4 (  0.3) A:   2.6 (  0.1) B:   3.3 (  0.1) Phase: 179 (2) 
3.0: 75 Count:   0.3 (  0.2) A:   2.4 (  0.1) B:   3.8 (  0.2) Phase: 173 (9) 
Phase: -175 -177 -169 -173 166 -166 -179 174 179 164 -171 -175 159 171 172 157 173 174 162 170 168 178 168 172 166 147 -177 173 162 -177 173 179 172 162 175 -168 174 173 176 170 170 173 157 176 -177 171 170 177 173 177 175 172 169 166 -177 168 165 -176 171 173 171 168 -175 164 161 178 176 176 175 168 178 178 163 169 171 * * * * * * * * * * * * * * * * * * * * * * * * * 

3.1: 75 Count:   0.7 (  0.5) A:   2.1 (  0.0) B:   5.0 (  0.2) Phase: 4 (5) 
3.2: 75 Count:   1.6 (  1.9) A:   2.0 (  0.0) B:   6.4 (  0.3) Phase: 3 (1) 
3.3: 75 Count:   0.7 (  0.7) A:   2.0 (  0.0) B:   5.4 (  0.3) Phase: -11 (3) 
3.4: 75 Count:   0.1 (  0.1) A:   2.0 (  0.0) B:   3.1 (  0.2) Phase: 5 (15) 
Phase: 7 1 1 -2 16 -8 7 7 33 6 12 10 -10 5 8 11 5 32 0 25 9 3 -10 2 15 -32 33 20 -3 15 22 -6 -12 13 16 -6 30 -9 -34 19 5 -20 9 -4 6 14 -13 -15 -11 6 -14 -12 11 12 35 30 -14 -7 20 6 4 -19 22 2 1 26 -13 15 -21 23 18 21 -20 9 8 * * * * * * * * * * * * * * * * * * * * * * * * * 

3.5: 75 Count:   0.0 (  0.0) A:   2.1 (  0.1) B:   2.4 (  0.2) Phase: -180 (6) 
Phase: -173 178 -177 -160 177 -180 -179 -172 179 167 -180 -177 -172 -175 -177 -173 -176 -180 -178 -178 -180 162 -180 177 -180 177 178 176 -180 -177 177 170 176 -180 176 -176 179 179 175 176 -178 -180 174 177 -179 -178 179 -177 -180 179 -180 176 -168 171 177 -176 179 -170 -179 -180 -173 -174 174 -180 169 173 177 169 178 173 -179 171 -172 -174 -179 * * * * * * * * * * * * * * * * * * * * * * * * * 

3.6: 75 Count:   0.1 (  0.0) A:   2.1 (  0.1) B:   3.1 (  0.4) Phase: 157 (40) 
Phase: 69 31 91 29 -151 -158 172 146 -171 -173 21 167 167 168 161 150 64 161 -176 -171 -156 105 163 155 169 135 167 165 142 162 136 -171 -165 172 174 162 169 147 -151 151 132 171 153 -176 132 131 177 152 175 -137 172 -165 140 -156 167 -168 159 147 -139 179 94 160 -154 152 -168 120 166 173 151 -172 151 174 134 152 151 * * * * * * * * * * * * * * * * * * * * * * * * * 

3.7: 75 Count:   0.3 (  0.2) A:   2.0 (  0.0) B:   4.1 (  0.2) Phase: 9 (8) 
Phase: 15 16 10 18 13 11 12 21 9 14 22 13 27 7 12 9 13 20 14 23 14 20 1 13 15 21 14 26 13 18 5 12 2 2 10 10 4 12 3 21 10 8 14 8 7 -4 1 7 7 6 15 2 4 4 3 -7 8 16 2 2 11 18 -3 -3 -5 8 15 11 1 20 -1 1 0 7 -15 * * * * * * * * * * * * * * * * * * * * * * * * * 

3.8: 75 Count:   0.7 (  0.6) A:   2.0 (  0.0) B:   4.9 (  0.3) Phase: 2 (2) 
3.9: 75 Count:   0.3 (  0.3) A:   2.0 (  0.0) B:   4.0 (  0.2) Phase: -7 (7) 
Phase: -13 -14 -16 -14 -16 -13 -26 -10 -13 -13 -15 -10 -3 -1 -16 -9 -15 -5 -11 -13 -16 0 -15 -8 -14 -4 -10 -13 -16 -15 -10 1 -3 -12 -9 -3 -2 -6 -10 -5 1 5 -2 -3 4 -8 -2 3 1 3 -8 0 2 -11 -11 3 -15 16 -19 -10 5 -3 -18 -7 -12 -4 -14 2 -10 3 -12 -4 -12 5 -2 * * * * * * * * * * * * * * * * * * * * * * * * * 

4.0: 75 Count:   0.1 (  0.1) A:   2.0 (  0.0) B:   2.7 (  0.3) Phase: 115 (65) 
Phase: 32 23 37 56 16 25 -180 -21 20 173 121 -10 123 109 150 48 4 38 129 47 -156 57 159 155 13 146 139 21 -27 161 42 133 152 -177 156 140 140 159 144 161 140 157 150 156 139 173 168 144 142 136 125 163 141 150 148 173 -177 119 -71 146 153 158 141 143 134 34 164 -57 172 150 140 37 90 159 130 * * * * * * * * * * * * * * * * * * * * * * * * * 

4.1: 73 Count:   0.0 (  0.0) A:   2.0 (  0.0) B:   2.4 (  0.3) Phase: 171 (8) 
Phase: -180 * -180 -180 166 * 168 -180 170 -180 162 167 160 176 162 162 -177 171 171 -180 -180 -180 173 163 -180 -180 145 -180 175 165 174 173 169 172 176 165 176 167 161 175 170 167 172 167 172 173 171 173 161 176 173 174 169 162 -180 176 162 150 175 -180 167 -180 170 166 167 168 156 178 178 -180 -180 165 170 171 175 * * * * * * * * * * * * * * * * * * * * * * * * * 

4.2: 73 Count:   0.0 (  0.0) A:   2.0 (  0.0) B:   3.0 (  0.6) Phase: 120 (72) 
Phase: 59 92 -134 104 -90 0 -77 145 -90 0 90 90 37 -146 90 -63 13 102 90 -25 90 117 -90 -30 111 72 91 90 94 90 111 122 129 94 156 122 -146 -26 96 136 -160 131 135 115 30 176 105 -121 171 -15 149 129 96 149 129 152 160 -169 97 104 142 90 90 90 108 -90 115 97 90 * * 90 103 96 139 * * * * * * * * * * * * * * * * * * * * * * * * * 

4.3: 75 Count:   0.1 (  0.1) A:   2.0 (  0.0) B:   3.7 (  0.3) Phase: 24 (14) 
Phase: 29 31 11 31 17 40 3 28 43 35 33 15 24 23 50 40 41 28 -2 14 15 21 1 24 30 29 21 43 30 29 37 48 31 10 6 35 21 22 26 23 -1 20 19 14 15 4 18 12 15 20 28 35 28 31 34 27 26 27 49 5 21 51 28 43 17 -21 26 32 30 9 59 8 38 19 7 * * * * * * * * * * * * * * * * * * * * * * * * * 

4.4: 75 Count:   0.2 (  0.2) A:   2.0 (  0.0) B:   4.1 (  0.3) Phase: 4 (4) 
4.5: 75 Count:   0.1 (  0.0) A:   2.0 (  0.0) B:   3.3 (  0.3) Phase: 1 (17) 
Phase: -5 -1 -10 0 -7 -5 -13 -19 1 2 15 3 -8 -51 -3 -1 -10 6 -28 11 -13 -4 -19 4 19 -15 4 3 0 -8 32 16 0 1 -18 8 14 27 -5 2 12 20 3 12 19 -6 -4 35 9 17 18 18 22 -3 -39 12 14 21 10 0 15 -6 4 -13 -19 -37 37 -13 6 12 0 -23 14 -11 41 * * * * * * * * * * * * * * * * * * * * * * * * * 

4.6: 63 Count:   0.0 (  0.0) A:   2.0 (  0.1) B:   2.3 (  0.5) Phase: 83 (51) 
Phase: 48 63 66 84 77 * * * 90 -90 63 * * * 71 * 82 79 63 139 72 127 42 * 81 90 * 63 63 63 73 70 -117 143 145 125 105 104 64 120 144 81 107 148 95 84 81 133 90 101 81 20 * 77 -66 * 13 78 81 -90 71 * 146 63 90 90 102 90 112 77 72 63 156 90 117 * * * * * * * * * * * * * * * * * * * * * * * * * 

4.7: 37 Count:   0.0 (  0.0) A:   2.0 (  0.0) B:   2.0 (  0.2) Phase: 162 (21) 
Phase: * * * * * * * * * * * * -180 * * * * * * -180 -180 153 153 * 117 * * -180 * 153 * * 117 153 153 -180 -180 * 166 117 157 145 172 * 169 153 -180 153 129 -180 153 -180 * 137 -180 * * * * * * * * * * -180 117 -180 -180 * 153 -180 -180 -180 -180 * * * * * * * * * * * * * * * * * * * * * * * * * 

4.8: 66 Count:   0.0 (  0.0) A:   2.0 (  0.0) B:   2.7 (  0.5) Phase: 53 (63) 
Phase: -12 -26 74 -63 90 -63 * 90 * -63 -51 90 * 76 * * -44 -27 15 90 * -90 144 74 146 -93 63 * 66 111 90 90 67 71 90 49 63 61 73 89 108 82 138 82 103 81 45 99 77 131 88 79 90 139 90 90 83 89 0 -15 -63 -28 * * 46 90 25 63 66 -90 90 95 0 94 134 * * * * * * * * * * * * * * * * * * * * * * * * * 

4.9: 75 Count:   0.1 (  0.1) A:   2.0 (  0.0) B:   3.6 (  0.2) Phase: 14 (14) 
Phase: 27 30 11 26 34 5 40 33 30 13 20 26 33 39 33 23 13 11 27 1 28 8 32 20 6 27 29 -11 12 22 8 -22 30 6 25 8 20 30 15 -3 -15 19 15 4 -10 8 -4 16 0 13 8 13 21 14 14 4 4 12 23 -11 -1 16 20 23 12 4 -6 7 29 2 11 17 22 -4 -9 * * * * * * * * * * * * * * * * * * * * * * * * * 

5.0: 75 Count:   0.1 (  0.1) A:   2.0 (  0.0) B:   3.7 (  0.2) Phase: 1 (5) 
5.1: 75 Count:   0.1 (  0.1) A:   2.0 (  0.0) B:   2.9 (  0.2) Phase: 11 (19) 
Phase: 2 -1 -3 -3 -8 4 -13 35 2 -1 -17 2 28 19 20 20 -23 -6 -8 -19 13 -2 52 19 -11 32 23 14 -10 24 3 18 28 3 53 9 10 22 3 20 5 5 31 6 -3 -2 29 9 35 -8 12 18 -8 25 26 31 -1 -7 27 -13 -17 4 14 22 25 -1 16 8 30 11 18 30 52 77 -21 * * * * * * * * * * * * * * * * * * * * * * * * * 

5.2: 70 Count:   0.0 (  0.0) A:   2.0 (  0.0) B:   2.5 (  0.4) Phase: 128 (23) 
Phase: 110 84 133 63 153 124 116 141 137 129 90 90 153 * 120 90 -176 * 90 145 124 * 112 164 152 146 127 132 130 171 154 131 111 140 119 144 170 119 140 150 139 136 132 139 124 140 130 133 126 159 112 121 152 136 129 133 155 134 106 140 131 96 108 147 121 90 * 147 135 * 113 89 114 127 90 * * * * * * * * * * * * * * * * * * * * * * * * * 

5.3: 67 Count:   0.0 (  0.0) A:   2.0 (  0.1) B:   2.0 (  0.1) Phase: 164 (16) 
Phase: 154 153 147 176 153 -153 153 -180 161 * -162 153 168 * * * -180 -180 177 166 -180 117 -180 * 168 -178 129 161 -180 141 147 142 178 162 167 156 161 161 160 168 165 154 152 172 156 154 169 167 161 163 168 159 162 169 158 167 153 177 169 -180 -180 -180 172 -180 153 -180 135 * -180 117 * 160 177 * 170 * * * * * * * * * * * * * * * * * * * * * * * * * 

5.4: 75 Count:   0.1 (  0.1) A:   2.0 (  0.0) B:   2.7 (  0.2) Phase: 107 (33) 
Phase: 57 57 42 81 85 147 137 125 24 -1 62 69 74 162 151 134 127 78 54 84 25 122 135 116 118 138 103 45 72 91 119 109 93 115 107 136 130 151 132 135 130 136 123 129 128 108 124 113 139 129 108 137 119 130 114 144 113 101 113 123 112 144 119 92 122 125 90 80 132 51 106 122 127 103 110 * * * * * * * * * * * * * * * * * * * * * * * * * 

5.5: 75 Count:   0.3 (  0.2) A:   2.0 (  0.0) B:   3.2 (  0.1) Phase: 6 (11) 
Phase: 14 19 7 16 22 15 5 0 16 8 1 23 22 5 3 11 12 24 5 17 11 11 -12 -1 -6 2 3 1 10 9 7 11 18 7 4 -4 -8 3 3 -6 -5 -1 -8 7 18 14 -9 20 -6 4 8 9 7 -16 24 -7 0 27 -2 7 15 -1 15 11 0 -1 -11 3 -17 9 -9 -6 -1 -17 27 * * * * * * * * * * * * * * * * * * * * * * * * * 

5.6: 75 Count:   0.4 (  0.3) A:   2.0 (  0.0) B:   3.2 (  0.1) Phase: 3 (7) 
Phase: -1 2 0 -1 0 -4 -1 0 2 -1 -6 2 1 -5 -1 7 3 8 6 0 3 3 -2 1 1 9 0 4 3 9 7 2 12 -4 14 6 2 8 1 -2 10 8 2 4 20 13 -6 16 0 6 9 -7 4 2 2 4 0 20 -4 6 28 -3 3 3 -7 -4 -6 2 3 9 9 -5 5 -2 15 * * * * * * * * * * * * * * * * * * * * * * * * * 

5.7: 75 Count:   0.5 (  0.6) A:   2.0 (  0.0) B:   2.5 (  0.2) Phase: 48 (63) 
Phase: -8 -3 -1 -6 25 0 2 3 6 6 -1 26 22 35 19 4 5 13 3 22 -2 9 164 10 20 24 12 31 -1 140 5 0 18 66 39 164 37 47 179 9 29 156 155 146 45 31 165 40 149 13 59 170 52 138 170 179 -178 12 7 33 48 0 5 -176 174 3 9 4 13 55 -18 40 17 -21 45 * * * * * * * * * * * * * * * * * * * * * * * * * 

5.8: 75 Count:   0.3 (  0.6) A:   2.0 (  0.0) B:   2.4 (  0.2) Phase: 173 (9) 
Phase: 179 157 -180 177 160 -180 178 -179 -176 -178 177 174 -175 176 175 -176 -176 177 178 -176 163 -163 166 -180 171 -176 165 165 155 172 165 -179 169 160 156 172 174 172 164 177 167 159 160 167 173 162 165 156 164 172 170 156 164 172 174 179 -179 179 -178 -173 174 -178 -176 -178 -179 -179 -179 -175 176 176 165 162 171 173 176 * * * * * * * * * * * * * * * * * * * * * * * * * 

5.9: 75 Count:   0.5 (  1.2) A:   2.0 (  0.0) B:   2.2 (  0.1) Phase: 178 (7) 
Phase: -173 133 174 -176 179 -177 -175 -180 179 -176 -179 -178 179 173 -174 -179 -176 -177 179 173 170 -180 -180 174 177 -177 -179 174 -179 179 169 177 178 176 179 178 179 -178 177 -180 178 175 172 173 175 171 166 177 176 176 179 178 173 176 -178 -178 -178 -178 175 177 -176 176 -179 -175 -179 -178 -176 -178 -177 -178 177 173 -180 179 179 * * * * * * * * * * * * * * * * * * * * * * * * * 

6.0: 75 Count:   1.3 (  2.1) A:   2.0 (  0.0) B:   2.4 (  0.2) Phase: 153 (61) 
Phase: -5 -4 1 5 12 -170 -172 -169 -173 -168 -173 -176 166 179 -162 -172 -174 -171 175 7 11 -169 -14 -177 179 -169 172 165 176 -178 21 -161 18 -178 162 -172 172 -172 175 173 164 163 159 155 178 175 52 161 163 167 168 154 169 140 -168 -178 -176 -176 -179 173 168 -175 -174 -172 -179 -175 -171 -177 -180 178 174 -176 -180 172 -174 * * * * * * * * * * * * * * * * * * * * * * * * * 

6.1: 75 Count:   2.0 (  2.7) A:   2.0 (  0.0) B:   2.7 (  0.1) Phase: 0 (5) 
6.2: 75 Count:   1.2 (  1.4) A:   2.0 (  0.0) B:   2.6 (  0.1) Phase: 0 (5) 
6.3: 75 Count:   0.3 (  0.2) A:   2.0 (  0.0) B:   2.3 (  0.1) Phase: 138 (61) 
Phase: 32 6 21 22 13 -10 -174 173 169 13 -163 24 38 -156 -168 163 174 -170 172 162 159 12 132 -171 164 158 171 29 162 151 145 154 166 169 161 179 172 169 173 170 1 43 167 159 -170 134 5 167 162 150 172 147 162 150 166 171 -178 169 162 29 168 160 164 -171 170 164 170 174 166 -169 169 154 -179 164 168 * * * * * * * * * * * * * * * * * * * * * * * * * 

6.4: 75 Count:   0.0 (  0.0) A:   2.0 (  0.0) B:   2.1 (  0.1) Phase: 176 (8) 
Phase: 160 166 167 175 163 172 174 -173 -177 168 176 179 166 -177 -175 175 174 -173 171 -180 -179 173 -179 173 177 177 -173 -167 173 167 174 -177 166 178 -171 175 174 -170 -180 167 175 171 174 177 -163 164 -173 175 -176 171 164 164 -179 172 176 174 176 177 172 -167 169 170 167 -177 -179 175 175 179 174 178 171 168 -180 178 -174 * * * * * * * * * * * * * * * * * * * * * * * * * 

6.5: 75 Count:   0.0 (  0.0) A:   2.0 (  0.1) B:   2.2 (  0.2) Phase: 177 (11) 
Phase: -166 -172 -173 178 153 164 -169 176 -169 -177 161 167 131 172 157 -167 165 149 -175 -180 -180 -167 177 -168 172 174 167 176 159 -174 175 -175 -168 160 -175 -175 -173 -176 177 169 172 172 -180 -171 175 163 173 178 177 -173 171 173 -178 -177 162 -172 -177 178 171 -160 -177 -174 -176 170 167 175 178 -180 -174 179 175 173 -177 -180 172 * * * * * * * * * * * * * * * * * * * * * * * * * 

6.6: 75 Count:   0.1 (  0.1) A:   2.0 (  0.0) B:   2.3 (  0.1) Phase: 140 (65) 
Phase: 138 -19 0 -178 35 -4 151 13 -4 169 13 148 151 125 156 -25 179 173 -158 4 -10 161 170 167 165 -158 -179 -162 -161 162 143 150 -178 169 166 168 153 146 -163 154 -168 169 157 -177 174 161 142 12 -180 -164 5 -175 -177 142 -168 164 170 -172 169 177 150 131 178 161 -162 146 -172 139 171 166 -169 168 30 158 -170 * * * * * * * * * * * * * * * * * * * * * * * * * 

6.7: 75 Count:   0.2 (  0.1) A:   2.0 (  0.0) B:   2.5 (  0.1) Phase: 0 (11) 
Phase: 9 1 2 1 0 4 -3 2 1 -4 1 -12 16 25 23 6 7 -5 -8 -12 0 -12 13 11 9 -7 8 -8 -5 4 19 -6 2 17 4 1 -13 8 5 8 -7 14 -15 5 -16 5 17 1 3 -3 0 3 4 -7 11 -12 -4 -9 -11 -16 -15 -10 -14 8 -22 -2 0 -23 7 8 -1 25 -20 -18 4 * * * * * * * * * * * * * * * * * * * * * * * * * 

6.8: 75 Count:   0.1 (  0.1) A:   2.0 (  0.0) B:   2.5 (  0.2) Phase: 4 (12) 
Phase: -3 -5 -1 -8 0 -12 -7 2 -9 3 -2 -3 -13 10 9 -17 -10 4 0 -22 -4 14 15 0 24 2 21 -24 5 32 22 0 0 14 16 -4 -9 -3 23 7 -6 22 40 12 -3 18 8 15 4 15 18 -5 -16 11 -6 0 -3 10 13 11 2 -1 5 16 -9 7 0 16 10 13 15 23 1 -4 -10 * * * * * * * * * * * * * * * * * * * * * * * * * 

6.9: 75 Count:   0.1 (  0.1) A:   2.0 (  0.0) B:   2.4 (  0.2) Phase: -179 (32) 
Phase: 142 -178 -39 178 -167 25 -172 -157 -167 -151 166 169 -166 122 163 -138 -175 -135 166 -170 -170 173 -171 164 159 171 165 174 170 165 143 -164 -113 178 153 -142 166 142 -129 -177 -165 -178 179 -180 174 -173 -158 134 -179 178 179 -161 176 -143 -165 -170 157 168 -173 -176 -178 154 -169 176 -134 -178 -179 -176 160 172 -176 179 173 -162 167 * * * * * * * * * * * * * * * * * * * * * * * * * 

7.0: 75 Count:   0.2 (  0.2) A:   2.0 (  0.1) B:   2.1 (  0.1) Phase: 179 (3) 
7.1: 75 Count:   1.0 (  1.2) A:   2.0 (  0.0) B:   2.5 (  0.1) Phase: 178 (3) 
7.2: 75 Count:   4.1 (  3.9) A:   2.1 (  0.0) B:   2.9 (  0.2) Phase: 176 (5) 
7.3: 75 Count:   6.7 (  6.0) A:   2.1 (  0.1) B:   3.4 (  0.3) Phase: -153 (67) 
Count:  10.7   8.4   9.9   9.7   7.7   4.8   3.7   4.4   9.3  14.0  10.1   3.0   0.9   1.1   1.8   2.9   4.8   6.8   5.2   4.6   7.6  12.5  15.0  19.0  22.3  18.9  15.2  11.1   9.9  13.2  15.0  11.3   5.9   4.7   6.3   6.7   6.6   6.0   5.0   5.3   3.8   2.6   3.3   5.6   9.5  14.7  13.4   7.8   5.7   9.4  11.5  11.5  16.6  20.4  20.8  16.5  11.5   8.6   4.4   2.8   4.4   8.7  15.9  21.7  17.7  11.3   9.4   5.2   4.1   3.4   3.6   4.4   5.1   5.8   6.7   0.0   0.0   0.0   0.0   0.0   0.0   0.0   0.0   0.0   0.0   0.0   0.0   0.0   0.0   0.0   0.0   0.0   0.0   0.0   0.0   0.0   0.0   0.0   0.0   0.0 
Phase: 2 -3 -8 139 -6 -6 -4 -11 -141 168 160 -13 6 -11 -11 10 143 165 159 143 163 168 169 173 175 173 171 -171 172 -173 -172 -170 -163 -145 -167 -172 168 166 -167 162 158 -137 159 -166 -170 175 -174 -165 -144 170 169 172 175 175 177 -177 173 173 -170 -142 -169 -172 173 175 175 173 172 173 -167 -164 -164 -169 -171 172 169 * * * * * * * * * * * * * * * * * * * * * * * * * 

7.4: 75 Count:   7.1 (  6.6) A:   2.1 (  0.1) B:   3.4 (  0.2) Phase: 163 (18) 
Count:   9.5   7.8   9.7   9.6   7.5   4.5   3.5   3.9   9.6  14.5  10.3   2.6   0.8   0.9   1.5   2.9   5.1   7.8   5.6   4.0   6.6  12.1  15.9  20.7  24.7  20.8  16.6  11.5  11.0  15.1  16.9  12.9   6.5   5.1   6.5   7.5   7.7   6.8   5.7   5.6   4.2   2.5   3.5   6.1  10.5  15.4  14.0   8.3   5.4   8.7  10.8  11.9  18.0  22.8  22.9  17.9  13.4   9.3   4.9   2.6   4.2   8.8  17.6  24.3  19.9  12.4   9.5   5.5   4.2   4.0   4.2   5.6   5.2   6.2   7.5   0.0   0.0   0.0   0.0   0.0   0.0   0.0   0.0   0.0   0.0   0.0   0.0   0.0   0.0   0.0   0.0   0.0   0.0   0.0   0.0   0.0   0.0   0.0   0.0   0.0 
Phase: 160 161 164 164 165 163 164 167 173 170 165 161 164 15 139 140 161 169 157 149 161 165 166 171 173 169 171 168 166 168 170 170 168 169 169 166 165 159 159 160 151 156 159 163 171 172 168 167 167 166 165 164 171 174 173 173 170 167 163 167 165 166 169 172 171 168 166 164 170 165 169 162 164 168 164 * * * * * * * * * * * * * * * * * * * * * * * * * 

7.5: 75 Count:   4.8 (  4.9) A:   2.1 (  0.1) B:   3.0 (  0.2) Phase: 176 (4) 
7.6: 75 Count:   3.0 (  3.5) A:   2.1 (  0.0) B:   2.1 (  0.0) Phase: 178 (1) 
7.7: 75 Count:   0.7 (  0.7) A:   2.0 (  0.0) B:   2.5 (  0.1) Phase: 177 (3) 
7.8: 75 Count:   0.5 (  0.3) A:   2.0 (  0.0) B:   2.6 (  0.1) Phase: -173 (9) 
Phase: 171 -168 -174 -166 -179 -171 -160 -163 -169 -171 -168 -164 163 -165 -166 -180 -164 -166 171 -157 -179 -178 -178 -178 172 -164 -179 -163 -166 -164 -174 -169 171 -165 -180 -156 178 174 -180 178 -176 175 -164 -176 -162 -167 -178 -179 -170 -177 -168 -170 -166 -175 -167 179 -159 -166 -162 -174 177 -165 -171 -169 -176 -180 -160 -168 175 -173 -172 179 179 176 179 * * * * * * * * * * * * * * * * * * * * * * * * * 

7.9: 75 Count:   0.5 (  0.3) A:   2.0 (  0.0) B:   2.7 (  0.1) Phase: -36 (62) 
Phase: -4 -13 3 0 0 -4 -3 -7 -9 -10 -7 -3 8 -19 -16 14 -14 19 12 -7 -10 21 -8 -129 -6 -16 -19 -23 -31 -122 0 -13 7 10 -10 -117 -120 -7 -11 -15 -20 30 6 22 -12 -117 -10 -14 21 -5 -16 -114 -11 -11 -107 121 -106 -101 -139 -117 140 -125 -124 -114 -134 -120 -100 -121 31 -117 -135 -144 6 -147 -135 * * * * * * * * * * * * * * * * * * * * * * * * * 

8.0: 75 Count:   0.5 (  0.3) A:   2.0 (  0.0) B:   2.8 (  0.1) Phase: 149 (18) 
Phase: 10 168 155 158 159 153 139 150 140 150 159 150 132 145 149 133 161 157 158 154 150 148 150 159 164 162 155 143 160 154 154 157 154 161 164 175 154 150 158 153 148 143 144 146 153 144 146 152 146 149 131 147 150 139 143 144 155 154 151 157 157 159 139 150 164 141 145 159 140 165 152 151 155 146 168 * * * * * * * * * * * * * * * * * * * * * * * * * 

8.1: 75 Count:   0.5 (  0.3) A:   2.0 (  0.0) B:   2.6 (  0.1) Phase: 178 (4) 
8.2: 75 Count:   0.6 (  0.4) A:   2.1 (  0.0) B:   2.0 (  0.0) Phase: 178 (1) 
8.3: 75 Count:   0.9 (  0.5) A:   2.1 (  0.0) B:   2.5 (  0.1) Phase: 176 (3) 
8.4: 75 Count:   1.8 (  1.0) A:   2.1 (  0.0) B:   2.9 (  0.1) Phase: -175 (3) 
8.5: 75 Count:   2.3 (  1.4) A:   2.1 (  0.0) B:   3.4 (  0.1) Phase: 177 (8) 
Phase: 156 160 167 159 163 169 170 -171 171 -167 -163 171 173 171 174 170 176 -174 -172 170 -166 172 169 173 -174 170 -167 173 -178 168 -177 174 -175 -176 -175 -177 -176 174 175 175 -178 -176 169 -174 -172 175 176 172 173 170 -174 168 175 179 170 177 174 -178 -178 176 171 -177 174 -174 176 -178 -177 -175 174 178 174 173 175 -177 176 * * * * * * * * * * * * * * * * * * * * * * * * * 

8.6: 75 Count:   2.9 (  1.7) A:   2.2 (  0.0) B:   3.1 (  0.1) Phase: 170 (3) 
8.7: 75 Count:   2.8 (  1.7) A:   2.3 (  0.0) B:   2.7 (  0.0) Phase: 176 (1) 
8.8: 75 Count:   3.5 (  2.1) A:   2.3 (  0.0) B:   2.2 (  0.0) Phase: 177 (0) 
8.9: 75 Count:   3.1 (  1.8) A:   2.3 (  0.0) B:   2.9 (  0.0) Phase: 176 (1) 
9.0: 75 Count:   4.0 (  2.4) A:   2.3 (  0.0) B:   3.4 (  0.1) Phase: -178 (3) 
9.1: 75 Count:   7.5 (  5.5) A:   2.4 (  0.0) B:   3.6 (  0.1) Phase: 177 (4) 
Count:   6.2   5.6   5.7   6.7   8.7   8.0   7.1   7.6   8.4   8.0   8.2   8.2   8.4   8.8   9.4   9.8  10.3   9.5   9.3  10.5  13.6  14.5  15.1  14.3  15.3  16.5  17.7  18.2  17.6  15.8  14.2  13.9  13.7  14.7  13.0  13.5  10.9   8.3   7.4   6.5   6.7   6.5   6.1   6.5   6.4   6.4   6.0   6.0   5.7   5.8   5.7   5.6   5.5   5.8   6.1   6.4   6.3   7.4  10.7  13.8  14.3  17.1  16.9  17.6  15.9  12.9  11.2  10.0   8.6   7.7   9.3  13.2   9.5   8.4   6.7   0.0   0.0   0.0   0.0   0.0   0.0   0.0   0.0   0.0   0.0   0.0   0.0   0.0   0.0   0.0   0.0   0.0   0.0   0.0   0.0   0.0   0.0   0.0   0.0   0.0 

9.2: 75 Count:  16.2 ( 12.2) A:   2.5 (  0.1) B:   3.4 (  0.1) Phase: 178 (5) 
Count:  14.5  13.0  14.8  18.7  24.2  20.8  18.5  19.3  20.9  19.1  19.1  18.3  19.4  19.1  22.2  23.6  23.6  23.2  21.5  25.2  29.9  30.2  30.9  29.7  30.2  32.5  35.4  35.9  34.9  32.6  30.9  29.4  30.0  30.8  28.8  28.9  25.6  18.9  13.7  12.0  12.3  11.9   9.9  10.0   9.5   9.8   9.0   8.8   9.0   9.4   8.8   8.9   8.9   9.4  11.6  13.0  10.8  15.5  27.4  35.2  36.6  38.9  37.0  37.3  34.5  28.4  26.2  23.6  20.0  17.5  21.2  29.2  21.3  17.5  13.0   0.0   0.0   0.0   0.0   0.0   0.0   0.0   0.0   0.0   0.0   0.0   0.0   0.0   0.0   0.0   0.0   0.0   0.0   0.0   0.0   0.0   0.0   0.0   0.0   0.0 

9.3: 75 Count:  27.8 ( 19.5) A:   2.8 (  0.3) B:   3.1 (  0.2) Phase: -180 (3) 
Count:  30.3  29.3  33.0  40.6  46.8  42.4  38.1  38.8  38.1  36.2  32.6  32.3  30.2  31.6  37.4  39.2  40.8  41.4  36.7  41.4  46.0  46.2  46.8  45.5  45.5  48.0  52.1  52.6  51.4  49.1  47.6  46.2  46.2  47.6  45.1  45.0  42.5  34.4  24.0  20.9  22.5  22.3  19.2  17.3  16.3  17.5  16.3  16.7  18.3  19.4  20.2  20.1  19.6  20.5  25.6  25.8  21.1  31.8  52.1  61.7  63.3  60.9  59.0  58.4  53.3  46.8  45.8  43.9  36.6  32.1  37.4  47.0  36.3  30.8  24.5   0.0   0.0   0.0   0.0   0.0   0.0   0.0   0.0   0.0   0.0   0.0   0.0   0.0   0.0   0.0   0.0   0.0   0.0   0.0   0.0   0.0   0.0   0.0   0.0   0.0 

9.4: 75 Count:  37.6 ( 24.1) A:   3.0 (  0.3) B:   3.1 (  0.3) Phase: -180 (3) 
Count:  47.9  47.4  52.8  59.6  62.8  59.3  54.5  54.2  52.1  49.0  46.4  43.6  43.0  43.9  50.2  54.1  54.5  53.5  51.0  54.1  59.1  57.3  54.8  54.0  55.6  59.7  62.9  62.8  61.9  60.8  57.9  57.5  58.1  59.5  56.4  57.8  53.9  48.2  36.3  32.1  33.4  33.6  30.6  28.9  27.4  29.6  28.6  30.2  32.9  36.1  38.5  36.4  33.7  35.7  41.0  39.8  34.4  47.1  66.1  73.6  75.4  71.7  69.7  68.0  64.1  58.2  58.7  58.5  52.3  46.9  50.5  58.3  49.3  42.7  36.5   0.0   0.0   0.0   0.0   0.0   0.0   0.0   0.0   0.0   0.0   0.0   0.0   0.0   0.0   0.0   0.0   0.0   0.0   0.0   0.0   0.0   0.0   0.0   0.0   0.0 

9.5: 75 Count:  37.2 ( 23.6) A:   3.3 (  0.3) B:   3.8 (  0.3) Phase: -179 (3) 
Count:  48.0  49.0  56.4  61.6  64.2  61.1  55.8  54.1  51.2  47.3  46.2  43.1  42.4  42.6  49.1  53.5  53.7  52.0  51.2  53.5  58.1  54.4  50.6  49.6  53.0  57.4  60.7  59.6  58.6  58.2  56.4  56.3  58.1  58.6  55.6  57.6  53.4  48.6  36.9  31.9  32.0  32.2  31.0  31.4  29.8  31.4  31.0  32.2  35.0  37.6  40.9  37.9  35.7  37.4  41.7  40.2  34.7  46.4  63.4  70.3  71.4  68.5  66.6  65.7  61.6  57.1  58.9  59.5  54.1  47.3  49.4  55.6  47.0  40.6  35.0   0.0   0.0   0.0   0.0   0.0   0.0   0.0   0.0   0.0   0.0   0.0   0.0   0.0   0.0   0.0   0.0   0.0   0.0   0.0   0.0   0.0   0.0   0.0   0.0   0.0 

9.6: 75 Count:  36.8 ( 22.8) A:   3.3 (  0.3) B:   4.2 (  0.3) Phase: -179 (3) 
Count:  49.1  51.6  58.7  63.6  65.3  62.0  56.8  53.2  50.2  46.4  45.6  43.2  42.5  42.5  48.8  52.7  53.3  51.7  51.6  53.9  55.4  50.7  47.3  46.7  49.6  53.6  56.5  56.2  53.5  54.6  54.3  55.7  57.7  57.8  54.7  55.8  52.1  47.9  38.0  32.7  31.7  32.0  32.3  33.6  33.5  34.8  34.6  36.1  38.0  40.2  42.8  40.3  39.0  39.4  42.1  40.4  36.5  45.3  59.1  64.9  65.3  63.7  61.4  60.8  57.5  55.3  58.3  60.1  55.4  48.4  49.0  53.2  44.6  38.9  35.0   0.0   0.0   0.0   0.0   0.0   0.0   0.0   0.0   0.0   0.0   0.0   0.0   0.0   0.0   0.0   0.0   0.0   0.0   0.0   0.0   0.0   0.0   0.0   0.0   0.0 

9.7: 75 Count:  34.5 ( 21.3) A:   3.1 (  0.3) B:   4.2 (  0.2) Phase: -179 (2) 
Count:  48.1  51.5  58.5  62.9  64.5  61.0  55.3  50.5  46.0  43.3  42.2  40.2  38.4  38.2  45.7  49.0  49.6  48.4  49.2  51.1  50.6  44.0  40.0  40.1  43.9  46.3  49.4  48.6  45.5  47.8  49.7  52.8  54.8  55.6  51.9  51.4  48.1  43.8  35.1  29.5  28.0  29.4  30.6  33.0  34.2  35.8  37.3  38.6  39.6  39.9  42.3  40.4  39.3  39.9  41.3  39.0  36.2  43.8  54.1  58.1  58.1  57.4  53.9  53.1  51.3  51.9  56.4  58.1  53.8  46.6  45.9  48.1  40.3  35.8  32.4   0.0   0.0   0.0   0.0   0.0   0.0   0.0   0.0   0.0   0.0   0.0   0.0   0.0   0.0   0.0   0.0   0.0   0.0   0.0   0.0   0.0   0.0   0.0   0.0   0.0 

9.8: 75 Count:  29.1 ( 18.4) A:   2.9 (  0.2) B:   3.7 (  0.2) Phase: -178 (2) 
Count:  43.1  47.9  55.1  59.0  59.9  56.5  49.0  43.8  38.3  35.5  35.2  33.1  30.5  30.4  37.4  41.0  41.4  40.0  41.9  43.7  41.1  32.7  28.0  29.3  33.1  34.5  36.7  35.6  31.9  36.0  40.7  45.6  47.8  48.4  44.2  42.6  39.3  35.3  27.9  22.1  20.5  22.6  25.6  28.8  31.1  33.7  36.7  37.6  38.3  37.3  38.1  36.2  36.8  36.5  35.8  33.8  33.5  38.9  46.2  48.7  48.1  47.0  43.0  41.2  40.3  44.3  50.7  52.1  48.7  40.9  39.4  39.2  32.3  29.2  26.0   0.0   0.0   0.0   0.0   0.0   0.0   0.0   0.0   0.0   0.0   0.0   0.0   0.0   0.0   0.0   0.0   0.0   0.0   0.0   0.0   0.0   0.0   0.0   0.0   0.0 

9.9: 75 Count:  23.3 ( 15.5) A:   2.6 (  0.1) B:   2.9 (  0.2) Phase: -178 (1) 
Count:  38.0  43.2  50.5  53.2  53.4  50.1  43.1  36.2  30.5  28.1  27.8  25.5  21.9  21.7  27.8  29.9  31.6  31.0  32.9  34.5  29.4  20.6  16.2  17.2  20.0  20.2  22.4  20.9  17.2  22.6  28.8  34.7  36.0  36.8  34.0  30.4  28.8  25.0  19.2  15.0  13.7  16.4  20.5  23.8  29.1  33.2  36.8  38.8  37.8  35.0  33.7  32.9  34.0  34.1  31.2  29.4  32.0  34.5  37.5  38.9  39.0  36.3  31.8  28.8  30.1  36.4  43.1  44.5  42.3  35.4  32.2  29.7  24.8  23.7  20.4   0.0   0.0   0.0   0.0   0.0   0.0   0.0   0.0   0.0   0.0   0.0   0.0   0.0   0.0   0.0   0.0   0.0   0.0   0.0   0.0   0.0   0.0   0.0   0.0   0.0 

10.0: 75 Count:  14.0 ( 10.3) A:   2.5 (  0.0) B:   2.6 (  0.1) Phase: -179 (1) 
Count:  23.8  28.4  34.8  37.5  37.6  31.8  25.9  21.7  17.0  15.6  15.8  14.7  11.9  11.1  14.1  15.1  15.9  16.2  18.3  18.2  14.4   9.4   7.9   8.3   8.6   8.4   9.4   8.9   7.6  10.0  14.1  16.5  16.7  17.6  17.3  14.9  14.1  12.2  10.4   8.8   8.4   9.8  12.4  15.6  21.1  25.9  29.5  32.0  29.9  25.3  22.8  22.1  24.9  23.3  19.5  19.5  23.6  24.1  22.4  22.4  24.4  21.5  18.5  14.9  16.5  23.0  27.8  26.4  25.4  22.2  19.6  17.1  15.0  15.4  12.9   0.0   0.0   0.0   0.0   0.0   0.0   0.0   0.0   0.0   0.0   0.0   0.0   0.0   0.0   0.0   0.0   0.0   0.0   0.0   0.0   0.0   0.0   0.0   0.0   0.0 

10.1: 75 Count:   5.8 (  3.9) A:   2.5 (  0.0) B:   3.2 (  0.0) Phase: -180 (2) 
10.2: 75 Count:   4.1 (  2.5) A:   2.5 (  0.0) B:   3.6 (  0.0) Phase: -179 (2) 
10.3: 75 Count:   3.5 (  2.0) A:   2.5 (  0.0) B:   3.6 (  0.1) Phase: 177 (2) 
10.4: 75 Count:   3.0 (  1.8) A:   2.5 (  0.0) B:   3.2 (  0.0) Phase: 178 (1) 
10.5: 75 Count:   3.1 (  1.8) A:   2.4 (  0.0) B:   2.6 (  0.0) Phase: 178 (0) 
10.6: 75 Count:   2.3 (  1.4) A:   2.2 (  0.0) B:   2.5 (  0.0) Phase: 178 (0) 
10.7: 75 Count:   1.3 (  0.8) A:   2.1 (  0.0) B:   3.0 (  0.0) Phase: 177 (3) 
10.8: 75 Count:   1.0 (  0.6) A:   2.1 (  0.0) B:   3.2 (  0.1) Phase: -179 (4) 
10.9: 75 Count:   0.8 (  0.5) A:   2.1 (  0.0) B:   3.1 (  0.1) Phase: 172 (4) 
11.0: 75 Count:   0.5 (  0.4) A:   2.1 (  0.0) B:   2.9 (  0.1) Phase: 176 (5) 
11.1: 75 Count:   0.5 (  0.3) A:   2.0 (  0.0) B:   2.2 (  0.1) Phase: 176 (1) 
11.2: 75 Count:   0.2 (  0.1) A:   2.0 (  0.0) B:   2.4 (  0.1) Phase: 174 (3) 
11.3: 75 Count:   0.2 (  0.1) A:   2.0 (  0.0) B:   2.9 (  0.2) Phase: 168 (11) 
Phase: 166 159 160 157 169 166 167 176 -178 160 172 152 161 -173 176 -172 176 150 179 172 176 163 145 173 161 141 156 160 162 162 166 170 164 178 167 -178 174 174 173 166 -175 162 -176 171 164 144 161 144 167 -168 171 167 152 -179 157 168 -178 163 179 178 170 177 170 161 -180 166 171 150 160 163 178 176 165 164 170 * * * * * * * * * * * * * * * * * * * * * * * * * 

11.4: 75 Count:   0.9 (  1.0) A:   2.0 (  0.0) B:   3.0 (  0.1) Phase: -178 (6) 
Phase: -180 173 -177 -174 177 177 -174 -171 -168 -175 -176 -179 -173 -166 -173 -176 -173 -176 -172 -168 -166 -175 -176 -176 179 179 173 176 171 179 178 -178 -179 -177 -176 -172 -171 -173 -171 -172 -173 -174 -170 -175 178 -180 -173 172 -180 158 178 -177 175 179 -180 -179 -172 -175 -180 -174 -177 -176 -176 -179 -180 -179 178 -180 175 -172 -180 -170 179 -174 -179 * * * * * * * * * * * * * * * * * * * * * * * * * 

11.5: 75 Count:   5.3 (  5.2) A:   2.1 (  0.1) B:   3.1 (  0.1) Phase: 178 (5) 
Count:   4.9   4.6   5.2   5.4   2.9   3.4   5.3   7.0  10.9  13.7  13.7   9.2   4.2   3.5   2.5   2.1   2.6   5.6   8.3  11.7  12.5  12.6   8.9   5.8   4.5   2.9   3.3   2.6   2.4   2.3   2.9   4.2   4.9   7.6   5.4   8.8  12.5   9.9  15.8  19.1  19.1  17.7  15.9   9.0   3.0   1.8   1.4   1.4   0.8   0.7   0.6   1.1   2.1   3.2   4.9   6.1   5.1   4.4   5.4   9.9  12.1  12.3  12.8   8.9   9.0  12.6  13.1  12.3  12.4  11.9   9.7   4.5   2.6   2.4   4.6   0.0   0.0   0.0   0.0   0.0   0.0   0.0   0.0   0.0   0.0   0.0   0.0   0.0   0.0   0.0   0.0   0.0   0.0   0.0   0.0   0.0   0.0   0.0   0.0   0.0 

11.6: 75 Count:  15.0 ( 12.7) A:   2.3 (  0.2) B:   3.0 (  0.2) Phase: -178 (4) 
Count:  19.9  21.2  22.0  21.4  12.6  11.6  16.6  22.3  32.0  40.1  40.1  31.7  17.4  12.6   8.0   5.6   7.0  15.0  21.5  29.6  35.7  39.2  33.9  26.1  18.7  13.5  12.8  10.6   9.1   7.5   8.0  11.8  13.5  16.0  12.1  18.7  24.8  21.7  29.9  34.6  36.6  35.8  32.3  22.2  10.4   6.9   5.3   5.2   3.0   2.3   2.4   4.2   8.8  17.1  21.9  25.5  18.9  13.5  14.9  22.8  25.9  26.3  26.5  24.5  27.8  33.8  35.9  35.2  36.0  33.3  27.9  14.0   7.1   7.6  17.2   0.0   0.0   0.0   0.0   0.0   0.0   0.0   0.0   0.0   0.0   0.0   0.0   0.0   0.0   0.0   0.0   0.0   0.0   0.0   0.0   0.0   0.0   0.0   0.0   0.0 

11.7: 75 Count:  26.9 ( 20.4) A:   2.5 (  0.2) B:   2.8 (  0.4) Phase: -179 (4) 
Count:  38.6  43.0  44.2  41.3  29.5  26.0  33.3  40.9  53.6  63.3  63.4  57.5  38.9  27.9  17.4  11.0  13.7  26.6  38.9  49.7  58.3  63.4  61.7  53.8  40.2  32.3  28.7  26.5  23.9  18.1  16.5  23.1  27.0  26.3  20.1  31.7  39.2  36.5  44.0  49.9  51.9  51.5  47.2  38.2  22.7  16.8  14.9  14.4   8.8   7.9   7.0  11.2  22.5  39.3  47.5  49.3  39.2  29.0  28.7  35.8  39.7  39.5  40.4  40.3  46.4  53.4  56.0  55.5  56.2  53.6  47.6  28.7  16.0  16.7  34.9   0.0   0.0   0.0   0.0   0.0   0.0   0.0   0.0   0.0   0.0   0.0   0.0   0.0   0.0   0.0   0.0   0.0   0.0   0.0   0.0   0.0   0.0   0.0   0.0   0.0 

11.8: 75 Count:  30.1 ( 22.6) A:   2.6 (  0.3) B:   3.2 (  0.4) Phase: -179 (5) 
Count:  44.8  49.7  50.4  46.4  34.1  29.0  35.7  45.1  58.7  69.0  70.2  65.9  45.9  32.7  20.5  12.5  14.5  27.9  41.3  53.2  63.8  70.0  72.0  65.0  48.3  38.2  33.8  31.4  29.3  22.3  19.6  27.7  31.4  27.7  21.9  34.0  40.9  38.4  45.3  51.4  53.9  53.8  49.3  41.6  26.5  20.4  18.3  18.5  11.6   9.4   8.4  13.4  27.6  47.4  56.5  58.0  47.4  34.8  32.3  39.1  42.3  41.1  42.3  44.4  51.7  59.1  61.7  60.9  61.2  58.9  53.4  32.7  17.4  18.9  40.6   0.0   0.0   0.0   0.0   0.0   0.0   0.0   0.0   0.0   0.0   0.0   0.0   0.0   0.0   0.0   0.0   0.0   0.0   0.0   0.0   0.0   0.0   0.0   0.0   0.0 

11.9: 75 Count:  27.9 ( 21.6) A:   2.6 (  0.3) B:   3.6 (  0.4) Phase: -178 (6) 
Count:  41.2  47.1  47.8  43.2  29.1  24.6  31.4  40.9  56.0  68.0  68.1  63.4  43.5  29.9  17.3  10.3  11.3  23.8  36.6  49.5  61.1  68.7  71.3  63.2  45.5  34.2  30.1  28.5  27.6  20.9  19.2  26.3  29.3  25.1  19.8  29.6  34.8  33.2  40.3  45.4  48.0  48.2  44.3  37.4  23.5  18.3  16.9  17.0  10.2   7.9   6.8  11.7  25.7  45.4  55.2  56.8  45.0  31.4  28.7  34.7  36.5  35.2  37.0  40.3  48.9  56.4  59.5  58.7  58.7  56.3  50.6  29.8  14.8  15.9  37.7   0.0   0.0   0.0   0.0   0.0   0.0   0.0   0.0   0.0   0.0   0.0   0.0   0.0   0.0   0.0   0.0   0.0   0.0   0.0   0.0   0.0   0.0   0.0   0.0   0.0 
Phase: -178 -177 -178 -177 -176 -176 -179 179 -180 -179 -180 -178 -177 -176 -171 -166 -165 -167 -171 -173 -176 -176 -176 -175 -174 -173 -174 -175 -175 179 170 167 169 173 -173 -171 -172 -173 -173 -172 -171 -172 -172 -176 -177 -177 177 171 168 175 -176 -171 -179 175 172 171 172 174 -180 -173 -173 -175 -178 -179 -180 179 178 176 177 176 174 175 177 -177 -179 * * * * * * * * * * * * * * * * * * * * * * * * * 

12.0: 75 Count:  23.4 ( 19.2) A:   2.5 (  0.3) B:   3.6 (  0.4) Phase: -179 (6) 
Count:  33.1  39.9  40.4  36.8  22.9  18.8  25.2  34.1  49.8  62.6  63.0  57.7  36.8  24.4  13.3   6.2   7.0  17.3  30.0  42.8  55.4  63.2  63.9  55.5  38.1  27.8  24.9  23.4  23.6  17.5  15.8  22.5  25.1  19.8  14.4  23.7  28.2  25.8  32.4  37.7  39.5  38.7  35.9  29.2  17.8  14.1  13.2  13.5   7.1   5.7   4.4   8.2  20.8  39.8  49.2  50.7  38.7  25.2  22.3  27.6  28.1  26.1  27.4  31.3  40.8  50.2  53.9  53.0  52.8  50.6  44.5  24.4  10.5  11.4  31.9   0.0   0.0   0.0   0.0   0.0   0.0   0.0   0.0   0.0   0.0   0.0   0.0   0.0   0.0   0.0   0.0   0.0   0.0   0.0   0.0   0.0   0.0   0.0   0.0   0.0 
Phase: -178 -177 -178 -177 -176 -175 -179 -180 -180 -179 -179 -178 -177 -176 -172 -168 -168 -169 -172 -173 -176 -176 -176 -175 -174 -174 -174 -175 -176 -179 171 168 169 172 -174 -171 -173 -174 -173 -172 -171 -172 -173 -177 -179 -178 177 173 172 178 -178 -172 -179 174 172 171 173 174 179 -173 -172 -174 -177 -178 -180 179 178 177 177 176 175 175 177 -178 -179 * * * * * * * * * * * * * * * * * * * * * * * * * 

12.1: 75 Count:  14.7 ( 14.3) A:   2.3 (  0.2) B:   3.3 (  0.3) Phase: -180 (7) 
Count:  19.5  26.0  26.5  24.4  12.0   8.8  13.0  20.5  36.5  49.4  50.3  42.6  23.1  12.4   5.7   1.8   1.9   7.3  16.8  28.7  41.9  50.5  47.8  37.4  23.9  14.3  13.3  12.4  13.1   9.6   8.3  13.8  14.8  10.1   6.1  12.3  14.7  12.6  18.4  21.1  22.7  21.8  19.9  15.4   7.4   5.6   5.6   6.0   2.7   1.9   1.2   2.8  11.1  26.9  35.6  37.0  25.1  13.4  11.7  15.3  15.3  13.2  14.0  17.5  26.0  36.8  40.7  41.2  40.9  38.5  31.8  13.7   4.4   4.6  20.0   0.0   0.0   0.0   0.0   0.0   0.0   0.0   0.0   0.0   0.0   0.0   0.0   0.0   0.0   0.0   0.0   0.0   0.0   0.0   0.0   0.0   0.0   0.0   0.0   0.0 
Phase: -178 -177 -178 -177 -177 -176 179 178 179 -180 -180 -178 -176 -176 -172 -174 -170 -172 -172 -173 -176 -177 -176 -176 -175 -175 -174 -176 -177 178 168 166 166 168 -177 -170 -172 -174 -172 -171 -169 -172 -174 -178 176 177 170 168 164 166 177 -176 178 173 171 170 171 170 179 -172 -172 -174 -178 -179 -180 179 178 176 176 175 173 172 175 178 -179 * * * * * * * * * * * * * * * * * * * * * * * * * 

12.2: 75 Count:   4.8 (  6.6) A:   2.1 (  0.1) B:   2.6 (  0.2) Phase: -180 (5) 
Count:   4.4   8.1   8.3   7.8   2.4   1.2   2.5   4.7  15.7  23.8  26.5  18.3   6.3   2.6   0.7   0.1   0.1   0.9   3.3   9.0  17.6  26.3  18.4  11.1   6.0   2.6   3.0   2.8   2.9   2.0   1.7   3.6   3.7   1.8   0.9   2.7   3.2   2.0   4.1   4.2   4.6   4.1   3.7   2.8   0.8   0.5   0.6   0.9   0.2   0.1   0.1   0.3   2.6   9.4  14.9  16.8   7.8   2.7   2.6   3.8   3.3   2.4   2.6   3.2   7.9  15.6  19.1  20.4  19.4  18.8  12.8   3.4   0.6   0.7   6.5   0.0   0.0   0.0   0.0   0.0   0.0   0.0   0.0   0.0   0.0   0.0   0.0   0.0   0.0   0.0   0.0   0.0   0.0   0.0   0.0   0.0   0.0   0.0   0.0   0.0 

12.3: 72 Count:   0.3 (  0.6) A:   2.0 (  0.0) B:   2.1 (  0.1) Phase: 176 (4) 
12.4: 13 Count:   0.0 (  0.0) A:   2.0 (  0.0) B:   2.2 (  0.4) Phase: 153 (34) 
Phase: * * -180 * * * * * * 153 * -180 * * * * * * * * * -180 117 * * * * * * * -180 * 90 * * * * * * * * * * * * * * * * * * * 153 * * -180 * * * * * * * * * -153 * * 135 * 117 117 * * * * * * * * * * * * * * * * * * * * * * * * * * * * 

12.5: 5 Count:   0.0 (  0.0) A:   2.0 (  0.0) B:   2.2 (  0.0) Phase: 117 (36) 
Phase: 1:90 19:90 41:90 46:135 47:-180 

12.6: 20 Count:   0.0 (  0.0) A:   2.0 (  0.0) B:   2.7 (  0.6) Phase: 164 (52) 
Phase: * -153 * * * * * -117 * 93 132 * * * * * * * * 135 111 -135 122 * * * * * * * * * * 117 * -90 * * -168 * 168 130 135 * * * * * * * * * * * * * 117 * * * * 135 118 * * * 170 -153 * * * * * * -108 * * * * * * * * * * * * * * * * * * * * * * * * * 

12.7: 42 Count:   0.0 (  0.0) A:   2.0 (  0.0) B:   2.5 (  0.6) Phase: 156 (47) 
Phase: 90 * * * * * * * -135 103 140 -153 105 90 * * * * * 117 -157 150 -148 172 * * 90 * 162 175 * 127 135 * * * -164 124 110 167 -168 -161 108 -153 * * * * * * * -180 * * 90 90 -153 90 * * * * 90 -153 * 147 175 141 167 170 -105 -180 117 -153 -135 * * * * * * * * * * * * * * * * * * * * * * * * * 

12.8: 20 Count:   0.0 (  0.0) A:   2.0 (  0.0) B:   2.2 (  0.4) Phase: 163 (26) 
Phase: * * * 153 * * * * * -180 170 * * 153 * * * -180 * * -162 * -167 -180 * * * 153 153 117 * -180 * * * * * 117 * * * * * * * * * * * * * * * * * * * * * * * * * * * 117 -180 * 135 177 -160 153 * -180 * * * * * * * * * * * * * * * * * * * * * * * * * * 

12.9: 3 Count:   0.0 (  0.0) A:   2.0 (  0.0) B:   2.0 (  0.0) Phase: 150 (42) 
Phase: 12:-180 13:90 37:-180 

13.1: 2 Count:   0.0 (  0.0) A:   2.0 (  0.0) B:   2.0 (  0.0) Phase: 135 (45) 
Phase: 39:-180 58:90 

13.2: 7 Count:   0.0 (  0.0) A:   2.0 (  0.0) B:   2.3 (  0.0) Phase: 41 (63) 
Phase: 2:0 26:90 39:90 41:82 44:27 52:90 61:-90 

13.3: 25 Count:   0.0 (  0.0) A:   2.0 (  0.0) B:   2.2 (  0.5) Phase: 92 (41) 
Phase: * * 90 90 * * * * * 90 90 90 * * 90 * * * 0 * * * 27 * * * 96 153 * 0 * * * * * * * * * 90 * 90 * 90 83 * * 117 90 * * * * * * 90 * 153 * * * -180 76 * * * 90 * 90 * 90 * 153 * * * * * * * * * * * * * * * * * * * * * * * * * * * 

13.4: 15 Count:   0.0 (  0.0) A:   2.0 (  0.0) B:   2.0 (  0.0) Phase: 117 (55) 
Phase: * * * * * * -180 * * 167 * 90 * * * 117 * -180 * * * * 43 * 90 * 90 * * -90 * * * * * * * * * * * * * * 90 * * 90 90 90 * * 90 90 * * * * * * * * * * * * * * * * * * * * * * * * * * * * * * * * * * * * * * * * * * * * * * 

13.5: 9 Count:   0.0 (  0.0) A:   2.0 (  0.0) B:   2.0 (  0.0) Phase: 78 (29) 
Phase: 3:0 16:103 34:90 53:90 55:90 66:90 67:90 68:63 69:90 

13.6: 54 Count:   0.0 (  0.0) A:   2.0 (  0.0) B:   2.1 (  0.2) Phase: 68 (36) 
Phase: 23 60 47 35 90 * * * * 46 107 75 72 65 45 63 0 63 90 90 61 * 90 90 83 -73 36 90 34 -2 8 * 77 90 99 105 99 123 90 90 * 45 * 63 79 90 88 115 96 90 90 * 27 44 89 116 * 117 * 63 * 90 * * * * * 90 53 72 * * * * 27 * * * * * * * * * * * * * * * * * * * * * * * * * 

13.7: 71 Count:   0.1 (  0.1) A:   2.0 (  0.0) B:   2.2 (  0.2) Phase: 46 (40) 
Phase: 27 25 15 -3 27 63 * * 66 42 72 36 70 53 9 128 45 42 33 42 37 24 53 38 -21 -46 -37 105 4 -31 -19 45 26 126 62 79 9 151 45 62 27 18 46 41 79 71 72 48 21 94 90 101 21 4 39 24 27 58 78 35 63 78 * 90 111 * 148 47 33 28 27 58 17 -34 84 * * * * * * * * * * * * * * * * * * * * * * * * * 

13.8: 74 Count:   0.1 (  0.1) A:   2.0 (  0.0) B:   2.2 (  0.2) Phase: 43 (30) 
Phase: 13 23 38 13 -6 66 0 * 15 29 49 32 63 37 12 77 55 13 24 27 28 22 71 72 -3 -25 26 131 12 -10 19 73 46 53 49 73 56 40 102 22 70 57 39 54 55 66 11 24 12 109 67 61 18 38 22 44 38 42 72 109 48 61 20 55 90 69 77 64 22 10 39 48 56 -10 59 * * * * * * * * * * * * * * * * * * * * * * * * * 

13.9: 75 Count:   0.0 (  0.0) A:   2.0 (  0.1) B:   2.1 (  0.3) Phase: 71 (32) 
Phase: 61 24 68 36 49 124 -180 63 91 83 71 57 88 46 70 46 54 43 58 61 56 13 83 97 30 20 -2 108 36 44 55 96 61 55 52 101 100 111 107 88 73 61 70 50 61 70 84 138 64 31 53 119 77 42 38 38 72 98 90 90 63 77 111 117 90 152 78 89 93 33 56 40 70 70 87 * * * * * * * * * * * * * * * * * * * * * * * * * 

14.0: 53 Count:   0.0 (  0.0) A:   2.0 (  0.0) B:   2.0 (  0.1) Phase: 80 (38) 
Phase: 0 90 61 0 0 * * * 90 90 153 * 100 36 45 * * 90 45 90 90 93 90 90 * -180 141 90 90 0 90 * * 72 90 100 110 * * 27 63 * 79 85 90 63 90 90 76 27 90 * 117 * 13 90 90 127 77 * 90 90 * 90 * * * 172 90 46 90 * * * 63 * * * * * * * * * * * * * * * * * * * * * * * * * 

14.1: 25 Count:   0.0 (  0.0) A:   2.0 (  0.0) B:   2.0 (  0.0) Phase: 91 (25) 
Phase: * * * * * * * * * 63 90 * * * 90 * * 90 90 * 82 * * * * 77 * * 90 * * 90 * 77 * * * * * * 97 90 102 * 117 * 90 * 90 75 121 -180 * * * * * * * * * * 90 * 27 * 90 * 90 90 * 90 * * * * * * * * * * * * * * * * * * * * * * * * * * * * 

14.2: 70 Count:   0.0 (  0.0) A:   2.0 (  0.1) B:   2.0 (  0.1) Phase: 79 (21) 
Phase: 73 64 80 57 47 * 63 * 90 61 90 89 90 47 42 74 42 79 45 49 64 63 81 * 71 62 68 71 100 70 46 90 76 66 89 90 55 99 101 81 92 67 90 78 78 69 90 96 83 75 110 94 86 145 82 57 77 * 110 109 63 * 86 90 76 63 89 97 89 85 101 77 153 116 96 * * * * * * * * * * * * * * * * * * * * * * * * * 

14.3: 75 Count:   0.1 (  0.1) A:   2.0 (  0.1) B:   2.1 (  0.2) Phase: 80 (19) 
Phase: 47 40 64 64 66 66 87 108 98 80 36 84 81 64 58 61 58 42 56 58 54 61 61 56 81 103 72 51 87 68 87 105 79 82 91 63 91 108 84 101 103 97 97 90 93 86 71 104 79 99 94 77 83 104 80 79 62 105 76 108 95 80 96 79 82 102 110 99 72 93 87 65 109 79 106 * * * * * * * * * * * * * * * * * * * * * * * * * 

14.4: 75 Count:   0.1 (  0.1) A:   2.0 (  0.0) B:   2.1 (  0.1) Phase: 77 (14) 
Phase: 37 52 52 54 48 61 90 92 85 83 64 69 85 65 47 36 50 67 65 68 76 77 81 82 65 66 81 77 78 70 55 82 78 79 73 90 87 81 86 102 90 81 82 83 84 85 87 85 72 98 78 70 91 96 83 83 84 89 88 81 94 93 89 86 76 69 96 84 85 69 87 87 85 65 71 * * * * * * * * * * * * * * * * * * * * * * * * * 

14.5: 75 Count:   0.1 (  0.1) A:   2.1 (  0.1) B:   2.0 (  0.0) Phase: 96 (10) 
Phase: 82 77 78 75 83 74 97 117 96 100 112 117 98 105 75 90 73 76 99 78 93 97 105 106 104 105 84 115 102 98 99 106 87 100 102 97 88 104 96 103 102 99 100 103 103 91 96 94 97 100 93 94 99 103 99 108 101 102 97 98 110 94 109 106 104 97 95 95 103 92 93 99 107 89 87 * * * * * * * * * * * * * * * * * * * * * * * * * 

14.6: 68 Count:   0.0 (  0.0) A:   2.2 (  0.3) B:   2.0 (  0.0) Phase: 102 (15) 
Phase: 90 85 95 90 * 90 * * 124 105 90 117 98 96 70 90 112 90 94 * 95 98 108 106 117 90 * 135 122 94 90 83 90 148 108 90 97 103 109 90 106 92 92 100 106 93 102 94 95 97 119 97 90 111 115 92 110 90 153 100 102 90 103 90 * 97 111 134 90 113 129 * 109 92 100 * * * * * * * * * * * * * * * * * * * * * * * * * 

14.7: 63 Count:   0.0 (  0.0) A:   2.3 (  0.4) B:   2.0 (  0.0) Phase: 106 (16) 
Phase: 90 102 * * 90 63 156 139 134 * * * * * 117 * * 90 106 * 98 117 90 110 103 144 100 * 104 90 94 162 105 106 99 101 96 100 103 96 92 117 105 104 110 107 111 118 105 107 122 91 90 118 111 92 123 90 103 105 90 120 113 90 93 106 102 90 95 106 111 90 119 * 107 * * * * * * * * * * * * * * * * * * * * * * * * * 

14.8: 75 Count:   0.4 (  0.4) A:   2.2 (  0.1) B:   2.0 (  0.0) Phase: 110 (7) 
Phase: 98 96 99 100 97 99 132 135 127 100 109 96 102 107 94 103 101 105 105 101 104 104 109 111 112 111 102 109 109 114 107 110 110 117 116 110 111 114 115 114 115 114 110 113 113 113 113 115 113 116 113 114 114 114 115 116 116 115 107 113 106 117 111 113 112 108 116 113 108 119 115 107 117 111 113 * * * * * * * * * * * * * * * * * * * * * * * * * 

14.9: 75 Count:   1.2 (  0.9) A:   2.1 (  0.1) B:   2.1 (  0.0) Phase: 127 (6) 
Phase: 113 117 118 105 115 121 141 145 134 119 125 112 118 120 119 112 123 124 128 116 125 127 123 126 130 126 130 133 129 133 132 129 127 131 130 129 128 130 131 128 127 128 128 128 127 127 127 132 131 133 129 127 133 130 129 131 132 127 128 131 128 129 128 128 126 126 129 133 127 131 132 132 137 126 129 * * * * * * * * * * * * * * * * * * * * * * * * * 

15.0: 75 Count:   1.4 (  1.0) A:   2.3 (  0.1) B:   2.1 (  0.0) Phase: 118 (5) 
15.1: 75 Count:   0.6 (  0.5) A:   2.5 (  0.2) B:   2.0 (  0.0) Phase: 133 (5) 
15.2: 74 Count:   0.0 (  0.0) A:   2.9 (  0.4) B:   2.0 (  0.0) Phase: 138 (11) 
Phase: 153 166 * 135 155 117 149 165 141 141 144 126 149 150 141 127 132 153 156 127 161 137 141 134 139 121 130 117 139 140 129 135 118 138 132 149 143 150 134 142 139 145 130 147 136 145 138 134 133 145 132 146 146 143 132 138 137 136 152 146 134 138 130 144 133 143 133 132 124 151 126 137 123 115 134 * * * * * * * * * * * * * * * * * * * * * * * * * 

15.3: 75 Count:   0.1 (  0.1) A:   2.8 (  0.3) B:   2.0 (  0.0) Phase: 144 (7) 
Phase: 138 149 150 134 134 148 162 164 155 128 152 157 163 150 152 135 135 141 145 144 151 130 151 144 145 136 155 145 139 148 149 136 146 143 142 149 147 139 147 140 147 147 142 148 141 142 143 143 141 147 141 144 146 141 143 142 134 145 145 135 138 144 146 150 148 139 149 151 149 138 141 142 138 149 146 * * * * * * * * * * * * * * * * * * * * * * * * * 

15.4: 75 Count:   1.0 (  0.8) A:   2.7 (  0.3) B:   2.0 (  0.0) Phase: 149 (3) 
15.5: 75 Count:   1.8 (  1.1) A:   2.6 (  0.3) B:   2.1 (  0.0) Phase: 156 (3) 
15.6: 75 Count:   1.7 (  1.1) A:   2.8 (  0.3) B:   2.1 (  0.0) Phase: 147 (3) 
15.7: 75 Count:   0.7 (  0.5) A:   3.1 (  0.3) B:   2.0 (  0.0) Phase: 160 (2) 
15.8: 73 Count:   0.0 (  0.1) A:   3.7 (  0.5) B:   2.0 (  0.0) Phase: 161 (8) 
Phase: 140 163 -180 * 162 146 177 167 167 146 153 -180 142 153 162 146 153 153 171 * 167 158 154 173 163 166 167 161 165 160 164 168 162 158 167 161 158 158 170 163 159 157 158 157 167 159 164 168 162 160 168 150 164 155 165 166 174 162 163 146 165 172 156 152 165 152 158 157 164 163 156 174 154 163 151 * * * * * * * * * * * * * * * * * * * * * * * * * 

15.9: 75 Count:   0.3 (  0.3) A:   3.3 (  0.4) B:   2.0 (  0.0) Phase: 163 (3) 
16.0: 75 Count:   1.4 (  1.0) A:   3.2 (  0.4) B:   2.0 (  0.0) Phase: 168 (2) 
16.1: 75 Count:   1.9 (  1.2) A:   3.0 (  0.3) B:   2.1 (  0.0) Phase: 171 (2) 
16.2: 75 Count:   1.7 (  1.1) A:   3.1 (  0.4) B:   2.1 (  0.0) Phase: 164 (3) 
16.3: 75 Count:   0.6 (  0.5) A:   3.5 (  0.4) B:   2.0 (  0.0) Phase: 173 (2) 
16.4: 64 Count:   0.0 (  0.1) A:   4.1 (  0.5) B:   2.0 (  0.0) Phase: 174 (5) 
16.5: 75 Count:   0.4 (  0.3) A:   3.5 (  0.4) B:   2.0 (  0.0) Phase: 173 (2) 
16.6: 75 Count:   1.2 (  0.8) A:   3.2 (  0.4) B:   2.0 (  0.0) Phase: 178 (2) 
16.7: 75 Count:   1.6 (  1.0) A:   2.8 (  0.3) B:   2.1 (  0.0) Phase: 177 (2) 
16.8: 75 Count:   0.9 (  0.6) A:   2.9 (  0.4) B:   2.0 (  0.0) Phase: 168 (2) 
16.9: 73 Count:   0.1 (  0.1) A:   3.0 (  0.4) B:   2.0 (  0.0) Phase: 173 (5) 
17.0: 21 Count:   0.0 (  0.0) A:   3.2 (  0.9) B:   2.0 (  0.0) Phase: 158 (24) 
Phase: * * 127 * * * * * * * * * * * * * * * * * * * * * * * * * * * * * * * * -180 -180 * * 117 * -180 -180 126 135 156 -180 117 166 -180 * * -180 * * 146 * * * * 135 * * * * -180 135 * * 166 -180 * * -180 * * * * * * * * * * * * * * * * * * * * * * * * * * 

17.1: 73 Count:   0.0 (  0.0) A:   2.4 (  0.3) B:   2.0 (  0.0) Phase: 155 (11) 
Phase: 150 168 141 148 152 146 169 175 170 163 159 169 * -180 -180 -180 * 157 150 140 154 169 166 136 160 156 160 167 138 144 146 142 152 148 153 161 149 155 159 159 139 152 159 150 154 158 149 170 152 156 151 163 164 164 147 153 161 166 139 159 134 148 158 151 158 160 147 163 123 160 133 148 158 170 143 * * * * * * * * * * * * * * * * * * * * * * * * * 

17.2: 75 Count:   0.2 (  0.2) A:   2.1 (  0.1) B:   2.0 (  0.0) Phase: 160 (6) 
Phase: 145 166 159 156 156 155 160 175 170 174 158 174 172 146 171 162 169 161 160 160 172 153 161 155 150 164 165 163 159 160 158 160 168 169 163 159 161 163 150 148 160 162 156 158 157 165 155 161 155 160 159 163 159 165 156 161 162 157 154 159 154 167 169 156 159 168 152 162 164 167 161 169 152 168 153 * * * * * * * * * * * * * * * * * * * * * * * * * 

17.3: 75 Count:   0.4 (  0.4) A:   2.1 (  0.0) B:   2.0 (  0.0) Phase: 143 (9) 
Phase: 123 122 143 107 118 132 136 145 152 138 138 146 128 139 129 142 142 148 133 129 154 144 154 143 138 153 141 141 144 149 148 149 154 147 151 143 148 151 145 143 152 145 141 146 148 148 144 146 147 144 148 146 139 148 152 150 153 143 139 155 148 158 145 140 160 154 148 146 140 156 141 142 147 150 147 * * * * * * * * * * * * * * * * * * * * * * * * * 

17.4: 75 Count:   0.3 (  0.3) A:   2.1 (  0.0) B:   2.0 (  0.0) Phase: 136 (6) 
Phase: 132 129 120 122 125 148 145 152 145 124 140 145 124 139 136 148 138 141 139 122 136 125 144 131 136 144 135 125 137 139 130 133 138 138 138 135 142 138 131 129 140 139 134 135 139 140 137 140 136 138 133 138 134 136 134 137 136 142 138 144 138 139 134 134 138 140 142 130 138 137 138 141 129 137 136 * * * * * * * * * * * * * * * * * * * * * * * * * 

17.5: 75 Count:   0.2 (  0.2) A:   2.1 (  0.1) B:   2.0 (  0.0) Phase: 152 (9) 
Phase: 168 147 158 158 140 148 150 162 171 137 144 90 158 164 151 165 152 165 150 157 149 161 159 157 155 157 152 147 161 164 158 152 152 144 155 151 149 148 152 148 155 147 146 148 147 151 152 151 149 150 150 152 152 155 152 150 152 152 145 152 144 157 146 156 154 144 158 158 150 156 157 149 149 147 153 * * * * * * * * * * * * * * * * * * * * * * * * * 

17.6: 75 Count:   0.1 (  0.2) A:   2.3 (  0.2) B:   2.0 (  0.0) Phase: 153 (6) 
Phase: 157 146 147 161 160 154 175 161 143 153 156 126 162 160 143 151 142 153 153 155 147 167 145 161 158 162 152 158 153 153 149 160 157 153 156 155 155 153 155 155 156 154 153 153 152 151 150 152 155 151 154 155 145 150 147 156 156 151 154 155 153 160 153 149 151 151 144 161 150 148 150 156 147 143 156 * * * * * * * * * * * * * * * * * * * * * * * * * 

17.7: 75 Count:   0.9 (  0.8) A:   2.2 (  0.1) B:   2.0 (  0.0) Phase: 150 (3) 
17.8: 75 Count:   1.6 (  1.2) A:   2.2 (  0.1) B:   2.2 (  0.1) Phase: 151 (3) 
17.9: 75 Count:   1.7 (  1.3) A:   2.3 (  0.1) B:   2.4 (  0.1) Phase: 150 (4) 
18.0: 75 Count:   1.9 (  1.4) A:   2.3 (  0.1) B:   2.2 (  0.1) Phase: 156 (2) 
18.1: 75 Count:   1.3 (  1.1) A:   2.5 (  0.2) B:   2.0 (  0.0) Phase: 161 (2) 
18.2: 75 Count:   1.1 (  1.1) A:   2.5 (  0.2) B:   2.0 (  0.0) Phase: 162 (2) 
18.3: 75 Count:   1.7 (  1.4) A:   2.3 (  0.1) B:   2.1 (  0.0) Phase: 160 (2) 
18.4: 75 Count:   1.8 (  1.4) A:   2.2 (  0.1) B:   2.3 (  0.1) Phase: 158 (2) 
18.5: 75 Count:   1.5 (  1.2) A:   2.3 (  0.1) B:   2.3 (  0.1) Phase: 155 (4) 
18.6: 75 Count:   1.4 (  1.1) A:   2.3 (  0.1) B:   2.1 (  0.0) Phase: 162 (2) 
18.7: 75 Count:   0.7 (  0.7) A:   2.7 (  0.2) B:   2.0 (  0.0) Phase: 165 (2) 
18.8: 75 Count:   0.8 (  0.8) A:   2.8 (  0.2) B:   2.0 (  0.0) Phase: 166 (2) 
18.9: 75 Count:   1.8 (  1.5) A:   2.5 (  0.2) B:   2.1 (  0.0) Phase: 166 (1) 
19.0: 75 Count:   2.7 (  2.1) A:   2.5 (  0.2) B:   2.3 (  0.1) Phase: 166 (2) 
19.1: 75 Count:   3.5 (  2.6) A:   2.7 (  0.3) B:   2.3 (  0.1) Phase: 167 (2) 
19.2: 75 Count:   4.3 (  3.1) A:   3.0 (  0.3) B:   2.2 (  0.1) Phase: 172 (1) 
19.3: 75 Count:   4.9 (  4.0) A:   3.6 (  0.3) B:   2.1 (  0.1) Phase: 174 (0) 
19.4: 75 Count:   6.2 (  4.6) A:   3.8 (  0.3) B:   2.2 (  0.1) Phase: 176 (1) 
19.5: 75 Count:   7.4 (  5.1) A:   3.7 (  0.4) B:   2.5 (  0.1) Phase: 178 (1) 
Count:   7.2   7.3   7.5   6.7   6.6   6.6   6.6   6.7   6.4   6.4   6.2   6.1   5.7   6.1   5.6   5.7   6.0   6.4   6.8   6.7   7.1   7.5   8.2   8.6   9.1   8.7   8.7   8.9   9.2   9.2   8.9   9.2  10.2  10.3  10.9  10.9  11.3  12.2  12.4  13.4  14.6  15.3  16.3  16.2  16.3  16.6  16.7  16.9  15.8  15.5  14.0  12.9  12.3  11.3  11.3  10.8  10.6  10.3  10.1   9.8   9.6   9.6   9.5   9.4   9.2   9.1   9.0   9.3   8.8   9.0   9.5   9.8   9.4   9.4   9.8   0.0   0.0   0.0   0.0   0.0   0.0   0.0   0.0   0.0   0.0   0.0   0.0   0.0   0.0   0.0   0.0   0.0   0.0   0.0   0.0   0.0   0.0   0.0   0.0   0.0 

19.6: 75 Count:   7.8 (  5.2) A:   3.7 (  0.4) B:   2.7 (  0.1) Phase: -179 (1) 
Count:   7.9   7.9   8.1   7.6   7.3   7.2   7.1   7.0   7.0   6.9   6.9   6.8   6.2   6.6   6.3   6.3   6.4   7.0   7.5   7.4   7.9   8.0   8.9   9.3   9.7   9.2   9.2   9.4   9.7   9.7   9.5   9.6  10.7  10.7  11.2  11.6  11.8  12.6  12.8  14.0  15.1  15.8  16.8  16.7  16.8  17.2  17.5  17.2  16.3  15.9  14.3  13.5  12.6  11.7  12.0  11.3  11.2  10.8  10.6  10.3   9.9  10.0  10.0   9.8   9.7   9.6   9.4   9.9   9.4   9.5  10.2  10.4  10.3   9.8  10.3   0.0   0.0   0.0   0.0   0.0   0.0   0.0   0.0   0.0   0.0   0.0   0.0   0.0   0.0   0.0   0.0   0.0   0.0   0.0   0.0   0.0   0.0   0.0   0.0   0.0 

19.7: 75 Count:   7.6 (  5.2) A:   3.7 (  0.4) B:   2.6 (  0.1) Phase: -178 (1) 
Count:   7.8   7.6   7.7   7.3   7.1   7.0   6.9   7.2   6.5   6.7   6.5   6.6   6.2   6.4   6.1   6.1   6.4   6.9   7.3   7.1   7.8   8.0   8.6   9.0   9.5   8.8   9.0   9.1   9.4   9.6   9.2   9.3  10.5  10.5  11.2  11.2  11.5  12.5  12.8  13.9  15.1  15.6  16.4  16.5  16.5  17.1  17.0  17.0  16.0  15.8  14.3  13.2  12.5  11.7  11.5  11.0  11.1  10.8  10.5  10.1  10.1   9.8  10.1   9.8   9.6   9.4   9.4   9.6   9.1   9.2  10.0  10.0   9.8   9.8  10.3   0.0   0.0   0.0   0.0   0.0   0.0   0.0   0.0   0.0   0.0   0.0   0.0   0.0   0.0   0.0   0.0   0.0   0.0   0.0   0.0   0.0   0.0   0.0   0.0   0.0 

19.8: 75 Count:   6.8 (  4.8) A:   3.8 (  0.4) B:   2.4 (  0.1) Phase: -177 (1) 
19.9: 75 Count:   5.0 (  4.0) A:   3.8 (  0.3) B:   2.1 (  0.1) Phase: -177 (1) 
20.0: 75 Count:   3.9 (  3.3) A:   3.4 (  0.3) B:   2.1 (  0.1) Phase: -176 (2) 
20.1: 75 Count:   3.7 (  2.8) A:   2.8 (  0.3) B:   2.2 (  0.1) Phase: -174 (2) 
20.2: 75 Count:   2.7 (  2.1) A:   2.5 (  0.2) B:   2.2 (  0.1) Phase: -172 (2) 
20.3: 75 Count:   1.7 (  1.5) A:   2.3 (  0.2) B:   2.1 (  0.1) Phase: -178 (4) 
20.4: 75 Count:   0.8 (  0.8) A:   2.3 (  0.2) B:   2.0 (  0.0) Phase: -180 (4) 
20.5: 75 Count:   0.3 (  0.3) A:   2.5 (  0.2) B:   2.0 (  0.0) Phase: 175 (5) 
20.6: 75 Count:   0.4 (  0.4) A:   2.3 (  0.1) B:   2.0 (  0.0) Phase: 173 (6) 
Phase: 173 169 172 165 163 172 173 167 178 163 168 167 163 177 164 165 164 165 166 166 171 175 167 175 169 168 179 171 178 173 171 176 177 179 172 178 -180 176 -180 179 -180 -179 -178 -175 -175 -180 -177 -176 -178 -177 -179 179 179 176 175 178 173 179 177 174 173 172 172 169 177 176 177 171 171 170 176 174 174 172 172 * * * * * * * * * * * * * * * * * * * * * * * * * 

20.7: 75 Count:   0.6 (  0.6) A:   2.2 (  0.1) B:   2.1 (  0.0) Phase: 174 (7) 
Phase: 173 160 164 165 165 168 176 170 177 161 167 156 166 170 163 169 162 165 174 167 165 167 175 174 175 175 -177 172 171 172 171 177 -178 -178 176 -176 178 -179 -178 -180 -178 -172 -178 -174 -173 -177 -174 -174 -174 -175 -180 178 -179 178 178 -178 175 175 178 178 176 176 169 174 173 174 179 174 167 175 -180 171 176 176 173 * * * * * * * * * * * * * * * * * * * * * * * * * 

20.8: 75 Count:   0.5 (  0.5) A:   2.2 (  0.1) B:   2.2 (  0.0) Phase: 173 (9) 
Phase: 160 160 155 160 167 166 172 158 170 154 164 160 164 159 160 155 152 170 162 168 164 165 168 174 170 171 169 -179 174 169 163 172 -178 179 -180 -179 -179 179 -176 -178 -174 -173 -174 -174 -171 -178 -172 -171 -173 -170 -176 -180 -180 177 -177 -175 177 173 176 175 -179 172 169 177 173 172 175 168 170 173 177 172 176 176 173 * * * * * * * * * * * * * * * * * * * * * * * * * 

20.9: 75 Count:   0.5 (  0.5) A:   2.2 (  0.1) B:   2.1 (  0.0) Phase: 167 (10) 
Phase: 161 156 152 148 155 156 165 161 158 150 160 150 158 163 147 142 155 163 158 162 167 157 164 170 170 167 162 163 163 167 164 171 171 174 174 169 177 176 178 175 -179 178 -180 -177 -174 -180 -178 -177 -179 -178 175 176 -179 177 173 179 173 165 166 165 172 165 169 171 169 161 173 162 168 165 166 169 169 163 166 * * * * * * * * * * * * * * * * * * * * * * * * * 

21.0: 75 Count:   0.3 (  0.3) A:   2.2 (  0.1) B:   2.1 (  0.0) Phase: 167 (8) 
Phase: 159 159 167 152 159 166 164 172 160 152 153 154 159 152 148 153 161 162 163 165 169 161 162 173 166 168 166 170 168 162 167 174 167 172 174 171 175 168 177 173 176 177 179 178 177 178 -180 179 178 -179 173 174 177 172 169 175 167 163 171 168 174 165 160 159 167 163 173 157 156 170 173 165 169 170 164 * * * * * * * * * * * * * * * * * * * * * * * * * 

21.1: 75 Count:   0.2 (  0.2) A:   2.3 (  0.1) B:   2.0 (  0.0) Phase: 164 (7) 
Phase: 156 167 152 151 157 160 164 171 161 150 159 166 166 159 159 144 157 165 152 162 158 168 161 172 161 149 159 166 161 165 168 175 166 166 171 169 165 172 178 169 172 173 174 176 176 175 174 175 169 176 171 169 175 169 164 169 165 159 164 171 168 160 164 162 162 164 169 165 169 161 166 159 155 160 166 * * * * * * * * * * * * * * * * * * * * * * * * * 

21.2: 75 Count:   0.3 (  0.3) A:   2.2 (  0.1) B:   2.1 (  0.0) Phase: 159 (8) 
Phase: 141 151 141 143 147 150 161 157 164 151 153 150 156 148 152 140 155 154 146 154 157 151 153 164 157 157 157 155 164 157 157 158 159 161 159 162 167 168 170 167 169 173 170 171 174 175 170 174 174 174 168 166 166 167 162 164 165 161 162 161 163 163 160 167 160 160 159 159 163 152 160 160 160 159 153 * * * * * * * * * * * * * * * * * * * * * * * * * 

21.3: 75 Count:   0.5 (  0.4) A:   2.2 (  0.1) B:   2.2 (  0.1) Phase: 157 (10) 
Phase: 144 137 140 143 129 153 161 161 155 154 140 147 149 141 150 146 145 147 148 143 159 151 150 154 148 158 158 158 156 153 149 161 165 158 162 167 164 164 169 163 165 176 170 173 176 175 174 175 171 173 168 160 162 162 166 167 158 158 162 162 160 160 154 156 158 158 153 151 149 154 157 159 158 161 158 * * * * * * * * * * * * * * * * * * * * * * * * * 

21.4: 75 Count:   0.5 (  0.5) A:   2.2 (  0.0) B:   2.3 (  0.1) Phase: 155 (10) 
Phase: 138 137 138 135 142 140 161 150 150 135 141 144 154 145 148 148 145 148 142 145 149 146 156 153 145 155 148 153 150 161 147 159 159 149 163 163 165 165 165 163 164 169 170 173 172 170 171 171 171 174 169 164 162 163 161 160 158 155 161 163 157 154 151 153 152 154 150 155 152 161 156 157 157 155 159 * * * * * * * * * * * * * * * * * * * * * * * * * 

21.5: 75 Count:   0.6 (  0.6) A:   2.2 (  0.0) B:   2.2 (  0.1) Phase: 155 (9) 
Phase: 137 138 136 132 143 149 153 154 151 143 146 144 149 142 146 144 144 157 148 150 150 148 149 156 150 155 155 151 152 151 155 155 152 153 160 163 164 161 161 161 166 170 170 174 171 171 173 170 172 175 164 161 161 164 160 162 158 153 160 153 159 153 156 153 153 153 155 150 151 148 158 159 160 154 151 * * * * * * * * * * * * * * * * * * * * * * * * * 

21.6: 75 Count:   0.5 (  0.5) A:   2.3 (  0.1) B:   2.1 (  0.0) Phase: 158 (8) 
Phase: 151 149 142 146 150 157 163 165 153 155 152 153 148 146 147 151 149 149 145 153 154 153 156 151 153 157 152 157 151 156 156 159 162 156 162 166 164 165 168 164 170 172 173 172 172 171 172 174 169 174 169 164 167 165 163 164 161 157 156 163 161 159 157 163 163 161 153 154 154 157 156 161 161 155 157 * * * * * * * * * * * * * * * * * * * * * * * * * 

21.7: 75 Count:   0.5 (  0.5) A:   2.4 (  0.1) B:   2.1 (  0.0) Phase: 159 (7) 
Phase: 147 158 147 139 155 154 158 160 160 158 154 152 153 151 155 149 150 152 147 155 153 159 156 150 157 157 156 157 156 154 159 159 165 157 161 161 163 165 167 164 170 172 172 173 171 174 172 172 170 173 165 166 165 162 163 156 160 156 157 163 158 160 156 158 161 160 153 159 159 158 157 158 158 157 156 * * * * * * * * * * * * * * * * * * * * * * * * * 

21.8: 75 Count:   0.8 (  0.8) A:   2.3 (  0.1) B:   2.2 (  0.0) Phase: 158 (10) 
Phase: 146 144 142 143 147 149 161 154 155 145 154 142 147 144 144 137 145 151 145 152 150 147 152 152 157 152 160 155 155 155 158 157 161 157 162 167 165 167 169 170 171 175 175 177 174 176 176 175 174 177 170 166 170 168 163 161 163 161 163 165 157 157 159 157 156 151 157 159 156 156 155 157 158 156 159 * * * * * * * * * * * * * * * * * * * * * * * * * 

21.9: 75 Count:   1.1 (  1.0) A:   2.3 (  0.0) B:   2.2 (  0.0) Phase: 158 (13) 
Phase: 138 141 137 139 147 141 157 152 146 137 151 140 143 141 137 134 137 139 143 146 153 150 153 155 160 156 153 152 155 155 156 155 164 162 168 168 168 167 172 172 173 177 -180 -180 -180 -180 178 -179 179 -180 174 170 171 171 169 169 162 163 165 161 159 165 160 155 153 153 150 154 156 160 158 156 164 161 162 * * * * * * * * * * * * * * * * * * * * * * * * * 

22.0: 75 Count:   1.0 (  0.9) A:   2.3 (  0.0) B:   2.3 (  0.0) Phase: 154 (13) 
Phase: 140 138 134 130 137 136 147 148 147 141 142 142 140 138 139 138 134 140 146 138 149 140 143 150 154 152 147 151 150 154 150 157 164 157 164 163 165 165 174 167 172 176 178 177 179 179 177 176 177 179 173 168 168 168 165 165 157 153 159 158 155 157 154 148 147 149 145 152 152 147 156 152 159 159 151 * * * * * * * * * * * * * * * * * * * * * * * * * 

22.1: 75 Count:   0.9 (  0.7) A:   2.3 (  0.0) B:   2.2 (  0.0) Phase: 147 (12) 
Phase: 127 137 133 122 132 132 144 143 141 133 141 131 137 130 132 126 132 133 135 140 139 137 139 141 140 143 141 143 140 144 150 142 147 146 149 148 155 152 165 158 163 168 170 169 175 173 169 172 168 174 162 158 163 154 157 152 146 148 151 145 148 146 148 142 146 146 139 145 140 142 147 142 152 146 146 * * * * * * * * * * * * * * * * * * * * * * * * * 

22.2: 75 Count:   0.8 (  0.5) A:   2.4 (  0.1) B:   2.2 (  0.0) Phase: 138 (8) 
Phase: 131 132 126 116 135 133 141 147 136 133 136 131 129 131 132 128 129 134 131 130 133 134 137 138 132 130 134 136 131 138 137 137 140 134 138 138 144 136 145 144 152 155 154 153 158 156 153 155 150 158 148 141 146 142 141 137 138 137 135 136 133 135 137 137 135 139 131 135 132 138 137 137 139 133 132 * * * * * * * * * * * * * * * * * * * * * * * * * 

22.3: 75 Count:   0.8 (  0.5) A:   2.4 (  0.1) B:   2.2 (  0.0) Phase: 131 (6) 
Phase: 128 125 123 116 125 129 137 140 138 132 126 127 125 124 123 123 126 127 124 124 128 125 127 125 131 129 131 128 128 131 130 129 135 131 133 131 135 131 133 142 137 143 143 142 145 143 143 141 139 146 140 135 135 133 130 136 130 127 126 130 127 129 130 129 128 129 126 128 128 127 128 129 128 127 127 * * * * * * * * * * * * * * * * * * * * * * * * * 

22.4: 75 Count:   1.1 (  0.7) A:   2.3 (  0.0) B:   2.3 (  0.0) Phase: 126 (7) 
Phase: 117 116 116 110 119 120 136 136 126 127 122 121 116 120 119 120 121 121 121 122 121 117 121 122 118 124 124 123 123 128 124 122 125 124 125 127 128 128 134 136 138 134 138 140 141 142 142 142 142 142 135 132 130 131 128 130 128 124 125 129 124 124 125 126 126 124 123 125 123 121 124 127 124 124 127 * * * * * * * * * * * * * * * * * * * * * * * * * 

22.5: 75 Count:   1.4 (  0.9) A:   2.3 (  0.0) B:   2.5 (  0.0) Phase: 121 (7) 
Phase: 112 111 107 101 112 114 126 132 121 118 115 116 114 113 112 115 117 112 121 116 114 113 117 117 119 116 120 118 116 122 117 119 120 119 122 120 124 121 129 129 131 135 135 136 136 135 134 136 134 135 130 126 125 124 120 125 123 118 120 120 116 120 118 119 121 120 120 119 118 120 116 120 121 117 119 * * * * * * * * * * * * * * * * * * * * * * * * * 

22.6: 75 Count:   1.6 (  1.0) A:   2.3 (  0.0) B:   2.5 (  0.0) Phase: 115 (6) 
Phase: 107 107 104 95 108 109 122 126 120 112 113 114 112 110 109 108 112 113 114 110 114 109 113 112 110 113 112 111 113 114 114 115 117 114 117 117 116 118 122 121 121 123 125 125 127 127 127 127 128 124 121 119 121 117 115 118 116 111 115 113 116 113 113 114 116 116 114 114 113 114 112 110 113 112 111 * * * * * * * * * * * * * * * * * * * * * * * * * 

22.7: 75 Count:   1.9 (  1.2) A:   2.3 (  0.0) B:   2.5 (  0.0) Phase: 111 (4) 
22.8: 75 Count:   2.4 (  1.4) A:   2.3 (  0.0) B:   2.3 (  0.0) Phase: 106 (3) 
22.9: 75 Count:   2.8 (  1.7) A:   2.4 (  0.1) B:   2.3 (  0.1) Phase: 102 (4) 
23.0: 75 Count:   3.0 (  1.8) A:   2.5 (  0.1) B:   2.5 (  0.1) Phase: 98 (4) 
23.1: 75 Count:   3.3 (  1.9) A:   2.7 (  0.1) B:   2.7 (  0.1) Phase: 95 (5) 
23.2: 75 Count:   3.5 (  2.1) A:   2.8 (  0.1) B:   2.7 (  0.1) Phase: 91 (5) 
23.3: 75 Count:   3.7 (  2.2) A:   3.1 (  0.1) B:   2.5 (  0.1) Phase: 89 (5) 
23.4: 75 Count:   3.7 (  2.2) A:   3.5 (  0.1) B:   2.3 (  0.1) Phase: 87 (5) 
23.5: 75 Count:   3.7 (  2.2) A:   3.7 (  0.1) B:   2.3 (  0.1) Phase: 86 (6) 
Phase: 79 82 78 70 82 83 108 119 102 87 85 84 84 85 83 84 84 84 83 84 85 85 85 86 85 83 86 85 85 86 86 85 85 86 85 85 86 86 86 85 87 87 87 87 88 88 87 86 86 86 87 87 85 86 84 85 86 86 86 86 84 86 86 85 84 84 84 86 85 86 85 86 86 86 85 * * * * * * * * * * * * * * * * * * * * * * * * * 

23.6: 75 Count:   3.7 (  2.2) A:   3.9 (  0.1) B:   2.4 (  0.1) Phase: 86 (6) 
Phase: 77 81 77 68 81 82 110 120 102 85 85 84 84 84 83 83 83 82 82 84 85 83 85 84 85 82 85 84 85 86 86 85 84 86 86 86 85 86 87 86 89 88 88 88 89 89 87 87 88 87 85 86 86 85 85 85 85 87 86 86 84 86 85 83 85 84 84 83 84 84 86 84 86 85 85 * * * * * * * * * * * * * * * * * * * * * * * * * 

23.7: 75 Count:   3.8 (  2.3) A:   4.0 (  0.1) B:   2.5 (  0.1) Phase: 87 (7) 
Phase: 76 77 76 69 80 82 114 127 108 85 86 85 81 85 84 83 82 84 83 85 85 84 86 87 84 86 86 86 86 86 87 87 88 86 88 87 86 92 87 87 93 91 91 93 93 93 92 93 87 92 88 86 94 87 86 85 88 87 86 85 86 87 85 85 86 86 85 84 84 86 85 87 87 87 86 * * * * * * * * * * * * * * * * * * * * * * * * * 

23.8: 75 Count:   3.6 (  2.1) A:   4.4 (  0.1) B:   2.4 (  0.0) Phase: 88 (8) 
Phase: 78 77 78 68 81 83 119 130 110 86 87 86 85 85 87 86 85 83 86 86 86 87 85 86 86 86 89 89 86 88 89 89 88 87 86 88 88 89 87 88 93 92 89 93 93 93 93 91 89 94 89 89 94 88 87 88 88 87 89 86 87 89 87 86 88 86 87 86 85 89 87 86 89 88 88 * * * * * * * * * * * * * * * * * * * * * * * * * 

23.9: 75 Count:   2.9 (  1.7) A:   5.0 (  0.2) B:   2.3 (  0.0) Phase: 90 (8) 
Phase: 81 81 79 70 82 84 123 139 114 90 91 91 87 88 88 89 88 90 90 89 89 89 89 88 89 89 91 91 91 89 92 90 90 91 89 91 92 89 91 90 93 93 92 95 88 93 90 90 90 92 91 90 92 91 89 89 89 90 88 89 89 89 90 89 88 90 91 89 89 88 89 89 89 89 91 * * * * * * * * * * * * * * * * * * * * * * * * * 

24.0: 75 Count:   2.4 (  1.5) A:   5.6 (  0.2) B:   2.1 (  0.0) Phase: 95 (9) 
Phase: 85 85 82 72 86 88 135 145 123 95 95 95 93 94 93 94 91 94 93 93 94 94 92 94 93 94 94 94 92 94 95 95 92 94 94 94 93 94 95 94 95 95 95 95 95 96 96 94 93 95 94 95 95 95 93 94 93 93 95 94 92 93 93 94 95 93 92 93 93 93 93 94 93 96 93 * * * * * * * * * * * * * * * * * * * * * * * * * 

24.1: 75 Count:   2.2 (  1.3) A:   5.8 (  0.2) B:   2.2 (  0.0) Phase: 100 (9) 
Phase: 88 92 85 78 89 95 137 149 133 101 100 99 98 99 98 98 96 98 99 98 98 99 96 98 101 100 100 99 99 99 101 102 101 98 102 101 101 101 101 99 101 103 100 101 99 103 100 103 99 101 99 101 101 99 98 101 99 100 100 99 100 101 100 100 102 99 98 100 99 99 98 99 101 100 97 * * * * * * * * * * * * * * * * * * * * * * * * * 

24.2: 75 Count:   2.6 (  1.6) A:   5.7 (  0.2) B:   2.2 (  0.0) Phase: 110 (10) 
Phase: 94 97 92 80 95 99 143 154 140 108 107 103 104 106 101 106 103 102 105 104 103 104 109 108 108 109 104 109 107 110 108 110 111 108 112 108 114 111 112 111 115 114 115 115 117 119 116 118 114 117 114 116 113 111 110 109 111 113 111 111 112 109 112 109 109 106 109 106 107 110 107 107 113 110 111 * * * * * * * * * * * * * * * * * * * * * * * * * 

24.3: 75 Count:   3.2 (  1.9) A:   5.3 (  0.2) B:   2.3 (  0.0) Phase: 128 (11) 
Phase: 107 111 101 84 110 115 153 159 148 120 120 114 118 116 113 119 116 121 119 115 121 121 125 129 128 130 125 126 126 130 125 127 131 127 132 131 134 133 139 132 140 140 137 140 142 145 144 143 138 138 137 136 140 133 132 133 131 131 137 127 132 133 129 132 129 121 126 124 118 129 127 126 132 131 130 * * * * * * * * * * * * * * * * * * * * * * * * * 

24.4: 75 Count:   2.9 (  1.8) A:   5.7 (  0.3) B:   2.2 (  0.0) Phase: 132 (11) 
Phase: 113 115 106 93 112 116 157 163 152 122 127 120 122 120 120 125 120 123 123 123 126 125 128 133 132 131 129 131 135 132 133 134 134 133 137 134 135 141 141 138 143 141 137 143 148 146 144 146 142 145 138 137 146 140 137 141 137 133 138 131 135 136 132 133 133 127 130 133 125 132 134 132 134 134 133 * * * * * * * * * * * * * * * * * * * * * * * * * 

24.5: 75 Count:   2.2 (  1.4) A:   6.4 (  0.3) B:   2.2 (  0.0) Phase: 133 (9) 
Phase: 114 117 113 99 116 122 157 164 157 127 128 127 124 124 123 128 126 129 127 125 130 128 128 131 129 132 131 131 132 132 133 134 136 134 137 135 138 137 142 137 137 141 138 140 143 145 146 143 143 141 139 138 144 138 135 139 136 136 138 135 136 135 132 130 134 129 132 132 127 135 131 130 135 135 134 * * * * * * * * * * * * * * * * * * * * * * * * * 

24.6: 75 Count:   1.9 (  1.2) A:   7.0 (  0.3) B:   2.3 (  0.0) Phase: 134 (7) 
Phase: 123 123 120 107 123 128 159 167 160 133 130 131 130 130 131 131 131 131 131 131 131 131 130 135 133 133 131 133 132 132 132 135 140 134 137 134 134 137 133 133 135 136 136 138 139 138 139 140 135 139 139 135 137 134 133 136 136 133 136 134 134 135 136 129 135 132 133 134 130 136 131 131 133 133 135 * * * * * * * * * * * * * * * * * * * * * * * * * 

24.7: 75 Count:   2.6 (  1.6) A:   7.0 (  0.3) B:   2.3 (  0.1) Phase: 143 (7) 
Phase: 130 133 127 113 131 134 164 169 162 137 139 138 138 137 136 136 136 139 137 139 141 138 140 140 143 142 141 143 141 143 141 142 146 143 147 146 146 146 148 147 149 147 145 150 151 149 151 150 148 151 148 146 149 148 145 148 146 143 143 145 142 144 144 139 143 141 139 143 142 143 141 140 141 141 143 * * * * * * * * * * * * * * * * * * * * * * * * * 

24.8: 75 Count:   3.7 (  2.2) A:   6.8 (  0.3) B:   2.4 (  0.1) Phase: 151 (7) 
Phase: 142 141 136 119 139 141 166 170 163 146 146 147 144 143 145 146 144 147 145 146 148 148 150 148 150 148 148 151 150 150 149 151 154 154 154 156 154 156 157 154 157 159 156 159 160 157 159 160 158 159 156 153 157 155 155 155 150 155 152 152 153 153 149 150 150 149 149 147 150 152 149 148 151 152 150 * * * * * * * * * * * * * * * * * * * * * * * * * 

24.9: 75 Count:   4.4 (  2.6) A:   6.9 (  0.2) B:   2.5 (  0.1) Phase: 152 (6) 
Phase: 145 144 140 127 143 146 167 172 164 150 148 150 149 149 149 149 147 148 149 148 149 151 153 151 151 150 152 150 151 152 150 153 153 152 154 154 155 155 157 154 155 158 155 159 160 158 157 158 154 158 156 152 156 155 155 156 154 154 153 152 155 153 153 152 151 151 152 151 152 154 151 150 153 152 152 * * * * * * * * * * * * * * * * * * * * * * * * * 

25.0: 75 Count:   4.6 (  2.8) A:   7.5 (  0.3) B:   2.5 (  0.1) Phase: 153 (5) 
25.1: 75 Count:   4.9 (  2.9) A:   8.3 (  0.4) B:   2.6 (  0.1) Phase: 154 (4) 
25.2: 75 Count:   5.2 (  3.0) A:   8.7 (  0.4) B:   2.7 (  0.2) Phase: 156 (4) 
25.3: 75 Count:   5.8 (  3.4) A:   8.6 (  0.4) B:   2.9 (  0.2) Phase: 158 (4) 
25.4: 75 Count:   6.5 (  3.8) A:   8.3 (  0.4) B:   3.1 (  0.1) Phase: 161 (3) 
25.5: 75 Count:   7.1 (  4.1) A:   8.2 (  0.4) B:   3.2 (  0.1) Phase: 162 (3) 
25.6: 75 Count:   7.0 (  4.1) A:   8.5 (  0.4) B:   3.4 (  0.1) Phase: 162 (3) 
25.7: 75 Count:   6.7 (  3.9) A:   9.0 (  0.4) B:   3.6 (  0.2) Phase: 163 (3) 
25.8: 75 Count:   6.6 (  3.8) A:   9.2 (  0.4) B:   3.7 (  0.2) Phase: 163 (2) 
25.9: 75 Count:   7.0 (  4.1) A:   8.8 (  0.4) B:   3.8 (  0.1) Phase: 164 (2) 
26.0: 75 Count:   7.4 (  4.3) A:   8.2 (  0.4) B:   3.8 (  0.1) Phase: 165 (2) 
26.1: 75 Count:   7.4 (  4.3) A:   8.0 (  0.3) B:   3.9 (  0.2) Phase: 165 (2) 
26.2: 75 Count:   7.1 (  4.1) A:   8.1 (  0.4) B:   4.0 (  0.1) Phase: 165 (2) 
26.3: 75 Count:   6.5 (  3.8) A:   8.2 (  0.4) B:   4.1 (  0.2) Phase: 165 (2) 
26.4: 75 Count:   6.4 (  3.7) A:   8.0 (  0.4) B:   4.1 (  0.2) Phase: 164 (2) 
26.5: 75 Count:   6.5 (  3.8) A:   7.4 (  0.3) B:   3.9 (  0.1) Phase: 165 (2) 
26.6: 75 Count:   6.6 (  3.9) A:   6.9 (  0.3) B:   3.9 (  0.2) Phase: 165 (2) 
26.7: 75 Count:   6.4 (  3.7) A:   6.6 (  0.3) B:   3.8 (  0.1) Phase: 165 (2) 
26.8: 75 Count:   6.2 (  3.6) A:   6.3 (  0.3) B:   3.7 (  0.1) Phase: 165 (2) 
26.9: 75 Count:   5.9 (  3.4) A:   6.1 (  0.3) B:   3.6 (  0.1) Phase: 165 (2) 
27.0: 75 Count:   5.8 (  3.4) A:   5.7 (  0.3) B:   3.5 (  0.1) Phase: 165 (2) 
27.1: 75 Count:   5.7 (  3.3) A:   5.2 (  0.3) B:   3.4 (  0.1) Phase: 164 (2) 
27.2: 75 Count:   5.6 (  3.2) A:   4.8 (  0.3) B:   3.3 (  0.1) Phase: 164 (2) 
27.3: 75 Count:   5.4 (  3.1) A:   4.5 (  0.2) B:   3.2 (  0.1) Phase: 164 (2) 
27.4: 75 Count:   5.2 (  3.0) A:   4.1 (  0.2) B:   3.0 (  0.1) Phase: 164 (2) 
27.5: 75 Count:   5.0 (  2.9) A:   3.8 (  0.2) B:   2.8 (  0.1) Phase: 164 (2) 
27.6: 75 Count:   4.7 (  2.7) A:   3.5 (  0.2) B:   2.6 (  0.1) Phase: 163 (2) 
27.7: 75 Count:   4.2 (  2.5) A:   3.2 (  0.2) B:   2.6 (  0.1) Phase: 163 (2) 
27.8: 75 Count:   3.6 (  2.1) A:   2.9 (  0.2) B:   2.6 (  0.1) Phase: 163 (2) 
27.9: 75 Count:   3.0 (  1.8) A:   2.6 (  0.1) B:   2.4 (  0.0) Phase: 163 (2) 
28.0: 75 Count:   2.3 (  1.4) A:   2.5 (  0.1) B:   2.2 (  0.0) Phase: 163 (2) 
28.1: 75 Count:   1.6 (  1.0) A:   2.5 (  0.0) B:   2.1 (  0.0) Phase: 165 (2) 
28.2: 75 Count:   1.0 (  0.6) A:   2.5 (  0.1) B:   2.1 (  0.0) Phase: 163 (2) 
28.3: 75 Count:   0.6 (  0.4) A:   2.6 (  0.1) B:   2.2 (  0.0) Phase: 159 (3) 
28.4: 75 Count:   0.5 (  0.3) A:   2.5 (  0.1) B:   2.2 (  0.0) Phase: 158 (4) 
28.5: 75 Count:   0.4 (  0.2) A:   2.5 (  0.1) B:   2.2 (  0.0) Phase: 157 (4) 
28.6: 75 Count:   0.3 (  0.2) A:   2.5 (  0.1) B:   2.0 (  0.0) Phase: 158 (5) 
28.7: 75 Count:   0.2 (  0.1) A:   2.5 (  0.1) B:   2.0 (  0.0) Phase: 158 (6) 
Phase: 165 162 156 130 159 148 169 167 168 159 156 151 168 160 157 162 160 156 158 155 159 165 153 160 155 164 161 167 158 154 162 165 154 161 157 155 158 160 159 154 161 165 160 156 161 158 166 156 158 154 157 162 159 152 158 156 152 154 155 167 160 160 155 164 153 157 161 155 159 160 166 157 154 156 159 * * * * * * * * * * * * * * * * * * * * * * * * * 

28.8: 75 Count:   0.1 (  0.1) A:   2.4 (  0.1) B:   2.0 (  0.0) Phase: 154 (6) 
Phase: 145 155 163 123 163 151 160 156 158 149 152 148 147 152 148 154 158 158 150 160 156 149 157 157 161 161 160 158 158 146 151 160 155 158 156 163 156 154 148 153 157 158 150 153 159 150 151 158 163 157 154 159 155 154 154 160 154 154 150 152 158 148 148 154 149 158 152 157 157 155 150 159 150 154 153 * * * * * * * * * * * * * * * * * * * * * * * * * 

28.9: 75 Count:   0.2 (  0.1) A:   2.2 (  0.1) B:   2.1 (  0.0) Phase: 153 (6) 
Phase: 157 158 148 122 142 152 162 159 164 148 153 159 153 151 147 152 157 168 138 154 145 156 147 156 155 161 153 156 151 146 152 156 152 147 154 148 154 160 155 150 154 157 149 155 156 147 151 155 155 152 159 158 151 148 156 154 151 152 156 150 155 153 160 159 160 157 154 155 160 151 152 150 156 153 159 * * * * * * * * * * * * * * * * * * * * * * * * * 

29.0: 75 Count:   0.1 (  0.1) A:   2.1 (  0.1) B:   2.1 (  0.1) Phase: 154 (6) 
Phase: 146 157 146 124 157 156 153 154 171 153 151 142 154 152 154 151 151 156 154 146 152 159 156 162 155 145 158 159 151 155 156 164 153 156 149 152 144 154 157 152 157 154 154 150 155 151 158 155 153 162 151 151 155 151 156 159 159 156 153 153 148 154 147 161 152 156 159 163 151 162 157 158 142 156 153 * * * * * * * * * * * * * * * * * * * * * * * * * 

29.1: 75 Count:   0.1 (  0.1) A:   2.1 (  0.1) B:   2.0 (  0.0) Phase: 151 (8) 
Phase: 125 148 168 119 145 153 153 162 169 143 153 148 153 144 143 153 146 148 149 160 138 153 145 162 156 164 146 155 150 151 150 151 156 161 150 148 145 150 155 153 153 149 150 151 149 149 157 154 161 154 153 156 131 151 142 151 156 154 151 154 145 157 149 159 155 145 153 158 149 153 157 150 154 145 142 * * * * * * * * * * * * * * * * * * * * * * * * * 

29.2: 75 Count:   0.0 (  0.0) A:   2.1 (  0.1) B:   2.0 (  0.0) Phase: 154 (9) 
Phase: 162 164 158 135 155 153 154 177 175 157 159 140 149 168 148 153 153 140 155 145 160 166 148 158 157 139 160 147 151 164 138 159 160 147 155 150 148 158 159 142 160 155 156 170 155 140 162 159 147 156 152 151 156 148 152 161 148 158 141 169 141 150 149 148 174 158 135 152 150 143 159 150 148 146 160 * * * * * * * * * * * * * * * * * * * * * * * * * 

29.3: 75 Count:   0.0 (  0.0) A:   2.1 (  0.2) B:   2.0 (  0.0) Phase: 150 (15) 
Phase: 153 150 147 90 174 130 169 164 170 168 128 140 157 148 162 140 151 146 168 132 174 153 127 143 125 153 158 160 142 117 169 166 159 159 161 143 161 154 155 160 146 150 149 131 157 144 139 152 136 169 149 153 127 142 158 159 158 152 145 152 158 150 154 152 -180 156 137 129 148 130 149 144 161 160 146 * * * * * * * * * * * * * * * * * * * * * * * * * 

29.4: 75 Count:   0.0 (  0.0) A:   2.1 (  0.1) B:   2.0 (  0.0) Phase: 143 (12) 
Phase: 112 139 148 125 168 136 142 176 167 127 138 134 143 138 162 135 144 142 154 158 127 138 136 136 173 143 139 161 151 149 142 164 146 148 159 134 139 136 131 136 140 128 147 159 145 146 148 148 153 154 143 152 121 133 153 137 147 141 148 142 139 131 140 142 137 134 156 150 140 130 144 144 130 144 141 * * * * * * * * * * * * * * * * * * * * * * * * * 

29.5: 75 Count:   0.0 (  0.0) A:   2.0 (  0.1) B:   2.0 (  0.1) Phase: 144 (10) 
Phase: 129 141 164 115 127 141 164 165 157 154 151 148 153 141 134 156 141 137 153 150 138 131 146 135 151 140 153 134 151 132 144 149 148 136 155 140 132 149 146 136 135 129 147 144 149 149 136 141 135 143 138 154 136 150 136 145 141 165 160 140 141 158 154 142 150 144 126 141 163 134 145 122 148 147 150 * * * * * * * * * * * * * * * * * * * * * * * * * 

29.6: 75 Count:   0.0 (  0.0) A:   2.0 (  0.1) B:   2.1 (  0.1) Phase: 150 (13) 
Phase: 115 137 -180 153 153 149 150 -180 169 154 133 108 150 152 135 143 164 139 151 168 145 174 167 155 135 116 148 179 152 135 149 166 139 154 151 143 145 163 152 133 151 152 160 160 165 149 145 152 149 160 137 139 157 161 160 160 158 161 152 145 147 135 145 146 149 130 145 150 150 150 149 158 133 155 156 * * * * * * * * * * * * * * * * * * * * * * * * * 

29.7: 75 Count:   0.0 (  0.0) A:   2.0 (  0.1) B:   2.0 (  0.1) Phase: 140 (15) 
Phase: 113 141 143 153 147 122 136 136 173 141 127 133 131 165 161 138 139 118 170 159 117 151 141 150 140 150 153 127 132 146 124 131 137 134 122 137 133 136 122 133 142 148 146 119 163 138 128 150 147 133 141 148 130 120 129 123 156 156 156 153 152 90 138 158 -180 134 131 141 152 147 157 144 155 112 150 * * * * * * * * * * * * * * * * * * * * * * * * * 

29.8: 62 Count:   0.0 (  0.0) A:   2.0 (  0.0) B:   2.0 (  0.0) Phase: 149 (26) 
Phase: -180 124 153 * * 121 156 -180 * -180 144 153 100 -180 -180 * 166 * -180 117 153 * 153 * 117 * 153 -180 159 -180 126 * 125 -180 152 153 -180 137 -180 167 177 146 103 -180 154 149 144 * 153 * 111 153 164 -180 90 166 * 146 90 146 147 * 151 124 -180 137 -180 132 -180 151 -180 127 117 128 99 * * * * * * * * * * * * * * * * * * * * * * * * * 

29.9: 56 Count:   0.0 (  0.0) A:   2.0 (  0.1) B:   2.0 (  0.0) Phase: 135 (24) 
Phase: -180 117 * * * 117 -180 * * * 139 117 117 117 117 117 122 117 * 90 * * 153 117 * * 123 * 153 * 176 -180 * 117 * 153 * 145 121 119 176 124 -180 -180 -180 152 117 134 153 * 169 153 108 117 153 135 112 131 117 114 139 117 140 117 * 120 143 103 117 149 * 126 116 119 169 * * * * * * * * * * * * * * * * * * * * * * * * * 

30.0: 69 Count:   0.0 (  0.0) A:   2.0 (  0.1) B:   2.0 (  0.0) Phase: 125 (21) 
Phase: 90 117 * 90 * 103 90 117 140 104 117 90 * 127 * 90 148 132 148 -180 117 117 134 117 * 103 131 90 146 -180 147 117 104 -180 127 129 121 119 119 112 114 122 158 153 152 111 133 123 104 117 109 139 122 141 139 105 147 119 140 123 126 * 150 114 117 117 117 119 153 138 137 148 106 110 132 * * * * * * * * * * * * * * * * * * * * * * * * * 

30.1: 68 Count:   0.0 (  0.0) A:   2.0 (  0.0) B:   2.0 (  0.1) Phase: 136 (20) 
Phase: * 126 153 90 117 129 * * -180 145 157 * -180 120 90 * 119 157 90 117 117 * 140 136 121 136 148 132 134 153 153 148 117 153 126 111 126 173 164 150 131 135 104 163 154 112 158 132 119 117 154 147 154 161 101 134 135 140 * 136 149 136 153 126 144 117 117 135 172 124 134 131 144 157 142 * * * * * * * * * * * * * * * * * * * * * * * * * 

30.2: 59 Count:   0.0 (  0.0) A:   2.0 (  0.1) B:   2.0 (  0.1) Phase: 142 (26) 
Phase: * 158 90 * * 117 117 * 153 164 90 * * 153 136 117 151 * 153 160 153 * 165 90 * 119 128 -180 167 * * * -180 * * 160 137 169 153 161 100 174 147 90 163 118 158 151 141 121 -180 125 153 153 162 126 144 153 -180 139 112 117 159 129 * 90 138 117 * 174 138 166 108 171 166 * * * * * * * * * * * * * * * * * * * * * * * * * 

30.3: 46 Count:   0.0 (  0.0) A:   2.0 (  0.0) B:   2.0 (  0.0) Phase: 127 (29) 
Phase: * 94 * * * 142 * 90 -180 * * * * * * 90 128 * * * 117 * 143 * 90 150 175 * 114 122 * -180 * * -180 * -180 * 105 * 123 128 117 90 117 117 153 118 166 90 90 153 153 * 90 117 153 134 * 142 90 * 153 136 * 117 90 * 153 90 153 * 135 117 90 * * * * * * * * * * * * * * * * * * * * * * * * * 

30.4: 9 Count:   0.0 (  0.0) A:   2.0 (  0.0) B:   2.0 (  0.0) Phase: 157 (29) 
Phase: 5:153 16:-180 38:-180 42:102 47:-180 57:143 59:-180 63:-180 71:117 

30.5: 12 Count:   0.0 (  0.0) A:   2.0 (  0.0) B:   2.0 (  0.0) Phase: 139 (27) 
Phase: * * * * * * -180 -180 * * * * * 153 * * * * * * * * 117 * * * * * * * * * 153 * * * * * * 153 * * 153 * * 117 * * * * * * 143 * * * * * * * * 117 * * * * * 90 117 * * * * * * * * * * * * * * * * * * * * * * * * * * * * * * * 

30.6: 40 Count:   0.0 (  0.0) A:   2.0 (  0.0) B:   2.0 (  0.0) Phase: 120 (25) 
Phase: * * * * * * * * -180 117 90 * -180 * * 115 * * * * * * 117 90 * * * 90 127 * 117 120 143 90 127 105 148 * -180 92 112 131 * * 126 117 100 138 * * 128 90 117 129 90 153 * 129 * 127 117 * 96 132 * * 90 162 * * 117 * * 111 90 * * * * * * * * * * * * * * * * * * * * * * * * * 

30.7: 48 Count:   0.0 (  0.0) A:   2.0 (  0.0) B:   2.0 (  0.1) Phase: 126 (25) 
Phase: * 90 * * * * * * -180 117 * * 117 * * 117 * -180 117 117 * * 117 164 * * 90 153 103 90 * -180 -180 * 131 134 117 117 * 117 129 109 90 * 117 135 123 124 100 * 121 144 -180 * 133 * * 144 * 107 117 117 132 109 * 110 * 90 117 126 117 -180 143 117 117 * * * * * * * * * * * * * * * * * * * * * * * * * 

30.8: 32 Count:   0.0 (  0.0) A:   2.0 (  0.0) B:   2.0 (  0.0) Phase: 146 (32) 
Phase: * * * * * * * * * * 90 * * * * * * * * -180 -180 117 153 * * * * * 153 153 * -180 * * 90 -180 90 -180 * 117 147 153 90 * * * 117 162 -180 * 153 116 * * * * 153 -180 * 153 90 153 * 153 * * -180 -180 153 -180 * * * 117 * * * * * * * * * * * * * * * * * * * * * * * * * * 

30.9: 17 Count:   0.0 (  0.0) A:   2.0 (  0.0) B:   2.0 (  0.0) Phase: 132 (27) 
Phase: * * * * * * * * * * * * * * * * 115 * * * * -180 * * * * * * 90 * * * * * 118 * * 143 * 143 * 143 * * -180 117 -180 * 117 * * 125 * * 117 * * * * * * * 153 117 * * * * 103 * 117 * * * * * * * * * * * * * * * * * * * * * * * * * * * * * 

31.0: 2 Count:   0.0 (  0.0) A:   2.0 (  0.0) B:   2.0 (  0.0) Phase: 121 (31) 
Phase: 40:153 59:90 

31.1: 1 Count:   0.0 (  0.0) A:   2.0 (  0.0) B:   2.0 (  0.0) Phase: 117 (0) 
31.2: 9 Count:   0.0 (  0.0) A:   2.0 (  0.0) B:   2.0 (  0.0) Phase: 126 (34) 
Phase: 30:117 36:90 39:90 44:-180 50:117 54:90 63:-180 64:153 66:117 

31.3: 20 Count:   0.0 (  0.0) A:   2.0 (  0.0) B:   2.0 (  0.0) Phase: 113 (28) 
Phase: * * * * * * * * * * -180 * * * 153 * * * * * * * * * * * 90 * * 153 * * * 90 90 * 117 * * * 90 * 90 * 153 * * 102 103 * 145 * * * * * * 117 * 90 * * 90 * 117 * * * * 90 90 * 110 * * * * * * * * * * * * * * * * * * * * * * * * * * * 

31.4: 4 Count:   0.0 (  0.0) A:   2.0 (  0.0) B:   2.0 (  0.0) Phase: 140 (30) 
Phase: 36:90 40:153 44:166 66:153 

31.5: 1 Count:   0.0 (  0.0) A:   2.0 (  0.0) B:   2.0 (  0.0) Phase: 90 (0) 
31.7: 1 Count:   0.0 (  0.0) A:   2.0 (  0.0) B:   2.0 (  0.0) Phase: 90 (0) 
31.8: 1 Count:   0.0 (  0.0) A:   2.0 (  0.0) B:   2.0 (  0.0) Phase: 90 (0) 
31.9: 5 Count:   0.0 (  0.0) A:   2.0 (  0.0) B:   2.0 (  0.0) Phase: 90 (0) 
32.4: 2 Count:   0.0 (  0.0) A:   2.0 (  0.0) B:   2.0 (  0.0) Phase: 90 (0) 
32.5: 2 Count:   0.0 (  0.0) A:   2.0 (  0.0) B:   2.0 (  0.0) Phase: 90 (0) 
33.7: 2 Count:   0.0 (  0.0) A:   2.0 (  0.0) B:   2.0 (  0.0) Phase: 121 (31) 
Phase: 35:90 46:153 

33.8: 1 Count:   0.0 (  0.0) A:   2.0 (  0.0) B:   2.0 (  0.0) Phase: 117 (0) 
34.3: 3 Count:   0.0 (  0.0) A:   2.0 (  0.0) B:   2.0 (  0.0) Phase: 90 (0) 
34.9: 3 Count:   0.0 (  0.0) A:   2.3 (  0.0) B:   2.0 (  0.0) Phase: 144 (26) 
Phase: 33:117 42:135 47:-180 

37.2: 1 Count:   0.0 (  0.0) A:   2.0 (  0.0) B:   2.0 (  0.0) Phase: 90 (0) 
37.3: 1 Count:   0.0 (  0.0) A:   2.0 (  0.0) B:   2.0 (  0.0) Phase: -180 (0) 
38.3: 1 Count:   0.0 (  0.0) A:   2.0 (  0.0) B:   2.0 (  0.0) Phase: 90 (0) 
40.2: 1 Count:   0.0 (  0.0) A:   2.0 (  0.0) B:   2.0 (  0.0) Phase: 90 (0) 
40.8: 2 Count:   0.0 (  0.0) A:   2.0 (  0.0) B:   2.0 (  0.0) Phase: 121 (31) 
Phase: 45:90 48:153 

41.2: 1 Count:   0.0 (  0.0) A:   2.0 (  0.0) B:   2.0 (  0.0) Phase: 153 (0) 
41.3: 3 Count:   0.0 (  0.0) A:   2.0 (  0.0) B:   2.0 (  0.0) Phase: 138 (30) 
Phase: 38:-180 42:117 46:117 

41.4: 1 Count:   0.0 (  0.0) A:   2.0 (  0.0) B:   2.0 (  0.0) Phase: 153 (0) 
41.7: 1 Count:   0.0 (  0.0) A:   2.0 (  0.0) B:   2.0 (  0.0) Phase: 153 (0) 
41.8: 1 Count:   0.0 (  0.0) A:   2.0 (  0.0) B:   2.0 (  0.0) Phase: -180 (0) 
41.9: 5 Count:   0.0 (  0.0) A:   2.0 (  0.0) B:   2.0 (  0.0) Phase: 175 (11) 
Phase: 34:153 36:-180 39:-180 46:-180 52:-180 

42.0: 1 Count:   0.0 (  0.0) A:   2.0 (  0.0) B:   2.0 (  0.0) Phase: 153 (0) 
42.5: 6 Count:   0.0 (  0.0) A:   2.0 (  0.0) B:   2.0 (  0.0) Phase: -175 (10) 
Phase: 35:-180 39:-180 41:-180 45:-180 48:-180 49:-153 

42.6: 4 Count:   0.0 (  0.0) A:   2.0 (  0.0) B:   2.0 (  0.0) Phase: 173 (12) 
Phase: 42:-180 43:153 44:-180 48:-180 

42.9: 4 Count:   0.0 (  0.0) A:   2.5 (  0.0) B:   2.0 (  0.0) Phase: -157 (16) 
Phase: 36:-153 37:-135 42:-180 46:-162 

43.0: 10 Count:   0.0 (  0.0) A:   2.1 (  0.3) B:   2.0 (  0.0) Phase: -149 (23) 
Phase: 34:-153 38:-153 39:-129 41:-151 42:-153 43:-163 45:-180 46:-169 48:-153 58:-90 

43.1: 12 Count:   0.0 (  0.0) A:   2.3 (  0.4) B:   2.0 (  0.0) Phase: -153 (19) 
Phase: * * * * * * * * * * * * * * * * * * * * * * * * * * * * * * * * * * * -180 -160 -162 * -136 -125 -117 * -149 * -153 -170 -180 * * * -153 * -162 * * * * * * * * * * * * * * * * * * * * * * * * * * * * * * * * * * * * * * * * * * * * * * 

43.2: 14 Count:   0.0 (  0.0) A:   2.1 (  0.3) B:   2.0 (  0.0) Phase: -158 (19) 
Phase: * * * * * * * * * * * * * * * * * * * * * * * * * * * * * * * * * * -180 -153 * -117 * -170 -167 -144 -153 -132 * -180 -152 -153 -180 * * -153 * -180 * * * * * * * * * * * * * * * * * * * * * * * * * * * * * * * * * * * * * * * * * * * * * * 

43.3: 14 Count:   0.0 (  0.0) A:   2.0 (  0.1) B:   2.0 (  0.0) Phase: -159 (13) 
Phase: * * * * * * * * * * * * * * * * * * * * * * * * * * * * * * * * * * * -144 * * * -153 -151 -143 -153 -166 -180 -153 -153 -153 -165 -149 * -180 * -180 * * * * * * * * * * * * * * * * * * * * * * * * * * * * * * * * * * * * * * * * * * * * * * 

43.4: 17 Count:   0.0 (  0.0) A:   2.3 (  0.6) B:   2.0 (  0.0) Phase: -148 (20) 
Phase: * * * * * * * * * * * * * * * * * * * * * * * * * * * * * * * * * -135 * -166 -180 * -153 -146 -135 -154 -135 -151 -117 -153 * -153 -141 -124 -117 * -180 -180 * * * * * * * * * * * * * * * * * * * * * * * * * * * * * * * * * * * * * * * * * * * * * * 

43.5: 20 Count:   0.0 (  0.0) A:   2.1 (  0.2) B:   2.0 (  0.0) Phase: -150 (22) 
Phase: * * * * * * * * * * * * * * * * * * * * * * * * * * * * * * * * * -148 -153 -146 * -180 -173 -117 -117 -160 -175 -150 -145 -162 -180 -128 -136 -170 -121 * -117 -153 * -180 * * * * * * * * * * * * * * * * * * * * * * * * * * * * * * * * * * * * * * * * * * * * 

43.6: 24 Count:   0.0 (  0.0) A:   2.1 (  0.2) B:   2.0 (  0.0) Phase: -147 (21) 
Phase: * * * * * * * * * * * * * * * * * * * * * * * * * * * * * * * * * -153 -152 -112 -151 -156 -147 -145 -148 -172 -158 -161 -137 -164 -161 -136 -133 -168 -140 -125 -117 -173 -153 -180 -90 * * * * * * * * * * * * * * * * * * * * * * * * * * * * * * * * * * * * * * * * * * * 

43.7: 26 Count:   0.0 (  0.0) A:   2.1 (  0.1) B:   2.0 (  0.0) Phase: -142 (20) 
Phase: * * * * * * * * * * * * * * * * * * * * * * * * * * * * -90 * * * -180 -146 -141 -147 -131 -137 -155 -143 -157 -145 -150 -170 -134 -152 -149 -157 -129 -144 -112 -128 -117 -133 -153 * -117 * * * * * * * * * * * * * * * * * -180 * * * * * * * * * * * * * * * * * * * * * * * * * 

43.8: 25 Count:   0.0 (  0.0) A:   2.2 (  0.2) B:   2.0 (  0.0) Phase: -135 (22) 
Phase: * * * * * * * * * * * * * * * * * * * * * * * * * * * * * * * * * -153 -157 -157 -112 -152 -155 -152 -132 -136 -132 -129 -123 -135 -135 -140 -141 -144 -180 -153 -90 -125 -117 * -90 * -153 * * * * * * -90 * * * * * * * * * * * * * * * * * * * * * * * * * * * * * * * * * * 

43.9: 22 Count:   0.0 (  0.0) A:   2.1 (  0.2) B:   2.0 (  0.0) Phase: -140 (20) 
Phase: * * * * * * * * * * * * * * * * * * * * * * * * * * * * * * * * * -180 -151 -153 -145 -140 -135 -131 -142 -145 -166 -161 -139 -131 -122 -166 -117 -102 -168 -117 -142 -108 * * * * -117 * * * * * * * * * * * * * * * * * * * * * * * * * * * * * * * * * * * * * * * * * 

44.0: 23 Count:   0.0 (  0.0) A:   2.1 (  0.1) B:   2.0 (  0.0) Phase: -147 (12) 
Phase: * * * * * * * * * * * * * * * * * * * * * * * * * * * * * * -153 * * * -117 -133 -148 -153 -139 -147 -140 -157 -150 -143 -146 -153 -136 -153 -160 -137 -124 -166 -142 -173 -153 -153 * * * * * * * * * * * * * * * * * * * * * * * * * * * * * * * * * * * * * * * * * * * * 

44.1: 26 Count:   0.0 (  0.0) A:   2.1 (  0.2) B:   2.0 (  0.0) Phase: -143 (17) 
Phase: * * * * * * * * * * * * * * * * * * * * * * * * * * * * -125 * * -153 * -135 -126 -124 -152 -138 -132 -145 -134 -153 -129 -156 -135 -141 -147 -173 -160 -129 -136 * -162 -145 -117 * -180 * -180 * * * -135 * * * * * * * * * * * * * * * * * * * * * * * * * * * * * * * * * * * * * 

44.2: 32 Count:   0.0 (  0.0) A:   2.1 (  0.1) B:   2.0 (  0.1) Phase: -135 (18) 
Phase: * * * * * * * * * * * * * * * * * * * * * * * * * -90 * -90 -115 * * -166 -123 -138 -130 -128 -144 -140 -123 -148 -146 -147 -121 -144 -142 -140 -153 -152 -159 -117 -129 -133 -136 -146 -152 -171 -135 -119 -130 * * * -117 * * * * * * * * * * * * * * * * * * * * * * * * * * * * * * * * * * * * * 

44.3: 32 Count:   0.0 (  0.0) A:   2.0 (  0.1) B:   2.1 (  0.1) Phase: -135 (22) 
Phase: * * * * * * * * * * * * * * * * * * * * * * * * * * * * -117 * -180 -149 * -139 -125 -125 -145 -133 -143 -135 -129 -151 -133 -136 -149 -153 -141 -156 -135 -134 -135 -152 -141 -152 -107 -174 -152 -90 -153 * * * -90 * * * -90 * * * * * -90 * * * * * * * * * * * * * * * * * * * * * * * * * * * 

44.4: 35 Count:   0.0 (  0.0) A:   2.0 (  0.1) B:   2.0 (  0.1) Phase: -143 (29) 
Phase: * * * * -90 * * * * * * * * * * * * * * * * * * * * -153 * * -153 * * -141 -116 -134 -139 -160 -142 -126 -133 -152 -150 -142 -131 -148 -154 -136 -146 -149 -154 -152 -156 -131 -139 -141 -117 -153 90 -90 -117 * -90 * -143 * * * * * * * * * -153 * -180 * * * * * * * * * * * * * * * * * * * * * * * * * 

44.5: 29 Count:   0.0 (  0.0) A:   2.1 (  0.1) B:   2.0 (  0.0) Phase: -142 (15) 
Phase: * * * * * * * * * * * * * -180 * * * * * * * * * * * -153 * * * * -153 * -153 -125 -147 -132 -133 -148 -143 -142 -140 -134 -158 -152 -152 -130 -143 -143 -147 -159 -134 -144 -140 -160 -121 * * * * * * * -103 * * * * * * * * * -117 -153 * * * * * * * * * * * * * * * * * * * * * * * * * * 

44.6: 29 Count:   0.0 (  0.0) A:   2.0 (  0.1) B:   2.0 (  0.1) Phase: -142 (22) 
Phase: * * * * * * * * * * * * -153 * * * * * * * * * * * * * * * * * -117 -180 * -143 -153 -134 -138 -139 -119 -138 -139 -139 -131 -159 -143 -140 -134 -144 -144 -141 -156 -136 -170 -166 -91 -117 169 -153 -90 * * * * * * * * * * * * * * * * * * * * * * * * * * * * * * * * * * * * * * * * * 

44.7: 31 Count:   0.0 (  0.0) A:   2.1 (  0.2) B:   2.0 (  0.1) Phase: -144 (19) 
Phase: * * * * * * * * * * * * * * * * * * * * * * * * * -153 * * * -180 -153 * -155 -127 -129 -144 -121 -146 -132 -143 -161 -136 -153 -154 -145 -142 -129 -155 -140 -141 -144 -147 -121 -127 -180 -105 -162 160 -130 * * * * -117 * * * * * * * * * * * * * * * * * * * * * * * * * * * * * * * * * * * * 

44.8: 40 Count:   0.0 (  0.0) A:   2.1 (  0.2) B:   2.1 (  0.1) Phase: -137 (21) 
Phase: * * -180 * -153 * * * * -90 * * * * * * * -180 * * * * * * * -117 * * -142 -180 -135 * -149 -162 -138 -133 -137 -128 -135 -132 -134 -141 -144 -143 -141 -139 -134 -142 -144 -127 -149 -136 -134 -137 * -147 -137 -180 -134 -117 * * * -90 -153 * * * * -117 * * -90 * -117 * * * * * * * * * * * * * * * * * * * * * * * * * 

44.9: 40 Count:   0.0 (  0.0) A:   2.1 (  0.2) B:   2.1 (  0.1) Phase: -141 (31) 
Phase: * * -153 * -180 * * * * * * * * * * * * * * * * * * * * -90 * * -138 -162 -117 * -128 -144 -135 -102 -122 -161 -130 -149 -126 -135 -150 -173 -130 -131 -144 -148 -142 -141 -136 -154 -130 -135 -121 -148 -115 -153 -124 -172 -117 * * * * * * 90 * -180 * * -153 -61 -126 * * * * * * * * * * * * * * * * * * * * * * * * * 

45.0: 39 Count:   0.0 (  0.0) A:   2.0 (  0.2) B:   2.1 (  0.2) Phase: -139 (26) 
Phase: -180 * * * * * * * * -90 * * * * * * * * * * * * * * * -117 * -90 -106 -180 -127 * -168 -143 -147 -153 -150 172 -163 -144 -149 -155 -150 -154 -147 -150 -132 -145 -156 -130 -155 -148 -122 -134 -144 -90 -145 * -139 -90 * * * * * * -90 * * -143 * * -153 -90 -143 * * * * * * * * * * * * * * * * * * * * * * * * * 

45.1: 37 Count:   0.0 (  0.0) A:   2.0 (  0.1) B:   2.1 (  0.1) Phase: -149 (22) 
Phase: * -153 * * -153 * * * * * * * * * * * * * * * * * * * * * * -153 * * -117 * -156 -178 -180 -153 -169 -171 -162 -153 -159 -139 -139 -153 -157 -153 -156 -147 -167 -132 -169 -138 -135 -143 -125 -180 -117 * -139 * * * * * -180 -180 * * * -117 -90 -117 -129 * -180 * * * * * * * * * * * * * * * * * * * * * * * * * 

45.2: 35 Count:   0.0 (  0.0) A:   2.0 (  0.1) B:   2.1 (  0.1) Phase: -140 (25) 
Phase: -180 -153 * * * * * * * * * * * * * * * * * * -90 * * * -117 * * * -121 * * * -175 -166 -156 * -174 -159 -133 -148 -144 -149 -147 -158 -127 -141 -145 -157 -148 -90 -180 -134 -163 -136 -151 * -160 * -106 * * * * -90 * -153 * * * * -117 -117 -90 * -134 * * * * * * * * * * * * * * * * * * * * * * * * * 

45.3: 43 Count:   0.0 (  0.0) A:   2.0 (  0.1) B:   2.1 (  0.1) Phase: -146 (28) 
Phase: -153 * -90 * * * * * * * -90 * * * * * * * * * -117 * * * -153 * * -117 * * -153 -180 -141 -129 -153 170 -155 -138 -131 -160 -148 -150 -146 -156 -127 -164 -156 -135 -155 -144 -164 -152 -159 -123 -139 * -163 * -164 -166 * * -90 -90 * -121 -180 * -153 -117 * -127 117 * -160 * * * * * * * * * * * * * * * * * * * * * * * * * 

45.4: 39 Count:   0.0 (  0.0) A:   2.1 (  0.2) B:   2.1 (  0.2) Phase: -158 (37) 
Phase: -180 -153 * * * -117 * * * * * * * * * * * -180 * * * * * * * * * 167 * * * -122 -171 -167 -107 -168 -145 -149 -113 -172 -156 -126 -142 -162 -158 -136 -148 -161 -145 -100 -176 -166 179 -163 -90 * -156 * * -180 * * -180 * * -90 * -180 * -157 90 141 123 * -114 * * * * * * * * * * * * * * * * * * * * * * * * * 

45.5: 45 Count:   0.0 (  0.0) A:   2.0 (  0.1) B:   2.1 (  0.2) Phase: -160 (30) 
Phase: -160 -180 * * * * * * * -117 -153 * * 90 * * * * * * * * * * * -180 * 117 -153 * -180 -180 -153 -172 -124 -144 -105 -176 -130 -136 -151 176 -159 -144 -146 -148 -157 -139 -157 -138 -150 -160 -160 -150 -153 -180 -155 * -180 -158 -180 -153 -131 * * * -117 * * * 153 -105 * -180 -180 * * * * * * * * * * * * * * * * * * * * * * * * * 

45.6: 40 Count:   0.0 (  0.0) A:   2.1 (  0.2) B:   2.0 (  0.1) Phase: -161 (18) 
Phase: * * * * * * * * * * * * * * * * * * -180 * * * * * -143 * * -180 -90 -153 -180 -162 -180 -176 -148 * -146 176 -161 -141 -151 -160 -166 -152 -158 -146 -159 -157 -157 -159 -131 -168 * -180 -138 -180 -165 -180 -153 -180 -148 * -167 * * * -153 -153 * * * * -180 -180 -180 * * * * * * * * * * * * * * * * * * * * * * * * * 

45.7: 35 Count:   0.0 (  0.0) A:   2.1 (  0.2) B:   2.0 (  0.1) Phase: -162 (18) 
Phase: * * * * -180 * * * * * * * * * * * * * * * * * * * -180 * -153 * * * * -180 * -180 -161 -162 -159 -171 -161 -177 -149 -143 -164 -146 176 -161 177 -145 -166 -153 -154 -147 -90 -159 -180 * -153 -180 -153 -180 -153 * -153 * * * -153 -162 * * -180 * * * * * * * * * * * * * * * * * * * * * * * * * * * * * 

45.8: 38 Count:   0.0 (  0.0) A:   2.0 (  0.1) B:   2.0 (  0.1) Phase: -168 (22) 
Phase: * * * * * -180 * * * * * * * -153 * * * * * * * * * * * -117 * * * -143 -180 -143 -180 146 -180 -161 176 -171 -180 -174 -157 169 -134 -166 -180 -145 -178 -172 -177 -180 -174 -147 -170 -180 -117 -180 -168 * 177 * -168 -180 * * -117 * * * * * * * -162 -180 154 * * * * * * * * * * * * * * * * * * * * * * * * * 

45.9: 44 Count:   0.0 (  0.0) A:   2.0 (  0.1) B:   2.1 (  0.2) Phase: -174 (35) 
Phase: 90 -180 * -143 * * * * * * * * * -117 -180 90 * * * 153 * * * * * -134 -180 * -102 -135 148 -180 -112 -180 -90 -153 172 -180 167 177 169 -180 -173 -159 -179 -179 -150 -177 -172 158 -157 -166 -157 -178 175 * -180 * 172 153 -130 160 -150 * * * * -180 * 153 * * * * * * * * * * * * * * * * * * * * * * * * * * * * * * 

46.0: 47 Count:   0.0 (  0.0) A:   2.1 (  0.2) B:   2.1 (  0.1) Phase: 174 (44) 
Phase: * -180 -127 * * 90 * 153 16 * * * * * * 123 * 175 * * * * * -90 * -150 -153 * * 144 157 -90 -157 157 * -125 -147 -170 -170 177 176 163 -160 -173 168 147 -165 165 -163 174 -154 -166 -154 134 144 -180 135 * 170 135 -180 -180 -153 * 90 * -180 -153 * * * * * 117 -180 * * * * * * * * * * * * * * * * * * * * * * * * * 

46.1: 50 Count:   0.0 (  0.0) A:   2.0 (  0.1) B:   2.0 (  0.2) Phase: 177 (31) 
Phase: 90 * -153 -180 -180 -180 * -180 * * * * * 90 * * 153 * * -90 -180 -180 * -180 * * 117 * * -162 -180 * -159 161 -177 -154 -180 -180 -165 173 -175 168 176 178 -174 -178 -169 171 -175 138 -169 -163 -153 139 152 * -180 -180 -180 -157 * -153 -124 * * -180 -180 * * 117 * -180 117 -180 * * * * * * * * * * * * * * * * * * * * * * * * * * 

46.2: 41 Count:   0.0 (  0.0) A:   2.2 (  0.4) B:   2.0 (  0.1) Phase: 171 (33) 
Phase: * * * 90 * -180 * * * * * * -180 -180 * -153 * * * * * * * * * -143 -180 117 * 135 * * * 169 -180 -117 125 -165 179 179 175 -179 165 -177 179 -178 172 174 178 -180 -165 -176 -170 124 -180 * 90 135 -180 -153 * * -180 * -180 -180 * * * 135 * * 117 * -121 * * * * * * * * * * * * * * * * * * * * * * * * * 

46.3: 38 Count:   0.0 (  0.0) A:   2.1 (  0.2) B:   2.0 (  0.1) Phase: 173 (24) 
Phase: * * * * * * * * * * * * -180 * * * * * * * * * * * 117 * * * * * -180 * * 166 176 -176 -169 -180 -180 165 169 172 176 -175 -178 143 158 168 172 166 -154 -167 -174 139 153 * 155 117 169 -153 * -153 -153 * -180 * -180 -180 * 117 174 -153 * * -153 * * * * * * * * * * * * * * * * * * * * * * * * * 

46.4: 40 Count:   0.0 (  0.0) A:   2.1 (  0.3) B:   2.0 (  0.1) Phase: 160 (29) 
Phase: * * * * * * * * * * * 153 -180 90 * * * * * * * * * * -180 -167 * * 100 * 166 * 108 -180 -180 -180 -175 141 -166 -170 177 160 173 -180 177 167 159 143 163 177 168 -179 * 162 153 117 144 -180 157 90 * * -153 * * 117 -180 117 * * * 171 * -180 * * * * * * * * * * * * * * * * * * * * * * * * * * 

46.5: 44 Count:   0.0 (  0.0) A:   2.2 (  0.3) B:   2.0 (  0.1) Phase: 161 (29) 
Phase: * * * 135 * -180 * * * * * * * 90 * * 90 * * * * * * * -180 -180 * * 145 177 143 90 142 167 -176 -180 -155 143 161 -172 -177 -152 -172 171 -177 172 156 149 159 165 165 -180 -153 178 * 134 117 153 * 135 117 -180 * * 167 158 -180 156 * * * 150 -154 * * * * * * * * * * * * * * * * * * * * * * * * * * * 

46.6: 50 Count:   0.0 (  0.0) A:   2.1 (  0.3) B:   2.0 (  0.1) Phase: 171 (32) 
Phase: -148 -90 153 -180 * * * * * * * * -153 111 * * 135 -180 * * * * * * * 167 * -121 109 -141 -178 * 164 -180 -180 -180 -177 170 173 179 171 172 171 -180 -175 -162 154 172 158 -178 154 -158 117 -172 -170 128 179 160 148 117 153 -180 -153 * * 152 * 146 -153 * * -171 125 117 * * * * * * * * * * * * * * * * * * * * * * * * * * 

46.7: 48 Count:   0.0 (  0.0) A:   2.2 (  0.2) B:   2.0 (  0.0) Phase: 161 (28) 
Phase: * * -153 * * * * * * * 113 * * 90 * * * * * * * 153 * -180 * 175 * * 160 -180 117 * 141 -176 178 -180 -175 160 176 160 -180 175 -173 155 173 150 -180 151 170 -180 143 167 97 -167 159 129 -180 -180 173 150 -180 * * -180 90 -180 135 117 -153 * * -171 160 117 -180 * * * * * * * * * * * * * * * * * * * * * * * * * 

46.8: 30 Count:   0.0 (  0.0) A:   2.2 (  0.3) B:   2.0 (  0.0) Phase: 174 (19) 
Phase: * * -180 * * * * * * * * * * * * * * * * * * * * * * * * 148 -180 * -180 * * -162 -180 -180 -176 166 179 163 175 172 -176 -156 170 174 177 170 172 -176 173 -170 90 * * 165 -180 * * -180 * * * * * * * -180 * * -180 -180 * * * * * * * * * * * * * * * * * * * * * * * * * * * * 

46.9: 37 Count:   0.0 (  0.0) A:   2.2 (  0.3) B:   2.0 (  0.0) Phase: 178 (14) 
Phase: * * -180 * * -180 * * * * * * * * -180 * * * * * * * * * * * -180 * * * -153 * -163 156 -180 176 162 -180 -174 -180 167 165 -179 -165 -180 178 -177 161 172 153 -153 * 158 165 * 153 164 -180 -180 -180 -180 * * * * * * -153 -180 -180 * -171 * * -180 * * * * * * * * * * * * * * * * * * * * * * * * * 

47.0: 41 Count:   0.0 (  0.0) A:   2.1 (  0.2) B:   2.0 (  0.0) Phase: 173 (24) 
Phase: * * -180 * * * * * * -180 -180 -180 * -180 90 * * * * * * * * * * * -153 153 * 117 -180 -180 -153 150 117 -163 164 -156 178 162 174 -180 175 -169 177 150 177 -171 -180 165 -180 -175 166 -174 * -180 177 -180 139 * -180 * * * * * * * -153 * * -180 * * 162 * * * * * * * * * * * * * * * * * * * * * * * * * 

47.1: 55 Count:   0.0 (  0.0) A:   2.2 (  0.3) B:   2.0 (  0.0) Phase: -180 (24) 
Phase: -153 * -151 * * * * * * * -180 164 -150 -180 -180 * -153 * * * * * -180 * -180 * -180 153 * -180 -180 * -161 171 -169 -167 171 179 -180 169 -180 175 -171 175 177 172 -174 178 158 166 174 -163 178 153 176 171 -162 -173 -179 -153 135 -153 -171 -180 -117 -144 * 90 -157 108 -180 -180 * 153 -180 * * * * * * * * * * * * * * * * * * * * * * * * * 

47.2: 58 Count:   0.0 (  0.0) A:   2.2 (  0.3) B:   2.0 (  0.1) Phase: -179 (28) 
Phase: * -124 * * * -180 * * * * -158 135 -180 -174 -180 -180 -156 -180 * -180 117 * -180 -180 * * -171 108 * 153 * 159 148 -173 -171 175 179 173 -174 156 167 172 -174 168 174 178 -180 -180 176 171 -177 173 -180 -180 163 -180 178 -159 -171 -171 -101 -180 -153 -117 -90 * -153 -180 -152 -153 153 * 146 150 * * * * * * * * * * * * * * * * * * * * * * * * * * 

47.3: 42 Count:   0.0 (  0.0) A:   2.2 (  0.2) B:   2.0 (  0.0) Phase: -180 (17) 
Phase: * * -153 * * -153 * * * -180 -165 * -153 * -180 * * * * * * * -180 153 * * * * * -180 -153 * 169 -180 157 -168 179 147 173 -175 179 173 -178 169 -180 168 -173 177 -167 -180 -156 -175 175 169 136 -180 175 * -147 * -180 * * * * * * 168 * * -153 * -162 153 153 * * * * * * * * * * * * * * * * * * * * * * * * * 

47.4: 34 Count:   0.0 (  0.0) A:   2.3 (  0.4) B:   2.0 (  0.0) Phase: 179 (17) 
Phase: * * * * * * * * * * * * * -153 -153 * * * -180 -180 * * * * * * * -180 * * * -180 * * 162 -180 -180 178 -180 176 161 156 -161 -175 -174 176 -174 176 -175 -160 -180 169 176 -162 117 * * -153 -180 * -180 * * * * -180 * * * -180 * * 162 153 * * * * * * * * * * * * * * * * * * * * * * * * * * 

47.5: 29 Count:   0.0 (  0.0) A:   2.3 (  0.4) B:   2.0 (  0.0) Phase: -179 (12) 
Phase: * * * * * * * * * * * * * * * * * * * * * * 162 * * * * -180 * * * * -180 166 * -180 166 179 -173 171 -173 -171 -178 -177 -174 175 179 -180 175 177 -180 -166 -180 -153 -180 * * -153 -180 * -162 * * * * * * * * -162 * * * 153 * * * * * * * * * * * * * * * * * * * * * * * * * * 

47.6: 49 Count:   0.0 (  0.0) A:   2.3 (  0.4) B:   2.0 (  0.0) Phase: -174 (11) 
Phase: * * * -180 * -153 * * * * -164 * 162 -179 -180 -162 -180 -162 * * * -180 * * -153 -180 * * -177 * * * -180 176 -180 -170 169 -175 -180 178 -165 179 -178 -168 -177 178 178 -177 -172 -180 -174 -150 179 -180 -173 -163 -153 -180 * * -173 -180 166 -180 * -180 * * * -180 -153 -153 * -153 -166 * * * * * * * * * * * * * * * * * * * * * * * * * 

47.7: 62 Count:   0.0 (  0.0) A:   2.2 (  0.3) B:   2.0 (  0.0) Phase: -178 (15) 
Phase: -180 * * * * -126 * * * -153 -163 -175 166 -173 -164 170 178 -180 -180 -180 * 162 -180 * 169 -180 -153 176 -180 * -180 * -180 162 -171 -165 -169 -180 176 -178 179 179 177 174 179 177 -163 175 -171 -179 177 -170 -180 -172 -172 -160 -166 171 -180 -180 -178 -180 -180 -180 153 -167 -153 * -180 -180 117 -166 -165 -180 * * * * * * * * * * * * * * * * * * * * * * * * * * 

47.8: 67 Count:   0.0 (  0.0) A:   2.2 (  0.2) B:   2.0 (  0.0) Phase: -178 (9) 
Phase: -180 -180 -180 * -180 -180 * * * * -174 -162 -179 -171 -172 -179 -172 -172 -180 -180 * * 153 153 * -180 -180 -165 -180 -180 166 -153 174 -174 -175 -178 166 -176 177 174 -172 -177 -176 -178 -180 178 -180 -177 172 173 -168 -173 -178 179 -170 -164 -172 175 -180 -171 -175 -180 167 -180 -180 -172 -153 -180 -180 175 -180 -166 -165 -172 -180 * * * * * * * * * * * * * * * * * * * * * * * * * 

47.9: 53 Count:   0.0 (  0.0) A:   2.3 (  0.3) B:   2.0 (  0.1) Phase: -179 (11) 
Phase: -180 * * * * -180 * * * -180 -180 -178 -166 -177 -180 -180 -180 -153 -153 * * * * * * * 175 169 * * -180 -180 171 -174 -169 157 -160 -174 -179 171 -180 175 171 179 165 171 -178 177 175 -180 -173 -180 170 -178 -174 -174 -166 -160 -178 * -174 -179 -180 * * * * * -175 -180 162 -162 -153 -180 162 * * * * * * * * * * * * * * * * * * * * * * * * * 

48.0: 38 Count:   0.0 (  0.0) A:   2.5 (  0.4) B:   2.0 (  0.0) Phase: -178 (9) 
Phase: * * * * * * * * * * -153 -180 -180 -180 -153 -180 -180 * * * * * -180 * -180 * * * -162 * * * * -176 -175 * 173 -169 174 177 -175 178 177 176 178 -177 174 179 -178 -169 -179 159 -180 -166 -180 -176 * -165 -180 165 -176 * * 170 * * * * * * * -180 * * * * * * * * * * * * * * * * * * * * * * * * * * * * 

48.1: 45 Count:   0.0 (  0.0) A:   2.4 (  0.4) B:   2.0 (  0.1) Phase: 178 (12) 
Phase: * -180 * * * * * * * * -180 -168 -162 -180 -180 164 * * 150 * * * * * -162 * * * -180 153 * * 159 -180 170 172 164 169 -178 164 -166 173 179 174 173 172 171 175 175 178 170 176 -180 -180 -180 -166 -164 -173 -162 -180 -177 -180 * -180 * * * * * 166 * -162 * -153 * * * * * * * * * * * * * * * * * * * * * * * * * * 

48.2: 59 Count:   0.0 (  0.0) A:   2.5 (  0.5) B:   2.0 (  0.1) Phase: 172 (14) 
Phase: * * * * * * * * -180 -180 -170 177 -177 -172 -180 172 -180 -180 175 * 135 -180 * -180 -171 153 -180 * -180 153 117 -169 168 -171 173 173 172 175 -179 170 161 168 176 177 175 175 176 175 172 178 174 170 175 177 160 172 179 127 163 158 173 -175 153 169 * * * -162 * 153 -180 174 * -180 171 * * * * * * * * * * * * * * * * * * * * * * * * * 

48.3: 69 Count:   0.0 (  0.1) A:   2.5 (  0.3) B:   2.0 (  0.0) Phase: 172 (15) 
Phase: -180 -179 166 90 * * * * * 179 -178 179 179 -176 -180 175 176 178 171 -180 178 * 153 134 -180 -180 162 135 -171 -180 154 -153 174 173 165 -179 172 169 -180 173 166 172 174 172 179 172 172 161 179 164 -180 177 -180 -176 175 178 176 162 173 170 178 -180 175 171 135 -180 164 -168 172 161 -180 164 -180 171 177 * * * * * * * * * * * * * * * * * * * * * * * * * 

48.4: 70 Count:   0.0 (  0.1) A:   2.5 (  0.4) B:   2.0 (  0.0) Phase: 172 (11) 
Phase: -180 178 -180 * * -180 -180 * -180 -172 -177 -176 -179 178 176 173 172 174 175 177 166 * 170 160 175 * 178 164 -173 -180 -157 -177 165 172 172 175 169 175 161 -179 164 175 173 171 172 169 169 168 165 165 159 175 171 179 172 170 173 170 136 136 173 -180 165 150 162 174 166 161 -173 168 177 171 131 178 171 * * * * * * * * * * * * * * * * * * * * * * * * * 

48.5: 62 Count:   0.0 (  0.0) A:   2.6 (  0.4) B:   2.0 (  0.0) Phase: 167 (16) 
Phase: * 117 * * * * -180 -180 * -180 172 160 179 -173 -177 166 164 168 * * -180 -180 * -180 157 * 175 178 169 127 * 157 153 152 163 166 153 172 164 167 -180 173 170 173 165 169 168 172 167 173 171 169 178 173 175 176 174 171 121 -180 157 * -180 162 * -180 117 166 169 153 -169 175 135 175 170 * * * * * * * * * * * * * * * * * * * * * * * * * 

48.6: 51 Count:   0.0 (  0.0) A:   2.8 (  0.5) B:   2.0 (  0.0) Phase: 165 (13) 
Phase: * * * * * * * * * * 168 174 165 -179 -180 * 144 * * * * * * * 173 -180 -180 163 166 153 117 * 159 167 168 170 163 175 168 157 178 176 167 167 172 167 174 164 170 159 159 169 164 172 158 162 172 135 162 -180 140 * 167 * * * * -180 153 153 -180 168 162 -173 151 * * * * * * * * * * * * * * * * * * * * * * * * * 

48.7: 57 Count:   0.0 (  0.1) A:   2.9 (  0.4) B:   2.0 (  0.0) Phase: 159 (15) 
Phase: * * * * * * * * * * -180 -175 170 163 164 -180 159 169 135 117 121 * * 135 172 153 162 * 124 162 168 160 132 160 158 167 167 172 166 166 172 164 158 160 163 165 169 167 169 160 160 166 170 152 163 130 178 178 173 170 122 162 163 * 146 146 166 * * * * 162 149 168 157 * * * * * * * * * * * * * * * * * * * * * * * * * 

48.8: 68 Count:   0.0 (  0.1) A:   2.8 (  0.4) B:   2.0 (  0.0) Phase: 157 (18) 
Phase: 146 -180 * * * 151 -180 90 -180 165 172 -180 176 171 163 169 161 149 155 116 133 127 * 171 -180 176 * 124 142 * 144 163 172 159 165 145 159 172 165 161 164 159 158 159 164 162 154 163 166 160 165 163 157 178 161 121 142 154 153 161 157 126 152 146 126 159 171 * 124 -180 166 -180 171 151 153 * * * * * * * * * * * * * * * * * * * * * * * * * 

48.9: 74 Count:   0.1 (  0.1) A:   2.7 (  0.4) B:   2.0 (  0.1) Phase: 156 (14) 
Phase: 146 105 166 * 153 158 -180 153 -180 160 170 174 167 168 167 167 157 177 139 134 168 147 151 142 151 166 155 150 149 132 145 160 153 163 155 158 150 158 160 158 156 154 153 159 165 161 163 161 165 159 167 165 155 151 162 149 153 161 171 170 152 140 155 151 135 159 160 164 152 97 154 172 170 159 156 * * * * * * * * * * * * * * * * * * * * * * * * * 

49.0: 74 Count:   0.1 (  0.1) A:   2.9 (  0.4) B:   2.0 (  0.0) Phase: 154 (13) 
Phase: 135 118 * 117 135 132 -180 -180 -180 -179 169 165 162 172 158 156 141 158 142 148 157 138 135 118 146 155 155 147 152 148 166 148 145 149 158 152 157 165 156 157 152 153 152 150 157 162 159 159 153 159 159 170 154 158 156 177 163 155 159 160 152 147 166 141 140 151 160 153 147 153 149 151 163 162 142 * * * * * * * * * * * * * * * * * * * * * * * * * 

49.1: 67 Count:   0.1 (  0.1) A:   3.0 (  0.4) B:   2.0 (  0.0) Phase: 151 (16) 
Phase: * -180 90 * * * * 153 * -172 -180 158 166 160 152 156 153 157 130 107 138 152 * 149 139 159 115 * 153 162 152 153 141 146 150 149 155 152 151 162 157 154 156 157 156 159 153 156 159 154 150 165 160 163 148 144 161 158 139 171 145 129 128 128 144 143 118 168 151 167 160 156 149 152 159 * * * * * * * * * * * * * * * * * * * * * * * * * 

49.2: 68 Count:   0.1 (  0.1) A:   3.1 (  0.5) B:   2.0 (  0.0) Phase: 150 (18) 
Phase: * -180 90 108 * * 162 * * 171 146 162 177 159 156 154 161 162 137 * 135 136 * 166 103 -180 117 156 112 145 110 174 144 144 148 147 150 152 154 157 163 153 159 160 161 154 157 156 150 156 160 165 148 159 168 160 155 159 150 171 129 172 137 119 135 130 157 135 174 154 158 140 153 162 156 * * * * * * * * * * * * * * * * * * * * * * * * * 

49.3: 68 Count:   0.1 (  0.1) A:   3.1 (  0.5) B:   2.0 (  0.0) Phase: 148 (13) 
Phase: * * 123 * * * * 138 159 152 150 168 160 153 152 144 159 142 118 -180 153 127 121 140 114 133 137 144 140 130 177 156 134 151 146 146 145 157 150 155 153 147 153 154 155 150 150 156 147 158 146 157 145 150 144 154 146 136 155 153 122 153 137 157 165 132 * 128 153 162 -180 157 146 159 145 * * * * * * * * * * * * * * * * * * * * * * * * * 

49.4: 74 Count:   0.1 (  0.2) A:   3.1 (  0.4) B:   2.0 (  0.1) Phase: 142 (13) 
Phase: * 135 125 99 146 146 170 139 153 155 164 164 152 158 151 144 133 135 129 124 126 119 126 133 124 147 125 125 139 142 143 124 148 135 147 154 138 146 145 144 155 148 151 149 149 153 153 152 149 152 154 153 154 149 142 151 142 138 151 144 142 150 137 158 124 119 140 143 141 124 129 144 129 158 135 * * * * * * * * * * * * * * * * * * * * * * * * * 

49.5: 75 Count:   0.2 (  0.2) A:   3.1 (  0.4) B:   2.0 (  0.1) Phase: 139 (12) 
Phase: 146 118 126 106 159 137 137 137 142 146 154 163 150 154 143 145 141 138 126 123 124 115 123 123 123 122 125 116 141 122 134 122 148 139 139 148 136 148 147 150 148 147 149 148 152 152 145 155 150 156 155 152 140 146 149 144 136 141 127 132 145 148 135 148 131 137 119 146 148 131 136 140 146 134 137 * * * * * * * * * * * * * * * * * * * * * * * * * 

49.6: 74 Count:   0.2 (  0.2) A:   3.2 (  0.4) B:   2.0 (  0.1) Phase: 136 (14) 
Phase: * 116 115 116 106 117 120 133 141 140 148 158 157 156 145 143 139 136 123 119 124 111 122 111 121 118 119 120 129 146 140 152 146 138 130 145 139 144 142 146 145 143 151 148 154 152 152 147 149 154 150 148 145 145 142 143 132 141 145 139 133 143 148 122 139 131 130 95 135 140 121 140 126 141 131 * * * * * * * * * * * * * * * * * * * * * * * * * 

49.7: 70 Count:   0.1 (  0.2) A:   3.3 (  0.4) B:   2.0 (  0.1) Phase: 138 (12) 
Phase: * 135 135 * * 135 149 * * 144 156 141 154 147 147 152 139 130 131 123 133 128 116 121 111 133 126 115 115 133 146 139 137 132 146 140 142 143 144 152 145 147 150 155 154 154 154 151 147 150 151 149 142 143 129 142 137 138 133 153 134 152 135 136 120 138 138 89 131 143 148 125 136 149 131 * * * * * * * * * * * * * * * * * * * * * * * * * 

49.8: 71 Count:   0.2 (  0.3) A:   3.4 (  0.6) B:   2.0 (  0.1) Phase: 138 (13) 
Phase: * 108 127 * 117 98 * * 117 143 148 158 163 151 145 143 133 120 117 121 123 106 129 136 131 120 134 137 131 140 132 157 143 145 144 139 138 140 143 147 142 149 150 150 152 154 153 152 151 147 149 146 149 152 138 139 139 132 150 147 138 151 143 130 117 139 121 146 132 138 152 132 142 155 135 * * * * * * * * * * * * * * * * * * * * * * * * * 

49.9: 74 Count:   0.2 (  0.3) A:   3.4 (  0.6) B:   2.1 (  0.1) Phase: 135 (14) 
Phase: 135 97 * 147 90 141 141 124 153 123 146 153 143 152 140 134 127 110 120 111 119 107 110 131 130 125 147 132 116 125 128 153 141 141 131 144 141 141 137 147 141 149 150 149 152 160 154 156 143 149 146 144 145 152 129 147 136 142 146 145 133 136 120 123 125 137 139 132 125 128 137 109 145 146 126 * * * * * * * * * * * * * * * * * * * * * * * * * 

50.0: 75 Count:   0.3 (  0.4) A:   3.5 (  0.5) B:   2.0 (  0.1) Phase: 131 (16) 
Phase: 120 100 76 123 97 108 139 134 136 130 150 153 154 149 141 137 131 119 112 113 106 100 109 120 110 103 123 114 120 126 125 134 136 139 130 134 137 138 139 139 137 148 151 147 150 153 156 153 148 152 146 152 143 145 138 141 128 142 125 139 138 132 129 123 126 122 126 144 138 122 137 132 136 120 124 * * * * * * * * * * * * * * * * * * * * * * * * * 

50.1: 75 Count:   0.4 (  0.5) A:   3.7 (  0.5) B:   2.0 (  0.1) Phase: 128 (15) 
Phase: 107 94 94 118 111 108 136 133 117 124 149 151 150 141 141 135 127 114 110 112 104 105 108 109 109 105 115 103 110 118 127 117 139 130 126 131 139 136 135 136 141 140 150 151 151 152 151 152 145 148 145 138 136 133 132 136 121 132 131 143 137 128 128 123 138 119 130 130 123 130 127 128 126 137 124 * * * * * * * * * * * * * * * * * * * * * * * * * 

50.2: 75 Count:   0.4 (  0.5) A:   3.8 (  0.6) B:   2.1 (  0.1) Phase: 127 (14) 
Phase: 116 104 92 104 103 117 123 126 121 127 151 143 148 139 137 130 124 113 107 107 103 101 105 114 114 98 120 110 116 117 131 120 123 135 125 134 142 137 133 134 144 141 149 148 149 150 150 152 144 147 142 141 140 136 134 130 125 138 124 141 127 128 125 126 136 119 120 120 123 126 133 121 128 119 125 * * * * * * * * * * * * * * * * * * * * * * * * * 

50.3: 75 Count:   0.4 (  0.5) A:   4.0 (  0.8) B:   2.0 (  0.0) Phase: 127 (17) 
Phase: 90 85 101 82 97 109 90 128 128 130 130 137 146 139 136 128 119 114 109 111 102 107 101 108 115 111 117 114 130 123 121 117 136 131 124 137 144 139 138 140 145 144 148 149 149 151 155 150 149 152 149 145 142 142 130 140 133 133 122 131 137 140 133 121 141 122 118 138 115 128 137 136 135 130 128 * * * * * * * * * * * * * * * * * * * * * * * * * 

50.4: 75 Count:   0.4 (  0.6) A:   4.1 (  0.8) B:   2.0 (  0.0) Phase: 131 (15) 
Phase: 90 107 117 95 119 116 143 123 116 125 142 140 148 146 138 129 120 115 107 104 101 102 102 114 109 112 119 118 116 118 134 128 142 131 123 136 144 139 139 139 147 146 148 149 150 147 153 152 152 152 150 143 142 142 138 135 140 145 135 140 144 144 135 135 139 126 126 143 115 131 143 135 129 133 129 * * * * * * * * * * * * * * * * * * * * * * * * * 

50.5: 75 Count:   0.5 (  0.7) A:   4.2 (  0.8) B:   2.0 (  0.0) Phase: 127 (17) 
Phase: 83 92 85 114 118 114 129 121 124 143 137 147 143 143 130 128 119 111 104 103 95 101 103 100 100 104 103 117 120 123 131 129 125 126 121 131 138 141 138 137 145 147 145 148 150 153 153 153 151 149 145 142 139 141 137 135 137 137 125 138 124 129 133 134 120 123 116 130 134 124 128 132 138 122 122 * * * * * * * * * * * * * * * * * * * * * * * * * 

50.6: 75 Count:   0.6 (  0.8) A:   4.4 (  0.9) B:   2.0 (  0.0) Phase: 124 (17) 
Phase: 106 107 95 74 108 105 119 125 118 118 137 146 139 141 131 124 120 111 102 103 95 98 97 99 97 97 107 102 106 113 119 124 127 122 125 127 135 135 139 137 143 147 145 145 149 148 151 150 148 148 149 143 141 141 135 131 135 128 123 135 128 123 130 126 113 106 116 120 119 123 133 121 121 118 122 * * * * * * * * * * * * * * * * * * * * * * * * * 

50.7: 75 Count:   0.7 (  0.9) A:   4.6 (  0.9) B:   2.0 (  0.0) Phase: 121 (18) 
Phase: 96 95 80 72 102 116 121 125 116 120 140 144 141 138 130 126 120 109 104 102 99 95 96 98 94 96 97 102 95 103 114 109 123 124 121 124 134 132 134 137 142 144 141 147 146 152 150 148 148 149 144 144 145 138 131 128 129 124 130 127 126 115 122 121 109 116 106 118 121 116 126 117 120 122 114 * * * * * * * * * * * * * * * * * * * * * * * * * 

50.8: 75 Count:   0.7 (  0.9) A:   4.7 (  1.0) B:   2.0 (  0.0) Phase: 122 (18) 
Phase: 104 101 93 90 102 94 116 115 118 109 142 143 142 135 131 124 115 108 103 99 94 95 96 94 96 95 101 104 110 115 125 114 121 122 126 135 134 134 141 139 145 146 145 149 149 152 151 151 150 151 146 145 142 137 137 129 130 124 138 129 125 127 128 137 106 104 112 112 109 106 122 120 126 129 123 * * * * * * * * * * * * * * * * * * * * * * * * * 

50.9: 75 Count:   0.6 (  0.9) A:   5.0 (  1.1) B:   2.0 (  0.0) Phase: 123 (19) 
Phase: 95 107 82 92 96 94 119 117 116 120 135 145 142 137 129 124 117 111 106 101 97 92 96 95 97 97 98 93 102 113 118 130 140 118 127 135 132 137 141 140 145 149 147 152 150 152 154 154 152 151 145 147 146 135 131 130 130 133 132 129 128 120 125 130 119 110 117 121 111 124 117 117 119 132 124 * * * * * * * * * * * * * * * * * * * * * * * * * 

51.0: 75 Count:   0.6 (  0.9) A:   5.2 (  1.2) B:   2.0 (  0.0) Phase: 123 (19) 
Phase: 92 108 102 81 101 80 126 120 125 125 138 144 138 137 129 119 115 109 106 100 92 96 93 91 94 90 106 102 113 112 120 125 124 118 124 137 136 138 145 145 149 149 150 152 150 152 154 155 150 150 144 147 145 139 134 118 125 123 136 137 126 124 124 117 118 114 122 122 118 125 116 116 121 134 124 * * * * * * * * * * * * * * * * * * * * * * * * * 

51.1: 75 Count:   0.7 (  1.0) A:   5.3 (  1.2) B:   2.0 (  0.0) Phase: 121 (19) 
Phase: 84 85 96 90 90 91 116 127 110 126 132 140 140 133 126 121 117 109 107 100 96 96 96 97 99 92 95 92 103 105 106 118 125 117 126 134 133 139 145 144 146 147 150 148 153 152 154 155 152 154 146 146 141 141 131 124 126 125 129 128 121 110 115 122 112 115 118 115 110 117 118 119 118 123 121 * * * * * * * * * * * * * * * * * * * * * * * * * 

51.2: 75 Count:   0.9 (  1.1) A:   5.5 (  1.2) B:   2.0 (  0.0) Phase: 120 (19) 
Phase: 88 92 91 86 101 100 115 121 113 120 134 142 136 133 130 121 118 108 102 99 96 96 95 92 93 90 98 100 102 100 111 112 120 115 119 131 132 136 142 142 146 147 148 144 152 151 153 153 149 151 146 145 144 140 128 124 122 122 126 119 118 119 113 112 111 110 112 108 112 113 110 114 122 123 117 * * * * * * * * * * * * * * * * * * * * * * * * * 

51.3: 75 Count:   1.0 (  1.2) A:   5.6 (  1.2) B:   2.0 (  0.0) Phase: 118 (19) 
Phase: 86 85 86 89 97 101 114 118 110 116 134 138 137 133 127 120 115 107 104 99 96 94 95 95 92 92 90 94 89 90 108 113 118 116 116 133 132 133 141 142 146 147 145 147 152 150 151 152 148 149 148 142 145 136 129 125 124 123 123 119 111 116 111 111 111 110 110 111 110 113 113 111 120 111 114 * * * * * * * * * * * * * * * * * * * * * * * * * 

51.4: 75 Count:   1.0 (  1.1) A:   5.7 (  1.3) B:   2.0 (  0.0) Phase: 119 (19) 
Phase: 88 89 92 88 94 102 121 116 111 115 129 142 135 130 127 120 115 111 107 98 99 96 96 95 92 93 91 101 94 103 100 114 118 119 124 134 133 138 144 141 149 148 148 147 154 153 151 153 148 153 148 142 144 135 124 126 120 125 123 117 114 112 116 113 108 110 108 111 108 110 111 112 117 116 114 * * * * * * * * * * * * * * * * * * * * * * * * * 

51.5: 75 Count:   0.8 (  1.1) A:   5.9 (  1.3) B:   2.0 (  0.0) Phase: 120 (19) 
Phase: 84 101 91 85 104 99 114 108 104 118 133 136 135 132 128 122 116 110 107 101 100 100 97 95 91 91 90 97 97 114 114 128 125 124 126 136 137 137 144 144 150 150 146 151 153 152 152 156 153 152 146 145 139 134 124 127 126 124 124 113 114 106 111 114 112 105 115 110 112 101 110 110 115 110 114 * * * * * * * * * * * * * * * * * * * * * * * * * 

51.6: 75 Count:   0.8 (  1.1) A:   6.0 (  1.3) B:   2.0 (  0.0) Phase: 121 (18) 
Phase: 95 101 91 94 102 107 118 119 111 115 127 136 133 131 126 121 117 109 109 102 99 99 99 93 93 96 92 96 100 105 112 118 124 119 129 132 137 139 140 143 148 151 148 155 153 153 154 154 148 151 145 144 141 134 130 129 124 128 123 111 114 113 111 119 113 109 111 112 111 111 116 111 113 110 112 * * * * * * * * * * * * * * * * * * * * * * * * * 

51.7: 75 Count:   1.0 (  1.1) A:   6.0 (  1.3) B:   2.0 (  0.0) Phase: 118 (19) 
Phase: 87 97 87 82 98 102 116 118 111 114 131 135 132 129 124 122 116 113 108 104 102 97 101 95 94 94 94 94 98 96 105 106 118 115 125 135 132 140 140 140 147 146 148 151 152 151 152 153 150 152 145 142 140 132 129 129 121 120 122 113 111 113 109 109 106 112 109 105 105 113 112 107 111 103 111 * * * * * * * * * * * * * * * * * * * * * * * * * 

51.8: 75 Count:   1.2 (  1.2) A:   5.9 (  1.2) B:   2.0 (  0.0) Phase: 118 (18) 
Phase: 92 93 95 89 101 100 117 118 111 112 126 133 133 128 126 121 114 112 107 103 101 101 97 96 95 93 96 98 96 101 103 104 115 115 126 130 130 135 137 139 145 145 146 148 150 148 151 151 148 150 146 139 142 132 131 121 119 122 118 116 114 113 111 110 106 110 106 108 107 108 113 109 109 108 112 * * * * * * * * * * * * * * * * * * * * * * * * * 

51.9: 75 Count:   1.3 (  1.2) A:   5.9 (  1.1) B:   2.0 (  0.0) Phase: 118 (17) 
Phase: 93 93 95 90 97 101 114 121 110 116 127 133 130 129 125 120 116 113 108 104 102 101 101 98 96 96 97 98 96 96 105 105 114 115 120 124 129 136 136 138 146 145 146 147 149 148 149 151 145 148 145 139 137 132 124 125 120 114 120 114 108 111 113 110 111 108 107 110 109 110 111 110 109 111 113 * * * * * * * * * * * * * * * * * * * * * * * * * 

52.0: 75 Count:   1.1 (  1.1) A:   6.0 (  1.1) B:   2.0 (  0.0) Phase: 117 (17) 
Phase: 95 98 92 85 104 98 113 117 111 112 127 133 132 131 124 122 116 111 108 104 103 101 101 101 99 98 100 96 97 100 104 102 113 112 119 128 127 135 136 138 144 146 145 145 150 148 149 151 146 147 145 137 134 129 126 124 121 118 118 113 113 107 109 111 109 109 110 111 108 106 110 111 112 112 113 * * * * * * * * * * * * * * * * * * * * * * * * * 

52.1: 75 Count:   1.0 (  0.9) A:   6.0 (  1.0) B:   2.0 (  0.0) Phase: 117 (16) 
Phase: 89 96 93 88 105 105 122 116 106 114 123 129 130 126 125 121 117 113 109 107 104 104 101 99 96 99 102 100 98 101 105 106 118 116 122 123 128 132 137 140 144 145 144 141 149 150 149 148 143 147 142 134 130 129 124 120 121 113 115 114 111 109 110 110 108 106 110 111 111 109 110 110 105 113 110 * * * * * * * * * * * * * * * * * * * * * * * * * 

52.2: 75 Count:   1.0 (  0.9) A:   5.9 (  0.9) B:   2.0 (  0.0) Phase: 117 (14) 
Phase: 95 98 99 91 100 104 111 116 108 113 124 127 127 126 125 120 117 114 110 109 105 104 104 101 101 100 104 100 97 99 106 111 113 113 122 126 127 129 132 135 138 143 141 144 146 144 148 147 142 145 137 133 131 122 122 119 117 118 114 112 112 111 110 109 110 107 107 110 110 109 111 106 108 114 110 * * * * * * * * * * * * * * * * * * * * * * * * * 

52.3: 75 Count:   1.2 (  1.0) A:   5.7 (  0.8) B:   2.0 (  0.0) Phase: 116 (14) 
Phase: 95 96 95 92 97 104 116 118 111 109 122 127 123 126 123 119 118 112 111 109 106 103 102 100 102 100 102 100 100 105 104 109 110 110 115 122 125 127 133 128 136 140 139 142 144 143 146 145 140 142 133 128 130 124 120 118 116 113 112 113 111 111 110 111 107 111 109 107 107 109 115 110 110 111 112 * * * * * * * * * * * * * * * * * * * * * * * * * 

52.4: 75 Count:   1.3 (  1.1) A:   5.4 (  0.7) B:   2.0 (  0.0) Phase: 116 (13) 
Phase: 95 95 96 91 101 104 113 116 109 113 120 125 122 123 121 121 118 114 113 108 108 104 105 104 101 103 101 102 102 103 101 107 104 110 119 122 121 127 134 129 133 137 136 141 145 141 145 144 141 140 134 128 129 125 120 116 114 112 115 110 114 112 109 112 108 111 107 111 110 111 110 111 110 111 110 * * * * * * * * * * * * * * * * * * * * * * * * * 

52.5: 75 Count:   1.3 (  1.0) A:   5.2 (  0.6) B:   2.0 (  0.0) Phase: 115 (12) 
Phase: 95 96 95 92 101 103 111 119 106 110 118 125 123 124 123 120 118 113 114 109 108 105 105 103 104 103 102 99 103 101 103 108 107 108 116 121 120 124 129 129 132 137 135 140 141 140 144 143 139 138 132 124 128 123 118 115 114 111 112 111 111 112 109 110 108 110 109 113 108 110 110 111 110 111 110 * * * * * * * * * * * * * * * * * * * * * * * * * 

52.6: 75 Count:   1.1 (  0.9) A:   5.1 (  0.5) B:   2.0 (  0.0) Phase: 115 (12) 
Phase: 97 97 98 96 103 106 118 116 106 111 118 122 122 124 120 121 118 117 113 110 109 106 107 104 103 103 101 103 100 102 104 104 108 110 117 115 116 121 126 127 130 134 135 140 141 139 144 140 138 138 132 125 124 124 117 118 114 112 117 112 112 111 107 110 112 109 109 114 109 111 113 111 108 110 110 * * * * * * * * * * * * * * * * * * * * * * * * * 

52.7: 75 Count:   0.9 (  0.7) A:   4.9 (  0.5) B:   2.0 (  0.0) Phase: 115 (11) 
Phase: 100 97 99 96 104 107 110 116 109 111 118 126 118 124 120 122 119 114 116 110 109 108 107 103 104 103 103 101 100 103 100 106 108 110 114 117 117 119 124 124 129 138 132 137 140 137 141 141 137 137 128 124 125 120 119 120 113 112 116 113 110 113 113 109 111 109 109 109 110 108 115 110 110 111 111 * * * * * * * * * * * * * * * * * * * * * * * * * 

52.8: 75 Count:   0.8 (  0.7) A:   4.6 (  0.4) B:   2.0 (  0.0) Phase: 115 (11) 
Phase: 98 99 98 98 98 102 111 114 108 109 115 124 124 122 121 117 117 115 113 112 110 108 109 105 106 102 105 103 102 107 103 106 107 109 119 119 122 120 125 125 132 133 131 134 136 135 143 138 135 138 129 125 121 117 118 120 113 112 112 112 110 111 111 110 111 109 107 109 111 110 109 111 113 110 111 * * * * * * * * * * * * * * * * * * * * * * * * * 

52.9: 75 Count:   0.9 (  0.7) A:   4.1 (  0.3) B:   2.0 (  0.0) Phase: 114 (11) 
Phase: 99 97 97 102 100 101 112 109 103 105 119 125 121 118 118 117 115 115 112 110 110 107 108 105 107 105 104 103 104 103 107 108 113 110 117 116 123 122 125 126 130 134 131 132 138 140 141 142 135 134 127 126 124 117 116 119 112 114 110 110 113 112 110 108 111 108 107 109 109 108 108 109 106 110 110 * * * * * * * * * * * * * * * * * * * * * * * * * 

53.0: 75 Count:   0.9 (  0.7) A:   3.8 (  0.3) B:   2.0 (  0.0) Phase: 114 (11) 
Phase: 95 100 95 99 103 106 108 109 107 104 115 118 118 115 121 117 115 114 112 111 110 109 107 103 108 105 104 103 103 100 106 106 110 110 116 121 123 127 128 125 132 132 134 134 142 136 139 139 135 136 130 125 125 120 117 122 116 112 113 110 112 112 109 107 110 107 107 108 107 105 109 111 110 112 111 * * * * * * * * * * * * * * * * * * * * * * * * * 

53.1: 75 Count:   0.7 (  0.6) A:   3.5 (  0.3) B:   2.0 (  0.0) Phase: 114 (12) 
Phase: 95 96 99 101 102 103 104 109 107 104 112 107 114 112 116 112 114 113 112 110 110 108 108 106 103 104 106 105 103 103 105 106 110 111 119 125 125 127 130 123 134 136 132 136 143 142 142 143 137 138 132 125 133 121 120 116 117 112 117 111 113 113 109 111 107 107 107 108 109 107 110 110 109 108 110 * * * * * * * * * * * * * * * * * * * * * * * * * 

53.2: 75 Count:   0.5 (  0.5) A:   3.3 (  0.3) B:   2.0 (  0.0) Phase: 117 (13) 
Phase: 87 96 99 101 101 99 108 109 116 104 111 108 132 112 115 122 116 113 113 115 111 107 111 108 104 109 106 106 102 106 106 111 110 112 126 129 129 129 136 128 141 137 142 144 147 147 145 144 137 138 133 127 137 125 127 121 117 119 114 115 114 115 112 109 114 112 108 112 110 104 108 114 110 109 113 * * * * * * * * * * * * * * * * * * * * * * * * * 

53.3: 75 Count:   0.3 (  0.4) A:   3.0 (  0.3) B:   2.0 (  0.0) Phase: 120 (14) 
Phase: 99 100 95 109 106 106 110 126 110 115 118 113 106 112 120 109 119 117 115 119 110 113 108 109 110 111 108 108 109 109 112 117 115 118 133 135 136 134 144 134 149 144 144 146 153 150 153 146 142 148 138 137 141 124 127 128 124 124 119 112 112 116 111 120 116 107 110 113 117 111 110 107 124 112 109 * * * * * * * * * * * * * * * * * * * * * * * * * 

53.4: 75 Count:   0.3 (  0.4) A:   2.8 (  0.2) B:   2.0 (  0.0) Phase: 121 (17) 
Phase: 107 108 98 103 106 107 86 135 96 97 104 108 118 111 121 119 117 106 117 119 108 116 107 108 113 113 111 111 110 107 110 121 116 122 130 138 139 137 144 142 151 148 147 155 154 153 155 149 147 154 146 142 142 129 136 131 134 123 124 118 111 120 115 116 120 115 115 101 109 114 112 103 113 116 118 * * * * * * * * * * * * * * * * * * * * * * * * * 

53.5: 75 Count:   0.4 (  0.5) A:   2.6 (  0.2) B:   2.0 (  0.0) Phase: 123 (19) 
Phase: 114 100 96 104 99 107 90 153 100 108 111 115 140 101 103 115 119 107 112 110 113 112 111 108 107 119 108 111 110 112 104 130 125 128 134 141 143 145 148 146 154 156 151 157 157 157 157 155 153 153 150 144 152 129 131 142 124 126 132 126 114 119 110 117 119 111 108 104 110 109 111 100 119 118 116 * * * * * * * * * * * * * * * * * * * * * * * * * 

53.6: 75 Count:   0.4 (  0.6) A:   2.4 (  0.2) B:   2.0 (  0.0) Phase: 125 (20) 
Phase: 106 95 104 100 96 97 83 93 99 117 126 109 104 103 119 127 115 108 124 111 108 109 114 109 117 122 117 114 112 103 109 138 125 131 142 150 149 151 154 150 155 158 152 160 158 160 160 155 157 157 155 153 157 142 138 141 132 129 127 123 115 131 116 110 112 114 123 110 115 113 114 108 120 122 118 * * * * * * * * * * * * * * * * * * * * * * * * * 

53.7: 75 Count:   0.4 (  0.6) A:   2.4 (  0.3) B:   2.0 (  0.0) Phase: 131 (22) 
Phase: 110 100 97 107 100 123 125 122 96 129 124 110 90 109 -180 134 114 110 105 97 115 112 121 125 122 127 131 124 111 121 123 148 145 146 149 161 155 155 160 158 164 163 159 164 167 163 163 165 164 164 161 159 161 151 145 148 131 136 129 124 125 136 126 124 118 125 117 115 113 125 114 108 123 128 118 * * * * * * * * * * * * * * * * * * * * * * * * * 

53.8: 68 Count:   0.3 (  0.6) A:   2.4 (  0.3) B:   2.0 (  0.0) Phase: 142 (22) 
Phase: 121 116 114 92 90 120 * 153 90 90 163 * * * * * 152 90 * 112 162 121 137 129 139 134 163 133 144 129 142 155 156 159 162 162 160 161 164 165 166 167 165 165 166 166 167 167 165 166 164 159 166 163 157 155 153 151 153 140 139 135 135 136 129 150 133 108 123 124 129 116 131 128 140 * * * * * * * * * * * * * * * * * * * * * * * * * 

53.9: 62 Count:   0.3 (  0.6) A:   2.4 (  0.3) B:   2.0 (  0.0) Phase: 153 (17) 
Phase: * 109 -180 * * * * 153 117 133 * * * * * * * * 90 112 146 153 157 124 155 146 162 153 163 177 156 164 157 165 162 166 166 169 165 165 168 166 166 167 170 167 169 169 168 168 166 167 165 165 161 161 155 159 157 168 141 149 137 149 136 134 138 165 128 147 153 143 152 148 147 * * * * * * * * * * * * * * * * * * * * * * * * * 

54.0: 61 Count:   0.4 (  0.8) A:   2.3 (  0.2) B:   2.0 (  0.0) Phase: 158 (15) 
Phase: 117 153 172 * * 153 * * * * * * * * * * 117 * * 161 104 -173 136 159 178 161 159 142 159 164 157 160 161 163 165 168 168 168 169 168 168 170 169 169 171 169 170 169 168 170 169 165 169 165 164 164 163 164 167 163 155 153 163 151 157 148 151 113 156 143 152 142 148 167 150 * * * * * * * * * * * * * * * * * * * * * * * * * 

54.1: 68 Count:   0.5 (  1.0) A:   2.3 (  0.2) B:   2.0 (  0.0) Phase: 156 (23) 
Phase: 153 122 90 90 90 150 90 * 135 117 * * * * * * 117 99 164 138 112 179 160 165 175 163 172 160 170 167 169 167 164 166 169 168 169 170 171 171 171 170 170 171 171 170 171 171 172 172 170 171 172 173 171 169 166 157 171 170 153 164 160 175 164 164 160 145 166 136 153 154 161 167 154 * * * * * * * * * * * * * * * * * * * * * * * * * 

54.2: 67 Count:   0.6 (  1.2) A:   2.3 (  0.2) B:   2.0 (  0.1) Phase: 162 (19) 
Phase: 156 121 141 * 90 * 156 * * * * 90 153 * * 90 132 -180 -180 150 145 167 159 175 177 169 171 166 176 166 166 166 170 168 171 172 170 171 173 173 172 170 170 170 172 172 173 173 172 171 172 171 173 171 172 170 173 173 168 169 157 174 175 173 160 173 169 157 158 153 165 151 165 171 156 * * * * * * * * * * * * * * * * * * * * * * * * * 

54.3: 68 Count:   0.6 (  1.2) A:   2.3 (  0.4) B:   2.0 (  0.1) Phase: 167 (16) 
Phase: 162 -180 138 * -180 * 148 90 * -180 * 153 -180 * * 146 * 102 -180 117 153 173 156 168 178 176 177 170 172 168 170 172 175 176 172 172 172 172 173 173 173 172 172 172 173 172 173 173 172 174 172 172 173 175 174 177 173 172 166 173 160 172 173 175 174 164 167 172 175 147 164 169 165 169 164 * * * * * * * * * * * * * * * * * * * * * * * * * 

54.4: 61 Count:   0.6 (  1.1) A:   2.4 (  0.3) B:   2.0 (  0.0) Phase: 171 (9) 
Phase: 135 148 126 * * * * -180 * * * * * * * * * -180 * 168 170 159 164 -180 177 176 171 168 -178 171 165 171 173 172 172 172 174 173 173 174 173 172 171 175 174 175 173 174 173 175 173 174 174 174 172 172 175 176 174 -178 162 178 173 175 171 170 168 175 178 -179 175 166 168 172 166 * * * * * * * * * * * * * * * * * * * * * * * * * 

54.5: 56 Count:   0.6 (  1.1) A:   2.6 (  0.2) B:   2.0 (  0.0) Phase: 175 (4) 
54.6: 59 Count:   0.7 (  1.3) A:   2.5 (  0.2) B:   2.0 (  0.0) Phase: 172 (15) 
Phase: -180 * * * 153 * 90 * * * * * * * -180 * * * * * 115 -162 156 -176 174 -178 178 176 172 170 170 175 176 174 176 175 175 175 174 175 176 175 175 175 175 175 176 176 177 178 177 177 176 176 177 176 177 175 -180 177 170 177 174 172 172 168 172 175 138 -176 178 178 168 178 171 * * * * * * * * * * * * * * * * * * * * * * * * * 

54.7: 61 Count:   0.8 (  1.5) A:   2.4 (  0.2) B:   2.0 (  0.0) Phase: 175 (12) 
Phase: * -180 * -180 -180 * * * * * * 108 * -180 * * * * 153 * 142 147 -172 179 175 179 -175 -176 -178 170 176 175 177 176 177 176 177 176 175 176 175 176 175 176 176 175 178 177 178 178 179 178 179 178 -180 179 -180 178 178 -178 174 175 178 179 179 179 178 -176 163 -176 -176 -180 172 174 172 * * * * * * * * * * * * * * * * * * * * * * * * * 

54.8: 64 Count:   0.8 (  1.5) A:   2.4 (  0.2) B:   2.0 (  0.0) Phase: 174 (9) 
Phase: -180 171 * * * 153 153 * * -180 * 162 * 153 153 153 * * * * 145 160 175 -177 176 -180 -177 -176 179 176 176 173 177 177 178 178 176 177 178 178 176 177 177 177 177 178 179 179 178 -180 179 179 -180 -178 -180 178 178 176 -180 -180 -180 179 173 179 176 175 175 164 163 -178 178 -176 172 178 173 * * * * * * * * * * * * * * * * * * * * * * * * * 

54.9: 61 Count:   0.8 (  1.4) A:   2.5 (  0.2) B:   2.0 (  0.0) Phase: 177 (11) 
Phase: -180 -180 * * * -180 * * 140 * * * * * * -180 * 108 * * 169 -170 -167 -180 -176 -169 -175 -178 178 179 177 178 179 179 179 177 179 178 177 177 178 178 178 178 178 178 179 179 179 -180 179 -180 179 -180 -180 178 -176 177 -180 -179 -178 177 175 176 -180 176 179 169 -175 178 179 -176 178 175 173 * * * * * * * * * * * * * * * * * * * * * * * * * 

55.0: 57 Count:   0.7 (  1.3) A:   2.6 (  0.2) B:   2.0 (  0.0) Phase: 179 (7) 
Phase: -180 -158 * * * * * * * * * * * * * * * 135 * * * -179 -170 -169 -179 -177 -177 179 -177 -178 174 -180 179 178 178 -180 179 179 178 178 179 179 179 179 179 178 179 -180 -180 -179 -180 -180 -180 -179 -178 178 -178 -180 -180 -175 -179 -180 178 179 -179 -178 178 171 177 -178 -177 179 178 -178 174 * * * * * * * * * * * * * * * * * * * * * * * * * 

55.1: 56 Count:   0.6 (  1.2) A:   2.7 (  0.2) B:   2.0 (  0.0) Phase: -179 (3) 
55.2: 58 Count:   0.7 (  1.3) A:   2.6 (  0.2) B:   2.0 (  0.0) Phase: -178 (3) 
55.3: 64 Count:   0.8 (  1.5) A:   2.5 (  0.3) B:   2.0 (  0.0) Phase: -178 (10) 
Phase: -180 * * * -180 -180 -180 * -180 * * * 117 * -180 * * -180 * -143 178 175 -174 -175 -171 -173 -173 -176 -177 179 -180 -178 -179 -179 -176 -179 -179 -178 -178 -179 -178 -178 -179 -179 -178 -177 -177 -177 -177 -175 -176 -175 -176 -174 -174 -174 -175 -172 -176 -176 -176 -180 -179 -174 -178 -173 -175 -171 -176 -174 -173 176 -178 178 -176 * * * * * * * * * * * * * * * * * * * * * * * * * 

55.4: 66 Count:   0.8 (  1.5) A:   2.4 (  0.2) B:   2.0 (  0.0) Phase: -176 (7) 
Phase: -174 171 -180 * -180 -180 -180 * -163 160 162 * * 176 * * * * * -153 -175 -180 -153 -174 -171 -169 -175 -176 -178 -177 -180 -175 179 -177 -176 -178 -177 -176 -177 -177 -176 -177 -177 -177 -175 -176 -176 -176 -175 -175 -175 -175 -174 -173 -173 -175 -174 -173 -175 -177 -175 -176 -178 -176 -176 -180 -171 -177 -172 -169 -179 -178 -180 -177 -176 * * * * * * * * * * * * * * * * * * * * * * * * * 

55.5: 64 Count:   0.8 (  1.4) A:   2.5 (  0.3) B:   2.0 (  0.0) Phase: -177 (12) 
Phase: * -180 * -180 -153 * -180 * * -180 * * * -180 * * 90 * -180 -180 -172 173 -170 -172 -169 -167 -170 -175 -176 -176 -178 -179 -177 -176 -176 -177 -177 -176 -176 -177 -176 -177 -176 -177 -175 -175 -175 -174 -174 -173 -175 -173 -175 -172 -173 -174 -173 -176 -175 -175 -172 -174 -177 -172 -175 -176 -178 -175 -174 -176 -175 -175 -175 -176 -179 * * * * * * * * * * * * * * * * * * * * * * * * * 

55.6: 56 Count:   0.7 (  1.2) A:   2.6 (  0.2) B:   2.0 (  0.0) Phase: -175 (3) 
55.7: 59 Count:   0.7 (  1.2) A:   2.6 (  0.2) B:   2.0 (  0.0) Phase: -174 (4) 
55.8: 61 Count:   0.7 (  1.3) A:   2.5 (  0.2) B:   2.0 (  0.0) Phase: -172 (6) 
Phase: -162 -171 * * -180 -180 * * * -153 * * * * -180 -180 * * * * * -135 -165 -165 -167 -164 -170 -173 -172 -178 -174 -174 -174 -175 -174 -174 -174 -173 -174 -174 -174 -174 -174 -173 -173 -173 -173 -172 -171 -173 -171 -172 -171 -170 -172 -171 -171 -170 -172 -174 -170 -173 -172 -172 -178 -173 -171 -180 -179 -173 -174 -174 -176 -176 -175 * * * * * * * * * * * * * * * * * * * * * * * * * 

55.9: 63 Count:   0.8 (  1.4) A:   2.4 (  0.2) B:   2.0 (  0.0) Phase: -173 (11) 
Phase: -180 -157 -180 -180 -180 * -180 * * * * * * * * -180 * 117 * -135 * -169 -171 -159 -168 -160 -172 -176 -173 -170 -173 -176 -174 -174 -172 -173 -173 -174 -175 -175 -172 -174 -173 -173 -172 -173 -171 -172 -171 -171 -170 -172 -170 -172 -169 -169 -172 -171 -171 -169 -174 -177 -172 -174 -174 -171 -177 -170 -171 -174 -173 -173 -171 -178 -176 * * * * * * * * * * * * * * * * * * * * * * * * * 

56.0: 68 Count:   0.8 (  1.4) A:   2.3 (  0.2) B:   2.0 (  0.0) Phase: -174 (6) 
Phase: -172 -180 -153 -180 * * -180 * -180 -180 * -180 * * 151 * -180 168 -180 -180 -180 -175 -166 -176 -172 -167 -171 -171 -173 -176 -176 -177 -174 -177 -173 -174 -173 -173 -173 -172 -171 -173 -173 -172 -172 -171 -171 -170 -168 -171 -169 -170 -168 -170 -171 -170 -170 -170 -170 -171 -170 -171 -174 -169 -173 -170 -173 -173 -173 -171 -171 -171 -172 -178 -175 * * * * * * * * * * * * * * * * * * * * * * * * * 

56.1: 63 Count:   0.7 (  1.2) A:   2.4 (  0.2) B:   2.0 (  0.0) Phase: -174 (6) 
Phase: -180 -180 -180 -180 * 174 -180 * * * * 153 * * -180 * * * * * -153 -171 -170 -170 -169 -166 -172 -173 -171 -174 -175 -174 -173 -176 -174 -173 -173 -172 -174 -173 -172 -171 -173 -171 -170 -171 -171 -170 -170 -169 -169 -171 -170 -170 -172 -170 -169 -172 -170 -173 -171 -176 -171 -169 -170 -173 -172 -175 -175 -175 -172 -167 -176 -179 -173 * * * * * * * * * * * * * * * * * * * * * * * * * 

56.2: 59 Count:   0.6 (  1.0) A:   2.4 (  0.2) B:   2.0 (  0.0) Phase: -173 (10) 
Phase: -180 -171 -153 * * 117 * * * * * * * -180 * * * * * * * -174 -153 -165 -164 -167 -171 -170 -175 -171 -177 -172 -175 -175 -173 -175 -175 -174 -174 -172 -172 -173 -173 -172 -171 -170 -170 -170 -169 -170 -169 -172 -170 -170 -171 -172 -170 -170 -170 -173 -173 -174 -170 -164 -176 -170 -180 -164 -170 -178 -174 -170 -170 -174 -174 * * * * * * * * * * * * * * * * * * * * * * * * * 

56.3: 59 Count:   0.6 (  1.0) A:   2.4 (  0.2) B:   2.0 (  0.0) Phase: -173 (6) 
Phase: * * * * * -180 -180 -180 * * * * * * * 153 * * * -180 * -180 -174 -173 -163 -168 -172 -174 -176 -175 -174 -175 -174 -173 -174 -174 -173 -173 -174 -171 -172 -170 -172 -172 -171 -172 -172 -170 -171 -170 -170 -170 -171 -171 -171 -170 -170 -169 -168 -172 -167 -171 -169 -173 -176 -170 -173 -174 -169 -170 -173 -168 -171 -176 -176 * * * * * * * * * * * * * * * * * * * * * * * * * 

56.4: 63 Count:   0.6 (  1.0) A:   2.2 (  0.1) B:   2.0 (  0.0) Phase: -173 (6) 
Phase: * -180 -153 * -180 * * -180 -180 -180 * 153 * * * -180 * * * -180 * -166 -176 -164 -166 -169 -170 -169 -172 -173 -174 -171 -172 -173 -173 -173 -172 -172 -173 -172 -172 -173 -171 -172 -170 -170 -170 -171 -170 -170 -170 -169 -171 -170 -171 -172 -171 -172 -171 -169 -173 -175 -174 -175 -170 -172 -177 171 -178 -169 -173 -172 -171 -172 -174 * * * * * * * * * * * * * * * * * * * * * * * * * 

56.5: 66 Count:   0.6 (  1.0) A:   2.2 (  0.1) B:   2.0 (  0.0) Phase: -174 (10) 
Phase: -180 -180 * -153 -180 * -180 153 -180 * * * * * 153 140 -180 * * -180 177 -154 -179 -162 -165 -164 -169 -167 -175 -176 -174 -171 -172 -175 -172 -174 -172 -173 -171 -172 -173 -171 -172 -173 -171 -170 -170 -170 -170 -170 -171 -169 -169 -169 -171 -170 -171 -169 -170 -169 -174 -175 -167 -175 -172 -177 -173 -180 -172 -176 -173 -174 -170 -172 -174 * * * * * * * * * * * * * * * * * * * * * * * * * 

56.6: 61 Count:   0.6 (  0.9) A:   2.2 (  0.1) B:   2.0 (  0.0) Phase: -172 (5) 
56.7: 59 Count:   0.4 (  0.7) A:   2.2 (  0.1) B:   2.0 (  0.0) Phase: -173 (4) 
56.8: 58 Count:   0.3 (  0.5) A:   2.2 (  0.2) B:   2.0 (  0.0) Phase: -174 (5) 
56.9: 58 Count:   0.3 (  0.4) A:   2.2 (  0.1) B:   2.0 (  0.0) Phase: -176 (6) 
Phase: * -180 * * -180 * * 158 * * * * 153 * * * * * * * * -173 175 -171 -171 -167 -177 -179 -172 -174 -174 -176 -175 -175 -175 -176 -175 -175 -175 -175 -175 -177 -175 -175 -175 -175 -175 -175 -173 -176 -175 -171 -173 -173 -174 -170 -174 -173 -172 -178 -175 -170 -177 -174 -176 -171 -173 -171 175 -177 -172 -170 -177 -175 -178 * * * * * * * * * * * * * * * * * * * * * * * * * 

57.0: 63 Count:   0.3 (  0.4) A:   2.1 (  0.1) B:   2.0 (  0.0) Phase: -176 (8) 
Phase: 153 -180 * * * * * * * -180 * * 135 -180 -180 * * * -180 -180 -180 -180 -175 -168 -169 -171 -175 -177 -171 -172 -177 -177 -174 -174 -177 -175 -176 -174 -176 -177 -177 -176 -174 -173 -176 -173 -174 -176 -174 -173 -174 -173 -172 -172 -174 -170 -171 -176 -174 -173 -175 -174 -175 -170 -165 -178 -171 -170 -173 -178 -174 -180 -171 -176 -180 * * * * * * * * * * * * * * * * * * * * * * * * * 

57.1: 61 Count:   0.3 (  0.4) A:   2.1 (  0.1) B:   2.0 (  0.0) Phase: -175 (7) 
Phase: -180 * -180 * * * * 153 * -180 * -180 * * * * * * -153 * -153 171 -169 -168 -173 -170 -175 -171 -177 -173 -172 -176 -177 -174 -178 -174 -177 -177 -176 -174 -177 -175 -174 -175 -177 -174 -175 -175 -174 -176 -174 -175 -173 -176 -175 -174 -169 -176 -172 -173 -178 -177 -178 -171 -173 -176 -176 -179 -171 -174 -177 -173 -168 -173 -176 * * * * * * * * * * * * * * * * * * * * * * * * * 

57.2: 58 Count:   0.2 (  0.3) A:   2.1 (  0.1) B:   2.0 (  0.0) Phase: -176 (6) 
Phase: * * * * * * * 143 * -180 * * * * -180 * * * * * -180 -178 -179 -169 -174 -174 -176 -166 -174 -177 -174 -175 179 179 -178 -177 -176 -176 -176 -175 -176 -175 -178 -176 -175 -177 -178 -176 -174 -174 -176 -177 -171 -177 -175 -172 -176 -178 -177 -174 -176 -179 -172 -174 -176 -175 -165 -174 -173 -175 -176 -178 -166 -176 -178 * * * * * * * * * * * * * * * * * * * * * * * * * 

57.3: 56 Count:   0.1 (  0.2) A:   2.1 (  0.1) B:   2.0 (  0.0) Phase: -177 (4) 
57.4: 56 Count:   0.1 (  0.1) A:   2.1 (  0.1) B:   2.0 (  0.0) Phase: -176 (6) 
Phase: * * * * * * * -180 * * * * * * * * * * * -180 * -180 -180 -171 -172 -161 177 -174 -168 178 178 -172 177 -176 -177 -179 -175 -177 -178 179 -176 -179 179 -180 -177 -176 -172 -173 -173 -173 -170 -176 -173 -170 -175 -173 -174 177 -172 -178 -177 -159 -177 -179 -180 -180 175 -175 -180 174 -166 -174 -161 -180 -179 * * * * * * * * * * * * * * * * * * * * * * * * * 

57.5: 54 Count:   0.0 (  0.1) A:   2.1 (  0.1) B:   2.0 (  0.0) Phase: -175 (6) 
Phase: * * * * * * * * -180 * * * * * * * * * * * * -180 * -172 -165 -172 -162 -178 -177 -176 -172 -173 -176 -175 -178 -175 -179 -174 -178 179 -176 -178 179 -177 -176 -175 -174 -179 -170 -173 -175 -178 -176 -175 178 -170 -160 -177 -176 -158 -180 -170 -167 -180 -168 -169 -174 -177 -165 -168 -170 -180 176 -180 179 * * * * * * * * * * * * * * * * * * * * * * * * * 

57.6: 55 Count:   0.0 (  0.1) A:   2.1 (  0.1) B:   2.0 (  0.0) Phase: -175 (5) 
57.7: 53 Count:   0.0 (  0.1) A:   2.0 (  0.1) B:   2.0 (  0.0) Phase: -176 (6) 
Phase: -180 * * * * * * * * * * * * * * * * * * * * * * -178 -180 -155 -180 -173 176 -180 177 -177 -169 -177 -180 177 -179 -176 -179 -178 -174 -179 179 -178 -169 -176 -179 -177 -176 -176 -177 177 -179 -180 -166 -177 -177 -175 -175 -178 -169 -166 -177 -157 -169 -172 -172 -180 -180 -161 -178 -175 -180 -179 -179 * * * * * * * * * * * * * * * * * * * * * * * * * 

57.8: 53 Count:   0.0 (  0.0) A:   2.0 (  0.1) B:   2.0 (  0.0) Phase: -178 (8) 
Phase: * * * * * * * * * * * * * 153 * * * * * * * * -180 * -153 -166 -165 -172 176 -176 175 -175 178 -176 -179 -175 -177 -173 -177 -175 179 -178 -179 -173 -177 -180 -180 -173 -177 -178 -173 177 -173 -177 -174 -172 -180 -174 -174 -180 -179 -178 -178 -180 -161 -180 -180 166 -177 -172 -171 152 -180 -180 -180 * * * * * * * * * * * * * * * * * * * * * * * * * 

57.9: 42 Count:   0.0 (  0.0) A:   2.0 (  0.1) B:   2.0 (  0.0) Phase: -175 (8) 
Phase: * * * * * * * * * * * * * * * * * * * * * * * * * * -154 * -180 * -180 * -175 -164 -160 -173 -179 -177 -172 -180 -180 -180 -174 177 -170 179 -180 -180 -172 -169 -145 -180 -180 -180 -178 -175 -171 -180 -162 -180 * -180 -170 -171 * -180 -180 * -180 -164 -180 -169 * -178 -180 * * * * * * * * * * * * * * * * * * * * * * * * * 

58.0: 36 Count:   0.0 (  0.0) A:   2.0 (  0.1) B:   2.0 (  0.0) Phase: -177 (10) 
Phase: * * * * * * * * * * * * * * * * * * * * * * * -153 * * * -180 -180 -180 * -180 -180 * -180 -171 153 -180 176 -166 -164 -170 -180 -180 -180 -166 -153 -168 -180 -180 -180 -180 170 -172 -173 -170 -178 166 -180 -153 * -180 -180 -180 * * * * * * * * * -180 * * * * * * * * * * * * * * * * * * * * * * * * * * 

58.1: 40 Count:   0.0 (  0.0) A:   2.0 (  0.1) B:   2.0 (  0.0) Phase: 179 (14) 
Phase: * * * * * * * * * * * * * * * * * * * * * * * -180 * -180 -180 * -180 -180 * -180 -180 -180 161 -179 -180 -180 -180 -180 -180 -180 -158 -180 -180 -180 -161 -180 -180 * -163 -180 -176 -180 -172 -180 -180 154 -180 * * -153 * -180 -180 117 * * * * -180 * -180 153 -180 * * * * * * * * * * * * * * * * * * * * * * * * * 

58.2: 32 Count:   0.0 (  0.0) A:   2.0 (  0.1) B:   2.0 (  0.0) Phase: -178 (8) 
Phase: * * * * * * * * * * * * * * * * * * * * * * * -153 -180 * -180 -170 -180 -180 * * -173 -180 -178 -178 -180 -173 -179 * * -180 -180 * -173 173 -171 -180 * -180 172 -180 -169 * * -180 -180 -180 -165 * * * -180 * * * * * * * -180 153 * -177 -180 * * * * * * * * * * * * * * * * * * * * * * * * * 

58.3: 29 Count:   0.0 (  0.0) A:   2.0 (  0.0) B:   2.0 (  0.0) Phase: -179 (10) 
Phase: * * * * * * * * * * * * * * * * * * * * * * * * * * * * -180 -180 * * -178 -180 -177 -180 -170 -180 -180 -180 153 153 -153 -180 -180 -180 -161 * -162 -180 -180 -180 -167 -180 * * * * -180 * -180 * * * * * * * * * * -180 -180 -180 -180 * * * * * * * * * * * * * * * * * * * * * * * * * 

58.4: 28 Count:   0.0 (  0.0) A:   2.0 (  0.2) B:   2.0 (  0.0) Phase: -179 (6) 
Phase: * * * * * * * * * * * * * * * * * * * * * * * * * -180 * -180 * * * -180 -178 -180 -180 * -179 -180 -180 -180 -180 -180 * * -180 -180 161 -180 -180 -171 * * -180 -180 -180 -180 -180 * * * -153 -180 * * -180 * * * * * * -180 * -180 * * * * * * * * * * * * * * * * * * * * * * * * * * 

58.5: 19 Count:   0.0 (  0.0) A:   2.0 (  0.0) B:   2.0 (  0.0) Phase: -176 (9) 
Phase: * * * * * * * * * * * * * * * * * * * * * * * * * * * * * * * -153 -153 * -180 -180 -166 -180 -180 -180 * * -180 -180 -180 -180 -180 * -180 -180 -180 * * -180 -180 * * * * * -180 * * * * * * * * * * * * * * * * * * * * * * * * * * * * * * * * * * * * * * * 

58.6: 11 Count:   0.0 (  0.0) A:   2.0 (  0.0) B:   2.0 (  0.0) Phase: -175 (10) 
Phase: * * * * * * * * * * * * * * * * * * * * * * * * * * * * * * * * -180 * -180 -180 -180 -180 -180 * -180 * * * -180 * * -153 * -180 * * * * * * * -153 * * * * * * * * * * * * * * * * * * * * * * * * * * * * * * * * * * * * * * * * * * 

58.7: 10 Count:   0.0 (  0.0) A:   2.0 (  0.0) B:   2.0 (  0.0) Phase: -180 (0) 
58.8: 11 Count:   0.0 (  0.0) A:   2.0 (  0.0) B:   2.0 (  0.0) Phase: -180 (0) 
58.9: 10 Count:   0.0 (  0.0) A:   2.0 (  0.0) B:   2.0 (  0.0) Phase: -175 (11) 
Phase: 33:-153 34:-180 38:-180 42:-180 43:-180 45:-180 48:-180 52:-153 53:-180 55:-180 

59.0: 6 Count:   0.0 (  0.0) A:   2.0 (  0.0) B:   2.0 (  0.0) Phase: -180 (0) 
59.1: 5 Count:   0.0 (  0.0) A:   2.0 (  0.0) B:   2.0 (  0.0) Phase: -180 (0) 
59.2: 4 Count:   0.0 (  0.0) A:   2.0 (  0.0) B:   2.0 (  0.0) Phase: -180 (0) 
59.3: 1 Count:   0.0 (  0.0) A:   2.0 (  0.0) B:   2.0 (  0.0) Phase: -180 (0) 
59.4: 2 Count:   0.0 (  0.0) A:   2.0 (  0.0) B:   2.0 (  0.0) Phase: -180 (0) 
59.5: 4 Count:   0.0 (  0.0) A:   2.0 (  0.0) B:   2.0 (  0.0) Phase: -180 (0) 
59.7: 1 Count:   0.0 (  0.0) A:   2.0 (  0.0) B:   2.0 (  0.0) Phase: -180 (0) 
59.9: 2 Count:   0.0 (  0.0) A:   2.0 (  0.0) B:   2.0 (  0.0) Phase: -180 (0) 
60.0: 4 Count:   0.0 (  0.0) A:   2.0 (  0.0) B:   2.0 (  0.0) Phase: -180 (0) 
60.1: 2 Count:   0.0 (  0.0) A:   2.0 (  0.0) B:   2.0 (  0.0) Phase: -180 (0) 
94.7: 4 Count:   0.0 (  0.0) A:   2.0 (  0.0) B:   2.0 (  0.0) Phase: -24 (17) 
Phase: 4:-27 31:0 32:-47 33:-21 

94.8: 46 Count:   0.0 (  0.1) A:   2.0 (  0.0) B:   2.0 (  0.0) Phase: -36 (28) 
Phase: -39 -27 -63 -9 0 -90 -27 0 -27 -22 0 * -27 * * * * * * * * * * * * * -72 -31 -40 -49 -48 -43 -29 -39 -35 -29 -43 -4 0 * * * * * * * -63 -90 -81 -65 -90 -90 -44 -11 0 -6 -25 -8 -24 -13 * -10 -27 * * * -90 * * * -63 -18 -11 -27 * * * * * * * * * * * * * * * * * * * * * * * * * * 

94.9: 66 Count:   0.2 (  0.4) A:   2.0 (  0.0) B:   2.0 (  0.0) Phase: -42 (21) 
Phase: -28 -28 -21 -37 -37 -43 -31 -52 -55 -35 -37 -42 -56 -41 -88 -2 -85 * * * * * * * * -27 -73 -66 -54 -46 -45 -46 -43 -42 -43 -43 -38 -23 -17 -8 0 0 0 -56 * -63 -71 -76 -86 -82 -75 -60 -40 -21 -25 -17 -23 -23 -32 -54 -35 -38 -75 -28 -59 -38 -52 -57 -60 -34 -23 -25 -35 -42 -46 * * * * * * * * * * * * * * * * * * * * * * * * * 

95.0: 68 Count:   0.3 (  0.5) A:   2.0 (  0.0) B:   2.0 (  0.0) Phase: -45 (17) 
Phase: -47 -36 -49 -36 -36 -49 -47 -47 -43 -54 -42 -36 -48 -61 -43 -65 -63 * * * * * * 0 * -90 -58 -50 -53 -50 -49 -44 -44 -44 -48 -42 -42 -36 -30 -20 -7 -19 -5 -24 -38 -63 -68 -75 -80 -84 -77 -64 -45 -30 -29 -28 -29 -29 -29 -37 -37 -31 -55 -43 -57 -59 -54 -52 -39 -49 -40 -36 -45 -54 -51 * * * * * * * * * * * * * * * * * * * * * * * * * 

95.1: 67 Count:   0.1 (  0.2) A:   2.0 (  0.0) B:   2.0 (  0.0) Phase: -43 (19) 
Phase: -27 -47 -39 -47 -36 -2 -36 -56 -45 -59 -22 -52 -45 -37 -73 -36 0 * * * * * * * * -16 -40 -53 -61 -44 -50 -52 -44 -53 -46 -49 -37 -43 -22 -22 -26 -50 0 -8 -32 -63 -90 -63 -80 -77 -75 -66 -53 -42 -27 -29 -30 -35 -34 -29 -34 -46 -20 -54 -44 -74 -64 -59 -56 -35 -27 -45 -43 -56 -50 * * * * * * * * * * * * * * * * * * * * * * * * * 

95.2: 42 Count:   0.0 (  0.0) A:   2.0 (  0.0) B:   2.0 (  0.0) Phase: -48 (28) 
Phase: * 0 -63 -27 -63 -27 -63 -41 -90 * * * * * -63 * * * * * * * * * * * * * -83 -66 -74 -35 -55 -70 -52 -55 * -90 -46 * * * -27 * -90 * * -90 -90 -70 -87 -63 -30 -30 -39 -23 -28 -36 -33 0 * 0 * * * * -90 * 0 -19 -27 -15 -27 -27 * * * * * * * * * * * * * * * * * * * * * * * * * * 

103.9: 32 Count:   0.0 (  0.0) A:   2.0 (  0.0) B:   2.0 (  0.0) Phase: -15 (24) 
Phase: -53 * -27 * -27 * * * -63 * -50 0 0 * * * * * * * * * * * * * * * 0 0 0 0 0 0 0 * * 0 * * * * * -27 * * -27 * * 0 -27 0 0 0 -63 -90 0 0 * * * * 0 * -13 0 * 0 * * 0 * -13 * * * * * * * * * * * * * * * * * * * * * * * * * * * 

104.0: 71 Count:   0.2 (  0.2) A:   2.0 (  0.0) B:   2.0 (  0.0) Phase: -12 (8) 
Phase: -17 -14 -16 -18 -10 -20 -22 -24 -20 -20 -16 -10 -8 0 0 0 0 0 * 0 -9 * * * 0 -36 -6 -7 -15 -9 -15 -14 -11 -14 -15 -13 -13 -11 -4 -16 -5 -7 -16 -13 -28 -10 -20 -40 -24 -9 -9 -10 -7 -8 -7 -9 -10 -8 -12 -20 -15 -14 -23 -23 -14 -13 -8 -11 -16 -11 -16 -8 -16 -7 -15 * * * * * * * * * * * * * * * * * * * * * * * * * 

104.1: 75 Count:   0.8 (  0.9) A:   2.0 (  0.0) B:   2.0 (  0.0) Phase: -13 (7) 
Phase: -15 -16 -15 -13 -19 -19 -17 -29 -27 -23 -22 -8 -6 -3 0 0 0 -4 -3 -5 0 -6 -27 -2 -24 -23 -23 -14 -14 -13 -14 -15 -15 -15 -17 -15 -15 -17 -10 -10 -6 -7 -5 -13 -22 -29 -31 -27 -24 -14 -9 -10 -7 -8 -8 -10 -10 -12 -16 -18 -15 -16 -11 -16 -15 -13 -13 -15 -13 -15 -13 -13 -11 -14 -16 * * * * * * * * * * * * * * * * * * * * * * * * * 

104.2: 75 Count:   1.1 (  1.3) A:   2.0 (  0.0) B:   2.0 (  0.0) Phase: -11 (7) 
Phase: -10 -12 -14 -11 -12 -17 -17 -24 -20 -27 -17 -8 -5 -5 0 0 0 0 0 -4 -2 -7 -32 -8 -12 -14 -14 -13 -12 -12 -13 -13 -12 -14 -15 -11 -11 -7 -7 -3 -2 -5 -7 -8 -17 -26 -30 -24 -20 -10 -7 -8 -6 -7 -6 -7 -7 -10 -9 -14 -9 -11 -12 -15 -13 -10 -10 -11 -13 -13 -12 -8 -11 -9 -13 * * * * * * * * * * * * * * * * * * * * * * * * * 

104.3: 75 Count:   1.8 (  1.8) A:   2.0 (  0.0) B:   2.0 (  0.0) Phase: -18 (7) 
Phase: -19 -19 -18 -18 -21 -26 -25 -29 -32 -31 -19 -10 -8 -6 -2 -2 -10 -6 -8 -9 -9 -5 -21 -22 -28 -28 -21 -20 -18 -18 -18 -19 -19 -19 -25 -21 -17 -17 -15 -10 -7 -8 -13 -15 -25 -32 -36 -31 -30 -18 -14 -13 -11 -12 -12 -13 -15 -14 -18 -21 -18 -19 -22 -18 -22 -19 -19 -18 -20 -22 -15 -17 -17 -16 -21 * * * * * * * * * * * * * * * * * * * * * * * * * 

104.4: 75 Count:   2.6 (  2.2) A:   2.0 (  0.0) B:   2.0 (  0.0) Phase: -26 (7) 
Phase: -29 -28 -30 -30 -32 -33 -35 -36 -36 -35 -25 -16 -13 -9 -9 -6 -5 -12 -16 -15 -16 -14 -29 -31 -39 -36 -33 -29 -30 -29 -28 -29 -28 -27 -29 -30 -29 -26 -28 -22 -20 -21 -23 -26 -33 -37 -39 -36 -35 -28 -24 -22 -20 -19 -21 -22 -23 -24 -26 -26 -26 -28 -31 -31 -31 -30 -33 -29 -30 -29 -27 -25 -25 -28 -31 * * * * * * * * * * * * * * * * * * * * * * * * * 

104.5: 75 Count:   2.2 (  1.8) A:   2.0 (  0.0) B:   2.0 (  0.0) Phase: -34 (9) 
Phase: -38 -37 -38 -37 -39 -43 -43 -43 -40 -38 -28 -17 -13 -9 -10 -6 -16 -15 -26 -26 -30 -29 -38 -49 -44 -45 -43 -41 -39 -37 -36 -36 -36 -33 -38 -38 -37 -39 -37 -33 -32 -33 -32 -34 -38 -40 -41 -42 -41 -37 -34 -30 -28 -26 -26 -26 -28 -29 -31 -35 -34 -34 -38 -41 -37 -38 -42 -38 -38 -39 -35 -30 -33 -36 -45 * * * * * * * * * * * * * * * * * * * * * * * * * 

104.6: 75 Count:   1.0 (  0.9) A:   2.0 (  0.0) B:   2.0 (  0.0) Phase: -43 (13) 
Phase: -46 -46 -48 -44 -50 -55 -55 -51 -48 -44 -25 -18 -15 -5 -12 -4 0 -23 -28 -48 -42 -43 -63 -61 -60 -67 -64 -61 -53 -52 -47 -45 -43 -43 -45 -48 -46 -49 -48 -46 -50 -46 -42 -47 -45 -41 -43 -45 -48 -48 -51 -46 -41 -35 -34 -35 -34 -35 -40 -42 -43 -46 -46 -52 -55 -51 -57 -52 -52 -48 -43 -40 -41 -48 -60 * * * * * * * * * * * * * * * * * * * * * * * * * 

104.7: 75 Count:   0.4 (  0.4) A:   2.0 (  0.0) B:   2.0 (  0.0) Phase: -49 (16) 
Phase: -48 -53 -50 -55 -56 -56 -57 -58 -59 -49 -25 -11 -4 -7 0 0 -9 -36 -60 -61 -57 -64 -58 -45 -61 -73 -74 -63 -61 -56 -60 -58 -54 -49 -48 -52 -51 -54 -58 -58 -60 -58 -54 -49 -45 -47 -47 -43 -52 -56 -54 -58 -48 -46 -41 -48 -41 -38 -40 -43 -48 -46 -58 -59 -68 -62 -64 -57 -63 -50 -54 -40 -44 -59 -73 * * * * * * * * * * * * * * * * * * * * * * * * * 

104.8: 75 Count:   0.6 (  0.7) A:   2.0 (  0.0) B:   2.0 (  0.0) Phase: -41 (13) 
Phase: -46 -46 -49 -49 -49 -49 -48 -50 -51 -45 -30 -14 -11 -5 -7 0 -7 -5 -31 -34 -38 -36 -46 -53 -53 -56 -69 -59 -55 -55 -53 -55 -51 -50 -46 -41 -41 -48 -41 -52 -49 -49 -48 -51 -42 -35 -36 -38 -38 -44 -48 -49 -54 -43 -44 -43 -40 -34 -37 -32 -35 -36 -42 -46 -49 -54 -52 -46 -49 -40 -40 -32 -37 -44 -60 * * * * * * * * * * * * * * * * * * * * * * * * * 

104.9: 75 Count:   2.2 (  2.0) A:   2.1 (  0.1) B:   2.0 (  0.0) Phase: -33 (8) 
Phase: -37 -35 -36 -36 -37 -38 -37 -38 -45 -42 -29 -19 -15 -13 -14 -9 -14 -15 -22 -23 -31 -30 -28 -36 -40 -42 -44 -45 -41 -43 -45 -46 -44 -41 -35 -34 -33 -31 -33 -33 -36 -39 -39 -35 -35 -33 -33 -30 -32 -31 -33 -38 -35 -39 -36 -36 -35 -30 -27 -30 -29 -31 -34 -35 -37 -38 -39 -34 -36 -32 -30 -28 -29 -38 -41 * * * * * * * * * * * * * * * * * * * * * * * * * 

105.0: 75 Count:   2.1 (  2.2) A:   2.2 (  0.1) B:   2.0 (  0.0) Phase: -27 (7) 
Phase: -30 -30 -31 -28 -30 -30 -32 -34 -39 -41 -29 -19 -16 -11 -13 -11 -12 -14 -18 -14 -17 -20 -27 -26 -34 -32 -34 -40 -35 -39 -39 -36 -39 -29 -32 -26 -26 -23 -23 -25 -26 -28 -31 -32 -29 -31 -26 -25 -21 -22 -25 -28 -30 -33 -32 -31 -27 -24 -22 -24 -23 -24 -26 -27 -28 -28 -30 -26 -26 -23 -25 -21 -22 -29 -31 * * * * * * * * * * * * * * * * * * * * * * * * * 

105.1: 75 Count:   0.8 (  1.3) A:   2.2 (  0.1) B:   2.0 (  0.0) Phase: -18 (7) 
Phase: -21 -18 -17 -20 -19 -20 -21 -27 -37 -38 -25 -16 -13 -10 -11 -9 -10 -9 -6 -12 -9 -8 -15 -19 -20 -23 -29 -25 -33 -35 -32 -22 -22 -23 -26 -14 -8 -16 -14 -16 -15 -21 -20 -24 -22 -17 -16 -19 -16 -13 -18 -18 -23 -25 -25 -24 -18 -13 -18 -14 -12 -17 -15 -20 -18 -17 -22 -19 -18 -16 -12 -11 -13 -20 -22 * * * * * * * * * * * * * * * * * * * * * * * * * 

105.2: 50 Count:   0.1 (  0.3) A:   2.0 (  0.1) B:   2.0 (  0.0) Phase: -9 (13) 
Phase: -24 0 0 -18 0 -13 -27 0 -32 -28 -17 -9 -5 -6 -4 0 0 0 * * * * * * * 0 * * * * * * * * * 0 * * -27 0 -15 0 -30 * 0 * -27 0 0 -5 -4 -6 -27 * 0 * * 0 0 0 -6 -8 -1 -7 0 0 * 0 -15 0 -10 -9 0 * -63 * * * * * * * * * * * * * * * * * * * * * * * * * 

105.3: 5 Count:   0.0 (  0.0) A:   2.0 (  0.0) B:   2.0 (  0.0) Phase: -1 (0) 
106.2: 5 Count:   0.0 (  0.0) A:   2.0 (  0.0) B:   2.0 (  0.0) Phase: 0 (0) 
106.3: 7 Count:   0.0 (  0.0) A:   2.0 (  0.0) B:   2.0 (  0.0) Phase: 0 (0) 
106.5: 41 Count:   0.0 (  0.0) A:   2.0 (  0.0) B:   2.0 (  0.0) Phase: 1 (6) 
Phase: 0 0 0 * * 0 0 0 0 0 -11 -2 -2 0 0 * * * * * * * * * 0 * * * * * * * * * 0 * * * 0 0 27 19 0 9 * 0 * * 0 0 0 0 0 * * 0 0 * 6 1 0 0 * 0 0 0 * * 0 22 0 7 0 * * * * * * * * * * * * * * * * * * * * * * * * * * * 

106.6: 75 Count:   4.5 (  3.6) A:   2.0 (  0.0) B:   2.0 (  0.0) Phase: 3 (3) 
106.7: 75 Count:  25.7 ( 16.1) A:   2.3 (  0.1) B:   2.2 (  0.1) Phase: -2 (6) 
Count:  35.1  37.2  35.9  36.4  35.4  35.6  37.3  36.8  41.2  44.6  44.1  43.9  39.6  32.2  23.6  17.3  19.7  19.8  19.7  21.0  19.5  20.0  19.2  20.9  25.9  29.2  36.8  39.4  41.5  44.9  42.7  41.1  39.3  37.1  33.5  28.3  27.4  29.6  27.7  29.2  33.1  33.3  37.3  35.8  37.4  34.3  30.5  32.3  32.0  38.5  42.5  42.1  44.9  41.0  37.9  38.2  36.6  36.2  35.0  34.6  37.2  34.0  35.7  35.0  35.2  36.8  36.4  36.0  35.9  34.3  36.4  37.2  39.1  39.1  35.7   0.0   0.0   0.0   0.0   0.0   0.0   0.0   0.0   0.0   0.0   0.0   0.0   0.0   0.0   0.0   0.0   0.0   0.0   0.0   0.0   0.0   0.0   0.0   0.0   0.0 
Phase: -4 -5 -4 -5 -5 -7 -8 -8 -14 -17 -13 -7 -4 0 2 8 12 12 11 9 5 2 -1 -5 -6 -5 -7 -7 -7 -7 -6 -7 -5 -3 -1 4 6 5 7 8 5 0 -5 -10 -15 -14 -8 -4 1 4 3 1 0 0 -1 -2 0 0 0 0 -1 0 -3 -2 -2 -4 -2 -3 -2 -2 -2 2 1 -2 -2 * * * * * * * * * * * * * * * * * * * * * * * * * 

106.8: 75 Count:  40.3 ( 24.2) A:   2.6 (  0.2) B:   2.6 (  0.2) Phase: -11 (8) 
Count:  55.5  57.0  55.1  56.4  55.9  55.5  58.2  56.5  58.6  58.0  57.1  58.0  55.1  48.7  42.2  37.7  40.1  39.6  39.1  39.6  37.4  37.7  37.7  41.1  49.3  53.6  61.3  62.9  64.7  65.2  63.7  63.0  62.2  60.7  57.6  51.6  47.9  49.3  46.6  46.6  48.3  48.1  52.3  51.3  55.6  55.6  53.9  54.2  53.1  59.8  61.7  62.3  62.5  58.7  56.0  56.6  55.8  54.8  52.7  52.3  54.9  53.1  55.3  55.2  56.4  58.9  56.2  55.9  54.8  53.4  54.8  55.5  58.2  60.8  56.9   0.0   0.0   0.0   0.0   0.0   0.0   0.0   0.0   0.0   0.0   0.0   0.0   0.0   0.0   0.0   0.0   0.0   0.0   0.0   0.0   0.0   0.0   0.0   0.0   0.0 
Phase: -16 -16 -15 -18 -18 -18 -20 -20 -22 -19 -14 -7 -4 0 1 8 10 7 5 2 -1 -7 -13 -19 -19 -16 -17 -16 -16 -15 -15 -16 -16 -15 -14 -9 -5 -4 -1 1 -1 -7 -13 -19 -26 -27 -24 -20 -11 -7 -5 -6 -6 -7 -9 -10 -10 -11 -12 -12 -12 -12 -14 -14 -13 -15 -12 -14 -13 -13 -13 -10 -10 -12 -13 * * * * * * * * * * * * * * * * * * * * * * * * * 

106.9: 75 Count:  47.6 ( 28.5) A:   2.6 (  0.2) B:   3.0 (  0.3) Phase: -14 (8) 
Count:  64.2  66.1  63.7  64.5  64.8  64.2  67.3  65.0  66.4  65.0  64.3  66.5  64.2  56.5  51.3  47.9  49.8  49.2  49.3  49.1  46.0  45.1  46.0  52.4  61.8  67.0  74.3  74.8  76.7  77.2  74.6  73.6  73.1  72.2  70.7  65.8  62.2  62.0  58.5  55.2  54.4  52.2  56.9  55.3  61.3  64.1  65.8  68.1  70.0  76.1  75.4  74.5  73.3  66.4  63.1  64.5  63.5  61.8  60.7  60.8  63.8  62.0  64.2  64.7  66.4  68.9  66.3  66.1  64.4  62.8  63.5  63.8  67.4  72.3  69.2   0.0   0.0   0.0   0.0   0.0   0.0   0.0   0.0   0.0   0.0   0.0   0.0   0.0   0.0   0.0   0.0   0.0   0.0   0.0   0.0   0.0   0.0   0.0   0.0   0.0 
Phase: -20 -20 -19 -20 -21 -22 -23 -22 -24 -20 -14 -7 -5 -1 0 7 8 2 -1 -3 -7 -13 -20 -26 -26 -22 -20 -18 -17 -17 -17 -17 -18 -18 -19 -15 -12 -11 -7 -3 -4 -9 -15 -21 -28 -31 -30 -27 -19 -12 -9 -9 -8 -9 -11 -13 -13 -15 -16 -17 -17 -17 -19 -18 -17 -17 -16 -18 -17 -18 -17 -15 -13 -15 -16 * * * * * * * * * * * * * * * * * * * * * * * * * 

107.0: 75 Count:  51.7 ( 31.5) A:   2.5 (  0.2) B:   3.1 (  0.4) Phase: -28 (34) 
Count:  68.9  71.3  68.1  70.0  69.4  68.5  72.9  70.0  72.9  70.0  70.8  73.1  70.9  60.5  54.6  49.5  51.1  50.7  51.5  50.7  45.4  43.2  44.3  53.5  67.3  76.0  84.3  84.8  87.2  87.7  84.8  82.9  83.1  80.7  79.7  74.0  69.8  69.7  64.4  58.0  55.0  50.8  56.6  54.5  63.5  67.9  72.6  76.6  81.7  87.8  86.1  84.4  83.1  73.2  67.6  69.1  67.1  64.5  63.2  63.4  67.6  65.2  69.5  69.7  72.9  76.0  72.6  72.6  69.8  66.9  67.7  67.6  73.5  82.1  78.6   0.0   0.0   0.0   0.0   0.0   0.0   0.0   0.0   0.0   0.0   0.0   0.0   0.0   0.0   0.0   0.0   0.0   0.0   0.0   0.0   0.0   0.0   0.0   0.0   0.0 
Phase: -21 -21 -20 -22 -22 -23 -25 -24 -24 -20 -14 -7 -5 -1 0 6 5 0 -4 -6 -10 -15 -22 -29 -28 -23 -105 -115 -122 -119 -115 -18 -109 -19 -20 -17 -15 -14 -10 -6 -6 -11 -16 -22 -30 -33 -32 -28 -116 -15 -11 -10 -9 -10 -12 -14 -14 -16 -18 -18 -19 -18 -20 -19 -19 -19 -18 -19 -19 -20 -19 -16 -15 -131 -127 * * * * * * * * * * * * * * * * * * * * * * * * * 

107.1: 75 Count:  50.1 ( 32.0) A:   2.2 (  0.1) B:   2.9 (  0.3) Phase: -41 (45) 
Count:  67.7  71.5  68.3  69.9  68.4  67.7  72.4  69.3  73.8  69.4  69.7  73.5  69.6  55.8  47.4  40.5  41.0  41.7  41.9  40.8  33.1  28.9  30.6  44.0  66.2  77.2  86.9  87.5  88.6  89.8  86.9  85.0  84.6  82.6  81.1  74.5  69.2  68.9  61.8  51.0  46.3  39.3  48.2  45.2  59.5  67.2  73.3  79.1  84.9  90.0  88.8  86.7  84.8  73.3  65.6  67.4  64.2  61.3  59.9  59.9  66.8  61.2  69.1  69.5  72.9  77.2  73.3  72.2  69.3  65.2  65.9  65.9  74.5  84.5  80.2   0.0   0.0   0.0   0.0   0.0   0.0   0.0   0.0   0.0   0.0   0.0   0.0   0.0   0.0   0.0   0.0   0.0   0.0   0.0   0.0   0.0   0.0   0.0   0.0   0.0 
Phase: -22 -21 -21 -22 -23 -24 -25 -24 -25 -19 -150 -6 -5 -1 -1 4 4 -1 -5 -7 -10 -16 -22 -29 -28 -99 -103 -131 -119 -117 -120 -106 -105 -105 -113 -139 -15 -14 -10 -6 -7 -11 -16 -22 -30 -33 -33 -29 -126 -15 -11 -10 -9 -10 -13 -14 -15 -17 -19 -19 -20 -19 -21 -19 -119 -110 -122 -20 -19 -20 -19 -17 -15 -133 -127 * * * * * * * * * * * * * * * * * * * * * * * * * 

107.2: 75 Count:  33.6 ( 24.6) A:   2.0 (  0.0) B:   2.4 (  0.2) Phase: -28 (39) 
Count:  44.3  50.2  45.1  48.2  45.3  45.3  50.9  45.8  51.9  46.2  46.2  50.3  43.0  27.8  19.7  14.3  15.5  17.1  17.6  16.4  11.4   9.3  10.0  19.0  39.8  52.8  68.8  70.8  72.7  75.4  70.2  67.7  67.4  62.9  61.7  50.3  44.0  43.4  35.4  26.1  22.3  16.4  23.3  21.6  36.7  44.7  50.9  58.5  64.7  75.3  74.3  69.9  67.1  51.0  41.0  45.1  40.6  37.7  36.4  35.9  44.8  37.9  46.5  46.4  51.7  56.2  51.4  49.7  46.7  42.1  43.9  43.0  54.4  66.9  60.1   0.0   0.0   0.0   0.0   0.0   0.0   0.0   0.0   0.0   0.0   0.0   0.0   0.0   0.0   0.0   0.0   0.0   0.0   0.0   0.0   0.0   0.0   0.0   0.0   0.0 
Phase: -20 -21 -20 -21 -22 -23 -24 -23 -24 -19 -12 -6 -4 -1 0 3 3 -2 -3 -5 -8 -13 -18 -26 -26 -22 -133 -147 -140 -137 -138 -18 -133 -19 -19 -16 -13 -12 -9 -5 -6 -10 -15 -22 -30 -32 -32 -28 -20 174 -10 -10 -9 -10 -12 -14 -14 -16 -17 -17 -18 -17 -19 -18 -18 -19 -17 -18 -17 -19 -18 -16 -14 -16 -17 * * * * * * * * * * * * * * * * * * * * * * * * * 

107.3: 75 Count:   7.9 (  7.3) A:   2.0 (  0.0) B:   2.0 (  0.0) Phase: -9 (5) 
Count:   9.6  12.4   9.6  11.0   9.7   9.9  11.9   9.9  12.5  10.9  10.2  10.9   7.1   3.0   1.4   0.7   0.8   1.3   1.3   1.3   0.9   0.5   0.6   1.5   5.2   9.9  18.1  20.2  23.5  26.1  23.0  20.5  21.1  18.8  17.1  10.2   7.6   8.0   5.9   3.5   3.5   2.6   4.1   3.7   7.7  10.0   9.7  11.8  13.5  24.0  25.1  22.6  21.8  13.7   9.5  10.7   9.1   8.5   8.4   7.3  10.7   7.6  10.4   9.9  11.8  14.2  11.7  11.1  10.1  10.4  10.5  10.9  15.2  20.0  14.8   0.0   0.0   0.0   0.0   0.0   0.0   0.0   0.0   0.0   0.0   0.0   0.0   0.0   0.0   0.0   0.0   0.0   0.0   0.0   0.0   0.0   0.0   0.0   0.0   0.0 

107.4: 74 Count:   0.2 (  0.2) A:   2.0 (  0.0) B:   2.0 (  0.0) Phase: -2 (3) 
107.5: 2 Count:   0.0 (  0.0) A:   2.0 (  0.0) B:   2.0 (  0.0) Phase: 0 (0) 
169.9: 2 Count:   0.0 (  0.0) A:   2.0 (  0.0) B:   2.0 (  0.0) Phase: -90 (0) 
170.0: 2 Count:   0.0 (  0.0) A:   2.5 (  0.0) B:   2.0 (  0.0) Phase: -90 (27) 
Phase: 21:-117 70:-63 

170.1: 4 Count:   0.0 (  0.0) A:   2.1 (  0.0) B:   2.0 (  0.0) Phase: -73 (11) 
Phase: 21:-90 25:-63 44:-63 70:-76 

170.2: 3 Count:   0.0 (  0.0) A:   2.0 (  0.0) B:   2.0 (  0.0) Phase: -77 (17) 
Phase: 21:-90 25:-90 70:-53 

201.6: 1 Count:   0.0 (  0.0) A:   2.0 (  0.0) B:   2.0 (  0.0) Phase: -180 (0) 
201.7: 13 Count:   0.0 (  0.0) A:   2.0 (  0.0) B:   2.0 (  0.0) Phase: 106 (29) 
Phase: * * * * * * * * * * * * * * * * * * * * * * * * * * 90 90 * * * * * * * * * * * * * * * * * * * * * 90 * * * * * * * -180 90 90 * * 90 137 * * * 90 153 105 90 90 * * * * * * * * * * * * * * * * * * * * * * * * * * * * 

201.8: 19 Count:   0.0 (  0.0) A:   2.0 (  0.0) B:   2.0 (  0.0) Phase: 104 (23) 
Phase: * * * * * * * * * * * * * * * * * * * * * * * * * * 100 94 90 * * * 90 90 90 * 102 90 127 * * * * * 153 90 * * * 90 * * * * * * 153 * * * * * * * 90 90 90 * 108 * 90 * 153 * * * * * * * * * * * * * * * * * * * * * * * * * * * 

201.9: 24 Count:   0.0 (  0.0) A:   2.0 (  0.0) B:   2.0 (  0.0) Phase: 107 (19) 
Phase: * * * * 117 * * 117 117 * * * * * * * * 153 * * * * * 90 * * * 90 * * 90 153 * * 90 * 105 * 90 * 90 * * 117 117 90 * * * 117 * * * * * * 90 * 90 * * * * 90 105 90 117 * * * 117 127 * * * * * * * * * * * * * * * * * * * * * * * * * * * * 

202.0: 29 Count:   0.0 (  0.0) A:   2.0 (  0.0) B:   2.0 (  0.1) Phase: 103 (25) 
Phase: * * * * * * * * 90 * 90 90 * * 90 * * 117 * * * * 90 * * * * 90 -180 * 92 90 117 * * 69 * 117 * * * 117 * 93 * 90 -180 * 90 90 * * * * * * * * * * 90 90 * * 123 90 * 90 * 90 117 113 * 117 90 * * * * * * * * * * * * * * * * * * * * * * * * * 

202.1: 29 Count:   0.0 (  0.0) A:   2.0 (  0.0) B:   2.1 (  0.4) Phase: 107 (21) 
Phase: * 135 * * * * * * * * * * 90 * 90 * * 90 * 90 * * -180 * * 90 120 117 * * * * 117 90 * 103 90 * * * 117 * * 95 * * 90 * * 90 * * 153 * * 114 * 117 * * 105 90 90 * 112 * * * * 117 120 99 117 90 * * * * * * * * * * * * * * * * * * * * * * * * * * 

202.2: 30 Count:   0.0 (  0.0) A:   2.0 (  0.0) B:   2.0 (  0.2) Phase: 111 (24) 
Phase: 90 143 * 90 * * * 153 * * * * * * 90 * * * 136 * 117 * 90 * * 107 * 139 * * * 123 * * * 90 90 * * 90 117 * 115 117 105 * * * * * * * 153 * * * * * 118 117 * 90 117 * 90 90 * 90 * 90 112 * 90 -180 * * * * * * * * * * * * * * * * * * * * * * * * * * 

202.3: 38 Count:   0.0 (  0.0) A:   2.0 (  0.0) B:   2.0 (  0.1) Phase: 107 (24) 
Phase: -180 * * * 90 * * 117 * * * * * 90 90 * * * * * 90 -180 117 90 90 * * 97 117 * 90 90 90 * * * 106 153 * * * * 90 114 90 90 * * * 105 90 * * * 153 90 115 * * 90 * 127 117 117 101 98 90 90 * * 90 117 * 103 117 * * * * * * * * * * * * * * * * * * * * * * * * * 

202.4: 34 Count:   0.0 (  0.0) A:   2.0 (  0.0) B:   2.1 (  0.2) Phase: 112 (23) 
Phase: 153 90 * * 117 * * * * * * 131 * 90 * * * 117 * 153 * * * 90 * * * 105 90 * 90 117 118 * * * 118 117 90 90 * * 117 138 115 * * 90 * 117 * * 117 * * -180 * * * 90 117 * * 90 98 90 117 90 90 * * * 128 153 * * * * * * * * * * * * * * * * * * * * * * * * * * 

202.5: 38 Count:   0.0 (  0.0) A:   2.0 (  0.0) B:   2.1 (  0.2) Phase: 109 (26) 
Phase: * * * * 90 * * * 90 * 90 90 * * 117 * 153 * * * 90 * * * 90 * 90 90 153 * 90 127 -180 105 * -180 103 90 * 90 * * 90 90 117 * * * * 122 * * * * * 117 90 162 90 90 143 117 117 * * 101 90 103 * * 97 90 103 117 * * * * * * * * * * * * * * * * * * * * * * * * * * 

202.6: 25 Count:   0.0 (  0.0) A:   2.0 (  0.0) B:   2.1 (  0.2) Phase: 106 (22) 
Phase: * 90 * * 108 * * * * * * * * * * * * * -180 * * * * * * * 103 90 117 * * 98 122 127 * * 113 * * * * * * * 103 90 * * * 90 90 * * * * 90 * 153 117 * 90 90 101 * * * 93 91 109 * 90 * 117 * * * * * * * * * * * * * * * * * * * * * * * * * * * 

202.7: 29 Count:   0.0 (  0.0) A:   2.0 (  0.0) B:   2.0 (  0.2) Phase: 106 (20) 
Phase: * * * 90 90 * * * 90 * * 117 * * * * * * * * 90 * * * * * 117 108 117 * 90 103 153 116 * * 90 117 * * * * * * * 90 * * * 110 90 117 * * * * 90 99 90 90 * * 90 * 145 135 * 90 * 117 * 90 * 153 * * * * * * * * * * * * * * * * * * * * * * * * * * 

202.8: 27 Count:   0.0 (  0.0) A:   2.0 (  0.0) B:   2.0 (  0.1) Phase: 109 (22) 
Phase: 90 * * * * * * * 117 * * * * * 90 * * * * * * * * * 153 103 99 132 103 * * 90 103 * * * * * 120 * 90 * 90 90 153 90 * * * 90 * * * * * * 153 90 * 90 * 117 117 * * * 90 * 100 148 * 117 * 117 * * * * * * * * * * * * * * * * * * * * * * * * * * 

202.9: 30 Count:   0.0 (  0.0) A:   2.0 (  0.0) B:   2.0 (  0.2) Phase: 117 (29) 
Phase: * * * * 90 * * * 90 * * * * * * 97 * * * * * * * * * 117 91 117 * 90 117 90 -180 * 153 107 117 117 108 117 * * * 153 -180 90 * * 117 90 * * * * 148 * * 90 * 115 90 * 90 * * * 103 * * 117 * 153 * -180 * * * * * * * * * * * * * * * * * * * * * * * * * * 

203.0: 34 Count:   0.0 (  0.0) A:   2.0 (  0.0) B:   2.1 (  0.2) Phase: 120 (29) 
Phase: * * * * 90 * * 90 * * * * * * * * -180 * 153 * -180 * * 117 90 * 135 118 156 90 90 127 105 117 90 117 * * * * 117 126 117 117 90 153 * * * * * * * * 117 * * * * * 117 162 110 90 * * 108 153 * * 153 153 63 * 90 * * * * * * * * * * * * * * * * * * * * * * * * * 

203.1: 40 Count:   0.0 (  0.0) A:   2.0 (  0.0) B:   2.1 (  0.4) Phase: 117 (28) 
Phase: 117 * * * 153 * * * * * * 90 * * * 90 * -180 120 * * * * 90 * 90 106 117 * * 90 100 90 117 -180 90 117 90 91 177 * 90 117 90 * 117 * * 117 90 * * * * * * * 135 100 -180 105 124 112 117 * 117 * 117 153 173 107 * 90 * 132 * * * * * * * * * * * * * * * * * * * * * * * * * 

203.2: 36 Count:   0.0 (  0.0) A:   2.0 (  0.0) B:   2.2 (  0.4) Phase: 111 (24) 
Phase: * 117 * * 117 * * * * * * * * * * * * * * * 117 * * * * * 153 110 117 * 90 102 * 90 108 * 99 90 90 103 94 160 78 90 90 * * * 90 92 * * * * 153 * * 117 * 135 115 117 103 111 108 90 90 93 153 -180 141 * * * 108 * * * * * * * * * * * * * * * * * * * * * * * * * 

203.3: 35 Count:   0.0 (  0.0) A:   2.0 (  0.0) B:   2.1 (  0.2) Phase: 123 (29) 
Phase: * 90 * * 124 * * 90 * * * 90 * * * * * * * * 117 * * 90 * 117 90 95 90 -180 * 130 165 90 90 116 * 153 153 146 * 153 128 * * * * * * 119 153 * * * 105 * 153 -180 122 * 146 * * 117 90 90 105 * * 117 166 * 148 * * * * * * * * * * * * * * * * * * * * * * * * * * * 

203.4: 34 Count:   0.0 (  0.0) A:   2.0 (  0.0) B:   2.1 (  0.3) Phase: 116 (24) 
Phase: * * * * 90 * 90 117 * * * * * 90 * * * * 164 * * * * 117 * 117 90 153 108 117 * 137 118 * * 117 125 126 * 131 * * * * 90 * 90 * * 103 * * * * 90 * 153 153 119 117 97 * 153 117 90 90 117 * 169 94 90 * * * * * * * * * * * * * * * * * * * * * * * * * * * * * 

203.5: 26 Count:   0.0 (  0.0) A:   2.0 (  0.0) B:   2.0 (  0.1) Phase: 114 (27) 
Phase: 90 * * * 117 * 90 117 * * * * * * * * 90 * * * * * 117 * * 127 106 90 * * * 136 117 90 90 90 90 -180 90 111 * * * 166 * * * * * 108 * * * * * * -180 * 113 * * * 117 * * 90 146 * * * 117 * * * * * * * * * * * * * * * * * * * * * * * * * * * * * 

203.6: 31 Count:   0.0 (  0.0) A:   2.0 (  0.0) B:   2.1 (  0.2) Phase: 127 (32) 
Phase: * * * * * * * 90 * * * -180 * * * * * -180 -180 * * * * * * 117 90 90 160 153 90 130 112 90 117 * * -180 153 -180 90 153 * 117 * * * * * 90 * * * * * 153 * 117 114 * 90 * 134 * 99 90 * * * 135 * 117 * 153 * * * * * * * * * * * * * * * * * * * * * * * * * * 

203.7: 27 Count:   0.0 (  0.0) A:   2.0 (  0.0) B:   2.1 (  0.2) Phase: 120 (27) 
Phase: 90 * * * * * * 90 * * * 153 * * * * * -180 * * * * * * * 117 134 103 135 * * 101 112 -180 * 117 93 153 134 * * 90 * 90 * * * * * 117 * 117 * * 90 * * * 99 117 131 90 173 * * * * * * 117 * 117 * * * * * * * * * * * * * * * * * * * * * * * * * * * * 

203.8: 25 Count:   0.0 (  0.0) A:   2.0 (  0.0) B:   2.2 (  0.4) Phase: 112 (22) 
Phase: * * * 117 135 * * * * * * * * * * * * -180 * * * * * * * 117 117 * 112 * 90 120 90 * 90 * * 117 117 * * * 99 90 135 * * * * 117 * 106 * * * * * * * 100 * 153 117 * 90 117 90 90 * 90 * * * * * * * * * * * * * * * * * * * * * * * * * * * * * * 

203.9: 17 Count:   0.0 (  0.0) A:   2.0 (  0.0) B:   2.1 (  0.2) Phase: 116 (26) 
Phase: 117 90 * * * * * * * * * * * * * * * * * -180 * * * * * * 90 135 117 * 90 111 * 117 * * * 153 * * * * * * * * * * * 117 * 90 * * * * * 153 * * 117 90 * * * * 117 90 * * * * * * * * * * * * * * * * * * * * * * * * * * * * * * * * 

204.0: 18 Count:   0.0 (  0.0) A:   2.0 (  0.0) B:   2.2 (  0.4) Phase: 123 (26) 
Phase: * * * * * * * * * * * * * * * * * * * * * * * * * 117 90 * 135 * * * * 117 * * 123 90 117 * 117 * * * 135 135 * * * * * * * * * * 153 -180 * 90 117 117 * * * * 90 * -180 117 * * * * * * * * * * * * * * * * * * * * * * * * * * * * * * 

204.1: 16 Count:   0.0 (  0.0) A:   2.0 (  0.0) B:   2.2 (  0.4) Phase: 114 (21) 
Phase: * * * * * * * * * * * * * * 90 * * * 117 * * * * * * * * 117 90 90 * 117 * * * * 90 153 117 * * * * * * * * * * * * * * * 132 * 135 * * * 90 * 153 * 108 * 117 * * 117 * * * * * * * * * * * * * * * * * * * * * * * * * * * * * * 

204.2: 19 Count:   0.0 (  0.0) A:   2.0 (  0.0) B:   2.1 (  0.3) Phase: 112 (26) 
Phase: * * * * * * * * * * * * * * * * * * 157 * * * * * * 153 * 90 135 * 90 105 * * * 153 135 * * 90 90 90 * * * * * * * 153 * * * * * * * * * * 90 * * * 90 117 90 * * 90 90 117 * * * * * * * * * * * * * * * * * * * * * * * * * * * * 

204.3: 11 Count:   0.0 (  0.0) A:   2.0 (  0.0) B:   2.2 (  0.4) Phase: 115 (29) 
Phase: * * * * 117 * * * * * * * * * * * * * * * * * * * * * * * * * 90 117 * * * * 135 * 153 117 * 90 * * * * * * * 90 * * * * -180 * * * * * 90 * * * * 90 * * * * * * * * * * * * * * * * * * * * * * * * * * * * * * * * * * 

204.4: 6 Count:   0.0 (  0.0) A:   2.0 (  0.0) B:   2.2 (  0.0) Phase: 139 (32) 
Phase: 21:-180 31:132 32:-180 38:135 54:91 57:117 

204.5: 7 Count:   0.0 (  0.0) A:   2.0 (  0.0) B:   2.0 (  0.0) Phase: 129 (32) 
Phase: 17:-180 21:153 31:117 39:153 41:90 49:90 65:117 

204.6: 3 Count:   0.0 (  0.0) A:   2.0 (  0.0) B:   2.0 (  0.0) Phase: 120 (26) 
Phase: 38:117 39:153 57:90 

204.7: 4 Count:   0.0 (  0.0) A:   2.0 (  0.0) B:   2.0 (  0.0) Phase: 119 (22) 
Phase: 28:117 31:153 32:90 65:117 

205.3: 1 Count:   0.0 (  0.0) A:   2.0 (  0.0) B:   2.0 (  0.0) Phase: 117 (0) 
205.4: 2 Count:   0.0 (  0.0) A:   2.0 (  0.0) B:   2.0 (  0.0) Phase: 90 (0) 
205.5: 3 Count:   0.0 (  0.0) A:   2.0 (  0.0) B:   2.0 (  0.0) Phase: 120 (48) 
Phase: 25:117 60:-180 70:63 

205.6: 2 Count:   0.0 (  0.0) A:   2.0 (  0.0) B:   2.0 (  0.0) Phase: 153 (0) 
205.7: 1 Count:   0.0 (  0.0) A:   2.0 (  0.0) B:   2.0 (  0.0) Phase: 117 (0) 
206.0: 3 Count:   0.0 (  0.0) A:   2.0 (  0.0) B:   2.3 (  0.0) Phase: 105 (21) 
Phase: 24:90 25:135 39:90 

206.1: 1 Count:   0.0 (  0.0) A:   2.0 (  0.0) B:   2.0 (  0.0) Phase: 90 (0) 
206.3: 1 Count:   0.0 (  0.0) A:   2.0 (  0.0) B:   2.0 (  0.0) Phase: 117 (0) 
206.4: 1 Count:   0.0 (  0.0) A:   2.0 (  0.0) B:   2.0 (  0.0) Phase: 153 (0) 
207.5: 1 Count:   0.0 (  0.0) A:   2.0 (  0.0) B:   2.0 (  0.0) Phase: 90 (0) 
207.8: 1 Count:   0.0 (  0.0) A:   2.0 (  0.0) B:   2.0 (  0.0) Phase: 153 (0) 
208.0: 1 Count:   0.0 (  0.0) A:   2.0 (  0.0) B:   2.0 (  0.0) Phase: 117 (0) 
208.2: 3 Count:   0.0 (  0.0) A:   2.0 (  0.0) B:   2.0 (  0.0) Phase: 90 (0) 
208.3: 2 Count:   0.0 (  0.0) A:   2.0 (  0.0) B:   2.0 (  0.0) Phase: 90 (0) 
208.4: 2 Count:   0.0 (  0.0) A:   2.0 (  0.0) B:   2.0 (  0.0) Phase: 103 (13) 
Phase: 27:90 48:117 

208.5: 2 Count:   0.0 (  0.0) A:   2.0 (  0.0) B:   2.0 (  0.0) Phase: 90 (0) 
208.6: 1 Count:   0.0 (  0.0) A:   2.0 (  0.0) B:   2.0 (  0.0) Phase: 90 (0) 
208.7: 1 Count:   0.0 (  0.0) A:   2.0 (  0.0) B:   2.0 (  0.0) Phase: 90 (0) 
209.3: 1 Count:   0.0 (  0.0) A:   2.0 (  0.0) B:   3.0 (  0.0) Phase: 108 (0) 
209.4: 3 Count:   0.0 (  0.0) A:   2.0 (  0.0) B:   2.0 (  0.0) Phase: 99 (13) 
Phase: 31:90 49:90 61:117 

209.5: 5 Count:   0.0 (  0.0) A:   2.0 (  0.0) B:   2.0 (  0.0) Phase: 95 (11) 
Phase: 1:90 17:117 27:90 28:90 56:90 

209.6: 3 Count:   0.0 (  0.0) A:   2.0 (  0.0) B:   2.3 (  0.0) Phase: 96 (8) 
Phase: 33:108 35:90 54:90 

209.7: 1 Count:   0.0 (  0.0) A:   2.0 (  0.0) B:   2.0 (  0.0) Phase: 90 (0) 
209.8: 4 Count:   0.0 (  0.0) A:   2.0 (  0.0) B:   2.3 (  0.0) Phase: 101 (27) 
Phase: 17:135 27:63 31:117 60:90 

209.9: 2 Count:   0.0 (  0.0) A:   2.0 (  0.0) B:   2.0 (  0.0) Phase: 90 (0) 
210.0: 3 Count:   0.0 (  0.0) A:   2.0 (  0.0) B:   2.0 (  0.0) Phase: 90 (0) 
210.3: 1 Count:   0.0 (  0.0) A:   2.0 (  0.0) B:   2.0 (  0.0) Phase: 117 (0) 
