Date;Time;Periode [s];Energy [Ws];Reactive Energy L[Vars];Reactive Energy C[Vars];Iac L1 [A];Iac L2 [A];Iac L3 [A];Udc MPPT1[V];Idc MPPT1[A];Udc MPPT2[V];Idc MPPT2[A]
2015-12-20;11:47:18;1800e0;440387e0;31e0;1288e0;57e-2;39e-2;65e-2;3572e-1;49e-2;3512e-1;31e-2
2015-12-20;12:17:18;1800e0;519745e0;74e0;1940e0;61e-2;45e-2;68e-2;3606e-1;56e-2;3528e-1;36e-2
2015-12-20;12:47:18;1800e0;398147e0;31e0;954e0;55e-2;36e-2;63e-2;3558e-1;45e-2;3485e-1;27e-2
2015-12-20;10:17:18;1800e0;438048e0;55e0;1474e0;57e-2;39e-2;65e-2;3559e-1;48e-2;3506e-1;32e-2
2015-12-20;10:47:18;1800e0;135342e0;12e0;165e0;35e-2;9e-2;14e-2;3437e-1;19e-2;3364e-1;12e-2
2015-12-20;11:17:17;1800e0;64879e0;0e0;136e0;14e-2;7e-2;0e-2;3492e-1;14e-2;3400e-1;9e-2
2015-12-21;10:20:00;1800e0;303339e0;54e0;924e0;44e-2;26e-2;36e-2;3499e-1;31e-2;3448e-1;27e-2
2015-12-21;10:50:00;1800e0;943530e0;106e0;3089e0;92e-2;79e-2;89e-2;3574e-1;74e-2;3538e-1;80e-2
2015-12-21;11:20:00;1800e0;1941232e0;347e0;6991e0;162e-2;162e-2;166e-2;3716e-1;144e-2;3716e-1;163e-2
2015-12-21;11:50:00;1800e0;5951057e0;1545e0;20765e0;464e-2;478e-2;468e-2;3781e-1;427e-2;3764e-1;503e-2
2015-12-21;12:20:00;1800e0;2980107e0;650e0;10428e0;237e-2;241e-2;240e-2;3730e-1;226e-2;3705e-1;244e-2
2015-12-21;12:50:00;1800e0;1601169e0;259e0;5722e0;139e-2;132e-2;142e-2;3645e-1;133e-2;3609e-1;123e-2
2015-12-21;13:20:00;1800e0;119957e0;6e0;197e0;24e-2;10e-2;9e-2;3415e-1;17e-2;3334e-1;11e-2
2015-12-21;13:50:00;1800e0;135051e0;6e0;321e0;27e-2;13e-2;17e-2;3435e-1;18e-2;3384e-1;12e-2
2015-12-21;14:20:00;1800e0;389036e0;52e0;1322e0;51e-2;35e-2;49e-2;3524e-1;38e-2;3505e-1;32e-2
2015-12-22;09:20:00;1800e0;931565e0;68e0;3405e0;88e-2;80e-2;92e-2;3692e-1;71e-2;3712e-1;82e-2
2015-12-22;09:50:00;1800e0;1134607e0;161e0;4029e0;101e-2;97e-2;105e-2;3731e-1;90e-2;3734e-1;93e-2
2015-12-22;10:20:00;1800e0;1535889e0;105e0;5401e0;129e-2;128e-2;133e-2;3772e-1;122e-2;3759e-1;121e-2
2015-12-22;10:50:00;1800e0;380931e0;29e0;1159e0;54e-2;35e-2;62e-2;3574e-1;42e-2;3507e-1;27e-2
2015-12-22;11:20:00;1800e0;413072e0;85e0;1448e0;55e-2;37e-2;63e-2;3588e-1;45e-2;3520e-1;29e-2
2015-12-22;11:50:00;1800e0;290546e0;20e0;1152e0;50e-2;27e-2;57e-2;3547e-1;34e-2;3468e-1;21e-2
2015-12-22;12:20:00;1800e0;216881e0;24e0;686e0;47e-2;20e-2;50e-2;3524e-1;29e-2;3450e-1;17e-2
2015-12-22;12:50:00;1800e0;148380e0;18e0;239e0;33e-2;11e-2;25e-2;3472e-1;21e-2;3407e-1;12e-2
2015-12-23;10:50:00;1800e0;264014e0;51e0;1375e0;51e-2;28e-2;45e-2;3570e-1;34e-2;3474e-1;24e-2
2015-12-23;11:20:00;1800e0;611919e0;106e0;2176e0;69e-2;53e-2;74e-2;3588e-1;61e-2;3518e-1;44e-2
2015-12-23;11:50:00;1800e0;345232e0;43e0;1163e0;53e-2;31e-2;51e-2;3531e-1;39e-2;3449e-1;24e-2
2015-12-23;12:20:00;1800e0;1605983e0;167e0;5878e0;135e-2;133e-2;140e-2;3695e-1;131e-2;3681e-1;124e-2
2015-12-23;12:50:00;1800e0;1519901e0;176e0;5627e0;130e-2;127e-2;134e-2;3695e-1;123e-2;3675e-1;119e-2
2015-12-23;13:20:00;1800e0;719987e0;93e0;2773e0;74e-2;63e-2;80e-2;3608e-1;67e-2;3584e-1;54e-2
2015-12-23;13:50:00;1800e0;384245e0;58e0;1309e0;55e-2;35e-2;58e-2;3533e-1;39e-2;3487e-1;31e-2
2015-12-23;14:20:00;1800e0;88678e0;10e0;665e0;19e-2;11e-2;11e-2;3527e-1;17e-2;3442e-1;10e-2
2015-12-23;14:50:00;1800e0;245055e0;30e0;898e0;51e-2;38e-2;49e-2;3587e-1;38e-2;3548e-1;38e-2
2015-12-24;09:20:00;1800e0;618599e0;68e0;2118e0;68e-2;53e-2;70e-2;3655e-1;52e-2;3650e-1;53e-2
2015-12-24;09:50:00;1800e0;1555676e0;120e0;5352e0;131e-2;130e-2;134e-2;3796e-1;118e-2;3782e-1;128e-2
2015-12-24;10:20:00;1800e0;858293e0;106e0;3131e0;82e-2;74e-2;87e-2;3724e-1;78e-2;3678e-1;65e-2
2015-12-24;10:50:00;1800e0;1372632e0;172e0;4977e0;118e-2;115e-2;122e-2;3759e-1;115e-2;3739e-1;105e-2
2015-12-24;11:20:00;1800e0;1080965e0;127e0;3865e0;98e-2;91e-2;102e-2;3712e-1;95e-2;3686e-1;82e-2
2015-12-24;11:50:00;1800e0;2185900e0;225e0;7805e0;177e-2;180e-2;180e-2;3787e-1;171e-2;3781e-1;171e-2
2015-12-24;12:20:00;1800e0;2654377e0;384e0;9123e0;211e-2;216e-2;213e-2;3807e-1;202e-2;3804e-1;212e-2
2015-12-24;12:50:00;1800e0;1771515e0;258e0;5998e0;145e-2;146e-2;148e-2;3782e-1;139e-2;3776e-1;141e-2
2015-12-24;13:20:00;1800e0;1823115e0;225e0;6398e0;150e-2;149e-2;153e-2;3768e-1;143e-2;3758e-1;145e-2
2015-12-24;13:50:00;1800e0;695642e0;93e0;2620e0;70e-2;59e-2;77e-2;3666e-1;64e-2;3633e-1;54e-2
2015-12-24;14:20:00;1800e0;572564e0;85e0;2034e0;63e-2;49e-2;71e-2;3647e-1;53e-2;3614e-1;46e-2
2015-12-24;14:50:00;1800e0;266623e0;62e0;605e0;48e-2;22e-2;54e-2;3554e-1;30e-2;3503e-1;23e-2
2015-12-25;09:20:00;1800e0;989170e0;93e0;3619e0;91e-2;83e-2;97e-2;3713e-1;74e-2;3728e-1;86e-2
2015-12-25;09:50:00;1800e0;2574054e0;386e0;8997e0;205e-2;209e-2;207e-2;3835e-1;181e-2;3844e-1;216e-2
2015-12-25;10:20:00;1800e0;2969862e0;366e0;10672e0;236e-2;241e-2;239e-2;3804e-1;214e-2;3808e-1;244e-2
2015-12-25;10:50:00;1800e0;3371993e0;637e0;11548e0;266e-2;273e-2;268e-2;3820e-1;245e-2;3827e-1;274e-2
2015-12-25;11:20:00;1800e0;1698736e0;246e0;5960e0;142e-2;142e-2;145e-2;3747e-1;137e-2;3742e-1;131e-2
2015-12-25;11:50:00;1800e0;2340314e0;287e0;8165e0;188e-2;192e-2;191e-2;3792e-1;179e-2;3783e-1;186e-2
2015-12-25;12:20:00;1800e0;3331436e0;658e0;11717e0;264e-2;270e-2;268e-2;3788e-1;248e-2;3782e-1;269e-2
2015-12-25;12:50:00;1800e0;5042177e0;903e0;17680e0;395e-2;405e-2;399e-2;3802e-1;363e-2;3790e-1;416e-2
2015-12-25;13:20:00;1800e0;4339119e0;958e0;14915e0;339e-2;349e-2;342e-2;3830e-1;310e-2;3826e-1;357e-2
2015-12-25;13:50:00;1800e0;4712660e0;544e0;16339e0;367e-2;379e-2;371e-2;3834e-1;330e-2;3824e-1;395e-2
2015-12-25;14:20:00;1799e0;2727742e0;347e0;9570e0;217e-2;223e-2;221e-2;3792e-1;194e-2;3799e-1;229e-2
2015-12-25;14:50:00;1800e0;722769e0;64e0;2593e0;74e-2;64e-2;79e-2;3653e-1;57e-2;3666e-1;64e-2
2015-12-26;09:50:00;1800e0;76015e0;0e0;320e0;26e-2;8e-2;8e-2;3625e-1;16e-2;3544e-1;8e-2
2015-12-26;10:20:00;1800e0;123524e0;0e0;255e0;24e-2;9e-2;13e-2;3493e-1;18e-2;3397e-1;9e-2
2015-12-26;10:50:00;1800e0;189453e0;25e0;407e0;42e-2;15e-2;40e-2;3545e-1;25e-2;3468e-1;14e-2
2015-12-26;11:20:00;1800e0;185572e0;12e0;384e0;45e-2;15e-2;44e-2;3558e-1;26e-2;3466e-1;14e-2
2015-12-26;11:50:00;1800e0;285564e0;18e0;721e0;48e-2;25e-2;56e-2;3592e-1;34e-2;3494e-1;18e-2
2015-12-26;12:20:00;1800e0;205739e0;37e0;515e0;43e-2;16e-2;46e-2;3556e-1;27e-2;3491e-1;14e-2
2015-12-26;12:50:00;1800e0;92965e0;0e0;106e0;8e-2;7e-2;1e-2;3509e-1;15e-2;3385e-1;7e-2
2015-12-26;13:20:00;1800e0;35543e0;0e0;245e0;1e-2;4e-2;0e-2;3658e-1;12e-2;3544e-1;6e-2
2015-12-27;12:50:00;1800e0;49487e0;10e0;362e0;2e-2;8e-2;0e-2;3501e-1;13e-2;3389e-1;6e-2
2015-12-27;14:20:00;1800e0;123421e0;23e0;1538e0;24e-2;15e-2;22e-2;3505e-1;20e-2;3399e-1;13e-2
2015-12-27;14:50:00;1800e0;107917e0;0e0;189e0;17e-2;10e-2;5e-2;3429e-1;16e-2;3367e-1;11e-2
2015-12-28;09:50:00;1800e0;121075e0;6e0;125e0;26e-2;9e-2;12e-2;3544e-1;18e-2;3470e-1;11e-2
2015-12-28;10:20:00;1800e0;164077e0;6e0;286e0;42e-2;13e-2;32e-2;3567e-1;23e-2;3495e-1;13e-2
2015-12-28;10:50:00;1800e0;150543e0;6e0;176e0;41e-2;11e-2;24e-2;3555e-1;21e-2;3497e-1;12e-2
2015-12-28;11:20:00;1800e0;343330e0;37e0;807e0;51e-2;31e-2;59e-2;3653e-1;39e-2;3560e-1;23e-2
2015-12-28;11:50:00;1800e0;297414e0;0e0;732e0;48e-2;25e-2;57e-2;3640e-1;34e-2;3538e-1;20e-2
2015-12-28;12:20:00;1800e0;357168e0;62e0;988e0;52e-2;31e-2;60e-2;3647e-1;40e-2;3569e-1;25e-2
2015-12-28;12:50:00;1800e0;2400248e0;456e0;8307e0;194e-2;197e-2;198e-2;3843e-1;185e-2;3814e-1;185e-2
2015-12-28;13:20:00;1800e0;3243885e0;684e0;11101e0;262e-2;266e-2;265e-2;3835e-1;242e-2;3813e-1;256e-2
2015-12-28;13:50:00;1800e0;2232324e0;347e0;7626e0;184e-2;185e-2;187e-2;3807e-1;163e-2;3795e-1;183e-2
2015-12-28;14:20:00;1800e0;1331691e0;230e0;4612e0;119e-2;111e-2;124e-2;3768e-1;101e-2;3740e-1;108e-2
2015-12-28;14:50:00;1800e0;2580683e0;406e0;8854e0;214e-2;214e-2;218e-2;3810e-1;176e-2;3806e-1;219e-2
2015-12-28;15:20:00;1800e0;628944e0;128e0;2078e0;64e-2;54e-2;65e-2;3674e-1;47e-2;3690e-1;57e-2
2015-12-29;10:50:00;1800e0;71236e0;0e0;181e0;0e-2;7e-2;0e-2;3476e-1;12e-2;3415e-1;6e-2
2015-12-29;11:20:00;1800e0;73758e0;6e0;184e0;0e-2;7e-2;0e-2;3463e-1;12e-2;3397e-1;6e-2
2015-12-29;11:50:00;1800e0;64399e0;0e0;258e0;0e-2;6e-2;0e-2;3458e-1;11e-2;3379e-1;5e-2
2015-12-29;12:20:00;1800e0;97577e0;0e0;191e0;9e-2;9e-2;1e-2;3522e-1;14e-2;3392e-1;8e-2
2015-12-29;12:50:00;1800e0;113755e0;0e0;108e0;22e-2;10e-2;6e-2;3517e-1;16e-2;3407e-1;9e-2
2015-12-29;13:20:00;1800e0;92973e0;6e0;206e0;8e-2;10e-2;2e-2;3486e-1;14e-2;3436e-1;7e-2
2015-12-29;13:50:00;1800e0;51824e0;0e0;234e0;0e-2;7e-2;0e-2;3564e-1;10e-2;3440e-1;5e-2
2015-12-30;09:20:00;1800e0;686602e0;87e0;2547e0;86e-2;73e-2;92e-2;3779e-1;65e-2;3765e-1;75e-2
2015-12-30;09:50:00;1800e0;1627653e0;128e0;5754e0;138e-2;136e-2;142e-2;3858e-1;118e-2;3856e-1;133e-2
2015-12-30;10:20:00;1800e0;248722e0;30e0;573e0;44e-2;21e-2;37e-2;3575e-1;28e-2;3502e-1;19e-2
2015-12-30;10:50:00;1800e0;76322e0;0e0;178e0;2e-2;8e-2;0e-2;3480e-1;13e-2;3437e-1;7e-2
2015-12-30;11:20:00;1800e0;95715e0;6e0;126e0;9e-2;8e-2;1e-2;3501e-1;14e-2;3421e-1;9e-2
2015-12-30;11:50:00;1800e0;111340e0;6e0;184e0;20e-2;9e-2;5e-2;3507e-1;16e-2;3417e-1;10e-2
2015-12-30;12:20:00;1800e0;106464e0;0e0;184e0;17e-2;9e-2;5e-2;3513e-1;15e-2;3430e-1;9e-2
2015-12-30;12:50:00;1800e0;130560e0;0e0;172e0;26e-2;11e-2;17e-2;3524e-1;18e-2;3460e-1;11e-2
2015-12-30;13:20:00;1800e0;151692e0;0e0;222e0;39e-2;13e-2;22e-2;3546e-1;20e-2;3474e-1;12e-2
2015-12-30;13:50:00;1800e0;122234e0;0e0;206e0;29e-2;9e-2;8e-2;3524e-1;17e-2;3488e-1;10e-2
2015-12-30;14:20:00;1800e0;84247e0;0e0;107e0;3e-2;7e-2;0e-2;3488e-1;13e-2;3435e-1;8e-2
2015-12-30;14:50:00;1800e0;157617e0;12e0;298e0;25e-2;14e-2;22e-2;3544e-1;19e-2;3501e-1;15e-2
2015-12-30;15:20:00;1800e0;152870e0;6e0;318e0;31e-2;13e-2;26e-2;3555e-1;17e-2;3521e-1;16e-2
2015-12-31;08:50:00;1800e0;502900e0;54e0;1719e0;50e-2;45e-2;51e-2;3687e-1;38e-2;3719e-1;45e-2
2015-12-31;09:20:00;1800e0;1404329e0;175e0;4817e0;119e-2;119e-2;121e-2;3850e-1;99e-2;3873e-1;119e-2
2015-12-31;09:50:00;1800e0;2077717e0;226e0;7029e0;170e-2;174e-2;172e-2;3901e-1;147e-2;3907e-1;171e-2
2015-12-31;10:20:00;1800e0;3358428e0;458e0;11950e0;266e-2;275e-2;269e-2;3914e-1;234e-2;3914e-1;273e-2
2015-12-31;10:50:00;1800e0;5296912e0;734e0;18776e0;418e-2;430e-2;422e-2;3904e-1;367e-2;3887e-1;434e-2
2015-12-31;11:20:00;1800e0;6007938e0;1894e0;20647e0;472e-2;486e-2;476e-2;3886e-1;420e-2;3862e-1;493e-2
2015-12-31;11:50:00;1800e0;5751879e0;1412e0;19727e0;452e-2;466e-2;456e-2;3898e-1;403e-2;3876e-1;468e-2
2015-12-31;12:20:00;1800e0;6423651e0;1808e0;22017e0;497e-2;511e-2;502e-2;3884e-1;451e-2;3865e-1;523e-2
2015-12-31;12:50:00;1800e0;5237610e0;1061e0;18154e0;406e-2;418e-2;409e-2;3897e-1;367e-2;3883e-1;425e-2
2015-12-31;13:20:00;1800e0;4525236e0;703e0;15879e0;352e-2;363e-2;355e-2;3912e-1;314e-2;3906e-1;367e-2
2015-12-31;13:50:00;1800e0;3961208e0;390e0;14178e0;311e-2;321e-2;313e-2;3913e-1;274e-2;3908e-1;324e-2
2015-12-31;14:20:00;1800e0;2210838e0;286e0;7462e0;177e-2;181e-2;180e-2;3892e-1;155e-2;3893e-1;184e-2
2015-12-31;14:50:00;1800e0;522074e0;24e0;1750e0;63e-2;44e-2;68e-2;3679e-1;42e-2;3661e-1;46e-2
2015-12-31;15:20:00;1800e0;70764e0;6e0;142e0;16e-2;7e-2;6e-2;3598e-1;12e-2;3573e-1;11e-2
2016-01-01;09:50:00;1800e0;141374e0;6e0;151e0;35e-2;8e-2;20e-2;3524e-1;20e-2;3484e-1;10e-2
2016-01-01;10:20:00;1800e0;149525e0;6e0;161e0;42e-2;10e-2;24e-2;3518e-1;21e-2;3476e-1;11e-2
2016-01-01;10:50:00;1800e0;153874e0;0e0;205e0;42e-2;11e-2;25e-2;3525e-1;22e-2;3448e-1;11e-2
2016-01-01;11:20:00;1800e0;120576e0;0e0;130e0;29e-2;8e-2;9e-2;3506e-1;17e-2;3393e-1;9e-2
2016-01-01;11:50:00;1800e0;128132e0;12e0;151e0;34e-2;8e-2;14e-2;3500e-1;18e-2;3393e-1;9e-2
2016-01-01;12:20:00;1800e0;154814e0;6e0;246e0;37e-2;10e-2;28e-2;3519e-1;22e-2;3443e-1;11e-2
2016-01-01;12:50:00;1800e0;110981e0;0e0;159e0;22e-2;8e-2;6e-2;3478e-1;16e-2;3377e-1;8e-2
2016-01-01;13:20:00;1800e0;182899e0;6e0;385e0;44e-2;13e-2;39e-2;3554e-1;25e-2;3503e-1;13e-2
2016-01-01;13:50:00;1800e0;130456e0;0e0;122e0;37e-2;8e-2;14e-2;3502e-1;18e-2;3432e-1;9e-2
2016-01-01;14:20:00;1800e0;77454e0;6e0;112e0;2e-2;6e-2;0e-2;3462e-1;13e-2;3361e-1;6e-2
2016-01-02;10:50:00;1800e0;36566e0;0e0;355e0;1e-2;8e-2;0e-2;3735e-1;10e-2;3617e-1;6e-2
2016-01-02;11:20:00;1800e0;107107e0;6e0;170e0;16e-2;11e-2;8e-2;3554e-1;15e-2;3505e-1;9e-2
2016-01-02;11:50:00;1800e0;182668e0;6e0;474e0;41e-2;18e-2;35e-2;3633e-1;23e-2;3558e-1;14e-2
2016-01-02;12:20:00;1800e0;265155e0;24e0;826e0;49e-2;25e-2;52e-2;3680e-1;31e-2;3600e-1;19e-2
2016-01-02;12:50:00;1800e0;323047e0;16e0;927e0;51e-2;31e-2;58e-2;3715e-1;36e-2;3624e-1;22e-2
2016-01-02;13:20:00;1800e0;399182e0;18e0;1282e0;55e-2;36e-2;50e-2;3691e-1;40e-2;3666e-1;30e-2
2016-01-02;13:50:00;1800e0;1043714e0;139e0;3744e0;99e-2;89e-2;105e-2;3815e-1;85e-2;3773e-1;77e-2
2016-01-02;14:20:00;1800e0;240898e0;31e0;708e0;48e-2;24e-2;52e-2;3681e-1;28e-2;3592e-1;19e-2
2016-01-02;14:50:00;1800e0;132319e0;14e0;247e0;27e-2;13e-2;18e-2;3594e-1;17e-2;3541e-1;11e-2
2016-01-03;08:50:00;1800e0;396016e0;37e0;1498e0;72e-2;60e-2;74e-2;3909e-1;47e-2;3935e-1;58e-2
2016-01-03;09:20:00;1800e0;1962450e0;222e0;6856e0;162e-2;166e-2;164e-2;3967e-1;129e-2;3982e-1;163e-2
2016-01-03;09:50:00;1800e0;3645626e0;569e0;12649e0;289e-2;298e-2;291e-2;4011e-1;239e-2;4009e-1;295e-2
2016-01-03;10:20:00;1800e0;4689966e0;904e0;15818e0;369e-2;381e-2;373e-2;4011e-1;311e-2;3998e-1;376e-2
2016-01-03;10:50:00;1800e0;4920024e0;877e0;17124e0;385e-2;396e-2;389e-2;4003e-1;331e-2;3977e-1;391e-2
2016-01-03;11:20:00;1800e0;7273557e0;2099e0;24613e0;569e-2;584e-2;575e-2;3967e-1;503e-2;3952e-1;573e-2
2016-01-03;11:50:00;1800e0;8400447e0;2000e0;28822e0;657e-2;674e-2;664e-2;3937e-1;586e-2;3921e-1;666e-2
2016-01-03;12:20:00;1800e0;8375003e0;2124e0;28591e0;654e-2;671e-2;661e-2;3943e-1;579e-2;3919e-1;669e-2
2016-01-03;12:50:00;1800e0;8198371e0;1859e0;28360e0;640e-2;657e-2;647e-2;3948e-1;566e-2;3929e-1;653e-2
2016-01-03;13:20:00;1800e0;7757674e0;1962e0;26643e0;605e-2;622e-2;612e-2;3951e-1;537e-2;3934e-1;616e-2
2016-01-03;13:50:00;1800e0;6722382e0;1473e0;23486e0;527e-2;542e-2;532e-2;3962e-1;458e-2;3947e-1;539e-2
2016-01-03;14:20:00;1800e0;5424973e0;994e0;18793e0;426e-2;440e-2;430e-2;3987e-1;362e-2;3975e-1;439e-2
2016-01-03;14:50:00;1800e0;2614471e0;143e0;9245e0;214e-2;216e-2;218e-2;3920e-1;173e-2;3918e-1;214e-2
2016-01-03;15:20:00;1800e0;179724e0;0e0;418e0;37e-2;16e-2;31e-2;3614e-1;17e-2;3608e-1;17e-2
2016-01-04;08:50:00;1800e0;621677e0;24e0;2254e0;86e-2;77e-2;90e-2;3941e-1;62e-2;3980e-1;76e-2
2016-01-04;09:20:00;1800e0;2843779e0;398e0;9964e0;227e-2;234e-2;229e-2;3994e-1;183e-2;3998e-1;238e-2
2016-01-04;09:50:00;1800e0;4617219e0;632e0;15798e0;367e-2;379e-2;370e-2;4001e-1;302e-2;3983e-1;380e-2
2016-01-04;10:20:00;1800e0;5912708e0;1536e0;20522e0;464e-2;477e-2;468e-2;3973e-1;395e-2;3953e-1;482e-2
2016-01-04;10:50:00;1800e0;6914360e0;1986e0;23483e0;537e-2;551e-2;542e-2;3951e-1;469e-2;3929e-1;562e-2
2016-01-04;11:20:00;1800e0;7524969e0;2032e0;26004e0;585e-2;600e-2;590e-2;3940e-1;515e-2;3919e-1;609e-2
2016-01-04;11:50:00;1800e0;7931315e0;2063e0;27093e0;618e-2;633e-2;623e-2;3930e-1;545e-2;3904e-1;642e-2
2016-01-04;12:20:00;1800e0;8068871e0;2559e0;26903e0;633e-2;648e-2;638e-2;3934e-1;555e-2;3909e-1;653e-2
2016-01-04;12:50:00;1800e0;7935207e0;1994e0;27550e0;627e-2;643e-2;633e-2;3932e-1;545e-2;3903e-1;644e-2
2016-01-04;13:20:00;1800e0;7471649e0;2443e0;25040e0;592e-2;608e-2;597e-2;3939e-1;510e-2;3913e-1;608e-2
2016-01-04;13:50:00;1800e0;6682291e0;1841e0;22842e0;529e-2;543e-2;533e-2;3946e-1;452e-2;3922e-1;546e-2
2016-01-04;14:20:00;1800e0;5675853e0;1024e0;20084e0;448e-2;462e-2;452e-2;3956e-1;379e-2;3942e-1;467e-2
2016-01-04;14:50:00;1800e0;4141800e0;852e0;14312e0;328e-2;340e-2;331e-2;3964e-1;271e-2;3958e-1;345e-2
2016-01-04;15:20:00;1800e0;2021163e0;204e0;7078e0;167e-2;170e-2;170e-2;3941e-1;132e-2;3945e-1;173e-2
2016-01-05;09:20:00;1800e0;1219347e0;166e0;4054e0;113e-2;104e-2;116e-2;4137e-1;35e-2;3901e-1;147e-2
2016-01-05;09:50:00;1800e0;3677410e0;681e0;12729e0;293e-2;304e-2;296e-2;4433e-1;109e-2;3967e-1;427e-2
2016-01-05;10:20:00;1800e0;6107566e0;1310e0;21010e0;481e-2;496e-2;486e-2;4215e-1;333e-2;3924e-1;564e-2
2016-01-05;10:50:00;1800e0;7580734e0;1690e0;26236e0;596e-2;611e-2;602e-2;3931e-1;517e-2;3892e-1;622e-2
2016-01-05;11:20:00;1800e0;8142048e0;2492e0;27299e0;636e-2;652e-2;642e-2;3911e-1;560e-2;3870e-1;668e-2
2016-01-05;11:50:00;1800e0;8433719e0;1552e0;29291e0;661e-2;677e-2;667e-2;3899e-1;584e-2;3862e-1;691e-2
2016-01-05;12:20:00;1800e0;9288833e0;2330e0;31814e0;729e-2;745e-2;736e-2;3867e-1;660e-2;3837e-1;753e-2
2016-01-05;12:50:00;1800e0;6107771e0;1233e0;21290e0;480e-2;493e-2;485e-2;3894e-1;442e-2;3878e-1;485e-2
2016-01-05;13:20:00;1800e0;2643378e0;328e0;9293e0;213e-2;220e-2;214e-2;3954e-1;192e-2;3954e-1;203e-2
2016-01-05;13:50:00;1800e0;3717315e0;645e0;12780e0;294e-2;303e-2;297e-2;3979e-1;251e-2;3973e-1;298e-2
2016-01-05;14:20:00;1800e0;5588647e0;1403e0;19468e0;445e-2;458e-2;449e-2;3958e-1;372e-2;3932e-1;461e-2
2016-01-05;14:50:00;1800e0;4586857e0;717e0;15898e0;366e-2;377e-2;369e-2;3965e-1;299e-2;3948e-1;382e-2
2016-01-05;15:20:00;1800e0;1735219e0;293e0;6005e0;148e-2;144e-2;146e-2;3834e-1;114e-2;3844e-1;147e-2
2016-01-06;09:20:00;1800e0;69858e0;0e0;300e0;7e-2;10e-2;1e-2;3732e-1;13e-2;3658e-1;8e-2
2016-01-06;09:50:00;1800e0;201543e0;18e0;400e0;39e-2;20e-2;36e-2;3734e-1;23e-2;3653e-1;15e-2
2016-01-06;10:20:00;1800e0;602544e0;78e0;2079e0;66e-2;55e-2;70e-2;3874e-1;55e-2;3836e-1;42e-2
2016-01-06;10:50:00;1800e0;1732541e0;264e0;5761e0;146e-2;147e-2;149e-2;3963e-1;132e-2;3946e-1;126e-2
2016-01-06;11:20:00;1800e0;1084491e0;150e0;3400e0;97e-2;95e-2;100e-2;3930e-1;94e-2;3911e-1;73e-2
2016-01-06;11:50:00;1800e0;3763866e0;803e0;12778e0;304e-2;311e-2;308e-2;3972e-1;273e-2;3953e-1;288e-2
2016-01-06;12:20:00;1800e0;8194285e0;2067e0;27673e0;653e-2;669e-2;659e-2;3918e-1;570e-2;3874e-1;665e-2
2016-01-06;12:50:00;1800e0;7910984e0;2125e0;27153e0;628e-2;644e-2;634e-2;3928e-1;545e-2;3885e-1;644e-2
2016-01-06;13:20:00;1800e0;7401730e0;2036e0;25495e0;585e-2;601e-2;591e-2;3934e-1;508e-2;3890e-1;603e-2
2016-01-06;13:50:00;1800e0;6661228e0;1740e0;22731e0;533e-2;548e-2;538e-2;3949e-1;452e-2;3921e-1;542e-2
2016-01-06;14:20:00;1800e0;5510806e0;1083e0;19310e0;437e-2;451e-2;441e-2;3970e-1;368e-2;3946e-1;451e-2
2016-01-06;14:50:00;1800e0;3040014e0;492e0;10344e0;247e-2;250e-2;251e-2;3888e-1;203e-2;3868e-1;253e-2
2016-01-06;15:20:00;1800e0;319824e0;14e0;897e0;52e-2;29e-2;45e-2;3688e-1;28e-2;3677e-1;28e-2
2016-01-07;10:50:00;1800e0;105239e0;0e0;455e0;22e-2;8e-2;11e-2;3587e-1;14e-2;3583e-1;11e-2
2016-01-07;11:20:00;1800e0;222030e0;25e0;540e0;46e-2;20e-2;47e-2;3564e-1;23e-2;3690e-1;20e-2
2016-01-07;11:50:00;1800e0;306601e0;56e0;677e0;49e-2;28e-2;57e-2;3633e-1;29e-2;3732e-1;27e-2
2016-01-07;12:20:00;1800e0;488532e0;45e0;1426e0;59e-2;44e-2;65e-2;4037e-1;38e-2;3796e-1;41e-2
2016-01-07;12:50:00;1800e0;223026e0;24e0;473e0;37e-2;20e-2;36e-2;3898e-1;21e-2;3655e-1;19e-2
2016-01-07;13:20:00;1800e0;184260e0;12e0;338e0;42e-2;16e-2;33e-2;3849e-1;18e-2;3620e-1;16e-2
2016-01-07;13:50:00;1800e0;190647e0;31e0;419e0;41e-2;17e-2;38e-2;3895e-1;18e-2;3627e-1;18e-2
2016-01-07;14:20:00;1800e0;56650e0;6e0;81e0;11e-2;8e-2;2e-2;3862e-1;11e-2;3654e-1;10e-2
2016-01-08;09:50:00;1800e0;87127e0;6e0;370e0;28e-2;13e-2;19e-2;3708e-1;17e-2;3644e-1;11e-2
2016-01-08;10:20:00;1800e0;336988e0;44e0;691e0;51e-2;32e-2;58e-2;3681e-1;35e-2;3647e-1;24e-2
2016-01-08;10:50:00;1800e0;342219e0;31e0;906e0;51e-2;32e-2;59e-2;3692e-1;36e-2;3636e-1;24e-2
2016-01-08;11:20:00;1800e0;461113e0;68e0;1532e0;57e-2;42e-2;63e-2;3728e-1;46e-2;3706e-1;31e-2
2016-01-08;11:50:00;1800e0;365723e0;41e0;837e0;52e-2;35e-2;60e-2;3692e-1;38e-2;3658e-1;25e-2
2016-01-08;12:20:00;1800e0;318758e0;56e0;720e0;50e-2;32e-2;57e-2;3659e-1;34e-2;3622e-1;23e-2
2016-01-08;12:50:00;1800e0;298519e0;37e0;666e0;50e-2;29e-2;53e-2;3635e-1;33e-2;3614e-1;22e-2
2016-01-08;13:20:00;1800e0;224755e0;26e0;640e0;47e-2;23e-2;48e-2;3606e-1;26e-2;3569e-1;17e-2
2016-01-08;13:50:00;1800e0;119086e0;6e0;172e0;22e-2;12e-2;10e-2;3561e-1;15e-2;3475e-1;9e-2
2016-01-08;14:20:00;1800e0;159233e0;0e0;326e0;41e-2;15e-2;29e-2;3565e-1;20e-2;3543e-1;12e-2
2016-01-08;14:50:00;1800e0;142502e0;6e0;184e0;33e-2;12e-2;21e-2;3549e-1;18e-2;3542e-1;11e-2
2016-01-09;09:50:00;1799e0;54273e0;0e0;319e0;8e-2;7e-2;2e-2;3812e-1;11e-2;3708e-1;10e-2
2016-01-09;10:20:00;1800e0;198927e0;30e0;439e0;39e-2;17e-2;38e-2;3791e-1;19e-2;3596e-1;19e-2
2016-01-09;10:50:00;1800e0;225205e0;22e0;570e0;46e-2;19e-2;50e-2;3830e-1;22e-2;3599e-1;20e-2
2016-01-09;11:20:00;1800e0;314079e0;62e0;687e0;50e-2;28e-2;58e-2;3892e-1;29e-2;3653e-1;25e-2
2016-01-09;11:50:00;1800e0;530564e0;131e0;1861e0;61e-2;46e-2;68e-2;3907e-1;50e-2;3735e-1;36e-2
2016-01-09;12:20:00;1800e0;656844e0;69e0;2514e0;69e-2;57e-2;75e-2;3780e-1;65e-2;3752e-1;42e-2
2016-01-09;12:50:00;1800e0;713641e0;150e0;2670e0;73e-2;62e-2;78e-2;3765e-1;71e-2;3752e-1;46e-2
2016-01-09;13:20:00;1800e0;505573e0;93e0;1746e0;59e-2;44e-2;66e-2;3702e-1;53e-2;3682e-1;33e-2
2016-01-09;13:50:00;1800e0;366125e0;25e0;1080e0;53e-2;32e-2;61e-2;3661e-1;40e-2;3601e-1;24e-2
2016-01-09;14:20:00;1800e0;317103e0;30e0;642e0;50e-2;27e-2;58e-2;3637e-1;35e-2;3576e-1;21e-2
2016-01-09;14:50:00;1800e0;148335e0;10e0;331e0;34e-2;11e-2;24e-2;3534e-1;20e-2;3478e-1;12e-2
2016-01-09;15:20:00;1800e0;35896e0;0e0;112e0;0e-2;5e-2;0e-2;3632e-1;10e-2;3532e-1;5e-2
2016-01-10;10:50:00;1800e0;63290e0;6e0;442e0;0e-2;10e-2;0e-2;3526e-1;11e-2;3471e-1;7e-2
2016-01-10;11:20:00;1800e0;87088e0;0e0;229e0;5e-2;11e-2;1e-2;3499e-1;13e-2;3453e-1;8e-2
2016-01-10;11:50:00;1800e0;130304e0;0e0;247e0;28e-2;13e-2;15e-2;3530e-1;17e-2;3438e-1;10e-2
2016-01-10;12:20:00;1800e0;74874e0;0e0;156e0;3e-2;10e-2;0e-2;3479e-1;12e-2;3417e-1;7e-2
2016-01-10;12:50:00;1800e0;64215e0;0e0;190e0;0e-2;8e-2;0e-2;3477e-1;10e-2;3371e-1;6e-2
2016-01-10;13:20:00;1800e0;36042e0;0e0;127e0;0e-2;10e-2;0e-2;3648e-1;10e-2;3565e-1;6e-2
2016-01-11;09:50:00;1800e0;92952e0;6e0;483e0;25e-2;9e-2;11e-2;3620e-1;17e-2;3539e-1;10e-2
2016-01-11;10:20:00;1800e0;129295e0;0e0;155e0;29e-2;11e-2;15e-2;3529e-1;18e-2;3443e-1;11e-2
2016-01-11;10:50:00;1800e0;166311e0;6e0;304e0;35e-2;15e-2;29e-2;3551e-1;23e-2;3491e-1;13e-2
2016-01-11;11:20:00;1800e0;268008e0;18e0;692e0;47e-2;24e-2;53e-2;3619e-1;33e-2;3531e-1;19e-2
2016-01-11;11:50:00;1800e0;276871e0;6e0;648e0;48e-2;25e-2;54e-2;3628e-1;34e-2;3540e-1;19e-2
2016-01-11;12:20:00;1800e0;236975e0;18e0;582e0;44e-2;20e-2;49e-2;3604e-1;30e-2;3531e-1;17e-2
2016-01-11;12:50:00;1800e0;209277e0;18e0;399e0;45e-2;19e-2;45e-2;3605e-1;28e-2;3527e-1;16e-2
2016-01-11;13:20:00;1800e0;178245e0;0e0;268e0;44e-2;15e-2;36e-2;3579e-1;24e-2;3517e-1;14e-2
2016-01-11;13:50:00;1800e0;146209e0;6e0;330e0;26e-2;13e-2;23e-2;3556e-1;20e-2;3489e-1;12e-2
2016-01-11;14:20:00;1800e0;94177e0;0e0;114e0;11e-2;8e-2;2e-2;3525e-1;15e-2;3419e-1;9e-2
2016-01-12;10:50:00;1800e0;132365e0;0e0;167e0;29e-2;12e-2;17e-2;3540e-1;19e-2;3474e-1;11e-2
2016-01-12;11:20:00;1800e0;312012e0;37e0;707e0;49e-2;30e-2;53e-2;3631e-1;36e-2;3548e-1;21e-2
2016-01-12;11:50:00;1800e0;452460e0;41e0;1383e0;56e-2;41e-2;62e-2;3669e-1;49e-2;3599e-1;30e-2
2016-01-12;12:20:00;1800e0;619853e0;109e0;2143e0;66e-2;56e-2;70e-2;3741e-1;66e-2;3660e-1;40e-2
2016-01-12;12:50:00;1800e0;552925e0;93e0;2108e0;62e-2;52e-2;66e-2;3697e-1;61e-2;3633e-1;37e-2
2016-01-12;13:20:00;1800e0;451364e0;43e0;1493e0;57e-2;42e-2;62e-2;3663e-1;50e-2;3591e-1;30e-2
2016-01-12;13:50:00;1800e0;166938e0;0e0;292e0;39e-2;14e-2;29e-2;3540e-1;23e-2;3488e-1;13e-2
2016-01-12;14:20:00;1800e0;44211e0;0e0;130e0;0e-2;7e-2;0e-2;3543e-1;10e-2;3502e-1;5e-2
2016-01-13;09:05:00;1800e0;1008449e0;131e0;3375e0;104e-2;99e-2;106e-2;3770e-1;73e-2;3879e-1;104e-2
2016-01-13;09:35:00;1800e0;4361651e0;650e0;14887e0;350e-2;364e-2;354e-2;4127e-1;266e-2;3966e-1;372e-2
2016-01-13;10:05:00;1800e0;5956187e0;1548e0;20468e0;473e-2;489e-2;478e-2;3973e-1;400e-2;3934e-1;487e-2
2016-01-13;10:35:00;1800e0;7048712e0;2148e0;23609e0;555e-2;573e-2;561e-2;3882e-1;490e-2;3832e-1;586e-2
2016-01-13;11:05:00;1800e0;7703903e0;2135e0;26059e0;603e-2;621e-2;609e-2;3810e-1;550e-2;3757e-1;647e-2
2016-01-13;11:35:00;1800e0;8269267e0;2500e0;27636e0;648e-2;666e-2;655e-2;3783e-1;597e-2;3735e-1;694e-2
2016-01-13;12:05:00;1800e0;7304646e0;2313e0;24655e0;575e-2;592e-2;581e-2;3794e-1;528e-2;3754e-1;610e-2
2016-01-13;12:35:00;1799e0;7131591e0;1529e0;24708e0;567e-2;585e-2;574e-2;3804e-1;514e-2;3758e-1;596e-2
2016-01-13;13:05:00;1800e0;7246684e0;1282e0;25314e0;576e-2;594e-2;582e-2;3793e-1;521e-2;3762e-1;608e-2
2016-01-13;13:35:00;1800e0;7327991e0;2150e0;24962e0;580e-2;598e-2;587e-2;3706e-1;531e-2;3748e-1;624e-2
2016-01-13;14:05:00;1800e0;6395588e0;1181e0;22315e0;506e-2;523e-2;512e-2;3837e-1;450e-2;3792e-1;537e-2
2016-01-13;14:35:00;1800e0;3681369e0;389e0;13201e0;293e-2;303e-2;297e-2;3885e-1;257e-2;3868e-1;303e-2
2016-01-13;15:05:00;1800e0;1076720e0;226e0;3575e0;93e-2;92e-2;95e-2;3770e-1;79e-2;3746e-1;88e-2
2016-01-14;09:35:00;1800e0;128121e0;0e0;313e0;39e-2;11e-2;23e-2;3088e-1;17e-2;3704e-1;14e-2
2016-01-14;10:05:00;1800e0;168874e0;2e0;275e0;43e-2;15e-2;32e-2;3005e-1;21e-2;3698e-1;17e-2
2016-01-14;10:35:00;1800e0;289647e0;24e0;648e0;49e-2;28e-2;55e-2;3060e-1;31e-2;3768e-1;26e-2
2016-01-14;11:05:00;1800e0;471150e0;62e0;1719e0;57e-2;44e-2;63e-2;3202e-1;45e-2;3835e-1;40e-2
2016-01-14;11:35:00;1800e0;655302e0;83e0;2329e0;68e-2;60e-2;73e-2;3343e-1;60e-2;3888e-1;54e-2
2016-01-14;12:05:00;1800e0;719064e0;116e0;2762e0;72e-2;64e-2;77e-2;3267e-1;67e-2;3898e-1;59e-2
2016-01-14;12:35:00;1800e0;797036e0;142e0;2870e0;77e-2;70e-2;81e-2;3356e-1;73e-2;3911e-1;63e-2
2016-01-14;13:05:00;1800e0;712553e0;39e0;2659e0;72e-2;64e-2;77e-2;3549e-1;63e-2;3883e-1;57e-2
2016-01-14;13:35:00;1800e0;658990e0;69e0;2145e0;68e-2;59e-2;73e-2;3562e-1;58e-2;3867e-1;52e-2
2016-01-14;14:05:00;1800e0;519986e0;50e0;1734e0;60e-2;47e-2;66e-2;3496e-1;47e-2;3836e-1;41e-2
2016-01-14;14:35:00;1800e0;361518e0;56e0;871e0;52e-2;33e-2;58e-2;3453e-1;35e-2;3767e-1;30e-2
2016-01-14;15:05:00;1800e0;73209e0;0e0;101e0;14e-2;9e-2;9e-2;3515e-1;12e-2;3639e-1;10e-2
2016-01-15;09:05:00;1800e0;77868e0;0e0;570e0;32e-2;11e-2;20e-2;3744e-1;15e-2;3761e-1;13e-2
2016-01-15;09:35:00;1800e0;256696e0;37e0;624e0;47e-2;24e-2;53e-2;3649e-1;26e-2;3706e-1;22e-2
2016-01-15;10:05:00;1800e0;475323e0;60e0;1384e0;57e-2;43e-2;64e-2;3696e-1;43e-2;3812e-1;37e-2
2016-01-15;10:35:00;1800e0;724652e0;70e0;2665e0;72e-2;64e-2;78e-2;3758e-1;63e-2;3873e-1;55e-2
2016-01-15;11:05:00;1800e0;1319192e0;91e0;4365e0;113e-2;113e-2;117e-2;3910e-1;103e-2;3930e-1;99e-2
2016-01-15;11:35:00;1800e0;4068395e0;878e0;13847e0;326e-2;335e-2;330e-2;3988e-1;277e-2;3966e-1;327e-2
2016-01-15;12:05:00;1800e0;7389807e0;1746e0;25356e0;584e-2;598e-2;589e-2;3890e-1;516e-2;3858e-1;607e-2
2016-01-15;12:35:00;1800e0;5513044e0;1094e0;19181e0;436e-2;446e-2;440e-2;3809e-1;403e-2;3783e-1;459e-2
2016-01-15;13:05:00;1800e0;1474533e0;166e0;4824e0;125e-2;126e-2;127e-2;3913e-1;117e-2;3923e-1;108e-2
2016-01-15;13:35:00;1800e0;1227471e0;165e0;3837e0;107e-2;106e-2;109e-2;3887e-1;100e-2;3904e-1;89e-2
2016-01-15;14:05:00;1800e0;1010853e0;136e0;3302e0;92e-2;88e-2;94e-2;3869e-1;85e-2;3889e-1;72e-2
2016-01-15;14:35:00;1800e0;555222e0;82e0;1888e0;62e-2;50e-2;67e-2;3799e-1;51e-2;3822e-1;40e-2
2016-01-15;15:05:00;1800e0;366218e0;51e0;882e0;52e-2;34e-2;58e-2;3743e-1;34e-2;3758e-1;29e-2
2016-01-15;15:35:00;1800e0;229859e0;30e0;630e0;46e-2;20e-2;49e-2;3711e-1;21e-2;3706e-1;21e-2
2016-01-15;16:05:00;1800e0;50089e0;0e0;75e0;13e-2;8e-2;6e-2;3759e-1;10e-2;3770e-1;10e-2
2016-01-16;08:35:00;1800e0;195220e0;12e0;612e0;53e-2;34e-2;61e-2;3990e-1;29e-2;4032e-1;34e-2
2016-01-16;09:05:00;1800e0;249687e0;37e0;654e0;47e-2;22e-2;51e-2;3761e-1;22e-2;3813e-1;24e-2
2016-01-16;09:35:00;1800e0;319369e0;21e0;822e0;50e-2;29e-2;57e-2;3812e-1;30e-2;3846e-1;25e-2
2016-01-16;10:05:00;1800e0;508735e0;92e0;2067e0;59e-2;46e-2;66e-2;3874e-1;46e-2;3916e-1;36e-2
2016-01-16;10:35:00;1800e0;624212e0;83e0;2164e0;66e-2;56e-2;72e-2;3889e-1;55e-2;3920e-1;44e-2
2016-01-16;11:05:00;1800e0;953680e0;130e0;3100e0;88e-2;83e-2;92e-2;3921e-1;81e-2;3958e-1;65e-2
2016-01-16;11:35:00;1800e0;1037017e0;93e0;3152e0;94e-2;90e-2;97e-2;3932e-1;89e-2;3976e-1;69e-2
2016-01-16;12:05:00;1800e0;986599e0;118e0;3113e0;90e-2;85e-2;94e-2;3910e-1;86e-2;3944e-1;66e-2
2016-01-16;12:35:00;1800e0;861524e0;99e0;2868e0;81e-2;74e-2;86e-2;3900e-1;76e-2;3910e-1;58e-2
2016-01-16;13:05:00;1800e0;749858e0;99e0;2701e0;74e-2;66e-2;80e-2;3875e-1;67e-2;3887e-1;51e-2
2016-01-16;13:35:00;1800e0;815704e0;112e0;2855e0;78e-2;71e-2;83e-2;3874e-1;73e-2;3897e-1;55e-2
2016-01-16;14:05:00;1800e0;503498e0;75e0;1602e0;59e-2;44e-2;67e-2;3803e-1;47e-2;3825e-1;35e-2
2016-01-16;14:35:00;1800e0;320065e0;24e0;666e0;50e-2;28e-2;58e-2;3741e-1;32e-2;3743e-1;24e-2
2016-01-16;15:05:00;1800e0;144288e0;6e0;267e0;32e-2;11e-2;23e-2;3615e-1;17e-2;3636e-1;13e-2
2016-01-17;09:05:00;1800e0;2953785e0;268e0;10293e0;238e-2;247e-2;240e-2;4071e-1;186e-2;4072e-1;244e-2
2016-01-17;09:35:00;1800e0;4853203e0;597e0;16815e0;388e-2;402e-2;392e-2;4044e-1;314e-2;3981e-1;400e-2
2016-01-17;10:05:00;1800e0;6277214e0;1572e0;21858e0;499e-2;514e-2;504e-2;3961e-1;423e-2;3871e-1;522e-2
2016-01-17;10:35:00;1800e0;7283770e0;2210e0;24639e0;577e-2;594e-2;584e-2;3851e-1;509e-2;3784e-1;614e-2
2016-01-17;11:05:00;1800e0;8074793e0;1864e0;27736e0;640e-2;658e-2;647e-2;3808e-1;574e-2;3752e-1;682e-2
2016-01-17;11:35:00;1800e0;8510335e0;1653e0;29239e0;671e-2;689e-2;678e-2;3758e-1;614e-2;3710e-1;723e-2
2016-01-17;12:05:00;1800e0;8681759e0;2524e0;29213e0;689e-2;707e-2;697e-2;3726e-1;633e-2;3674e-1;744e-2
2016-01-17;12:35:00;1800e0;8592291e0;2130e0;29153e0;688e-2;705e-2;696e-2;3687e-1;632e-2;3652e-1;740e-2
2016-01-17;13:05:00;1800e0;8287064e0;1860e0;28215e0;658e-2;676e-2;666e-2;3693e-1;608e-2;3649e-1;716e-2
2016-01-17;13:35:00;1800e0;7746545e0;1623e0;26997e0;618e-2;635e-2;625e-2;3713e-1;564e-2;3672e-1;669e-2
2016-01-17;14:05:00;1800e0;6244698e0;1564e0;21545e0;497e-2;511e-2;502e-2;3770e-1;451e-2;3740e-1;527e-2
2016-01-17;14:35:00;1800e0;4723758e0;873e0;16819e0;377e-2;388e-2;381e-2;3895e-1;321e-2;3873e-1;392e-2
2016-01-17;15:05:00;1800e0;4348185e0;634e0;15009e0;348e-2;360e-2;351e-2;3926e-1;291e-2;3893e-1;365e-2
2016-01-17;15:35:00;1800e0;1327696e0;173e0;4491e0;122e-2;111e-2;123e-2;3799e-1;90e-2;3783e-1;114e-2
2016-01-18;08:35:00;1800e0;250158e0;18e0;830e0;51e-2;39e-2;55e-2;3985e-1;30e-2;4013e-1;38e-2
2016-01-18;09:05:00;1800e0;97420e0;0e0;137e0;15e-2;9e-2;7e-2;3625e-1;12e-2;3648e-1;10e-2
2016-01-18;09:35:00;1800e0;180123e0;18e0;403e0;44e-2;16e-2;38e-2;3702e-1;19e-2;3727e-1;16e-2
2016-01-18;10:05:00;1800e0;494869e0;55e0;1562e0;60e-2;46e-2;65e-2;3814e-1;43e-2;3859e-1;38e-2
2016-01-18;10:35:00;1800e0;3158247e0;751e0;10706e0;258e-2;265e-2;262e-2;3973e-1;217e-2;3970e-1;251e-2
2016-01-18;11:05:00;1800e0;3157065e0;614e0;10690e0;253e-2;263e-2;256e-2;3933e-1;224e-2;3921e-1;250e-2
2016-01-18;11:35:00;1800e0;3292271e0;462e0;11209e0;264e-2;272e-2;267e-2;3890e-1;245e-2;3890e-1;254e-2
2016-01-18;12:05:00;1800e0;1391840e0;125e0;4655e0;118e-2;120e-2;121e-2;3862e-1;120e-2;3899e-1;95e-2
2016-01-18;12:35:00;1800e0;874373e0;147e0;2895e0;83e-2;78e-2;86e-2;3803e-1;78e-2;3832e-1;61e-2
2016-01-18;13:05:00;1800e0;469881e0;106e0;1364e0;58e-2;43e-2;63e-2;3710e-1;45e-2;3728e-1;34e-2
2016-01-18;13:35:00;1800e0;478410e0;89e0;1570e0;58e-2;44e-2;62e-2;3729e-1;46e-2;3741e-1;34e-2
2016-01-18;14:05:00;1800e0;1011526e0;145e0;3254e0;91e-2;88e-2;94e-2;3832e-1;91e-2;3867e-1;67e-2
2016-01-18;14:35:00;1800e0;595939e0;88e0;2061e0;65e-2;54e-2;69e-2;3743e-1;57e-2;3764e-1;42e-2
2016-01-18;15:05:00;1800e0;191637e0;0e0;344e0;42e-2;17e-2;31e-2;3589e-1;21e-2;3590e-1;15e-2
2016-01-18;15:35:00;1800e0;119653e0;12e0;242e0;26e-2;12e-2;18e-2;3581e-1;16e-2;3546e-1;12e-2
2016-01-19;09:50:00;1800e0;174372e0;12e0;446e0;21e-2;17e-2;21e-2;3536e-1;18e-2;3596e-1;15e-2
2016-01-19;10:20:00;1800e0;283122e0;12e0;918e0;49e-2;27e-2;55e-2;3563e-1;28e-2;3668e-1;24e-2
2016-01-19;10:50:00;1800e0;273029e0;0e0;655e0;48e-2;26e-2;53e-2;3548e-1;27e-2;3677e-1;23e-2
2016-01-19;11:20:00;1800e0;418326e0;6e0;1298e0;55e-2;40e-2;62e-2;3657e-1;39e-2;3750e-1;33e-2
2016-01-19;11:50:00;1800e0;591715e0;99e0;2341e0;66e-2;55e-2;71e-2;3728e-1;53e-2;3799e-1;45e-2
2016-01-19;12:20:00;1800e0;635096e0;105e0;2433e0;68e-2;58e-2;73e-2;3759e-1;56e-2;3808e-1;48e-2
2016-01-19;12:50:00;1800e0;670843e0;107e0;2531e0;70e-2;61e-2;75e-2;3850e-1;58e-2;3812e-1;49e-2
2016-01-19;13:20:00;1800e0;594432e0;129e0;2204e0;65e-2;55e-2;71e-2;3792e-1;53e-2;3783e-1;44e-2
2016-01-19;13:50:00;1800e0;583691e0;96e0;2219e0;65e-2;54e-2;71e-2;3779e-1;53e-2;3787e-1;43e-2
2016-01-19;14:20:00;1800e0;366304e0;36e0;870e0;52e-2;35e-2;60e-2;3693e-1;35e-2;3702e-1;29e-2
2016-01-19;14:50:00;1800e0;201176e0;35e0;475e0;45e-2;19e-2;42e-2;3586e-1;21e-2;3583e-1;18e-2
2016-01-19;15:20:00;1800e0;118860e0;6e0;222e0;23e-2;11e-2;12e-2;3533e-1;13e-2;3509e-1;11e-2
2016-01-19;15:50:00;1800e0;105073e0;12e0;283e0;16e-2;16e-2;17e-2;3584e-1;14e-2;3586e-1;16e-2
2016-01-20;09:20:00;1800e0;225627e0;18e0;556e0;42e-2;21e-2;45e-2;3735e-1;24e-2;3712e-1;19e-2
2016-01-20;09:50:00;1800e0;391459e0;43e0;1061e0;53e-2;36e-2;60e-2;3811e-1;38e-2;3814e-1;29e-2
2016-01-20;10:20:00;1800e0;715416e0;93e0;2508e0;72e-2;63e-2;77e-2;3891e-1;63e-2;3897e-1;51e-2
2016-01-20;10:50:00;1800e0;886821e0;115e0;2949e0;83e-2;78e-2;87e-2;3902e-1;77e-2;3920e-1;63e-2
2016-01-20;11:20:00;1800e0;1400598e0;125e0;4610e0;118e-2;120e-2;121e-2;3933e-1;115e-2;3948e-1;100e-2
2016-01-20;11:50:00;1800e0;2381554e0;314e0;8446e0;193e-2;200e-2;195e-2;3979e-1;179e-2;3991e-1;177e-2
2016-01-20;12:20:00;1800e0;6410355e0;1695e0;21695e0;514e-2;527e-2;519e-2;3907e-1;452e-2;3879e-1;521e-2
2016-01-20;12:50:00;1800e0;6038296e0;1380e0;20574e0;482e-2;496e-2;487e-2;3915e-1;424e-2;3891e-1;487e-2
2016-01-20;13:20:00;1800e0;2795929e0;415e0;9554e0;225e-2;233e-2;228e-2;3944e-1;209e-2;3949e-1;213e-2
2016-01-20;13:50:00;1800e0;1336459e0;109e0;4723e0;114e-2;114e-2;117e-2;3928e-1;109e-2;3948e-1;95e-2
2016-01-20;14:20:00;1800e0;635227e0;95e0;2272e0;67e-2;57e-2;72e-2;3838e-1;57e-2;3867e-1;46e-2
2016-01-20;14:50:00;1800e0;461701e0;68e0;1734e0;57e-2;42e-2;63e-2;3791e-1;44e-2;3809e-1;34e-2
2016-01-20;15:20:00;1800e0;497550e0;98e0;1450e0;60e-2;45e-2;66e-2;3821e-1;42e-2;3835e-1;40e-2
2016-01-20;15:50:00;1800e0;697289e0;36e0;2248e0;72e-2;67e-2;72e-2;3774e-1;55e-2;3776e-1;67e-2
2016-01-21;08:50:00;1800e0;96393e0;12e0;256e0;31e-2;13e-2;21e-2;3809e-1;15e-2;3799e-1;14e-2
2016-01-21;09:20:00;1800e0;314941e0;31e0;735e0;50e-2;29e-2;56e-2;3845e-1;28e-2;3817e-1;27e-2
2016-01-21;09:50:00;1800e0;615198e0;75e0;2045e0;66e-2;56e-2;71e-2;3955e-1;49e-2;3913e-1;48e-2
2016-01-21;10:20:00;1800e0;1037895e0;130e0;3391e0;93e-2;91e-2;96e-2;4050e-1;77e-2;3979e-1;79e-2
2016-01-21;10:50:00;1800e0;1423557e0;230e0;4683e0;120e-2;123e-2;123e-2;4081e-1;104e-2;4005e-1;108e-2
2016-01-21;11:20:00;1800e0;1575244e0;159e0;5404e0;131e-2;135e-2;133e-2;4085e-1;114e-2;4007e-1;120e-2
2016-01-21;11:50:00;1800e0;1889652e0;241e0;6583e0;155e-2;160e-2;158e-2;4104e-1;134e-2;4011e-1;143e-2
2016-01-21;12:20:00;1800e0;3098085e0;454e0;10795e0;249e-2;259e-2;251e-2;4128e-1;215e-2;4010e-1;235e-2
2016-01-21;12:50:00;1800e0;4137112e0;460e0;14405e0;329e-2;341e-2;332e-2;3968e-1;299e-2;3948e-1;317e-2
2016-01-21;13:20:00;1800e0;6040979e0;1505e0;20461e0;483e-2;498e-2;487e-2;3862e-1;436e-2;3859e-1;486e-2
2016-01-21;13:50:00;1800e0;7780394e0;2107e0;26513e0;619e-2;636e-2;625e-2;3752e-1;557e-2;3713e-1;667e-2
2016-01-21;14:20:00;1800e0;6998794e0;1836e0;24082e0;556e-2;573e-2;562e-2;3765e-1;497e-2;3721e-1;603e-2
2016-01-21;14:50:00;1800e0;5856848e0;1487e0;20096e0;466e-2;481e-2;471e-2;3814e-1;405e-2;3770e-1;504e-2
2016-01-21;15:20:00;1800e0;3817047e0;738e0;13077e0;305e-2;314e-2;308e-2;3599e-1;269e-2;3788e-1;333e-2
2016-01-21;15:50:00;1800e0;1973692e0;201e0;6822e0;163e-2;165e-2;166e-2;3925e-1;135e-2;3932e-1;166e-2
2016-01-22;08:50:00;1800e0;89612e0;0e0;706e0;22e-2;10e-2;12e-2;3705e-1;13e-2;3717e-1;12e-2
2016-01-22;09:20:00;1800e0;492515e0;81e0;1661e0;60e-2;44e-2;66e-2;3812e-1;43e-2;3836e-1;38e-2
2016-01-22;09:50:00;1800e0;1081019e0;112e0;3575e0;96e-2;93e-2;100e-2;3938e-1;85e-2;3960e-1;80e-2
2016-01-22;10:20:00;1800e0;1125190e0;81e0;3541e0;100e-2;97e-2;103e-2;3960e-1;87e-2;3976e-1;84e-2
2016-01-22;10:50:00;1800e0;1247299e0;95e0;4239e0;108e-2;108e-2;111e-2;3984e-1;96e-2;4006e-1;91e-2
2016-01-22;11:20:00;1800e0;1648078e0;169e0;5550e0;137e-2;141e-2;139e-2;4023e-1;123e-2;4038e-1;121e-2
2016-01-22;11:50:00;1800e0;2876064e0;364e0;10069e0;232e-2;240e-2;234e-2;4072e-1;206e-2;4072e-1;211e-2
2016-01-22;12:20:00;1800e0;4560020e0;884e0;15550e0;365e-2;377e-2;368e-2;4134e-1;306e-2;4015e-1;354e-2
2016-01-22;12:50:00;1800e0;3020506e0;406e0;10435e0;243e-2;254e-2;246e-2;4135e-1;208e-2;3982e-1;232e-2
2016-01-22;13:20:00;1800e0;1967190e0;323e0;6474e0;160e-2;167e-2;163e-2;4108e-1;142e-2;3967e-1;149e-2
2016-01-22;13:50:00;1800e0;4784159e0;1008e0;16648e0;383e-2;398e-2;388e-2;4054e-1;325e-2;3953e-1;383e-2
2016-01-22;14:20:00;1800e0;4506477e0;711e0;15205e0;361e-2;375e-2;365e-2;3983e-1;309e-2;3942e-1;362e-2
2016-01-22;14:50:00;1800e0;4714919e0;827e0;16244e0;375e-2;390e-2;380e-2;3958e-1;317e-2;3922e-1;389e-2
2016-01-22;15:20:00;1800e0;2538999e0;447e0;8464e0;208e-2;214e-2;211e-2;3911e-1;171e-2;3915e-1;212e-2
2016-01-22;15:50:00;1800e0;439985e0;93e0;1283e0;56e-2;41e-2;62e-2;3781e-1;33e-2;3802e-1;40e-2
2016-01-23;09:20:00;1800e0;153906e0;0e0;162e0;39e-2;13e-2;24e-2;3607e-1;17e-2;3631e-1;15e-2
2016-01-23;09:50:00;1800e0;266630e0;6e0;651e0;48e-2;25e-2;53e-2;3708e-1;26e-2;3690e-1;24e-2
2016-01-23;10:20:00;1800e0;695528e0;94e0;2338e0;71e-2;61e-2;75e-2;3834e-1;56e-2;3846e-1;55e-2
2016-01-23;10:50:00;1800e0;1091686e0;176e0;3720e0;96e-2;94e-2;99e-2;3863e-1;80e-2;3915e-1;90e-2
2016-01-23;11:20:00;1800e0;991845e0;132e0;3289e0;90e-2;86e-2;93e-2;3882e-1;74e-2;3877e-1;82e-2
2016-01-23;11:50:00;1800e0;957696e0;93e0;3523e0;86e-2;82e-2;90e-2;3995e-1;70e-2;3864e-1;78e-2
2016-01-23;12:20:00;1800e0;894185e0;75e0;3089e0;83e-2;78e-2;87e-2;4055e-1;63e-2;3867e-1;74e-2
2016-01-23;12:50:00;1800e0;754700e0;54e0;2862e0;75e-2;67e-2;78e-2;4040e-1;52e-2;3849e-1;67e-2
2016-01-23;13:20:00;1800e0;722162e0;97e0;2703e0;72e-2;64e-2;77e-2;4040e-1;46e-2;3850e-1;68e-2
2016-01-23;13:50:00;1800e0;572028e0;94e0;2320e0;64e-2;51e-2;69e-2;4021e-1;35e-2;3818e-1;58e-2
2016-01-23;14:20:00;1800e0;500413e0;55e0;2069e0;59e-2;45e-2;65e-2;4016e-1;29e-2;3797e-1;52e-2
2016-01-23;14:50:00;1800e0;451060e0;68e0;1547e0;56e-2;41e-2;62e-2;4012e-1;27e-2;3789e-1;48e-2
2016-01-23;15:20:00;1800e0;384032e0;83e0;938e0;53e-2;35e-2;59e-2;3987e-1;23e-2;3766e-1;42e-2
2016-01-23;15:50:00;1800e0;167280e0;6e0;248e0;35e-2;14e-2;28e-2;3859e-1;11e-2;3629e-1;21e-2
2016-01-24;09:20:00;1800e0;212082e0;6e0;440e0;45e-2;18e-2;43e-2;3587e-1;25e-2;3587e-1;18e-2
2016-01-24;09:50:00;1800e0;312915e0;31e0;641e0;50e-2;27e-2;58e-2;3642e-1;33e-2;3644e-1;24e-2
2016-01-24;10:20:00;1800e0;364880e0;37e0;876e0;52e-2;33e-2;60e-2;3660e-1;38e-2;3685e-1;27e-2
2016-01-24;10:50:00;1800e0;525225e0;125e0;2038e0;61e-2;47e-2;67e-2;3705e-1;52e-2;3746e-1;38e-2
2016-01-24;11:20:00;1800e0;378056e0;44e0;1092e0;53e-2;33e-2;60e-2;3660e-1;40e-2;3681e-1;28e-2
2016-01-24;11:50:00;1799e0;488181e0;89e0;1621e0;59e-2;43e-2;65e-2;3693e-1;49e-2;3720e-1;35e-2
2016-01-24;12:20:00;1800e0;797167e0;79e0;2923e0;77e-2;70e-2;81e-2;3779e-1;75e-2;3813e-1;54e-2
2016-01-24;12:50:00;1800e0;852870e0;108e0;2830e0;81e-2;74e-2;85e-2;3774e-1;81e-2;3820e-1;57e-2
2016-01-24;13:20:00;1800e0;585301e0;62e0;2019e0;64e-2;52e-2;70e-2;3725e-1;58e-2;3758e-1;40e-2
2016-01-24;13:50:00;1800e0;219118e0;6e0;616e0;47e-2;20e-2;45e-2;3591e-1;27e-2;3586e-1;17e-2
2016-01-24;14:20:00;1800e0;198014e0;6e0;350e0;44e-2;16e-2;34e-2;3566e-1;25e-2;3551e-1;16e-2
2016-01-24;14:50:00;1800e0;119599e0;0e0;174e0;28e-2;8e-2;8e-2;3533e-1;17e-2;3552e-1;10e-2
2016-01-24;15:20:00;1800e0;104862e0;2e0;218e0;19e-2;9e-2;10e-2;3497e-1;16e-2;3517e-1;9e-2
2016-01-25;09:20:00;1800e0;165985e0;0e0;270e0;41e-2;13e-2;31e-2;3545e-1;22e-2;3487e-1;12e-2
2016-01-25;09:50:00;1800e0;232810e0;22e0;709e0;46e-2;23e-2;51e-2;3588e-1;30e-2;3528e-1;16e-2
2016-01-25;10:20:00;1800e0;259759e0;35e0;693e0;48e-2;24e-2;53e-2;3600e-1;32e-2;3533e-1;18e-2
2016-01-25;10:50:00;1800e0;216389e0;12e0;479e0;45e-2;19e-2;43e-2;3566e-1;28e-2;3515e-1;15e-2
2016-01-25;11:20:00;1800e0;236331e0;6e0;503e0;46e-2;22e-2;48e-2;3581e-1;30e-2;3527e-1;16e-2
2016-01-25;11:50:00;1800e0;233583e0;44e0;576e0;46e-2;22e-2;51e-2;3584e-1;30e-2;3512e-1;16e-2
2016-01-25;12:20:00;1800e0;307057e0;18e0;740e0;49e-2;28e-2;55e-2;3616e-1;36e-2;3541e-1;20e-2
2016-01-25;12:50:00;1800e0;216135e0;30e0;430e0;37e-2;21e-2;34e-2;3553e-1;27e-2;3484e-1;14e-2
2016-01-25;13:20:00;1800e0;132797e0;0e0;218e0;31e-2;11e-2;14e-2;3511e-1;19e-2;3429e-1;10e-2
2016-01-25;13:50:00;1800e0;165602e0;6e0;298e0;41e-2;15e-2;29e-2;3541e-1;23e-2;3462e-1;12e-2
2016-01-25;14:20:00;1800e0;125309e0;0e0;178e0;29e-2;11e-2;9e-2;3501e-1;18e-2;3441e-1;9e-2
2016-01-25;14:50:00;1800e0;47474e0;0e0;124e0;4e-2;7e-2;0e-2;3579e-1;11e-2;3473e-1;5e-2
2016-01-26;09:20:00;1800e0;39502e0;0e0;561e0;1e-2;7e-2;0e-2;3582e-1;11e-2;3435e-1;5e-2
2016-01-26;09:50:00;1800e0;134056e0;6e0;206e0;28e-2;12e-2;16e-2;3496e-1;20e-2;3390e-1;10e-2
2016-01-26;10:20:00;1800e0;278719e0;12e0;699e0;49e-2;25e-2;54e-2;3581e-1;35e-2;3487e-1;19e-2
2016-01-26;10:50:00;1800e0;1110781e0;215e0;3917e0;102e-2;96e-2;105e-2;3735e-1;103e-2;3685e-1;77e-2
2016-01-26;11:20:00;1800e0;1096509e0;102e0;3668e0;99e-2;94e-2;102e-2;3750e-1;104e-2;3699e-1;73e-2
2016-01-26;11:50:00;1800e0;2973799e0;396e0;10228e0;239e-2;245e-2;241e-2;3830e-1;234e-2;3827e-1;224e-2
2016-01-26;12:20:00;1800e0;2754124e0;330e0;9537e0;221e-2;228e-2;224e-2;3823e-1;219e-2;3815e-1;207e-2
2016-01-26;12:50:00;1800e0;1421318e0;119e0;4661e0;121e-2;122e-2;124e-2;3799e-1;126e-2;3759e-1;101e-2
2016-01-26;13:20:00;1800e0;860346e0;68e0;3080e0;81e-2;75e-2;85e-2;3744e-1;85e-2;3677e-1;57e-2
2016-01-26;13:50:00;1800e0;927611e0;92e0;3077e0;85e-2;81e-2;89e-2;3755e-1;90e-2;3693e-1;61e-2
2016-01-26;14:20:00;1800e0;626579e0;74e0;2208e0;67e-2;55e-2;72e-2;3708e-1;64e-2;3612e-1;42e-2
2016-01-26;14:50:00;1800e0;99045e0;0e0;197e0;16e-2;7e-2;6e-2;3498e-1;16e-2;3343e-1;8e-2
2016-01-26;15:20:00;1800e0;160810e0;24e0;425e0;28e-2;15e-2;26e-2;3528e-1;22e-2;3434e-1;12e-2
2016-01-26;15:50:00;1800e0;110270e0;0e0;161e0;22e-2;9e-2;7e-2;3491e-1;16e-2;3405e-1;9e-2
2016-01-27;09:45:00;1800e0;87676e0;6e0;143e0;15e-2;7e-2;5e-2;3495e-1;15e-2;3398e-1;9e-2
2016-01-27;10:15:00;1800e0;115404e0;6e0;247e0;17e-2;9e-2;12e-2;3439e-1;17e-2;3351e-1;10e-2
2016-01-27;10:45:00;1800e0;406965e0;31e0;1120e0;55e-2;37e-2;62e-2;3613e-1;46e-2;3525e-1;27e-2
2016-01-27;11:15:00;1800e0;352698e0;30e0;830e0;52e-2;32e-2;60e-2;3590e-1;41e-2;3503e-1;23e-2
2016-01-27;11:45:00;1800e0;241922e0;24e0;666e0;48e-2;21e-2;46e-2;3532e-1;30e-2;3462e-1;17e-2
2016-01-27;12:15:00;1800e0;356469e0;30e0;854e0;52e-2;33e-2;60e-2;3584e-1;41e-2;3500e-1;23e-2
2016-01-27;12:45:00;1800e0;258871e0;18e0;643e0;48e-2;24e-2;55e-2;3551e-1;32e-2;3466e-1;18e-2
2016-01-27;13:15:00;1800e0;263197e0;18e0;686e0;48e-2;24e-2;52e-2;3551e-1;32e-2;3457e-1;18e-2
2016-01-27;13:45:00;1800e0;153928e0;18e0;300e0;35e-2;14e-2;27e-2;3473e-1;21e-2;3404e-1;12e-2
2016-01-27;14:15:00;1800e0;173647e0;43e0;449e0;42e-2;16e-2;34e-2;3504e-1;23e-2;3427e-1;13e-2
2016-01-27;14:45:00;1800e0;68770e0;0e0;228e0;14e-2;9e-2;7e-2;3512e-1;14e-2;3410e-1;8e-2
2016-01-28;08:45:00;1800e0;44756e0;0e0;255e0;8e-2;9e-2;3e-2;3593e-1;14e-2;3517e-1;8e-2
2016-01-28;09:15:00;1800e0;683131e0;100e0;2353e0;75e-2;60e-2;78e-2;3661e-1;60e-2;3625e-1;54e-2
2016-01-28;09:45:00;1800e0;863254e0;127e0;2923e0;86e-2;75e-2;91e-2;3698e-1;76e-2;3647e-1;66e-2
2016-01-28;10:15:00;1800e0;1956646e0;203e0;6767e0;163e-2;162e-2;166e-2;3804e-1;156e-2;3777e-1;148e-2
2016-01-28;10:45:00;1800e0;2884397e0;469e0;10085e0;233e-2;235e-2;237e-2;3815e-1;219e-2;3789e-1;224e-2
2016-01-28;11:15:00;1800e0;7802288e0;2482e0;26197e0;606e-2;622e-2;613e-2;3821e-1;569e-2;3803e-1;634e-2
2016-01-28;11:45:00;1800e0;7728211e0;2374e0;25761e0;596e-2;611e-2;602e-2;3806e-1;568e-2;3788e-1;626e-2
2016-01-28;12:15:00;1800e0;8157890e0;1925e0;27908e0;639e-2;655e-2;645e-2;3800e-1;600e-2;3790e-1;661e-2
2016-01-28;12:45:00;1800e0;8532085e0;2214e0;28943e0;670e-2;686e-2;677e-2;3785e-1;628e-2;3763e-1;698e-2
2016-01-28;13:15:00;1800e0;8301151e0;2063e0;28424e0;645e-2;661e-2;651e-2;3775e-1;611e-2;3752e-1;683e-2
2016-01-28;13:45:00;1800e0;7422317e0;1804e0;25571e0;580e-2;595e-2;585e-2;3803e-1;541e-2;3782e-1;609e-2
2016-01-28;14:15:00;1800e0;6732864e0;1812e0;23188e0;524e-2;539e-2;530e-2;3817e-1;486e-2;3795e-1;554e-2
2016-01-28;14:45:00;1800e0;5543920e0;1119e0;19442e0;433e-2;446e-2;437e-2;3836e-1;396e-2;3814e-1;458e-2
2016-01-28;15:15:00;1800e0;3698909e0;474e0;13165e0;292e-2;299e-2;295e-2;3832e-1;261e-2;3821e-1;308e-2
2016-01-28;15:45:00;1800e0;772990e0;129e0;2751e0;78e-2;67e-2;83e-2;3703e-1;62e-2;3679e-1;66e-2
2016-01-28;16:15:00;1800e0;174751e0;6e0;587e0;36e-2;19e-2;35e-2;3577e-1;23e-2;3524e-1;18e-2
2016-01-29;11:15:00;1800e0;56855e0;0e0;511e0;12e-2;9e-2;2e-2;3642e-1;14e-2;3550e-1;7e-2
2016-01-29;11:45:00;1800e0;52925e0;0e0;379e0;0e-2;8e-2;0e-2;3536e-1;11e-2;3458e-1;6e-2
2016-01-29;12:15:00;1800e0;76227e0;12e0;155e0;1e-2;9e-2;0e-2;3432e-1;12e-2;3350e-1;7e-2
2016-01-29;12:45:00;1800e0;83369e0;2e0;236e0;2e-2;9e-2;0e-2;3456e-1;13e-2;3362e-1;8e-2
2016-01-29;13:15:00;1800e0;83736e0;0e0;236e0;4e-2;10e-2;0e-2;3447e-1;13e-2;3353e-1;7e-2
2016-01-29;13:45:00;1800e0;130514e0;4e0;213e0;26e-2;13e-2;15e-2;3489e-1;18e-2;3435e-1;10e-2
2016-01-29;14:15:00;1800e0;101035e0;8e0;230e0;15e-2;10e-2;4e-2;3451e-1;15e-2;3380e-1;8e-2
2016-01-29;14:45:00;1800e0;86587e0;0e0;133e0;8e-2;10e-2;2e-2;3426e-1;13e-2;3385e-1;7e-2
2016-01-29;15:15:00;1800e0;38998e0;0e0;145e0;0e-2;8e-2;0e-2;3584e-1;10e-2;3458e-1;6e-2
2016-01-30;10:15:00;1800e0;95439e0;0e0;157e0;13e-2;10e-2;6e-2;3438e-1;15e-2;3374e-1;8e-2
2016-01-30;10:45:00;1800e0;159857e0;6e0;281e0;34e-2;16e-2;25e-2;3498e-1;23e-2;3417e-1;12e-2
2016-01-30;11:15:00;1800e0;231392e0;12e0;570e0;47e-2;23e-2;49e-2;3554e-1;31e-2;3469e-1;17e-2
2016-01-30;11:45:00;1800e0;278211e0;35e0;645e0;49e-2;27e-2;53e-2;3568e-1;35e-2;3494e-1;20e-2
2016-01-30;12:15:00;1800e0;256849e0;33e0;669e0;48e-2;25e-2;54e-2;3567e-1;32e-2;3474e-1;18e-2
2016-01-30;12:45:00;1800e0;337274e0;68e0;930e0;52e-2;33e-2;58e-2;3598e-1;40e-2;3511e-1;22e-2
2016-01-30;13:15:00;1800e0;624017e0;37e0;2183e0;68e-2;57e-2;73e-2;3686e-1;66e-2;3606e-1;40e-2
2016-01-30;13:45:00;1800e0;634132e0;50e0;2423e0;68e-2;57e-2;74e-2;3685e-1;66e-2;3609e-1;42e-2
2016-01-30;14:15:00;1800e0;638880e0;55e0;2570e0;68e-2;57e-2;75e-2;3682e-1;65e-2;3621e-1;44e-2
2016-01-30;14:45:00;1800e0;730874e0;82e0;2487e0;74e-2;62e-2;72e-2;3644e-1;68e-2;3607e-1;54e-2
2016-01-30;15:15:00;1800e0;685627e0;69e0;2463e0;103e-2;100e-2;104e-2;3642e-1;99e-2;3591e-1;93e-2
2016-01-31;08:45:00;1800e0;76761e0;2e0;647e0;13e-2;11e-2;11e-2;3572e-1;12e-2;3522e-1;11e-2
2016-01-31;09:15:00;1800e0;342816e0;55e0;1558e0;48e-2;37e-2;50e-2;3662e-1;41e-2;3575e-1;28e-2
2016-01-31;09:45:00;1800e0;2583937e0;332e0;9008e0;209e-2;214e-2;212e-2;3834e-1;200e-2;3828e-1;196e-2
2016-01-31;10:15:00;1800e0;729807e0;93e0;2713e0;74e-2;65e-2;78e-2;3739e-1;75e-2;3662e-1;47e-2
2016-01-31;10:45:00;1800e0;1195251e0;137e0;4293e0;107e-2;102e-2;110e-2;3771e-1;107e-2;3724e-1;84e-2
2016-01-31;11:15:00;1800e0;3511965e0;534e0;12357e0;281e-2;289e-2;284e-2;3845e-1;274e-2;3828e-1;264e-2
2016-01-31;11:45:00;1800e0;1636004e0;174e0;5624e0;138e-2;138e-2;141e-2;3798e-1;144e-2;3767e-1;113e-2
2016-01-31;12:15:00;1800e0;943773e0;67e0;3302e0;88e-2;82e-2;92e-2;3756e-1;91e-2;3686e-1;62e-2
2016-01-31;12:45:00;1800e0;721010e0;119e0;2665e0;74e-2;64e-2;78e-2;3729e-1;73e-2;3651e-1;47e-2
2016-01-31;13:15:00;1800e0;503548e0;80e0;1615e0;61e-2;47e-2;65e-2;3659e-1;52e-2;3587e-1;35e-2
2016-01-31;13:45:00;1800e0;494336e0;50e0;1600e0;61e-2;46e-2;66e-2;3667e-1;54e-2;3578e-1;31e-2
2016-01-31;14:15:00;1800e0;306347e0;30e0;837e0;51e-2;31e-2;57e-2;3614e-1;37e-2;3512e-1;20e-2
2016-01-31;14:45:00;1800e0;187986e0;25e0;486e0;45e-2;20e-2;39e-2;3559e-1;25e-2;3464e-1;14e-2
2016-01-31;15:15:00;1800e0;201190e0;25e0;395e0;37e-2;20e-2;33e-2;3567e-1;26e-2;3481e-1;15e-2
2016-01-31;15:45:00;1800e0;105221e0;0e0;255e0;28e-2;16e-2;26e-2;3608e-1;19e-2;3531e-1;13e-2
2016-02-01;08:15:00;1800e0;283638e0;24e0;1051e0;52e-2;34e-2;53e-2;3787e-1;31e-2;3780e-1;36e-2
2016-02-01;08:45:00;1800e0;1243125e0;143e0;4330e0;108e-2;106e-2;111e-2;3887e-1;91e-2;3860e-1;103e-2
2016-02-01;09:15:00;1800e0;1129497e0;146e0;3937e0;100e-2;96e-2;104e-2;3826e-1;92e-2;3808e-1;86e-2
2016-02-01;09:45:00;1800e0;439973e0;47e0;1194e0;56e-2;40e-2;62e-2;3712e-1;47e-2;3626e-1;30e-2
2016-02-01;10:15:00;1800e0;655225e0;110e0;2534e0;68e-2;57e-2;73e-2;3759e-1;66e-2;3705e-1;44e-2
2016-02-01;10:45:00;1800e0;314442e0;24e0;697e0;50e-2;28e-2;57e-2;3637e-1;36e-2;3556e-1;21e-2
2016-02-01;11:15:00;1800e0;210488e0;31e0;482e0;35e-2;19e-2;36e-2;3577e-1;26e-2;3506e-1;16e-2
2016-02-01;11:45:00;1800e0;673055e0;81e0;2350e0;69e-2;59e-2;75e-2;3752e-1;70e-2;3672e-1;42e-2
2016-02-01;12:15:00;1800e0;478337e0;62e0;1402e0;58e-2;43e-2;65e-2;3697e-1;52e-2;3609e-1;31e-2
2016-02-01;12:45:00;1800e0;328269e0;21e0;830e0;51e-2;28e-2;58e-2;3646e-1;38e-2;3547e-1;22e-2
2016-02-01;13:15:00;1800e0;327457e0;45e0;738e0;51e-2;29e-2;58e-2;3639e-1;38e-2;3547e-1;22e-2
2016-02-01;13:45:00;1800e0;139270e0;0e0;315e0;19e-2;12e-2;16e-2;3525e-1;19e-2;3438e-1;11e-2
2016-02-01;14:15:00;1800e0;114640e0;0e0;164e0;23e-2;9e-2;9e-2;3495e-1;16e-2;3454e-1;9e-2
2016-02-01;14:45:00;1800e0;55977e0;0e0;187e0;1e-2;6e-2;0e-2;3512e-1;11e-2;3424e-1;6e-2
2016-02-02;08:45:00;1800e0;146916e0;0e0;365e0;30e-2;13e-2;24e-2;3480e-1;18e-2;3445e-1;13e-2
2016-02-02;09:15:00;1800e0;100693e0;0e0;301e0;13e-2;10e-2;7e-2;3437e-1;14e-2;3353e-1;9e-2
2016-02-02;09:45:00;1800e0;82014e0;0e0;210e0;5e-2;9e-2;0e-2;3423e-1;12e-2;3334e-1;8e-2
2016-02-02;10:15:00;1800e0;89361e0;0e0;216e0;5e-2;10e-2;0e-2;3442e-1;13e-2;3335e-1;8e-2
2016-02-02;10:45:00;1800e0;104275e0;0e0;262e0;15e-2;10e-2;5e-2;3439e-1;15e-2;3384e-1;9e-2
2016-02-02;11:15:00;1800e0;155831e0;18e0;357e0;40e-2;14e-2;27e-2;3490e-1;21e-2;3419e-1;12e-2
2016-02-02;11:45:00;1800e0;215640e0;0e0;651e0;46e-2;20e-2;47e-2;3535e-1;27e-2;3459e-1;16e-2
2016-02-02;12:15:00;1800e0;258366e0;12e0;869e0;47e-2;24e-2;50e-2;3552e-1;30e-2;3455e-1;18e-2
2016-02-02;12:45:00;1800e0;251128e0;30e0;506e0;47e-2;23e-2;48e-2;3552e-1;30e-2;3468e-1;18e-2
2016-02-02;13:15:00;1800e0;205292e0;27e0;469e0;42e-2;19e-2;38e-2;3526e-1;26e-2;3450e-1;15e-2
2016-02-02;13:45:00;1799e0;127722e0;0e0;226e0;27e-2;12e-2;16e-2;3460e-1;17e-2;3391e-1;11e-2
2016-02-02;14:15:00;1800e0;79026e0;0e0;287e0;20e-2;12e-2;14e-2;3604e-1;17e-2;3494e-1;10e-2
2016-02-02;14:45:00;1800e0;150487e0;6e0;299e0;33e-2;14e-2;24e-2;3503e-1;21e-2;3386e-1;11e-2
2016-02-02;15:15:00;1800e0;208483e0;12e0;467e0;42e-2;20e-2;39e-2;3543e-1;27e-2;3430e-1;14e-2
2016-02-02;15:45:00;1800e0;126680e0;12e0;317e0;28e-2;11e-2;16e-2;3475e-1;18e-2;3386e-1;10e-2
2016-02-03;08:45:00;1800e0;153657e0;12e0;326e0;28e-2;14e-2;19e-2;3495e-1;17e-2;3450e-1;13e-2
2016-02-03;09:15:00;1800e0;487287e0;44e0;1835e0;60e-2;43e-2;66e-2;3638e-1;47e-2;3600e-1;36e-2
2016-02-03;09:45:00;1800e0;910875e0;144e0;3440e0;86e-2;78e-2;91e-2;3741e-1;82e-2;3698e-1;64e-2
2016-02-03;10:15:00;1800e0;623900e0;123e0;2216e0;67e-2;55e-2;73e-2;3701e-1;62e-2;3637e-1;42e-2
2016-02-03;10:45:00;1800e0;5132243e0;1189e0;17540e0;402e-2;411e-2;406e-2;3840e-1;389e-2;3824e-1;395e-2
2016-02-03;11:15:00;1800e0;4838130e0;889e0;16833e0;378e-2;388e-2;382e-2;3825e-1;372e-2;3819e-1;370e-2
2016-02-03;11:45:00;1800e0;3385151e0;694e0;11770e0;266e-2;273e-2;270e-2;3844e-1;264e-2;3825e-1;254e-2
2016-02-03;12:15:00;1800e0;3387873e0;624e0;11673e0;265e-2;273e-2;268e-2;3828e-1;275e-2;3823e-1;245e-2
2016-02-03;12:45:00;1800e0;4816853e0;1186e0;16521e0;375e-2;385e-2;379e-2;3808e-1;377e-2;3804e-1;366e-2
2016-02-03;13:15:00;1800e0;2225486e0;399e0;7582e0;180e-2;183e-2;183e-2;3797e-1;179e-2;3772e-1;166e-2
2016-02-03;13:45:00;1800e0;3504674e0;490e0;12280e0;275e-2;282e-2;278e-2;3822e-1;275e-2;3821e-1;263e-2
2016-02-03;14:15:00;1800e0;4182439e0;806e0;14554e0;328e-2;335e-2;332e-2;3816e-1;315e-2;3795e-1;328e-2
2016-02-03;14:45:00;1800e0;4193411e0;1017e0;14285e0;329e-2;338e-2;333e-2;3806e-1;312e-2;3795e-1;334e-2
2016-02-03;15:15:00;1800e0;1695302e0;246e0;6363e0;143e-2;141e-2;146e-2;3755e-1;137e-2;3736e-1;129e-2
2016-02-03;15:45:00;1800e0;2009103e0;361e0;6772e0;167e-2;167e-2;170e-2;3790e-1;147e-2;3783e-1;164e-2
2016-02-03;16:15:00;1800e0;201688e0;18e0;421e0;38e-2;17e-2;33e-2;3524e-1;20e-2;3496e-1;18e-2
2016-02-04;09:15:00;1800e0;190056e0;12e0;501e0;45e-2;17e-2;39e-2;3568e-1;24e-2;3492e-1;15e-2
2016-02-04;09:45:00;1800e0;419012e0;37e0;1365e0;56e-2;39e-2;63e-2;3671e-1;44e-2;3600e-1;29e-2
2016-02-04;10:15:00;1800e0;1847911e0;425e0;6230e0;157e-2;156e-2;160e-2;3804e-1;151e-2;3776e-1;135e-2
2016-02-04;10:45:00;1800e0;2865345e0;865e0;9609e0;234e-2;236e-2;238e-2;3803e-1;225e-2;3775e-1;216e-2
2016-02-04;11:15:00;1800e0;3696482e0;420e0;13014e0;294e-2;302e-2;297e-2;3855e-1;287e-2;3843e-1;278e-2
2016-02-04;11:45:00;1800e0;2972259e0;561e0;10382e0;239e-2;245e-2;242e-2;3832e-1;240e-2;3818e-1;217e-2
2016-02-04;12:15:00;1800e0;2742419e0;594e0;9393e0;220e-2;224e-2;223e-2;3835e-1;224e-2;3811e-1;198e-2
2016-02-04;12:45:00;1800e0;2809333e0;498e0;9590e0;226e-2;231e-2;229e-2;3849e-1;222e-2;3830e-1;210e-2
2016-02-04;13:15:00;1800e0;4541906e0;1200e0;15430e0;362e-2;368e-2;367e-2;3801e-1;346e-2;3786e-1;354e-2
2016-02-04;13:45:00;1800e0;6741220e0;1634e0;23376e0;529e-2;539e-2;534e-2;3757e-1;521e-2;3744e-1;533e-2
2016-02-04;14:15:00;1800e0;4415466e0;916e0;15347e0;351e-2;357e-2;355e-2;3821e-1;329e-2;3804e-1;346e-2
2016-02-04;14:45:00;1800e0;7034314e0;2081e0;24164e0;551e-2;565e-2;556e-2;3828e-1;511e-2;3805e-1;572e-2
2016-02-04;15:15:00;1800e0;5670859e0;1273e0;19729e0;446e-2;458e-2;450e-2;3860e-1;402e-2;3847e-1;464e-2
2016-02-04;15:45:00;1800e0;2851156e0;477e0;9931e0;232e-2;235e-2;236e-2;3826e-1;200e-2;3816e-1;237e-2
2016-02-04;16:15:00;1800e0;1120760e0;99e0;3999e0;101e-2;95e-2;105e-2;3827e-1;80e-2;3628e-1;99e-2
2016-02-05;08:15:00;1800e0;296149e0;54e0;1002e0;54e-2;38e-2;58e-2;3766e-1;30e-2;3793e-1;39e-2
2016-02-05;08:45:00;1800e0;482712e0;60e0;1424e0;58e-2;45e-2;63e-2;3736e-1;40e-2;3714e-1;41e-2
2016-02-05;09:15:00;1800e0;384614e0;18e0;1077e0;53e-2;35e-2;59e-2;3711e-1;37e-2;3657e-1;29e-2
2016-02-05;09:45:00;1800e0;426730e0;68e0;1219e0;55e-2;39e-2;61e-2;3740e-1;44e-2;3636e-1;29e-2
2016-02-05;10:15:00;1800e0;663419e0;77e0;2417e0;69e-2;59e-2;73e-2;3801e-1;67e-2;3709e-1;42e-2
2016-02-05;10:45:00;1800e0;1062454e0;138e0;3692e0;95e-2;91e-2;98e-2;3824e-1;101e-2;3776e-1;67e-2
2016-02-05;11:15:00;1800e0;1304336e0;99e0;4700e0;111e-2;110e-2;114e-2;3843e-1;120e-2;3796e-1;84e-2
2016-02-05;11:45:00;1800e0;4154044e0;555e0;14514e0;328e-2;338e-2;331e-2;3865e-1;326e-2;3872e-1;306e-2
2016-02-05;12:15:00;1800e0;1537620e0;244e0;5316e0;130e-2;129e-2;133e-2;3804e-1;139e-2;3762e-1;101e-2
2016-02-05;12:45:00;1800e0;725438e0;97e0;2544e0;72e-2;64e-2;77e-2;3754e-1;75e-2;3656e-1;45e-2
2016-02-05;13:15:00;1800e0;408671e0;62e0;1188e0;54e-2;36e-2;61e-2;3649e-1;45e-2;3571e-1;26e-2
2016-02-05;13:45:00;1800e0;633817e0;111e0;2261e0;66e-2;55e-2;72e-2;3731e-1;66e-2;3652e-1;39e-2
2016-02-05;14:15:00;1800e0;525585e0;60e0;1697e0;60e-2;46e-2;66e-2;3709e-1;56e-2;3613e-1;33e-2
2016-02-05;14:45:00;1800e0;427375e0;41e0;1251e0;55e-2;38e-2;62e-2;3673e-1;47e-2;3572e-1;27e-2
2016-02-05;15:15:00;1800e0;163592e0;6e0;277e0;41e-2;13e-2;27e-2;3547e-1;22e-2;3445e-1;12e-2
2016-02-05;15:45:00;1800e0;89801e0;6e0;137e0;8e-2;8e-2;0e-2;3485e-1;14e-2;3410e-1;7e-2
2016-02-06;08:45:00;1800e0;39809e0;0e0;774e0;1e-2;5e-2;0e-2;3594e-1;12e-2;3474e-1;5e-2
2016-02-06;09:15:00;1800e0;105528e0;2e0;199e0;20e-2;7e-2;4e-2;3472e-1;17e-2;3374e-1;8e-2
2016-02-06;09:45:00;1800e0;156912e0;6e0;402e0;35e-2;12e-2;26e-2;3509e-1;23e-2;3398e-1;11e-2
2016-02-06;10:15:00;1800e0;138560e0;0e0;172e0;36e-2;10e-2;16e-2;3487e-1;21e-2;3383e-1;10e-2
2016-02-06;10:45:00;1800e0;147858e0;6e0;303e0;37e-2;12e-2;21e-2;3494e-1;21e-2;3383e-1;10e-2
2016-02-06;11:15:00;1800e0;159332e0;0e0;383e0;33e-2;14e-2;24e-2;3502e-1;22e-2;3399e-1;11e-2
2016-02-06;11:45:00;1800e0;47010e0;0e0;742e0;9e-2;7e-2;1e-2;3628e-1;15e-2;3512e-1;7e-2
2016-02-06;12:15:00;1800e0;111620e0;6e0;195e0;23e-2;9e-2;13e-2;3458e-1;17e-2;3357e-1;9e-2
2016-02-06;12:45:00;1800e0;353193e0;49e0;996e0;53e-2;32e-2;60e-2;3600e-1;42e-2;3493e-1;24e-2
2016-02-06;13:15:00;1800e0;351827e0;45e0;1093e0;52e-2;31e-2;61e-2;3588e-1;41e-2;3498e-1;23e-2
2016-02-06;13:45:00;1800e0;680928e0;87e0;2682e0;70e-2;59e-2;76e-2;3694e-1;72e-2;3610e-1;45e-2
2016-02-06;14:15:00;1800e0;601610e0;72e0;2280e0;66e-2;51e-2;73e-2;3638e-1;63e-2;3575e-1;41e-2
2016-02-06;14:45:00;1800e0;394231e0;62e0;1384e0;56e-2;34e-2;60e-2;3595e-1;46e-2;3514e-1;27e-2
2016-02-06;15:15:00;1800e0;213565e0;22e0;685e0;42e-2;17e-2;40e-2;3524e-1;28e-2;3428e-1;16e-2
2016-02-06;15:45:00;1800e0;88161e0;0e0;130e0;12e-2;6e-2;1e-2;3447e-1;15e-2;3368e-1;8e-2
2016-02-07;08:30:00;1800e0;1620361e0;219e0;5556e0;137e-2;135e-2;141e-2;3798e-1;248e-2;1537e-1;0e-2
2016-02-07;09:00:00;1800e0;3605970e0;341e0;13049e0;285e-2;295e-2;287e-2;3860e-1;546e-2;1517e-1;0e-2
2016-02-07;09:30:00;1800e0;5008412e0;830e0;16924e0;396e-2;408e-2;399e-2;3812e-1;766e-2;1514e-1;0e-2
2016-02-07;10:00:00;1800e0;4630375e0;729e0;16275e0;366e-2;379e-2;369e-2;3794e-1;712e-2;1509e-1;0e-2
2016-02-07;10:30:00;1800e0;2953923e0;377e0;10212e0;235e-2;243e-2;237e-2;3794e-1;456e-2;1505e-1;0e-2
2016-02-07;11:00:00;1800e0;4266423e0;721e0;15083e0;336e-2;347e-2;339e-2;3804e-1;655e-2;1503e-1;0e-2
2016-02-07;11:30:00;1800e0;4898590e0;679e0;17092e0;384e-2;396e-2;387e-2;3771e-1;756e-2;1505e-1;0e-2
2016-02-07;12:00:00;1800e0;5145347e0;1071e0;17395e0;403e-2;416e-2;407e-2;3767e-1;795e-2;1501e-1;0e-2
2016-02-07;12:30:00;1800e0;2771921e0;310e0;9784e0;219e-2;227e-2;222e-2;3771e-1;431e-2;1508e-1;0e-2
2016-02-07;13:00:00;1800e0;2617094e0;430e0;8952e0;208e-2;215e-2;210e-2;3793e-1;405e-2;1499e-1;0e-2
2016-02-07;13:30:00;1800e0;4416987e0;624e0;15502e0;345e-2;357e-2;348e-2;3778e-1;681e-2;1499e-1;0e-2
2016-02-07;14:00:00;1800e0;1725104e0;239e0;6163e0;142e-2;144e-2;145e-2;3748e-1;270e-2;1510e-1;0e-2
2016-02-07;14:30:00;1800e0;967100e0;135e0;3264e0;89e-2;84e-2;93e-2;3699e-1;157e-2;1500e-1;0e-2
2016-02-07;15:10:00;1955e0;357915e0;55e0;1114e0;50e-2;30e-2;56e-2;3541e-1;60e-2;2114e-1;0e-2
2016-02-07;15:45:00;1966e0;152962e0;6e0;223e0;39e-2;12e-2;24e-2;3441e-1;30e-2;1501e-1;0e-2
2016-02-07;16:15:00;1800e0;50227e0;0e0;143e0;0e-2;8e-2;0e-2;3383e-1;18e-2;1485e-1;0e-2
2016-02-08;09:45:00;1800e0;110667e0;0e0;297e0;24e-2;8e-2;7e-2;3446e-1;24e-2;2405e-1;1e-2
2016-02-08;10:15:00;1800e0;270064e0;31e0;832e0;47e-2;24e-2;47e-2;3534e-1;48e-2;2139e-1;1e-2
2016-02-08;10:45:00;1800e0;254337e0;31e0;715e0;48e-2;23e-2;54e-2;3523e-1;46e-2;2106e-1;0e-2
2016-02-08;11:15:00;1800e0;275864e0;43e0;804e0;49e-2;25e-2;55e-2;3543e-1;49e-2;2242e-1;0e-2
2016-02-08;11:45:00;1800e0;178761e0;12e0;407e0;38e-2;15e-2;32e-2;3475e-1;34e-2;2316e-1;1e-2
2016-02-08;12:15:00;1800e0;160621e0;12e0;470e0;31e-2;14e-2;23e-2;3445e-1;31e-2;2446e-1;1e-2
2016-02-08;12:45:00;1800e0;118295e0;6e0;170e0;28e-2;10e-2;10e-2;3414e-1;24e-2;2412e-1;1e-2
2016-02-08;13:15:00;1800e0;181353e0;10e0;603e0;40e-2;14e-2;38e-2;3489e-1;35e-2;2456e-1;1e-2
2016-02-08;13:45:00;1800e0;199336e0;24e0;700e0;39e-2;16e-2;39e-2;3487e-1;38e-2;2522e-1;1e-2
2016-02-08;14:15:00;1800e0;256817e0;28e0;1043e0;47e-2;23e-2;51e-2;3508e-1;46e-2;2346e-1;1e-2
2016-02-08;14:45:00;1800e0;301789e0;46e0;951e0;47e-2;26e-2;53e-2;3537e-1;54e-2;2458e-1;1e-2
2016-02-08;15:15:00;1800e0;279057e0;31e0;1014e0;48e-2;23e-2;56e-2;3504e-1;50e-2;2335e-1;1e-2
2016-02-08;15:45:00;1800e0;122092e0;12e0;381e0;33e-2;12e-2;29e-2;3488e-1;31e-2;2243e-1;1e-2
2016-02-08;16:15:00;1800e0;287883e0;30e0;1429e0;52e-2;30e-2;57e-2;3576e-1;61e-2;1490e-1;0e-2
2016-02-09;08:45:00;1800e0;141960e0;12e0;362e0;23e-2;13e-2;21e-2;3428e-1;28e-2;1532e-1;0e-2
2016-02-09;09:15:00;1800e0;133693e0;6e0;191e0;29e-2;12e-2;18e-2;3431e-1;27e-2;1526e-1;0e-2
2016-02-09;09:45:00;1800e0;471011e0;62e0;1642e0;59e-2;42e-2;65e-2;3612e-1;78e-2;1523e-1;0e-2
2016-02-09;10:15:00;1800e0;639012e0;80e0;2127e0;69e-2;57e-2;74e-2;3665e-1;105e-2;1526e-1;0e-2
2016-02-09;10:45:00;1800e0;300419e0;55e0;792e0;46e-2;27e-2;47e-2;3547e-1;53e-2;1522e-1;0e-2
2016-02-09;11:15:00;1800e0;413418e0;49e0;1131e0;56e-2;37e-2;62e-2;3593e-1;70e-2;1525e-1;0e-2
2016-02-09;11:45:00;1800e0;379409e0;43e0;1158e0;54e-2;35e-2;60e-2;3589e-1;65e-2;1525e-1;0e-2
2016-02-09;12:15:00;1800e0;1258708e0;203e0;4403e0;112e-2;106e-2;117e-2;3738e-1;195e-2;1527e-1;0e-2
2016-02-09;12:45:00;1800e0;3017910e0;626e0;10576e0;244e-2;248e-2;247e-2;3822e-1;458e-2;1537e-1;0e-2
2016-02-09;13:15:00;1800e0;8343861e0;1756e0;29075e0;652e-2;667e-2;658e-2;3780e-1;1281e-2;1543e-1;0e-2
2016-02-09;13:45:00;1800e0;2457581e0;489e0;8633e0;202e-2;201e-2;206e-2;3712e-1;382e-2;1530e-1;0e-2
2016-02-09;14:15:00;1800e0;461516e0;93e0;1480e0;58e-2;42e-2;64e-2;3600e-1;79e-2;1523e-1;0e-2
2016-02-09;14:45:00;1800e0;541176e0;6e0;1872e0;62e-2;48e-2;68e-2;3628e-1;90e-2;1524e-1;0e-2
2016-02-09;15:15:00;1800e0;448212e0;31e0;1475e0;57e-2;39e-2;64e-2;3600e-1;76e-2;1526e-1;0e-2
2016-02-09;15:45:00;1800e0;184765e0;6e0;491e0;42e-2;15e-2;38e-2;3471e-1;35e-2;1524e-1;0e-2
2016-02-09;16:15:00;1800e0;177000e0;24e0;383e0;40e-2;15e-2;39e-2;3464e-1;35e-2;1526e-1;0e-2
2016-02-10;08:45:00;1800e0;73355e0;0e0;377e0;9e-2;8e-2;3e-2;3503e-1;20e-2;1888e-1;0e-2
2016-02-10;09:15:00;1800e0;205735e0;20e0;533e0;41e-2;18e-2;36e-2;3527e-1;38e-2;1556e-1;0e-2
2016-02-10;09:45:00;1800e0;366474e0;31e0;869e0;53e-2;34e-2;59e-2;3613e-1;64e-2;1539e-1;0e-2
2016-02-10;10:15:00;1800e0;763712e0;93e0;2903e0;76e-2;68e-2;79e-2;3742e-1;122e-2;1787e-1;0e-2
2016-02-10;10:45:00;1800e0;861989e0;138e0;3257e0;82e-2;75e-2;85e-2;3763e-1;137e-2;1603e-1;0e-2
2016-02-10;11:15:00;1800e0;820723e0;87e0;2960e0;80e-2;72e-2;83e-2;3736e-1;131e-2;1539e-1;0e-2
2016-02-10;11:45:00;1800e0;992827e0;137e0;3497e0;92e-2;85e-2;95e-2;3747e-1;156e-2;1534e-1;0e-2
2016-02-10;12:15:00;1800e0;1317737e0;150e0;4687e0;112e-2;110e-2;115e-2;3795e-1;204e-2;1541e-1;0e-2
2016-02-10;12:45:00;1800e0;1474054e0;189e0;5255e0;124e-2;123e-2;126e-2;3794e-1;228e-2;1539e-1;0e-2
2016-02-10;13:15:00;1800e0;1388606e0;168e0;5092e0;119e-2;116e-2;122e-2;3780e-1;215e-2;1536e-1;0e-2
2016-02-10;13:45:00;1800e0;1231293e0;111e0;4400e0;107e-2;103e-2;111e-2;3755e-1;193e-2;1527e-1;0e-2
2016-02-10;14:15:00;1800e0;418924e0;30e0;849e0;55e-2;37e-2;61e-2;3618e-1;72e-2;1525e-1;0e-2
2016-02-10;14:45:00;1800e0;273935e0;31e0;803e0;49e-2;22e-2;56e-2;3536e-1;49e-2;1523e-1;0e-2
2016-02-10;15:15:00;1800e0;184263e0;35e0;575e0;34e-2;15e-2;34e-2;3496e-1;36e-2;1521e-1;0e-2
2016-02-10;15:45:00;1800e0;40832e0;0e0;709e0;10e-2;7e-2;1e-2;3592e-1;19e-2;1558e-1;0e-2
2016-02-11;08:45:00;1800e0;122260e0;6e0;206e0;24e-2;11e-2;15e-2;3459e-1;26e-2;1541e-1;0e-2
2016-02-11;09:15:00;1800e0;225522e0;6e0;418e0;44e-2;19e-2;45e-2;3519e-1;42e-2;1536e-1;0e-2
2016-02-11;09:45:00;1800e0;346024e0;43e0;876e0;48e-2;30e-2;50e-2;3576e-1;61e-2;1524e-1;0e-2
2016-02-11;10:15:00;1800e0;990670e0;49e0;3126e0;90e-2;85e-2;93e-2;3747e-1;157e-2;1529e-1;0e-2
2016-02-11;10:45:00;1800e0;1272446e0;152e0;4242e0;110e-2;109e-2;112e-2;3770e-1;200e-2;1527e-1;0e-2
2016-02-11;11:15:00;1800e0;940214e0;104e0;2912e0;86e-2;81e-2;89e-2;3738e-1;151e-2;1517e-1;0e-2
2016-02-11;11:45:00;1800e0;682565e0;128e0;2478e0;69e-2;59e-2;73e-2;3674e-1;112e-2;1522e-1;0e-2
2016-02-11;12:15:00;1800e0;433721e0;31e0;1456e0;55e-2;37e-2;56e-2;3578e-1;74e-2;1508e-1;0e-2
2016-02-11;12:45:00;1800e0;953966e0;150e0;3252e0;87e-2;82e-2;90e-2;3749e-1;152e-2;1521e-1;0e-2
2016-02-11;13:15:00;1800e0;667556e0;106e0;2311e0;69e-2;57e-2;74e-2;3685e-1;109e-2;1517e-1;0e-2
2016-02-11;13:45:00;1800e0;899770e0;102e0;3047e0;84e-2;76e-2;88e-2;3727e-1;143e-2;1512e-1;0e-2
2016-02-11;14:15:00;1800e0;1416664e0;174e0;4850e0;119e-2;120e-2;122e-2;3793e-1;221e-2;1515e-1;0e-2
2016-02-11;14:45:00;1800e0;1573434e0;123e0;5326e0;130e-2;132e-2;133e-2;3804e-1;244e-2;1512e-1;0e-2
2016-02-11;15:15:00;1800e0;1636403e0;193e0;5491e0;136e-2;137e-2;138e-2;3811e-1;253e-2;1521e-1;0e-2
2016-02-11;15:45:00;1799e0;1379299e0;150e0;4639e0;119e-2;116e-2;123e-2;3782e-1;214e-2;1524e-1;0e-2
2016-02-11;16:15:00;1800e0;232458e0;31e0;603e0;43e-2;19e-2;32e-2;3506e-1;43e-2;1527e-1;0e-2
2016-02-12;08:45:00;1800e0;212722e0;24e0;472e0;35e-2;19e-2;32e-2;3558e-1;40e-2;1827e-1;0e-2
2016-02-12;09:15:00;1800e0;3612548e0;1046e0;12171e0;293e-2;295e-2;299e-2;3843e-1;542e-2;2530e-1;0e-2
2016-02-12;09:45:00;1800e0;6409496e0;1390e0;22185e0;508e-2;522e-2;513e-2;3855e-1;970e-2;1997e-1;0e-2
2016-02-12;10:15:00;1800e0;7483602e0;2169e0;25143e0;588e-2;603e-2;594e-2;3835e-1;1135e-2;1542e-1;0e-2
2016-02-12;10:45:00;1800e0;8012322e0;2143e0;27097e0;631e-2;646e-2;637e-2;3799e-1;1227e-2;1526e-1;0e-2
2016-02-12;11:15:00;1800e0;2818674e0;597e0;9351e0;228e-2;233e-2;230e-2;3845e-1;428e-2;1531e-1;0e-2
2016-02-12;11:45:00;1800e0;2173782e0;353e0;7170e0;177e-2;180e-2;179e-2;3852e-1;329e-2;1536e-1;0e-2
2016-02-12;12:15:00;1800e0;1189888e0;95e0;3923e0;104e-2;102e-2;107e-2;3805e-1;185e-2;1534e-1;0e-2
2016-02-12;12:45:00;1800e0;490338e0;33e0;1468e0;59e-2;44e-2;63e-2;3682e-1;82e-2;1517e-1;0e-2
2016-02-12;13:15:00;1800e0;520296e0;61e0;1425e0;60e-2;46e-2;64e-2;3696e-1;87e-2;1525e-1;0e-2
2016-02-12;13:45:00;1800e0;525111e0;70e0;1822e0;61e-2;47e-2;65e-2;3705e-1;87e-2;1527e-1;0e-2
2016-02-12;14:15:00;1800e0;1171446e0;192e0;3983e0;104e-2;100e-2;106e-2;3818e-1;181e-2;1532e-1;0e-2
2016-02-12;14:45:00;1800e0;3196310e0;343e0;10954e0;258e-2;262e-2;261e-2;3837e-1;483e-2;1543e-1;0e-2
2016-02-12;15:15:00;1800e0;5184173e0;1188e0;17994e0;408e-2;419e-2;412e-2;3883e-1;776e-2;1545e-1;0e-2
2016-02-12;15:45:00;1800e0;5044957e0;734e0;17655e0;396e-2;408e-2;399e-2;3876e-1;758e-2;1525e-1;0e-2
2016-02-12;16:15:00;1800e0;1796315e0;284e0;6169e0;150e-2;149e-2;152e-2;3840e-1;272e-2;1524e-1;0e-2
2016-02-12;16:45:00;1800e0;274242e0;43e0;652e0;39e-2;25e-2;34e-2;3426e-1;59e-2;1517e-1;0e-2
2016-02-13;08:45:00;1800e0;146301e0;18e0;510e0;30e-2;12e-2;27e-2;3658e-1;31e-2;2095e-1;0e-2
2016-02-13;09:15:00;1800e0;222428e0;12e0;536e0;46e-2;17e-2;51e-2;3682e-1;40e-2;1780e-1;0e-2
2016-02-13;09:45:00;1800e0;807779e0;115e0;2523e0;79e-2;69e-2;83e-2;3875e-1;124e-2;1736e-1;0e-2
2016-02-13;10:15:00;1800e0;587411e0;39e0;1912e0;65e-2;51e-2;70e-2;3829e-1;93e-2;1589e-1;0e-2
2016-02-13;10:45:00;1800e0;471129e0;56e0;1378e0;58e-2;41e-2;64e-2;3640e-1;80e-2;1538e-1;0e-2
2016-02-13;11:15:00;1800e0;489695e0;106e0;1539e0;59e-2;42e-2;65e-2;3508e-1;86e-2;1524e-1;0e-2
2016-02-13;11:45:00;1800e0;600175e0;87e0;2288e0;65e-2;51e-2;71e-2;3716e-1;98e-2;1526e-1;0e-2
2016-02-13;12:15:00;1800e0;489526e0;100e0;1458e0;58e-2;41e-2;65e-2;3522e-1;86e-2;1531e-1;0e-2
2016-02-13;12:45:00;1800e0;1257612e0;107e0;4215e0;109e-2;106e-2;112e-2;3862e-1;192e-2;1536e-1;0e-2
2016-02-13;13:15:00;1800e0;1541790e0;204e0;4927e0;129e-2;129e-2;132e-2;3922e-1;231e-2;1530e-1;0e-2
2016-02-13;13:45:00;1800e0;1808621e0;216e0;6223e0;150e-2;151e-2;152e-2;3840e-1;277e-2;1525e-1;0e-2
2016-02-13;14:15:00;1800e0;1170972e0;107e0;3955e0;103e-2;98e-2;107e-2;3775e-1;184e-2;1521e-1;0e-2
2016-02-13;14:45:00;1800e0;885562e0;162e0;3140e0;83e-2;74e-2;87e-2;3770e-1;141e-2;1517e-1;0e-2
2016-02-13;15:15:00;1800e0;3412042e0;368e0;11778e0;272e-2;278e-2;275e-2;3830e-1;519e-2;1515e-1;0e-2
2016-02-13;15:45:00;1800e0;1637616e0;234e0;5873e0;137e-2;135e-2;140e-2;3821e-1;251e-2;1522e-1;0e-2
2016-02-13;16:15:00;1800e0;1692822e0;244e0;5816e0;141e-2;140e-2;143e-2;3839e-1;260e-2;1529e-1;0e-2
2016-02-13;16:45:00;1799e0;197293e0;0e0;458e0;35e-2;18e-2;34e-2;3645e-1;41e-2;1505e-1;0e-2
2016-02-14;08:15:00;1800e0;72156e0;0e0;399e0;11e-2;9e-2;3e-2;3582e-1;21e-2;1765e-1;0e-2
2016-02-14;08:45:00;1800e0;242131e0;18e0;442e0;45e-2;22e-2;44e-2;3616e-1;44e-2;1983e-1;0e-2
2016-02-14;09:15:00;1800e0;607554e0;57e0;1962e0;66e-2;56e-2;69e-2;3772e-1;97e-2;1713e-1;0e-2
2016-02-14;09:45:00;1800e0;673417e0;48e0;2364e0;70e-2;61e-2;73e-2;3779e-1;108e-2;1582e-1;0e-2
2016-02-14;10:15:00;1800e0;1092915e0;105e0;3576e0;97e-2;95e-2;99e-2;3848e-1;169e-2;1550e-1;0e-2
2016-02-14;10:45:00;1800e0;1100852e0;192e0;4050e0;97e-2;94e-2;99e-2;3836e-1;170e-2;1549e-1;0e-2
2016-02-14;11:15:00;1800e0;1445829e0;143e0;4999e0;122e-2;123e-2;124e-2;3856e-1;221e-2;1536e-1;0e-2
2016-02-14;11:45:00;1800e0;3413345e0;701e0;11696e0;270e-2;278e-2;272e-2;3896e-1;511e-2;2252e-1;0e-2
2016-02-14;12:15:00;1800e0;2124866e0;226e0;7399e0;173e-2;178e-2;176e-2;3855e-1;323e-2;1533e-1;0e-2
2016-02-14;12:45:00;1800e0;1199149e0;80e0;4087e0;105e-2;103e-2;107e-2;3822e-1;187e-2;1531e-1;0e-2
2016-02-14;13:15:00;1800e0;1236300e0;136e0;4154e0;107e-2;106e-2;110e-2;3826e-1;192e-2;1528e-1;0e-2
2016-02-14;13:45:00;1800e0;1120932e0;168e0;3679e0;99e-2;96e-2;101e-2;3816e-1;174e-2;1525e-1;0e-2
2016-02-14;14:15:00;1800e0;968670e0;93e0;3373e0;89e-2;84e-2;92e-2;3803e-1;152e-2;1531e-1;0e-2
2016-02-14;14:45:00;1800e0;1275650e0;149e0;4405e0;110e-2;109e-2;112e-2;3823e-1;197e-2;1529e-1;0e-2
2016-02-14;15:15:00;1800e0;1327558e0;143e0;4353e0;114e-2;115e-2;117e-2;3823e-1;206e-2;1529e-1;0e-2
2016-02-14;15:45:00;1800e0;1297420e0;148e0;4394e0;113e-2;111e-2;115e-2;3824e-1;200e-2;1526e-1;0e-2
2016-02-14;16:15:00;1800e0;312961e0;43e0;947e0;50e-2;28e-2;50e-2;3609e-1;54e-2;1529e-1;0e-2
2016-02-14;16:45:00;1800e0;47257e0;0e0;81e0;10e-2;9e-2;3e-2;3614e-1;19e-2;1447e-1;0e-2
2016-02-15;08:15:00;1800e0;72527e0;0e0;138e0;6e-2;5e-2;0e-2;3499e-1;20e-2;2713e-1;0e-2
2016-02-15;08:45:00;1800e0;223661e0;25e0;490e0;39e-2;17e-2;43e-2;3609e-1;42e-2;2311e-1;0e-2
2016-02-15;09:15:00;1800e0;570180e0;81e0;1974e0;64e-2;50e-2;70e-2;3752e-1;92e-2;1553e-1;0e-2
2016-02-15;09:45:00;1800e0;1563605e0;221e0;5541e0;131e-2;130e-2;135e-2;3882e-1;236e-2;2088e-1;0e-2
2016-02-15;10:15:00;1800e0;4385371e0;1134e0;14910e0;346e-2;356e-2;349e-2;3895e-1;657e-2;2039e-1;0e-2
2016-02-15;10:45:00;1800e0;5935481e0;1369e0;20325e0;470e-2;482e-2;473e-2;3790e-1;913e-2;1540e-1;0e-2
2016-02-15;11:15:00;1800e0;3161553e0;404e0;10843e0;254e-2;262e-2;256e-2;3858e-1;480e-2;1524e-1;0e-2
2016-02-15;11:45:00;1800e0;3909936e0;612e0;13805e0;313e-2;323e-2;315e-2;3850e-1;594e-2;1527e-1;0e-2
2016-02-15;12:15:00;1800e0;4500205e0;869e0;15649e0;358e-2;369e-2;361e-2;3840e-1;684e-2;1523e-1;0e-2
2016-02-15;12:45:00;1800e0;9329450e0;2696e0;31596e0;734e-2;751e-2;741e-2;3611e-1;1501e-2;1516e-1;0e-2
2016-02-15;13:15:00;1800e0;7418185e0;1406e0;25820e0;585e-2;599e-2;590e-2;3645e-1;1192e-2;1506e-1;0e-2
2016-02-15;13:45:00;1800e0;2856334e0;477e0;9665e0;228e-2;235e-2;230e-2;3835e-1;437e-2;1505e-1;0e-2
2016-02-15;14:15:00;1800e0;5074287e0;1268e0;17329e0;399e-2;411e-2;402e-2;3871e-1;764e-2;1509e-1;0e-2
2016-02-15;14:45:00;1800e0;5793102e0;1763e0;19682e0;460e-2;473e-2;463e-2;3835e-1;881e-2;1509e-1;0e-2
2016-02-15;15:15:00;1800e0;6334099e0;1571e0;22075e0;501e-2;515e-2;505e-2;3823e-1;964e-2;1512e-1;0e-2
2016-02-15;15:45:00;1800e0;4928177e0;842e0;16603e0;391e-2;402e-2;393e-2;3883e-1;739e-2;1517e-1;0e-2
2016-02-15;16:15:00;1800e0;3100352e0;525e0;10795e0;246e-2;254e-2;248e-2;3906e-1;465e-2;1505e-1;0e-2
2016-02-15;16:45:00;1799e0;599545e0;37e0;1969e0;68e-2;51e-2;66e-2;3753e-1;96e-2;1514e-1;0e-2
2016-02-16;07:45:00;1800e0;527796e0;22e0;2273e0;71e-2;69e-2;71e-2;3858e-1;126e-2;1979e-1;0e-2
2016-02-16;08:15:00;1800e0;2648045e0;438e0;9109e0;212e-2;218e-2;215e-2;4053e-1;385e-2;2629e-1;0e-2
2016-02-16;08:45:00;1800e0;4382158e0;743e0;14823e0;347e-2;357e-2;351e-2;4007e-1;639e-2;2700e-1;0e-2
2016-02-16;09:15:00;1800e0;5903931e0;1347e0;20668e0;463e-2;477e-2;468e-2;3895e-1;882e-2;1778e-1;0e-2
2016-02-16;09:45:00;1800e0;7046553e0;1715e0;24385e0;553e-2;570e-2;559e-2;3782e-1;1084e-2;1536e-1;0e-2
2016-02-16;10:15:00;1800e0;7909407e0;2098e0;26726e0;627e-2;646e-2;635e-2;3694e-1;1246e-2;1520e-1;0e-2
2016-02-16;10:45:00;1800e0;8677233e0;2094e0;29291e0;681e-2;701e-2;689e-2;3665e-1;1376e-2;1517e-1;0e-2
2016-02-16;11:15:00;1800e0;9135925e0;2493e0;31136e0;724e-2;743e-2;732e-2;3596e-1;1477e-2;1515e-1;0e-2
2016-02-16;11:45:00;1800e0;9415626e0;2333e0;32221e0;741e-2;760e-2;749e-2;3553e-1;1540e-2;1512e-1;0e-2
2016-02-16;12:15:00;1800e0;9549132e0;2571e0;32088e0;752e-2;769e-2;759e-2;3516e-1;1578e-2;1503e-1;0e-2
2016-02-16;12:45:00;1800e0;9591809e0;3297e0;31607e0;751e-2;770e-2;760e-2;3542e-1;1574e-2;1502e-1;0e-2
2016-02-16;13:15:00;1800e0;9375755e0;2738e0;31617e0;732e-2;750e-2;740e-2;3553e-1;1532e-2;1514e-1;0e-2
2016-02-16;13:45:00;1800e0;8968952e0;2293e0;30854e0;703e-2;721e-2;711e-2;3566e-1;1461e-2;1503e-1;0e-2
2016-02-16;14:15:00;1800e0;8384454e0;2454e0;28068e0;662e-2;679e-2;668e-2;3602e-1;1353e-2;1512e-1;0e-2
2016-02-16;14:45:00;1800e0;7629408e0;1944e0;26146e0;599e-2;616e-2;605e-2;3672e-1;1208e-2;1501e-1;0e-2
2016-02-16;15:15:00;1800e0;6536259e0;2095e0;22060e0;514e-2;529e-2;520e-2;3684e-1;1033e-2;1504e-1;0e-2
2016-02-16;15:45:00;1800e0;5266809e0;973e0;18452e0;415e-2;428e-2;419e-2;3739e-1;821e-2;1500e-1;0e-2
2016-02-16;16:15:00;1800e0;3706684e0;568e0;12754e0;294e-2;303e-2;296e-2;3801e-1;570e-2;1502e-1;0e-2
2016-02-16;16:45:00;1800e0;982467e0;131e0;3090e0;94e-2;84e-2;96e-2;3664e-1;158e-2;1508e-1;0e-2
2016-02-17;07:45:00;1800e0;324122e0;24e0;1182e0;45e-2;35e-2;45e-2;3841e-1;63e-2;2133e-1;0e-2
2016-02-17;08:15:00;1800e0;550543e0;67e0;1650e0;63e-2;50e-2;68e-2;3852e-1;87e-2;2276e-1;0e-2
2016-02-17;08:45:00;1800e0;804590e0;79e0;2498e0;80e-2;69e-2;84e-2;3880e-1;123e-2;2536e-1;0e-2
2016-02-17;09:15:00;1800e0;2646295e0;268e0;9117e0;215e-2;221e-2;217e-2;3999e-1;386e-2;2126e-1;0e-2
2016-02-17;09:45:00;1800e0;4091093e0;1131e0;13887e0;325e-2;337e-2;329e-2;3918e-1;609e-2;1646e-1;0e-2
2016-02-17;10:15:00;1800e0;6357543e0;2063e0;21207e0;503e-2;517e-2;508e-2;3835e-1;965e-2;1540e-1;0e-2
2016-02-17;10:45:00;1800e0;6477665e0;1571e0;22121e0;514e-2;527e-2;518e-2;3769e-1;1002e-2;1528e-1;0e-2
2016-02-17;11:15:00;1800e0;6628253e0;1338e0;22849e0;527e-2;541e-2;533e-2;3769e-1;1023e-2;1523e-1;0e-2
2016-02-17;11:45:00;1800e0;10539173e0;2661e0;35751e0;831e-2;849e-2;839e-2;3698e-1;1655e-2;1509e-1;0e-2
2016-02-17;12:15:00;1800e0;9845194e0;2651e0;33333e0;773e-2;790e-2;781e-2;3674e-1;1558e-2;1514e-1;0e-2
2016-02-17;12:45:00;1800e0;4883687e0;1118e0;16597e0;384e-2;394e-2;388e-2;3826e-1;744e-2;1508e-1;0e-2
2016-02-17;13:15:00;1800e0;6670775e0;1362e0;22886e0;525e-2;538e-2;531e-2;3812e-1;1017e-2;1533e-1;0e-2
2016-02-17;13:45:00;1800e0;9368154e0;2423e0;32089e0;734e-2;751e-2;741e-2;3738e-1;1454e-2;1529e-1;0e-2
2016-02-17;14:15:00;1800e0;8669707e0;1959e0;29655e0;678e-2;694e-2;685e-2;3760e-1;1339e-2;1533e-1;0e-2
2016-02-17;14:45:00;1800e0;7833716e0;2364e0;26464e0;619e-2;635e-2;625e-2;3794e-1;1200e-2;1521e-1;0e-2
2016-02-17;15:15:00;1800e0;6780518e0;1933e0;23149e0;536e-2;550e-2;540e-2;3839e-1;1027e-2;1518e-1;0e-2
2016-02-17;15:45:00;1800e0;5438539e0;1392e0;18614e0;429e-2;442e-2;433e-2;3877e-1;817e-2;1521e-1;0e-2
2016-02-17;16:15:00;1800e0;3757471e0;571e0;13184e0;298e-2;307e-2;300e-2;3902e-1;563e-2;1511e-1;0e-2
2016-02-17;16:45:00;1800e0;1203559e0;138e0;4017e0;108e-2;102e-2;112e-2;3857e-1;184e-2;1518e-1;0e-2
2016-02-18;08:15:00;1800e0;67839e0;6e0;616e0;15e-2;8e-2;8e-2;3667e-1;20e-2;1491e-1;0e-2
2016-02-18;08:45:00;1800e0;158588e0;0e0;243e0;39e-2;13e-2;30e-2;3542e-1;32e-2;1534e-1;0e-2
2016-02-18;09:15:00;1800e0;129471e0;0e0;180e0;33e-2;10e-2;18e-2;3059e-1;31e-2;1525e-1;0e-2
2016-02-18;09:45:00;1800e0;286243e0;43e0;613e0;48e-2;25e-2;50e-2;3432e-1;58e-2;1523e-1;0e-2
2016-02-18;10:15:00;1800e0;1384361e0;187e0;4537e0;118e-2;117e-2;121e-2;3970e-1;205e-2;1533e-1;0e-2
2016-02-18;10:45:00;1800e0;1488319e0;165e0;5033e0;125e-2;126e-2;127e-2;3922e-1;223e-2;1525e-1;0e-2
2016-02-18;11:15:00;1800e0;1168981e0;112e0;3765e0;102e-2;100e-2;105e-2;3815e-1;182e-2;1524e-1;0e-2
2016-02-18;11:45:00;1800e0;925900e0;155e0;2965e0;86e-2;80e-2;89e-2;3768e-1;147e-2;1527e-1;0e-2
2016-02-18;12:15:00;1800e0;781041e0;104e0;2725e0;76e-2;67e-2;80e-2;3756e-1;125e-2;1527e-1;0e-2
2016-02-18;12:45:00;1800e0;1192169e0;105e0;3727e0;104e-2;101e-2;106e-2;3805e-1;186e-2;1520e-1;0e-2
2016-02-18;13:15:00;1800e0;1627520e0;241e0;5402e0;136e-2;137e-2;138e-2;3826e-1;251e-2;1524e-1;0e-2
2016-02-18;13:45:00;1800e0;1227848e0;168e0;4094e0;107e-2;104e-2;109e-2;3798e-1;191e-2;1520e-1;0e-2
2016-02-18;14:15:00;1800e0;1070242e0;95e0;3550e0;97e-2;92e-2;100e-2;3763e-1;168e-2;1521e-1;0e-2
2016-02-18;14:45:00;1800e0;721909e0;75e0;2638e0;72e-2;62e-2;77e-2;3745e-1;115e-2;1527e-1;0e-2
2016-02-18;15:15:00;1800e0;353560e0;12e0;795e0;51e-2;31e-2;57e-2;3613e-1;62e-2;1522e-1;0e-2
2016-02-18;15:45:00;1800e0;219634e0;56e0;558e0;45e-2;18e-2;50e-2;3554e-1;41e-2;1525e-1;0e-2
2016-02-18;16:15:00;1800e0;137744e0;12e0;304e0;32e-2;12e-2;31e-2;3553e-1;31e-2;1507e-1;0e-2
2016-02-19;07:45:00;1800e0;79647e0;0e0;238e0;26e-2;10e-2;21e-2;3700e-1;29e-2;1845e-1;0e-2
2016-02-19;08:15:00;1800e0;756391e0;52e0;2428e0;74e-2;64e-2;78e-2;3830e-1;120e-2;2620e-1;0e-2
2016-02-19;08:45:00;1800e0;1147974e0;75e0;3624e0;101e-2;98e-2;103e-2;3885e-1;176e-2;1686e-1;0e-2
2016-02-19;09:15:00;1800e0;2444619e0;255e0;8507e0;198e-2;204e-2;200e-2;3926e-1;365e-2;1541e-1;0e-2
2016-02-19;09:45:00;1800e0;3222930e0;422e0;11128e0;259e-2;269e-2;261e-2;3880e-1;486e-2;1529e-1;0e-2
2016-02-19;10:15:00;1800e0;3179108e0;356e0;11150e0;254e-2;263e-2;256e-2;3834e-1;486e-2;1520e-1;0e-2
2016-02-19;10:45:00;1800e0;3220236e0;651e0;10936e0;257e-2;266e-2;259e-2;3848e-1;490e-2;1513e-1;0e-2
2016-02-19;11:15:00;1800e0;7059170e0;1660e0;24419e0;560e-2;577e-2;566e-2;3703e-1;1110e-2;1524e-1;0e-2
2016-02-19;11:45:00;1800e0;4236677e0;1027e0;14615e0;336e-2;346e-2;340e-2;3654e-1;681e-2;1515e-1;0e-2
2016-02-19;12:15:00;1800e0;2140993e0;311e0;7196e0;174e-2;177e-2;176e-2;3785e-1;332e-2;1500e-1;0e-2
2016-02-19;12:45:00;1800e0;2082215e0;319e0;6911e0;168e-2;173e-2;170e-2;3815e-1;322e-2;1506e-1;0e-2
2016-02-19;13:15:00;1800e0;2999796e0;499e0;10271e0;239e-2;248e-2;241e-2;3814e-1;461e-2;1508e-1;0e-2
2016-02-19;13:45:00;1800e0;2976164e0;513e0;10438e0;236e-2;245e-2;238e-2;3791e-1;460e-2;1502e-1;0e-2
2016-02-19;14:15:00;1800e0;3954630e0;643e0;14006e0;310e-2;322e-2;314e-2;3772e-1;612e-2;1503e-1;0e-2
2016-02-19;14:45:00;1800e0;3855050e0;461e0;13526e0;303e-2;315e-2;306e-2;3796e-1;594e-2;1499e-1;0e-2
2016-02-19;15:15:00;1800e0;3398388e0;427e0;12045e0;268e-2;278e-2;271e-2;3822e-1;521e-2;1501e-1;0e-2
2016-02-19;15:45:00;1800e0;1733839e0;265e0;5922e0;143e-2;144e-2;146e-2;3802e-1;269e-2;1508e-1;0e-2
2016-02-19;16:15:00;1800e0;697709e0;114e0;2509e0;71e-2;61e-2;75e-2;3752e-1;112e-2;1504e-1;0e-2
2016-02-19;16:45:00;1800e0;274651e0;31e0;639e0;47e-2;24e-2;45e-2;3600e-1;49e-2;1512e-1;0e-2
2016-02-20;08:15:00;1800e0;50745e0;0e0;293e0;8e-2;8e-2;2e-2;3616e-1;20e-2;1902e-1;1e-2
2016-02-20;08:45:00;1800e0;182015e0;21e0;565e0;33e-2;18e-2;32e-2;3523e-1;35e-2;2225e-1;1e-2
2016-02-20;09:15:00;1800e0;199633e0;31e0;465e0;39e-2;21e-2;37e-2;3540e-1;37e-2;2357e-1;1e-2
2016-02-20;09:45:00;1800e0;344628e0;37e0;866e0;52e-2;33e-2;56e-2;3627e-1;59e-2;2457e-1;1e-2
2016-02-20;10:15:00;1800e0;188213e0;18e0;528e0;41e-2;18e-2;40e-2;3526e-1;35e-2;2338e-1;1e-2
2016-02-20;10:45:00;1800e0;169621e0;4e0;386e0;39e-2;17e-2;34e-2;3530e-1;32e-2;2139e-1;1e-2
2016-02-20;11:15:00;1800e0;134972e0;6e0;334e0;28e-2;14e-2;20e-2;3503e-1;27e-2;2275e-1;1e-2
2016-02-20;11:45:00;1800e0;154667e0;6e0;341e0;37e-2;16e-2;31e-2;3524e-1;30e-2;2336e-1;1e-2
2016-02-20;12:15:00;1800e0;138612e0;10e0;353e0;27e-2;13e-2;24e-2;3521e-1;29e-2;2492e-1;1e-2
2016-02-20;12:45:00;1800e0;85863e0;2e0;203e0;3e-2;11e-2;0e-2;3458e-1;20e-2;2405e-1;1e-2
2016-02-20;13:15:00;1800e0;81018e0;0e0;166e0;4e-2;10e-2;1e-2;3425e-1;19e-2;2348e-1;1e-2
2016-02-20;13:45:00;1800e0;231368e0;35e0;651e0;43e-2;21e-2;44e-2;3547e-1;42e-2;2534e-1;1e-2
2016-02-20;14:15:00;1800e0;241592e0;39e0;1007e0;45e-2;22e-2;52e-2;3550e-1;44e-2;2408e-1;1e-2
2016-02-20;14:45:00;1800e0;700591e0;102e0;2353e0;75e-2;60e-2;79e-2;3650e-1;111e-2;2463e-1;1e-2
2016-02-20;15:15:00;1800e0;266393e0;6e0;922e0;46e-2;24e-2;45e-2;3530e-1;47e-2;2339e-1;1e-2
2016-02-20;16:45:00;1800e0;50335e0;0e0;111e0;7e-2;10e-2;3e-2;3510e-1;19e-2;1908e-1;1e-2
2016-02-21;07:45:00;1800e0;56422e0;0e0;364e0;15e-2;11e-2;8e-2;3599e-1;23e-2;1460e-1;0e-2
2016-02-21;08:15:00;1800e0;805713e0;105e0;2491e0;82e-2;70e-2;87e-2;3699e-1;128e-2;1532e-1;0e-2
2016-02-21;08:45:00;1800e0;3092847e0;363e0;10922e0;246e-2;252e-2;249e-2;3852e-1;467e-2;1535e-1;0e-2
2016-02-21;09:15:00;1800e0;4961225e0;855e0;17485e0;388e-2;400e-2;392e-2;3859e-1;749e-2;1528e-1;0e-2
2016-02-21;09:45:00;1800e0;6801228e0;1853e0;23390e0;528e-2;543e-2;534e-2;3815e-1;1038e-2;1521e-1;0e-2
2016-02-21;10:15:00;1800e0;6794517e0;1590e0;23375e0;527e-2;542e-2;533e-2;3798e-1;1040e-2;1530e-1;0e-2
2016-02-21;10:45:00;1800e0;7496114e0;2029e0;25748e0;579e-2;595e-2;585e-2;3770e-1;1156e-2;1511e-1;0e-2
2016-02-21;11:15:00;1800e0;3305368e0;728e0;11213e0;262e-2;270e-2;265e-2;3805e-1;508e-2;1508e-1;0e-2
2016-02-21;11:45:00;1800e0;1948590e0;360e0;6671e0;159e-2;162e-2;161e-2;3813e-1;300e-2;1515e-1;0e-2
2016-02-21;12:15:00;1800e0;1718930e0;267e0;6010e0;143e-2;143e-2;146e-2;3782e-1;266e-2;1520e-1;0e-2
2016-02-21;12:45:00;1800e0;1534140e0;179e0;5475e0;129e-2;128e-2;132e-2;3764e-1;240e-2;1520e-1;0e-2
2016-02-21;13:15:00;1800e0;1019966e0;87e0;3778e0;92e-2;87e-2;96e-2;3731e-1;163e-2;1519e-1;0e-2
2016-02-21;13:45:00;1800e0;942034e0;118e0;3478e0;87e-2;81e-2;91e-2;3727e-1;152e-2;1515e-1;0e-2
2016-02-21;14:15:00;1800e0;967643e0;86e0;3356e0;89e-2;83e-2;93e-2;3708e-1;156e-2;1517e-1;0e-2
2016-02-21;14:45:00;1800e0;621815e0;75e0;2146e0;67e-2;54e-2;72e-2;3650e-1;104e-2;1520e-1;0e-2
2016-02-21;15:15:00;1800e0;455183e0;75e0;1418e0;57e-2;41e-2;63e-2;3622e-1;78e-2;1524e-1;0e-2
2016-02-21;15:45:00;1800e0;161319e0;43e0;355e0;37e-2;14e-2;32e-2;3475e-1;33e-2;1526e-1;0e-2
2016-02-21;16:15:00;1800e0;89895e0;2e0;304e0;23e-2;10e-2;8e-2;3482e-1;23e-2;1632e-1;0e-2
2016-02-22;07:45:00;1800e0;187320e0;6e0;826e0;45e-2;18e-2;45e-2;3598e-1;41e-2;1508e-1;0e-2
2016-02-22;08:15:00;1800e0;326269e0;56e0;691e0;50e-2;29e-2;57e-2;3600e-1;57e-2;1533e-1;0e-2
2016-02-22;08:45:00;1800e0;1246206e0;162e0;4415e0;109e-2;105e-2;113e-2;3800e-1;192e-2;1557e-1;0e-2
2016-02-22;09:15:00;1800e0;3191727e0;549e0;11293e0;253e-2;260e-2;256e-2;3856e-1;482e-2;1539e-1;0e-2
2016-02-22;09:45:00;1800e0;1918916e0;305e0;6566e0;158e-2;160e-2;161e-2;3821e-1;294e-2;1527e-1;0e-2
2016-02-22;10:15:00;1800e0;7910835e0;2082e0;26951e0;621e-2;636e-2;627e-2;3793e-1;1212e-2;1535e-1;0e-2
2016-02-22;10:45:00;1800e0;8547875e0;2695e0;28695e0;669e-2;685e-2;676e-2;3756e-1;1321e-2;1524e-1;0e-2
2016-02-22;11:15:00;1800e0;8845181e0;2091e0;30524e0;688e-2;704e-2;695e-2;3731e-1;1376e-2;1522e-1;0e-2
2016-02-22;11:45:00;1800e0;7819773e0;1672e0;27027e0;606e-2;621e-2;612e-2;3733e-1;1216e-2;1517e-1;0e-2
2016-02-22;12:15:00;1800e0;7189114e0;1760e0;24487e0;557e-2;571e-2;562e-2;3752e-1;1116e-2;1508e-1;0e-2
2016-02-22;12:45:00;1800e0;4600574e0;721e0;16225e0;360e-2;369e-2;363e-2;3784e-1;713e-2;1512e-1;0e-2
2016-02-22;13:15:00;1800e0;2565487e0;313e0;8826e0;205e-2;211e-2;207e-2;3822e-1;393e-2;1511e-1;0e-2
2016-02-22;13:45:00;1800e0;5696869e0;1231e0;19839e0;445e-2;457e-2;449e-2;3798e-1;875e-2;1515e-1;0e-2
2016-02-22;14:15:00;1800e0;6702013e0;1984e0;22391e0;522e-2;535e-2;527e-2;3736e-1;1042e-2;1512e-1;0e-2
2016-02-22;14:45:00;1800e0;1435408e0;199e0;5320e0;125e-2;120e-2;129e-2;3710e-1;226e-2;1510e-1;0e-2
2016-02-22;15:15:00;1800e0;762666e0;118e0;2685e0;76e-2;66e-2;80e-2;3689e-1;124e-2;1517e-1;0e-2
2016-02-22;15:45:00;1800e0;230615e0;37e0;498e0;47e-2;19e-2;49e-2;3501e-1;43e-2;1514e-1;0e-2
2016-02-22;16:15:00;1800e0;121373e0;2e0;168e0;28e-2;10e-2;15e-2;3431e-1;26e-2;1512e-1;0e-2
2016-02-23;08:15:00;1800e0;202711e0;0e0;538e0;43e-2;19e-2;45e-2;3520e-1;38e-2;1531e-1;0e-2
2016-02-23;08:45:00;1800e0;361340e0;16e0;1175e0;53e-2;33e-2;60e-2;3587e-1;62e-2;1534e-1;0e-2
2016-02-23;09:15:00;1800e0;768672e0;136e0;3004e0;75e-2;67e-2;80e-2;3734e-1;123e-2;1547e-1;0e-2
2016-02-23;09:45:00;1800e0;910960e0;150e0;3063e0;86e-2;79e-2;89e-2;3746e-1;145e-2;1531e-1;0e-2
2016-02-23;10:15:00;1800e0;2152775e0;542e0;7150e0;180e-2;179e-2;184e-2;3781e-1;330e-2;1548e-1;0e-2
2016-02-23;10:45:00;1800e0;1529972e0;187e0;5135e0;130e-2;130e-2;133e-2;3767e-1;240e-2;1531e-1;0e-2
2016-02-23;11:15:00;1800e0;2330492e0;423e0;7913e0;188e-2;192e-2;191e-2;3810e-1;356e-2;1530e-1;0e-2
2016-02-23;11:45:00;1800e0;1893830e0;214e0;6614e0;155e-2;157e-2;158e-2;3782e-1;293e-2;1524e-1;0e-2
2016-02-23;12:15:00;1800e0;1651838e0;281e0;5963e0;140e-2;137e-2;143e-2;3758e-1;255e-2;1521e-1;0e-2
2016-02-23;12:45:00;1800e0;3648675e0;687e0;12762e0;289e-2;294e-2;293e-2;3778e-1;562e-2;1528e-1;0e-2
2016-02-23;13:15:00;1800e0;3242119e0;505e0;11323e0;257e-2;263e-2;260e-2;3834e-1;492e-2;1528e-1;0e-2
2016-02-23;13:45:00;1800e0;4410592e0;1104e0;14926e0;348e-2;355e-2;352e-2;3766e-1;679e-2;1528e-1;0e-2
2016-02-23;14:15:00;1800e0;1776734e0;311e0;6176e0;147e-2;148e-2;150e-2;3771e-1;276e-2;1508e-1;0e-2
2016-02-23;14:45:00;1800e0;745497e0;49e0;2808e0;74e-2;65e-2;79e-2;3691e-1;121e-2;1518e-1;0e-2
2016-02-23;15:15:00;1800e0;1469981e0;188e0;5238e0;128e-2;122e-2;132e-2;3732e-1;227e-2;1527e-1;0e-2
2016-02-23;15:45:00;1800e0;519654e0;45e0;1829e0;62e-2;44e-2;63e-2;3597e-1;87e-2;1520e-1;0e-2
2016-02-23;16:15:00;1800e0;443657e0;69e0;1416e0;56e-2;39e-2;59e-2;3625e-1;75e-2;1519e-1;0e-2
2016-02-23;16:45:00;1800e0;209256e0;24e0;417e0;32e-2;19e-2;33e-2;3499e-1;40e-2;1522e-1;0e-2
2016-02-24;07:45:00;1800e0;57883e0;0e0;810e0;5e-2;7e-2;0e-2;3549e-1;19e-2;1966e-1;0e-2
2016-02-24;08:15:00;1800e0;213512e0;18e0;409e0;44e-2;19e-2;40e-2;3543e-1;40e-2;1541e-1;0e-2
2016-02-24;08:45:00;1800e0;412422e0;24e0;1151e0;55e-2;37e-2;60e-2;3640e-1;70e-2;1528e-1;0e-2
2016-02-24;09:15:00;1800e0;698162e0;56e0;2625e0;71e-2;61e-2;76e-2;3735e-1;112e-2;1538e-1;0e-2
2016-02-24;09:45:00;1800e0;936637e0;99e0;3267e0;86e-2;80e-2;90e-2;3784e-1;148e-2;1542e-1;0e-2
2016-02-24;10:15:00;1800e0;1021560e0;106e0;3724e0;92e-2;87e-2;96e-2;3790e-1;160e-2;1536e-1;0e-2
2016-02-24;10:45:00;1800e0;1462933e0;143e0;5056e0;124e-2;123e-2;127e-2;3814e-1;226e-2;1536e-1;0e-2
2016-02-24;11:15:00;1800e0;1193141e0;118e0;4325e0;104e-2;101e-2;107e-2;3797e-1;186e-2;1529e-1;0e-2
2016-02-24;11:45:00;1800e0;1270664e0;150e0;4504e0;109e-2;107e-2;113e-2;3799e-1;197e-2;1526e-1;0e-2
2016-02-24;12:15:00;1800e0;1287498e0;141e0;4709e0;110e-2;109e-2;114e-2;3800e-1;199e-2;1521e-1;0e-2
2016-02-24;12:45:00;1800e0;1295774e0;202e0;4158e0;112e-2;111e-2;115e-2;3803e-1;201e-2;1525e-1;0e-2
2016-02-24;13:15:00;1800e0;1171916e0;125e0;3957e0;103e-2;101e-2;107e-2;3794e-1;182e-2;1520e-1;0e-2
2016-02-24;13:45:00;1800e0;971564e0;130e0;3667e0;89e-2;84e-2;93e-2;3778e-1;154e-2;1532e-1;0e-2
2016-02-24;14:15:00;1800e0;1224686e0;180e0;4266e0;107e-2;105e-2;110e-2;3795e-1;191e-2;1526e-1;0e-2
2016-02-24;14:45:00;1800e0;3546563e0;840e0;12047e0;281e-2;288e-2;285e-2;3848e-1;537e-2;1531e-1;0e-2
2016-02-24;15:15:00;1800e0;5701651e0;1603e0;19494e0;448e-2;460e-2;453e-2;3809e-1;868e-2;1529e-1;0e-2
2016-02-24;15:45:00;1800e0;1214865e0;224e0;4214e0;110e-2;104e-2;114e-2;3743e-1;189e-2;1514e-1;0e-2
2016-02-24;16:15:00;1800e0;656796e0;37e0;2071e0;72e-2;58e-2;77e-2;3656e-1;106e-2;1520e-1;0e-2
2016-02-24;16:45:00;1800e0;905494e0;121e0;2719e0;90e-2;78e-2;95e-2;3691e-1;142e-2;1513e-1;0e-2
2016-02-25;07:45:00;1800e0;696642e0;108e0;2345e0;67e-2;57e-2;67e-2;3687e-1;109e-2;2555e-1;0e-2
2016-02-25;08:15:00;1800e0;1417370e0;231e0;4715e0;121e-2;120e-2;123e-2;3871e-1;216e-2;2179e-1;0e-2
2016-02-25;08:45:00;1800e0;3810203e0;460e0;13345e0;303e-2;313e-2;306e-2;3910e-1;567e-2;1546e-1;0e-2
2016-02-25;09:15:00;1800e0;5285872e0;1332e0;17928e0;417e-2;430e-2;421e-2;3874e-1;794e-2;1535e-1;0e-2
2016-02-25;09:45:00;1800e0;4835698e0;1062e0;16698e0;382e-2;395e-2;386e-2;3836e-1;736e-2;1529e-1;0e-2
2016-02-25;10:15:00;1800e0;7998844e0;2405e0;26547e0;627e-2;643e-2;634e-2;3807e-1;1223e-2;1523e-1;0e-2
2016-02-25;10:45:00;1800e0;5432678e0;1458e0;18572e0;427e-2;439e-2;431e-2;3817e-1;831e-2;1523e-1;0e-2
2016-02-25;11:15:00;1800e0;6313485e0;1776e0;21376e0;498e-2;512e-2;503e-2;3809e-1;965e-2;1522e-1;0e-2
2016-02-25;11:45:00;1800e0;2878047e0;450e0;9887e0;231e-2;238e-2;233e-2;3827e-1;441e-2;1514e-1;0e-2
2016-02-25;12:15:00;1800e0;3138195e0;697e0;10758e0;250e-2;258e-2;252e-2;3867e-1;474e-2;1525e-1;0e-2
2016-02-25;12:45:00;1800e0;2027531e0;367e0;6835e0;165e-2;170e-2;167e-2;3840e-1;310e-2;1528e-1;0e-2
2016-02-25;13:15:00;1800e0;1947369e0;271e0;6862e0;158e-2;163e-2;161e-2;3836e-1;299e-2;1524e-1;0e-2
2016-02-25;13:45:00;1800e0;1867553e0;233e0;6449e0;152e-2;156e-2;154e-2;3811e-1;288e-2;1526e-1;0e-2
2016-02-25;14:15:00;1800e0;1453434e0;135e0;4900e0;122e-2;124e-2;125e-2;3797e-1;226e-2;1525e-1;0e-2
2016-02-25;14:45:00;1800e0;1343863e0;125e0;4500e0;114e-2;114e-2;117e-2;3790e-1;210e-2;1524e-1;0e-2
2016-02-25;15:15:00;1800e0;1131465e0;108e0;3757e0;99e-2;98e-2;102e-2;3774e-1;178e-2;1531e-1;0e-2
2016-02-25;15:45:00;1800e0;683013e0;124e0;2098e0;70e-2;60e-2;75e-2;3685e-1;112e-2;1524e-1;0e-2
2016-02-25;16:15:00;1800e0;299133e0;24e0;630e0;49e-2;26e-2;55e-2;3569e-1;54e-2;1523e-1;0e-2
2016-02-25;16:45:00;1800e0;94070e0;6e0;343e0;20e-2;11e-2;16e-2;3523e-1;25e-2;1494e-1;0e-2
2016-02-26;08:15:00;1800e0;128799e0;0e0;204e0;26e-2;12e-2;17e-2;3506e-1;27e-2;1988e-1;0e-2
2016-02-26;08:45:00;1800e0;336790e0;56e0;917e0;51e-2;32e-2;56e-2;3629e-1;59e-2;1534e-1;0e-2
2016-02-26;09:15:00;1800e0;1180118e0;135e0;4099e0;105e-2;101e-2;108e-2;3806e-1;183e-2;1587e-1;0e-2
2016-02-26;09:45:00;1800e0;3251770e0;685e0;10972e0;262e-2;268e-2;265e-2;3853e-1;491e-2;1583e-1;0e-2
2016-02-26;10:15:00;1800e0;6002399e0;1335e0;20602e0;476e-2;489e-2;481e-2;3779e-1;926e-2;1540e-1;0e-2
2016-02-26;10:45:00;1800e0;4432898e0;995e0;15259e0;353e-2;361e-2;356e-2;3778e-1;681e-2;1520e-1;0e-2
2016-02-26;11:15:00;1800e0;6131681e0;1388e0;21073e0;481e-2;494e-2;486e-2;3794e-1;939e-2;1531e-1;0e-2
2016-02-26;11:45:00;1800e0;4508752e0;1140e0;15248e0;355e-2;365e-2;359e-2;3799e-1;691e-2;1521e-1;0e-2
2016-02-26;12:15:00;1800e0;5678324e0;1625e0;19060e0;448e-2;458e-2;452e-2;3740e-1;885e-2;1517e-1;0e-2
2016-02-26;12:45:00;1800e0;4472793e0;1385e0;14702e0;355e-2;363e-2;359e-2;3813e-1;686e-2;1518e-1;0e-2
2016-02-26;13:15:00;1800e0;3680745e0;728e0;12668e0;294e-2;302e-2;297e-2;3807e-1;562e-2;1507e-1;0e-2
2016-02-26;13:45:00;1800e0;5289072e0;1269e0;17976e0;418e-2;429e-2;422e-2;3799e-1;810e-2;1514e-1;0e-2
2016-02-26;14:15:00;1800e0;7786859e0;1886e0;26875e0;613e-2;628e-2;619e-2;3736e-1;1210e-2;1507e-1;0e-2
2016-02-26;14:45:00;1800e0;7403647e0;2216e0;24977e0;583e-2;598e-2;589e-2;3749e-1;1146e-2;1511e-1;0e-2
2016-02-26;15:15:00;1800e0;6821791e0;1858e0;23305e0;534e-2;548e-2;539e-2;3766e-1;1053e-2;1504e-1;0e-2
2016-02-26;15:45:00;1800e0;4934035e0;1108e0;17041e0;389e-2;400e-2;392e-2;3832e-1;749e-2;1506e-1;0e-2
2016-02-26;16:15:00;1800e0;3831551e0;384e0;13473e0;304e-2;314e-2;306e-2;3861e-1;579e-2;1506e-1;0e-2
2016-02-26;16:45:00;1800e0;1358014e0;207e0;4530e0;120e-2;115e-2;122e-2;3766e-1;211e-2;1512e-1;0e-2
2016-02-26;17:15:00;1800e0;212604e0;18e0;474e0;38e-2;20e-2;33e-2;3602e-1;42e-2;1501e-1;0e-2
2016-02-27;07:45:00;1800e0;75078e0;0e0;155e0;13e-2;7e-2;2e-2;3529e-1;19e-2;1706e-1;0e-2
2016-02-27;08:15:00;1800e0;186244e0;18e0;791e0;34e-2;17e-2;35e-2;3590e-1;36e-2;1541e-1;0e-2
2016-02-27;08:45:00;1800e0;298997e0;24e0;879e0;44e-2;26e-2;42e-2;3642e-1;52e-2;1547e-1;0e-2
2016-02-27;09:15:00;1800e0;776519e0;85e0;2807e0;76e-2;67e-2;80e-2;3823e-1;122e-2;1540e-1;0e-2
2016-02-27;09:45:00;1800e0;1287254e0;199e0;4308e0;111e-2;109e-2;113e-2;3857e-1;197e-2;1551e-1;0e-2
2016-02-27;10:15:00;1800e0;792853e0;149e0;2714e0;77e-2;68e-2;81e-2;3775e-1;125e-2;1538e-1;0e-2
2016-02-27;10:45:00;1800e0;827385e0;122e0;2931e0;79e-2;70e-2;83e-2;3789e-1;131e-2;1546e-1;0e-2
2016-02-27;11:15:00;1800e0;1002563e0;149e0;3618e0;90e-2;84e-2;95e-2;3804e-1;156e-2;1529e-1;0e-2
2016-02-27;11:45:00;1800e0;1010262e0;144e0;3756e0;91e-2;85e-2;95e-2;3803e-1;158e-2;1529e-1;0e-2
2016-02-27;12:15:00;1800e0;877391e0;113e0;3168e0;82e-2;74e-2;87e-2;3787e-1;138e-2;1537e-1;0e-2
2016-02-27;12:45:00;1800e0;744875e0;110e0;2674e0;74e-2;63e-2;79e-2;3750e-1;118e-2;1536e-1;0e-2
2016-02-27;13:15:00;1800e0;660520e0;86e0;2338e0;68e-2;57e-2;73e-2;3727e-1;106e-2;1524e-1;0e-2
2016-02-27;13:45:00;1800e0;603959e0;132e0;2242e0;65e-2;52e-2;71e-2;3718e-1;97e-2;1523e-1;0e-2
2016-02-27;14:15:00;1800e0;673328e0;75e0;2493e0;69e-2;58e-2;74e-2;3735e-1;108e-2;1530e-1;0e-2
2016-02-27;14:45:00;1800e0;473257e0;61e0;1597e0;57e-2;41e-2;64e-2;3679e-1;78e-2;1528e-1;0e-2
2016-02-27;15:15:00;1800e0;297184e0;31e0;683e0;48e-2;24e-2;56e-2;3590e-1;52e-2;1526e-1;0e-2
2016-02-27;15:45:00;1800e0;245667e0;24e0;553e0;46e-2;19e-2;52e-2;3569e-1;44e-2;1521e-1;0e-2
2016-02-27;16:15:00;1800e0;140620e0;0e0;176e0;38e-2;9e-2;25e-2;3499e-1;27e-2;1678e-1;0e-2
2016-02-27;16:45:00;1800e0;48820e0;6e0;93e0;4e-2;6e-2;0e-2;3511e-1;13e-2;3351e-1;5e-2
2016-02-28;07:45:00;1800e0;189234e0;6e0;424e0;43e-2;15e-2;44e-2;3535e-1;29e-2;3507e-1;8e-2
2016-02-28;08:15:00;1800e0;247423e0;31e0;546e0;47e-2;20e-2;53e-2;3548e-1;35e-2;3530e-1;12e-2
2016-02-28;08:45:00;1800e0;515922e0;64e0;1844e0;60e-2;46e-2;66e-2;3682e-1;65e-2;3647e-1;22e-2
2016-02-28;09:15:00;1800e0;668703e0;81e0;2453e0;69e-2;59e-2;74e-2;3709e-1;83e-2;3700e-1;28e-2
2016-02-28;09:45:00;1800e0;933873e0;89e0;3467e0;86e-2;80e-2;89e-2;3752e-1;113e-2;3759e-1;38e-2
2016-02-28;10:15:00;1800e0;1183504e0;124e0;3839e0;103e-2;101e-2;106e-2;3789e-1;140e-2;3781e-1;49e-2
2016-02-28;10:45:00;1800e0;1368998e0;177e0;4485e0;117e-2;116e-2;119e-2;3792e-1;162e-2;3791e-1;54e-2
2016-02-28;11:15:00;1800e0;1338936e0;137e0;4325e0;115e-2;114e-2;118e-2;3787e-1;158e-2;3790e-1;53e-2
2016-02-28;11:45:00;1800e0;1438192e0;162e0;4668e0;121e-2;121e-2;124e-2;3791e-1;169e-2;3803e-1;56e-2
2016-02-28;12:15:00;1800e0;1300541e0;199e0;4219e0;112e-2;110e-2;115e-2;3785e-1;152e-2;3784e-1;53e-2
2016-02-28;12:45:00;1800e0;1169265e0;180e0;3803e0;103e-2;98e-2;105e-2;3769e-1;137e-2;3773e-1;49e-2
2016-02-28;13:15:00;1800e0;1109231e0;149e0;3933e0;99e-2;94e-2;102e-2;3761e-1;130e-2;3765e-1;47e-2
2016-02-28;13:45:00;1800e0;1179275e0;168e0;3904e0;103e-2;99e-2;106e-2;3769e-1;137e-2;3765e-1;51e-2
2016-02-28;14:15:00;1800e0;1327943e0;131e0;4564e0;114e-2;111e-2;117e-2;3771e-1;155e-2;3764e-1;56e-2
2016-02-28;14:45:00;1800e0;1210540e0;142e0;4204e0;105e-2;102e-2;108e-2;3768e-1;143e-2;3758e-1;50e-2
2016-02-28;15:15:00;1800e0;868450e0;75e0;3390e0;82e-2;74e-2;86e-2;3708e-1;106e-2;3697e-1;35e-2
2016-02-28;15:45:00;1800e0;494661e0;68e0;1513e0;60e-2;43e-2;66e-2;3614e-1;63e-2;3582e-1;22e-2
2016-02-28;16:15:00;1800e0;287061e0;74e0;707e0;49e-2;24e-2;57e-2;3534e-1;39e-2;3537e-1;13e-2
2016-02-28;16:45:00;1800e0;151702e0;6e0;282e0;40e-2;11e-2;27e-2;3443e-1;23e-2;3484e-1;9e-2
2016-02-28;17:15:00;1800e0;41092e0;0e0;92e0;10e-2;7e-2;0e-2;3542e-1;13e-2;3480e-1;5e-2
2016-02-29;07:45:00;1800e0;141013e0;6e0;199e0;31e-2;13e-2;24e-2;3503e-1;22e-2;3518e-1;7e-2
2016-02-29;08:15:00;1799e0;356439e0;62e0;965e0;51e-2;33e-2;57e-2;3620e-1;47e-2;3619e-1;15e-2
2016-02-29;08:45:00;1800e0;649839e0;93e0;2243e0;68e-2;58e-2;72e-2;3740e-1;80e-2;3746e-1;26e-2
2016-02-29;09:15:00;1800e0;1056061e0;107e0;3318e0;94e-2;91e-2;97e-2;3820e-1;127e-2;3829e-1;39e-2
2016-02-29;09:45:00;1800e0;1267852e0;137e0;3991e0;109e-2;109e-2;112e-2;3846e-1;149e-2;3869e-1;48e-2
2016-02-29;10:15:00;1800e0;1695906e0;126e0;5804e0;141e-2;144e-2;143e-2;3866e-1;197e-2;3893e-1;62e-2
2016-02-29;10:45:00;1800e0;1741355e0;281e0;6061e0;143e-2;146e-2;145e-2;3844e-1;201e-2;3869e-1;66e-2
2016-02-29;11:15:00;1800e0;1650876e0;166e0;5695e0;136e-2;140e-2;139e-2;3824e-1;192e-2;3851e-1;63e-2
2016-02-29;11:45:00;1800e0;2290726e0;461e0;7514e0;185e-2;191e-2;187e-2;3856e-1;265e-2;3878e-1;84e-2
2016-02-29;12:15:00;1800e0;3723566e0;644e0;12862e0;296e-2;306e-2;299e-2;3872e-1;435e-2;3890e-1;128e-2
2016-02-29;12:45:00;1800e0;6313864e0;1660e0;21361e0;499e-2;512e-2;503e-2;3865e-1;711e-2;3878e-1;242e-2
2016-02-29;13:15:00;1800e0;13724494e0;4466e0;45595e0;1073e-2;1092e-2;1084e-2;3627e-1;1598e-2;3731e-1;592e-2
2016-02-29;13:45:00;1800e0;13416025e0;3722e0;45652e0;1053e-2;1073e-2;1064e-2;3638e-1;1498e-2;3681e-1;646e-2
2016-02-29;14:15:00;1800e0;12956807e0;3760e0;44177e0;1033e-2;1054e-2;1045e-2;3678e-1;1376e-2;3671e-1;683e-2
2016-02-29;14:45:00;1800e0;12024570e0;2639e0;40601e0;952e-2;972e-2;962e-2;3691e-1;1219e-2;3647e-1;694e-2
2016-02-29;15:15:00;1800e0;10986091e0;2954e0;37211e0;871e-2;890e-2;880e-2;3722e-1;1051e-2;3628e-1;693e-2
2016-02-29;15:45:00;1800e0;7146619e0;1838e0;24332e0;567e-2;580e-2;573e-2;3805e-1;632e-2;3739e-1;472e-2
2016-02-29;16:15:00;1800e0;5099768e0;1250e0;17391e0;404e-2;413e-2;408e-2;3807e-1;422e-2;3784e-1;357e-2
2016-02-29;16:45:00;1800e0;836060e0;75e0;2759e0;80e-2;73e-2;83e-2;3680e-1;80e-2;3727e-1;55e-2
2016-02-29;17:15:00;1800e0;1371480e0;154e0;4545e0;119e-2;117e-2;121e-2;3740e-1;93e-2;3776e-1;120e-2
2016-03-01;07:15:00;1800e0;64027e0;0e0;488e0;19e-2;12e-2;13e-2;3650e-1;19e-2;3610e-1;7e-2
2016-03-01;07:45:00;1800e0;721728e0;83e0;2284e0;76e-2;65e-2;79e-2;3759e-1;98e-2;3719e-1;18e-2
2016-03-01;08:15:00;1800e0;3789427e0;356e0;13297e0;302e-2;314e-2;305e-2;3981e-1;525e-2;3962e-1;34e-2
2016-03-01;08:45:00;1800e0;3186965e0;520e0;11070e0;253e-2;263e-2;255e-2;3905e-1;433e-2;3947e-1;45e-2
2016-03-01;09:15:00;1800e0;6397228e0;1638e0;21726e0;503e-2;518e-2;508e-2;3819e-1;921e-2;4036e-1;52e-2
2016-03-01;09:45:00;1800e0;3744017e0;741e0;12938e0;296e-2;307e-2;298e-2;3853e-1;494e-2;3922e-1;75e-2
2016-03-01;10:15:00;1800e0;3030974e0;434e0;10622e0;240e-2;249e-2;243e-2;3844e-1;380e-2;3871e-1;83e-2
2016-03-01;10:45:00;1800e0;2047535e0;306e0;6850e0;167e-2;173e-2;169e-2;3826e-1;240e-2;3837e-1;77e-2
2016-03-01;11:15:00;1800e0;1937286e0;216e0;6534e0;158e-2;163e-2;160e-2;3834e-1;229e-2;3847e-1;71e-2
2016-03-01;11:45:00;1800e0;1645389e0;108e0;5659e0;136e-2;141e-2;139e-2;3821e-1;191e-2;3836e-1;66e-2
2016-03-01;12:15:00;1800e0;1539665e0;264e0;5168e0;127e-2;129e-2;130e-2;3813e-1;178e-2;3820e-1;60e-2
2016-03-01;12:45:00;1800e0;1713717e0;260e0;5969e0;140e-2;143e-2;142e-2;3820e-1;198e-2;3832e-1;68e-2
2016-03-01;13:15:00;1800e0;1367770e0;154e0;4767e0;115e-2;116e-2;118e-2;3796e-1;158e-2;3791e-1;57e-2
2016-03-01;13:45:00;1800e0;1438650e0;140e0;5124e0;120e-2;121e-2;123e-2;3805e-1;168e-2;3802e-1;57e-2
2016-03-01;14:15:00;1800e0;1252712e0;102e0;3958e0;108e-2;107e-2;111e-2;3791e-1;146e-2;3778e-1;52e-2
2016-03-01;14:45:00;1800e0;1040539e0;148e0;3109e0;94e-2;90e-2;96e-2;3760e-1;123e-2;3748e-1;44e-2
2016-03-01;15:15:00;1800e0;833951e0;111e0;2841e0;79e-2;72e-2;83e-2;3719e-1;101e-2;3716e-1;34e-2
2016-03-01;15:45:00;1800e0;609205e0;78e0;2090e0;66e-2;53e-2;71e-2;3670e-1;75e-2;3653e-1;27e-2
2016-03-01;16:15:00;1800e0;357151e0;56e0;748e0;51e-2;31e-2;59e-2;3569e-1;46e-2;3553e-1;17e-2
2016-03-01;16:45:00;1800e0;176237e0;6e0;226e0;44e-2;14e-2;39e-2;3489e-1;27e-2;3454e-1;9e-2
2016-03-01;17:15:00;1800e0;60336e0;0e0;96e0;10e-2;8e-2;2e-2;3480e-1;14e-2;3414e-1;5e-2
2016-03-02;08:15:00;1800e0;106466e0;0e0;159e0;19e-2;11e-2;6e-2;3429e-1;18e-2;3411e-1;5e-2
2016-03-02;08:45:00;1800e0;129097e0;4e0;204e0;30e-2;12e-2;17e-2;3450e-1;21e-2;3438e-1;6e-2
2016-03-02;09:15:00;1800e0;138499e0;0e0;141e0;33e-2;12e-2;22e-2;3457e-1;22e-2;3440e-1;7e-2
2016-03-02;09:45:00;1800e0;196499e0;18e0;417e0;45e-2;19e-2;46e-2;3514e-1;30e-2;3482e-1;9e-2
2016-03-02;10:15:00;1800e0;253645e0;31e0;671e0;48e-2;23e-2;53e-2;3534e-1;36e-2;3513e-1;11e-2
2016-03-02;10:45:00;1799e0;312313e0;31e0;665e0;50e-2;29e-2;55e-2;3548e-1;42e-2;3537e-1;13e-2
2016-03-02;11:15:00;1800e0;291380e0;24e0;691e0;49e-2;27e-2;54e-2;3544e-1;40e-2;3518e-1;13e-2
2016-03-02;11:45:00;1800e0;285878e0;37e0;752e0;49e-2;27e-2;54e-2;3540e-1;39e-2;3493e-1;12e-2
2016-03-02;12:15:00;1800e0;329208e0;55e0;691e0;51e-2;30e-2;56e-2;3545e-1;44e-2;3524e-1;14e-2
2016-03-02;12:45:00;1800e0;310486e0;35e0;786e0;50e-2;28e-2;55e-2;3542e-1;41e-2;3508e-1;13e-2
2016-03-02;13:15:00;1800e0;343064e0;49e0;663e0;51e-2;33e-2;56e-2;3553e-1;46e-2;3531e-1;15e-2
2016-03-02;13:45:00;1800e0;376164e0;12e0;736e0;53e-2;36e-2;58e-2;3552e-1;51e-2;3545e-1;16e-2
2016-03-02;14:15:00;1800e0;442467e0;30e0;1092e0;56e-2;42e-2;60e-2;3591e-1;58e-2;3566e-1;19e-2
2016-03-02;14:45:00;1800e0;368019e0;44e0;753e0;52e-2;35e-2;57e-2;3559e-1;50e-2;3541e-1;16e-2
2016-03-02;15:15:00;1800e0;204399e0;18e0;365e0;43e-2;20e-2;42e-2;3485e-1;31e-2;3434e-1;9e-2
2016-03-02;15:45:00;1800e0;120363e0;6e0;204e0;25e-2;11e-2;13e-2;3405e-1;20e-2;3317e-1;6e-2
2016-03-02;16:15:00;1800e0;38803e0;0e0;755e0;0e-2;7e-2;0e-2;3447e-1;12e-2;3314e-1;3e-2
2016-03-02;16:45:00;1800e0;43732e0;0e0;554e0;0e-2;8e-2;0e-2;3396e-1;12e-2;3248e-1;4e-2
2016-03-03;07:45:00;1800e0;285341e0;10e0;609e0;48e-2;28e-2;52e-2;3576e-1;40e-2;3541e-1;12e-2
2016-03-03;08:15:00;1800e0;710492e0;93e0;2520e0;71e-2;64e-2;75e-2;3727e-1;89e-2;3703e-1;26e-2
2016-03-03;08:45:00;1800e0;900965e0;106e0;2961e0;84e-2;80e-2;87e-2;3769e-1;111e-2;3756e-1;33e-2
2016-03-03;09:15:00;1800e0;1328219e0;173e0;4512e0;113e-2;113e-2;116e-2;3822e-1;163e-2;3800e-1;44e-2
2016-03-03;09:45:00;1800e0;1982196e0;338e0;6501e0;161e-2;166e-2;163e-2;3839e-1;246e-2;3840e-1;59e-2
2016-03-03;10:15:00;1800e0;1918463e0;162e0;6534e0;156e-2;161e-2;159e-2;3816e-1;232e-2;3828e-1;65e-2
2016-03-03;10:45:00;1800e0;2321350e0;264e0;8002e0;186e-2;192e-2;189e-2;3829e-1;280e-2;3833e-1;77e-2
2016-03-03;11:15:00;1800e0;3493450e0;624e0;12184e0;279e-2;288e-2;281e-2;3837e-1;423e-2;3842e-1;112e-2
2016-03-03;11:45:00;1800e0;3584085e0;745e0;12402e0;284e-2;294e-2;287e-2;3828e-1;426e-2;3837e-1;123e-2
2016-03-03;12:15:00;1800e0;2364079e0;457e0;8207e0;192e-2;198e-2;194e-2;3808e-1;275e-2;3819e-1;91e-2
2016-03-03;12:45:00;1800e0;2387287e0;386e0;8010e0;194e-2;200e-2;196e-2;3804e-1;276e-2;3815e-1;93e-2
2016-03-03;13:15:00;1800e0;2325483e0;250e0;8120e0;189e-2;195e-2;191e-2;3804e-1;263e-2;3807e-1;97e-2
2016-03-03;13:45:00;1800e0;2173731e0;369e0;7281e0;178e-2;183e-2;181e-2;3792e-1;249e-2;3795e-1;89e-2
2016-03-03;14:15:00;1800e0;2223986e0;455e0;7505e0;180e-2;185e-2;182e-2;3797e-1;254e-2;3806e-1;91e-2
2016-03-03;14:45:00;1800e0;1446685e0;199e0;4851e0;123e-2;123e-2;126e-2;3744e-1;168e-2;3739e-1;61e-2
2016-03-03;15:15:00;1800e0;866592e0;31e0;3110e0;82e-2;75e-2;86e-2;3683e-1;105e-2;3680e-1;37e-2
2016-03-03;15:45:00;1800e0;394755e0;62e0;1116e0;53e-2;34e-2;60e-2;3539e-1;51e-2;3520e-1;17e-2
2016-03-03;16:15:00;1800e0;258042e0;36e0;505e0;47e-2;22e-2;48e-2;3492e-1;37e-2;3490e-1;11e-2
2016-03-03;16:45:00;1800e0;107092e0;6e0;149e0;19e-2;10e-2;7e-2;3385e-1;19e-2;3313e-1;5e-2
2016-03-03;17:15:00;1800e0;55065e0;6e0;481e0;0e-2;6e-2;0e-2;3389e-1;13e-2;3358e-1;3e-2
2016-03-04;07:45:00;1800e0;82903e0;6e0;125e0;9e-2;9e-2;1e-2;3413e-1;15e-2;3384e-1;6e-2
2016-03-04;08:15:00;1800e0;210877e0;12e0;392e0;44e-2;19e-2;45e-2;3521e-1;31e-2;3500e-1;11e-2
2016-03-04;08:45:00;1800e0;342676e0;18e0;709e0;51e-2;31e-2;56e-2;3572e-1;45e-2;3569e-1;16e-2
2016-03-04;09:15:00;1800e0;477283e0;74e0;1484e0;57e-2;43e-2;63e-2;3630e-1;60e-2;3626e-1;22e-2
2016-03-04;09:45:00;1800e0;613247e0;111e0;2343e0;66e-2;55e-2;71e-2;3682e-1;76e-2;3685e-1;27e-2
2016-03-04;10:15:00;1800e0;705404e0;69e0;2671e0;71e-2;62e-2;76e-2;3702e-1;86e-2;3710e-1;30e-2
2016-03-04;10:45:00;1800e0;931428e0;83e0;3303e0;86e-2;80e-2;89e-2;3743e-1;111e-2;3761e-1;40e-2
2016-03-04;11:15:00;1800e0;1033881e0;130e0;3450e0;92e-2;89e-2;95e-2;3758e-1;122e-2;3769e-1;44e-2
2016-03-04;11:45:00;1800e0;869975e0;93e0;2931e0;82e-2;76e-2;85e-2;3722e-1;105e-2;3730e-1;36e-2
2016-03-04;12:15:00;1800e0;870990e0;135e0;2881e0;82e-2;76e-2;85e-2;3710e-1;105e-2;3724e-1;36e-2
2016-03-04;12:45:00;1800e0;840682e0;99e0;2974e0;80e-2;74e-2;83e-2;3701e-1;103e-2;3717e-1;35e-2
2016-03-04;13:15:00;1800e0;1088377e0;93e0;3515e0;97e-2;94e-2;99e-2;3730e-1;133e-2;3750e-1;42e-2
2016-03-04;13:45:00;1800e0;1205059e0;159e0;3980e0;105e-2;103e-2;108e-2;3733e-1;144e-2;3753e-1;48e-2
2016-03-04;14:15:00;1800e0;732013e0;134e0;2541e0;73e-2;64e-2;76e-2;3660e-1;90e-2;3673e-1;32e-2
2016-03-04;14:45:00;1800e0;563895e0;93e0;1921e0;63e-2;50e-2;67e-2;3615e-1;70e-2;3600e-1;26e-2
2016-03-04;15:15:00;1800e0;503598e0;52e0;2004e0;59e-2;45e-2;65e-2;3596e-1;64e-2;3589e-1;22e-2
2016-03-04;15:45:00;1800e0;332668e0;37e0;633e0;50e-2;28e-2;57e-2;3528e-1;45e-2;3534e-1;14e-2
2016-03-04;16:15:00;1800e0;379489e0;24e0;748e0;53e-2;34e-2;59e-2;3562e-1;53e-2;3574e-1;16e-2
2016-03-04;16:45:00;1800e0;215880e0;30e0;435e0;44e-2;18e-2;38e-2;3491e-1;31e-2;3482e-1;11e-2
2016-03-04;17:15:00;1800e0;39318e0;0e0;99e0;4e-2;7e-2;0e-2;3536e-1;13e-2;3463e-1;5e-2
2016-03-05;08:15:00;1800e0;95259e0;0e0;488e0;24e-2;13e-2;17e-2;3513e-1;20e-2;3473e-1;7e-2
2016-03-05;08:45:00;1800e0;462969e0;75e0;1599e0;58e-2;43e-2;63e-2;3605e-1;60e-2;3586e-1;20e-2
2016-03-05;09:15:00;1800e0;397553e0;14e0;1230e0;55e-2;37e-2;57e-2;3567e-1;52e-2;3562e-1;18e-2
2016-03-05;09:45:00;1800e0;361055e0;35e0;1105e0;53e-2;33e-2;59e-2;3556e-1;48e-2;3537e-1;16e-2
2016-03-05;10:15:00;1800e0;495581e0;79e0;1645e0;60e-2;45e-2;65e-2;3590e-1;63e-2;3591e-1;22e-2
2016-03-05;10:45:00;1800e0;973809e0;87e0;3584e0;89e-2;83e-2;93e-2;3706e-1;117e-2;3729e-1;40e-2
2016-03-05;11:15:00;1800e0;1503427e0;262e0;5164e0;125e-2;124e-2;128e-2;3771e-1;177e-2;3788e-1;59e-2
2016-03-05;11:45:00;1800e0;1454056e0;135e0;4877e0;123e-2;122e-2;126e-2;3767e-1;172e-2;3779e-1;58e-2
2016-03-05;12:15:00;1800e0;1151729e0;79e0;4567e0;101e-2;97e-2;105e-2;3727e-1;138e-2;3737e-1;46e-2
2016-03-05;12:45:00;1800e0;838513e0;99e0;3115e0;81e-2;72e-2;85e-2;3669e-1;104e-2;3669e-1;33e-2
2016-03-05;13:15:00;1800e0;792868e0;62e0;3056e0;77e-2;68e-2;81e-2;3650e-1;97e-2;3665e-1;34e-2
2016-03-05;13:45:00;1800e0;1176878e0;144e0;4283e0;103e-2;99e-2;106e-2;3727e-1;140e-2;3737e-1;48e-2
2016-03-05;14:15:00;1800e0;1748293e0;270e0;5819e0;143e-2;144e-2;145e-2;3784e-1;203e-2;3782e-1;70e-2
2016-03-05;14:45:00;1800e0;1454568e0;196e0;5022e0;122e-2;122e-2;125e-2;3758e-1;169e-2;3752e-1;61e-2
2016-03-05;15:15:00;1800e0;946932e0;116e0;3425e0;87e-2;82e-2;91e-2;3704e-1;115e-2;3711e-1;38e-2
2016-03-05;15:45:00;1800e0;614258e0;118e0;2379e0;67e-2;56e-2;72e-2;3640e-1;77e-2;3618e-1;27e-2
2016-03-05;16:15:00;1800e0;464530e0;62e0;1727e0;59e-2;42e-2;65e-2;3589e-1;59e-2;3580e-1;21e-2
2016-03-05;16:45:00;1800e0;144549e0;16e0;374e0;34e-2;13e-2;25e-2;3438e-1;22e-2;3422e-1;8e-2
2016-03-06;07:45:00;1800e0;46074e0;6e0;447e0;4e-2;8e-2;0e-2;3536e-1;14e-2;3456e-1;4e-2
2016-03-06;08:15:00;1800e0;186019e0;0e0;320e0;38e-2;17e-2;31e-2;3476e-1;27e-2;3420e-1;8e-2
2016-03-06;08:45:00;1800e0;308301e0;49e0;749e0;51e-2;28e-2;56e-2;3548e-1;42e-2;3529e-1;13e-2
2016-03-06;09:15:00;1800e0;228940e0;44e0;549e0;47e-2;21e-2;52e-2;3533e-1;33e-2;3486e-1;10e-2
2016-03-06;09:45:00;1800e0;413040e0;43e0;1228e0;55e-2;38e-2;60e-2;3619e-1;53e-2;3570e-1;17e-2
2016-03-06;10:15:00;1800e0;561390e0;93e0;2207e0;63e-2;52e-2;67e-2;3693e-1;71e-2;3646e-1;24e-2
2016-03-06;10:45:00;1800e0;515904e0;31e0;1752e0;61e-2;47e-2;65e-2;3649e-1;65e-2;3615e-1;22e-2
2016-03-06;11:15:00;1800e0;410140e0;12e0;1072e0;55e-2;37e-2;61e-2;3597e-1;53e-2;3568e-1;17e-2
2016-03-06;11:45:00;1800e0;337764e0;62e0;795e0;52e-2;31e-2;57e-2;3542e-1;45e-2;3537e-1;14e-2
2016-03-06;12:15:00;1800e0;718337e0;55e0;2338e0;74e-2;64e-2;78e-2;3675e-1;88e-2;3652e-1;29e-2
2016-03-06;12:45:00;1800e0;989930e0;87e0;3214e0;90e-2;86e-2;94e-2;3753e-1;118e-2;3738e-1;40e-2
2016-03-06;13:15:00;1800e0;569616e0;101e0;2108e0;64e-2;52e-2;68e-2;3676e-1;71e-2;3624e-1;24e-2
2016-03-06;13:45:00;1800e0;527995e0;68e0;2103e0;61e-2;48e-2;65e-2;3651e-1;66e-2;3622e-1;22e-2
2016-03-06;14:15:00;1800e0;543111e0;73e0;2328e0;62e-2;48e-2;68e-2;3679e-1;68e-2;3624e-1;23e-2
2016-03-06;14:45:00;1800e0;402087e0;56e0;1287e0;54e-2;36e-2;61e-2;3691e-1;48e-2;3604e-1;19e-2
2016-03-06;15:15:00;1800e0;306331e0;12e0;738e0;50e-2;27e-2;57e-2;3591e-1;33e-2;3569e-1;20e-2
2016-03-06;15:45:00;1800e0;350111e0;31e0;665e0;52e-2;31e-2;58e-2;3544e-1;35e-2;3626e-1;26e-2
2016-03-06;16:15:00;1800e0;343323e0;31e0;719e0;51e-2;30e-2;58e-2;3471e-1;34e-2;3647e-1;26e-2
2016-03-06;16:45:00;1800e0;207915e0;6e0;423e0;46e-2;17e-2;47e-2;3467e-1;22e-2;3574e-1;17e-2
2016-03-06;17:15:00;1800e0;66337e0;0e0;89e0;19e-2;8e-2;10e-2;3562e-1;12e-2;3608e-1;9e-2
2016-03-07;07:45:00;1800e0;83737e0;0e0;281e0;37e-2;13e-2;30e-2;3635e-1;19e-2;3642e-1;12e-2
2016-03-07;08:15:00;1800e0;358631e0;37e0;911e0;52e-2;33e-2;57e-2;3657e-1;37e-2;3722e-1;25e-2
2016-03-07;08:45:00;1800e0;637321e0;66e0;2069e0;67e-2;56e-2;71e-2;3745e-1;64e-2;3825e-1;38e-2
2016-03-07;09:15:00;1800e0;1052144e0;82e0;3473e0;95e-2;90e-2;98e-2;3835e-1;109e-2;3895e-1;54e-2
2016-03-07;09:45:00;1800e0;1482404e0;112e0;4821e0;125e-2;126e-2;127e-2;3897e-1;166e-2;3929e-1;60e-2
2016-03-07;10:15:00;1800e0;2319628e0;287e0;8127e0;188e-2;193e-2;190e-2;3839e-1;274e-2;3982e-1;78e-2
2016-03-07;10:45:00;1800e0;2207812e0;233e0;7725e0;178e-2;183e-2;180e-2;3831e-1;258e-2;3942e-1;79e-2
2016-03-07;11:15:00;1800e0;1813332e0;228e0;6091e0;150e-2;152e-2;152e-2;3795e-1;208e-2;3869e-1;72e-2
2016-03-07;11:45:00;1800e0;1961421e0;206e0;6720e0;161e-2;163e-2;163e-2;3796e-1;217e-2;3832e-1;86e-2
2016-03-07;12:15:00;1800e0;9557626e0;2257e0;32715e0;743e-2;758e-2;750e-2;3787e-1;1143e-2;3861e-1;330e-2
2016-03-07;12:45:00;1800e0;8799629e0;1846e0;30597e0;686e-2;700e-2;693e-2;3733e-1;1041e-2;3811e-1;332e-2
2016-03-07;13:15:00;1800e0;2379565e0;333e0;8253e0;191e-2;195e-2;193e-2;3794e-1;268e-2;3802e-1;100e-2
2016-03-07;13:45:00;1800e0;2879848e0;540e0;9957e0;230e-2;236e-2;232e-2;3812e-1;323e-2;3815e-1;118e-2
2016-03-07;14:15:00;1800e0;5336991e0;1359e0;18219e0;421e-2;432e-2;425e-2;3823e-1;569e-2;3842e-1;245e-2
2016-03-07;14:45:00;1800e0;3336236e0;487e0;11543e0;269e-2;274e-2;272e-2;3780e-1;353e-2;3771e-1;161e-2
2016-03-07;15:15:00;1800e0;677505e0;94e0;2447e0;70e-2;60e-2;75e-2;3634e-1;83e-2;3616e-1;29e-2
2016-03-07;15:45:00;1800e0;848845e0;150e0;3178e0;80e-2;72e-2;85e-2;3680e-1;99e-2;3694e-1;38e-2
2016-03-07;16:15:00;1800e0;444902e0;30e0;1282e0;56e-2;39e-2;63e-2;3571e-1;56e-2;3567e-1;20e-2
2016-03-07;16:45:00;1800e0;306466e0;24e0;662e0;50e-2;26e-2;57e-2;3517e-1;38e-2;3524e-1;17e-2
2016-03-07;17:15:00;1800e0;119541e0;0e0;250e0;27e-2;10e-2;17e-2;3397e-1;19e-2;3377e-1;7e-2
2016-03-08;07:15:00;1800e0;354538e0;31e0;1661e0;53e-2;39e-2;54e-2;3653e-1;59e-2;3597e-1;13e-2
2016-03-08;07:45:00;1800e0;1128546e0;169e0;3887e0;101e-2;97e-2;104e-2;3780e-1;150e-2;3702e-1;26e-2
2016-03-08;08:15:00;1800e0;846220e0;140e0;2711e0;82e-2;74e-2;86e-2;3686e-1;107e-2;3680e-1;29e-2
2016-03-08;08:45:00;1800e0;868283e0;139e0;2810e0;81e-2;75e-2;85e-2;3718e-1;107e-2;3713e-1;33e-2
2016-03-08;09:15:00;1800e0;4093275e0;959e0;14025e0;327e-2;335e-2;330e-2;3812e-1;576e-2;3875e-1;48e-2
2016-03-08;09:45:00;1800e0;3700192e0;717e0;12834e0;295e-2;302e-2;297e-2;3817e-1;488e-2;3871e-1;76e-2
2016-03-08;10:15:00;1800e0;3066150e0;452e0;10696e0;245e-2;251e-2;248e-2;3798e-1;385e-2;3839e-1;86e-2
2016-03-08;10:45:00;1800e0;2759238e0;427e0;9598e0;224e-2;224e-2;228e-2;3735e-1;353e-2;3770e-1;71e-2
2016-03-08;11:15:00;1800e0;9234075e0;3156e0;30549e0;724e-2;738e-2;731e-2;3700e-1;1255e-2;3855e-1;187e-2
2016-03-08;11:45:00;1800e0;11496185e0;3001e0;39008e0;909e-2;926e-2;918e-2;3676e-1;1504e-2;3853e-1;304e-2
2016-03-08;12:15:00;1800e0;6878796e0;1147e0;23970e0;545e-2;557e-2;549e-2;3776e-1;825e-2;3830e-1;233e-2
2016-03-08;12:45:00;1800e0;5438025e0;999e0;18971e0;433e-2;444e-2;437e-2;3800e-1;626e-2;3834e-1;209e-2
2016-03-08;13:15:00;1800e0;7907180e0;1585e0;27398e0;624e-2;639e-2;630e-2;3800e-1;867e-2;3837e-1;349e-2
2016-03-08;13:45:00;1800e0;7161251e0;1939e0;24223e0;564e-2;577e-2;569e-2;3779e-1;776e-2;3801e-1;332e-2
2016-03-08;14:15:00;1800e0;5907832e0;1122e0;20589e0;468e-2;480e-2;473e-2;3795e-1;625e-2;3808e-1;285e-2
2016-03-08;14:45:00;1800e0;2131974e0;315e0;7330e0;173e-2;178e-2;176e-2;3773e-1;245e-2;3778e-1;87e-2
2016-03-08;15:15:00;1800e0;978356e0;84e0;3337e0;89e-2;84e-2;93e-2;3706e-1;119e-2;3700e-1;38e-2
2016-03-08;15:45:00;1800e0;692177e0;129e0;2555e0;70e-2;59e-2;75e-2;3651e-1;86e-2;3637e-1;28e-2
2016-03-08;16:15:00;1800e0;471409e0;31e0;1471e0;57e-2;41e-2;64e-2;3586e-1;61e-2;3559e-1;19e-2
2016-03-08;16:45:00;1800e0;155137e0;12e0;247e0;35e-2;12e-2;25e-2;3421e-1;24e-2;3406e-1;7e-2
2016-03-08;17:15:00;1800e0;98150e0;0e0;150e0;21e-2;9e-2;11e-2;3382e-1;17e-2;3380e-1;6e-2
2016-03-09;07:15:00;1800e0;892802e0;98e0;2771e0;86e-2;78e-2;90e-2;3871e-1;122e-2;3680e-1;16e-2
2016-03-09;07:45:00;1800e0;1556064e0;168e0;5295e0;132e-2;133e-2;134e-2;3874e-1;211e-2;3768e-1;26e-2
2016-03-09;08:15:00;1800e0;746116e0;70e0;2097e0;75e-2;66e-2;80e-2;3701e-1;99e-2;3686e-1;22e-2
2016-03-09;08:45:00;1800e0;823043e0;129e0;2994e0;78e-2;71e-2;83e-2;3737e-1;100e-2;3733e-1;32e-2
2016-03-09;09:15:00;1800e0;1216521e0;119e0;3894e0;106e-2;104e-2;109e-2;3807e-1;143e-2;3818e-1;47e-2
2016-03-09;09:45:00;1800e0;1205270e0;113e0;3800e0;105e-2;104e-2;108e-2;3779e-1;143e-2;3796e-1;47e-2
2016-03-09;10:15:00;1800e0;1106461e0;93e0;3684e0;98e-2;95e-2;100e-2;3758e-1;134e-2;3759e-1;42e-2
2016-03-09;10:45:00;1800e0;1021424e0;134e0;3530e0;92e-2;87e-2;95e-2;3741e-1;123e-2;3737e-1;40e-2
2016-03-09;11:15:00;1800e0;1368310e0;128e0;4710e0;116e-2;116e-2;119e-2;3773e-1;161e-2;3772e-1;53e-2
2016-03-09;11:45:00;1800e0;1815535e0;153e0;6206e0;149e-2;151e-2;151e-2;3791e-1;211e-2;3788e-1;71e-2
2016-03-09;12:15:00;1800e0;7782631e0;1837e0;26923e0;617e-2;631e-2;623e-2;3753e-1;944e-2;3830e-1;261e-2
2016-03-09;12:45:00;1800e0;6135566e0;1222e0;21099e0;488e-2;501e-2;493e-2;3785e-1;715e-2;3820e-1;229e-2
2016-03-09;13:15:00;1800e0;7367545e0;2294e0;24710e0;585e-2;599e-2;591e-2;3762e-1;824e-2;3798e-1;315e-2
2016-03-09;13:45:00;1800e0;2465256e0;406e0;8279e0;200e-2;207e-2;202e-2;3769e-1;270e-2;3773e-1;114e-2
2016-03-09;14:15:00;1800e0;6267119e0;1231e0;21716e0;499e-2;513e-2;504e-2;3790e-1;652e-2;3798e-1;313e-2
2016-03-09;14:45:00;1800e0;3790784e0;807e0;12947e0;304e-2;313e-2;306e-2;3779e-1;386e-2;3782e-1;201e-2
2016-03-09;15:15:00;1800e0;7139428e0;2029e0;24090e0;569e-2;583e-2;575e-2;3777e-1;700e-2;3767e-1;405e-2
2016-03-09;15:45:00;1800e0;4604060e0;1026e0;15813e0;368e-2;376e-2;372e-2;3758e-1;420e-2;3759e-1;293e-2
2016-03-09;16:15:00;1800e0;1093818e0;148e0;3767e0;98e-2;93e-2;101e-2;3658e-1;107e-2;3709e-1;69e-2
2016-03-09;16:45:00;1800e0;1028844e0;176e0;3798e0;93e-2;87e-2;97e-2;3672e-1;96e-2;3758e-1;69e-2
2016-03-09;17:15:00;1800e0;1040134e0;137e0;3516e0;94e-2;89e-2;98e-2;3648e-1;82e-2;3799e-1;84e-2
2016-03-09;17:45:00;1800e0;303382e0;50e0;894e0;47e-2;32e-2;48e-2;3507e-1;29e-2;3690e-1;33e-2
2016-03-10;07:15:00;1800e0;109177e0;18e0;331e0;35e-2;14e-2;30e-2;3564e-1;25e-2;3512e-1;7e-2
2016-03-10;07:45:00;1800e0;491763e0;111e0;1489e0;59e-2;44e-2;64e-2;3627e-1;64e-2;3605e-1;19e-2
2016-03-10;08:15:00;1800e0;1284587e0;138e0;4330e0;112e-2;109e-2;115e-2;3764e-1;162e-2;3760e-1;39e-2
2016-03-10;08:45:00;1800e0;1328704e0;178e0;4589e0;114e-2;112e-2;118e-2;3768e-1;162e-2;3776e-1;46e-2
2016-03-10;09:15:00;1800e0;1237303e0;174e0;3811e0;107e-2;106e-2;111e-2;3767e-1;145e-2;3768e-1;49e-2
2016-03-10;09:45:00;1800e0;1294251e0;89e0;4134e0;112e-2;111e-2;114e-2;3771e-1;152e-2;3774e-1;52e-2
2016-03-10;10:15:00;1799e0;1275015e0;123e0;4139e0;110e-2;109e-2;113e-2;3761e-1;150e-2;3771e-1;52e-2
2016-03-10;10:45:00;1800e0;1438409e0;166e0;4780e0;122e-2;123e-2;124e-2;3771e-1;170e-2;3780e-1;56e-2
2016-03-10;11:15:00;1800e0;1158443e0;179e0;3952e0;102e-2;99e-2;105e-2;3732e-1;136e-2;3742e-1;49e-2
2016-03-10;11:45:00;1800e0;1615610e0;175e0;5447e0;134e-2;136e-2;137e-2;3772e-1;185e-2;3786e-1;68e-2
2016-03-10;12:15:00;1800e0;1682468e0;193e0;5960e0;140e-2;141e-2;142e-2;3769e-1;194e-2;3780e-1;69e-2
2016-03-10;12:45:00;1800e0;1428842e0;199e0;5027e0;121e-2;120e-2;124e-2;3753e-1;168e-2;3756e-1;56e-2
2016-03-10;13:15:00;1800e0;3242531e0;500e0;11276e0;258e-2;266e-2;260e-2;3815e-1;363e-2;3820e-1;134e-2
2016-03-10;13:45:00;1800e0;5505175e0;1262e0;18797e0;433e-2;445e-2;437e-2;3845e-1;582e-2;3842e-1;255e-2
2016-03-10;14:15:00;1800e0;4362549e0;968e0;14845e0;345e-2;355e-2;348e-2;3827e-1;452e-2;3826e-1;216e-2
2016-03-10;14:45:00;1800e0;7766263e0;1759e0;26635e0;608e-2;623e-2;614e-2;3836e-1;750e-2;3818e-1;442e-2
2016-03-10;15:15:00;1800e0;10859845e0;2717e0;36788e0;849e-2;866e-2;858e-2;3785e-1;1015e-2;3715e-1;674e-2
2016-03-10;15:45:00;1800e0;9643081e0;2618e0;32745e0;757e-2;772e-2;764e-2;3829e-1;835e-2;3742e-1;652e-2
2016-03-10;16:15:00;1800e0;7968770e0;1896e0;27244e0;625e-2;639e-2;630e-2;3845e-1;633e-2;3757e-1;594e-2
2016-03-10;16:45:00;1800e0;5854625e0;1345e0;20252e0;465e-2;478e-2;469e-2;3850e-1;415e-2;3844e-1;479e-2
2016-03-10;17:15:00;1800e0;3115524e0;500e0;10605e0;251e-2;258e-2;253e-2;3801e-1;192e-2;3865e-1;285e-2
2016-03-10;17:45:00;1800e0;441156e0;37e0;1361e0;54e-2;45e-2;53e-2;3531e-1;35e-2;3689e-1;52e-2
2016-03-11;07:15:00;1800e0;135809e0;24e0;759e0;25e-2;14e-2;21e-2;3488e-1;22e-2;3454e-1;6e-2
2016-03-11;07:45:00;1800e0;407410e0;81e0;1174e0;54e-2;38e-2;59e-2;3640e-1;53e-2;3598e-1;16e-2
2016-03-11;08:15:00;1800e0;659077e0;84e0;2217e0;68e-2;59e-2;72e-2;3726e-1;82e-2;3696e-1;25e-2
2016-03-11;08:45:00;1800e0;942460e0;81e0;3028e0;86e-2;82e-2;89e-2;3773e-1;113e-2;3757e-1;37e-2
2016-03-11;09:15:00;1800e0;1385961e0;99e0;4617e0;118e-2;118e-2;120e-2;3823e-1;166e-2;3808e-1;49e-2
2016-03-11;09:45:00;1800e0;3072498e0;330e0;10915e0;245e-2;253e-2;247e-2;3855e-1;384e-2;3869e-1;84e-2
2016-03-11;10:15:00;1800e0;8355606e0;2345e0;28355e0;662e-2;678e-2;669e-2;3706e-1;1198e-2;3958e-1;110e-2
2016-03-11;10:45:00;1800e0;7386682e0;1507e0;25496e0;584e-2;598e-2;589e-2;3651e-1;1055e-2;3860e-1;121e-2
2016-03-11;11:15:00;1800e0;9488996e0;2784e0;31417e0;750e-2;766e-2;757e-2;3651e-1;1306e-2;3848e-1;206e-2
2016-03-11;11:45:00;1800e0;10956466e0;2945e0;37288e0;862e-2;880e-2;872e-2;3525e-1;1493e-2;3793e-1;297e-2
2016-03-11;12:15:00;1800e0;9534101e0;2664e0;32653e0;747e-2;763e-2;755e-2;3598e-1;1220e-2;3768e-1;315e-2
2016-03-11;12:45:00;1800e0;12649678e0;3334e0;44370e0;995e-2;1013e-2;1005e-2;3473e-1;1596e-2;3681e-1;499e-2
2016-03-11;13:15:00;1800e0;12624857e0;3731e0;43402e0;992e-2;1010e-2;1003e-2;3470e-1;1531e-2;3621e-1;567e-2
2016-03-11;13:45:00;1800e0;12596016e0;3295e0;44158e0;988e-2;1006e-2;998e-2;3480e-1;1462e-2;3574e-1;632e-2
2016-03-11;14:15:00;1800e0;12186980e0;3083e0;41278e0;969e-2;987e-2;979e-2;3534e-1;1340e-2;3549e-1;670e-2
2016-03-11;14:45:00;1800e0;11587524e0;2935e0;39392e0;919e-2;937e-2;928e-2;3593e-1;1202e-2;3553e-1;690e-2
2016-03-11;15:15:00;1800e0;10640528e0;2788e0;35913e0;844e-2;860e-2;852e-2;3648e-1;1033e-2;3570e-1;686e-2
2016-03-11;15:45:00;1800e0;9282492e0;2387e0;31750e0;729e-2;744e-2;735e-2;3740e-1;828e-2;3631e-1;643e-2
2016-03-11;16:15:00;1800e0;7755227e0;2088e0;26436e0;608e-2;622e-2;613e-2;3813e-1;626e-2;3715e-1;580e-2
2016-03-11;16:45:00;1800e0;5324748e0;1018e0;18405e0;420e-2;431e-2;423e-2;3827e-1;386e-2;3816e-1;433e-2
2016-03-11;17:15:00;1800e0;2736260e0;458e0;9412e0;220e-2;226e-2;222e-2;3777e-1;176e-2;3879e-1;243e-2
2016-03-11;17:45:00;1800e0;487696e0;50e0;1490e0;54e-2;42e-2;53e-2;3506e-1;35e-2;3496e-1;47e-2
2016-03-12;07:35:00;1800e0;251970e0;12e0;579e0;47e-2;23e-2;52e-2;3578e-1;36e-2;3558e-1;11e-2
2016-03-12;08:05:00;1800e0;504899e0;60e0;1626e0;59e-2;45e-2;65e-2;3680e-1;65e-2;3685e-1;21e-2
2016-03-12;08:35:00;1800e0;970707e0;74e0;3137e0;89e-2;84e-2;92e-2;3801e-1;119e-2;3797e-1;36e-2
2016-03-12;09:05:00;1800e0;1275187e0;81e0;4171e0;109e-2;108e-2;112e-2;3833e-1;152e-2;3830e-1;47e-2
2016-03-12;09:35:00;1800e0;1756399e0;236e0;5968e0;143e-2;146e-2;146e-2;3841e-1;207e-2;3858e-1;63e-2
2016-03-12;10:05:00;1800e0;2250225e0;288e0;7643e0;180e-2;185e-2;183e-2;3843e-1;268e-2;3871e-1;77e-2
2016-03-12;10:35:00;1800e0;3636845e0;528e0;12604e0;287e-2;295e-2;289e-2;3846e-1;447e-2;3871e-1;107e-2
2016-03-12;11:05:00;1800e0;8210567e0;1957e0;27995e0;647e-2;662e-2;654e-2;3730e-1;1132e-2;3873e-1;149e-2
2016-03-12;11:35:00;1800e0;10800257e0;3471e0;36126e0;846e-2;863e-2;855e-2;3523e-1;1533e-2;3829e-1;231e-2
2016-03-12;12:05:00;1800e0;11661298e0;3346e0;38845e0;910e-2;927e-2;919e-2;3517e-1;1576e-2;3782e-1;331e-2
2016-03-12;12:35:00;1800e0;12286123e0;3599e0;41792e0;957e-2;974e-2;966e-2;3503e-1;1587e-2;3730e-1;429e-2
2016-03-12;13:05:00;1800e0;12680592e0;3823e0;43777e0;998e-2;1015e-2;1008e-2;3513e-1;1565e-2;3679e-1;517e-2
2016-03-12;13:35:00;1800e0;12793108e0;4206e0;43185e0;1014e-2;1030e-2;1024e-2;3523e-1;1510e-2;3635e-1;589e-2
2016-03-12;14:05:00;1800e0;12659941e0;3253e0;44245e0;997e-2;1014e-2;1007e-2;3554e-1;1425e-2;3593e-1;646e-2
2016-03-12;14:35:00;1800e0;12308794e0;3574e0;41911e0;968e-2;984e-2;978e-2;3583e-1;1319e-2;3580e-1;688e-2
2016-03-12;15:05:00;1800e0;11157831e0;2770e0;37903e0;878e-2;893e-2;886e-2;3658e-1;1120e-2;3620e-1;669e-2
2016-03-12;15:35:00;1800e0;10185497e0;2380e0;34777e0;803e-2;819e-2;811e-2;3729e-1;952e-2;3656e-1;658e-2
2016-03-12;16:05:00;1800e0;8404874e0;2196e0;28721e0;666e-2;680e-2;672e-2;3786e-1;727e-2;3697e-1;587e-2
2016-03-12;16:35:00;1800e0;6704791e0;1924e0;22914e0;531e-2;544e-2;535e-2;3821e-1;538e-2;3751e-1;500e-2
2016-03-12;17:05:00;1800e0;4440362e0;571e0;15360e0;353e-2;362e-2;355e-2;3817e-1;324e-2;3866e-1;355e-2
2016-03-12;17:35:00;1800e0;1814880e0;321e0;6137e0;151e-2;151e-2;155e-2;3701e-1;121e-2;3839e-1;163e-2
2016-03-12;18:05:00;1799e0;143138e0;12e0;304e0;33e-2;15e-2;30e-2;3455e-1;17e-2;3572e-1;18e-2
2016-03-13;07:35:00;1800e0;48120e0;0e0;251e0;11e-2;8e-2;3e-2;3595e-1;15e-2;3559e-1;5e-2
2016-03-13;08:05:00;1800e0;197680e0;31e0;449e0;44e-2;18e-2;45e-2;3520e-1;29e-2;3491e-1;10e-2
2016-03-13;08:35:00;1800e0;406429e0;24e0;1123e0;54e-2;36e-2;61e-2;3621e-1;52e-2;3581e-1;18e-2
2016-03-13;09:05:00;1800e0;552172e0;61e0;1994e0;62e-2;50e-2;67e-2;3680e-1;69e-2;3651e-1;23e-2
2016-03-13;09:35:00;1799e0;711271e0;106e0;2548e0;72e-2;63e-2;76e-2;3719e-1;86e-2;3712e-1;30e-2
2016-03-13;10:05:00;1800e0;846034e0;78e0;2913e0;80e-2;73e-2;84e-2;3740e-1;100e-2;3749e-1;35e-2
2016-03-13;10:35:00;1800e0;826806e0;56e0;2923e0;79e-2;72e-2;83e-2;3736e-1;99e-2;3746e-1;35e-2
2016-03-13;11:05:00;1799e0;1216848e0;136e0;3950e0;106e-2;105e-2;109e-2;3802e-1;142e-2;3802e-1;50e-2
2016-03-13;11:35:00;1800e0;1181625e0;124e0;3655e0;104e-2;102e-2;107e-2;3783e-1;138e-2;3790e-1;50e-2
2016-03-13;12:05:00;1800e0;1097671e0;148e0;3395e0;97e-2;94e-2;101e-2;3773e-1;129e-2;3776e-1;46e-2
2016-03-13;12:35:00;1800e0;1129938e0;152e0;3482e0;100e-2;97e-2;104e-2;3785e-1;132e-2;3789e-1;47e-2
2016-03-13;13:05:00;1800e0;1196403e0;142e0;3708e0;105e-2;102e-2;108e-2;3789e-1;139e-2;3793e-1;49e-2
2016-03-13;13:35:00;1800e0;1340737e0;148e0;4597e0;115e-2;113e-2;118e-2;3797e-1;156e-2;3811e-1;54e-2
2016-03-13;14:05:00;1800e0;1131845e0;118e0;3829e0;100e-2;96e-2;103e-2;3778e-1;133e-2;3772e-1;47e-2
2016-03-13;14:35:00;1800e0;1145056e0;150e0;4184e0;101e-2;96e-2;104e-2;3774e-1;134e-2;3772e-1;47e-2
2016-03-13;15:05:00;1800e0;997379e0;80e0;3641e0;91e-2;84e-2;95e-2;3736e-1;118e-2;3740e-1;42e-2
2016-03-13;15:35:00;1800e0;1261875e0;129e0;4169e0;111e-2;106e-2;114e-2;3757e-1;143e-2;3761e-1;55e-2
2016-03-13;16:05:00;1800e0;683557e0;52e0;2411e0;71e-2;60e-2;76e-2;3671e-1;83e-2;3667e-1;30e-2
2016-03-13;16:35:00;1800e0;571441e0;105e0;1759e0;64e-2;51e-2;69e-2;3633e-1;70e-2;3616e-1;25e-2
2016-03-13;17:05:00;1800e0;468364e0;87e0;1390e0;59e-2;42e-2;65e-2;3592e-1;57e-2;3589e-1;24e-2
2016-03-13;17:35:00;1800e0;214466e0;44e0;541e0;45e-2;18e-2;46e-2;3497e-1;29e-2;3502e-1;12e-2
2016-03-14;07:35:00;1800e0;90601e0;4e0;166e0;14e-2;9e-2;4e-2;3362e-1;16e-2;3353e-1;5e-2
2016-03-14;08:05:00;1800e0;236218e0;12e0;602e0;46e-2;20e-2;49e-2;3509e-1;34e-2;3485e-1;11e-2
2016-03-14;08:35:00;1800e0;288251e0;31e0;608e0;48e-2;23e-2;55e-2;3515e-1;40e-2;3520e-1;13e-2
2016-03-14;09:05:00;1800e0;305662e0;30e0;665e0;49e-2;25e-2;57e-2;3520e-1;41e-2;3511e-1;14e-2
2016-03-14;09:35:00;1800e0;476885e0;35e0;1592e0;58e-2;42e-2;65e-2;3585e-1;61e-2;3576e-1;21e-2
2016-03-14;10:05:00;1800e0;721982e0;100e0;2405e0;72e-2;63e-2;77e-2;3653e-1;89e-2;3662e-1;30e-2
2016-03-14;10:35:00;1800e0;761202e0;119e0;2450e0;75e-2;66e-2;80e-2;3661e-1;93e-2;3664e-1;32e-2
2016-03-14;11:05:00;1800e0;964452e0;107e0;3221e0;89e-2;83e-2;93e-2;3710e-1;116e-2;3710e-1;41e-2
2016-03-14;11:35:00;1800e0;855767e0;89e0;2767e0;81e-2;73e-2;85e-2;3685e-1;103e-2;3686e-1;36e-2
2016-03-14;12:05:00;1800e0;798456e0;110e0;2751e0;78e-2;69e-2;82e-2;3667e-1;98e-2;3666e-1;34e-2
2016-03-14;12:35:00;1800e0;867593e0;89e0;2997e0;82e-2;75e-2;86e-2;3678e-1;105e-2;3684e-1;37e-2
2016-03-14;13:05:00;1800e0;1018288e0;142e0;3423e0;92e-2;87e-2;96e-2;3708e-1;122e-2;3709e-1;43e-2
2016-03-14;13:35:00;1800e0;895724e0;137e0;3037e0;84e-2;77e-2;88e-2;3680e-1;108e-2;3681e-1;38e-2
2016-03-14;14:05:00;1800e0;1041311e0;87e0;3451e0;94e-2;89e-2;98e-2;3703e-1;126e-2;3705e-1;43e-2
2016-03-14;14:35:00;1800e0;858124e0;89e0;3108e0;81e-2;73e-2;86e-2;3668e-1;104e-2;3671e-1;36e-2
2016-03-14;15:05:00;1800e0;698621e0;93e0;2527e0;71e-2;60e-2;76e-2;3635e-1;87e-2;3626e-1;30e-2
2016-03-14;15:35:00;1800e0;748413e0;150e0;2766e0;74e-2;63e-2;79e-2;3643e-1;93e-2;3634e-1;31e-2
2016-03-14;16:05:00;1800e0;496435e0;80e0;1797e0;58e-2;42e-2;66e-2;3573e-1;63e-2;3546e-1;22e-2
2016-03-14;16:35:00;1800e0;312049e0;37e0;774e0;49e-2;24e-2;58e-2;3510e-1;42e-2;3476e-1;14e-2
2016-03-14;17:05:00;1800e0;195342e0;37e0;454e0;44e-2;14e-2;49e-2;3459e-1;30e-2;3439e-1;10e-2
2016-03-14;17:35:00;1800e0;84680e0;0e0;135e0;21e-2;8e-2;8e-2;3408e-1;17e-2;3357e-1;6e-2
2016-03-15;07:35:00;1800e0;215916e0;12e0;374e0;38e-2;21e-2;36e-2;3465e-1;33e-2;3398e-1;10e-2
2016-03-15;08:05:00;1800e0;452862e0;62e0;1397e0;58e-2;41e-2;64e-2;3553e-1;61e-2;3537e-1;18e-2
2016-03-15;08:35:00;1800e0;869176e0;128e0;3086e0;82e-2;76e-2;86e-2;3669e-1;109e-2;3659e-1;34e-2
2016-03-15;09:05:00;1800e0;1028564e0;92e0;3786e0;93e-2;87e-2;96e-2;3684e-1;127e-2;3669e-1;41e-2
2016-03-15;09:35:00;1800e0;2102822e0;137e0;7478e0;171e-2;174e-2;173e-2;3761e-1;263e-2;3747e-1;66e-2
2016-03-15;10:05:00;1800e0;2969786e0;599e0;10027e0;238e-2;244e-2;240e-2;3784e-1;383e-2;3764e-1;79e-2
2016-03-15;10:35:00;1800e0;3287434e0;388e0;11699e0;262e-2;270e-2;264e-2;3780e-1;411e-2;3769e-1;101e-2
2016-03-15;11:05:00;1800e0;3977648e0;453e0;14162e0;315e-2;324e-2;318e-2;3782e-1;494e-2;3773e-1;122e-2
2016-03-15;11:35:00;1800e0;4206718e0;553e0;14814e0;332e-2;341e-2;335e-2;3782e-1;517e-2;3777e-1;134e-2
2016-03-15;12:05:00;1800e0;6827684e0;1695e0;23431e0;536e-2;549e-2;541e-2;3751e-1;845e-2;3782e-1;216e-2
2016-03-15;12:35:00;1800e0;11795424e0;2679e0;40416e0;932e-2;948e-2;941e-2;3564e-1;1480e-2;3690e-1;447e-2
2016-03-15;13:05:00;1800e0;10316195e0;2847e0;34871e0;815e-2;830e-2;823e-2;3513e-1;1278e-2;3620e-1;430e-2
2016-03-15;13:35:00;1800e0;12104057e0;2544e0;41741e0;958e-2;976e-2;968e-2;3598e-1;1397e-2;3681e-1;556e-2
2016-03-15;14:05:00;1800e0;13100510e0;3722e0;44753e0;1027e-2;1044e-2;1037e-2;3610e-1;1449e-2;3656e-1;661e-2
2016-03-15;14:35:00;1800e0;12751163e0;3780e0;43660e0;996e-2;1014e-2;1006e-2;3635e-1;1343e-2;3635e-1;705e-2
2016-03-15;15:05:00;1800e0;12147806e0;3018e0;41437e0;950e-2;967e-2;960e-2;3665e-1;1211e-2;3634e-1;731e-2
2016-03-15;15:35:00;1800e0;11219324e0;2668e0;38187e0;877e-2;893e-2;886e-2;3693e-1;1051e-2;3624e-1;739e-2
2016-03-15;16:05:00;1800e0;9899024e0;3067e0;33073e0;773e-2;788e-2;780e-2;3737e-1;855e-2;3635e-1;714e-2
2016-03-15;16:35:00;1800e0;8336456e0;2076e0;28545e0;656e-2;669e-2;661e-2;3772e-1;649e-2;3669e-1;664e-2
2016-03-15;17:05:00;1800e0;6298549e0;1469e0;21662e0;499e-2;511e-2;503e-2;3801e-1;424e-2;3782e-1;554e-2
2016-03-15;17:35:00;1800e0;3697502e0;476e0;13032e0;296e-2;304e-2;298e-2;3791e-1;201e-2;3955e-1;359e-2
2016-03-15;18:05:00;1800e0;888406e0;123e0;2852e0;83e-2;74e-2;82e-2;3527e-1;43e-2;3709e-1;99e-2
2016-03-16;07:05:00;1800e0;737612e0;112e0;2390e0;74e-2;64e-2;78e-2;3948e-1;98e-2;3712e-1;16e-2
2016-03-16;07:35:00;1800e0;1904213e0;284e0;6520e0;154e-2;158e-2;157e-2;3948e-1;259e-2;3792e-1;27e-2
2016-03-16;08:05:00;1800e0;3247840e0;399e0;11379e0;258e-2;267e-2;259e-2;3915e-1;457e-2;3865e-1;31e-2
2016-03-16;08:35:00;1800e0;4703157e0;832e0;16131e0;373e-2;384e-2;376e-2;3837e-1;680e-2;3881e-1;36e-2
2016-03-16;09:05:00;1800e0;5982932e0;1848e0;20583e0;471e-2;484e-2;475e-2;3746e-1;890e-2;3919e-1;39e-2
2016-03-16;09:35:00;1800e0;7059516e0;1650e0;24519e0;558e-2;572e-2;563e-2;3662e-1;1078e-2;4009e-1;40e-2
2016-03-16;10:05:00;1800e0;8039552e0;2153e0;27559e0;636e-2;650e-2;641e-2;3599e-1;1244e-2;3836e-1;52e-2
2016-03-16;10:35:00;1800e0;8871667e0;2192e0;30297e0;703e-2;719e-2;709e-2;3556e-1;1377e-2;3833e-1;68e-2
2016-03-16;11:05:00;1800e0;9704118e0;2614e0;32805e0;769e-2;786e-2;777e-2;3523e-1;1480e-2;3855e-1;111e-2
2016-03-16;11:35:00;1800e0;10739016e0;3022e0;36184e0;851e-2;869e-2;860e-2;3508e-1;1554e-2;3824e-1;210e-2
2016-03-16;12:05:00;1800e0;11648988e0;3391e0;39074e0;920e-2;938e-2;929e-2;3495e-1;1595e-2;3772e-1;323e-2
2016-03-16;12:35:00;1800e0;12151308e0;2897e0;42753e0;951e-2;969e-2;961e-2;3483e-1;1585e-2;3717e-1;422e-2
2016-03-16;13:05:00;1800e0;12737486e0;3642e0;43897e0;999e-2;1017e-2;1008e-2;3495e-1;1582e-2;3678e-1;517e-2
2016-03-16;13:35:00;1800e0;12944323e0;3589e0;44163e0;1012e-2;1030e-2;1022e-2;3525e-1;1529e-2;3647e-1;594e-2
2016-03-16;14:05:00;1800e0;12888296e0;3606e0;44013e0;1006e-2;1023e-2;1016e-2;3553e-1;1449e-2;3618e-1;656e-2
2016-03-16;14:35:00;1800e0;12574938e0;3891e0;43302e0;987e-2;1004e-2;996e-2;3590e-1;1342e-2;3598e-1;702e-2
2016-03-16;15:05:00;1800e0;11910865e0;3278e0;39857e0;931e-2;947e-2;940e-2;3634e-1;1199e-2;3592e-1;724e-2
2016-03-16;15:35:00;1800e0;10942011e0;2940e0;37156e0;855e-2;870e-2;863e-2;3684e-1;1030e-2;3594e-1;725e-2
2016-03-16;16:05:00;1800e0;9567927e0;2397e0;32845e0;747e-2;760e-2;753e-2;3727e-1;830e-2;3620e-1;692e-2
2016-03-16;16:35:00;1800e0;7861948e0;2174e0;26888e0;621e-2;634e-2;626e-2;3766e-1;615e-2;3669e-1;625e-2
2016-03-16;17:05:00;1800e0;5888600e0;1282e0;20443e0;466e-2;477e-2;470e-2;3792e-1;398e-2;3756e-1;520e-2
2016-03-16;17:35:00;1800e0;3589806e0;497e0;12538e0;286e-2;293e-2;287e-2;3780e-1;195e-2;3844e-1;358e-2
2016-03-16;18:05:00;1800e0;1045878e0;91e0;3425e0;98e-2;87e-2;95e-2;3559e-1;47e-2;3775e-1;118e-2
2016-03-17;07:05:01;1800e0;584957e0;43e0;1944e0;65e-2;52e-2;70e-2;3820e-1;79e-2;3644e-1;16e-2
2016-03-17;07:35:01;1800e0;1670678e0;224e0;5643e0;139e-2;141e-2;142e-2;3913e-1;228e-2;3732e-1;26e-2
2016-03-17;08:05:01;1800e0;2888858e0;525e0;10022e0;231e-2;240e-2;233e-2;3872e-1;407e-2;3790e-1;32e-2
2016-03-17;08:35:01;1800e0;4437077e0;728e0;15291e0;353e-2;364e-2;356e-2;3818e-1;641e-2;3825e-1;39e-2
2016-03-17;09:05:01;1800e0;5782827e0;1375e0;19779e0;457e-2;470e-2;461e-2;3769e-1;850e-2;3892e-1;44e-2
2016-03-17;09:35:01;1800e0;7075002e0;1635e0;24443e0;560e-2;573e-2;564e-2;3746e-1;1049e-2;3967e-1;46e-2
2016-03-17;10:05:01;1800e0;6071336e0;1257e0;20902e0;482e-2;495e-2;487e-2;3745e-1;857e-2;3883e-1;87e-2
2016-03-17;10:35:01;1800e0;4536474e0;855e0;15676e0;362e-2;371e-2;365e-2;3790e-1;593e-2;3797e-1;106e-2
2016-03-17;11:05:01;1800e0;5406103e0;1187e0;18616e0;430e-2;441e-2;434e-2;3778e-1;697e-2;3815e-1;137e-2
2016-03-17;11:35:01;1800e0;2395967e0;274e0;8293e0;196e-2;200e-2;198e-2;3774e-1;279e-2;3779e-1;95e-2
2016-03-17;12:05:01;1800e0;2667442e0;483e0;9332e0;215e-2;220e-2;217e-2;3780e-1;308e-2;3784e-1;107e-2
2016-03-17;12:35:01;1800e0;8434586e0;1986e0;28904e0;668e-2;681e-2;674e-2;3736e-1;1017e-2;3778e-1;305e-2
2016-03-17;13:05:01;1800e0;9322144e0;2453e0;31846e0;740e-2;754e-2;746e-2;3704e-1;1089e-2;3752e-1;375e-2
2016-03-17;13:35:01;1800e0;11142285e0;2929e0;37882e0;881e-2;896e-2;889e-2;3663e-1;1278e-2;3733e-1;489e-2
2016-03-17;14:05:01;1800e0;8181813e0;2268e0;27870e0;647e-2;659e-2;652e-2;3746e-1;890e-2;3755e-1;384e-2
2016-03-17;14:35:01;1800e0;5914762e0;1563e0;20051e0;472e-2;482e-2;475e-2;3768e-1;628e-2;3774e-1;288e-2
2016-03-17;15:05:01;1800e0;3105965e0;651e0;10534e0;250e-2;256e-2;252e-2;3773e-1;333e-2;3779e-1;150e-2
2016-03-17;15:35:01;1800e0;1671274e0;120e0;5539e0;140e-2;140e-2;142e-2;3738e-1;188e-2;3758e-1;76e-2
2016-03-17;16:05:01;1800e0;1349820e0;248e0;4372e0;118e-2;114e-2;121e-2;3688e-1;151e-2;3696e-1;64e-2
2016-03-17;16:35:01;1800e0;692045e0;95e0;2433e0;71e-2;60e-2;76e-2;3614e-1;84e-2;3613e-1;32e-2
2016-03-17;17:05:01;1800e0;199017e0;6e0;450e0;39e-2;16e-2;26e-2;3404e-1;29e-2;3374e-1;10e-2
2016-03-17;17:35:01;1800e0;74381e0;0e0;158e0;15e-2;7e-2;1e-2;3386e-1;15e-2;3336e-1;5e-2
2016-03-18;07:35:01;1800e0;390611e0;80e0;1160e0;53e-2;34e-2;58e-2;3562e-1;52e-2;3534e-1;17e-2
2016-03-18;08:05:01;1800e0;1095454e0;117e0;3675e0;99e-2;94e-2;102e-2;3733e-1;140e-2;3710e-1;35e-2
2016-03-18;08:35:01;1800e0;2613671e0;225e0;9291e0;212e-2;217e-2;214e-2;3805e-1;343e-2;3808e-1;60e-2
2016-03-18;09:05:01;1800e0;4595088e0;964e0;15785e0;363e-2;373e-2;366e-2;3823e-1;639e-2;3882e-1;63e-2
2016-03-18;09:35:01;1800e0;6400493e0;1646e0;22068e0;502e-2;515e-2;507e-2;3733e-1;928e-2;3951e-1;68e-2
2016-03-18;10:05:01;1800e0;7637146e0;2339e0;25953e0;597e-2;611e-2;603e-2;3660e-1;1137e-2;3877e-1;73e-2
2016-03-18;10:35:01;1800e0;8781107e0;2256e0;29990e0;688e-2;703e-2;694e-2;3551e-1;1327e-2;3815e-1;104e-2
2016-03-18;11:05:01;1800e0;6010737e0;1585e0;20535e0;472e-2;484e-2;476e-2;3605e-1;828e-2;3753e-1;143e-2
2016-03-18;11:35:01;1800e0;6684049e0;1788e0;22847e0;528e-2;541e-2;532e-2;3656e-1;875e-2;3749e-1;188e-2
2016-03-18;12:05:01;1800e0;7747526e0;1506e0;26976e0;610e-2;624e-2;616e-2;3609e-1;991e-2;3721e-1;256e-2
2016-03-18;12:35:01;1800e0;7278418e0;2009e0;24734e0;570e-2;583e-2;575e-2;3630e-1;894e-2;3720e-1;269e-2
2016-03-18;13:05:01;1800e0;11403087e0;2823e0;39036e0;892e-2;908e-2;900e-2;3591e-1;1375e-2;3700e-1;462e-2
2016-03-18;13:35:01;1800e0;12203593e0;3508e0;41127e0;968e-2;985e-2;978e-2;3627e-1;1405e-2;3689e-1;548e-2
2016-03-18;14:05:01;1800e0;7066694e0;1537e0;24483e0;560e-2;572e-2;565e-2;3718e-1;772e-2;3722e-1;340e-2
2016-03-18;14:35:01;1800e0;10528087e0;2631e0;36130e0;823e-2;839e-2;831e-2;3688e-1;1108e-2;3678e-1;561e-2
2016-03-18;15:05:01;1800e0;9156369e0;2406e0;31168e0;717e-2;732e-2;724e-2;3716e-1;914e-2;3682e-1;531e-2
2016-03-18;15:35:01;1800e0;3838869e0;714e0;13241e0;303e-2;312e-2;306e-2;3745e-1;377e-2;3740e-1;227e-2
2016-03-18;16:05:01;1800e0;6308630e0;1430e0;21691e0;498e-2;511e-2;503e-2;3780e-1;566e-2;3751e-1;415e-2
2016-03-18;16:35:01;1800e0;3949824e0;598e0;13804e0;314e-2;322e-2;316e-2;3773e-1;335e-2;3775e-1;280e-2
2016-03-18;17:05:01;1800e0;3529706e0;402e0;12296e0;282e-2;290e-2;284e-2;3761e-1;271e-2;3788e-1;280e-2
2016-03-18;17:35:01;1800e0;2075663e0;246e0;7027e0;170e-2;173e-2;172e-2;3722e-1;141e-2;3888e-1;181e-2
2016-03-18;18:05:01;1800e0;767675e0;73e0;2391e0;78e-2;65e-2;81e-2;3515e-1;48e-2;3771e-1;77e-2
2016-03-19;07:05:01;1800e0;85774e0;0e0;299e0;26e-2;9e-2;19e-2;3509e-1;20e-2;3462e-1;7e-2
2016-03-19;07:35:01;1800e0;363605e0;49e0;794e0;52e-2;32e-2;59e-2;3564e-1;49e-2;3551e-1;16e-2
2016-03-19;08:05:01;1800e0;560176e0;85e0;1834e0;62e-2;49e-2;69e-2;3632e-1;71e-2;3616e-1;24e-2
2016-03-19;08:35:01;1800e0;962540e0;191e0;3333e0;88e-2;82e-2;92e-2;3732e-1;119e-2;3723e-1;37e-2
2016-03-19;09:05:01;1800e0;1409240e0;167e0;4803e0;119e-2;118e-2;122e-2;3780e-1;169e-2;3769e-1;52e-2
2016-03-19;09:35:01;1800e0;2292273e0;356e0;7881e0;186e-2;189e-2;188e-2;3810e-1;285e-2;3813e-1;69e-2
2016-03-19;10:05:01;1800e0;3995270e0;744e0;14067e0;317e-2;325e-2;319e-2;3824e-1;521e-2;3855e-1;90e-2
2016-03-19;10:35:01;1800e0;7956113e0;2510e0;26803e0;626e-2;638e-2;631e-2;3691e-1;1128e-2;3895e-1;121e-2
2016-03-19;11:05:01;1800e0;3447026e0;609e0;11995e0;273e-2;279e-2;275e-2;3709e-1;442e-2;3781e-1;102e-2
2016-03-19;11:35:01;1800e0;4720020e0;1100e0;16136e0;372e-2;380e-2;375e-2;3789e-1;591e-2;3797e-1;138e-2
2016-03-19;12:05:01;1800e0;10419405e0;2582e0;35645e0;815e-2;829e-2;822e-2;3614e-1;1360e-2;3790e-1;305e-2
2016-03-19;12:35:01;1800e0;11358601e0;2985e0;38285e0;884e-2;899e-2;892e-2;3576e-1;1432e-2;3755e-1;399e-2
2016-03-19;13:05:01;1800e0;12430124e0;3134e0;42720e0;976e-2;991e-2;985e-2;3566e-1;1508e-2;3719e-1;503e-2
2016-03-19;13:35:01;1800e0;12399706e0;3323e0;42443e0;970e-2;986e-2;979e-2;3579e-1;1439e-2;3673e-1;567e-2
2016-03-19;14:05:01;1800e0;12079237e0;2928e0;41713e0;944e-2;958e-2;953e-2;3611e-1;1336e-2;3662e-1;607e-2
2016-03-19;14:35:01;1800e0;7918520e0;2051e0;26977e0;620e-2;632e-2;625e-2;3705e-1;830e-2;3715e-1;420e-2
2016-03-19;15:05:01;1800e0;5353128e0;1303e0;18300e0;421e-2;429e-2;424e-2;3755e-1;539e-2;3759e-1;291e-2
2016-03-19;15:35:01;1800e0;8041152e0;2265e0;27453e0;632e-2;644e-2;638e-2;3756e-1;768e-2;3743e-1;484e-2
2016-03-19;16:05:01;1800e0;8700747e0;2446e0;29494e0;682e-2;694e-2;688e-2;3773e-1;753e-2;3698e-1;608e-2
2016-03-19;16:35:01;1800e0;2036746e0;747e0;6734e0;173e-2;167e-2;178e-2;3639e-1;190e-2;3609e-1;134e-2
2016-03-19;17:05:01;1800e0;564628e0;89e0;2007e0;64e-2;49e-2;70e-2;3569e-1;65e-2;3591e-1;31e-2
2016-03-19;17:35:01;1800e0;190903e0;12e0;405e0;44e-2;14e-2;40e-2;3428e-1;27e-2;3465e-1;11e-2
2016-03-19;18:05:01;1800e0;55483e0;0e0;87e0;21e-2;6e-2;1e-2;3493e-1;15e-2;3534e-1;6e-2
2016-03-20;07:05:01;1800e0;80187e0;6e0;626e0;26e-2;10e-2;21e-2;3530e-1;20e-2;3481e-1;7e-2
2016-03-20;07:35:01;1800e0;276716e0;6e0;606e0;39e-2;25e-2;40e-2;3514e-1;38e-2;3510e-1;13e-2
2016-03-20;08:05:01;1800e0;579222e0;101e0;1900e0;64e-2;52e-2;69e-2;3631e-1;73e-2;3609e-1;25e-2
2016-03-20;08:35:01;1800e0;691071e0;87e0;2418e0;71e-2;61e-2;76e-2;3648e-1;85e-2;3642e-1;30e-2
2016-03-20;09:05:01;1800e0;1045604e0;95e0;3366e0;94e-2;90e-2;98e-2;3729e-1;125e-2;3721e-1;43e-2
2016-03-20;09:35:01;1800e0;1464277e0;158e0;4918e0;124e-2;124e-2;127e-2;3764e-1;172e-2;3762e-1;59e-2
2016-03-20;10:05:01;1800e0;1864184e0;216e0;6213e0;154e-2;157e-2;156e-2;3773e-1;216e-2;3781e-1;76e-2
2016-03-20;10:35:01;1800e0;2110908e0;205e0;6892e0;174e-2;178e-2;176e-2;3776e-1;247e-2;3779e-1;84e-2
2016-03-20;11:05:01;1800e0;2369835e0;354e0;8021e0;194e-2;198e-2;196e-2;3777e-1;275e-2;3797e-1;94e-2
2016-03-20;11:35:01;1800e0;3423916e0;425e0;11950e0;274e-2;282e-2;276e-2;3790e-1;410e-2;3812e-1;120e-2
2016-03-20;12:05:01;1800e0;5801457e0;1515e0;19576e0;456e-2;467e-2;460e-2;3757e-1;706e-2;3792e-1;195e-2
2016-03-20;12:35:01;1800e0;11441060e0;3536e0;38458e0;899e-2;915e-2;908e-2;3586e-1;1435e-2;3733e-1;410e-2
2016-03-20;13:05:01;1800e0;13567275e0;3574e0;46450e0;1075e-2;1091e-2;1085e-2;3472e-1;1697e-2;3647e-1;554e-2
2016-03-20;13:35:01;1800e0;12690609e0;3429e0;43508e0;1008e-2;1025e-2;1018e-2;3514e-1;1510e-2;3633e-1;578e-2
2016-03-20;14:05:01;1800e0;12017308e0;3633e0;40364e0;949e-2;965e-2;959e-2;3564e-1;1350e-2;3626e-1;608e-2
2016-03-20;14:35:01;1800e0;10853166e0;3000e0;36502e0;853e-2;868e-2;861e-2;3636e-1;1144e-2;3645e-1;598e-2
2016-03-20;15:05:01;1800e0;12251156e0;3504e0;41646e0;965e-2;982e-2;975e-2;3648e-1;1230e-2;3595e-1;742e-2
2016-03-20;15:35:01;1800e0;11414123e0;3013e0;38827e0;898e-2;914e-2;907e-2;3670e-1;1079e-2;3577e-1;758e-2
2016-03-20;16:05:01;1800e0;9870983e0;3191e0;32909e0;778e-2;792e-2;785e-2;3726e-1;854e-2;3630e-1;714e-2
2016-03-20;16:35:01;1800e0;8380011e0;2495e0;28378e0;660e-2;673e-2;666e-2;3770e-1;649e-2;3660e-1;673e-2
2016-03-20;17:05:01;1800e0;6784765e0;1501e0;23702e0;536e-2;548e-2;540e-2;3795e-1;449e-2;3705e-1;616e-2
2016-03-20;17:35:01;1800e0;4476066e0;824e0;15437e0;356e-2;365e-2;359e-2;3795e-1;230e-2;3834e-1;460e-2
2016-03-20;18:05:01;1800e0;1381542e0;170e0;4773e0;123e-2;115e-2;126e-2;3619e-1;56e-2;3898e-1;157e-2
2016-03-21;07:30:00;1800e0;184816e0;12e0;408e0;43e-2;15e-2;42e-2;3458e-1;28e-2;3428e-1;9e-2
2016-03-21;08:00:00;1800e0;308841e0;36e0;669e0;49e-2;26e-2;56e-2;3512e-1;41e-2;3502e-1;13e-2
2016-03-21;08:30:00;1800e0;481106e0;48e0;1476e0;58e-2;42e-2;65e-2;3582e-1;61e-2;3560e-1;21e-2
2016-03-21;09:00:00;1800e0;833488e0;81e0;2971e0;80e-2;71e-2;84e-2;3671e-1;100e-2;3668e-1;35e-2
2016-03-21;09:30:00;1800e0;1575132e0;155e0;5343e0;132e-2;132e-2;135e-2;3764e-1;187e-2;3762e-1;60e-2
2016-03-21;10:00:00;1800e0;3612629e0;528e0;12508e0;286e-2;294e-2;288e-2;3816e-1;449e-2;3840e-1;103e-2
2016-03-21;10:30:00;1800e0;6722356e0;1316e0;23096e0;525e-2;537e-2;529e-2;3745e-1;904e-2;3872e-1;137e-2
2016-03-21;11:00:00;1800e0;4269666e0;509e0;15152e0;337e-2;346e-2;340e-2;3775e-1;557e-2;3779e-1;103e-2
2016-03-21;11:30:00;1800e0;10960684e0;2968e0;37445e0;862e-2;878e-2;870e-2;3629e-1;1542e-2;3832e-1;207e-2
2016-03-21;12:00:00;1800e0;12090680e0;3933e0;41270e0;944e-2;960e-2;953e-2;3580e-1;1621e-2;3801e-1;324e-2
2016-03-21;12:30:00;1800e0;12282547e0;3823e0;41553e0;955e-2;971e-2;964e-2;3592e-1;1565e-2;3773e-1;405e-2
2016-03-21;13:00:00;1800e0;11497124e0;2606e0;39594e0;897e-2;913e-2;906e-2;3628e-1;1374e-2;3740e-1;458e-2
2016-03-21;13:30:00;1800e0;4733876e0;816e0;16544e0;371e-2;380e-2;374e-2;3772e-1;528e-2;3782e-1;203e-2
2016-03-21;14:00:00;1800e0;8458100e0;2151e0;29091e0;655e-2;668e-2;661e-2;3767e-1;920e-2;3786e-1;390e-2
2016-03-21;14:30:00;1800e0;11232824e0;3025e0;38428e0;870e-2;885e-2;879e-2;3700e-1;1179e-2;3709e-1;588e-2
2016-03-21;15:00:00;1800e0;9094188e0;2449e0;31010e0;709e-2;722e-2;715e-2;3775e-1;893e-2;3758e-1;516e-2
2016-03-21;15:30:00;1800e0;10296229e0;2669e0;35244e0;804e-2;818e-2;812e-2;3766e-1;970e-2;3725e-1;634e-2
2016-03-21;16:00:00;1800e0;9579107e0;2303e0;32907e0;746e-2;759e-2;753e-2;3751e-1;855e-2;3661e-1;651e-2
2016-03-21;16:30:00;1800e0;4410600e0;851e0;15269e0;348e-2;355e-2;350e-2;3785e-1;377e-2;3784e-1;304e-2
2016-03-21;17:00:00;1800e0;2850000e0;294e0;10005e0;229e-2;233e-2;231e-2;3751e-1;220e-2;3786e-1;223e-2
2016-03-21;17:30:00;1800e0;1219415e0;89e0;4246e0;108e-2;102e-2;111e-2;3625e-1;87e-2;3766e-1;107e-2
2016-03-21;18:00:00;1800e0;610635e0;111e0;1826e0;66e-2;52e-2;72e-2;3526e-1;41e-2;3729e-1;57e-2
2016-03-21;18:30:00;1800e0;74084e0;12e0;120e0;24e-2;10e-2;17e-2;3436e-1;13e-2;3634e-1;13e-2
2016-03-22;07:00:00;1800e0;182322e0;23e0;299e0;37e-2;15e-2;33e-2;3458e-1;27e-2;3418e-1;8e-2
2016-03-22;07:30:00;1800e0;586164e0;81e0;2029e0;64e-2;52e-2;68e-2;3632e-1;77e-2;3596e-1;21e-2
2016-03-22;08:00:00;1800e0;827385e0;118e0;2968e0;79e-2;71e-2;82e-2;3670e-1;104e-2;3658e-1;31e-2
2016-03-22;08:30:00;1800e0;905802e0;76e0;3065e0;84e-2;77e-2;87e-2;3685e-1;111e-2;3666e-1;35e-2
2016-03-22;09:00:00;1800e0;1107169e0;68e0;3851e0;99e-2;95e-2;102e-2;3704e-1;133e-2;3684e-1;45e-2
2016-03-22;09:30:00;1800e0;1430562e0;202e0;4905e0;121e-2;120e-2;124e-2;3727e-1;168e-2;3726e-1;59e-2
2016-03-22;10:00:00;1800e0;1904662e0;276e0;6352e0;156e-2;160e-2;159e-2;3740e-1;225e-2;3752e-1;75e-2
2016-03-22;10:30:00;1800e0;1797567e0;195e0;6194e0;148e-2;150e-2;150e-2;3724e-1;211e-2;3736e-1;73e-2
2016-03-22;11:00:00;1800e0;2861353e0;555e0;9820e0;228e-2;234e-2;230e-2;3743e-1;349e-2;3762e-1;99e-2
2016-03-22;11:30:00;1800e0;3315107e0;458e0;11420e0;265e-2;273e-2;268e-2;3742e-1;397e-2;3766e-1;122e-2
2016-03-22;12:00:00;1800e0;3894243e0;674e0;13413e0;310e-2;319e-2;312e-2;3738e-1;465e-2;3773e-1;144e-2
2016-03-22;12:30:00;1800e0;4434119e0;583e0;15340e0;351e-2;361e-2;354e-2;3747e-1;523e-2;3773e-1;169e-2
2016-03-22;13:00:00;1800e0;3646008e0;615e0;12711e0;291e-2;298e-2;293e-2;3740e-1;425e-2;3763e-1;146e-2
2016-03-22;13:30:00;1800e0;5076933e0;795e0;17689e0;402e-2;412e-2;405e-2;3734e-1;581e-2;3757e-1;212e-2
2016-03-22;14:00:00;1800e0;4049558e0;666e0;14256e0;322e-2;330e-2;324e-2;3728e-1;458e-2;3751e-1;178e-2
2016-03-22;14:30:00;1800e0;3257871e0;584e0;11423e0;261e-2;267e-2;263e-2;3738e-1;365e-2;3755e-1;146e-2
2016-03-22;15:00:00;1800e0;3252128e0;475e0;11529e0;259e-2;264e-2;261e-2;3750e-1;360e-2;3757e-1;148e-2
2016-03-22;15:30:00;1800e0;2437175e0;385e0;8470e0;197e-2;200e-2;199e-2;3740e-1;273e-2;3729e-1;110e-2
2016-03-22;16:00:00;1800e0;1728330e0;238e0;6069e0;143e-2;142e-2;145e-2;3717e-1;196e-2;3699e-1;77e-2
2016-03-22;16:30:00;1800e0;1085013e0;101e0;3924e0;96e-2;90e-2;100e-2;3674e-1;127e-2;3653e-1;48e-2
2016-03-22;17:00:00;1800e0;980689e0;112e0;3096e0;89e-2;83e-2;94e-2;3625e-1;101e-2;3675e-1;58e-2
2016-03-22;17:30:00;1800e0;1220942e0;147e0;3667e0;107e-2;103e-2;110e-2;3658e-1;107e-2;3747e-1;88e-2
2016-03-22;18:00:00;1800e0;224499e0;4e0;596e0;34e-2;17e-2;33e-2;3410e-1;30e-2;3334e-1;12e-2
2016-03-23;07:00:00;1800e0;184807e0;18e0;654e0;42e-2;14e-2;41e-2;3480e-1;28e-2;3470e-1;10e-2
2016-03-23;07:30:00;1800e0;190218e0;6e0;393e0;43e-2;13e-2;37e-2;3451e-1;28e-2;3452e-1;9e-2
2016-03-23;08:00:00;1800e0;249422e0;18e0;555e0;46e-2;18e-2;51e-2;3483e-1;36e-2;3483e-1;12e-2
2016-03-23;08:30:00;1800e0;329611e0;46e0;864e0;51e-2;27e-2;55e-2;3518e-1;45e-2;3495e-1;16e-2
2016-03-23;09:00:00;1800e0;756376e0;118e0;2711e0;75e-2;64e-2;80e-2;3649e-1;93e-2;3644e-1;32e-2
2016-03-23;09:30:00;1800e0;1031565e0;168e0;3759e0;93e-2;86e-2;98e-2;3700e-1;126e-2;3699e-1;40e-2
2016-03-23;10:00:00;1800e0;1012092e0;72e0;3462e0;92e-2;86e-2;96e-2;3688e-1;122e-2;3688e-1;43e-2
2016-03-23;10:30:00;1800e0;1418774e0;229e0;4641e0;122e-2;119e-2;124e-2;3731e-1;163e-2;3738e-1;62e-2
2016-03-23;11:00:00;1800e0;2607398e0;344e0;9004e0;211e-2;215e-2;213e-2;3783e-1;304e-2;3809e-1;102e-2
2016-03-23;11:30:00;1800e0;5353055e0;1162e0;18577e0;421e-2;432e-2;425e-2;3754e-1;677e-2;3805e-1;157e-2
2016-03-23;12:00:00;1800e0;4599474e0;939e0;15842e0;363e-2;371e-2;367e-2;3683e-1;570e-2;3763e-1;156e-2
2016-03-23;12:30:00;1800e0;2151118e0;310e0;7514e0;176e-2;178e-2;178e-2;3716e-1;249e-2;3749e-1;91e-2
2016-03-23;13:00:00;1800e0;2054917e0;399e0;7175e0;169e-2;171e-2;171e-2;3713e-1;239e-2;3738e-1;88e-2
2016-03-23;13:30:00;1800e0;5893750e0;1266e0;20185e0;470e-2;479e-2;474e-2;3693e-1;670e-2;3724e-1;264e-2
2016-03-23;14:00:00;1800e0;2042334e0;376e0;7102e0;168e-2;168e-2;171e-2;3656e-1;238e-2;3670e-1;91e-2
2016-03-23;14:30:00;1800e0;6363719e0;1734e0;21604e0;503e-2;511e-2;509e-2;3714e-1;668e-2;3719e-1;338e-2
2016-03-23;15:00:00;1800e0;8670015e0;2806e0;29135e0;678e-2;690e-2;685e-2;3582e-1;920e-2;3573e-1;496e-2
2016-03-23;15:30:00;1800e0;3235079e0;618e0;11120e0;257e-2;261e-2;259e-2;3700e-1;332e-2;3714e-1;178e-2
2016-03-23;16:00:00;1800e0;2036148e0;359e0;6890e0;166e-2;167e-2;169e-2;3713e-1;211e-2;3734e-1;111e-2
2016-03-23;16:30:00;1800e0;7882891e0;1664e0;27015e0;624e-2;636e-2;629e-2;3757e-1;642e-2;3659e-1;601e-2
2016-03-23;17:00:00;1800e0;1782294e0;257e0;6061e0;151e-2;148e-2;154e-2;3645e-1;154e-2;3632e-1;134e-2
2016-03-23;17:30:00;1800e0;3403407e0;453e0;11928e0;274e-2;278e-2;277e-2;3756e-1;193e-2;3801e-1;331e-2
2016-03-23;18:00:00;1800e0;414865e0;62e0;1157e0;54e-2;34e-2;61e-2;3484e-1;40e-2;3563e-1;33e-2
2016-03-23;18:30:00;1800e0;81028e0;12e0;148e0;26e-2;8e-2;15e-2;3449e-1;14e-2;3561e-1;11e-2
2016-03-24;06:30:00;1800e0;67528e0;0e0;505e0;23e-2;10e-2;10e-2;3576e-1;19e-2;3527e-1;5e-2
2016-03-24;07:00:00;1800e0;334681e0;44e0;942e0;51e-2;30e-2;54e-2;3596e-1;47e-2;3568e-1;13e-2
2016-03-24;07:30:00;1800e0;1035306e0;87e0;3448e0;93e-2;90e-2;96e-2;3784e-1;137e-2;3721e-1;27e-2
2016-03-24;08:00:00;1800e0;1828739e0;268e0;6106e0;150e-2;154e-2;152e-2;3845e-1;245e-2;3772e-1;36e-2
2016-03-24;08:30:00;1800e0;2126581e0;485e0;7055e0;172e-2;177e-2;175e-2;3825e-1;293e-2;3749e-1;34e-2
2016-03-24;09:00:00;1800e0;5143265e0;1063e0;17749e0;405e-2;417e-2;410e-2;3808e-1;747e-2;3892e-1;43e-2
2016-03-24;09:30:00;1800e0;6070512e0;1123e0;20998e0;480e-2;492e-2;484e-2;3693e-1;897e-2;3950e-1;55e-2
2016-03-24;10:00:00;1800e0;3510390e0;701e0;11776e0;281e-2;289e-2;285e-2;3778e-1;472e-2;3812e-1;66e-2
2016-03-24;10:30:00;1800e0;3804480e0;1150e0;12510e0;303e-2;312e-2;307e-2;3760e-1;495e-2;3798e-1;93e-2
2016-03-24;11:00:00;1800e0;3798567e0;756e0;13022e0;304e-2;312e-2;307e-2;3722e-1;505e-2;3775e-1;92e-2
2016-03-24;11:30:00;1800e0;2153918e0;271e0;7599e0;175e-2;179e-2;177e-2;3771e-1;257e-2;3753e-1;80e-2
2016-03-24;12:00:00;1800e0;1833132e0;292e0;6360e0;150e-2;152e-2;153e-2;3750e-1;207e-2;3743e-1;81e-2
2016-03-24;12:30:00;1800e0;5712608e0;1081e0;19693e0;449e-2;458e-2;453e-2;3801e-1;657e-2;3826e-1;222e-2
2016-03-24;13:00:00;1800e0;12541955e0;3006e0;43064e0;981e-2;998e-2;991e-2;3638e-1;1503e-2;3766e-1;491e-2
2016-03-24;13:30:00;1800e0;12179207e0;3256e0;41583e0;954e-2;971e-2;963e-2;3650e-1;1407e-2;3749e-1;527e-2
2016-03-24;14:00:00;1800e0;11590944e0;2608e0;39797e0;912e-2;930e-2;922e-2;3697e-1;1264e-2;3739e-1;560e-2
2016-03-24;14:30:00;1800e0;8297294e0;2029e0;28362e0;659e-2;674e-2;665e-2;3714e-1;874e-2;3730e-1;429e-2
2016-03-24;15:00:00;1800e0;4550125e0;758e0;15730e0;362e-2;372e-2;364e-2;3771e-1;476e-2;3777e-1;231e-2
2016-03-24;15:30:00;1800e0;2395122e0;224e0;8280e0;193e-2;198e-2;195e-2;3763e-1;261e-2;3774e-1;112e-2
2016-03-24;16:00:00;1800e0;3753595e0;628e0;12885e0;297e-2;305e-2;299e-2;3802e-1;361e-2;3814e-1;217e-2
2016-03-24;16:30:00;1800e0;2612578e0;309e0;9143e0;209e-2;214e-2;211e-2;3780e-1;247e-2;3802e-1;159e-2
2016-03-24;17:00:00;1800e0;2130852e0;363e0;7434e0;173e-2;176e-2;175e-2;3761e-1;196e-2;3784e-1;137e-2
2016-03-24;17:30:00;1800e0;1361737e0;161e0;4568e0;117e-2;115e-2;120e-2;3705e-1;118e-2;3764e-1;98e-2
2016-03-24;18:00:00;1800e0;383230e0;74e0;1154e0;54e-2;33e-2;56e-2;3515e-1;43e-2;3535e-1;24e-2
2016-03-25;07:00:00;1800e0;200402e0;6e0;495e0;45e-2;14e-2;50e-2;3456e-1;30e-2;3431e-1;10e-2
2016-03-25;07:30:00;1800e0;214747e0;18e0;440e0;46e-2;16e-2;53e-2;3466e-1;32e-2;3452e-1;11e-2
2016-03-25;08:00:00;1800e0;290570e0;25e0;670e0;48e-2;23e-2;55e-2;3486e-1;40e-2;3480e-1;14e-2
2016-03-25;08:30:00;1800e0;651772e0;68e0;2179e0;68e-2;55e-2;74e-2;3603e-1;80e-2;3616e-1;29e-2
2016-03-25;09:00:00;1800e0;1283048e0;168e0;4213e0;110e-2;108e-2;114e-2;3735e-1;152e-2;3732e-1;53e-2
2016-03-25;09:30:00;1800e0;1219916e0;117e0;4208e0;106e-2;102e-2;110e-2;3708e-1;144e-2;3713e-1;51e-2
2016-03-25;10:00:00;1800e0;1762342e0;148e0;6232e0;144e-2;145e-2;147e-2;3753e-1;208e-2;3760e-1;69e-2
2016-03-25;10:30:00;1800e0;1113479e0;100e0;3906e0;98e-2;94e-2;102e-2;3695e-1;135e-2;3680e-1;46e-2
2016-03-25;11:00:00;1800e0;938258e0;72e0;3326e0;86e-2;79e-2;90e-2;3661e-1;112e-2;3660e-1;42e-2
2016-03-25;11:30:00;1800e0;659659e0;130e0;2404e0;68e-2;56e-2;74e-2;3605e-1;81e-2;3595e-1;30e-2
2016-03-25;12:00:00;1800e0;882692e0;91e0;3257e0;82e-2;75e-2;87e-2;3665e-1;107e-2;3663e-1;37e-2
2016-03-25;12:30:00;1800e0;1680764e0;154e0;5812e0;139e-2;139e-2;141e-2;3757e-1;196e-2;3772e-1;68e-2
2016-03-25;13:00:00;1800e0;2040551e0;327e0;7287e0;165e-2;168e-2;168e-2;3775e-1;239e-2;3792e-1;80e-2
2016-03-25;13:30:00;1800e0;1731098e0;174e0;6126e0;143e-2;143e-2;145e-2;3752e-1;205e-2;3763e-1;68e-2
2016-03-25;14:00:00;1800e0;1980858e0;156e0;6622e0;160e-2;162e-2;163e-2;3749e-1;227e-2;3770e-1;84e-2
2016-03-25;14:30:00;1800e0;1706696e0;318e0;5941e0;141e-2;141e-2;144e-2;3725e-1;197e-2;3726e-1;73e-2
2016-03-25;15:00:00;1800e0;1124730e0;186e0;3688e0;100e-2;96e-2;104e-2;3660e-1;132e-2;3666e-1;51e-2
2016-03-25;15:30:00;1800e0;595955e0;66e0;2274e0;64e-2;51e-2;71e-2;3568e-1;74e-2;3550e-1;29e-2
2016-03-25;16:00:00;1800e0;579101e0;81e0;2328e0;63e-2;50e-2;70e-2;3569e-1;73e-2;3557e-1;27e-2
2016-03-25;16:30:00;1800e0;752234e0;110e0;2773e0;74e-2;64e-2;80e-2;3606e-1;91e-2;3623e-1;35e-2
2016-03-25;17:00:00;1800e0;541946e0;97e0;1799e0;62e-2;46e-2;69e-2;3541e-1;68e-2;3523e-1;26e-2
2016-03-25;17:30:00;1800e0;119153e0;6e0;174e0;28e-2;9e-2;14e-2;3321e-1;20e-2;3305e-1;7e-2
2016-03-25;18:00:00;1800e0;49239e0;6e0;117e0;3e-2;6e-2;0e-2;3354e-1;13e-2;3323e-1;4e-2
2016-03-26;06:20:00;1800e0;81094e0;0e0;290e0;22e-2;8e-2;11e-2;3562e-1;17e-2;3518e-1;5e-2
2016-03-26;06:50:00;1800e0;343144e0;62e0;735e0;51e-2;29e-2;58e-2;3605e-1;45e-2;3583e-1;14e-2
2016-03-26;07:20:00;1800e0;585093e0;99e0;1934e0;64e-2;50e-2;70e-2;3651e-1;74e-2;3644e-1;22e-2
2016-03-26;07:50:00;1800e0;626382e0;74e0;2184e0;67e-2;54e-2;73e-2;3659e-1;80e-2;3625e-1;23e-2
2016-03-26;08:20:00;1800e0;1111217e0;93e0;3798e0;99e-2;94e-2;102e-2;3753e-1;136e-2;3739e-1;41e-2
2016-03-26;08:50:00;1800e0;1524694e0;119e0;5234e0;128e-2;127e-2;131e-2;3766e-1;182e-2;3771e-1;57e-2
2016-03-26;09:20:00;1800e0;1561147e0;162e0;5223e0;131e-2;130e-2;134e-2;3761e-1;185e-2;3769e-1;60e-2
2016-03-26;09:50:00;1800e0;2044844e0;269e0;6769e0;167e-2;170e-2;169e-2;3770e-1;242e-2;3787e-1;77e-2
2016-03-26;10:20:00;1800e0;2024256e0;203e0;7022e0;165e-2;168e-2;167e-2;3759e-1;238e-2;3779e-1;79e-2
2016-03-26;10:50:00;1799e0;3064213e0;492e0;10494e0;246e-2;252e-2;248e-2;3776e-1;372e-2;3801e-1;103e-2
2016-03-26;11:20:00;1800e0;5007005e0;1093e0;17275e0;395e-2;404e-2;398e-2;3753e-1;643e-2;3810e-1;134e-2
2016-03-26;11:50:00;1800e0;5355524e0;1047e0;18456e0;423e-2;432e-2;426e-2;3763e-1;648e-2;3817e-1;179e-2
2016-03-26;12:20:00;1800e0;10725656e0;2947e0;36432e0;844e-2;858e-2;852e-2;3603e-1;1366e-2;3772e-1;352e-2
2016-03-26;12:50:00;1800e0;12734831e0;3203e0;43853e0;1000e-2;1015e-2;1009e-2;3503e-1;1604e-2;3701e-1;488e-2
2016-03-26;13:20:00;1800e0;12861710e0;2724e0;44682e0;1008e-2;1024e-2;1018e-2;3491e-1;1557e-2;3643e-1;565e-2
2016-03-26;13:50:00;1800e0;12763902e0;2656e0;44992e0;995e-2;1010e-2;1004e-2;3528e-1;1468e-2;3614e-1;626e-2
2016-03-26;14:20:00;1800e0;12742394e0;3588e0;43122e0;997e-2;1012e-2;1006e-2;3559e-1;1395e-2;3585e-1;689e-2
2016-03-26;14:50:00;1800e0;11679427e0;2378e0;40501e0;914e-2;929e-2;922e-2;3620e-1;1207e-2;3602e-1;680e-2
2016-03-26;15:20:00;1800e0;9217611e0;2380e0;31646e0;718e-2;731e-2;724e-2;3669e-1;902e-2;3623e-1;573e-2
2016-03-26;15:50:00;1800e0;7946045e0;1721e0;27606e0;620e-2;632e-2;625e-2;3732e-1;735e-2;3680e-1;518e-2
2016-03-26;16:20:00;1800e0;8753363e0;2232e0;30058e0;683e-2;695e-2;689e-2;3720e-1;745e-2;3605e-1;652e-2
2016-03-26;16:50:00;1800e0;7686331e0;1785e0;26651e0;600e-2;612e-2;605e-2;3760e-1;568e-2;3627e-1;652e-2
2016-03-26;17:20:00;1800e0;5160697e0;817e0;17900e0;403e-2;412e-2;406e-2;3775e-1;314e-2;3709e-1;497e-2
2016-03-26;17:50:00;1800e0;2588122e0;252e0;9188e0;208e-2;211e-2;210e-2;3714e-1;129e-2;3857e-1;271e-2
2016-03-26;18:20:00;1800e0;474107e0;43e0;1584e0;60e-2;39e-2;63e-2;3441e-1;32e-2;3643e-1;47e-2
2016-03-27;07:20:00;1800e0;232441e0;43e0;1198e0;45e-2;23e-2;44e-2;3523e-1;38e-2;3486e-1;10e-2
2016-03-27;07:50:00;1800e0;870137e0;106e0;3300e0;83e-2;75e-2;88e-2;3737e-1;112e-2;3651e-1;28e-2
2016-03-27;08:20:00;1800e0;1651114e0;206e0;5561e0;136e-2;137e-2;139e-2;3809e-1;214e-2;3720e-1;42e-2
2016-03-27;08:50:00;1800e0;1963393e0;157e0;6708e0;160e-2;162e-2;162e-2;3798e-1;256e-2;3726e-1;49e-2
2016-03-27;09:20:00;1800e0;2877870e0;538e0;10016e0;229e-2;235e-2;231e-2;3824e-1;387e-2;3777e-1;54e-2
2016-03-27;09:50:00;1800e0;5041486e0;894e0;17552e0;395e-2;406e-2;399e-2;3817e-1;716e-2;3857e-1;53e-2
2016-03-27;10:20:00;1800e0;6701119e0;1521e0;23202e0;526e-2;539e-2;531e-2;3779e-1;970e-2;3939e-1;60e-2
2016-03-27;10:50:00;1800e0;6363168e0;1480e0;21947e0;498e-2;510e-2;502e-2;3761e-1;905e-2;3916e-1;78e-2
2016-03-27;11:20:00;1800e0;6336183e0;1499e0;21860e0;499e-2;511e-2;503e-2;3774e-1;879e-2;3882e-1;96e-2
2016-03-27;11:50:00;1800e0;7515612e0;1784e0;25981e0;590e-2;604e-2;595e-2;3728e-1;1036e-2;3813e-1;136e-2
2016-03-27;12:20:00;1800e0;9267577e0;2466e0;31616e0;725e-2;740e-2;732e-2;3714e-1;1228e-2;3784e-1;221e-2
2016-03-27;12:50:00;1800e0;7872964e0;2126e0;26988e0;617e-2;631e-2;623e-2;3722e-1;991e-2;3762e-1;240e-2
2016-03-27;13:20:00;1800e0;8328337e0;2290e0;28458e0;649e-2;664e-2;655e-2;3733e-1;1008e-2;3767e-1;291e-2
2016-03-27;13:50:00;1800e0;8391524e0;2549e0;28605e0;654e-2;668e-2;660e-2;3731e-1;981e-2;3761e-1;329e-2
2016-03-27;14:20:00;1800e0;6070473e0;1199e0;20846e0;476e-2;488e-2;480e-2;3754e-1;688e-2;3760e-1;257e-2
2016-03-27;14:50:00;1800e0;6321624e0;1563e0;21771e0;496e-2;508e-2;500e-2;3745e-1;705e-2;3748e-1;282e-2
2016-03-27;15:20:00;1800e0;5051012e0;714e0;17738e0;397e-2;407e-2;400e-2;3755e-1;545e-2;3759e-1;242e-2
2016-03-27;15:50:00;1800e0;4635264e0;1159e0;15623e0;365e-2;374e-2;368e-2;3739e-1;499e-2;3745e-1;227e-2
2016-03-27;16:20:00;1800e0;844404e0;51e0;2828e0;83e-2;71e-2;89e-2;3554e-1;105e-2;3510e-1;35e-2
2016-03-27;16:50:00;1800e0;169075e0;12e0;374e0;34e-2;14e-2;30e-2;3335e-1;26e-2;3287e-1;8e-2
2016-03-27;17:20:00;1800e0;87473e0;0e0;189e0;13e-2;9e-2;2e-2;3262e-1;16e-2;3252e-1;5e-2
2016-03-27;17:50:00;1800e0;78480e0;0e0;207e0;5e-2;8e-2;0e-2;3260e-1;15e-2;3262e-1;5e-2
2016-03-27;18:20:00;1800e0;103964e0;0e0;115e0;23e-2;8e-2;8e-2;3302e-1;17e-2;3283e-1;6e-2
2016-03-28;07:50:00;1800e0;205571e0;0e0;337e0;45e-2;16e-2;48e-2;3453e-1;30e-2;3418e-1;10e-2
2016-03-28;08:20:00;1799e0;678452e0;124e0;2478e0;70e-2;58e-2;76e-2;3654e-1;88e-2;3602e-1;24e-2
2016-03-28;08:50:00;1800e0;1530069e0;218e0;5262e0;129e-2;127e-2;132e-2;3779e-1;202e-2;3731e-1;38e-2
2016-03-28;09:20:00;1799e0;4033413e0;617e0;14054e0;319e-2;328e-2;321e-2;3855e-1;568e-2;3826e-1;43e-2
2016-03-28;09:50:00;1800e0;5591422e0;1196e0;19262e0;440e-2;451e-2;443e-2;3799e-1;810e-2;3876e-1;46e-2
2016-03-28;10:20:00;1800e0;6471263e0;1887e0;22072e0;504e-2;516e-2;509e-2;3767e-1;946e-2;3926e-1;51e-2
2016-03-28;10:50:00;1800e0;7525590e0;1805e0;26143e0;582e-2;595e-2;587e-2;3734e-1;1110e-2;3904e-1;58e-2
2016-03-28;11:20:00;1800e0;8695878e0;2135e0;29808e0;673e-2;687e-2;679e-2;3696e-1;1288e-2;3783e-1;76e-2
2016-03-28;11:50:00;1800e0;9649856e0;2456e0;33035e0;748e-2;762e-2;755e-2;3658e-1;1423e-2;3800e-1;105e-2
2016-03-28;12:20:00;1800e0;10483135e0;2689e0;35871e0;809e-2;826e-2;817e-2;3647e-1;1484e-2;3770e-1;181e-2
2016-03-28;12:50:00;1800e0;10990029e0;2285e0;37958e0;845e-2;861e-2;853e-2;3644e-1;1472e-2;3758e-1;274e-2
2016-03-28;13:20:00;1800e0;11678509e0;3009e0;39935e0;895e-2;912e-2;904e-2;3645e-1;1486e-2;3748e-1;369e-2
2016-03-28;13:50:00;1800e0;12416949e0;3024e0;43332e0;954e-2;971e-2;964e-2;3635e-1;1510e-2;3720e-1;469e-2
2016-03-28;14:20:00;1800e0;11125263e0;3605e0;37281e0;856e-2;872e-2;864e-2;3670e-1;1290e-2;3737e-1;469e-2
2016-03-28;14:50:00;1800e0;11577114e0;2643e0;39933e0;889e-2;905e-2;897e-2;3664e-1;1290e-2;3681e-1;551e-2
2016-03-28;15:20:00;1800e0;12174890e0;3364e0;41672e0;935e-2;951e-2;944e-2;3661e-1;1305e-2;3655e-1;637e-2
2016-03-28;15:50:00;1800e0;12510394e0;4029e0;42489e0;960e-2;976e-2;969e-2;3677e-1;1268e-2;3621e-1;729e-2
2016-03-28;16:20:00;1800e0;8365782e0;2099e0;28806e0;643e-2;656e-2;649e-2;3730e-1;809e-2;3681e-1;511e-2
2016-03-28;16:50:00;1800e0;5840140e0;1117e0;20375e0;452e-2;461e-2;455e-2;3734e-1;544e-2;3702e-1;374e-2
2016-03-28;17:20:00;1800e0;1100761e0;121e0;4136e0;98e-2;92e-2;102e-2;3614e-1;129e-2;3591e-1;51e-2
2016-03-28;17:50:00;1800e0;670998e0;78e0;2296e0;70e-2;58e-2;76e-2;3554e-1;83e-2;3531e-1;31e-2
2016-03-28;18:20:00;1800e0;379739e0;22e0;1505e0;54e-2;33e-2;62e-2;3456e-1;50e-2;3437e-1;17e-2
2016-03-28;18:50:00;1800e0;231805e0;26e0;945e0;48e-2;18e-2;54e-2;3398e-1;33e-2;3419e-1;11e-2
2016-03-28;19:20:00;1800e0;56501e0;6e0;86e0;18e-2;8e-2;2e-2;3381e-1;16e-2;3310e-1;5e-2
2016-03-29;07:20:00;1800e0;108412e0;6e0;681e0;33e-2;12e-2;28e-2;3559e-1;24e-2;3518e-1;8e-2
2016-03-29;07:50:00;1800e0;553717e0;56e0;1982e0;63e-2;47e-2;68e-2;3715e-1;73e-2;3595e-1;18e-2
2016-03-29;08:20:00;1800e0;1557944e0;184e0;5089e0;130e-2;131e-2;133e-2;3911e-1;209e-2;3708e-1;29e-2
2016-03-29;08:50:00;1800e0;2857284e0;374e0;9984e0;229e-2;235e-2;231e-2;3873e-1;399e-2;3749e-1;36e-2
2016-03-29;09:20:00;1800e0;4270351e0;621e0;14962e0;337e-2;347e-2;340e-2;3820e-1;611e-2;3825e-1;43e-2
2016-03-29;09:50:00;1800e0;5151349e0;1173e0;17606e0;407e-2;418e-2;411e-2;3779e-1;742e-2;3876e-1;52e-2
2016-03-29;10:20:00;1800e0;5006621e0;970e0;17392e0;397e-2;407e-2;401e-2;3752e-1;716e-2;3887e-1;59e-2
2016-03-29;10:50:00;1800e0;7889255e0;1920e0;26914e0;624e-2;637e-2;629e-2;3707e-1;1176e-2;3980e-1;59e-2
2016-03-29;11:20:00;1800e0;7917788e0;1986e0;27191e0;623e-2;636e-2;629e-2;3677e-1;1182e-2;3952e-1;66e-2
2016-03-29;11:50:00;1800e0;9207335e0;2285e0;31463e0;723e-2;737e-2;729e-2;3648e-1;1366e-2;3927e-1;94e-2
2016-03-29;12:20:00;1800e0;10408499e0;3047e0;35106e0;814e-2;829e-2;822e-2;3625e-1;1496e-2;3853e-1;163e-2
2016-03-29;12:50:00;1800e0;11698688e0;3321e0;39067e0;910e-2;925e-2;919e-2;3624e-1;1590e-2;3814e-1;274e-2
2016-03-29;13:20:00;1800e0;12245887e0;3688e0;42264e0;952e-2;968e-2;961e-2;3616e-1;1578e-2;3776e-1;378e-2
2016-03-29;13:50:00;1800e0;12424060e0;3447e0;42275e0;963e-2;978e-2;972e-2;3624e-1;1516e-2;3751e-1;466e-2
2016-03-29;14:20:00;1800e0;13092878e0;4017e0;44243e0;1019e-2;1035e-2;1029e-2;3634e-1;1522e-2;3725e-1;565e-2
2016-03-29;14:50:00;1800e0;8150917e0;1615e0;28289e0;635e-2;647e-2;641e-2;3703e-1;907e-2;3730e-1;376e-2
2016-03-29;15:20:00;1800e0;9729638e0;2395e0;33391e0;764e-2;777e-2;771e-2;3685e-1;1038e-2;3708e-1;506e-2
2016-03-29;15:50:00;1800e0;6990952e0;1693e0;23862e0;550e-2;560e-2;555e-2;3681e-1;729e-2;3688e-1;380e-2
2016-03-29;16:20:00;1800e0;10828470e0;1959e0;38120e0;846e-2;859e-2;854e-2;3688e-1;1053e-2;3654e-1;668e-2
2016-03-29;16:50:00;1800e0;10190309e0;2619e0;34831e0;792e-2;806e-2;799e-2;3742e-1;905e-2;3666e-1;702e-2
2016-03-29;17:20:00;1800e0;3737318e0;861e0;12864e0;301e-2;299e-2;307e-2;3632e-1;334e-2;3575e-1;257e-2
2016-03-29;17:50:00;1800e0;2668627e0;449e0;9348e0;223e-2;216e-2;228e-2;3648e-1;207e-2;3639e-1;207e-2
2016-03-29;18:20:00;1800e0;977133e0;180e0;3378e0;90e-2;82e-2;94e-2;3612e-1;103e-2;3615e-1;58e-2
2016-03-29;18:50:00;1800e0;1185345e0;131e0;3646e0;104e-2;100e-2;107e-2;3604e-1;82e-2;3780e-1;109e-2
2016-03-29;19:20:00;1800e0;859206e0;130e0;2784e0;82e-2;72e-2;87e-2;3512e-1;44e-2;3856e-1;94e-2
2016-03-29;19:50:00;1800e0;70968e0;0e0;168e0;30e-2;10e-2;26e-2;3382e-1;13e-2;3561e-1;16e-2
2016-03-30;07:20:00;1800e0;66396e0;6e0;232e0;29e-2;11e-2;22e-2;3559e-1;23e-2;3501e-1;6e-2
2016-03-30;07:50:00;1800e0;258219e0;39e0;661e0;43e-2;23e-2;40e-2;3496e-1;38e-2;3451e-1;11e-2
2016-03-30;08:20:00;1800e0;534490e0;81e0;1795e0;63e-2;46e-2;67e-2;3595e-1;69e-2;3553e-1;23e-2
2016-03-30;08:50:00;1800e0;1142663e0;108e0;3831e0;102e-2;97e-2;105e-2;3725e-1;143e-2;3710e-1;39e-2
2016-03-30;09:20:00;1800e0;1593354e0;158e0;5629e0;133e-2;132e-2;136e-2;3779e-1;192e-2;3774e-1;57e-2
2016-03-30;09:50:00;1800e0;1300911e0;91e0;4643e0;112e-2;108e-2;116e-2;3741e-1;153e-2;3737e-1;54e-2
2016-03-30;10:20:00;1800e0;1847526e0;191e0;6356e0;152e-2;153e-2;155e-2;3775e-1;219e-2;3793e-1;70e-2
2016-03-30;10:50:00;1800e0;1829234e0;230e0;6149e0;150e-2;151e-2;152e-2;3763e-1;218e-2;3781e-1;68e-2
2016-03-30;11:20:00;1800e0;1448252e0;148e0;5000e0;123e-2;122e-2;126e-2;3735e-1;172e-2;3742e-1;58e-2
2016-03-30;11:50:00;1800e0;1015894e0;143e0;3474e0;93e-2;86e-2;97e-2;3667e-1;123e-2;3653e-1;43e-2
2016-03-30;12:20:00;1800e0;638193e0;99e0;2440e0;68e-2;56e-2;74e-2;3625e-1;81e-2;3588e-1;26e-2
2016-03-30;12:50:00;1800e0;506971e0;80e0;1531e0;59e-2;46e-2;65e-2;3593e-1;65e-2;3569e-1;22e-2
2016-03-30;13:20:00;1800e0;701269e0;81e0;2634e0;71e-2;61e-2;76e-2;3652e-1;87e-2;3637e-1;30e-2
2016-03-30;13:50:00;1800e0;1059611e0;133e0;3502e0;95e-2;90e-2;99e-2;3723e-1;126e-2;3712e-1;44e-2
2016-03-30;14:20:00;1800e0;527247e0;100e0;1654e0;62e-2;43e-2;68e-2;3576e-1;66e-2;3562e-1;23e-2
2016-03-30;14:50:00;1800e0;480476e0;55e0;1689e0;58e-2;41e-2;65e-2;3585e-1;63e-2;3541e-1;20e-2
2016-03-30;15:20:00;1800e0;387424e0;67e0;951e0;53e-2;33e-2;60e-2;3556e-1;52e-2;3510e-1;16e-2
2016-03-30;15:50:00;1800e0;628757e0;199e0;2420e0;66e-2;53e-2;73e-2;3617e-1;79e-2;3596e-1;27e-2
2016-03-30;16:20:00;1800e0;1692412e0;244e0;6017e0;142e-2;139e-2;145e-2;3734e-1;189e-2;3741e-1;76e-2
2016-03-30;16:50:00;1800e0;2086210e0;196e0;7435e0;170e-2;169e-2;173e-2;3749e-1;220e-2;3754e-1;105e-2
2016-03-30;17:20:00;1800e0;2161770e0;270e0;7878e0;176e-2;176e-2;179e-2;3753e-1;218e-2;3769e-1;119e-2
2016-03-30;17:50:00;1800e0;2180754e0;386e0;7672e0;179e-2;177e-2;183e-2;3728e-1;201e-2;3738e-1;138e-2
2016-03-30;18:20:00;1800e0;442027e0;130e0;1439e0;57e-2;38e-2;64e-2;3545e-1;55e-2;3544e-1;21e-2
2016-03-30;18:50:00;1800e0;456394e0;68e0;1504e0;57e-2;39e-2;65e-2;3541e-1;53e-2;3570e-1;26e-2
2016-03-30;19:20:00;1800e0;78508e0;0e0;137e0;31e-2;9e-2;16e-2;3496e-1;19e-2;3478e-1;7e-2
2016-03-31;07:50:00;1800e0;180008e0;6e0;331e0;40e-2;15e-2;30e-2;3437e-1;27e-2;3420e-1;8e-2
2016-03-31;08:20:00;1800e0;482794e0;68e0;1364e0;59e-2;42e-2;66e-2;3574e-1;63e-2;3540e-1;19e-2
2016-03-31;08:50:00;1800e0;1064753e0;166e0;3608e0;96e-2;90e-2;100e-2;3725e-1;138e-2;3684e-1;32e-2
2016-03-31;09:20:00;1799e0;2666282e0;359e0;9137e0;215e-2;219e-2;217e-2;3810e-1;352e-2;3818e-1;58e-2
2016-03-31;09:50:00;1800e0;2667189e0;400e0;9507e0;216e-2;221e-2;218e-2;3803e-1;340e-2;3831e-1;70e-2
2016-03-31;10:20:00;1800e0;3895525e0;716e0;13347e0;310e-2;317e-2;313e-2;3779e-1;522e-2;3853e-1;76e-2
2016-03-31;10:50:00;1800e0;1940636e0;362e0;6844e0;160e-2;160e-2;164e-2;3741e-1;237e-2;3739e-1;65e-2
2016-03-31;11:20:00;1800e0;1753280e0;215e0;6289e0;147e-2;145e-2;150e-2;3705e-1;214e-2;3712e-1;62e-2
2016-03-31;11:50:00;1800e0;1892664e0;179e0;6678e0;155e-2;158e-2;158e-2;3755e-1;221e-2;3769e-1;76e-2
2016-03-31;12:20:00;1800e0;3036457e0;574e0;10410e0;243e-2;249e-2;245e-2;3785e-1;363e-2;3812e-1;106e-2
2016-03-31;12:50:00;1800e0;2523628e0;369e0;8898e0;203e-2;207e-2;205e-2;3761e-1;297e-2;3787e-1;96e-2
2016-03-31;13:20:00;1800e0;8446075e0;2199e0;28731e0;663e-2;676e-2;670e-2;3705e-1;1048e-2;3804e-1;278e-2
2016-03-31;13:50:00;1800e0;8367378e0;1743e0;28903e0;654e-2;666e-2;660e-2;3669e-1;1002e-2;3753e-1;323e-2
2016-03-31;14:20:00;1800e0;12503696e0;3502e0;42318e0;974e-2;991e-2;984e-2;3564e-1;1485e-2;3694e-1;541e-2
2016-03-31;14:50:00;1800e0;10419212e0;2939e0;35303e0;812e-2;827e-2;820e-2;3622e-1;1181e-2;3694e-1;493e-2
2016-03-31;15:20:00;1800e0;3342796e0;601e0;11508e0;266e-2;270e-2;268e-2;3713e-1;378e-2;3744e-1;147e-2
2016-03-31;15:50:00;1800e0;11312871e0;3585e0;38484e0;888e-2;902e-2;896e-2;3693e-1;1147e-2;3688e-1;647e-2
2016-03-31;16:20:00;1800e0;9418898e0;2453e0;32411e0;739e-2;751e-2;747e-2;3670e-1;904e-2;3624e-1;596e-2
2016-03-31;16:50:00;1800e0;9857234e0;2679e0;33592e0;774e-2;787e-2;781e-2;3719e-1;882e-2;3652e-1;679e-2
2016-03-31;17:20:00;1800e0;9592751e0;2731e0;32390e0;754e-2;769e-2;761e-2;3741e-1;793e-2;3640e-1;726e-2
2016-03-31;17:50:00;1800e0;6975907e0;2132e0;23788e0;554e-2;564e-2;558e-2;3759e-1;527e-2;3700e-1;567e-2
2016-03-31;18:20:00;1800e0;1833346e0;271e0;6388e0;153e-2;151e-2;157e-2;3669e-1;159e-2;3708e-1;131e-2
2016-03-31;18:50:00;1800e0;1864909e0;112e0;6772e0;156e-2;154e-2;160e-2;3655e-1;114e-2;3787e-1;176e-2
2016-03-31;19:20:00;1800e0;1014296e0;123e0;3457e0;95e-2;86e-2;99e-2;3524e-1;49e-2;3771e-1;110e-2
2016-03-31;19:50:00;1800e0;108904e0;10e0;255e0;33e-2;13e-2;32e-2;3420e-1;15e-2;3689e-1;16e-2
2016-04-01;07:20:00;1800e0;293061e0;12e0;640e0;49e-2;27e-2;52e-2;3631e-1;39e-2;3661e-1;13e-2
2016-04-01;07:50:00;1800e0;821272e0;137e0;2714e0;79e-2;73e-2;82e-2;3833e-1;105e-2;3750e-1;25e-2
2016-04-01;08:20:00;1800e0;1749156e0;195e0;5915e0;144e-2;147e-2;147e-2;3964e-1;230e-2;3769e-1;32e-2
2016-04-01;08:50:00;1800e0;3114150e0;495e0;10923e0;248e-2;256e-2;250e-2;3930e-1;430e-2;3799e-1;36e-2
2016-04-01;09:20:00;1800e0;4567635e0;675e0;15796e0;358e-2;368e-2;360e-2;3871e-1;649e-2;3847e-1;39e-2
2016-04-01;09:50:00;1800e0;5918670e0;1747e0;20135e0;461e-2;472e-2;465e-2;3843e-1;855e-2;3921e-1;40e-2
2016-04-01;10:20:00;1800e0;6806426e0;1566e0;23820e0;554e-2;567e-2;559e-2;3820e-1;1038e-2;4002e-1;41e-2
2016-04-01;10:50:00;1800e0;8129919e0;2598e0;27449e0;632e-2;647e-2;638e-2;3739e-1;1210e-2;4008e-1;48e-2
2016-04-01;11:20:00;1800e0;9052649e0;2443e0;30904e0;710e-2;726e-2;717e-2;3705e-1;1354e-2;3997e-1;59e-2
2016-04-01;11:50:00;1800e0;9831719e0;2731e0;33446e0;768e-2;784e-2;776e-2;3658e-1;1473e-2;3934e-1;81e-2
2016-04-01;12:20:00;1800e0;10674524e0;3486e0;35566e0;829e-2;845e-2;837e-2;3655e-1;1533e-2;3856e-1;155e-2
2016-04-01;12:50:00;1800e0;11905548e0;3187e0;40304e0;928e-2;946e-2;938e-2;3646e-1;1617e-2;3822e-1;269e-2
2016-04-01;13:20:00;1800e0;12742250e0;3157e0;44216e0;990e-2;1008e-2;1001e-2;3641e-1;1640e-2;3800e-1;381e-2
2016-04-01;13:50:00;1800e0;13356565e0;4666e0;44389e0;1039e-2;1058e-2;1050e-2;3633e-1;1638e-2;3761e-1;487e-2
2016-04-01;14:20:00;1800e0;13527281e0;3255e0;46312e0;1051e-2;1069e-2;1062e-2;3627e-1;1588e-2;3724e-1;571e-2
2016-04-01;14:50:00;1800e0;13686978e0;4039e0;46377e0;1062e-2;1080e-2;1073e-2;3647e-1;1530e-2;3695e-1;649e-2
2016-04-01;15:20:00;1800e0;13404110e0;3761e0;45912e0;1043e-2;1061e-2;1054e-2;3661e-1;1429e-2;3666e-1;706e-2
2016-04-01;15:50:00;1800e0;12935600e0;3685e0;44197e0;1008e-2;1024e-2;1018e-2;3675e-1;1310e-2;3640e-1;751e-2
2016-04-01;16:20:00;1800e0;12140722e0;3810e0;40896e0;945e-2;962e-2;955e-2;3705e-1;1156e-2;3630e-1;773e-2
2016-04-01;16:50:00;1800e0;11075590e0;3316e0;37127e0;861e-2;877e-2;869e-2;3744e-1;978e-2;3631e-1;774e-2
2016-04-01;17:20:00;1800e0;9121498e0;2288e0;31301e0;709e-2;723e-2;715e-2;3780e-1;732e-2;3670e-1;700e-2
2016-04-01;17:50:00;1800e0;8066294e0;2002e0;27569e0;632e-2;646e-2;637e-2;3814e-1;567e-2;3674e-1;698e-2
2016-04-01;18:20:00;1800e0;6183388e0;1748e0;21111e0;484e-2;496e-2;488e-2;3829e-1;353e-2;3693e-1;618e-2
2016-04-01;18:50:00;1800e0;3884976e0;533e0;13595e0;307e-2;315e-2;310e-2;3804e-1;157e-2;3807e-1;444e-2
2016-04-01;19:20:00;1800e0;1314174e0;173e0;4527e0;115e-2;108e-2;119e-2;3563e-1;45e-2;3885e-1;157e-2
2016-04-02;07:35:00;1800e0;325196e0;25e0;942e0;51e-2;27e-2;58e-2;3557e-1;44e-2;3530e-1;13e-2
2016-04-02;08:05:00;1800e0;673761e0;87e0;2388e0;70e-2;58e-2;75e-2;3678e-1;85e-2;3640e-1;25e-2
2016-04-02;08:35:00;1800e0;1294548e0;138e0;4503e0;112e-2;108e-2;115e-2;3766e-1;158e-2;3746e-1;45e-2
2016-04-02;09:05:00;1800e0;2161315e0;223e0;7827e0;175e-2;177e-2;178e-2;3801e-1;274e-2;3790e-1;60e-2
2016-04-02;09:35:00;1800e0;3150092e0;521e0;11047e0;250e-2;255e-2;252e-2;3812e-1;415e-2;3824e-1;68e-2
2016-04-02;10:05:00;1800e0;4623946e0;656e0;16141e0;365e-2;373e-2;367e-2;3788e-1;625e-2;3875e-1;84e-2
2016-04-02;10:35:00;1800e0;5542111e0;1484e0;18787e0;437e-2;447e-2;440e-2;3751e-1;753e-2;3878e-1;104e-2
2016-04-02;11:05:00;1800e0;6540838e0;1376e0;22799e0;510e-2;521e-2;514e-2;3718e-1;897e-2;3869e-1;122e-2
2016-04-02;11:35:00;1800e0;7193032e0;1924e0;24631e0;567e-2;578e-2;571e-2;3701e-1;985e-2;3836e-1;141e-2
2016-04-02;12:05:00;1800e0;7918762e0;1558e0;27479e0;621e-2;633e-2;626e-2;3681e-1;1072e-2;3797e-1;174e-2
2016-04-02;12:35:00;1800e0;7111263e0;2288e0;24121e0;559e-2;570e-2;563e-2;3709e-1;908e-2;3773e-1;205e-2
2016-04-02;13:05:00;1800e0;6569642e0;1827e0;22975e0;516e-2;525e-2;520e-2;3727e-1;803e-2;3762e-1;223e-2
2016-04-02;13:35:00;1800e0;8442375e0;2321e0;28781e0;661e-2;672e-2;666e-2;3689e-1;1019e-2;3754e-1;309e-2
2016-04-02;14:05:00;1800e0;10067423e0;2769e0;34419e0;785e-2;798e-2;792e-2;3658e-1;1186e-2;3733e-1;408e-2
2016-04-02;14:35:00;1800e0;10892913e0;2108e0;37970e0;849e-2;862e-2;857e-2;3635e-1;1242e-2;3697e-1;495e-2
2016-04-02;15:05:00;1800e0;12473874e0;3850e0;41897e0;971e-2;986e-2;980e-2;3598e-1;1381e-2;3639e-1;633e-2
2016-04-02;15:35:00;1800e0;11954447e0;2940e0;41099e0;932e-2;947e-2;940e-2;3599e-1;1265e-2;3594e-1;674e-2
2016-04-02;16:05:00;1800e0;9547349e0;2351e0;32769e0;744e-2;756e-2;750e-2;3665e-1;954e-2;3637e-1;573e-2
2016-04-02;16:35:00;1800e0;4376509e0;801e0;15186e0;346e-2;353e-2;348e-2;3702e-1;442e-2;3712e-1;250e-2
2016-04-02;17:05:00;1800e0;2647659e0;438e0;9304e0;213e-2;216e-2;215e-2;3717e-1;283e-2;3807e-1;132e-2
2016-04-02;17:35:00;1800e0;4617749e0;897e0;16150e0;364e-2;371e-2;366e-2;3735e-1;406e-2;3773e-1;314e-2
2016-04-02;18:05:00;1800e0;2883921e0;427e0;10080e0;230e-2;232e-2;232e-2;3699e-1;242e-2;3727e-1;213e-2
2016-04-02;18:35:00;1800e0;1009101e0;106e0;3903e0;92e-2;84e-2;97e-2;3600e-1;109e-2;3681e-1;55e-2
2016-04-02;19:05:00;1800e0;596308e0;137e0;2296e0;65e-2;51e-2;72e-2;3532e-1;68e-2;3619e-1;33e-2
2016-04-02;19:35:00;1800e0;182772e0;31e0;436e0;37e-2;15e-2;37e-2;3388e-1;28e-2;3397e-1;11e-2
2016-04-03;07:35:00;1800e0;230796e0;6e0;528e0;45e-2;18e-2;41e-2;3451e-1;32e-2;3459e-1;11e-2
2016-04-03;08:05:00;1800e0;411751e0;31e0;983e0;55e-2;36e-2;62e-2;3546e-1;56e-2;3535e-1;17e-2
2016-04-03;08:35:00;1800e0;572437e0;77e0;1857e0;64e-2;50e-2;70e-2;3580e-1;73e-2;3586e-1;25e-2
2016-04-03;09:05:00;1800e0;784570e0;106e0;2604e0;77e-2;67e-2;82e-2;3625e-1;96e-2;3657e-1;33e-2
2016-04-03;09:35:00;1800e0;1745591e0;154e0;5947e0;145e-2;144e-2;147e-2;3753e-1;212e-2;3770e-1;62e-2
2016-04-03;10:05:00;1800e0;2382211e0;254e0;8097e0;192e-2;195e-2;194e-2;3767e-1;295e-2;3786e-1;77e-2
2016-04-03;10:35:00;1800e0;1676986e0;178e0;5772e0;139e-2;138e-2;142e-2;3712e-1;207e-2;3714e-1;58e-2
2016-04-03;11:05:00;1800e0;1358023e0;171e0;4659e0;116e-2;112e-2;119e-2;3694e-1;162e-2;3700e-1;55e-2
2016-04-03;11:35:00;1800e0;1582678e0;154e0;5562e0;132e-2;131e-2;134e-2;3704e-1;186e-2;3735e-1;66e-2
2016-04-03;12:05:00;1800e0;1975004e0;308e0;6886e0;162e-2;162e-2;164e-2;3716e-1;227e-2;3754e-1;85e-2
2016-04-03;12:35:00;1800e0;4158407e0;664e0;14632e0;330e-2;337e-2;332e-2;3750e-1;502e-2;3772e-1;146e-2
2016-04-03;13:05:00;1800e0;3493755e0;475e0;12285e0;279e-2;284e-2;281e-2;3717e-1;428e-2;3750e-1;122e-2
2016-04-03;13:35:00;1800e0;2622954e0;367e0;9261e0;212e-2;215e-2;214e-2;3704e-1;310e-2;3737e-1;106e-2
2016-04-03;14:05:00;1800e0;2786356e0;377e0;9950e0;225e-2;229e-2;226e-2;3705e-1;332e-2;3727e-1;110e-2
2016-04-03;14:35:00;1800e0;1652568e0;149e0;5662e0;139e-2;137e-2;141e-2;3658e-1;201e-2;3675e-1;65e-2
2016-04-03;15:05:00;1800e0;2380068e0;192e0;8255e0;195e-2;196e-2;197e-2;3681e-1;270e-2;3717e-1;108e-2
2016-04-03;15:35:00;1800e0;4687906e0;716e0;16495e0;372e-2;380e-2;374e-2;3713e-1;512e-2;3731e-1;226e-2
2016-04-03;16:05:00;1800e0;4570934e0;841e0;15787e0;362e-2;368e-2;364e-2;3670e-1;490e-2;3665e-1;237e-2
2016-04-03;16:35:00;1800e0;1115695e0;81e0;3714e0;100e-2;93e-2;103e-2;3577e-1;136e-2;3590e-1;48e-2
2016-04-03;17:05:00;1800e0;1124833e0;107e0;3721e0;100e-2;94e-2;104e-2;3596e-1;134e-2;3599e-1;52e-2
2016-04-03;17:35:00;1800e0;1032607e0;125e0;3346e0;94e-2;87e-2;98e-2;3579e-1;126e-2;3574e-1;45e-2
2016-04-03;18:05:00;1800e0;605548e0;129e0;2244e0;65e-2;52e-2;72e-2;3514e-1;78e-2;3503e-1;27e-2
2016-04-03;18:35:00;1800e0;448664e0;42e0;1294e0;57e-2;39e-2;64e-2;3473e-1;59e-2;3460e-1;21e-2
2016-04-03;19:05:00;1800e0;169303e0;30e0;336e0;44e-2;11e-2;39e-2;3333e-1;26e-2;3332e-1;9e-2
2016-04-04;07:05:00;1800e0;164943e0;18e0;666e0;35e-2;14e-2;30e-2;3463e-1;27e-2;3449e-1;8e-2
2016-04-04;07:35:00;1799e0;552566e0;48e0;1845e0;63e-2;49e-2;67e-2;3593e-1;74e-2;3562e-1;20e-2
2016-04-04;08:05:00;1800e0;1155326e0;147e0;4116e0;101e-2;97e-2;104e-2;3730e-1;149e-2;3702e-1;37e-2
2016-04-04;08:35:00;1799e0;1410275e0;115e0;4880e0;119e-2;117e-2;122e-2;3740e-1;180e-2;3712e-1;44e-2
2016-04-04;09:05:00;1800e0;2130182e0;310e0;7487e0;173e-2;175e-2;175e-2;3762e-1;276e-2;3750e-1;57e-2
2016-04-04;09:35:00;1800e0;3016136e0;532e0;10503e0;243e-2;249e-2;245e-2;3763e-1;393e-2;3783e-1;78e-2
2016-04-04;10:05:00;1800e0;2806804e0;496e0;9883e0;226e-2;231e-2;228e-2;3745e-1;356e-2;3766e-1;84e-2
2016-04-04;10:35:00;1800e0;2669198e0;458e0;9246e0;215e-2;219e-2;216e-2;3735e-1;329e-2;3749e-1;91e-2
2016-04-04;11:05:00;1800e0;2691121e0;432e0;9533e0;216e-2;219e-2;217e-2;3726e-1;323e-2;3739e-1;101e-2
2016-04-04;11:35:00;1800e0;4918656e0;1108e0;17204e0;392e-2;401e-2;395e-2;3736e-1;629e-2;3768e-1;140e-2
2016-04-04;12:05:00;1800e0;5237296e0;975e0;18517e0;415e-2;425e-2;419e-2;3710e-1;665e-2;3748e-1;159e-2
2016-04-04;12:35:00;1800e0;4935780e0;656e0;17442e0;392e-2;401e-2;395e-2;3690e-1;614e-2;3722e-1;166e-2
2016-04-04;13:05:00;1800e0;6486663e0;1338e0;22317e0;516e-2;526e-2;520e-2;3666e-1;802e-2;3711e-1;231e-2
2016-04-04;13:35:00;1800e0;8099695e0;2058e0;27919e0;632e-2;645e-2;637e-2;3590e-1;1010e-2;3667e-1;301e-2
2016-04-04;14:05:00;1800e0;4174879e0;587e0;14618e0;329e-2;336e-2;331e-2;3651e-1;496e-2;3667e-1;173e-2
2016-04-04;14:35:00;1800e0;3552886e0;581e0;12444e0;280e-2;286e-2;282e-2;3642e-1;422e-2;3644e-1;149e-2
2016-04-04;15:05:00;1800e0;2041723e0;161e0;6951e0;166e-2;168e-2;168e-2;3607e-1;245e-2;3600e-1;90e-2
2016-04-04;15:35:00;1800e0;1378564e0;105e0;4484e0;118e-2;115e-2;121e-2;3584e-1;166e-2;3564e-1;63e-2
2016-04-04;16:05:00;1800e0;1345982e0;116e0;4350e0;115e-2;112e-2;118e-2;3616e-1;160e-2;3575e-1;62e-2
2016-04-04;16:35:00;1800e0;1192770e0;155e0;4233e0;104e-2;100e-2;108e-2;3598e-1;141e-2;3570e-1;57e-2
2016-04-04;17:05:00;1800e0;1060930e0;105e0;3945e0;95e-2;89e-2;99e-2;3581e-1;126e-2;3564e-1;51e-2
2016-04-04;17:35:00;1800e0;989578e0;111e0;3416e0;90e-2;83e-2;94e-2;3569e-1;120e-2;3560e-1;45e-2
2016-04-04;18:05:00;1800e0;531285e0;117e0;1653e0;61e-2;45e-2;68e-2;3492e-1;68e-2;3454e-1;25e-2
2016-04-04;18:35:00;1800e0;198506e0;25e0;427e0;45e-2;14e-2;46e-2;3352e-1;30e-2;3317e-1;11e-2
2016-04-04;19:05:00;1800e0;203258e0;18e0;450e0;42e-2;14e-2;40e-2;3360e-1;30e-2;3322e-1;10e-2
2016-04-04;19:35:00;1800e0;36217e0;0e0;103e0;0e-2;5e-2;0e-2;3337e-1;12e-2;3352e-1;3e-2
2016-04-05;07:35:00;1800e0;160639e0;12e0;330e0;35e-2;15e-2;31e-2;3398e-1;26e-2;3399e-1;8e-2
2016-04-05;08:05:00;1800e0;387589e0;33e0;1159e0;52e-2;35e-2;53e-2;3502e-1;52e-2;3492e-1;18e-2
2016-04-05;08:35:00;1800e0;404365e0;49e0;935e0;53e-2;35e-2;59e-2;3510e-1;54e-2;3483e-1;19e-2
2016-04-05;09:05:00;1800e0;629211e0;85e0;2090e0;66e-2;54e-2;72e-2;3557e-1;80e-2;3542e-1;28e-2
2016-04-05;09:35:00;1800e0;1216842e0;134e0;4155e0;105e-2;102e-2;108e-2;3658e-1;146e-2;3651e-1;52e-2
2016-04-05;10:05:00;1800e0;855029e0;87e0;2895e0;81e-2;74e-2;84e-2;3587e-1;106e-2;3579e-1;38e-2
2016-04-05;10:35:00;1800e0;1707226e0;170e0;5680e0;141e-2;144e-2;144e-2;3686e-1;203e-2;3701e-1;72e-2
2016-04-05;11:05:00;1800e0;2136339e0;251e0;7251e0;174e-2;177e-2;176e-2;3684e-1;255e-2;3694e-1;88e-2
2016-04-05;11:35:00;1800e0;2021650e0;244e0;6786e0;165e-2;168e-2;167e-2;3673e-1;240e-2;3680e-1;85e-2
2016-04-05;12:05:00;1800e0;1663044e0;127e0;5677e0;138e-2;138e-2;141e-2;3664e-1;199e-2;3654e-1;69e-2
2016-04-05;12:35:00;1800e0;2041297e0;299e0;6726e0;167e-2;170e-2;169e-2;3672e-1;236e-2;3679e-1;91e-2
2016-04-05;13:05:00;1800e0;2555672e0;312e0;8888e0;207e-2;212e-2;209e-2;3686e-1;295e-2;3690e-1;113e-2
2016-04-05;13:35:00;1800e0;6466243e0;1284e0;22541e0;514e-2;527e-2;519e-2;3646e-1;789e-2;3687e-1;247e-2
2016-04-05;14:05:00;1800e0;8643713e0;1955e0;29818e0;684e-2;698e-2;690e-2;3554e-1;1048e-2;3629e-1;366e-2
2016-04-05;14:35:00;1800e0;3794938e0;576e0;13310e0;304e-2;312e-2;307e-2;3605e-1;449e-2;3633e-1;168e-2
2016-04-05;15:05:00;1800e0;2343795e0;266e0;8029e0;191e-2;194e-2;193e-2;3621e-1;279e-2;3630e-1;102e-2
2016-04-05;15:35:00;1800e0;1740555e0;193e0;5829e0;143e-2;143e-2;146e-2;3622e-1;212e-2;3610e-1;72e-2
2016-04-05;16:05:00;1800e0;1573721e0;137e0;5487e0;130e-2;129e-2;133e-2;3622e-1;191e-2;3604e-1;65e-2
2016-04-05;16:35:00;1800e0;1421952e0;188e0;4746e0;121e-2;119e-2;124e-2;3605e-1;173e-2;3594e-1;62e-2
2016-04-05;17:05:00;1800e0;815918e0;83e0;2937e0;78e-2;69e-2;83e-2;3531e-1;101e-2;3523e-1;38e-2
2016-04-05;17:35:00;1800e0;604518e0;95e0;2021e0;64e-2;51e-2;71e-2;3512e-1;79e-2;3477e-1;26e-2
2016-04-05;18:05:00;1800e0;542096e0;82e0;2220e0;61e-2;46e-2;68e-2;3487e-1;68e-2;3482e-1;28e-2
2016-04-05;18:35:00;1800e0;570562e0;73e0;2208e0;63e-2;48e-2;70e-2;3508e-1;72e-2;3483e-1;28e-2
2016-04-05;19:05:00;1799e0;246605e0;24e0;580e0;46e-2;17e-2;48e-2;3347e-1;36e-2;3341e-1;11e-2
2016-04-05;19:35:00;1800e0;38090e0;6e0;74e0;2e-2;4e-2;0e-2;3324e-1;13e-2;3261e-1;4e-2
2016-04-06;07:35:01;1800e0;128386e0;6e0;230e0;28e-2;12e-2;19e-2;3350e-1;21e-2;3350e-1;7e-2
2016-04-06;08:05:01;1800e0;408992e0;32e0;1147e0;55e-2;38e-2;62e-2;3521e-1;55e-2;3519e-1;18e-2
2016-04-06;08:35:01;1800e0;594108e0;97e0;2038e0;65e-2;52e-2;72e-2;3580e-1;75e-2;3556e-1;26e-2
2016-04-06;09:05:01;1800e0;741939e0;97e0;2734e0;74e-2;64e-2;79e-2;3612e-1;93e-2;3597e-1;30e-2
2016-04-06;09:35:01;1800e0;547161e0;113e0;1935e0;62e-2;49e-2;69e-2;3552e-1;70e-2;3547e-1;24e-2
2016-04-06;10:05:01;1800e0;740753e0;86e0;2669e0;75e-2;64e-2;81e-2;3605e-1;91e-2;3597e-1;32e-2
2016-04-06;10:35:01;1800e0;1509191e0;175e0;5262e0;128e-2;126e-2;131e-2;3716e-1;178e-2;3711e-1;61e-2
2016-04-06;11:05:01;1800e0;1419132e0;193e0;5231e0;121e-2;118e-2;125e-2;3686e-1;170e-2;3689e-1;56e-2
2016-04-06;11:35:01;1800e0;1323549e0;126e0;4810e0;114e-2;111e-2;117e-2;3708e-1;154e-2;3720e-1;57e-2
2016-04-06;12:05:01;1800e0;839061e0;168e0;2941e0;81e-2;72e-2;86e-2;3614e-1;100e-2;3635e-1;37e-2
2016-04-06;12:35:01;1800e0;1300355e0;203e0;4548e0;112e-2;109e-2;115e-2;3710e-1;150e-2;3730e-1;57e-2
2016-04-06;13:05:01;1800e0;1619239e0;187e0;5588e0;135e-2;135e-2;137e-2;3727e-1;189e-2;3750e-1;68e-2
2016-04-06;13:35:01;1800e0;1236185e0;180e0;4128e0;108e-2;105e-2;111e-2;3689e-1;147e-2;3691e-1;52e-2
2016-04-06;14:05:01;1800e0;612487e0;125e0;2097e0;67e-2;54e-2;72e-2;3566e-1;78e-2;3535e-1;26e-2
2016-04-06;14:35:01;1800e0;470836e0;80e0;1429e0;58e-2;41e-2;65e-2;3524e-1;61e-2;3509e-1;21e-2
2016-04-06;15:05:01;1800e0;968176e0;163e0;3342e0;91e-2;82e-2;96e-2;3632e-1;117e-2;3626e-1;40e-2
2016-04-06;15:35:01;1800e0;1321025e0;174e0;4791e0;117e-2;110e-2;122e-2;3648e-1;146e-2;3645e-1;64e-2
2016-04-06;16:05:01;1800e0;8383355e0;1830e0;29071e0;653e-2;664e-2;659e-2;3724e-1;837e-2;3713e-1;474e-2
2016-04-06;16:35:01;1800e0;1530588e0;205e0;5449e0;131e-2;125e-2;135e-2;3636e-1;168e-2;3659e-1;75e-2
2016-04-06;17:05:01;1800e0;5980207e0;1140e0;20819e0;466e-2;475e-2;470e-2;3751e-1;536e-2;3735e-1;395e-2
2016-04-06;17:35:01;1800e0;1306616e0;133e0;4644e0;113e-2;108e-2;116e-2;3643e-1;139e-2;3686e-1;72e-2
2016-04-06;18:05:01;1800e0;4299739e0;1088e0;14776e0;338e-2;344e-2;341e-2;3742e-1;310e-2;3738e-1;361e-2
2016-04-06;18:35:01;1800e0;670560e0;68e0;2319e0;71e-2;56e-2;77e-2;3527e-1;70e-2;3541e-1;44e-2
2016-04-06;19:05:01;1800e0;175821e0;8e0;401e0;44e-2;12e-2;43e-2;3372e-1;27e-2;3346e-1;9e-2
2016-04-06;19:35:01;1800e0;79450e0;0e0;136e0;35e-2;11e-2;30e-2;3470e-1;23e-2;3432e-1;9e-2
2016-04-07;07:05:01;1800e0;106186e0;0e0;343e0;23e-2;10e-2;16e-2;3386e-1;18e-2;3332e-1;6e-2
2016-04-07;07:35:01;1800e0;507556e0;43e0;1680e0;61e-2;45e-2;67e-2;3567e-1;67e-2;3572e-1;19e-2
2016-04-07;08:05:01;1800e0;405387e0;51e0;1106e0;55e-2;36e-2;61e-2;3533e-1;54e-2;3517e-1;18e-2
2016-04-07;08:35:01;1800e0;1985099e0;281e0;6925e0;164e-2;165e-2;166e-2;3827e-1;269e-2;3700e-1;35e-2
2016-04-07;09:05:01;1800e0;2708194e0;281e0;9427e0;217e-2;222e-2;220e-2;3808e-1;371e-2;3787e-1;44e-2
2016-04-07;09:35:01;1800e0;3676091e0;680e0;12632e0;291e-2;298e-2;294e-2;3801e-1;496e-2;3850e-1;67e-2
2016-04-07;10:05:01;1800e0;3270206e0;506e0;11368e0;261e-2;267e-2;264e-2;3776e-1;431e-2;3827e-1;71e-2
2016-04-07;10:35:01;1800e0;4092259e0;835e0;14114e0;325e-2;333e-2;328e-2;3764e-1;544e-2;3858e-1;86e-2
2016-04-07;11:05:01;1800e0;1414966e0;226e0;4930e0;122e-2;119e-2;126e-2;3686e-1;174e-2;3684e-1;52e-2
2016-04-07;11:35:01;1800e0;2033340e0;311e0;7062e0;167e-2;168e-2;170e-2;3743e-1;241e-2;3757e-1;77e-2
2016-04-07;12:05:01;1800e0;1924808e0;353e0;6775e0;160e-2;158e-2;163e-2;3692e-1;232e-2;3735e-1;70e-2
2016-04-07;12:35:01;1800e0;2980117e0;404e0;10482e0;238e-2;242e-2;240e-2;3770e-1;352e-2;3791e-1;109e-2
2016-04-07;13:05:01;1800e0;2084296e0;352e0;7507e0;171e-2;170e-2;175e-2;3720e-1;254e-2;3727e-1;72e-2
2016-04-07;13:35:01;1800e0;2814221e0;289e0;10170e0;228e-2;228e-2;231e-2;3724e-1;325e-2;3742e-1;112e-2
2016-04-07;14:05:01;1800e0;3163950e0;536e0;10869e0;250e-2;256e-2;253e-2;3776e-1;360e-2;3799e-1;129e-2
2016-04-07;14:35:01;1800e0;1670753e0;249e0;5935e0;138e-2;137e-2;141e-2;3717e-1;196e-2;3725e-1;69e-2
2016-04-07;15:05:01;1800e0;2330142e0;454e0;8319e0;190e-2;190e-2;194e-2;3726e-1;257e-2;3727e-1;106e-2
2016-04-07;15:35:01;1800e0;6445950e0;1771e0;22007e0;503e-2;512e-2;507e-2;3757e-1;678e-2;3780e-1;322e-2
2016-04-07;16:05:01;1800e0;7542584e0;1837e0;26053e0;583e-2;593e-2;588e-2;3759e-1;755e-2;3768e-1;417e-2
2016-04-07;16:35:01;1800e0;10439329e0;3163e0;35292e0;813e-2;827e-2;820e-2;3749e-1;962e-2;3704e-1;673e-2
2016-04-07;17:05:01;1799e0;6052423e0;1540e0;20618e0;474e-2;483e-2;478e-2;3752e-1;541e-2;3731e-1;402e-2
2016-04-07;17:35:01;1800e0;5300363e0;922e0;18515e0;414e-2;423e-2;417e-2;3778e-1;435e-2;3780e-1;383e-2
2016-04-07;18:05:01;1799e0;2552708e0;599e0;8760e0;212e-2;206e-2;218e-2;3610e-1;193e-2;3621e-1;210e-2
2016-04-07;18:35:01;1800e0;5287377e0;1536e0;18093e0;414e-2;425e-2;418e-2;3848e-1;265e-2;3794e-1;550e-2
2016-04-07;19:05:01;1800e0;2796645e0;429e0;9945e0;225e-2;227e-2;228e-2;3706e-1;101e-2;3817e-1;332e-2
2016-04-07;19:35:01;1800e0;1054674e0;175e0;3734e0;98e-2;89e-2;103e-2;3482e-1;39e-2;3947e-1;124e-2
2016-04-08;07:35:01;1800e0;187593e0;0e0;399e0;43e-2;17e-2;42e-2;3437e-1;29e-2;3409e-1;10e-2
2016-04-08;13:05:01;1800e0;2719406e0;309e0;9503e0;218e-2;223e-2;221e-2;3767e-1;315e-2;3789e-1;107e-2
2016-04-08;13:35:01;1800e0;4080633e0;1066e0;13951e0;322e-2;331e-2;325e-2;3786e-1;478e-2;3799e-1;153e-2
2016-04-08;14:05:01;1800e0;3508177e0;597e0;12310e0;277e-2;284e-2;279e-2;3777e-1;410e-2;3793e-1;134e-2
2016-04-08;14:35:01;1800e0;1597299e0;158e0;5691e0;133e-2;132e-2;135e-2;3725e-1;193e-2;3694e-1;60e-2
2016-04-08;15:05:01;1800e0;1872610e0;208e0;6723e0;154e-2;155e-2;157e-2;3749e-1;213e-2;3761e-1;81e-2
2016-04-08;15:35:01;1800e0;8142076e0;2055e0;27857e0;636e-2;650e-2;643e-2;3767e-1;837e-2;3780e-1;428e-2
2016-04-08;16:05:01;1800e0;2751392e0;515e0;9619e0;224e-2;225e-2;228e-2;3686e-1;306e-2;3676e-1;128e-2
2016-04-08;16:35:01;1800e0;695031e0;47e0;2695e0;71e-2;61e-2;76e-2;3618e-1;84e-2;3624e-1;32e-2
2016-04-08;17:05:01;1800e0;2114883e0;326e0;7091e0;172e-2;175e-2;174e-2;3760e-1;212e-2;3806e-1;118e-2
2016-04-08;17:35:01;1800e0;7235935e0;1650e0;24620e0;569e-2;581e-2;575e-2;3779e-1;564e-2;3715e-1;562e-2
2016-04-08;18:05:01;1800e0;372019e0;37e0;1010e0;53e-2;32e-2;60e-2;3483e-1;47e-2;3486e-1;19e-2
2016-04-08;18:35:01;1800e0;867622e0;99e0;3136e0;85e-2;74e-2;91e-2;3558e-1;71e-2;3648e-1;71e-2
2016-04-08;19:05:01;1800e0;1565727e0;249e0;5217e0;137e-2;129e-2;142e-2;3619e-1;100e-2;3627e-1;149e-2
2016-04-08;19:35:01;1800e0;241620e0;6e0;634e0;47e-2;19e-2;51e-2;3417e-1;27e-2;3479e-1;18e-2
2016-04-09;07:05:01;1800e0;370090e0;80e0;994e0;53e-2;31e-2;59e-2;3621e-1;48e-2;3595e-1;16e-2
2016-04-09;07:35:01;1800e0;889361e0;87e0;2835e0;84e-2;76e-2;89e-2;3801e-1;107e-2;3732e-1;33e-2
2016-04-09;08:05:01;1800e0;1797771e0;195e0;6072e0;149e-2;149e-2;151e-2;3858e-1;231e-2;3823e-1;44e-2
2016-04-09;08:35:01;1800e0;1952142e0;231e0;6743e0;160e-2;161e-2;162e-2;3845e-1;265e-2;3745e-1;35e-2
2016-04-09;09:05:01;1800e0;3776573e0;490e0;13259e0;300e-2;308e-2;302e-2;3853e-1;530e-2;3829e-1;44e-2
2016-04-09;09:35:01;1800e0;4535708e0;946e0;15691e0;360e-2;369e-2;363e-2;3788e-1;639e-2;3868e-1;56e-2
2016-04-09;10:05:01;1800e0;5496609e0;1228e0;18860e0;435e-2;445e-2;439e-2;3726e-1;787e-2;3913e-1;65e-2
2016-04-09;10:35:01;1800e0;7064458e0;1893e0;24134e0;560e-2;570e-2;565e-2;3692e-1;1026e-2;3960e-1;79e-2
2016-04-09;11:05:01;1800e0;7357004e0;1871e0;24998e0;583e-2;594e-2;588e-2;3656e-1;1064e-2;3939e-1;99e-2
2016-04-09;11:35:01;1800e0;4973926e0;1019e0;17121e0;399e-2;407e-2;401e-2;3732e-1;668e-2;3827e-1;105e-2
2016-04-09;12:05:01;1800e0;9892938e0;1767e0;34338e0;784e-2;798e-2;791e-2;3586e-1;1431e-2;3876e-1;162e-2
2016-04-09;12:35:01;1800e0;8571362e0;1942e0;29369e0;679e-2;690e-2;685e-2;3567e-1;1170e-2;3769e-1;221e-2
2016-04-09;13:05:01;1800e0;5979174e0;998e0;20817e0;477e-2;485e-2;481e-2;3668e-1;754e-2;3736e-1;194e-2
2016-04-09;13:35:01;1800e0;5734965e0;981e0;20000e0;456e-2;464e-2;460e-2;3668e-1;691e-2;3729e-1;217e-2
2016-04-09;14:05:01;1800e0;2543460e0;266e0;8944e0;206e-2;209e-2;208e-2;3679e-1;296e-2;3689e-1;110e-2
2016-04-09;14:35:01;1800e0;7511041e0;2194e0;25495e0;593e-2;602e-2;599e-2;3688e-1;853e-2;3729e-1;344e-2
2016-04-09;15:05:01;1800e0;4093763e0;613e0;14351e0;326e-2;331e-2;329e-2;3652e-1;476e-2;3684e-1;186e-2
2016-04-09;15:35:01;1800e0;4749578e0;1050e0;16428e0;376e-2;383e-2;379e-2;3730e-1;496e-2;3751e-1;248e-2
2016-04-09;16:05:01;1800e0;6378664e0;1389e0;21933e0;503e-2;513e-2;507e-2;3685e-1;668e-2;3695e-1;344e-2
2016-04-09;16:35:01;1800e0;10497707e0;2723e0;35886e0;826e-2;839e-2;833e-2;3606e-1;1015e-2;3531e-1;705e-2
2016-04-09;17:05:01;1800e0;4921893e0;1108e0;16795e0;393e-2;400e-2;397e-2;3637e-1;459e-2;3599e-1;337e-2
2016-04-09;17:35:01;1800e0;3791691e0;885e0;12794e0;306e-2;309e-2;309e-2;3640e-1;346e-2;3589e-1;269e-2
2016-04-09;18:05:01;1800e0;2258968e0;457e0;7619e0;185e-2;184e-2;189e-2;3669e-1;164e-2;3710e-1;193e-2
2016-04-09;18:35:01;1800e0;2607335e0;320e0;9280e0;214e-2;212e-2;218e-2;3646e-1;159e-2;3622e-1;259e-2
2016-04-09;19:05:01;1800e0;801449e0;105e0;3033e0;77e-2;66e-2;84e-2;3541e-1;58e-2;3682e-1;74e-2
2016-04-09;19:35:01;1800e0;1174910e0;163e0;4244e0;103e-2;97e-2;107e-2;3498e-1;48e-2;3979e-1;134e-2
2016-04-09;20:05:01;1800e0;300328e0;30e0;1014e0;49e-2;32e-2;49e-2;3390e-1;19e-2;3740e-1;48e-2
2016-04-10;07:05:01;1800e0;243843e0;43e0;492e0;44e-2;19e-2;45e-2;3520e-1;35e-2;3518e-1;10e-2
2016-04-10;07:35:01;1800e0;509760e0;87e0;1922e0;60e-2;44e-2;66e-2;3632e-1;66e-2;3624e-1;21e-2
2016-04-10;08:05:01;1800e0;656127e0;80e0;2375e0;68e-2;57e-2;74e-2;3656e-1;81e-2;3669e-1;28e-2
2016-04-10;08:35:01;1800e0;980605e0;161e0;3743e0;89e-2;83e-2;93e-2;3716e-1;118e-2;3722e-1;41e-2
2016-04-10;09:05:01;1800e0;1305434e0;149e0;4453e0;112e-2;109e-2;115e-2;3747e-1;155e-2;3744e-1;53e-2
2016-04-10;09:35:01;1800e0;1941428e0;321e0;6732e0;159e-2;161e-2;162e-2;3769e-1;229e-2;3779e-1;74e-2
2016-04-10;10:05:01;1800e0;2714490e0;498e0;9268e0;219e-2;224e-2;221e-2;3778e-1;328e-2;3807e-1;93e-2
2016-04-10;10:35:01;1800e0;4493156e0;821e0;15321e0;357e-2;365e-2;359e-2;3765e-1;579e-2;3847e-1;116e-2
2016-04-10;11:05:01;1800e0;6465305e0;1759e0;21978e0;510e-2;521e-2;514e-2;3685e-1;875e-2;3852e-1;142e-2
2016-04-10;11:35:01;1800e0;7722111e0;2469e0;25921e0;608e-2;620e-2;613e-2;3624e-1;1083e-2;3830e-1;148e-2
2016-04-10;12:05:01;1800e0;6518369e0;1724e0;22408e0;512e-2;522e-2;516e-2;3655e-1;878e-2;3767e-1;157e-2
2016-04-10;12:35:01;1800e0;3019632e0;554e0;10453e0;241e-2;246e-2;243e-2;3716e-1;363e-2;3729e-1;114e-2
2016-04-10;13:05:01;1800e0;3466006e0;424e0;12157e0;274e-2;279e-2;276e-2;3733e-1;401e-2;3750e-1;142e-2
2016-04-10;13:35:01;1800e0;4858190e0;1093e0;16804e0;381e-2;389e-2;384e-2;3704e-1;575e-2;3736e-1;189e-2
2016-04-10;14:05:01;1800e0;2445303e0;351e0;8397e0;199e-2;201e-2;201e-2;3700e-1;285e-2;3721e-1;103e-2
2016-04-10;14:35:01;1800e0;1816926e0;288e0;6219e0;151e-2;151e-2;153e-2;3689e-1;216e-2;3711e-1;74e-2
2016-04-10;15:05:01;1800e0;2266497e0;255e0;8019e0;185e-2;187e-2;187e-2;3727e-1;265e-2;3740e-1;93e-2
2016-04-10;15:35:01;1800e0;2035423e0;180e0;6841e0;168e-2;169e-2;170e-2;3712e-1;234e-2;3730e-1;89e-2
2016-04-10;16:05:01;1800e0;2012826e0;259e0;6742e0;165e-2;166e-2;167e-2;3716e-1;230e-2;3724e-1;88e-2
2016-04-10;16:35:01;1800e0;1732474e0;237e0;5949e0;146e-2;145e-2;148e-2;3699e-1;201e-2;3715e-1;76e-2
2016-04-10;17:05:01;1800e0;1516356e0;181e0;5475e0;128e-2;126e-2;131e-2;3697e-1;173e-2;3706e-1;69e-2
2016-04-10;17:35:01;1800e0;1553464e0;199e0;5550e0;131e-2;129e-2;134e-2;3693e-1;167e-2;3728e-1;81e-2
2016-04-10;18:05:01;1800e0;2621467e0;171e0;9358e0;212e-2;215e-2;214e-2;3724e-1;219e-2;3768e-1;193e-2
2016-04-10;18:35:01;1800e0;5097930e0;716e0;17758e0;401e-2;409e-2;404e-2;3753e-1;336e-2;3732e-1;465e-2
2016-04-10;19:05:01;1800e0;4051088e0;598e0;14242e0;320e-2;326e-2;322e-2;3731e-1;208e-2;3771e-1;427e-2
2016-04-10;19:35:01;1800e0;1599632e0;187e0;5644e0;136e-2;132e-2;140e-2;3552e-1;70e-2;3937e-1;177e-2
2016-04-10;20:05:01;1800e0;308950e0;28e0;1160e0;48e-2;30e-2;45e-2;3375e-1;18e-2;3694e-1;46e-2
2016-04-11;07:05:01;1800e0;361465e0;24e0;894e0;52e-2;33e-2;58e-2;3656e-1;45e-2;3630e-1;18e-2
2016-04-11;07:35:01;1800e0;727061e0;87e0;2763e0;72e-2;63e-2;77e-2;3777e-1;88e-2;3659e-1;30e-2
2016-04-11;08:05:01;1800e0;1441417e0;129e0;5174e0;121e-2;121e-2;124e-2;3891e-1;184e-2;3796e-1;37e-2
2016-04-11;08:35:01;1800e0;2628657e0;389e0;8981e0;209e-2;214e-2;212e-2;3897e-1;356e-2;3757e-1;42e-2
2016-04-11;09:05:01;1800e0;4007982e0;549e0;14098e0;316e-2;325e-2;318e-2;3862e-1;562e-2;3830e-1;45e-2
2016-04-11;09:35:01;1800e0;5343159e0;1132e0;18433e0;418e-2;429e-2;422e-2;3820e-1;768e-2;3877e-1;47e-2
2016-04-11;10:05:01;1800e0;6531038e0;1414e0;22645e0;511e-2;524e-2;516e-2;3771e-1;959e-2;3977e-1;46e-2
2016-04-11;10:35:01;1800e0;7598633e0;1807e0;26303e0;593e-2;606e-2;598e-2;3730e-1;1127e-2;3987e-1;53e-2
2016-04-11;11:05:01;1800e0;8513583e0;1793e0;29142e0;663e-2;677e-2;669e-2;3675e-1;1277e-2;3968e-1;64e-2
2016-04-11;11:35:01;1800e0;9339903e0;2200e0;32256e0;728e-2;743e-2;735e-2;3655e-1;1403e-2;3930e-1;76e-2
2016-04-11;12:05:01;1800e0;10123034e0;2851e0;34277e0;788e-2;802e-2;795e-2;3639e-1;1497e-2;3855e-1;112e-2
2016-04-11;12:35:01;1800e0;11083553e0;3523e0;36899e0;872e-2;887e-2;881e-2;3601e-1;1567e-2;3795e-1;212e-2
2016-04-11;13:05:01;1800e0;11985264e0;3019e0;40530e0;941e-2;956e-2;950e-2;3592e-1;1602e-2;3761e-1;326e-2
2016-04-11;13:35:01;1800e0;12706773e0;3310e0;44236e0;993e-2;1010e-2;1003e-2;3590e-1;1612e-2;3738e-1;433e-2
2016-04-11;14:05:01;1800e0;13118448e0;3054e0;45297e0;1019e-2;1036e-2;1029e-2;3582e-1;1590e-2;3704e-1;527e-2
2016-04-11;14:35:01;1800e0;13236353e0;3782e0;45178e0;1037e-2;1053e-2;1048e-2;3583e-1;1533e-2;3664e-1;607e-2
2016-04-11;15:05:01;1800e0;13159838e0;3355e0;45273e0;1030e-2;1047e-2;1041e-2;3600e-1;1452e-2;3633e-1;674e-2
2016-04-11;15:35:01;1800e0;12733550e0;3193e0;44353e0;995e-2;1011e-2;1005e-2;3608e-1;1339e-2;3602e-1;723e-2
2016-04-11;16:05:01;1800e0;12049600e0;3146e0;40501e0;943e-2;958e-2;952e-2;3634e-1;1196e-2;3578e-1;752e-2
2016-04-11;16:35:01;1800e0;11188034e0;2593e0;38236e0;876e-2;891e-2;884e-2;3667e-1;1035e-2;3586e-1;765e-2
2016-04-11;17:05:01;1800e0;10099132e0;2858e0;34341e0;788e-2;802e-2;795e-2;3715e-1;853e-2;3605e-1;760e-2
2016-04-11;17:35:01;1800e0;8692601e0;2693e0;29292e0;685e-2;698e-2;691e-2;3742e-1;652e-2;3620e-1;732e-2
2016-04-11;18:05:01;1800e0;7061734e0;2098e0;24064e0;560e-2;572e-2;565e-2;3759e-1;444e-2;3653e-1;679e-2
2016-04-11;18:35:01;1800e0;5292174e0;647e0;18671e0;417e-2;427e-2;419e-2;3771e-1;245e-2;3676e-1;596e-2
2016-04-11;19:05:01;1800e0;3642756e0;574e0;12749e0;289e-2;296e-2;291e-2;3700e-1;107e-2;3753e-1;468e-2
2016-04-11;19:35:01;1800e0;1974856e0;235e0;6859e0;161e-2;162e-2;164e-2;3501e-1;46e-2;3937e-1;256e-2
2016-04-11;20:05:01;1800e0;531438e0;55e0;1895e0;58e-2;49e-2;58e-2;3337e-1;16e-2;3664e-1;86e-2
2016-04-12;06:35:01;1800e0;105486e0;10e0;412e0;35e-2;14e-2;32e-2;3635e-1;23e-2;3590e-1;8e-2
2016-04-12;07:05:01;1800e0;396395e0;56e0;1002e0;53e-2;35e-2;60e-2;3695e-1;48e-2;3644e-1;18e-2
2016-04-12;07:35:01;1800e0;760142e0;103e0;2706e0;75e-2;67e-2;78e-2;3813e-1;92e-2;3669e-1;30e-2
2016-04-12;08:05:01;1800e0;1498655e0;186e0;4980e0;126e-2;126e-2;128e-2;3898e-1;191e-2;3779e-1;37e-2
2016-04-12;08:35:01;1800e0;2693283e0;387e0;9394e0;214e-2;220e-2;216e-2;3900e-1;363e-2;3763e-1;44e-2
2016-04-12;09:05:01;1800e0;4080630e0;480e0;14477e0;322e-2;331e-2;325e-2;3862e-1;569e-2;3844e-1;47e-2
2016-04-12;09:35:01;1800e0;5377853e0;953e0;18831e0;427e-2;437e-2;430e-2;3790e-1;774e-2;3882e-1;51e-2
2016-04-12;10:05:01;1800e0;6547400e0;1292e0;22828e0;516e-2;528e-2;521e-2;3747e-1;960e-2;3966e-1;53e-2
2016-04-12;10:35:01;1800e0;7611045e0;1553e0;26655e0;605e-2;619e-2;610e-2;3714e-1;1123e-2;3977e-1;63e-2
2016-04-12;11:05:01;1800e0;8627026e0;2181e0;29515e0;682e-2;697e-2;689e-2;3665e-1;1276e-2;3951e-1;84e-2
2016-04-12;11:35:01;1800e0;9936378e0;2579e0;33629e0;783e-2;799e-2;791e-2;3637e-1;1454e-2;3901e-1;124e-2
2016-04-12;12:05:01;1800e0;10221335e0;2911e0;34608e0;802e-2;817e-2;809e-2;3633e-1;1454e-2;3796e-1;174e-2
2016-04-12;12:35:01;1800e0;9682035e0;3094e0;32363e0;758e-2;772e-2;765e-2;3659e-1;1297e-2;3766e-1;237e-2
2016-04-12;13:05:01;1800e0;6832450e0;1454e0;23464e0;537e-2;548e-2;541e-2;3702e-1;858e-2;3748e-1;217e-2
2016-04-12;13:35:01;1800e0;5202351e0;1406e0;17614e0;411e-2;421e-2;414e-2;3741e-1;615e-2;3754e-1;196e-2
2016-04-12;14:05:01;1800e0;6246826e0;1374e0;21745e0;486e-2;498e-2;490e-2;3730e-1;720e-2;3746e-1;257e-2
2016-04-12;14:35:01;1800e0;5472851e0;1283e0;18761e0;430e-2;439e-2;434e-2;3680e-1;622e-2;3686e-1;244e-2
2016-04-12;15:05:01;1800e0;1762337e0;179e0;5873e0;144e-2;145e-2;147e-2;3669e-1;205e-2;3674e-1;77e-2
2016-04-12;15:35:01;1800e0;1455031e0;193e0;4994e0;122e-2;120e-2;126e-2;3655e-1;172e-2;3639e-1;64e-2
2016-04-12;16:05:01;1800e0;2666801e0;360e0;9450e0;212e-2;216e-2;213e-2;3710e-1;297e-2;3708e-1;126e-2
2016-04-12;16:35:01;1800e0;3168260e0;535e0;10965e0;250e-2;255e-2;252e-2;3711e-1;333e-2;3722e-1;167e-2
2016-04-12;17:05:01;1800e0;1922593e0;312e0;6523e0;156e-2;156e-2;159e-2;3653e-1;203e-2;3662e-1;106e-2
2016-04-12;17:35:01;1800e0;966433e0;150e0;3745e0;87e-2;80e-2;92e-2;3578e-1;115e-2;3561e-1;44e-2
2016-04-12;18:05:01;1800e0;538904e0;54e0;1842e0;61e-2;45e-2;69e-2;3503e-1;69e-2;3473e-1;23e-2
2016-04-12;18:35:01;1800e0;346849e0;50e0;744e0;51e-2;28e-2;60e-2;3445e-1;46e-2;3435e-1;16e-2
2016-04-12;19:05:01;1800e0;165116e0;0e0;402e0;44e-2;11e-2;32e-2;3335e-1;24e-2;3339e-1;9e-2
2016-04-12;19:35:01;1800e0;62424e0;0e0;676e0;10e-2;6e-2;1e-2;3331e-1;14e-2;3252e-1;4e-2
2016-04-13;07:05:01;1800e0;184924e0;16e0;892e0;40e-2;17e-2;40e-2;3451e-1;30e-2;3422e-1;10e-2
2016-04-13;07:35:01;1800e0;434682e0;49e0;1245e0;56e-2;39e-2;61e-2;3543e-1;60e-2;3501e-1;17e-2
2016-04-13;08:05:01;1800e0;612881e0;92e0;2398e0;66e-2;54e-2;70e-2;3586e-1;80e-2;3570e-1;25e-2
2016-04-13;08:35:01;1800e0;721179e0;125e0;2679e0;72e-2;62e-2;77e-2;3608e-1;94e-2;3575e-1;27e-2
2016-04-13;09:05:01;1800e0;1274175e0;112e0;4136e0;109e-2;108e-2;112e-2;3701e-1;159e-2;3671e-1;46e-2
2016-04-13;09:35:01;1800e0;1117924e0;81e0;3808e0;98e-2;94e-2;102e-2;3656e-1;141e-2;3646e-1;41e-2
2016-04-13;10:05:01;1800e0;515995e0;33e0;1572e0;59e-2;45e-2;65e-2;3528e-1;65e-2;3521e-1;26e-2
2016-04-13;10:35:01;1800e0;707237e0;106e0;2552e0;71e-2;60e-2;76e-2;3563e-1;85e-2;3566e-1;35e-2
2016-04-13;11:05:01;1800e0;1013526e0;180e0;3872e0;90e-2;85e-2;95e-2;3645e-1;117e-2;3634e-1;49e-2
2016-04-13;11:35:01;1800e0;991723e0;75e0;3117e0;90e-2;84e-2;94e-2;3669e-1;115e-2;3657e-1;47e-2
2016-04-13;12:05:01;1800e0;1569053e0;151e0;5265e0;132e-2;132e-2;134e-2;3741e-1;174e-2;3727e-1;76e-2
2016-04-13;12:35:01;1800e0;3229411e0;652e0;11232e0;257e-2;264e-2;259e-2;3806e-1;363e-2;3792e-1;136e-2
2016-04-13;13:05:01;1800e0;2339615e0;504e0;7808e0;191e-2;195e-2;193e-2;3754e-1;260e-2;3756e-1;108e-2
2016-04-13;13:35:01;1800e0;1701342e0;356e0;5750e0;141e-2;142e-2;143e-2;3732e-1;189e-2;3731e-1;81e-2
2016-04-13;14:05:01;1800e0;1030895e0;93e0;3785e0;93e-2;87e-2;96e-2;3645e-1;117e-2;3654e-1;52e-2
2016-04-13;14:35:01;1800e0;873782e0;123e0;3337e0;82e-2;73e-2;87e-2;3634e-1;106e-2;3628e-1;38e-2
2016-04-13;15:05:01;1800e0;766517e0;112e0;2690e0;75e-2;64e-2;80e-2;3601e-1;95e-2;3599e-1;33e-2
2016-04-13;15:35:01;1800e0;803067e0;123e0;2900e0;77e-2;67e-2;83e-2;3616e-1;98e-2;3607e-1;35e-2
2016-04-13;16:05:01;1800e0;384269e0;75e0;903e0;52e-2;31e-2;61e-2;3494e-1;51e-2;3490e-1;17e-2
2016-04-13;16:35:01;1800e0;347816e0;43e0;684e0;51e-2;28e-2;59e-2;3485e-1;47e-2;3482e-1;16e-2
2016-04-13;17:05:01;1800e0;219652e0;25e0;537e0;45e-2;15e-2;50e-2;3426e-1;32e-2;3432e-1;11e-2
2016-04-13;17:35:01;1800e0;152395e0;0e0;219e0;40e-2;11e-2;30e-2;3396e-1;24e-2;3361e-1;8e-2
2016-04-13;18:05:01;1800e0;176678e0;12e0;352e0;44e-2;13e-2;46e-2;3427e-1;27e-2;3373e-1;10e-2
2016-04-13;18:35:01;1800e0;131444e0;2e0;277e0;37e-2;8e-2;19e-2;3361e-1;20e-2;3359e-1;7e-2
2016-04-13;19:05:01;1800e0;46096e0;0e0;447e0;14e-2;5e-2;3e-2;3484e-1;14e-2;3420e-1;4e-2
2016-04-14;07:35:01;1800e0;139508e0;0e0;202e0;34e-2;12e-2;23e-2;3403e-1;22e-2;3379e-1;8e-2
2016-04-14;08:05:01;1800e0;228645e0;6e0;689e0;46e-2;19e-2;54e-2;3479e-1;34e-2;3466e-1;12e-2
2016-04-14;08:35:01;1800e0;314871e0;18e0;742e0;49e-2;26e-2;57e-2;3515e-1;43e-2;3494e-1;14e-2
2016-04-14;09:05:01;1800e0;421387e0;50e0;976e0;55e-2;37e-2;62e-2;3539e-1;56e-2;3536e-1;18e-2
2016-04-14;09:35:01;1800e0;808226e0;82e0;2901e0;78e-2;69e-2;84e-2;3651e-1;98e-2;3659e-1;34e-2
2016-04-14;10:05:01;1800e0;1476361e0;126e0;4799e0;126e-2;125e-2;128e-2;3747e-1;172e-2;3752e-1;63e-2
2016-04-14;10:35:01;1800e0;2136566e0;155e0;7280e0;175e-2;178e-2;177e-2;3773e-1;250e-2;3788e-1;83e-2
2016-04-14;11:05:01;1800e0;3631794e0;568e0;12661e0;291e-2;298e-2;293e-2;3790e-1;440e-2;3834e-1;121e-2
2016-04-14;11:35:01;1800e0;4034881e0;483e0;14112e0;320e-2;328e-2;322e-2;3781e-1;480e-2;3821e-1;144e-2
2016-04-14;12:05:01;1800e0;7383350e0;1783e0;25546e0;577e-2;589e-2;582e-2;3696e-1;992e-2;3832e-1;169e-2
2016-04-14;12:35:01;1800e0;9358624e0;2315e0;32000e0;733e-2;747e-2;739e-2;3572e-1;1274e-2;3770e-1;240e-2
2016-04-14;13:05:01;1800e0;9311904e0;2510e0;31635e0;731e-2;745e-2;738e-2;3609e-1;1192e-2;3744e-1;303e-2
2016-04-14;13:35:01;1800e0;12931950e0;3189e0;44332e0;1021e-2;1037e-2;1031e-2;3484e-1;1648e-2;3666e-1;491e-2
2016-04-14;14:05:01;1800e0;8037148e0;2318e0;27211e0;632e-2;644e-2;638e-2;3624e-1;939e-2;3691e-1;348e-2
2016-04-14;14:35:01;1800e0;5405902e0;898e0;18960e0;424e-2;433e-2;427e-2;3690e-1;615e-2;3710e-1;242e-2
2016-04-14;15:05:01;1800e0;7188936e0;1804e0;24831e0;566e-2;577e-2;570e-2;3716e-1;792e-2;3728e-1;337e-2
2016-04-14;15:35:01;1799e0;4277556e0;793e0;14789e0;340e-2;347e-2;342e-2;3732e-1;478e-2;3727e-1;194e-2
2016-04-14;16:05:01;1800e0;2106997e0;237e0;7226e0;171e-2;172e-2;173e-2;3709e-1;246e-2;3709e-1;88e-2
2016-04-14;16:35:01;1800e0;1845093e0;214e0;6394e0;152e-2;152e-2;154e-2;3706e-1;215e-2;3710e-1;77e-2
2016-04-14;17:05:01;1800e0;1473390e0;113e0;4945e0;125e-2;122e-2;128e-2;3691e-1;175e-2;3677e-1;61e-2
2016-04-14;17:35:01;1800e0;967715e0;132e0;3324e0;88e-2;81e-2;93e-2;3633e-1;118e-2;3614e-1;41e-2
2016-04-14;18:05:01;1800e0;704805e0;87e0;2706e0;71e-2;59e-2;77e-2;3586e-1;87e-2;3565e-1;32e-2
2016-04-14;18:35:01;1800e0;529448e0;94e0;2187e0;60e-2;45e-2;68e-2;3551e-1;67e-2;3521e-1;25e-2
2016-04-14;19:05:01;1800e0;312225e0;30e0;699e0;49e-2;23e-2;58e-2;3452e-1;41e-2;3458e-1;15e-2
2016-04-14;19:35:01;1800e0;221362e0;6e0;574e0;44e-2;14e-2;47e-2;3407e-1;31e-2;3419e-1;11e-2
2016-04-14;20:05:01;1800e0;28732e0;0e0;95e0;1e-2;2e-2;0e-2;3445e-1;11e-2;3510e-1;4e-2
2016-04-15;06:35:01;1800e0;84069e0;10e0;294e0;28e-2;8e-2;12e-2;3500e-1;18e-2;3493e-1;5e-2
2016-04-15;07:05:01;1800e0;383225e0;37e0;1097e0;53e-2;32e-2;60e-2;3566e-1;51e-2;3564e-1;16e-2
2016-04-15;07:35:01;1800e0;491496e0;56e0;1575e0;59e-2;42e-2;66e-2;3596e-1;64e-2;3608e-1;19e-2
2016-04-15;08:05:01;1800e0;514006e0;66e0;1862e0;60e-2;44e-2;67e-2;3597e-1;63e-2;3593e-1;25e-2
2016-04-15;08:35:01;1800e0;507751e0;63e0;1633e0;60e-2;43e-2;68e-2;3572e-1;64e-2;3574e-1;23e-2
2016-04-15;09:05:01;1800e0;693325e0;92e0;2763e0;71e-2;59e-2;78e-2;3637e-1;89e-2;3593e-1;27e-2
2016-04-15;09:35:01;1800e0;1193152e0;68e0;4397e0;106e-2;99e-2;110e-2;3700e-1;146e-2;3682e-1;45e-2
2016-04-15;10:05:01;1800e0;3873331e0;735e0;13497e0;307e-2;313e-2;310e-2;3795e-1;513e-2;3855e-1;82e-2
2016-04-15;10:35:01;1800e0;6801387e0;2044e0;23141e0;533e-2;544e-2;537e-2;3751e-1;955e-2;3934e-1;96e-2
2016-04-15;11:05:01;1800e0;8530542e0;2438e0;28817e0;662e-2;675e-2;668e-2;3686e-1;1227e-2;3946e-1;110e-2
2016-04-15;11:35:01;1800e0;7401258e0;1801e0;25624e0;577e-2;588e-2;581e-2;3673e-1;1013e-2;3815e-1;157e-2
2016-04-15;12:05:01;1800e0;3877616e0;720e0;13596e0;307e-2;314e-2;309e-2;3750e-1;469e-2;3759e-1;136e-2
2016-04-15;12:35:01;1800e0;3485159e0;691e0;12351e0;276e-2;282e-2;278e-2;3749e-1;408e-2;3750e-1;138e-2
2016-04-15;13:05:01;1800e0;6223323e0;1361e0;21293e0;488e-2;498e-2;491e-2;3746e-1;737e-2;3758e-1;233e-2
2016-04-15;13:35:01;1800e0;5277642e0;1463e0;18007e0;415e-2;423e-2;418e-2;3732e-1;619e-2;3749e-1;206e-2
2016-04-15;14:05:01;1800e0;9122893e0;2454e0;31087e0;710e-2;723e-2;716e-2;3683e-1;1077e-2;3733e-1;364e-2
2016-04-15;14:35:01;1800e0;3061353e0;363e0;10705e0;244e-2;248e-2;246e-2;3717e-1;347e-2;3722e-1;136e-2
2016-04-15;15:05:01;1800e0;3296779e0;366e0;11765e0;263e-2;268e-2;264e-2;3747e-1;372e-2;3752e-1;144e-2
2016-04-15;15:35:01;1800e0;2943918e0;367e0;10471e0;235e-2;240e-2;237e-2;3726e-1;337e-2;3739e-1;127e-2
2016-04-15;16:05:01;1800e0;1731621e0;123e0;5941e0;143e-2;142e-2;145e-2;3683e-1;204e-2;3684e-1;74e-2
2016-04-15;16:35:01;1800e0;1350130e0;137e0;4565e0;115e-2;112e-2;118e-2;3660e-1;162e-2;3648e-1;57e-2
2016-04-15;17:05:01;1800e0;568629e0;74e0;2103e0;63e-2;49e-2;69e-2;3547e-1;72e-2;3515e-1;26e-2
2016-04-15;17:35:01;1800e0;542400e0;59e0;2072e0;61e-2;47e-2;68e-2;3558e-1;70e-2;3514e-1;24e-2
2016-04-15;18:05:01;1800e0;386746e0;56e0;873e0;53e-2;33e-2;60e-2;3506e-1;51e-2;3478e-1;18e-2
2016-04-15;18:35:01;1800e0;183452e0;24e0;396e0;43e-2;13e-2;39e-2;3407e-1;27e-2;3387e-1;10e-2
2016-04-15;19:05:01;1800e0;111258e0;2e0;133e0;27e-2;8e-2;10e-2;3336e-1;19e-2;3337e-1;6e-2
2016-04-15;19:35:01;1800e0;71645e0;4e0;191e0;3e-2;6e-2;0e-2;3304e-1;14e-2;3264e-1;4e-2
2016-04-16;07:05:01;1800e0;128406e0;0e0;188e0;38e-2;7e-2;19e-2;3351e-1;20e-2;3374e-1;7e-2
2016-04-16;07:35:01;1800e0;187393e0;12e0;445e0;37e-2;12e-2;36e-2;3406e-1;27e-2;3407e-1;9e-2
2016-04-16;08:05:01;1800e0;155487e0;18e0;262e0;41e-2;9e-2;34e-2;3379e-1;24e-2;3371e-1;8e-2
2016-04-16;08:35:01;1800e0;393959e0;80e0;1181e0;54e-2;32e-2;63e-2;3507e-1;52e-2;3510e-1;18e-2
2016-04-16;09:05:01;1800e0;427026e0;69e0;1206e0;55e-2;35e-2;64e-2;3511e-1;55e-2;3506e-1;20e-2
2016-04-16;09:35:01;1800e0;608183e0;43e0;1945e0;66e-2;51e-2;74e-2;3553e-1;75e-2;3553e-1;27e-2
2016-04-16;10:05:01;1800e0;1152113e0;157e0;4126e0;102e-2;96e-2;106e-2;3667e-1;137e-2;3668e-1;49e-2
2016-04-16;10:35:01;1800e0;1326987e0;119e0;4495e0;114e-2;110e-2;118e-2;3683e-1;157e-2;3687e-1;56e-2
2016-04-16;11:05:01;1800e0;1347406e0;159e0;4542e0;116e-2;112e-2;120e-2;3672e-1;160e-2;3679e-1;56e-2
2016-04-16;11:35:01;1800e0;3199776e0;686e0;10990e0;256e-2;259e-2;258e-2;3733e-1;392e-2;3770e-1;108e-2
2016-04-16;12:05:01;1800e0;6788468e0;1598e0;23370e0;529e-2;539e-2;534e-2;3657e-1;920e-2;3787e-1;155e-2
2016-04-16;12:35:01;1800e0;7625912e0;2119e0;25906e0;600e-2;611e-2;605e-2;3628e-1;1002e-2;3747e-1;217e-2
2016-04-16;13:05:01;1800e0;7269596e0;1627e0;25340e0;571e-2;581e-2;575e-2;3610e-1;927e-2;3705e-1;242e-2
2016-04-16;13:35:01;1800e0;2849835e0;369e0;10025e0;227e-2;231e-2;230e-2;3697e-1;324e-2;3718e-1;129e-2
2016-04-16;14:05:01;1800e0;1809752e0;196e0;6155e0;150e-2;149e-2;152e-2;3667e-1;208e-2;3673e-1;82e-2
2016-04-16;14:35:01;1800e0;2728930e0;382e0;9503e0;218e-2;222e-2;221e-2;3716e-1;310e-2;3728e-1;121e-2
2016-04-16;15:05:01;1800e0;5338733e0;1106e0;18466e0;422e-2;431e-2;425e-2;3734e-1;590e-2;3749e-1;245e-2
2016-04-16;15:35:01;1800e0;4299027e0;1170e0;14378e0;344e-2;349e-2;347e-2;3653e-1;485e-2;3653e-1;202e-2
2016-04-16;16:05:01;1800e0;2251653e0;313e0;7934e0;184e-2;185e-2;187e-2;3663e-1;248e-2;3678e-1;112e-2
2016-04-16;16:35:01;1800e0;915070e0;99e0;3463e0;87e-2;77e-2;92e-2;3551e-1;115e-2;3532e-1;39e-2
2016-04-16;17:05:01;1800e0;1390891e0;140e0;4889e0;121e-2;116e-2;125e-2;3634e-1;159e-2;3622e-1;66e-2
2016-04-16;17:35:01;1800e0;1167782e0;93e0;4246e0;105e-2;98e-2;110e-2;3584e-1;135e-2;3600e-1;57e-2
2016-04-16;18:05:01;1800e0;1121079e0;156e0;3978e0;101e-2;93e-2;106e-2;3575e-1;117e-2;3629e-1;67e-2
2016-04-16;18:35:01;1800e0;4917392e0;1096e0;17010e0;388e-2;396e-2;391e-2;3718e-1;311e-2;3708e-1;468e-2
2016-04-16;19:05:01;1800e0;3155396e0;582e0;11104e0;252e-2;256e-2;253e-2;3688e-1;121e-2;3711e-1;382e-2
2016-04-16;19:35:01;1800e0;1333114e0;105e0;4732e0;118e-2;110e-2;123e-2;3494e-1;54e-2;3720e-1;160e-2
2016-04-16;20:05:02;1800e0;259195e0;64e0;958e0;43e-2;18e-2;48e-2;3302e-1;19e-2;3581e-1;29e-2
2016-04-17;06:35:01;1800e0;123327e0;0e0;481e0;42e-2;12e-2;34e-2;3508e-1;23e-2;3483e-1;8e-2
2016-04-17;07:05:01;1800e0;479285e0;72e0;1724e0;59e-2;41e-2;67e-2;3593e-1;60e-2;3577e-1;20e-2
2016-04-17;07:35:01;1800e0;818149e0;104e0;3241e0;80e-2;70e-2;86e-2;3738e-1;101e-2;3621e-1;29e-2
2016-04-17;08:05:01;1800e0;1550585e0;164e0;5466e0;130e-2;128e-2;133e-2;3863e-1;198e-2;3694e-1;38e-2
2016-04-17;08:35:01;1800e0;2647458e0;510e0;8975e0;211e-2;215e-2;214e-2;3873e-1;356e-2;3767e-1;44e-2
2016-04-17;09:05:01;1800e0;3362776e0;407e0;11867e0;266e-2;272e-2;269e-2;3820e-1;455e-2;3812e-1;55e-2
2016-04-17;09:35:01;1800e0;2965531e0;401e0;10391e0;237e-2;242e-2;239e-2;3798e-1;377e-2;3818e-1;77e-2
2016-04-17;10:05:01;1800e0;5710750e0;1286e0;19795e0;449e-2;459e-2;453e-2;3786e-1;806e-2;3939e-1;66e-2
2016-04-17;10:35:01;1800e0;3902603e0;961e0;13457e0;306e-2;313e-2;309e-2;3779e-1;504e-2;3828e-1;96e-2
2016-04-17;11:05:01;1800e0;2016407e0;357e0;6861e0;164e-2;166e-2;166e-2;3749e-1;234e-2;3738e-1;81e-2
2016-04-17;11:35:02;1800e0;1275625e0;93e0;4548e0;110e-2;108e-2;113e-2;3712e-1;151e-2;3681e-1;52e-2
2016-04-17;12:05:02;1800e0;1155534e0;168e0;4282e0;102e-2;98e-2;105e-2;3698e-1;138e-2;3663e-1;48e-2
2016-04-17;12:35:01;1800e0;964711e0;112e0;3972e0;89e-2;83e-2;93e-2;3666e-1;116e-2;3638e-1;40e-2
2016-04-17;13:05:01;1800e0;801426e0;111e0;3002e0;79e-2;70e-2;83e-2;3615e-1;97e-2;3591e-1;35e-2
2016-04-17;13:35:01;1800e0;1109494e0;93e0;4112e0;100e-2;94e-2;103e-2;3660e-1;129e-2;3665e-1;49e-2
2016-04-17;14:05:01;1800e0;1010079e0;143e0;3767e0;92e-2;86e-2;96e-2;3675e-1;120e-2;3657e-1;43e-2
2016-04-17;14:35:01;1800e0;678086e0;112e0;2411e0;71e-2;59e-2;76e-2;3593e-1;84e-2;3561e-1;29e-2
2016-04-17;15:05:02;1800e0;1046775e0;126e0;3785e0;95e-2;89e-2;100e-2;3649e-1;124e-2;3637e-1;45e-2
2016-04-17;15:35:02;1800e0;3085466e0;553e0;10705e0;243e-2;248e-2;245e-2;3771e-1;345e-2;3775e-1;133e-2
2016-04-17;16:05:01;1800e0;1924800e0;226e0;6868e0;156e-2;158e-2;158e-2;3737e-1;220e-2;3724e-1;82e-2
2016-04-17;16:35:02;1800e0;1375970e0;156e0;4944e0;117e-2;114e-2;120e-2;3696e-1;160e-2;3685e-1;59e-2
2016-04-17;17:05:02;1800e0;1176312e0;177e0;4222e0;103e-2;98e-2;106e-2;3672e-1;138e-2;3647e-1;51e-2
2016-04-17;17:35:02;1800e0;521294e0;98e0;1963e0;62e-2;47e-2;68e-2;3546e-1;65e-2;3510e-1;23e-2
2016-04-17;18:05:02;1800e0;327281e0;33e0;1354e0;53e-2;29e-2;57e-2;3467e-1;44e-2;3444e-1;14e-2
2016-04-17;18:35:01;1800e0;209858e0;18e0;821e0;48e-2;18e-2;47e-2;3416e-1;30e-2;3413e-1;9e-2
2016-04-17;19:05:02;1800e0;117300e0;0e0;218e0;30e-2;10e-2;10e-2;3334e-1;18e-2;3260e-1;5e-2
2016-04-17;19:35:01;1800e0;33655e0;0e0;219e0;2e-2;5e-2;0e-2;3474e-1;12e-2;3355e-1;3e-2
2016-04-18;06:35:01;1799e0;44499e0;0e0;631e0;10e-2;8e-2;2e-2;3529e-1;16e-2;3475e-1;6e-2
2016-04-18;07:05:02;1800e0;325507e0;18e0;695e0;50e-2;29e-2;56e-2;3519e-1;45e-2;3497e-1;16e-2
2016-04-18;07:35:02;1800e0;773504e0;50e0;2892e0;76e-2;66e-2;81e-2;3732e-1;98e-2;3658e-1;28e-2
2016-04-18;08:05:02;1800e0;1214538e0;160e0;4344e0;105e-2;102e-2;108e-2;3770e-1;156e-2;3724e-1;38e-2
2016-04-18;08:35:02;1800e0;2268753e0;276e0;8019e0;182e-2;185e-2;185e-2;3832e-1;299e-2;3783e-1;48e-2
2016-04-18;09:05:01;1800e0;3950797e0;480e0;13852e0;309e-2;317e-2;312e-2;3850e-1;549e-2;3823e-1;51e-2
2016-04-18;09:35:02;1800e0;5272419e0;1209e0;17999e0;411e-2;421e-2;414e-2;3811e-1;753e-2;3916e-1;53e-2
2016-04-18;10:05:02;1800e0;6583879e0;1666e0;22404e0;517e-2;530e-2;522e-2;3770e-1;948e-2;3976e-1;66e-2
2016-04-18;10:35:01;1800e0;3389428e0;673e0;11765e0;271e-2;278e-2;273e-2;3764e-1;423e-2;3801e-1;105e-2
2016-04-18;11:05:02;1800e0;2582367e0;660e0;8797e0;208e-2;212e-2;210e-2;3767e-1;306e-2;3763e-1;99e-2
2016-04-18;11:35:02;1800e0;1950886e0;118e0;6802e0;160e-2;162e-2;163e-2;3745e-1;230e-2;3732e-1;78e-2
2016-04-18;12:05:02;1800e0;2197107e0;316e0;7537e0;178e-2;181e-2;180e-2;3764e-1;255e-2;3750e-1;90e-2
2016-04-18;12:35:01;1800e0;2668911e0;562e0;9211e0;212e-2;217e-2;215e-2;3775e-1;306e-2;3775e-1;110e-2
2016-04-18;13:05:02;1800e0;2724036e0;473e0;9427e0;218e-2;223e-2;220e-2;3771e-1;312e-2;3776e-1;115e-2
2016-04-18;13:35:02;1800e0;2885321e0;434e0;10165e0;230e-2;235e-2;232e-2;3774e-1;328e-2;3782e-1;122e-2
2016-04-18;14:05:02;1800e0;2904691e0;362e0;10431e0;230e-2;235e-2;232e-2;3769e-1;333e-2;3778e-1;121e-2
2016-04-18;14:35:02;1800e0;2905833e0;472e0;10427e0;232e-2;237e-2;234e-2;3768e-1;334e-2;3778e-1;120e-2
2016-04-18;15:05:02;1800e0;1576399e0;143e0;5556e0;133e-2;132e-2;136e-2;3710e-1;187e-2;3698e-1;65e-2
2016-04-18;15:35:02;1800e0;1940765e0;172e0;6809e0;160e-2;160e-2;162e-2;3738e-1;227e-2;3727e-1;79e-2
2016-04-18;16:05:02;1800e0;1852425e0;185e0;6286e0;152e-2;153e-2;155e-2;3731e-1;215e-2;3731e-1;78e-2
2016-04-18;16:35:02;1800e0;817717e0;62e0;3031e0;81e-2;70e-2;87e-2;3586e-1;102e-2;3555e-1;34e-2
2016-04-18;17:05:02;1800e0;757183e0;125e0;2867e0;76e-2;66e-2;81e-2;3593e-1;93e-2;3577e-1;35e-2
2016-04-18;17:35:02;1800e0;415917e0;42e0;1432e0;56e-2;38e-2;63e-2;3502e-1;55e-2;3479e-1;19e-2
2016-04-18;18:05:02;1800e0;335370e0;60e0;1104e0;52e-2;31e-2;56e-2;3475e-1;47e-2;3420e-1;15e-2
2016-04-18;18:35:02;1800e0;211647e0;35e0;798e0;46e-2;20e-2;47e-2;3435e-1;33e-2;3416e-1;10e-2
2016-04-18;19:05:02;1800e0;96066e0;6e0;220e0;14e-2;10e-2;7e-2;3295e-1;17e-2;3229e-1;5e-2
2016-04-18;19:35:02;1800e0;68120e0;6e0;112e0;2e-2;8e-2;0e-2;3253e-1;13e-2;3233e-1;4e-2
2016-04-19;06:35:02;1800e0;68740e0;16e0;307e0;33e-2;12e-2;23e-2;3492e-1;21e-2;3441e-1;7e-2
2016-04-19;07:05:02;1800e0;213753e0;29e0;606e0;39e-2;19e-2;37e-2;3421e-1;30e-2;3427e-1;10e-2
2016-04-19;07:35:02;1800e0;570183e0;74e0;2200e0;64e-2;50e-2;71e-2;3588e-1;71e-2;3570e-1;25e-2
2016-04-19;08:05:02;1800e0;1302009e0;213e0;4649e0;113e-2;109e-2;117e-2;3728e-1;164e-2;3722e-1;42e-2
2016-04-19;08:35:02;1800e0;1467439e0;189e0;5169e0;124e-2;123e-2;127e-2;3738e-1;178e-2;3718e-1;54e-2
2016-04-19;09:05:02;1800e0;1053219e0;147e0;3920e0;96e-2;90e-2;100e-2;3682e-1;126e-2;3670e-1;45e-2
2016-04-19;09:35:02;1800e0;1375641e0;183e0;4912e0;119e-2;115e-2;122e-2;3726e-1;161e-2;3732e-1;55e-2
2016-04-19;10:05:02;1800e0;4705924e0;904e0;16347e0;371e-2;378e-2;375e-2;3792e-1;647e-2;3916e-1;71e-2
2016-04-19;10:35:02;1800e0;4483402e0;878e0;15591e0;353e-2;360e-2;356e-2;3757e-1;593e-2;3859e-1;100e-2
2016-04-19;11:05:02;1800e0;2674364e0;544e0;9062e0;214e-2;217e-2;217e-2;3773e-1;321e-2;3789e-1;92e-2
2016-04-19;11:35:02;1800e0;4407328e0;832e0;15305e0;347e-2;354e-2;350e-2;3779e-1;556e-2;3824e-1;122e-2
2016-04-19;12:05:02;1800e0;5098648e0;761e0;17994e0;399e-2;408e-2;403e-2;3777e-1;642e-2;3818e-1;144e-2
2016-04-19;12:35:02;1800e0;7253425e0;1494e0;25009e0;564e-2;576e-2;570e-2;3744e-1;925e-2;3812e-1;200e-2
2016-04-19;13:05:02;1800e0;6776412e0;1383e0;23501e0;528e-2;539e-2;534e-2;3725e-1;845e-2;3791e-1;214e-2
2016-04-19;13:35:02;1800e0;4803137e0;766e0;16711e0;377e-2;385e-2;381e-2;3750e-1;567e-2;3773e-1;177e-2
2016-04-19;14:05:02;1800e0;3730788e0;561e0;13040e0;295e-2;300e-2;299e-2;3748e-1;427e-2;3770e-1;151e-2
2016-04-19;14:35:02;1800e0;1225780e0;103e0;4377e0;108e-2;103e-2;112e-2;3688e-1;142e-2;3707e-1;54e-2
2016-04-19;15:05:02;1800e0;1935336e0;210e0;7060e0;160e-2;158e-2;164e-2;3708e-1;217e-2;3735e-1;86e-2
2016-04-19;15:35:02;1800e0;2213670e0;304e0;7547e0;179e-2;182e-2;181e-2;3764e-1;254e-2;3787e-1;91e-2
2016-04-19;16:05:02;1800e0;3819739e0;660e0;13432e0;300e-2;306e-2;303e-2;3771e-1;394e-2;3776e-1;196e-2
2016-04-19;16:35:02;1800e0;6249683e0;1165e0;21762e0;486e-2;494e-2;491e-2;3749e-1;596e-2;3741e-1;378e-2
2016-04-19;17:05:02;1800e0;2633075e0;410e0;9167e0;212e-2;215e-2;215e-2;3735e-1;250e-2;3749e-1;162e-2
2016-04-19;17:35:02;1800e0;4185486e0;1338e0;13789e0;329e-2;336e-2;333e-2;3751e-1;336e-2;3755e-1;314e-2
2016-04-19;18:05:02;1800e0;5856444e0;1675e0;19943e0;456e-2;467e-2;460e-2;3778e-1;378e-2;3737e-1;535e-2
2016-04-19;18:35:02;1800e0;3222713e0;694e0;11301e0;256e-2;259e-2;260e-2;3695e-1;191e-2;3732e-1;314e-2
2016-04-19;19:05:02;1800e0;3724593e0;558e0;13146e0;292e-2;299e-2;294e-2;3735e-1;132e-2;3793e-1;449e-2
2016-04-19;19:35:02;1800e0;2344567e0;362e0;8302e0;189e-2;191e-2;191e-2;3602e-1;64e-2;3891e-1;298e-2
2016-04-19;20:05:02;1800e0;959331e0;135e0;3503e0;90e-2;81e-2;95e-2;3422e-1;29e-2;3894e-1;121e-2
2016-04-20;06:35:02;1800e0;258060e0;12e0;503e0;47e-2;21e-2;50e-2;3586e-1;35e-2;3626e-1;13e-2
2016-04-20;07:05:02;1800e0;512966e0;56e0;1710e0;59e-2;45e-2;66e-2;3708e-1;63e-2;3394e-1;25e-2
2016-04-20;07:35:02;1800e0;894380e0;136e0;3023e0;83e-2;77e-2;87e-2;3827e-1;111e-2;3458e-1;35e-2
2016-04-20;08:05:02;1800e0;1620171e0;159e0;5621e0;134e-2;135e-2;137e-2;3865e-1;211e-2;3584e-1;41e-2
2016-04-20;08:35:02;1800e0;2704106e0;394e0;9489e0;216e-2;221e-2;218e-2;3861e-1;371e-2;3750e-1;43e-2
2016-04-20;09:05:02;1800e0;3988695e0;715e0;13884e0;316e-2;324e-2;318e-2;3831e-1;563e-2;3778e-1;46e-2
2016-04-20;09:35:02;1800e0;4766734e0;897e0;16483e0;375e-2;384e-2;378e-2;3774e-1;686e-2;3867e-1;49e-2
2016-04-20;10:05:02;1800e0;5788678e0;1852e0;19686e0;456e-2;466e-2;459e-2;3757e-1;845e-2;3928e-1;51e-2
2016-04-20;10:35:02;1800e0;7289140e0;1522e0;25303e0;572e-2;584e-2;576e-2;3713e-1;1079e-2;3963e-1;59e-2
2016-04-20;11:05:02;1800e0;8211593e0;1852e0;28540e0;641e-2;654e-2;647e-2;3662e-1;1233e-2;3949e-1;66e-2
2016-04-20;11:35:02;1800e0;9121644e0;2525e0;31240e0;712e-2;726e-2;719e-2;3633e-1;1376e-2;3915e-1;77e-2
2016-04-20;12:05:02;1800e0;9832867e0;2649e0;33488e0;769e-2;783e-2;776e-2;3608e-1;1469e-2;3863e-1;108e-2
2016-04-20;12:35:02;1800e0;10781124e0;2691e0;36743e0;839e-2;854e-2;847e-2;3582e-1;1535e-2;3767e-1;205e-2
2016-04-20;13:05:02;1800e0;11664361e0;2499e0;39941e0;909e-2;925e-2;918e-2;3558e-1;1576e-2;3746e-1;317e-2
2016-04-20;13:35:02;1800e0;12319273e0;3364e0;42574e0;961e-2;977e-2;970e-2;3560e-1;1577e-2;3723e-1;421e-2
2016-04-20;14:05:02;1800e0;12813599e0;3846e0;43693e0;993e-2;1008e-2;1002e-2;3569e-1;1559e-2;3696e-1;516e-2
2016-04-20;14:35:02;1800e0;11974049e0;3087e0;41065e0;926e-2;940e-2;935e-2;3604e-1;1377e-2;3674e-1;549e-2
2016-04-20;15:05:02;1800e0;12788895e0;3538e0;44142e0;988e-2;1004e-2;998e-2;3607e-1;1408e-2;3634e-1;657e-2
2016-04-20;15:35:02;1800e0;12483233e0;3060e0;43879e0;970e-2;986e-2;980e-2;3629e-1;1303e-2;3619e-1;707e-2
2016-04-20;16:05:02;1800e0;11972555e0;2358e0;41423e0;929e-2;944e-2;938e-2;3673e-1;1171e-2;3627e-1;742e-2
2016-04-20;16:35:02;1800e0;11073689e0;2526e0;37930e0;866e-2;881e-2;874e-2;3692e-1;1014e-2;3599e-1;759e-2
2016-04-20;17:05:02;1800e0;9945774e0;2966e0;33435e0;781e-2;795e-2;788e-2;3728e-1;831e-2;3614e-1;754e-2
2016-04-20;17:35:02;1800e0;8536165e0;2280e0;28935e0;670e-2;682e-2;675e-2;3747e-1;633e-2;3626e-1;725e-2
2016-04-20;18:05:02;1800e0;6948050e0;1557e0;24096e0;544e-2;555e-2;548e-2;3763e-1;430e-2;3652e-1;675e-2
2016-04-20;18:35:02;1800e0;5371565e0;1083e0;18511e0;419e-2;428e-2;422e-2;3770e-1;247e-2;3684e-1;605e-2
2016-04-20;19:05:02;1800e0;3916447e0;397e0;14201e0;308e-2;315e-2;309e-2;3725e-1;124e-2;3715e-1;499e-2
2016-04-20;19:35:02;1800e0;2597984e0;335e0;8907e0;208e-2;212e-2;210e-2;3609e-1;64e-2;3847e-1;342e-2
2016-04-20;20:05:02;1800e0;1208989e0;117e0;4227e0;106e-2;101e-2;110e-2;3433e-1;32e-2;3708e-1;166e-2
2016-04-21;06:35:02;1800e0;216933e0;25e0;573e0;44e-2;19e-2;44e-2;3511e-1;33e-2;3487e-1;10e-2
2016-04-21;07:05:02;1800e0;555585e0;69e0;2106e0;62e-2;48e-2;68e-2;3684e-1;71e-2;3628e-1;21e-2
2016-04-21;07:35:02;1800e0;915380e0;155e0;3342e0;84e-2;77e-2;88e-2;3725e-1;114e-2;3710e-1;31e-2
2016-04-21;08:05:02;1800e0;1090835e0;133e0;4015e0;97e-2;92e-2;100e-2;3724e-1;133e-2;3710e-1;41e-2
2016-04-21;08:35:02;1800e0;1760413e0;224e0;6001e0;145e-2;146e-2;147e-2;3775e-1;219e-2;3775e-1;54e-2
2016-04-21;09:05:02;1800e0;3061912e0;660e0;10500e0;244e-2;250e-2;246e-2;3803e-1;394e-2;3824e-1;75e-2
2016-04-21;09:35:02;1800e0;4169840e0;791e0;14653e0;328e-2;335e-2;330e-2;3795e-1;547e-2;3856e-1;90e-2
2016-04-21;10:05:02;1800e0;4468844e0;811e0;15435e0;352e-2;360e-2;355e-2;3771e-1;601e-2;3867e-1;86e-2
2016-04-21;10:35:02;1800e0;5113751e0;1293e0;17533e0;401e-2;409e-2;404e-2;3746e-1;690e-2;3856e-1;99e-2
2016-04-21;11:05:02;1800e0;8025498e0;2275e0;27362e0;621e-2;633e-2;627e-2;3705e-1;1152e-2;3933e-1;99e-2
2016-04-21;11:35:02;1800e0;8014830e0;1605e0;27913e0;622e-2;634e-2;628e-2;3674e-1;1144e-2;3854e-1;116e-2
2016-04-21;12:05:02;1800e0;4658896e0;581e0;16559e0;366e-2;373e-2;369e-2;3726e-1;595e-2;3768e-1;131e-2
2016-04-21;12:35:02;1800e0;6450791e0;1410e0;22150e0;504e-2;513e-2;508e-2;3702e-1;827e-2;3767e-1;187e-2
2016-04-21;13:05:02;1800e0;6792222e0;1765e0;23574e0;532e-2;542e-2;537e-2;3719e-1;836e-2;3776e-1;224e-2
2016-04-21;13:35:02;1800e0;9523299e0;2399e0;32605e0;744e-2;757e-2;751e-2;3650e-1;1168e-2;3755e-1;346e-2
2016-04-21;14:05:02;1800e0;3289210e0;699e0;11333e0;261e-2;265e-2;263e-2;3714e-1;384e-2;3738e-1;133e-2
2016-04-21;14:35:02;1800e0;2369189e0;266e0;8167e0;192e-2;194e-2;194e-2;3735e-1;277e-2;3742e-1;95e-2
2016-04-21;15:05:02;1800e0;1792046e0;207e0;6291e0;149e-2;148e-2;152e-2;3705e-1;211e-2;3707e-1;73e-2
2016-04-21;15:35:02;1800e0;1096666e0;112e0;4163e0;99e-2;93e-2;103e-2;3650e-1;131e-2;3643e-1;47e-2
2016-04-21;16:05:02;1800e0;1367593e0;136e0;4914e0;117e-2;113e-2;121e-2;3693e-1;161e-2;3681e-1;57e-2
2016-04-21;16:35:02;1800e0;946695e0;130e0;3692e0;88e-2;79e-2;93e-2;3627e-1;114e-2;3612e-1;40e-2
2016-04-21;17:05:02;1800e0;758620e0;87e0;2918e0;76e-2;65e-2;81e-2;3584e-1;94e-2;3567e-1;32e-2
2016-04-21;17:35:02;1800e0;392708e0;30e0;1047e0;55e-2;35e-2;62e-2;3488e-1;51e-2;3453e-1;17e-2
2016-04-21;18:05:02;1800e0;422867e0;75e0;1486e0;56e-2;37e-2;63e-2;3491e-1;54e-2;3477e-1;19e-2
2016-04-21;18:35:02;1800e0;675003e0;95e0;2533e0;70e-2;58e-2;77e-2;3564e-1;82e-2;3561e-1;30e-2
2016-04-21;19:05:02;1800e0;393015e0;80e0;1427e0;55e-2;34e-2;63e-2;3494e-1;50e-2;3470e-1;17e-2
2016-04-21;19:35:02;1800e0;251709e0;32e0;1006e0;48e-2;20e-2;55e-2;3411e-1;32e-2;3443e-1;14e-2
2016-04-21;20:05:02;1800e0;560930e0;97e0;2002e0;65e-2;48e-2;72e-2;3408e-1;29e-2;3703e-1;63e-2
2016-04-22;06:35:02;1800e0;304962e0;45e0;807e0;50e-2;24e-2;59e-2;3607e-1;39e-2;3658e-1;14e-2
2016-04-22;07:05:02;1800e0;561592e0;99e0;2133e0;63e-2;48e-2;71e-2;3711e-1;67e-2;3312e-1;27e-2
2016-04-22;07:35:02;1800e0;964015e0;130e0;3655e0;88e-2;81e-2;94e-2;3825e-1;117e-2;3455e-1;37e-2
2016-04-22;08:05:02;1800e0;1703573e0;186e0;5838e0;141e-2;140e-2;144e-2;3847e-1;220e-2;3639e-1;43e-2
2016-04-22;08:35:02;1800e0;2795972e0;499e0;9688e0;222e-2;226e-2;224e-2;3843e-1;380e-2;3762e-1;47e-2
2016-04-22;09:05:02;1800e0;4081757e0;754e0;14350e0;320e-2;327e-2;322e-2;3815e-1;575e-2;3772e-1;50e-2
2016-04-22;09:35:02;1800e0;5330651e0;949e0;18582e0;418e-2;427e-2;420e-2;3751e-1;775e-2;3891e-1;51e-2
2016-04-22;10:05:02;1800e0;6467554e0;1557e0;22352e0;508e-2;519e-2;512e-2;3711e-1;960e-2;3956e-1;51e-2
2016-04-22;10:35:02;1800e0;7533986e0;1763e0;26085e0;590e-2;601e-2;594e-2;3692e-1;1123e-2;3968e-1;58e-2
2016-04-22;11:05:02;1800e0;8462838e0;1927e0;29142e0;660e-2;672e-2;666e-2;3661e-1;1268e-2;3955e-1;69e-2
2016-04-22;11:35:02;1800e0;9262819e0;2761e0;31525e0;719e-2;731e-2;725e-2;3639e-1;1390e-2;3911e-1;81e-2
2016-04-22;12:05:02;1800e0;9924540e0;2977e0;33472e0;767e-2;780e-2;773e-2;3603e-1;1482e-2;3866e-1;110e-2
2016-04-22;12:35:02;1800e0;10465894e0;2612e0;35858e0;814e-2;827e-2;821e-2;3604e-1;1476e-2;3777e-1;203e-2
2016-04-22;13:05:02;1800e0;11329003e0;3219e0;38139e0;884e-2;898e-2;892e-2;3605e-1;1507e-2;3757e-1;309e-2
2016-04-22;13:35:02;1800e0;12358534e0;2857e0;42634e0;963e-2;978e-2;972e-2;3608e-1;1560e-2;3752e-1;419e-2
2016-04-22;14:05:02;1800e0;12556215e0;3993e0;42527e0;981e-2;996e-2;990e-2;3624e-1;1506e-2;3730e-1;499e-2
2016-04-22;14:35:02;1800e0;13145130e0;4023e0;44544e0;1024e-2;1040e-2;1034e-2;3620e-1;1504e-2;3689e-1;601e-2
2016-04-22;15:05:02;1800e0;13020686e0;3456e0;44610e0;1014e-2;1029e-2;1023e-2;3627e-1;1421e-2;3660e-1;667e-2
2016-04-22;15:35:02;1800e0;12711300e0;2888e0;44708e0;985e-2;1001e-2;995e-2;3656e-1;1313e-2;3654e-1;716e-2
2016-04-22;16:05:02;1800e0;12125213e0;3573e0;40832e0;940e-2;955e-2;949e-2;3691e-1;1178e-2;3636e-1;751e-2
2016-04-22;16:35:02;1800e0;11273927e0;3041e0;38027e0;883e-2;898e-2;891e-2;3725e-1;1019e-2;3642e-1;767e-2
2016-04-22;17:05:02;1800e0;10163239e0;2619e0;34706e0;799e-2;813e-2;806e-2;3754e-1;841e-2;3647e-1;765e-2
2016-04-22;17:35:02;1800e0;8769006e0;2131e0;30234e0;688e-2;701e-2;694e-2;3770e-1;645e-2;3635e-1;744e-2
2016-04-22;18:05:02;1800e0;7177502e0;1732e0;24885e0;563e-2;574e-2;567e-2;3786e-1;441e-2;3656e-1;695e-2
2016-04-22;18:35:02;1800e0;5512485e0;971e0;19259e0;434e-2;444e-2;437e-2;3786e-1;254e-2;3674e-1;620e-2
2016-04-22;19:05:02;1800e0;4045985e0;570e0;14143e0;321e-2;328e-2;323e-2;3748e-1;130e-2;3700e-1;513e-2
2016-04-22;19:35:02;1800e0;1861224e0;294e0;6575e0;156e-2;154e-2;160e-2;3587e-1;59e-2;3716e-1;238e-2
2016-04-22;20:05:02;1800e0;1154574e0;116e0;3974e0;102e-2;97e-2;106e-2;3468e-1;31e-2;3865e-1;151e-2
2016-04-22;20:35:02;1800e0;64435e0;6e0;122e0;26e-2;7e-2;13e-2;3416e-1;11e-2;3641e-1;13e-2
2016-04-23;06:35:02;1799e0;300212e0;6e0;625e0;49e-2;23e-2;56e-2;3687e-1;38e-2;3726e-1;13e-2
2016-04-23;07:05:02;1800e0;705859e0;122e0;2354e0;71e-2;59e-2;78e-2;3810e-1;83e-2;3633e-1;30e-2
2016-04-23;07:35:02;1800e0;936107e0;137e0;3694e0;85e-2;77e-2;91e-2;3778e-1;113e-2;3724e-1;35e-2
2016-04-23;08:05:02;1799e0;1779937e0;244e0;6146e0;147e-2;146e-2;149e-2;3893e-1;226e-2;3753e-1;45e-2
2016-04-23;08:35:02;1800e0;2827175e0;274e0;10216e0;227e-2;231e-2;229e-2;3853e-1;385e-2;3768e-1;47e-2
2016-04-23;09:05:02;1800e0;4079286e0;551e0;14281e0;325e-2;332e-2;327e-2;3802e-1;578e-2;3764e-1;49e-2
2016-04-23;09:35:02;1800e0;5362549e0;1174e0;18529e0;422e-2;432e-2;426e-2;3743e-1;782e-2;3909e-1;50e-2
2016-04-23;10:05:02;1800e0;6494748e0;1726e0;22282e0;512e-2;522e-2;516e-2;3682e-1;970e-2;3976e-1;52e-2
2016-04-23;10:35:02;1799e0;6370315e0;1282e0;21936e0;503e-2;512e-2;508e-2;3609e-1;935e-2;3917e-1;84e-2
2016-04-23;11:05:02;1800e0;4540983e0;623e0;15971e0;360e-2;366e-2;363e-2;3666e-1;599e-2;3798e-1;117e-2
2016-04-23;11:35:02;1800e0;6585014e0;1270e0;22937e0;516e-2;526e-2;520e-2;3716e-1;890e-2;3856e-1;138e-2
2016-04-23;12:05:02;1800e0;6654224e0;1662e0;22701e0;520e-2;530e-2;525e-2;3688e-1;912e-2;3803e-1;140e-2
2016-04-23;12:35:02;1800e0;7635904e0;2197e0;25665e0;597e-2;606e-2;602e-2;3470e-1;1105e-2;3718e-1;177e-2
2016-04-23;13:05:02;1800e0;1703903e0;277e0;5930e0;142e-2;140e-2;145e-2;3697e-1;197e-2;3723e-1;74e-2
2016-04-23;13:35:02;1800e0;6450898e0;1024e0;22572e0;511e-2;520e-2;515e-2;3719e-1;768e-2;3768e-1;241e-2
2016-04-23;14:05:02;1800e0;8811739e0;1351e0;31118e0;695e-2;707e-2;701e-2;3564e-1;1064e-2;3669e-1;368e-2
2016-04-23;14:35:02;1800e0;1255430e0;219e0;4216e0;113e-2;104e-2;119e-2;3573e-1;162e-2;3544e-1;45e-2
2016-04-23;15:05:02;1800e0;1134070e0;93e0;3907e0;102e-2;95e-2;107e-2;3666e-1;122e-2;3712e-1;60e-2
2016-04-23;15:35:02;1800e0;1371305e0;180e0;4657e0;118e-2;114e-2;121e-2;3749e-1;151e-2;3763e-1;65e-2
2016-04-23;16:05:02;1800e0;2766744e0;337e0;9817e0;224e-2;227e-2;226e-2;3803e-1;294e-2;3807e-1;133e-2
2016-04-23;16:35:02;1800e0;2217047e0;322e0;7497e0;182e-2;184e-2;185e-2;3742e-1;253e-2;3755e-1;95e-2
2016-04-23;17:05:02;1800e0;456251e0;37e0;1284e0;57e-2;38e-2;66e-2;3552e-1;58e-2;3551e-1;20e-2
2016-04-23;17:35:02;1800e0;3036245e0;540e0;10472e0;248e-2;248e-2;251e-2;3767e-1;269e-2;3805e-1;197e-2
2016-04-23;18:05:02;1800e0;7842039e0;1877e0;27116e0;614e-2;626e-2;619e-2;3781e-1;534e-2;3603e-1;715e-2
2016-04-23;18:35:02;1800e0;5659731e0;1005e0;19437e0;443e-2;452e-2;446e-2;3784e-1;279e-2;3560e-1;639e-2
2016-04-23;19:05:02;1800e0;4178649e0;849e0;14293e0;331e-2;338e-2;333e-2;3788e-1;142e-2;3686e-1;522e-2
2016-04-23;19:35:02;1800e0;2778182e0;484e0;9661e0;225e-2;229e-2;227e-2;3706e-1;69e-2;3789e-1;367e-2
2016-04-23;20:05:02;1800e0;1519945e0;146e0;5266e0;131e-2;127e-2;134e-2;3549e-1;39e-2;3831e-1;199e-2
2016-04-24;06:05:02;1800e0;78626e0;0e0;838e0;38e-2;10e-2;31e-2;3669e-1;21e-2;3691e-1;8e-2
2016-04-24;06:35:02;1800e0;362207e0;43e0;961e0;52e-2;29e-2;61e-2;3734e-1;44e-2;3684e-1;17e-2
2016-04-24;07:05:02;1800e0;619575e0;49e0;2355e0;66e-2;53e-2;73e-2;3815e-1;72e-2;3292e-1;31e-2
2016-04-24;07:35:02;1800e0;1121028e0;124e0;4184e0;99e-2;93e-2;104e-2;3899e-1;136e-2;3489e-1;40e-2
2016-04-24;08:05:02;1800e0;1780419e0;274e0;6026e0;146e-2;146e-2;149e-2;3921e-1;227e-2;3615e-1;44e-2
2016-04-24;08:35:02;1800e0;2672500e0;402e0;9265e0;215e-2;219e-2;217e-2;3881e-1;360e-2;3805e-1;45e-2
2016-04-24;09:05:02;1800e0;4120296e0;578e0;14428e0;328e-2;336e-2;330e-2;3828e-1;578e-2;3792e-1;51e-2
2016-04-24;09:35:02;1800e0;5493541e0;1066e0;19068e0;431e-2;441e-2;434e-2;3731e-1;802e-2;3935e-1;54e-2
2016-04-24;10:05:02;1800e0;6603883e0;1877e0;22473e0;520e-2;532e-2;524e-2;3651e-1;990e-2;4006e-1;57e-2
2016-04-24;10:35:02;1800e0;7304028e0;1810e0;25050e0;577e-2;588e-2;581e-2;3598e-1;1079e-2;3977e-1;92e-2
2016-04-24;11:05:02;1800e0;7697035e0;1656e0;26504e0;607e-2;620e-2;612e-2;3550e-1;1110e-2;3916e-1;138e-2
2016-04-24;11:35:02;1800e0;8815162e0;2301e0;29991e0;696e-2;709e-2;702e-2;3547e-1;1267e-2;3874e-1;164e-2
2016-04-24;12:05:02;1800e0;4885137e0;713e0;17004e0;388e-2;395e-2;391e-2;3679e-1;644e-2;3807e-1;142e-2
2016-04-24;12:35:02;1800e0;4305095e0;1128e0;14656e0;342e-2;349e-2;345e-2;3764e-1;508e-2;3794e-1;160e-2
2016-04-24;13:05:02;1800e0;3390097e0;545e0;11942e0;271e-2;275e-2;273e-2;3725e-1;391e-2;3760e-1;142e-2
2016-04-24;13:35:02;1800e0;3576338e0;816e0;12406e0;284e-2;290e-2;286e-2;3821e-1;412e-2;3831e-1;134e-2
2016-04-24;14:05:02;1800e0;8507001e0;2117e0;29064e0;668e-2;680e-2;674e-2;3748e-1;997e-2;3824e-1;328e-2
2016-04-24;14:35:02;1800e0;10342187e0;2906e0;35184e0;811e-2;825e-2;818e-2;3620e-1;1197e-2;3709e-1;460e-2
2016-04-24;15:05:02;1800e0;10633895e0;2541e0;36519e0;833e-2;847e-2;841e-2;3581e-1;1202e-2;3649e-1;522e-2
2016-04-24;15:35:02;1800e0;2372972e0;316e0;8213e0;193e-2;194e-2;195e-2;3700e-1;278e-2;3702e-1;99e-2
2016-04-24;16:05:02;1800e0;867893e0;74e0;3243e0;83e-2;74e-2;88e-2;3685e-1;109e-2;3630e-1;32e-2
2016-04-24;16:35:02;1800e0;485578e0;45e0;1444e0;59e-2;40e-2;66e-2;3575e-1;55e-2;3626e-1;27e-2
2016-04-24;17:05:02;1800e0;1697688e0;297e0;5642e0;142e-2;141e-2;144e-2;3763e-1;157e-2;3806e-1;108e-2
2016-04-24;17:35:02;1800e0;4396878e0;981e0;15042e0;350e-2;357e-2;352e-2;3809e-1;387e-2;3800e-1;292e-2
2016-04-24;18:05:02;1800e0;2240854e0;287e0;7731e0;183e-2;185e-2;185e-2;3761e-1;243e-2;3751e-1;109e-2
2016-04-24;18:35:02;1800e0;1401077e0;100e0;4664e0;120e-2;117e-2;123e-2;3740e-1;148e-2;3737e-1;74e-2
2016-04-24;19:05:02;1800e0;373443e0;42e0;1076e0;53e-2;30e-2;61e-2;3537e-1;50e-2;3512e-1;14e-2
2016-04-25;06:35:02;1800e0;193807e0;28e0;747e0;43e-2;16e-2;43e-2;3525e-1;27e-2;3530e-1;12e-2
2016-04-25;07:05:02;1800e0;859027e0;68e0;2928e0;82e-2;73e-2;87e-2;3807e-1;98e-2;3775e-1;37e-2
2016-04-25;07:35:02;1800e0;1266189e0;114e0;4165e0;109e-2;107e-2;112e-2;3792e-1;153e-2;3772e-1;46e-2
2016-04-25;08:05:02;1800e0;753624e0;49e0;2583e0;74e-2;64e-2;79e-2;3693e-1;93e-2;3714e-1;30e-2
2016-04-25;08:35:02;1800e0;818909e0;117e0;3052e0;78e-2;69e-2;84e-2;3707e-1;100e-2;3721e-1;33e-2
2016-04-25;09:05:02;1800e0;1994900e0;352e0;6935e0;163e-2;164e-2;166e-2;3820e-1;235e-2;3840e-1;72e-2
2016-04-25;09:35:02;1800e0;1579037e0;435e0;5281e0;133e-2;131e-2;137e-2;3749e-1;194e-2;3782e-1;53e-2
2016-04-25;10:05:02;1800e0;5828900e0;1106e0;20193e0;462e-2;473e-2;466e-2;3765e-1;809e-2;3992e-1;86e-2
2016-04-25;10:35:02;1800e0;3793045e0;840e0;13084e0;303e-2;308e-2;306e-2;3714e-1;520e-2;3866e-1;72e-2
2016-04-25;11:05:02;1800e0;7872608e0;2208e0;26495e0;617e-2;629e-2;623e-2;3619e-1;1136e-2;3994e-1;115e-2
2016-04-25;11:35:02;1800e0;5617258e0;1081e0;19499e0;443e-2;451e-2;447e-2;3728e-1;768e-2;3908e-1;111e-2
2016-04-25;12:05:02;1800e0;9195026e0;2393e0;31234e0;723e-2;736e-2;730e-2;3556e-1;1348e-2;3921e-1;140e-2
2016-04-25;12:35:02;1800e0;8617037e0;1940e0;29793e0;675e-2;687e-2;681e-2;3624e-1;1155e-2;3826e-1;220e-2
2016-04-25;13:05:02;1800e0;10887944e0;2566e0;37865e0;855e-2;869e-2;863e-2;3581e-1;1426e-2;3793e-1;328e-2
2016-04-25;13:35:02;1800e0;11821378e0;2895e0;40760e0;923e-2;938e-2;932e-2;3562e-1;1489e-2;3750e-1;422e-2
2016-04-25;14:05:02;1800e0;11922519e0;3310e0;40633e0;926e-2;941e-2;935e-2;3582e-1;1433e-2;3722e-1;491e-2
2016-04-25;14:35:02;1800e0;12659660e0;3807e0;42900e0;980e-2;996e-2;990e-2;3617e-1;1461e-2;3721e-1;566e-2
2016-04-25;15:05:02;1800e0;13642826e0;4021e0;46100e0;1059e-2;1075e-2;1070e-2;3621e-1;1505e-2;3679e-1;682e-2
2016-04-25;15:35:02;1800e0;11092037e0;2389e0;38544e0;876e-2;890e-2;885e-2;3634e-1;1180e-2;3659e-1;597e-2
2016-04-25;16:05:02;1800e0;9879914e0;2611e0;33866e0;776e-2;788e-2;783e-2;3711e-1;960e-2;3685e-1;597e-2
2016-04-25;16:35:02;1800e0;10607819e0;2390e0;36143e0;836e-2;850e-2;844e-2;3732e-1;960e-2;3657e-1;716e-2
2016-04-25;17:05:02;1800e0;9924453e0;2760e0;33316e0;779e-2;793e-2;786e-2;3769e-1;818e-2;3654e-1;745e-2
2016-04-25;17:35:02;1800e0;9031965e0;2241e0;30764e0;713e-2;727e-2;719e-2;3790e-1;666e-2;3639e-1;761e-2
2016-04-25;18:05:02;1800e0;5037026e0;1562e0;17008e0;396e-2;404e-2;400e-2;3780e-1;322e-2;3725e-1;460e-2
2016-04-25;18:35:02;1800e0;5060542e0;1043e0;17684e0;396e-2;406e-2;400e-2;3813e-1;250e-2;3756e-1;537e-2
2016-04-25;19:05:02;1800e0;1443514e0;200e0;5123e0;123e-2;120e-2;127e-2;3663e-1;104e-2;3712e-1;126e-2
2016-04-25;19:35:02;1800e0;658974e0;124e0;2147e0;70e-2;56e-2;76e-2;3543e-1;51e-2;3639e-1;58e-2
2016-04-25;20:05:02;1800e0;136021e0;18e0;302e0;31e-2;11e-2;24e-2;3405e-1;21e-2;3414e-1;9e-2
2016-04-26;06:05:02;1800e0;171518e0;2e0;847e0;31e-2;15e-2;28e-2;3490e-1;27e-2;3489e-1;7e-2
2016-04-26;06:35:02;1800e0;471657e0;48e0;1423e0;58e-2;41e-2;65e-2;3642e-1;64e-2;3682e-1;15e-2
2016-04-26;07:05:02;1800e0;820807e0;149e0;3109e0;78e-2;69e-2;84e-2;3769e-1;100e-2;3425e-1;32e-2
2016-04-26;07:35:02;1800e0;979769e0;161e0;3434e0;89e-2;83e-2;93e-2;3718e-1;117e-2;3737e-1;40e-2
2016-04-26;08:05:02;1800e0;2243587e0;269e0;7848e0;182e-2;186e-2;184e-2;3836e-1;278e-2;3878e-1;67e-2
2016-04-26;08:35:02;1800e0;1586193e0;288e0;5374e0;133e-2;132e-2;136e-2;3766e-1;192e-2;3789e-1;57e-2
2016-04-26;09:05:02;1800e0;2516225e0;423e0;8779e0;203e-2;207e-2;205e-2;3813e-1;316e-2;3872e-1;71e-2
2016-04-26;09:35:02;1800e0;2137633e0;182e0;7622e0;174e-2;176e-2;176e-2;3782e-1;254e-2;3821e-1;77e-2
2016-04-26;10:05:02;1800e0;2568387e0;315e0;8705e0;207e-2;211e-2;209e-2;3802e-1;306e-2;3849e-1;90e-2
2016-04-26;10:35:02;1800e0;3288230e0;563e0;11492e0;260e-2;266e-2;262e-2;3820e-1;390e-2;3869e-1;114e-2
2016-04-26;11:05:02;1800e0;3309052e0;618e0;11288e0;261e-2;267e-2;264e-2;3796e-1;403e-2;3854e-1;105e-2
2016-04-26;11:35:02;1800e0;3355853e0;428e0;11792e0;266e-2;273e-2;269e-2;3814e-1;389e-2;3847e-1;126e-2
2016-04-26;12:05:02;1800e0;4348463e0;526e0;15491e0;342e-2;351e-2;344e-2;3830e-1;506e-2;3863e-1;157e-2
2016-04-26;12:35:02;1800e0;1295158e0;162e0;4708e0;113e-2;109e-2;117e-2;3697e-1;153e-2;3699e-1;54e-2
2016-04-26;13:05:02;1800e0;731302e0;62e0;2661e0;75e-2;64e-2;81e-2;3626e-1;92e-2;3601e-1;29e-2
2016-04-26;13:35:02;1800e0;1218259e0;93e0;4515e0;105e-2;105e-2;109e-2;3761e-1;144e-2;3743e-1;50e-2
2016-04-26;14:05:02;1800e0;1333798e0;183e0;4550e0;113e-2;114e-2;117e-2;3763e-1;155e-2;3760e-1;56e-2
2016-04-26;14:35:02;1800e0;651165e0;93e0;2343e0;70e-2;58e-2;75e-2;3644e-1;82e-2;3624e-1;27e-2
2016-04-26;15:05:02;1800e0;603211e0;99e0;2151e0;65e-2;54e-2;70e-2;3668e-1;76e-2;3643e-1;25e-2
2016-04-26;15:35:02;1800e0;336470e0;43e0;998e0;51e-2;32e-2;57e-2;3568e-1;46e-2;3549e-1;15e-2
2016-04-26;16:05:02;1800e0;307421e0;37e0;912e0;50e-2;29e-2;56e-2;3614e-1;39e-2;3568e-1;15e-2
2016-04-26;16:35:02;1800e0;376666e0;35e0;1075e0;53e-2;36e-2;59e-2;3704e-1;47e-2;3611e-1;18e-2
2016-04-26;17:05:02;1799e0;373572e0;29e0;849e0;53e-2;35e-2;59e-2;3600e-1;50e-2;3590e-1;16e-2
2016-04-26;17:35:02;1800e0;534728e0;99e0;2009e0;61e-2;48e-2;66e-2;3664e-1;68e-2;3647e-1;22e-2
2016-04-26;18:05:02;1800e0;501697e0;99e0;1943e0;59e-2;45e-2;64e-2;3653e-1;64e-2;3621e-1;21e-2
2016-04-26;18:35:02;1800e0;338436e0;25e0;732e0;51e-2;33e-2;57e-2;3571e-1;46e-2;3571e-1;15e-2
2016-04-26;19:05:02;1800e0;221454e0;31e0;433e0;46e-2;21e-2;47e-2;3517e-1;34e-2;3480e-1;10e-2
2016-04-26;19:35:02;1800e0;82813e0;0e0;192e0;11e-2;9e-2;2e-2;3400e-1;17e-2;3333e-1;4e-2
2016-04-27;06:35:02;1800e0;516106e0;106e0;1714e0;60e-2;47e-2;66e-2;3627e-1;64e-2;3645e-1;23e-2
2016-04-27;07:05:02;1800e0;283905e0;54e0;954e0;43e-2;27e-2;45e-2;3504e-1;36e-2;3509e-1;15e-2
2016-04-27;07:35:02;1800e0;215520e0;12e0;427e0;37e-2;21e-2;34e-2;3482e-1;31e-2;3471e-1;12e-2
2016-04-27;08:05:02;1800e0;610022e0;91e0;1995e0;66e-2;54e-2;68e-2;3688e-1;74e-2;3645e-1;27e-2
2016-04-27;08:35:02;1800e0;2308444e0;302e0;8031e0;185e-2;192e-2;188e-2;3865e-1;288e-2;3895e-1;65e-2
2016-04-27;09:05:02;1800e0;1528587e0;226e0;5427e0;128e-2;128e-2;132e-2;3759e-1;187e-2;3793e-1;52e-2
2016-04-27;09:35:02;1800e0;1857971e0;361e0;6350e0;152e-2;155e-2;155e-2;3777e-1;223e-2;3814e-1;66e-2
2016-04-27;10:05:02;1800e0;2822648e0;273e0;9957e0;225e-2;233e-2;228e-2;3829e-1;339e-2;3866e-1;93e-2
2016-04-27;10:35:02;1800e0;909196e0;124e0;3426e0;84e-2;79e-2;88e-2;3690e-1;108e-2;3713e-1;41e-2
2016-04-27;11:05:02;1800e0;2799098e0;312e0;9839e0;221e-2;229e-2;224e-2;3830e-1;326e-2;3863e-1;103e-2
2016-04-27;11:35:02;1800e0;1153368e0;117e0;4036e0;100e-2;99e-2;104e-2;3727e-1;135e-2;3723e-1;50e-2
2016-04-27;12:05:02;1800e0;1276540e0;144e0;4445e0;112e-2;108e-2;115e-2;3707e-1;145e-2;3700e-1;58e-2
2016-04-27;12:35:02;1800e0;6768824e0;1653e0;23293e0;535e-2;548e-2;541e-2;3736e-1;885e-2;3857e-1;164e-2
2016-04-27;13:05:02;1800e0;6371594e0;1925e0;21517e0;505e-2;519e-2;512e-2;3777e-1;778e-2;3845e-1;204e-2
2016-04-27;13:35:02;1800e0;8943839e0;1724e0;31022e0;704e-2;720e-2;712e-2;3713e-1;1103e-2;3824e-1;299e-2
2016-04-27;14:05:02;1800e0;6266979e0;1408e0;21626e0;489e-2;504e-2;495e-2;3822e-1;704e-2;3839e-1;258e-2
2016-04-27;14:35:02;1800e0;7797368e0;1979e0;26724e0;605e-2;620e-2;612e-2;3729e-1;881e-2;3779e-1;339e-2
2016-04-27;15:05:02;1800e0;3953957e0;774e0;13588e0;310e-2;320e-2;314e-2;3800e-1;439e-2;3823e-1;166e-2
2016-04-27;15:35:02;1800e0;4053501e0;838e0;13778e0;324e-2;333e-2;327e-2;3798e-1;435e-2;3825e-1;186e-2
2016-04-27;16:05:02;1800e0;6298668e0;1992e0;20804e0;501e-2;512e-2;507e-2;3762e-1;631e-2;3734e-1;353e-2
2016-04-27;16:35:02;1800e0;1151694e0;131e0;3902e0;102e-2;99e-2;105e-2;3689e-1;129e-2;3705e-1;57e-2
2016-04-27;17:05:02;1800e0;1937365e0;240e0;6640e0;158e-2;162e-2;161e-2;3773e-1;204e-2;3798e-1;99e-2
2016-04-27;17:35:02;1800e0;1459543e0;253e0;4965e0;123e-2;125e-2;126e-2;3740e-1;153e-2;3769e-1;80e-2
2016-04-27;18:05:02;1800e0;852775e0;199e0;2848e0;82e-2;75e-2;86e-2;3644e-1;105e-2;3640e-1;35e-2
2016-04-27;18:35:02;1800e0;2232803e0;449e0;7713e0;180e-2;185e-2;183e-2;3766e-1;198e-2;3808e-1;150e-2
2016-04-27;19:05:02;1800e0;908691e0;93e0;3472e0;83e-2;78e-2;87e-2;3658e-1;98e-2;3695e-1;51e-2
2016-04-27;19:35:02;1800e0;1362115e0;182e0;4888e0;118e-2;116e-2;121e-2;3679e-1;101e-2;3744e-1;117e-2
2016-04-27;20:05:02;1800e0;572253e0;105e0;2062e0;64e-2;52e-2;69e-2;3553e-1;55e-2;3651e-1;44e-2
2016-04-27;20:35:02;1800e0;86185e0;0e0;167e0;24e-2;12e-2;19e-2;3446e-1;15e-2;3547e-1;13e-2
2016-04-28;06:35:02;1800e0;328630e0;31e0;973e0;50e-2;30e-2;50e-2;3532e-1;43e-2;3576e-1;15e-2
2016-04-28;07:05:02;1800e0;657867e0;60e0;2115e0;69e-2;59e-2;73e-2;3656e-1;83e-2;3668e-1;26e-2
2016-04-28;07:35:02;1800e0;648139e0;43e0;1992e0;69e-2;57e-2;73e-2;3627e-1;78e-2;3651e-1;30e-2
2016-04-28;08:05:02;1800e0;139720e0;18e0;688e0;26e-2;15e-2;20e-2;3441e-1;23e-2;3447e-1;9e-2
2016-04-28;08:35:02;1800e0;754324e0;124e0;2537e0;76e-2;66e-2;79e-2;3666e-1;94e-2;3669e-1;30e-2
2016-04-28;09:05:02;1800e0;4195655e0;657e0;14749e0;327e-2;340e-2;331e-2;3864e-1;508e-2;3948e-1;126e-2
2016-04-30;12:05:02;1800e0;6138169e0;1479e0;20972e0;475e-2;488e-2;479e-2;3679e-1;798e-2;3751e-1;173e-2
2016-04-30;12:35:02;1800e0;3146711e0;402e0;11083e0;248e-2;256e-2;250e-2;3696e-1;377e-2;3736e-1;122e-2
2016-04-30;13:05:02;1800e0;3369143e0;504e0;11916e0;265e-2;274e-2;267e-2;3723e-1;402e-2;3755e-1;128e-2
2016-04-30;13:35:02;1800e0;2791593e0;361e0;9774e0;220e-2;227e-2;222e-2;3705e-1;332e-2;3736e-1;110e-2
2016-04-30;14:05:02;1800e0;3182512e0;445e0;11148e0;249e-2;257e-2;252e-2;3715e-1;381e-2;3737e-1;122e-2
2016-04-30;14:35:02;1800e0;1985932e0;167e0;6804e0;159e-2;163e-2;162e-2;3687e-1;231e-2;3699e-1;86e-2
2016-04-30;15:05:02;1800e0;4327515e0;948e0;14882e0;337e-2;348e-2;340e-2;3731e-1;487e-2;3749e-1;192e-2
2016-04-30;15:35:03;1800e0;3073429e0;399e0;10755e0;240e-2;248e-2;243e-2;3705e-1;351e-2;3714e-1;136e-2
2016-04-30;16:05:03;1800e0;2329339e0;264e0;8196e0;185e-2;190e-2;187e-2;3686e-1;271e-2;3700e-1;101e-2
2016-04-30;16:35:02;1800e0;1801363e0;190e0;6175e0;146e-2;149e-2;149e-2;3659e-1;213e-2;3671e-1;77e-2
2016-04-30;17:05:03;1800e0;2665313e0;498e0;9199e0;212e-2;218e-2;215e-2;3683e-1;289e-2;3702e-1;136e-2
2016-04-30;17:35:02;1800e0;1787285e0;186e0;6063e0;147e-2;148e-2;149e-2;3643e-1;210e-2;3641e-1;80e-2
2016-04-30;18:05:02;1800e0;812361e0;117e0;2974e0;77e-2;69e-2;82e-2;3546e-1;100e-2;3548e-1;37e-2
2016-04-30;18:35:03;1800e0;727783e0;68e0;2720e0;72e-2;61e-2;78e-2;3535e-1;91e-2;3536e-1;34e-2
2016-04-30;19:05:03;1800e0;280713e0;33e0;752e0;48e-2;20e-2;57e-2;3396e-1;40e-2;3385e-1;14e-2
2016-04-30;19:35:03;1800e0;114356e0;0e0;191e0;31e-2;8e-2;10e-2;3270e-1;19e-2;3238e-1;7e-2
2016-05-01;06:35:03;1800e0;213388e0;31e0;659e0;45e-2;18e-2;53e-2;3477e-1;33e-2;3495e-1;10e-2
2016-05-01;07:05:03;1800e0;523403e0;50e0;1823e0;61e-2;46e-2;67e-2;3574e-1;67e-2;3580e-1;23e-2
2016-05-01;07:35:03;1800e0;972702e0;149e0;3435e0;88e-2;83e-2;92e-2;3691e-1;119e-2;3714e-1;39e-2
2016-05-01;08:05:03;1800e0;1338961e0;74e0;4398e0;115e-2;114e-2;118e-2;3723e-1;166e-2;3739e-1;48e-2
2016-05-01;08:35:03;1800e0;2010692e0;286e0;6828e0;165e-2;168e-2;167e-2;3745e-1;253e-2;3788e-1;63e-2
2016-05-01;09:05:03;1800e0;2261798e0;343e0;7643e0;182e-2;187e-2;184e-2;3721e-1;281e-2;3771e-1;77e-2
2016-05-01;09:35:03;1800e0;1617710e0;193e0;5435e0;134e-2;136e-2;137e-2;3678e-1;189e-2;3705e-1;71e-2
2016-05-01;10:05:03;1800e0;2767575e0;454e0;9694e0;222e-2;229e-2;224e-2;3716e-1;337e-2;3773e-1;100e-2
2016-05-01;10:35:03;1800e0;2761615e0;439e0;9393e0;223e-2;230e-2;225e-2;3676e-1;351e-2;3754e-1;88e-2
2016-05-01;11:05:03;1800e0;6403543e0;1722e0;21655e0;508e-2;521e-2;512e-2;3640e-1;898e-2;3839e-1;127e-2
2016-05-01;11:35:03;1800e0;6391345e0;1870e0;21637e0;503e-2;517e-2;508e-2;3535e-1;898e-2;3765e-1;149e-2
2016-05-01;12:05:03;1800e0;6275381e0;1577e0;21268e0;496e-2;509e-2;500e-2;3581e-1;858e-2;3721e-1;158e-2
2016-05-01;12:35:03;1800e0;9482977e0;2015e0;32636e0;745e-2;761e-2;753e-2;3459e-1;1353e-2;3694e-1;231e-2
2016-05-01;13:05:03;1800e0;10789744e0;3232e0;36409e0;845e-2;862e-2;854e-2;3358e-1;1508e-2;3630e-1;338e-2
2016-05-01;13:35:03;1800e0;11307885e0;2668e0;38665e0;886e-2;903e-2;895e-2;3337e-1;1512e-2;3571e-1;434e-2
2016-05-01;14:05:03;1800e0;10768224e0;2453e0;37354e0;840e-2;858e-2;849e-2;3434e-1;1346e-2;3579e-1;471e-2
2016-05-01;14:35:03;1800e0;10071655e0;2743e0;34551e0;785e-2;801e-2;793e-2;3418e-1;1213e-2;3516e-1;495e-2
2016-05-01;15:05:03;1800e0;5962574e0;1561e0;20349e0;466e-2;478e-2;471e-2;3572e-1;664e-2;3584e-1;312e-2
2016-05-01;15:35:03;1800e0;8835512e0;1938e0;30553e0;688e-2;702e-2;695e-2;3586e-1;952e-2;3587e-1;488e-2
2016-05-01;16:05:03;1800e0;11106385e0;3077e0;37616e0;864e-2;880e-2;872e-2;3579e-1;1121e-2;3527e-1;703e-2
2016-05-01;16:35:03;1800e0;10333309e0;2642e0;35272e0;805e-2;821e-2;813e-2;3627e-1;966e-2;3535e-1;718e-2
2016-05-01;17:05:03;1800e0;9248914e0;2173e0;31727e0;720e-2;735e-2;727e-2;3656e-1;792e-2;3531e-1;714e-2
2016-05-01;17:35:03;1800e0;8050573e0;1954e0;27546e0;628e-2;643e-2;633e-2;3693e-1;608e-2;3556e-1;696e-2
2016-05-01;18:05:03;1800e0;6631255e0;1548e0;22788e0;518e-2;532e-2;523e-2;3709e-1;420e-2;3574e-1;654e-2
2016-05-01;18:35:03;1800e0;4679498e0;795e0;16059e0;368e-2;379e-2;371e-2;3699e-1;239e-2;3617e-1;518e-2
2016-05-01;19:05:03;1800e0;2755287e0;414e0;9493e0;220e-2;225e-2;222e-2;3664e-1;121e-2;3694e-1;322e-2
2016-05-01;19:35:03;1800e0;1318290e0;149e0;4438e0;112e-2;111e-2;115e-2;3563e-1;77e-2;3719e-1;139e-2
2016-05-01;20:05:03;1799e0;1462410e0;156e0;5199e0;123e-2;123e-2;126e-2;3575e-1;65e-2;3769e-1;170e-2
2016-05-01;20:35:03;1800e0;350791e0;23e0;1062e0;46e-2;30e-2;45e-2;3353e-1;23e-2;3714e-1;39e-2
2016-05-02;06:05:03;1800e0;278234e0;12e0;628e0;48e-2;25e-2;52e-2;3664e-1;36e-2;3746e-1;14e-2
2016-05-02;06:35:03;1800e0;533238e0;118e0;1752e0;60e-2;47e-2;66e-2;3782e-1;63e-2;3581e-1;27e-2
2016-05-02;07:05:03;1800e0;809856e0;43e0;2875e0;77e-2;70e-2;81e-2;3824e-1;91e-2;3533e-1;41e-2
2016-05-02;07:35:03;1800e0;1278584e0;117e0;4171e0;109e-2;110e-2;112e-2;3905e-1;151e-2;3366e-1;53e-2
2016-05-02;08:05:03;1800e0;2087041e0;235e0;7287e0;168e-2;176e-2;171e-2;3846e-1;269e-2;3610e-1;56e-2
2016-05-02;08:35:03;1800e0;3192686e0;557e0;11162e0;250e-2;262e-2;255e-2;3780e-1;435e-2;3816e-1;62e-2
2016-05-02;09:05:03;1800e0;4199069e0;494e0;14742e0;327e-2;340e-2;331e-2;3735e-1;595e-2;3746e-1;63e-2
2016-05-02;09:35:03;1800e0;5285730e0;1138e0;17897e0;410e-2;426e-2;416e-2;3646e-1;786e-2;3878e-1;58e-2
2016-05-02;10:05:03;1800e0;6270600e0;1706e0;21797e0;487e-2;503e-2;494e-2;3562e-1;966e-2;3934e-1;56e-2
2016-05-02;10:35:03;1800e0;7283483e0;1664e0;25291e0;564e-2;582e-2;572e-2;3502e-1;1139e-2;3937e-1;66e-2
2016-05-02;11:05:03;1800e0;7831913e0;2111e0;26622e0;607e-2;625e-2;615e-2;3473e-1;1231e-2;3915e-1;74e-2
2016-05-02;11:35:03;1800e0;8832832e0;2570e0;29455e0;684e-2;704e-2;694e-2;3455e-1;1387e-2;3870e-1;90e-2
2016-05-02;12:05:03;1800e0;9390344e0;2712e0;31495e0;735e-2;755e-2;745e-2;3420e-1;1468e-2;3817e-1;116e-2
2016-05-02;12:35:03;1800e0;10229727e0;1937e0;35302e0;801e-2;821e-2;811e-2;3439e-1;1508e-2;3718e-1;208e-2
2016-05-02;13:05:03;1800e0;10886394e0;2729e0;37137e0;859e-2;880e-2;870e-2;3427e-1;1517e-2;3665e-1;314e-2
2016-05-02;13:35:03;1800e0;11573871e0;2926e0;39234e0;899e-2;920e-2;910e-2;3452e-1;1519e-2;3646e-1;413e-2
2016-05-02;14:05:03;1800e0;11936772e0;2599e0;40444e0;929e-2;950e-2;940e-2;3459e-1;1492e-2;3605e-1;502e-2
2016-05-02;14:35:03;1800e0;11961691e0;3018e0;39894e0;934e-2;956e-2;946e-2;3461e-1;1430e-2;3569e-1;571e-2
2016-05-02;15:05:03;1800e0;11951018e0;3272e0;39837e0;936e-2;957e-2;947e-2;3472e-1;1365e-2;3533e-1;635e-2
2016-05-02;15:35:03;1800e0;11592803e0;3033e0;39254e0;906e-2;926e-2;916e-2;3492e-1;1257e-2;3505e-1;681e-2
2016-05-02;16:05:03;1800e0;10969493e0;2243e0;37800e0;852e-2;870e-2;861e-2;3545e-1;1113e-2;3506e-1;705e-2
2016-05-02;16:35:03;1800e0;9926127e0;2010e0;34303e0;771e-2;789e-2;779e-2;3587e-1;938e-2;3515e-1;697e-2
2016-05-02;17:05:03;1800e0;8836702e0;1543e0;30619e0;686e-2;703e-2;693e-2;3631e-1;764e-2;3532e-1;681e-2
2016-05-02;17:35:03;1800e0;7582919e0;2088e0;25835e0;591e-2;607e-2;597e-2;3652e-1;588e-2;3540e-1;650e-2
2016-05-02;18:05:03;1800e0;6113791e0;1508e0;21360e0;478e-2;492e-2;482e-2;3658e-1;410e-2;3553e-1;591e-2
2016-05-02;18:35:03;1800e0;4731068e0;679e0;16381e0;369e-2;380e-2;372e-2;3661e-1;259e-2;3593e-1;513e-2
2016-05-02;19:05:03;1800e0;3577811e0;439e0;12719e0;279e-2;288e-2;281e-2;3666e-1;157e-2;3638e-1;424e-2
2016-05-02;19:35:03;1800e0;2518964e0;377e0;8699e0;201e-2;207e-2;203e-2;3603e-1;91e-2;3674e-1;318e-2
2016-05-02;20:05:03;1800e0;1136840e0;87e0;3994e0;100e-2;96e-2;104e-2;3457e-1;48e-2;3706e-1;139e-2
2016-05-02;20:35:03;1800e0;179489e0;16e0;478e0;35e-2;19e-2;32e-2;3294e-1;16e-2;3492e-1;27e-2
2016-05-03;06:05:03;1800e0;218643e0;18e0;442e0;44e-2;20e-2;42e-2;3534e-1;31e-2;3590e-1;10e-2
2016-05-03;06:35:03;1800e0;441376e0;74e0;1183e0;56e-2;41e-2;61e-2;3693e-1;56e-2;3247e-1;21e-2
2016-05-03;07:05:03;1800e0;670401e0;109e0;2370e0;69e-2;60e-2;73e-2;3741e-1;82e-2;3173e-1;33e-2
2016-05-03;07:35:03;1800e0;1123897e0;117e0;3576e0;98e-2;97e-2;101e-2;3839e-1;139e-2;3338e-1;42e-2
2016-05-03;08:05:03;1800e0;1877908e0;153e0;6456e0;151e-2;157e-2;154e-2;3798e-1;249e-2;3599e-1;46e-2
2016-05-03;08:35:03;1800e0;2850559e0;440e0;9921e0;226e-2;235e-2;229e-2;3782e-1;395e-2;3775e-1;48e-2
2016-05-03;09:05:03;1800e0;4005074e0;615e0;13788e0;314e-2;326e-2;318e-2;3771e-1;568e-2;3718e-1;53e-2
2016-05-03;09:35:03;1800e0;5200962e0;693e0;17945e0;406e-2;421e-2;411e-2;3718e-1;760e-2;3847e-1;55e-2
2016-05-03;10:05:03;1800e0;6294497e0;1749e0;21728e0;493e-2;509e-2;499e-2;3652e-1;944e-2;3911e-1;57e-2
2016-05-03;10:35:03;1800e0;7264671e0;1933e0;24762e0;569e-2;586e-2;576e-2;3592e-1;1104e-2;3902e-1;68e-2
2016-05-03;11:05:03;1800e0;8062231e0;2470e0;27047e0;628e-2;645e-2;635e-2;3547e-1;1232e-2;3869e-1;83e-2
2016-05-03;11:35:03;1800e0;8741604e0;1685e0;30259e0;681e-2;699e-2;689e-2;3519e-1;1336e-2;3819e-1;99e-2
2016-05-03;12:05:03;1800e0;8870106e0;2267e0;30365e0;690e-2;708e-2;698e-2;3500e-1;1339e-2;3738e-1;128e-2
2016-05-03;12:35:03;1800e0;8761792e0;2239e0;29835e0;690e-2;708e-2;697e-2;3502e-1;1254e-2;3655e-1;196e-2
2016-05-03;13:05:03;1800e0;10630818e0;3683e0;35132e0;837e-2;857e-2;847e-2;3485e-1;1451e-2;3646e-1;313e-2
2016-05-03;13:35:03;1800e0;11536446e0;1853e0;39936e0;909e-2;930e-2;920e-2;3447e-1;1508e-2;3604e-1;425e-2
2016-05-03;14:05:03;1800e0;12058727e0;3397e0;39929e0;947e-2;968e-2;958e-2;3460e-1;1500e-2;3576e-1;516e-2
2016-05-03;14:35:03;1800e0;11281246e0;3321e0;38240e0;882e-2;902e-2;892e-2;3494e-1;1328e-2;3564e-1;545e-2
2016-05-03;15:05:03;1800e0;11826676e0;2649e0;40623e0;921e-2;942e-2;932e-2;3509e-1;1330e-2;3548e-1;631e-2
2016-05-03;15:35:03;1800e0;9654953e0;2144e0;32865e0;755e-2;773e-2;763e-2;3552e-1;1033e-2;3555e-1;556e-2
2016-05-03;16:05:03;1800e0;10078943e0;2479e0;34333e0;785e-2;803e-2;793e-2;3573e-1;1042e-2;3568e-1;610e-2
2016-05-03;16:35:03;1800e0;5089254e0;991e0;17525e0;398e-2;411e-2;402e-2;3599e-1;538e-2;3592e-1;293e-2
2016-05-03;17:05:03;1800e0;5118689e0;906e0;17694e0;399e-2;412e-2;403e-2;3674e-1;485e-2;3673e-1;331e-2
2016-05-03;17:35:03;1800e0;5138925e0;1250e0;17400e0;398e-2;411e-2;402e-2;3686e-1;445e-2;3662e-1;374e-2
2016-05-03;18:05:03;1800e0;3250299e0;613e0;11112e0;253e-2;262e-2;256e-2;3694e-1;277e-2;3703e-1;237e-2
2016-05-03;18:35:03;1800e0;1577395e0;162e0;5203e0;129e-2;131e-2;132e-2;3660e-1;158e-2;3672e-1;97e-2
2016-05-03;19:05:03;1800e0;1827688e0;257e0;6415e0;150e-2;150e-2;153e-2;3619e-1;145e-2;3633e-1;148e-2
2016-05-03;19:35:03;1800e0;528508e0;56e0;1596e0;61e-2;47e-2;66e-2;3498e-1;55e-2;3523e-1;36e-2
2016-05-03;20:05:03;1800e0;181072e0;12e0;460e0;39e-2;16e-2;34e-2;3349e-1;27e-2;3347e-1;10e-2
2016-05-04;06:05:03;1800e0;293965e0;24e0;686e0;47e-2;26e-2;48e-2;3573e-1;40e-2;3615e-1;12e-2
2016-05-04;06:35:03;1800e0;678088e0;112e0;2475e0;69e-2;59e-2;73e-2;3756e-1;83e-2;3819e-1;26e-2
2016-05-04;07:05:03;1800e0;880177e0;99e0;3355e0;81e-2;75e-2;85e-2;3800e-1;105e-2;3286e-1;38e-2
2016-05-04;07:35:03;1800e0;1463876e0;220e0;5110e0;121e-2;123e-2;124e-2;3863e-1;182e-2;3376e-1;49e-2
2016-05-04;08:05:03;1800e0;1795833e0;170e0;6273e0;145e-2;150e-2;148e-2;3757e-1;223e-2;3763e-1;59e-2
2016-05-04;08:35:03;1800e0;2044859e0;369e0;7074e0;164e-2;171e-2;167e-2;3749e-1;249e-2;3769e-1;72e-2
2016-05-04;09:05:03;1800e0;2681063e0;430e0;9336e0;213e-2;222e-2;216e-2;3770e-1;337e-2;3803e-1;81e-2
2016-05-04;09:35:03;1800e0;4260952e0;900e0;14630e0;331e-2;343e-2;335e-2;3773e-1;580e-2;3875e-1;78e-2
2016-05-04;10:05:03;1800e0;6696228e0;1630e0;22811e0;518e-2;534e-2;525e-2;3687e-1;959e-2;3937e-1;92e-2
2016-05-04;10:35:03;1800e0;7915576e0;1808e0;27387e0;610e-2;628e-2;618e-2;3626e-1;1167e-2;3944e-1;95e-2
2016-05-04;11:05:03;1800e0;8172373e0;2462e0;27344e0;635e-2;652e-2;642e-2;3621e-1;1217e-2;3920e-1;87e-2
2016-05-04;11:35:03;1800e0;9041046e0;2536e0;30649e0;706e-2;725e-2;714e-2;3554e-1;1376e-2;3885e-1;94e-2
2016-05-04;12:05:03;1800e0;9535909e0;2076e0;33027e0;739e-2;759e-2;748e-2;3529e-1;1447e-2;3835e-1;114e-2
2016-05-04;12:35:03;1800e0;10431505e0;2853e0;35564e0;810e-2;829e-2;819e-2;3529e-1;1505e-2;3753e-1;201e-2
2016-05-04;13:05:03;1800e0;11222554e0;2715e0;38198e0;871e-2;891e-2;881e-2;3509e-1;1536e-2;3709e-1;309e-2
2016-05-04;13:35:03;1800e0;11828793e0;2380e0;40423e0;915e-2;936e-2;926e-2;3503e-1;1537e-2;3677e-1;410e-2
2016-05-04;14:05:03;1800e0;12153828e0;3231e0;40190e0;938e-2;959e-2;950e-2;3494e-1;1508e-2;3635e-1;500e-2
2016-05-04;14:35:03;1800e0;12371465e0;3425e0;43277e0;958e-2;980e-2;970e-2;3530e-1;1454e-2;3604e-1;579e-2
2016-05-04;15:05:03;1800e0;12313598e0;3574e0;41475e0;951e-2;973e-2;963e-2;3556e-1;1373e-2;3584e-1;643e-2
2016-05-04;15:35:03;1800e0;11974413e0;2491e0;40370e0;924e-2;944e-2;934e-2;3590e-1;1261e-2;3579e-1;688e-2
2016-05-04;16:05:03;1800e0;11364462e0;2673e0;38573e0;876e-2;896e-2;886e-2;3615e-1;1127e-2;3559e-1;721e-2
2016-05-04;16:35:03;1800e0;10517113e0;2661e0;35956e0;812e-2;832e-2;822e-2;3636e-1;973e-2;3540e-1;737e-2
2016-05-04;17:05:03;1800e0;9495786e0;3097e0;31898e0;736e-2;755e-2;745e-2;3669e-1;801e-2;3546e-1;739e-2
2016-05-04;17:35:03;1800e0;8197032e0;1882e0;28411e0;637e-2;654e-2;644e-2;3694e-1;611e-2;3538e-1;720e-2
2016-05-04;18:05:03;1800e0;6777873e0;1780e0;23337e0;524e-2;539e-2;529e-2;3722e-1;421e-2;3556e-1;679e-2
2016-05-04;18:35:03;1800e0;5432372e0;803e0;19057e0;423e-2;437e-2;428e-2;3725e-1;262e-2;3597e-1;617e-2
2016-05-04;19:05:03;1800e0;4213854e0;416e0;14895e0;327e-2;339e-2;330e-2;3746e-1;147e-2;3638e-1;532e-2
2016-05-04;19:35:03;1800e0;3126815e0;480e0;10895e0;245e-2;253e-2;247e-2;3674e-1;82e-2;3682e-1;421e-2
2016-05-04;20:05:03;1800e0;2147290e0;210e0;7372e0;171e-2;176e-2;173e-2;3582e-1;55e-2;3790e-1;285e-2
2016-05-04;20:35:03;1800e0;912586e0;108e0;3071e0;86e-2;77e-2;86e-2;3395e-1;27e-2;3826e-1;117e-2
2016-05-05;06:05:03;1800e0;265449e0;12e0;555e0;48e-2;25e-2;51e-2;3635e-1;35e-2;3717e-1;13e-2
2016-05-05;06:35:03;1800e0;466528e0;48e0;1376e0;57e-2;42e-2;62e-2;3751e-1;57e-2;3491e-1;23e-2
2016-05-05;07:05:03;1800e0;681527e0;56e0;2476e0;69e-2;59e-2;74e-2;3808e-1;79e-2;3165e-1;36e-2
2016-05-05;07:35:03;1800e0;1150108e0;138e0;3855e0;100e-2;97e-2;104e-2;3913e-1;138e-2;3326e-1;44e-2
2016-05-05;08:05:03;1800e0;1916461e0;201e0;6506e0;157e-2;159e-2;159e-2;3834e-1;250e-2;3595e-1;48e-2
2016-05-05;08:35:03;1800e0;2885456e0;357e0;10232e0;229e-2;236e-2;231e-2;3772e-1;401e-2;3771e-1;49e-2
2016-05-05;09:05:03;1800e0;4058198e0;596e0;14123e0;319e-2;329e-2;322e-2;3712e-1;586e-2;3701e-1;53e-2
2016-05-05;09:35:03;1800e0;5204831e0;747e0;18043e0;409e-2;421e-2;412e-2;3632e-1;779e-2;3844e-1;54e-2
2016-05-05;10:05:03;1800e0;6246365e0;1472e0;21760e0;492e-2;505e-2;496e-2;3557e-1;963e-2;3924e-1;54e-2
2016-05-05;10:35:03;1800e0;7211548e0;1627e0;24953e0;567e-2;581e-2;572e-2;3527e-1;1120e-2;3923e-1;63e-2
2016-05-05;11:05:03;1800e0;7990816e0;2048e0;27029e0;626e-2;641e-2;632e-2;3475e-1;1253e-2;3895e-1;76e-2
2016-05-05;11:35:03;1800e0;8675565e0;2604e0;29057e0;679e-2;695e-2;686e-2;3420e-1;1372e-2;3835e-1;91e-2
2016-05-05;12:05:03;1800e0;9032379e0;2288e0;30773e0;704e-2;721e-2;712e-2;3399e-1;1419e-2;3777e-1;114e-2
2016-05-05;12:35:03;1800e0;9928000e0;2671e0;33711e0;772e-2;789e-2;781e-2;3342e-1;1508e-2;3679e-1;202e-2
2016-05-05;13:05:03;1800e0;10710939e0;2768e0;36468e0;831e-2;848e-2;840e-2;3359e-1;1527e-2;3615e-1;308e-2
2016-05-05;13:35:03;1800e0;11382689e0;2885e0;38673e0;883e-2;901e-2;892e-2;3362e-1;1537e-2;3577e-1;411e-2
2016-05-05;14:05:03;1800e0;11674495e0;2643e0;40040e0;904e-2;922e-2;913e-2;3346e-1;1508e-2;3519e-1;502e-2
2016-05-05;14:35:03;1800e0;11862355e0;2920e0;39808e0;920e-2;938e-2;929e-2;3372e-1;1454e-2;3487e-1;580e-2
2016-05-05;15:05:03;1800e0;11822480e0;2517e0;40391e0;916e-2;933e-2;925e-2;3420e-1;1367e-2;3464e-1;644e-2
2016-05-05;15:35:03;1800e0;11541235e0;3151e0;39003e0;892e-2;909e-2;901e-2;3456e-1;1259e-2;3463e-1;691e-2
2016-05-05;16:05:03;1800e0;10999865e0;2762e0;37452e0;851e-2;867e-2;859e-2;3502e-1;1125e-2;3452e-1;721e-2
2016-05-05;16:35:03;1800e0;10233798e0;2799e0;34715e0;793e-2;809e-2;801e-2;3549e-1;969e-2;3458e-1;737e-2
2016-05-05;17:05:03;1800e0;9238978e0;2910e0;30962e0;717e-2;732e-2;724e-2;3606e-1;794e-2;3471e-1;734e-2
2016-05-05;17:35:03;1800e0;8000105e0;1642e0;27840e0;622e-2;635e-2;627e-2;3688e-1;595e-2;3464e-1;721e-2
2016-05-05;18:05:03;1800e0;6601992e0;2088e0;22194e0;513e-2;525e-2;517e-2;3698e-1;409e-2;3469e-1;682e-2
2016-05-05;18:35:03;1800e0;5150763e0;1134e0;17448e0;400e-2;411e-2;403e-2;3665e-1;254e-2;3507e-1;600e-2
2016-05-05;19:05:03;1800e0;3894859e0;475e0;13751e0;304e-2;313e-2;306e-2;3673e-1;144e-2;3563e-1;497e-2
2016-05-05;19:35:03;1800e0;2916125e0;399e0;10099e0;232e-2;238e-2;234e-2;3610e-1;85e-2;3623e-1;394e-2
2016-05-05;20:05:04;1800e0;2165091e0;221e0;7449e0;175e-2;178e-2;177e-2;3554e-1;60e-2;3699e-1;290e-2
2016-05-05;20:35:03;1800e0;928089e0;131e0;3199e0;86e-2;76e-2;89e-2;3391e-1;30e-2;3814e-1;118e-2
2016-05-06;06:05:04;1800e0;302366e0;18e0;666e0;50e-2;27e-2;55e-2;3565e-1;40e-2;3649e-1;15e-2
2016-05-06;06:35:04;1800e0;539559e0;55e0;1726e0;60e-2;46e-2;66e-2;3685e-1;65e-2;3662e-1;26e-2
2016-05-06;07:05:04;1800e0;810632e0;74e0;2888e0;77e-2;69e-2;81e-2;3746e-1;95e-2;3159e-1;43e-2
2016-05-06;07:35:04;1800e0;1285993e0;130e0;4274e0;109e-2;109e-2;112e-2;3821e-1;156e-2;3312e-1;52e-2
2016-05-06;08:05:04;1800e0;2081318e0;236e0;7085e0;168e-2;173e-2;170e-2;3761e-1;273e-2;3645e-1;55e-2
2016-05-06;08:35:04;1800e0;2903194e0;426e0;10165e0;230e-2;239e-2;233e-2;3734e-1;403e-2;3747e-1;55e-2
2016-05-06;09:05:04;1800e0;3772198e0;479e0;13289e0;294e-2;305e-2;298e-2;3711e-1;542e-2;3674e-1;55e-2
2016-05-06;09:35:04;1800e0;5008024e0;914e0;16895e0;392e-2;405e-2;396e-2;3665e-1;740e-2;3819e-1;56e-2
2016-05-06;10:05:04;1800e0;6123241e0;1770e0;21379e0;480e-2;495e-2;485e-2;3608e-1;927e-2;3889e-1;58e-2
2016-05-06;10:35:04;1800e0;6994175e0;1865e0;23862e0;544e-2;560e-2;550e-2;3558e-1;1072e-2;3882e-1;67e-2
2016-05-06;11:05:04;1800e0;7833773e0;1919e0;26787e0;611e-2;628e-2;618e-2;3513e-1;1210e-2;3856e-1;81e-2
2016-05-06;11:35:04;1800e0;8536151e0;2455e0;28679e0;668e-2;686e-2;675e-2;3474e-1;1326e-2;3804e-1;95e-2
2016-05-06;12:05:04;1800e0;9143484e0;2573e0;31180e0;712e-2;731e-2;720e-2;3465e-1;1406e-2;3756e-1;120e-2
2016-05-06;12:35:04;1800e0;10034867e0;3683e0;33107e0;780e-2;799e-2;789e-2;3460e-1;1470e-2;3669e-1;206e-2
2016-05-06;13:05:04;1800e0;10633700e0;2717e0;36489e0;823e-2;843e-2;833e-2;3464e-1;1471e-2;3613e-1;305e-2
2016-05-06;13:35:04;1800e0;11336465e0;2854e0;38448e0;876e-2;896e-2;886e-2;3453e-1;1491e-2;3587e-1;407e-2
2016-05-06;14:05:04;1800e0;11868348e0;3508e0;39209e0;916e-2;936e-2;927e-2;3463e-1;1485e-2;3562e-1;500e-2
2016-05-06;14:35:04;1800e0;11951179e0;3211e0;39708e0;921e-2;941e-2;932e-2;3489e-1;1420e-2;3539e-1;571e-2
2016-05-06;15:05:04;1800e0;11802206e0;3274e0;39678e0;908e-2;928e-2;918e-2;3506e-1;1334e-2;3516e-1;630e-2
2016-05-06;15:35:04;1800e0;11385707e0;3548e0;38104e0;880e-2;900e-2;890e-2;3531e-1;1219e-2;3498e-1;671e-2
2016-05-06;16:05:04;1800e0;10949671e0;3799e0;36352e0;853e-2;873e-2;862e-2;3553e-1;1105e-2;3481e-1;712e-2
2016-05-06;16:35:04;1800e0;10132576e0;2255e0;35317e0;790e-2;809e-2;799e-2;3594e-1;947e-2;3497e-1;723e-2
2016-05-06;17:05:04;1800e0;9146220e0;2303e0;31119e0;711e-2;730e-2;719e-2;3620e-1;779e-2;3510e-1;723e-2
2016-05-06;17:35:04;1800e0;7309831e0;1817e0;24794e0;572e-2;589e-2;578e-2;3651e-1;550e-2;3550e-1;645e-2
2016-05-06;18:05:04;1800e0;6024933e0;1463e0;20832e0;472e-2;487e-2;476e-2;3653e-1;387e-2;3566e-1;597e-2
2016-05-06;18:35:04;1800e0;4948993e0;814e0;16806e0;387e-2;400e-2;390e-2;3650e-1;254e-2;3589e-1;555e-2
2016-05-06;19:05:04;1800e0;4121477e0;827e0;14221e0;321e-2;331e-2;324e-2;3682e-1;156e-2;3620e-1;514e-2
2016-05-06;19:35:04;1800e0;3096157e0;541e0;10723e0;243e-2;250e-2;244e-2;3611e-1;91e-2;3656e-1;412e-2
2016-05-06;20:05:04;1800e0;2012294e0;206e0;6908e0;161e-2;164e-2;163e-2;3521e-1;58e-2;3720e-1;267e-2
2016-05-06;20:35:04;1800e0;663874e0;74e0;2267e0;69e-2;55e-2;66e-2;3300e-1;26e-2;3616e-1;86e-2
2016-05-07;06:05:04;1800e0;288716e0;12e0;845e0;49e-2;26e-2;55e-2;3519e-1;40e-2;3578e-1;13e-2
2016-05-07;06:35:04;1800e0;524225e0;99e0;1727e0;60e-2;46e-2;66e-2;3651e-1;67e-2;3591e-1;22e-2
2016-05-07;07:05:04;1800e0;764856e0;130e0;2783e0;74e-2;65e-2;79e-2;3714e-1;93e-2;3119e-1;37e-2
2016-05-07;07:35:04;1800e0;1214743e0;137e0;4441e0;104e-2;101e-2;107e-2;3804e-1;151e-2;3305e-1;45e-2
2016-05-07;08:05:04;1800e0;1939254e0;255e0;6538e0;156e-2;159e-2;158e-2;3750e-1;258e-2;3641e-1;48e-2
2016-05-07;08:35:04;1800e0;2870302e0;431e0;9963e0;225e-2;232e-2;227e-2;3731e-1;398e-2;3752e-1;52e-2
2016-05-07;09:05:04;1800e0;4013601e0;548e0;14110e0;313e-2;322e-2;315e-2;3738e-1;569e-2;3702e-1;58e-2
2016-05-07;09:35:04;1800e0;5140695e0;837e0;17475e0;402e-2;413e-2;405e-2;3681e-1;752e-2;3823e-1;61e-2
2016-05-07;10:05:04;1800e0;6166717e0;1313e0;21911e0;482e-2;495e-2;486e-2;3619e-1;925e-2;3887e-1;63e-2
2016-05-07;10:35:04;1800e0;7079309e0;1558e0;24585e0;551e-2;565e-2;556e-2;3562e-1;1078e-2;3878e-1;72e-2
2016-05-07;11:05:04;1800e0;7889630e0;2050e0;26961e0;612e-2;626e-2;617e-2;3523e-1;1209e-2;3851e-1;85e-2
2016-05-07;11:35:04;1800e0;8585187e0;3024e0;28358e0;665e-2;680e-2;671e-2;3486e-1;1323e-2;3801e-1;99e-2
2016-05-07;12:05:04;1800e0;9135978e0;1881e0;31825e0;707e-2;722e-2;713e-2;3454e-1;1406e-2;3744e-1;121e-2
2016-05-07;12:35:04;1800e0;9981542e0;3012e0;33648e0;771e-2;786e-2;778e-2;3447e-1;1468e-2;3646e-1;205e-2
2016-05-07;13:05:04;1800e0;10769633e0;2560e0;36711e0;834e-2;850e-2;842e-2;3433e-1;1503e-2;3593e-1;309e-2
2016-05-07;13:35:04;1800e0;11320160e0;2777e0;38360e0;882e-2;898e-2;890e-2;3419e-1;1504e-2;3566e-1;407e-2
2016-05-07;14:05:04;1800e0;11679144e0;3002e0;39665e0;905e-2;922e-2;914e-2;3431e-1;1475e-2;3528e-1;495e-2
2016-05-07;14:35:04;1800e0;11805234e0;2787e0;40229e0;914e-2;932e-2;924e-2;3442e-1;1421e-2;3509e-1;569e-2
2016-05-07;15:05:04;1800e0;11687037e0;2623e0;40161e0;904e-2;922e-2;913e-2;3464e-1;1336e-2;3490e-1;629e-2
2016-05-07;15:35:04;1800e0;11361577e0;2804e0;38600e0;878e-2;896e-2;887e-2;3488e-1;1231e-2;3468e-1;675e-2
2016-05-07;16:05:04;1800e0;10785598e0;2610e0;36787e0;833e-2;850e-2;841e-2;3521e-1;1097e-2;3462e-1;706e-2
2016-05-07;16:35:04;1800e0;10023606e0;2643e0;34491e0;774e-2;791e-2;782e-2;3546e-1;948e-2;3459e-1;723e-2
2016-05-07;17:05:04;1800e0;9032913e0;2553e0;30615e0;699e-2;715e-2;705e-2;3581e-1;778e-2;3470e-1;723e-2
2016-05-07;17:35:04;1800e0;7840465e0;2211e0;26587e0;607e-2;622e-2;612e-2;3610e-1;593e-2;3498e-1;703e-2
2016-05-07;18:05:04;1800e0;6518053e0;1684e0;22335e0;503e-2;517e-2;507e-2;3627e-1;410e-2;3521e-1;665e-2
2016-05-07;18:35:04;1800e0;5259900e0;1189e0;18101e0;406e-2;418e-2;409e-2;3619e-1;258e-2;3549e-1;609e-2
2016-05-07;19:05:04;1800e0;4112907e0;573e0;14476e0;321e-2;331e-2;323e-2;3647e-1;145e-2;3586e-1;529e-2
2016-05-07;19:35:04;1800e0;3133517e0;379e0;11076e0;247e-2;255e-2;249e-2;3574e-1;82e-2;3616e-1;432e-2
2016-05-07;20:05:04;1800e0;2211779e0;335e0;7472e0;177e-2;181e-2;179e-2;3485e-1;57e-2;3672e-1;304e-2
2016-05-07;20:35:04;1800e0;1039242e0;72e0;3773e0;93e-2;86e-2;97e-2;3317e-1;31e-2;3735e-1;137e-2
2016-05-07;21:05:04;1800e0;47231e0;6e0;93e0;14e-2;9e-2;5e-2;3301e-1;12e-2;3471e-1;10e-2
2016-05-08;05:35:04;1800e0;70699e0;0e0;430e0;31e-2;11e-2;23e-2;3453e-1;21e-2;3440e-1;7e-2
2016-05-08;06:05:04;1800e0;268903e0;25e0;649e0;48e-2;24e-2;56e-2;3483e-1;37e-2;3539e-1;13e-2
2016-05-08;06:35:04;1800e0;506802e0;72e0;1693e0;59e-2;45e-2;65e-2;3633e-1;65e-2;3530e-1;22e-2
2016-05-08;07:05:04;1800e0;739994e0;70e0;2682e0;73e-2;65e-2;78e-2;3638e-1;94e-2;3358e-1;31e-2
2016-05-08;07:35:04;1800e0;1166383e0;174e0;3745e0;102e-2;99e-2;105e-2;3690e-1;152e-2;3490e-1;38e-2
2016-05-08;08:05:04;1800e0;1974706e0;333e0;6759e0;161e-2;163e-2;162e-2;3736e-1;265e-2;3616e-1;48e-2
2016-05-08;08:35:04;1800e0;2821979e0;422e0;9850e0;224e-2;231e-2;226e-2;3702e-1;396e-2;3731e-1;50e-2
2016-05-08;09:05:04;1800e0;3916599e0;421e0;13774e0;311e-2;320e-2;313e-2;3686e-1;566e-2;3661e-1;56e-2
2016-05-08;09:35:04;1800e0;5011352e0;734e0;16972e0;393e-2;405e-2;397e-2;3618e-1;748e-2;3775e-1;57e-2
2016-05-08;10:05:04;1800e0;6028078e0;1424e0;21274e0;473e-2;487e-2;478e-2;3556e-1;923e-2;3845e-1;60e-2
2016-05-08;10:35:04;1800e0;6931575e0;1753e0;23743e0;544e-2;558e-2;549e-2;3504e-1;1076e-2;3839e-1;70e-2
2016-05-08;11:05:04;1800e0;7744504e0;2511e0;25953e0;604e-2;620e-2;611e-2;3469e-1;1207e-2;3818e-1;83e-2
2016-05-08;11:35:04;1800e0;8436037e0;2165e0;28617e0;659e-2;675e-2;665e-2;3445e-1;1316e-2;3764e-1;99e-2
2016-05-08;12:05:04;1800e0;8966448e0;2101e0;30796e0;697e-2;712e-2;702e-2;3402e-1;1401e-2;3694e-1;122e-2
2016-05-08;12:35:04;1800e0;9759908e0;2907e0;32946e0;755e-2;771e-2;762e-2;3398e-1;1454e-2;3599e-1;205e-2
2016-05-08;13:05:04;1800e0;10623284e0;3139e0;35905e0;821e-2;838e-2;829e-2;3374e-1;1502e-2;3549e-1;316e-2
2016-05-08;13:35:04;1800e0;10929783e0;2347e0;37496e0;844e-2;861e-2;852e-2;3392e-1;1457e-2;3524e-1;405e-2
2016-05-08;14:05:04;1800e0;11683926e0;3749e0;39279e0;901e-2;920e-2;911e-2;3396e-1;1486e-2;3490e-1;507e-2
2016-05-08;14:35:04;1799e0;11771052e0;2634e0;40205e0;917e-2;936e-2;927e-2;3423e-1;1423e-2;3468e-1;577e-2
2016-05-08;15:05:04;1800e0;11561579e0;3177e0;39193e0;898e-2;917e-2;908e-2;3446e-1;1329e-2;3457e-1;629e-2
2016-05-08;15:35:04;1799e0;11302661e0;2664e0;38589e0;874e-2;894e-2;884e-2;3473e-1;1231e-2;3443e-1;677e-2
2016-05-08;16:05:04;1800e0;10726034e0;2604e0;36494e0;831e-2;850e-2;840e-2;3499e-1;1098e-2;3437e-1;707e-2
2016-05-08;16:35:04;1800e0;9919778e0;2691e0;33657e0;768e-2;787e-2;776e-2;3530e-1;944e-2;3440e-1;720e-2
2016-05-08;17:05:04;1800e0;8882065e0;2085e0;30431e0;689e-2;707e-2;696e-2;3562e-1;771e-2;3435e-1;716e-2
2016-05-08;17:35:04;1800e0;7669443e0;2011e0;26174e0;596e-2;612e-2;602e-2;3576e-1;588e-2;3457e-1;694e-2
2016-05-08;18:05:04;1800e0;6338757e0;1674e0;21916e0;494e-2;510e-2;499e-2;3586e-1;406e-2;3491e-1;650e-2
2016-05-08;18:35:04;1800e0;5118369e0;804e0;17421e0;400e-2;412e-2;403e-2;3585e-1;259e-2;3523e-1;592e-2
2016-05-08;19:05:04;1800e0;4002363e0;569e0;13961e0;313e-2;323e-2;315e-2;3608e-1;149e-2;3558e-1;513e-2
2016-05-08;19:35:04;1800e0;3050578e0;374e0;10789e0;240e-2;248e-2;242e-2;3561e-1;87e-2;3587e-1;418e-2
2016-05-08;20:05:04;1800e0;2150997e0;191e0;7475e0;172e-2;176e-2;174e-2;3483e-1;59e-2;3633e-1;295e-2
2016-05-08;20:35:04;1800e0;1080375e0;124e0;3893e0;95e-2;90e-2;99e-2;3321e-1;33e-2;3754e-1;143e-2
2016-05-08;21:05:04;1800e0;58785e0;0e0;111e0;18e-2;10e-2;9e-2;3297e-1;13e-2;3504e-1;12e-2
2016-05-09;05:35:00;1800e0;393344e0;69e0;1407e0;65e-2;51e-2;70e-2;3479e-1;21e-2;3627e-1;82e-2
2016-05-09;06:05:00;1800e0;1657052e0;138e0;5851e0;136e-2;138e-2;139e-2;3557e-1;44e-2;3714e-1;225e-2
2016-05-09;06:35:00;1800e0;2756476e0;471e0;9570e0;218e-2;227e-2;221e-2;3641e-1;69e-2;3719e-1;374e-2
2016-05-09;07:05:00;1800e0;3625199e0;758e0;12499e0;286e-2;296e-2;289e-2;3697e-1;95e-2;3626e-1;496e-2
2016-05-09;07:35:00;1800e0;4615545e0;658e0;15863e0;360e-2;374e-2;365e-2;3781e-1;157e-2;3563e-1;602e-2
2016-05-09;08:05:00;1800e0;5807170e0;1270e0;20117e0;454e-2;470e-2;460e-2;3720e-1;270e-2;3540e-1;685e-2
2016-05-09;08:35:00;1800e0;6992993e0;1664e0;23998e0;549e-2;567e-2;557e-2;3682e-1;412e-2;3499e-1;744e-2
2016-05-09;09:05:00;1800e0;8307555e0;2087e0;28261e0;648e-2;666e-2;656e-2;3669e-1;588e-2;3480e-1;783e-2
2016-05-09;09:35:00;1800e0;9501619e0;2163e0;32842e0;737e-2;757e-2;746e-2;3604e-1;776e-2;3463e-1;802e-2
2016-05-09;10:05:00;1800e0;10525185e0;2877e0;35683e0;818e-2;839e-2;828e-2;3559e-1;954e-2;3462e-1;802e-2
2016-05-09;10:35:00;1800e0;11365497e0;1999e0;39468e0;885e-2;906e-2;896e-2;3529e-1;1107e-2;3464e-1;792e-2
2016-05-09;11:05:00;1800e0;12007550e0;2862e0;40308e0;933e-2;955e-2;945e-2;3494e-1;1243e-2;3490e-1;768e-2
2016-05-09;11:35:00;1800e0;12395238e0;2905e0;43750e0;967e-2;989e-2;979e-2;3474e-1;1347e-2;3489e-1;735e-2
2016-05-09;12:05:00;1800e0;12485480e0;3236e0;43599e0;974e-2;995e-2;986e-2;3441e-1;1422e-2;3528e-1;680e-2
2016-05-09;12:35:00;1800e0;12817699e0;3213e0;44298e0;999e-2;1020e-2;1011e-2;3435e-1;1473e-2;3567e-1;680e-2
2016-05-09;13:05:00;1800e0;13005298e0;3874e0;43974e0;1013e-2;1035e-2;1026e-2;3409e-1;1501e-2;3560e-1;695e-2
2016-05-09;13:35:00;1800e0;12994069e0;3820e0;44181e0;1012e-2;1034e-2;1024e-2;3411e-1;1502e-2;3559e-1;693e-2
2016-05-09;14:05:00;1800e0;12729683e0;3849e0;43880e0;990e-2;1012e-2;1003e-2;3414e-1;1472e-2;3544e-1;679e-2
2016-05-09;14:35:00;1800e0;12417836e0;3938e0;42953e0;968e-2;990e-2;980e-2;3421e-1;1415e-2;3533e-1;684e-2
2016-05-09;15:05:00;1800e0;12166607e0;2457e0;41519e0;945e-2;966e-2;957e-2;3433e-1;1329e-2;3497e-1;729e-2
2016-05-09;15:35:00;1800e0;11738048e0;2876e0;39669e0;909e-2;930e-2;920e-2;3458e-1;1221e-2;3480e-1;759e-2
2016-05-09;16:05:00;1800e0;11122580e0;3199e0;37635e0;858e-2;877e-2;867e-2;3491e-1;1092e-2;3475e-1;775e-2
2016-05-09;16:35:00;1800e0;10179393e0;2718e0;34731e0;787e-2;806e-2;796e-2;3523e-1;932e-2;3462e-1;773e-2
2016-05-09;17:05:00;1800e0;9090783e0;2020e0;31283e0;705e-2;722e-2;712e-2;3555e-1;758e-2;3477e-1;757e-2
2016-05-09;17:35:00;1800e0;7850281e0;2049e0;26530e0;613e-2;630e-2;619e-2;3575e-1;580e-2;3475e-1;730e-2
2016-05-09;18:05:00;1800e0;6509117e0;1930e0;22099e0;507e-2;524e-2;513e-2;3584e-1;405e-2;3504e-1;679e-2
2016-05-09;18:35:00;1800e0;5256321e0;826e0;17987e0;408e-2;423e-2;412e-2;3580e-1;262e-2;3535e-1;611e-2
2016-05-09;19:05:00;1800e0;4072629e0;840e0;14028e0;316e-2;329e-2;320e-2;3595e-1;156e-2;3569e-1;518e-2
2016-05-09;19:35:00;1800e0;3016163e0;496e0;10491e0;237e-2;247e-2;240e-2;3556e-1;93e-2;3583e-1;407e-2
2016-05-09;20:05:00;1800e0;1994140e0;340e0;6743e0;159e-2;164e-2;162e-2;3484e-1;63e-2;3596e-1;271e-2
2016-05-09;20:35:00;1800e0;912471e0;105e0;3365e0;84e-2;78e-2;88e-2;3308e-1;34e-2;3511e-1;126e-2
2016-05-09;21:05:00;1800e0;86779e0;0e0;209e0;22e-2;11e-2;14e-2;3234e-1;12e-2;3297e-1;18e-2
2016-05-10;05:35:00;1800e0;107762e0;18e0;671e0;40e-2;18e-2;39e-2;3428e-1;19e-2;3464e-1;23e-2
2016-05-10;06:05:00;1800e0;485660e0;62e0;1474e0;57e-2;44e-2;63e-2;3418e-1;40e-2;3466e-1;50e-2
2016-05-10;06:35:00;1800e0;597836e0;47e0;2171e0;64e-2;53e-2;68e-2;3471e-1;60e-2;3458e-1;49e-2
2016-05-10;07:05:00;1800e0;1095365e0;186e0;3898e0;95e-2;93e-2;98e-2;3551e-1;104e-2;3548e-1;84e-2
2016-05-10;07:35:00;1800e0;1890633e0;195e0;6306e0;151e-2;157e-2;154e-2;3623e-1;163e-2;3641e-1;149e-2
2016-05-10;08:05:00;1800e0;2311089e0;296e0;7789e0;183e-2;191e-2;185e-2;3628e-1;202e-2;3651e-1;176e-2
2016-05-10;08:35:00;1800e0;3536418e0;507e0;12322e0;277e-2;288e-2;280e-2;3644e-1;295e-2;3668e-1;278e-2
2016-05-10;09:05:00;1800e0;5187881e0;1158e0;17633e0;403e-2;417e-2;407e-2;3651e-1;433e-2;3672e-1;402e-2
2016-05-10;09:35:00;1800e0;7784812e0;2360e0;25721e0;602e-2;618e-2;609e-2;3615e-1;671e-2;3609e-1;598e-2
2016-05-10;10:05:00;1800e0;10228753e0;2687e0;34746e0;792e-2;812e-2;801e-2;3551e-1;923e-2;3469e-1;784e-2
2016-05-10;10:35:00;1800e0;10851785e0;2474e0;37268e0;847e-2;865e-2;856e-2;3514e-1;1058e-2;3460e-1;762e-2
2016-05-10;11:05:00;1800e0;11805169e0;2804e0;39641e0;924e-2;944e-2;934e-2;3462e-1;1219e-2;3454e-1;778e-2
2016-05-10;11:35:00;1800e0;12200001e0;3811e0;41053e0;955e-2;976e-2;966e-2;3447e-1;1310e-2;3473e-1;754e-2
2016-05-10;12:05:00;1800e0;12068324e0;2722e0;40995e0;936e-2;957e-2;947e-2;3444e-1;1352e-2;3534e-1;679e-2
2016-05-10;12:35:00;1800e0;12487389e0;3130e0;43491e0;966e-2;986e-2;977e-2;3431e-1;1420e-2;3549e-1;683e-2
2016-05-10;13:05:00;1800e0;12678292e0;4045e0;43599e0;982e-2;1004e-2;994e-2;3417e-1;1447e-2;3541e-1;697e-2
2016-05-10;13:35:00;1800e0;12591103e0;3800e0;43583e0;977e-2;999e-2;989e-2;3395e-1;1448e-2;3533e-1;692e-2
2016-05-10;14:05:00;1800e0;12338109e0;3258e0;41842e0;955e-2;977e-2;967e-2;3393e-1;1423e-2;3513e-1;679e-2
2016-05-10;14:35:00;1800e0;12027746e0;2253e0;40950e0;934e-2;955e-2;945e-2;3400e-1;1367e-2;3488e-1;684e-2
2016-05-10;15:05:00;1800e0;11724532e0;2919e0;39740e0;908e-2;929e-2;919e-2;3402e-1;1285e-2;3456e-1;721e-2
2016-05-10;15:35:00;1800e0;11247418e0;3735e0;37407e0;873e-2;892e-2;882e-2;3427e-1;1177e-2;3429e-1;744e-2
2016-05-10;16:05:00;1800e0;10575760e0;2290e0;36336e0;821e-2;839e-2;830e-2;3442e-1;1053e-2;3395e-1;757e-2
2016-05-10;16:35:00;1800e0;9650405e0;2664e0;32628e0;754e-2;771e-2;762e-2;3465e-1;900e-2;3387e-1;749e-2
2016-05-10;17:05:00;1800e0;8074024e0;3002e0;26863e0;630e-2;646e-2;637e-2;3488e-1;694e-2;3381e-1;686e-2
2016-05-10;17:35:00;1800e0;7350000e0;1194e0;25867e0;576e-2;591e-2;582e-2;3535e-1;557e-2;3423e-1;688e-2
2016-05-10;18:05:00;1800e0;6088768e0;1616e0;21004e0;478e-2;492e-2;482e-2;3547e-1;395e-2;3429e-1;638e-2
2016-05-10;18:35:00;1800e0;4651273e0;449e0;16177e0;367e-2;378e-2;370e-2;3543e-1;246e-2;3473e-1;539e-2
2016-05-10;19:05:00;1799e0;3804585e0;712e0;13123e0;297e-2;307e-2;300e-2;3567e-1;156e-2;3500e-1;486e-2
2016-05-10;19:35:00;1800e0;2850089e0;284e0;10125e0;225e-2;232e-2;227e-2;3524e-1;94e-2;3529e-1;387e-2
2016-05-10;20:05:00;1800e0;1901960e0;226e0;6373e0;153e-2;156e-2;156e-2;3448e-1;64e-2;3519e-1;262e-2
2016-05-10;20:35:00;1800e0;842461e0;105e0;2949e0;79e-2;70e-2;84e-2;3276e-1;35e-2;3479e-1;115e-2
2016-05-10;21:05:00;1800e0;93483e0;8e0;220e0;22e-2;8e-2;16e-2;3205e-1;13e-2;3247e-1;18e-2
2016-05-11;06:05:00;1800e0;646758e0;105e0;2190e0;67e-2;56e-2;73e-2;3442e-1;29e-2;3561e-1;84e-2
2016-05-11;06:35:00;1800e0;1625292e0;266e0;5660e0;135e-2;136e-2;137e-2;3598e-1;61e-2;3684e-1;205e-2
2016-05-11;07:05:00;1800e0;3157338e0;249e0;11311e0;250e-2;260e-2;253e-2;3707e-1;106e-2;3634e-1;409e-2
2016-05-11;07:35:00;1800e0;4465852e0;793e0;15252e0;349e-2;362e-2;352e-2;3749e-1;176e-2;3555e-1;559e-2
2016-05-11;08:05:00;1800e0;5563415e0;1106e0;19420e0;436e-2;449e-2;440e-2;3676e-1;280e-2;3514e-1;641e-2
2016-05-11;08:35:00;1800e0;6686778e0;1659e0;22784e0;527e-2;540e-2;532e-2;3652e-1;410e-2;3505e-1;694e-2
2016-05-11;09:05:00;1800e0;7777488e0;1605e0;26920e0;609e-2;624e-2;615e-2;3650e-1;567e-2;3552e-1;701e-2
2016-05-11;09:35:00;1800e0;6707599e0;1624e0;23117e0;527e-2;539e-2;532e-2;3617e-1;548e-2;3578e-1;546e-2
2016-05-11;10:05:00;1800e0;11027229e0;3184e0;37251e0;853e-2;870e-2;862e-2;3573e-1;988e-2;3501e-1;835e-2
2016-05-11;10:35:00;1800e0;11504644e0;2345e0;39558e0;892e-2;909e-2;901e-2;3532e-1;1107e-2;3478e-1;810e-2
2016-05-11;11:05:00;1800e0;12145940e0;3618e0;41100e0;940e-2;957e-2;950e-2;3478e-1;1240e-2;3476e-1;802e-2
2016-05-11;11:35:00;1800e0;12356864e0;3459e0;42256e0;961e-2;979e-2;971e-2;3474e-1;1316e-2;3517e-1;753e-2
2016-05-11;12:05:00;1800e0;10023392e0;2595e0;34299e0;779e-2;795e-2;786e-2;3542e-1;1062e-2;3604e-1;582e-2
2016-05-11;12:35:00;1800e0;12144124e0;2999e0;41641e0;949e-2;966e-2;959e-2;3495e-1;1323e-2;3592e-1;689e-2
2016-05-11;13:05:00;1800e0;13380415e0;3498e0;45597e0;1048e-2;1067e-2;1059e-2;3446e-1;1495e-2;3584e-1;743e-2
2016-05-11;13:35:00;1800e0;13237113e0;4516e0;44286e0;1030e-2;1049e-2;1041e-2;3447e-1;1483e-2;3582e-1;730e-2
2016-05-11;14:05:00;1800e0;12916465e0;3652e0;44392e0;1001e-2;1019e-2;1011e-2;3456e-1;1449e-2;3575e-1;708e-2
2016-05-11;14:35:00;1800e0;12617871e0;4163e0;42942e0;974e-2;992e-2;984e-2;3477e-1;1387e-2;3568e-1;713e-2
2016-05-11;15:05:00;1800e0;12247608e0;2591e0;42480e0;942e-2;960e-2;952e-2;3510e-1;1293e-2;3573e-1;732e-2
2016-05-11;15:35:00;1800e0;11658106e0;2939e0;39504e0;897e-2;915e-2;907e-2;3536e-1;1177e-2;3565e-1;743e-2
2016-05-11;16:05:00;1800e0;10969838e0;2232e0;37791e0;849e-2;866e-2;857e-2;3556e-1;1052e-2;3539e-1;755e-2
2016-05-11;16:35:00;1800e0;10125436e0;2497e0;34648e0;792e-2;808e-2;799e-2;3588e-1;904e-2;3549e-1;756e-2
2016-05-11;17:05:00;1800e0;9112861e0;2100e0;31323e0;713e-2;729e-2;719e-2;3618e-1;742e-2;3546e-1;749e-2
2016-05-11;17:35:00;1800e0;7988413e0;2138e0;27171e0;625e-2;640e-2;631e-2;3652e-1;572e-2;3565e-1;729e-2
2016-05-11;18:05:00;1800e0;6682320e0;1984e0;22531e0;523e-2;536e-2;527e-2;3660e-1;400e-2;3598e-1;683e-2
2016-05-11;18:35:00;1800e0;5434182e0;945e0;18854e0;423e-2;434e-2;426e-2;3658e-1;261e-2;3618e-1;619e-2
2016-05-11;19:05:00;1800e0;4225528e0;649e0;14722e0;328e-2;338e-2;331e-2;3678e-1;156e-2;3650e-1;526e-2
2016-05-11;19:35:00;1800e0;3176517e0;502e0;10985e0;248e-2;255e-2;251e-2;3615e-1;93e-2;3669e-1;421e-2
2016-05-11;20:05:00;1800e0;2197343e0;317e0;7695e0;175e-2;178e-2;177e-2;3549e-1;64e-2;3664e-1;295e-2
2016-05-11;20:35:00;1800e0;1038749e0;159e0;3731e0;93e-2;87e-2;98e-2;3381e-1;37e-2;3596e-1;139e-2
2016-05-11;21:05:00;1800e0;128349e0;12e0;335e0;26e-2;14e-2;20e-2;3244e-1;13e-2;3321e-1;23e-2
2016-05-12;05:35:01;1800e0;437708e0;68e0;1721e0;62e-2;48e-2;69e-2;3480e-1;21e-2;3599e-1;76e-2
2016-05-12;06:05:01;1800e0;1533574e0;165e0;5426e0;127e-2;128e-2;131e-2;3579e-1;45e-2;3746e-1;202e-2
2016-05-12;06:35:01;1800e0;2633004e0;280e0;9093e0;209e-2;216e-2;212e-2;3696e-1;71e-2;3796e-1;344e-2
2016-05-12;07:05:01;1800e0;3597485e0;576e0;12600e0;284e-2;294e-2;287e-2;3746e-1;99e-2;3753e-1;469e-2
2016-05-12;07:35:01;1800e0;4666068e0;739e0;16187e0;367e-2;379e-2;371e-2;3840e-1;162e-2;3690e-1;579e-2
2016-05-12;08:05:01;1800e0;5862988e0;1654e0;20226e0;460e-2;474e-2;465e-2;3790e-1;272e-2;3665e-1;662e-2
2016-05-12;08:35:01;1800e0;7060642e0;1893e0;24313e0;551e-2;565e-2;556e-2;3758e-1;407e-2;3623e-1;723e-2
2016-05-12;09:05:01;1800e0;8431003e0;2436e0;28426e0;658e-2;673e-2;664e-2;3756e-1;578e-2;3621e-1;765e-2
2016-05-12;09:35:01;1800e0;9681042e0;2455e0;32923e0;755e-2;771e-2;762e-2;3712e-1;762e-2;3596e-1;790e-2
2016-05-12;10:05:01;1800e0;10702848e0;3192e0;35909e0;834e-2;852e-2;844e-2;3657e-1;937e-2;3562e-1;797e-2
2016-05-12;10:35:01;1800e0;11573097e0;3222e0;39028e0;901e-2;919e-2;911e-2;3611e-1;1093e-2;3558e-1;793e-2
2016-05-12;11:05:01;1800e0;12384478e0;3431e0;42183e0;963e-2;981e-2;973e-2;3570e-1;1243e-2;3561e-1;786e-2
2016-05-12;11:35:01;1800e0;12622541e0;2949e0;44298e0;979e-2;997e-2;990e-2;3549e-1;1336e-2;3572e-1;736e-2
2016-05-12;12:05:01;1800e0;12763387e0;3536e0;43840e0;991e-2;1010e-2;1002e-2;3522e-1;1416e-2;3620e-1;681e-2
2016-05-12;12:35:01;1800e0;13061433e0;3199e0;44540e0;1015e-2;1033e-2;1026e-2;3495e-1;1475e-2;3647e-1;677e-2
2016-05-12;13:05:01;1800e0;13314913e0;3206e0;45892e0;1035e-2;1053e-2;1046e-2;3483e-1;1506e-2;3646e-1;693e-2
2016-05-12;13:35:01;1800e0;13236534e0;3296e0;45539e0;1024e-2;1043e-2;1036e-2;3478e-1;1501e-2;3643e-1;687e-2
2016-05-12;14:05:01;1800e0;12992247e0;3510e0;44423e0;1003e-2;1021e-2;1014e-2;3488e-1;1473e-2;3639e-1;673e-2
2016-05-12;14:35:01;1800e0;12686882e0;3096e0;44577e0;981e-2;1000e-2;992e-2;3489e-1;1417e-2;3602e-1;684e-2
2016-05-12;15:05:01;1800e0;12437842e0;2054e0;44343e0;968e-2;989e-2;980e-2;3495e-1;1333e-2;3569e-1;731e-2
2016-05-12;15:35:01;1800e0;11926346e0;2614e0;39945e0;935e-2;957e-2;947e-2;3510e-1;1223e-2;3526e-1;762e-2
2016-05-12;16:05:01;1800e0;11235973e0;2994e0;37871e0;871e-2;891e-2;881e-2;3534e-1;1088e-2;3511e-1;777e-2
2016-05-12;16:35:01;1800e0;10371477e0;2872e0;34880e0;809e-2;829e-2;819e-2;3571e-1;935e-2;3503e-1;781e-2
2016-05-12;17:05:01;1800e0;9344589e0;3233e0;30953e0;731e-2;749e-2;739e-2;3612e-1;764e-2;3515e-1;773e-2
2016-05-12;17:35:01;1800e0;8107629e0;2200e0;27536e0;635e-2;652e-2;642e-2;3635e-1;584e-2;3516e-1;750e-2
2016-05-12;18:05:01;1800e0;6757503e0;1829e0;23034e0;530e-2;546e-2;535e-2;3647e-1;407e-2;3518e-1;708e-2
2016-05-12;18:35:01;1800e0;5513061e0;916e0;19087e0;427e-2;441e-2;431e-2;3651e-1;264e-2;3544e-1;645e-2
2016-05-12;19:05:01;1800e0;4321447e0;594e0;15197e0;335e-2;347e-2;339e-2;3688e-1;155e-2;3563e-1;557e-2
2016-05-12;19:35:01;1800e0;3344789e0;434e0;11846e0;262e-2;271e-2;264e-2;3628e-1;92e-2;3611e-1;457e-2
2016-05-12;20:05:01;1800e0;2392499e0;332e0;8280e0;190e-2;196e-2;193e-2;3559e-1;65e-2;3607e-1;332e-2
2016-05-12;20:35:01;1800e0;1265245e0;199e0;4381e0;108e-2;106e-2;112e-2;3427e-1;39e-2;3636e-1;172e-2
2016-05-12;21:05:01;1800e0;179020e0;24e0;609e0;31e-2;19e-2;27e-2;3282e-1;14e-2;3358e-1;34e-2
2016-05-13;05:35:01;1800e0;726559e0;81e0;2857e0;73e-2;63e-2;75e-2;3537e-1;23e-2;3694e-1;100e-2
2016-05-13;06:05:01;1800e0;1917544e0;299e0;6455e0;155e-2;160e-2;158e-2;3693e-1;48e-2;3783e-1;256e-2
2016-05-13;06:35:01;1800e0;2910436e0;404e0;10231e0;231e-2;240e-2;234e-2;3752e-1;71e-2;3725e-1;394e-2
2016-05-13;07:05:01;1800e0;3747791e0;596e0;13075e0;296e-2;308e-2;300e-2;3802e-1;96e-2;3636e-1;512e-2
2016-05-13;07:35:01;1800e0;4668279e0;684e0;16152e0;362e-2;377e-2;368e-2;3857e-1;158e-2;3518e-1;614e-2
2016-05-13;08:05:01;1800e0;5788815e0;1422e0;19997e0;449e-2;466e-2;456e-2;3752e-1;273e-2;3482e-1;689e-2
2016-05-13;08:35:01;1800e0;6934404e0;1515e0;24142e0;542e-2;559e-2;549e-2;3713e-1;408e-2;3468e-1;741e-2
2016-05-13;09:05:01;1800e0;8145782e0;1487e0;28248e0;640e-2;659e-2;648e-2;3668e-1;579e-2;3424e-1;778e-2
2016-05-13;09:35:01;1800e0;9297598e0;2198e0;32054e0;729e-2;749e-2;738e-2;3602e-1;763e-2;3405e-1;795e-2
2016-05-13;10:05:01;1800e0;10267811e0;2461e0;35152e0;809e-2;829e-2;819e-2;3545e-1;935e-2;3416e-1;791e-2
2016-05-13;10:35:01;1800e0;11039748e0;3183e0;37269e0;859e-2;880e-2;870e-2;3490e-1;1086e-2;3421e-1;782e-2
2016-05-13;11:05:01;1800e0;11615542e0;3138e0;39315e0;903e-2;924e-2;914e-2;3442e-1;1215e-2;3426e-1;763e-2
2016-05-13;11:35:01;1800e0;11988524e0;3021e0;39872e0;942e-2;964e-2;953e-2;3412e-1;1319e-2;3464e-1;725e-2
2016-05-13;12:05:01;1800e0;12103443e0;2439e0;40799e0;952e-2;973e-2;963e-2;3369e-1;1399e-2;3503e-1;674e-2
2016-05-13;12:35:01;1800e0;12358464e0;2395e0;42889e0;973e-2;994e-2;985e-2;3347e-1;1447e-2;3552e-1;669e-2
2016-05-13;13:05:01;1800e0;12537277e0;3637e0;42879e0;986e-2;1008e-2;998e-2;3357e-1;1458e-2;3568e-1;683e-2
2016-05-13;13:35:01;1800e0;12801809e0;3654e0;43875e0;995e-2;1017e-2;1008e-2;3354e-1;1489e-2;3563e-1;698e-2
2016-05-13;14:05:01;1800e0;12184716e0;2488e0;41825e0;944e-2;965e-2;956e-2;3371e-1;1411e-2;3554e-1;665e-2
2016-05-13;14:35:01;1800e0;12193690e0;3548e0;40496e0;945e-2;964e-2;955e-2;3378e-1;1386e-2;3530e-1;691e-2
2016-05-13;15:05:01;1800e0;12027096e0;3182e0;40643e0;941e-2;960e-2;952e-2;3392e-1;1309e-2;3491e-1;741e-2
2016-05-13;15:35:01;1800e0;10127364e0;2354e0;34585e0;787e-2;806e-2;796e-2;3461e-1;1039e-2;3507e-1;665e-2
2016-05-13;16:05:01;1800e0;10990227e0;2867e0;37449e0;853e-2;873e-2;863e-2;3462e-1;1079e-2;3464e-1;778e-2
2016-05-13;16:35:01;1800e0;9861387e0;2176e0;34160e0;767e-2;785e-2;775e-2;3512e-1;899e-2;3470e-1;754e-2
2016-05-13;17:05:01;1800e0;9015198e0;1986e0;31128e0;699e-2;717e-2;707e-2;3554e-1;753e-2;3480e-1;749e-2
2016-05-13;17:35:01;1800e0;7327357e0;1907e0;25194e0;567e-2;583e-2;572e-2;3589e-1;551e-2;3530e-1;658e-2
2016-05-13;18:05:01;1800e0;5671626e0;1183e0;19238e0;439e-2;453e-2;444e-2;3635e-1;373e-2;3603e-1;549e-2
2016-05-13;18:35:01;1800e0;4332393e0;1046e0;15124e0;339e-2;350e-2;343e-2;3628e-1;258e-2;3612e-1;447e-2
2016-05-13;19:05:01;1800e0;4515313e0;710e0;15734e0;353e-2;364e-2;356e-2;3642e-1;230e-2;3615e-1;504e-2
2016-05-13;19:35:01;1800e0;3023389e0;404e0;10670e0;238e-2;245e-2;241e-2;3619e-1;145e-2;3612e-1;350e-2
2016-05-13;20:05:01;1800e0;2298194e0;368e0;7855e0;182e-2;186e-2;185e-2;3568e-1;117e-2;3579e-1;264e-2
2016-05-13;20:35:01;1800e0;1047724e0;147e0;3707e0;93e-2;87e-2;98e-2;3427e-1;48e-2;3571e-1;130e-2
2016-05-13;21:05:01;1800e0;176561e0;23e0;485e0;30e-2;16e-2;28e-2;3227e-1;14e-2;3334e-1;26e-2
2016-05-14;05:35:01;1800e0;325654e0;80e0;1047e0;50e-2;31e-2;52e-2;3422e-1;30e-2;3446e-1;32e-2
2016-05-14;06:05:01;1800e0;1369347e0;209e0;4730e0;116e-2;116e-2;120e-2;3627e-1;64e-2;3716e-1;159e-2
2016-05-14;06:35:01;1800e0;2721208e0;296e0;9520e0;217e-2;225e-2;220e-2;3719e-1;84e-2;3742e-1;349e-2
2016-05-14;07:05:01;1800e0;2552851e0;454e0;8893e0;205e-2;211e-2;207e-2;3717e-1;107e-2;3690e-1;303e-2
2016-05-14;07:35:01;1800e0;3641324e0;472e0;12595e0;291e-2;298e-2;294e-2;3754e-1;171e-2;3672e-1;410e-2
2016-05-14;08:05:01;1800e0;4084542e0;771e0;13952e0;324e-2;333e-2;327e-2;3702e-1;265e-2;3585e-1;399e-2
2016-05-14;08:35:01;1800e0;5992422e0;1233e0;20769e0;468e-2;482e-2;474e-2;3735e-1;399e-2;3638e-1;558e-2
2016-05-14;09:05:01;1800e0;5125264e0;1082e0;17639e0;402e-2;414e-2;406e-2;3692e-1;405e-2;3616e-1;422e-2
2016-05-14;09:35:01;1800e0;5753785e0;1284e0;19670e0;449e-2;461e-2;453e-2;3715e-1;472e-2;3686e-1;439e-2
2016-05-14;10:05:01;1800e0;4123710e0;805e0;14111e0;322e-2;333e-2;325e-2;3716e-1;370e-2;3714e-1;282e-2
2016-05-14;10:35:01;1800e0;4789754e0;877e0;16435e0;373e-2;386e-2;377e-2;3729e-1;436e-2;3726e-1;317e-2
2016-05-14;11:05:01;1800e0;5516115e0;992e0;19172e0;429e-2;443e-2;434e-2;3711e-1;508e-2;3712e-1;363e-2
2016-05-14;11:35:01;1800e0;8203478e0;2220e0;28108e0;637e-2;654e-2;644e-2;3678e-1;785e-2;3706e-1;515e-2
2016-05-14;12:05:01;1800e0;9592228e0;2879e0;32475e0;743e-2;761e-2;752e-2;3617e-1;969e-2;3659e-1;575e-2
2016-05-14;12:35:01;1800e0;9174189e0;2452e0;31340e0;711e-2;727e-2;718e-2;3590e-1;946e-2;3648e-1;539e-2
2016-05-14;13:05:01;1800e0;12080779e0;3199e0;41151e0;933e-2;951e-2;943e-2;3495e-1;1322e-2;3624e-1;671e-2
2016-05-14;13:35:01;1800e0;13804535e0;4175e0;46550e0;1063e-2;1083e-2;1075e-2;3442e-1;1530e-2;3614e-1;772e-2
2016-05-14;14:05:01;1800e0;9751481e0;2226e0;33532e0;752e-2;769e-2;761e-2;3536e-1;1027e-2;3623e-1;570e-2
2016-05-14;14:35:01;1800e0;6300905e0;1549e0;21310e0;491e-2;505e-2;496e-2;3647e-1;602e-2;3669e-1;405e-2
2016-05-14;15:05:02;1800e0;6882421e0;1424e0;23648e0;536e-2;550e-2;541e-2;3657e-1;656e-2;3667e-1;442e-2
2016-05-14;15:35:01;1800e0;5297642e0;1083e0;18230e0;412e-2;424e-2;416e-2;3694e-1;483e-2;3699e-1;356e-2
2016-05-14;16:05:02;1800e0;5487964e0;1303e0;18577e0;427e-2;440e-2;431e-2;3692e-1;492e-2;3680e-1;380e-2
2016-05-14;16:35:02;1800e0;9216918e0;1898e0;31726e0;714e-2;730e-2;722e-2;3668e-1;806e-2;3644e-1;668e-2
2016-05-14;17:05:02;1800e0;9974860e0;2307e0;34250e0;771e-2;789e-2;779e-2;3679e-1;798e-2;3592e-1;808e-2
2016-05-14;17:35:02;1800e0;7287023e0;1859e0;24810e0;566e-2;581e-2;572e-2;3713e-1;526e-2;3635e-1;635e-2
2016-05-14;18:05:02;1800e0;6325359e0;1663e0;21363e0;491e-2;505e-2;496e-2;3726e-1;419e-2;3660e-1;586e-2
2016-05-14;18:35:02;1800e0;5840165e0;1486e0;20194e0;453e-2;467e-2;457e-2;3747e-1;291e-2;3677e-1;639e-2
2016-05-14;19:05:02;1800e0;4046097e0;613e0;13959e0;315e-2;326e-2;319e-2;3721e-1;191e-2;3679e-1;454e-2
2016-05-14;19:35:02;1800e0;1563145e0;166e0;5582e0;130e-2;130e-2;133e-2;3608e-1;106e-2;3605e-1;151e-2
2016-05-14;20:05:02;1800e0;637600e0;80e0;2531e0;67e-2;56e-2;72e-2;3491e-1;56e-2;3483e-1;57e-2
2016-05-14;20:35:02;1800e0;221316e0;12e0;443e0;39e-2;20e-2;36e-2;3336e-1;25e-2;3280e-1;21e-2
2016-05-15;06:05:02;1800e0;368979e0;37e0;1625e0;51e-2;33e-2;54e-2;3477e-1;38e-2;3453e-1;32e-2
2016-05-15;06:35:02;1800e0;584558e0;51e0;1833e0;63e-2;52e-2;70e-2;3538e-1;59e-2;3506e-1;44e-2
2016-05-15;07:05:02;1800e0;569434e0;65e0;2003e0;63e-2;51e-2;68e-2;3530e-1;57e-2;3511e-1;44e-2
2016-05-15;07:35:02;1800e0;904047e0;136e0;3184e0;84e-2;78e-2;88e-2;3593e-1;85e-2;3587e-1;69e-2
2016-05-15;08:05:02;1800e0;1781170e0;254e0;6199e0;146e-2;149e-2;149e-2;3698e-1;159e-2;3699e-1;127e-2
2016-05-15;08:35:02;1800e0;3214350e0;442e0;11486e0;255e-2;265e-2;258e-2;3743e-1;269e-2;3751e-1;238e-2
2016-05-15;09:05:02;1800e0;2126743e0;265e0;7427e0;172e-2;178e-2;174e-2;3711e-1;194e-2;3690e-1;147e-2
2016-05-15;09:35:02;1800e0;2320793e0;336e0;7785e0;187e-2;193e-2;189e-2;3708e-1;213e-2;3700e-1;157e-2
2016-05-15;10:05:02;1800e0;3941119e0;690e0;13543e0;313e-2;323e-2;316e-2;3737e-1;355e-2;3747e-1;263e-2
2016-05-15;10:35:02;1800e0;3682870e0;632e0;12716e0;293e-2;304e-2;296e-2;3723e-1;333e-2;3725e-1;249e-2
2016-05-15;11:05:02;1800e0;3676920e0;535e0;12798e0;292e-2;303e-2;295e-2;3727e-1;330e-2;3726e-1;251e-2
2016-05-15;11:35:02;1800e0;8492931e0;1835e0;29307e0;662e-2;678e-2;669e-2;3680e-1;824e-2;3716e-1;527e-2
2016-05-15;12:05:02;1800e0;7063337e0;1588e0;24180e0;549e-2;564e-2;555e-2;3611e-1;689e-2;3670e-1;448e-2
2016-05-15;12:35:02;1800e0;6578773e0;1741e0;22311e0;511e-2;524e-2;516e-2;3668e-1;640e-2;3698e-1;407e-2
2016-05-15;13:05:02;1800e0;3812760e0;551e0;13315e0;297e-2;307e-2;300e-2;3667e-1;342e-2;3696e-1;268e-2
2016-05-15;13:35:02;1800e0;4707444e0;878e0;16134e0;365e-2;377e-2;368e-2;3693e-1;436e-2;3713e-1;310e-2
2016-05-15;14:05:02;1800e0;3272012e0;359e0;11582e0;254e-2;264e-2;257e-2;3689e-1;295e-2;3691e-1;227e-2
2016-05-15;14:35:02;1800e0;4228567e0;767e0;14610e0;332e-2;344e-2;335e-2;3694e-1;388e-2;3714e-1;284e-2
2016-05-15;15:05:02;1800e0;2627513e0;454e0;8871e0;209e-2;216e-2;211e-2;3680e-1;240e-2;3675e-1;182e-2
2016-05-15;15:35:02;1800e0;5592035e0;987e0;19407e0;437e-2;450e-2;441e-2;3725e-1;507e-2;3715e-1;375e-2
2016-05-15;16:05:02;1800e0;3610734e0;694e0;12438e0;284e-2;293e-2;287e-2;3683e-1;326e-2;3676e-1;250e-2
2016-05-15;16:35:02;1800e0;4142395e0;807e0;14422e0;326e-2;337e-2;329e-2;3703e-1;371e-2;3693e-1;287e-2
2016-05-15;17:05:02;1800e0;2123368e0;393e0;7240e0;171e-2;176e-2;174e-2;3653e-1;195e-2;3634e-1;150e-2
2016-05-15;17:35:02;1800e0;1324922e0;195e0;4361e0;112e-2;112e-2;116e-2;3608e-1;125e-2;3572e-1;95e-2
2016-05-15;18:05:02;1800e0;1373132e0;118e0;4695e0;117e-2;117e-2;120e-2;3615e-1;131e-2;3594e-1;97e-2
2016-05-15;18:35:02;1800e0;1035630e0;149e0;3521e0;93e-2;89e-2;96e-2;3585e-1;101e-2;3557e-1;73e-2
2016-05-15;19:05:02;1800e0;804849e0;144e0;2825e0;78e-2;71e-2;82e-2;3553e-1;79e-2;3530e-1;60e-2
2016-05-15;19:35:02;1800e0;871691e0;111e0;3191e0;82e-2;76e-2;85e-2;3566e-1;85e-2;3552e-1;65e-2
2016-05-15;20:05:02;1800e0;596943e0;84e0;2103e0;65e-2;52e-2;70e-2;3498e-1;60e-2;3462e-1;47e-2
2016-05-15;20:35:02;1800e0;181776e0;12e0;474e0;42e-2;16e-2;35e-2;3331e-1;23e-2;3271e-1;18e-2
2016-05-15;21:05:02;1800e0;34589e0;2e0;97e0;0e-2;7e-2;0e-2;3289e-1;8e-2;3224e-1;7e-2
2016-05-16;06:05:02;1800e0;469260e0;93e0;1469e0;57e-2;43e-2;64e-2;3493e-1;49e-2;3473e-1;38e-2
2016-05-16;06:35:02;1800e0;1192900e0;123e0;4369e0;103e-2;102e-2;107e-2;3604e-1;90e-2;3655e-1;108e-2
2016-05-16;07:05:02;1800e0;1823359e0;212e0;6346e0;148e-2;153e-2;151e-2;3697e-1;148e-2;3709e-1;148e-2
2016-05-16;07:35:02;1800e0;2384496e0;329e0;8383e0;188e-2;197e-2;191e-2;3716e-1;189e-2;3740e-1;192e-2
2016-05-16;08:05:02;1800e0;3715584e0;721e0;12789e0;289e-2;301e-2;292e-2;3745e-1;273e-2;3755e-1;314e-2
2016-05-16;08:35:02;1800e0;4100759e0;813e0;14158e0;319e-2;331e-2;323e-2;3753e-1;327e-2;3764e-1;317e-2
2016-05-16;09:05:02;1800e0;5200652e0;809e0;17918e0;403e-2;417e-2;408e-2;3758e-1;425e-2;3761e-1;389e-2
2016-05-16;09:35:02;1800e0;5666464e0;859e0;19581e0;438e-2;453e-2;443e-2;3750e-1;484e-2;3753e-1;404e-2
2016-05-16;10:05:02;1800e0;5403264e0;841e0;19077e0;418e-2;432e-2;423e-2;3747e-1;475e-2;3762e-1;371e-2
2016-05-16;10:35:02;1800e0;9945024e0;2408e0;34095e0;765e-2;784e-2;774e-2;3706e-1;911e-2;3706e-1;664e-2
2016-05-16;11:05:02;1800e0;11611599e0;3732e0;39111e0;892e-2;911e-2;902e-2;3670e-1;1109e-2;3668e-1;742e-2
2016-05-16;11:35:02;1800e0;10715942e0;2380e0;37053e0;823e-2;842e-2;832e-2;3673e-1;1045e-2;3685e-1;659e-2
2016-05-16;12:05:02;1800e0;7787987e0;1433e0;27388e0;597e-2;613e-2;603e-2;3720e-1;743e-2;3728e-1;482e-2
2016-05-16;12:35:02;1800e0;9237933e0;2478e0;31595e0;705e-2;723e-2;713e-2;3716e-1;898e-2;3726e-1;555e-2
2016-05-16;13:05:02;1800e0;8740231e0;2916e0;29216e0;669e-2;686e-2;677e-2;3722e-1;840e-2;3732e-1;534e-2
2016-05-16;13:35:02;1800e0;8962133e0;2487e0;30568e0;692e-2;709e-2;700e-2;3720e-1;868e-2;3730e-1;541e-2
2016-05-16;14:05:02;1800e0;12064543e0;3184e0;41356e0;933e-2;953e-2;944e-2;3653e-1;1231e-2;3707e-1;691e-2
2016-05-16;14:35:02;1800e0;10248460e0;2548e0;35234e0;796e-2;814e-2;804e-2;3679e-1;1003e-2;3707e-1;623e-2
2016-05-16;15:05:02;1800e0;5519161e0;1087e0;19256e0;429e-2;443e-2;434e-2;3736e-1;500e-2;3728e-1;368e-2
2016-05-16;15:35:02;1800e0;3560650e0;701e0;12532e0;279e-2;289e-2;282e-2;3728e-1;320e-2;3718e-1;245e-2
2016-05-16;16:05:02;1800e0;3350262e0;419e0;11849e0;262e-2;272e-2;265e-2;3729e-1;306e-2;3710e-1;225e-2
2016-05-16;16:35:02;1800e0;1892889e0;207e0;6514e0;152e-2;157e-2;155e-2;3675e-1;176e-2;3647e-1;132e-2
2016-05-16;17:05:02;1800e0;1490635e0;218e0;5017e0;123e-2;125e-2;126e-2;3657e-1;139e-2;3614e-1;107e-2
2016-05-16;17:35:02;1800e0;1643966e0;255e0;5777e0;134e-2;138e-2;138e-2;3670e-1;155e-2;3638e-1;115e-2
2016-05-16;18:05:02;1800e0;1252584e0;169e0;4301e0;107e-2;107e-2;110e-2;3609e-1;120e-2;3584e-1;90e-2
2016-05-16;18:35:02;1800e0;1089340e0;87e0;3923e0;96e-2;94e-2;99e-2;3595e-1;105e-2;3572e-1;80e-2
2016-05-16;19:05:02;1800e0;1352268e0;138e0;4669e0;114e-2;115e-2;116e-2;3635e-1;130e-2;3580e-1;96e-2
2016-05-16;19:35:02;1800e0;603341e0;87e0;2061e0;65e-2;55e-2;70e-2;3509e-1;63e-2;3463e-1;46e-2
2016-05-16;20:05:02;1800e0;354921e0;35e0;752e0;52e-2;33e-2;58e-2;3425e-1;40e-2;3385e-1;29e-2
2016-05-16;20:35:02;1800e0;157942e0;12e0;250e0;33e-2;14e-2;24e-2;3294e-1;22e-2;3209e-1;15e-2
2016-05-17;06:05:03;1800e0;59480e0;6e0;225e0;5e-2;9e-2;0e-2;3391e-1;13e-2;3314e-1;8e-2
2016-05-17;06:35:03;1800e0;224734e0;24e0;558e0;39e-2;21e-2;37e-2;3367e-1;26e-2;3315e-1;20e-2
2016-05-17;07:05:03;1800e0;765465e0;74e0;2766e0;74e-2;67e-2;79e-2;3566e-1;76e-2;3533e-1;56e-2
2016-05-17;07:35:03;1800e0;1256810e0;128e0;4131e0;108e-2;108e-2;111e-2;3647e-1;120e-2;3603e-1;89e-2
2016-05-17;08:05:03;1800e0;1580354e0;199e0;5433e0;130e-2;134e-2;133e-2;3698e-1;149e-2;3645e-1;109e-2
2016-05-17;08:35:03;1800e0;1944934e0;314e0;6483e0;155e-2;161e-2;158e-2;3709e-1;181e-2;3688e-1;133e-2
2016-05-17;09:05:03;1800e0;2414786e0;471e0;8096e0;190e-2;199e-2;193e-2;3724e-1;222e-2;3711e-1;163e-2
2016-05-17;09:35:03;1800e0;3059846e0;547e0;10517e0;240e-2;250e-2;243e-2;3745e-1;279e-2;3732e-1;205e-2
2016-05-17;10:05:03;1800e0;3253500e0;565e0;11395e0;256e-2;268e-2;260e-2;3739e-1;297e-2;3721e-1;218e-2
2016-05-17;10:35:03;1800e0;4012302e0;883e0;13775e0;314e-2;327e-2;318e-2;3741e-1;365e-2;3741e-1;267e-2
2016-05-17;11:05:03;1800e0;6358084e0;1670e0;21627e0;495e-2;510e-2;501e-2;3737e-1;581e-2;3755e-1;414e-2
2016-05-17;11:35:03;1800e0;4507861e0;450e0;15859e0;350e-2;364e-2;354e-2;3730e-1;406e-2;3732e-1;304e-2
2016-05-17;12:05:03;1800e0;8772927e0;2228e0;30010e0;679e-2;697e-2;688e-2;3680e-1;860e-2;3721e-1;530e-2
2016-05-17;12:35:03;1800e0;8655888e0;2030e0;29604e0;674e-2;691e-2;682e-2;3627e-1;879e-2;3694e-1;512e-2
2016-05-17;13:05:03;1800e0;11752449e0;2783e0;40472e0;915e-2;935e-2;926e-2;3605e-1;1224e-2;3703e-1;665e-2
2016-05-17;13:35:03;1800e0;10085798e0;2705e0;34252e0;785e-2;804e-2;795e-2;3585e-1;1059e-2;3691e-1;571e-2
2016-05-17;14:05:03;1800e0;14465341e0;4289e0;48894e0;1124e-2;1146e-2;1138e-2;3500e-1;1589e-2;3674e-1;787e-2
2016-05-17;14:35:03;1800e0;13347421e0;3319e0;45668e0;1043e-2;1064e-2;1055e-2;3478e-1;1455e-2;3644e-1;751e-2
2016-05-17;15:05:03;1800e0;11852724e0;3759e0;39590e0;923e-2;943e-2;934e-2;3553e-1;1225e-2;3636e-1;708e-2
2016-05-17;15:35:03;1800e0;11505839e0;2929e0;39412e0;890e-2;909e-2;901e-2;3559e-1;1140e-2;3616e-1;736e-2
2016-05-17;16:05:03;1800e0;10403439e0;2982e0;35145e0;805e-2;823e-2;814e-2;3609e-1;972e-2;3617e-1;711e-2
2016-05-17;16:35:03;1800e0;8353888e0;2018e0;28820e0;648e-2;663e-2;655e-2;3637e-1;738e-2;3629e-1;606e-2
2016-05-17;17:05:03;1800e0;9747535e0;1909e0;33775e0;758e-2;775e-2;766e-2;3651e-1;799e-2;3599e-1;775e-2
2016-05-17;17:35:03;1800e0;4862743e0;1080e0;16777e0;378e-2;390e-2;383e-2;3675e-1;394e-2;3640e-1;389e-2
2016-05-17;18:05:03;1800e0;6729234e0;1217e0;23498e0;521e-2;536e-2;526e-2;3703e-1;431e-2;3664e-1;643e-2
2016-05-17;18:35:03;1800e0;4586676e0;1275e0;15745e0;360e-2;371e-2;364e-2;3681e-1;264e-2;3644e-1;472e-2
2016-05-17;19:05:03;1800e0;2682085e0;434e0;8965e0;214e-2;220e-2;217e-2;3642e-1;156e-2;3629e-1;277e-2
2016-05-17;19:35:03;1800e0;1697539e0;270e0;5741e0;138e-2;140e-2;141e-2;3590e-1;106e-2;3616e-1;174e-2
2016-05-17;20:05:03;1800e0;980143e0;137e0;3607e0;88e-2;83e-2;92e-2;3526e-1;59e-2;3575e-1;108e-2
2016-05-17;20:35:03;1800e0;377893e0;29e0;1107e0;53e-2;33e-2;59e-2;3413e-1;37e-2;3403e-1;36e-2
2016-05-17;21:05:03;1800e0;58069e0;0e0;131e0;17e-2;8e-2;9e-2;3373e-1;15e-2;3301e-1;11e-2
2016-05-18;06:35:03;1800e0;231635e0;12e0;767e0;43e-2;19e-2;43e-2;3377e-1;28e-2;3311e-1;21e-2
2016-05-18;07:05:03;1800e0;464553e0;25e0;1470e0;57e-2;42e-2;63e-2;3478e-1;51e-2;3437e-1;38e-2
2016-05-18;07:35:03;1800e0;606771e0;68e0;2364e0;64e-2;55e-2;69e-2;3519e-1;64e-2;3470e-1;47e-2
2016-05-18;08:05:03;1800e0;872681e0;80e0;3071e0;80e-2;76e-2;84e-2;3566e-1;87e-2;3533e-1;64e-2
2016-05-18;08:35:03;1800e0;1378603e0;130e0;4575e0;115e-2;118e-2;118e-2;3647e-1;133e-2;3594e-1;98e-2
2016-05-18;09:05:03;1800e0;1695843e0;243e0;5832e0;137e-2;142e-2;140e-2;3667e-1;160e-2;3632e-1;120e-2
2016-05-18;09:35:03;1800e0;2320679e0;402e0;7761e0;186e-2;194e-2;188e-2;3690e-1;216e-2;3675e-1;160e-2
2016-05-18;10:05:03;1800e0;3481555e0;389e0;12396e0;276e-2;289e-2;280e-2;3707e-1;322e-2;3697e-1;236e-2
2016-05-18;10:35:03;1800e0;3996381e0;582e0;13888e0;311e-2;325e-2;315e-2;3699e-1;369e-2;3699e-1;270e-2
2016-05-18;11:05:03;1800e0;4660459e0;749e0;16043e0;363e-2;379e-2;369e-2;3693e-1;429e-2;3697e-1;314e-2
2016-05-18;11:35:03;1800e0;4107285e0;775e0;14103e0;322e-2;336e-2;326e-2;3677e-1;375e-2;3689e-1;285e-2
2016-05-18;12:05:03;1800e0;3547815e0;626e0;12168e0;278e-2;291e-2;282e-2;3680e-1;324e-2;3677e-1;248e-2
2016-05-18;12:35:03;1800e0;4131835e0;712e0;14140e0;325e-2;338e-2;328e-2;3693e-1;383e-2;3685e-1;279e-2
2016-05-18;13:05:03;1800e0;4586154e0;869e0;15658e0;361e-2;376e-2;366e-2;3695e-1;426e-2;3689e-1;306e-2
2016-05-18;13:35:03;1800e0;5769059e0;1183e0;19837e0;455e-2;471e-2;461e-2;3692e-1;543e-2;3700e-1;376e-2
2016-05-18;14:05:03;1800e0;12315196e0;2599e0;42639e0;967e-2;989e-2;980e-2;3445e-1;1352e-2;3615e-1;707e-2
2016-05-18;14:35:03;1800e0;8631762e0;2423e0;29449e0;676e-2;696e-2;686e-2;3574e-1;869e-2;3637e-1;540e-2
2016-05-18;15:05:03;1800e0;11584427e0;3062e0;39243e0;905e-2;926e-2;916e-2;3432e-1;1224e-2;3538e-1;732e-2
2016-05-18;15:35:03;1800e0;10282943e0;2445e0;35306e0;801e-2;820e-2;811e-2;3562e-1;997e-2;3607e-1;692e-2
2016-05-18;16:05:03;1800e0;8633342e0;2203e0;29327e0;671e-2;688e-2;678e-2;3590e-1;814e-2;3605e-1;600e-2
2016-05-18;16:35:03;1800e0;6032099e0;1349e0;20822e0;475e-2;490e-2;480e-2;3670e-1;548e-2;3666e-1;419e-2
2016-05-18;17:05:03;1800e0;4724675e0;550e0;16162e0;372e-2;386e-2;376e-2;3669e-1;426e-2;3661e-1;333e-2
2016-05-18;17:35:03;1800e0;4446162e0;721e0;15299e0;350e-2;363e-2;353e-2;3676e-1;386e-2;3661e-1;329e-2
2016-05-18;18:05:03;1800e0;6219044e0;1323e0;21484e0;490e-2;505e-2;495e-2;3670e-1;442e-2;3626e-1;562e-2
2016-05-18;18:35:03;1800e0;2990009e0;704e0;10203e0;237e-2;246e-2;239e-2;3647e-1;235e-2;3614e-1;254e-2
2016-05-18;19:05:03;1800e0;2520540e0;346e0;8769e0;200e-2;208e-2;202e-2;3630e-1;191e-2;3631e-1;222e-2
2016-05-18;19:35:03;1800e0;2880603e0;604e0;9765e0;227e-2;235e-2;229e-2;3660e-1;127e-2;3663e-1;341e-2
2016-05-18;20:05:03;1800e0;2186147e0;249e0;7486e0;174e-2;180e-2;176e-2;3600e-1;80e-2;3610e-1;283e-2
2016-05-18;20:35:03;1800e0;1157584e0;137e0;3918e0;100e-2;97e-2;104e-2;3488e-1;48e-2;3602e-1;149e-2
2016-05-18;21:05:03;1800e0;247202e0;62e0;671e0;37e-2;21e-2;36e-2;3270e-1;19e-2;3375e-1;32e-2
2016-05-19;05:35:03;1800e0;179414e0;18e0;620e0;37e-2;17e-2;33e-2;3381e-1;22e-2;3349e-1;19e-2
2016-05-19;06:05:03;1800e0;448285e0;35e0;1442e0;56e-2;41e-2;62e-2;3481e-1;45e-2;3470e-1;40e-2
2016-05-19;06:35:03;1800e0;981543e0;156e0;3418e0;89e-2;84e-2;93e-2;3583e-1;85e-2;3581e-1;83e-2
2016-05-19;07:05:03;1800e0;2873855e0;325e0;10224e0;228e-2;237e-2;230e-2;3751e-1;163e-2;3762e-1;293e-2
2016-05-19;07:35:03;1800e0;3471569e0;738e0;11768e0;275e-2;287e-2;278e-2;3727e-1;230e-2;3732e-1;322e-2
2016-05-19;08:05:03;1800e0;2794655e0;385e0;9697e0;221e-2;231e-2;224e-2;3686e-1;232e-2;3695e-1;218e-2
2016-05-19;08:35:03;1800e0;2561421e0;458e0;8821e0;202e-2;211e-2;205e-2;3678e-1;232e-2;3670e-1;183e-2
2016-05-19;09:05:03;1800e0;3132081e0;654e0;10784e0;245e-2;256e-2;248e-2;3702e-1;283e-2;3678e-1;221e-2
2016-05-19;09:35:03;1800e0;3736606e0;276e0;13348e0;291e-2;305e-2;295e-2;3704e-1;338e-2;3693e-1;260e-2
2016-05-19;10:05:03;1800e0;3995388e0;592e0;13843e0;311e-2;325e-2;315e-2;3703e-1;359e-2;3695e-1;280e-2
2016-05-19;10:35:03;1800e0;5279082e0;968e0;18147e0;410e-2;425e-2;415e-2;3702e-1;481e-2;3698e-1;359e-2
2016-05-19;11:05:03;1800e0;7843519e0;2194e0;26627e0;608e-2;627e-2;616e-2;3670e-1;733e-2;3702e-1;517e-2
2016-05-19;11:35:03;1800e0;10128035e0;3018e0;34004e0;787e-2;808e-2;798e-2;3602e-1;992e-2;3661e-1;645e-2
2016-05-19;12:05:03;1800e0;11887079e0;3236e0;40322e0;923e-2;944e-2;935e-2;3555e-1;1219e-2;3628e-1;723e-2
2016-05-19;12:35:03;1800e0;12377765e0;3222e0;41942e0;959e-2;980e-2;971e-2;3527e-1;1306e-2;3617e-1;728e-2
2016-05-19;13:05:03;1800e0;12358624e0;3886e0;41778e0;963e-2;985e-2;975e-2;3489e-1;1329e-2;3606e-1;718e-2
2016-05-19;13:35:03;1800e0;12755055e0;3935e0;42632e0;994e-2;1017e-2;1007e-2;3462e-1;1404e-2;3596e-1;724e-2
2016-05-19;14:05:03;1800e0;12882724e0;3614e0;44311e0;1008e-2;1031e-2;1021e-2;3421e-1;1457e-2;3568e-1;714e-2
2016-05-19;14:35:03;1800e0;12503592e0;3374e0;43789e0;978e-2;1001e-2;992e-2;3396e-1;1405e-2;3536e-1;720e-2
2016-05-19;15:05:03;1800e0;9739168e0;2450e0;33441e0;760e-2;779e-2;770e-2;3463e-1;1027e-2;3529e-1;609e-2
2016-05-19;15:35:03;1800e0;9750777e0;3001e0;32898e0;761e-2;778e-2;769e-2;3496e-1;980e-2;3531e-1;648e-2
2016-05-19;16:05:03;1800e0;7984333e0;2010e0;27005e0;622e-2;638e-2;629e-2;3523e-1;762e-2;3511e-1;567e-2
2016-05-19;16:35:03;1800e0;5902749e0;1352e0;20052e0;461e-2;475e-2;466e-2;3578e-1;528e-2;3560e-1;442e-2
2016-05-19;17:05:03;1800e0;5101389e0;1175e0;17609e0;400e-2;414e-2;404e-2;3603e-1;426e-2;3587e-1;407e-2
2016-05-19;17:35:03;1800e0;8050765e0;2312e0;27131e0;632e-2;650e-2;639e-2;3579e-1;639e-2;3516e-1;694e-2
2016-05-19;18:05:03;1800e0;7200264e0;1964e0;24259e0;566e-2;583e-2;572e-2;3585e-1;508e-2;3524e-1;685e-2
2016-05-19;18:35:03;1800e0;4102235e0;708e0;14195e0;325e-2;336e-2;328e-2;3592e-1;259e-2;3569e-1;419e-2
2016-05-19;19:05:03;1800e0;2269768e0;488e0;7528e0;183e-2;188e-2;185e-2;3568e-1;157e-2;3572e-1;221e-2
2016-05-19;19:35:03;1800e0;1906877e0;221e0;6519e0;154e-2;156e-2;156e-2;3571e-1;126e-2;3581e-1;192e-2
2016-05-19;20:05:03;1800e0;1410298e0;161e0;4982e0;118e-2;116e-2;122e-2;3498e-1;84e-2;3512e-1;157e-2
2016-05-19;20:35:03;1800e0;478845e0;124e0;1471e0;57e-2;40e-2;64e-2;3358e-1;40e-2;3384e-1;52e-2
2016-05-19;21:05:03;1800e0;126467e0;6e0;296e0;21e-2;9e-2;19e-2;3183e-1;15e-2;3221e-1;18e-2
2016-05-20;06:05:04;1800e0;306152e0;30e0;1148e0;48e-2;29e-2;50e-2;3402e-1;34e-2;3355e-1;26e-2
2016-05-20;06:35:04;1800e0;605328e0;74e0;2260e0;65e-2;53e-2;70e-2;3491e-1;60e-2;3468e-1;49e-2
2016-05-20;07:05:04;1800e0;731501e0;94e0;2499e0;73e-2;63e-2;77e-2;3500e-1;70e-2;3493e-1;58e-2
2016-05-20;07:35:04;1800e0;901397e0;138e0;2962e0;84e-2;78e-2;87e-2;3530e-1;90e-2;3497e-1;67e-2
2016-05-20;08:05:04;1800e0;1179826e0;132e0;3982e0;101e-2;102e-2;105e-2;3570e-1;111e-2;3558e-1;90e-2
2016-05-20;08:35:04;1800e0;1461953e0;167e0;4976e0;120e-2;124e-2;123e-2;3618e-1;140e-2;3575e-1;106e-2
2016-05-20;09:05:04;1800e0;789835e0;74e0;2662e0;75e-2;68e-2;79e-2;3513e-1;77e-2;3486e-1;63e-2
2016-05-20;09:35:04;1800e0;1245138e0;144e0;4192e0;107e-2;106e-2;111e-2;3570e-1;121e-2;3531e-1;90e-2
2016-05-20;10:05:04;1800e0;3507163e0;481e0;12235e0;274e-2;285e-2;278e-2;3666e-1;323e-2;3666e-1;239e-2
2016-05-20;10:35:04;1800e0;3497955e0;421e0;12172e0;274e-2;286e-2;278e-2;3656e-1;327e-2;3647e-1;237e-2
2016-05-20;11:05:04;1800e0;6305910e0;1726e0;21353e0;491e-2;508e-2;497e-2;3624e-1;589e-2;3659e-1;429e-2
2016-05-20;11:35:04;1800e0;6211063e0;1339e0;21191e0;484e-2;500e-2;490e-2;3619e-1;593e-2;3638e-1;413e-2
2016-05-20;12:05:04;1800e0;6004909e0;1248e0;20924e0;467e-2;483e-2;472e-2;3618e-1;565e-2;3626e-1;408e-2
2016-05-20;12:35:04;1800e0;3116574e0;361e0;10745e0;244e-2;253e-2;246e-2;3607e-1;286e-2;3598e-1;225e-2
2016-05-20;13:05:04;1800e0;4849843e0;1127e0;16427e0;375e-2;389e-2;379e-2;3654e-1;459e-2;3641e-1;321e-2
2016-05-20;13:35:04;1800e0;9785641e0;2360e0;33415e0;755e-2;774e-2;763e-2;3586e-1;1000e-2;3632e-1;590e-2
2016-05-20;14:05:04;1800e0;12482001e0;2652e0;43120e0;965e-2;985e-2;976e-2;3525e-1;1321e-2;3615e-1;729e-2
2016-05-20;14:35:04;1800e0;9107944e0;2136e0;31142e0;706e-2;723e-2;714e-2;3575e-1;923e-2;3612e-1;564e-2
2016-05-20;15:05:04;1800e0;3413130e0;444e0;11982e0;265e-2;275e-2;268e-2;3625e-1;313e-2;3609e-1;243e-2
2016-05-20;15:35:04;1800e0;5000934e0;1022e0;17233e0;386e-2;399e-2;390e-2;3657e-1;464e-2;3640e-1;339e-2
2016-05-20;16:05:04;1800e0;4846881e0;932e0;16603e0;374e-2;387e-2;378e-2;3644e-1;446e-2;3633e-1;336e-2
2016-05-20;16:35:04;1800e0;2772689e0;564e0;9262e0;218e-2;226e-2;221e-2;3587e-1;257e-2;3574e-1;199e-2
2016-05-20;17:05:04;1800e0;3008014e0;432e0;10397e0;235e-2;243e-2;237e-2;3628e-1;273e-2;3605e-1;216e-2
2016-05-20;17:35:04;1800e0;4353517e0;1045e0;14799e0;339e-2;349e-2;343e-2;3622e-1;382e-2;3606e-1;322e-2
2016-05-20;18:05:04;1800e0;3277659e0;531e0;11538e0;255e-2;262e-2;258e-2;3609e-1;262e-2;3592e-1;270e-2
2016-05-20;18:35:04;1800e0;2018196e0;275e0;7037e0;161e-2;165e-2;163e-2;3589e-1;186e-2;3568e-1;149e-2
2016-05-20;19:05:04;1800e0;1848187e0;263e0;6451e0;150e-2;152e-2;152e-2;3582e-1;155e-2;3552e-1;152e-2
2016-05-20;19:35:04;1800e0;778310e0;75e0;2697e0;76e-2;67e-2;81e-2;3452e-1;77e-2;3424e-1;60e-2
2016-05-20;20:05:04;1800e0;847881e0;99e0;3068e0;80e-2;73e-2;84e-2;3469e-1;72e-2;3484e-1;78e-2
2016-05-20;20:35:04;1800e0;947903e0;130e0;3405e0;87e-2;81e-2;91e-2;3430e-1;51e-2;3552e-1;112e-2
2016-05-20;21:05:04;1800e0;278837e0;37e0;723e0;45e-2;22e-2;43e-2;3267e-1;25e-2;3342e-1;31e-2
2016-05-21;05:35:04;1800e0;125823e0;0e0;235e0;21e-2;10e-2;15e-2;3230e-1;16e-2;3214e-1;13e-2
2016-05-21;06:05:04;1800e0;208870e0;28e0;440e0;44e-2;18e-2;45e-2;3303e-1;25e-2;3257e-1;20e-2
2016-05-21;06:35:04;1800e0;490213e0;97e0;1622e0;58e-2;42e-2;66e-2;3434e-1;50e-2;3413e-1;39e-2
2016-05-21;07:05:04;1800e0;1060806e0;116e0;3914e0;94e-2;88e-2;99e-2;3557e-1;100e-2;3532e-1;79e-2
2016-05-21;07:35:04;1800e0;1578890e0;137e0;5414e0;131e-2;131e-2;134e-2;3609e-1;142e-2;3593e-1;119e-2
2016-05-21;08:05:04;1800e0;1719686e0;296e0;5726e0;140e-2;142e-2;143e-2;3630e-1;154e-2;3602e-1;130e-2
2016-05-21;08:35:04;1800e0;2864902e0;395e0;9877e0;227e-2;234e-2;230e-2;3656e-1;255e-2;3640e-1;207e-2
2016-05-21;09:05:04;1800e0;1758091e0;200e0;6168e0;146e-2;145e-2;149e-2;3570e-1;163e-2;3538e-1;127e-2
2016-05-21;09:35:04;1800e0;3221082e0;687e0;10937e0;256e-2;262e-2;258e-2;3659e-1;291e-2;3638e-1;227e-2
2016-05-21;10:05:04;1800e0;6178744e0;1517e0;21064e0;484e-2;495e-2;488e-2;3681e-1;547e-2;3677e-1;437e-2
2016-05-21;10:35:04;1800e0;8345558e0;2244e0;28316e0;650e-2;664e-2;657e-2;3617e-1;770e-2;3605e-1;581e-2
2016-05-21;11:05:04;1800e0;10117038e0;2593e0;34874e0;788e-2;803e-2;796e-2;3596e-1;975e-2;3606e-1;668e-2
2016-05-21;11:35:04;1800e0;11036449e0;3268e0;37497e0;858e-2;874e-2;866e-2;3565e-1;1099e-2;3599e-1;703e-2
2016-05-21;12:05:04;1800e0;8592711e0;2034e0;29638e0;668e-2;683e-2;674e-2;3620e-1;829e-2;3628e-1;558e-2
2016-05-21;12:35:04;1800e0;10202589e0;2892e0;34511e0;793e-2;809e-2;801e-2;3590e-1;1020e-2;3619e-1;636e-2
2016-05-21;13:05:04;1800e0;8751945e0;2543e0;29667e0;679e-2;694e-2;685e-2;3608e-1;859e-2;3631e-1;557e-2
2016-05-21;13:35:04;1800e0;7073370e0;2001e0;24142e0;549e-2;563e-2;554e-2;3642e-1;671e-2;3642e-1;466e-2
2016-05-21;14:05:04;1800e0;9156378e0;2482e0;31155e0;709e-2;725e-2;716e-2;3626e-1;901e-2;3642e-1;575e-2
2016-05-21;14:35:04;1800e0;8933216e0;2234e0;30673e0;695e-2;710e-2;702e-2;3608e-1;880e-2;3628e-1;565e-2
2016-05-21;15:05:04;1800e0;10956791e0;3517e0;36632e0;850e-2;867e-2;858e-2;3556e-1;1095e-2;3610e-1;695e-2
2016-05-21;15:35:04;1800e0;11211570e0;3191e0;38118e0;868e-2;885e-2;877e-2;3542e-1;1101e-2;3596e-1;738e-2
2016-05-21;16:05:04;1800e0;10622119e0;2686e0;35933e0;824e-2;841e-2;832e-2;3573e-1;999e-2;3589e-1;737e-2
2016-05-21;16:35:04;1800e0;10538905e0;2595e0;35847e0;817e-2;834e-2;825e-2;3575e-1;940e-2;3529e-1;796e-2
2016-05-21;17:05:04;1800e0;5937334e0;1516e0;20375e0;461e-2;474e-2;466e-2;3655e-1;493e-2;3615e-1;462e-2
2016-05-21;17:35:04;1800e0;4372564e0;864e0;15138e0;341e-2;352e-2;344e-2;3654e-1;365e-2;3595e-1;344e-2
2016-05-21;18:05:04;1800e0;3422280e0;411e0;12207e0;268e-2;276e-2;270e-2;3640e-1;284e-2;3593e-1;274e-2
2016-05-21;18:35:04;1800e0;2386552e0;293e0;8148e0;190e-2;194e-2;192e-2;3598e-1;197e-2;3550e-1;197e-2
2016-05-21;19:05:04;1800e0;1221704e0;136e0;4406e0;105e-2;102e-2;109e-2;3524e-1;116e-2;3465e-1;94e-2
2016-05-21;19:35:04;1800e0;1329371e0;157e0;4624e0;112e-2;109e-2;116e-2;3501e-1;125e-2;3492e-1;103e-2
2016-05-21;20:05:04;1800e0;419442e0;67e0;1243e0;55e-2;35e-2;59e-2;3326e-1;44e-2;3276e-1;36e-2
2016-05-21;20:35:04;1800e0;196002e0;18e0;346e0;43e-2;13e-2;39e-2;3218e-1;24e-2;3165e-1;19e-2
2016-05-21;21:05:04;1800e0;43821e0;4e0;74e0;11e-2;6e-2;1e-2;3276e-1;13e-2;3214e-1;10e-2
2016-05-22;05:35:04;1800e0;94059e0;12e0;687e0;21e-2;10e-2;20e-2;3340e-1;18e-2;3263e-1;14e-2
2016-05-22;06:05:04;1800e0;528382e0;56e0;1763e0;60e-2;45e-2;68e-2;3395e-1;47e-2;3425e-1;49e-2
2016-05-22;06:35:04;1800e0;1824646e0;182e0;6178e0;150e-2;151e-2;153e-2;3582e-1;90e-2;3675e-1;207e-2
2016-05-22;07:05:04;1800e0;3242197e0;612e0;11340e0;258e-2;265e-2;260e-2;3693e-1;128e-2;3676e-1;394e-2
2016-05-22;07:35:04;1800e0;4370456e0;315e0;15472e0;345e-2;354e-2;347e-2;3723e-1;187e-2;3600e-1;523e-2
2016-05-22;08:05:04;1800e0;5553908e0;998e0;19184e0;432e-2;443e-2;435e-2;3661e-1;295e-2;3541e-1;618e-2
2016-05-22;08:35:04;1800e0;6718002e0;1702e0;23034e0;524e-2;536e-2;528e-2;3633e-1;415e-2;3504e-1;695e-2
2016-05-22;09:05:05;1800e0;7116485e0;1758e0;24191e0;558e-2;571e-2;563e-2;3617e-1;524e-2;3517e-1;648e-2
2016-05-22;09:35:04;1800e0;7776193e0;2616e0;25751e0;608e-2;623e-2;614e-2;3575e-1;652e-2;3524e-1;633e-2
2016-05-22;10:05:05;1800e0;9894538e0;2835e0;33259e0;773e-2;790e-2;781e-2;3556e-1;884e-2;3500e-1;757e-2
2016-05-22;10:35:04;1800e0;10033777e0;1899e0;34817e0;775e-2;793e-2;784e-2;3508e-1;962e-2;3504e-1;712e-2
2016-05-22;11:05:04;1800e0;8616784e0;2047e0;29430e0;665e-2;681e-2;672e-2;3525e-1;851e-2;3559e-1;574e-2
2016-05-22;11:35:05;1800e0;11603503e0;3382e0;39609e0;890e-2;909e-2;900e-2;3474e-1;1228e-2;3533e-1;712e-2
2016-05-22;12:05:05;1800e0;12142785e0;3136e0;40712e0;932e-2;951e-2;942e-2;3443e-1;1363e-2;3540e-1;676e-2
2016-05-22;12:35:05;1800e0;12486869e0;3051e0;43704e0;957e-2;977e-2;968e-2;3436e-1;1424e-2;3573e-1;671e-2
2016-05-22;13:05:05;1800e0;12301969e0;3826e0;41616e0;940e-2;960e-2;951e-2;3447e-1;1375e-2;3553e-1;687e-2
2016-05-22;13:35:05;1800e0;10552745e0;2280e0;36490e0;808e-2;827e-2;817e-2;3494e-1;1137e-2;3552e-1;617e-2
2016-05-22;14:05:05;1800e0;10979680e0;2493e0;37535e0;839e-2;858e-2;849e-2;3483e-1;1182e-2;3542e-1;649e-2
2016-05-22;14:35:05;1800e0;10680023e0;2904e0;36422e0;815e-2;833e-2;823e-2;3485e-1;1138e-2;3521e-1;646e-2
2016-05-22;15:05:05;1800e0;10171221e0;2438e0;35111e0;774e-2;793e-2;783e-2;3521e-1;1035e-2;3537e-1;651e-2
2016-05-22;15:35:04;1800e0;10720972e0;2690e0;36717e0;817e-2;836e-2;826e-2;3516e-1;1064e-2;3526e-1;716e-2
2016-05-22;16:05:05;1800e0;9614873e0;2297e0;32932e0;733e-2;751e-2;742e-2;3526e-1;917e-2;3524e-1;678e-2
2016-05-22;16:35:05;1800e0;9799992e0;2938e0;33005e0;749e-2;767e-2;758e-2;3547e-1;891e-2;3486e-1;738e-2
2016-05-22;17:05:05;1800e0;9033666e0;1860e0;31485e0;691e-2;708e-2;699e-2;3574e-1;763e-2;3479e-1;737e-2
2016-05-22;17:35:05;1800e0;6456601e0;1848e0;22111e0;496e-2;511e-2;502e-2;3610e-1;516e-2;3546e-1;543e-2
2016-05-22;18:05:05;1800e0;6732591e0;1495e0;23206e0;522e-2;537e-2;527e-2;3627e-1;466e-2;3533e-1;641e-2
2016-05-22;18:35:05;1800e0;5051721e0;890e0;17896e0;393e-2;405e-2;397e-2;3623e-1;286e-2;3535e-1;548e-2
2016-05-22;19:05:05;1800e0;4055774e0;645e0;14134e0;317e-2;327e-2;320e-2;3603e-1;188e-2;3545e-1;484e-2
2016-05-22;19:35:05;1800e0;2996115e0;545e0;10423e0;236e-2;243e-2;238e-2;3545e-1;114e-2;3556e-1;385e-2
2016-05-22;20:05:05;1800e0;2219326e0;196e0;7451e0;177e-2;182e-2;180e-2;3498e-1;90e-2;3544e-1;284e-2
2016-05-22;20:35:05;1799e0;1088768e0;134e0;3731e0;97e-2;91e-2;101e-2;3386e-1;59e-2;3466e-1;131e-2
2016-05-22;21:05:05;1800e0;304527e0;33e0;1037e0;41e-2;27e-2;43e-2;3150e-1;19e-2;3303e-1;42e-2
2016-05-23;05:05:05;1800e0;59148e0;6e0;841e0;21e-2;9e-2;4e-2;3314e-1;10e-2;3341e-1;16e-2
2016-05-23;05:35:05;1800e0;126425e0;6e0;258e0;22e-2;11e-2;15e-2;3152e-1;12e-2;3196e-1;18e-2
2016-05-23;06:05:05;1800e0;460340e0;81e0;1326e0;56e-2;41e-2;63e-2;3339e-1;35e-2;3406e-1;52e-2
2016-05-23;06:35:05;1800e0;781919e0;94e0;2951e0;76e-2;67e-2;81e-2;3458e-1;74e-2;3438e-1;66e-2
2016-05-23;07:05:05;1800e0;1466691e0;131e0;5022e0;122e-2;122e-2;125e-2;3563e-1;126e-2;3558e-1;123e-2
2016-05-23;07:35:05;1800e0;2921091e0;337e0;10007e0;230e-2;240e-2;234e-2;3622e-1;215e-2;3652e-1;262e-2
2016-05-23;08:05:05;1800e0;5378557e0;1124e0;18625e0;423e-2;438e-2;429e-2;3632e-1;334e-2;3574e-1;552e-2
2016-05-23;08:35:05;1800e0;6346422e0;1768e0;21770e0;497e-2;513e-2;503e-2;3603e-1;403e-2;3453e-1;664e-2
2016-05-23;09:05:05;1800e0;7639373e0;1618e0;26562e0;596e-2;613e-2;603e-2;3591e-1;560e-2;3405e-1;730e-2
2016-05-23;09:35:05;1800e0;8219427e0;2385e0;27624e0;641e-2;658e-2;648e-2;3515e-1;697e-2;3370e-1;706e-2
2016-05-23;10:05:05;1800e0;7271087e0;2180e0;24224e0;567e-2;583e-2;573e-2;3498e-1;671e-2;3478e-1;553e-2
2016-05-23;10:35:05;1800e0;6054574e0;1367e0;20510e0;471e-2;484e-2;476e-2;3481e-1;581e-2;3493e-1;443e-2
2016-05-23;11:05:05;1800e0;4708892e0;951e0;16235e0;366e-2;377e-2;369e-2;3522e-1;442e-2;3533e-1;344e-2
2016-05-23;11:35:05;1800e0;5631233e0;1410e0;19122e0;436e-2;450e-2;440e-2;3532e-1;550e-2;3542e-1;386e-2
2016-05-23;12:05:05;1800e0;9469912e0;2600e0;32077e0;735e-2;752e-2;743e-2;3385e-1;1013e-2;3474e-1;610e-2
2016-05-23;12:35:05;1800e0;5103380e0;896e0;17577e0;398e-2;409e-2;401e-2;3466e-1;506e-2;3495e-1;360e-2
2016-05-23;13:05:05;1800e0;5324539e0;1194e0;18325e0;416e-2;428e-2;420e-2;3550e-1;521e-2;3544e-1;361e-2
2016-05-23;13:35:05;1800e0;7041541e0;2103e0;23660e0;549e-2;565e-2;555e-2;3489e-1;716e-2;3522e-1;464e-2
2016-05-23;14:05:05;1800e0;10817904e0;2295e0;37413e0;837e-2;856e-2;847e-2;3354e-1;1214e-2;3464e-1;661e-2
2016-05-23;14:35:05;1800e0;11269354e0;2956e0;37740e0;871e-2;890e-2;881e-2;3255e-1;1304e-2;3391e-1;694e-2
2016-05-23;15:05:05;1800e0;11099986e0;2759e0;37782e0;855e-2;874e-2;865e-2;3270e-1;1240e-2;3365e-1;727e-2
2016-05-23;15:35:05;1800e0;9962450e0;2668e0;33650e0;769e-2;787e-2;778e-2;3353e-1;1044e-2;3389e-1;690e-2
2016-05-23;16:05:05;1800e0;6810720e0;1481e0;23616e0;527e-2;539e-2;532e-2;3457e-1;666e-2;3449e-1;491e-2
2016-05-23;16:35:05;1800e0;9114526e0;2617e0;31070e0;706e-2;722e-2;714e-2;3473e-1;842e-2;3421e-1;708e-2
2016-05-23;17:05:05;1800e0;8053471e0;1631e0;27982e0;623e-2;638e-2;629e-2;3529e-1;678e-2;3412e-1;683e-2
2016-05-23;17:35:05;1800e0;7339109e0;2454e0;24617e0;568e-2;582e-2;573e-2;3559e-1;553e-2;3420e-1;686e-2
2016-05-23;18:05:05;1800e0;5756663e0;1703e0;19317e0;446e-2;458e-2;449e-2;3587e-1;375e-2;3441e-1;595e-2
2016-05-23;18:35:05;1800e0;4312110e0;721e0;14896e0;336e-2;345e-2;339e-2;3570e-1;244e-2;3474e-1;481e-2
2016-05-23;19:05:05;1800e0;2820172e0;433e0;9881e0;223e-2;229e-2;225e-2;3541e-1;174e-2;3516e-1;301e-2
2016-05-23;19:35:05;1800e0;2119510e0;219e0;7488e0;170e-2;173e-2;172e-2;3495e-1;143e-2;3475e-1;219e-2
2016-05-23;20:05:05;1800e0;895066e0;87e0;3419e0;82e-2;74e-2;87e-2;3391e-1;78e-2;3386e-1;84e-2
2016-05-23;20:35:05;1800e0;536688e0;65e0;1763e0;60e-2;45e-2;68e-2;3342e-1;50e-2;3334e-1;51e-2
2016-05-23;21:05:05;1800e0;143234e0;8e0;302e0;27e-2;10e-2;21e-2;3137e-1;16e-2;3148e-1;18e-2
2016-05-24;05:35:05;1800e0;287950e0;31e0;864e0;46e-2;24e-2;46e-2;3342e-1;30e-2;3339e-1;29e-2
2016-05-24;06:05:05;1800e0;984039e0;162e0;3549e0;88e-2;82e-2;92e-2;3516e-1;78e-2;3555e-1;92e-2
2016-05-24;06:35:05;1800e0;1448905e0;116e0;5154e0;120e-2;119e-2;123e-2;3565e-1;116e-2;3579e-1;127e-2
2016-05-24;07:05:05;1800e0;2048526e0;189e0;7232e0;165e-2;168e-2;168e-2;3599e-1;149e-2;3605e-1;192e-2
2016-05-24;07:35:05;1800e0;2303015e0;340e0;7939e0;182e-2;189e-2;185e-2;3586e-1;167e-2;3603e-1;216e-2
2016-05-24;08:05:05;1800e0;4044337e0;565e0;14154e0;315e-2;326e-2;318e-2;3608e-1;277e-2;3610e-1;387e-2
2016-05-24;08:35:05;1800e0;5353916e0;1064e0;18511e0;415e-2;428e-2;419e-2;3590e-1;382e-2;3556e-1;502e-2
2016-05-24;09:05:05;1800e0;7119033e0;1255e0;25062e0;555e-2;571e-2;561e-2;3568e-1;558e-2;3486e-1;631e-2
2016-05-24;09:35:05;1800e0;8413432e0;2040e0;28503e0;657e-2;671e-2;663e-2;3554e-1;705e-2;3485e-1;698e-2
2016-05-24;10:05:05;1800e0;9573234e0;2152e0;33195e0;736e-2;753e-2;744e-2;3510e-1;873e-2;3451e-1;739e-2
2016-05-24;10:35:05;1800e0;10348812e0;2354e0;35791e0;799e-2;818e-2;808e-2;3454e-1;1018e-2;3430e-1;744e-2
2016-05-24;11:05:05;1800e0;11030932e0;2450e0;37872e0;850e-2;869e-2;860e-2;3440e-1;1143e-2;3428e-1;737e-2
2016-05-24;11:35:05;1800e0;11512199e0;3024e0;38934e0;887e-2;905e-2;897e-2;3417e-1;1249e-2;3467e-1;712e-2
2016-05-24;12:05:05;1800e0;11894617e0;3274e0;39522e0;913e-2;932e-2;924e-2;3405e-1;1336e-2;3509e-1;685e-2
2016-05-24;12:35:05;1800e0;12025554e0;2666e0;40250e0;930e-2;949e-2;940e-2;3384e-1;1374e-2;3530e-1;674e-2
2016-05-24;13:05:05;1800e0;12287337e0;2985e0;41588e0;953e-2;972e-2;964e-2;3382e-1;1401e-2;3517e-1;694e-2
2016-05-24;13:35:05;1800e0;12424919e0;3874e0;42796e0;962e-2;980e-2;972e-2;3380e-1;1413e-2;3509e-1;707e-2
2016-05-24;14:05:05;1800e0;12677805e0;4269e0;43109e0;980e-2;999e-2;991e-2;3392e-1;1435e-2;3492e-1;727e-2
2016-05-24;14:35:05;1800e0;12270260e0;3559e0;41058e0;952e-2;971e-2;962e-2;3416e-1;1354e-2;3477e-1;732e-2
2016-05-24;15:05:05;1800e0;11666276e0;2915e0;38970e0;903e-2;921e-2;913e-2;3433e-1;1238e-2;3480e-1;739e-2
2016-05-24;15:35:05;1800e0;10475029e0;2900e0;35486e0;809e-2;825e-2;817e-2;3476e-1;1056e-2;3484e-1;706e-2
2016-05-24;16:05:05;1800e0;8332511e0;2344e0;28288e0;642e-2;656e-2;648e-2;3494e-1;806e-2;3473e-1;597e-2
2016-05-24;16:35:05;1800e0;6841993e0;1553e0;23542e0;529e-2;542e-2;534e-2;3569e-1;615e-2;3525e-1;515e-2
2016-05-24;17:05:05;1800e0;6620715e0;1421e0;22742e0;513e-2;526e-2;518e-2;3542e-1;579e-2;3494e-1;525e-2
2016-05-24;17:35:05;1800e0;6019293e0;1638e0;20478e0;466e-2;480e-2;471e-2;3571e-1;469e-2;3510e-1;530e-2
2016-05-24;18:05:05;1800e0;6364537e0;1621e0;22042e0;492e-2;506e-2;497e-2;3603e-1;429e-2;3505e-1;628e-2
2016-05-24;18:35:05;1800e0;5252363e0;989e0;17924e0;406e-2;419e-2;410e-2;3605e-1;298e-2;3504e-1;578e-2
2016-05-24;19:05:05;1800e0;4087692e0;693e0;14215e0;317e-2;328e-2;320e-2;3603e-1;193e-2;3552e-1;486e-2
2016-05-24;19:35:05;1800e0;2993849e0;473e0;10407e0;234e-2;242e-2;237e-2;3563e-1;120e-2;3596e-1;376e-2
2016-05-24;20:05:05;1800e0;2119545e0;236e0;7174e0;168e-2;172e-2;171e-2;3497e-1;84e-2;3583e-1;272e-2
2016-05-24;20:35:05;1800e0;1208093e0;175e0;4227e0;102e-2;99e-2;106e-2;3401e-1;53e-2;3558e-1;155e-2
2016-05-24;21:05:05;1800e0;418804e0;68e0;1376e0;54e-2;33e-2;56e-2;3200e-1;25e-2;3364e-1;56e-2
2016-05-25;05:05:05;1800e0;219059e0;31e0;1192e0;51e-2;29e-2;52e-2;3497e-1;19e-2;3610e-1;50e-2
2016-05-25;05:35:05;1800e0;1174710e0;117e0;4161e0;101e-2;97e-2;106e-2;3554e-1;39e-2;3703e-1;155e-2
2016-05-25;06:05:05;1800e0;2073004e0;195e0;7055e0;167e-2;170e-2;169e-2;3621e-1;62e-2;3698e-1;276e-2
2016-05-25;06:35:05;1800e0;2859285e0;569e0;9865e0;224e-2;231e-2;226e-2;3656e-1;84e-2;3638e-1;385e-2
2016-05-25;07:05:05;1800e0;3595684e0;480e0;12624e0;283e-2;292e-2;285e-2;3670e-1;106e-2;3608e-1;484e-2
2016-05-25;07:35:05;1800e0;4455041e0;479e0;15665e0;348e-2;360e-2;351e-2;3824e-1;159e-2;3515e-1;579e-2
2016-05-25;08:05:05;1800e0;5584394e0;1340e0;19066e0;436e-2;450e-2;441e-2;3763e-1;262e-2;3461e-1;669e-2
2016-05-25;08:35:05;1800e0;6677838e0;1668e0;22834e0;518e-2;533e-2;523e-2;3672e-1;397e-2;3443e-1;719e-2
2016-05-25;09:05:05;1800e0;7759065e0;2179e0;26411e0;605e-2;620e-2;611e-2;3614e-1;557e-2;3397e-1;751e-2
2016-05-25;09:35:05;1800e0;8752216e0;2300e0;29807e0;684e-2;699e-2;691e-2;3525e-1;730e-2;3354e-1;765e-2
2016-05-25;10:05:05;1800e0;9750873e0;2096e0;33767e0;756e-2;774e-2;764e-2;3472e-1;902e-2;3367e-1;769e-2
2016-05-25;10:35:05;1800e0;10526667e0;2445e0;36100e0;815e-2;834e-2;825e-2;3436e-1;1048e-2;3372e-1;762e-2
2016-05-25;11:05:05;1800e0;10993733e0;2432e0;37769e0;849e-2;868e-2;859e-2;3369e-1;1172e-2;3372e-1;739e-2
2016-05-25;11:35:05;1800e0;11289498e0;2486e0;38556e0;871e-2;890e-2;881e-2;3323e-1;1272e-2;3371e-1;707e-2
2016-05-25;12:05:05;1800e0;11492176e0;3071e0;39052e0;886e-2;904e-2;896e-2;3316e-1;1347e-2;3451e-1;653e-2
2016-05-25;12:35:05;1800e0;11586991e0;3583e0;38609e0;907e-2;926e-2;917e-2;3290e-1;1390e-2;3495e-1;631e-2
2016-05-25;13:05:05;1800e0;11851225e0;3235e0;39512e0;922e-2;942e-2;933e-2;3290e-1;1417e-2;3493e-1;650e-2
2016-05-25;13:35:05;1800e0;11834270e0;3123e0;39631e0;919e-2;939e-2;930e-2;3282e-1;1417e-2;3481e-1;653e-2
2016-05-25;14:05:05;1800e0;11588122e0;3122e0;39000e0;897e-2;917e-2;907e-2;3331e-1;1365e-2;3481e-1;642e-2
2016-05-25;14:35:05;1800e0;12088098e0;3267e0;39938e0;934e-2;954e-2;945e-2;3298e-1;1404e-2;3437e-1;712e-2
2016-05-25;15:05:05;1800e0;7463123e0;1986e0;25309e0;576e-2;591e-2;582e-2;3395e-1;798e-2;3464e-1;492e-2
2016-05-25;15:35:05;1800e0;9290887e0;2619e0;31419e0;717e-2;732e-2;724e-2;3468e-1;928e-2;3515e-1;637e-2
2016-05-25;16:05:05;1800e0;10905066e0;3357e0;36715e0;838e-2;855e-2;847e-2;3483e-1;1054e-2;3495e-1;776e-2
2016-05-25;16:35:05;1800e0;8028661e0;1647e0;27714e0;618e-2;633e-2;624e-2;3541e-1;724e-2;3509e-1;610e-2
2016-05-25;17:05:05;1800e0;5129617e0;1429e0;17280e0;396e-2;407e-2;399e-2;3568e-1;455e-2;3549e-1;391e-2
2016-05-25;17:35:05;1800e0;4323539e0;864e0;14920e0;335e-2;345e-2;338e-2;3597e-1;367e-2;3574e-1;342e-2
2016-05-25;18:05:05;1800e0;2916723e0;529e0;10068e0;229e-2;234e-2;231e-2;3560e-1;260e-2;3522e-1;226e-2
2016-05-25;18:35:05;1800e0;2001952e0;233e0;6695e0;161e-2;163e-2;163e-2;3560e-1;179e-2;3528e-1;157e-2
2016-05-25;19:05:05;1800e0;1901289e0;246e0;6491e0;153e-2;155e-2;156e-2;3561e-1;154e-2;3534e-1;165e-2
2016-05-25;19:35:05;1800e0;1168203e0;138e0;4174e0;100e-2;96e-2;104e-2;3488e-1;108e-2;3456e-1;95e-2
2016-05-25;20:05:05;1800e0;402156e0;43e0;1257e0;52e-2;31e-2;62e-2;3324e-1;42e-2;3283e-1;36e-2
2016-05-25;20:35:05;1800e0;308572e0;33e0;824e0;48e-2;22e-2;58e-2;3286e-1;34e-2;3259e-1;29e-2
2016-05-25;21:05:05;1800e0;157606e0;4e0;245e0;39e-2;9e-2;29e-2;3194e-1;20e-2;3158e-1;18e-2
2016-05-26;06:35:06;1800e0;220202e0;12e0;491e0;45e-2;16e-2;49e-2;3335e-1;26e-2;3279e-1;21e-2
2016-05-26;07:05:06;1800e0;438927e0;74e0;1182e0;54e-2;36e-2;62e-2;3431e-1;46e-2;3402e-1;35e-2
2016-05-26;07:35:06;1800e0;580270e0;87e0;2099e0;62e-2;49e-2;68e-2;3488e-1;60e-2;3449e-1;46e-2
2016-05-26;08:05:06;1800e0;748567e0;49e0;2847e0;72e-2;63e-2;77e-2;3528e-1;75e-2;3481e-1;57e-2
2016-05-26;08:35:06;1800e0;1271222e0;138e0;4433e0;106e-2;106e-2;109e-2;3603e-1;120e-2;3563e-1;94e-2
2016-05-26;09:05:06;1800e0;2161389e0;338e0;7485e0;172e-2;177e-2;175e-2;3667e-1;197e-2;3649e-1;154e-2
2016-05-26;09:35:06;1800e0;3573028e0;509e0;12593e0;279e-2;289e-2;282e-2;3692e-1;321e-2;3689e-1;251e-2
2016-05-26;10:05:06;1800e0;4262800e0;657e0;14606e0;333e-2;346e-2;336e-2;3688e-1;383e-2;3690e-1;298e-2
2016-05-26;10:35:06;1800e0;4073089e0;510e0;14295e0;319e-2;330e-2;321e-2;3666e-1;371e-2;3670e-1;283e-2
2016-05-26;11:05:06;1800e0;4657547e0;786e0;15770e0;362e-2;375e-2;364e-2;3671e-1;425e-2;3673e-1;320e-2
2016-05-26;11:35:06;1800e0;6087423e0;912e0;21094e0;475e-2;489e-2;479e-2;3663e-1;576e-2;3674e-1;396e-2
2016-05-26;12:05:06;1800e0;11733767e0;3987e0;39030e0;912e-2;930e-2;921e-2;3462e-1;1259e-2;3581e-1;700e-2
2016-05-26;12:35:06;1800e0;8512356e0;2600e0;28787e0;663e-2;677e-2;668e-2;3565e-1;872e-2;3627e-1;517e-2
2016-05-26;13:05:06;1800e0;11320983e0;3185e0;38183e0;881e-2;899e-2;890e-2;3395e-1;1238e-2;3574e-1;676e-2
2016-05-26;13:35:06;1800e0;11088352e0;2768e0;38166e0;860e-2;877e-2;869e-2;3443e-1;1195e-2;3585e-1;665e-2
2016-05-26;14:05:06;1800e0;10070259e0;3151e0;34080e0;777e-2;793e-2;785e-2;3423e-1;1089e-2;3556e-1;613e-2
2016-05-26;14:35:06;1800e0;13055864e0;3354e0;44565e0;1012e-2;1031e-2;1022e-2;3369e-1;1460e-2;3525e-1;769e-2
2016-05-26;15:05:06;1800e0;12263933e0;3307e0;41803e0;944e-2;961e-2;953e-2;3471e-1;1272e-2;3573e-1;771e-2
2016-05-26;15:35:06;1800e0;11650001e0;3191e0;39873e0;896e-2;913e-2;905e-2;3506e-1;1172e-2;3568e-1;758e-2
2016-05-26;16:05:06;1800e0;11879122e0;3787e0;39854e0;917e-2;934e-2;926e-2;3534e-1;1142e-2;3534e-1;823e-2
2016-05-26;16:35:06;1800e0;10368372e0;2714e0;35133e0;800e-2;816e-2;808e-2;3561e-1;932e-2;3504e-1;783e-2
2016-05-26;17:05:06;1800e0;9268876e0;2261e0;31849e0;717e-2;732e-2;724e-2;3591e-1;762e-2;3479e-1;774e-2
2016-05-26;17:35:06;1800e0;8053486e0;2152e0;27477e0;629e-2;644e-2;635e-2;3653e-1;580e-2;3508e-1;743e-2
2016-05-26;18:05:06;1800e0;6755292e0;1931e0;22938e0;527e-2;541e-2;532e-2;3705e-1;419e-2;3555e-1;679e-2
2016-05-26;18:35:06;1800e0;5571320e0;916e0;19447e0;431e-2;443e-2;435e-2;3682e-1;283e-2;3542e-1;632e-2
2016-05-26;19:05:06;1800e0;3641783e0;487e0;12690e0;285e-2;292e-2;288e-2;3668e-1;164e-2;3550e-1;434e-2
2016-05-26;19:35:06;1800e0;2215607e0;394e0;7719e0;177e-2;180e-2;180e-2;3603e-1;93e-2;3619e-1;270e-2
2016-05-26;20:05:06;1800e0;778246e0;111e0;2900e0;74e-2;64e-2;80e-2;3457e-1;57e-2;3495e-1;80e-2
2016-05-26;20:35:06;1800e0;574120e0;72e0;2064e0;62e-2;48e-2;69e-2;3430e-1;43e-2;3483e-1;60e-2
2016-05-26;21:05:06;1800e0;397572e0;41e0;1357e0;53e-2;33e-2;61e-2;3373e-1;27e-2;3400e-1;49e-2
2016-05-26;21:35:06;1800e0;75983e0;0e0;92e0;22e-2;6e-2;10e-2;3299e-1;11e-2;3365e-1;14e-2
2016-05-27;05:35:06;1800e0;683022e0;76e0;2182e0;72e-2;55e-2;79e-2;3541e-1;33e-2;3617e-1;82e-2
2016-05-27;06:05:06;1800e0;2212518e0;232e0;7640e0;176e-2;180e-2;178e-2;3727e-1;64e-2;3819e-1;285e-2
2016-05-27;06:35:06;1800e0;3051250e0;515e0;10539e0;240e-2;247e-2;242e-2;3738e-1;87e-2;3710e-1;404e-2
2016-05-27;07:05:06;1800e0;3779373e0;652e0;13187e0;295e-2;305e-2;298e-2;3757e-1;108e-2;3613e-1;510e-2
2016-05-27;07:35:06;1800e0;4629643e0;1126e0;15581e0;361e-2;374e-2;364e-2;3931e-1;161e-2;3540e-1;599e-2
2016-05-27;08:05:06;1800e0;5714419e0;1089e0;19970e0;446e-2;461e-2;451e-2;3800e-1;268e-2;3460e-1;683e-2
2016-05-27;08:35:06;1800e0;6825985e0;2002e0;22984e0;528e-2;544e-2;534e-2;3732e-1;403e-2;3441e-1;733e-2
2016-05-27;09:05:06;1800e0;7947345e0;2231e0;27018e0;618e-2;635e-2;625e-2;3654e-1;565e-2;3406e-1;767e-2
2016-05-27;09:35:06;1800e0;9030096e0;2287e0;30751e0;703e-2;720e-2;711e-2;3569e-1;743e-2;3383e-1;784e-2
2016-05-27;10:05:06;1800e0;9955154e0;2923e0;33391e0;778e-2;797e-2;787e-2;3496e-1;913e-2;3369e-1;787e-2
2016-05-27;10:35:06;1800e0;10720385e0;3094e0;36305e0;831e-2;850e-2;840e-2;3446e-1;1060e-2;3388e-1;776e-2
2016-05-27;11:05:06;1800e0;11356607e0;3901e0;37468e0;879e-2;899e-2;889e-2;3401e-1;1194e-2;3379e-1;766e-2
2016-05-27;11:35:06;1800e0;11743523e0;3499e0;39353e0;906e-2;926e-2;916e-2;3370e-1;1300e-2;3426e-1;727e-2
2016-05-27;12:05:06;1800e0;12156415e0;3758e0;40591e0;940e-2;959e-2;950e-2;3327e-1;1404e-2;3485e-1;699e-2
2016-05-27;12:35:06;1800e0;10694653e0;2263e0;37153e0;832e-2;849e-2;842e-2;3322e-1;1224e-2;3515e-1;627e-2
2016-05-27;13:05:06;1800e0;11566466e0;2299e0;40084e0;896e-2;915e-2;907e-2;3341e-1;1298e-2;3527e-1;692e-2
2016-05-27;13:35:06;1800e0;5784014e0;1247e0;19705e0;451e-2;467e-2;456e-2;3484e-1;582e-2;3535e-1;389e-2
2016-05-27;14:05:06;1800e0;9482579e0;2243e0;32315e0;736e-2;755e-2;745e-2;3393e-1;1042e-2;3521e-1;577e-2
2016-05-27;14:35:06;1800e0;6307932e0;1304e0;21815e0;490e-2;505e-2;495e-2;3515e-1;633e-2;3548e-1;417e-2
2016-05-27;15:05:06;1800e0;6349454e0;1804e0;21498e0;494e-2;510e-2;499e-2;3531e-1;616e-2;3555e-1;437e-2
2016-05-27;15:35:06;1800e0;7898874e0;2428e0;26384e0;617e-2;633e-2;624e-2;3503e-1;777e-2;3528e-1;539e-2
2016-05-27;16:05:06;1800e0;6711609e0;1251e0;23429e0;522e-2;536e-2;528e-2;3477e-1;646e-2;3495e-1;490e-2
2016-05-27;16:35:06;1800e0;5736944e0;960e0;19106e0;446e-2;458e-2;450e-2;3561e-1;530e-2;3564e-1;416e-2
2016-05-27;17:05:06;1800e0;4134173e0;960e0;14123e0;322e-2;331e-2;324e-2;3540e-1;386e-2;3536e-1;303e-2
2016-05-27;17:35:06;1800e0;3833700e0;536e0;13265e0;300e-2;308e-2;302e-2;3569e-1;333e-2;3555e-1;303e-2
2016-05-27;18:05:06;1800e0;3554978e0;684e0;12074e0;279e-2;286e-2;282e-2;3547e-1;307e-2;3527e-1;285e-2
2016-05-27;18:35:06;1800e0;1772911e0;213e0;5911e0;143e-2;144e-2;146e-2;3512e-1;156e-2;3531e-1;145e-2
2016-05-27;19:05:06;1800e0;1115927e0;93e0;4113e0;96e-2;91e-2;100e-2;3453e-1;98e-2;3485e-1;96e-2
2016-05-27;19:35:06;1800e0;665992e0;103e0;2253e0;67e-2;54e-2;74e-2;3378e-1;63e-2;3431e-1;59e-2
2016-05-27;20:05:06;1800e0;340892e0;18e0;958e0;49e-2;25e-2;59e-2;3283e-1;36e-2;3332e-1;32e-2
2016-05-27;20:35:06;1800e0;180152e0;0e0;338e0;44e-2;10e-2;38e-2;3214e-1;23e-2;3212e-1;19e-2
2016-05-27;21:05:06;1800e0;92400e0;0e0;230e0;14e-2;5e-2;3e-2;3147e-1;14e-2;3067e-1;12e-2
2016-05-28;05:05:06;1800e0;106288e0;0e0;501e0;41e-2;11e-2;37e-2;3481e-1;17e-2;3517e-1;21e-2
2016-05-28;05:35:06;1800e0;960533e0;118e0;3426e0;87e-2;79e-2;92e-2;3552e-1;39e-2;3670e-1;120e-2
2016-05-28;06:05:06;1800e0;1899959e0;90e0;6241e0;152e-2;155e-2;155e-2;3645e-1;65e-2;3722e-1;241e-2
2016-05-28;06:35:06;1800e0;2729706e0;492e0;9340e0;215e-2;221e-2;217e-2;3685e-1;92e-2;3707e-1;346e-2
2016-05-28;07:05:06;1800e0;3501366e0;606e0;12172e0;274e-2;282e-2;276e-2;3693e-1;118e-2;3666e-1;446e-2
2016-05-28;07:35:06;1800e0;4530971e0;838e0;15498e0;354e-2;363e-2;356e-2;3833e-1;179e-2;3560e-1;559e-2
2016-05-28;08:05:06;1800e0;5608859e0;1181e0;19571e0;437e-2;448e-2;441e-2;3796e-1;282e-2;3532e-1;633e-2
2016-05-28;08:35:06;1800e0;6833551e0;1623e0;23480e0;531e-2;543e-2;535e-2;3730e-1;418e-2;3521e-1;699e-2
2016-05-28;09:05:06;1800e0;6268976e0;1625e0;21239e0;487e-2;500e-2;492e-2;3655e-1;458e-2;3539e-1;569e-2
2016-05-28;09:35:06;1800e0;8584496e0;2425e0;29087e0;661e-2;675e-2;667e-2;3638e-1;692e-2;3552e-1;708e-2
2016-05-28;10:05:06;1800e0;10156449e0;3336e0;33865e0;784e-2;800e-2;792e-2;3582e-1;904e-2;3504e-1;772e-2
2016-05-28;10:35:06;1800e0;11119032e0;3506e0;37010e0;865e-2;883e-2;873e-2;3555e-1;1061e-2;3518e-1;777e-2
2016-05-28;11:05:06;1800e0;11517647e0;3132e0;38881e0;891e-2;908e-2;900e-2;3512e-1;1165e-2;3510e-1;752e-2
2016-05-28;11:35:06;1800e0;12068399e0;3431e0;40902e0;931e-2;949e-2;940e-2;3477e-1;1276e-2;3510e-1;746e-2
2016-05-28;12:05:06;1800e0;11629834e0;3993e0;39499e0;895e-2;913e-2;905e-2;3501e-1;1266e-2;3603e-1;656e-2
2016-05-28;12:35:06;1800e0;12652481e0;3605e0;43610e0;975e-2;994e-2;985e-2;3444e-1;1429e-2;3615e-1;682e-2
2016-05-28;13:05:06;1800e0;13135454e0;2952e0;45348e0;1012e-2;1031e-2;1023e-2;3430e-1;1475e-2;3599e-1;724e-2
2016-05-28;13:35:06;1800e0;11971045e0;3138e0;40765e0;935e-2;952e-2;945e-2;3474e-1;1310e-2;3610e-1;678e-2
2016-05-28;14:05:06;1800e0;9859749e0;3197e0;32937e0;771e-2;787e-2;778e-2;3543e-1;1005e-2;3613e-1;611e-2
2016-05-28;14:35:06;1800e0;7386078e0;1149e0;26061e0;575e-2;590e-2;580e-2;3598e-1;722e-2;3618e-1;477e-2
2016-05-28;15:05:06;1800e0;12514908e0;3528e0;42650e0;970e-2;988e-2;980e-2;3474e-1;1301e-2;3570e-1;784e-2
2016-05-28;15:35:06;1800e0;6406750e0;1277e0;22151e0;496e-2;509e-2;500e-2;3524e-1;624e-2;3555e-1;441e-2
2016-05-28;16:05:07;1800e0;6760556e0;1394e0;22971e0;522e-2;535e-2;526e-2;3558e-1;643e-2;3578e-1;467e-2
2016-05-28;16:35:06;1800e0;4207660e0;726e0;14472e0;325e-2;336e-2;328e-2;3573e-1;385e-2;3569e-1;308e-2
2016-05-28;17:05:06;1800e0;3633523e0;599e0;12548e0;282e-2;290e-2;285e-2;3583e-1;322e-2;3571e-1;273e-2
2016-05-28;17:35:07;1800e0;1682024e0;187e0;5782e0;136e-2;137e-2;139e-2;3536e-1;152e-2;3538e-1;131e-2
2016-05-28;18:05:06;1800e0;2461019e0;344e0;8560e0;194e-2;199e-2;196e-2;3584e-1;221e-2;3574e-1;186e-2
2016-05-28;18:35:07;1800e0;1907088e0;169e0;6460e0;154e-2;157e-2;157e-2;3560e-1;173e-2;3562e-1;145e-2
2016-05-28;19:05:06;1800e0;1759702e0;155e0;6013e0;142e-2;143e-2;146e-2;3536e-1;159e-2;3537e-1;136e-2
2016-05-28;19:35:07;1800e0;1367214e0;150e0;4800e0;113e-2;112e-2;117e-2;3521e-1;114e-2;3520e-1;118e-2
2016-05-28;20:05:07;1800e0;820049e0;90e0;3019e0;77e-2;68e-2;82e-2;3456e-1;71e-2;3430e-1;76e-2
2016-05-28;20:35:07;1800e0;720344e0;80e0;2584e0;71e-2;60e-2;77e-2;3429e-1;61e-2;3457e-1;68e-2
2016-05-28;21:05:07;1800e0;220802e0;16e0;411e0;44e-2;15e-2;43e-2;3239e-1;26e-2;3205e-1;22e-2
2016-05-29;05:05:07;1800e0;92355e0;0e0;358e0;39e-2;11e-2;34e-2;3407e-1;17e-2;3488e-1;20e-2
2016-05-29;05:35:07;1800e0;443187e0;137e0;1409e0;55e-2;37e-2;64e-2;3411e-1;35e-2;3510e-1;46e-2
2016-05-29;06:05:07;1800e0;566467e0;105e0;2155e0;62e-2;48e-2;69e-2;3447e-1;54e-2;3493e-1;48e-2
2016-05-29;06:35:07;1800e0;869502e0;112e0;3168e0;81e-2;73e-2;86e-2;3526e-1;84e-2;3551e-1;67e-2
2016-05-29;07:05:07;1800e0;1137590e0;137e0;3896e0;99e-2;95e-2;103e-2;3557e-1;109e-2;3567e-1;83e-2
2016-05-29;07:35:07;1800e0;1718834e0;168e0;5758e0;141e-2;141e-2;144e-2;3622e-1;136e-2;3660e-1;145e-2
2016-05-29;08:05:07;1800e0;3367191e0;509e0;11728e0;265e-2;272e-2;267e-2;3711e-1;208e-2;3688e-1;329e-2
2016-05-29;08:35:07;1800e0;3425992e0;509e0;12048e0;269e-2;277e-2;272e-2;3656e-1;300e-2;3680e-1;251e-2
2016-05-29;09:05:07;1800e0;5424886e0;1158e0;18302e0;426e-2;437e-2;429e-2;3650e-1;462e-2;3662e-1;410e-2
2016-05-29;09:35:07;1800e0;6220644e0;1515e0;21096e0;485e-2;497e-2;488e-2;3635e-1;532e-2;3628e-1;474e-2
2016-05-29;10:05:07;1800e0;9119520e0;2230e0;31130e0;712e-2;727e-2;718e-2;3591e-1;815e-2;3545e-1;682e-2
2016-05-29;10:35:07;1800e0;10680505e0;2971e0;36171e0;824e-2;840e-2;832e-2;3547e-1;1020e-2;3513e-1;748e-2
2016-05-29;11:05:07;1800e0;11404032e0;2866e0;38385e0;879e-2;897e-2;888e-2;3501e-1;1159e-2;3485e-1;749e-2
2016-05-29;11:35:07;1800e0;11843029e0;3054e0;39548e0;914e-2;932e-2;924e-2;3463e-1;1263e-2;3479e-1;732e-2
2016-05-29;12:05:07;1800e0;11519045e0;1929e0;40122e0;886e-2;904e-2;895e-2;3453e-1;1268e-2;3532e-1;666e-2
2016-05-29;12:35:07;1800e0;12081567e0;3798e0;40658e0;928e-2;946e-2;938e-2;3432e-1;1353e-2;3571e-1;676e-2
2016-05-29;13:05:07;1800e0;11081053e0;2982e0;37934e0;851e-2;868e-2;859e-2;3462e-1;1215e-2;3565e-1;637e-2
2016-05-29;13:35:07;1800e0;12262561e0;3502e0;41820e0;940e-2;958e-2;950e-2;3432e-1;1382e-2;3562e-1;679e-2
2016-05-29;14:05:07;1800e0;12056490e0;3118e0;39978e0;924e-2;942e-2;933e-2;3433e-1;1361e-2;3547e-1;668e-2
2016-05-29;14:35:07;1800e0;12028852e0;2984e0;41482e0;922e-2;940e-2;931e-2;3444e-1;1318e-2;3537e-1;703e-2
2016-05-29;15:05:07;1800e0;8988545e0;2636e0;30401e0;691e-2;707e-2;698e-2;3514e-1;908e-2;3568e-1;580e-2
2016-05-29;15:35:07;1800e0;11233966e0;2975e0;38391e0;867e-2;885e-2;876e-2;3479e-1;1137e-2;3535e-1;740e-2
2016-05-29;16:05:07;1800e0;10561929e0;2651e0;35957e0;813e-2;831e-2;821e-2;3498e-1;1030e-2;3496e-1;737e-2
2016-05-29;16:35:07;1800e0;9630663e0;2411e0;32949e0;740e-2;757e-2;748e-2;3529e-1;880e-2;3498e-1;724e-2
2016-05-29;17:05:07;1800e0;6919906e0;1826e0;23575e0;532e-2;547e-2;537e-2;3553e-1;596e-2;3533e-1;551e-2
2016-05-29;17:35:07;1800e0;7080548e0;1910e0;24058e0;545e-2;560e-2;551e-2;3607e-1;535e-2;3544e-1;630e-2
2016-05-29;18:05:07;1800e0;5992594e0;1468e0;20778e0;462e-2;476e-2;467e-2;3616e-1;420e-2;3556e-1;564e-2
2016-05-29;18:35:07;1800e0;3408321e0;531e0;11746e0;267e-2;276e-2;269e-2;3569e-1;268e-2;3550e-1;297e-2
2016-05-29;19:05:07;1800e0;1598532e0;113e0;5587e0;131e-2;133e-2;134e-2;3503e-1;149e-2;3476e-1;125e-2
2016-05-29;19:35:07;1800e0;674946e0;114e0;2428e0;69e-2;59e-2;75e-2;3375e-1;72e-2;3314e-1;53e-2
2016-05-29;20:05:07;1800e0;303090e0;53e0;867e0;49e-2;27e-2;57e-2;3248e-1;36e-2;3147e-1;27e-2
2016-05-29;20:35:07;1800e0;272834e0;37e0;539e0;47e-2;23e-2;50e-2;3232e-1;30e-2;3204e-1;28e-2
2016-05-29;21:05:07;1800e0;79109e0;0e0;189e0;7e-2;7e-2;1e-2;3086e-1;12e-2;3039e-1;10e-2
2016-05-30;06:05:07;1800e0;298257e0;25e0;1277e0;53e-2;37e-2;57e-2;3415e-1;47e-2;3347e-1;33e-2
2016-05-30;06:35:07;1800e0;1411770e0;138e0;4849e0;117e-2;117e-2;121e-2;3549e-1;119e-2;3548e-1;118e-2
2016-05-30;07:05:07;1800e0;3742126e0;540e0;12931e0;291e-2;301e-2;294e-2;3686e-1;198e-2;3659e-1;404e-2
2016-05-30;07:35:07;1800e0;4342209e0;930e0;15407e0;337e-2;350e-2;341e-2;3679e-1;271e-2;3622e-1;431e-2
2016-05-30;08:05:07;1800e0;5821388e0;1571e0;20520e0;451e-2;465e-2;455e-2;3751e-1;314e-2;3560e-1;633e-2
2016-05-30;08:35:07;1800e0;6609304e0;1682e0;22741e0;513e-2;529e-2;518e-2;3718e-1;403e-2;3559e-1;672e-2
2016-05-30;09:05:07;1800e0;7721891e0;1853e0;26644e0;596e-2;611e-2;602e-2;3676e-1;544e-2;3555e-1;713e-2
2016-05-30;09:35:07;1800e0;8873471e0;2554e0;30024e0;683e-2;698e-2;689e-2;3606e-1;716e-2;3548e-1;737e-2
2016-05-30;10:05:07;1800e0;9891044e0;2373e0;33908e0;761e-2;777e-2;769e-2;3588e-1;876e-2;3552e-1;745e-2
2016-05-30;10:35:07;1800e0;10633846e0;2978e0;36074e0;816e-2;832e-2;824e-2;3545e-1;1019e-2;3539e-1;737e-2
2016-05-30;11:05:07;1800e0;11210494e0;2792e0;38227e0;857e-2;874e-2;866e-2;3513e-1;1142e-2;3510e-1;723e-2
2016-05-30;11:35:07;1800e0;11696595e0;3560e0;39247e0;901e-2;918e-2;910e-2;3507e-1;1245e-2;3536e-1;696e-2
2016-05-30;12:05:07;1800e0;11893819e0;2993e0;39829e0;913e-2;930e-2;922e-2;3488e-1;1323e-2;3583e-1;649e-2
2016-05-30;12:35:07;1800e0;12069714e0;3926e0;39636e0;923e-2;940e-2;932e-2;3480e-1;1374e-2;3615e-1;625e-2
2016-05-30;13:05:07;1800e0;12250327e0;3683e0;42111e0;940e-2;958e-2;950e-2;3466e-1;1401e-2;3583e-1;640e-2
2016-05-30;13:35:07;1800e0;12152639e0;3463e0;40905e0;936e-2;954e-2;946e-2;3467e-1;1401e-2;3639e-1;614e-2
2016-05-30;14:05:07;1800e0;11911348e0;2698e0;39963e0;915e-2;932e-2;924e-2;3469e-1;1378e-2;3616e-1;600e-2
2016-05-30;14:35:07;1800e0;11566876e0;2305e0;39326e0;886e-2;903e-2;895e-2;3495e-1;1286e-2;3552e-1;636e-2
2016-05-30;15:05:07;1800e0;11638099e0;2977e0;39346e0;886e-2;904e-2;896e-2;3496e-1;1240e-2;3546e-1;693e-2
2016-05-30;15:35:07;1800e0;11237712e0;2826e0;38396e0;861e-2;878e-2;870e-2;3511e-1;1143e-2;3542e-1;720e-2
2016-05-30;16:05:07;1800e0;10558630e0;3499e0;35337e0;806e-2;822e-2;814e-2;3529e-1;1017e-2;3530e-1;732e-2
2016-05-30;16:35:07;1800e0;9776410e0;2829e0;33351e0;746e-2;762e-2;754e-2;3564e-1;876e-2;3535e-1;735e-2
2016-05-30;17:05:07;1800e0;8785417e0;2314e0;30062e0;671e-2;687e-2;677e-2;3595e-1;716e-2;3526e-1;729e-2
2016-05-30;17:35:07;1800e0;7660216e0;2306e0;25892e0;586e-2;602e-2;592e-2;3620e-1;551e-2;3541e-1;706e-2
2016-05-30;18:05:07;1800e0;6479160e0;1548e0;22593e0;493e-2;507e-2;498e-2;3641e-1;396e-2;3552e-1;665e-2
2016-05-30;18:35:07;1800e0;5352231e0;1075e0;18558e0;409e-2;423e-2;413e-2;3626e-1;273e-2;3564e-1;607e-2
2016-05-30;19:05:07;1800e0;4232211e0;711e0;14624e0;326e-2;337e-2;329e-2;3645e-1;171e-2;3575e-1;525e-2
2016-05-30;19:35:07;1800e0;3242967e0;590e0;11222e0;253e-2;262e-2;255e-2;3537e-1;109e-2;3587e-1;427e-2
2016-05-30;20:05:07;1800e0;2382375e0;449e0;7924e0;189e-2;195e-2;191e-2;3491e-1;83e-2;3560e-1;316e-2
2016-05-30;20:35:07;1800e0;1499922e0;186e0;5224e0;123e-2;123e-2;126e-2;3427e-1;61e-2;3549e-1;194e-2
2016-05-30;21:05:07;1800e0;624997e0;37e0;2241e0;66e-2;54e-2;73e-2;3255e-1;37e-2;3219e-1;80e-2
2016-05-30;21:35:07;1800e0;119352e0;6e0;294e0;26e-2;14e-2;22e-2;3109e-1;15e-2;3145e-1;16e-2
2016-05-31;05:05:07;1800e0;330805e0;37e0;927e0;50e-2;27e-2;53e-2;3270e-1;30e-2;3286e-1;35e-2
2016-05-31;05:35:07;1800e0;1048202e0;114e0;3827e0;93e-2;88e-2;97e-2;3458e-1;64e-2;3539e-1;117e-2
2016-05-31;06:05:07;1800e0;1984235e0;146e0;6676e0;159e-2;163e-2;162e-2;3568e-1;98e-2;3648e-1;228e-2
2016-05-31;06:35:07;1800e0;2868398e0;478e0;9967e0;224e-2;230e-2;226e-2;3630e-1;127e-2;3659e-1;340e-2
2016-05-31;07:05:07;1800e0;3662992e0;743e0;12467e0;284e-2;294e-2;287e-2;3649e-1;151e-2;3617e-1;449e-2
2016-05-31;07:35:07;1800e0;4299885e0;645e0;14850e0;330e-2;343e-2;334e-2;3687e-1;208e-2;3585e-1;495e-2
2016-05-31;08:05:07;1800e0;5002425e0;1056e0;17441e0;384e-2;397e-2;388e-2;3712e-1;297e-2;3594e-1;514e-2
2016-05-31;08:35:07;1800e0;3185315e0;508e0;11036e0;248e-2;257e-2;251e-2;3594e-1;274e-2;3618e-1;248e-2
2016-05-31;09:05:07;1800e0;4266043e0;654e0;14882e0;332e-2;343e-2;335e-2;3603e-1;362e-2;3633e-1;333e-2
2016-05-31;09:35:07;1800e0;6096105e0;1735e0;20719e0;474e-2;488e-2;479e-2;3595e-1;527e-2;3629e-1;464e-2
2016-05-31;10:05:07;1800e0;3440352e0;583e0;11819e0;269e-2;279e-2;272e-2;3582e-1;325e-2;3583e-1;242e-2
2016-05-31;10:35:07;1800e0;7839879e0;2242e0;26485e0;605e-2;620e-2;611e-2;3564e-1;753e-2;3618e-1;529e-2
2016-05-31;11:05:07;1800e0;6054713e0;1272e0;20815e0;470e-2;484e-2;475e-2;3577e-1;592e-2;3624e-1;396e-2
2016-05-31;11:35:08;1800e0;1853701e0;219e0;6446e0;151e-2;152e-2;154e-2;3476e-1;181e-2;3488e-1;134e-2
2016-05-31;12:05:08;1800e0;1743232e0;276e0;5991e0;141e-2;142e-2;143e-2;3541e-1;170e-2;3532e-1;123e-2
2016-05-31;12:35:08;1800e0;3262750e0;424e0;11365e0;255e-2;262e-2;256e-2;3609e-1;312e-2;3612e-1;221e-2
2016-05-31;13:05:07;1800e0;4242836e0;864e0;14522e0;332e-2;344e-2;335e-2;3577e-1;412e-2;3594e-1;286e-2
2016-05-31;13:35:08;1800e0;4834652e0;803e0;16785e0;377e-2;390e-2;380e-2;3547e-1;479e-2;3606e-1;318e-2
2016-05-31;14:05:08;1800e0;8703953e0;2154e0;29694e0;675e-2;690e-2;681e-2;3493e-1;903e-2;3586e-1;545e-2
2016-05-31;14:35:08;1800e0;6643845e0;1743e0;22764e0;517e-2;531e-2;521e-2;3548e-1;645e-2;3608e-1;445e-2
2016-05-31;15:05:08;1800e0;8529292e0;2078e0;29319e0;661e-2;678e-2;669e-2;3532e-1;855e-2;3558e-1;556e-2
2016-05-31;15:35:08;1800e0;11681076e0;2907e0;39520e0;895e-2;913e-2;905e-2;3470e-1;1174e-2;3514e-1;785e-2
2016-05-31;16:05:08;1800e0;11221978e0;2562e0;38394e0;860e-2;876e-2;868e-2;3488e-1;1084e-2;3496e-1;797e-2
2016-05-31;16:35:08;1800e0;6500590e0;1574e0;22206e0;504e-2;516e-2;508e-2;3541e-1;578e-2;3535e-1;498e-2
2016-05-31;17:05:08;1800e0;6887788e0;1707e0;23531e0;535e-2;548e-2;540e-2;3544e-1;578e-2;3531e-1;563e-2
2016-05-31;17:35:08;1800e0;6572241e0;1952e0;22273e0;506e-2;518e-2;511e-2;3528e-1;524e-2;3492e-1;573e-2
2016-05-31;18:05:08;1800e0;2983084e0;717e0;10216e0;233e-2;239e-2;235e-2;3518e-1;240e-2;3503e-1;261e-2
2016-05-31;18:35:08;1800e0;1554480e0;176e0;5349e0;126e-2;127e-2;129e-2;3463e-1;143e-2;3482e-1;126e-2
2016-05-31;19:05:08;1800e0;1231483e0;138e0;4368e0;104e-2;103e-2;108e-2;3421e-1;107e-2;3441e-1;108e-2
2016-05-31;19:35:08;1800e0;720509e0;68e0;2500e0;72e-2;61e-2;77e-2;3337e-1;72e-2;3334e-1;61e-2
2016-05-31;20:05:08;1800e0;427038e0;52e0;1253e0;54e-2;38e-2;61e-2;3232e-1;42e-2;3257e-1;43e-2
2016-05-31;20:35:08;1800e0;372197e0;33e0;1214e0;52e-2;32e-2;59e-2;3214e-1;36e-2;3242e-1;40e-2
2016-05-31;21:05:08;1800e0;163456e0;8e0;315e0;42e-2;13e-2;28e-2;3140e-1;20e-2;3115e-1;20e-2
2016-05-31;21:35:08;1800e0;53359e0;2e0;119e0;8e-2;6e-2;1e-2;3150e-1;12e-2;3165e-1;11e-2
2016-06-01;05:35:08;1800e0;359232e0;12e0;818e0;51e-2;32e-2;60e-2;3318e-1;36e-2;3289e-1;35e-2
2016-06-01;06:05:08;1800e0;663549e0;91e0;2522e0;68e-2;58e-2;74e-2;3413e-1;56e-2;3396e-1;65e-2
2016-06-01;06:35:08;1800e0;1370424e0;225e0;4976e0;116e-2;115e-2;119e-2;3526e-1;100e-2;3505e-1;133e-2
2016-06-01;07:05:08;1800e0;2349884e0;271e0;8023e0;185e-2;191e-2;187e-2;3604e-1;151e-2;3584e-1;238e-2
2016-06-01;07:35:08;1800e0;3349193e0;504e0;11530e0;260e-2;270e-2;263e-2;3648e-1;196e-2;3566e-1;356e-2
2016-06-01;08:05:08;1800e0;4652844e0;988e0;15737e0;362e-2;375e-2;365e-2;3742e-1;242e-2;3497e-1;527e-2
2016-06-01;08:35:08;1800e0;6673794e0;2105e0;22500e0;519e-2;534e-2;524e-2;3654e-1;412e-2;3468e-1;698e-2
2016-06-01;09:05:08;1800e0;8056747e0;1937e0;27579e0;625e-2;640e-2;631e-2;3593e-1;586e-2;3454e-1;760e-2
2016-06-01;09:35:08;1800e0;8892533e0;2286e0;30224e0;689e-2;705e-2;696e-2;3531e-1;741e-2;3439e-1;756e-2
2016-06-01;10:05:08;1800e0;9941280e0;2673e0;33795e0;773e-2;791e-2;781e-2;3495e-1;913e-2;3424e-1;769e-2
2016-06-01;10:35:08;1800e0;9862862e0;3133e0;32923e0;766e-2;784e-2;774e-2;3474e-1;970e-2;3446e-1;699e-2
2016-06-01;11:05:08;1800e0;9801926e0;2463e0;33541e0;759e-2;776e-2;767e-2;3481e-1;1001e-2;3482e-1;649e-2
2016-06-01;11:35:08;1799e0;11456447e0;2674e0;39046e0;886e-2;903e-2;894e-2;3416e-1;1243e-2;3425e-1;716e-2
2016-06-01;12:05:08;1800e0;11875371e0;2153e0;40617e0;915e-2;932e-2;924e-2;3407e-1;1341e-2;3517e-1;673e-2
2016-06-01;12:35:08;1800e0;11885193e0;3136e0;39552e0;915e-2;932e-2;924e-2;3377e-1;1379e-2;3543e-1;644e-2
2016-06-01;13:05:08;1800e0;9986142e0;2401e0;33941e0;773e-2;789e-2;780e-2;3430e-1;1137e-2;3518e-1;552e-2
2016-06-01;13:35:08;1800e0;12196885e0;3039e0;40811e0;945e-2;962e-2;954e-2;3392e-1;1418e-2;3576e-1;647e-2
2016-06-01;14:05:08;1800e0;11760448e0;3814e0;39073e0;908e-2;925e-2;917e-2;3404e-1;1372e-2;3558e-1;617e-2
2016-06-01;14:35:08;1800e0;11711215e0;3160e0;39806e0;904e-2;921e-2;913e-2;3409e-1;1324e-2;3486e-1;667e-2
2016-06-01;15:05:08;1800e0;11527441e0;3130e0;39243e0;887e-2;905e-2;896e-2;3420e-1;1249e-2;3486e-1;706e-2
2016-06-01;15:35:08;1800e0;11045854e0;2923e0;37291e0;853e-2;870e-2;861e-2;3443e-1;1142e-2;3484e-1;725e-2
2016-06-01;16:05:08;1800e0;10192287e0;2608e0;34887e0;783e-2;799e-2;790e-2;3473e-1;1000e-2;3484e-1;715e-2
2016-06-01;16:35:08;1800e0;8458538e0;2539e0;28619e0;654e-2;669e-2;660e-2;3522e-1;769e-2;3508e-1;641e-2
2016-06-01;17:05:08;1800e0;8695201e0;1515e0;30276e0;670e-2;684e-2;676e-2;3532e-1;726e-2;3466e-1;731e-2
2016-06-01;17:35:08;1800e0;7728927e0;2059e0;26357e0;595e-2;609e-2;600e-2;3559e-1;572e-2;3478e-1;719e-2
2016-06-01;18:05:08;1800e0;6494309e0;1829e0;22214e0;499e-2;512e-2;503e-2;3605e-1;410e-2;3509e-1;668e-2
2016-06-01;18:35:08;1800e0;5306425e0;802e0;18191e0;411e-2;423e-2;414e-2;3604e-1;281e-2;3516e-1;601e-2
2016-06-01;19:05:08;1800e0;4155091e0;586e0;14573e0;324e-2;334e-2;325e-2;3641e-1;175e-2;3553e-1;513e-2
2016-06-01;19:35:08;1800e0;3331365e0;367e0;11765e0;261e-2;268e-2;262e-2;3539e-1;114e-2;3607e-1;435e-2
2016-06-01;20:05:08;1800e0;2550509e0;313e0;8914e0;202e-2;209e-2;204e-2;3496e-1;91e-2;3543e-1;338e-2
2016-06-01;20:35:08;1800e0;1624392e0;213e0;5554e0;133e-2;135e-2;136e-2;3427e-1;64e-2;3507e-1;215e-2
2016-06-01;21:05:08;1800e0;584636e0;55e0;2205e0;65e-2;50e-2;68e-2;3264e-1;31e-2;3124e-1;83e-2
2016-06-01;21:35:08;1800e0;65825e0;0e0;111e0;14e-2;8e-2;5e-2;3164e-1;12e-2;3188e-1;13e-2
2016-06-02;05:05:08;1800e0;119614e0;6e0;468e0;44e-2;19e-2;44e-2;3342e-1;18e-2;3394e-1;31e-2
2016-06-02;05:35:08;1800e0;502185e0;81e0;1517e0;59e-2;44e-2;65e-2;3356e-1;41e-2;3369e-1;53e-2
2016-06-02;06:05:08;1800e0;1999639e0;294e0;6703e0;160e-2;164e-2;163e-2;3547e-1;90e-2;3600e-1;244e-2
2016-06-02;06:35:08;1800e0;3124806e0;550e0;10648e0;245e-2;253e-2;247e-2;3605e-1;134e-2;3611e-1;381e-2
2016-06-02;07:05:08;1800e0;3449168e0;445e0;12354e0;270e-2;279e-2;273e-2;3563e-1;117e-2;3566e-1;457e-2
2016-06-02;07:35:08;1800e0;4225983e0;747e0;14524e0;329e-2;341e-2;332e-2;3682e-1;165e-2;3514e-1;540e-2
2016-06-02;08:05:08;1800e0;5308088e0;1166e0;18129e0;414e-2;428e-2;417e-2;3770e-1;261e-2;3523e-1;612e-2
2016-06-02;08:35:08;1800e0;6462502e0;1650e0;22031e0;502e-2;516e-2;507e-2;3655e-1;398e-2;3504e-1;671e-2
2016-06-02;09:05:08;1800e0;7564487e0;1696e0;26058e0;587e-2;602e-2;593e-2;3598e-1;548e-2;3482e-1;710e-2
2016-06-02;09:35:08;1800e0;8662259e0;2204e0;29460e0;673e-2;689e-2;680e-2;3550e-1;716e-2;3463e-1;734e-2
2016-06-02;10:05:08;1800e0;9513285e0;2658e0;32295e0;740e-2;757e-2;748e-2;3511e-1;866e-2;3413e-1;743e-2
2016-06-02;10:35:08;1800e0;10359366e0;2320e0;35621e0;801e-2;818e-2;809e-2;3483e-1;1011e-2;3423e-1;744e-2
2016-06-02;11:05:08;1800e0;10960707e0;2335e0;37840e0;845e-2;863e-2;854e-2;3461e-1;1132e-2;3467e-1;719e-2
2016-06-02;11:35:08;1800e0;11340211e0;2938e0;38651e0;874e-2;892e-2;884e-2;3430e-1;1233e-2;3431e-1;701e-2
2016-06-02;12:05:08;1800e0;11638991e0;2276e0;40183e0;895e-2;913e-2;904e-2;3427e-1;1311e-2;3531e-1;653e-2
2016-06-02;12:35:08;1800e0;11861800e0;2841e0;39864e0;914e-2;931e-2;923e-2;3413e-1;1371e-2;3572e-1;629e-2
2016-06-02;13:05:08;1800e0;11825005e0;2446e0;40151e0;915e-2;932e-2;925e-2;3410e-1;1369e-2;3543e-1;632e-2
2016-06-02;13:35:08;1800e0;11892262e0;2679e0;40143e0;915e-2;933e-2;925e-2;3394e-1;1393e-2;3590e-1;618e-2
2016-06-02;14:05:08;1800e0;11585105e0;2548e0;39737e0;894e-2;912e-2;904e-2;3390e-1;1369e-2;3563e-1;596e-2
2016-06-02;14:35:08;1800e0;11502485e0;3908e0;38644e0;885e-2;901e-2;894e-2;3397e-1;1315e-2;3484e-1;646e-2
2016-06-02;15:05:08;1800e0;11410806e0;3077e0;38660e0;881e-2;897e-2;890e-2;3418e-1;1247e-2;3489e-1;690e-2
2016-06-02;15:35:08;1800e0;11110581e0;3158e0;37538e0;851e-2;868e-2;860e-2;3445e-1;1155e-2;3482e-1;723e-2
2016-06-02;16:05:08;1800e0;10534289e0;2693e0;36182e0;803e-2;818e-2;811e-2;3473e-1;1034e-2;3475e-1;739e-2
2016-06-02;16:35:08;1800e0;9725919e0;2660e0;33106e0;751e-2;767e-2;759e-2;3504e-1;889e-2;3473e-1;743e-2
2016-06-02;17:05:08;1800e0;8806455e0;1828e0;30564e0;680e-2;695e-2;686e-2;3536e-1;732e-2;3468e-1;742e-2
2016-06-02;17:35:08;1800e0;7675619e0;1917e0;26564e0;594e-2;609e-2;599e-2;3558e-1;563e-2;3463e-1;724e-2
2016-06-02;18:05:08;1800e0;6565312e0;1728e0;22600e0;507e-2;520e-2;512e-2;3613e-1;402e-2;3497e-1;689e-2
2016-06-02;18:35:08;1800e0;5495080e0;1103e0;19056e0;426e-2;437e-2;429e-2;3616e-1;275e-2;3513e-1;638e-2
2016-06-02;19:05:08;1800e0;4315363e0;650e0;15118e0;337e-2;346e-2;339e-2;3655e-1;167e-2;3600e-1;539e-2
2016-06-02;19:35:08;1800e0;3372405e0;397e0;12068e0;266e-2;274e-2;267e-2;3538e-1;104e-2;3580e-1;455e-2
2016-06-02;20:05:08;1800e0;2600382e0;459e0;8874e0;206e-2;212e-2;208e-2;3479e-1;83e-2;3541e-1;356e-2
2016-06-02;20:35:08;1800e0;1629558e0;254e0;5717e0;134e-2;135e-2;137e-2;3440e-1;64e-2;3520e-1;215e-2
2016-06-02;21:05:08;1800e0;618473e0;74e0;2317e0;66e-2;53e-2;72e-2;3314e-1;38e-2;3217e-1;78e-2
2016-06-02;21:35:08;1800e0;135893e0;12e0;175e0;30e-2;13e-2;23e-2;3157e-1;18e-2;3145e-1;17e-2
2016-06-03;05:05:09;1800e0;275436e0;43e0;1163e0;50e-2;29e-2;56e-2;3435e-1;20e-2;3526e-1;47e-2
2016-06-03;05:35:09;1800e0;1053657e0;133e0;3527e0;92e-2;88e-2;96e-2;3500e-1;39e-2;3648e-1;136e-2
2016-06-03;06:05:09;1800e0;1917568e0;204e0;6413e0;153e-2;157e-2;155e-2;3564e-1;63e-2;3639e-1;254e-2
2016-06-03;06:35:09;1800e0;2707077e0;291e0;9592e0;211e-2;219e-2;213e-2;3585e-1;83e-2;3572e-1;369e-2
2016-06-03;07:05:09;1800e0;3349417e0;600e0;11636e0;260e-2;271e-2;263e-2;3593e-1;99e-2;3547e-1;461e-2
2016-06-03;07:35:09;1800e0;4303658e0;703e0;14791e0;333e-2;347e-2;337e-2;3753e-1;151e-2;3498e-1;567e-2
2016-06-03;08:05:09;1800e0;5359825e0;1458e0;18015e0;416e-2;432e-2;423e-2;3832e-1;243e-2;3429e-1;653e-2
2016-06-03;08:35:09;1800e0;6561374e0;1731e0;22178e0;510e-2;528e-2;517e-2;3691e-1;391e-2;3440e-1;705e-2
2016-06-03;09:05:09;1800e0;7635525e0;2254e0;25889e0;591e-2;608e-2;598e-2;3601e-1;548e-2;3448e-1;730e-2
2016-06-03;09:35:09;1800e0;8636175e0;2098e0;29578e0;669e-2;687e-2;677e-2;3542e-1;713e-2;3420e-1;744e-2
2016-06-03;10:05:09;1800e0;9511444e0;2323e0;32591e0;739e-2;759e-2;748e-2;3512e-1;862e-2;3411e-1;747e-2
2016-06-03;10:35:09;1800e0;10220846e0;3032e0;34490e0;790e-2;810e-2;800e-2;3453e-1;1003e-2;3376e-1;748e-2
2016-06-03;11:05:09;1800e0;10813038e0;3084e0;36341e0;840e-2;861e-2;850e-2;3420e-1;1130e-2;3347e-1;737e-2
2016-06-03;11:35:09;1800e0;11094304e0;2681e0;37644e0;863e-2;883e-2;873e-2;3368e-1;1227e-2;3386e-1;697e-2
2016-06-03;12:05:09;1800e0;11249641e0;2704e0;37946e0;876e-2;897e-2;887e-2;3339e-1;1301e-2;3451e-1;648e-2
2016-06-03;12:35:09;1800e0;11306315e0;2420e0;38493e0;887e-2;907e-2;897e-2;3303e-1;1348e-2;3491e-1;618e-2
2016-06-03;13:05:09;1800e0;11573890e0;2326e0;39930e0;909e-2;930e-2;920e-2;3296e-1;1380e-2;3484e-1;637e-2
2016-06-03;13:35:09;1800e0;11425369e0;2647e0;38958e0;902e-2;923e-2;913e-2;3296e-1;1374e-2;3537e-1;609e-2
2016-06-03;14:05:09;1800e0;11091389e0;2515e0;37947e0;870e-2;889e-2;880e-2;3282e-1;1347e-2;3487e-1;592e-2
2016-06-03;14:35:09;1800e0;11006342e0;2493e0;37547e0;858e-2;874e-2;866e-2;3280e-1;1292e-2;3413e-1;642e-2
2016-06-03;15:05:09;1800e0;10934913e0;3172e0;36924e0;847e-2;864e-2;855e-2;3308e-1;1224e-2;3408e-1;687e-2
2016-06-03;15:35:09;1800e0;10537115e0;3106e0;35452e0;817e-2;834e-2;825e-2;3306e-1;1137e-2;3388e-1;711e-2
2016-06-03;16:05:09;1800e0;9863652e0;2478e0;33827e0;760e-2;775e-2;767e-2;3305e-1;1012e-2;3354e-1;723e-2
2016-06-03;16:35:09;1800e0;9208103e0;2909e0;30853e0;708e-2;724e-2;715e-2;3353e-1;878e-2;3370e-1;726e-2
2016-06-03;17:05:09;1800e0;8301837e0;2151e0;28163e0;640e-2;655e-2;646e-2;3364e-1;733e-2;3344e-1;718e-2
2016-06-03;17:35:09;1800e0;7875462e0;2218e0;26589e0;607e-2;621e-2;612e-2;3414e-1;648e-2;3394e-1;709e-2
2016-06-03;18:05:09;1800e0;6103198e0;1489e0;21024e0;473e-2;484e-2;477e-2;3467e-1;456e-2;3427e-1;582e-2
2016-06-03;18:35:09;1800e0;5542532e0;1287e0;18959e0;429e-2;440e-2;432e-2;3550e-1;366e-2;3407e-1;574e-2
2016-06-03;19:05:09;1800e0;4382685e0;720e0;15083e0;340e-2;349e-2;342e-2;3571e-1;232e-2;3417e-1;515e-2
2016-06-03;19:35:09;1800e0;2908280e0;417e0;10122e0;228e-2;234e-2;230e-2;3516e-1;114e-2;3528e-1;375e-2
2016-06-03;20:05:09;1800e0;2267529e0;395e0;7694e0;178e-2;182e-2;180e-2;3487e-1;85e-2;3570e-1;294e-2
2016-06-03;20:35:09;1800e0;1420339e0;152e0;4936e0;117e-2;115e-2;120e-2;3430e-1;59e-2;3446e-1;188e-2
2016-06-03;21:05:09;1800e0;631476e0;81e0;2112e0;65e-2;50e-2;72e-2;3318e-1;35e-2;2937e-1;90e-2
2016-06-03;21:35:09;1800e0;119597e0;0e0;230e0;27e-2;7e-2;20e-2;3158e-1;14e-2;3075e-1;17e-2
2016-06-04;05:05:09;1800e0;259571e0;31e0;1314e0;49e-2;26e-2;53e-2;3426e-1;21e-2;3472e-1;44e-2
2016-06-04;05:35:09;1800e0;1015486e0;111e0;3540e0;89e-2;84e-2;93e-2;3504e-1;40e-2;3666e-1;130e-2
2016-06-04;06:05:09;1800e0;1870647e0;193e0;6217e0;150e-2;153e-2;152e-2;3570e-1;62e-2;3662e-1;245e-2
2016-06-04;06:35:09;1800e0;2667954e0;280e0;9352e0;211e-2;217e-2;212e-2;3591e-1;81e-2;3587e-1;363e-2
2016-06-04;07:05:09;1800e0;3353274e0;409e0;11744e0;261e-2;269e-2;263e-2;3539e-1;101e-2;3525e-1;463e-2
2016-06-04;07:35:09;1800e0;4229885e0;583e0;14605e0;329e-2;339e-2;332e-2;3759e-1;153e-2;3472e-1;556e-2
2016-06-04;08:05:09;1800e0;5260777e0;1161e0;17665e0;410e-2;421e-2;414e-2;3815e-1;248e-2;3368e-1;642e-2
2016-06-04;08:35:09;1800e0;6330544e0;1298e0;22088e0;490e-2;502e-2;494e-2;3647e-1;390e-2;3354e-1;688e-2
2016-06-04;09:05:09;1800e0;7375948e0;1704e0;25361e0;570e-2;584e-2;575e-2;3536e-1;544e-2;3330e-1;725e-2
2016-06-04;09:35:09;1800e0;8357439e0;1824e0;28956e0;645e-2;659e-2;651e-2;3465e-1;708e-2;3306e-1;741e-2
2016-06-04;10:05:09;1800e0;9228493e0;3166e0;30620e0;714e-2;729e-2;721e-2;3422e-1;863e-2;3300e-1;744e-2
2016-06-04;10:35:09;1800e0;10007296e0;2605e0;34084e0;779e-2;794e-2;786e-2;3396e-1;1005e-2;3312e-1;739e-2
2016-06-04;11:05:09;1800e0;10588760e0;2665e0;36147e0;818e-2;834e-2;826e-2;3357e-1;1128e-2;3297e-1;731e-2
2016-06-04;11:35:09;1800e0;11005021e0;2493e0;37439e0;851e-2;866e-2;858e-2;3336e-1;1232e-2;3299e-1;704e-2
2016-06-04;12:05:09;1800e0;11212980e0;3011e0;37756e0;869e-2;885e-2;877e-2;3302e-1;1314e-2;3389e-1;653e-2
2016-06-04;12:35:09;1800e0;11364008e0;3066e0;38343e0;888e-2;904e-2;896e-2;3292e-1;1361e-2;3454e-1;625e-2
2016-06-04;13:05:09;1800e0;11441139e0;2595e0;39375e0;888e-2;904e-2;896e-2;3305e-1;1361e-2;3529e-1;619e-2
2016-06-04;13:35:09;1800e0;10463575e0;2357e0;35959e0;812e-2;827e-2;819e-2;3343e-1;1244e-2;3574e-1;548e-2
2016-06-04;14:05:09;1800e0;11102516e0;2572e0;37722e0;857e-2;873e-2;866e-2;3348e-1;1312e-2;3533e-1;593e-2
2016-06-04;14:35:09;1800e0;11449601e0;2876e0;38608e0;896e-2;911e-2;904e-2;3339e-1;1304e-2;3465e-1;674e-2
2016-06-04;15:05:09;1800e0;11340441e0;3020e0;38362e0;886e-2;902e-2;895e-2;3321e-1;1254e-2;3457e-1;714e-2
2016-06-04;15:35:09;1800e0;11979233e0;2830e0;40247e0;935e-2;951e-2;944e-2;3335e-1;1284e-2;3438e-1;792e-2
2016-06-04;16:05:09;1800e0;10195744e0;2426e0;35209e0;797e-2;811e-2;804e-2;3291e-1;1077e-2;3379e-1;721e-2
2016-06-04;16:35:09;1800e0;1307557e0;167e0;4461e0;113e-2;107e-2;117e-2;3435e-1;132e-2;3317e-1;99e-2
2016-06-04;17:05:09;1800e0;320476e0;30e0;742e0;49e-2;26e-2;58e-2;3306e-1;37e-2;3144e-1;28e-2
2016-06-04;17:35:09;1800e0;696625e0;54e0;2436e0;73e-2;57e-2;79e-2;3408e-1;64e-2;3330e-1;62e-2
2016-06-04;18:05:09;1800e0;4420246e0;856e0;15285e0;344e-2;353e-2;346e-2;3648e-1;342e-2;3607e-1;374e-2
2016-06-04;18:35:09;1800e0;4570619e0;568e0;15844e0;356e-2;366e-2;359e-2;3636e-1;324e-2;3605e-1;419e-2
2016-06-04;19:05:09;1800e0;4785245e0;677e0;16490e0;374e-2;384e-2;377e-2;3680e-1;252e-2;3471e-1;546e-2
2016-06-04;19:35:09;1800e0;3564108e0;409e0;12664e0;278e-2;286e-2;280e-2;3616e-1;158e-2;3575e-1;432e-2
2016-06-04;20:05:09;1800e0;2713724e0;418e0;9255e0;212e-2;217e-2;215e-2;3571e-1;126e-2;3612e-1;322e-2
2016-06-04;20:35:09;1800e0;1599132e0;136e0;5496e0;131e-2;130e-2;134e-2;3498e-1;70e-2;3418e-1;210e-2
2016-06-04;21:05:09;1800e0;679290e0;64e0;2393e0;69e-2;55e-2;76e-2;3371e-1;39e-2;2925e-1;96e-2
2016-06-04;21:35:09;1800e0;126429e0;0e0;272e0;25e-2;7e-2;18e-2;3154e-1;16e-2;3119e-1;16e-2
2016-06-05;05:05:09;1800e0;164461e0;8e0;818e0;45e-2;15e-2;39e-2;3453e-1;18e-2;3466e-1;26e-2
2016-06-05;05:35:09;1800e0;859169e0;164e0;2984e0;81e-2;71e-2;88e-2;3523e-1;38e-2;3654e-1;107e-2
2016-06-05;06:05:09;1800e0;1982876e0;196e0;6763e0;160e-2;162e-2;162e-2;3615e-1;63e-2;3717e-1;258e-2
2016-06-05;06:35:09;1800e0;2848761e0;535e0;9872e0;226e-2;231e-2;228e-2;3628e-1;85e-2;3672e-1;379e-2
2016-06-05;07:05:09;1800e0;3545378e0;494e0;12612e0;280e-2;287e-2;282e-2;3654e-1;103e-2;3617e-1;477e-2
2016-06-05;07:35:09;1800e0;4510258e0;714e0;15763e0;356e-2;365e-2;358e-2;3807e-1;156e-2;3563e-1;583e-2
2016-06-05;08:05:09;1800e0;5675793e0;1474e0;18963e0;443e-2;454e-2;446e-2;3825e-1;264e-2;3490e-1;670e-2
2016-06-05;08:35:09;1800e0;6916173e0;1827e0;23698e0;540e-2;552e-2;544e-2;3759e-1;405e-2;3485e-1;731e-2
2016-06-05;09:05:09;1800e0;7960078e0;2270e0;27035e0;621e-2;635e-2;627e-2;3671e-1;558e-2;3483e-1;754e-2
2016-06-05;09:35:09;1800e0;8816356e0;2008e0;30471e0;693e-2;708e-2;699e-2;3593e-1;712e-2;3449e-1;758e-2
2016-06-05;10:05:09;1800e0;7349125e0;1732e0;25196e0;578e-2;591e-2;583e-2;3598e-1;652e-2;3512e-1;559e-2
2016-06-05;10:35:09;1800e0;10353269e0;2260e0;35576e0;807e-2;822e-2;815e-2;3524e-1;1000e-2;3450e-1;735e-2
2016-06-05;11:05:09;1800e0;11242465e0;2848e0;37757e0;877e-2;894e-2;886e-2;3454e-1;1167e-2;3397e-1;750e-2
2016-06-05;11:35:09;1800e0;11337493e0;2268e0;39060e0;887e-2;903e-2;896e-2;3403e-1;1246e-2;3399e-1;703e-2
2016-06-05;12:05:09;1800e0;10801201e0;2746e0;36366e0;845e-2;861e-2;853e-2;3406e-1;1222e-2;3512e-1;611e-2
2016-06-05;12:35:09;1800e0;9735494e0;1906e0;33843e0;762e-2;776e-2;769e-2;3430e-1;1104e-2;3578e-1;532e-2
2016-06-05;13:05:09;1800e0;11628301e0;3313e0;39320e0;907e-2;923e-2;916e-2;3356e-1;1369e-2;3639e-1;608e-2
2016-06-05;13:35:09;1800e0;10287110e0;2985e0;34683e0;803e-2;818e-2;811e-2;3322e-1;1218e-2;3548e-1;561e-2
2016-06-05;14:05:09;1800e0;7871226e0;1370e0;27237e0;613e-2;626e-2;619e-2;3459e-1;847e-2;3543e-1;479e-2
2016-06-05;14:35:09;1800e0;9783221e0;2629e0;33218e0;760e-2;775e-2;767e-2;3456e-1;1063e-2;3513e-1;603e-2
2016-06-05;15:05:09;1800e0;12847577e0;3836e0;43220e0;994e-2;1012e-2;1005e-2;3292e-1;1435e-2;3479e-1;802e-2
2016-06-05;15:35:09;1800e0;11411997e0;2561e0;39198e0;882e-2;898e-2;891e-2;3364e-1;1212e-2;3458e-1;755e-2
2016-06-05;16:05:09;1800e0;10399368e0;2895e0;34813e0;806e-2;821e-2;813e-2;3408e-1;1047e-2;3511e-1;717e-2
2016-06-05;16:35:09;1800e0;7169298e0;1842e0;24337e0;556e-2;568e-2;561e-2;3479e-1;665e-2;3515e-1;533e-2
2016-06-05;17:05:09;1800e0;5554028e0;1225e0;18944e0;433e-2;442e-2;437e-2;3523e-1;489e-2;3504e-1;435e-2
2016-06-05;17:35:09;1800e0;5925813e0;1486e0;20219e0;461e-2;471e-2;466e-2;3548e-1;458e-2;3544e-1;513e-2
2016-06-05;18:05:09;1800e0;5044431e0;1216e0;17205e0;393e-2;402e-2;397e-2;3613e-1;332e-2;3542e-1;494e-2
2016-06-05;18:35:09;1800e0;5176691e0;921e0;17802e0;403e-2;414e-2;406e-2;3643e-1;282e-2;3417e-1;594e-2
2016-06-05;19:05:09;1800e0;3447938e0;448e0;12059e0;270e-2;276e-2;272e-2;3628e-1;151e-2;3395e-1;438e-2
2016-06-05;19:35:09;1800e0;3431743e0;664e0;11859e0;271e-2;278e-2;273e-2;3606e-1;110e-2;3558e-1;459e-2
2016-06-05;20:05:09;1800e0;2628383e0;439e0;9210e0;209e-2;214e-2;211e-2;3547e-1;79e-2;3570e-1;361e-2
2016-06-05;20:35:09;1800e0;1799978e0;187e0;6019e0;147e-2;149e-2;149e-2;3502e-1;58e-2;3572e-1;245e-2
2016-06-05;21:05:09;1800e0;844474e0;131e0;2887e0;80e-2;70e-2;86e-2;3410e-1;38e-2;3154e-1;119e-2
2016-06-05;21:35:09;1800e0;142139e0;12e0;328e0;29e-2;8e-2;22e-2;3187e-1;17e-2;3047e-1;20e-2
2016-06-06;05:05:09;1800e0;187937e0;24e0;858e0;44e-2;16e-2;44e-2;3340e-1;24e-2;3328e-1;23e-2
2016-06-06;05:35:09;1800e0;415446e0;31e0;1069e0;53e-2;35e-2;62e-2;3397e-1;39e-2;3406e-1;41e-2
2016-06-06;06:05:09;1800e0;800673e0;130e0;2922e0;76e-2;67e-2;82e-2;3493e-1;54e-2;3556e-1;85e-2
2016-06-06;06:35:09;1800e0;1355282e0;188e0;4911e0;113e-2;111e-2;117e-2;3573e-1;101e-2;3619e-1;125e-2
2016-06-06;07:05:09;1800e0;1664020e0;183e0;5615e0;135e-2;136e-2;138e-2;3604e-1;149e-2;3597e-1;128e-2
2016-06-06;07:35:09;1800e0;2294392e0;387e0;7726e0;181e-2;187e-2;183e-2;3631e-1;204e-2;3636e-1;171e-2
2016-06-06;08:05:09;1800e0;2743282e0;474e0;9315e0;215e-2;223e-2;217e-2;3649e-1;241e-2;3654e-1;204e-2
2016-06-06;08:35:09;1800e0;2756840e0;422e0;9467e0;215e-2;224e-2;218e-2;3657e-1;254e-2;3625e-1;195e-2
2016-06-06;09:05:09;1800e0;3266268e0;450e0;11558e0;255e-2;265e-2;257e-2;3659e-1;298e-2;3641e-1;232e-2
2016-06-06;09:35:09;1800e0;4506031e0;884e0;15534e0;352e-2;365e-2;356e-2;3668e-1;402e-2;3668e-1;321e-2
2016-06-06;10:05:09;1800e0;7672998e0;1804e0;26240e0;600e-2;617e-2;606e-2;3652e-1;681e-2;3661e-1;552e-2
2016-06-06;10:35:09;1800e0;10123363e0;2493e0;34640e0;786e-2;804e-2;794e-2;3583e-1;947e-2;3542e-1;718e-2
2016-06-06;11:05:09;1800e0;11519846e0;2223e0;39929e0;891e-2;909e-2;899e-2;3499e-1;1176e-2;3503e-1;749e-2
2016-06-06;11:35:09;1800e0;12181852e0;3478e0;41252e0;939e-2;958e-2;949e-2;3450e-1;1310e-2;3522e-1;739e-2
2016-06-06;12:05:09;1800e0;10585938e0;2433e0;36620e0;818e-2;835e-2;826e-2;3455e-1;1171e-2;3554e-1;603e-2
2016-06-06;12:35:09;1800e0;11949547e0;2568e0;40620e0;930e-2;948e-2;940e-2;3379e-1;1409e-2;3655e-1;606e-2
2016-06-06;13:05:09;1800e0;11798124e0;3195e0;39358e0;920e-2;938e-2;930e-2;3378e-1;1415e-2;3686e-1;572e-2
2016-06-06;13:35:09;1799e0;11765035e0;3182e0;39526e0;917e-2;934e-2;926e-2;3367e-1;1439e-2;3592e-1;564e-2
2016-06-06;14:05:09;1800e0;11593848e0;3182e0;38748e0;895e-2;912e-2;904e-2;3380e-1;1390e-2;3568e-1;581e-2
2016-06-06;14:35:09;1800e0;11704546e0;3245e0;39099e0;902e-2;919e-2;912e-2;3376e-1;1349e-2;3498e-1;653e-2
2016-06-06;15:05:09;1800e0;11581274e0;2740e0;39481e0;892e-2;909e-2;902e-2;3381e-1;1279e-2;3459e-1;707e-2
2016-06-06;15:35:09;1800e0;11141143e0;2069e0;38571e0;872e-2;889e-2;880e-2;3435e-1;1163e-2;3443e-1;732e-2
2016-06-06;16:05:09;1800e0;10502060e0;2323e0;36029e0;822e-2;839e-2;831e-2;3458e-1;1040e-2;3412e-1;748e-2
2016-06-06;16:35:09;1800e0;9642433e0;2632e0;32683e0;753e-2;769e-2;760e-2;3493e-1;889e-2;3394e-1;750e-2
2016-06-06;17:05:09;1800e0;8668788e0;2050e0;29750e0;676e-2;691e-2;682e-2;3550e-1;722e-2;3403e-1;742e-2
2016-06-06;17:35:09;1800e0;7802596e0;2007e0;26737e0;609e-2;624e-2;615e-2;3654e-1;557e-2;3495e-1;729e-2
2016-06-06;18:05:09;1800e0;6721276e0;1817e0;23040e0;523e-2;537e-2;528e-2;3701e-1;403e-2;3525e-1;699e-2
2016-06-06;18:35:09;1800e0;5659706e0;1160e0;19297e0;440e-2;452e-2;443e-2;3710e-1;278e-2;3553e-1;648e-2
2016-06-06;19:05:09;1800e0;4714462e0;803e0;16129e0;366e-2;377e-2;369e-2;3750e-1;182e-2;3575e-1;588e-2
2016-06-06;19:35:09;1800e0;3033967e0;453e0;10669e0;238e-2;245e-2;240e-2;3647e-1;99e-2;3614e-1;398e-2
2016-06-06;20:05:09;1800e0;1780496e0;146e0;6191e0;145e-2;145e-2;148e-2;3553e-1;70e-2;3618e-1;224e-2
2016-06-06;20:35:09;1800e0;2030868e0;187e0;7015e0;162e-2;165e-2;165e-2;3557e-1;64e-2;3672e-1;269e-2
2016-06-06;21:05:09;1800e0;891381e0;130e0;3145e0;82e-2;74e-2;88e-2;3472e-1;36e-2;3177e-1;128e-2
2016-06-06;21:35:09;1800e0;139433e0;0e0;253e0;27e-2;10e-2;22e-2;3235e-1;15e-2;3059e-1;20e-2
2016-06-07;05:00:00;1800e0;111018e0;12e0;505e0;38e-2;11e-2;33e-2;3482e-1;16e-2;3508e-1;19e-2
2016-06-07;05:30:00;1800e0;400007e0;63e0;1111e0;54e-2;33e-2;63e-2;3472e-1;29e-2;3510e-1;43e-2
2016-06-07;06:00:00;1800e0;1943040e0;217e0;6597e0;157e-2;160e-2;160e-2;3674e-1;59e-2;3774e-1;250e-2
2016-06-07;06:30:00;1800e0;2809039e0;448e0;9797e0;223e-2;229e-2;225e-2;3711e-1;80e-2;3733e-1;369e-2
2016-06-07;07:00:00;1800e0;3598428e0;573e0;12607e0;285e-2;293e-2;287e-2;3682e-1;101e-2;3686e-1;478e-2
2016-06-07;07:30:00;1800e0;4458986e0;741e0;15383e0;350e-2;362e-2;352e-2;3854e-1;152e-2;3600e-1;571e-2
2016-06-07;08:00:00;1800e0;5497063e0;1118e0;18975e0;428e-2;443e-2;432e-2;3774e-1;249e-2;3485e-1;662e-2
2016-06-07;08:30:00;1800e0;6576884e0;2101e0;21987e0;513e-2;527e-2;517e-2;3736e-1;369e-2;3464e-1;721e-2
2016-06-07;09:00:00;1800e0;7568230e0;2273e0;25748e0;589e-2;604e-2;594e-2;3695e-1;508e-2;3452e-1;745e-2
2016-06-07;09:30:00;1800e0;8631226e0;2510e0;29091e0;679e-2;695e-2;686e-2;3608e-1;676e-2;3455e-1;758e-2
2016-06-07;10:00:00;1800e0;9605566e0;2925e0;32257e0;752e-2;769e-2;760e-2;3565e-1;841e-2;3446e-1;764e-2
2016-06-07;10:30:00;1800e0;10440045e0;2648e0;35439e0;815e-2;832e-2;823e-2;3506e-1;998e-2;3427e-1;763e-2
2016-06-07;11:00:00;1800e0;10999098e0;2055e0;38097e0;858e-2;876e-2;867e-2;3452e-1;1127e-2;3428e-1;742e-2
2016-06-07;11:30:00;1800e0;11595149e0;1966e0;40200e0;910e-2;928e-2;920e-2;3428e-1;1245e-2;3473e-1;723e-2
2016-06-07;12:00:00;1799e0;11451304e0;2947e0;39010e0;894e-2;911e-2;903e-2;3417e-1;1277e-2;3527e-1;660e-2
2016-06-07;12:30:00;1800e0;11803222e0;3334e0;39574e0;917e-2;934e-2;926e-2;3395e-1;1381e-2;3625e-1;607e-2
2016-06-07;13:00:00;1800e0;12349411e0;3470e0;41853e0;967e-2;985e-2;977e-2;3361e-1;1462e-2;3678e-1;624e-2
2016-06-07;13:30:00;1800e0;10776718e0;2906e0;36664e0;848e-2;864e-2;856e-2;3406e-1;1281e-2;3601e-1;536e-2
2016-06-07;14:00:00;1800e0;11875433e0;3310e0;40791e0;930e-2;947e-2;939e-2;3365e-1;1402e-2;3562e-1;623e-2
2016-06-07;14:30:00;1800e0;11159286e0;2767e0;37863e0;874e-2;891e-2;883e-2;3416e-1;1263e-2;3512e-1;630e-2
2016-06-07;15:00:00;1800e0;11695838e0;2697e0;39772e0;914e-2;931e-2;923e-2;3413e-1;1280e-2;3489e-1;706e-2
2016-06-07;15:30:00;1800e0;11291822e0;3232e0;38016e0;881e-2;898e-2;890e-2;3439e-1;1179e-2;3471e-1;734e-2
2016-06-07;16:00:00;1800e0;10743854e0;2766e0;36525e0;832e-2;849e-2;841e-2;3467e-1;1064e-2;3448e-1;753e-2
2016-06-07;16:30:00;1800e0;9988425e0;2797e0;34047e0;773e-2;789e-2;781e-2;3509e-1;922e-2;3443e-1;758e-2
2016-06-07;17:00:00;1800e0;8986442e0;2101e0;30843e0;698e-2;713e-2;705e-2;3555e-1;759e-2;3428e-1;749e-2
2016-06-07;17:30:00;1800e0;7816515e0;1679e0;26806e0;608e-2;623e-2;614e-2;3591e-1;590e-2;3440e-1;718e-2
2016-06-07;18:00:00;1800e0;6638938e0;1575e0;22698e0;517e-2;530e-2;521e-2;3623e-1;436e-2;3455e-1;673e-2
2016-06-07;18:30:00;1800e0;5564078e0;1254e0;19050e0;434e-2;446e-2;437e-2;3619e-1;316e-2;3471e-1;615e-2
2016-06-07;19:00:00;1800e0;4485697e0;808e0;15378e0;349e-2;359e-2;350e-2;3667e-1;214e-2;3503e-1;532e-2
2016-06-07;19:30:00;1800e0;3130115e0;360e0;11038e0;246e-2;253e-2;248e-2;3615e-1;131e-2;3548e-1;389e-2
2016-06-07;20:00:00;1800e0;812957e0;131e0;2877e0;76e-2;66e-2;82e-2;3404e-1;70e-2;3412e-1;76e-2
2016-06-07;20:30:00;1800e0;686233e0;122e0;2571e0;69e-2;57e-2;75e-2;3386e-1;58e-2;3423e-1;66e-2
2016-06-07;21:00:00;1800e0;404809e0;58e0;1470e0;54e-2;32e-2;59e-2;3294e-1;38e-2;3281e-1;40e-2
2016-06-07;21:30:00;1800e0;248241e0;22e0;854e0;42e-2;18e-2;44e-2;3237e-1;26e-2;3298e-1;25e-2
2016-06-08;05:30:00;1800e0;451217e0;56e0;1292e0;55e-2;36e-2;63e-2;3423e-1;34e-2;3459e-1;48e-2
2016-06-08;06:00:00;1800e0;641589e0;150e0;2312e0;66e-2;53e-2;72e-2;3477e-1;62e-2;3467e-1;52e-2
2016-06-08;06:30:00;1800e0;2149738e0;274e0;7434e0;172e-2;174e-2;175e-2;3651e-1;124e-2;3654e-1;224e-2
2016-06-08;07:00:00;1800e0;2273332e0;268e0;7867e0;182e-2;186e-2;185e-2;3628e-1;166e-2;3622e-1;203e-2
2016-06-08;07:30:00;1800e0;2249251e0;220e0;7563e0;177e-2;184e-2;180e-2;3624e-1;190e-2;3615e-1;178e-2
2016-06-08;08:00:00;1800e0;1768834e0;299e0;5889e0;142e-2;147e-2;145e-2;3594e-1;166e-2;3579e-1;129e-2
2016-06-08;08:30:00;1800e0;1913683e0;229e0;6559e0;153e-2;159e-2;156e-2;3612e-1;180e-2;3598e-1;137e-2
2016-06-08;09:00:00;1800e0;2304073e0;323e0;7877e0;182e-2;190e-2;185e-2;3640e-1;212e-2;3635e-1;163e-2
2016-06-08;09:30:00;1800e0;2290320e0;387e0;7618e0;181e-2;188e-2;183e-2;3637e-1;212e-2;3629e-1;162e-2
2016-06-08;10:00:00;1800e0;2557411e0;434e0;8921e0;201e-2;209e-2;204e-2;3644e-1;236e-2;3641e-1;180e-2
2016-06-08;10:30:00;1800e0;2598936e0;436e0;8925e0;204e-2;212e-2;206e-2;3639e-1;239e-2;3640e-1;184e-2
2016-06-08;11:00:00;1800e0;2629698e0;375e0;9023e0;206e-2;214e-2;208e-2;3638e-1;243e-2;3633e-1;185e-2
2016-06-08;11:30:00;1800e0;2688102e0;319e0;9385e0;210e-2;218e-2;212e-2;3639e-1;246e-2;3643e-1;189e-2
2016-06-08;12:00:00;1800e0;3636424e0;752e0;12603e0;283e-2;294e-2;286e-2;3656e-1;335e-2;3660e-1;251e-2
2016-06-08;12:30:00;1800e0;4337916e0;877e0;14822e0;338e-2;350e-2;342e-2;3651e-1;400e-2;3662e-1;298e-2
2016-06-08;13:00:00;1800e0;5142371e0;826e0;17606e0;400e-2;413e-2;404e-2;3639e-1;475e-2;3650e-1;353e-2
2016-06-08;13:30:00;1800e0;4543606e0;742e0;15564e0;355e-2;367e-2;358e-2;3638e-1;421e-2;3638e-1;312e-2
2016-06-08;14:00:00;1800e0;5285086e0;1173e0;17829e0;411e-2;424e-2;415e-2;3634e-1;495e-2;3638e-1;358e-2
2016-06-08;14:30:00;1800e0;4981038e0;920e0;17210e0;387e-2;399e-2;390e-2;3609e-1;466e-2;3619e-1;342e-2
2016-06-08;15:00:00;1800e0;3986719e0;597e0;13826e0;309e-2;319e-2;312e-2;3596e-1;369e-2;3604e-1;282e-2
2016-06-08;15:30:00;1800e0;4816011e0;952e0;16327e0;373e-2;385e-2;376e-2;3603e-1;448e-2;3617e-1;336e-2
2016-06-08;16:00:00;1800e0;6116207e0;1288e0;20489e0;474e-2;487e-2;478e-2;3569e-1;576e-2;3598e-1;425e-2
2016-06-08;16:30:00;1800e0;4313190e0;616e0;14872e0;337e-2;347e-2;339e-2;3571e-1;402e-2;3590e-1;305e-2
2016-06-08;17:00:00;1800e0;6777576e0;1269e0;23393e0;531e-2;542e-2;535e-2;3550e-1;598e-2;3544e-1;522e-2
2016-06-08;17:30:00;1800e0;3160210e0;382e0;11143e0;250e-2;256e-2;251e-2;3549e-1;283e-2;3562e-1;240e-2
2016-06-08;18:00:00;1800e0;3328347e0;599e0;11410e0;262e-2;269e-2;264e-2;3566e-1;304e-2;3569e-1;244e-2
2016-06-08;18:30:00;1800e0;3674001e0;688e0;12475e0;289e-2;298e-2;291e-2;3596e-1;295e-2;3600e-1;306e-2
2016-06-08;19:00:00;1800e0;4617199e0;723e0;15782e0;362e-2;372e-2;364e-2;3684e-1;227e-2;3554e-1;530e-2
2016-06-08;19:30:00;1800e0;2325009e0;237e0;8229e0;189e-2;189e-2;192e-2;3542e-1;136e-2;3450e-1;253e-2
2016-06-08;20:00:00;1800e0;330710e0;31e0;738e0;50e-2;28e-2;57e-2;3273e-1;36e-2;3255e-1;29e-2
2016-06-08;20:30:00;1800e0;121098e0;0e0;282e0;34e-2;19e-2;35e-2;3318e-1;27e-2;3274e-1;20e-2
2016-06-09;05:00:00;1800e0;224830e0;10e0;982e0;45e-2;22e-2;47e-2;3523e-1;20e-2;3545e-1;37e-2
2016-06-09;05:30:00;1800e0;1207442e0;169e0;4135e0;104e-2;101e-2;108e-2;3635e-1;40e-2;3773e-1;153e-2
2016-06-09;06:00:00;1800e0;2157764e0;255e0;7347e0;173e-2;177e-2;175e-2;3704e-1;62e-2;3786e-1;279e-2
2016-06-09;06:30:00;1800e0;2790830e0;326e0;9728e0;220e-2;227e-2;222e-2;3715e-1;91e-2;3705e-1;357e-2
2016-06-09;07:00:00;1800e0;3729552e0;718e0;12828e0;294e-2;304e-2;296e-2;3699e-1;109e-2;3616e-1;500e-2
2016-06-09;07:30:00;1800e0;3693331e0;745e0;12185e0;290e-2;301e-2;293e-2;3815e-1;185e-2;3598e-1;412e-2
2016-06-09;08:00:00;1800e0;5660797e0;1151e0;19643e0;441e-2;456e-2;446e-2;3792e-1;281e-2;3463e-1;658e-2
2016-06-09;08:30:00;1800e0;6512087e0;1561e0;22461e0;508e-2;524e-2;513e-2;3747e-1;391e-2;3438e-1;690e-2
2016-06-09;09:00:00;1800e0;6927359e0;2142e0;23099e0;541e-2;558e-2;548e-2;3646e-1;488e-2;3467e-1;664e-2
2016-06-09;09:30:00;1799e0;9155359e0;2779e0;30535e0;714e-2;733e-2;722e-2;3562e-1;733e-2;3387e-1;816e-2
2016-06-09;10:00:00;1800e0;9976599e0;2201e0;34435e0;778e-2;798e-2;787e-2;3495e-1;888e-2;3366e-1;816e-2
2016-06-09;10:30:00;1800e0;10225539e0;2813e0;34575e0;786e-2;805e-2;794e-2;3451e-1;986e-2;3366e-1;769e-2
2016-06-09;11:00:00;1800e0;10972332e0;3317e0;36929e0;852e-2;872e-2;862e-2;3416e-1;1129e-2;3368e-1;762e-2
2016-06-09;11:30:00;1800e0;10749700e0;2432e0;36681e0;835e-2;854e-2;844e-2;3387e-1;1165e-2;3484e-1;673e-2
2016-06-09;12:00:00;1800e0;9540093e0;2364e0;32481e0;744e-2;762e-2;752e-2;3411e-1;1062e-2;3643e-1;538e-2
2016-06-09;12:30:00;1800e0;10563787e0;2216e0;36248e0;821e-2;839e-2;829e-2;3384e-1;1227e-2;3738e-1;540e-2
2016-06-09;13:00:00;1800e0;11189052e0;2677e0;37945e0;868e-2;887e-2;878e-2;3351e-1;1405e-2;3667e-1;495e-2
2016-06-09;13:30:00;1800e0;9337440e0;2513e0;31721e0;724e-2;740e-2;731e-2;3447e-1;1244e-2;3587e-1;323e-2
2016-06-09;14:00:00;1800e0;10904666e0;3294e0;36575e0;850e-2;868e-2;859e-2;3411e-1;1406e-2;3562e-1;440e-2
2016-06-09;14:30:00;1800e0;11070984e0;2446e0;37936e0;869e-2;886e-2;877e-2;3410e-1;1361e-2;3526e-1;518e-2
2016-06-09;15:00:00;1800e0;10974490e0;2263e0;37609e0;859e-2;875e-2;867e-2;3392e-1;1293e-2;3469e-1;584e-2
2016-06-09;15:30:00;1800e0;10776893e0;2812e0;36363e0;838e-2;855e-2;847e-2;3423e-1;1197e-2;3448e-1;638e-2
2016-06-09;16:00:00;1800e0;10536007e0;2526e0;36268e0;817e-2;833e-2;825e-2;3484e-1;1090e-2;3467e-1;681e-2
2016-06-09;16:30:00;1800e0;9255075e0;2223e0;31858e0;719e-2;734e-2;726e-2;3534e-1;897e-2;3475e-1;646e-2
2016-06-09;17:00:00;1800e0;8925140e0;2060e0;30659e0;693e-2;708e-2;699e-2;3563e-1;789e-2;3468e-1;696e-2
2016-06-09;17:30:00;1800e0;7965384e0;2094e0;27254e0;616e-2;630e-2;621e-2;3600e-1;647e-2;3483e-1;671e-2
2016-06-09;18:00:00;1800e0;6779555e0;1620e0;23386e0;524e-2;537e-2;528e-2;3646e-1;470e-2;3506e-1;647e-2
2016-06-09;18:30:00;1800e0;4517028e0;719e0;15874e0;351e-2;360e-2;354e-2;3645e-1;309e-2;3556e-1;427e-2
2016-06-09;19:00:00;1800e0;2729039e0;387e0;9340e0;216e-2;221e-2;219e-2;3594e-1;230e-2;3583e-1;217e-2
2016-06-09;19:30:00;1800e0;2755470e0;326e0;9676e0;217e-2;222e-2;219e-2;3631e-1;162e-2;3628e-1;287e-2
2016-06-09;20:00:00;1800e0;1434745e0;173e0;5030e0;121e-2;117e-2;125e-2;3515e-1;88e-2;3539e-1;153e-2
2016-06-09;20:30:01;1800e0;545523e0;118e0;1979e0;60e-2;46e-2;68e-2;3426e-1;60e-2;3448e-1;40e-2
2016-06-09;21:00:00;1800e0;665205e0;72e0;2121e0;69e-2;55e-2;76e-2;3440e-1;52e-2;3492e-1;63e-2
2016-06-10;05:30:01;1800e0;161838e0;16e0;350e0;39e-2;10e-2;32e-2;3350e-1;26e-2;3282e-1;9e-2
2016-06-10;06:00:01;1800e0;375228e0;25e0;795e0;50e-2;31e-2;60e-2;3470e-1;51e-2;3409e-1;17e-2
2016-06-10;06:30:01;1800e0;417168e0;43e0;954e0;52e-2;35e-2;60e-2;3459e-1;55e-2;3417e-1;21e-2
2016-06-10;07:00:01;1800e0;526232e0;43e0;1547e0;59e-2;45e-2;66e-2;3485e-1;68e-2;3461e-1;26e-2
2016-06-10;07:30:01;1800e0;1593939e0;267e0;5295e0;129e-2;131e-2;132e-2;3798e-1;195e-2;3480e-1;59e-2
2016-06-10;08:00:01;1800e0;1894902e0;224e0;6402e0;151e-2;155e-2;153e-2;3766e-1;239e-2;3381e-1;65e-2
2016-06-10;08:30:01;1800e0;2765948e0;336e0;9775e0;217e-2;224e-2;219e-2;3678e-1;350e-2;3716e-1;90e-2
2016-06-10;09:00:01;1800e0;3148339e0;467e0;10895e0;246e-2;255e-2;249e-2;3661e-1;407e-2;3661e-1;97e-2
2016-06-10;09:30:01;1800e0;3327637e0;450e0;11583e0;262e-2;272e-2;265e-2;3672e-1;421e-2;3737e-1;109e-2
2016-06-10;10:00:01;1800e0;4219333e0;802e0;14439e0;332e-2;343e-2;335e-2;3646e-1;541e-2;3739e-1;133e-2
2016-06-10;10:30:01;1800e0;5330464e0;1134e0;18145e0;418e-2;429e-2;422e-2;3555e-1;739e-2;3711e-1;130e-2
2016-06-10;11:00:01;1800e0;4147020e0;1157e0;13851e0;327e-2;333e-2;331e-2;3548e-1;571e-2;3652e-1;104e-2
2016-06-10;11:30:01;1800e0;6403102e0;1271e0;22334e0;496e-2;507e-2;501e-2;3552e-1;909e-2;3684e-1;134e-2
2016-06-10;12:00:01;1800e0;5089656e0;1095e0;17482e0;401e-2;410e-2;405e-2;3519e-1;705e-2;3635e-1;134e-2
2016-06-10;12:30:01;1800e0;5995764e0;1262e0;20568e0;469e-2;478e-2;474e-2;3523e-1;827e-2;3681e-1;157e-2
2016-06-10;13:00:01;1800e0;6303718e0;1644e0;21213e0;493e-2;504e-2;498e-2;3511e-1;835e-2;3623e-1;209e-2
2016-06-10;13:30:01;1800e0;8517358e0;1884e0;29557e0;665e-2;679e-2;671e-2;3466e-1;1113e-2;3586e-1;310e-2
2016-06-10;14:00:01;1800e0;8319782e0;2073e0;28374e0;648e-2;662e-2;655e-2;3438e-1;1055e-2;3547e-1;348e-2
2016-06-10;14:30:01;1800e0;8519516e0;1756e0;29716e0;664e-2;678e-2;671e-2;3448e-1;1029e-2;3524e-1;405e-2
2016-06-10;15:00:01;1800e0;8650746e0;2334e0;29562e0;671e-2;685e-2;678e-2;3490e-1;999e-2;3546e-1;441e-2
2016-06-10;15:30:01;1800e0;8980658e0;2323e0;30723e0;690e-2;703e-2;697e-2;3520e-1;982e-2;3536e-1;500e-2
2016-06-10;16:00:01;1800e0;10873050e0;3660e0;36076e0;829e-2;844e-2;837e-2;3530e-1;1120e-2;3507e-1;683e-2
2016-06-10;16:30:01;1800e0;9930968e0;2837e0;33382e0;764e-2;779e-2;771e-2;3562e-1;948e-2;3489e-1;696e-2
2016-06-10;17:00:01;1800e0;9181594e0;2782e0;31097e0;709e-2;724e-2;716e-2;3592e-1;803e-2;3466e-1;718e-2
2016-06-10;17:30:01;1800e0;8119908e0;1937e0;27727e0;626e-2;641e-2;633e-2;3651e-1;625e-2;3516e-1;704e-2
2016-06-10;18:00:01;1800e0;6868177e0;1660e0;23359e0;531e-2;545e-2;536e-2;3686e-1;453e-2;3495e-1;676e-2
2016-06-10;18:30:01;1800e0;5760528e0;1288e0;19921e0;445e-2;457e-2;448e-2;3725e-1;313e-2;3515e-1;632e-2
2016-06-10;19:00:01;1800e0;4739480e0;694e0;16572e0;367e-2;377e-2;369e-2;3781e-1;200e-2;3566e-1;570e-2
2016-06-10;19:30:01;1800e0;3432173e0;689e0;11933e0;268e-2;275e-2;270e-2;3728e-1;118e-2;3664e-1;433e-2
2016-06-10;20:00:01;1800e0;2459999e0;314e0;8624e0;195e-2;200e-2;198e-2;3608e-1;85e-2;3730e-1;309e-2
2016-06-10;20:30:01;1800e0;2107653e0;335e0;7381e0;170e-2;174e-2;173e-2;3586e-1;68e-2;3688e-1;276e-2
2016-06-10;21:00:01;1800e0;1209057e0;105e0;4077e0;105e-2;102e-2;108e-2;3520e-1;43e-2;3432e-1;167e-2
2016-06-10;21:30:01;1800e0;258652e0;31e0;662e0;40e-2;22e-2;34e-2;3353e-1;21e-2;2807e-1;41e-2
2016-06-11;05:00:01;1800e0;104873e0;6e0;409e0;28e-2;9e-2;18e-2;3571e-1;20e-2;3505e-1;8e-2
2016-06-11;05:30:01;1800e0;281378e0;35e0;707e0;48e-2;23e-2;57e-2;3658e-1;38e-2;3578e-1;14e-2
2016-06-11;06:00:01;1800e0;429082e0;37e0;1159e0;54e-2;37e-2;63e-2;3720e-1;55e-2;3657e-1;18e-2
2016-06-11;06:30:01;1800e0;564516e0;75e0;2222e0;62e-2;49e-2;70e-2;3695e-1;73e-2;3506e-1;25e-2
2016-06-11;07:00:01;1800e0;719513e0;75e0;2750e0;71e-2;61e-2;77e-2;3657e-1;87e-2;2620e-1;45e-2
2016-06-11;07:30:01;1800e0;1113227e0;134e0;3923e0;97e-2;94e-2;101e-2;3840e-1;136e-2;2989e-1;49e-2
2016-06-11;08:00:01;1800e0;1788008e0;221e0;6164e0;146e-2;148e-2;149e-2;3847e-1;229e-2;3332e-1;54e-2
2016-06-11;08:30:01;1800e0;2623769e0;480e0;8977e0;211e-2;216e-2;213e-2;3781e-1;357e-2;3451e-1;56e-2
2016-06-11;09:00:01;1800e0;3555262e0;362e0;12586e0;283e-2;291e-2;285e-2;3723e-1;504e-2;3500e-1;60e-2
2016-06-11;09:30:01;1800e0;4611206e0;969e0;15714e0;359e-2;369e-2;362e-2;3620e-1;683e-2;3595e-1;60e-2
2016-06-11;10:00:01;1800e0;5588412e0;1376e0;19394e0;440e-2;452e-2;444e-2;3563e-1;851e-2;3616e-1;63e-2
2016-06-11;10:30:01;1800e0;6452519e0;1926e0;21787e0;509e-2;522e-2;513e-2;3512e-1;998e-2;3774e-1;68e-2
2016-06-11;11:00:01;1800e0;7231502e0;2004e0;24700e0;569e-2;582e-2;574e-2;3458e-1;1130e-2;3756e-1;80e-2
2016-06-11;11:30:01;1800e0;7124489e0;1788e0;24328e0;561e-2;574e-2;566e-2;3474e-1;1099e-2;3687e-1;90e-2
2016-06-11;12:00:01;1800e0;6988183e0;1228e0;24366e0;550e-2;563e-2;556e-2;3456e-1;1064e-2;3641e-1;113e-2
2016-06-11;12:30:01;1800e0;5845118e0;1033e0;20451e0;461e-2;472e-2;465e-2;3518e-1;832e-2;3671e-1;134e-2
2016-06-11;13:00:01;1800e0;8837276e0;2201e0;30182e0;694e-2;709e-2;702e-2;3506e-1;1201e-2;3660e-1;269e-2
2016-06-11;13:30:01;1800e0;7533835e0;1545e0;26318e0;592e-2;605e-2;598e-2;3470e-1;980e-2;3599e-1;286e-2
2016-06-11;14:00:01;1800e0;11121519e0;3609e0;37858e0;872e-2;889e-2;882e-2;3333e-1;1445e-2;3523e-1;481e-2
2016-06-11;14:30:01;1800e0;11448283e0;3049e0;39594e0;897e-2;914e-2;906e-2;3365e-1;1412e-2;3476e-1;558e-2
2016-06-11;15:00:01;1800e0;5556644e0;1045e0;19317e0;436e-2;447e-2;440e-2;3513e-1;651e-2;3550e-1;275e-2
2016-06-11;15:30:01;1800e0;4301152e0;921e0;14726e0;338e-2;346e-2;341e-2;3617e-1;462e-2;3644e-1;234e-2
2016-06-11;16:00:01;1800e0;11851397e0;3753e0;39596e0;924e-2;942e-2;934e-2;3398e-1;1280e-2;3371e-1;764e-2
2016-06-11;16:30:01;1800e0;10633033e0;2277e0;36660e0;830e-2;846e-2;838e-2;3434e-1;1085e-2;3359e-1;743e-2
2016-06-11;17:00:01;1800e0;3810760e0;736e0;13118e0;300e-2;307e-2;303e-2;3541e-1;401e-2;3512e-1;241e-2
2016-06-11;17:30:01;1800e0;1835491e0;254e0;5998e0;149e-2;150e-2;151e-2;3586e-1;199e-2;3633e-1;103e-2
2016-06-11;18:00:01;1800e0;1217824e0;130e0;4488e0;104e-2;100e-2;108e-2;3577e-1;136e-2;3618e-1;67e-2
2016-06-11;18:30:01;1800e0;1625502e0;256e0;5388e0;133e-2;133e-2;136e-2;3603e-1;170e-2;3674e-1;96e-2
2016-06-11;19:00:01;1800e0;1536886e0;152e0;5265e0;128e-2;127e-2;131e-2;3595e-1;141e-2;3648e-1;112e-2
2016-06-11;19:30:01;1800e0;632349e0;87e0;2425e0;66e-2;54e-2;72e-2;3495e-1;70e-2;3530e-1;42e-2
2016-06-11;20:00:01;1800e0;831253e0;137e0;2893e0;81e-2;70e-2;87e-2;3500e-1;59e-2;3571e-1;82e-2
2016-06-11;20:30:01;1800e0;346851e0;43e0;633e0;50e-2;29e-2;58e-2;3409e-1;41e-2;3440e-1;24e-2
2016-06-11;21:00:01;1800e0;209042e0;6e0;424e0;44e-2;15e-2;45e-2;3372e-1;29e-2;3397e-1;15e-2
2016-06-11;21:30:01;1800e0;94311e0;0e0;165e0;14e-2;7e-2;4e-2;3281e-1;16e-2;3331e-1;8e-2
2016-06-12;05:00:01;1800e0;72375e0;6e0;448e0;18e-2;7e-2;9e-2;3452e-1;18e-2;3391e-1;7e-2
2016-06-12;05:30:01;1800e0;245637e0;31e0;649e0;46e-2;19e-2;53e-2;3471e-1;36e-2;3452e-1;14e-2
2016-06-12;06:00:01;1800e0;483071e0;76e0;1600e0;57e-2;41e-2;66e-2;3565e-1;64e-2;3503e-1;23e-2
2016-06-12;06:30:01;1800e0;729686e0;117e0;2743e0;72e-2;61e-2;78e-2;3622e-1;95e-2;3545e-1;29e-2
2016-06-12;07:00:01;1800e0;995937e0;174e0;3809e0;89e-2;83e-2;94e-2;3705e-1;128e-2;3559e-1;37e-2
2016-06-12;07:30:01;1800e0;1566111e0;201e0;5476e0;129e-2;128e-2;132e-2;3705e-1;192e-2;3672e-1;60e-2
2016-06-12;08:00:01;1800e0;2239753e0;438e0;7639e0;179e-2;182e-2;181e-2;3748e-1;289e-2;3490e-1;68e-2
2016-06-12;08:30:01;1800e0;2642163e0;299e0;9208e0;210e-2;215e-2;212e-2;3711e-1;365e-2;3404e-1;59e-2
2016-06-12;09:00:01;1800e0;3967003e0;491e0;13915e0;312e-2;321e-2;315e-2;3662e-1;569e-2;3453e-1;72e-2
2016-06-12;09:30:01;1800e0;4392310e0;740e0;14723e0;347e-2;356e-2;350e-2;3582e-1;642e-2;3600e-1;74e-2
2016-06-12;10:00:01;1800e0;5572048e0;1123e0;19477e0;440e-2;452e-2;444e-2;3541e-1;848e-2;3619e-1;70e-2
2016-06-12;10:30:01;1800e0;6449577e0;1742e0;21950e0;506e-2;518e-2;510e-2;3489e-1;995e-2;3541e-1;82e-2
2016-06-12;11:00:01;1800e0;7237236e0;1431e0;25383e0;565e-2;578e-2;570e-2;3458e-1;1122e-2;3734e-1;91e-2
2016-06-12;11:30:01;1800e0;7749826e0;2124e0;26269e0;607e-2;621e-2;613e-2;3418e-1;1200e-2;3708e-1;112e-2
2016-06-12;12:00:01;1800e0;7298896e0;2028e0;24822e0;573e-2;585e-2;578e-2;3443e-1;1074e-2;3648e-1;156e-2
2016-06-12;12:30:01;1800e0;9130632e0;2002e0;31603e0;713e-2;728e-2;720e-2;3369e-1;1358e-2;3654e-1;207e-2
2016-06-12;13:00:01;1800e0;6627371e0;1405e0;22879e0;517e-2;529e-2;522e-2;3419e-1;904e-2;3567e-1;230e-2
2016-06-12;13:30:01;1800e0;5555976e0;989e0;18978e0;434e-2;445e-2;438e-2;3587e-1;688e-2;3612e-1;215e-2
2016-06-12;14:00:01;1800e0;5396128e0;960e0;18774e0;423e-2;433e-2;426e-2;3570e-1;656e-2;3588e-1;228e-2
2016-06-12;14:30:01;1800e0;4190168e0;671e0;14387e0;328e-2;336e-2;330e-2;3593e-1;504e-2;3593e-1;180e-2
2016-06-12;15:00:01;1800e0;4881842e0;1151e0;16424e0;381e-2;391e-2;385e-2;3556e-1;561e-2;3581e-1;243e-2
2016-06-12;15:30:01;1800e0;4454434e0;808e0;15304e0;350e-2;359e-2;353e-2;3623e-1;500e-2;3647e-1;221e-2
2016-06-12;16:00:02;1800e0;7777532e0;2242e0;26131e0;607e-2;621e-2;613e-2;3543e-1;844e-2;3537e-1;447e-2
2016-06-12;16:30:01;1800e0;2594175e0;366e0;9065e0;206e-2;211e-2;208e-2;3557e-1;305e-2;3555e-1;127e-2
2016-06-12;17:00:01;1800e0;3355912e0;341e0;11870e0;264e-2;272e-2;267e-2;3615e-1;365e-2;3624e-1;182e-2
2016-06-12;17:30:02;1800e0;2034668e0;261e0;7081e0;164e-2;167e-2;167e-2;3566e-1;238e-2;3594e-1;101e-2
2016-06-12;18:00:01;1800e0;2157753e0;426e0;7400e0;174e-2;177e-2;176e-2;3602e-1;245e-2;3592e-1;111e-2
2016-06-12;18:30:02;1800e0;2652504e0;393e0;9189e0;210e-2;216e-2;212e-2;3604e-1;245e-2;3565e-1;192e-2
2016-06-12;19:00:02;1800e0;2104718e0;348e0;6924e0;169e-2;172e-2;171e-2;3589e-1;188e-2;3550e-1;162e-2
2016-06-12;19:30:02;1800e0;2601160e0;318e0;9087e0;207e-2;212e-2;209e-2;3622e-1;176e-2;3637e-1;248e-2
2016-06-12;20:00:02;1800e0;1827467e0;212e0;6149e0;148e-2;150e-2;151e-2;3595e-1;124e-2;3638e-1;178e-2
2016-06-12;20:30:02;1800e0;1923681e0;168e0;6495e0;156e-2;158e-2;158e-2;3601e-1;101e-2;3589e-1;218e-2
2016-06-12;21:00:02;1800e0;1317546e0;93e0;4769e0;111e-2;109e-2;115e-2;3542e-1;68e-2;3459e-1;160e-2
2016-06-12;21:30:02;1800e0;458740e0;30e0;1583e0;56e-2;38e-2;65e-2;3398e-1;37e-2;2882e-1;63e-2
2016-06-12;22:00:02;1800e0;86453e0;6e0;172e0;14e-2;6e-2;7e-2;3197e-1;11e-2;3210e-1;12e-2
2016-06-13;05:00:02;1800e0;345327e0;56e0;922e0;47e-2;28e-2;48e-2;3378e-1;18e-2;3396e-1;48e-2
2016-06-13;05:30:02;1800e0;308603e0;56e0;664e0;48e-2;26e-2;58e-2;3387e-1;29e-2;3415e-1;31e-2
2016-06-13;06:00:02;1800e0;545172e0;99e0;1838e0;61e-2;47e-2;69e-2;3475e-1;53e-2;3469e-1;45e-2
2016-06-13;06:30:02;1800e0;1029274e0;131e0;3448e0;92e-2;88e-2;96e-2;3560e-1;95e-2;3578e-1;80e-2
2016-06-13;07:00:02;1800e0;1323837e0;155e0;4286e0;112e-2;112e-2;115e-2;3596e-1;118e-2;3619e-1;102e-2
2016-06-13;07:30:02;1800e0;1888594e0;229e0;6409e0;152e-2;157e-2;154e-2;3653e-1;168e-2;3679e-1;139e-2
2016-06-13;08:00:02;1800e0;2500369e0;330e0;8584e0;197e-2;204e-2;200e-2;3669e-1;205e-2;3709e-1;197e-2
2016-06-13;08:30:02;1800e0;2325501e0;341e0;8141e0;185e-2;190e-2;186e-2;3657e-1;210e-2;3688e-1;165e-2
2016-06-13;09:00:02;1800e0;3830878e0;707e0;13302e0;300e-2;309e-2;302e-2;3698e-1;336e-2;3728e-1;270e-2
2016-06-13;09:30:02;1800e0;5666573e0;1271e0;19642e0;442e-2;453e-2;445e-2;3677e-1;473e-2;3695e-1;428e-2
2016-06-13;10:00:02;1800e0;1545803e0;198e0;5377e0;127e-2;128e-2;130e-2;3576e-1;143e-2;3582e-1;114e-2
2016-06-13;10:30:02;1800e0;1665429e0;192e0;5738e0;136e-2;138e-2;139e-2;3592e-1;156e-2;3591e-1;119e-2
2016-06-13;11:00:02;1800e0;3287193e0;550e0;11405e0;258e-2;267e-2;260e-2;3680e-1;300e-2;3694e-1;225e-2
2016-06-13;11:30:02;1800e0;3419872e0;512e0;12046e0;268e-2;277e-2;271e-2;3672e-1;308e-2;3703e-1;238e-2
2016-06-13;12:00:02;1800e0;2926073e0;287e0;10428e0;229e-2;237e-2;232e-2;3672e-1;272e-2;3674e-1;198e-2
2016-06-13;12:30:02;1800e0;2818812e0;210e0;10076e0;223e-2;230e-2;224e-2;3677e-1;264e-2;3683e-1;189e-2
2016-06-13;13:00:02;1800e0;1652374e0;156e0;5541e0;135e-2;138e-2;138e-2;3625e-1;158e-2;3613e-1;115e-2
2016-06-13;13:30:02;1800e0;1495882e0;174e0;5175e0;124e-2;126e-2;128e-2;3603e-1;139e-2;3608e-1;109e-2
2016-06-13;14:00:02;1800e0;1500887e0;93e0;5276e0;124e-2;125e-2;127e-2;3585e-1;135e-2;3603e-1;114e-2
2016-06-13;14:30:02;1800e0;3173995e0;535e0;11033e0;251e-2;260e-2;253e-2;3678e-1;285e-2;3701e-1;223e-2
2016-06-13;15:00:02;1800e0;3449287e0;536e0;12375e0;271e-2;281e-2;274e-2;3672e-1;317e-2;3680e-1;236e-2
2016-06-13;15:30:02;1800e0;3676843e0;477e0;12851e0;289e-2;299e-2;292e-2;3677e-1;338e-2;3696e-1;250e-2
2016-06-13;16:00:02;1800e0;3793689e0;462e0;13276e0;297e-2;306e-2;299e-2;3670e-1;346e-2;3689e-1;260e-2
2016-06-13;16:30:02;1800e0;5312320e0;1168e0;17936e0;409e-2;423e-2;413e-2;3685e-1;479e-2;3695e-1;366e-2
2016-06-13;17:00:02;1800e0;3794436e0;697e0;13248e0;294e-2;304e-2;297e-2;3664e-1;338e-2;3666e-1;271e-2
2016-06-13;17:30:02;1800e0;3425340e0;512e0;12109e0;267e-2;275e-2;269e-2;3660e-1;303e-2;3662e-1;248e-2
2016-06-13;18:00:02;1800e0;2655722e0;446e0;9315e0;209e-2;215e-2;211e-2;3640e-1;239e-2;3634e-1;192e-2
2016-06-13;18:30:02;1800e0;2304617e0;418e0;7876e0;183e-2;188e-2;186e-2;3629e-1;209e-2;3624e-1;167e-2
2016-06-13;19:00:02;1800e0;1713440e0;239e0;5936e0;139e-2;142e-2;142e-2;3590e-1;154e-2;3578e-1;130e-2
2016-06-13;19:30:02;1800e0;459025e0;66e0;1697e0;57e-2;41e-2;65e-2;3381e-1;47e-2;3353e-1;38e-2
2016-06-13;20:00:02;1800e0;263112e0;31e0;1038e0;47e-2;24e-2;54e-2;3309e-1;30e-2;3248e-1;23e-2
2016-06-13;20:30:02;1800e0;151957e0;12e0;281e0;36e-2;13e-2;24e-2;3225e-1;20e-2;3186e-1;15e-2
2016-06-13;21:00:02;1800e0;149089e0;0e0;270e0;33e-2;12e-2;23e-2;3230e-1;20e-2;3186e-1;15e-2
2016-06-13;21:30:02;1800e0;74166e0;6e0;126e0;0e-2;8e-2;0e-2;3132e-1;12e-2;3118e-1;9e-2
2016-06-14;05:30:02;1800e0;118321e0;0e0;660e0;39e-2;12e-2;36e-2;3388e-1;21e-2;3343e-1;17e-2
2016-06-29;08:10:01;1800e0;2090191e0;338e0;7214e0;169e-2;173e-2;172e-2;3619e-1;190e-2;3584e-1;153e-2
2016-06-29;08:40:02;1800e0;3264346e0;479e0;11433e0;257e-2;266e-2;259e-2;3644e-1;290e-2;3625e-1;240e-2
2016-06-29;09:10:02;1800e0;2954742e0;451e0;10340e0;233e-2;241e-2;235e-2;3627e-1;266e-2;3632e-1;215e-2
2016-06-29;09:40:02;1800e0;3737921e0;408e0;13253e0;294e-2;303e-2;297e-2;3651e-1;346e-2;3637e-1;257e-2
2016-06-29;10:10:02;1800e0;2971775e0;458e0;10507e0;235e-2;242e-2;237e-2;3618e-1;273e-2;3605e-1;212e-2
2016-06-29;10:40:02;1800e0;2084042e0;288e0;7232e0;166e-2;170e-2;169e-2;3602e-1;193e-2;3578e-1;150e-2
2016-06-29;11:10:02;1800e0;1749285e0;128e0;5906e0;143e-2;145e-2;146e-2;3621e-1;166e-2;3573e-1;123e-2
2016-06-29;11:40:02;1800e0;1780383e0;120e0;6248e0;145e-2;148e-2;148e-2;3625e-1;168e-2;3583e-1;126e-2
2016-06-29;12:10:02;1800e0;1176391e0;135e0;4185e0;102e-2;99e-2;106e-2;3547e-1;113e-2;3514e-1;87e-2
2016-06-29;12:40:02;1800e0;1119450e0;100e0;4055e0;98e-2;95e-2;103e-2;3538e-1;110e-2;3492e-1;80e-2
2016-06-29;13:10:02;1800e0;1974131e0;292e0;6621e0;160e-2;164e-2;163e-2;3630e-1;185e-2;3602e-1;139e-2
2016-06-29;13:40:02;1800e0;1610735e0;149e0;5856e0;133e-2;135e-2;136e-2;3615e-1;153e-2;3576e-1;116e-2
2016-06-29;14:10:02;1800e0;1568537e0;157e0;5536e0;130e-2;132e-2;133e-2;3604e-1;150e-2;3568e-1;112e-2
2016-06-29;14:40:02;1800e0;840512e0;193e0;2901e0;79e-2;73e-2;83e-2;3500e-1;84e-2;3470e-1;64e-2
2016-06-29;15:10:02;1800e0;1745347e0;193e0;5977e0;144e-2;147e-2;147e-2;3590e-1;167e-2;3560e-1;123e-2
2016-06-29;15:40:02;1800e0;4794496e0;1420e0;16172e0;378e-2;390e-2;382e-2;3661e-1;442e-2;3655e-1;326e-2
2016-06-29;16:10:02;1800e0;6083392e0;1309e0;20842e0;477e-2;491e-2;482e-2;3587e-1;562e-2;3610e-1;429e-2
2016-06-29;16:40:02;1799e0;7756550e0;2072e0;26299e0;608e-2;623e-2;614e-2;3562e-1;698e-2;3572e-1;575e-2
2016-06-29;17:10:02;1800e0;8311313e0;2238e0;28316e0;647e-2;662e-2;653e-2;3534e-1;707e-2;3484e-1;680e-2
2016-06-29;17:40:02;1800e0;4873026e0;863e0;16825e0;382e-2;392e-2;385e-2;3548e-1;405e-2;3542e-1;400e-2
2016-06-29;18:10:02;1800e0;4689387e0;858e0;16209e0;366e-2;375e-2;369e-2;3589e-1;341e-2;3575e-1;425e-2
2016-06-29;18:40:02;1799e0;4651559e0;968e0;16024e0;362e-2;371e-2;365e-2;3599e-1;285e-2;3541e-1;481e-2
2016-06-29;19:10:02;1800e0;1311335e0;175e0;4828e0;112e-2;108e-2;116e-2;3477e-1;105e-2;3474e-1;119e-2
2016-06-29;19:40:02;1800e0;2568655e0;332e0;8864e0;206e-2;211e-2;209e-2;3598e-1;140e-2;3526e-1;288e-2
2016-06-29;20:10:02;1800e0;920755e0;100e0;3024e0;88e-2;77e-2;94e-2;3365e-1;58e-2;3382e-1;104e-2
2016-06-29;20:40:02;1800e0;575207e0;85e0;1585e0;63e-2;49e-2;70e-2;3344e-1;43e-2;3360e-1;63e-2
2016-06-29;21:10:02;1800e0;554535e0;49e0;1733e0;62e-2;47e-2;69e-2;3350e-1;42e-2;3279e-1;63e-2
2016-06-29;21:40:02;1800e0;72031e0;2e0;112e0;18e-2;8e-2;11e-2;3281e-1;15e-2;3301e-1;12e-2
2016-06-30;05:10:02;1800e0;103690e0;6e0;467e0;40e-2;14e-2;36e-2;3398e-1;22e-2;3370e-1;19e-2
2016-06-30;05:40:02;1800e0;553118e0;31e0;1884e0;62e-2;47e-2;69e-2;3395e-1;41e-2;3462e-1;58e-2
2016-06-30;06:10:02;1800e0;491810e0;69e0;1634e0;57e-2;42e-2;64e-2;3403e-1;47e-2;3401e-1;43e-2
2016-06-30;06:40:02;1800e0;284230e0;56e0;606e0;48e-2;24e-2;55e-2;3330e-1;32e-2;3280e-1;27e-2
2016-06-30;07:10:02;1800e0;587781e0;93e0;2373e0;65e-2;52e-2;71e-2;3473e-1;64e-2;3428e-1;47e-2
2016-06-30;07:40:02;1800e0;1045915e0;62e0;3720e0;92e-2;89e-2;95e-2;3547e-1;105e-2;3497e-1;76e-2
2016-06-30;08:10:02;1800e0;876504e0;112e0;2893e0;82e-2;75e-2;86e-2;3489e-1;88e-2;3454e-1;66e-2
2016-06-30;08:40:02;1800e0;1170083e0;137e0;4037e0;102e-2;98e-2;106e-2;3532e-1;116e-2;3481e-1;85e-2
2016-06-30;09:10:02;1800e0;1167968e0;96e0;4260e0;102e-2;99e-2;105e-2;3519e-1;115e-2;3479e-1;86e-2
2016-06-30;09:40:02;1800e0;2630548e0;337e0;9004e0;211e-2;216e-2;214e-2;3588e-1;249e-2;3561e-1;183e-2
2016-06-30;10:10:02;1800e0;1917429e0;315e0;6622e0;155e-2;158e-2;158e-2;3597e-1;184e-2;3547e-1;135e-2
2016-06-30;10:50:17;1797e0;4743069e0;694e0;16611e0;387e-2;396e-2;390e-2;3656e-1;463e-2;3640e-1;335e-2
2016-06-30;11:20:17;1800e0;7931747e0;1924e0;27326e0;622e-2;636e-2;627e-2;3579e-1;765e-2;3595e-1;532e-2
2016-06-30;11:50:17;1800e0;7298877e0;1887e0;24956e0;574e-2;588e-2;579e-2;3534e-1;714e-2;3558e-1;494e-2
2016-06-30;12:20:17;1800e0;4148685e0;495e0;14581e0;327e-2;337e-2;329e-2;3584e-1;392e-2;3578e-1;290e-2
2016-06-30;12:50:17;1800e0;6589370e0;1625e0;22712e0;515e-2;529e-2;519e-2;3574e-1;642e-2;3593e-1;438e-2
2016-06-30;13:20:17;1799e0;5482111e0;1054e0;19015e0;430e-2;442e-2;433e-2;3590e-1;527e-2;3588e-1;371e-2
2016-06-30;13:50:17;1800e0;5320439e0;1080e0;17683e0;417e-2;429e-2;420e-2;3589e-1;506e-2;3589e-1;366e-2
2016-06-30;14:20:17;1800e0;4798256e0;766e0;16400e0;376e-2;388e-2;380e-2;3627e-1;454e-2;3597e-1;326e-2
2016-06-30;14:50:17;1800e0;3126684e0;443e0;10957e0;249e-2;257e-2;251e-2;3597e-1;296e-2;3562e-1;221e-2
2016-06-30;15:20:17;1800e0;2205501e0;321e0;7358e0;177e-2;182e-2;179e-2;3585e-1;212e-2;3548e-1;155e-2
2016-06-30;15:50:17;1800e0;1696752e0;121e0;5738e0;139e-2;140e-2;141e-2;3578e-1;163e-2;3535e-1;122e-2
2016-06-30;16:20:17;1800e0;1996641e0;236e0;6770e0;160e-2;163e-2;162e-2;3599e-1;192e-2;3563e-1;139e-2
2016-06-30;16:50:17;1800e0;1152343e0;171e0;4150e0;102e-2;94e-2;107e-2;3475e-1;112e-2;3458e-1;86e-2
2016-06-30;17:20:17;1800e0;2956384e0;538e0;10198e0;234e-2;239e-2;236e-2;3629e-1;273e-2;3620e-1;208e-2
2016-06-30;17:50:18;1800e0;3276634e0;623e0;11296e0;259e-2;266e-2;261e-2;3602e-1;302e-2;3603e-1;236e-2
2016-06-30;18:20:18;1800e0;3693642e0;591e0;12819e0;291e-2;299e-2;293e-2;3609e-1;301e-2;3622e-1;302e-2
2016-06-30;18:50:18;1800e0;3144416e0;465e0;10889e0;248e-2;254e-2;250e-2;3598e-1;231e-2;3626e-1;283e-2
2016-06-30;19:20:18;1800e0;2854979e0;451e0;9971e0;227e-2;231e-2;229e-2;3580e-1;182e-2;3551e-1;292e-2
2016-06-30;19:50:18;1800e0;1989746e0;249e0;6765e0;162e-2;164e-2;163e-2;3556e-1;156e-2;3540e-1;179e-2
2016-06-30;20:20:18;1800e0;577827e0;87e0;1923e0;65e-2;47e-2;67e-2;3332e-1;58e-2;3306e-1;50e-2
2016-06-30;20:50:18;1800e0;1362928e0;150e0;4681e0;116e-2;112e-2;120e-2;3507e-1;99e-2;3403e-1;135e-2
2016-06-30;21:20:18;1800e0;216654e0;20e0;537e0;44e-2;15e-2;40e-2;3233e-1;24e-2;3215e-1;24e-2
2016-06-30;21:50:18;1800e0;62600e0;0e0;116e0;14e-2;4e-2;2e-2;3216e-1;11e-2;3245e-1;11e-2
2016-07-01;05:50:20;1800e0;111796e0;6e0;170e0;20e-2;8e-2;12e-2;3153e-1;16e-2;3123e-1;12e-2
2016-07-01;06:20:20;1800e0;91586e0;0e0;434e0;33e-2;11e-2;22e-2;3316e-1;19e-2;3243e-1;14e-2
2016-07-01;06:50:20;1800e0;216531e0;43e0;473e0;43e-2;18e-2;37e-2;3237e-1;27e-2;3179e-1;19e-2
2016-07-01;07:20:20;1800e0;548287e0;81e0;1955e0;61e-2;48e-2;67e-2;3395e-1;59e-2;3348e-1;44e-2
2016-07-01;07:50:20;1800e0;1386485e0;154e0;4632e0;116e-2;115e-2;119e-2;3556e-1;135e-2;3494e-1;101e-2
2016-07-01;08:20:20;1800e0;840410e0;69e0;3238e0;79e-2;70e-2;84e-2;3457e-1;86e-2;3407e-1;64e-2
2016-07-01;08:50:20;1800e0;2305910e0;263e0;7928e0;185e-2;189e-2;188e-2;3587e-1;212e-2;3557e-1;171e-2
2016-07-01;09:20:20;1800e0;1725749e0;190e0;5951e0;140e-2;142e-2;143e-2;3546e-1;164e-2;3516e-1;128e-2
2016-07-01;09:50:20;1800e0;3198266e0;485e0;11050e0;252e-2;259e-2;254e-2;3605e-1;302e-2;3580e-1;223e-2
2016-07-01;10:20:20;1800e0;5094436e0;1332e0;17330e0;399e-2;410e-2;402e-2;3605e-1;471e-2;3595e-1;359e-2
2016-07-01;10:50:20;1800e0;5301385e0;1124e0;18377e0;415e-2;426e-2;419e-2;3596e-1;502e-2;3585e-1;363e-2
2016-07-01;11:20:20;1800e0;7869643e0;2169e0;26515e0;612e-2;626e-2;618e-2;3550e-1;773e-2;3567e-1;524e-2
2016-07-01;11:50:20;1800e0;9953208e0;2281e0;34150e0;770e-2;786e-2;778e-2;3515e-1;1017e-2;3551e-1;635e-2
2016-07-01;12:20:20;1800e0;8079988e0;1864e0;27960e0;621e-2;636e-2;627e-2;3548e-1;821e-2;3572e-1;510e-2
2016-07-01;12:50:20;1800e0;4270551e0;693e0;14846e0;330e-2;340e-2;333e-2;3576e-1;405e-2;3564e-1;297e-2
2016-07-01;13:20:20;1800e0;2261511e0;380e0;7928e0;181e-2;184e-2;184e-2;3524e-1;217e-2;3498e-1;162e-2
2016-07-01;13:50:20;1800e0;1343078e0;159e0;4751e0;114e-2;111e-2;118e-2;3484e-1;134e-2;3433e-1;98e-2
2016-07-01;14:20:20;1800e0;4350854e0;808e0;15056e0;336e-2;347e-2;340e-2;3601e-1;416e-2;3584e-1;296e-2
2016-07-01;14:50:20;1800e0;1184960e0;103e0;4349e0;102e-2;98e-2;107e-2;3456e-1;118e-2;3408e-1;89e-2
2016-07-01;15:20:20;1800e0;1974562e0;282e0;6949e0;160e-2;160e-2;164e-2;3509e-1;191e-2;3478e-1;141e-2
2016-07-01;15:50:20;1800e0;3747084e0;516e0;13163e0;291e-2;301e-2;294e-2;3589e-1;349e-2;3575e-1;268e-2
2016-07-01;16:20:20;1800e0;2012933e0;317e0;6911e0;162e-2;165e-2;165e-2;3518e-1;186e-2;3505e-1;154e-2
2016-07-01;16:50:20;1800e0;2789608e0;430e0;9691e0;221e-2;228e-2;223e-2;3565e-1;259e-2;3543e-1;206e-2
2016-07-01;17:20:20;1800e0;2674916e0;342e0;9108e0;213e-2;219e-2;215e-2;3556e-1;259e-2;3526e-1;188e-2
2016-07-01;17:50:20;1800e0;970154e0;128e0;3158e0;88e-2;82e-2;92e-2;3435e-1;99e-2;3395e-1;74e-2
2016-07-01;18:20:21;1800e0;862616e0;131e0;3073e0;81e-2;73e-2;84e-2;3459e-1;88e-2;3412e-1;66e-2
2016-07-01;18:50:21;1800e0;484492e0;40e0;1571e0;58e-2;42e-2;65e-2;3353e-1;52e-2;3307e-1;41e-2
2016-07-01;19:20:20;1799e0;361760e0;37e0;805e0;51e-2;30e-2;59e-2;3291e-1;40e-2;3265e-1;32e-2
2016-07-01;19:50:21;1800e0;177088e0;16e0;406e0;43e-2;13e-2;34e-2;3200e-1;24e-2;3141e-1;18e-2
2016-07-01;20:20:21;1800e0;383332e0;39e0;1150e0;53e-2;31e-2;57e-2;3308e-1;44e-2;3255e-1;32e-2
2016-07-01;20:50:21;1800e0;62440e0;0e0;281e0;18e-2;5e-2;6e-2;3270e-1;15e-2;3200e-1;11e-2
2016-07-02;06:20:21;1800e0;381842e0;75e0;1416e0;51e-2;31e-2;54e-2;3307e-1;43e-2;3244e-1;34e-2
2016-07-02;06:50:21;1800e0;651804e0;99e0;2472e0;67e-2;55e-2;74e-2;3411e-1;68e-2;3369e-1;53e-2
2016-07-02;07:20:21;1800e0;846032e0;111e0;3188e0;80e-2;72e-2;84e-2;3446e-1;86e-2;3409e-1;67e-2
2016-07-02;07:50:21;1800e0;986117e0;137e0;3469e0;89e-2;83e-2;93e-2;3463e-1;99e-2;3421e-1;75e-2
2016-07-02;08:20:21;1800e0;1750462e0;182e0;5695e0;143e-2;145e-2;146e-2;3547e-1;168e-2;3509e-1;129e-2
2016-07-02;08:50:21;1800e0;1576184e0;82e0;5407e0;130e-2;131e-2;133e-2;3534e-1;154e-2;3494e-1;115e-2
2016-07-02;09:20:21;1800e0;1220613e0;152e0;4310e0;106e-2;102e-2;110e-2;3501e-1;121e-2;3453e-1;91e-2
2016-07-02;09:50:21;1800e0;921483e0;117e0;2955e0;87e-2;77e-2;93e-2;3434e-1;93e-2;3397e-1;70e-2
2016-07-02;10:20:21;1800e0;1359722e0;218e0;4619e0;115e-2;114e-2;118e-2;3543e-1;133e-2;3498e-1;99e-2
2016-07-02;10:50:21;1800e0;1226104e0;161e0;4043e0;107e-2;101e-2;112e-2;3489e-1;120e-2;3458e-1;91e-2
2016-07-02;11:20:21;1800e0;995131e0;159e0;3464e0;90e-2;83e-2;95e-2;3472e-1;99e-2;3435e-1;76e-2
2016-07-02;11:50:21;1800e0;1704038e0;184e0;5710e0;140e-2;140e-2;142e-2;3593e-1;163e-2;3555e-1;122e-2
2016-07-02;12:20:21;1800e0;1727214e0;189e0;6035e0;141e-2;142e-2;144e-2;3614e-1;165e-2;3567e-1;124e-2
2016-07-02;12:50:21;1800e0;2512696e0;333e0;8626e0;200e-2;205e-2;202e-2;3657e-1;236e-2;3614e-1;174e-2
2016-07-02;13:20:21;1800e0;2181154e0;336e0;7129e0;175e-2;179e-2;177e-2;3635e-1;206e-2;3590e-1;153e-2
2016-07-02;13:50:21;1800e0;3301594e0;685e0;11296e0;261e-2;267e-2;263e-2;3664e-1;310e-2;3623e-1;224e-2
2016-07-02;14:20:21;1800e0;3566215e0;598e0;12560e0;282e-2;289e-2;283e-2;3638e-1;334e-2;3608e-1;247e-2
2016-07-02;14:50:21;1800e0;3361869e0;426e0;11887e0;264e-2;271e-2;266e-2;3618e-1;316e-2;3596e-1;236e-2
2016-07-02;15:20:21;1800e0;3751702e0;580e0;12963e0;296e-2;303e-2;298e-2;3632e-1;350e-2;3608e-1;263e-2
2016-07-02;15:50:21;1800e0;3932260e0;582e0;13816e0;310e-2;318e-2;312e-2;3613e-1;372e-2;3601e-1;271e-2
2016-07-02;16:20:21;1800e0;3268002e0;435e0;11379e0;260e-2;266e-2;262e-2;3597e-1;307e-2;3589e-1;230e-2
2016-07-02;16:50:21;1800e0;1430325e0;181e0;5045e0;121e-2;118e-2;124e-2;3508e-1;136e-2;3500e-1;109e-2
2016-07-02;17:20:21;1800e0;1502645e0;224e0;5101e0;126e-2;124e-2;129e-2;3542e-1;143e-2;3528e-1;112e-2
2016-07-02;17:50:21;1800e0;3055669e0;313e0;10902e0;243e-2;249e-2;245e-2;3596e-1;280e-2;3584e-1;224e-2
2016-07-02;18:20:21;1800e0;2248595e0;276e0;7744e0;183e-2;184e-2;185e-2;3568e-1;208e-2;3550e-1;166e-2
2016-07-02;18:50:21;1800e0;2805851e0;590e0;9720e0;225e-2;229e-2;227e-2;3595e-1;234e-2;3622e-1;225e-2
2016-07-02;19:20:21;1800e0;4062985e0;768e0;14026e0;321e-2;327e-2;324e-2;3630e-1;248e-2;3557e-1;420e-2
2016-07-02;19:50:21;1800e0;1981104e0;247e0;6822e0;163e-2;162e-2;166e-2;3546e-1;126e-2;3522e-1;207e-2
2016-07-02;20:20:21;1800e0;250558e0;27e0;802e0;32e-2;19e-2;33e-2;3193e-1;28e-2;3172e-1;24e-2
2016-07-02;20:50:21;1800e0;43756e0;0e0;418e0;14e-2;4e-2;3e-2;3377e-1;13e-2;3292e-1;10e-2
2016-07-02;21:20:21;1800e0;80134e0;0e0;256e0;11e-2;3e-2;5e-2;3169e-1;12e-2;3067e-1;11e-2
2016-07-03;05:20:21;1800e0;661091e0;74e0;2372e0;68e-2;55e-2;76e-2;3477e-1;28e-2;3675e-1;83e-2
2016-07-03;05:50:21;1799e0;1562906e0;209e0;5385e0;130e-2;128e-2;133e-2;3579e-1;49e-2;3816e-1;198e-2
2016-07-03;06:20:21;1800e0;2445784e0;393e0;8156e0;196e-2;200e-2;198e-2;3638e-1;66e-2;3813e-1;319e-2
2016-07-03;06:50:21;1800e0;3187219e0;537e0;11099e0;254e-2;260e-2;255e-2;3629e-1;85e-2;3709e-1;426e-2
2016-07-03;07:20:21;1799e0;4150735e0;507e0;14640e0;329e-2;337e-2;331e-2;3750e-1;151e-2;3606e-1;522e-2
2016-07-03;07:50:21;1800e0;3884810e0;527e0;13189e0;305e-2;311e-2;308e-2;3691e-1;180e-2;3560e-1;453e-2
2016-07-03;08:20:21;1799e0;4693643e0;715e0;16598e0;366e-2;374e-2;369e-2;3688e-1;293e-2;3571e-1;467e-2
2016-07-03;08:50:21;1800e0;5729439e0;1266e0;19675e0;445e-2;455e-2;449e-2;3703e-1;371e-2;3567e-1;555e-2
2016-07-03;09:20:21;1800e0;5584859e0;1082e0;19377e0;436e-2;446e-2;440e-2;3644e-1;425e-2;3567e-1;479e-2
2016-07-03;09:50:21;1800e0;5334496e0;761e0;18656e0;419e-2;429e-2;422e-2;3635e-1;458e-2;3596e-1;406e-2
2016-07-03;10:20:21;1800e0;8171135e0;2107e0;27859e0;643e-2;657e-2;649e-2;3610e-1;730e-2;3581e-1;599e-2
2016-07-03;10:50:21;1800e0;9060459e0;1922e0;31195e0;708e-2;722e-2;714e-2;3612e-1;858e-2;3574e-1;616e-2
2016-07-03;11:20:21;1800e0;11861796e0;3290e0;40458e0;917e-2;934e-2;926e-2;3531e-1;1218e-2;3517e-1;748e-2
2016-07-03;11:50:21;1800e0;10955121e0;3420e0;36896e0;843e-2;859e-2;851e-2;3499e-1;1157e-2;3539e-1;663e-2
2016-07-03;12:20:21;1800e0;4696165e0;1008e0;16093e0;367e-2;373e-2;371e-2;3597e-1;490e-2;3633e-1;265e-2
2016-07-03;12:50:21;1800e0;12349065e0;3544e0;42585e0;949e-2;966e-2;959e-2;3497e-1;1393e-2;3633e-1;643e-2
2016-07-03;13:20:21;1800e0;9704379e0;2571e0;33219e0;746e-2;760e-2;753e-2;3527e-1;1053e-2;3618e-1;541e-2
2016-07-03;13:50:21;1800e0;10341588e0;2823e0;35171e0;802e-2;817e-2;810e-2;3513e-1;1115e-2;3611e-1;589e-2
2016-07-03;14:20:21;1800e0;11022809e0;3484e0;36965e0;851e-2;867e-2;860e-2;3540e-1;1191e-2;3608e-1;621e-2
2016-07-03;14:50:21;1800e0;3445427e0;936e0;11465e0;273e-2;277e-2;277e-2;3539e-1;352e-2;3558e-1;221e-2
2016-07-03;15:20:21;1800e0;3662603e0;657e0;12633e0;291e-2;297e-2;294e-2;3662e-1;335e-2;3651e-1;248e-2
2016-07-03;15:50:21;1800e0;7838006e0;1615e0;26787e0;618e-2;628e-2;624e-2;3533e-1;762e-2;3554e-1;521e-2
2016-07-03;16:20:21;1800e0;1716137e0;270e0;5921e0;143e-2;141e-2;146e-2;3547e-1;157e-2;3545e-1;128e-2
2016-07-03;16:50:21;1800e0;2240139e0;232e0;7802e0;184e-2;183e-2;188e-2;3578e-1;202e-2;3574e-1;161e-2
2016-07-03;17:20:21;1800e0;3432921e0;521e0;11974e0;275e-2;281e-2;277e-2;3682e-1;301e-2;3664e-1;247e-2
2016-07-03;17:50:21;1800e0;1268382e0;186e0;4065e0;111e-2;108e-2;114e-2;3541e-1;119e-2;3526e-1;99e-2
2016-07-03;18:20:21;1800e0;1114130e0;123e0;3939e0;100e-2;95e-2;104e-2;3566e-1;107e-2;3544e-1;87e-2
2016-07-03;18:50:21;1800e0;2358982e0;617e0;8026e0;192e-2;191e-2;195e-2;3614e-1;172e-2;3595e-1;209e-2
2016-07-03;19:20:21;1800e0;3878351e0;449e0;13701e0;305e-2;312e-2;307e-2;3679e-1;229e-2;3576e-1;402e-2
2016-07-03;19:50:21;1800e0;3103028e0;493e0;10748e0;245e-2;250e-2;247e-2;3616e-1;110e-2;3572e-1;404e-2
2016-07-03;20:20:21;1800e0;1425929e0;357e0;4895e0;123e-2;116e-2;128e-2;3464e-1;58e-2;3410e-1;190e-2
2016-07-03;20:50:21;1800e0;486143e0;61e0;1597e0;58e-2;40e-2;67e-2;3377e-1;39e-2;3413e-1;52e-2
2016-07-03;21:20:21;1800e0;328741e0;27e0;1026e0;50e-2;25e-2;59e-2;3351e-1;28e-2;2905e-1;45e-2
2016-07-03;21:50:21;1800e0;68625e0;8e0;110e0;18e-2;6e-2;9e-2;3289e-1;13e-2;3326e-1;13e-2
2016-07-04;05:20:22;1800e0;524761e0;68e0;1795e0;60e-2;44e-2;68e-2;3451e-1;36e-2;3561e-1;58e-2
2016-07-04;05:50:22;1800e0;328862e0;31e0;704e0;49e-2;27e-2;58e-2;3392e-1;33e-2;3392e-1;31e-2
2016-07-04;06:20:22;1800e0;445464e0;64e0;1422e0;55e-2;37e-2;63e-2;3428e-1;46e-2;3408e-1;38e-2
2016-07-04;06:50:22;1800e0;942874e0;137e0;3480e0;86e-2;80e-2;90e-2;3553e-1;79e-2;3569e-1;83e-2
2016-07-04;07:20:22;1800e0;2270788e0;195e0;7981e0;182e-2;186e-2;185e-2;3680e-1;133e-2;3685e-1;234e-2
2016-07-04;07:50:22;1800e0;3675153e0;509e0;12742e0;290e-2;299e-2;293e-2;3729e-1;222e-2;3644e-1;367e-2
2016-07-04;08:20:22;1800e0;5015760e0;1109e0;17226e0;393e-2;405e-2;397e-2;3728e-1;329e-2;3637e-1;474e-2
2016-07-04;08:50:22;1800e0;4829082e0;1143e0;16595e0;379e-2;390e-2;382e-2;3690e-1;346e-2;3641e-1;429e-2
2016-07-04;09:20:22;1800e0;2590037e0;363e0;8965e0;205e-2;211e-2;208e-2;3632e-1;234e-2;3616e-1;189e-2
2016-07-04;09:50:22;1800e0;4998963e0;1077e0;17155e0;394e-2;404e-2;398e-2;3662e-1;432e-2;3641e-1;373e-2
2016-07-04;10:20:22;1800e0;7621550e0;1320e0;26584e0;597e-2;611e-2;602e-2;3603e-1;690e-2;3600e-1;549e-2
2016-07-04;10:50:22;1800e0;5291064e0;1641e0;17598e0;416e-2;427e-2;420e-2;3647e-1;496e-2;3644e-1;354e-2
2016-07-04;11:20:22;1800e0;6925913e0;1011e0;24395e0;541e-2;555e-2;547e-2;3613e-1;677e-2;3623e-1;444e-2
2016-07-04;11:50:22;1800e0;7602969e0;1342e0;26326e0;592e-2;606e-2;598e-2;3547e-1;777e-2;3592e-1;469e-2
2016-07-04;12:20:22;1800e0;8522055e0;1724e0;29508e0;662e-2;677e-2;669e-2;3532e-1;910e-2;3631e-1;488e-2
2016-07-04;12:50:22;1800e0;8847669e0;1562e0;30837e0;687e-2;702e-2;694e-2;3551e-1;946e-2;3661e-1;495e-2
2016-07-04;13:20:22;1800e0;10626691e0;3008e0;35937e0;826e-2;842e-2;834e-2;3482e-1;1185e-2;3630e-1;573e-2
2016-07-04;13:50:22;1800e0;10941024e0;3232e0;36841e0;847e-2;863e-2;856e-2;3458e-1;1232e-2;3615e-1;590e-2
2016-07-04;14:20:22;1800e0;11456781e0;2793e0;39214e0;885e-2;903e-2;895e-2;3431e-1;1292e-2;3581e-1;631e-2
2016-07-04;14:50:22;1800e0;11140061e0;2667e0;38341e0;863e-2;880e-2;872e-2;3458e-1;1208e-2;3580e-1;651e-2
2016-07-04;15:20:22;1800e0;9882102e0;1788e0;34726e0;766e-2;781e-2;774e-2;3502e-1;1019e-2;3586e-1;616e-2
2016-07-04;15:50:22;1800e0;10088860e0;2314e0;35139e0;784e-2;799e-2;792e-2;3511e-1;1002e-2;3564e-1;669e-2
2016-07-04;16:20:22;1800e0;6642810e0;1576e0;22943e0;518e-2;530e-2;523e-2;3563e-1;625e-2;3590e-1;462e-2
2016-07-04;16:50:22;1800e0;5558736e0;952e0;19437e0;433e-2;445e-2;437e-2;3610e-1;497e-2;3640e-1;404e-2
2016-07-04;17:20:22;1800e0;3720295e0;681e0;12936e0;291e-2;300e-2;293e-2;3598e-1;327e-2;3636e-1;280e-2
2016-07-04;17:50:22;1800e0;4197462e0;993e0;14343e0;327e-2;336e-2;330e-2;3609e-1;345e-2;3651e-1;335e-2
2016-07-04;18:20:22;1800e0;6792553e0;1503e0;23519e0;526e-2;539e-2;531e-2;3637e-1;425e-2;3530e-1;694e-2
2016-07-04;18:50:22;1800e0;5207215e0;1170e0;17679e0;404e-2;415e-2;408e-2;3658e-1;267e-2;3453e-1;604e-2
2016-07-04;19:20:22;1800e0;3107080e0;611e0;10495e0;245e-2;252e-2;248e-2;3612e-1;143e-2;3487e-1;379e-2
2016-07-04;19:50:22;1800e0;2820275e0;602e0;9629e0;223e-2;228e-2;226e-2;3576e-1;105e-2;3478e-1;372e-2
2016-07-04;20:20:22;1800e0;775251e0;113e0;2945e0;74e-2;64e-2;80e-2;3434e-1;66e-2;3466e-1;72e-2
2016-07-04;20:50:22;1800e0;708854e0;45e0;2618e0;71e-2;58e-2;78e-2;3411e-1;49e-2;3430e-1;79e-2
2016-07-04;21:20:22;1800e0;486966e0;36e0;1504e0;58e-2;40e-2;65e-2;3387e-1;31e-2;2929e-1;70e-2
2016-07-04;21:50:22;1800e0;43533e0;6e0;105e0;9e-2;4e-2;3e-2;3302e-1;11e-2;3325e-1;11e-2
2016-07-05;05:20:22;1799e0;253060e0;25e0;1188e0;46e-2;25e-2;47e-2;3426e-1;23e-2;3469e-1;34e-2
2016-07-05;05:50:22;1800e0;872122e0;88e0;2945e0;82e-2;75e-2;87e-2;3551e-1;56e-2;3627e-1;92e-2
2016-07-05;06:20:22;1800e0;1108865e0;174e0;3617e0;97e-2;95e-2;100e-2;3586e-1;86e-2;3623e-1;102e-2
2016-07-05;06:50:22;1800e0;1531345e0;202e0;5095e0;127e-2;129e-2;129e-2;3639e-1;116e-2;3700e-1;134e-2
2016-07-05;07:20:22;1800e0;2608388e0;502e0;9092e0;207e-2;215e-2;209e-2;3694e-1;184e-2;3701e-1;236e-2
2016-07-05;07:50:22;1800e0;1725112e0;212e0;5977e0;140e-2;144e-2;142e-2;3607e-1;163e-2;3599e-1;126e-2
2016-07-05;08:20:22;1800e0;2610986e0;323e0;9120e0;206e-2;214e-2;208e-2;3639e-1;229e-2;3665e-1;195e-2
2016-07-05;08:50:22;1800e0;3810216e0;641e0;13382e0;298e-2;309e-2;300e-2;3621e-1;325e-2;3655e-1;294e-2
2016-07-05;09:20:22;1800e0;5021201e0;1023e0;17326e0;393e-2;405e-2;397e-2;3602e-1;425e-2;3615e-1;394e-2
2016-07-05;09:50:22;1800e0;4924261e0;995e0;16508e0;385e-2;396e-2;388e-2;3598e-1;447e-2;3636e-1;355e-2
2016-07-05;10:20:22;1800e0;6950011e0;1695e0;23765e0;541e-2;556e-2;546e-2;3556e-1;637e-2;3584e-1;507e-2
2016-07-05;10:50:22;1800e0;7224260e0;2118e0;24296e0;560e-2;575e-2;565e-2;3515e-1;692e-2;3558e-1;507e-2
2016-07-05;11:20:22;1800e0;6639406e0;1479e0;22945e0;520e-2;534e-2;524e-2;3527e-1;641e-2;3581e-1;457e-2
2016-07-05;11:50:22;1800e0;4608756e0;1002e0;15690e0;363e-2;374e-2;366e-2;3536e-1;447e-2;3601e-1;314e-2
2016-07-05;12:20:22;1800e0;3494578e0;395e0;12349e0;276e-2;285e-2;277e-2;3566e-1;335e-2;3617e-1;240e-2
2016-07-05;12:50:22;1800e0;8381987e0;1695e0;29032e0;655e-2;670e-2;661e-2;3507e-1;895e-2;3605e-1;496e-2
2016-07-05;13:20:22;1800e0;4387674e0;617e0;15152e0;345e-2;358e-2;348e-2;3511e-1;422e-2;3569e-1;309e-2
2016-07-05;13:50:22;1800e0;4071852e0;441e0;14159e0;321e-2;333e-2;324e-2;3578e-1;389e-2;3606e-1;280e-2
2016-07-05;14:20:22;1800e0;5121456e0;1179e0;17415e0;403e-2;415e-2;406e-2;3570e-1;494e-2;3606e-1;346e-2
2016-07-05;14:50:22;1800e0;3944404e0;670e0;13652e0;310e-2;321e-2;313e-2;3555e-1;379e-2;3557e-1;276e-2
2016-07-05;15:20:22;1800e0;2935316e0;476e0;10041e0;232e-2;241e-2;234e-2;3542e-1;285e-2;3519e-1;209e-2
2016-07-05;15:50:22;1800e0;1558481e0;191e0;5086e0;130e-2;131e-2;133e-2;3516e-1;151e-2;3476e-1;116e-2
2016-07-05;16:20:22;1800e0;1409025e0;145e0;4898e0;118e-2;117e-2;121e-2;3534e-1;137e-2;3473e-1;105e-2
2016-07-05;16:50:22;1800e0;805157e0;162e0;2985e0;77e-2;68e-2;82e-2;3439e-1;84e-2;3374e-1;61e-2
2016-07-05;17:20:22;1800e0;750707e0;68e0;2795e0;74e-2;63e-2;79e-2;3428e-1;78e-2;3383e-1;57e-2
2016-07-05;17:50:22;1800e0;549842e0;63e0;1842e0;61e-2;46e-2;68e-2;3387e-1;58e-2;3337e-1;44e-2
2016-07-05;18:20:22;1800e0;1723444e0;170e0;5981e0;140e-2;142e-2;143e-2;3581e-1;163e-2;3566e-1;126e-2
2016-07-05;18:50:22;1800e0;2564317e0;325e0;8784e0;205e-2;210e-2;207e-2;3624e-1;212e-2;3605e-1;209e-2
2016-07-05;19:20:22;1800e0;2868250e0;583e0;9716e0;228e-2;234e-2;230e-2;3602e-1;190e-2;3542e-1;286e-2
2016-07-05;19:50:22;1800e0;3058360e0;573e0;10510e0;243e-2;248e-2;245e-2;3575e-1;137e-2;3503e-1;377e-2
2016-07-05;20:20:22;1800e0;587919e0;84e0;2412e0;63e-2;50e-2;70e-2;3399e-1;61e-2;3333e-1;49e-2
2016-07-05;20:50:22;1800e0;407424e0;39e0;1311e0;53e-2;34e-2;62e-2;3352e-1;43e-2;3293e-1;34e-2
2016-07-05;21:20:22;1800e0;205389e0;12e0;536e0;37e-2;17e-2;39e-2;3271e-1;27e-2;3192e-1;20e-2
2016-07-06;06:50:23;1800e0;124725e0;0e0;205e0;27e-2;10e-2;15e-2;3224e-1;17e-2;3154e-1;12e-2
2016-07-06;07:50:23;1800e0;109253e0;6e0;348e0;20e-2;10e-2;11e-2;3227e-1;16e-2;3132e-1;10e-2
2016-07-06;08:20:23;1800e0;269294e0;41e0;1092e0;48e-2;24e-2;56e-2;3358e-1;32e-2;3239e-1;22e-2
2016-07-06;08:50:23;1800e0;373700e0;16e0;1358e0;53e-2;33e-2;61e-2;3392e-1;42e-2;3326e-1;29e-2
2016-07-06;09:20:23;1800e0;619654e0;104e0;2186e0;66e-2;53e-2;72e-2;3455e-1;64e-2;3419e-1;47e-2
2016-07-06;09:50:23;1800e0;1138496e0;161e0;4180e0;99e-2;95e-2;103e-2;3569e-1;110e-2;3523e-1;83e-2
2016-07-06;10:20:23;1800e0;2746711e0;306e0;9797e0;217e-2;222e-2;219e-2;3678e-1;256e-2;3641e-1;186e-2
2016-07-06;10:50:23;1800e0;2365361e0;373e0;8307e0;188e-2;192e-2;191e-2;3653e-1;221e-2;3616e-1;164e-2
2016-07-06;11:20:23;1800e0;2595524e0;438e0;9032e0;205e-2;210e-2;207e-2;3655e-1;244e-2;3622e-1;178e-2
2016-07-06;11:50:23;1800e0;2160545e0;398e0;7694e0;172e-2;176e-2;174e-2;3626e-1;200e-2;3612e-1;153e-2
2016-07-06;12:20:23;1800e0;3079965e0;356e0;10858e0;240e-2;247e-2;243e-2;3664e-1;283e-2;3650e-1;213e-2
2016-07-06;12:50:23;1800e0;4225330e0;491e0;14959e0;327e-2;337e-2;330e-2;3663e-1;386e-2;3664e-1;291e-2
2016-07-06;13:20:23;1800e0;5118742e0;1253e0;17528e0;395e-2;407e-2;399e-2;3656e-1;479e-2;3648e-1;342e-2
2016-07-06;13:50:23;1800e0;5919788e0;1134e0;20833e0;456e-2;469e-2;461e-2;3659e-1;556e-2;3653e-1;394e-2
2016-07-06;14:20:23;1800e0;6746961e0;2076e0;22761e0;519e-2;533e-2;524e-2;3625e-1;654e-2;3639e-1;434e-2
2016-07-06;14:50:23;1800e0;9943005e0;2445e0;34315e0;763e-2;779e-2;771e-2;3591e-1;1000e-2;3632e-1;613e-2
2016-07-06;15:20:23;1800e0;7232532e0;2075e0;24731e0;555e-2;569e-2;560e-2;3623e-1;690e-2;3637e-1;478e-2
2016-07-06;15:50:23;1800e0;6796328e0;1584e0;23505e0;520e-2;534e-2;525e-2;3636e-1;637e-2;3652e-1;455e-2
2016-07-06;16:20:23;1800e0;7041216e0;1887e0;24068e0;547e-2;561e-2;553e-2;3610e-1;651e-2;3630e-1;488e-2
2016-07-06;16:50:23;1800e0;6864764e0;1326e0;23662e0;534e-2;546e-2;539e-2;3586e-1;601e-2;3589e-1;516e-2
2016-07-06;17:20:23;1800e0;5490789e0;1473e0;18650e0;427e-2;438e-2;432e-2;3592e-1;455e-2;3600e-1;435e-2
2016-07-06;17:50:23;1800e0;5543552e0;1210e0;19106e0;429e-2;441e-2;434e-2;3611e-1;421e-2;3609e-1;476e-2
2016-07-06;18:20:23;1800e0;5579790e0;1341e0;19044e0;430e-2;441e-2;435e-2;3639e-1;348e-2;3608e-1;554e-2
2016-07-06;18:50:23;1800e0;6197869e0;1378e0;21701e0;475e-2;488e-2;479e-2;3692e-1;336e-2;3586e-1;669e-2
2016-07-06;19:20:23;1800e0;3890589e0;762e0;13662e0;302e-2;311e-2;306e-2;3626e-1;199e-2;3626e-1;431e-2
2016-07-06;19:50:23;1800e0;3311605e0;512e0;11502e0;258e-2;265e-2;261e-2;3613e-1;172e-2;3554e-1;377e-2
2016-07-06;20:20:23;1800e0;2698088e0;386e0;9427e0;212e-2;218e-2;214e-2;3570e-1;103e-2;3445e-1;358e-2
2016-07-06;20:50:23;1800e0;1615202e0;228e0;5620e0;132e-2;133e-2;136e-2;3463e-1;71e-2;3458e-1;209e-2
2016-07-06;21:20:23;1800e0;620447e0;96e0;2082e0;68e-2;54e-2;72e-2;3300e-1;37e-2;3301e-1;79e-2
2016-07-07;05:20:23;1800e0;76751e0;2e0;474e0;26e-2;9e-2;13e-2;3380e-1;17e-2;3332e-1;13e-2
2016-07-07;05:50:23;1800e0;198909e0;25e0;413e0;45e-2;17e-2;42e-2;3285e-1;25e-2;3208e-1;19e-2
2016-07-07;06:20:23;1800e0;462689e0;60e0;1431e0;57e-2;41e-2;64e-2;3414e-1;49e-2;3392e-1;38e-2
2016-07-07;06:50:23;1800e0;884267e0;86e0;3185e0;83e-2;75e-2;87e-2;3510e-1;85e-2;3512e-1;69e-2
2016-07-07;07:20:23;1800e0;2115275e0;293e0;7316e0;168e-2;173e-2;171e-2;3642e-1;170e-2;3723e-1;172e-2
2016-07-07;07:50:23;1800e0;2156170e0;291e0;7436e0;173e-2;179e-2;176e-2;3641e-1;195e-2;3675e-1;157e-2
2016-07-07;08:20:23;1800e0;3140648e0;430e0;11081e0;249e-2;257e-2;251e-2;3675e-1;257e-2;3707e-1;245e-2
2016-07-07;08:50:23;1800e0;4572595e0;1116e0;15732e0;355e-2;366e-2;359e-2;3695e-1;335e-2;3663e-1;397e-2
2016-07-07;09:20:23;1800e0;4768572e0;789e0;16717e0;369e-2;380e-2;373e-2;3681e-1;389e-2;3685e-1;372e-2
2016-07-07;09:50:23;1800e0;7193667e0;1405e0;24970e0;561e-2;574e-2;566e-2;3657e-1;598e-2;3601e-1;563e-2
2016-07-07;10:20:23;1800e0;7240542e0;1881e0;24734e0;565e-2;578e-2;571e-2;3642e-1;650e-2;3631e-1;516e-2
2016-07-07;10:50:23;1800e0;8606121e0;2331e0;29197e0;671e-2;685e-2;677e-2;3598e-1;811e-2;3588e-1;589e-2
2016-07-07;11:20:23;1800e0;7408096e0;2299e0;24973e0;574e-2;587e-2;580e-2;3615e-1;718e-2;3613e-1;480e-2
2016-07-07;11:50:23;1800e0;8568938e0;2013e0;29316e0;661e-2;675e-2;668e-2;3602e-1;866e-2;3619e-1;523e-2
2016-07-07;12:20:23;1800e0;8153257e0;1460e0;28620e0;629e-2;643e-2;636e-2;3599e-1;834e-2;3640e-1;487e-2
2016-07-07;12:50:23;1800e0;9038970e0;2343e0;30821e0;695e-2;710e-2;702e-2;3558e-1;932e-2;3633e-1;543e-2
2016-07-07;13:20:23;1800e0;6946933e0;1477e0;24011e0;538e-2;552e-2;543e-2;3613e-1;693e-2;3641e-1;430e-2
2016-07-07;13:50:23;1800e0;7869299e0;1933e0;26941e0;607e-2;621e-2;613e-2;3584e-1;795e-2;3638e-1;483e-2
2016-07-07;14:20:23;1800e0;8515971e0;1962e0;29200e0;655e-2;670e-2;662e-2;3562e-1;893e-2;3628e-1;495e-2
2016-07-07;14:50:23;1800e0;6807933e0;1786e0;23073e0;530e-2;543e-2;535e-2;3580e-1;682e-2;3622e-1;426e-2
2016-07-07;15:20:23;1800e0;7042581e0;2046e0;23824e0;547e-2;561e-2;553e-2;3593e-1;685e-2;3631e-1;458e-2
2016-07-07;15:50:23;1800e0;7764968e0;1890e0;26806e0;600e-2;615e-2;606e-2;3572e-1;741e-2;3614e-1;524e-2
2016-07-07;16:20:23;1800e0;8536450e0;1832e0;29396e0;657e-2;672e-2;664e-2;3573e-1;795e-2;3609e-1;597e-2
2016-07-07;16:50:23;1800e0;4904330e0;988e0;16882e0;380e-2;390e-2;383e-2;3606e-1;431e-2;3645e-1;362e-2
2016-07-07;17:20:23;1800e0;5097848e0;726e0;17785e0;395e-2;405e-2;399e-2;3583e-1;429e-2;3607e-1;401e-2
2016-07-07;17:50:23;1800e0;2947257e0;465e0;10140e0;233e-2;238e-2;236e-2;3577e-1;259e-2;3572e-1;225e-2
2016-07-07;18:20:23;1800e0;1869619e0;270e0;5978e0;152e-2;154e-2;154e-2;3555e-1;179e-2;3561e-1;135e-2
2016-07-07;18:50:23;1800e0;2257330e0;272e0;7673e0;181e-2;186e-2;183e-2;3579e-1;210e-2;3565e-1;166e-2
2016-07-07;19:20:23;1800e0;1011624e0;123e0;3478e0;92e-2;85e-2;96e-2;3453e-1;103e-2;3408e-1;75e-2
2016-07-07;19:50:23;1800e0;311260e0;37e0;774e0;50e-2;27e-2;54e-2;3284e-1;37e-2;3236e-1;28e-2
2016-07-07;20:20:23;1800e0;470173e0;30e0;1182e0;57e-2;41e-2;64e-2;3362e-1;52e-2;3321e-1;38e-2
2016-07-07;20:50:23;1800e0;236775e0;43e0;602e0;32e-2;19e-2;31e-2;3240e-1;30e-2;3186e-1;22e-2
2016-07-07;21:20:23;1800e0;89930e0;0e0;164e0;15e-2;6e-2;4e-2;3138e-1;15e-2;3088e-1;10e-2
2016-07-08;06:20:23;1800e0;321815e0;43e0;1326e0;50e-2;30e-2;55e-2;3352e-1;39e-2;3308e-1;30e-2
2016-07-08;06:50:23;1800e0;411756e0;37e0;1135e0;54e-2;35e-2;58e-2;3337e-1;45e-2;3313e-1;34e-2
2016-07-08;07:20:23;1800e0;1042953e0;106e0;3841e0;92e-2;88e-2;95e-2;3497e-1;102e-2;3493e-1;79e-2
2016-07-08;07:50:23;1800e0;1304991e0;105e0;4639e0;110e-2;109e-2;113e-2;3536e-1;126e-2;3519e-1;97e-2
2016-07-08;08:20:23;1800e0;1989667e0;211e0;6361e0;160e-2;164e-2;162e-2;3581e-1;188e-2;3575e-1;142e-2
2016-07-08;08:50:23;1800e0;1413672e0;160e0;4892e0;121e-2;119e-2;125e-2;3509e-1;137e-2;3503e-1;103e-2
2016-07-08;09:20:23;1800e0;5647701e0;1333e0;19358e0;444e-2;456e-2;449e-2;3620e-1;470e-2;3623e-1;446e-2
2016-07-08;09:50:23;1800e0;4373861e0;1054e0;14895e0;342e-2;354e-2;346e-2;3586e-1;392e-2;3601e-1;323e-2
2016-07-08;10:20:23;1800e0;4338559e0;1027e0;14792e0;342e-2;353e-2;345e-2;3581e-1;394e-2;3593e-1;317e-2
2016-07-08;10:50:23;1800e0;5256125e0;783e0;18265e0;412e-2;425e-2;416e-2;3609e-1;496e-2;3631e-1;357e-2
2016-07-08;11:20:23;1800e0;6081695e0;1332e0;20796e0;475e-2;488e-2;479e-2;3593e-1;578e-2;3614e-1;411e-2
2016-07-08;11:50:24;1800e0;5573319e0;1052e0;18932e0;435e-2;448e-2;439e-2;3584e-1;526e-2;3602e-1;386e-2
2016-07-08;12:20:23;1800e0;7953332e0;1552e0;27238e0;622e-2;637e-2;628e-2;3540e-1;803e-2;3582e-1;510e-2
2016-07-08;12:50:23;1800e0;8093881e0;1869e0;27855e0;633e-2;648e-2;639e-2;3539e-1;833e-2;3583e-1;500e-2
2016-07-08;13:20:24;1800e0;12278467e0;2543e0;42674e0;961e-2;979e-2;971e-2;3409e-1;1364e-2;3552e-1;714e-2
2016-07-08;13:50:24;1800e0;10527682e0;2188e0;36540e0;818e-2;834e-2;826e-2;3408e-1;1161e-2;3549e-1;618e-2
2016-07-08;14:20:24;1800e0;10947079e0;2496e0;37781e0;853e-2;870e-2;861e-2;3455e-1;1178e-2;3551e-1;659e-2
2016-07-08;14:50:24;1800e0;8319976e0;1553e0;28729e0;651e-2;667e-2;657e-2;3513e-1;847e-2;3564e-1;531e-2
2016-07-08;15:20:24;1800e0;5062662e0;1270e0;17259e0;396e-2;409e-2;400e-2;3549e-1;498e-2;3570e-1;339e-2
2016-07-08;15:50:24;1800e0;5821976e0;1036e0;20186e0;454e-2;467e-2;458e-2;3587e-1;548e-2;3623e-1;400e-2
2016-07-08;16:20:24;1800e0;10048148e0;2407e0;34277e0;776e-2;793e-2;785e-2;3503e-1;940e-2;3520e-1;735e-2
2016-07-08;16:50:24;1800e0;5722510e0;1250e0;19651e0;446e-2;460e-2;450e-2;3546e-1;515e-2;3566e-1;430e-2
2016-07-08;17:20:24;1800e0;3490402e0;563e0;12200e0;275e-2;284e-2;277e-2;3553e-1;318e-2;3558e-1;261e-2
2016-07-08;17:50:24;1800e0;1340931e0;181e0;4717e0;113e-2;112e-2;116e-2;3473e-1;130e-2;3458e-1;102e-2
2016-07-08;18:20:24;1800e0;1536228e0;229e0;5102e0;127e-2;127e-2;129e-2;3523e-1;151e-2;3499e-1;110e-2
2016-07-08;18:50:24;1800e0;993240e0;125e0;3715e0;89e-2;84e-2;93e-2;3449e-1;98e-2;3439e-1;75e-2
2016-07-08;19:20:24;1800e0;503413e0;57e0;1689e0;58e-2;43e-2;65e-2;3353e-1;54e-2;3332e-1;40e-2
2016-07-08;19:50:24;1800e0;376228e0;71e0;917e0;52e-2;32e-2;60e-2;3322e-1;42e-2;3270e-1;31e-2
2016-07-08;20:20:24;1800e0;150349e0;6e0;790e0;31e-2;15e-2;27e-2;3279e-1;23e-2;3215e-1;18e-2
2016-07-08;20:50:24;1800e0;48898e0;0e0;74e0;3e-2;5e-2;0e-2;3201e-1;12e-2;3145e-1;9e-2
2016-07-09;06:20:24;1800e0;273277e0;27e0;967e0;35e-2;21e-2;34e-2;3247e-1;30e-2;3210e-1;24e-2
2016-07-09;06:50:24;1800e0;1361120e0;136e0;5051e0;121e-2;118e-2;125e-2;3572e-1;119e-2;3584e-1;121e-2
2016-07-09;07:20:24;1800e0;2578924e0;539e0;8853e0;207e-2;211e-2;209e-2;3595e-1;178e-2;3617e-1;244e-2
2016-07-09;07:50:24;1800e0;2346388e0;275e0;8013e0;189e-2;193e-2;191e-2;3569e-1;189e-2;3581e-1;199e-2
2016-07-09;08:20:24;1800e0;3057733e0;574e0;10358e0;243e-2;248e-2;244e-2;3602e-1;230e-2;3598e-1;270e-2
2016-07-09;08:50:24;1800e0;4843053e0;839e0;16852e0;382e-2;391e-2;384e-2;3613e-1;356e-2;3507e-1;445e-2
2016-07-09;09:20:24;1800e0;1836273e0;248e0;6236e0;149e-2;150e-2;151e-2;3555e-1;171e-2;3553e-1;135e-2
2016-07-09;09:50:24;1800e0;3135855e0;417e0;10889e0;247e-2;253e-2;249e-2;3606e-1;285e-2;3627e-1;225e-2
2016-07-09;10:20:24;1800e0;4949345e0;926e0;17139e0;388e-2;398e-2;391e-2;3617e-1;462e-2;3622e-1;339e-2
2016-07-09;10:50:24;1800e0;8401318e0;1730e0;29207e0;654e-2;668e-2;660e-2;3578e-1;796e-2;3586e-1;578e-2
2016-07-09;11:20:24;1800e0;7372067e0;1957e0;24954e0;574e-2;587e-2;580e-2;3576e-1;708e-2;3585e-1;493e-2
2016-07-09;11:50:24;1800e0;8878677e0;1691e0;30818e0;692e-2;706e-2;698e-2;3564e-1;892e-2;3617e-1;557e-2
2016-07-09;12:20:24;1800e0;5739614e0;1036e0;20136e0;446e-2;457e-2;449e-2;3575e-1;559e-2;3600e-1;379e-2
2016-07-09;12:50:24;1800e0;3159092e0;419e0;11195e0;248e-2;254e-2;250e-2;3594e-1;291e-2;3605e-1;225e-2
2016-07-09;13:20:24;1800e0;2802998e0;440e0;9638e0;221e-2;226e-2;223e-2;3596e-1;261e-2;3604e-1;198e-2
2016-07-09;13:50:24;1800e0;5815084e0;1262e0;20075e0;451e-2;461e-2;455e-2;3586e-1;580e-2;3625e-1;367e-2
2016-07-09;14:20:24;1800e0;5082253e0;1159e0;17614e0;393e-2;404e-2;396e-2;3590e-1;483e-2;3618e-1;344e-2
2016-07-09;14:50:24;1800e0;9852028e0;2489e0;33637e0;761e-2;776e-2;768e-2;3503e-1;1019e-2;3579e-1;612e-2
2016-07-09;15:20:24;1800e0;4830183e0;1041e0;16467e0;378e-2;387e-2;381e-2;3554e-1;469e-2;3587e-1;325e-2
2016-07-09;15:50:24;1800e0;9452376e0;2349e0;32246e0;732e-2;747e-2;739e-2;3552e-1;909e-2;3610e-1;635e-2
2016-07-09;16:20:24;1800e0;4778755e0;784e0;16792e0;372e-2;382e-2;375e-2;3578e-1;440e-2;3621e-1;338e-2
2016-07-09;16:50:24;1800e0;6889514e0;1661e0;23737e0;534e-2;546e-2;538e-2;3569e-1;612e-2;3589e-1;513e-2
2016-07-09;17:20:24;1800e0;5925966e0;1328e0;20431e0;460e-2;471e-2;464e-2;3591e-1;490e-2;3613e-1;474e-2
2016-07-09;17:50:24;1800e0;7339087e0;1809e0;25156e0;570e-2;583e-2;575e-2;3596e-1;527e-2;3579e-1;673e-2
2016-07-09;18:20:24;1800e0;4272137e0;832e0;14719e0;334e-2;342e-2;337e-2;3587e-1;308e-2;3585e-1;392e-2
2016-07-09;18:50:24;1800e0;2553840e0;257e0;8854e0;202e-2;207e-2;204e-2;3569e-1;210e-2;3598e-1;210e-2
2016-07-09;19:20:24;1800e0;2277562e0;327e0;7793e0;182e-2;187e-2;184e-2;3567e-1;189e-2;3626e-1;185e-2
2016-07-09;19:50:24;1800e0;2173849e0;391e0;7121e0;173e-2;177e-2;175e-2;3554e-1;157e-2;3570e-1;206e-2
2016-07-09;20:20:24;1800e0;1811894e0;128e0;6061e0;147e-2;148e-2;149e-2;3514e-1;110e-2;3393e-1;205e-2
2016-07-09;20:50:24;1800e0;1555913e0;173e0;5275e0;128e-2;128e-2;131e-2;3468e-1;76e-2;3547e-1;189e-2
2016-07-09;21:20:24;1800e0;496057e0;77e0;1624e0;60e-2;41e-2;64e-2;3278e-1;32e-2;3311e-1;61e-2
2016-07-09;21:50:24;1800e0;44022e0;2e0;122e0;11e-2;6e-2;3e-2;3245e-1;10e-2;3284e-1;12e-2
2016-07-10;05:50:24;1800e0;150523e0;6e0;247e0;35e-2;9e-2;24e-2;3210e-1;19e-2;3165e-1;15e-2
2016-07-10;06:20:24;1800e0;166968e0;6e0;353e0;39e-2;10e-2;25e-2;3225e-1;21e-2;3169e-1;16e-2
2016-07-10;06:50:24;1800e0;510320e0;93e0;1816e0;60e-2;42e-2;67e-2;3358e-1;54e-2;3338e-1;40e-2
2016-07-10;07:20:24;1800e0;656964e0;56e0;2320e0;67e-2;55e-2;75e-2;3414e-1;67e-2;3396e-1;51e-2
2016-07-10;07:50:24;1800e0;566773e0;100e0;1860e0;62e-2;48e-2;70e-2;3403e-1;59e-2;3379e-1;44e-2
2016-07-10;08:20:24;1800e0;608015e0;81e0;2096e0;65e-2;52e-2;71e-2;3415e-1;63e-2;3389e-1;48e-2
2016-07-10;08:50:24;1800e0;421543e0;31e0;1306e0;55e-2;35e-2;61e-2;3333e-1;46e-2;3287e-1;35e-2
2016-07-10;09:20:24;1800e0;452085e0;90e0;1381e0;55e-2;39e-2;60e-2;3340e-1;49e-2;3284e-1;36e-2
2016-07-10;09:50:24;1800e0;659330e0;55e0;2310e0;68e-2;56e-2;73e-2;3417e-1;68e-2;3386e-1;52e-2
2016-07-10;10:20:24;1800e0;795202e0;62e0;2721e0;77e-2;68e-2;81e-2;3436e-1;81e-2;3406e-1;61e-2
2016-07-10;10:50:24;1800e0;1093524e0;168e0;3943e0;96e-2;92e-2;100e-2;3497e-1;108e-2;3463e-1;81e-2
2016-07-10;11:20:24;1800e0;1414263e0;202e0;4867e0;118e-2;118e-2;121e-2;3539e-1;137e-2;3509e-1;103e-2
2016-07-10;11:50:24;1800e0;2927172e0;393e0;10060e0;230e-2;237e-2;232e-2;3619e-1;274e-2;3608e-1;202e-2
2016-07-10;12:20:24;1800e0;1583051e0;190e0;5424e0;130e-2;131e-2;133e-2;3535e-1;154e-2;3493e-1;114e-2
2016-07-10;12:50:24;1800e0;2383394e0;381e0;8311e0;189e-2;193e-2;192e-2;3580e-1;226e-2;3564e-1;166e-2
2016-07-10;13:20:24;1800e0;3607537e0;690e0;12437e0;281e-2;290e-2;284e-2;3610e-1;338e-2;3601e-1;249e-2
2016-07-10;13:50:24;1800e0;7804255e0;1378e0;27165e0;604e-2;617e-2;609e-2;3582e-1;767e-2;3609e-1;504e-2
2016-07-10;14:20:24;1800e0;3323893e0;558e0;11537e0;259e-2;267e-2;261e-2;3598e-1;313e-2;3579e-1;231e-2
2016-07-10;14:50:24;1800e0;3099706e0;428e0;10877e0;243e-2;249e-2;246e-2;3587e-1;292e-2;3561e-1;216e-2
2016-07-10;15:20:24;1800e0;4513765e0;929e0;15395e0;353e-2;360e-2;357e-2;3605e-1;423e-2;3597e-1;306e-2
2016-07-10;15:50:24;1800e0;3971056e0;614e0;13733e0;310e-2;319e-2;313e-2;3596e-1;371e-2;3586e-1;278e-2
2016-07-10;16:20:24;1800e0;3849946e0;700e0;13397e0;301e-2;309e-2;303e-2;3578e-1;361e-2;3573e-1;270e-2
2016-07-10;16:50:24;1800e0;5008923e0;776e0;17406e0;389e-2;398e-2;392e-2;3582e-1;449e-2;3598e-1;367e-2
2016-07-10;17:20:24;1800e0;3669949e0;410e0;12938e0;286e-2;293e-2;288e-2;3557e-1;342e-2;3547e-1;264e-2
2016-07-10;17:50:24;1800e0;2460407e0;280e0;8575e0;195e-2;199e-2;197e-2;3537e-1;233e-2;3521e-1;178e-2
2016-07-10;18:20:24;1800e0;1154444e0;154e0;4092e0;100e-2;95e-2;104e-2;3442e-1;114e-2;3417e-1;88e-2
2016-07-10;18:50:24;1800e0;1868171e0;257e0;6688e0;154e-2;151e-2;157e-2;3483e-1;154e-2;3482e-1;159e-2
2016-07-10;19:20:24;1800e0;1659343e0;115e0;5736e0;139e-2;135e-2;143e-2;3440e-1;136e-2;3440e-1;146e-2
2016-07-10;19:50:24;1800e0;597889e0;112e0;2109e0;65e-2;50e-2;71e-2;3333e-1;64e-2;3290e-1;47e-2
2016-07-10;20:20:24;1800e0;164047e0;4e0;385e0;38e-2;11e-2;29e-2;3144e-1;22e-2;3092e-1;16e-2
2016-07-10;20:50:24;1800e0;86331e0;6e0;178e0;22e-2;9e-2;18e-2;3239e-1;17e-2;3171e-1;14e-2
2016-07-11;05:50:25;1800e0;258684e0;30e0;598e0;46e-2;21e-2;51e-2;3243e-1;30e-2;3219e-1;25e-2
2016-07-11;06:20:25;1800e0;1023355e0;113e0;3618e0;93e-2;86e-2;97e-2;3428e-1;78e-2;3512e-1;99e-2
2016-07-11;06:50:25;1800e0;2123530e0;315e0;7176e0;172e-2;176e-2;174e-2;3564e-1;149e-2;3621e-1;203e-2
2016-07-11;07:20:25;1800e0;900428e0;112e0;3223e0;83e-2;76e-2;87e-2;3433e-1;90e-2;3405e-1;71e-2
2016-07-11;07:50:25;1800e0;1237673e0;181e0;4352e0;107e-2;103e-2;110e-2;3466e-1;118e-2;3463e-1;96e-2
2016-07-11;08:20:25;1800e0;2291428e0;339e0;7943e0;182e-2;186e-2;184e-2;3567e-1;209e-2;3559e-1;171e-2
2016-07-11;08:50:25;1800e0;3403609e0;492e0;11752e0;266e-2;275e-2;269e-2;3592e-1;294e-2;3588e-1;264e-2
2016-07-11;09:20:25;1800e0;5262925e0;891e0;18241e0;408e-2;420e-2;412e-2;3614e-1;440e-2;3601e-1;416e-2
2016-07-11;09:50:25;1800e0;6532178e0;1767e0;22163e0;507e-2;519e-2;512e-2;3589e-1;562e-2;3558e-1;508e-2
2016-07-11;10:20:25;1800e0;4990705e0;731e0;17433e0;388e-2;399e-2;392e-2;3587e-1;456e-2;3595e-1;358e-2
2016-07-11;10:50:25;1800e0;7206888e0;1286e0;24864e0;558e-2;572e-2;564e-2;3583e-1;681e-2;3563e-1;498e-2
2016-07-11;11:20:25;1800e0;9005742e0;2003e0;30820e0;696e-2;712e-2;703e-2;3549e-1;893e-2;3535e-1;595e-2
2016-07-11;11:50:25;1800e0;8425837e0;2316e0;28342e0;653e-2;669e-2;660e-2;3546e-1;860e-2;3561e-1;527e-2
2016-07-11;12:20:25;1800e0;10955050e0;2646e0;37906e0;851e-2;869e-2;860e-2;3493e-1;1203e-2;3555e-1;621e-2
2016-07-11;12:50:25;1800e0;11071200e0;3164e0;37608e0;861e-2;879e-2;870e-2;3467e-1;1233e-2;3570e-1;615e-2
2016-07-11;13:20:25;1800e0;11299156e0;3109e0;38414e0;878e-2;896e-2;887e-2;3447e-1;1264e-2;3551e-1;631e-2
2016-07-11;13:50:25;1800e0;11828613e0;2581e0;40939e0;913e-2;932e-2;923e-2;3448e-1;1327e-2;3562e-1;657e-2
2016-07-11;14:20:25;1800e0;12395037e0;3102e0;42682e0;953e-2;972e-2;963e-2;3452e-1;1390e-2;3555e-1;687e-2
2016-07-11;14:50:25;1800e0;11706729e0;3196e0;39142e0;899e-2;917e-2;909e-2;3485e-1;1265e-2;3550e-1;685e-2
2016-07-11;15:20:25;1800e0;11173141e0;3033e0;37784e0;856e-2;873e-2;865e-2;3503e-1;1155e-2;3553e-1;699e-2
2016-07-11;15:50:25;1800e0;6488000e0;1313e0;22585e0;498e-2;511e-2;502e-2;3576e-1;626e-2;3577e-1;437e-2
2016-07-11;16:20:25;1800e0;3991323e0;874e0;13658e0;309e-2;316e-2;312e-2;3555e-1;384e-2;3535e-1;275e-2
2016-07-11;16:50:25;1800e0;1557135e0;266e0;5515e0;129e-2;128e-2;132e-2;3523e-1;152e-2;3501e-1;111e-2
2016-07-11;17:20:25;1800e0;3619411e0;364e0;12682e0;279e-2;289e-2;282e-2;3600e-1;337e-2;3612e-1;255e-2
2016-07-11;17:50:25;1800e0;3681867e0;375e0;13053e0;284e-2;293e-2;287e-2;3582e-1;328e-2;3586e-1;277e-2
2016-07-11;18:20:25;1800e0;3806950e0;535e0;13215e0;296e-2;306e-2;299e-2;3587e-1;295e-2;3595e-1;329e-2
2016-07-11;18:50:25;1800e0;3084596e0;418e0;10781e0;242e-2;249e-2;245e-2;3550e-1;226e-2;3540e-1;286e-2
2016-07-11;19:20:25;1800e0;1214751e0;99e0;4257e0;104e-2;102e-2;107e-2;3473e-1;114e-2;3471e-1;98e-2
2016-07-11;19:50:25;1800e0;658549e0;56e0;2398e0;69e-2;57e-2;75e-2;3370e-1;65e-2;3355e-1;56e-2
2016-07-11;20:20:25;1800e0;776857e0;102e0;2666e0;77e-2;66e-2;83e-2;3368e-1;60e-2;3354e-1;81e-2
2016-07-11;20:50:25;1800e0;722532e0;78e0;2235e0;78e-2;60e-2;75e-2;3296e-1;44e-2;3252e-1;90e-2
2016-07-12;05:50:25;1800e0;238751e0;12e0;688e0;46e-2;21e-2;52e-2;3258e-1;29e-2;3202e-1;23e-2
2016-07-12;06:20:25;1800e0;539633e0;91e0;1903e0;61e-2;47e-2;68e-2;3380e-1;57e-2;3355e-1;46e-2
2016-07-12;06:50:25;1800e0;541708e0;74e0;1779e0;60e-2;47e-2;67e-2;3379e-1;57e-2;3359e-1;45e-2
2016-07-12;07:20:25;1800e0;1107766e0;130e0;3857e0;97e-2;93e-2;101e-2;3500e-1;109e-2;3472e-1;84e-2
2016-07-12;07:50:25;1800e0;2106286e0;205e0;7520e0;170e-2;173e-2;173e-2;3573e-1;146e-2;3576e-1;201e-2
2016-07-12;08:20:25;1800e0;4549904e0;1008e0;15648e0;354e-2;366e-2;358e-2;3654e-1;300e-2;3624e-1;438e-2
2016-07-12;08:50:25;1800e0;5310170e0;848e0;18498e0;414e-2;427e-2;419e-2;3639e-1;378e-2;3561e-1;490e-2
2016-07-12;09:20:25;1800e0;3538362e0;573e0;12370e0;276e-2;285e-2;279e-2;3599e-1;309e-2;3589e-1;274e-2
2016-07-12;09:50:25;1800e0;4414744e0;734e0;15415e0;348e-2;358e-2;352e-2;3603e-1;391e-2;3581e-1;331e-2
2016-07-12;10:20:25;1800e0;4666334e0;735e0;16305e0;367e-2;378e-2;370e-2;3625e-1;434e-2;3626e-1;323e-2
2016-07-12;10:50:25;1800e0;3520812e0;560e0;12228e0;277e-2;286e-2;279e-2;3603e-1;328e-2;3607e-1;249e-2
2016-07-12;11:20:25;1800e0;7386738e0;1997e0;24983e0;569e-2;584e-2;575e-2;3626e-1;706e-2;3636e-1;489e-2
2016-07-12;11:50:25;1800e0;9839836e0;2155e0;34432e0;754e-2;770e-2;762e-2;3552e-1;995e-2;3576e-1;625e-2
2016-07-12;12:20:25;1800e0;9912014e0;3103e0;33732e0;757e-2;774e-2;765e-2;3524e-1;1038e-2;3581e-1;597e-2
2016-07-12;12:50:25;1800e0;10443696e0;2799e0;35465e0;798e-2;814e-2;806e-2;3528e-1;1111e-2;3589e-1;611e-2
2016-07-12;13:20:25;1800e0;11909098e0;2971e0;40605e0;916e-2;933e-2;926e-2;3474e-1;1298e-2;3569e-1;689e-2
2016-07-12;13:50:25;1800e0;7218828e0;1317e0;25298e0;559e-2;572e-2;565e-2;3560e-1;750e-2;3570e-1;440e-2
2016-07-12;14:20:25;1800e0;4736999e0;996e0;16375e0;370e-2;376e-2;375e-2;3576e-1;487e-2;3564e-1;282e-2
2016-07-12;14:50:25;1800e0;11225532e0;2867e0;38294e0;867e-2;884e-2;876e-2;3518e-1;1179e-2;3589e-1;675e-2
2016-07-12;15:20:25;1800e0;4706375e0;914e0;16489e0;366e-2;374e-2;371e-2;3510e-1;475e-2;3551e-1;311e-2
2016-07-12;15:50:25;1800e0;1352756e0;168e0;4730e0;114e-2;112e-2;117e-2;3527e-1;130e-2;3521e-1;101e-2
2016-07-12;16:20:25;1800e0;2044341e0;303e0;7105e0;166e-2;167e-2;169e-2;3562e-1;182e-2;3567e-1;156e-2
2016-07-12;16:50:25;1800e0;2319302e0;265e0;8115e0;185e-2;188e-2;187e-2;3580e-1;212e-2;3577e-1;172e-2
2016-07-12;17:20:25;1800e0;5393457e0;1238e0;18321e0;421e-2;432e-2;425e-2;3589e-1;458e-2;3588e-1;420e-2
2016-07-12;17:50:25;1800e0;2912729e0;404e0;10062e0;232e-2;238e-2;234e-2;3537e-1;244e-2;3553e-1;241e-2
2016-07-12;18:20:25;1800e0;3696606e0;627e0;12845e0;290e-2;298e-2;293e-2;3568e-1;283e-2;3575e-1;327e-2
2016-07-12;18:50:25;1800e0;2731527e0;322e0;9426e0;216e-2;222e-2;218e-2;3556e-1;206e-2;3554e-1;248e-2
2016-07-12;19:20:25;1800e0;911842e0;125e0;3310e0;84e-2;78e-2;87e-2;3412e-1;87e-2;3427e-1;77e-2
2016-07-12;19:50:26;1800e0;741611e0;110e0;2705e0;73e-2;64e-2;77e-2;3406e-1;73e-2;3417e-1;64e-2
2016-07-12;20:20:25;1800e0;588170e0;111e0;2045e0;64e-2;51e-2;69e-2;3363e-1;56e-2;3365e-1;55e-2
2016-07-12;20:50:26;1800e0;344146e0;24e0;811e0;51e-2;31e-2;57e-2;3296e-1;38e-2;3294e-1;33e-2
2016-07-12;21:20:26;1800e0;138000e0;4e0;345e0;28e-2;11e-2;20e-2;3170e-1;19e-2;3159e-1;17e-2
2016-07-13;05:20:26;1800e0;382116e0;68e0;1369e0;56e-2;39e-2;63e-2;3379e-1;23e-2;3552e-1;60e-2
2016-07-13;05:50:26;1800e0;1253225e0;124e0;4078e0;108e-2;106e-2;111e-2;3498e-1;43e-2;3775e-1;160e-2
2016-07-13;06:20:26;1800e0;2197468e0;318e0;7334e0;176e-2;183e-2;178e-2;3577e-1;64e-2;3808e-1;286e-2
2016-07-13;06:50:26;1800e0;2992243e0;483e0;10294e0;236e-2;246e-2;238e-2;3580e-1;83e-2;3758e-1;396e-2
2016-07-13;07:20:26;1800e0;3767271e0;414e0;13358e0;296e-2;307e-2;298e-2;3687e-1;110e-2;3688e-1;497e-2
2016-07-13;07:50:26;1800e0;3119204e0;748e0;10564e0;247e-2;256e-2;250e-2;3663e-1;172e-2;3644e-1;333e-2
2016-07-13;08:20:26;1800e0;5486769e0;1412e0;18729e0;432e-2;445e-2;436e-2;3691e-1;291e-2;3584e-1;604e-2
2016-07-13;08:50:26;1800e0;6836577e0;1860e0;23210e0;538e-2;553e-2;543e-2;3703e-1;432e-2;3486e-1;697e-2
2016-07-13;09:20:26;1800e0;7854522e0;1876e0;26924e0;612e-2;627e-2;618e-2;3635e-1;588e-2;3481e-1;710e-2
2016-07-13;09:50:26;1800e0;7025261e0;1681e0;24024e0;548e-2;562e-2;553e-2;3601e-1;594e-2;3532e-1;562e-2
2016-07-13;10:20:26;1800e0;9951094e0;2871e0;33369e0;773e-2;790e-2;781e-2;3557e-1;909e-2;3441e-1;755e-2
2016-07-13;10:50:26;1800e0;9805010e0;2191e0;33388e0;762e-2;778e-2;770e-2;3523e-1;953e-2;3478e-1;683e-2
2016-07-13;11:20:26;1800e0;9008908e0;1691e0;31458e0;700e-2;716e-2;708e-2;3499e-1;920e-2;3500e-1;586e-2
2016-07-13;11:50:26;1800e0;10731466e0;2921e0;36515e0;830e-2;848e-2;839e-2;3457e-1;1163e-2;3506e-1;641e-2
2016-07-13;12:20:26;1800e0;11532840e0;3577e0;38918e0;896e-2;914e-2;906e-2;3440e-1;1307e-2;3569e-1;627e-2
2016-07-13;12:50:26;1800e0;10870596e0;2556e0;37223e0;853e-2;870e-2;862e-2;3460e-1;1218e-2;3601e-1;591e-2
2016-07-13;13:20:26;1800e0;12957447e0;3800e0;44106e0;1017e-2;1036e-2;1028e-2;3400e-1;1483e-2;3599e-1;703e-2
2016-07-13;13:50:26;1800e0;7326862e0;1574e0;25231e0;576e-2;589e-2;582e-2;3460e-1;802e-2;3567e-1;439e-2
2016-07-13;14:20:26;1800e0;7789788e0;2009e0;26549e0;611e-2;625e-2;617e-2;3517e-1;826e-2;3587e-1;462e-2
2016-07-13;14:50:26;1800e0;6387400e0;1065e0;22260e0;502e-2;515e-2;507e-2;3525e-1;651e-2;3598e-1;405e-2
2016-07-13;15:20:26;1799e0;8837765e0;1974e0;30196e0;696e-2;711e-2;702e-2;3514e-1;898e-2;3571e-1;566e-2
2016-07-13;15:50:26;1800e0;7802478e0;1792e0;26572e0;615e-2;631e-2;622e-2;3527e-1;761e-2;3579e-1;528e-2
2016-07-13;16:20:26;1800e0;6045985e0;1467e0;20499e0;475e-2;489e-2;480e-2;3566e-1;561e-2;3614e-1;427e-2
2016-07-13;16:50:26;1800e0;5849867e0;940e0;20350e0;457e-2;471e-2;461e-2;3579e-1;532e-2;3604e-1;425e-2
2016-07-13;17:20:26;1800e0;8632586e0;2024e0;29568e0;670e-2;687e-2;677e-2;3577e-1;692e-2;3520e-1;738e-2
2016-07-13;17:50:26;1800e0;6138821e0;1468e0;21063e0;477e-2;490e-2;482e-2;3551e-1;469e-2;3524e-1;550e-2
2016-07-13;18:20:26;1800e0;6865431e0;1559e0;23593e0;535e-2;549e-2;539e-2;3618e-1;429e-2;3523e-1;705e-2
2016-07-13;18:50:26;1800e0;4017737e0;900e0;13640e0;317e-2;326e-2;320e-2;3608e-1;213e-2;3593e-1;442e-2
2016-07-13;19:20:26;1800e0;4015783e0;549e0;13950e0;315e-2;325e-2;318e-2;3627e-1;171e-2;3691e-1;473e-2
2016-07-13;19:50:26;1800e0;3145276e0;322e0;11085e0;246e-2;255e-2;248e-2;3574e-1;133e-2;3453e-1;404e-2
2016-07-13;20:20:26;1800e0;1243614e0;146e0;4299e0;107e-2;102e-2;112e-2;3376e-1;54e-2;3355e-1;168e-2
2016-07-13;20:50:26;1800e0;819167e0;90e0;2562e0;79e-2;69e-2;85e-2;3348e-1;46e-2;3358e-1;103e-2
2016-07-13;21:20:26;1800e0;432943e0;87e0;1345e0;53e-2;37e-2;57e-2;3239e-1;27e-2;3206e-1;60e-2
2016-07-14;05:20:26;1800e0;252543e0;18e0;621e0;48e-2;25e-2;55e-2;3387e-1;19e-2;3546e-1;40e-2
2016-07-14;05:50:26;1800e0;1316957e0;186e0;4642e0;114e-2;110e-2;119e-2;3567e-1;61e-2;3774e-1;152e-2
2016-07-14;06:20:26;1800e0;1556853e0;228e0;5358e0;130e-2;129e-2;133e-2;3585e-1;85e-2;3699e-1;169e-2
2016-07-14;06:50:26;1800e0;2475197e0;232e0;8553e0;198e-2;202e-2;200e-2;3652e-1;131e-2;3742e-1;266e-2
2016-07-14;07:20:26;1800e0;2435011e0;364e0;8615e0;194e-2;200e-2;197e-2;3664e-1;145e-2;3712e-1;250e-2
2016-07-14;07:50:26;1800e0;2287050e0;239e0;7987e0;183e-2;188e-2;185e-2;3640e-1;199e-2;3649e-1;175e-2
2016-07-14;08:20:26;1800e0;2936847e0;399e0;10317e0;233e-2;241e-2;235e-2;3641e-1;235e-2;3669e-1;241e-2
2016-07-14;08:50:26;1800e0;4579683e0;1098e0;15653e0;359e-2;370e-2;362e-2;3664e-1;368e-2;3669e-1;370e-2
2016-07-14;09:20:26;1800e0;6429271e0;1657e0;21915e0;502e-2;515e-2;506e-2;3653e-1;504e-2;3599e-1;539e-2
2016-07-14;09:50:26;1800e0;6211838e0;1318e0;21368e0;487e-2;500e-2;491e-2;3631e-1;524e-2;3580e-1;490e-2
2016-07-14;10:20:26;1800e0;6219843e0;1704e0;21144e0;490e-2;504e-2;494e-2;3639e-1;557e-2;3616e-1;451e-2
2016-07-14;10:50:26;1800e0;8925723e0;2677e0;30103e0;700e-2;716e-2;707e-2;3578e-1;849e-2;3556e-1;619e-2
2016-07-14;12:15:00;1941e0;9998433e0;2993e0;33704e0;748e-2;766e-2;756e-2;3548e-1;992e-2;3607e-1;582e-2
2016-07-14;12:45:00;1800e0;9545118e0;2788e0;32175e0;747e-2;764e-2;754e-2;3487e-1;1014e-2;3577e-1;572e-2
2016-07-14;13:15:00;1800e0;7669596e0;2116e0;26449e0;600e-2;615e-2;606e-2;3520e-1;779e-2;3597e-1;487e-2
2016-07-14;13:45:00;1800e0;6547647e0;1789e0;22290e0;512e-2;525e-2;516e-2;3560e-1;642e-2;3608e-1;431e-2
2016-07-14;14:15:00;1800e0;8038905e0;2022e0;27402e0;627e-2;642e-2;633e-2;3538e-1;809e-2;3587e-1;514e-2
2016-07-14;14:45:00;1800e0;6704111e0;1637e0;22771e0;523e-2;537e-2;527e-2;3514e-1;665e-2;3584e-1;445e-2
2016-07-14;15:15:00;1800e0;5809710e0;1335e0;20022e0;452e-2;465e-2;456e-2;3571e-1;555e-2;3623e-1;393e-2
2016-07-14;15:45:00;1800e0;6140183e0;1824e0;20819e0;478e-2;491e-2;482e-2;3557e-1;583e-2;3612e-1;422e-2
2016-07-14;16:15:00;1800e0;5901902e0;1449e0;19974e0;463e-2;475e-2;466e-2;3575e-1;550e-2;3629e-1;411e-2
2016-07-14;16:45:00;1800e0;4472094e0;803e0;15361e0;355e-2;365e-2;357e-2;3582e-1;410e-2;3636e-1;318e-2
2016-07-14;17:15:00;1800e0;3598611e0;521e0;12352e0;286e-2;294e-2;287e-2;3575e-1;334e-2;3609e-1;257e-2
2016-07-14;17:45:00;1800e0;3173551e0;350e0;11272e0;252e-2;260e-2;254e-2;3574e-1;293e-2;3606e-1;228e-2
2016-07-14;18:15:00;1800e0;2985601e0;376e0;10716e0;237e-2;246e-2;239e-2;3566e-1;268e-2;3606e-1;224e-2
2016-07-14;18:45:00;1800e0;2328300e0;355e0;8312e0;186e-2;193e-2;188e-2;3556e-1;215e-2;3589e-1;172e-2
2016-07-14;19:15:00;1800e0;2353154e0;253e0;8170e0;187e-2;193e-2;189e-2;3555e-1;202e-2;3616e-1;186e-2
2016-07-14;19:45:00;1800e0;1619804e0;144e0;5592e0;133e-2;134e-2;135e-2;3504e-1;132e-2;3569e-1;140e-2
2016-07-14;20:15:00;1800e0;769043e0;93e0;2874e0;74e-2;66e-2;78e-2;3413e-1;75e-2;3427e-1;61e-2
2016-07-14;20:45:00;1800e0;400740e0;93e0;1296e0;53e-2;34e-2;60e-2;3321e-1;42e-2;3288e-1;33e-2
2016-07-14;21:15:00;1800e0;150054e0;0e0;160e0;40e-2;11e-2;29e-2;3179e-1;19e-2;3188e-1;15e-2
2016-07-14;21:45:00;1800e0;76217e0;0e0;135e0;5e-2;8e-2;0e-2;3135e-1;11e-2;3101e-1;10e-2
2016-07-15;05:45:00;1800e0;223087e0;6e0;623e0;44e-2;18e-2;43e-2;3268e-1;24e-2;3264e-1;21e-2
2016-07-15;06:15:00;1800e0;627397e0;130e0;2168e0;66e-2;54e-2;71e-2;3431e-1;58e-2;3466e-1;53e-2
2016-07-15;06:45:00;1800e0;1120326e0;103e0;3522e0;98e-2;94e-2;101e-2;3520e-1;96e-2;3551e-1;93e-2
2016-07-15;07:15:00;1800e0;1490645e0;149e0;4951e0;124e-2;124e-2;126e-2;3555e-1;122e-2;3584e-1;125e-2
2016-07-15;07:45:00;1800e0;2416753e0;285e0;8501e0;192e-2;197e-2;194e-2;3602e-1;185e-2;3650e-1;208e-2
2016-07-15;08:15:00;1800e0;3531302e0;547e0;12352e0;278e-2;286e-2;280e-2;3623e-1;282e-2;3635e-1;291e-2
2016-07-15;08:45:00;1800e0;3478554e0;623e0;12192e0;274e-2;283e-2;276e-2;3612e-1;287e-2;3628e-1;281e-2
2016-07-15;09:15:00;1800e0;6266817e0;1349e0;21476e0;492e-2;504e-2;497e-2;3619e-1;471e-2;3540e-1;563e-2
2016-07-15;09:45:00;1800e0;6574595e0;1851e0;22042e0;516e-2;528e-2;520e-2;3572e-1;552e-2;3488e-1;539e-2
2016-07-15;10:15:00;1800e0;6123231e0;1286e0;21057e0;481e-2;493e-2;485e-2;3595e-1;549e-2;3547e-1;453e-2
2016-07-15;10:45:00;1800e0;8354702e0;2664e0;27985e0;653e-2;668e-2;659e-2;3568e-1;784e-2;3521e-1;594e-2
2016-07-15;11:15:00;1800e0;6159104e0;1708e0;20977e0;480e-2;494e-2;484e-2;3567e-1;597e-2;3538e-1;417e-2
2016-07-15;11:45:00;1800e0;10305562e0;2606e0;35041e0;799e-2;816e-2;807e-2;3506e-1;1067e-2;3522e-1;647e-2
2016-07-15;12:15:00;1800e0;9817856e0;2390e0;33605e0;758e-2;774e-2;765e-2;3539e-1;1023e-2;3570e-1;594e-2
2016-07-15;12:45:00;1800e0;6950398e0;1436e0;24054e0;537e-2;550e-2;542e-2;3528e-1;729e-2;3580e-1;415e-2
2016-07-15;13:15:00;1800e0;7928512e0;2180e0;27013e0;611e-2;626e-2;617e-2;3561e-1;814e-2;3608e-1;483e-2
2016-07-15;13:45:00;1800e0;9316819e0;2007e0;32283e0;717e-2;733e-2;724e-2;3548e-1;984e-2;3617e-1;549e-2
2016-07-15;14:15:00;1800e0;8827382e0;1801e0;30481e0;679e-2;695e-2;686e-2;3520e-1;944e-2;3603e-1;510e-2
2016-07-15;14:45:00;1800e0;11958132e0;2903e0;41078e0;919e-2;938e-2;928e-2;3462e-1;1306e-2;3565e-1;692e-2
2016-07-15;15:15:00;1800e0;8136021e0;2427e0;27489e0;625e-2;640e-2;631e-2;3527e-1;822e-2;3607e-1;520e-2
2016-07-15;15:45:00;1800e0;4960928e0;1037e0;17086e0;384e-2;396e-2;388e-2;3598e-1;466e-2;3650e-1;337e-2
2016-07-15;16:15:00;1800e0;5025465e0;819e0;17561e0;392e-2;404e-2;395e-2;3608e-1;464e-2;3640e-1;349e-2
2016-07-15;16:45:00;1800e0;4499072e0;923e0;15635e0;350e-2;360e-2;352e-2;3598e-1;417e-2;3622e-1;313e-2
2016-07-15;17:15:00;1800e0;2338117e0;255e0;7777e0;185e-2;190e-2;187e-2;3569e-1;221e-2;3576e-1;165e-2
2016-07-15;17:45:00;1800e0;1594684e0;183e0;5463e0;130e-2;132e-2;133e-2;3542e-1;152e-2;3538e-1;116e-2
2016-07-15;18:15:00;1800e0;1603688e0;98e0;5539e0;131e-2;132e-2;133e-2;3543e-1;153e-2;3548e-1;116e-2
2016-07-15;18:45:00;1800e0;1560651e0;182e0;5474e0;128e-2;128e-2;130e-2;3535e-1;148e-2;3546e-1;114e-2
2016-07-15;19:15:00;1800e0;1276550e0;154e0;4570e0;108e-2;106e-2;111e-2;3503e-1;122e-2;3510e-1;94e-2
2016-07-15;19:45:00;1800e0;790040e0;105e0;2923e0;76e-2;67e-2;80e-2;3434e-1;79e-2;3426e-1;61e-2
2016-07-15;20:15:00;1800e0;638667e0;75e0;2341e0;67e-2;55e-2;72e-2;3403e-1;65e-2;3361e-1;50e-2
2016-07-16;05:45:00;1800e0;121434e0;24e0;858e0;45e-2;15e-2;47e-2;3426e-1;25e-2;3366e-1;19e-2
2016-07-16;06:15:00;1800e0;418494e0;54e0;1300e0;55e-2;35e-2;62e-2;3375e-1;43e-2;3356e-1;34e-2
2016-07-16;06:45:00;1800e0;1263579e0;262e0;4355e0;110e-2;105e-2;113e-2;3529e-1;79e-2;3643e-1;129e-2
2016-07-16;07:15:00;1800e0;2914934e0;298e0;10217e0;234e-2;238e-2;235e-2;3648e-1;137e-2;3702e-1;327e-2
2016-07-16;07:45:00;1800e0;2604136e0;346e0;8937e0;209e-2;212e-2;211e-2;3622e-1;146e-2;3642e-1;275e-2
2016-07-16;08:15:00;1800e0;4773257e0;1177e0;16122e0;374e-2;383e-2;376e-2;3688e-1;298e-2;3632e-1;471e-2
2016-07-16;08:45:00;1800e0;3101236e0;663e0;10642e0;246e-2;251e-2;247e-2;3619e-1;272e-2;3595e-1;234e-2
2016-07-16;09:15:00;1800e0;4587955e0;913e0;15834e0;362e-2;371e-2;364e-2;3637e-1;387e-2;3634e-1;353e-2
2016-07-16;09:45:00;1800e0;4400190e0;847e0;15225e0;347e-2;356e-2;349e-2;3619e-1;395e-2;3617e-1;321e-2
2016-07-16;10:15:00;1800e0;2364085e0;374e0;8023e0;190e-2;194e-2;191e-2;3596e-1;222e-2;3604e-1;166e-2
2016-07-16;10:45:00;1800e0;7275194e0;1715e0;25033e0;570e-2;583e-2;575e-2;3629e-1;676e-2;3610e-1;503e-2
2016-07-16;11:15:00;1800e0;8709147e0;2004e0;29829e0;679e-2;693e-2;685e-2;3566e-1;854e-2;3538e-1;577e-2
2016-07-16;11:45:00;1800e0;9064761e0;2269e0;31037e0;706e-2;722e-2;713e-2;3555e-1;904e-2;3576e-1;587e-2
2016-07-16;12:15:00;1800e0;4739439e0;854e0;16509e0;371e-2;382e-2;374e-2;3618e-1;445e-2;3649e-1;322e-2
2016-07-16;12:45:00;1800e0;2587941e0;411e0;8831e0;206e-2;212e-2;208e-2;3584e-1;243e-2;3602e-1;183e-2
2016-07-16;13:15:00;1800e0;2565508e0;316e0;8945e0;204e-2;210e-2;206e-2;3596e-1;242e-2;3607e-1;180e-2
2016-07-16;13:45:00;1800e0;1898563e0;250e0;6499e0;155e-2;157e-2;157e-2;3557e-1;181e-2;3554e-1;136e-2
2016-07-16;14:15:00;1800e0;2163657e0;159e0;7432e0;174e-2;177e-2;175e-2;3613e-1;204e-2;3603e-1;151e-2
2016-07-16;14:45:00;1800e0;1977154e0;256e0;6714e0;160e-2;162e-2;162e-2;3617e-1;188e-2;3597e-1;137e-2
2016-07-16;15:15:00;1800e0;1620763e0;224e0;5692e0;134e-2;134e-2;136e-2;3592e-1;155e-2;3572e-1;115e-2
2016-07-16;15:45:00;1800e0;1018649e0;139e0;3664e0;91e-2;86e-2;95e-2;3504e-1;100e-2;3487e-1;75e-2
2016-07-16;16:15:00;1800e0;773894e0;112e0;2933e0;75e-2;66e-2;80e-2;3454e-1;79e-2;3435e-1;58e-2
2016-07-16;16:45:00;1800e0;682715e0;93e0;2489e0;70e-2;58e-2;75e-2;3413e-1;70e-2;3395e-1;52e-2
2016-07-16;17:15:00;1800e0;604974e0;112e0;2194e0;65e-2;52e-2;70e-2;3397e-1;63e-2;3370e-1;47e-2
2016-07-16;17:45:00;1800e0;405138e0;31e0;1092e0;54e-2;35e-2;61e-2;3320e-1;44e-2;3286e-1;32e-2
2016-07-16;18:15:00;1800e0;477150e0;56e0;1404e0;58e-2;42e-2;64e-2;3342e-1;51e-2;3312e-1;38e-2
2016-07-16;18:45:00;1800e0;402477e0;43e0;1008e0;54e-2;35e-2;60e-2;3312e-1;44e-2;3278e-1;33e-2
2016-07-16;19:15:00;1800e0;1281843e0;268e0;4343e0;112e-2;106e-2;115e-2;3471e-1;123e-2;3442e-1;95e-2
2016-07-16;19:45:00;1800e0;559221e0;62e0;1875e0;62e-2;48e-2;68e-2;3357e-1;58e-2;3344e-1;45e-2
2016-07-16;20:15:00;1800e0;737566e0;105e0;2830e0;73e-2;63e-2;78e-2;3402e-1;70e-2;3393e-1;64e-2
2016-07-16;20:45:00;1800e0;401006e0;37e0;1143e0;54e-2;33e-2;60e-2;3283e-1;42e-2;3291e-1;34e-2
2016-07-16;21:15:00;1800e0;145367e0;6e0;304e0;29e-2;10e-2;30e-2;3155e-1;19e-2;3102e-1;15e-2
2016-07-17;05:45:00;1800e0;330541e0;18e0;750e0;50e-2;26e-2;58e-2;3328e-1;27e-2;3463e-1;36e-2
2016-07-17;06:15:00;1800e0;1292629e0;85e0;4430e0;112e-2;107e-2;116e-2;3515e-1;52e-2;3727e-1;157e-2
2016-07-17;06:45:00;1800e0;2717099e0;743e0;9155e0;215e-2;218e-2;216e-2;3622e-1;85e-2;3805e-1;344e-2
2016-07-17;07:15:00;1800e0;3698836e0;466e0;13053e0;294e-2;300e-2;295e-2;3680e-1;138e-2;3686e-1;455e-2
2016-07-17;07:45:00;1800e0;4316521e0;531e0;15013e0;342e-2;349e-2;344e-2;3726e-1;187e-2;3633e-1;508e-2
2016-07-17;08:15:00;1800e0;5145515e0;1310e0;17632e0;405e-2;413e-2;407e-2;3700e-1;295e-2;3598e-1;537e-2
2016-07-17;08:45:00;1800e0;6054456e0;1784e0;20306e0;473e-2;482e-2;476e-2;3694e-1;385e-2;3571e-1;595e-2
2016-07-17;09:15:00;1800e0;6486291e0;2127e0;21832e0;507e-2;517e-2;511e-2;3650e-1;475e-2;3532e-1;585e-2
2016-07-17;09:45:00;1800e0;7196410e0;1290e0;25135e0;562e-2;573e-2;567e-2;3619e-1;588e-2;3542e-1;585e-2
2016-07-17;10:15:00;1800e0;8946152e0;2208e0;30378e0;699e-2;712e-2;705e-2;3574e-1;796e-2;3493e-1;684e-2
2016-07-17;10:45:00;1800e0;5223804e0;1178e0;17898e0;411e-2;421e-2;414e-2;3599e-1;485e-2;3589e-1;367e-2
2016-07-17;11:15:00;1800e0;8449402e0;2696e0;28402e0;662e-2;676e-2;668e-2;3577e-1;823e-2;3578e-1;558e-2
2016-07-17;11:45:00;1800e0;10410344e0;2444e0;35805e0;816e-2;831e-2;823e-2;3511e-1;1076e-2;3541e-1;654e-2
2016-07-17;12:15:00;1800e0;5944720e0;1687e0;19931e0;467e-2;478e-2;471e-2;3585e-1;583e-2;3618e-1;385e-2
2016-07-17;12:45:00;1800e0;10407644e0;2314e0;35962e0;815e-2;830e-2;822e-2;3498e-1;1119e-2;3620e-1;602e-2
2016-07-17;13:15:00;1800e0;6805569e0;1756e0;23221e0;533e-2;546e-2;537e-2;3577e-1;671e-2;3624e-1;438e-2
2016-07-17;13:45:00;1800e0;5345983e0;1382e0;18399e0;418e-2;428e-2;421e-2;3598e-1;512e-2;3631e-1;356e-2
2016-07-17;14:15:00;1800e0;2960682e0;405e0;10435e0;234e-2;240e-2;236e-2;3591e-1;277e-2;3572e-1;211e-2
2016-07-17;14:45:00;1800e0;6845273e0;1610e0;23489e0;534e-2;546e-2;538e-2;3616e-1;668e-2;3636e-1;439e-2
2016-07-17;15:15:00;1800e0;11846681e0;2665e0;40792e0;921e-2;937e-2;929e-2;3478e-1;1222e-2;3570e-1;752e-2
2016-07-17;15:45:00;1800e0;9040523e0;2835e0;30441e0;703e-2;717e-2;709e-2;3546e-1;877e-2;3604e-1;608e-2
2016-07-17;16:15:00;1800e0;8386477e0;2047e0;28705e0;650e-2;664e-2;655e-2;3590e-1;775e-2;3632e-1;588e-2
2016-07-17;16:45:00;1800e0;6795125e0;1547e0;23337e0;527e-2;539e-2;531e-2;3593e-1;609e-2;3635e-1;494e-2
2016-07-17;17:15:00;1800e0;6773559e0;2107e0;22749e0;526e-2;538e-2;530e-2;3602e-1;569e-2;3614e-1;532e-2
2016-07-17;17:45:00;1800e0;3886903e0;693e0;13444e0;305e-2;312e-2;307e-2;3585e-1;333e-2;3607e-1;302e-2
2016-07-17;18:15:00;1800e0;3085616e0;545e0;10496e0;243e-2;249e-2;245e-2;3594e-1;267e-2;3587e-1;239e-2
2016-07-17;18:45:00;1800e0;2707953e0;432e0;9195e0;217e-2;221e-2;219e-2;3561e-1;215e-2;3576e-1;231e-2
2016-07-17;19:15:00;1800e0;1766025e0;185e0;6286e0;145e-2;146e-2;146e-2;3550e-1;159e-2;3566e-1;136e-2
2016-07-17;19:45:00;1800e0;1000064e0;148e0;3407e0;90e-2;85e-2;94e-2;3480e-1;97e-2;3434e-1;78e-2
2016-07-17;20:15:00;1800e0;611575e0;100e0;2300e0;65e-2;53e-2;70e-2;3407e-1;62e-2;3350e-1;50e-2
2016-07-17;20:45:00;1800e0;366511e0;43e0;1126e0;53e-2;30e-2;59e-2;3311e-1;39e-2;3278e-1;32e-2
2016-07-17;21:15:00;1800e0;128929e0;0e0;197e0;28e-2;11e-2;24e-2;3178e-1;18e-2;3139e-1;14e-2
2016-07-18;05:45:00;1800e0;141064e0;18e0;942e0;44e-2;15e-2;44e-2;3362e-1;23e-2;3312e-1;19e-2
2016-07-18;06:15:00;1800e0;551964e0;56e0;1843e0;61e-2;48e-2;67e-2;3415e-1;54e-2;3394e-1;46e-2
2016-07-18;06:45:00;1800e0;1186800e0;160e0;4157e0;103e-2;99e-2;106e-2;3511e-1;80e-2;3574e-1;119e-2
2016-07-18;07:15:00;1800e0;3192034e0;627e0;10991e0;253e-2;260e-2;255e-2;3637e-1;148e-2;3666e-1;367e-2
2016-07-18;07:45:00;1800e0;5080201e0;1066e0;17345e0;399e-2;411e-2;402e-2;3724e-1;234e-2;3573e-1;595e-2
2016-07-18;08:15:00;1800e0;5604711e0;1751e0;18731e0;441e-2;454e-2;445e-2;3699e-1;334e-2;3549e-1;582e-2
2016-07-18;08:45:00;1800e0;5626096e0;1221e0;19227e0;443e-2;455e-2;447e-2;3685e-1;363e-2;3560e-1;553e-2
2016-07-18;09:15:00;1800e0;6451944e0;1343e0;22070e0;505e-2;517e-2;510e-2;3641e-1;464e-2;3485e-1;601e-2
2016-07-18;09:45:00;1800e0;7516161e0;2093e0;25267e0;585e-2;598e-2;590e-2;3630e-1;618e-2;3544e-1;609e-2
2016-07-18;10:15:00;1800e0;8267741e0;2271e0;27913e0;646e-2;660e-2;652e-2;3575e-1;739e-2;3491e-1;627e-2
2016-07-18;10:45:00;1800e0;6177810e0;1448e0;20906e0;487e-2;499e-2;492e-2;3565e-1;577e-2;3556e-1;437e-2
2016-07-18;11:15:00;1800e0;8910051e0;2403e0;30183e0;699e-2;714e-2;705e-2;3545e-1;874e-2;3550e-1;595e-2
2016-07-18;11:45:00;1800e0;5049371e0;868e0;17293e0;395e-2;407e-2;399e-2;3592e-1;488e-2;3602e-1;335e-2
2016-07-18;12:15:00;1800e0;7896717e0;2127e0;27071e0;617e-2;632e-2;623e-2;3584e-1;792e-2;3654e-1;490e-2
2016-07-18;12:45:00;1800e0;8540137e0;2548e0;28734e0;666e-2;681e-2;672e-2;3538e-1;872e-2;3604e-1;532e-2
2016-07-18;13:15:00;1800e0;10464766e0;2972e0;35258e0;815e-2;832e-2;823e-2;3517e-1;1101e-2;3606e-1;625e-2
2016-07-18;13:45:00;1800e0;11050630e0;3284e0;37210e0;859e-2;876e-2;868e-2;3465e-1;1196e-2;3601e-1;649e-2
2016-07-18;14:15:00;1800e0;12132824e0;3203e0;41312e0;943e-2;961e-2;953e-2;3447e-1;1318e-2;3578e-1;718e-2
2016-07-18;14:45:00;1800e0;11120667e0;2996e0;37455e0;864e-2;882e-2;873e-2;3472e-1;1172e-2;3563e-1;685e-2
2016-07-18;15:15:00;1800e0;8882359e0;2568e0;29906e0;689e-2;704e-2;696e-2;3504e-1;903e-2;3584e-1;573e-2
2016-07-18;15:45:00;1800e0;6269760e0;1152e0;21752e0;487e-2;500e-2;491e-2;3562e-1;612e-2;3598e-1;416e-2
2016-07-18;16:15:00;1800e0;2477734e0;365e0;8368e0;196e-2;201e-2;198e-2;3571e-1;240e-2;3524e-1;173e-2
2016-07-18;16:45:00;1800e0;2767941e0;399e0;9623e0;217e-2;224e-2;219e-2;3581e-1;271e-2;3582e-1;185e-2
2016-07-18;17:15:00;1800e0;1625022e0;230e0;5585e0;133e-2;133e-2;135e-2;3537e-1;160e-2;3471e-1;116e-2
2016-07-18;17:45:00;1800e0;1500197e0;187e0;5201e0;125e-2;123e-2;127e-2;3528e-1;146e-2;3493e-1;108e-2
2016-07-18;18:15:00;1800e0;607079e0;54e0;2082e0;65e-2;52e-2;70e-2;3383e-1;63e-2;3339e-1;48e-2
2016-07-18;18:45:00;1800e0;704419e0;93e0;2761e0;70e-2;60e-2;75e-2;3459e-1;73e-2;3392e-1;53e-2
2016-07-18;19:15:00;1800e0;475830e0;16e0;1327e0;57e-2;40e-2;64e-2;3376e-1;50e-2;3351e-1;37e-2
2016-07-18;19:45:00;1800e0;335175e0;31e0;835e0;50e-2;27e-2;58e-2;3329e-1;37e-2;3269e-1;28e-2
2016-07-18;20:15:00;1800e0;339643e0;50e0;744e0;50e-2;27e-2;58e-2;3332e-1;38e-2;3270e-1;27e-2
2016-07-18;20:45:00;1800e0;182275e0;29e0;399e0;44e-2;12e-2;42e-2;3249e-1;24e-2;3175e-1;17e-2
2016-07-18;21:15:00;1800e0;47073e0;6e0;128e0;17e-2;6e-2;2e-2;3318e-1;13e-2;3239e-1;9e-2
2016-07-19;05:45:01;1800e0;227088e0;49e0;400e0;44e-2;17e-2;46e-2;3279e-1;26e-2;3212e-1;21e-2
2016-07-19;06:15:01;1800e0;637341e0;87e0;2052e0;66e-2;54e-2;70e-2;3428e-1;57e-2;3425e-1;58e-2
2016-07-19;06:45:01;1800e0;1814068e0;152e0;6238e0;148e-2;149e-2;150e-2;3554e-1;105e-2;3633e-1;193e-2
2016-07-19;07:15:01;1800e0;2625492e0;440e0;8858e0;208e-2;214e-2;210e-2;3613e-1;199e-2;3609e-1;231e-2
2016-07-19;07:45:01;1800e0;2595964e0;315e0;8976e0;206e-2;212e-2;208e-2;3589e-1;189e-2;3611e-1;239e-2
2016-07-19;08:15:01;1800e0;2080006e0;300e0;7155e0;167e-2;171e-2;169e-2;3555e-1;175e-2;3548e-1;173e-2
2016-07-19;08:45:01;1800e0;1966509e0;331e0;6516e0;158e-2;162e-2;160e-2;3565e-1;185e-2;3507e-1;146e-2
2016-07-19;09:15:01;1800e0;2190317e0;230e0;7225e0;174e-2;179e-2;176e-2;3586e-1;204e-2;3533e-1;161e-2
2016-07-19;09:45:01;1800e0;2681372e0;471e0;9204e0;214e-2;220e-2;215e-2;3588e-1;248e-2;3572e-1;196e-2
2016-07-19;10:15:01;1800e0;4861793e0;852e0;16823e0;385e-2;395e-2;387e-2;3613e-1;444e-2;3587e-1;349e-2
2016-07-19;10:45:01;1800e0;7444810e0;1538e0;25584e0;583e-2;596e-2;588e-2;3550e-1;706e-2;3541e-1;524e-2
2016-07-19;11:15:01;1800e0;10032228e0;3146e0;33932e0;783e-2;799e-2;790e-2;3508e-1;1014e-2;3503e-1;666e-2
2016-07-19;11:45:01;1800e0;7702258e0;1799e0;26337e0;603e-2;617e-2;608e-2;3494e-1;797e-2;3518e-1;491e-2
2016-07-19;12:15:01;1800e0;7121425e0;1663e0;24294e0;559e-2;572e-2;564e-2;3496e-1;747e-2;3540e-1;437e-2
2016-07-19;12:45:01;1800e0;8037907e0;1601e0;27968e0;631e-2;645e-2;637e-2;3483e-1;867e-2;3561e-1;472e-2
2016-07-19;13:15:01;1800e0;10996048e0;2913e0;37281e0;862e-2;879e-2;871e-2;3405e-1;1233e-2;3563e-1;626e-2
2016-07-19;13:45:01;1800e0;9665495e0;1973e0;33567e0;753e-2;768e-2;760e-2;3446e-1;1088e-2;3562e-1;535e-2
2016-07-19;14:15:01;1800e0;10520064e0;2028e0;36655e0;823e-2;838e-2;831e-2;3397e-1;1203e-2;3556e-1;582e-2
2016-07-19;14:45:01;1800e0;10250398e0;2807e0;35209e0;801e-2;816e-2;809e-2;3376e-1;1155e-2;3513e-1;598e-2
2016-07-19;15:15:01;1800e0;11070248e0;2696e0;38347e0;863e-2;880e-2;872e-2;3401e-1;1195e-2;3503e-1;689e-2
2016-07-19;15:45:01;1800e0;10144270e0;2413e0;34918e0;793e-2;808e-2;801e-2;3409e-1;1048e-2;3479e-1;676e-2
2016-07-19;16:15:01;1800e0;9791546e0;2425e0;33097e0;767e-2;783e-2;774e-2;3411e-1;973e-2;3437e-1;701e-2
2016-07-19;16:45:01;1800e0;6651343e0;1571e0;22522e0;523e-2;535e-2;528e-2;3442e-1;629e-2;3438e-1;506e-2
2016-07-19;17:15:01;1800e0;6635761e0;2005e0;22120e0;524e-2;536e-2;529e-2;3526e-1;547e-2;3468e-1;564e-2
2016-07-19;17:45:01;1800e0;7418227e0;1779e0;25168e0;585e-2;599e-2;590e-2;3537e-1;545e-2;3430e-1;705e-2
2016-07-19;18:15:01;1800e0;6522604e0;1578e0;22608e0;512e-2;526e-2;517e-2;3583e-1;400e-2;3476e-1;693e-2
2016-07-19;18:45:01;1800e0;5154709e0;971e0;17574e0;401e-2;412e-2;404e-2;3601e-1;249e-2;3579e-1;599e-2
2016-07-19;19:15:01;1800e0;4014533e0;745e0;13771e0;315e-2;324e-2;317e-2;3596e-1;148e-2;3400e-1;544e-2
2016-07-19;19:45:01;1800e0;3130115e0;391e0;11043e0;248e-2;254e-2;249e-2;3536e-1;86e-2;3326e-1;469e-2
2016-07-19;20:15:01;1800e0;2344808e0;318e0;7851e0;187e-2;191e-2;189e-2;3486e-1;64e-2;3335e-1;353e-2
2016-07-19;20:45:01;1800e0;1460029e0;190e0;5117e0;121e-2;119e-2;124e-2;3374e-1;45e-2;3283e-1;219e-2
2016-07-19;21:15:01;1800e0;516652e0;60e0;1761e0;58e-2;42e-2;59e-2;3213e-1;23e-2;2797e-1;90e-2
2016-07-20;05:45:01;1800e0;111042e0;0e0;406e0;42e-2;14e-2;39e-2;3382e-1;22e-2;3312e-1;18e-2
2016-07-20;06:15:01;1800e0;463660e0;58e0;1391e0;56e-2;40e-2;62e-2;3365e-1;47e-2;3330e-1;39e-2
2016-07-20;06:45:01;1800e0;1241495e0;193e0;4412e0;107e-2;103e-2;111e-2;3470e-1;71e-2;3562e-1;137e-2
2016-07-20;07:15:01;1800e0;2770353e0;372e0;9582e0;220e-2;226e-2;222e-2;3553e-1;103e-2;3674e-1;347e-2
2016-07-20;07:45:01;1800e0;4093451e0;541e0;14228e0;320e-2;331e-2;323e-2;3702e-1;158e-2;3617e-1;509e-2
2016-07-20;08:15:01;1800e0;3654329e0;480e0;12700e0;286e-2;296e-2;288e-2;3605e-1;229e-2;3536e-1;378e-2
2016-07-20;08:45:01;1800e0;5406092e0;1420e0;18353e0;424e-2;436e-2;428e-2;3591e-1;366e-2;3499e-1;539e-2
2016-07-20;09:15:01;1800e0;5739679e0;1312e0;19291e0;447e-2;461e-2;452e-2;3539e-1;443e-2;3417e-1;531e-2
2016-07-20;09:45:01;1800e0;6659674e0;1686e0;22727e0;519e-2;534e-2;525e-2;3489e-1;551e-2;3328e-1;597e-2
2016-07-20;10:15:01;1800e0;6873875e0;1296e0;23998e0;535e-2;550e-2;541e-2;3481e-1;631e-2;3419e-1;536e-2
2016-07-20;10:45:01;1800e0;6037368e0;1136e0;20999e0;470e-2;484e-2;474e-2;3494e-1;584e-2;3480e-1;433e-2
2016-07-20;11:15:01;1800e0;4777348e0;998e0;16406e0;372e-2;383e-2;375e-2;3522e-1;467e-2;3513e-1;329e-2
2016-07-20;11:45:01;1800e0;6234827e0;1434e0;21228e0;485e-2;498e-2;490e-2;3522e-1;643e-2;3526e-1;394e-2
2016-07-20;12:15:01;1800e0;12387550e0;3738e0;42354e0;965e-2;985e-2;975e-2;3320e-1;1430e-2;3448e-1;724e-2
2016-07-20;12:45:01;1800e0;11225697e0;3767e0;37484e0;874e-2;890e-2;883e-2;3314e-1;1302e-2;3491e-1;641e-2
2016-07-20;13:15:01;1800e0;7980250e0;1676e0;27565e0;624e-2;637e-2;630e-2;3335e-1;912e-2;3469e-1;478e-2
2016-07-20;13:45:01;1800e0;11377449e0;2710e0;38959e0;890e-2;907e-2;899e-2;3360e-1;1316e-2;3512e-1;646e-2
2016-07-20;14:15:01;1800e0;12832011e0;3242e0;43935e0;1004e-2;1022e-2;1013e-2;3250e-1;1515e-2;3456e-1;746e-2
2016-07-20;14:45:01;1800e0;3679985e0;842e0;12416e0;291e-2;298e-2;293e-2;3370e-1;394e-2;3420e-1;253e-2
2016-07-20;15:15:01;1800e0;3143014e0;447e0;10983e0;248e-2;255e-2;250e-2;3509e-1;302e-2;3519e-1;226e-2
2016-07-20;15:45:01;1800e0;11609319e0;2666e0;39717e0;905e-2;922e-2;914e-2;3375e-1;1206e-2;3426e-1;798e-2
2016-07-20;16:15:01;1800e0;10235876e0;2603e0;34589e0;794e-2;810e-2;801e-2;3395e-1;1010e-2;3427e-1;751e-2
2016-07-20;16:45:01;1800e0;9152343e0;1971e0;31580e0;709e-2;723e-2;715e-2;3413e-1;849e-2;3379e-1;731e-2
2016-07-20;17:15:01;1800e0;8358894e0;2011e0;28562e0;657e-2;671e-2;662e-2;3422e-1;715e-2;3356e-1;732e-2
2016-07-20;17:45:01;1800e0;7278900e0;1812e0;24679e0;573e-2;587e-2;578e-2;3450e-1;587e-2;3395e-1;662e-2
2016-07-20;18:15:01;1800e0;7045273e0;2030e0;23940e0;554e-2;567e-2;558e-2;3488e-1;465e-2;3445e-1;733e-2
2016-07-20;18:45:01;1800e0;5491790e0;1073e0;19024e0;426e-2;437e-2;429e-2;3547e-1;288e-2;3448e-1;643e-2
2016-07-20;19:15:01;1800e0;4377670e0;873e0;14983e0;342e-2;351e-2;344e-2;3566e-1;183e-2;3345e-1;578e-2
2016-07-20;19:45:01;1799e0;3477934e0;598e0;12183e0;271e-2;278e-2;273e-2;3545e-1;125e-2;3445e-1;470e-2
2016-07-20;20:15:01;1800e0;2630691e0;428e0;9101e0;208e-2;213e-2;210e-2;3487e-1;105e-2;3292e-1;365e-2
2016-07-20;20:45:01;1800e0;1545137e0;229e0;5259e0;128e-2;127e-2;130e-2;3366e-1;71e-2;3172e-1;215e-2
2016-07-20;21:15:01;1800e0;481730e0;79e0;1527e0;58e-2;39e-2;60e-2;3175e-1;26e-2;2792e-1;78e-2
2016-07-21;05:45:01;1800e0;858641e0;144e0;3187e0;81e-2;71e-2;85e-2;3403e-1;34e-2;3670e-1;110e-2
2016-07-21;06:15:01;1800e0;1678897e0;250e0;5796e0;138e-2;138e-2;140e-2;3525e-1;59e-2;3813e-1;208e-2
2016-07-21;06:45:01;1800e0;2728477e0;291e0;9657e0;216e-2;222e-2;218e-2;3575e-1;83e-2;3751e-1;355e-2
2016-07-21;07:15:01;1800e0;3498837e0;655e0;12252e0;275e-2;284e-2;278e-2;3600e-1;106e-2;3689e-1;460e-2
2016-07-21;07:45:01;1800e0;4427430e0;704e0;15207e0;344e-2;356e-2;347e-2;3745e-1;160e-2;3599e-1;563e-2
2016-07-21;08:15:01;1800e0;5555812e0;1419e0;18783e0;433e-2;447e-2;437e-2;3641e-1;269e-2;3510e-1;657e-2
2016-07-21;08:45:01;1800e0;6661685e0;1922e0;22476e0;516e-2;532e-2;522e-2;3654e-1;396e-2;3440e-1;721e-2
2016-07-21;09:15:01;1800e0;7827413e0;2262e0;26575e0;607e-2;623e-2;613e-2;3613e-1;558e-2;3429e-1;755e-2
2016-07-21;09:45:01;1800e0;8931980e0;2432e0;30398e0;692e-2;709e-2;699e-2;3583e-1;733e-2;3410e-1;768e-2
2016-07-21;10:15:01;1800e0;9760997e0;3046e0;33077e0;756e-2;774e-2;764e-2;3515e-1;896e-2;3383e-1;761e-2
2016-07-21;10:45:01;1800e0;10380556e0;2275e0;35882e0;804e-2;822e-2;812e-2;3474e-1;1027e-2;3367e-1;747e-2
2016-07-21;11:15:01;1800e0;10589467e0;3293e0;35599e0;820e-2;839e-2;829e-2;3454e-1;1110e-2;3448e-1;687e-2
2016-07-21;11:45:01;1800e0;11338743e0;2715e0;38663e0;880e-2;900e-2;890e-2;3402e-1;1260e-2;3418e-1;688e-2
2016-07-21;12:15:01;1800e0;11523076e0;2713e0;39620e0;895e-2;915e-2;905e-2;3361e-1;1346e-2;3470e-1;639e-2
2016-07-21;12:45:01;1800e0;11781666e0;3480e0;39022e0;912e-2;932e-2;922e-2;3354e-1;1399e-2;3528e-1;622e-2
2016-07-21;13:15:01;1800e0;12131282e0;2738e0;40696e0;942e-2;961e-2;952e-2;3337e-1;1441e-2;3516e-1;650e-2
2016-07-21;13:45:01;1800e0;12110181e0;4026e0;39481e0;945e-2;964e-2;955e-2;3339e-1;1438e-2;3497e-1;652e-2
2016-07-21;14:15:01;1800e0;12038470e0;3503e0;39681e0;938e-2;958e-2;948e-2;3334e-1;1434e-2;3469e-1;651e-2
2016-07-21;14:45:01;1800e0;11714617e0;2414e0;40027e0;913e-2;933e-2;923e-2;3346e-1;1362e-2;3429e-1;670e-2
2016-07-21;15:15:01;1800e0;11017250e0;2845e0;37355e0;856e-2;875e-2;865e-2;3358e-1;1218e-2;3400e-1;694e-2
2016-07-21;15:45:01;1800e0;9290923e0;2581e0;31547e0;722e-2;740e-2;729e-2;3429e-1;959e-2;3440e-1;627e-2
2016-07-21;16:15:01;1800e0;8441161e0;2257e0;28685e0;656e-2;672e-2;662e-2;3450e-1;829e-2;3437e-1;608e-2
2016-07-21;16:45:01;1800e0;8538711e0;1819e0;29553e0;663e-2;678e-2;669e-2;3461e-1;797e-2;3428e-1;656e-2
2016-07-21;17:15:01;1800e0;6082816e0;1522e0;20889e0;474e-2;487e-2;478e-2;3502e-1;515e-2;3477e-1;510e-2
2016-07-21;17:45:01;1800e0;5694607e0;1217e0;19745e0;444e-2;456e-2;447e-2;3531e-1;422e-2;3476e-1;536e-2
2016-07-21;18:15:01;1800e0;5842057e0;1656e0;20333e0;456e-2;468e-2;459e-2;3561e-1;369e-2;3514e-1;606e-2
2016-07-21;18:45:01;1800e0;5247162e0;1000e0;18050e0;408e-2;419e-2;411e-2;3557e-1;276e-2;3420e-1;619e-2
2016-07-21;19:15:01;1800e0;4029142e0;681e0;14040e0;317e-2;326e-2;319e-2;3564e-1;156e-2;3243e-1;566e-2
2016-07-21;19:45:01;1800e0;3061406e0;407e0;10824e0;242e-2;248e-2;243e-2;3501e-1;90e-2;3486e-1;432e-2
2016-07-21;20:15:01;1800e0;2347918e0;379e0;7757e0;187e-2;191e-2;188e-2;3454e-1;68e-2;3291e-1;356e-2
2016-07-21;20:45:01;1800e0;1393588e0;176e0;4531e0;117e-2;116e-2;119e-2;3334e-1;47e-2;3183e-1;212e-2
2016-07-21;21:15:01;1800e0;427148e0;49e0;1342e0;51e-2;35e-2;51e-2;3167e-1;23e-2;2684e-1;75e-2
2016-07-22;05:45:02;1799e0;537170e0;62e0;1827e0;60e-2;45e-2;66e-2;3368e-1;27e-2;3528e-1;68e-2
2016-07-22;06:15:02;1800e0;1831232e0;216e0;6019e0;149e-2;150e-2;151e-2;3535e-1;52e-2;3714e-1;245e-2
2016-07-22;06:45:02;1800e0;2763009e0;282e0;9690e0;218e-2;224e-2;220e-2;3562e-1;73e-2;3567e-1;390e-2
2016-07-22;07:15:02;1800e0;3450129e0;699e0;12009e0;271e-2;280e-2;274e-2;3588e-1;93e-2;3509e-1;490e-2
2016-07-22;07:45:02;1800e0;4232669e0;668e0;14738e0;328e-2;339e-2;331e-2;3664e-1;148e-2;3415e-1;578e-2
2016-07-22;08:15:02;1800e0;5231505e0;724e0;17572e0;405e-2;417e-2;409e-2;3612e-1;247e-2;3353e-1;656e-2
2016-07-22;08:45:02;1800e0;6215947e0;1755e0;21396e0;481e-2;496e-2;486e-2;3589e-1;372e-2;3347e-1;697e-2
2016-07-22;09:15:02;1800e0;7276554e0;1782e0;25015e0;564e-2;579e-2;570e-2;3546e-1;528e-2;3319e-1;727e-2
2016-07-22;09:45:02;1800e0;8314515e0;2194e0;28049e0;648e-2;666e-2;655e-2;3498e-1;698e-2;3293e-1;742e-2
2016-07-22;10:15:02;1800e0;9238376e0;2165e0;31913e0;719e-2;737e-2;726e-2;3441e-1;865e-2;3306e-1;739e-2
2016-07-22;10:45:02;1800e0;10005008e0;3268e0;33330e0;783e-2;801e-2;791e-2;3385e-1;1016e-2;3302e-1;735e-2
2016-07-22;11:15:02;1800e0;10452936e0;3191e0;34862e0;818e-2;836e-2;826e-2;3309e-1;1141e-2;3263e-1;719e-2
2016-07-22;11:45:02;1800e0;10773349e0;3354e0;36070e0;840e-2;859e-2;849e-2;3260e-1;1244e-2;3303e-1;681e-2
2016-07-22;12:15:02;1800e0;10929981e0;3088e0;36631e0;851e-2;869e-2;859e-2;3239e-1;1322e-2;3356e-1;629e-2
2016-07-22;12:45:02;1800e0;11258652e0;2709e0;38337e0;878e-2;897e-2;887e-2;3212e-1;1388e-2;3422e-1;621e-2
2016-07-22;13:15:02;1800e0;11598091e0;2951e0;39260e0;905e-2;925e-2;915e-2;3194e-1;1425e-2;3442e-1;649e-2
2016-07-22;13:45:02;1800e0;11004915e0;3552e0;36337e0;860e-2;879e-2;869e-2;3209e-1;1333e-2;3417e-1;634e-2
2016-07-22;14:15:02;1800e0;7013215e0;1678e0;24029e0;547e-2;561e-2;553e-2;3322e-1;792e-2;3406e-1;431e-2
2016-07-22;14:45:02;1800e0;6221795e0;1395e0;21344e0;485e-2;498e-2;490e-2;3338e-1;683e-2;3422e-1;401e-2
2016-07-22;15:15:02;1800e0;5947736e0;1391e0;20197e0;465e-2;479e-2;470e-2;3392e-1;624e-2;3437e-1;400e-2
2016-07-22;15:45:02;1800e0;6415497e0;1351e0;22144e0;501e-2;514e-2;506e-2;3350e-1;672e-2;3401e-1;441e-2
2016-07-22;16:15:02;1800e0;6788463e0;1266e0;23321e0;529e-2;543e-2;535e-2;3340e-1;697e-2;3391e-1;489e-2
2016-07-22;16:45:02;1800e0;7233016e0;1766e0;24592e0;564e-2;579e-2;571e-2;3389e-1;685e-2;3401e-1;564e-2
2016-07-22;17:15:02;1800e0;6845402e0;1392e0;23658e0;536e-2;550e-2;541e-2;3408e-1;610e-2;3384e-1;575e-2
2016-07-22;17:45:02;1800e0;4926656e0;984e0;17012e0;385e-2;395e-2;389e-2;3427e-1;385e-2;3398e-1;460e-2
2016-07-22;18:15:02;1800e0;6364370e0;1694e0;21779e0;496e-2;509e-2;500e-2;3481e-1;415e-2;3434e-1;671e-2
2016-07-22;18:45:02;1800e0;3222974e0;542e0;11241e0;255e-2;259e-2;258e-2;3414e-1;219e-2;3325e-1;335e-2
2016-07-22;19:15:02;1800e0;939590e0;125e0;3217e0;85e-2;78e-2;88e-2;3322e-1;86e-2;3275e-1;87e-2
2016-07-22;19:45:02;1800e0;1725446e0;133e0;6049e0;143e-2;141e-2;146e-2;3388e-1;87e-2;3319e-1;219e-2
2016-07-22;20:15:02;1800e0;1891044e0;203e0;6542e0;154e-2;155e-2;156e-2;3405e-1;65e-2;3321e-1;274e-2
2016-07-22;20:45:02;1800e0;861712e0;43e0;3087e0;81e-2;72e-2;85e-2;3255e-1;40e-2;3091e-1;126e-2
2016-07-22;21:15:02;1800e0;257620e0;41e0;732e0;36e-2;20e-2;36e-2;3124e-1;17e-2;2805e-1;43e-2
2016-07-23;05:45:02;1800e0;833759e0;112e0;3109e0;78e-2;69e-2;83e-2;3402e-1;29e-2;3680e-1;111e-2
2016-07-23;06:15:02;1800e0;1881790e0;149e0;6392e0;153e-2;154e-2;155e-2;3539e-1;61e-2;3696e-1;246e-2
2016-07-23;06:45:02;1800e0;2898016e0;581e0;9844e0;230e-2;236e-2;232e-2;3612e-1;112e-2;3566e-1;370e-2
2016-07-23;07:15:02;1800e0;3321126e0;391e0;11736e0;262e-2;269e-2;264e-2;3617e-1;169e-2;3510e-1;386e-2
2016-07-23;07:45:02;1800e0;2812053e0;435e0;9784e0;223e-2;228e-2;224e-2;3570e-1;186e-2;3502e-1;286e-2
2016-07-23;08:15:02;1800e0;4322981e0;777e0;14806e0;340e-2;349e-2;342e-2;3638e-1;242e-2;3469e-1;484e-2
2016-07-23;08:45:02;1800e0;6618935e0;2460e0;21987e0;512e-2;525e-2;516e-2;3587e-1;425e-2;3359e-1;706e-2
2016-07-23;09:15:02;1800e0;6166448e0;1642e0;20966e0;479e-2;491e-2;483e-2;3529e-1;465e-2;3367e-1;589e-2
2016-07-23;09:45:02;1800e0;7926500e0;1977e0;26916e0;619e-2;633e-2;625e-2;3491e-1;666e-2;3313e-1;703e-2
2016-07-23;10:15:02;1800e0;9493442e0;2540e0;32160e0;741e-2;757e-2;748e-2;3409e-1;894e-2;3272e-1;771e-2
2016-07-23;10:45:02;1800e0;9800209e0;2514e0;33546e0;763e-2;779e-2;770e-2;3358e-1;999e-2;3273e-1;729e-2
2016-07-23;11:15:02;1800e0;10715538e0;2447e0;36308e0;829e-2;846e-2;837e-2;3330e-1;1159e-2;3286e-1;734e-2
2016-07-23;11:45:02;1800e0;10837283e0;2999e0;36592e0;837e-2;853e-2;845e-2;3292e-1;1222e-2;3346e-1;692e-2
2016-07-23;12:15:02;1800e0;10736024e0;2242e0;36935e0;833e-2;849e-2;841e-2;3270e-1;1251e-2;3400e-1;644e-2
2016-07-23;12:45:02;1800e0;11699094e0;2597e0;39743e0;909e-2;925e-2;918e-2;3215e-1;1418e-2;3440e-1;662e-2
2016-07-23;13:15:02;1800e0;11490268e0;3421e0;39094e0;895e-2;910e-2;903e-2;3231e-1;1381e-2;3443e-1;656e-2
2016-07-23;13:45:02;1800e0;11839893e0;3190e0;39859e0;923e-2;939e-2;932e-2;3234e-1;1410e-2;3429e-1;688e-2
2016-07-23;14:15:02;1800e0;11300729e0;3221e0;37940e0;881e-2;896e-2;889e-2;3277e-1;1322e-2;3417e-1;666e-2
2016-07-23;14:45:02;1800e0;10733398e0;2258e0;37118e0;836e-2;850e-2;843e-2;3346e-1;1191e-2;3440e-1;666e-2
2016-07-23;15:15:02;1800e0;9572896e0;2785e0;32305e0;745e-2;759e-2;751e-2;3370e-1;1022e-2;3421e-1;631e-2
2016-07-23;15:45:02;1800e0;11130013e0;3077e0;37416e0;866e-2;881e-2;874e-2;3370e-1;1159e-2;3427e-1;760e-2
2016-07-23;16:15:02;1800e0;9312362e0;2775e0;31313e0;726e-2;739e-2;732e-2;3390e-1;921e-2;3400e-1;689e-2
2016-07-23;16:45:02;1800e0;9520935e0;2364e0;32647e0;742e-2;755e-2;748e-2;3430e-1;879e-2;3404e-1;753e-2
2016-07-23;17:15:02;1800e0;7853523e0;2281e0;26512e0;614e-2;627e-2;619e-2;3443e-1;685e-2;3418e-1;658e-2
2016-07-23;17:45:02;1800e0;7956739e0;2125e0;27040e0;624e-2;637e-2;629e-2;3476e-1;618e-2;3456e-1;730e-2
2016-07-23;18:15:02;1800e0;5800523e0;1244e0;20155e0;455e-2;465e-2;458e-2;3489e-1;389e-2;3484e-1;590e-2
2016-07-23;18:45:02;1800e0;5285105e0;829e0;18276e0;415e-2;424e-2;417e-2;3558e-1;306e-2;3221e-1;630e-2
2016-07-23;19:15:02;1800e0;3600105e0;686e0;12343e0;284e-2;290e-2;286e-2;3493e-1;199e-2;3327e-1;432e-2
2016-07-23;19:45:02;1800e0;1355094e0;156e0;4686e0;113e-2;110e-2;116e-2;3381e-1;106e-2;3308e-1;135e-2
2016-07-23;20:15:02;1799e0;1045375e0;206e0;3535e0;93e-2;86e-2;97e-2;3352e-1;80e-2;3236e-1;112e-2
2016-07-23;20:45:02;1800e0;416781e0;41e0;1348e0;54e-2;33e-2;61e-2;3239e-1;42e-2;3178e-1;40e-2
2016-07-23;21:15:02;1800e0;114717e0;16e0;176e0;32e-2;9e-2;22e-2;3128e-1;14e-2;2959e-1;18e-2
2016-07-24;05:45:02;1800e0;213118e0;6e0;977e0;47e-2;19e-2;52e-2;3315e-1;26e-2;3317e-1;26e-2
2016-07-24;06:15:02;1800e0;823626e0;91e0;2973e0;79e-2;68e-2;84e-2;3404e-1;54e-2;3468e-1;88e-2
2016-07-24;06:45:02;1800e0;789695e0;124e0;3144e0;75e-2;66e-2;81e-2;3418e-1;66e-2;3435e-1;74e-2
2016-07-24;07:15:02;1800e0;1232575e0;155e0;4386e0;106e-2;102e-2;109e-2;3489e-1;106e-2;3483e-1;106e-2
2016-07-24;07:45:02;1800e0;3270711e0;591e0;11041e0;260e-2;266e-2;262e-2;3603e-1;200e-2;3550e-1;343e-2
2016-07-24;08:15:02;1800e0;4859973e0;1283e0;16585e0;384e-2;393e-2;387e-2;3588e-1;297e-2;3372e-1;533e-2
2016-07-24;08:45:02;1800e0;4314002e0;834e0;14840e0;343e-2;352e-2;346e-2;3530e-1;310e-2;3427e-1;423e-2
2016-07-24;09:15:02;1800e0;3559729e0;566e0;12456e0;282e-2;289e-2;284e-2;3508e-1;304e-2;3434e-1;303e-2
2016-07-24;09:45:02;1800e0;4291632e0;660e0;14756e0;335e-2;344e-2;337e-2;3543e-1;397e-2;3530e-1;317e-2
2016-07-24;10:15:02;1800e0;5754499e0;1429e0;19679e0;449e-2;461e-2;453e-2;3536e-1;531e-2;3487e-1;431e-2
2016-07-24;10:45:02;1800e0;8023840e0;1656e0;27798e0;628e-2;642e-2;634e-2;3482e-1;793e-2;3428e-1;567e-2
2016-07-24;11:15:02;1800e0;11081548e0;3186e0;37573e0;866e-2;881e-2;874e-2;3375e-1;1181e-2;3329e-1;751e-2
2016-07-24;11:45:02;1800e0;9572788e0;3213e0;31888e0;747e-2;761e-2;753e-2;3391e-1;1055e-2;3411e-1;595e-2
2016-07-24;12:15:02;1800e0;11782738e0;3274e0;39829e0;920e-2;936e-2;928e-2;3293e-1;1371e-2;3414e-1;694e-2
2016-07-24;12:45:02;1800e0;11806908e0;2865e0;40426e0;920e-2;937e-2;929e-2;3248e-1;1416e-2;3451e-1;667e-2
2016-07-24;13:15:02;1800e0;10370803e0;2586e0;35457e0;807e-2;822e-2;814e-2;3311e-1;1220e-2;3471e-1;583e-2
2016-07-24;13:45:02;1800e0;12576976e0;2982e0;43406e0;976e-2;994e-2;986e-2;3215e-1;1513e-2;3448e-1;721e-2
2016-07-24;14:15:02;1800e0;11380838e0;3062e0;38541e0;882e-2;899e-2;891e-2;3191e-1;1384e-2;3406e-1;657e-2
2016-07-24;14:45:02;1800e0;10747718e0;2139e0;36932e0;834e-2;849e-2;842e-2;3249e-1;1267e-2;3389e-1;642e-2
2016-07-24;15:15:02;1800e0;11097628e0;2709e0;37716e0;861e-2;877e-2;869e-2;3286e-1;1247e-2;3375e-1;709e-2
2016-07-24;15:45:02;1800e0;10678525e0;3048e0;35931e0;829e-2;844e-2;837e-2;3289e-1;1153e-2;3341e-1;735e-2
2016-07-24;16:15:02;1800e0;10269660e0;2660e0;35100e0;796e-2;810e-2;803e-2;3346e-1;1040e-2;3352e-1;756e-2
2016-07-24;16:45:02;1800e0;9473924e0;2887e0;32042e0;735e-2;748e-2;741e-2;3419e-1;881e-2;3382e-1;750e-2
2016-07-24;17:15:02;1800e0;8473588e0;2106e0;28804e0;657e-2;670e-2;663e-2;3473e-1;715e-2;3404e-1;730e-2
2016-07-24;17:45:02;1800e0;7349572e0;1847e0;25250e0;572e-2;584e-2;576e-2;3495e-1;548e-2;3446e-1;697e-2
2016-07-24;18:15:02;1800e0;6033518e0;1532e0;21048e0;472e-2;482e-2;475e-2;3538e-1;383e-2;3566e-1;616e-2
2016-07-24;18:45:02;1800e0;4854285e0;672e0;16636e0;385e-2;395e-2;387e-2;3570e-1;252e-2;3251e-1;605e-2
2016-07-24;19:15:02;1800e0;3746817e0;544e0;12996e0;297e-2;305e-2;299e-2;3551e-1;156e-2;3336e-1;500e-2
2016-07-24;19:45:02;1800e0;2766193e0;330e0;9621e0;220e-2;225e-2;221e-2;3491e-1;96e-2;3310e-1;396e-2
2016-07-24;20:15:02;1800e0;1945423e0;156e0;6530e0;158e-2;159e-2;159e-2;3415e-1;69e-2;3355e-1;277e-2
2016-07-24;20:45:02;1800e0;985515e0;75e0;3546e0;88e-2;81e-2;92e-2;3264e-1;44e-2;3150e-1;142e-2
2016-07-24;21:15:02;1800e0;263592e0;43e0;564e0;38e-2;21e-2;38e-2;3120e-1;19e-2;2753e-1;43e-2
2016-07-25;05:45:03;1800e0;169178e0;18e0;899e0;42e-2;14e-2;39e-2;3281e-1;21e-2;3276e-1;22e-2
2016-07-25;06:15:03;1800e0;606602e0;60e0;1592e0;65e-2;51e-2;70e-2;3368e-1;42e-2;3425e-1;67e-2
2016-07-25;06:45:03;1800e0;1477173e0;162e0;5205e0;125e-2;122e-2;128e-2;3480e-1;74e-2;3570e-1;175e-2
2016-07-25;07:15:03;1800e0;2730935e0;297e0;9636e0;217e-2;224e-2;219e-2;3584e-1;119e-2;3588e-1;336e-2
2016-07-25;07:45:03;1800e0;4246787e0;703e0;14528e0;334e-2;345e-2;337e-2;3702e-1;174e-2;3513e-1;536e-2
2016-07-25;08:15:03;1800e0;5309338e0;815e0;18728e0;418e-2;431e-2;422e-2;3651e-1;257e-2;3421e-1;645e-2
2016-07-25;08:45:03;1800e0;6350026e0;1521e0;21841e0;497e-2;513e-2;503e-2;3645e-1;380e-2;3405e-1;695e-2
2016-07-25;09:15:03;1800e0;7433225e0;1778e0;25063e0;582e-2;598e-2;588e-2;3599e-1;533e-2;3422e-1;720e-2
2016-07-25;09:45:03;1800e0;8493681e0;2511e0;28286e0;664e-2;681e-2;671e-2;3553e-1;702e-2;3367e-1;743e-2
2016-07-25;10:15:03;1800e0;9422023e0;2324e0;32309e0;734e-2;752e-2;742e-2;3483e-1;869e-2;3360e-1;745e-2
2016-07-25;10:45:03;1800e0;10244163e0;2808e0;34651e0;801e-2;819e-2;809e-2;3448e-1;1017e-2;3349e-1;746e-2
2016-07-25;11:15:03;1800e0;10877041e0;3028e0;36645e0;852e-2;870e-2;860e-2;3402e-1;1150e-2;3360e-1;732e-2
2016-07-25;11:45:03;1800e0;11330220e0;3025e0;38441e0;890e-2;909e-2;899e-2;3368e-1;1258e-2;3388e-1;708e-2
2016-07-25;12:15:03;1800e0;11737272e0;3389e0;39136e0;918e-2;938e-2;928e-2;3326e-1;1361e-2;3441e-1;681e-2
2016-07-25;12:45:03;1800e0;11937753e0;3585e0;39968e0;935e-2;956e-2;946e-2;3318e-1;1396e-2;3488e-1;676e-2
2016-07-25;13:15:03;1800e0;10869501e0;2416e0;37387e0;853e-2;873e-2;863e-2;3326e-1;1256e-2;3473e-1;632e-2
2016-07-25;13:45:03;1800e0;12058308e0;3044e0;41117e0;947e-2;968e-2;958e-2;3304e-1;1391e-2;3460e-1;714e-2
2016-07-25;14:15:03;1800e0;11047845e0;3138e0;37099e0;866e-2;886e-2;876e-2;3296e-1;1269e-2;3435e-1;669e-2
2016-07-25;14:45:03;1800e0;9312869e0;2604e0;31524e0;729e-2;748e-2;738e-2;3345e-1;1037e-2;3418e-1;585e-2
2016-07-25;15:15:03;1800e0;10895909e0;2740e0;37132e0;854e-2;875e-2;865e-2;3348e-1;1178e-2;3399e-1;722e-2
2016-07-25;15:45:03;1800e0;9712139e0;2492e0;32594e0;755e-2;775e-2;765e-2;3370e-1;1013e-2;3414e-1;671e-2
2016-07-25;16:15:03;1800e0;7808083e0;1986e0;26624e0;608e-2;625e-2;615e-2;3406e-1;783e-2;3444e-1;564e-2
2016-07-25;16:45:03;1800e0;9612582e0;3426e0;31548e0;752e-2;770e-2;761e-2;3447e-1;895e-2;3407e-1;752e-2
2016-07-25;17:15:03;1800e0;6185649e0;1011e0;21671e0;483e-2;496e-2;488e-2;3489e-1;535e-2;3468e-1;511e-2
2016-07-25;17:45:03;1800e0;3952045e0;823e0;13497e0;312e-2;320e-2;314e-2;3462e-1;339e-2;3387e-1;343e-2
2016-07-25;18:15:03;1800e0;5164710e0;1230e0;17687e0;405e-2;417e-2;408e-2;3524e-1;379e-2;3449e-1;496e-2
2016-07-25;18:45:03;1800e0;4091293e0;384e0;14362e0;322e-2;331e-2;324e-2;3527e-1;263e-2;3337e-1;449e-2
2016-07-25;19:15:03;1800e0;3449322e0;451e0;12132e0;272e-2;280e-2;274e-2;3518e-1;182e-2;3385e-1;417e-2
2016-07-25;19:45:03;1800e0;1360900e0;162e0;4478e0;115e-2;112e-2;118e-2;3372e-1;82e-2;3306e-1;163e-2
2016-07-25;20:15:03;1800e0;1314656e0;185e0;4323e0;113e-2;109e-2;116e-2;3379e-1;80e-2;3291e-1;158e-2
2016-07-25;20:45:03;1800e0;471394e0;56e0;1410e0;56e-2;39e-2;63e-2;3211e-1;35e-2;3019e-1;62e-2
2016-07-25;21:15:03;1800e0;249139e0;25e0;444e0;45e-2;18e-2;48e-2;3163e-1;24e-2;3124e-1;31e-2
2016-07-26;05:45:03;1800e0;100359e0;6e0;476e0;39e-2;9e-2;30e-2;3298e-1;18e-2;3267e-1;16e-2
2016-07-26;06:15:03;1800e0;366896e0;56e0;752e0;50e-2;30e-2;57e-2;3278e-1;39e-2;3245e-1;32e-2
2016-07-26;06:45:03;1800e0;928552e0;80e0;3290e0;84e-2;77e-2;87e-2;3416e-1;83e-2;3410e-1;81e-2
2016-07-26;07:15:03;1800e0;716238e0;74e0;2532e0;70e-2;61e-2;75e-2;3378e-1;70e-2;3356e-1;61e-2
2016-07-26;07:45:03;1800e0;2460394e0;247e0;8666e0;198e-2;201e-2;201e-2;3525e-1;190e-2;3530e-1;220e-2
2016-07-26;08:15:03;1800e0;4159934e0;669e0;14605e0;328e-2;338e-2;331e-2;3593e-1;272e-2;3494e-1;422e-2
2016-07-26;08:45:03;1800e0;2051155e0;244e0;7238e0;164e-2;168e-2;167e-2;3493e-1;185e-2;3462e-1;164e-2
2016-07-26;09:15:03;1800e0;2470848e0;380e0;8457e0;196e-2;202e-2;198e-2;3536e-1;233e-2;3526e-1;182e-2
2016-07-26;09:45:03;1800e0;4535051e0;866e0;15537e0;357e-2;368e-2;360e-2;3566e-1;394e-2;3562e-1;354e-2
2016-07-26;10:15:03;1800e0;6240328e0;1197e0;21508e0;492e-2;505e-2;497e-2;3552e-1;581e-2;3547e-1;451e-2
2016-07-26;10:45:03;1800e0;2911752e0;488e0;10217e0;231e-2;239e-2;233e-2;3517e-1;280e-2;3501e-1;212e-2
2016-07-26;11:15:03;1800e0;1291727e0;161e0;4284e0;110e-2;109e-2;113e-2;3448e-1;127e-2;3424e-1;98e-2
2016-07-26;11:45:03;1800e0;6730224e0;1591e0;23166e0;531e-2;544e-2;536e-2;3546e-1;673e-2;3558e-1;444e-2
2016-07-26;12:15:03;1800e0;10851286e0;2187e0;37587e0;847e-2;865e-2;856e-2;3401e-1;1167e-2;3495e-1;682e-2
2016-07-26;12:45:03;1800e0;7068151e0;1555e0;24427e0;549e-2;563e-2;554e-2;3523e-1;726e-2;3544e-1;448e-2
2016-07-26;13:15:03;1800e0;6063285e0;823e0;21250e0;473e-2;487e-2;478e-2;3525e-1;607e-2;3546e-1;400e-2
2016-07-26;13:45:03;1800e0;9092785e0;2607e0;30780e0;715e-2;731e-2;723e-2;3465e-1;990e-2;3544e-1;539e-2
2016-07-26;14:15:03;1800e0;8884622e0;2390e0;29990e0;691e-2;706e-2;698e-2;3486e-1;950e-2;3550e-1;533e-2
2016-07-26;14:45:03;1800e0;9379548e0;2575e0;31456e0;735e-2;750e-2;742e-2;3463e-1;1010e-2;3527e-1;563e-2
2016-07-26;15:15:03;1800e0;6899871e0;1471e0;23739e0;539e-2;553e-2;545e-2;3515e-1;693e-2;3536e-1;451e-2
2016-07-26;15:45:03;1800e0;7397200e0;1453e0;25534e0;575e-2;588e-2;580e-2;3498e-1;737e-2;3524e-1;492e-2
2016-07-26;16:15:03;1800e0;9745913e0;2069e0;33897e0;758e-2;775e-2;767e-2;3501e-1;931e-2;3514e-1;694e-2
2016-07-26;16:45:03;1800e0;9231832e0;2730e0;31007e0;719e-2;735e-2;726e-2;3493e-1;842e-2;3472e-1;706e-2
2016-07-26;17:15:03;1800e0;9245537e0;2573e0;31423e0;720e-2;737e-2;727e-2;3536e-1;763e-2;3464e-1;787e-2
2016-07-26;17:45:03;1800e0;5402969e0;927e0;18591e0;422e-2;432e-2;427e-2;3531e-1;407e-2;3484e-1;494e-2
2016-07-26;18:15:03;1800e0;2727986e0;542e0;9170e0;215e-2;220e-2;218e-2;3523e-1;202e-2;3520e-1;252e-2
2016-07-26;18:45:03;1800e0;2719857e0;283e0;9422e0;216e-2;220e-2;219e-2;3517e-1;176e-2;3515e-1;279e-2
2016-07-26;19:15:03;1800e0;4342334e0;621e0;14915e0;340e-2;350e-2;343e-2;3602e-1;162e-2;3536e-1;561e-2
2016-07-26;19:45:03;1800e0;3363313e0;639e0;11475e0;264e-2;272e-2;266e-2;3540e-1;98e-2;3555e-1;464e-2
2016-07-26;20:15:03;1800e0;2482731e0;279e0;8439e0;197e-2;201e-2;198e-2;3476e-1;71e-2;3551e-1;348e-2
2016-07-26;20:45:03;1800e0;1382571e0;114e0;4856e0;115e-2;113e-2;119e-2;3327e-1;44e-2;3498e-1;194e-2
2016-07-26;21:15:03;1800e0;310930e0;53e0;923e0;41e-2;25e-2;40e-2;3149e-1;16e-2;3294e-1;44e-2
2016-07-27;05:45:03;1800e0;488794e0;37e0;1576e0;58e-2;40e-2;65e-2;3332e-1;22e-2;3521e-1;64e-2
2016-07-27;06:15:03;1800e0;948346e0;147e0;3324e0;87e-2;79e-2;92e-2;3501e-1;62e-2;3562e-1;97e-2
2016-07-27;06:45:03;1800e0;2636400e0;574e0;8828e0;210e-2;217e-2;212e-2;3626e-1;111e-2;3741e-1;310e-2
2016-07-27;07:15:03;1800e0;3215054e0;694e0;10925e0;254e-2;263e-2;256e-2;3663e-1;133e-2;3673e-1;386e-2
2016-07-27;07:45:03;1800e0;3899778e0;644e0;13530e0;308e-2;318e-2;311e-2;3730e-1;172e-2;3628e-1;460e-2
2016-07-27;08:15:03;1800e0;5207041e0;1110e0;17895e0;410e-2;423e-2;414e-2;3719e-1;273e-2;3534e-1;582e-2
2016-07-27;08:45:03;1800e0;6458169e0;1472e0;22246e0;507e-2;523e-2;513e-2;3626e-1;422e-2;3496e-1;650e-2
2016-07-27;09:15:03;1800e0;7345852e0;1863e0;25277e0;577e-2;593e-2;583e-2;3580e-1;556e-2;3456e-1;674e-2
2016-07-27;09:45:03;1800e0;7453026e0;1627e0;25635e0;585e-2;601e-2;591e-2;3536e-1;629e-2;3464e-1;621e-2
2016-07-27;10:15:03;1800e0;2836408e0;503e0;9722e0;226e-2;234e-2;228e-2;3537e-1;268e-2;3511e-1;208e-2
2016-07-27;10:45:03;1800e0;3063608e0;375e0;10521e0;244e-2;253e-2;246e-2;3540e-1;291e-2;3524e-1;221e-2
2016-07-27;11:15:03;1800e0;4014665e0;654e0;13936e0;318e-2;329e-2;321e-2;3559e-1;392e-2;3546e-1;272e-2
2016-07-27;11:45:03;1800e0;4188568e0;773e0;14248e0;332e-2;344e-2;335e-2;3556e-1;396e-2;3551e-1;298e-2
2016-07-27;12:15:03;1800e0;3438681e0;478e0;12053e0;273e-2;284e-2;276e-2;3544e-1;322e-2;3539e-1;252e-2
2016-07-27;12:45:03;1800e0;2291561e0;234e0;7773e0;184e-2;191e-2;186e-2;3526e-1;218e-2;3505e-1;169e-2
2016-07-27;13:15:03;1800e0;3053451e0;290e0;10835e0;241e-2;251e-2;244e-2;3563e-1;293e-2;3539e-1;215e-2
2016-07-27;13:45:03;1800e0;2616957e0;482e0;9019e0;207e-2;214e-2;209e-2;3560e-1;250e-2;3528e-1;187e-2
2016-07-27;14:15:03;1800e0;2986883e0;314e0;10697e0;236e-2;246e-2;239e-2;3567e-1;284e-2;3535e-1;214e-2
2016-07-27;14:45:03;1800e0;2470335e0;256e0;8659e0;196e-2;204e-2;198e-2;3530e-1;235e-2;3508e-1;180e-2
2016-07-27;15:15:03;1800e0;2020398e0;279e0;7000e0;161e-2;167e-2;163e-2;3522e-1;195e-2;3493e-1;146e-2
2016-07-27;15:45:03;1800e0;1929859e0;293e0;6539e0;155e-2;160e-2;157e-2;3510e-1;185e-2;3480e-1;142e-2
2016-07-27;16:15:03;1800e0;1438793e0;192e0;5068e0;119e-2;120e-2;121e-2;3483e-1;142e-2;3436e-1;105e-2
2016-07-27;16:45:03;1800e0;3435392e0;459e0;11985e0;269e-2;280e-2;271e-2;3565e-1;325e-2;3541e-1;245e-2
2016-07-27;17:15:03;1800e0;2581891e0;365e0;8944e0;204e-2;211e-2;206e-2;3538e-1;245e-2;3513e-1;188e-2
2016-07-27;17:45:03;1800e0;4405046e0;631e0;15413e0;346e-2;357e-2;349e-2;3573e-1;384e-2;3551e-1;342e-2
2016-07-27;18:15:03;1800e0;3631057e0;588e0;12647e0;286e-2;294e-2;288e-2;3540e-1;313e-2;3523e-1;292e-2
2016-07-27;18:45:03;1800e0;3234542e0;689e0;11179e0;255e-2;262e-2;257e-2;3526e-1;262e-2;3510e-1;279e-2
2016-07-27;19:15:03;1800e0;855976e0;74e0;3146e0;80e-2;72e-2;84e-2;3368e-1;80e-2;3341e-1;73e-2
2016-07-27;19:45:03;1800e0;607845e0;104e0;2277e0;64e-2;51e-2;70e-2;3336e-1;63e-2;3287e-1;49e-2
2016-07-27;20:15:03;1800e0;374670e0;50e0;850e0;52e-2;31e-2;59e-2;3244e-1;41e-2;3206e-1;31e-2
2016-07-27;20:45:03;1800e0;169769e0;6e0;411e0;40e-2;17e-2;44e-2;3254e-1;27e-2;3207e-1;21e-2
2016-07-28;06:15:04;1800e0;873331e0;152e0;2938e0;81e-2;72e-2;87e-2;3401e-1;57e-2;3473e-1;97e-2
2016-07-28;06:45:04;1800e0;1054616e0;188e0;3335e0;94e-2;89e-2;97e-2;3455e-1;76e-2;3482e-1;108e-2
2016-07-28;07:15:04;1800e0;3622275e0;564e0;12550e0;286e-2;295e-2;288e-2;3624e-1;142e-2;3574e-1;458e-2
2016-07-28;07:45:04;1800e0;4118954e0;824e0;14180e0;324e-2;334e-2;328e-2;3619e-1;224e-2;3537e-1;459e-2
2016-07-28;08:15:04;1800e0;2228282e0;452e0;7576e0;182e-2;184e-2;185e-2;3487e-1;167e-2;3411e-1;216e-2
2016-07-28;08:45:04;1800e0;1128708e0;125e0;3797e0;99e-2;96e-2;102e-2;3460e-1;111e-2;3425e-1;88e-2
2016-07-28;09:15:04;1800e0;1754971e0;153e0;5817e0;143e-2;147e-2;145e-2;3565e-1;172e-2;3521e-1;125e-2
2016-07-28;09:45:04;1800e0;4741072e0;1265e0;16035e0;374e-2;386e-2;378e-2;3621e-1;420e-2;3600e-1;354e-2
2016-07-28;10:15:04;1800e0;3082881e0;579e0;10479e0;246e-2;252e-2;249e-2;3480e-1;286e-2;3462e-1;238e-2
2016-07-28;10:45:04;1800e0;2129362e0;264e0;7330e0;171e-2;176e-2;173e-2;3546e-1;204e-2;3523e-1;156e-2
2016-07-28;11:15:04;1800e0;6012246e0;956e0;21052e0;470e-2;483e-2;475e-2;3557e-1;581e-2;3554e-1;409e-2
2016-07-28;11:45:04;1800e0;10917257e0;2398e0;37709e0;849e-2;867e-2;858e-2;3481e-1;1149e-2;3525e-1;682e-2
2016-07-28;12:15:04;1800e0;11670542e0;3201e0;39712e0;909e-2;928e-2;919e-2;3380e-1;1288e-2;3475e-1;715e-2
2016-07-28;12:45:04;1800e0;6700785e0;1400e0;23125e0;522e-2;536e-2;527e-2;3484e-1;687e-2;3529e-1;442e-2
2016-07-28;13:15:04;1800e0;5522299e0;1045e0;18967e0;430e-2;443e-2;434e-2;3547e-1;539e-2;3558e-1;376e-2
2016-07-28;13:45:04;1800e0;5195482e0;887e0;18020e0;407e-2;420e-2;411e-2;3562e-1;501e-2;3559e-1;358e-2
2016-07-28;14:15:04;1799e0;8104233e0;1271e0;28477e0;632e-2;647e-2;638e-2;3531e-1;847e-2;3568e-1;500e-2
2016-07-28;14:45:04;1800e0;11411242e0;2442e0;39446e0;888e-2;907e-2;898e-2;3403e-1;1260e-2;3512e-1;683e-2
2016-07-28;15:15:04;1800e0;7844285e0;1871e0;26915e0;612e-2;627e-2;618e-2;3437e-1;836e-2;3491e-1;496e-2
2016-07-28;15:45:04;1799e0;8391495e0;1953e0;28712e0;652e-2;668e-2;659e-2;3502e-1;837e-2;3538e-1;563e-2
2016-07-28;16:15:04;1800e0;9529399e0;2389e0;32580e0;743e-2;760e-2;751e-2;3470e-1;927e-2;3490e-1;676e-2
2016-07-28;16:45:04;1800e0;6830755e0;1367e0;23785e0;534e-2;548e-2;540e-2;3501e-1;623e-2;3494e-1;518e-2
2016-07-28;17:15:04;1800e0;5625374e0;1168e0;19441e0;442e-2;454e-2;446e-2;3528e-1;485e-2;3507e-1;453e-2
2016-07-28;17:45:04;1800e0;4277126e0;614e0;14963e0;337e-2;346e-2;340e-2;3523e-1;351e-2;3503e-1;363e-2
2016-07-28;18:15:04;1800e0;6105489e0;1158e0;21009e0;479e-2;491e-2;483e-2;3587e-1;391e-2;3521e-1;622e-2
2016-07-28;18:45:04;1800e0;5728622e0;1702e0;19222e0;449e-2;462e-2;453e-2;3607e-1;288e-2;3480e-1;674e-2
2016-07-28;19:15:04;1800e0;4509882e0;632e0;15558e0;356e-2;366e-2;358e-2;3604e-1;180e-2;3506e-1;576e-2
2016-07-28;19:45:04;1800e0;3328628e0;432e0;11650e0;264e-2;272e-2;266e-2;3549e-1;98e-2;3544e-1;462e-2
2016-07-28;20:15:04;1800e0;2397658e0;333e0;8339e0;192e-2;197e-2;194e-2;3470e-1;66e-2;3551e-1;340e-2
2016-07-28;20:45:04;1800e0;1440831e0;155e0;4863e0;120e-2;120e-2;123e-2;3354e-1;45e-2;3518e-1;204e-2
2016-07-28;21:15:04;1800e0;276511e0;21e0;829e0;35e-2;22e-2;34e-2;3143e-1;15e-2;3276e-1;43e-2
2016-07-29;05:45:04;1800e0;664800e0;87e0;2834e0;71e-2;58e-2;75e-2;3432e-1;26e-2;3594e-1;93e-2
2016-07-29;06:15:04;1800e0;1312910e0;119e0;4483e0;111e-2;109e-2;114e-2;3520e-1;44e-2;3734e-1;169e-2
2016-07-29;06:45:04;1800e0;2466676e0;270e0;8532e0;197e-2;202e-2;199e-2;3640e-1;85e-2;3755e-1;309e-2
2016-07-29;07:15:04;1800e0;3375883e0;372e0;11775e0;267e-2;275e-2;269e-2;3701e-1;136e-2;3629e-1;413e-2
2016-07-29;07:45:04;1800e0;1334257e0;142e0;4208e0;113e-2;113e-2;115e-2;3570e-1;120e-2;3534e-1;107e-2
2016-07-29;08:15:04;1800e0;1559592e0;146e0;5306e0;130e-2;131e-2;132e-2;3580e-1;136e-2;3564e-1;126e-2
2016-07-29;08:45:04;1800e0;2682895e0;298e0;9387e0;213e-2;221e-2;215e-2;3621e-1;238e-2;3592e-1;204e-2
2016-07-29;09:15:04;1800e0;3087210e0;389e0;10833e0;245e-2;254e-2;247e-2;3607e-1;282e-2;3584e-1;228e-2
2016-07-29;09:45:04;1800e0;4248767e0;531e0;14826e0;334e-2;346e-2;337e-2;3611e-1;386e-2;3607e-1;308e-2
2016-07-29;10:15:04;1800e0;6765795e0;1559e0;23608e0;531e-2;547e-2;537e-2;3587e-1;611e-2;3603e-1;495e-2
2016-07-29;10:45:04;1800e0;8374725e0;1799e0;28768e0;659e-2;676e-2;666e-2;3565e-1;789e-2;3562e-1;590e-2
2016-07-29;11:15:04;1800e0;9375612e0;2360e0;32137e0;736e-2;754e-2;744e-2;3506e-1;944e-2;3525e-1;621e-2
2016-07-29;11:45:04;1800e0;7926196e0;1397e0;27385e0;626e-2;642e-2;632e-2;3498e-1;808e-2;3524e-1;523e-2
2016-07-29;12:15:04;1800e0;7378245e0;2042e0;25131e0;580e-2;596e-2;586e-2;3561e-1;733e-2;3570e-1;482e-2
2016-07-29;12:45:04;1800e0;12542837e0;2785e0;43197e0;991e-2;1012e-2;1002e-2;3389e-1;1390e-2;3516e-1;748e-2
2016-07-29;13:15:04;1800e0;10139145e0;2919e0;34116e0;803e-2;822e-2;812e-2;3421e-1;1113e-2;3517e-1;608e-2
2016-07-29;13:45:04;1800e0;4317304e0;420e0;15042e0;344e-2;355e-2;347e-2;3446e-1;442e-2;3475e-1;296e-2
2016-07-29;14:15:04;1800e0;2419824e0;349e0;8292e0;195e-2;203e-2;197e-2;3544e-1;230e-2;3509e-1;177e-2
2016-07-29;14:45:04;1800e0;2368447e0;354e0;7993e0;190e-2;195e-2;192e-2;3522e-1;226e-2;3499e-1;172e-2
2016-07-29;15:15:04;1800e0;2138037e0;224e0;7610e0;173e-2;176e-2;176e-2;3481e-1;205e-2;3456e-1;158e-2
2016-07-29;15:45:04;1800e0;4561982e0;821e0;15837e0;361e-2;367e-2;365e-2;3537e-1;448e-2;3509e-1;301e-2
2016-07-29;16:15:04;1800e0;6248263e0;1196e0;21660e0;487e-2;500e-2;492e-2;3547e-1;591e-2;3560e-1;440e-2
2016-07-29;16:45:04;1800e0;4464050e0;652e0;15628e0;348e-2;358e-2;352e-2;3528e-1;409e-2;3526e-1;332e-2
2016-07-29;17:15:04;1800e0;3674212e0;495e0;12732e0;291e-2;299e-2;294e-2;3527e-1;333e-2;3503e-1;278e-2
2016-07-29;17:45:04;1800e0;2660809e0;387e0;9047e0;213e-2;220e-2;215e-2;3526e-1;228e-2;3511e-1;217e-2
2016-07-29;18:15:04;1800e0;1916514e0;280e0;6425e0;157e-2;159e-2;160e-2;3500e-1;170e-2;3472e-1;156e-2
2016-07-29;18:45:04;1800e0;1721827e0;162e0;6091e0;141e-2;143e-2;143e-2;3532e-1;160e-2;3498e-1;131e-2
2016-07-29;19:15:04;1800e0;1258154e0;98e0;4376e0;107e-2;105e-2;110e-2;3492e-1;124e-2;3430e-1;94e-2
2016-07-29;19:45:04;1800e0;681445e0;136e0;2481e0;68e-2;58e-2;74e-2;3379e-1;69e-2;3336e-1;57e-2
2016-07-29;20:15:04;1800e0;611126e0;118e0;2139e0;64e-2;52e-2;70e-2;3357e-1;61e-2;3314e-1;53e-2
2016-07-29;20:45:04;1800e0;220332e0;10e0;584e0;37e-2;17e-2;37e-2;3186e-1;26e-2;3130e-1;21e-2
2016-07-30;05:45:05;1799e0;115608e0;12e0;602e0;37e-2;12e-2;35e-2;3308e-1;17e-2;3329e-1;19e-2
2016-07-30;06:15:05;1800e0;432690e0;67e0;1296e0;54e-2;36e-2;61e-2;3349e-1;45e-2;3315e-1;36e-2
2016-07-30;06:45:05;1800e0;529068e0;31e0;1702e0;59e-2;45e-2;65e-2;3377e-1;53e-2;3354e-1;45e-2
2016-07-30;07:15:05;1800e0;1128341e0;75e0;3902e0;98e-2;95e-2;101e-2;3486e-1;96e-2;3499e-1;99e-2
2016-07-30;07:45:05;1800e0;3718185e0;674e0;12790e0;291e-2;299e-2;294e-2;3620e-1;238e-2;3607e-1;371e-2
2016-07-30;08:15:05;1800e0;1511272e0;284e0;5048e0;125e-2;125e-2;127e-2;3496e-1;137e-2;3440e-1;124e-2
2016-07-30;08:45:05;1800e0;1278908e0;100e0;4495e0;107e-2;106e-2;110e-2;3498e-1;124e-2;3438e-1;96e-2
2016-07-30;09:15:05;1800e0;1979750e0;229e0;6742e0;159e-2;163e-2;161e-2;3557e-1;192e-2;3510e-1;141e-2
2016-07-30;09:45:05;1800e0;2987171e0;610e0;10344e0;235e-2;242e-2;237e-2;3579e-1;283e-2;3544e-1;213e-2
2016-07-30;10:15:05;1800e0;3704758e0;564e0;12754e0;292e-2;302e-2;294e-2;3581e-1;341e-2;3561e-1;272e-2
2016-07-30;10:45:05;1800e0;4475863e0;541e0;15679e0;352e-2;362e-2;355e-2;3571e-1;418e-2;3559e-1;320e-2
2016-07-30;11:15:05;1800e0;6292038e0;1299e0;21989e0;495e-2;507e-2;499e-2;3560e-1;614e-2;3561e-1;423e-2
2016-07-30;11:45:05;1800e0;10263159e0;2466e0;35205e0;807e-2;822e-2;814e-2;3485e-1;1087e-2;3502e-1;641e-2
2016-07-30;12:15:05;1800e0;12154773e0;3513e0;41492e0;955e-2;972e-2;964e-2;3364e-1;1393e-2;3448e-1;701e-2
2016-07-30;12:45:05;1800e0;12045821e0;3341e0;40980e0;945e-2;962e-2;955e-2;3352e-1;1381e-2;3498e-1;690e-2
2016-07-30;13:15:05;1800e0;7852044e0;2292e0;26487e0;615e-2;628e-2;620e-2;3460e-1;839e-2;3518e-1;483e-2
2016-07-30;13:45:05;1800e0;7021455e0;1715e0;23882e0;548e-2;560e-2;552e-2;3542e-1;704e-2;3555e-1;454e-2
2016-07-30;14:15:05;1800e0;10382695e0;2780e0;35499e0;808e-2;823e-2;816e-2;3454e-1;1111e-2;3532e-1;635e-2
2016-07-30;14:45:05;1800e0;6167778e0;856e0;21481e0;479e-2;491e-2;483e-2;3534e-1;612e-2;3546e-1;414e-2
2016-07-30;15:15:05;1800e0;5050603e0;1060e0;17076e0;394e-2;404e-2;397e-2;3585e-1;491e-2;3569e-1;337e-2
2016-07-30;15:45:05;1800e0;3006419e0;303e0;10508e0;237e-2;242e-2;239e-2;3573e-1;288e-2;3543e-1;209e-2
2016-07-30;16:15:05;1800e0;3055086e0;606e0;10580e0;241e-2;247e-2;243e-2;3592e-1;281e-2;3566e-1;223e-2
2016-07-30;16:45:05;1800e0;4032262e0;500e0;14220e0;316e-2;325e-2;318e-2;3587e-1;376e-2;3569e-1;287e-2
2016-07-30;17:15:05;1800e0;4640598e0;920e0;15887e0;364e-2;373e-2;366e-2;3578e-1;402e-2;3568e-1;358e-2
2016-07-30;17:45:05;1800e0;2219340e0;245e0;7731e0;178e-2;180e-2;180e-2;3515e-1;206e-2;3487e-1;169e-2
2016-07-30;18:15:05;1800e0;1280322e0;153e0;4526e0;111e-2;106e-2;115e-2;3458e-1;125e-2;3418e-1;95e-2
2016-07-30;18:45:05;1800e0;3262342e0;792e0;11043e0;262e-2;266e-2;265e-2;3556e-1;220e-2;3514e-1;319e-2
2016-07-30;19:15:05;1800e0;2848494e0;454e0;9813e0;229e-2;233e-2;232e-2;3520e-1;175e-2;3529e-1;297e-2
2016-07-30;19:45:05;1800e0;3460439e0;625e0;12074e0;272e-2;279e-2;273e-2;3581e-1;138e-2;3576e-1;435e-2
2016-07-30;20:15:05;1800e0;2688769e0;255e0;9279e0;213e-2;217e-2;214e-2;3515e-1;95e-2;3567e-1;354e-2
2016-07-30;20:45:05;1800e0;888512e0;87e0;2873e0;86e-2;72e-2;91e-2;3288e-1;37e-2;3408e-1;119e-2
2016-07-30;21:15:05;1800e0;64695e0;0e0;156e0;19e-2;8e-2;8e-2;3234e-1;11e-2;3230e-1;13e-2
2016-07-31;06:15:05;1800e0;547957e0;81e0;1763e0;63e-2;45e-2;70e-2;3401e-1;35e-2;3465e-1;60e-2
2016-07-31;06:45:05;1800e0;978694e0;123e0;3341e0;88e-2;82e-2;92e-2;3525e-1;66e-2;3572e-1;100e-2
2016-07-31;07:15:05;1800e0;1513186e0;211e0;5186e0;126e-2;126e-2;130e-2;3562e-1;84e-2;3613e-1;166e-2
2016-07-31;07:45:05;1800e0;4196175e0;522e0;14650e0;331e-2;342e-2;334e-2;3713e-1;144e-2;3530e-1;555e-2
2016-07-31;08:15:05;1800e0;5514136e0;1273e0;18944e0;436e-2;448e-2;440e-2;3668e-1;247e-2;3379e-1;694e-2
2016-07-31;08:45:05;1800e0;6694830e0;1234e0;23388e0;530e-2;543e-2;534e-2;3670e-1;389e-2;3401e-1;739e-2
2016-07-31;09:15:05;1800e0;7192102e0;1784e0;24578e0;565e-2;579e-2;571e-2;3633e-1;512e-2;3423e-1;689e-2
2016-07-31;09:45:05;1800e0;9075160e0;2170e0;30987e0;713e-2;729e-2;720e-2;3580e-1;746e-2;3379e-1;785e-2
2016-07-31;10:15:05;1800e0;10162811e0;3055e0;34056e0;795e-2;812e-2;803e-2;3506e-1;933e-2;3353e-1;800e-2
2016-07-31;10:45:05;1800e0;10960476e0;3118e0;36739e0;858e-2;874e-2;866e-2;3462e-1;1086e-2;3365e-1;788e-2
2016-07-31;11:15:05;1800e0;11281893e0;3050e0;38427e0;882e-2;899e-2;891e-2;3438e-1;1179e-2;3448e-1;738e-2
2016-07-31;11:45:05;1800e0;9677876e0;2224e0;33212e0;759e-2;775e-2;766e-2;3480e-1;1016e-2;3528e-1;602e-2
2016-07-31;12:15:05;1800e0;9877183e0;2354e0;33861e0;772e-2;788e-2;780e-2;3498e-1;1064e-2;3526e-1;584e-2
2016-07-31;12:45:05;1800e0;11443163e0;3794e0;38192e0;893e-2;911e-2;903e-2;3441e-1;1281e-2;3542e-1;646e-2
2016-07-31;13:15:05;1800e0;10567327e0;2877e0;36120e0;829e-2;846e-2;837e-2;3428e-1;1181e-2;3539e-1;606e-2
2016-07-31;13:45:05;1800e0;9495741e0;2687e0;32134e0;749e-2;765e-2;756e-2;3472e-1;1010e-2;3555e-1;576e-2
2016-07-31;14:15:05;1800e0;5905291e0;1227e0;20987e0;465e-2;477e-2;468e-2;3558e-1;574e-2;3572e-1;398e-2
2016-07-31;14:45:05;1800e0;7385736e0;1609e0;25529e0;577e-2;590e-2;582e-2;3536e-1;746e-2;3562e-1;474e-2
2016-07-31;15:15:05;1800e0;3985854e0;560e0;13936e0;313e-2;321e-2;315e-2;3563e-1;382e-2;3554e-1;276e-2
2016-07-31;15:45:05;1800e0;2853766e0;401e0;9872e0;226e-2;231e-2;228e-2;3566e-1;272e-2;3541e-1;202e-2
2016-07-31;16:15:05;1800e0;3207780e0;619e0;11118e0;252e-2;259e-2;254e-2;3579e-1;304e-2;3559e-1;225e-2
2016-07-31;16:45:05;1800e0;1740852e0;222e0;5753e0;142e-2;143e-2;144e-2;3583e-1;165e-2;3522e-1;126e-2
2016-07-31;17:15:05;1800e0;1390904e0;119e0;4989e0;116e-2;115e-2;119e-2;3567e-1;132e-2;3507e-1;102e-2
2016-07-31;17:45:05;1800e0;2511433e0;373e0;8521e0;200e-2;204e-2;202e-2;3641e-1;229e-2;3598e-1;179e-2
2016-07-31;18:15:05;1800e0;2118066e0;288e0;7145e0;170e-2;172e-2;172e-2;3605e-1;185e-2;3579e-1;163e-2
2016-07-31;18:45:05;1800e0;1742238e0;178e0;6048e0;142e-2;142e-2;145e-2;3568e-1;155e-2;3554e-1;136e-2
2016-07-31;19:15:05;1800e0;3227753e0;389e0;11258e0;256e-2;261e-2;258e-2;3598e-1;206e-2;3584e-1;322e-2
2016-07-31;19:45:05;1800e0;1338041e0;133e0;4713e0;114e-2;111e-2;117e-2;3490e-1;108e-2;3500e-1;119e-2
2016-07-31;20:15:05;1800e0;1766216e0;304e0;6090e0;145e-2;145e-2;148e-2;3474e-1;58e-2;3602e-1;233e-2
2016-07-31;20:45:05;1800e0;1174902e0;188e0;3950e0;105e-2;96e-2;108e-2;3346e-1;41e-2;3439e-1;161e-2
2016-08-01;05:45:05;1800e0;378148e0;49e0;1447e0;68e-2;54e-2;73e-2;3498e-1;23e-2;3586e-1;92e-2
2016-08-01;06:15:05;1800e0;1363814e0;158e0;4591e0;116e-2;113e-2;120e-2;3492e-1;40e-2;3591e-1;189e-2
2016-08-01;06:45:05;1800e0;2277970e0;239e0;7904e0;184e-2;188e-2;186e-2;3591e-1;68e-2;3632e-1;307e-2
2016-08-01;07:15:05;1800e0;3338590e0;596e0;11614e0;263e-2;272e-2;266e-2;3637e-1;89e-2;3618e-1;461e-2
2016-08-01;07:45:05;1800e0;4357560e0;466e0;15221e0;343e-2;355e-2;347e-2;3684e-1;149e-2;3488e-1;586e-2
2016-08-01;08:15:05;1800e0;5647715e0;1201e0;19573e0;443e-2;457e-2;448e-2;3653e-1;267e-2;3468e-1;682e-2
2016-08-01;08:45:05;1800e0;4994775e0;897e0;17341e0;391e-2;402e-2;396e-2;3585e-1;339e-2;3463e-1;499e-2
2016-08-01;09:15:05;1800e0;5094589e0;1301e0;17420e0;399e-2;409e-2;404e-2;3611e-1;386e-2;3558e-1;446e-2
2016-08-01;09:45:05;1800e0;7163785e0;2124e0;24155e0;564e-2;580e-2;570e-2;3584e-1;609e-2;3532e-1;576e-2
2016-08-01;10:15:05;1800e0;9363190e0;2112e0;31786e0;737e-2;755e-2;745e-2;3542e-1;844e-2;3496e-1;717e-2
2016-08-01;10:45:05;1800e0;4950341e0;950e0;17008e0;391e-2;403e-2;395e-2;3579e-1;461e-2;3582e-1;353e-2
2016-08-01;11:15:05;1800e0;4969823e0;845e0;17204e0;392e-2;403e-2;395e-2;3603e-1;471e-2;3601e-1;340e-2
2016-08-01;11:45:05;1800e0;3953019e0;1079e0;13242e0;314e-2;321e-2;317e-2;3537e-1;378e-2;3536e-1;277e-2
2016-08-01;12:15:05;1800e0;1836866e0;184e0;6208e0;149e-2;152e-2;152e-2;3568e-1;172e-2;3548e-1;137e-2
2016-08-01;12:45:05;1800e0;940995e0;59e0;3343e0;86e-2;79e-2;91e-2;3473e-1;84e-2;3467e-1;79e-2
2016-08-01;13:15:05;1800e0;6826410e0;1612e0;23388e0;534e-2;548e-2;539e-2;3644e-1;672e-2;3651e-1;431e-2
2016-08-01;13:45:05;1800e0;5183008e0;863e0;17923e0;407e-2;418e-2;410e-2;3575e-1;511e-2;3581e-1;337e-2
2016-08-01;14:15:06;1800e0;8912636e0;2464e0;30081e0;696e-2;712e-2;703e-2;3490e-1;939e-2;3561e-1;548e-2
2016-08-01;14:45:06;1800e0;2372088e0;255e0;8194e0;190e-2;194e-2;193e-2;3555e-1;227e-2;3537e-1;170e-2
2016-08-01;15:15:06;1800e0;10005536e0;2383e0;34375e0;780e-2;797e-2;788e-2;3569e-1;1009e-2;3613e-1;636e-2
2016-08-01;15:45:06;1800e0;9622211e0;2966e0;32330e0;749e-2;765e-2;756e-2;3518e-1;951e-2;3560e-1;645e-2
2016-08-01;16:15:06;1800e0;7217235e0;2072e0;24418e0;565e-2;577e-2;571e-2;3503e-1;694e-2;3517e-1;509e-2
2016-08-01;16:45:06;1800e0;5245911e0;1049e0;18225e0;410e-2;422e-2;414e-2;3624e-1;470e-2;3611e-1;383e-2
2016-08-01;17:15:06;1800e0;6007467e0;1313e0;20561e0;466e-2;477e-2;470e-2;3586e-1;501e-2;3573e-1;482e-2
2016-08-01;17:45:06;1800e0;7576258e0;1987e0;25576e0;590e-2;604e-2;595e-2;3615e-1;546e-2;3568e-1;693e-2
2016-08-01;18:15:06;1800e0;6689024e0;1732e0;22827e0;521e-2;535e-2;526e-2;3623e-1;407e-2;3553e-1;694e-2
2016-08-01;18:45:06;1800e0;4307933e0;930e0;14944e0;339e-2;347e-2;342e-2;3587e-1;232e-2;3540e-1;480e-2
2016-08-01;19:15:06;1800e0;3238420e0;292e0;11380e0;254e-2;261e-2;257e-2;3582e-1;127e-2;3607e-1;405e-2
2016-08-01;19:45:06;1800e0;2953874e0;590e0;10058e0;232e-2;238e-2;235e-2;3548e-1;89e-2;3587e-1;400e-2
2016-08-01;20:15:06;1800e0;385653e0;14e0;1098e0;53e-2;32e-2;60e-2;3276e-1;36e-2;3300e-1;39e-2
2016-08-01;20:45:06;1800e0;163600e0;6e0;363e0;38e-2;12e-2;29e-2;3196e-1;19e-2;3189e-1;18e-2
2016-08-02;05:45:06;1800e0;334003e0;24e0;1293e0;58e-2;41e-2;65e-2;3392e-1;16e-2;3555e-1;70e-2
2016-08-02;06:15:06;1800e0;437401e0;87e0;1482e0;55e-2;37e-2;61e-2;3344e-1;33e-2;3401e-1;46e-2
2016-08-02;06:45:06;1800e0;747487e0;102e0;2561e0;73e-2;65e-2;77e-2;3481e-1;68e-2;3468e-1;63e-2
2016-08-02;07:15:06;1800e0;1122236e0;148e0;3779e0;97e-2;94e-2;100e-2;3532e-1;102e-2;3513e-1;89e-2
2016-08-02;07:45:06;1800e0;3475404e0;436e0;12076e0;274e-2;280e-2;277e-2;3628e-1;143e-2;3578e-1;429e-2
2016-08-02;08:15:06;1800e0;5832527e0;1019e0;20227e0;453e-2;466e-2;457e-2;3647e-1;278e-2;3469e-1;698e-2
2016-08-02;08:45:06;1800e0;6993232e0;2076e0;23609e0;551e-2;565e-2;557e-2;3654e-1;437e-2;3453e-1;728e-2
2016-08-02;09:15:06;1800e0;7055303e0;1979e0;23743e0;557e-2;572e-2;563e-2;3604e-1;543e-2;3492e-1;627e-2
2016-08-02;09:45:06;1800e0;9291968e0;2599e0;31630e0;725e-2;742e-2;733e-2;3600e-1;755e-2;3459e-1;790e-2
2016-08-02;10:15:06;1800e0;9929940e0;2039e0;34156e0;772e-2;788e-2;780e-2;3522e-1;908e-2;3469e-1;754e-2
2016-08-02;10:45:06;1800e0;2805196e0;522e0;9684e0;223e-2;230e-2;226e-2;3558e-1;266e-2;3540e-1;201e-2
2016-08-02;11:15:06;1800e0;4795262e0;1061e0;16316e0;380e-2;392e-2;384e-2;3629e-1;454e-2;3618e-1;322e-2
2016-08-02;11:45:06;1800e0;8396364e0;2219e0;28426e0;656e-2;672e-2;663e-2;3586e-1;835e-2;3608e-1;533e-2
2016-08-02;12:15:06;1800e0;7824085e0;2302e0;26576e0;610e-2;626e-2;617e-2;3583e-1;770e-2;3607e-1;506e-2
2016-08-02;12:45:06;1800e0;6623351e0;2445e0;22188e0;515e-2;530e-2;520e-2;3604e-1;649e-2;3609e-1;428e-2
2016-08-02;13:15:06;1800e0;9655527e0;2859e0;32701e0;754e-2;772e-2;762e-2;3549e-1;1034e-2;3606e-1;554e-2
2016-08-02;13:45:06;1800e0;7613479e0;1572e0;25951e0;593e-2;608e-2;599e-2;3529e-1;808e-2;3584e-1;456e-2
2016-08-02;14:15:06;1800e0;11724503e0;3258e0;39867e0;911e-2;929e-2;921e-2;3497e-1;1268e-2;3586e-1;689e-2
2016-08-02;14:45:06;1800e0;9812966e0;2487e0;33680e0;770e-2;787e-2;778e-2;3490e-1;1035e-2;3549e-1;605e-2
2016-08-02;15:15:06;1800e0;10081385e0;3160e0;33771e0;786e-2;803e-2;794e-2;3483e-1;1065e-2;3535e-1;624e-2
2016-08-02;15:45:06;1800e0;12181742e0;2503e0;41516e0;946e-2;965e-2;956e-2;3485e-1;1246e-2;3521e-1;789e-2
2016-08-02;16:15:06;1800e0;9913728e0;3481e0;32589e0;772e-2;789e-2;780e-2;3535e-1;946e-2;3524e-1;699e-2
2016-08-02;16:45:06;1800e0;9254164e0;2659e0;31694e0;724e-2;739e-2;731e-2;3518e-1;858e-2;3483e-1;690e-2
2016-08-02;17:15:06;1800e0;3367313e0;239e0;11887e0;265e-2;274e-2;268e-2;3580e-1;311e-2;3559e-1;245e-2
2016-08-02;17:45:06;1800e0;7488556e0;2115e0;25194e0;587e-2;601e-2;592e-2;3594e-1;555e-2;3521e-1;684e-2
2016-08-02;18:15:06;1800e0;5820253e0;1387e0;19730e0;458e-2;469e-2;462e-2;3585e-1;359e-2;3506e-1;605e-2
2016-08-02;18:45:06;1800e0;5136459e0;1622e0;17045e0;408e-2;418e-2;411e-2;3582e-1;304e-2;3493e-1;553e-2
2016-08-02;19:15:06;1800e0;1946879e0;187e0;6483e0;158e-2;159e-2;160e-2;3524e-1;149e-2;3531e-1;178e-2
2016-08-02;19:45:06;1800e0;1410087e0;81e0;4660e0;118e-2;117e-2;121e-2;3475e-1;103e-2;3529e-1;136e-2
2016-08-02;20:15:06;1800e0;2282964e0;307e0;7768e0;183e-2;188e-2;186e-2;3501e-1;72e-2;3626e-1;305e-2
2016-08-02;20:45:06;1800e0;1159534e0;175e0;3742e0;101e-2;97e-2;104e-2;3283e-1;32e-2;3487e-1;169e-2
2016-08-02;21:15:06;1800e0;96221e0;0e0;229e0;27e-2;12e-2;18e-2;3260e-1;12e-2;3307e-1;22e-2
2016-08-03;05:45:08;1800e0;385882e0;49e0;1755e0;63e-2;47e-2;70e-2;3464e-1;21e-2;3598e-1;79e-2
2016-08-03;06:15:08;1800e0;1397045e0;118e0;4752e0;119e-2;116e-2;122e-2;3536e-1;41e-2;3629e-1;190e-2
2016-08-03;06:45:08;1800e0;2531246e0;453e0;8461e0;204e-2;209e-2;206e-2;3609e-1;67e-2;3711e-1;342e-2
2016-08-03;07:15:08;1800e0;3544158e0;689e0;12234e0;282e-2;291e-2;284e-2;3692e-1;94e-2;3650e-1;482e-2
2016-08-03;07:45:08;1800e0;4605148e0;542e0;15978e0;362e-2;375e-2;366e-2;3726e-1;162e-2;3570e-1;595e-2
2016-08-03;08:15:08;1800e0;5596996e0;1186e0;19316e0;440e-2;455e-2;444e-2;3680e-1;272e-2;3515e-1;655e-2
2016-08-03;08:45:08;1800e0;6932276e0;1753e0;23666e0;542e-2;559e-2;548e-2;3664e-1;434e-2;3468e-1;719e-2
2016-08-03;09:15:08;1800e0;7962607e0;2539e0;26668e0;622e-2;639e-2;628e-2;3621e-1;599e-2;3474e-1;722e-2
2016-08-03;09:45:08;1800e0;7720285e0;2172e0;26275e0;603e-2;620e-2;609e-2;3591e-1;653e-2;3545e-1;617e-2
2016-08-03;10:15:08;1800e0;6218960e0;1410e0;21617e0;487e-2;501e-2;491e-2;3604e-1;564e-2;3611e-1;448e-2
2016-08-03;10:45:08;1800e0;6617309e0;1813e0;22291e0;518e-2;534e-2;524e-2;3591e-1;617e-2;3597e-1;464e-2
2016-08-03;11:15:08;1800e0;6124810e0;1291e0;21280e0;478e-2;493e-2;483e-2;3608e-1;581e-2;3612e-1;415e-2
2016-08-03;11:45:08;1800e0;7658163e0;1963e0;26067e0;595e-2;612e-2;602e-2;3589e-1;752e-2;3614e-1;495e-2
2016-08-03;12:15:08;1800e0;6644507e0;2066e0;22142e0;515e-2;530e-2;520e-2;3585e-1;648e-2;3592e-1;439e-2
2016-08-03;12:45:08;1800e0;7718617e0;2180e0;26122e0;595e-2;612e-2;602e-2;3595e-1;756e-2;3609e-1;501e-2
2016-08-03;13:15:08;1800e0;5719355e0;1375e0;19350e0;444e-2;457e-2;449e-2;3586e-1;556e-2;3591e-1;380e-2
2016-08-03;13:45:08;1800e0;4373117e0;651e0;15004e0;343e-2;354e-2;346e-2;3637e-1;414e-2;3605e-1;296e-2
2016-08-03;14:15:08;1800e0;2958094e0;525e0;10186e0;234e-2;241e-2;236e-2;3634e-1;277e-2;3583e-1;207e-2
2016-08-03;14:45:08;1800e0;2481170e0;278e0;8577e0;198e-2;204e-2;201e-2;3596e-1;231e-2;3562e-1;177e-2
2016-08-03;15:15:08;1800e0;2590657e0;475e0;8742e0;206e-2;212e-2;208e-2;3594e-1;245e-2;3572e-1;182e-2
2016-08-03;15:45:08;1800e0;1164663e0;142e0;4104e0;101e-2;98e-2;104e-2;3494e-1;114e-2;3449e-1;87e-2
2016-08-03;16:15:08;1800e0;707875e0;130e0;2657e0;71e-2;61e-2;75e-2;3440e-1;73e-2;3387e-1;54e-2
2016-08-03;16:45:08;1800e0;613571e0;99e0;2154e0;65e-2;53e-2;70e-2;3405e-1;64e-2;3355e-1;47e-2
2016-08-03;17:15:08;1800e0;1043678e0;187e0;3795e0;92e-2;87e-2;96e-2;3498e-1;103e-2;3455e-1;78e-2
2016-08-03;17:45:08;1800e0;305715e0;25e0;763e0;47e-2;26e-2;48e-2;3274e-1;35e-2;3217e-1;26e-2
2016-08-03;18:15:08;1800e0;154529e0;2e0;310e0;33e-2;13e-2;26e-2;3179e-1;21e-2;3110e-1;15e-2
2016-08-03;18:45:08;1800e0;119140e0;18e0;254e0;23e-2;11e-2;15e-2;3136e-1;18e-2;3044e-1;12e-2
2016-08-03;19:15:08;1799e0;419645e0;31e0;1144e0;55e-2;37e-2;60e-2;3315e-1;46e-2;3269e-1;34e-2
2016-08-03;19:45:08;1800e0;358623e0;10e0;1055e0;52e-2;31e-2;58e-2;3280e-1;41e-2;3228e-1;30e-2
2016-08-03;21:15:08;1800e0;158972e0;18e0;862e0;40e-2;19e-2;43e-2;3264e-1;26e-2;3223e-1;21e-2
2016-08-04;06:15:08;1800e0;514917e0;75e0;1677e0;61e-2;43e-2;68e-2;3330e-1;34e-2;3382e-1;59e-2
2016-08-04;06:45:08;1800e0;1946987e0;282e0;6737e0;159e-2;160e-2;161e-2;3518e-1;65e-2;3656e-1;254e-2
2016-08-04;07:15:08;1800e0;2021897e0;158e0;7027e0;165e-2;167e-2;167e-2;3548e-1;109e-2;3565e-1;227e-2
2016-08-04;07:45:08;1800e0;2335213e0;432e0;7691e0;189e-2;192e-2;191e-2;3578e-1;143e-2;3551e-1;243e-2
2016-08-04;08:15:08;1800e0;3082271e0;449e0;10613e0;246e-2;252e-2;249e-2;3587e-1;210e-2;3552e-1;298e-2
2016-08-04;08:45:08;1800e0;3532799e0;693e0;11962e0;279e-2;287e-2;282e-2;3584e-1;279e-2;3567e-1;303e-2
2016-08-04;09:15:08;1800e0;4173102e0;1066e0;14034e0;327e-2;336e-2;331e-2;3586e-1;341e-2;3563e-1;344e-2
2016-08-04;09:45:08;1800e0;5049905e0;1211e0;17316e0;396e-2;406e-2;400e-2;3584e-1;429e-2;3556e-1;397e-2
2016-08-04;10:15:08;1800e0;7050752e0;1678e0;23955e0;553e-2;566e-2;559e-2;3555e-1;638e-2;3506e-1;528e-2
2016-08-04;10:45:08;1800e0;7087012e0;1541e0;24243e0;552e-2;565e-2;558e-2;3576e-1;671e-2;3547e-1;492e-2
2016-08-04;11:15:08;1800e0;7969630e0;1808e0;27558e0;621e-2;636e-2;628e-2;3540e-1;791e-2;3519e-1;526e-2
2016-08-04;11:45:08;1800e0;10103721e0;2699e0;34619e0;785e-2;801e-2;793e-2;3486e-1;1070e-2;3509e-1;620e-2
2016-08-04;12:15:08;1800e0;11682058e0;2819e0;40251e0;904e-2;922e-2;914e-2;3423e-1;1305e-2;3505e-1;674e-2
2016-08-04;12:45:08;1800e0;11751590e0;2997e0;40384e0;908e-2;925e-2;918e-2;3423e-1;1322e-2;3535e-1;660e-2
2016-08-04;13:15:08;1800e0;11071758e0;2441e0;38439e0;857e-2;874e-2;867e-2;3438e-1;1234e-2;3540e-1;627e-2
2016-08-04;13:45:08;1800e0;11229166e0;2280e0;38970e0;867e-2;885e-2;877e-2;3457e-1;1251e-2;3548e-1;631e-2
2016-08-04;14:15:08;1800e0;12666421e0;3647e0;43013e0;976e-2;995e-2;987e-2;3430e-1;1413e-2;3539e-1;722e-2
2016-08-04;14:45:08;1800e0;9917733e0;2428e0;33707e0;764e-2;781e-2;772e-2;3508e-1;1046e-2;3552e-1;601e-2
2016-08-04;15:15:08;1800e0;11671748e0;3541e0;39390e0;904e-2;922e-2;913e-2;3482e-1;1210e-2;3529e-1;739e-2
2016-08-04;15:45:08;1800e0;10951941e0;3574e0;36662e0;854e-2;872e-2;863e-2;3505e-1;1102e-2;3536e-1;721e-2
2016-08-04;16:15:08;1800e0;10360179e0;2398e0;35485e0;810e-2;827e-2;817e-2;3538e-1;988e-2;3554e-1;723e-2
2016-08-04;16:45:08;1800e0;7941829e0;1848e0;27309e0;623e-2;638e-2;629e-2;3572e-1;713e-2;3564e-1;592e-2
2016-08-04;17:15:09;1800e0;7250600e0;1967e0;24758e0;567e-2;581e-2;572e-2;3580e-1;602e-2;3563e-1;589e-2
2016-08-04;17:45:08;1800e0;6686205e0;1802e0;23209e0;517e-2;531e-2;522e-2;3586e-1;490e-2;3554e-1;611e-2
2016-08-04;18:15:08;1800e0;6815232e0;1610e0;23362e0;529e-2;542e-2;534e-2;3595e-1;423e-2;3533e-1;704e-2
2016-08-04;18:45:08;1800e0;5360188e0;1310e0;18567e0;416e-2;427e-2;419e-2;3600e-1;279e-2;3538e-1;610e-2
2016-08-04;19:15:09;1800e0;1518393e0;256e0;5209e0;127e-2;124e-2;130e-2;3420e-1;97e-2;3455e-1;165e-2
2016-08-04;19:45:09;1800e0;706591e0;81e0;2315e0;71e-2;60e-2;76e-2;3353e-1;66e-2;3342e-1;62e-2
2016-08-04;20:15:09;1800e0;469276e0;55e0;1595e0;58e-2;39e-2;60e-2;3282e-1;50e-2;3250e-1;39e-2
2016-08-04;20:45:09;1800e0;118128e0;16e0;244e0;25e-2;9e-2;9e-2;3088e-1;14e-2;3129e-1;15e-2
2016-08-04;21:15:09;1800e0;49823e0;0e0;185e0;0e-2;5e-2;0e-2;3079e-1;10e-2;3117e-1;8e-2
2016-08-05;06:15:09;1800e0;249305e0;18e0;420e0;43e-2;22e-2;40e-2;3288e-1;28e-2;3264e-1;23e-2
2016-08-05;06:45:09;1800e0;583821e0;62e0;1946e0;63e-2;50e-2;68e-2;3431e-1;58e-2;3410e-1;47e-2
2016-08-05;07:15:09;1800e0;898197e0;110e0;3083e0;82e-2;76e-2;85e-2;3489e-1;84e-2;3491e-1;72e-2
2016-08-05;07:45:09;1800e0;1095973e0;161e0;3873e0;96e-2;92e-2;99e-2;3520e-1;102e-2;3508e-1;86e-2
2016-08-05;08:40:56;1792e0;3683666e0;499e0;12790e0;299e-2;310e-2;302e-2;3622e-1;287e-2;3630e-1;337e-2
2016-08-05;09:10:56;1799e0;3644597e0;807e0;12300e0;289e-2;301e-2;293e-2;3595e-1;305e-2;3598e-1;293e-2
2016-08-05;09:40:56;1800e0;3711448e0;770e0;12844e0;295e-2;308e-2;299e-2;3593e-1;330e-2;3589e-1;280e-2
2016-08-05;10:10:56;1800e0;6416148e0;1670e0;21691e0;507e-2;523e-2;514e-2;3600e-1;574e-2;3598e-1;474e-2
2016-08-05;10:40:56;1800e0;5761286e0;1285e0;19600e0;455e-2;469e-2;460e-2;3578e-1;533e-2;3570e-1;410e-2
2016-08-05;11:10:56;1800e0;6450690e0;1967e0;21543e0;506e-2;521e-2;512e-2;3583e-1;619e-2;3586e-1;435e-2
2016-08-05;11:40:56;1800e0;7878299e0;1548e0;27583e0;642e-2;659e-2;649e-2;3556e-1;827e-2;3568e-1;530e-2
2016-08-05;12:10:56;1800e0;6014643e0;1442e0;20640e0;471e-2;487e-2;477e-2;3578e-1;586e-2;3577e-1;402e-2
2016-08-05;12:40:56;1800e0;6455037e0;1578e0;22074e0;503e-2;519e-2;509e-2;3573e-1;641e-2;3576e-1;420e-2
2016-08-05;13:10:56;1800e0;4427970e0;927e0;15275e0;347e-2;359e-2;351e-2;3560e-1;430e-2;3553e-1;303e-2
2016-08-05;13:40:56;1800e0;3946601e0;730e0;13437e0;310e-2;322e-2;313e-2;3589e-1;374e-2;3573e-1;276e-2
2016-08-05;14:10:56;1800e0;6115712e0;1574e0;21276e0;479e-2;494e-2;484e-2;3586e-1;590e-2;3584e-1;413e-2
2016-08-05;14:40:57;1800e0;11219388e0;3204e0;38096e0;879e-2;898e-2;889e-2;3486e-1;1188e-2;3550e-1;688e-2
2016-08-05;15:10:57;1800e0;12315027e0;2742e0;42542e0;964e-2;984e-2;975e-2;3433e-1;1294e-2;3502e-1;790e-2
2016-08-05;15:40:57;1800e0;11002070e0;3437e0;36813e0;860e-2;879e-2;870e-2;3495e-1;1099e-2;3528e-1;738e-2
2016-08-05;16:10:57;1800e0;9735791e0;2550e0;33183e0;761e-2;779e-2;769e-2;3515e-1;937e-2;3528e-1;683e-2
2016-08-05;16:40:57;1800e0;3925771e0;623e0;13658e0;308e-2;320e-2;311e-2;3554e-1;382e-2;3528e-1;272e-2
2016-08-05;17:10:57;1800e0;1669136e0;230e0;5803e0;139e-2;139e-2;142e-2;3460e-1;166e-2;3425e-1;120e-2
2016-08-05;17:40:57;1800e0;1527867e0;167e0;5375e0;129e-2;127e-2;133e-2;3487e-1;134e-2;3457e-1;125e-2
2016-08-05;18:10:57;1800e0;6201279e0;1618e0;21157e0;484e-2;497e-2;489e-2;3583e-1;434e-2;3517e-1;592e-2
2016-08-05;18:40:57;1800e0;5135471e0;1354e0;17500e0;405e-2;417e-2;409e-2;3563e-1;318e-2;3511e-1;537e-2
2016-08-05;19:10:57;1799e0;3518621e0;638e0;11848e0;279e-2;287e-2;281e-2;3546e-1;183e-2;3531e-1;405e-2
2016-08-05;19:40:57;1800e0;2222876e0;276e0;7649e0;178e-2;182e-2;181e-2;3483e-1;99e-2;3546e-1;275e-2
2016-08-05;20:10:57;1800e0;2522590e0;424e0;8809e0;201e-2;207e-2;203e-2;3487e-1;93e-2;3565e-1;331e-2
2016-08-05;20:40:57;1800e0;774419e0;94e0;2415e0;77e-2;65e-2;82e-2;3239e-1;33e-2;3414e-1;108e-2
2016-08-06;06:15:00;1800e0;1214989e0;156e0;3989e0;107e-2;100e-2;111e-2;3450e-1;43e-2;3605e-1;160e-2
2016-08-06;06:45:00;1800e0;657882e0;81e0;2409e0;68e-2;55e-2;75e-2;3410e-1;52e-2;3399e-1;66e-2
2016-08-06;07:15:00;1800e0;1805823e0;138e0;6335e0;151e-2;149e-2;155e-2;3545e-1;108e-2;3550e-1;192e-2
2016-08-06;07:45:00;1800e0;3875915e0;405e0;13841e0;307e-2;315e-2;310e-2;3642e-1;218e-2;3628e-1;413e-2
2016-08-06;08:15:00;1800e0;3195355e0;636e0;11208e0;253e-2;260e-2;255e-2;3620e-1;243e-2;3641e-1;277e-2
2016-08-06;08:45:00;1800e0;3727056e0;648e0;12937e0;292e-2;301e-2;295e-2;3637e-1;298e-2;3647e-1;305e-2
2016-08-06;09:15:00;1800e0;3303363e0;612e0;11366e0;260e-2;268e-2;262e-2;3632e-1;290e-2;3624e-1;247e-2
2016-08-06;09:45:00;1800e0;6380723e0;1487e0;22121e0;497e-2;510e-2;501e-2;3648e-1;542e-2;3655e-1;483e-2
2016-08-06;10:15:00;1800e0;4407182e0;843e0;15252e0;345e-2;355e-2;348e-2;3627e-1;394e-2;3628e-1;320e-2
2016-08-06;10:45:00;1800e0;5492176e0;1335e0;18460e0;428e-2;441e-2;431e-2;3652e-1;508e-2;3656e-1;374e-2
2016-08-06;11:15:00;1800e0;6323018e0;1391e0;21961e0;491e-2;505e-2;496e-2;3642e-1;594e-2;3659e-1;423e-2
2016-08-06;11:45:00;1800e0;7045233e0;1753e0;23923e0;544e-2;557e-2;549e-2;3613e-1;692e-2;3639e-1;445e-2
2016-08-06;12:15:00;1800e0;12178709e0;3079e0;41719e0;936e-2;954e-2;946e-2;3510e-1;1303e-2;3603e-1;706e-2
2016-08-06;12:45:00;1800e0;9704996e0;2349e0;33152e0;748e-2;764e-2;755e-2;3569e-1;998e-2;3624e-1;582e-2
2016-08-06;13:15:00;1800e0;7341449e0;2083e0;24936e0;566e-2;580e-2;572e-2;3582e-1;721e-2;3615e-1;476e-2
2016-08-06;13:45:00;1800e0;3208495e0;342e0;11349e0;250e-2;257e-2;252e-2;3623e-1;301e-2;3607e-1;220e-2
2016-08-06;14:15:00;1800e0;6983130e0;1367e0;24263e0;535e-2;548e-2;540e-2;3632e-1;691e-2;3649e-1;435e-2
2016-08-06;14:45:00;1800e0;7507999e0;1824e0;25828e0;573e-2;587e-2;578e-2;3611e-1;758e-2;3639e-1;458e-2
2016-08-06;15:15:00;1800e0;7679130e0;1427e0;26803e0;587e-2;601e-2;593e-2;3634e-1;739e-2;3641e-1;497e-2
2016-08-06;15:45:00;1800e0;5253512e0;971e0;18375e0;404e-2;415e-2;407e-2;3623e-1;501e-2;3615e-1;351e-2
2016-08-06;16:15:00;1800e0;5550771e0;1225e0;19139e0;428e-2;439e-2;432e-2;3624e-1;519e-2;3621e-1;378e-2
2016-08-06;16:45:00;1800e0;5575274e0;935e0;19429e0;431e-2;442e-2;435e-2;3656e-1;501e-2;3643e-1;393e-2
2016-08-06;17:15:00;1800e0;5445190e0;1184e0;18547e0;422e-2;432e-2;426e-2;3581e-1;461e-2;3575e-1;429e-2
2016-08-06;17:45:00;1799e0;2700968e0;540e0;9289e0;212e-2;217e-2;215e-2;3601e-1;234e-2;3585e-1;209e-2
2016-08-06;18:15:00;1800e0;3090172e0;618e0;10726e0;240e-2;248e-2;243e-2;3603e-1;246e-2;3603e-1;261e-2
2016-08-06;18:45:00;1800e0;2147756e0;288e0;7340e0;172e-2;176e-2;175e-2;3562e-1;165e-2;3568e-1;192e-2
2016-08-06;19:15:00;1800e0;3411039e0;479e0;12005e0;266e-2;273e-2;269e-2;3594e-1;187e-2;3602e-1;368e-2
2016-08-06;19:45:00;1800e0;731333e0;64e0;2744e0;73e-2;63e-2;78e-2;3432e-1;72e-2;3394e-1;60e-2
2016-08-06;20:15:00;1800e0;229996e0;22e0;598e0;45e-2;20e-2;37e-2;3226e-1;26e-2;3189e-1;23e-2
2016-08-06;20:45:00;1800e0;61468e0;6e0;112e0;9e-2;9e-2;2e-2;3252e-1;13e-2;3215e-1;11e-2
2016-08-07;06:15:00;1800e0;829748e0;43e0;2840e0;81e-2;69e-2;88e-2;3419e-1;38e-2;3539e-1;106e-2
2016-08-07;06:45:00;1800e0;2712641e0;596e0;9220e0;216e-2;220e-2;218e-2;3614e-1;92e-2;3674e-1;348e-2
2016-08-07;07:15:00;1800e0;3538796e0;579e0;12382e0;281e-2;287e-2;283e-2;3651e-1;128e-2;3636e-1;447e-2
2016-08-07;07:45:00;1800e0;3816115e0;799e0;12959e0;303e-2;310e-2;305e-2;3672e-1;171e-2;3623e-1;448e-2
2016-08-07;08:15:00;1800e0;4674679e0;679e0;16341e0;368e-2;377e-2;371e-2;3669e-1;318e-2;3640e-1;436e-2
2016-08-07;08:45:00;1800e0;2465537e0;282e0;8684e0;197e-2;201e-2;200e-2;3592e-1;206e-2;3594e-1;200e-2
2016-08-07;09:15:00;1800e0;4064698e0;1069e0;13728e0;321e-2;330e-2;324e-2;3638e-1;340e-2;3635e-1;316e-2
2016-08-07;09:45:00;1800e0;5019586e0;1202e0;17325e0;393e-2;405e-2;397e-2;3640e-1;432e-2;3631e-1;378e-2
2016-08-07;10:15:00;1800e0;6373977e0;1569e0;21554e0;495e-2;508e-2;499e-2;3637e-1;571e-2;3636e-1;457e-2
2016-08-07;10:45:00;1800e0;7897731e0;1936e0;27088e0;609e-2;624e-2;616e-2;3604e-1;733e-2;3601e-1;548e-2
2016-08-07;11:15:00;1800e0;9992138e0;1775e0;34644e0;772e-2;788e-2;780e-2;3538e-1;992e-2;3544e-1;662e-2
2016-08-07;11:45:00;1800e0;9027599e0;2296e0;30856e0;699e-2;715e-2;706e-2;3553e-1;905e-2;3574e-1;581e-2
2016-08-07;12:15:00;1800e0;8099373e0;2400e0;27380e0;626e-2;642e-2;633e-2;3576e-1;801e-2;3600e-1;523e-2
2016-08-07;12:45:00;1800e0;10059890e0;3012e0;33901e0;780e-2;797e-2;789e-2;3511e-1;1054e-2;3574e-1;616e-2
2016-08-07;13:15:00;1800e0;6911035e0;1544e0;23812e0;537e-2;551e-2;542e-2;3586e-1;678e-2;3591e-1;452e-2
2016-08-07;13:45:00;1800e0;6816243e0;1463e0;23465e0;529e-2;543e-2;534e-2;3556e-1;680e-2;3576e-1;442e-2
2016-08-07;14:15:00;1800e0;3210526e0;250e0;11441e0;251e-2;259e-2;254e-2;3574e-1;306e-2;3556e-1;225e-2
2016-08-07;14:45:00;1800e0;5864398e0;947e0;20107e0;463e-2;475e-2;467e-2;3600e-1;575e-2;3591e-1;383e-2
2016-08-07;15:15:00;1800e0;12274162e0;3092e0;42013e0;965e-2;984e-2;975e-2;3480e-1;1286e-2;3532e-1;765e-2
2016-08-07;15:45:00;1800e0;2544260e0;414e0;8766e0;205e-2;210e-2;208e-2;3516e-1;247e-2;3491e-1;182e-2
2016-08-07;16:15:00;1800e0;1593128e0;268e0;5177e0;132e-2;134e-2;135e-2;3570e-1;155e-2;3515e-1;114e-2
2016-08-07;16:45:00;1800e0;1259647e0;148e0;4026e0;108e-2;107e-2;112e-2;3534e-1;126e-2;3473e-1;91e-2
2016-08-07;17:15:00;1800e0;1137851e0;75e0;3882e0;99e-2;96e-2;103e-2;3485e-1;114e-2;3446e-1;84e-2
2016-08-07;17:45:00;1800e0;1007014e0;80e0;3812e0;90e-2;85e-2;94e-2;3459e-1;102e-2;3421e-1;75e-2
2016-08-07;18:15:00;1800e0;635241e0;106e0;2350e0;66e-2;54e-2;72e-2;3381e-1;68e-2;3335e-1;50e-2
2016-08-07;18:45:00;1800e0;447821e0;37e0;1328e0;56e-2;39e-2;64e-2;3314e-1;50e-2;3263e-1;37e-2
2016-08-07;19:15:00;1800e0;364566e0;68e0;1226e0;52e-2;34e-2;61e-2;3276e-1;42e-2;3222e-1;31e-2
2016-08-07;19:45:00;1800e0;362924e0;37e0;1451e0;53e-2;33e-2;58e-2;3266e-1;41e-2;3211e-1;32e-2
2016-08-07;20:15:00;1800e0;437542e0;56e0;1547e0;56e-2;39e-2;64e-2;3261e-1;39e-2;3295e-1;46e-2
2016-08-07;20:45:00;1800e0;130741e0;6e0;268e0;26e-2;12e-2;17e-2;3110e-1;16e-2;3101e-1;16e-2
2016-08-08;06:15:01;1800e0;79530e0;0e0;410e0;35e-2;11e-2;23e-2;3336e-1;20e-2;3277e-1;15e-2
2016-08-08;06:45:01;1800e0;591801e0;56e0;2002e0;64e-2;51e-2;70e-2;3360e-1;55e-2;3364e-1;54e-2
2016-08-08;07:15:01;1800e0;983642e0;190e0;3259e0;91e-2;83e-2;92e-2;3352e-1;64e-2;3352e-1;107e-2
2016-08-08;07:45:01;1800e0;2865034e0;483e0;9821e0;228e-2;234e-2;231e-2;3565e-1;150e-2;3547e-1;325e-2
2016-08-08;08:15:01;1800e0;2883747e0;297e0;10076e0;229e-2;237e-2;232e-2;3571e-1;210e-2;3525e-1;271e-2
2016-08-08;08:45:01;1800e0;4608072e0;1203e0;15716e0;363e-2;375e-2;367e-2;3613e-1;312e-2;3545e-1;448e-2
2016-08-08;09:15:01;1800e0;4368155e0;1080e0;14903e0;344e-2;355e-2;348e-2;3577e-1;357e-2;3551e-1;363e-2
2016-08-08;09:45:01;1800e0;4264342e0;788e0;14890e0;334e-2;346e-2;338e-2;3583e-1;376e-2;3552e-1;326e-2
2016-08-08;10:15:01;1800e0;5165837e0;822e0;18162e0;402e-2;413e-2;408e-2;3556e-1;465e-2;3511e-1;387e-2
2016-08-08;10:45:01;1800e0;5065719e0;1148e0;17325e0;398e-2;410e-2;403e-2;3579e-1;487e-2;3557e-1;347e-2
2016-08-08;11:15:01;1800e0;7896666e0;1467e0;27598e0;616e-2;632e-2;623e-2;3542e-1;781e-2;3510e-1;536e-2
2016-08-08;12:05:29;1796e0;1587595e0;167e0;5486e0;136e-2;136e-2;139e-2;3523e-1;162e-2;3478e-1;119e-2
2016-08-08;12:35:29;1799e0;1631717e0;204e0;5624e0;135e-2;135e-2;139e-2;3532e-1;161e-2;3484e-1;115e-2
2016-08-08;13:05:29;1800e0;6795531e0;1643e0;23258e0;529e-2;543e-2;535e-2;3650e-1;682e-2;3654e-1;412e-2
2016-08-08;13:35:29;1800e0;13261920e0;3636e0;45216e0;1031e-2;1052e-2;1043e-2;3465e-1;1496e-2;3622e-1;706e-2
2016-08-08;14:05:29;1800e0;10007578e0;2876e0;33869e0;776e-2;793e-2;785e-2;3495e-1;1101e-2;3569e-1;558e-2
2016-08-08;14:35:29;1800e0;11272867e0;2683e0;38925e0;869e-2;888e-2;879e-2;3500e-1;1233e-2;3571e-1;634e-2
2016-08-08;15:05:29;1800e0;12046352e0;3591e0;41097e0;925e-2;944e-2;936e-2;3487e-1;1295e-2;3543e-1;711e-2
2016-08-08;15:35:29;1800e0;10298313e0;3212e0;34728e0;792e-2;810e-2;801e-2;3522e-1;1054e-2;3561e-1;652e-2
2016-08-08;16:05:29;1800e0;8016945e0;2522e0;27200e0;614e-2;630e-2;620e-2;3591e-1;762e-2;3596e-1;545e-2
2016-08-08;16:35:29;1800e0;8881528e0;2547e0;30254e0;684e-2;701e-2;692e-2;3575e-1;807e-2;3572e-1;647e-2
2016-08-08;17:05:29;1800e0;1608069e0;156e0;5548e0;133e-2;134e-2;136e-2;3490e-1;158e-2;3448e-1;118e-2
2016-08-08;17:35:29;1800e0;1375885e0;146e0;4851e0;117e-2;115e-2;121e-2;3482e-1;132e-2;3456e-1;104e-2
2016-08-08;18:05:29;1800e0;1889021e0;177e0;6741e0;153e-2;156e-2;157e-2;3532e-1;168e-2;3501e-1;151e-2
2016-08-08;18:35:29;1800e0;1324123e0;144e0;4663e0;111e-2;112e-2;115e-2;3515e-1;129e-2;3469e-1;99e-2
2016-08-08;19:05:29;1800e0;491041e0;24e0;1678e0;55e-2;44e-2;57e-2;3319e-1;52e-2;3287e-1;41e-2
2016-08-08;19:35:29;1800e0;583027e0;37e0;2205e0;64e-2;53e-2;70e-2;3413e-1;60e-2;3382e-1;49e-2
2016-08-08;20:05:29;1800e0;243423e0;37e0;679e0;47e-2;24e-2;50e-2;3255e-1;28e-2;3222e-1;25e-2
2016-08-08;20:35:30;1800e0;188862e0;16e0;488e0;41e-2;19e-2;34e-2;3204e-1;20e-2;3204e-1;24e-2
2016-08-09;06:05:32;1800e0;555525e0;68e0;1784e0;67e-2;54e-2;68e-2;3416e-1;35e-2;3486e-1;76e-2
2016-08-09;06:35:32;1800e0;1616068e0;243e0;5601e0;133e-2;135e-2;136e-2;3566e-1;80e-2;3639e-1;188e-2
2016-08-09;07:05:32;1800e0;1425422e0;111e0;5024e0;119e-2;120e-2;122e-2;3544e-1;75e-2;3639e-1;163e-2
2016-08-09;07:35:32;1800e0;2989255e0;482e0;10583e0;235e-2;244e-2;239e-2;3661e-1;118e-2;3684e-1;365e-2
2016-08-09;08:05:32;1800e0;5445076e0;1428e0;18676e0;421e-2;435e-2;426e-2;3716e-1;236e-2;3588e-1;651e-2
2016-08-09;08:35:32;1800e0;6744457e0;1782e0;23267e0;526e-2;540e-2;531e-2;3761e-1;361e-2;3569e-1;733e-2
2016-08-09;09:05:32;1800e0;7813540e0;2193e0;26666e0;608e-2;623e-2;614e-2;3744e-1;513e-2;3564e-1;749e-2
2016-08-09;09:35:32;1800e0;8316021e0;1935e0;28519e0;647e-2;663e-2;654e-2;3696e-1;641e-2;3577e-1;702e-2
2016-08-09;10:05:32;1800e0;7990641e0;2227e0;26751e0;626e-2;640e-2;632e-2;3666e-1;697e-2;3623e-1;587e-2
2016-08-09;10:35:33;1800e0;4611867e0;948e0;15999e0;359e-2;367e-2;363e-2;3611e-1;422e-2;3590e-1;328e-2
2016-08-09;11:05:33;1800e0;4930083e0;1230e0;16927e0;383e-2;393e-2;386e-2;3688e-1;456e-2;3679e-1;329e-2
2016-08-09;11:35:33;1800e0;8213632e0;1453e0;28582e0;638e-2;652e-2;644e-2;3634e-1;809e-2;3649e-1;511e-2
2016-08-09;12:05:33;1800e0;3481424e0;703e0;11817e0;273e-2;281e-2;276e-2;3622e-1;334e-2;3603e-1;233e-2
2016-08-09;12:35:33;1800e0;7271476e0;2052e0;24572e0;565e-2;577e-2;571e-2;3654e-1;752e-2;3666e-1;412e-2
2016-08-09;13:05:33;1800e0;7559592e0;2138e0;25643e0;587e-2;600e-2;593e-2;3610e-1;782e-2;3640e-1;443e-2
2016-08-09;13:35:33;1800e0;3979095e0;663e0;13884e0;314e-2;323e-2;317e-2;3619e-1;377e-2;3619e-1;270e-2
2016-08-09;14:05:33;1800e0;5812237e0;1537e0;19750e0;458e-2;470e-2;463e-2;3614e-1;589e-2;3629e-1;351e-2
2016-08-09;14:35:33;1800e0;7940502e0;2057e0;27030e0;624e-2;639e-2;630e-2;3626e-1;796e-2;3646e-1;485e-2
2016-08-09;15:05:33;1800e0;9461610e0;2463e0;32240e0;737e-2;754e-2;745e-2;3602e-1;941e-2;3642e-1;590e-2
2016-08-09;15:35:33;1800e0;9511148e0;2470e0;32649e0;738e-2;754e-2;746e-2;3611e-1;930e-2;3633e-1;606e-2
2016-08-09;16:05:33;1800e0;11471423e0;3393e0;39168e0;886e-2;903e-2;895e-2;3572e-1;1101e-2;3585e-1;773e-2
2016-08-09;16:35:33;1800e0;3745522e0;571e0;13102e0;293e-2;300e-2;296e-2;3591e-1;343e-2;3583e-1;269e-2
2016-08-09;17:05:33;1800e0;5710457e0;1502e0;19464e0;442e-2;453e-2;446e-2;3652e-1;479e-2;3633e-1;438e-2
2016-08-09;17:35:33;1800e0;4657430e0;940e0;16109e0;361e-2;371e-2;365e-2;3637e-1;377e-2;3615e-1;374e-2
2016-08-09;18:05:33;1800e0;7440301e0;1639e0;25739e0;575e-2;588e-2;580e-2;3663e-1;501e-2;3620e-1;698e-2
2016-08-09;18:35:33;1800e0;4011634e0;933e0;13845e0;315e-2;323e-2;319e-2;3611e-1;253e-2;3587e-1;402e-2
2016-08-09;19:05:33;1800e0;4622334e0;898e0;15905e0;362e-2;373e-2;365e-2;3669e-1;199e-2;3668e-1;544e-2
2016-08-09;19:35:33;1800e0;3286765e0;596e0;11533e0;261e-2;269e-2;263e-2;3607e-1;105e-2;3660e-1;428e-2
2016-08-09;20:05:33;1800e0;1420732e0;153e0;5105e0;122e-2;119e-2;127e-2;3443e-1;54e-2;3557e-1;185e-2
2016-08-09;20:35:33;1800e0;393156e0;37e0;1287e0;56e-2;33e-2;56e-2;3284e-1;26e-2;3353e-1;50e-2
2016-08-10;06:05:33;1800e0;585058e0;69e0;2237e0;67e-2;52e-2;72e-2;3405e-1;23e-2;3576e-1;85e-2
2016-08-10;06:35:33;1800e0;1834936e0;111e0;6160e0;149e-2;151e-2;152e-2;3563e-1;50e-2;3724e-1;247e-2
2016-08-10;07:05:33;1800e0;3020677e0;412e0;10681e0;238e-2;245e-2;240e-2;3639e-1;76e-2;3733e-1;409e-2
2016-08-10;07:35:33;1800e0;4087004e0;559e0;14297e0;319e-2;331e-2;322e-2;3752e-1;119e-2;3666e-1;540e-2
2016-08-10;08:05:33;1800e0;5278629e0;1113e0;18125e0;411e-2;426e-2;416e-2;3705e-1;212e-2;3606e-1;647e-2
2016-08-10;08:35:33;1800e0;6091919e0;1739e0;20867e0;475e-2;490e-2;481e-2;3763e-1;325e-2;3603e-1;657e-2
2016-08-10;09:05:33;1800e0;7318002e0;2380e0;24362e0;569e-2;585e-2;576e-2;3740e-1;488e-2;3602e-1;686e-2
2016-08-10;09:35:33;1800e0;9296141e0;2624e0;31414e0;727e-2;745e-2;735e-2;3716e-1;710e-2;3555e-1;792e-2
2016-08-10;10:05:33;1800e0;8462210e0;2046e0;28968e0;661e-2;677e-2;668e-2;3660e-1;722e-2;3585e-1;644e-2
2016-08-10;10:35:33;1800e0;8566305e0;2010e0;29395e0;667e-2;683e-2;675e-2;3651e-1;779e-2;3600e-1;603e-2
2016-08-10;11:05:33;1800e0;10295276e0;2383e0;35351e0;801e-2;819e-2;811e-2;3623e-1;999e-2;3604e-1;665e-2
2016-08-10;11:35:33;1800e0;11147690e0;3178e0;37790e0;867e-2;885e-2;877e-2;3577e-1;1135e-2;3581e-1;685e-2
2016-08-10;12:05:33;1800e0;7270078e0;1502e0;25373e0;566e-2;580e-2;573e-2;3625e-1;742e-2;3629e-1;434e-2
2016-08-10;12:35:33;1800e0;7909667e0;2035e0;27005e0;612e-2;627e-2;619e-2;3640e-1;816e-2;3662e-1;451e-2
2016-08-10;13:05:33;1800e0;5325432e0;564e0;19021e0;414e-2;427e-2;418e-2;3639e-1;524e-2;3642e-1;334e-2
2016-08-10;13:35:33;1800e0;6943940e0;2260e0;23061e0;540e-2;554e-2;547e-2;3604e-1;715e-2;3634e-1;412e-2
2016-08-10;14:05:33;1800e0;8571868e0;2321e0;29406e0;664e-2;680e-2;672e-2;3589e-1;899e-2;3650e-1;490e-2
2016-08-10;14:35:33;1800e0;5077519e0;1011e0;17692e0;396e-2;408e-2;401e-2;3640e-1;494e-2;3647e-1;322e-2
2016-08-10;15:05:33;1800e0;6426997e0;1776e0;21690e0;507e-2;522e-2;513e-2;3656e-1;626e-2;3656e-1;405e-2
2016-08-10;15:35:33;1800e0;2434339e0;269e0;8514e0;195e-2;202e-2;199e-2;3620e-1;226e-2;3606e-1;173e-2
2016-08-10;16:05:33;1800e0;4467499e0;876e0;15325e0;353e-2;365e-2;357e-2;3708e-1;399e-2;3696e-1;310e-2
2016-08-10;16:35:33;1800e0;4859172e0;1109e0;16642e0;383e-2;395e-2;387e-2;3654e-1;444e-2;3647e-1;337e-2
2016-08-10;17:05:33;1800e0;3081004e0;488e0;10826e0;244e-2;253e-2;247e-2;3665e-1;278e-2;3650e-1;220e-2
2016-08-10;17:35:33;1800e0;2815912e0;364e0;9646e0;225e-2;232e-2;228e-2;3633e-1;256e-2;3609e-1;203e-2
2016-08-10;18:05:33;1800e0;696039e0;113e0;2392e0;70e-2;61e-2;74e-2;3502e-1;70e-2;3470e-1;56e-2
2016-08-10;18:35:33;1800e0;757259e0;61e0;2278e0;75e-2;66e-2;79e-2;3497e-1;74e-2;3478e-1;61e-2
2016-08-10;19:05:33;1800e0;712042e0;99e0;2501e0;71e-2;62e-2;75e-2;3503e-1;71e-2;3475e-1;58e-2
2016-08-10;19:35:33;1800e0;772165e0;117e0;2764e0;76e-2;68e-2;80e-2;3487e-1;65e-2;3490e-1;72e-2
2016-08-10;20:05:33;1800e0;2337084e0;290e0;8004e0;187e-2;194e-2;190e-2;3585e-1;96e-2;3713e-1;283e-2
2016-08-10;20:35:33;1800e0;395845e0;43e0;1209e0;54e-2;35e-2;58e-2;3400e-1;39e-2;3351e-1;38e-2
2016-08-10;21:05:33;1800e0;68852e0;0e0;126e0;29e-2;11e-2;18e-2;3331e-1;18e-2;3268e-1;14e-2
2016-08-11;06:05:33;1800e0;341208e0;25e0;1686e0;57e-2;40e-2;63e-2;3455e-1;22e-2;3575e-1;62e-2
2016-08-11;06:35:33;1800e0;1625592e0;168e0;5848e0;134e-2;136e-2;137e-2;3553e-1;46e-2;3720e-1;217e-2
2016-08-11;07:05:33;1800e0;3063099e0;487e0;10637e0;243e-2;252e-2;245e-2;3640e-1;74e-2;3732e-1;417e-2
2016-08-11;07:35:33;1800e0;4154826e0;506e0;14553e0;325e-2;337e-2;328e-2;3774e-1;116e-2;3654e-1;553e-2
2016-08-11;08:05:33;1800e0;5181324e0;1034e0;18075e0;403e-2;417e-2;408e-2;3715e-1;206e-2;3620e-1;632e-2
2016-08-11;08:35:33;1800e0;6498525e0;1524e0;22384e0;506e-2;521e-2;512e-2;3793e-1;339e-2;3602e-1;704e-2
2016-08-11;09:05:33;1800e0;8060728e0;2147e0;27378e0;629e-2;645e-2;635e-2;3756e-1;526e-2;3589e-1;767e-2
2016-08-11;09:35:33;1800e0;8411383e0;2014e0;28742e0;656e-2;672e-2;663e-2;3702e-1;652e-2;3599e-1;697e-2
2016-08-11;10:05:33;1800e0;8383407e0;2171e0;28723e0;656e-2;671e-2;663e-2;3666e-1;719e-2;3619e-1;623e-2
2016-08-11;10:35:33;1800e0;9623198e0;2355e0;32964e0;754e-2;771e-2;763e-2;3642e-1;885e-2;3601e-1;662e-2
2016-08-11;11:05:33;1800e0;9574842e0;1604e0;33662e0;749e-2;766e-2;758e-2;3618e-1;928e-2;3619e-1;619e-2
2016-08-11;11:35:33;1800e0;7290665e0;1912e0;24826e0;568e-2;583e-2;575e-2;3650e-1;720e-2;3649e-1;446e-2
2016-08-11;12:05:33;1800e0;9947673e0;2198e0;34225e0;774e-2;791e-2;783e-2;3566e-1;1054e-2;3596e-1;572e-2
2016-08-11;12:35:33;1800e0;10360439e0;2644e0;35392e0;809e-2;826e-2;818e-2;3586e-1;1108e-2;3654e-1;573e-2
2016-08-11;13:05:33;1800e0;10993338e0;2475e0;37893e0;862e-2;880e-2;872e-2;3540e-1;1193e-2;3635e-1;604e-2
2016-08-11;13:35:33;1800e0;8803816e0;2504e0;30004e0;691e-2;707e-2;699e-2;3578e-1;929e-2;3642e-1;494e-2
2016-08-11;14:05:33;1800e0;13335461e0;3219e0;45744e0;1047e-2;1067e-2;1059e-2;3493e-1;1473e-2;3642e-1;724e-2
2016-08-11;14:35:33;1800e0;11388125e0;2620e0;39074e0;893e-2;911e-2;903e-2;3507e-1;1244e-2;3618e-1;628e-2
2016-08-11;15:05:33;1800e0;12488107e0;3275e0;42699e0;976e-2;995e-2;987e-2;3531e-1;1321e-2;3601e-1;727e-2
2016-08-11;15:35:33;1800e0;7802636e0;2162e0;26473e0;611e-2;626e-2;618e-2;3556e-1;770e-2;3595e-1;505e-2
2016-08-11;16:05:33;1800e0;8175777e0;1768e0;28058e0;638e-2;653e-2;645e-2;3592e-1;775e-2;3606e-1;554e-2
2016-08-11;16:35:33;1800e0;6248476e0;1605e0;21143e0;490e-2;503e-2;495e-2;3616e-1;555e-2;3612e-1;452e-2
2016-08-11;17:05:33;1800e0;10201497e0;2565e0;34598e0;795e-2;813e-2;804e-2;3598e-1;855e-2;3551e-1;813e-2
2016-08-11;17:35:33;1800e0;8720410e0;2493e0;29421e0;681e-2;697e-2;688e-2;3625e-1;655e-2;3553e-1;768e-2
2016-08-11;18:05:33;1800e0;7548850e0;1970e0;25940e0;590e-2;605e-2;596e-2;3657e-1;478e-2;3548e-1;757e-2
2016-08-11;18:35:33;1800e0;5966594e0;1232e0;20662e0;468e-2;481e-2;472e-2;3666e-1;292e-2;3558e-1;686e-2
2016-08-11;19:05:34;1800e0;4550005e0;647e0;15610e0;358e-2;370e-2;361e-2;3648e-1;162e-2;3592e-1;584e-2
2016-08-11;19:35:33;1800e0;3587641e0;637e0;12477e0;284e-2;295e-2;287e-2;3612e-1;111e-2;3601e-1;479e-2
2016-08-11;20:05:33;1800e0;2354334e0;295e0;8119e0;189e-2;194e-2;191e-2;3505e-1;82e-2;3646e-1;305e-2
2016-08-11;20:35:33;1800e0;489612e0;64e0;1555e0;56e-2;44e-2;59e-2;3223e-1;22e-2;3388e-1;73e-2
2016-08-12;06:35:34;1800e0;525696e0;58e0;1761e0;60e-2;48e-2;65e-2;3466e-1;50e-2;3463e-1;47e-2
2016-08-12;07:05:34;1800e0;1869938e0;184e0;6259e0;155e-2;159e-2;157e-2;3634e-1;94e-2;3701e-1;209e-2
2016-08-12;07:35:34;1800e0;2641345e0;480e0;8887e0;210e-2;221e-2;214e-2;3681e-1;120e-2;3716e-1;307e-2
2016-08-12;08:05:34;1800e0;5049879e0;943e0;17346e0;397e-2;412e-2;402e-2;3763e-1;224e-2;3596e-1;598e-2
2016-08-12;08:35:34;1800e0;6156321e0;1649e0;21064e0;483e-2;501e-2;490e-2;3752e-1;342e-2;3544e-1;664e-2
2016-08-12;09:05:34;1800e0;7681212e0;2065e0;26093e0;603e-2;621e-2;611e-2;3711e-1;518e-2;3506e-1;743e-2
2016-08-12;09:35:34;1800e0;8924656e0;2256e0;30429e0;702e-2;722e-2;711e-2;3640e-1;718e-2;3515e-1;748e-2
2016-08-12;10:05:34;1800e0;6163047e0;1723e0;20852e0;487e-2;504e-2;494e-2;3619e-1;540e-2;3602e-1;464e-2
2016-08-12;10:35:34;1800e0;7854509e0;2209e0;26607e0;617e-2;635e-2;625e-2;3627e-1;723e-2;3637e-1;547e-2
2016-08-12;11:05:34;1800e0;9023759e0;2511e0;30266e0;705e-2;724e-2;714e-2;3569e-1;872e-2;3600e-1;605e-2
2016-08-12;11:35:34;1800e0;6872051e0;1962e0;23053e0;538e-2;555e-2;545e-2;3566e-1;669e-2;3582e-1;461e-2
2016-08-12;12:05:34;1800e0;5585259e0;1080e0;19315e0;438e-2;454e-2;444e-2;3605e-1;537e-2;3608e-1;374e-2
2016-08-12;12:35:34;1800e0;5265992e0;1178e0;17928e0;413e-2;428e-2;418e-2;3604e-1;506e-2;3603e-1;354e-2
2016-08-12;13:05:34;1800e0;7673193e0;2776e0;25578e0;601e-2;618e-2;608e-2;3591e-1;767e-2;3616e-1;484e-2
2016-08-12;13:35:34;1800e0;5828119e0;1305e0;19943e0;458e-2;474e-2;463e-2;3581e-1;577e-2;3593e-1;378e-2
2016-08-12;14:05:34;1800e0;3124055e0;300e0;11032e0;248e-2;258e-2;251e-2;3566e-1;297e-2;3566e-1;220e-2
2016-08-12;14:35:34;1800e0;5231870e0;797e0;18051e0;409e-2;425e-2;415e-2;3621e-1;502e-2;3608e-1;349e-2
2016-08-12;15:05:34;1800e0;3791082e0;599e0;13242e0;296e-2;309e-2;300e-2;3595e-1;358e-2;3580e-1;267e-2
2016-08-12;15:35:34;1800e0;4953024e0;911e0;17082e0;385e-2;398e-2;390e-2;3607e-1;470e-2;3598e-1;338e-2
2016-08-12;16:05:34;1800e0;3120571e0;355e0;10981e0;243e-2;253e-2;246e-2;3578e-1;298e-2;3560e-1;220e-2
2016-08-12;16:35:34;1800e0;3044259e0;495e0;10606e0;240e-2;250e-2;243e-2;3603e-1;292e-2;3572e-1;211e-2
2016-08-12;17:05:34;1800e0;1645543e0;217e0;5729e0;136e-2;138e-2;139e-2;3511e-1;163e-2;3475e-1;117e-2
2016-08-12;17:35:34;1800e0;968284e0;130e0;3348e0;87e-2;84e-2;91e-2;3465e-1;99e-2;3421e-1;73e-2
2016-08-12;18:05:34;1800e0;958601e0;106e0;3161e0;87e-2;83e-2;92e-2;3474e-1;98e-2;3415e-1;72e-2
2016-08-12;18:35:34;1800e0;448427e0;43e0;1464e0;56e-2;41e-2;62e-2;3365e-1;50e-2;3316e-1;37e-2
2016-08-12;19:05:34;1800e0;243260e0;12e0;551e0;42e-2;23e-2;41e-2;3265e-1;30e-2;3204e-1;22e-2
2016-08-12;19:35:34;1800e0;120911e0;0e0;251e0;15e-2;13e-2;13e-2;3176e-1;18e-2;3086e-1;13e-2
2016-08-13;07:05:34;1800e0;215045e0;25e0;518e0;40e-2;19e-2;41e-2;3247e-1;27e-2;3173e-1;20e-2
2016-08-13;07:35:34;1800e0;294960e0;24e0;665e0;48e-2;26e-2;57e-2;3287e-1;35e-2;3216e-1;25e-2
2016-08-13;08:05:34;1800e0;481059e0;62e0;1426e0;58e-2;43e-2;65e-2;3368e-1;53e-2;3321e-1;39e-2
2016-08-13;08:35:34;1800e0;777215e0;80e0;2712e0;76e-2;68e-2;80e-2;3439e-1;81e-2;3397e-1;59e-2
2016-08-13;09:05:34;1800e0;463593e0;94e0;1545e0;57e-2;42e-2;64e-2;3354e-1;51e-2;3315e-1;38e-2
2016-08-13;09:35:34;1800e0;1143724e0;96e0;4131e0;101e-2;97e-2;105e-2;3489e-1;113e-2;3447e-1;85e-2
2016-08-13;10:05:34;1800e0;2138066e0;337e0;7525e0;173e-2;178e-2;175e-2;3566e-1;198e-2;3547e-1;160e-2
2016-08-13;10:35:34;1800e0;3560156e0;485e0;12437e0;282e-2;291e-2;285e-2;3596e-1;330e-2;3585e-1;252e-2
2016-08-13;11:05:34;1800e0;4864571e0;863e0;16855e0;382e-2;395e-2;386e-2;3629e-1;456e-2;3619e-1;334e-2
2016-08-13;11:35:34;1800e0;3768449e0;507e0;13239e0;297e-2;307e-2;300e-2;3602e-1;358e-2;3579e-1;260e-2
2016-08-13;12:05:34;1800e0;3622054e0;489e0;12693e0;284e-2;295e-2;287e-2;3620e-1;349e-2;3588e-1;243e-2
2016-08-13;12:35:34;1800e0;1821673e0;198e0;6291e0;148e-2;152e-2;151e-2;3557e-1;178e-2;3512e-1;130e-2
2016-08-13;13:05:34;1800e0;3998434e0;635e0;13798e0;313e-2;324e-2;316e-2;3624e-1;380e-2;3602e-1;271e-2
2016-08-13;13:35:34;1800e0;5408568e0;1344e0;18466e0;420e-2;433e-2;425e-2;3616e-1;525e-2;3602e-1;354e-2
2016-08-13;14:05:34;1800e0;5704578e0;806e0;20205e0;442e-2;455e-2;447e-2;3596e-1;565e-2;3590e-1;366e-2
2016-08-13;14:35:34;1800e0;3459047e0;768e0;11925e0;270e-2;279e-2;273e-2;3601e-1;339e-2;3565e-1;228e-2
2016-08-13;15:05:34;1800e0;940176e0;137e0;3289e0;87e-2;81e-2;92e-2;3467e-1;96e-2;3402e-1;70e-2
2016-08-13;15:35:34;1800e0;942866e0;158e0;3293e0;87e-2;81e-2;92e-2;3454e-1;95e-2;3409e-1;71e-2
2016-08-13;16:05:34;1799e0;1763180e0;190e0;6003e0;146e-2;146e-2;150e-2;3529e-1;173e-2;3494e-1;122e-2
2016-08-13;16:35:34;1800e0;3013428e0;262e0;10786e0;237e-2;245e-2;240e-2;3593e-1;280e-2;3571e-1;216e-2
2016-08-13;17:05:34;1800e0;2152108e0;262e0;7488e0;173e-2;177e-2;176e-2;3545e-1;203e-2;3513e-1;156e-2
2016-08-13;17:35:34;1800e0;1298877e0;195e0;4387e0;112e-2;109e-2;115e-2;3460e-1;129e-2;3413e-1;95e-2
2016-08-13;18:05:34;1800e0;3877238e0;737e0;13394e0;304e-2;311e-2;308e-2;3516e-1;265e-2;3480e-1;360e-2
2016-08-13;18:35:34;1800e0;5569126e0;1519e0;19343e0;430e-2;444e-2;435e-2;3637e-1;292e-2;3582e-1;621e-2
2016-08-13;19:05:34;1800e0;1679738e0;262e0;5964e0;139e-2;138e-2;143e-2;3479e-1;104e-2;3475e-1;180e-2
2016-08-13;19:35:34;1800e0;782309e0;106e0;2679e0;77e-2;67e-2;83e-2;3385e-1;60e-2;3389e-1;80e-2
2016-08-13;20:05:34;1800e0;311409e0;56e0;1580e0;48e-2;34e-2;50e-2;3325e-1;39e-2;3290e-1;35e-2
2016-08-13;20:35:34;1800e0;150477e0;0e0;344e0;33e-2;19e-2;29e-2;3263e-1;22e-2;3239e-1;19e-2
2016-08-14;06:35:35;1800e0;177871e0;18e0;563e0;39e-2;15e-2;37e-2;3242e-1;22e-2;3181e-1;17e-2
2016-08-14;07:05:35;1800e0;355872e0;37e0;1133e0;51e-2;32e-2;61e-2;3341e-1;39e-2;3285e-1;30e-2
2016-08-14;07:35:35;1800e0;476486e0;37e0;1385e0;58e-2;43e-2;66e-2;3380e-1;50e-2;3354e-1;39e-2
2016-08-14;08:05:35;1800e0;1011714e0;141e0;3594e0;91e-2;86e-2;95e-2;3514e-1;98e-2;3484e-1;76e-2
2016-08-14;08:35:35;1800e0;1497294e0;183e0;5207e0;124e-2;125e-2;127e-2;3575e-1;143e-2;3530e-1;109e-2
2016-08-14;09:05:35;1800e0;2006564e0;191e0;6953e0;162e-2;166e-2;164e-2;3599e-1;190e-2;3576e-1;142e-2
2016-08-14;09:35:35;1800e0;2255331e0;335e0;7655e0;179e-2;186e-2;182e-2;3611e-1;213e-2;3584e-1;158e-2
2016-08-14;10:05:35;1800e0;4516970e0;1004e0;15286e0;354e-2;364e-2;359e-2;3630e-1;404e-2;3605e-1;325e-2
2016-08-14;10:35:35;1800e0;7245459e0;1867e0;24673e0;564e-2;578e-2;570e-2;3610e-1;666e-2;3602e-1;506e-2
2016-08-14;11:05:35;1800e0;5925515e0;1252e0;20436e0;461e-2;475e-2;466e-2;3620e-1;567e-2;3614e-1;389e-2
2016-08-14;11:35:35;1800e0;6255007e0;1319e0;21558e0;485e-2;499e-2;490e-2;3628e-1;606e-2;3626e-1;401e-2
2016-08-14;12:05:35;1800e0;5042987e0;939e0;17473e0;392e-2;405e-2;397e-2;3614e-1;489e-2;3611e-1;328e-2
2016-08-14;12:35:35;1800e0;6924106e0;1260e0;24185e0;538e-2;552e-2;543e-2;3600e-1;695e-2;3616e-1;427e-2
2016-08-14;13:05:35;1800e0;8116391e0;2089e0;27467e0;629e-2;645e-2;636e-2;3587e-1;831e-2;3623e-1;486e-2
2016-08-14;13:35:35;1800e0;10567634e0;2692e0;35908e0;819e-2;836e-2;828e-2;3521e-1;1117e-2;3610e-1;626e-2
2016-08-14;14:05:35;1800e0;8906094e0;2071e0;30766e0;690e-2;705e-2;698e-2;3497e-1;953e-2;3570e-1;526e-2
2016-08-14;14:35:35;1800e0;7913818e0;1855e0;27190e0;612e-2;626e-2;619e-2;3485e-1;846e-2;3545e-1;479e-2
2016-08-14;15:05:35;1800e0;4275749e0;756e0;14866e0;333e-2;343e-2;336e-2;3599e-1;408e-2;3581e-1;290e-2
2016-08-14;15:35:35;1800e0;6451932e0;1547e0;21676e0;501e-2;515e-2;506e-2;3569e-1;637e-2;3571e-1;425e-2
2016-08-14;16:05:35;1800e0;4161064e0;858e0;14340e0;325e-2;335e-2;328e-2;3606e-1;394e-2;3589e-1;285e-2
2016-08-14;16:35:35;1800e0;3541343e0;534e0;12415e0;278e-2;288e-2;281e-2;3588e-1;329e-2;3577e-1;254e-2
2016-08-14;17:05:35;1800e0;3094073e0;450e0;10799e0;244e-2;252e-2;246e-2;3576e-1;282e-2;3563e-1;229e-2
2016-08-14;17:35:35;1800e0;2414474e0;450e0;8267e0;193e-2;199e-2;196e-2;3558e-1;212e-2;3555e-1;190e-2
2016-08-14;18:05:35;1800e0;5313406e0;1015e0;18596e0;418e-2;431e-2;422e-2;3622e-1;362e-2;3588e-1;507e-2
2016-08-14;18:35:35;1800e0;3496193e0;801e0;12119e0;278e-2;283e-2;282e-2;3540e-1;201e-2;3489e-1;378e-2
2016-08-14;19:05:35;1800e0;2976916e0;369e0;10285e0;236e-2;242e-2;240e-2;3550e-1;148e-2;3533e-1;344e-2
2016-08-14;19:35:35;1800e0;789453e0;118e0;3018e0;76e-2;68e-2;80e-2;3443e-1;72e-2;3433e-1;69e-2
2016-08-14;20:05:35;1800e0;300733e0;18e0;882e0;49e-2;26e-2;48e-2;3272e-1;32e-2;3242e-1;29e-2
2016-08-14;20:35:35;1800e0;63173e0;0e0;127e0;5e-2;6e-2;0e-2;3096e-1;9e-2;3155e-1;11e-2
2016-08-15;06:05:35;1800e0;88204e0;6e0;823e0;37e-2;12e-2;31e-2;3440e-1;16e-2;3496e-1;19e-2
2016-08-15;06:35:35;1800e0;1133254e0;108e0;3765e0;103e-2;95e-2;108e-2;3526e-1;51e-2;3656e-1;136e-2
2016-08-15;07:05:35;1800e0;3025026e0;711e0;10337e0;242e-2;249e-2;244e-2;3707e-1;116e-2;3685e-1;372e-2
2016-08-15;07:35:35;1800e0;1892392e0;284e0;6511e0;153e-2;158e-2;155e-2;3593e-1;119e-2;3601e-1;197e-2
2016-08-15;08:05:35;1800e0;3543019e0;409e0;12393e0;279e-2;289e-2;282e-2;3708e-1;187e-2;3603e-1;392e-2
2016-08-15;08:35:35;1800e0;5704251e0;1136e0;19652e0;447e-2;461e-2;451e-2;3730e-1;332e-2;3529e-1;603e-2
2016-08-15;09:05:35;1800e0;6148359e0;1413e0;21001e0;483e-2;496e-2;488e-2;3664e-1;440e-2;3562e-1;562e-2
2016-08-15;09:35:35;1800e0;5356808e0;911e0;18511e0;421e-2;433e-2;426e-2;3612e-1;445e-2;3554e-1;436e-2
2016-08-15;10:05:35;1800e0;4773834e0;886e0;16450e0;377e-2;388e-2;381e-2;3625e-1;430e-2;3626e-1;343e-2
2016-08-15;10:35:35;1800e0;6945362e0;1230e0;24258e0;551e-2;566e-2;557e-2;3599e-1;653e-2;3603e-1;477e-2
2016-08-15;11:05:35;1800e0;8602831e0;2275e0;29255e0;681e-2;697e-2;688e-2;3559e-1;840e-2;3543e-1;578e-2
2016-08-15;11:35:35;1800e0;8746168e0;2523e0;29295e0;692e-2;708e-2;700e-2;3561e-1;892e-2;3588e-1;542e-2
2016-08-15;12:05:35;1800e0;12615628e0;3314e0;43018e0;990e-2;1010e-2;1002e-2;3449e-1;1402e-2;3532e-1;720e-2
2016-08-15;12:35:35;1800e0;11846931e0;2875e0;40523e0;926e-2;944e-2;936e-2;3441e-1;1330e-2;3564e-1;660e-2
2016-08-15;13:05:35;1800e0;11439810e0;2699e0;39421e0;896e-2;914e-2;906e-2;3453e-1;1260e-2;3578e-1;656e-2
2016-08-15;13:35:35;1800e0;11354333e0;3117e0;38634e0;889e-2;907e-2;899e-2;3439e-1;1251e-2;3570e-1;654e-2
2016-08-15;14:05:35;1800e0;12772248e0;3015e0;44004e0;998e-2;1018e-2;1010e-2;3382e-1;1452e-2;3547e-1;719e-2
2016-08-15;14:35:35;1800e0;11375311e0;2859e0;38914e0;889e-2;907e-2;899e-2;3416e-1;1280e-2;3526e-1;644e-2
2016-08-15;15:05:35;1800e0;11834016e0;3534e0;39939e0;921e-2;939e-2;931e-2;3441e-1;1285e-2;3513e-1;710e-2
2016-08-15;15:35:35;1800e0;12537814e0;3877e0;42318e0;975e-2;993e-2;985e-2;3432e-1;1316e-2;3491e-1;807e-2
2016-08-15;16:05:35;1800e0;11621161e0;3168e0;39540e0;909e-2;927e-2;919e-2;3473e-1;1156e-2;3487e-1;799e-2
2016-08-15;16:35:35;1800e0;10487741e0;3331e0;34851e0;823e-2;840e-2;831e-2;3520e-1;974e-2;3483e-1;779e-2
2016-08-15;17:05:35;1800e0;9738723e0;3119e0;32674e0;762e-2;779e-2;770e-2;3546e-1;835e-2;3464e-1;793e-2
2016-08-15;17:35:35;1800e0;8055076e0;1882e0;27578e0;631e-2;647e-2;638e-2;3579e-1;614e-2;3477e-1;729e-2
2016-08-15;18:05:35;1800e0;6867897e0;1766e0;23576e0;535e-2;550e-2;541e-2;3610e-1;442e-2;3508e-1;698e-2
2016-08-15;18:35:35;1800e0;5467860e0;1037e0;18790e0;428e-2;442e-2;433e-2;3616e-1;271e-2;3532e-1;636e-2
2016-08-15;19:05:35;1800e0;4285636e0;614e0;15016e0;336e-2;348e-2;339e-2;3599e-1;155e-2;3538e-1;560e-2
2016-08-15;19:35:35;1800e0;3084585e0;448e0;10688e0;242e-2;251e-2;244e-2;3552e-1;82e-2;3561e-1;435e-2
2016-08-15;20:05:35;1800e0;1524513e0;189e0;5324e0;128e-2;127e-2;131e-2;3379e-1;43e-2;3565e-1;217e-2
2016-08-15;20:35:35;1800e0;327167e0;55e0;947e0;40e-2;29e-2;40e-2;3162e-1;14e-2;3354e-1;53e-2
2016-08-16;06:35:36;1800e0;477446e0;52e0;1647e0;58e-2;42e-2;63e-2;3454e-1;41e-2;3488e-1;46e-2
2016-08-16;07:05:35;1800e0;706675e0;35e0;2483e0;71e-2;62e-2;75e-2;3514e-1;56e-2;3558e-1;69e-2
2016-08-16;07:35:36;1800e0;751483e0;137e0;2588e0;74e-2;66e-2;77e-2;3520e-1;57e-2;3563e-1;75e-2
2016-08-16;08:05:36;1800e0;1540222e0;103e0;5153e0;129e-2;132e-2;131e-2;3627e-1;128e-2;3639e-1;128e-2
2016-08-16;08:35:36;1800e0;2805405e0;368e0;9876e0;223e-2;232e-2;225e-2;3662e-1;232e-2;3668e-1;221e-2
2016-08-16;09:05:36;1800e0;3589903e0;582e0;12438e0;283e-2;294e-2;286e-2;3641e-1;297e-2;3641e-1;286e-2
2016-08-16;09:35:36;1800e0;2830722e0;411e0;9832e0;225e-2;234e-2;227e-2;3592e-1;260e-2;3560e-1;209e-2
2016-08-16;10:05:36;1800e0;1319594e0;155e0;4218e0;112e-2;113e-2;114e-2;3530e-1;130e-2;3489e-1;97e-2
2016-08-16;10:35:36;1800e0;2131685e0;282e0;7402e0;171e-2;179e-2;174e-2;3587e-1;204e-2;3572e-1;151e-2
2016-08-16;11:05:36;1800e0;1336104e0;171e0;4264e0;113e-2;115e-2;115e-2;3533e-1;131e-2;3491e-1;98e-2
2016-08-16;11:35:36;1800e0;1565399e0;117e0;5375e0;129e-2;133e-2;131e-2;3583e-1;154e-2;3526e-1;110e-2
2016-08-16;12:05:36;1800e0;1481659e0;145e0;4850e0;122e-2;125e-2;125e-2;3596e-1;143e-2;3532e-1;106e-2
2016-08-16;12:35:36;1800e0;1425677e0;159e0;4964e0;118e-2;121e-2;121e-2;3592e-1;136e-2;3536e-1;104e-2
2016-08-16;13:05:36;1800e0;2641997e0;351e0;9230e0;210e-2;220e-2;212e-2;3632e-1;250e-2;3604e-1;183e-2
2016-08-16;13:35:36;1800e0;10574210e0;2702e0;36109e0;829e-2;849e-2;840e-2;3492e-1;1181e-2;3613e-1;587e-2
2016-08-16;14:05:36;1800e0;9935918e0;2493e0;33935e0;780e-2;799e-2;790e-2;3398e-1;1118e-2;3545e-1;569e-2
2016-08-16;14:35:36;1800e0;12656063e0;3543e0;42955e0;995e-2;1017e-2;1007e-2;3335e-1;1449e-2;3482e-1;741e-2
2016-08-16;15:05:36;1800e0;10384460e0;2267e0;35726e0;812e-2;831e-2;822e-2;3363e-1;1140e-2;3441e-1;649e-2
2016-08-16;15:35:36;1800e0;9858639e0;1867e0;34360e0;769e-2;787e-2;778e-2;3425e-1;1031e-2;3461e-1;643e-2
2016-08-16;16:05:36;1800e0;5158276e0;808e0;18082e0;403e-2;415e-2;408e-2;3503e-1;493e-2;3496e-1;365e-2
2016-08-16;16:35:36;1800e0;8124683e0;1087e0;28246e0;643e-2;659e-2;651e-2;3519e-1;744e-2;3452e-1;609e-2
2016-08-16;17:05:36;1800e0;6316926e0;2044e0;20563e0;499e-2;512e-2;505e-2;3496e-1;556e-2;3447e-1;503e-2
2016-08-16;17:35:36;1800e0;5332848e0;1464e0;18007e0;422e-2;433e-2;427e-2;3536e-1;411e-2;3459e-1;478e-2
2016-08-16;18:05:36;1800e0;5513405e0;1257e0;18758e0;433e-2;445e-2;437e-2;3543e-1;392e-2;3407e-1;542e-2
2016-08-16;18:35:36;1800e0;1776626e0;185e0;6095e0;145e-2;148e-2;148e-2;3496e-1;140e-2;3486e-1;162e-2
2016-08-16;19:05:36;1800e0;1091491e0;165e0;3927e0;96e-2;93e-2;99e-2;3430e-1;86e-2;3450e-1;106e-2
2016-08-16;19:35:36;1800e0;2051829e0;210e0;7154e0;164e-2;169e-2;167e-2;3492e-1;95e-2;3572e-1;248e-2
2016-08-16;20:05:36;1800e0;1962583e0;187e0;6825e0;159e-2;163e-2;161e-2;3448e-1;85e-2;3569e-1;245e-2
2016-08-16;20:35:36;1800e0;656443e0;50e0;2222e0;71e-2;55e-2;70e-2;3262e-1;30e-2;3379e-1;89e-2
2016-08-17;06:35:36;1800e0;660835e0;113e0;2102e0;68e-2;59e-2;72e-2;3494e-1;42e-2;3592e-1;74e-2
2016-08-17;07:05:36;1800e0;1567441e0;136e0;5233e0;130e-2;134e-2;133e-2;3599e-1;95e-2;3690e-1;164e-2
2016-08-17;07:35:36;1800e0;1058294e0;161e0;3734e0;93e-2;91e-2;96e-2;3545e-1;89e-2;3543e-1;93e-2
2016-08-17;08:05:36;1800e0;475011e0;43e0;1395e0;58e-2;43e-2;62e-2;3413e-1;51e-2;3371e-1;40e-2
2016-08-17;08:35:36;1800e0;1773431e0;226e0;5918e0;145e-2;150e-2;148e-2;3601e-1;163e-2;3576e-1;133e-2
2016-08-17;09:05:36;1800e0;3762383e0;524e0;13037e0;297e-2;309e-2;300e-2;3645e-1;298e-2;3623e-1;314e-2
2016-08-17;09:35:36;1800e0;7155560e0;2029e0;24122e0;566e-2;583e-2;573e-2;3608e-1;588e-2;3486e-1;599e-2
2016-08-17;10:05:36;1800e0;9743723e0;1956e0;33613e0;761e-2;780e-2;770e-2;3567e-1;880e-2;3412e-1;759e-2
2016-08-17;10:35:36;1800e0;10474710e0;3168e0;35294e0;815e-2;834e-2;825e-2;3501e-1;1023e-2;3348e-1;763e-2
2016-08-17;11:05:36;1800e0;11328410e0;2898e0;37874e0;880e-2;900e-2;891e-2;3456e-1;1182e-2;3355e-1;761e-2
2016-08-17;11:35:36;1800e0;11682993e0;3244e0;38954e0;907e-2;927e-2;918e-2;3439e-1;1283e-2;3386e-1;716e-2
2016-08-17;12:05:36;1800e0;12275526e0;2504e0;42321e0;954e-2;974e-2;965e-2;3389e-1;1420e-2;3427e-1;690e-2
2016-08-17;12:35:36;1800e0;12460498e0;3240e0;42938e0;965e-2;985e-2;977e-2;3395e-1;1448e-2;3484e-1;680e-2
2016-08-17;13:05:36;1800e0;13136988e0;3222e0;45117e0;1016e-2;1037e-2;1028e-2;3377e-1;1522e-2;3507e-1;724e-2
2016-08-17;13:35:36;1800e0;13515330e0;4160e0;45403e0;1044e-2;1065e-2;1057e-2;3335e-1;1577e-2;3501e-1;755e-2
2016-08-17;14:05:36;1800e0;12645942e0;3162e0;43400e0;976e-2;996e-2;988e-2;3326e-1;1473e-2;3476e-1;714e-2
2016-08-17;14:35:36;1800e0;10604232e0;3198e0;35873e0;817e-2;834e-2;826e-2;3376e-1;1206e-2;3471e-1;609e-2
2016-08-17;15:05:36;1800e0;12838197e0;3737e0;43579e0;988e-2;1008e-2;1000e-2;3390e-1;1416e-2;3448e-1;784e-2
2016-08-17;15:35:36;1800e0;8136477e0;2132e0;28035e0;627e-2;643e-2;634e-2;3489e-1;823e-2;3506e-1;547e-2
2016-08-17;16:05:36;1800e0;6353873e0;1334e0;21507e0;493e-2;507e-2;498e-2;3561e-1;603e-2;3553e-1;447e-2
2016-08-17;16:35:36;1800e0;7102113e0;1897e0;23888e0;552e-2;567e-2;558e-2;3560e-1;652e-2;3541e-1;522e-2
2016-08-17;17:05:36;1800e0;10292105e0;3166e0;34434e0;799e-2;818e-2;808e-2;3532e-1;889e-2;3446e-1;840e-2
2016-08-17;17:35:36;1800e0;4161568e0;868e0;14293e0;325e-2;336e-2;329e-2;3525e-1;373e-2;3485e-1;328e-2
2016-08-17;18:05:36;1800e0;1541047e0;193e0;5285e0;126e-2;130e-2;129e-2;3496e-1;151e-2;3472e-1;116e-2
2016-08-17;18:35:36;1800e0;1301544e0;155e0;4527e0;109e-2;111e-2;112e-2;3485e-1;129e-2;3451e-1;99e-2
2016-08-17;19:05:36;1800e0;670522e0;75e0;2631e0;69e-2;60e-2;73e-2;3380e-1;71e-2;3352e-1;55e-2
2016-08-17;19:35:36;1800e0;634223e0;93e0;2192e0;67e-2;56e-2;71e-2;3365e-1;65e-2;3345e-1;53e-2
2016-08-17;20:05:36;1800e0;338789e0;56e0;940e0;49e-2;30e-2;47e-2;3177e-1;23e-2;3280e-1;46e-2
2016-08-17;20:35:36;1800e0;93368e0;6e0;194e0;21e-2;12e-2;17e-2;3195e-1;11e-2;3168e-1;22e-2
2016-08-18;06:35:36;1800e0;414645e0;49e0;1315e0;53e-2;37e-2;54e-2;3375e-1;22e-2;3475e-1;55e-2
2016-08-18;07:05:36;1800e0;1999475e0;174e0;7133e0;166e-2;167e-2;169e-2;3560e-1;50e-2;3677e-1;275e-2
2016-08-18;07:35:36;1800e0;2628434e0;360e0;9207e0;209e-2;217e-2;211e-2;3665e-1;82e-2;3636e-1;347e-2
2016-08-18;08:05:36;1800e0;1660092e0;277e0;5578e0;138e-2;140e-2;141e-2;3581e-1;96e-2;3600e-1;180e-2
2016-08-18;08:35:36;1800e0;3178301e0;445e0;11013e0;250e-2;261e-2;254e-2;3665e-1;231e-2;3618e-1;285e-2
2016-08-18;09:05:36;1800e0;2534023e0;392e0;8790e0;201e-2;208e-2;204e-2;3615e-1;217e-2;3615e-1;198e-2
2016-08-18;09:35:36;1800e0;1811133e0;108e0;6199e0;146e-2;150e-2;149e-2;3591e-1;171e-2;3578e-1;130e-2
2016-08-18;10:05:36;1800e0;2122395e0;260e0;7243e0;170e-2;176e-2;173e-2;3615e-1;199e-2;3596e-1;150e-2
2016-08-18;10:35:36;1800e0;3561802e0;380e0;12524e0;280e-2;292e-2;284e-2;3650e-1;330e-2;3643e-1;246e-2
2016-08-18;11:05:36;1800e0;3276922e0;376e0;11636e0;257e-2;267e-2;260e-2;3622e-1;308e-2;3626e-1;226e-2
2016-08-18;11:35:36;1800e0;4826733e0;888e0;16535e0;378e-2;391e-2;382e-2;3616e-1;460e-2;3633e-1;323e-2
2016-08-18;12:05:36;1800e0;3922855e0;717e0;13402e0;308e-2;319e-2;311e-2;3583e-1;373e-2;3598e-1;271e-2
2016-08-18;12:35:36;1800e0;3294121e0;703e0;11370e0;258e-2;268e-2;261e-2;3581e-1;312e-2;3585e-1;231e-2
2016-08-18;13:05:36;1800e0;2452496e0;338e0;8453e0;195e-2;202e-2;197e-2;3564e-1;236e-2;3556e-1;173e-2
2016-08-18;13:35:36;1800e0;3902477e0;767e0;13590e0;308e-2;318e-2;311e-2;3584e-1;382e-2;3585e-1;259e-2
2016-08-18;14:05:36;1800e0;2440282e0;461e0;8529e0;193e-2;200e-2;196e-2;3558e-1;236e-2;3563e-1;170e-2
2016-08-18;14:35:36;1800e0;3923357e0;783e0;13669e0;306e-2;317e-2;310e-2;3591e-1;373e-2;3598e-1;270e-2
2016-08-18;15:05:36;1800e0;5136593e0;1061e0;17752e0;399e-2;413e-2;404e-2;3560e-1;492e-2;3575e-1;355e-2
2016-08-18;15:35:36;1800e0;3738483e0;559e0;13028e0;292e-2;302e-2;295e-2;3563e-1;355e-2;3569e-1;262e-2
2016-08-18;16:05:36;1800e0;5325013e0;838e0;18530e0;416e-2;427e-2;420e-2;3581e-1;507e-2;3585e-1;365e-2
2016-08-18;16:35:36;1799e0;3766527e0;614e0;12948e0;295e-2;305e-2;298e-2;3543e-1;361e-2;3537e-1;265e-2
2016-08-18;17:05:36;1800e0;2203430e0;302e0;7391e0;176e-2;182e-2;179e-2;3543e-1;213e-2;3534e-1;157e-2
2016-08-18;17:35:36;1800e0;1067700e0;192e0;3541e0;95e-2;92e-2;98e-2;3427e-1;107e-2;3418e-1;81e-2
2016-08-18;18:05:36;1800e0;750374e0;111e0;2668e0;73e-2;66e-2;78e-2;3419e-1;78e-2;3383e-1;58e-2
2016-08-18;18:35:36;1800e0;764195e0;66e0;2847e0;74e-2;67e-2;77e-2;3441e-1;76e-2;3418e-1;62e-2
2016-08-18;19:05:36;1800e0;603567e0;105e0;2023e0;65e-2;54e-2;69e-2;3407e-1;62e-2;3365e-1;49e-2
2016-08-18;19:35:36;1800e0;525454e0;43e0;1635e0;61e-2;47e-2;65e-2;3385e-1;55e-2;3349e-1;44e-2
2016-08-18;20:05:36;1800e0;280273e0;37e0;591e0;48e-2;26e-2;50e-2;3262e-1;29e-2;3275e-1;29e-2
2016-08-18;20:35:36;1800e0;50680e0;0e0;89e0;4e-2;7e-2;1e-2;3172e-1;9e-2;3209e-1;11e-2
2016-08-19;06:35:37;1800e0;93187e0;0e0;268e0;29e-2;11e-2;17e-2;3323e-1;18e-2;3258e-1;13e-2
2016-08-19;07:05:37;1800e0;245792e0;12e0;422e0;45e-2;22e-2;41e-2;3287e-1;30e-2;3233e-1;22e-2
2016-08-19;07:35:37;1800e0;511164e0;83e0;1792e0;59e-2;46e-2;62e-2;3403e-1;55e-2;3369e-1;42e-2
2016-08-19;08:05:37;1800e0;711804e0;68e0;2503e0;71e-2;63e-2;73e-2;3458e-1;74e-2;3415e-1;56e-2
2016-08-19;08:35:37;1800e0;1301193e0;180e0;4513e0;110e-2;110e-2;111e-2;3544e-1;129e-2;3513e-1;95e-2
2016-08-19;09:05:37;1800e0;2068196e0;218e0;6942e0;167e-2;173e-2;168e-2;3578e-1;198e-2;3580e-1;147e-2
2016-08-19;09:35:37;1800e0;2879954e0;393e0;9949e0;228e-2;238e-2;230e-2;3589e-1;270e-2;3598e-1;206e-2
2016-08-19;10:05:37;1800e0;2531337e0;492e0;8723e0;202e-2;211e-2;204e-2;3570e-1;245e-2;3573e-1;177e-2
2016-08-19;10:35:37;1800e0;1459199e0;214e0;4862e0;121e-2;124e-2;123e-2;3515e-1;145e-2;3498e-1;106e-2
2016-08-19;11:05:37;1800e0;2447200e0;272e0;8605e0;194e-2;203e-2;196e-2;3572e-1;236e-2;3577e-1;172e-2
2016-08-19;11:35:37;1800e0;2651133e0;451e0;9207e0;209e-2;219e-2;211e-2;3570e-1;255e-2;3572e-1;187e-2
2016-08-19;12:05:37;1800e0;3040067e0;299e0;10891e0;239e-2;250e-2;242e-2;3566e-1;297e-2;3567e-1;210e-2
2016-08-19;12:35:37;1800e0;2918962e0;343e0;10322e0;229e-2;239e-2;231e-2;3553e-1;277e-2;3572e-1;210e-2
2016-08-19;13:05:37;1800e0;2973125e0;507e0;10408e0;233e-2;244e-2;236e-2;3554e-1;288e-2;3558e-1;209e-2
2016-08-19;13:35:37;1800e0;2772310e0;544e0;9587e0;217e-2;228e-2;221e-2;3579e-1;269e-2;3557e-1;193e-2
2016-08-19;14:05:37;1800e0;3371702e0;500e0;11727e0;264e-2;276e-2;268e-2;3572e-1;321e-2;3563e-1;241e-2
2016-08-19;14:35:37;1800e0;9872063e0;2522e0;33817e0;774e-2;793e-2;784e-2;3444e-1;1069e-2;3525e-1;605e-2
2016-08-19;15:05:37;1800e0;7086117e0;1799e0;24290e0;554e-2;570e-2;561e-2;3449e-1;743e-2;3504e-1;451e-2
2016-08-19;15:35:37;1800e0;7625710e0;1668e0;25929e0;596e-2;612e-2;603e-2;3426e-1;791e-2;3461e-1;508e-2
2016-08-19;16:05:37;1800e0;11221205e0;3390e0;37546e0;874e-2;893e-2;884e-2;3441e-1;1117e-2;3443e-1;795e-2
2016-08-19;16:35:37;1800e0;5670695e0;996e0;19536e0;444e-2;456e-2;449e-2;3458e-1;534e-2;3440e-1;435e-2
2016-08-19;17:05:37;1800e0;7377546e0;1705e0;25281e0;577e-2;593e-2;583e-2;3566e-1;623e-2;3520e-1;601e-2
2016-08-19;17:35:37;1800e0;8320385e0;2045e0;28198e0;656e-2;673e-2;663e-2;3548e-1;640e-2;3448e-1;759e-2
2016-08-19;18:05:37;1800e0;7028672e0;2187e0;23543e0;554e-2;569e-2;559e-2;3580e-1;458e-2;3462e-1;721e-2
2016-08-19;18:35:37;1800e0;5424634e0;903e0;18682e0;427e-2;440e-2;431e-2;3585e-1;273e-2;3474e-1;641e-2
2016-08-19;19:05:37;1800e0;2548473e0;286e0;8888e0;207e-2;208e-2;211e-2;3477e-1;112e-2;3438e-1;321e-2
2016-08-19;19:35:37;1800e0;579514e0;105e0;2255e0;63e-2;50e-2;69e-2;3312e-1;47e-2;3378e-1;62e-2
2016-08-19;20:05:37;1800e0;260653e0;10e0;621e0;46e-2;21e-2;45e-2;3231e-1;27e-2;3231e-1;28e-2
2016-08-19;20:35:37;1800e0;45934e0;6e0;157e0;8e-2;7e-2;0e-2;3243e-1;11e-2;3275e-1;10e-2
2016-08-20;06:35:37;1800e0;166567e0;12e0;466e0;39e-2;13e-2;30e-2;3244e-1;21e-2;3213e-1;19e-2
2016-08-20;07:05:37;1800e0;380497e0;43e0;839e0;52e-2;34e-2;61e-2;3339e-1;41e-2;3331e-1;34e-2
2016-08-20;07:35:37;1800e0;685151e0;68e0;2505e0;70e-2;59e-2;75e-2;3455e-1;71e-2;3400e-1;54e-2
2016-08-20;08:05:37;1800e0;804010e0;132e0;2765e0;77e-2;69e-2;82e-2;3463e-1;81e-2;3427e-1;63e-2
2016-08-20;08:35:37;1800e0;749894e0;100e0;2657e0;74e-2;65e-2;79e-2;3459e-1;77e-2;3414e-1;60e-2
2016-08-20;09:05:37;1800e0;1030753e0;112e0;3728e0;92e-2;87e-2;96e-2;3508e-1;103e-2;3458e-1;76e-2
2016-08-20;09:35:37;1800e0;946869e0;151e0;3156e0;86e-2;81e-2;91e-2;3487e-1;95e-2;3440e-1;72e-2
2016-08-20;10:05:37;1800e0;970642e0;104e0;3400e0;89e-2;82e-2;93e-2;3468e-1;97e-2;3426e-1;74e-2
2016-08-20;10:35:37;1800e0;3200664e0;508e0;11148e0;254e-2;262e-2;257e-2;3608e-1;306e-2;3587e-1;219e-2
2016-08-20;11:05:37;1800e0;2081539e0;347e0;7266e0;168e-2;171e-2;171e-2;3543e-1;197e-2;3519e-1;153e-2
2016-08-20;11:35:37;1800e0;2455243e0;288e0;8554e0;196e-2;201e-2;199e-2;3564e-1;236e-2;3532e-1;173e-2
2016-08-20;12:05:37;1800e0;4599044e0;750e0;15914e0;360e-2;371e-2;363e-2;3599e-1;439e-2;3581e-1;314e-2
2016-08-20;12:35:37;1800e0;4804001e0;985e0;16209e0;375e-2;387e-2;378e-2;3589e-1;454e-2;3581e-1;335e-2
2016-08-20;13:05:37;1800e0;6456395e0;1427e0;22234e0;502e-2;514e-2;506e-2;3574e-1;641e-2;3576e-1;419e-2
2016-08-20;13:35:37;1800e0;5534904e0;1061e0;18761e0;431e-2;443e-2;435e-2;3565e-1;542e-2;3564e-1;371e-2
2016-08-20;14:05:37;1800e0;5268104e0;940e0;18447e0;411e-2;423e-2;415e-2;3569e-1;511e-2;3561e-1;358e-2
2016-08-20;14:35:37;1800e0;6919230e0;1749e0;23560e0;539e-2;552e-2;544e-2;3546e-1;701e-2;3556e-1;442e-2
2016-08-20;15:05:37;1800e0;4808534e0;729e0;16787e0;375e-2;387e-2;378e-2;3560e-1;474e-2;3537e-1;322e-2
2016-08-20;15:35:37;1800e0;2895844e0;390e0;10142e0;231e-2;238e-2;233e-2;3523e-1;284e-2;3497e-1;204e-2
2016-08-20;16:05:37;1800e0;2557600e0;335e0;8797e0;205e-2;211e-2;207e-2;3524e-1;246e-2;3499e-1;186e-2
2016-08-20;16:35:37;1800e0;5639690e0;1283e0;19411e0;447e-2;460e-2;451e-2;3555e-1;523e-2;3541e-1;410e-2
2016-08-20;17:05:37;1800e0;2266237e0;244e0;7814e0;183e-2;188e-2;185e-2;3505e-1;221e-2;3478e-1;164e-2
2016-08-20;17:35:37;1800e0;1222856e0;124e0;3843e0;106e-2;103e-2;109e-2;3442e-1;122e-2;3397e-1;93e-2
2016-08-20;18:05:37;1800e0;1077957e0;118e0;3509e0;96e-2;92e-2;99e-2;3423e-1;109e-2;3386e-1;83e-2
2016-08-20;18:35:37;1800e0;646225e0;85e0;2006e0;69e-2;55e-2;74e-2;3312e-1;70e-2;3262e-1;51e-2
2016-08-20;19:05:37;1800e0;235611e0;6e0;448e0;41e-2;19e-2;42e-2;3180e-1;30e-2;3120e-1;21e-2
2016-08-21;07:05:38;1800e0;211766e0;12e0;518e0;43e-2;19e-2;45e-2;3311e-1;28e-2;3265e-1;23e-2
2016-08-21;07:35:38;1800e0;589564e0;88e0;1768e0;64e-2;50e-2;71e-2;3403e-1;59e-2;3381e-1;49e-2
2016-08-21;08:05:38;1800e0;1294969e0;132e0;4301e0;112e-2;109e-2;116e-2;3518e-1;100e-2;3544e-1;121e-2
2016-08-21;08:35:38;1800e0;2779939e0;523e0;9421e0;223e-2;229e-2;226e-2;3605e-1;207e-2;3622e-1;250e-2
2016-08-21;09:05:38;1800e0;4298590e0;809e0;14663e0;342e-2;352e-2;345e-2;3620e-1;333e-2;3598e-1;370e-2
2016-08-21;09:35:38;1800e0;7781066e0;2388e0;26312e0;611e-2;626e-2;618e-2;3589e-1;641e-2;3493e-1;650e-2
2016-08-21;10:05:38;1800e0;3267077e0;611e0;11406e0;260e-2;268e-2;262e-2;3567e-1;303e-2;3545e-1;241e-2
2016-08-21;10:35:38;1800e0;3845886e0;740e0;13202e0;305e-2;314e-2;308e-2;3574e-1;363e-2;3565e-1;272e-2
2016-08-21;11:05:38;1800e0;6962745e0;1672e0;23741e0;549e-2;562e-2;555e-2;3538e-1;680e-2;3544e-1;472e-2
2016-08-21;11:35:38;1800e0;8746007e0;1884e0;30225e0;685e-2;700e-2;692e-2;3497e-1;904e-2;3534e-1;556e-2
2016-08-21;12:05:38;1800e0;7839627e0;1928e0;26861e0;616e-2;629e-2;622e-2;3421e-1;835e-2;3482e-1;499e-2
2016-08-21;12:35:38;1800e0;8235377e0;2115e0;28062e0;644e-2;659e-2;651e-2;3492e-1;870e-2;3548e-1;501e-2
2016-08-21;13:05:38;1800e0;10686907e0;2897e0;36350e0;833e-2;849e-2;842e-2;3439e-1;1170e-2;3533e-1;636e-2
2016-08-21;13:35:38;1800e0;10741621e0;2997e0;36307e0;847e-2;864e-2;855e-2;3419e-1;1179e-2;3527e-1;641e-2
2016-08-21;14:05:38;1800e0;11228023e0;3007e0;38433e0;883e-2;901e-2;892e-2;3369e-1;1245e-2;3493e-1;680e-2
2016-08-21;14:35:38;1800e0;12085239e0;3409e0;40956e0;952e-2;971e-2;962e-2;3384e-1;1349e-2;3486e-1;718e-2
2016-08-21;15:05:38;1800e0;9983349e0;2541e0;34058e0;785e-2;802e-2;793e-2;3417e-1;1070e-2;3475e-1;631e-2
2016-08-21;15:35:38;1800e0;9027470e0;1966e0;31241e0;706e-2;722e-2;713e-2;3479e-1;924e-2;3506e-1;591e-2
2016-08-21;16:05:38;1800e0;10821887e0;2576e0;37026e0;845e-2;863e-2;854e-2;3470e-1;1079e-2;3495e-1;744e-2
2016-08-21;16:35:38;1800e0;10952066e0;2793e0;37521e0;857e-2;875e-2;865e-2;3469e-1;1025e-2;3438e-1;832e-2
2016-08-21;17:05:38;1800e0;9562959e0;1886e0;33345e0;749e-2;766e-2;757e-2;3523e-1;818e-2;3453e-1;789e-2
2016-08-21;17:35:38;1800e0;8173603e0;2310e0;27544e0;638e-2;653e-2;644e-2;3557e-1;622e-2;3469e-1;746e-2
2016-08-21;18:05:38;1800e0;6640003e0;1961e0;22477e0;520e-2;534e-2;524e-2;3572e-1;427e-2;3481e-1;685e-2
2016-08-21;18:35:38;1800e0;5238087e0;895e0;18110e0;411e-2;423e-2;415e-2;3577e-1;256e-2;3497e-1;622e-2
2016-08-21;19:05:38;1800e0;3883125e0;546e0;13618e0;307e-2;316e-2;309e-2;3553e-1;132e-2;3531e-1;519e-2
2016-08-21;19:35:38;1800e0;2516814e0;339e0;8649e0;203e-2;208e-2;204e-2;3428e-1;67e-2;3585e-1;355e-2
2016-08-21;20:05:38;1800e0;808014e0;68e0;2603e0;81e-2;68e-2;86e-2;3233e-1;30e-2;3380e-1;115e-2
2016-08-22;06:35:38;1800e0;628333e0;54e0;2731e0;68e-2;55e-2;73e-2;3358e-1;35e-2;3491e-1;77e-2
2016-08-22;07:05:38;1800e0;1572633e0;182e0;5447e0;134e-2;132e-2;138e-2;3530e-1;103e-2;3568e-1;158e-2
2016-08-22;07:35:38;1800e0;555080e0;25e0;1905e0;64e-2;49e-2;68e-2;3388e-1;58e-2;3336e-1;45e-2
2016-08-22;08:05:38;1800e0;192412e0;30e0;457e0;30e-2;18e-2;26e-2;3224e-1;25e-2;3166e-1;18e-2
2016-08-22;08:35:38;1800e0;284137e0;31e0;757e0;49e-2;25e-2;49e-2;3274e-1;32e-2;3227e-1;26e-2
2016-08-22;09:05:38;1800e0;1199649e0;179e0;4184e0;105e-2;101e-2;108e-2;3496e-1;116e-2;3464e-1;90e-2
2016-08-22;09:35:38;1800e0;1945829e0;296e0;6792e0;160e-2;163e-2;162e-2;3581e-1;186e-2;3535e-1;137e-2
2016-08-22;10:05:38;1800e0;4864034e0;970e0;16501e0;389e-2;400e-2;393e-2;3601e-1;436e-2;3582e-1;358e-2
2016-08-22;10:35:38;1800e0;5653713e0;1379e0;19167e0;449e-2;461e-2;454e-2;3551e-1;528e-2;3557e-1;398e-2
2016-08-22;11:05:38;1800e0;9682891e0;2070e0;33497e0;763e-2;779e-2;771e-2;3504e-1;969e-2;3511e-1;642e-2
2016-08-22;11:35:38;1800e0;11996500e0;3529e0;40245e0;937e-2;957e-2;948e-2;3443e-1;1285e-2;3481e-1;745e-2
2016-08-22;12:05:38;1800e0;11268861e0;3446e0;37844e0;878e-2;896e-2;888e-2;3419e-1;1239e-2;3494e-1;672e-2
2016-08-22;12:35:38;1800e0;12062462e0;3673e0;40644e0;939e-2;957e-2;950e-2;3422e-1;1335e-2;3525e-1;702e-2
2016-08-22;13:05:38;1800e0;7174506e0;1391e0;24823e0;558e-2;572e-2;564e-2;3461e-1;767e-2;3528e-1;437e-2
2016-08-22;13:35:38;1800e0;11849996e0;2534e0;41008e0;922e-2;940e-2;932e-2;3442e-1;1296e-2;3552e-1;693e-2
2016-08-22;14:05:38;1800e0;11950548e0;3147e0;40545e0;935e-2;954e-2;946e-2;3436e-1;1315e-2;3543e-1;696e-2
2016-08-22;14:35:38;1800e0;10626009e0;3376e0;35503e0;833e-2;852e-2;843e-2;3456e-1;1163e-2;3534e-1;622e-2
2016-08-22;15:05:38;1800e0;6916795e0;1830e0;23606e0;541e-2;556e-2;547e-2;3538e-1;708e-2;3554e-1;435e-2
2016-08-22;15:35:38;1800e0;2311897e0;271e0;7961e0;184e-2;190e-2;187e-2;3528e-1;224e-2;3502e-1;166e-2
2016-08-22;16:05:38;1800e0;2013428e0;192e0;7065e0;162e-2;166e-2;165e-2;3529e-1;188e-2;3495e-1;152e-2
2016-08-22;16:35:38;1800e0;4453530e0;703e0;15705e0;348e-2;359e-2;351e-2;3583e-1;418e-2;3565e-1;313e-2
2016-08-22;17:05:38;1800e0;2230480e0;312e0;7439e0;177e-2;183e-2;180e-2;3539e-1;213e-2;3514e-1;162e-2
2016-08-22;17:35:38;1800e0;1164380e0;144e0;4145e0;100e-2;98e-2;104e-2;3458e-1;116e-2;3406e-1;88e-2
2016-08-22;18:05:38;1800e0;1642595e0;251e0;5594e0;135e-2;136e-2;138e-2;3497e-1;157e-2;3465e-1;123e-2
2016-08-22;18:35:38;1800e0;1207884e0;123e0;4255e0;104e-2;101e-2;107e-2;3472e-1;119e-2;3425e-1;92e-2
2016-08-22;19:05:38;1800e0;835006e0;113e0;2911e0;79e-2;71e-2;82e-2;3398e-1;80e-2;3385e-1;70e-2
2016-08-22;19:35:38;1800e0;545806e0;62e0;1967e0;61e-2;48e-2;66e-2;3312e-1;51e-2;3339e-1;52e-2
2016-08-22;20:05:38;1800e0;200355e0;12e0;437e0;38e-2;19e-2;31e-2;3200e-1;24e-2;3219e-1;25e-2
2016-08-23;07:05:39;1800e0;136533e0;0e0;203e0;28e-2;13e-2;22e-2;3170e-1;21e-2;3079e-1;15e-2
2016-08-23;07:35:39;1800e0;721121e0;75e0;2583e0;71e-2;62e-2;74e-2;3392e-1;67e-2;3380e-1;65e-2
2016-08-23;08:05:39;1800e0;1729871e0;177e0;5801e0;141e-2;144e-2;144e-2;3546e-1;144e-2;3543e-1;150e-2
2016-08-23;08:35:39;1800e0;4328357e0;1193e0;14651e0;344e-2;353e-2;348e-2;3600e-1;268e-2;3528e-1;447e-2
2016-08-23;09:05:39;1800e0;1969387e0;228e0;6751e0;160e-2;165e-2;163e-2;3550e-1;189e-2;3497e-1;145e-2
2016-08-23;09:35:39;1800e0;2271043e0;260e0;7895e0;182e-2;189e-2;185e-2;3569e-1;217e-2;3548e-1;163e-2
2016-08-23;10:05:39;1800e0;3041064e0;516e0;10588e0;241e-2;251e-2;244e-2;3591e-1;289e-2;3566e-1;216e-2
2016-08-23;10:35:39;1800e0;3903803e0;600e0;13479e0;309e-2;321e-2;313e-2;3595e-1;369e-2;3576e-1;273e-2
2016-08-23;11:05:39;1800e0;7921212e0;1524e0;27587e0;625e-2;641e-2;632e-2;3561e-1;773e-2;3560e-1;530e-2
2016-08-23;11:35:39;1800e0;4911746e0;757e0;17040e0;389e-2;402e-2;393e-2;3582e-1;477e-2;3576e-1;330e-2
2016-08-23;12:05:39;1800e0;7838846e0;2119e0;26687e0;617e-2;634e-2;624e-2;3582e-1;791e-2;3592e-1;491e-2
2016-08-23;12:35:39;1800e0;10290605e0;2372e0;35317e0;806e-2;824e-2;816e-2;3513e-1;1077e-2;3561e-1;629e-2
2016-08-23;13:05:39;1800e0;7642804e0;2485e0;25630e0;600e-2;616e-2;607e-2;3539e-1;782e-2;3570e-1;476e-2
2016-08-23;13:35:39;1800e0;11771865e0;2647e0;40549e0;927e-2;947e-2;938e-2;3470e-1;1293e-2;3579e-1;672e-2
2016-08-23;14:05:39;1800e0;12878538e0;3710e0;43718e0;1009e-2;1029e-2;1021e-2;3425e-1;1425e-2;3548e-1;745e-2
2016-08-23;14:35:39;1800e0;9194026e0;1629e0;32132e0;720e-2;737e-2;728e-2;3484e-1;989e-2;3534e-1;552e-2
2016-08-23;15:05:39;1800e0;8178402e0;2682e0;27216e0;639e-2;654e-2;647e-2;3510e-1;849e-2;3528e-1;512e-2
2016-08-23;15:35:39;1800e0;12376268e0;3501e0;41809e0;965e-2;984e-2;976e-2;3410e-1;1300e-2;3462e-1;810e-2
2016-08-23;16:05:39;1800e0;11954790e0;3537e0;39942e0;930e-2;949e-2;940e-2;3450e-1;1192e-2;3450e-1;836e-2
2016-08-23;16:35:39;1800e0;10466034e0;2912e0;35086e0;814e-2;832e-2;823e-2;3501e-1;975e-2;3459e-1;783e-2
2016-08-23;17:05:39;1800e0;8640542e0;1886e0;29678e0;673e-2;689e-2;681e-2;3530e-1;742e-2;3446e-1;706e-2
2016-08-23;17:35:39;1800e0;8449130e0;2084e0;28921e0;664e-2;681e-2;671e-2;3572e-1;642e-2;3444e-1;775e-2
2016-08-23;18:05:39;1800e0;7009587e0;1780e0;23949e0;550e-2;565e-2;555e-2;3597e-1;443e-2;3481e-1;728e-2
2016-08-23;18:35:39;1800e0;5335277e0;1064e0;18323e0;415e-2;427e-2;419e-2;3604e-1;253e-2;3507e-1;637e-2
2016-08-23;19:05:39;1800e0;3954459e0;718e0;13577e0;310e-2;320e-2;312e-2;3568e-1;128e-2;3530e-1;535e-2
2016-08-23;19:35:39;1800e0;2617280e0;231e0;9015e0;209e-2;216e-2;211e-2;3446e-1;63e-2;3597e-1;374e-2
2016-08-23;20:05:39;1800e0;635757e0;100e0;1887e0;66e-2;52e-2;65e-2;3191e-1;23e-2;3398e-1;92e-2
2016-08-24;06:35:39;1800e0;186090e0;6e0;784e0;41e-2;19e-2;39e-2;3383e-1;24e-2;3370e-1;23e-2
2016-08-24;07:05:39;1800e0;1742170e0;341e0;6008e0;146e-2;146e-2;149e-2;3554e-1;74e-2;3683e-1;210e-2
2016-08-24;07:35:39;1800e0;2785561e0;382e0;9956e0;220e-2;228e-2;222e-2;3643e-1;132e-2;3702e-1;318e-2
2016-08-24;08:05:39;1800e0;3767856e0;513e0;13252e0;295e-2;306e-2;298e-2;3696e-1;188e-2;3648e-1;422e-2
2016-08-24;08:35:39;1800e0;5163274e0;1188e0;17702e0;404e-2;417e-2;408e-2;3711e-1;304e-2;3576e-1;537e-2
2016-08-24;09:05:39;1800e0;7721521e0;1862e0;26400e0;605e-2;622e-2;611e-2;3671e-1;539e-2;3409e-1;754e-2
2016-08-24;09:35:39;1800e0;8810011e0;2791e0;29564e0;696e-2;713e-2;703e-2;3576e-1;722e-2;3343e-1;776e-2
2016-08-24;10:05:39;1800e0;9845307e0;2274e0;33828e0;777e-2;795e-2;785e-2;3487e-1;908e-2;3326e-1;786e-2
2016-08-24;10:35:39;1800e0;10598638e0;2447e0;36367e0;834e-2;854e-2;843e-2;3415e-1;1063e-2;3322e-1;777e-2
2016-08-24;11:05:39;1800e0;11137064e0;2968e0;37648e0;872e-2;892e-2;882e-2;3372e-1;1184e-2;3338e-1;760e-2
2016-08-24;11:35:39;1800e0;10852070e0;2649e0;37285e0;849e-2;868e-2;859e-2;3338e-1;1194e-2;3387e-1;700e-2
2016-08-24;12:05:39;1800e0;12246003e0;3615e0;41495e0;955e-2;976e-2;967e-2;3288e-1;1398e-2;3428e-1;751e-2
2016-08-24;12:35:39;1800e0;7388613e0;1694e0;25231e0;578e-2;593e-2;584e-2;3432e-1;790e-2;3488e-1;466e-2
2016-08-24;13:05:39;1800e0;8934435e0;2818e0;29894e0;701e-2;718e-2;708e-2;3421e-1;975e-2;3506e-1;543e-2
2016-08-24;13:35:39;1800e0;11765249e0;2142e0;41209e0;922e-2;942e-2;932e-2;3328e-1;1334e-2;3484e-1;706e-2
2016-08-24;14:05:39;1799e0;8953409e0;2795e0;29989e0;701e-2;718e-2;708e-2;3360e-1;999e-2;3464e-1;548e-2
2016-08-24;14:35:39;1800e0;11618514e0;2943e0;39866e0;908e-2;928e-2;919e-2;3313e-1;1333e-2;3434e-1;695e-2
2016-08-24;15:05:39;1800e0;10444839e0;2918e0;35173e0;815e-2;834e-2;824e-2;3352e-1;1162e-2;3420e-1;654e-2
2016-08-24;15:35:39;1800e0;10902268e0;2672e0;37390e0;851e-2;869e-2;860e-2;3373e-1;1169e-2;3397e-1;722e-2
2016-08-24;16:05:39;1800e0;11150248e0;3210e0;37296e0;871e-2;889e-2;880e-2;3361e-1;1151e-2;3334e-1;798e-2
2016-08-24;16:35:39;1800e0;7969657e0;2013e0;27216e0;631e-2;645e-2;637e-2;3411e-1;770e-2;3340e-1;614e-2
2016-08-24;17:05:39;1800e0;8550356e0;2418e0;28973e0;671e-2;688e-2;679e-2;3530e-1;734e-2;3456e-1;703e-2
2016-08-24;17:35:39;1800e0;7307190e0;1460e0;25247e0;572e-2;587e-2;578e-2;3533e-1;566e-2;3427e-1;669e-2
2016-08-24;18:05:39;1800e0;6266875e0;1562e0;21518e0;490e-2;504e-2;495e-2;3552e-1;416e-2;3453e-1;640e-2
2016-08-24;18:35:39;1800e0;3152146e0;484e0;10914e0;249e-2;256e-2;251e-2;3489e-1;177e-2;3474e-1;359e-2
2016-08-24;19:05:39;1800e0;2139509e0;242e0;7450e0;173e-2;176e-2;176e-2;3435e-1;104e-2;3487e-1;262e-2
2016-08-24;19:35:39;1800e0;1351208e0;192e0;4482e0;114e-2;112e-2;117e-2;3366e-1;60e-2;3482e-1;175e-2
2016-08-24;20:05:39;1800e0;889077e0;158e0;2875e0;83e-2;75e-2;86e-2;3240e-1;35e-2;3433e-1;125e-2
2016-08-25;06:35:39;1800e0;753601e0;89e0;2847e0;76e-2;66e-2;77e-2;3328e-1;27e-2;3498e-1;110e-2
2016-08-25;07:05:39;1800e0;2157402e0;302e0;7470e0;174e-2;180e-2;177e-2;3507e-1;57e-2;3644e-1;300e-2
2016-08-25;07:35:39;1800e0;3356999e0;477e0;11866e0;264e-2;275e-2;268e-2;3607e-1;103e-2;3594e-1;453e-2
2016-08-25;08:05:39;1800e0;4644082e0;837e0;15836e0;363e-2;377e-2;367e-2;3654e-1;190e-2;3528e-1;583e-2
2016-08-25;08:35:39;1800e0;6061259e0;1624e0;20737e0;476e-2;491e-2;482e-2;3657e-1;341e-2;3471e-1;672e-2
2016-08-25;09:05:39;1800e0;7373714e0;1673e0;25477e0;580e-2;596e-2;587e-2;3612e-1;518e-2;3443e-1;718e-2
2016-08-25;09:35:39;1800e0;8592380e0;2222e0;29063e0;676e-2;693e-2;683e-2;3554e-1;702e-2;3412e-1;747e-2
2016-08-25;10:05:39;1800e0;9815033e0;2576e0;33293e0;772e-2;790e-2;780e-2;3509e-1;894e-2;3397e-1;771e-2
2016-08-25;10:35:39;1800e0;10687153e0;2416e0;36576e0;831e-2;850e-2;841e-2;3468e-1;1054e-2;3388e-1;769e-2
2016-08-25;11:05:39;1800e0;11310002e0;2671e0;38497e0;880e-2;899e-2;891e-2;3426e-1;1188e-2;3390e-1;753e-2
2016-08-25;11:35:39;1800e0;11841336e0;2363e0;40389e0;921e-2;941e-2;932e-2;3397e-1;1304e-2;3428e-1;729e-2
2016-08-25;12:05:39;1800e0;11796208e0;4020e0;39603e0;919e-2;938e-2;929e-2;3382e-1;1343e-2;3467e-1;680e-2
2016-08-25;12:35:39;1800e0;9266736e0;2623e0;31492e0;724e-2;740e-2;732e-2;3416e-1;1043e-2;3474e-1;537e-2
2016-08-25;13:05:39;1800e0;13168404e0;3119e0;45124e0;1034e-2;1054e-2;1046e-2;3366e-1;1506e-2;3496e-1;752e-2
2016-08-25;13:35:39;1800e0;12648827e0;4042e0;42384e0;995e-2;1015e-2;1007e-2;3366e-1;1457e-2;3493e-1;714e-2
2016-08-25;14:05:39;1800e0;12946351e0;3527e0;44102e0;1015e-2;1036e-2;1027e-2;3366e-1;1500e-2;3476e-1;726e-2
2016-08-25;14:35:39;1800e0;12914733e0;2555e0;45156e0;1013e-2;1034e-2;1025e-2;3362e-1;1493e-2;3450e-1;735e-2
2016-08-25;15:05:39;1800e0;10354613e0;2843e0;35133e0;810e-2;828e-2;819e-2;3420e-1;1142e-2;3434e-1;630e-2
2016-08-25;15:35:39;1800e0;11702931e0;3188e0;39189e0;914e-2;933e-2;924e-2;3416e-1;1244e-2;3420e-1;761e-2
2016-08-25;16:05:39;1800e0;11238053e0;3020e0;37769e0;875e-2;893e-2;884e-2;3448e-1;1134e-2;3397e-1;786e-2
2016-08-25;16:35:39;1800e0;10350424e0;2514e0;35444e0;805e-2;823e-2;814e-2;3473e-1;980e-2;3376e-1;788e-2
2016-08-25;17:05:39;1800e0;9142223e0;2921e0;30707e0;712e-2;729e-2;720e-2;3509e-1;791e-2;3386e-1;764e-2
2016-08-25;17:35:39;1800e0;8071383e0;1631e0;28099e0;639e-2;655e-2;646e-2;3539e-1;621e-2;3400e-1;749e-2
2016-08-25;18:05:39;1800e0;6353626e0;1317e0;21917e0;502e-2;517e-2;507e-2;3554e-1;412e-2;3433e-1;664e-2
2016-08-25;18:35:39;1800e0;3477895e0;511e0;12316e0;275e-2;286e-2;278e-2;3512e-1;190e-2;3485e-1;400e-2
2016-08-25;19:05:39;1800e0;2117348e0;399e0;7041e0;172e-2;176e-2;174e-2;3433e-1;108e-2;3483e-1;256e-2
2016-08-25;19:35:39;1800e0;2462589e0;322e0;8376e0;198e-2;205e-2;199e-2;3410e-1;89e-2;3559e-1;328e-2
2016-08-25;20:05:39;1800e0;545200e0;85e0;1669e0;59e-2;47e-2;59e-2;3170e-1;30e-2;3309e-1;74e-2
2016-08-26;06:35:40;1800e0;941646e0;103e0;3209e0;88e-2;80e-2;91e-2;3332e-1;34e-2;3469e-1;132e-2
2016-08-26;07:05:40;1800e0;1693167e0;176e0;5504e0;139e-2;142e-2;142e-2;3460e-1;61e-2;3568e-1;226e-2
2016-08-26;07:35:40;1800e0;2414724e0;441e0;8113e0;192e-2;201e-2;195e-2;3522e-1;94e-2;3598e-1;309e-2
2016-08-26;08:05:40;1800e0;4023011e0;612e0;13825e0;316e-2;329e-2;320e-2;3602e-1;199e-2;3585e-1;465e-2
2016-08-26;08:35:40;1800e0;5445046e0;917e0;19027e0;425e-2;439e-2;430e-2;3606e-1;335e-2;3518e-1;570e-2
2016-08-26;09:05:40;1800e0;6960138e0;1587e0;24005e0;539e-2;556e-2;546e-2;3597e-1;495e-2;3487e-1;664e-2
2016-08-26;09:35:40;1800e0;8904812e0;2847e0;29752e0;697e-2;715e-2;705e-2;3548e-1;734e-2;3433e-1;765e-2
2016-08-26;10:05:40;1800e0;7755762e0;2499e0;25925e0;612e-2;630e-2;620e-2;3535e-1;703e-2;3506e-1;592e-2
2016-08-26;10:35:40;1800e0;7696244e0;1768e0;26373e0;600e-2;617e-2;607e-2;3532e-1;732e-2;3529e-1;547e-2
2016-08-26;11:05:40;1800e0;10497504e0;2609e0;35624e0;820e-2;840e-2;830e-2;3473e-1;1070e-2;3472e-1;702e-2
2016-08-26;11:35:40;1800e0;10250453e0;2173e0;35243e0;800e-2;819e-2;809e-2;3450e-1;1086e-2;3484e-1;648e-2
2016-08-26;12:05:40;1800e0;11901833e0;3261e0;40313e0;929e-2;949e-2;939e-2;3414e-1;1321e-2;3488e-1;706e-2
2016-08-26;12:35:40;1800e0;12720803e0;2848e0;43905e0;1001e-2;1021e-2;1012e-2;3364e-1;1458e-2;3481e-1;729e-2
2016-08-26;13:05:40;1800e0;13159787e0;4194e0;44053e0;1029e-2;1050e-2;1041e-2;3337e-1;1521e-2;3484e-1;752e-2
2016-08-26;13:35:40;1800e0;13012798e0;3815e0;44235e0;1012e-2;1033e-2;1024e-2;3336e-1;1507e-2;3486e-1;741e-2
2016-08-26;14:05:40;1800e0;12745455e0;3224e0;44536e0;989e-2;1010e-2;1001e-2;3342e-1;1481e-2;3466e-1;723e-2
2016-08-26;14:35:40;1800e0;12266264e0;3333e0;41579e0;952e-2;972e-2;963e-2;3337e-1;1425e-2;3435e-1;704e-2
2016-08-26;15:05:40;1800e0;11908463e0;2561e0;40305e0;927e-2;946e-2;937e-2;3341e-1;1342e-2;3393e-1;732e-2
2016-08-26;15:35:40;1800e0;11327723e0;3108e0;38028e0;891e-2;910e-2;901e-2;3355e-1;1221e-2;3373e-1;752e-2
2016-08-26;16:05:40;1800e0;10478869e0;2993e0;35340e0;824e-2;843e-2;834e-2;3374e-1;1074e-2;3357e-1;750e-2
2016-08-26;16:35:40;1800e0;9623176e0;2466e0;32765e0;755e-2;772e-2;763e-2;3404e-1;923e-2;3350e-1;747e-2
2016-08-26;17:05:40;1800e0;8498784e0;2527e0;28571e0;667e-2;684e-2;674e-2;3433e-1;751e-2;3357e-1;719e-2
2016-08-26;17:35:40;1800e0;7131140e0;2365e0;23823e0;559e-2;575e-2;565e-2;3462e-1;563e-2;3385e-1;665e-2
2016-08-26;18:05:40;1800e0;5551314e0;1173e0;19204e0;433e-2;447e-2;438e-2;3468e-1;376e-2;3419e-1;576e-2
2016-08-26;18:35:40;1800e0;3017373e0;472e0;10494e0;240e-2;247e-2;243e-2;3393e-1;187e-2;3384e-1;338e-2
2016-08-26;19:05:40;1800e0;693407e0;124e0;2643e0;71e-2;61e-2;74e-2;3242e-1;67e-2;3243e-1;67e-2
2016-08-26;19:35:40;1800e0;294538e0;18e0;848e0;44e-2;25e-2;41e-2;3097e-1;33e-2;3093e-1;31e-2
2016-08-26;20:05:40;1800e0;129177e0;0e0;294e0;24e-2;10e-2;15e-2;2974e-1;13e-2;3075e-1;21e-2
2016-08-27;06:35:40;1800e0;660978e0;80e0;2377e0;72e-2;59e-2;76e-2;3405e-1;26e-2;3595e-1;98e-2
2016-08-27;07:05:40;1800e0;1897317e0;252e0;6324e0;155e-2;156e-2;158e-2;3553e-1;58e-2;3696e-1;251e-2
2016-08-27;07:35:40;1800e0;3361777e0;360e0;11683e0;266e-2;274e-2;269e-2;3651e-1;102e-2;3593e-1;453e-2
2016-08-27;08:05:40;1800e0;5005507e0;786e0;17038e0;395e-2;407e-2;398e-2;3738e-1;202e-2;3472e-1;636e-2
2016-08-27;08:35:40;1800e0;5934181e0;1432e0;20378e0;465e-2;479e-2;470e-2;3682e-1;345e-2;3420e-1;651e-2
2016-08-27;09:05:40;1800e0;5553091e0;1396e0;18958e0;435e-2;445e-2;439e-2;3633e-1;409e-2;3527e-1;503e-2
2016-08-27;09:35:40;1800e0;9445397e0;2306e0;32397e0;738e-2;755e-2;745e-2;3588e-1;778e-2;3347e-1;821e-2
2016-08-27;10:05:40;1800e0;10149897e0;2421e0;34451e0;795e-2;811e-2;802e-2;3541e-1;929e-2;3348e-1;795e-2
2016-08-27;10:35:40;1800e0;11243021e0;3043e0;38072e0;880e-2;897e-2;889e-2;3475e-1;1118e-2;3316e-1;813e-2
2016-08-27;11:05:40;1800e0;11835485e0;2669e0;39939e0;924e-2;942e-2;934e-2;3430e-1;1250e-2;3330e-1;791e-2
2016-08-27;11:35:40;1800e0;12237609e0;2204e0;41700e0;963e-2;981e-2;974e-2;3377e-1;1368e-2;3361e-1;754e-2
2016-08-27;12:05:40;1800e0;12524846e0;4056e0;43261e0;974e-2;992e-2;984e-2;3351e-1;1458e-2;3407e-1;715e-2
2016-08-27;12:35:40;1800e0;12852033e0;3680e0;43759e0;1000e-2;1018e-2;1011e-2;3315e-1;1509e-2;3457e-1;725e-2
2016-08-27;13:05:40;1800e0;13023552e0;3358e0;44753e0;1014e-2;1031e-2;1024e-2;3279e-1;1534e-2;3468e-1;744e-2
2016-08-27;13:35:40;1800e0;13326418e0;3694e0;45603e0;1037e-2;1054e-2;1048e-2;3310e-1;1555e-2;3487e-1;756e-2
2016-08-27;14:05:40;1800e0;13237582e0;4021e0;44815e0;1028e-2;1045e-2;1039e-2;3349e-1;1537e-2;3502e-1;738e-2
2016-08-27;14:35:40;1800e0;12682022e0;2475e0;45181e0;982e-2;999e-2;992e-2;3332e-1;1479e-2;3453e-1;718e-2
2016-08-27;15:05:40;1800e0;12596054e0;2928e0;44524e0;975e-2;992e-2;986e-2;3368e-1;1408e-2;3430e-1;763e-2
2016-08-27;15:35:40;1800e0;12144810e0;2890e0;40762e0;942e-2;958e-2;951e-2;3397e-1;1291e-2;3411e-1;796e-2
2016-08-27;16:05:40;1800e0;10545517e0;2307e0;35949e0;822e-2;837e-2;830e-2;3443e-1;1055e-2;3409e-1;745e-2
2016-08-27;16:35:40;1800e0;8251823e0;2112e0;28156e0;646e-2;659e-2;652e-2;3501e-1;767e-2;3450e-1;625e-2
2016-08-27;17:05:40;1800e0;3983955e0;907e0;13703e0;314e-2;322e-2;316e-2;3558e-1;348e-2;3528e-1;313e-2
2016-08-27;17:35:40;1800e0;8412503e0;2512e0;28425e0;660e-2;674e-2;666e-2;3550e-1;646e-2;3401e-1;776e-2
2016-08-27;18:05:40;1800e0;6592165e0;1894e0;22552e0;517e-2;530e-2;521e-2;3562e-1;425e-2;3391e-1;697e-2
2016-08-27;18:35:40;1800e0;5057295e0;842e0;17249e0;398e-2;408e-2;401e-2;3582e-1;243e-2;3435e-1;616e-2
2016-08-27;19:05:40;1800e0;3623583e0;631e0;12625e0;284e-2;292e-2;287e-2;3549e-1;117e-2;3491e-1;498e-2
2016-08-27;19:35:40;1800e0;2307851e0;395e0;7744e0;183e-2;187e-2;186e-2;3394e-1;56e-2;3556e-1;335e-2
2016-08-27;20:05:40;1800e0;655161e0;31e0;2328e0;64e-2;54e-2;63e-2;3192e-1;20e-2;3400e-1;101e-2
2016-08-28;08:35:40;1800e0;72341e0;0e0;102e0;21e-2;9e-2;11e-2;3288e-1;14e-2;3253e-1;12e-2
2016-08-28;09:05:40;1800e0;131437e0;10e0;625e0;43e-2;16e-2;39e-2;3355e-1;22e-2;3297e-1;18e-2
2016-08-28;09:35:40;1800e0;318714e0;37e0;1052e0;50e-2;30e-2;58e-2;3329e-1;33e-2;3299e-1;29e-2
2016-08-28;10:05:40;1800e0;892683e0;68e0;3202e0;84e-2;78e-2;89e-2;3494e-1;88e-2;3459e-1;68e-2
2016-08-28;10:35:40;1800e0;1481114e0;175e0;5182e0;123e-2;124e-2;126e-2;3570e-1;139e-2;3530e-1;111e-2
2016-08-28;11:05:40;1800e0;2772240e0;426e0;9517e0;219e-2;225e-2;221e-2;3622e-1;265e-2;3594e-1;188e-2
2016-08-28;11:35:40;1800e0;5560182e0;1231e0;19346e0;433e-2;445e-2;437e-2;3657e-1;534e-2;3643e-1;360e-2
2016-08-28;12:05:40;1800e0;9784452e0;2213e0;33554e0;763e-2;780e-2;771e-2;3600e-1;1005e-2;3633e-1;582e-2
2016-08-28;12:35:40;1800e0;12049948e0;2885e0;41960e0;942e-2;960e-2;952e-2;3508e-1;1286e-2;3591e-1;705e-2
2016-08-28;13:05:40;1800e0;10066138e0;2986e0;33731e0;784e-2;800e-2;792e-2;3529e-1;1057e-2;3590e-1;601e-2
2016-08-28;13:35:40;1800e0;10853696e0;2897e0;36670e0;845e-2;861e-2;853e-2;3531e-1;1154e-2;3598e-1;632e-2
2016-08-28;14:05:40;1800e0;12538799e0;3988e0;42364e0;974e-2;992e-2;984e-2;3484e-1;1364e-2;3575e-1;721e-2
2016-08-28;14:35:40;1800e0;10317382e0;2497e0;35233e0;801e-2;817e-2;809e-2;3494e-1;1101e-2;3544e-1;617e-2
2016-08-28;15:05:40;1800e0;10209770e0;2546e0;35153e0;794e-2;810e-2;802e-2;3500e-1;1064e-2;3514e-1;641e-2
2016-08-28;15:35:40;1800e0;9733414e0;2577e0;33197e0;760e-2;775e-2;768e-2;3490e-1;980e-2;3498e-1;651e-2
2016-08-28;16:05:40;1800e0;7396932e0;1553e0;25323e0;580e-2;593e-2;586e-2;3474e-1;724e-2;3468e-1;524e-2
2016-08-28;16:35:40;1800e0;4852905e0;1060e0;16504e0;381e-2;392e-2;385e-2;3469e-1;468e-2;3459e-1;355e-2
2016-08-28;17:05:40;1800e0;2509084e0;273e0;8844e0;201e-2;205e-2;203e-2;3506e-1;237e-2;3484e-1;188e-2
2016-08-28;17:35:40;1800e0;1223605e0;94e0;4176e0;106e-2;102e-2;110e-2;3419e-1;122e-2;3389e-1;93e-2
2016-08-28;18:35:41;1800e0;88215e0;6e0;246e0;32e-2;9e-2;12e-2;3269e-1;18e-2;3177e-1;13e-2
2016-08-28;19:05:40;1800e0;116316e0;0e0;176e0;25e-2;9e-2;10e-2;3120e-1;14e-2;3112e-1;15e-2
2016-08-28;19:35:41;1800e0;162600e0;0e0;228e0;43e-2;13e-2;30e-2;3174e-1;21e-2;3133e-1;18e-2
2016-08-28;20:05:41;1800e0;129692e0;0e0;288e0;30e-2;16e-2;25e-2;3145e-1;12e-2;3228e-1;29e-2
2016-08-29;07:05:41;1800e0;240176e0;9e0;1320e0;46e-2;23e-2;46e-2;3261e-1;30e-2;3209e-1;23e-2
2016-08-29;07:35:41;1800e0;847696e0;53e0;2701e0;81e-2;73e-2;85e-2;3408e-1;71e-2;3404e-1;79e-2
2016-08-29;08:05:41;1800e0;2910429e0;491e0;10061e0;230e-2;239e-2;234e-2;3580e-1;180e-2;3582e-1;299e-2
2016-08-29;08:35:41;1800e0;1395230e0;186e0;4924e0;116e-2;117e-2;120e-2;3519e-1;132e-2;3466e-1;107e-2
2016-08-29;09:05:41;1800e0;1181343e0;120e0;4250e0;102e-2;99e-2;106e-2;3487e-1;116e-2;3441e-1;89e-2
2016-08-29;09:35:41;1800e0;1378810e0;137e0;4932e0;115e-2;115e-2;119e-2;3528e-1;134e-2;3467e-1;102e-2
2016-08-29;10:05:41;1800e0;2503981e0;302e0;8832e0;198e-2;205e-2;201e-2;3582e-1;235e-2;3544e-1;180e-2
2016-08-29;10:35:41;1800e0;1492704e0;103e0;5130e0;124e-2;124e-2;127e-2;3522e-1;144e-2;3482e-1;110e-2
2016-08-29;11:05:41;1800e0;1299467e0;136e0;4654e0;110e-2;109e-2;114e-2;3526e-1;127e-2;3471e-1;95e-2
2016-08-29;11:35:41;1800e0;2228696e0;457e0;7568e0;177e-2;182e-2;180e-2;3611e-1;210e-2;3578e-1;156e-2
2016-08-29;12:05:41;1800e0;1986651e0;211e0;6963e0;160e-2;163e-2;163e-2;3578e-1;188e-2;3541e-1;142e-2
2016-08-29;12:35:41;1800e0;1794183e0;214e0;6416e0;144e-2;147e-2;148e-2;3582e-1;169e-2;3548e-1;129e-2
2016-08-29;13:05:41;1800e0;2003021e0;211e0;7200e0;160e-2;163e-2;163e-2;3597e-1;189e-2;3565e-1;142e-2
2016-08-29;13:35:41;1800e0;1608098e0;320e0;5577e0;133e-2;134e-2;136e-2;3565e-1;154e-2;3528e-1;115e-2
2016-08-29;14:05:41;1800e0;1781300e0;181e0;6239e0;146e-2;148e-2;150e-2;3579e-1;169e-2;3539e-1;127e-2
2016-08-29;14:35:41;1800e0;1346785e0;128e0;4784e0;113e-2;113e-2;117e-2;3545e-1;131e-2;3499e-1;97e-2
2016-08-29;15:05:41;1800e0;4605104e0;1088e0;15756e0;357e-2;366e-2;362e-2;3619e-1;442e-2;3606e-1;301e-2
2016-08-29;15:35:41;1800e0;6030421e0;1538e0;20546e0;467e-2;480e-2;472e-2;3622e-1;581e-2;3611e-1;393e-2
2016-08-29;16:05:41;1800e0;2163771e0;282e0;7467e0;172e-2;177e-2;175e-2;3572e-1;203e-2;3554e-1;156e-2
2016-08-29;16:35:41;1800e0;4972252e0;1032e0;17282e0;386e-2;397e-2;390e-2;3631e-1;446e-2;3621e-1;356e-2
2016-08-29;17:05:41;1800e0;4296185e0;1208e0;14369e0;335e-2;342e-2;340e-2;3576e-1;377e-2;3539e-1;323e-2
2016-08-29;17:35:41;1800e0;1454549e0;198e0;5072e0;124e-2;122e-2;127e-2;3501e-1;125e-2;3490e-1;121e-2
2016-08-29;18:05:41;1800e0;3143904e0;639e0;10704e0;250e-2;256e-2;254e-2;3582e-1;245e-2;3556e-1;269e-2
2016-08-29;18:35:41;1800e0;578436e0;55e0;2129e0;66e-2;50e-2;67e-2;3345e-1;54e-2;3327e-1;52e-2
2016-08-29;19:05:41;1800e0;475311e0;54e0;1428e0;58e-2;42e-2;62e-2;3349e-1;49e-2;3315e-1;41e-2
2016-08-29;19:35:41;1800e0;191526e0;21e0;467e0;42e-2;23e-2;43e-2;3336e-1;31e-2;3301e-1;24e-2
2016-08-29;20:05:41;1800e0;100830e0;14e0;664e0;18e-2;12e-2;15e-2;3206e-1;13e-2;3243e-1;18e-2
2016-08-30;06:35:42;1800e0;229537e0;55e0;802e0;54e-2;36e-2;59e-2;3406e-1;22e-2;3516e-1;55e-2
2016-08-30;07:05:42;1800e0;1038530e0;175e0;3391e0;97e-2;89e-2;103e-2;3411e-1;42e-2;3520e-1;134e-2
2016-08-30;07:35:42;1800e0;3357721e0;517e0;11652e0;262e-2;273e-2;266e-2;3635e-1;103e-2;3660e-1;444e-2
2016-08-30;08:05:42;1800e0;4779384e0;742e0;16735e0;375e-2;389e-2;380e-2;3704e-1;202e-2;3591e-1;579e-2
2016-08-30;08:35:42;1800e0;6720287e0;1675e0;23057e0;527e-2;543e-2;533e-2;3713e-1;397e-2;3554e-1;700e-2
2016-08-30;09:05:42;1800e0;4180461e0;906e0;14180e0;329e-2;340e-2;333e-2;3641e-1;310e-2;3611e-1;369e-2
2016-08-30;09:35:42;1800e0;7187421e0;1602e0;24797e0;564e-2;578e-2;570e-2;3644e-1;577e-2;3555e-1;592e-2
2016-08-30;10:05:42;1800e0;9830568e0;2735e0;32893e0;765e-2;782e-2;774e-2;3623e-1;863e-2;3517e-1;748e-2
2016-08-30;10:35:42;1800e0;10641872e0;2689e0;36417e0;825e-2;843e-2;835e-2;3579e-1;1016e-2;3491e-1;741e-2
2016-08-30;11:05:42;1800e0;10518350e0;2772e0;35874e0;818e-2;836e-2;828e-2;3554e-1;1057e-2;3521e-1;681e-2
2016-08-30;11:35:42;1800e0;7971273e0;1759e0;27452e0;622e-2;636e-2;629e-2;3554e-1;810e-2;3532e-1;506e-2
2016-08-30;12:05:42;1800e0;11142098e0;2209e0;38498e0;867e-2;885e-2;877e-2;3508e-1;1195e-2;3571e-1;649e-2
2016-08-30;12:35:42;1800e0;11237831e0;2960e0;38324e0;873e-2;891e-2;884e-2;3507e-1;1211e-2;3572e-1;650e-2
2016-08-30;13:05:42;1800e0;11751901e0;2687e0;40705e0;916e-2;934e-2;927e-2;3434e-1;1287e-2;3556e-1;691e-2
2016-08-30;13:35:42;1800e0;4809854e0;912e0;16593e0;377e-2;389e-2;382e-2;3571e-1;487e-2;3567e-1;302e-2
2016-08-30;14:05:42;1800e0;9925575e0;2344e0;33936e0;769e-2;786e-2;778e-2;3525e-1;1065e-2;3589e-1;573e-2
2016-08-30;14:35:42;1800e0;10725803e0;2137e0;37400e0;844e-2;862e-2;854e-2;3492e-1;1146e-2;3570e-1;635e-2
2016-08-30;15:05:42;1800e0;11720790e0;3126e0;39846e0;921e-2;939e-2;931e-2;3478e-1;1241e-2;3537e-1;715e-2
2016-08-30;15:35:42;1800e0;9046594e0;1844e0;31266e0;705e-2;720e-2;712e-2;3505e-1;913e-2;3543e-1;589e-2
2016-08-30;16:05:42;1800e0;8035745e0;1993e0;27326e0;624e-2;638e-2;631e-2;3547e-1;771e-2;3550e-1;548e-2
2016-08-30;16:35:42;1800e0;7674793e0;1472e0;26466e0;598e-2;612e-2;605e-2;3567e-1;700e-2;3543e-1;557e-2
2016-08-30;17:05:42;1800e0;7887529e0;1809e0;26767e0;613e-2;627e-2;620e-2;3591e-1;658e-2;3547e-1;634e-2
2016-08-30;17:35:42;1800e0;6152336e0;1220e0;21073e0;480e-2;493e-2;485e-2;3601e-1;478e-2;3563e-1;530e-2
2016-08-30;18:05:42;1800e0;6373589e0;1574e0;21770e0;495e-2;510e-2;501e-2;3591e-1;421e-2;3550e-1;628e-2
2016-08-30;18:35:42;1800e0;3252668e0;568e0;11145e0;258e-2;267e-2;261e-2;3545e-1;172e-2;3551e-1;369e-2
2016-08-30;19:05:42;1800e0;3051848e0;567e0;10765e0;242e-2;251e-2;244e-2;3528e-1;102e-2;3596e-1;406e-2
2016-08-30;19:35:42;1800e0;1283673e0;168e0;4285e0;111e-2;109e-2;114e-2;3323e-1;44e-2;3498e-1;180e-2
2016-08-30;20:05:42;1800e0;289041e0;42e0;907e0;40e-2;31e-2;40e-2;3172e-1;16e-2;3346e-1;54e-2
2016-08-31;06:35:42;1800e0;97095e0;6e0;386e0;40e-2;14e-2;33e-2;3426e-1;19e-2;3433e-1;20e-2
2016-08-31;07:05:42;1800e0;353346e0;37e0;705e0;51e-2;32e-2;56e-2;3384e-1;35e-2;3401e-1;34e-2
2016-08-31;07:35:42;1800e0;492141e0;59e0;1599e0;58e-2;45e-2;62e-2;3413e-1;53e-2;3381e-1;40e-2
2016-08-31;08:05:42;1800e0;865536e0;165e0;2874e0;81e-2;76e-2;83e-2;3497e-1;87e-2;3460e-1;67e-2
2016-08-31;08:35:42;1800e0;1422681e0;145e0;4603e0;120e-2;122e-2;123e-2;3557e-1;138e-2;3516e-1;105e-2
2016-08-31;09:05:42;1800e0;4201874e0;812e0;14410e0;333e-2;344e-2;336e-2;3627e-1;329e-2;3596e-1;357e-2
2016-08-31;09:35:42;1800e0;2936345e0;579e0;9859e0;235e-2;242e-2;237e-2;3581e-1;263e-2;3565e-1;221e-2
2016-08-31;10:05:42;1800e0;4490111e0;775e0;15484e0;356e-2;366e-2;359e-2;3591e-1;404e-2;3566e-1;330e-2
2016-08-31;10:35:42;1800e0;8783570e0;2376e0;29922e0;690e-2;706e-2;697e-2;3570e-1;844e-2;3527e-1;611e-2
2016-08-31;11:05:42;1800e0;10337446e0;2709e0;35559e0;809e-2;826e-2;818e-2;3504e-1;1048e-2;3456e-1;684e-2
2016-08-31;11:35:42;1800e0;12142036e0;3838e0;41465e0;947e-2;966e-2;958e-2;3449e-1;1317e-2;3437e-1;745e-2
2016-08-31;12:05:42;1800e0;11830806e0;2492e0;41554e0;926e-2;945e-2;936e-2;3410e-1;1339e-2;3461e-1;679e-2
2016-08-31;12:35:42;1800e0;13027501e0;3071e0;45012e0;1017e-2;1037e-2;1028e-2;3396e-1;1485e-2;3533e-1;729e-2
2016-08-31;13:05:42;1800e0;13221109e0;3259e0;45598e0;1044e-2;1064e-2;1056e-2;3371e-1;1508e-2;3537e-1;748e-2
2016-08-31;13:35:42;1800e0;12912281e0;2949e0;44510e0;1010e-2;1030e-2;1022e-2;3358e-1;1468e-2;3529e-1;743e-2
2016-08-31;14:05:42;1800e0;13185185e0;2916e0;45350e0;1030e-2;1050e-2;1041e-2;3384e-1;1498e-2;3526e-1;749e-2
2016-08-31;14:35:42;1800e0;12627956e0;3360e0;42995e0;985e-2;1005e-2;996e-2;3405e-1;1418e-2;3505e-1;730e-2
2016-08-31;15:05:42;1800e0;11666988e0;2391e0;40458e0;906e-2;925e-2;916e-2;3442e-1;1256e-2;3502e-1;716e-2
2016-08-31;15:35:42;1800e0;5661311e0;1019e0;19652e0;443e-2;457e-2;448e-2;3543e-1;560e-2;3543e-1;380e-2
2016-08-31;16:05:42;1800e0;8643250e0;1975e0;29514e0;675e-2;691e-2;682e-2;3553e-1;825e-2;3552e-1;604e-2
2016-08-31;16:35:42;1800e0;7961446e0;2156e0;27100e0;620e-2;635e-2;627e-2;3524e-1;732e-2;3500e-1;599e-2
2016-08-31;17:05:42;1799e0;7483263e0;1947e0;25578e0;583e-2;598e-2;589e-2;3580e-1;638e-2;3545e-1;595e-2
2016-08-31;17:35:42;1800e0;8271234e0;1863e0;28221e0;648e-2;664e-2;655e-2;3572e-1;654e-2;3502e-1;720e-2
2016-08-31;18:05:42;1800e0;5424852e0;1153e0;18621e0;426e-2;439e-2;430e-2;3563e-1;381e-2;3506e-1;526e-2
2016-08-31;18:35:42;1800e0;3195510e0;443e0;11198e0;252e-2;261e-2;255e-2;3539e-1;186e-2;3530e-1;351e-2
2016-08-31;19:05:42;1800e0;2664941e0;438e0;9117e0;212e-2;219e-2;214e-2;3503e-1;118e-2;3524e-1;335e-2
2016-08-31;19:35:42;1800e0;713317e0;77e0;2357e0;73e-2;60e-2;78e-2;3272e-1;42e-2;3355e-1;91e-2
2016-08-31;20:05:42;1800e0;107694e0;0e0;231e0;25e-2;12e-2;24e-2;3186e-1;13e-2;3252e-1;24e-2
2016-09-01;07:05:42;1800e0;448327e0;18e0;1320e0;56e-2;41e-2;61e-2;3405e-1;39e-2;3468e-1;45e-2
2016-09-01;07:35:42;1800e0;2141480e0;172e0;7415e0;172e-2;179e-2;175e-2;3607e-1;106e-2;3689e-1;243e-2
2016-09-01;08:05:42;1800e0;4182618e0;772e0;14424e0;330e-2;344e-2;336e-2;3704e-1;200e-2;3582e-1;486e-2
2016-09-01;08:35:42;1800e0;5225656e0;672e0;18332e0;411e-2;427e-2;417e-2;3672e-1;332e-2;3501e-1;534e-2
2016-09-01;09:05:42;1800e0;6761590e0;1564e0;23359e0;531e-2;549e-2;539e-2;3644e-1;498e-2;3486e-1;621e-2
2016-09-01;09:35:42;1800e0;8258927e0;2247e0;28103e0;647e-2;665e-2;655e-2;3603e-1;680e-2;3467e-1;692e-2
2016-09-01;10:05:42;1800e0;8913073e0;2051e0;30732e0;699e-2;718e-2;708e-2;3569e-1;804e-2;3478e-1;677e-2
2016-09-01;10:35:42;1800e0;7464064e0;2081e0;25207e0;582e-2;599e-2;589e-2;3552e-1;709e-2;3514e-1;529e-2
2016-09-01;11:05:43;1800e0;8135783e0;2006e0;27833e0;636e-2;653e-2;644e-2;3571e-1;803e-2;3575e-1;533e-2
2016-09-01;11:35:42;1800e0;10814614e0;2588e0;37009e0;851e-2;871e-2;862e-2;3482e-1;1134e-2;3521e-1;673e-2
2016-09-01;12:05:43;1800e0;9736404e0;2967e0;32796e0;765e-2;783e-2;774e-2;3495e-1;1025e-2;3538e-1;600e-2
2016-09-01;12:35:43;1800e0;5637465e0;1300e0;19294e0;444e-2;456e-2;450e-2;3529e-1;565e-2;3545e-1;363e-2
2016-09-01;13:05:43;1800e0;3057897e0;357e0;10647e0;240e-2;248e-2;244e-2;3566e-1;294e-2;3547e-1;211e-2
2016-09-01;13:35:43;1800e0;8515566e0;1731e0;29615e0;665e-2;680e-2;673e-2;3538e-1;905e-2;3581e-1;505e-2
2016-09-01;14:05:43;1800e0;13601318e0;3113e0;46897e0;1067e-2;1088e-2;1080e-2;3402e-1;1515e-2;3543e-1;789e-2
2016-09-01;14:35:43;1800e0;11706054e0;2591e0;40329e0;909e-2;928e-2;919e-2;3453e-1;1266e-2;3540e-1;700e-2
2016-09-01;15:05:43;1800e0;6240860e0;1185e0;21573e0;485e-2;499e-2;490e-2;3531e-1;624e-2;3552e-1;413e-2
2016-09-01;15:35:43;1800e0;6215721e0;1321e0;21619e0;485e-2;499e-2;490e-2;3562e-1;605e-2;3571e-1;417e-2
2016-09-01;16:05:43;1800e0;1055080e0;100e0;3810e0;94e-2;89e-2;98e-2;3406e-1;104e-2;3384e-1;82e-2
2016-09-01;16:35:43;1800e0;596852e0;93e0;2445e0;64e-2;53e-2;70e-2;3365e-1;63e-2;3312e-1;49e-2
2016-09-01;17:05:43;1800e0;419207e0;76e0;1351e0;54e-2;37e-2;61e-2;3308e-1;47e-2;3240e-1;36e-2
2016-09-01;17:35:43;1800e0;316232e0;35e0;640e0;50e-2;29e-2;56e-2;3245e-1;37e-2;3229e-1;30e-2
2016-09-01;18:05:43;1800e0;753277e0;92e0;2793e0;75e-2;65e-2;79e-2;3380e-1;68e-2;3378e-1;68e-2
2016-09-01;18:35:43;1800e0;4624160e0;533e0;16287e0;362e-2;375e-2;366e-2;3613e-1;236e-2;3582e-1;524e-2
2016-09-01;19:05:43;1800e0;3056434e0;334e0;10872e0;240e-2;250e-2;243e-2;3532e-1;97e-2;3591e-1;411e-2
2016-09-01;19:35:43;1800e0;858747e0;106e0;3148e0;82e-2;72e-2;86e-2;3310e-1;38e-2;3395e-1;117e-2
2016-09-01;20:05:43;1800e0;128079e0;18e0;346e0;36e-2;20e-2;33e-2;3253e-1;13e-2;3332e-1;38e-2
2016-09-02;07:05:43;1800e0;183518e0;18e0;350e0;35e-2;18e-2;32e-2;3235e-1;18e-2;3281e-1;24e-2
2016-09-02;07:35:43;1800e0;3057803e0;385e0;10673e0;242e-2;252e-2;246e-2;3591e-1;91e-2;3705e-1;404e-2
2016-09-02;08:05:43;1800e0;4800783e0;676e0;16196e0;374e-2;389e-2;379e-2;3724e-1;195e-2;3548e-1;597e-2
2016-09-02;08:35:43;1800e0;6377136e0;2031e0;21781e0;498e-2;514e-2;504e-2;3735e-1;360e-2;3521e-1;687e-2
2016-09-02;09:05:43;1800e0;7769127e0;1919e0;26532e0;605e-2;622e-2;612e-2;3680e-1;545e-2;3502e-1;732e-2
2016-09-02;09:35:43;1800e0;7928251e0;2035e0;27125e0;614e-2;631e-2;622e-2;3647e-1;640e-2;3545e-1;652e-2
2016-09-02;10:05:43;1800e0;10304402e0;2412e0;35445e0;797e-2;817e-2;807e-2;3612e-1;915e-2;3507e-1;780e-2
2016-09-02;10:35:43;1799e0;9231293e0;2367e0;31458e0;715e-2;732e-2;724e-2;3576e-1;875e-2;3535e-1;641e-2
2016-09-02;11:05:43;1800e0;10826720e0;2861e0;36712e0;840e-2;859e-2;851e-2;3533e-1;1077e-2;3533e-1;719e-2
2016-09-02;11:35:43;1800e0;3948069e0;505e0;13882e0;309e-2;321e-2;313e-2;3592e-1;378e-2;3577e-1;271e-2
2016-09-02;12:05:43;1799e0;2702444e0;434e0;9346e0;214e-2;222e-2;217e-2;3616e-1;256e-2;3578e-1;190e-2
2016-09-02;12:35:43;1800e0;4438624e0;958e0;15096e0;347e-2;360e-2;351e-2;3649e-1;419e-2;3621e-1;300e-2
2016-09-02;13:05:43;1800e0;7774514e0;2207e0;26393e0;602e-2;618e-2;609e-2;3579e-1;789e-2;3608e-1;479e-2
2016-09-02;13:35:43;1800e0;13820827e0;3169e0;47742e0;1067e-2;1087e-2;1080e-2;3444e-1;1509e-2;3579e-1;803e-2
2016-09-02;14:05:43;1800e0;9508791e0;2094e0;32770e0;737e-2;754e-2;745e-2;3475e-1;1024e-2;3558e-1;568e-2
2016-09-02;14:35:43;1800e0;9208938e0;2480e0;31543e0;712e-2;729e-2;721e-2;3557e-1;952e-2;3586e-1;566e-2
2016-09-02;15:05:43;1800e0;10332538e0;3082e0;34860e0;799e-2;817e-2;808e-2;3506e-1;1073e-2;3542e-1;646e-2
2016-09-02;15:35:43;1800e0;4503514e0;828e0;15866e0;350e-2;363e-2;354e-2;3573e-1;436e-2;3563e-1;308e-2
2016-09-02;16:05:43;1800e0;3849206e0;453e0;13508e0;302e-2;313e-2;305e-2;3596e-1;367e-2;3573e-1;266e-2
2016-09-02;16:35:43;1800e0;3746921e0;717e0;12985e0;294e-2;304e-2;297e-2;3583e-1;348e-2;3561e-1;270e-2
2016-09-02;17:05:43;1800e0;2725253e0;431e0;9307e0;215e-2;222e-2;218e-2;3569e-1;245e-2;3546e-1;207e-2
2016-09-02;17:35:43;1800e0;3082242e0;591e0;10488e0;244e-2;252e-2;247e-2;3554e-1;270e-2;3531e-1;243e-2
2016-09-02;18:05:43;1800e0;1070864e0;132e0;3722e0;95e-2;91e-2;98e-2;3460e-1;105e-2;3420e-1;85e-2
2016-09-02;18:35:43;1800e0;450737e0;68e0;1344e0;56e-2;39e-2;63e-2;3324e-1;50e-2;3274e-1;38e-2
2016-09-02;19:05:43;1800e0;253597e0;34e0;662e0;47e-2;21e-2;54e-2;3273e-1;32e-2;3190e-1;23e-2
2016-09-02;19:35:43;1800e0;71652e0;0e0;134e0;22e-2;9e-2;11e-2;3250e-1;18e-2;3179e-1;12e-2
2016-09-03;07:35:43;1800e0;437343e0;75e0;1161e0;55e-2;38e-2;63e-2;3343e-1;45e-2;3320e-1;38e-2
2016-09-03;08:05:43;1800e0;984602e0;154e0;3619e0;89e-2;83e-2;93e-2;3466e-1;92e-2;3442e-1;81e-2
2016-09-03;08:35:43;1800e0;2106896e0;234e0;7347e0;170e-2;173e-2;173e-2;3573e-1;168e-2;3571e-1;181e-2
2016-09-03;09:05:43;1800e0;4938257e0;1250e0;16762e0;386e-2;396e-2;389e-2;3644e-1;372e-2;3620e-1;425e-2
2016-09-03;09:35:43;1800e0;9067363e0;2398e0;30833e0;700e-2;716e-2;707e-2;3638e-1;740e-2;3522e-1;744e-2
2016-09-03;10:05:43;1800e0;8348935e0;2404e0;28416e0;643e-2;657e-2;649e-2;3612e-1;742e-2;3562e-1;619e-2
2016-09-03;10:35:43;1800e0;10108681e0;2888e0;34281e0;779e-2;795e-2;787e-2;3595e-1;947e-2;3564e-1;703e-2
2016-09-03;11:05:43;1800e0;9767026e0;2815e0;33087e0;754e-2;770e-2;761e-2;3563e-1;965e-2;3557e-1;639e-2
2016-09-03;11:35:43;1800e0;10082513e0;3232e0;33837e0;779e-2;795e-2;786e-2;3549e-1;1030e-2;3557e-1;633e-2
2016-09-03;12:05:43;1800e0;8998774e0;2845e0;30165e0;697e-2;713e-2;704e-2;3553e-1;926e-2;3582e-1;552e-2
2016-09-03;12:35:43;1800e0;6532337e0;1085e0;22599e0;510e-2;523e-2;514e-2;3609e-1;644e-2;3608e-1;418e-2
2016-09-03;13:05:43;1800e0;7724326e0;2022e0;26407e0;602e-2;617e-2;608e-2;3599e-1;773e-2;3610e-1;483e-2
2016-09-03;13:35:43;1800e0;10074347e0;2563e0;34290e0;783e-2;800e-2;791e-2;3567e-1;1051e-2;3613e-1;593e-2
2016-09-03;14:05:43;1800e0;7584899e0;1598e0;26264e0;589e-2;603e-2;595e-2;3593e-1;768e-2;3601e-1;466e-2
2016-09-03;14:35:43;1800e0;7177811e0;1670e0;24606e0;556e-2;570e-2;562e-2;3577e-1;722e-2;3588e-1;451e-2
2016-09-03;15:05:43;1800e0;6850174e0;1402e0;23508e0;532e-2;545e-2;538e-2;3584e-1;672e-2;3589e-1;448e-2
2016-09-03;15:35:43;1800e0;9851446e0;2428e0;33579e0;761e-2;777e-2;769e-2;3533e-1;976e-2;3561e-1;645e-2
2016-09-03;16:05:43;1800e0;8417365e0;2167e0;28685e0;650e-2;665e-2;656e-2;3560e-1;806e-2;3574e-1;578e-2
2016-09-03;16:35:43;1800e0;2944227e0;515e0;9996e0;230e-2;237e-2;232e-2;3569e-1;278e-2;3547e-1;210e-2
2016-09-03;17:05:43;1800e0;4124036e0;1036e0;14138e0;319e-2;329e-2;323e-2;3594e-1;362e-2;3578e-1;313e-2
2016-09-03;17:35:43;1800e0;1705065e0;191e0;5834e0;139e-2;140e-2;142e-2;3527e-1;165e-2;3475e-1;126e-2
2016-09-03;18:05:44;1800e0;945670e0;104e0;3356e0;86e-2;79e-2;90e-2;3446e-1;94e-2;3411e-1;75e-2
2016-09-03;18:35:43;1800e0;739325e0;75e0;2682e0;73e-2;61e-2;78e-2;3397e-1;71e-2;3383e-1;63e-2
2016-09-03;19:05:44;1800e0;659803e0;93e0;2328e0;68e-2;54e-2;74e-2;3373e-1;59e-2;3384e-1;62e-2
2016-09-03;19:35:44;1800e0;165051e0;24e0;422e0;29e-2;14e-2;28e-2;3234e-1;23e-2;3163e-1;19e-2
2016-09-04;07:05:00;1800e0;158281e0;6e0;352e0;44e-2;18e-2;48e-2;3420e-1;29e-2;3347e-1;21e-2
2016-09-04;07:35:00;1800e0;297420e0;33e0;931e0;48e-2;24e-2;58e-2;3344e-1;34e-2;3272e-1;26e-2
2016-09-04;08:05:00;1800e0;760148e0;48e0;2819e0;73e-2;64e-2;80e-2;3487e-1;77e-2;3438e-1;58e-2
2016-09-04;08:35:00;1800e0;1428021e0;173e0;5059e0;119e-2;118e-2;123e-2;3582e-1;131e-2;3546e-1;109e-2
2016-09-04;09:05:00;1800e0;1905855e0;250e0;6443e0;156e-2;158e-2;158e-2;3612e-1;176e-2;3579e-1;141e-2
2016-09-04;09:35:00;1800e0;2644965e0;344e0;9252e0;212e-2;218e-2;214e-2;3625e-1;242e-2;3597e-1;192e-2
2016-09-04;10:05:00;1800e0;2385137e0;310e0;7932e0;190e-2;196e-2;193e-2;3605e-1;225e-2;3578e-1;170e-2
2016-09-04;10:35:00;1800e0;2518815e0;512e0;8612e0;201e-2;207e-2;203e-2;3598e-1;238e-2;3573e-1;180e-2
2016-09-04;11:05:00;1800e0;2902970e0;407e0;10069e0;231e-2;238e-2;234e-2;3604e-1;276e-2;3583e-1;202e-2
2016-09-04;11:35:00;1800e0;5714470e0;1238e0;19382e0;450e-2;463e-2;454e-2;3601e-1;550e-2;3608e-1;382e-2
2016-09-04;12:05:00;1800e0;4196084e0;716e0;14477e0;331e-2;342e-2;334e-2;3593e-1;402e-2;3588e-1;287e-2
2016-09-04;12:35:00;1800e0;2960194e0;585e0;10114e0;235e-2;242e-2;238e-2;3565e-1;285e-2;3557e-1;207e-2
2016-09-04;13:05:00;1800e0;2540675e0;513e0;8657e0;202e-2;207e-2;204e-2;3590e-1;243e-2;3561e-1;179e-2
2016-09-04;13:35:00;1800e0;3157579e0;495e0;11256e0;249e-2;257e-2;252e-2;3591e-1;303e-2;3574e-1;219e-2
2016-09-04;14:05:00;1800e0;2600712e0;384e0;9022e0;206e-2;212e-2;208e-2;3586e-1;248e-2;3583e-1;182e-2
2016-09-04;14:35:00;1800e0;1686902e0;162e0;5815e0;138e-2;139e-2;141e-2;3542e-1;160e-2;3529e-1;126e-2
2016-09-04;15:05:00;1800e0;1309469e0;173e0;4665e0;111e-2;109e-2;114e-2;3511e-1;128e-2;3483e-1;98e-2
2016-09-04;15:35:00;1799e0;1240122e0;152e0;4059e0;106e-2;104e-2;110e-2;3538e-1;122e-2;3473e-1;91e-2
2016-09-04;16:05:00;1800e0;1094072e0;150e0;3872e0;96e-2;92e-2;100e-2;3514e-1;109e-2;3460e-1;82e-2
2016-09-04;16:35:00;1799e0;1151068e0;161e0;3978e0;100e-2;97e-2;104e-2;3535e-1;113e-2;3483e-1;85e-2
2016-09-04;17:05:00;1800e0;629891e0;84e0;1953e0;67e-2;53e-2;74e-2;3421e-1;65e-2;3364e-1;50e-2
2016-09-04;17:35:00;1800e0;368516e0;46e0;746e0;51e-2;31e-2;60e-2;3347e-1;42e-2;3273e-1;30e-2
2016-09-04;18:05:00;1800e0;273092e0;29e0;626e0;47e-2;22e-2;56e-2;3309e-1;33e-2;3219e-1;24e-2
2016-09-04;18:35:00;1800e0;219998e0;10e0;471e0;44e-2;16e-2;42e-2;3276e-1;28e-2;3211e-1;20e-2
2016-09-04;19:05:00;1800e0;81791e0;0e0;178e0;16e-2;4e-2;4e-2;3168e-1;14e-2;3121e-1;10e-2
2016-09-05;07:05:00;1800e0;1982546e0;205e0;6830e0;160e-2;165e-2;163e-2;3490e-1;39e-2;3708e-1;284e-2
2016-09-05;07:35:00;1800e0;3480787e0;516e0;12157e0;273e-2;285e-2;277e-2;3613e-1;87e-2;3636e-1;484e-2
2016-09-05;08:05:00;1800e0;4983679e0;946e0;17100e0;390e-2;405e-2;395e-2;3789e-1;193e-2;3565e-1;622e-2
2016-09-05;08:35:00;1800e0;6622955e0;1839e0;22803e0;520e-2;537e-2;526e-2;3761e-1;371e-2;3514e-1;714e-2
2016-09-05;09:05:00;1800e0;8287055e0;2629e0;27688e0;647e-2;664e-2;654e-2;3700e-1;580e-2;3513e-1;775e-2
2016-09-05;09:35:00;1800e0;9691229e0;3003e0;32698e0;754e-2;771e-2;762e-2;3649e-1;783e-2;3489e-1;808e-2
2016-09-05;10:05:00;1800e0;10888541e0;2586e0;37227e0;847e-2;866e-2;857e-2;3622e-1;969e-2;3508e-1;817e-2
2016-09-05;10:35:00;1800e0;11654367e0;2913e0;39440e0;908e-2;927e-2;918e-2;3537e-1;1135e-2;3455e-1;811e-2
2016-09-05;11:05:00;1800e0;12266229e0;3468e0;42078e0;957e-2;977e-2;968e-2;3478e-1;1276e-2;3452e-1;792e-2
2016-09-05;11:35:00;1800e0;12356048e0;3075e0;42926e0;970e-2;991e-2;982e-2;3413e-1;1362e-2;3447e-1;747e-2
2016-09-05;12:05:00;1800e0;10785011e0;2992e0;36500e0;847e-2;865e-2;857e-2;3390e-1;1207e-2;3483e-1;634e-2
2016-09-05;12:35:00;1800e0;14289682e0;3426e0;49036e0;1130e-2;1150e-2;1142e-2;3318e-1;1640e-2;3511e-1;828e-2
2016-09-05;13:05:00;1800e0;14485200e0;4636e0;48182e0;1133e-2;1155e-2;1147e-2;3278e-1;1673e-2;3507e-1;850e-2
2016-09-05;13:35:00;1800e0;14432904e0;3548e0;49329e0;1127e-2;1149e-2;1141e-2;3307e-1;1645e-2;3519e-1;852e-2
2016-09-05;14:05:00;1800e0;14480609e0;3645e0;49684e0;1130e-2;1152e-2;1143e-2;3256e-1;1683e-2;3467e-1;862e-2
2016-09-05;14:35:00;1800e0;3742103e0;768e0;12820e0;293e-2;303e-2;296e-2;3403e-1;396e-2;3452e-1;257e-2
2016-09-05;15:05:00;1800e0;10262232e0;3121e0;34287e0;805e-2;825e-2;815e-2;3467e-1;1094e-2;3493e-1;646e-2
2016-09-05;15:35:00;1800e0;9021366e0;2283e0;30952e0;710e-2;726e-2;719e-2;3325e-1;973e-2;3343e-1;612e-2
2016-09-05;16:05:00;1800e0;7620017e0;2228e0;25284e0;600e-2;614e-2;607e-2;3478e-1;748e-2;3444e-1;545e-2
2016-09-05;16:35:00;1800e0;3633463e0;474e0;12303e0;290e-2;298e-2;293e-2;3441e-1;341e-2;3417e-1;281e-2
2016-09-05;17:05:00;1800e0;2649694e0;516e0;9195e0;210e-2;217e-2;212e-2;3509e-1;238e-2;3491e-1;210e-2
2016-09-05;17:35:00;1800e0;5160822e0;1064e0;17728e0;405e-2;416e-2;409e-2;3549e-1;399e-2;3489e-1;464e-2
2016-09-05;18:05:00;1800e0;3407723e0;663e0;11450e0;272e-2;277e-2;275e-2;3474e-1;257e-2;3371e-1;331e-2
2016-09-05;18:35:01;1800e0;964992e0;156e0;3312e0;87e-2;81e-2;90e-2;3410e-1;91e-2;3390e-1;82e-2
2016-09-05;19:05:01;1800e0;589498e0;121e0;2108e0;64e-2;50e-2;69e-2;3328e-1;51e-2;3366e-1;59e-2
2016-09-05;19:35:00;1800e0;224328e0;0e0;413e0;45e-2;17e-2;41e-2;3150e-1;17e-2;3120e-1;35e-2
2016-09-06;07:05:01;1800e0;508447e0;80e0;1564e0;60e-2;46e-2;64e-2;3450e-1;48e-2;3456e-1;44e-2
2016-09-06;07:35:01;1800e0;685942e0;99e0;2455e0;69e-2;61e-2;72e-2;3508e-1;66e-2;3496e-1;55e-2
2016-09-06;08:05:01;1800e0;550002e0;75e0;2267e0;62e-2;51e-2;65e-2;3471e-1;58e-2;3428e-1;45e-2
2016-09-06;08:35:01;1800e0;1291999e0;156e0;4348e0;110e-2;111e-2;112e-2;3573e-1;121e-2;3549e-1;97e-2
2016-09-06;09:05:01;1800e0;2317033e0;318e0;7839e0;185e-2;194e-2;188e-2;3648e-1;209e-2;3622e-1;168e-2
2016-09-06;09:35:01;1800e0;4458701e0;675e0;15365e0;350e-2;365e-2;355e-2;3676e-1;390e-2;3670e-1;324e-2
2016-09-06;10:05:01;1800e0;9215867e0;2559e0;31209e0;726e-2;745e-2;735e-2;3603e-1;825e-2;3542e-1;686e-2
2016-09-06;10:35:01;1800e0;11093199e0;2750e0;37876e0;866e-2;887e-2;877e-2;3497e-1;1087e-2;3396e-1;795e-2
2016-09-06;11:05:01;1800e0;11855197e0;3281e0;39520e0;923e-2;945e-2;934e-2;3387e-1;1268e-2;3334e-1;791e-2
2016-09-06;11:35:01;1800e0;12309001e0;2944e0;42743e0;960e-2;981e-2;972e-2;3374e-1;1378e-2;3386e-1;751e-2
2016-09-06;12:05:01;1800e0;12831265e0;3452e0;43702e0;1001e-2;1022e-2;1013e-2;3374e-1;1474e-2;3446e-1;732e-2
2016-09-06;12:35:01;1800e0;13020945e0;3541e0;44406e0;1026e-2;1047e-2;1038e-2;3361e-1;1494e-2;3505e-1;735e-2
2016-09-06;13:05:01;1800e0;13587296e0;3554e0;46506e0;1065e-2;1085e-2;1077e-2;3371e-1;1548e-2;3547e-1;766e-2
2016-09-06;13:35:01;1800e0;13865129e0;3804e0;47571e0;1076e-2;1096e-2;1088e-2;3373e-1;1579e-2;3547e-1;781e-2
2016-09-06;14:05:01;1800e0;13556962e0;3384e0;46448e0;1051e-2;1071e-2;1063e-2;3392e-1;1541e-2;3539e-1;759e-2
2016-09-06;14:35:01;1800e0;13114857e0;2773e0;45289e0;1020e-2;1041e-2;1032e-2;3425e-1;1472e-2;3528e-1;741e-2
2016-09-06;15:05:01;1799e0;12691446e0;4060e0;42706e0;983e-2;1003e-2;995e-2;3448e-1;1376e-2;3490e-1;765e-2
2016-09-06;15:35:01;1800e0;12248132e0;3452e0;41205e0;950e-2;970e-2;961e-2;3471e-1;1269e-2;3494e-1;788e-2
2016-09-06;16:05:01;1800e0;10483587e0;2254e0;36327e0;818e-2;836e-2;827e-2;3520e-1;1024e-2;3507e-1;721e-2
2016-09-06;16:35:01;1800e0;9041051e0;1741e0;31495e0;706e-2;723e-2;714e-2;3567e-1;826e-2;3540e-1;662e-2
2016-09-06;17:05:01;1800e0;7521765e0;2149e0;25332e0;586e-2;603e-2;593e-2;3577e-1;644e-2;3526e-1;598e-2
2016-09-06;17:35:01;1799e0;8254190e0;2071e0;28161e0;641e-2;659e-2;648e-2;3606e-1;624e-2;3509e-1;738e-2
2016-09-06;18:05:01;1800e0;6536813e0;1621e0;22644e0;505e-2;521e-2;511e-2;3620e-1;408e-2;3525e-1;671e-2
2016-09-06;18:35:01;1800e0;4614934e0;899e0;15591e0;360e-2;374e-2;364e-2;3628e-1;208e-2;3555e-1;553e-2
2016-09-06;19:05:01;1800e0;2530353e0;438e0;8756e0;201e-2;207e-2;204e-2;3480e-1;77e-2;3573e-1;344e-2
2016-09-06;19:35:01;1800e0;223891e0;31e0;444e0;45e-2;18e-2;44e-2;3172e-1;18e-2;3071e-1;36e-2
2016-09-07;07:35:01;1800e0;256057e0;50e0;440e0;41e-2;25e-2;41e-2;3249e-1;33e-2;3171e-1;23e-2
2016-09-07;08:05:01;1800e0;480527e0;35e0;1603e0;58e-2;43e-2;62e-2;3366e-1;53e-2;3307e-1;38e-2
2016-09-07;08:35:01;1800e0;1096526e0;123e0;3751e0;97e-2;94e-2;100e-2;3481e-1;111e-2;3430e-1;81e-2
2016-09-07;09:05:01;1800e0;3787637e0;493e0;13151e0;300e-2;311e-2;304e-2;3598e-1;336e-2;3574e-1;286e-2
2016-09-07;09:35:01;1800e0;4949217e0;1279e0;16716e0;389e-2;403e-2;393e-2;3601e-1;435e-2;3578e-1;375e-2
2016-09-07;10:05:01;1800e0;7475359e0;1495e0;25989e0;587e-2;605e-2;594e-2;3584e-1;676e-2;3550e-1;553e-2
2016-09-07;10:35:01;1800e0;4286228e0;1049e0;14425e0;339e-2;350e-2;344e-2;3513e-1;406e-2;3471e-1;312e-2
2016-09-07;11:05:01;1800e0;1987890e0;162e0;6800e0;159e-2;165e-2;162e-2;3538e-1;192e-2;3500e-1;144e-2
2016-09-07;11:35:01;1800e0;1910283e0;150e0;6432e0;153e-2;159e-2;156e-2;3531e-1;184e-2;3505e-1;140e-2
2016-09-07;12:05:01;1800e0;2156645e0;192e0;7187e0;171e-2;178e-2;174e-2;3545e-1;208e-2;3518e-1;155e-2
2016-09-07;12:35:01;1800e0;2692628e0;402e0;9190e0;214e-2;223e-2;217e-2;3562e-1;258e-2;3529e-1;192e-2
2016-09-07;13:05:01;1800e0;3375925e0;585e0;11782e0;268e-2;278e-2;271e-2;3570e-1;322e-2;3545e-1;239e-2
2016-09-07;13:35:01;1800e0;4283496e0;752e0;14586e0;338e-2;350e-2;341e-2;3574e-1;409e-2;3556e-1;297e-2
2016-09-07;14:05:01;1800e0;4670470e0;904e0;15858e0;367e-2;380e-2;371e-2;3576e-1;453e-2;3558e-1;317e-2
2016-09-07;14:35:01;1800e0;5634434e0;1294e0;19105e0;441e-2;454e-2;446e-2;3528e-1;568e-2;3529e-1;366e-2
2016-09-07;15:05:01;1800e0;2897833e0;518e0;10080e0;228e-2;236e-2;230e-2;3546e-1;281e-2;3516e-1;204e-2
2016-09-07;15:35:01;1800e0;2190408e0;396e0;7451e0;175e-2;181e-2;178e-2;3522e-1;212e-2;3494e-1;158e-2
2016-09-07;16:05:01;1800e0;4773794e0;1080e0;16410e0;375e-2;388e-2;379e-2;3566e-1;453e-2;3551e-1;335e-2
2016-09-07;16:35:01;1800e0;2447537e0;273e0;8389e0;195e-2;203e-2;198e-2;3503e-1;236e-2;3480e-1;178e-2
2016-09-07;17:05:01;1800e0;2719058e0;277e0;9544e0;215e-2;224e-2;218e-2;3530e-1;254e-2;3508e-1;203e-2
2016-09-07;17:35:01;1800e0;1562467e0;193e0;5400e0;129e-2;129e-2;132e-2;3456e-1;153e-2;3419e-1;118e-2
2016-09-07;18:05:01;1800e0;708121e0;155e0;2697e0;71e-2;60e-2;75e-2;3354e-1;76e-2;3299e-1;58e-2
2016-09-07;18:35:01;1800e0;418861e0;50e0;1238e0;55e-2;34e-2;61e-2;3264e-1;47e-2;3216e-1;35e-2
2016-09-07;19:05:01;1800e0;91296e0;0e0;162e0;15e-2;6e-2;5e-2;3071e-1;14e-2;3026e-1;11e-2
2016-09-08;07:05:02;1800e0;637659e0;87e0;2310e0;68e-2;56e-2;71e-2;3314e-1;32e-2;3456e-1;85e-2
2016-09-08;07:35:02;1800e0;1895087e0;225e0;6273e0;152e-2;157e-2;155e-2;3525e-1;79e-2;3586e-1;240e-2
2016-09-08;08:05:02;1800e0;3650059e0;512e0;12764e0;285e-2;298e-2;289e-2;3657e-1;181e-2;3571e-1;422e-2
2016-09-08;08:35:02;1800e0;5367626e0;1078e0;18462e0;417e-2;432e-2;422e-2;3658e-1;334e-2;3522e-1;554e-2
2016-09-08;09:05:02;1800e0;7184329e0;1855e0;24502e0;557e-2;574e-2;564e-2;3614e-1;532e-2;3462e-1;666e-2
2016-09-08;09:35:02;1800e0;8630842e0;2003e0;29787e0;674e-2;692e-2;681e-2;3559e-1;729e-2;3393e-1;729e-2
2016-09-08;10:05:02;1800e0;8852372e0;2312e0;30038e0;689e-2;708e-2;697e-2;3533e-1;812e-2;3429e-1;678e-2
2016-09-08;10:35:02;1800e0;10304548e0;2674e0;34715e0;810e-2;829e-2;819e-2;3478e-1;1020e-2;3409e-1;732e-2
2016-09-08;11:05:02;1800e0;11413865e0;3069e0;38310e0;898e-2;919e-2;909e-2;3422e-1;1200e-2;3388e-1;761e-2
2016-09-08;11:35:02;1800e0;12126704e0;3197e0;41919e0;953e-2;973e-2;964e-2;3376e-1;1345e-2;3404e-1;750e-2
2016-09-08;12:05:02;1800e0;12730143e0;4241e0;43262e0;996e-2;1015e-2;1007e-2;3348e-1;1459e-2;3453e-1;741e-2
2016-09-08;12:35:02;1800e0;13351031e0;4431e0;44737e0;1039e-2;1058e-2;1050e-2;3350e-1;1525e-2;3499e-1;770e-2
2016-09-08;13:05:02;1800e0;13570681e0;4226e0;45731e0;1057e-2;1077e-2;1069e-2;3332e-1;1551e-2;3492e-1;792e-2
2016-09-08;13:35:02;1800e0;13504686e0;3568e0;46163e0;1055e-2;1075e-2;1067e-2;3349e-1;1542e-2;3497e-1;781e-2
2016-09-08;14:05:02;1800e0;13412315e0;3412e0;46029e0;1043e-2;1063e-2;1055e-2;3359e-1;1538e-2;3475e-1;769e-2
2016-09-08;14:35:02;1800e0;12638951e0;3127e0;43895e0;984e-2;1003e-2;995e-2;3361e-1;1445e-2;3440e-1;737e-2
2016-09-08;15:05:02;1800e0;12146978e0;2854e0;41952e0;944e-2;962e-2;954e-2;3404e-1;1334e-2;3419e-1;750e-2
2016-09-08;15:35:02;1800e0;11738354e0;3036e0;39403e0;918e-2;936e-2;928e-2;3432e-1;1234e-2;3412e-1;772e-2
2016-09-08;16:05:02;1800e0;10971800e0;3340e0;36269e0;858e-2;875e-2;867e-2;3466e-1;1095e-2;3408e-1;770e-2
2016-09-08;16:35:02;1800e0;9922120e0;3118e0;33241e0;775e-2;792e-2;783e-2;3502e-1;927e-2;3407e-1;754e-2
2016-09-08;17:05:02;1800e0;8836211e0;1775e0;30387e0;688e-2;704e-2;695e-2;3542e-1;757e-2;3426e-1;730e-2
2016-09-08;17:35:02;1800e0;7174254e0;1710e0;24480e0;557e-2;571e-2;562e-2;3558e-1;552e-2;3443e-1;655e-2
2016-09-08;18:05:02;1800e0;5303470e0;1196e0;18165e0;412e-2;425e-2;416e-2;3558e-1;348e-2;3487e-1;542e-2
2016-09-08;18:35:02;1800e0;3448415e0;510e0;12078e0;270e-2;278e-2;272e-2;3523e-1;180e-2;3508e-1;402e-2
2016-09-08;19:05:02;1800e0;1167963e0;144e0;4047e0;101e-2;96e-2;106e-2;3322e-1;53e-2;3472e-1;151e-2
2016-09-08;19:35:02;1800e0;246680e0;20e0;800e0;38e-2;19e-2;36e-2;3123e-1;21e-2;3192e-1;32e-2
2016-09-09;07:05:02;1800e0;319182e0;6e0;1296e0;51e-2;33e-2;53e-2;3315e-1;29e-2;3375e-1;46e-2
2016-09-09;07:35:02;1800e0;1721552e0;294e0;6078e0;140e-2;144e-2;143e-2;3504e-1;85e-2;3580e-1;206e-2
2016-09-09;08:05:02;1800e0;3293078e0;678e0;11365e0;259e-2;270e-2;262e-2;3622e-1;182e-2;3578e-1;364e-2
2016-09-09;08:35:02;1800e0;5068042e0;584e0;18081e0;399e-2;413e-2;403e-2;3636e-1;341e-2;3541e-1;497e-2
2016-09-09;09:05:02;1800e0;4978653e0;1345e0;16845e0;393e-2;406e-2;397e-2;3586e-1;395e-2;3536e-1;428e-2
2016-09-09;09:35:02;1800e0;3503324e0;710e0;12112e0;277e-2;287e-2;279e-2;3568e-1;308e-2;3537e-1;275e-2
2016-09-09;10:05:02;1800e0;4938310e0;949e0;17074e0;389e-2;401e-2;393e-2;3555e-1;452e-2;3542e-1;366e-2
2016-09-09;10:35:02;1800e0;4111237e0;545e0;14261e0;322e-2;334e-2;325e-2;3508e-1;397e-2;3498e-1;295e-2
2016-09-09;11:05:02;1800e0;6510598e0;1686e0;21695e0;508e-2;524e-2;513e-2;3512e-1;651e-2;3515e-1;440e-2
2016-09-09;11:35:02;1800e0;9710713e0;2226e0;33319e0;763e-2;783e-2;772e-2;3425e-1;1028e-2;3452e-1;629e-2
2016-09-09;12:05:02;1800e0;8997199e0;2531e0;29937e0;705e-2;723e-2;713e-2;3392e-1;969e-2;3450e-1;579e-2
2016-09-09;12:35:02;1800e0;9924337e0;2705e0;33977e0;773e-2;792e-2;782e-2;3421e-1;1069e-2;3484e-1;620e-2
2016-09-09;13:05:02;1800e0;9993175e0;2378e0;34381e0;777e-2;796e-2;786e-2;3416e-1;1080e-2;3503e-1;618e-2
2016-09-09;13:35:02;1800e0;9215710e0;2161e0;31618e0;717e-2;735e-2;725e-2;3450e-1;969e-2;3515e-1;584e-2
2016-09-09;14:05:02;1800e0;9364986e0;2756e0;31498e0;723e-2;741e-2;731e-2;3488e-1;979e-2;3540e-1;585e-2
2016-09-09;14:35:02;1800e0;9947279e0;2089e0;34313e0;768e-2;786e-2;777e-2;3498e-1;1035e-2;3545e-1;622e-2
2016-09-09;15:05:02;1800e0;6531184e0;1571e0;22443e0;505e-2;519e-2;511e-2;3533e-1;657e-2;3535e-1;427e-2
2016-09-09;15:35:02;1800e0;4665711e0;903e0;16108e0;363e-2;375e-2;366e-2;3557e-1;451e-2;3536e-1;322e-2
2016-09-09;16:05:02;1800e0;4955273e0;1068e0;16999e0;385e-2;398e-2;389e-2;3570e-1;471e-2;3544e-1;347e-2
2016-09-09;16:35:02;1800e0;7949663e0;2177e0;27060e0;618e-2;634e-2;625e-2;3545e-1;727e-2;3517e-1;594e-2
2016-09-09;17:05:02;1800e0;7608222e0;1706e0;26183e0;592e-2;608e-2;598e-2;3558e-1;648e-2;3505e-1;617e-2
2016-09-09;17:35:02;1800e0;6600644e0;1716e0;22652e0;518e-2;532e-2;523e-2;3565e-1;509e-2;3488e-1;594e-2
2016-09-09;18:05:02;1800e0;4861733e0;724e0;16807e0;381e-2;393e-2;385e-2;3569e-1;326e-2;3513e-1;485e-2
2016-09-09;18:35:02;1800e0;3288342e0;590e0;11338e0;260e-2;267e-2;262e-2;3536e-1;176e-2;3513e-1;378e-2
2016-09-09;19:05:02;1800e0;1642711e0;138e0;5488e0;136e-2;136e-2;138e-2;3413e-1;68e-2;3539e-1;212e-2
2016-09-09;19:35:02;1800e0;237976e0;6e0;497e0;38e-2;17e-2;36e-2;3178e-1;20e-2;3230e-1;31e-2
2016-09-10;07:05:02;1800e0;540063e0;81e0;2191e0;64e-2;48e-2;68e-2;3376e-1;28e-2;3525e-1;77e-2
2016-09-10;07:35:02;1800e0;2134473e0;271e0;7221e0;170e-2;174e-2;173e-2;3579e-1;78e-2;3713e-1;267e-2
2016-09-10;08:05:02;1800e0;4224556e0;455e0;14776e0;331e-2;341e-2;334e-2;3749e-1;190e-2;3631e-1;493e-2
2016-09-10;08:35:02;1800e0;6195263e0;1888e0;20973e0;483e-2;496e-2;488e-2;3747e-1;364e-2;3506e-1;652e-2
2016-09-10;09:05:02;1800e0;7614006e0;1749e0;25924e0;596e-2;610e-2;602e-2;3659e-1;556e-2;3445e-1;708e-2
2016-09-10;09:35:02;1800e0;9264622e0;2748e0;31299e0;726e-2;743e-2;734e-2;3563e-1;782e-2;3340e-1;792e-2
2016-09-10;10:05:02;1800e0;10286217e0;2820e0;34814e0;809e-2;826e-2;817e-2;3495e-1;963e-2;3326e-1;800e-2
2016-09-10;10:35:02;1800e0;10990920e0;2786e0;37266e0;858e-2;875e-2;866e-2;3445e-1;1105e-2;3331e-1;787e-2
2016-09-10;11:05:02;1800e0;11598785e0;3415e0;38994e0;904e-2;921e-2;913e-2;3396e-1;1233e-2;3358e-1;773e-2
2016-09-10;11:35:02;1800e0;12180988e0;2189e0;42023e0;950e-2;967e-2;960e-2;3367e-1;1355e-2;3396e-1;752e-2
2016-09-10;12:05:02;1800e0;12597116e0;3244e0;43770e0;980e-2;997e-2;990e-2;3347e-1;1439e-2;3446e-1;737e-2
2016-09-10;12:35:02;1800e0;12993456e0;3413e0;44479e0;1011e-2;1028e-2;1021e-2;3334e-1;1480e-2;3499e-1;758e-2
2016-09-10;13:05:02;1800e0;12511988e0;3210e0;42835e0;974e-2;990e-2;984e-2;3287e-1;1431e-2;3470e-1;753e-2
2016-09-10;13:35:02;1800e0;9451493e0;2123e0;32465e0;736e-2;750e-2;744e-2;3405e-1;1043e-2;3499e-1;572e-2
2016-09-10;14:05:02;1800e0;12992574e0;3361e0;44557e0;1008e-2;1025e-2;1019e-2;3317e-1;1483e-2;3469e-1;770e-2
2016-09-10;14:35:02;1800e0;12256881e0;3563e0;42487e0;955e-2;972e-2;964e-2;3310e-1;1413e-2;3436e-1;722e-2
2016-09-10;15:05:02;1800e0;12190909e0;3235e0;40061e0;948e-2;965e-2;957e-2;3327e-1;1366e-2;3387e-1;762e-2
2016-09-10;15:35:02;1800e0;11772800e0;2829e0;39636e0;910e-2;927e-2;919e-2;3349e-1;1264e-2;3365e-1;787e-2
2016-09-10;16:05:02;1800e0;10982178e0;2901e0;36996e0;847e-2;864e-2;856e-2;3390e-1;1117e-2;3354e-1;786e-2
2016-09-10;16:35:02;1800e0;10111126e0;2702e0;34435e0;782e-2;798e-2;789e-2;3452e-1;954e-2;3367e-1;780e-2
2016-09-10;17:05:02;1800e0;8963315e0;2563e0;30229e0;696e-2;711e-2;702e-2;3493e-1;775e-2;3376e-1;754e-2
2016-09-10;17:35:02;1800e0;7541486e0;2023e0;25782e0;588e-2;602e-2;593e-2;3540e-1;575e-2;3417e-1;699e-2
2016-09-10;18:05:02;1800e0;5798063e0;1459e0;19647e0;453e-2;464e-2;456e-2;3561e-1;368e-2;3459e-1;606e-2
2016-09-10;18:35:02;1800e0;3889897e0;618e0;13462e0;306e-2;314e-2;308e-2;3560e-1;183e-2;3497e-1;471e-2
2016-09-10;19:05:02;1800e0;1967617e0;242e0;6582e0;158e-2;160e-2;161e-2;3415e-1;61e-2;3543e-1;272e-2
2016-09-10;19:35:02;1800e0;137124e0;12e0;327e0;32e-2;13e-2;30e-2;3208e-1;16e-2;3222e-1;26e-2
2016-09-11;07:35:03;1800e0;295162e0;24e0;744e0;47e-2;25e-2;50e-2;3245e-1;33e-2;3236e-1;29e-2
2016-09-11;08:05:03;1800e0;445021e0;55e0;1411e0;55e-2;38e-2;63e-2;3329e-1;49e-2;3276e-1;38e-2
2016-09-11;08:35:03;1800e0;590301e0;75e0;2205e0;63e-2;51e-2;70e-2;3374e-1;63e-2;3331e-1;50e-2
2016-09-11;09:05:03;1800e0;908783e0;106e0;3298e0;84e-2;77e-2;88e-2;3431e-1;91e-2;3395e-1;73e-2
2016-09-11;09:35:03;1800e0;2247175e0;299e0;7825e0;179e-2;182e-2;183e-2;3534e-1;204e-2;3506e-1;173e-2
2016-09-11;10:05:03;1800e0;6829110e0;1744e0;23415e0;529e-2;544e-2;535e-2;3579e-1;615e-2;3549e-1;511e-2
2016-09-11;10:35:03;1800e0;8501648e0;2276e0;28871e0;661e-2;678e-2;669e-2;3542e-1;820e-2;3504e-1;597e-2
2016-09-11;11:05:03;1800e0;10245379e0;2952e0;34577e0;797e-2;815e-2;806e-2;3486e-1;1046e-2;3451e-1;682e-2
2016-09-11;11:35:03;1800e0;11800356e0;2955e0;39819e0;915e-2;932e-2;924e-2;3430e-1;1271e-2;3436e-1;740e-2
2016-09-11;12:05:03;1799e0;11253093e0;2586e0;38832e0;873e-2;890e-2;882e-2;3425e-1;1234e-2;3475e-1;678e-2
2016-09-11;12:35:03;1800e0;13095781e0;2968e0;45214e0;1018e-2;1036e-2;1028e-2;3368e-1;1472e-2;3482e-1;775e-2
2016-09-11;13:05:03;1800e0;12033609e0;3057e0;40992e0;934e-2;951e-2;943e-2;3373e-1;1337e-2;3496e-1;723e-2
2016-09-11;13:35:03;1800e0;7303336e0;2100e0;24462e0;567e-2;580e-2;572e-2;3494e-1;764e-2;3523e-1;457e-2
2016-09-11;14:05:03;1800e0;7468343e0;1905e0;25474e0;577e-2;589e-2;582e-2;3457e-1;793e-2;3506e-1;469e-2
2016-09-11;14:35:03;1800e0;3374892e0;537e0;11755e0;263e-2;271e-2;266e-2;3508e-1;338e-2;3514e-1;229e-2
2016-09-11;15:05:03;1800e0;5004681e0;1150e0;17035e0;387e-2;397e-2;390e-2;3516e-1;508e-2;3535e-1;325e-2
2016-09-11;15:35:03;1800e0;2527064e0;333e0;8698e0;198e-2;204e-2;201e-2;3502e-1;241e-2;3519e-1;187e-2
2016-09-11;16:05:03;1800e0;7645343e0;1848e0;26224e0;589e-2;603e-2;595e-2;3545e-1;728e-2;3538e-1;540e-2
2016-09-11;16:35:03;1800e0;8767821e0;2006e0;30006e0;677e-2;692e-2;684e-2;3516e-1;808e-2;3482e-1;659e-2
2016-09-11;17:05:03;1800e0;8024781e0;2200e0;27231e0;623e-2;637e-2;629e-2;3563e-1;672e-2;3509e-1;660e-2
2016-09-11;17:35:03;1800e0;8148473e0;2168e0;27688e0;630e-2;644e-2;636e-2;3573e-1;614e-2;3482e-1;745e-2
2016-09-11;18:05:03;1800e0;6145855e0;1741e0;20752e0;476e-2;489e-2;481e-2;3582e-1;385e-2;3509e-1;640e-2
2016-09-11;18:35:03;1800e0;4159814e0;794e0;14208e0;325e-2;335e-2;328e-2;3583e-1;191e-2;3514e-1;506e-2
2016-09-11;19:05:03;1800e0;1806569e0;242e0;6122e0;149e-2;147e-2;153e-2;3407e-1;58e-2;3522e-1;249e-2
2016-09-11;19:35:03;1800e0;107881e0;0e0;261e0;23e-2;9e-2;19e-2;3163e-1;13e-2;3272e-1;20e-2
2016-09-12;07:05:03;1800e0;952569e0;168e0;3234e0;95e-2;90e-2;96e-2;3425e-1;30e-2;3682e-1;146e-2
2016-09-12;07:35:03;1800e0;2770805e0;360e0;9860e0;218e-2;227e-2;221e-2;3618e-1;79e-2;3768e-1;364e-2
2016-09-12;08:05:03;1800e0;4566080e0;883e0;15590e0;357e-2;371e-2;361e-2;3767e-1;193e-2;3626e-1;547e-2
2016-09-12;08:35:03;1800e0;6352444e0;1559e0;22219e0;494e-2;509e-2;499e-2;3733e-1;376e-2;3525e-1;666e-2
2016-09-12;09:05:03;1800e0;6710850e0;1693e0;23109e0;521e-2;537e-2;527e-2;3667e-1;487e-2;3522e-1;616e-2
2016-09-12;09:35:03;1800e0;8310041e0;2406e0;28137e0;652e-2;670e-2;660e-2;3631e-1;688e-2;3500e-1;682e-2
2016-09-12;10:05:03;1800e0;9637218e0;2531e0;32650e0;755e-2;774e-2;763e-2;3562e-1;882e-2;3438e-1;730e-2
2016-09-12;10:35:03;1800e0;11124389e0;2419e0;38102e0;867e-2;887e-2;877e-2;3525e-1;1091e-2;3442e-1;776e-2
2016-09-12;11:05:03;1800e0;11858434e0;2898e0;39789e0;925e-2;946e-2;936e-2;3483e-1;1232e-2;3454e-1;768e-2
2016-09-12;11:35:03;1800e0;12384296e0;3089e0;43020e0;966e-2;987e-2;977e-2;3433e-1;1359e-2;3456e-1;747e-2
2016-09-12;12:05:03;1800e0;12611327e0;3256e0;43836e0;988e-2;1010e-2;1000e-2;3381e-1;1432e-2;3486e-1;727e-2
2016-09-12;12:35:03;1800e0;13075518e0;4036e0;44084e0;1019e-2;1041e-2;1032e-2;3332e-1;1500e-2;3498e-1;758e-2
2016-09-12;13:05:03;1800e0;13241455e0;3734e0;45047e0;1034e-2;1057e-2;1047e-2;3311e-1;1521e-2;3492e-1;777e-2
2016-09-12;13:35:03;1800e0;13175623e0;2710e0;45673e0;1019e-2;1041e-2;1031e-2;3295e-1;1522e-2;3476e-1;774e-2
2016-09-12;14:05:03;1800e0;12833534e0;3921e0;43532e0;999e-2;1021e-2;1011e-2;3295e-1;1493e-2;3454e-1;749e-2
2016-09-12;14:35:03;1800e0;12337473e0;3399e0;41760e0;972e-2;994e-2;984e-2;3298e-1;1439e-2;3421e-1;724e-2
2016-09-12;15:05:03;1800e0;11985325e0;3082e0;39963e0;945e-2;966e-2;956e-2;3320e-1;1354e-2;3365e-1;750e-2
2016-09-12;15:35:03;1800e0;11491220e0;3245e0;38683e0;900e-2;921e-2;910e-2;3337e-1;1245e-2;3333e-1;773e-2
2016-09-12;16:05:03;1800e0;10714098e0;2848e0;36288e0;833e-2;852e-2;842e-2;3361e-1;1106e-2;3296e-1;777e-2
2016-09-12;16:35:03;1800e0;9892257e0;2799e0;33518e0;770e-2;788e-2;778e-2;3421e-1;949e-2;3302e-1;774e-2
2016-09-12;17:05:03;1800e0;8753420e0;2417e0;29553e0;687e-2;705e-2;695e-2;3475e-1;766e-2;3331e-1;745e-2
2016-09-12;17:35:03;1800e0;7264107e0;1147e0;25705e0;565e-2;580e-2;571e-2;3512e-1;562e-2;3352e-1;686e-2
2016-09-12;18:05:03;1800e0;5537796e0;1021e0;19244e0;432e-2;445e-2;436e-2;3532e-1;357e-2;3411e-1;588e-2
2016-09-12;18:35:03;1800e0;3456708e0;443e0;12076e0;271e-2;280e-2;274e-2;3512e-1;171e-2;3471e-1;418e-2
2016-09-12;19:05:03;1800e0;1321390e0;179e0;4437e0;113e-2;109e-2;116e-2;3336e-1;56e-2;3478e-1;175e-2
2016-09-12;19:35:03;1800e0;88740e0;0e0;211e0;26e-2;10e-2;20e-2;3169e-1;15e-2;3196e-1;18e-2
2016-09-13;07:05:04;1800e0;225092e0;39e0;629e0;48e-2;27e-2;47e-2;3337e-1;24e-2;3391e-1;41e-2
2016-09-13;07:35:04;1800e0;1152370e0;87e0;3893e0;100e-2;97e-2;104e-2;3445e-1;64e-2;3534e-1;136e-2
2016-09-13;08:05:04;1800e0;2665013e0;451e0;9345e0;212e-2;219e-2;214e-2;3587e-1;149e-2;3589e-1;293e-2
2016-09-13;08:35:04;1800e0;4459250e0;559e0;15520e0;351e-2;362e-2;354e-2;3627e-1;292e-2;3574e-1;441e-2
2016-09-13;09:05:04;1800e0;6273687e0;1628e0;21678e0;490e-2;504e-2;495e-2;3626e-1;470e-2;3539e-1;562e-2
2016-09-13;09:35:04;1800e0;7863337e0;2330e0;26710e0;616e-2;632e-2;622e-2;3589e-1;660e-2;3486e-1;645e-2
2016-09-13;10:05:04;1800e0;9258245e0;2311e0;31715e0;714e-2;731e-2;722e-2;3565e-1;842e-2;3480e-1;697e-2
2016-09-13;10:35:04;1800e0;10369995e0;2278e0;35603e0;801e-2;819e-2;810e-2;3525e-1;1009e-2;3472e-1;725e-2
2016-09-13;11:05:04;1800e0;11268373e0;2930e0;38327e0;870e-2;888e-2;880e-2;3475e-1;1162e-2;3462e-1;738e-2
2016-09-13;11:35:04;1800e0;11995561e0;3449e0;39668e0;935e-2;953e-2;945e-2;3452e-1;1294e-2;3472e-1;734e-2
2016-09-13;12:05:04;1800e0;12476405e0;3557e0;43012e0;970e-2;990e-2;981e-2;3427e-1;1382e-2;3490e-1;733e-2
2016-09-13;12:35:04;1800e0;12870669e0;3648e0;44031e0;1001e-2;1020e-2;1012e-2;3392e-1;1440e-2;3495e-1;756e-2
2016-09-13;13:05:04;1800e0;13080163e0;3806e0;44307e0;1022e-2;1043e-2;1034e-2;3374e-1;1468e-2;3497e-1;772e-2
2016-09-13;13:35:04;1800e0;13055061e0;3454e0;44861e0;1020e-2;1040e-2;1031e-2;3358e-1;1474e-2;3483e-1;771e-2
2016-09-13;14:05:04;1800e0;12777755e0;3675e0;43678e0;998e-2;1018e-2;1009e-2;3361e-1;1449e-2;3468e-1;750e-2
2016-09-13;14:35:04;1800e0;12270724e0;2764e0;42524e0;955e-2;975e-2;966e-2;3360e-1;1394e-2;3433e-1;726e-2
2016-09-13;15:05:04;1800e0;11839113e0;3386e0;39504e0;920e-2;939e-2;930e-2;3375e-1;1309e-2;3385e-1;741e-2
2016-09-13;15:35:04;1800e0;11303446e0;2431e0;38774e0;877e-2;896e-2;887e-2;3408e-1;1195e-2;3381e-1;754e-2
2016-09-13;16:05:04;1800e0;10501152e0;2271e0;36158e0;813e-2;832e-2;823e-2;3448e-1;1052e-2;3374e-1;748e-2
2016-09-13;16:35:04;1800e0;9428689e0;2889e0;31864e0;736e-2;753e-2;744e-2;3474e-1;887e-2;3375e-1;726e-2
2016-09-13;17:05:04;1800e0;8211397e0;2464e0;27607e0;645e-2;661e-2;651e-2;3499e-1;711e-2;3380e-1;690e-2
2016-09-13;17:35:04;1800e0;6714968e0;1681e0;23071e0;521e-2;537e-2;527e-2;3522e-1;518e-2;3424e-1;622e-2
2016-09-13;18:05:04;1800e0;5011272e0;918e0;17122e0;389e-2;402e-2;393e-2;3522e-1;326e-2;3466e-1;522e-2
2016-09-13;18:35:04;1800e0;3168684e0;300e0;11328e0;248e-2;256e-2;250e-2;3500e-1;159e-2;3516e-1;377e-2
2016-09-13;19:05:04;1800e0;1198702e0;140e0;4035e0;105e-2;99e-2;109e-2;3317e-1;53e-2;3441e-1;158e-2
2016-09-13;19:35:04;1800e0;70542e0;0e0;146e0;23e-2;10e-2;15e-2;3177e-1;15e-2;3188e-1;17e-2
2016-09-14;07:05:04;1800e0;325358e0;76e0;1369e0;60e-2;45e-2;63e-2;3402e-1;24e-2;3518e-1;71e-2
2016-09-14;07:35:04;1800e0;1805451e0;224e0;6222e0;146e-2;151e-2;149e-2;3519e-1;69e-2;3612e-1;233e-2
2016-09-14;08:05:04;1800e0;3609163e0;714e0;12448e0;287e-2;297e-2;289e-2;3656e-1;174e-2;3581e-1;420e-2
2016-09-14;08:35:04;1800e0;5374058e0;1136e0;18283e0;430e-2;444e-2;434e-2;3661e-1;332e-2;3542e-1;552e-2
2016-09-14;09:05:04;1800e0;7038555e0;1497e0;24366e0;564e-2;580e-2;570e-2;3638e-1;518e-2;3516e-1;641e-2
2016-09-14;09:35:04;1800e0;8284344e0;2521e0;27570e0;665e-2;682e-2;672e-2;3587e-1;694e-2;3462e-1;685e-2
2016-09-14;10:05:04;1800e0;9437547e0;2778e0;31435e0;763e-2;781e-2;771e-2;3529e-1;869e-2;3410e-1;723e-2
2016-09-14;10:35:04;1800e0;10340037e0;2708e0;35066e0;839e-2;858e-2;848e-2;3467e-1;1025e-2;3396e-1;737e-2
2016-09-14;11:05:04;1800e0;10980726e0;2320e0;37498e0;892e-2;911e-2;902e-2;3403e-1;1154e-2;3381e-1;739e-2
2016-09-14;11:35:04;1800e0;11290978e0;2281e0;38785e0;920e-2;939e-2;930e-2;3370e-1;1236e-2;3403e-1;717e-2
2016-09-14;12:05:04;1800e0;11140359e0;3065e0;37495e0;892e-2;911e-2;902e-2;3374e-1;1229e-2;3445e-1;688e-2
2016-09-14;12:35:04;1800e0;12240661e0;2682e0;42206e0;974e-2;994e-2;984e-2;3347e-1;1369e-2;3457e-1;745e-2
2016-09-14;13:05:04;1799e0;12180523e0;3717e0;40972e0;965e-2;985e-2;976e-2;3349e-1;1362e-2;3467e-1;739e-2
2016-09-14;13:35:04;1800e0;12671540e0;4052e0;42860e0;986e-2;1007e-2;997e-2;3325e-1;1433e-2;3460e-1;764e-2
2016-09-14;14:05:04;1800e0;12569567e0;3687e0;43439e0;980e-2;1001e-2;991e-2;3294e-1;1445e-2;3419e-1;758e-2
2016-09-14;14:35:04;1800e0;11967546e0;2563e0;40804e0;939e-2;961e-2;950e-2;3309e-1;1371e-2;3389e-1;728e-2
2016-09-14;15:05:04;1800e0;11547024e0;3325e0;38789e0;905e-2;926e-2;916e-2;3332e-1;1284e-2;3352e-1;740e-2
2016-09-14;15:35:04;1800e0;10666493e0;2645e0;36103e0;834e-2;854e-2;843e-2;3347e-1;1138e-2;3344e-1;729e-2
2016-09-14;16:05:04;1800e0;9865965e0;2586e0;33728e0;773e-2;792e-2;781e-2;3395e-1;996e-2;3357e-1;714e-2
2016-09-14;16:35:04;1800e0;8713517e0;2443e0;29428e0;684e-2;702e-2;692e-2;3439e-1;824e-2;3372e-1;676e-2
2016-09-14;17:05:04;1800e0;7459604e0;1775e0;25621e0;587e-2;605e-2;594e-2;3466e-1;654e-2;3378e-1;626e-2
2016-09-14;17:35:04;1800e0;5779279e0;1358e0;19672e0;452e-2;466e-2;456e-2;3482e-1;458e-2;3398e-1;532e-2
2016-09-14;18:05:04;1800e0;4102518e0;498e0;14371e0;321e-2;332e-2;324e-2;3485e-1;284e-2;3424e-1;418e-2
2016-09-14;18:35:04;1800e0;2029723e0;183e0;7045e0;163e-2;166e-2;165e-2;3416e-1;128e-2;3425e-1;225e-2
2016-09-14;19:05:04;1800e0;735235e0;80e0;2490e0;74e-2;62e-2;78e-2;3254e-1;49e-2;3360e-1;86e-2
2016-09-15;07:05:05;1800e0;146149e0;18e0;546e0;46e-2;23e-2;46e-2;3416e-1;23e-2;3451e-1;33e-2
2016-09-15;07:35:05;1800e0;958291e0;104e0;3245e0;87e-2;83e-2;90e-2;3451e-1;58e-2;3528e-1;111e-2
2016-09-15;08:05:05;1800e0;2525930e0;324e0;8949e0;202e-2;210e-2;204e-2;3591e-1;147e-2;3590e-1;274e-2
2016-09-15;08:35:05;1800e0;4168147e0;777e0;14305e0;326e-2;339e-2;330e-2;3616e-1;281e-2;3546e-1;409e-2
2016-09-15;09:05:05;1800e0;5718852e0;1547e0;19345e0;446e-2;462e-2;451e-2;3583e-1;445e-2;3480e-1;512e-2
2016-09-15;09:35:05;1800e0;7317778e0;1662e0;25214e0;578e-2;595e-2;584e-2;3542e-1;631e-2;3427e-1;604e-2
2016-09-15;10:05:05;1800e0;8609054e0;2143e0;29169e0;671e-2;690e-2;679e-2;3482e-1;809e-2;3375e-1;663e-2
2016-09-15;10:35:05;1800e0;9793028e0;2355e0;33509e0;772e-2;791e-2;780e-2;3416e-1;987e-2;3352e-1;707e-2
2016-09-15;11:05:05;1800e0;10615600e0;2954e0;35938e0;837e-2;857e-2;846e-2;3366e-1;1129e-2;3347e-1;723e-2
2016-09-15;11:35:05;1800e0;11294508e0;2914e0;37918e0;891e-2;911e-2;901e-2;3337e-1;1252e-2;3371e-1;722e-2
2016-09-15;12:05:05;1800e0;11728960e0;3211e0;39470e0;926e-2;946e-2;936e-2;3300e-1;1333e-2;3405e-1;724e-2
2016-09-15;12:35:05;1800e0;12374328e0;3582e0;41835e0;973e-2;994e-2;984e-2;3305e-1;1402e-2;3438e-1;757e-2
2016-09-15;13:05:05;1800e0;12778238e0;3788e0;43845e0;1007e-2;1028e-2;1019e-2;3316e-1;1441e-2;3465e-1;779e-2
2016-09-15;13:35:05;1800e0;12470634e0;3309e0;43242e0;982e-2;1003e-2;993e-2;3307e-1;1411e-2;3450e-1;763e-2
2016-09-15;14:05:05;1800e0;12088941e0;2765e0;41048e0;949e-2;971e-2;960e-2;3311e-1;1368e-2;3425e-1;743e-2
2016-09-15;14:35:05;1800e0;10762702e0;2797e0;36316e0;846e-2;866e-2;856e-2;3338e-1;1200e-2;3405e-1;675e-2
2016-09-15;15:05:05;1800e0;11355660e0;2699e0;38512e0;890e-2;912e-2;901e-2;3362e-1;1242e-2;3376e-1;733e-2
2016-09-15;15:35:05;1800e0;10813029e0;3148e0;35985e0;847e-2;867e-2;857e-2;3365e-1;1141e-2;3359e-1;743e-2
2016-09-15;16:05:05;1800e0;10136231e0;2880e0;34090e0;787e-2;806e-2;796e-2;3381e-1;1023e-2;3358e-1;739e-2
2016-09-15;16:35:05;1800e0;8691676e0;2051e0;29567e0;682e-2;700e-2;690e-2;3417e-1;830e-2;3358e-1;676e-2
2016-09-15;17:05:05;1800e0;6524145e0;1603e0;22450e0;507e-2;523e-2;513e-2;3460e-1;575e-2;3394e-1;545e-2
2016-09-15;17:35:05;1800e0;6007582e0;1547e0;20322e0;466e-2;482e-2;472e-2;3482e-1;477e-2;3391e-1;555e-2
2016-09-15;18:05:05;1800e0;4175647e0;810e0;14260e0;324e-2;336e-2;328e-2;3493e-1;284e-2;3443e-1;429e-2
2016-09-15;18:35:05;1800e0;2417069e0;367e0;8008e0;190e-2;197e-2;192e-2;3458e-1;134e-2;3505e-1;279e-2
2016-09-15;19:05:05;1800e0;749052e0;25e0;2499e0;75e-2;62e-2;78e-2;3265e-1;43e-2;3317e-1;96e-2
2016-09-16;07:05:05;1800e0;360175e0;62e0;1369e0;65e-2;54e-2;68e-2;3380e-1;23e-2;3529e-1;87e-2
2016-09-16;07:35:05;1800e0;2121354e0;226e0;7456e0;169e-2;176e-2;172e-2;3518e-1;67e-2;3645e-1;284e-2
2016-09-16;08:05:05;1800e0;4063414e0;529e0;14296e0;316e-2;328e-2;320e-2;3696e-1;182e-2;3607e-1;481e-2
2016-09-16;08:35:05;1800e0;5860783e0;1473e0;19954e0;454e-2;468e-2;459e-2;3688e-1;354e-2;3559e-1;605e-2
2016-09-16;09:05:05;1800e0;7514881e0;2112e0;25534e0;586e-2;603e-2;593e-2;3661e-1;548e-2;3547e-1;681e-2
2016-09-16;09:35:05;1800e0;9041934e0;1954e0;31193e0;703e-2;721e-2;711e-2;3635e-1;746e-2;3518e-1;738e-2
2016-09-16;10:05:05;1800e0;10238497e0;2688e0;34961e0;799e-2;818e-2;809e-2;3593e-1;927e-2;3501e-1;763e-2
2016-09-16;10:35:05;1800e0;11285945e0;3247e0;37929e0;878e-2;898e-2;889e-2;3561e-1;1094e-2;3502e-1;775e-2
2016-09-16;11:05:05;1800e0;12097709e0;3666e0;40515e0;940e-2;960e-2;951e-2;3535e-1;1236e-2;3515e-1;770e-2
2016-09-16;11:35:05;1800e0;12617373e0;3470e0;43892e0;977e-2;997e-2;988e-2;3503e-1;1352e-2;3528e-1;749e-2
2016-09-16;12:05:05;1800e0;13168407e0;3261e0;45202e0;1014e-2;1034e-2;1026e-2;3468e-1;1448e-2;3548e-1;754e-2
2016-09-16;12:35:05;1800e0;13605865e0;4030e0;46117e0;1043e-2;1064e-2;1055e-2;3474e-1;1492e-2;3572e-1;775e-2
2016-09-16;13:05:05;1800e0;14125870e0;3912e0;48486e0;1083e-2;1104e-2;1096e-2;3458e-1;1557e-2;3563e-1;806e-2
2016-09-16;13:35:05;1800e0;13734300e0;3200e0;47608e0;1061e-2;1082e-2;1074e-2;3449e-1;1524e-2;3603e-1;770e-2
2016-09-16;14:05:05;1800e0;13576526e0;3038e0;46832e0;1051e-2;1072e-2;1064e-2;3449e-1;1512e-2;3589e-1;758e-2
2016-09-16;14:35:05;1800e0;12316286e0;3300e0;41843e0;956e-2;976e-2;968e-2;3484e-1;1356e-2;3597e-1;688e-2
2016-09-16;15:05:05;1800e0;11864962e0;3451e0;40413e0;918e-2;938e-2;929e-2;3499e-1;1265e-2;3575e-1;703e-2
2016-09-16;15:35:05;1800e0;11701166e0;3461e0;40005e0;906e-2;924e-2;916e-2;3505e-1;1194e-2;3581e-1;742e-2
2016-09-16;16:05:05;1800e0;11156982e0;2979e0;38030e0;859e-2;877e-2;868e-2;3555e-1;1073e-2;3584e-1;756e-2
2016-09-16;16:35:05;1800e0;8758756e0;2237e0;29994e0;677e-2;693e-2;684e-2;3581e-1;789e-2;3585e-1;644e-2
2016-09-16;17:05:05;1800e0;8511199e0;2472e0;28929e0;658e-2;674e-2;665e-2;3604e-1;711e-2;3570e-1;681e-2
2016-09-16;17:35:05;1800e0;5551825e0;1224e0;19354e0;431e-2;443e-2;436e-2;3595e-1;427e-2;3579e-1;477e-2
2016-09-16;18:05:05;1800e0;2330650e0;344e0;7990e0;186e-2;191e-2;189e-2;3530e-1;169e-2;3563e-1;219e-2
2016-09-16;18:35:05;1800e0;1028856e0;161e0;3687e0;93e-2;87e-2;96e-2;3427e-1;80e-2;3435e-1;101e-2
2016-09-16;19:05:05;1800e0;313003e0;30e0;899e0;50e-2;28e-2;53e-2;3249e-1;32e-2;3223e-1;33e-2
2016-09-17;07:05:05;1800e0;323946e0;72e0;1478e0;65e-2;50e-2;69e-2;3440e-1;28e-2;3546e-1;78e-2
2016-09-17;07:35:05;1800e0;2447784e0;338e0;8433e0;194e-2;200e-2;197e-2;3588e-1;93e-2;3679e-1;306e-2
2016-09-17;08:05:05;1800e0;4680025e0;618e0;16136e0;364e-2;376e-2;368e-2;3734e-1;227e-2;3660e-1;524e-2
2016-09-17;08:35:05;1800e0;6483818e0;1596e0;22331e0;502e-2;516e-2;506e-2;3727e-1;412e-2;3616e-1;631e-2
2016-09-17;09:05:05;1800e0;6713552e0;2303e0;22464e0;521e-2;535e-2;526e-2;3704e-1;496e-2;3652e-1;578e-2
2016-09-17;09:35:05;1800e0;7443325e0;1853e0;25684e0;580e-2;596e-2;586e-2;3705e-1;602e-2;3662e-1;584e-2
2016-09-17;10:05:05;1800e0;4746172e0;982e0;16268e0;371e-2;383e-2;375e-2;3678e-1;412e-2;3679e-1;347e-2
2016-09-17;10:35:05;1800e0;5218545e0;1355e0;17633e0;406e-2;419e-2;411e-2;3685e-1;474e-2;3703e-1;356e-2
2016-09-17;11:05:05;1800e0;9955754e0;2043e0;34514e0;770e-2;787e-2;778e-2;3625e-1;971e-2;3617e-1;637e-2
2016-09-17;11:35:05;1800e0;9603518e0;2774e0;32382e0;742e-2;758e-2;750e-2;3584e-1;970e-2;3623e-1;593e-2
2016-09-17;12:05:05;1800e0;8836203e0;1674e0;30567e0;682e-2;698e-2;689e-2;3600e-1;899e-2;3648e-1;533e-2
2016-09-17;12:35:05;1800e0;5847367e0;1134e0;20199e0;451e-2;464e-2;456e-2;3642e-1;578e-2;3691e-1;357e-2
2016-09-17;13:05:05;1800e0;6142792e0;1336e0;21026e0;473e-2;487e-2;478e-2;3631e-1;610e-2;3689e-1;374e-2
2016-09-17;13:35:05;1800e0;6641567e0;1245e0;23144e0;511e-2;525e-2;516e-2;3619e-1;671e-2;3634e-1;400e-2
2016-09-17;14:05:05;1800e0;5903897e0;1371e0;20159e0;454e-2;466e-2;459e-2;3625e-1;590e-2;3611e-1;365e-2
2016-09-17;14:35:05;1800e0;7427066e0;1925e0;25412e0;570e-2;584e-2;575e-2;3615e-1;749e-2;3652e-1;446e-2
2016-09-17;15:05:05;1800e0;6128031e0;1116e0;21179e0;472e-2;484e-2;476e-2;3597e-1;616e-2;3648e-1;376e-2
2016-09-17;15:35:05;1800e0;6072674e0;1621e0;20818e0;467e-2;479e-2;471e-2;3646e-1;587e-2;3692e-1;383e-2
2016-09-17;16:05:05;1800e0;7145480e0;1722e0;24530e0;549e-2;563e-2;554e-2;3639e-1;670e-2;3692e-1;473e-2
2016-09-17;16:35:05;1800e0;9988112e0;2099e0;34302e0;768e-2;784e-2;776e-2;3610e-1;897e-2;3608e-1;725e-2
2016-09-17;17:05:05;1800e0;8813337e0;2200e0;30168e0;677e-2;693e-2;684e-2;3625e-1;734e-2;3576e-1;700e-2
2016-09-17;17:35:05;1800e0;7442558e0;1791e0;25520e0;571e-2;585e-2;576e-2;3652e-1;552e-2;3606e-1;653e-2
2016-09-17;18:05:05;1800e0;4474108e0;1141e0;15241e0;346e-2;355e-2;350e-2;3608e-1;288e-2;3608e-1;439e-2
2016-09-17;18:35:05;1800e0;734764e0;113e0;2610e0;72e-2;62e-2;78e-2;3381e-1;52e-2;3488e-1;80e-2
2016-09-17;19:05:05;1800e0;349299e0;35e0;1111e0;47e-2;28e-2;46e-2;3263e-1;23e-2;3362e-1;45e-2
2016-09-18;07:35:06;1800e0;2424203e0;271e0;8546e0;193e-2;201e-2;196e-2;3635e-1;67e-2;3735e-1;322e-2
2016-09-18;08:05:06;1800e0;4454094e0;675e0;15344e0;350e-2;363e-2;354e-2;3800e-1;192e-2;3653e-1;523e-2
2016-09-18;08:35:06;1800e0;6484262e0;1360e0;22469e0;503e-2;518e-2;508e-2;3769e-1;383e-2;3612e-1;658e-2
2016-09-18;09:05:06;1800e0;8251413e0;2179e0;28134e0;643e-2;659e-2;650e-2;3724e-1;592e-2;3582e-1;737e-2
2016-09-18;09:35:06;1800e0;9801029e0;3102e0;32729e0;767e-2;786e-2;775e-2;3685e-1;800e-2;3556e-1;788e-2
2016-09-18;10:05:06;1800e0;11017565e0;3029e0;37056e0;863e-2;881e-2;872e-2;3657e-1;982e-2;3549e-1;806e-2
2016-09-18;10:35:06;1800e0;12051581e0;3227e0;40761e0;940e-2;959e-2;950e-2;3609e-1;1155e-2;3541e-1;813e-2
2016-09-18;11:05:06;1800e0;12419961e0;4352e0;41510e0;969e-2;988e-2;979e-2;3564e-1;1257e-2;3546e-1;785e-2
2016-09-18;11:35:06;1800e0;9379476e0;2653e0;31854e0;730e-2;746e-2;737e-2;3600e-1;959e-2;3622e-1;562e-2
2016-09-18;12:05:06;1800e0;11125916e0;2710e0;37995e0;863e-2;881e-2;872e-2;3549e-1;1170e-2;3613e-1;651e-2
2016-09-18;12:35:06;1800e0;3026637e0;382e0;10743e0;238e-2;245e-2;240e-2;3602e-1;294e-2;3570e-1;202e-2
2016-09-18;13:05:06;1800e0;1708847e0;190e0;5438e0;138e-2;141e-2;141e-2;3577e-1;162e-2;3562e-1;125e-2
2016-09-18;13:35:06;1800e0;2129775e0;368e0;7467e0;169e-2;174e-2;172e-2;3592e-1;203e-2;3582e-1;149e-2
2016-09-18;14:05:06;1800e0;1938914e0;154e0;6679e0;155e-2;159e-2;157e-2;3590e-1;185e-2;3612e-1;137e-2
2016-09-18;14:35:06;1800e0;3741234e0;536e0;13023e0;291e-2;299e-2;294e-2;3625e-1;369e-2;3605e-1;236e-2
2016-09-18;15:05:06;1800e0;2702960e0;274e0;9543e0;225e-2;232e-2;227e-2;3654e-1;273e-2;3636e-1;192e-2
2016-09-18;15:35:06;1800e0;2360968e0;215e0;8154e0;190e-2;194e-2;192e-2;3581e-1;228e-2;3595e-1;158e-2
2016-09-18;16:05:06;1800e0;1717669e0;122e0;5854e0;140e-2;143e-2;142e-2;3575e-1;166e-2;3560e-1;121e-2
2016-09-18;16:35:06;1800e0;1122573e0;69e0;4145e0;98e-2;95e-2;101e-2;3516e-1;111e-2;3524e-1;81e-2
2016-09-18;17:05:06;1800e0;712070e0;64e0;2452e0;71e-2;61e-2;76e-2;3442e-1;73e-2;3455e-1;54e-2
2016-09-18;17:35:06;1800e0;400161e0;64e0;1271e0;53e-2;34e-2;61e-2;3347e-1;43e-2;3329e-1;33e-2
2016-09-18;18:05:06;1800e0;378719e0;10e0;980e0;52e-2;32e-2;61e-2;3334e-1;42e-2;3338e-1;31e-2
2016-09-18;18:35:06;1800e0;450370e0;74e0;1219e0;55e-2;39e-2;62e-2;3378e-1;48e-2;3378e-1;37e-2
2016-09-18;19:05:06;1800e0;109353e0;0e0;237e0;30e-2;15e-2;28e-2;3311e-1;22e-2;3288e-1;19e-2
2016-09-19;08:05:57;1800e0;236974e0;28e0;608e0;40e-2;20e-2;36e-2;3323e-1;27e-2;3311e-1;24e-2
2016-09-19;08:35:57;1800e0;655930e0;80e0;2510e0;68e-2;57e-2;71e-2;3492e-1;65e-2;3507e-1;54e-2
2016-09-19;09:05:57;1800e0;1035322e0;142e0;3697e0;92e-2;88e-2;94e-2;3547e-1;97e-2;3580e-1;81e-2
2016-09-19;09:35:57;1800e0;1453125e0;170e0;4803e0;120e-2;122e-2;123e-2;3598e-1;133e-2;3633e-1;111e-2
2016-09-19;10:05:57;1800e0;2605666e0;351e0;9264e0;206e-2;214e-2;208e-2;3659e-1;234e-2;3695e-1;188e-2
2016-09-19;10:35:57;1800e0;3364227e0;496e0;11746e0;264e-2;274e-2;267e-2;3669e-1;310e-2;3693e-1;233e-2
2016-09-19;11:05:57;1800e0;5705278e0;1179e0;19516e0;445e-2;460e-2;450e-2;3692e-1;541e-2;3699e-1;367e-2
2016-09-19;11:35:57;1800e0;8545115e0;1712e0;29547e0;669e-2;686e-2;677e-2;3616e-1;861e-2;3636e-1;521e-2
2016-09-19;12:05:57;1800e0;9735536e0;2845e0;32933e0;759e-2;776e-2;767e-2;3543e-1;1024e-2;3602e-1;578e-2
2016-09-19;12:35:57;1800e0;10581671e0;2968e0;35958e0;822e-2;840e-2;831e-2;3509e-1;1135e-2;3578e-1;622e-2
2016-09-19;13:05:57;1800e0;13966833e0;3182e0;47941e0;1083e-2;1104e-2;1096e-2;3381e-1;1552e-2;3541e-1;827e-2
2016-09-19;13:35:57;1800e0;14142785e0;4112e0;47819e0;1099e-2;1120e-2;1111e-2;3308e-1;1605e-2;3556e-1;836e-2
2016-09-19;14:05:57;1800e0;12346452e0;3439e0;41992e0;959e-2;979e-2;970e-2;3298e-1;1405e-2;3536e-1;732e-2
2016-09-19;14:35:57;1800e0;10880450e0;3255e0;36494e0;852e-2;871e-2;861e-2;3400e-1;1196e-2;3540e-1;652e-2
2016-09-19;15:05:57;1800e0;5784810e0;1007e0;20209e0;451e-2;464e-2;456e-2;3462e-1;610e-2;3549e-1;371e-2
2016-09-19;15:35:57;1800e0;10307741e0;3163e0;34748e0;809e-2;827e-2;818e-2;3526e-1;1035e-2;3524e-1;691e-2
2016-09-19;16:05:57;1800e0;5548884e0;1188e0;19299e0;435e-2;447e-2;440e-2;3474e-1;550e-2;3486e-1;398e-2
2016-09-19;16:35:57;1800e0;4423842e0;1052e0;15112e0;346e-2;357e-2;349e-2;3633e-1;389e-2;3618e-1;330e-2
2016-09-19;17:05:57;1800e0;6445830e0;2036e0;21760e0;501e-2;514e-2;505e-2;3607e-1;532e-2;3518e-1;533e-2
2016-09-19;17:35:57;1800e0;6807990e0;1775e0;23359e0;532e-2;546e-2;537e-2;3550e-1;513e-2;3446e-1;634e-2
2016-09-19;18:05:57;1800e0;3597112e0;536e0;12860e0;286e-2;291e-2;290e-2;3572e-1;237e-2;3464e-1;365e-2
2016-09-19;18:35:57;1800e0;628402e0;114e0;2298e0;66e-2;53e-2;71e-2;3402e-1;54e-2;3506e-1;60e-2
2016-09-19;19:05:57;1800e0;274054e0;45e0;756e0;36e-2;27e-2;36e-2;3293e-1;25e-2;3124e-1;41e-2
2016-09-20;07:35:58;1800e0;1057881e0;119e0;3479e0;97e-2;91e-2;101e-2;3539e-1;55e-2;3615e-1;122e-2
2016-09-20;08:05:58;1800e0;2915127e0;520e0;10240e0;231e-2;240e-2;233e-2;3721e-1;149e-2;3678e-1;321e-2
2016-09-20;08:35:58;1800e0;4653686e0;1054e0;15969e0;366e-2;379e-2;369e-2;3743e-1;294e-2;3621e-1;455e-2
2016-09-20;09:05:58;1800e0;6462335e0;1580e0;22264e0;505e-2;521e-2;511e-2;3723e-1;474e-2;3533e-1;576e-2
2016-09-20;09:35:58;1800e0;7613909e0;1535e0;26305e0;596e-2;612e-2;602e-2;3667e-1;631e-2;3482e-1;620e-2
2016-09-20;10:05:58;1800e0;8868508e0;2532e0;29981e0;690e-2;708e-2;698e-2;3625e-1;798e-2;3479e-1;663e-2
2016-09-20;10:35:58;1800e0;10018029e0;2300e0;34547e0;778e-2;796e-2;786e-2;3517e-1;980e-2;3440e-1;704e-2
2016-09-20;11:05:58;1800e0;9068091e0;2940e0;30251e0;703e-2;719e-2;710e-2;3467e-1;930e-2;3447e-1;606e-2
2016-09-20;11:35:58;1800e0;3298965e0;353e0;11700e0;260e-2;270e-2;262e-2;3543e-1;326e-2;3571e-1;224e-2
2016-09-20;12:05:58;1800e0;2703782e0;404e0;9153e0;214e-2;222e-2;216e-2;3581e-1;260e-2;3604e-1;186e-2
2016-09-20;12:35:58;1799e0;2494623e0;493e0;8674e0;200e-2;206e-2;201e-2;3571e-1;239e-2;3601e-1;173e-2
2016-09-20;13:05:58;1800e0;2625139e0;442e0;9155e0;209e-2;217e-2;211e-2;3580e-1;252e-2;3610e-1;181e-2
2016-09-20;13:35:58;1800e0;3031640e0;473e0;10559e0;239e-2;247e-2;241e-2;3585e-1;292e-2;3623e-1;207e-2
2016-09-20;14:05:58;1800e0;2794813e0;432e0;9675e0;220e-2;228e-2;223e-2;3577e-1;268e-2;3612e-1;193e-2
2016-09-20;14:35:58;1799e0;2720328e0;426e0;9236e0;214e-2;221e-2;216e-2;3568e-1;260e-2;3599e-1;189e-2
2016-09-20;15:05:58;1800e0;3044936e0;432e0;10475e0;238e-2;247e-2;240e-2;3575e-1;293e-2;3614e-1;208e-2
2016-09-20;15:35:58;1800e0;3900699e0;588e0;13497e0;307e-2;316e-2;309e-2;3606e-1;376e-2;3640e-1;258e-2
2016-09-20;16:05:58;1800e0;4917186e0;771e0;17099e0;386e-2;397e-2;389e-2;3629e-1;454e-2;3647e-1;339e-2
2016-09-20;16:35:58;1800e0;5394864e0;1346e0;18300e0;425e-2;436e-2;428e-2;3574e-1;493e-2;3598e-1;389e-2
2016-09-20;17:05:58;1800e0;2524292e0;294e0;8803e0;201e-2;207e-2;203e-2;3565e-1;231e-2;3582e-1;186e-2
2016-09-20;17:35:58;1800e0;1167738e0;116e0;3892e0;101e-2;97e-2;104e-2;3477e-1;111e-2;3480e-1;90e-2
2016-09-20;18:05:58;1800e0;1242069e0;121e0;4104e0;106e-2;103e-2;110e-2;3484e-1;104e-2;3521e-1;108e-2
2016-09-20;18:35:58;1800e0;435622e0;43e0;1457e0;55e-2;35e-2;54e-2;3259e-1;37e-2;3324e-1;46e-2
2016-09-21;07:35:58;1800e0;2123879e0;365e0;7242e0;171e-2;176e-2;173e-2;3621e-1;61e-2;3733e-1;281e-2
2016-09-21;08:05:58;1800e0;4332471e0;623e0;15013e0;339e-2;351e-2;343e-2;3812e-1;192e-2;3667e-1;502e-2
2016-09-21;08:35:58;1800e0;6278446e0;1537e0;21760e0;493e-2;509e-2;499e-2;3798e-1;375e-2;3593e-1;634e-2
2016-09-21;09:05:58;1800e0;8136974e0;2174e0;27608e0;635e-2;652e-2;641e-2;3763e-1;585e-2;3550e-1;727e-2
2016-09-21;09:35:58;1800e0;9651042e0;2848e0;32304e0;755e-2;773e-2;763e-2;3720e-1;786e-2;3528e-1;777e-2
2016-09-21;10:05:58;1800e0;10792862e0;2484e0;36831e0;849e-2;869e-2;859e-2;3671e-1;966e-2;3488e-1;797e-2
2016-09-21;10:35:58;1800e0;11747500e0;2979e0;39439e0;924e-2;944e-2;935e-2;3617e-1;1131e-2;3476e-1;803e-2
2016-09-21;11:05:58;1800e0;12664163e0;3555e0;43503e0;994e-2;1015e-2;1006e-2;3560e-1;1293e-2;3494e-1;804e-2
2016-09-21;11:35:58;1800e0;13115669e0;3026e0;45139e0;1028e-2;1050e-2;1041e-2;3496e-1;1417e-2;3513e-1;774e-2
2016-09-21;12:05:58;1800e0;13264882e0;3485e0;45368e0;1036e-2;1057e-2;1048e-2;3482e-1;1452e-2;3569e-1;756e-2
2016-09-21;12:35:58;1800e0;13979448e0;4381e0;46971e0;1094e-2;1114e-2;1107e-2;3457e-1;1536e-2;3562e-1;804e-2
2016-09-21;13:05:58;1800e0;14400680e0;3548e0;49313e0;1136e-2;1157e-2;1149e-2;3435e-1;1590e-2;3545e-1;834e-2
2016-09-21;13:35:58;1800e0;14526157e0;4330e0;48840e0;1137e-2;1158e-2;1150e-2;3405e-1;1617e-2;3611e-1;827e-2
2016-09-21;14:05:58;1800e0;12553752e0;3973e0;42078e0;978e-2;997e-2;989e-2;3399e-1;1393e-2;3603e-1;727e-2
2016-09-21;14:35:58;1800e0;8150336e0;1668e0;28209e0;634e-2;649e-2;641e-2;3547e-1;850e-2;3635e-1;481e-2
2016-09-21;15:05:58;1800e0;5723239e0;1509e0;19508e0;447e-2;459e-2;452e-2;3573e-1;570e-2;3634e-1;360e-2
2016-09-21;15:35:58;1800e0;8938708e0;2364e0;30493e0;700e-2;714e-2;707e-2;3513e-1;902e-2;3540e-1;581e-2
2016-09-21;16:05:58;1800e0;10880350e0;3081e0;36377e0;844e-2;860e-2;852e-2;3565e-1;1043e-2;3540e-1;749e-2
2016-09-21;16:35:58;1800e0;6546102e0;1473e0;22322e0;509e-2;520e-2;514e-2;3616e-1;578e-2;3597e-1;481e-2
2016-09-21;17:05:58;1800e0;5818360e0;1006e0;20035e0;453e-2;463e-2;458e-2;3612e-1;481e-2;3589e-1;466e-2
2016-09-21;17:35:58;1800e0;2955030e0;777e0;9978e0;234e-2;238e-2;237e-2;3567e-1;241e-2;3599e-1;246e-2
2016-09-21;18:05:58;1800e0;3200657e0;496e0;11127e0;252e-2;258e-2;254e-2;3638e-1;196e-2;3658e-1;323e-2
2016-09-21;18:35:58;1800e0;2178394e0;199e0;7619e0;176e-2;179e-2;178e-2;3583e-1;99e-2;3635e-1;260e-2
2016-09-21;19:05:58;1800e0;255749e0;50e0;725e0;39e-2;25e-2;36e-2;3267e-1;20e-2;3338e-1;41e-2
2016-09-22;07:35:59;1800e0;2094949e0;265e0;7151e0;169e-2;176e-2;172e-2;3663e-1;63e-2;3765e-1;272e-2
2016-09-22;08:05:59;1800e0;4471264e0;789e0;15230e0;353e-2;366e-2;357e-2;3825e-1;206e-2;3683e-1;506e-2
2016-09-22;08:35:59;1800e0;6250422e0;1840e0;21629e0;493e-2;508e-2;498e-2;3820e-1;379e-2;3589e-1;623e-2
2016-09-22;09:05:59;1800e0;7981012e0;1884e0;27246e0;628e-2;644e-2;634e-2;3791e-1;576e-2;3550e-1;707e-2
2016-09-22;09:35:59;1800e0;9777126e0;2780e0;32966e0;765e-2;783e-2;773e-2;3709e-1;804e-2;3481e-1;791e-2
2016-09-22;10:05:59;1800e0;11115328e0;2766e0;37803e0;871e-2;890e-2;881e-2;3624e-1;1011e-2;3436e-1;829e-2
2016-09-22;10:35:59;1800e0;11456658e0;2978e0;38806e0;898e-2;916e-2;907e-2;3559e-1;1115e-2;3464e-1;791e-2
2016-09-22;11:05:59;1800e0;11723158e0;2590e0;40232e0;919e-2;939e-2;929e-2;3461e-1;1217e-2;3470e-1;764e-2
2016-09-22;11:35:59;1800e0;7491864e0;2275e0;25188e0;589e-2;605e-2;595e-2;3505e-1;776e-2;3574e-1;471e-2
2016-09-22;12:05:59;1800e0;6665428e0;1451e0;23055e0;525e-2;540e-2;530e-2;3561e-1;676e-2;3655e-1;412e-2
2016-09-22;12:35:59;1800e0;8367089e0;2228e0;28292e0;657e-2;673e-2;663e-2;3532e-1;865e-2;3633e-1;508e-2
2016-09-22;13:05:59;1800e0;8498026e0;2231e0;28974e0;669e-2;684e-2;675e-2;3518e-1;883e-2;3581e-1;524e-2
2016-09-22;13:35:59;1799e0;7574554e0;1609e0;26252e0;597e-2;611e-2;602e-2;3525e-1;780e-2;3630e-1;466e-2
2016-09-22;14:05:59;1800e0;8755123e0;2066e0;30136e0;690e-2;705e-2;696e-2;3514e-1;911e-2;3644e-1;530e-2
2016-09-22;14:35:59;1799e0;6606335e0;1412e0;23175e0;519e-2;532e-2;523e-2;3535e-1;671e-2;3640e-1;413e-2
2016-09-22;15:05:59;1800e0;6921119e0;2007e0;23522e0;541e-2;555e-2;546e-2;3553e-1;691e-2;3632e-1;442e-2
2016-09-22;15:35:59;1799e0;7874385e0;2189e0;26661e0;614e-2;628e-2;619e-2;3535e-1;774e-2;3592e-1;524e-2
2016-09-22;16:05:59;1800e0;6916582e0;1707e0;24007e0;542e-2;555e-2;546e-2;3551e-1;658e-2;3581e-1;481e-2
2016-09-22;16:35:59;1800e0;5147784e0;918e0;18104e0;405e-2;415e-2;408e-2;3564e-1;471e-2;3595e-1;375e-2
2016-09-22;17:05:59;1800e0;6746599e0;1402e0;23482e0;529e-2;541e-2;533e-2;3596e-1;570e-2;3539e-1;540e-2
2016-09-22;17:35:59;1800e0;3861115e0;1126e0;12912e0;308e-2;315e-2;310e-2;3532e-1;334e-2;3517e-1;314e-2
2016-09-22;18:05:59;1800e0;1466176e0;136e0;4661e0;123e-2;122e-2;126e-2;3514e-1;132e-2;3581e-1;117e-2
2016-09-22;18:35:59;1800e0;645832e0;75e0;1958e0;67e-2;54e-2;74e-2;3373e-1;53e-2;3429e-1;65e-2
2016-09-22;19:05:59;1800e0;59538e0;0e0;122e0;17e-2;7e-2;10e-2;3227e-1;14e-2;3218e-1;13e-2
2016-09-23;07:35:59;1800e0;179621e0;12e0;555e0;45e-2;23e-2;46e-2;3475e-1;28e-2;3452e-1;25e-2
2016-09-23;08:05:59;1800e0;1363125e0;228e0;4665e0;118e-2;113e-2;122e-2;3571e-1;96e-2;3585e-1;130e-2
2016-09-23;08:35:59;1800e0;1579078e0;137e0;5529e0;131e-2;131e-2;134e-2;3603e-1;120e-2;3600e-1;141e-2
2016-09-23;09:05:59;1800e0;3105416e0;675e0;10651e0;248e-2;255e-2;251e-2;3690e-1;254e-2;3684e-1;242e-2
2016-09-23;09:35:59;1800e0;4227772e0;866e0;14531e0;335e-2;345e-2;338e-2;3708e-1;354e-2;3682e-1;319e-2
2016-09-23;10:05:59;1800e0;4921076e0;847e0;17073e0;390e-2;402e-2;394e-2;3678e-1;440e-2;3675e-1;347e-2
2016-09-23;10:35:59;1800e0;3650834e0;617e0;12747e0;286e-2;297e-2;289e-2;3636e-1;342e-2;3661e-1;248e-2
2016-09-23;11:05:59;1800e0;8839542e0;2399e0;29805e0;690e-2;706e-2;697e-2;3593e-1;879e-2;3594e-1;569e-2
2016-09-23;11:35:59;1800e0;11722106e0;3095e0;39361e0;912e-2;929e-2;921e-2;3460e-1;1248e-2;3479e-1;729e-2
2016-09-23;12:05:59;1800e0;9512009e0;2353e0;32617e0;748e-2;763e-2;755e-2;3486e-1;1008e-2;3539e-1;582e-2
2016-09-23;12:35:59;1800e0;9794848e0;2910e0;32981e0;770e-2;785e-2;777e-2;3488e-1;1029e-2;3577e-1;598e-2
2016-09-23;13:05:59;1800e0;9262740e0;2691e0;31491e0;727e-2;742e-2;734e-2;3509e-1;968e-2;3588e-1;565e-2
2016-09-23;13:35:59;1800e0;8456152e0;2164e0;28960e0;662e-2;677e-2;669e-2;3511e-1;876e-2;3630e-1;516e-2
2016-09-23;14:05:59;1800e0;6844743e0;1613e0;23787e0;534e-2;547e-2;540e-2;3563e-1;692e-2;3641e-1;422e-2
2016-09-23;14:35:59;1800e0;6604138e0;1437e0;22945e0;516e-2;528e-2;522e-2;3560e-1;674e-2;3619e-1;401e-2
2016-09-23;15:05:59;1800e0;1144665e0;156e0;4189e0;100e-2;96e-2;104e-2;3474e-1;112e-2;3460e-1;87e-2
2016-09-23;15:35:59;1800e0;5022083e0;1415e0;16837e0;392e-2;400e-2;397e-2;3560e-1;487e-2;3594e-1;328e-2
2016-09-23;16:05:59;1800e0;9953929e0;2807e0;33426e0;765e-2;780e-2;773e-2;3583e-1;936e-2;3630e-1;682e-2
2016-09-23;16:35:59;1800e0;9502777e0;2655e0;32232e0;736e-2;750e-2;743e-2;3581e-1;840e-2;3604e-1;704e-2
2016-09-23;17:05:59;1800e0;7805707e0;2246e0;26399e0;602e-2;615e-2;608e-2;3602e-1;645e-2;3602e-1;622e-2
2016-09-23;17:35:59;1800e0;6141229e0;1577e0;20887e0;478e-2;489e-2;482e-2;3635e-1;442e-2;3633e-1;545e-2
2016-09-23;18:05:59;1800e0;4575792e0;818e0;16051e0;358e-2;368e-2;361e-2;3621e-1;280e-2;3657e-1;459e-2
2016-09-23;18:35:59;1800e0;865418e0;162e0;2859e0;83e-2;73e-2;89e-2;3378e-1;57e-2;3396e-1;96e-2
2016-09-24;07:40:00;1800e0;666744e0;93e0;2358e0;68e-2;55e-2;75e-2;3485e-1;39e-2;3610e-1;77e-2
2016-09-24;08:10:00;1800e0;3793698e0;808e0;12872e0;299e-2;306e-2;301e-2;3765e-1;189e-2;3711e-1;412e-2
2016-09-24;08:40:00;1800e0;6296643e0;1498e0;21625e0;490e-2;502e-2;494e-2;3742e-1;405e-2;3553e-1;618e-2
2016-09-24;09:10:00;1800e0;7919231e0;1812e0;27463e0;615e-2;628e-2;620e-2;3654e-1;608e-2;3448e-1;703e-2
2016-09-24;09:40:00;1800e0;9552768e0;2403e0;32668e0;744e-2;759e-2;751e-2;3642e-1;810e-2;3482e-1;761e-2
2016-09-24;10:10:00;1800e0;11053441e0;2995e0;37568e0;860e-2;875e-2;868e-2;3603e-1;1017e-2;3486e-1;804e-2
2016-09-24;10:40:00;1800e0;7244878e0;2004e0;24561e0;564e-2;574e-2;569e-2;3590e-1;690e-2;3569e-1;492e-2
2016-09-24;11:10:00;1800e0;11684514e0;2826e0;40049e0;907e-2;922e-2;916e-2;3541e-1;1194e-2;3548e-1;737e-2
2016-09-24;11:40:00;1800e0;8876279e0;2366e0;30256e0;690e-2;702e-2;696e-2;3539e-1;922e-2;3566e-1;538e-2
2016-09-24;12:10:00;1800e0;12680861e0;3027e0;43373e0;984e-2;999e-2;993e-2;3472e-1;1364e-2;3569e-1;749e-2
2016-09-24;12:40:00;1800e0;14192706e0;4429e0;48010e0;1099e-2;1116e-2;1110e-2;3456e-1;1529e-2;3584e-1;841e-2
2016-09-24;13:10:00;1800e0;13445349e0;3976e0;45466e0;1039e-2;1055e-2;1049e-2;3432e-1;1458e-2;3546e-1;801e-2
2016-09-24;13:40:00;1800e0;13609102e0;3633e0;46339e0;1049e-2;1065e-2;1060e-2;3443e-1;1487e-2;3607e-1;785e-2
2016-09-24;14:10:00;1800e0;11299698e0;3517e0;37733e0;872e-2;886e-2;880e-2;3453e-1;1237e-2;3607e-1;643e-2
2016-09-24;14:40:00;1800e0;11308833e0;3252e0;38116e0;874e-2;888e-2;883e-2;3488e-1;1219e-2;3618e-1;647e-2
2016-09-24;15:10:00;1800e0;10480591e0;1864e0;36739e0;809e-2;823e-2;817e-2;3495e-1;1096e-2;3593e-1;634e-2
2016-09-24;15:40:00;1800e0;8348206e0;1851e0;28778e0;646e-2;657e-2;652e-2;3542e-1;825e-2;3604e-1;543e-2
2016-09-24;16:10:00;1800e0;9235327e0;2673e0;31239e0;716e-2;729e-2;722e-2;3535e-1;885e-2;3602e-1;634e-2
2016-09-24;16:40:00;1800e0;7658321e0;2051e0;25922e0;603e-2;614e-2;607e-2;3581e-1;685e-2;3641e-1;557e-2
2016-09-24;17:10:00;1800e0;5784698e0;1285e0;19837e0;457e-2;466e-2;460e-2;3619e-1;472e-2;3639e-1;461e-2
2016-09-24;17:40:00;1800e0;4730824e0;1061e0;16214e0;372e-2;380e-2;374e-2;3599e-1;348e-2;3634e-1;418e-2
2016-09-24;18:10:00;1800e0;2961389e0;362e0;10533e0;234e-2;239e-2;235e-2;3575e-1;193e-2;3540e-1;300e-2
2016-09-24;18:40:00;1800e0;1308216e0;129e0;4464e0;112e-2;106e-2;117e-2;3465e-1;73e-2;3502e-1;151e-2
2016-09-25;07:40:00;1800e0;660418e0;55e0;2360e0;70e-2;56e-2;74e-2;3428e-1;45e-2;3495e-1;70e-2
2016-09-25;08:10:00;1800e0;2037921e0;180e0;7022e0;165e-2;168e-2;167e-2;3654e-1;120e-2;3679e-1;211e-2
2016-09-25;08:40:00;1800e0;4002784e0;864e0;13617e0;316e-2;325e-2;319e-2;3730e-1;275e-2;3700e-1;360e-2
2016-09-25;09:10:00;1800e0;4808643e0;1115e0;16775e0;380e-2;390e-2;383e-2;3708e-1;369e-2;3660e-1;398e-2
2016-09-25;09:40:01;1800e0;3861284e0;663e0;13327e0;304e-2;313e-2;307e-2;3685e-1;324e-2;3681e-1;293e-2
2016-09-25;10:10:01;1800e0;9251301e0;2039e0;31699e0;726e-2;742e-2;733e-2;3662e-1;835e-2;3602e-1;657e-2
2016-09-25;10:40:00;1800e0;7147114e0;2097e0;24304e0;563e-2;576e-2;568e-2;3608e-1;681e-2;3584e-1;486e-2
2016-09-25;11:10:01;1800e0;10777743e0;2259e0;37410e0;846e-2;862e-2;854e-2;3571e-1;1091e-2;3573e-1;678e-2
2016-09-25;11:40:01;1800e0;13131858e0;4383e0;43924e0;1027e-2;1045e-2;1038e-2;3484e-1;1402e-2;3534e-1;789e-2
2016-09-25;12:10:01;1800e0;13051277e0;3097e0;44684e0;1011e-2;1029e-2;1021e-2;3478e-1;1411e-2;3576e-1;759e-2
2016-09-25;12:40:01;1800e0;13594758e0;4090e0;46133e0;1052e-2;1070e-2;1063e-2;3463e-1;1478e-2;3548e-1;796e-2
2016-09-25;13:10:01;1800e0;12873418e0;3432e0;43883e0;998e-2;1016e-2;1009e-2;3458e-1;1399e-2;3586e-1;747e-2
2016-09-25;13:40:01;1800e0;13956648e0;3065e0;48119e0;1088e-2;1107e-2;1100e-2;3421e-1;1536e-2;3633e-1;797e-2
2016-09-25;14:10:01;1800e0;13235634e0;3738e0;44684e0;1031e-2;1049e-2;1041e-2;3436e-1;1458e-2;3596e-1;756e-2
2016-09-25;14:40:01;1800e0;12374845e0;3003e0;42498e0;962e-2;980e-2;972e-2;3474e-1;1348e-2;3575e-1;712e-2
2016-09-25;15:10:01;1800e0;12971594e0;3466e0;44324e0;1007e-2;1024e-2;1017e-2;3465e-1;1380e-2;3524e-1;793e-2
2016-09-25;15:40:01;1800e0;11842941e0;2852e0;40347e0;918e-2;935e-2;927e-2;3505e-1;1200e-2;3529e-1;770e-2
2016-09-25;16:10:01;1800e0;10676452e0;2466e0;36797e0;828e-2;844e-2;836e-2;3553e-1;1019e-2;3539e-1;741e-2
2016-09-25;16:40:01;1800e0;8456057e0;1866e0;29177e0;657e-2;671e-2;662e-2;3603e-1;750e-2;3581e-1;629e-2
2016-09-25;17:10:01;1800e0;7188692e0;2286e0;24251e0;558e-2;571e-2;563e-2;3637e-1;586e-2;3577e-1;583e-2
2016-09-25;17:40:01;1800e0;5483976e0;1318e0;18631e0;424e-2;436e-2;428e-2;3637e-1;403e-2;3573e-1;491e-2
2016-09-25;18:10:01;1800e0;4280952e0;868e0;14644e0;333e-2;342e-2;336e-2;3627e-1;268e-2;3626e-1;427e-2
2016-09-25;18:40:01;1800e0;818285e0;68e0;2906e0;79e-2;68e-2;85e-2;3414e-1;59e-2;3494e-1;84e-2
2016-09-25;19:10:01;1800e0;87009e0;0e0;262e0;24e-2;9e-2;19e-2;3220e-1;14e-2;3282e-1;18e-2
2016-09-26;07:40:01;1800e0;755975e0;115e0;2629e0;76e-2;64e-2;81e-2;3454e-1;55e-2;3502e-1;78e-2
2016-09-26;08:10:01;1800e0;3852218e0;749e0;13256e0;302e-2;313e-2;305e-2;3719e-1;235e-2;3716e-1;379e-2
2016-09-26;08:40:01;1800e0;5830401e0;1849e0;19633e0;455e-2;468e-2;460e-2;3709e-1;414e-2;3628e-1;523e-2
2016-09-26;09:10:01;1800e0;3697415e0;467e0;12831e0;290e-2;299e-2;294e-2;3654e-1;316e-2;3656e-1;280e-2
2016-09-26;09:40:01;1800e0;3454135e0;685e0;12109e0;273e-2;281e-2;276e-2;3618e-1;298e-2;3621e-1;264e-2
2016-09-26;10:10:01;1800e0;2544013e0;423e0;9043e0;203e-2;210e-2;206e-2;3626e-1;235e-2;3637e-1;181e-2
2016-09-26;10:40:01;1800e0;3505261e0;377e0;12604e0;277e-2;286e-2;280e-2;3658e-1;331e-2;3668e-1;235e-2
2016-09-26;11:10:01;1800e0;7354154e0;1736e0;25213e0;575e-2;590e-2;582e-2;3648e-1;711e-2;3657e-1;474e-2
2016-09-26;11:40:01;1800e0;11696905e0;2935e0;40140e0;913e-2;931e-2;923e-2;3524e-1;1215e-2;3562e-1;720e-2
2016-09-26;12:10:01;1800e0;8920243e0;2462e0;30200e0;693e-2;710e-2;701e-2;3558e-1;918e-2;3639e-1;539e-2
2016-09-26;12:40:01;1800e0;12531649e0;3863e0;42239e0;972e-2;990e-2;982e-2;3480e-1;1340e-2;3630e-1;734e-2
2016-09-26;13:10:01;1800e0;10632979e0;3119e0;35958e0;825e-2;843e-2;835e-2;3483e-1;1137e-2;3615e-1;629e-2
2016-09-26;13:40:01;1800e0;8626725e0;2629e0;29192e0;668e-2;685e-2;675e-2;3550e-1;899e-2;3656e-1;509e-2
2016-09-26;14:10:01;1800e0;6088285e0;1587e0;20920e0;476e-2;490e-2;481e-2;3572e-1;624e-2;3663e-1;367e-2
2016-09-26;14:40:01;1800e0;4576801e0;828e0;15594e0;360e-2;371e-2;363e-2;3592e-1;450e-2;3662e-1;294e-2
2016-09-26;15:10:01;1800e0;7564668e0;1783e0;26022e0;591e-2;607e-2;598e-2;3585e-1;758e-2;3664e-1;470e-2
2016-09-26;15:40:01;1800e0;9375428e0;2358e0;32347e0;729e-2;746e-2;737e-2;3551e-1;928e-2;3592e-1;612e-2
2016-09-26;16:10:01;1800e0;6078182e0;1553e0;20604e0;473e-2;486e-2;477e-2;3587e-1;570e-2;3643e-1;418e-2
2016-09-26;16:40:01;1800e0;2842328e0;500e0;9903e0;226e-2;234e-2;228e-2;3574e-1;260e-2;3574e-1;213e-2
2016-09-26;17:10:01;1800e0;1555245e0;247e0;4924e0;129e-2;130e-2;131e-2;3527e-1;148e-2;3553e-1;117e-2
2016-09-26;17:40:01;1800e0;933931e0;98e0;3232e0;85e-2;79e-2;89e-2;3440e-1;93e-2;3454e-1;73e-2
2016-09-26;18:10:01;1800e0;579856e0;100e0;1799e0;62e-2;49e-2;68e-2;3357e-1;59e-2;3365e-1;50e-2
2016-09-26;18:40:01;1800e0;243212e0;12e0;565e0;46e-2;18e-2;47e-2;3241e-1;30e-2;3206e-1;23e-2
2016-09-27;07:40:02;1800e0;1376933e0;165e0;4621e0;117e-2;118e-2;120e-2;3588e-1;46e-2;3687e-1;181e-2
2016-09-27;08:10:02;1800e0;3785384e0;769e0;13112e0;296e-2;308e-2;300e-2;3784e-1;196e-2;3673e-1;409e-2
2016-09-27;08:40:02;1800e0;5831794e0;991e0;20246e0;453e-2;468e-2;458e-2;3772e-1;374e-2;3624e-1;559e-2
2016-09-27;09:10:02;1800e0;7746833e0;2268e0;26484e0;601e-2;618e-2;608e-2;3731e-1;584e-2;3577e-1;664e-2
2016-09-27;09:40:02;1800e0;9026081e0;2519e0;30487e0;705e-2;723e-2;713e-2;3664e-1;767e-2;3530e-1;704e-2
2016-09-27;10:10:02;1800e0;10013210e0;2484e0;34060e0;785e-2;804e-2;794e-2;3575e-1;934e-2;3464e-1;729e-2
2016-09-27;10:40:02;1800e0;10655683e0;2586e0;36193e0;840e-2;861e-2;850e-2;3566e-1;1042e-2;3528e-1;716e-2
2016-09-27;11:10:02;1800e0;11437869e0;2900e0;38749e0;903e-2;924e-2;914e-2;3519e-1;1172e-2;3530e-1;728e-2
2016-09-27;11:40:02;1800e0;12044048e0;3389e0;40409e0;944e-2;966e-2;956e-2;3473e-1;1293e-2;3522e-1;725e-2
2016-09-27;12:10:02;1800e0;12478553e0;2613e0;43931e0;980e-2;1001e-2;992e-2;3442e-1;1358e-2;3557e-1;737e-2
2016-09-27;12:40:02;1800e0;11473654e0;3140e0;39646e0;905e-2;924e-2;916e-2;3443e-1;1240e-2;3566e-1;685e-2
2016-09-27;13:10:02;1800e0;9955589e0;3478e0;33265e0;783e-2;800e-2;792e-2;3471e-1;1057e-2;3610e-1;597e-2
2016-09-27;13:40:02;1800e0;6548808e0;1632e0;22296e0;517e-2;529e-2;522e-2;3551e-1;670e-2;3593e-1;404e-2
2016-09-27;14:10:02;1800e0;7475913e0;1711e0;25691e0;586e-2;601e-2;592e-2;3517e-1;776e-2;3619e-1;460e-2
2016-09-27;14:40:02;1800e0;3224415e0;449e0;10862e0;255e-2;263e-2;259e-2;3551e-1;318e-2;3600e-1;213e-2
2016-09-27;15:10:02;1800e0;2411762e0;251e0;8498e0;192e-2;198e-2;195e-2;3555e-1;235e-2;3576e-1;166e-2
2016-09-27;15:40:02;1800e0;2673151e0;339e0;9350e0;214e-2;220e-2;216e-2;3569e-1;261e-2;3555e-1;183e-2
2016-09-27;16:10:02;1800e0;2644035e0;320e0;9093e0;212e-2;216e-2;214e-2;3552e-1;256e-2;3584e-1;180e-2
2016-09-27;16:40:02;1800e0;4035314e0;931e0;13637e0;319e-2;326e-2;323e-2;3583e-1;358e-2;3557e-1;299e-2
2016-09-27;17:10:02;1800e0;6897989e0;1646e0;23664e0;541e-2;555e-2;546e-2;3612e-1;562e-2;3604e-1;561e-2
2016-09-27;17:40:02;1800e0;4766486e0;963e0;16568e0;376e-2;387e-2;379e-2;3608e-1;347e-2;3627e-1;429e-2
2016-09-27;18:10:02;1800e0;1398521e0;43e0;4770e0;122e-2;116e-2;127e-2;3421e-1;99e-2;3474e-1;138e-2
2016-09-27;18:40:02;1800e0;156714e0;0e0;359e0;30e-2;11e-2;27e-2;3156e-1;17e-2;3180e-1;19e-2
2016-09-28;09:10:02;1800e0;525075e0;54e0;1998e0;61e-2;45e-2;68e-2;3387e-1;57e-2;3328e-1;41e-2
2016-09-28;09:40:02;1800e0;604709e0;62e0;2369e0;66e-2;52e-2;73e-2;3380e-1;62e-2;3337e-1;50e-2
2016-09-28;10:10:02;1800e0;2440955e0;407e0;8378e0;193e-2;199e-2;196e-2;3596e-1;226e-2;3583e-1;177e-2
2016-09-28;10:40:02;1800e0;2491014e0;465e0;8897e0;197e-2;202e-2;201e-2;3591e-1;238e-2;3564e-1;173e-2
2016-09-28;11:10:02;1800e0;8527863e0;2097e0;29312e0;653e-2;668e-2;660e-2;3611e-1;846e-2;3583e-1;541e-2
2016-09-28;11:40:02;1800e0;2183962e0;332e0;7572e0;173e-2;177e-2;176e-2;3577e-1;214e-2;3541e-1;150e-2
2016-09-28;12:10:02;1800e0;8082488e0;2583e0;27056e0;622e-2;636e-2;629e-2;3622e-1;817e-2;3633e-1;486e-2
2016-09-28;12:40:02;1800e0;9101547e0;1983e0;31681e0;697e-2;711e-2;705e-2;3559e-1;937e-2;3618e-1;544e-2
2016-09-28;13:10:02;1800e0;11655055e0;2793e0;40353e0;894e-2;911e-2;903e-2;3543e-1;1217e-2;3658e-1;682e-2
2016-09-28;13:40:02;1800e0;5332768e0;1268e0;18441e0;411e-2;423e-2;415e-2;3607e-1;528e-2;3633e-1;335e-2
2016-09-28;14:10:02;1800e0;2879523e0;182e0;10286e0;225e-2;232e-2;228e-2;3593e-1;273e-2;3589e-1;200e-2
2016-09-28;14:40:02;1800e0;2743568e0;452e0;9757e0;217e-2;220e-2;222e-2;3571e-1;267e-2;3560e-1;179e-2
2016-09-28;15:10:02;1800e0;10835673e0;3106e0;36808e0;828e-2;846e-2;838e-2;3589e-1;1091e-2;3662e-1;661e-2
2016-09-28;15:40:02;1800e0;11143691e0;3225e0;38109e0;852e-2;870e-2;862e-2;3609e-1;1083e-2;3646e-1;715e-2
2016-09-28;16:10:02;1800e0;9942898e0;1915e0;34324e0;759e-2;774e-2;766e-2;3614e-1;922e-2;3626e-1;684e-2
2016-09-28;16:40:02;1800e0;4635771e0;961e0;16007e0;359e-2;370e-2;363e-2;3615e-1;416e-2;3618e-1;336e-2
2016-09-28;17:10:02;1800e0;2270325e0;429e0;7911e0;184e-2;185e-2;188e-2;3528e-1;198e-2;3517e-1;177e-2
2016-09-28;17:40:02;1800e0;604950e0;33e0;2137e0;65e-2;53e-2;71e-2;3388e-1;62e-2;3346e-1;49e-2
2016-09-28;18:10:02;1800e0;231801e0;24e0;768e0;40e-2;21e-2;42e-2;3244e-1;29e-2;3180e-1;21e-2
2016-09-29;08:10:02;1800e0;49628e0;0e0;232e0;4e-2;7e-2;1e-2;3249e-1;11e-2;3187e-1;8e-2
2016-09-29;08:40:02;1800e0;211760e0;20e0;710e0;45e-2;19e-2;45e-2;3228e-1;26e-2;3170e-1;20e-2
2016-09-29;09:10:03;1800e0;203607e0;16e0;607e0;45e-2;17e-2;42e-2;3222e-1;25e-2;3160e-1;19e-2
2016-09-29;09:40:03;1800e0;286748e0;34e0;859e0;47e-2;24e-2;48e-2;3258e-1;33e-2;3200e-1;25e-2
2016-09-29;10:10:03;1800e0;1345302e0;148e0;4762e0;115e-2;112e-2;120e-2;3504e-1;132e-2;3465e-1;97e-2
2016-09-29;10:40:03;1800e0;1657857e0;104e0;6010e0;137e-2;136e-2;141e-2;3529e-1;160e-2;3489e-1;119e-2
2016-09-29;11:10:03;1800e0;1018780e0;139e0;3649e0;92e-2;86e-2;97e-2;3462e-1;101e-2;3422e-1;76e-2
2016-09-29;11:40:03;1800e0;1814958e0;274e0;6428e0;149e-2;149e-2;153e-2;3525e-1;177e-2;3485e-1;127e-2
2016-09-29;12:10:03;1800e0;923767e0;143e0;3391e0;85e-2;78e-2;90e-2;3447e-1;93e-2;3406e-1;70e-2
2016-09-29;12:40:03;1800e0;983703e0;181e0;3488e0;89e-2;82e-2;94e-2;3448e-1;97e-2;3401e-1;74e-2
2016-09-29;13:10:03;1800e0;4072398e0;991e0;13966e0;318e-2;324e-2;322e-2;3576e-1;399e-2;3563e-1;261e-2
2016-09-29;13:40:03;1800e0;2076027e0;302e0;7276e0;168e-2;169e-2;172e-2;3531e-1;202e-2;3484e-1;143e-2
2016-09-29;14:10:03;1800e0;3127736e0;532e0;10865e0;246e-2;251e-2;249e-2;3576e-1;306e-2;3556e-1;206e-2
2016-09-29;14:40:03;1800e0;2015918e0;321e0;7087e0;162e-2;164e-2;165e-2;3537e-1;198e-2;3498e-1;140e-2
2016-09-29;15:10:03;1800e0;796787e0;91e0;2928e0;77e-2;67e-2;83e-2;3418e-1;81e-2;3371e-1;62e-2
2016-09-29;15:40:03;1800e0;424957e0;33e0;1522e0;55e-2;37e-2;63e-2;3310e-1;46e-2;3267e-1;35e-2
2016-09-29;16:10:03;1800e0;672792e0;132e0;2481e0;69e-2;57e-2;76e-2;3395e-1;70e-2;3353e-1;52e-2
2016-09-29;16:40:03;1800e0;360344e0;39e0;1304e0;52e-2;32e-2;61e-2;3298e-1;39e-2;3245e-1;30e-2
2016-09-29;17:10:03;1800e0;560435e0;89e0;1969e0;63e-2;49e-2;69e-2;3392e-1;59e-2;3336e-1;44e-2
2016-09-29;17:40:03;1800e0;150597e0;8e0;404e0;35e-2;16e-2;33e-2;3267e-1;22e-2;3184e-1;17e-2
2016-09-29;18:40:03;1800e0;54706e0;0e0;129e0;5e-2;9e-2;4e-2;3185e-1;10e-2;3191e-1;12e-2
2016-09-30;07:40:03;1800e0;173143e0;12e0;711e0;47e-2;23e-2;48e-2;3422e-1;25e-2;3473e-1;30e-2
2016-09-30;08:10:03;1800e0;1310987e0;175e0;4539e0;115e-2;109e-2;120e-2;3525e-1;91e-2;3592e-1;128e-2
2016-09-30;08:40:03;1800e0;2590009e0;466e0;8835e0;206e-2;212e-2;209e-2;3648e-1;180e-2;3643e-1;240e-2
2016-09-30;09:10:03;1800e0;7913039e0;2061e0;27157e0;615e-2;630e-2;621e-2;3738e-1;594e-2;3620e-1;672e-2
2016-09-30;09:40:03;1800e0;9642900e0;1908e0;33492e0;752e-2;769e-2;760e-2;3690e-1;812e-2;3567e-1;744e-2
2016-09-30;10:10:03;1800e0;11289341e0;2666e0;38784e0;881e-2;900e-2;891e-2;3652e-1;1034e-2;3533e-1;802e-2
2016-09-30;10:40:03;1800e0;12215384e0;4360e0;40912e0;954e-2;974e-2;965e-2;3633e-1;1186e-2;3542e-1;802e-2
2016-09-30;11:10:03;1800e0;11717376e0;3266e0;39994e0;911e-2;929e-2;922e-2;3615e-1;1183e-2;3578e-1;720e-2
2016-09-30;11:40:03;1800e0;10412429e0;2550e0;35765e0;807e-2;824e-2;816e-2;3599e-1;1066e-2;3599e-1;624e-2
2016-09-30;12:10:03;1800e0;3949780e0;775e0;13731e0;316e-2;316e-2;323e-2;3533e-1;398e-2;3522e-1;246e-2
2016-09-30;12:40:03;1800e0;7982041e0;1937e0;27431e0;626e-2;635e-2;635e-2;3596e-1;818e-2;3630e-1;461e-2
2016-09-30;13:10:03;1800e0;3619114e0;880e0;12318e0;284e-2;294e-2;287e-2;3644e-1;349e-2;3638e-1;239e-2
2016-09-30;13:40:03;1800e0;4918626e0;1054e0;16956e0;385e-2;397e-2;389e-2;3653e-1;486e-2;3653e-1;305e-2
2016-09-30;14:10:03;1800e0;7997958e0;2016e0;27178e0;623e-2;636e-2;630e-2;3560e-1;823e-2;3613e-1;479e-2
2016-09-30;14:40:03;1800e0;1679886e0;173e0;5815e0;137e-2;139e-2;141e-2;3596e-1;160e-2;3554e-1;121e-2
2016-09-30;15:10:03;1800e0;1884360e0;216e0;6462e0;151e-2;154e-2;154e-2;3604e-1;177e-2;3586e-1;136e-2
2016-09-30;15:40:03;1800e0;2707725e0;336e0;9644e0;211e-2;218e-2;214e-2;3654e-1;255e-2;3634e-1;184e-2
2016-09-30;16:10:03;1800e0;2952287e0;354e0;10460e0;232e-2;237e-2;235e-2;3637e-1;272e-2;3629e-1;204e-2
2016-09-30;16:40:03;1800e0;1376792e0;159e0;4841e0;115e-2;114e-2;119e-2;3570e-1;134e-2;3527e-1;98e-2
2016-09-30;17:10:03;1800e0;417297e0;56e0;1461e0;55e-2;37e-2;63e-2;3393e-1;43e-2;3368e-1;37e-2
2016-09-30;17:40:03;1800e0;586537e0;91e0;2036e0;63e-2;51e-2;70e-2;3451e-1;58e-2;3427e-1;49e-2
2016-09-30;18:10:03;1800e0;610716e0;80e0;2214e0;66e-2;53e-2;73e-2;3424e-1;52e-2;3459e-1;59e-2
2016-09-30;18:40:03;1800e0;584708e0;54e0;1909e0;67e-2;49e-2;65e-2;3344e-1;35e-2;3397e-1;70e-2
2016-10-01;07:40:03;1800e0;236266e0;25e0;875e0;48e-2;25e-2;53e-2;3432e-1;25e-2;3556e-1;33e-2
2016-10-01;08:10:03;1800e0;1366802e0;79e0;4865e0;124e-2;121e-2;128e-2;3630e-1;91e-2;3698e-1;145e-2
2016-10-01;08:40:03;1800e0;4080913e0;405e0;14570e0;323e-2;332e-2;326e-2;3725e-1;269e-2;3665e-1;382e-2
2016-10-01;09:10:03;1800e0;6926908e0;1330e0;24091e0;545e-2;559e-2;550e-2;3728e-1;528e-2;3592e-1;583e-2
2016-10-01;09:40:03;1800e0;7234005e0;1576e0;24724e0;570e-2;583e-2;576e-2;3641e-1;624e-2;3541e-1;554e-2
2016-10-01;10:10:03;1800e0;8627233e0;2208e0;29227e0;677e-2;691e-2;684e-2;3632e-1;793e-2;3546e-1;609e-2
2016-10-01;10:40:03;1800e0;5087809e0;873e0;17659e0;401e-2;410e-2;405e-2;3593e-1;485e-2;3547e-1;353e-2
2016-10-01;11:10:03;1800e0;5864769e0;1399e0;20133e0;460e-2;471e-2;465e-2;3615e-1;567e-2;3601e-1;380e-2
2016-10-01;11:40:03;1800e0;9787486e0;1615e0;34208e0;766e-2;780e-2;774e-2;3566e-1;1017e-2;3572e-1;581e-2
2016-10-01;12:10:03;1800e0;8310597e0;2003e0;28594e0;649e-2;663e-2;655e-2;3596e-1;858e-2;3598e-1;494e-2
2016-10-01;12:40:03;1800e0;12933532e0;3857e0;43502e0;1006e-2;1024e-2;1017e-2;3502e-1;1376e-2;3602e-1;764e-2
2016-10-01;13:10:03;1800e0;13630537e0;3192e0;46963e0;1058e-2;1076e-2;1069e-2;3446e-1;1465e-2;3578e-1;812e-2
2016-10-01;13:40:04;1800e0;15055384e0;3285e0;51964e0;1165e-2;1183e-2;1177e-2;3420e-1;1635e-2;3580e-1;894e-2
2016-10-01;14:10:04;1800e0;8380190e0;1818e0;28975e0;648e-2;661e-2;654e-2;3563e-1;859e-2;3626e-1;509e-2
2016-10-01;14:40:04;1800e0;10372015e0;2815e0;35362e0;801e-2;816e-2;809e-2;3576e-1;1071e-2;3638e-1;613e-2
2016-10-01;15:10:04;1800e0;12469578e0;3457e0;42491e0;963e-2;980e-2;972e-2;3517e-1;1289e-2;3558e-1;773e-2
2016-10-01;15:40:04;1800e0;7734404e0;2087e0;26298e0;599e-2;610e-2;604e-2;3545e-1;762e-2;3564e-1;511e-2
2016-10-01;16:10:04;1800e0;3882334e0;793e0;13261e0;304e-2;310e-2;307e-2;3613e-1;355e-2;3626e-1;271e-2
2016-10-01;16:40:04;1800e0;8233881e0;2258e0;27798e0;638e-2;650e-2;644e-2;3622e-1;722e-2;3598e-1;610e-2
2016-10-01;17:10:04;1800e0;5854650e0;1501e0;20066e0;455e-2;465e-2;459e-2;3638e-1;466e-2;3618e-1;479e-2
2016-10-01;17:40:04;1800e0;4330113e0;699e0;14935e0;338e-2;346e-2;341e-2;3628e-1;316e-2;3625e-1;386e-2
2016-10-01;18:10:04;1800e0;1560340e0;166e0;5532e0;129e-2;128e-2;132e-2;3538e-1;106e-2;3575e-1;155e-2
2016-10-01;18:40:04;1800e0;414176e0;114e0;1427e0;46e-2;34e-2;46e-2;3323e-1;31e-2;3248e-1;47e-2
2016-10-02;08:40:04;1800e0;407044e0;50e0;1313e0;54e-2;36e-2;58e-2;3419e-1;46e-2;3365e-1;32e-2
2016-10-02;09:10:04;1800e0;486772e0;50e0;1580e0;57e-2;42e-2;65e-2;3443e-1;53e-2;3417e-1;38e-2
2016-10-02;09:40:04;1800e0;898421e0;74e0;3261e0;83e-2;77e-2;88e-2;3532e-1;91e-2;3514e-1;66e-2
2016-10-02;10:10:04;1800e0;1931585e0;302e0;6623e0;157e-2;161e-2;159e-2;3656e-1;183e-2;3635e-1;132e-2
2016-10-02;10:40:04;1800e0;2427760e0;363e0;8326e0;195e-2;201e-2;197e-2;3661e-1;227e-2;3667e-1;166e-2
2016-10-02;11:10:04;1800e0;2923123e0;526e0;9926e0;233e-2;240e-2;236e-2;3670e-1;275e-2;3685e-1;194e-2
2016-10-02;11:40:04;1800e0;1944345e0;190e0;6566e0;159e-2;162e-2;161e-2;3634e-1;183e-2;3654e-1;136e-2
2016-10-02;12:10:04;1800e0;2742319e0;302e0;9756e0;219e-2;225e-2;221e-2;3675e-1;257e-2;3691e-1;184e-2
2016-10-02;12:40:04;1800e0;2250053e0;288e0;7807e0;181e-2;186e-2;183e-2;3635e-1;210e-2;3665e-1;156e-2
2016-10-02;13:10:04;1800e0;1613756e0;241e0;5611e0;133e-2;135e-2;136e-2;3605e-1;156e-2;3598e-1;114e-2
2016-10-02;13:40:04;1800e0;1597286e0;213e0;5279e0;132e-2;133e-2;135e-2;3605e-1;154e-2;3592e-1;112e-2
2016-10-02;14:10:04;1800e0;1962166e0;261e0;6758e0;160e-2;162e-2;162e-2;3622e-1;188e-2;3627e-1;135e-2
2016-10-02;14:40:04;1800e0;1979144e0;261e0;6754e0;159e-2;162e-2;161e-2;3623e-1;189e-2;3634e-1;135e-2
2016-10-02;15:10:04;1800e0;1736748e0;146e0;5914e0;141e-2;142e-2;144e-2;3614e-1;169e-2;3609e-1;118e-2
2016-10-02;15:40:04;1800e0;2166050e0;236e0;7343e0;173e-2;176e-2;176e-2;3646e-1;209e-2;3654e-1;143e-2
2016-10-02;16:10:04;1800e0;1499366e0;114e0;5279e0;125e-2;123e-2;128e-2;3586e-1;148e-2;3571e-1;102e-2
2016-10-02;16:40:04;1800e0;527025e0;61e0;1762e0;60e-2;45e-2;68e-2;3421e-1;56e-2;3394e-1;41e-2
2016-10-02;17:10:04;1800e0;258194e0;43e0;636e0;47e-2;20e-2;55e-2;3313e-1;31e-2;3243e-1;23e-2
2016-10-02;17:40:04;1800e0;472360e0;49e0;1492e0;58e-2;39e-2;65e-2;3392e-1;50e-2;3344e-1;38e-2
2016-10-02;18:10:04;1800e0;292584e0;12e0;1071e0;50e-2;36e-2;50e-2;3367e-1;47e-2;3312e-1;34e-2
2016-10-03;08:40:04;1800e0;227553e0;16e0;960e0;50e-2;29e-2;56e-2;3458e-1;37e-2;3422e-1;28e-2
2016-10-03;09:10:04;1800e0;770825e0;39e0;2899e0;75e-2;66e-2;81e-2;3510e-1;77e-2;3504e-1;58e-2
2016-10-03;09:40:04;1800e0;634874e0;64e0;2509e0;67e-2;55e-2;73e-2;3484e-1;66e-2;3448e-1;48e-2
2016-10-03;10:10:04;1800e0;899745e0;78e0;3342e0;83e-2;76e-2;88e-2;3534e-1;89e-2;3522e-1;67e-2
2016-10-03;10:40:04;1800e0;1292150e0;124e0;4623e0;109e-2;108e-2;112e-2;3583e-1;123e-2;3575e-1;95e-2
2016-10-03;11:10:04;1800e0;2214678e0;280e0;7657e0;177e-2;181e-2;180e-2;3662e-1;210e-2;3655e-1;149e-2
2016-10-03;11:40:04;1800e0;2088367e0;213e0;7058e0;167e-2;171e-2;170e-2;3653e-1;199e-2;3653e-1;140e-2
2016-10-03;12:10:04;1800e0;2884108e0;416e0;9983e0;226e-2;233e-2;229e-2;3682e-1;274e-2;3672e-1;189e-2
2016-10-03;12:40:04;1800e0;8967183e0;2125e0;30569e0;698e-2;713e-2;706e-2;3681e-1;899e-2;3720e-1;523e-2
2016-10-03;13:10:04;1800e0;5966142e0;1056e0;20614e0;465e-2;477e-2;469e-2;3652e-1;594e-2;3677e-1;363e-2
2016-10-03;13:40:04;1800e0;3756940e0;560e0;13198e0;295e-2;304e-2;297e-2;3690e-1;359e-2;3686e-1;241e-2
2016-10-03;14:10:04;1800e0;7174784e0;1378e0;24908e0;559e-2;572e-2;564e-2;3674e-1;717e-2;3698e-1;423e-2
2016-10-03;14:40:04;1800e0;5446487e0;1266e0;18636e0;420e-2;430e-2;424e-2;3661e-1;536e-2;3668e-1;334e-2
2016-10-03;15:10:04;1800e0;3746343e0;645e0;13094e0;294e-2;303e-2;297e-2;3682e-1;360e-2;3678e-1;240e-2
2016-10-03;15:40:04;1800e0;9165955e0;2097e0;31726e0;719e-2;734e-2;726e-2;3641e-1;893e-2;3616e-1;592e-2
2016-10-03;16:10:04;1800e0;9983815e0;2417e0;34302e0;776e-2;791e-2;784e-2;3604e-1;938e-2;3531e-1;693e-2
2016-10-03;16:40:04;1800e0;9180930e0;3138e0;30456e0;710e-2;725e-2;717e-2;3669e-1;796e-2;3574e-1;686e-2
2016-10-03;17:10:04;1800e0;7951428e0;2046e0;27289e0;617e-2;632e-2;623e-2;3719e-1;625e-2;3572e-1;656e-2
2016-10-03;17:40:04;1800e0;5765057e0;1369e0;19637e0;450e-2;463e-2;454e-2;3736e-1;398e-2;3609e-1;529e-2
2016-10-03;18:10:04;1800e0;3136816e0;540e0;10655e0;249e-2;256e-2;251e-2;3613e-1;184e-2;3670e-1;324e-2
2016-10-03;18:40:04;1800e0;323676e0;18e0;1058e0;39e-2;33e-2;37e-2;3286e-1;25e-2;3294e-1;50e-2
2016-10-04;07:40:05;1800e0;152303e0;6e0;1000e0;42e-2;20e-2;41e-2;3564e-1;22e-2;3616e-1;22e-2
2016-10-04;08:10:05;1800e0;3100386e0;523e0;10715e0;248e-2;255e-2;252e-2;3908e-1;187e-2;3576e-1;308e-2
2016-10-04;08:40:05;1800e0;6441267e0;1930e0;21934e0;501e-2;516e-2;506e-2;3881e-1;406e-2;3675e-1;605e-2
2016-10-04;09:10:05;1800e0;8372109e0;2063e0;28929e0;654e-2;671e-2;661e-2;3805e-1;628e-2;3568e-1;708e-2
2016-10-04;09:40:05;1800e0;9969572e0;2112e0;34455e0;785e-2;803e-2;794e-2;3728e-1;841e-2;3535e-1;766e-2
2016-10-04;10:10:05;1800e0;11266879e0;3300e0;37787e0;887e-2;906e-2;897e-2;3661e-1;1037e-2;3531e-1;792e-2
2016-10-04;10:40:05;1800e0;12183921e0;3525e0;40469e0;962e-2;982e-2;973e-2;3589e-1;1204e-2;3513e-1;798e-2
2016-10-04;11:10:05;1800e0;13036783e0;3736e0;44544e0;1029e-2;1049e-2;1041e-2;3586e-1;1342e-2;3574e-1;785e-2
2016-10-04;11:40:05;1800e0;13558788e0;4451e0;45438e0;1057e-2;1077e-2;1069e-2;3541e-1;1452e-2;3596e-1;773e-2
2016-10-04;12:10:05;1800e0;14148038e0;3828e0;48541e0;1099e-2;1119e-2;1112e-2;3502e-1;1530e-2;3640e-1;798e-2
2016-10-04;12:40:05;1800e0;14556607e0;3817e0;49397e0;1147e-2;1168e-2;1161e-2;3462e-1;1583e-2;3654e-1;827e-2
2016-10-04;13:10:05;1800e0;14973249e0;3790e0;51027e0;1178e-2;1198e-2;1191e-2;3486e-1;1615e-2;3733e-1;834e-2
2016-10-04;13:40:05;1800e0;15113788e0;4634e0;50680e0;1187e-2;1207e-2;1200e-2;3489e-1;1631e-2;3703e-1;846e-2
2016-10-04;14:10:05;1800e0;9212762e0;2696e0;31021e0;720e-2;735e-2;728e-2;3584e-1;961e-2;3674e-1;535e-2
2016-10-04;14:40:05;1800e0;4861458e0;1032e0;16622e0;381e-2;391e-2;385e-2;3666e-1;475e-2;3677e-1;298e-2
2016-10-04;15:10:05;1800e0;5459885e0;1152e0;18824e0;427e-2;437e-2;432e-2;3612e-1;539e-2;3612e-1;346e-2
2016-10-04;15:40:05;1800e0;2728504e0;464e0;9416e0;215e-2;221e-2;217e-2;3671e-1;254e-2;3677e-1;184e-2
2016-10-04;16:10:05;1800e0;5826720e0;1094e0;20243e0;454e-2;465e-2;458e-2;3692e-1;535e-2;3676e-1;386e-2
2016-10-04;16:40:05;1800e0;1664748e0;425e0;5803e0;138e-2;137e-2;141e-2;3564e-1;155e-2;3550e-1;122e-2
2016-10-04;17:10:05;1800e0;2777370e0;492e0;9797e0;224e-2;226e-2;228e-2;3658e-1;215e-2;3639e-1;226e-2
2016-10-04;17:40:05;1800e0;2824098e0;455e0;9817e0;228e-2;232e-2;231e-2;3652e-1;204e-2;3604e-1;249e-2
2016-10-04;18:10:05;1800e0;1142345e0;140e0;3866e0;103e-2;97e-2;106e-2;3402e-1;77e-2;3557e-1;117e-2
2016-10-04;18:40:05;1800e0;64677e0;6e0;116e0;13e-2;8e-2;5e-2;3314e-1;12e-2;3315e-1;11e-2
2016-10-05;07:40:05;1800e0;134002e0;18e0;600e0;42e-2;20e-2;41e-2;3596e-1;20e-2;3613e-1;22e-2
2016-10-05;08:10:05;1800e0;2847664e0;315e0;9840e0;229e-2;235e-2;233e-2;3895e-1;177e-2;3576e-1;284e-2
2016-10-05;08:40:05;1800e0;6289602e0;1327e0;21965e0;492e-2;507e-2;497e-2;3902e-1;395e-2;3687e-1;586e-2
2016-10-05;09:10:05;1800e0;8341721e0;2159e0;28374e0;653e-2;670e-2;660e-2;3822e-1;623e-2;3580e-1;702e-2
2016-10-05;09:40:05;1800e0;9973506e0;2738e0;33786e0;788e-2;806e-2;797e-2;3712e-1;847e-2;3524e-1;765e-2
2016-10-05;10:10:05;1800e0;11302940e0;2760e0;38570e0;881e-2;900e-2;891e-2;3659e-1;1042e-2;3525e-1;794e-2
2016-10-05;10:40:05;1800e0;12290153e0;2617e0;42409e0;950e-2;969e-2;961e-2;3609e-1;1207e-2;3527e-1;801e-2
2016-10-05;11:10:05;1800e0;13113995e0;2892e0;45746e0;1014e-2;1034e-2;1026e-2;3595e-1;1344e-2;3584e-1;788e-2
2016-10-05;11:40:05;1800e0;13663479e0;3798e0;46558e0;1058e-2;1079e-2;1071e-2;3551e-1;1455e-2;3607e-1;778e-2
2016-10-05;12:10:05;1800e0;14300634e0;4538e0;48092e0;1103e-2;1124e-2;1116e-2;3501e-1;1542e-2;3645e-1;809e-2
2016-10-05;12:40:05;1800e0;14615210e0;3187e0;50475e0;1131e-2;1151e-2;1144e-2;3480e-1;1575e-2;3633e-1;840e-2
2016-10-05;13:10:05;1800e0;14961863e0;3768e0;51339e0;1162e-2;1182e-2;1175e-2;3478e-1;1600e-2;3707e-1;854e-2
2016-10-05;13:40:05;1800e0;13078535e0;3045e0;45277e0;1014e-2;1032e-2;1025e-2;3527e-1;1382e-2;3678e-1;745e-2
2016-10-05;14:10:05;1800e0;13914557e0;3888e0;47033e0;1075e-2;1094e-2;1087e-2;3528e-1;1488e-2;3642e-1;786e-2
2016-10-05;14:40:05;1800e0;13437433e0;4761e0;44682e0;1040e-2;1060e-2;1052e-2;3547e-1;1436e-2;3605e-1;764e-2
2016-10-05;15:10:05;1800e0;11973717e0;3144e0;41038e0;926e-2;945e-2;937e-2;3548e-1;1243e-2;3538e-1;729e-2
2016-10-05;15:40:05;1800e0;11984450e0;3054e0;41164e0;928e-2;947e-2;938e-2;3548e-1;1202e-2;3484e-1;786e-2
2016-10-05;16:10:05;1800e0;11075135e0;2758e0;37765e0;857e-2;875e-2;866e-2;3616e-1;1042e-2;3480e-1;778e-2
2016-10-05;16:40:05;1800e0;9787137e0;2337e0;33689e0;758e-2;775e-2;766e-2;3711e-1;843e-2;3504e-1;742e-2
2016-10-05;17:10:05;1800e0;8053285e0;1974e0;27633e0;625e-2;640e-2;631e-2;3761e-1;624e-2;3530e-1;671e-2
2016-10-05;17:40:05;1800e0;5968880e0;1472e0;20472e0;467e-2;480e-2;471e-2;3799e-1;401e-2;3598e-1;551e-2
2016-10-05;18:10:05;1800e0;3163434e0;239e0;11246e0;248e-2;256e-2;251e-2;3573e-1;176e-2;3642e-1;336e-2
2016-10-05;18:40:05;1800e0;215462e0;18e0;690e0;38e-2;29e-2;34e-2;3422e-1;22e-2;3410e-1;39e-2
2016-10-06;08:10:05;1800e0;103229e0;0e0;641e0;24e-2;11e-2;15e-2;3369e-1;18e-2;3304e-1;13e-2
2016-10-06;08:40:05;1800e0;406673e0;74e0;1344e0;55e-2;37e-2;61e-2;3453e-1;44e-2;3417e-1;35e-2
2016-10-06;09:10:05;1800e0;599982e0;66e0;2228e0;65e-2;53e-2;70e-2;3517e-1;62e-2;3475e-1;47e-2
2016-10-06;09:40:05;1800e0;640554e0;116e0;2288e0;67e-2;56e-2;72e-2;3520e-1;66e-2;3486e-1;49e-2
2016-10-06;10:10:05;1800e0;696111e0;87e0;2588e0;71e-2;61e-2;75e-2;3537e-1;71e-2;3503e-1;54e-2
2016-10-06;10:40:05;1800e0;928382e0;72e0;3230e0;85e-2;81e-2;89e-2;3568e-1;91e-2;3545e-1;69e-2
2016-10-06;11:10:05;1800e0;1083821e0;120e0;3515e0;96e-2;94e-2;99e-2;3580e-1;106e-2;3559e-1;80e-2
2016-10-06;11:40:05;1800e0;1214789e0;138e0;4249e0;104e-2;104e-2;107e-2;3603e-1;117e-2;3568e-1;89e-2
2016-10-06;12:10:05;1800e0;1276202e0;180e0;4551e0;108e-2;108e-2;111e-2;3614e-1;122e-2;3572e-1;93e-2
2016-10-06;12:40:05;1800e0;1780013e0;183e0;6123e0;144e-2;148e-2;147e-2;3665e-1;167e-2;3631e-1;126e-2
2016-10-06;13:10:05;1800e0;1484532e0;181e0;5225e0;123e-2;124e-2;126e-2;3622e-1;142e-2;3591e-1;107e-2
2016-10-06;13:40:05;1800e0;1236334e0;126e0;4453e0;105e-2;105e-2;108e-2;3592e-1;118e-2;3564e-1;92e-2
2016-10-06;14:10:05;1800e0;1419114e0;168e0;4705e0;117e-2;119e-2;121e-2;3623e-1;135e-2;3581e-1;104e-2
2016-10-06;14:40:05;1800e0;1549027e0;118e0;5400e0;126e-2;129e-2;130e-2;3630e-1;145e-2;3587e-1;113e-2
2016-10-06;15:10:05;1800e0;2680523e0;298e0;9420e0;211e-2;219e-2;214e-2;3673e-1;252e-2;3647e-1;182e-2
2016-10-06;15:40:05;1800e0;7273825e0;1894e0;24763e0;564e-2;578e-2;571e-2;3684e-1;687e-2;3649e-1;472e-2
2016-10-06;16:10:05;1800e0;9852056e0;2553e0;33562e0;761e-2;778e-2;769e-2;3668e-1;911e-2;3566e-1;679e-2
2016-10-06;16:40:05;1800e0;5687224e0;1490e0;19231e0;443e-2;455e-2;448e-2;3709e-1;482e-2;3626e-1;422e-2
2016-10-06;17:10:05;1800e0;5598936e0;1399e0;19029e0;435e-2;447e-2;440e-2;3740e-1;429e-2;3624e-1;461e-2
2016-10-06;17:40:05;1800e0;5095924e0;949e0;17597e0;394e-2;408e-2;399e-2;3769e-1;347e-2;3637e-1;467e-2
2016-10-06;18:10:05;1800e0;2298140e0;336e0;8024e0;183e-2;189e-2;187e-2;3600e-1;136e-2;3639e-1;240e-2
2016-10-06;18:40:05;1800e0;86145e0;6e0;194e0;24e-2;14e-2;18e-2;3347e-1;16e-2;3352e-1;19e-2
2016-10-07;08:10:05;1800e0;79490e0;6e0;261e0;34e-2;14e-2;28e-2;3489e-1;21e-2;3414e-1;15e-2
2016-10-07;08:40:05;1800e0;387725e0;49e0;1145e0;54e-2;36e-2;59e-2;3465e-1;44e-2;3399e-1;32e-2
2016-10-07;09:10:05;1800e0;813496e0;74e0;2863e0;78e-2;72e-2;82e-2;3568e-1;81e-2;3533e-1;62e-2
2016-10-07;09:40:05;1800e0;2052486e0;300e0;7101e0;167e-2;172e-2;170e-2;3679e-1;179e-2;3670e-1;153e-2
2016-10-07;10:10:05;1800e0;5233927e0;917e0;17871e0;410e-2;425e-2;415e-2;3752e-1;463e-2;3752e-1;359e-2
2016-10-07;10:40:05;1800e0;9239679e0;2029e0;31834e0;717e-2;735e-2;726e-2;3668e-1;876e-2;3655e-1;604e-2
2016-10-07;11:10:05;1800e0;7725410e0;2031e0;26191e0;600e-2;617e-2;607e-2;3652e-1;753e-2;3659e-1;485e-2
2016-10-07;11:40:05;1800e0;4326431e0;947e0;14833e0;335e-2;348e-2;339e-2;3695e-1;417e-2;3683e-1;274e-2
2016-10-07;12:10:06;1800e0;2419889e0;391e0;8417e0;194e-2;200e-2;198e-2;3642e-1;235e-2;3621e-1;158e-2
2016-10-07;12:40:06;1800e0;2148103e0;232e0;7422e0;173e-2;179e-2;176e-2;3642e-1;205e-2;3623e-1;147e-2
2016-10-07;13:10:06;1799e0;2729154e0;334e0;9634e0;216e-2;226e-2;219e-2;3672e-1;257e-2;3659e-1;186e-2
2016-10-07;13:40:06;1800e0;2846517e0;390e0;9784e0;226e-2;236e-2;229e-2;3670e-1;270e-2;3650e-1;192e-2
2016-10-07;14:10:06;1800e0;2495707e0;326e0;8704e0;199e-2;208e-2;202e-2;3649e-1;237e-2;3637e-1;170e-2
2016-10-07;14:40:06;1800e0;8958178e0;2463e0;30339e0;703e-2;720e-2;711e-2;3646e-1;917e-2;3646e-1;527e-2
2016-10-07;15:10:06;1800e0;8900091e0;2128e0;30530e0;698e-2;715e-2;707e-2;3589e-1;900e-2;3572e-1;555e-2
2016-10-07;15:40:06;1800e0;11349926e0;2492e0;38877e0;886e-2;907e-2;898e-2;3574e-1;1131e-2;3505e-1;742e-2
2016-10-07;16:10:06;1800e0;10827526e0;3093e0;36399e0;843e-2;864e-2;854e-2;3617e-1;1022e-2;3475e-1;762e-2
2016-10-07;16:40:06;1800e0;9407934e0;2510e0;31820e0;735e-2;754e-2;744e-2;3684e-1;817e-2;3481e-1;722e-2
2016-10-07;17:10:06;1800e0;7653609e0;1700e0;26116e0;600e-2;618e-2;607e-2;3754e-1;595e-2;3506e-1;647e-2
2016-10-07;17:40:06;1800e0;5452385e0;1279e0;18534e0;427e-2;441e-2;431e-2;3783e-1;367e-2;3583e-1;510e-2
2016-10-07;18:10:06;1800e0;2481429e0;396e0;8474e0;200e-2;204e-2;202e-2;3635e-1;143e-2;3594e-1;265e-2
2016-10-08;08:10:06;1800e0;1638119e0;219e0;5807e0;138e-2;137e-2;141e-2;3759e-1;113e-2;3258e-1;183e-2
2016-10-08;08:40:06;1800e0;1072392e0;62e0;3902e0;96e-2;92e-2;99e-2;3639e-1;96e-2;3593e-1;84e-2
2016-10-08;09:10:06;1800e0;5552337e0;1471e0;18770e0;438e-2;447e-2;443e-2;3726e-1;434e-2;3637e-1;444e-2
2016-10-08;09:40:06;1800e0;9853456e0;2057e0;33954e0;770e-2;788e-2;778e-2;3707e-1;840e-2;3531e-1;756e-2
2016-10-08;10:10:06;1800e0;7248792e0;2186e0;24094e0;566e-2;581e-2;572e-2;3648e-1;662e-2;3572e-1;518e-2
2016-10-08;10:40:06;1800e0;9267368e0;2324e0;31578e0;721e-2;739e-2;729e-2;3668e-1;890e-2;3634e-1;597e-2
2016-10-08;11:10:06;1800e0;8834013e0;2015e0;30286e0;685e-2;701e-2;692e-2;3645e-1;880e-2;3656e-1;536e-2
2016-10-08;11:40:06;1800e0;5950058e0;1290e0;20506e0;461e-2;475e-2;467e-2;3634e-1;591e-2;3648e-1;373e-2
2016-10-08;12:10:06;1800e0;2639015e0;540e0;8978e0;208e-2;215e-2;211e-2;3666e-1;251e-2;3648e-1;175e-2
2016-10-08;12:40:06;1800e0;2074500e0;187e0;7056e0;165e-2;172e-2;168e-2;3680e-1;193e-2;3673e-1;143e-2
2016-10-08;13:10:06;1800e0;3729862e0;679e0;12990e0;290e-2;302e-2;294e-2;3714e-1;355e-2;3700e-1;237e-2
2016-10-08;13:40:06;1800e0;4226747e0;749e0;14507e0;328e-2;341e-2;332e-2;3694e-1;406e-2;3680e-1;268e-2
2016-10-08;14:10:06;1800e0;5251243e0;687e0;18408e0;407e-2;421e-2;413e-2;3680e-1;510e-2;3679e-1;324e-2
2016-10-08;14:40:06;1800e0;4692751e0;625e0;16283e0;366e-2;380e-2;370e-2;3724e-1;450e-2;3694e-1;294e-2
2016-10-08;15:10:06;1800e0;4671026e0;841e0;16240e0;365e-2;378e-2;369e-2;3697e-1;444e-2;3675e-1;300e-2
2016-10-08;15:40:06;1800e0;1541664e0;162e0;5301e0;126e-2;130e-2;129e-2;3626e-1;148e-2;3581e-1;109e-2
2016-10-08;16:10:06;1800e0;896917e0;78e0;3358e0;83e-2;78e-2;86e-2;3554e-1;90e-2;3533e-1;66e-2
2016-10-08;16:40:06;1800e0;655407e0;104e0;2333e0;68e-2;58e-2;72e-2;3522e-1;68e-2;3488e-1;50e-2
2016-10-08;17:10:06;1800e0;813630e0;99e0;3163e0;78e-2;71e-2;81e-2;3557e-1;82e-2;3521e-1;61e-2
2016-10-08;17:40:06;1800e0;614780e0;81e0;2250e0;67e-2;55e-2;70e-2;3515e-1;64e-2;3469e-1;48e-2
2016-10-08;18:10:06;1800e0;112475e0;0e0;234e0;19e-2;12e-2;14e-2;3300e-1;18e-2;3198e-1;13e-2
2016-10-09;08:10:06;1800e0;122898e0;6e0;244e0;21e-2;13e-2;16e-2;3347e-1;17e-2;3303e-1;13e-2
2016-10-09;08:40:06;1800e0;437497e0;68e0;1085e0;55e-2;41e-2;61e-2;3520e-1;47e-2;3482e-1;34e-2
2016-10-09;09:10:06;1800e0;431797e0;56e0;942e0;55e-2;40e-2;61e-2;3496e-1;45e-2;3483e-1;36e-2
2016-10-09;09:40:06;1800e0;1075042e0;81e0;3594e0;95e-2;94e-2;99e-2;3641e-1;98e-2;3607e-1;84e-2
2016-10-09;10:10:06;1800e0;1137204e0;143e0;3618e0;99e-2;99e-2;102e-2;3643e-1;109e-2;3603e-1;82e-2
2016-10-09;10:40:06;1800e0;2346506e0;257e0;8210e0;188e-2;196e-2;191e-2;3731e-1;219e-2;3699e-1;157e-2
2016-10-09;11:10:06;1800e0;7000289e0;2010e0;23498e0;552e-2;567e-2;558e-2;3714e-1;674e-2;3714e-1;433e-2
2016-10-09;11:40:06;1800e0;5254085e0;1180e0;17939e0;411e-2;425e-2;415e-2;3738e-1;495e-2;3726e-1;331e-2
2016-10-09;12:10:06;1800e0;5486711e0;1108e0;19073e0;426e-2;440e-2;431e-2;3730e-1;519e-2;3726e-1;342e-2
2016-10-09;12:40:06;1800e0;4496372e0;979e0;15507e0;350e-2;362e-2;354e-2;3729e-1;424e-2;3707e-1;281e-2
2016-10-09;13:10:06;1800e0;6693865e0;1141e0;23216e0;518e-2;533e-2;524e-2;3724e-1;643e-2;3733e-1;405e-2
2016-10-09;13:40:06;1800e0;3666118e0;690e0;12594e0;288e-2;297e-2;291e-2;3711e-1;343e-2;3685e-1;238e-2
2016-10-09;14:10:06;1800e0;4733133e0;928e0;16401e0;370e-2;382e-2;374e-2;3705e-1;447e-2;3695e-1;303e-2
2016-10-09;14:40:06;1800e0;3397672e0;464e0;11885e0;267e-2;277e-2;270e-2;3720e-1;311e-2;3698e-1;230e-2
2016-10-09;15:10:06;1800e0;4062409e0;751e0;13750e0;318e-2;328e-2;321e-2;3718e-1;375e-2;3699e-1;268e-2
2016-10-09;15:40:06;1800e0;1782303e0;162e0;6221e0;145e-2;148e-2;148e-2;3642e-1;168e-2;3599e-1;125e-2
2016-10-09;16:10:06;1800e0;2469921e0;423e0;8509e0;201e-2;201e-2;205e-2;3632e-1;231e-2;3589e-1;164e-2
2016-10-09;16:40:06;1800e0;1549082e0;200e0;5564e0;129e-2;130e-2;132e-2;3634e-1;140e-2;3618e-1;115e-2
2016-10-09;17:10:06;1800e0;950895e0;178e0;3467e0;87e-2;81e-2;91e-2;3568e-1;92e-2;3539e-1;72e-2
2016-10-09;17:40:06;1800e0;923763e0;105e0;3111e0;85e-2;81e-2;89e-2;3565e-1;81e-2;3564e-1;78e-2
2016-10-09;18:10:06;1800e0;93103e0;6e0;207e0;23e-2;17e-2;19e-2;3417e-1;20e-2;3350e-1;16e-2
2016-10-10;09:10:07;1800e0;53092e0;2e0;345e0;8e-2;10e-2;0e-2;3430e-1;14e-2;3349e-1;10e-2
2016-10-10;09:40:07;1800e0;154312e0;12e0;353e0;31e-2;15e-2;23e-2;3330e-1;21e-2;3281e-1;15e-2
2016-10-10;10:10:07;1800e0;309898e0;37e0;692e0;49e-2;30e-2;56e-2;3432e-1;36e-2;3363e-1;26e-2
2016-10-10;10:40:07;1800e0;496698e0;9e0;1601e0;59e-2;46e-2;64e-2;3476e-1;53e-2;3458e-1;40e-2
2016-10-10;11:10:07;1800e0;500681e0;96e0;1656e0;59e-2;45e-2;63e-2;3493e-1;53e-2;3451e-1;39e-2
2016-10-10;11:40:07;1800e0;882400e0;93e0;3343e0;82e-2;77e-2;86e-2;3574e-1;88e-2;3538e-1;65e-2
2016-10-10;12:10:07;1800e0;1151822e0;110e0;4329e0;99e-2;99e-2;102e-2;3610e-1;113e-2;3577e-1;83e-2
2016-10-10;12:40:07;1800e0;1238804e0;184e0;4352e0;105e-2;106e-2;109e-2;3622e-1;120e-2;3578e-1;88e-2
2016-10-10;13:10:07;1800e0;1027358e0;142e0;4078e0;91e-2;88e-2;94e-2;3584e-1;101e-2;3559e-1;75e-2
2016-10-10;13:40:07;1800e0;830085e0;74e0;3228e0;79e-2;72e-2;83e-2;3563e-1;83e-2;3524e-1;62e-2
2016-10-10;14:10:07;1800e0;931656e0;119e0;3549e0;85e-2;80e-2;89e-2;3581e-1;93e-2;3553e-1;68e-2
2016-10-10;14:40:07;1800e0;804213e0;153e0;3120e0;77e-2;69e-2;81e-2;3567e-1;80e-2;3532e-1;60e-2
2016-10-10;15:10:07;1800e0;960672e0;91e0;3617e0;87e-2;82e-2;91e-2;3593e-1;94e-2;3558e-1;71e-2
2016-10-10;15:40:07;1800e0;522801e0;81e0;1995e0;60e-2;46e-2;66e-2;3511e-1;56e-2;3463e-1;41e-2
2016-10-10;16:10:07;1800e0;485624e0;55e0;1695e0;58e-2;44e-2;64e-2;3496e-1;53e-2;3443e-1;38e-2
2016-10-10;16:40:07;1800e0;416204e0;33e0;1081e0;54e-2;38e-2;61e-2;3476e-1;46e-2;3424e-1;33e-2
2016-10-10;17:10:07;1800e0;403142e0;21e0;1071e0;54e-2;37e-2;60e-2;3468e-1;45e-2;3413e-1;32e-2
2016-10-10;17:40:07;1800e0;206911e0;22e0;541e0;39e-2;19e-2;37e-2;3364e-1;26e-2;3285e-1;18e-2
2016-10-11;08:40:07;1800e0;46885e0;0e0;311e0;7e-2;8e-2;1e-2;3490e-1;15e-2;3417e-1;11e-2
2016-10-11;09:10:07;1800e0;193976e0;24e0;387e0;42e-2;18e-2;43e-2;3384e-1;25e-2;3316e-1;18e-2
2016-10-11;09:40:07;1800e0;382415e0;31e0;712e0;53e-2;36e-2;59e-2;3473e-1;42e-2;3421e-1;31e-2
2016-10-11;10:10:07;1800e0;525745e0;55e0;1864e0;60e-2;47e-2;66e-2;3521e-1;55e-2;3483e-1;41e-2
2016-10-11;10:40:07;1800e0;770223e0;105e0;2805e0;74e-2;67e-2;78e-2;3574e-1;77e-2;3540e-1;57e-2
2016-10-11;11:10:07;1800e0;910977e0;154e0;3275e0;83e-2;79e-2;87e-2;3592e-1;90e-2;3566e-1;67e-2
2016-10-11;11:40:07;1800e0;1335137e0;162e0;4828e0;112e-2;112e-2;115e-2;3665e-1;127e-2;3618e-1;94e-2
2016-10-11;12:10:07;1800e0;1058775e0;131e0;3967e0;93e-2;90e-2;97e-2;3618e-1;103e-2;3580e-1;76e-2
2016-10-11;12:40:07;1800e0;966837e0;142e0;3586e0;87e-2;82e-2;91e-2;3602e-1;95e-2;3567e-1;70e-2
2016-10-11;13:10:07;1800e0;694657e0;120e0;2430e0;70e-2;61e-2;75e-2;3561e-1;72e-2;3515e-1;52e-2
2016-10-11;13:40:07;1800e0;786409e0;80e0;2990e0;76e-2;68e-2;80e-2;3572e-1;79e-2;3532e-1;58e-2
2016-10-11;14:10:07;1800e0;663338e0;93e0;2322e0;68e-2;57e-2;73e-2;3545e-1;67e-2;3514e-1;50e-2
2016-10-11;14:40:07;1800e0;658527e0;114e0;2372e0;68e-2;58e-2;73e-2;3549e-1;68e-2;3512e-1;51e-2
2016-10-11;15:10:07;1800e0;490963e0;50e0;1745e0;58e-2;44e-2;65e-2;3501e-1;52e-2;3455e-1;39e-2
2016-10-11;15:40:07;1800e0;409584e0;64e0;1143e0;54e-2;38e-2;62e-2;3461e-1;45e-2;3429e-1;33e-2
2016-10-11;16:10:07;1800e0;205877e0;12e0;454e0;41e-2;19e-2;38e-2;3363e-1;25e-2;3291e-1;19e-2
2016-10-11;16:40:07;1800e0;185021e0;0e0;343e0;44e-2;17e-2;41e-2;3362e-1;23e-2;3288e-1;18e-2
2016-10-11;17:10:07;1800e0;199662e0;24e0;502e0;45e-2;19e-2;49e-2;3383e-1;26e-2;3302e-1;19e-2
2016-10-11;17:40:07;1800e0;92868e0;0e0;174e0;12e-2;9e-2;5e-2;3268e-1;15e-2;3196e-1;10e-2
2016-10-12;09:10:07;1800e0;205531e0;14e0;462e0;42e-2;18e-2;40e-2;3401e-1;24e-2;3347e-1;19e-2
2016-10-12;09:40:07;1800e0;1268559e0;177e0;4161e0;117e-2;105e-2;124e-2;3556e-1;114e-2;3520e-1;92e-2
2016-10-12;10:10:07;1800e0;6115843e0;1780e0;20634e0;479e-2;491e-2;485e-2;3767e-1;540e-2;3746e-1;408e-2
2016-10-12;10:40:07;1800e0;4925902e0;1238e0;16737e0;385e-2;395e-2;390e-2;3723e-1;458e-2;3695e-1;318e-2
2016-10-12;11:10:07;1800e0;2249244e0;318e0;7826e0;178e-2;184e-2;181e-2;3736e-1;209e-2;3697e-1;148e-2
2016-10-12;11:40:07;1800e0;3947865e0;599e0;13741e0;308e-2;319e-2;311e-2;3779e-1;364e-2;3750e-1;253e-2
2016-10-12;12:10:07;1800e0;2208276e0;271e0;7436e0;176e-2;181e-2;179e-2;3722e-1;207e-2;3689e-1;145e-2
2016-10-12;12:40:07;1800e0;2023764e0;200e0;7124e0;162e-2;166e-2;165e-2;3717e-1;187e-2;3684e-1;137e-2
2016-10-12;13:10:07;1800e0;6713228e0;2051e0;22748e0;524e-2;536e-2;530e-2;3744e-1;649e-2;3749e-1;398e-2
2016-10-12;13:40:07;1800e0;8345646e0;1914e0;28723e0;647e-2;662e-2;654e-2;3729e-1;823e-2;3745e-1;482e-2
2016-10-12;14:10:07;1800e0;11853845e0;3447e0;40112e0;915e-2;933e-2;925e-2;3678e-1;1206e-2;3744e-1;663e-2
2016-10-12;14:40:07;1800e0;4030532e0;625e0;14003e0;314e-2;323e-2;318e-2;3739e-1;386e-2;3725e-1;245e-2
2016-10-12;15:10:07;1799e0;1763915e0;193e0;6308e0;142e-2;145e-2;145e-2;3696e-1;165e-2;3651e-1;120e-2
2016-10-12;15:40:07;1800e0;899203e0;147e0;3303e0;83e-2;76e-2;88e-2;3575e-1;88e-2;3540e-1;65e-2
2016-10-12;16:10:07;1800e0;1197833e0;124e0;4242e0;102e-2;100e-2;106e-2;3639e-1;114e-2;3587e-1;84e-2
2016-10-12;16:40:07;1800e0;1201364e0;105e0;4338e0;104e-2;101e-2;107e-2;3640e-1;115e-2;3583e-1;84e-2
2016-10-12;17:10:07;1800e0;1110884e0;105e0;4178e0;98e-2;93e-2;101e-2;3602e-1;100e-2;3578e-1;85e-2
2016-10-12;17:40:08;1800e0;684731e0;51e0;2661e0;71e-2;59e-2;75e-2;3523e-1;64e-2;3500e-1;55e-2
2016-10-13;08:40:08;1800e0;86459e0;0e0;303e0;25e-2;10e-2;10e-2;3411e-1;15e-2;3376e-1;13e-2
2016-10-13;09:10:08;1800e0;163197e0;0e0;264e0;39e-2;14e-2;32e-2;3336e-1;21e-2;3296e-1;17e-2
2016-10-13;09:40:08;1800e0;310955e0;0e0;944e0;50e-2;29e-2;56e-2;3437e-1;35e-2;3368e-1;27e-2
2016-10-13;10:10:08;1800e0;750123e0;84e0;2650e0;74e-2;66e-2;79e-2;3565e-1;74e-2;3527e-1;58e-2
2016-10-13;10:40:08;1800e0;1110196e0;88e0;3761e0;98e-2;96e-2;101e-2;3615e-1;106e-2;3581e-1;82e-2
2016-10-13;11:10:08;1800e0;1954605e0;138e0;6681e0;158e-2;165e-2;162e-2;3711e-1;183e-2;3678e-1;133e-2
2016-10-13;11:40:08;1800e0;2035261e0;190e0;6904e0;164e-2;170e-2;167e-2;3711e-1;192e-2;3679e-1;135e-2
2016-10-13;12:10:08;1800e0;1160741e0;80e0;4272e0;101e-2;100e-2;105e-2;3616e-1;111e-2;3583e-1;84e-2
2016-10-13;12:40:08;1800e0;1589191e0;193e0;5427e0;131e-2;134e-2;134e-2;3676e-1;152e-2;3625e-1;109e-2
2016-10-13;13:10:08;1800e0;1315059e0;83e0;4582e0;111e-2;112e-2;114e-2;3635e-1;126e-2;3600e-1;93e-2
2016-10-13;13:40:08;1800e0;950346e0;80e0;3540e0;86e-2;82e-2;90e-2;3579e-1;93e-2;3549e-1;70e-2
2016-10-13;14:10:08;1800e0;934011e0;126e0;3557e0;85e-2;81e-2;88e-2;3578e-1;91e-2;3554e-1;68e-2
2016-10-13;14:40:08;1800e0;747413e0;87e0;2848e0;73e-2;65e-2;77e-2;3552e-1;74e-2;3513e-1;56e-2
2016-10-13;15:10:08;1800e0;425855e0;55e0;1162e0;56e-2;40e-2;61e-2;3462e-1;46e-2;3426e-1;34e-2
2016-10-13;15:40:08;1800e0;825280e0;93e0;3083e0;78e-2;72e-2;83e-2;3554e-1;80e-2;3533e-1;63e-2
2016-10-13;16:10:08;1800e0;1060560e0;87e0;3877e0;94e-2;90e-2;98e-2;3608e-1;102e-2;3561e-1;77e-2
2016-10-13;16:40:08;1800e0;584867e0;103e0;1964e0;63e-2;51e-2;69e-2;3516e-1;59e-2;3476e-1;45e-2
2016-10-13;17:10:08;1800e0;766079e0;92e0;2828e0;74e-2;67e-2;79e-2;3538e-1;71e-2;3539e-1;62e-2
2016-10-13;17:40:08;1800e0;367782e0;75e0;934e0;52e-2;35e-2;59e-2;3429e-1;36e-2;3429e-1;34e-2
2016-10-13;18:10:08;1800e0;122218e0;6e0;331e0;27e-2;18e-2;25e-2;3370e-1;20e-2;3333e-1;20e-2
2016-10-14;08:10:08;1800e0;292583e0;62e0;1458e0;52e-2;34e-2;56e-2;3509e-1;33e-2;3529e-1;37e-2
2016-10-14;08:40:08;1800e0;3119206e0;817e0;10403e0;248e-2;254e-2;252e-2;3738e-1;222e-2;3707e-1;266e-2
2016-10-14;09:10:08;1800e0;7411163e0;1551e0;25611e0;575e-2;591e-2;582e-2;3819e-1;555e-2;3763e-1;594e-2
2016-10-14;09:40:08;1800e0;8714509e0;2678e0;29195e0;678e-2;695e-2;686e-2;3794e-1;720e-2;3737e-1;636e-2
2016-10-14;10:10:08;1800e0;10617008e0;2774e0;36029e0;820e-2;838e-2;830e-2;3760e-1;944e-2;3712e-1;716e-2
2016-10-14;10:40:08;1800e0;10100124e0;2345e0;34733e0;778e-2;795e-2;787e-2;3753e-1;939e-2;3729e-1;637e-2
2016-10-14;11:10:08;1800e0;9992901e0;3028e0;33720e0;768e-2;786e-2;777e-2;3734e-1;966e-2;3723e-1;599e-2
2016-10-14;11:40:08;1800e0;9306474e0;2706e0;31486e0;717e-2;734e-2;725e-2;3745e-1;916e-2;3745e-1;538e-2
2016-10-14;12:10:08;1800e0;8620977e0;2651e0;29318e0;668e-2;685e-2;676e-2;3755e-1;845e-2;3760e-1;497e-2
2016-10-14;12:40:08;1800e0;7071009e0;1658e0;24127e0;548e-2;563e-2;554e-2;3762e-1;681e-2;3751e-1;420e-2
2016-10-14;13:10:08;1800e0;6589292e0;1815e0;22401e0;516e-2;532e-2;522e-2;3770e-1;629e-2;3763e-1;395e-2
2016-10-14;13:40:08;1800e0;4934630e0;775e0;17311e0;384e-2;397e-2;388e-2;3775e-1;474e-2;3745e-1;296e-2
2016-10-14;14:10:08;1800e0;3573399e0;613e0;12431e0;279e-2;289e-2;282e-2;3751e-1;337e-2;3715e-1;227e-2
2016-10-14;14:40:08;1800e0;2632841e0;409e0;9104e0;207e-2;215e-2;209e-2;3721e-1;239e-2;3699e-1;181e-2
2016-10-14;15:10:08;1800e0;6689152e0;1605e0;22713e0;516e-2;530e-2;522e-2;3761e-1;627e-2;3743e-1;416e-2
2016-10-14;15:40:08;1800e0;3125865e0;453e0;11002e0;246e-2;255e-2;249e-2;3736e-1;288e-2;3711e-1;207e-2
2016-10-14;16:10:08;1800e0;3160528e0;605e0;10677e0;249e-2;257e-2;252e-2;3713e-1;286e-2;3695e-1;215e-2
2016-10-14;16:40:08;1800e0;1979383e0;135e0;6788e0;159e-2;164e-2;161e-2;3695e-1;175e-2;3675e-1;143e-2
2016-10-14;17:10:08;1800e0;2237414e0;324e0;7575e0;179e-2;184e-2;183e-2;3683e-1;181e-2;3673e-1;177e-2
2016-10-14;17:40:08;1800e0;689373e0;118e0;2238e0;74e-2;60e-2;77e-2;3449e-1;58e-2;3465e-1;62e-2
2016-10-15;08:40:08;1800e0;372832e0;20e0;1113e0;53e-2;35e-2;60e-2;3436e-1;38e-2;3401e-1;32e-2
2016-10-15;09:10:08;1800e0;625337e0;100e0;2404e0;67e-2;56e-2;72e-2;3537e-1;62e-2;3487e-1;49e-2
2016-10-15;09:40:08;1800e0;1112585e0;162e0;3798e0;98e-2;95e-2;101e-2;3616e-1;106e-2;3570e-1;81e-2
2016-10-15;10:10:08;1800e0;1925012e0;286e0;6518e0;157e-2;161e-2;159e-2;3712e-1;175e-2;3679e-1;135e-2
2016-10-15;10:40:08;1800e0;2731420e0;514e0;9491e0;218e-2;226e-2;220e-2;3748e-1;245e-2;3717e-1;188e-2
2016-10-15;12:20:46;1791e0;11606100e0;3400e0;39373e0;936e-2;953e-2;946e-2;3761e-1;1182e-2;3794e-1;690e-2
2016-10-15;12:50:46;1800e0;4247853e0;726e0;14780e0;332e-2;342e-2;335e-2;3774e-1;401e-2;3742e-1;262e-2
2016-10-15;13:20:46;1800e0;3093061e0;477e0;10797e0;242e-2;250e-2;244e-2;3759e-1;284e-2;3719e-1;204e-2
2016-10-15;13:50:46;1799e0;3552930e0;581e0;12251e0;276e-2;287e-2;279e-2;3770e-1;330e-2;3729e-1;228e-2
2016-10-15;14:20:46;1800e0;4659672e0;963e0;15988e0;361e-2;373e-2;364e-2;3786e-1;439e-2;3756e-1;285e-2
2016-10-15;14:50:46;1800e0;3338497e0;467e0;11639e0;260e-2;269e-2;263e-2;3756e-1;314e-2;3720e-1;210e-2
2016-10-15;15:20:46;1800e0;1774608e0;166e0;6148e0;144e-2;147e-2;146e-2;3697e-1;164e-2;3648e-1;123e-2
2016-10-15;15:50:46;1800e0;1889442e0;259e0;6466e0;152e-2;155e-2;155e-2;3705e-1;173e-2;3661e-1;130e-2
2016-10-15;16:20:46;1800e0;1650346e0;182e0;5819e0;135e-2;137e-2;138e-2;3678e-1;152e-2;3636e-1;116e-2
2016-10-15;16:50:46;1800e0;947035e0;112e0;3724e0;87e-2;82e-2;90e-2;3584e-1;91e-2;3548e-1;70e-2
2016-10-15;17:20:46;1800e0;436816e0;60e0;1394e0;56e-2;39e-2;61e-2;3461e-1;45e-2;3403e-1;35e-2
2016-10-16;09:00:00;1800e0;108536e0;0e0;141e0;22e-2;10e-2;11e-2;3361e-1;17e-2;3256e-1;12e-2
2016-10-16;09:30:00;1800e0;133600e0;0e0;163e0;34e-2;11e-2;18e-2;3336e-1;18e-2;3294e-1;13e-2
2016-10-16;10:00:00;1800e0;180825e0;18e0;303e0;44e-2;16e-2;38e-2;3383e-1;24e-2;3308e-1;17e-2
2016-10-16;10:30:00;1800e0;182679e0;0e0;349e0;45e-2;16e-2;41e-2;3391e-1;25e-2;3325e-1;18e-2
2016-10-16;11:00:00;1800e0;255977e0;18e0;666e0;47e-2;24e-2;54e-2;3441e-1;31e-2;3365e-1;22e-2
2016-10-16;11:30:00;1800e0;312082e0;18e0;648e0;50e-2;29e-2;56e-2;3460e-1;36e-2;3391e-1;26e-2
2016-10-16;12:00:00;1800e0;232841e0;37e0;538e0;47e-2;21e-2;47e-2;3414e-1;28e-2;3341e-1;21e-2
2016-10-16;12:30:00;1800e0;197008e0;6e0;436e0;46e-2;18e-2;43e-2;3404e-1;26e-2;3313e-1;19e-2
2016-10-16;13:00:00;1800e0;256417e0;31e0;607e0;48e-2;24e-2;53e-2;3437e-1;31e-2;3357e-1;22e-2
2016-10-16;13:30:00;1800e0;255264e0;24e0;565e0;47e-2;23e-2;45e-2;3420e-1;31e-2;3350e-1;22e-2
2016-10-16;14:00:00;1800e0;297140e0;6e0;594e0;50e-2;27e-2;49e-2;3443e-1;35e-2;3385e-1;25e-2
2016-10-16;14:30:00;1800e0;428537e0;62e0;1091e0;56e-2;39e-2;61e-2;3502e-1;47e-2;3462e-1;33e-2
2016-10-16;15:00:00;1800e0;299602e0;49e0;605e0;49e-2;26e-2;55e-2;3446e-1;35e-2;3380e-1;25e-2
2016-10-16;15:30:00;1800e0;129149e0;0e0;166e0;29e-2;11e-2;12e-2;3324e-1;19e-2;3259e-1;13e-2
2016-10-16;16:00:00;1800e0;108962e0;0e0;186e0;18e-2;10e-2;5e-2;3316e-1;17e-2;3256e-1;11e-2
2016-10-16;16:30:00;1800e0;127234e0;6e0;171e0;28e-2;11e-2;13e-2;3323e-1;18e-2;3272e-1;12e-2
2016-10-16;17:00:00;1800e0;77278e0;0e0;147e0;4e-2;8e-2;0e-2;3262e-1;13e-2;3185e-1;9e-2
2016-10-16;17:30:00;1800e0;61304e0;4e0;139e0;5e-2;9e-2;0e-2;3349e-1;13e-2;3269e-1;9e-2
2016-10-17;09:30:00;1800e0;66815e0;0e0;663e0;12e-2;9e-2;5e-2;3365e-1;15e-2;3320e-1;10e-2
2016-10-17;10:00:00;1800e0;290354e0;55e0;589e0;48e-2;26e-2;53e-2;3418e-1;34e-2;3360e-1;25e-2
2016-10-17;10:30:00;1800e0;360225e0;31e0;848e0;52e-2;33e-2;58e-2;3442e-1;41e-2;3403e-1;30e-2
2016-10-17;11:00:00;1800e0;400012e0;12e0;1029e0;54e-2;36e-2;60e-2;3461e-1;44e-2;3429e-1;33e-2
2016-10-17;11:30:00;1800e0;342222e0;18e0;834e0;51e-2;31e-2;57e-2;3433e-1;39e-2;3387e-1;28e-2
2016-10-17;12:00:00;1800e0;547055e0;142e0;2014e0;62e-2;49e-2;67e-2;3516e-1;58e-2;3483e-1;43e-2
2016-10-17;12:30:00;1800e0;467228e0;43e0;1528e0;57e-2;42e-2;62e-2;3484e-1;51e-2;3453e-1;37e-2
2016-10-17;13:00:00;1800e0;449155e0;49e0;974e0;56e-2;41e-2;61e-2;3475e-1;50e-2;3443e-1;36e-2
2016-10-17;13:30:00;1800e0;508993e0;62e0;1751e0;60e-2;46e-2;64e-2;3507e-1;55e-2;3467e-1;40e-2
2016-10-17;14:00:00;1800e0;652371e0;81e0;2356e0;67e-2;57e-2;71e-2;3532e-1;67e-2;3505e-1;49e-2
2016-10-17;14:30:00;1800e0;828421e0;68e0;3206e0;78e-2;71e-2;82e-2;3563e-1;84e-2;3550e-1;60e-2
2016-10-17;15:00:00;1800e0;891184e0;112e0;3288e0;83e-2;77e-2;86e-2;3571e-1;89e-2;3564e-1;65e-2
2016-10-17;15:30:00;1800e0;570208e0;62e0;1980e0;63e-2;51e-2;68e-2;3506e-1;60e-2;3478e-1;44e-2
2016-10-17;16:00:00;1800e0;397153e0;25e0;805e0;53e-2;36e-2;60e-2;3453e-1;44e-2;3423e-1;32e-2
2016-10-17;16:30:00;1800e0;234738e0;37e0;550e0;46e-2;21e-2;46e-2;3383e-1;29e-2;3314e-1;21e-2
2016-10-17;17:00:00;1800e0;97088e0;0e0;223e0;14e-2;10e-2;7e-2;3265e-1;15e-2;3192e-1;11e-2
2016-10-17;17:30:01;1800e0;102459e0;4e0;162e0;17e-2;10e-2;9e-2;3271e-1;16e-2;3213e-1;11e-2
2016-10-18;09:30:01;1800e0;116991e0;6e0;143e0;23e-2;11e-2;14e-2;3293e-1;18e-2;3265e-1;13e-2
2016-10-18;10:00:01;1800e0;213170e0;6e0;584e0;46e-2;21e-2;48e-2;3396e-1;28e-2;3326e-1;20e-2
2016-10-18;10:30:01;1800e0;304765e0;50e0;767e0;49e-2;29e-2;54e-2;3434e-1;35e-2;3386e-1;26e-2
2016-10-18;11:00:01;1800e0;186395e0;25e0;408e0;45e-2;18e-2;42e-2;3370e-1;25e-2;3294e-1;18e-2
2016-10-18;11:30:01;1800e0;270668e0;37e0;671e0;48e-2;26e-2;53e-2;3422e-1;32e-2;3355e-1;24e-2
2016-10-18;12:00:01;1800e0;312154e0;31e0;691e0;50e-2;29e-2;55e-2;3442e-1;36e-2;3384e-1;26e-2
2016-10-18;12:30:01;1800e0;400331e0;32e0;876e0;54e-2;38e-2;59e-2;3477e-1;45e-2;3446e-1;33e-2
2016-10-18;13:00:01;1800e0;492398e0;103e0;1707e0;59e-2;45e-2;63e-2;3504e-1;53e-2;3473e-1;39e-2
2016-10-18;13:30:01;1800e0;478558e0;49e0;1717e0;58e-2;43e-2;62e-2;3491e-1;52e-2;3467e-1;38e-2
2016-10-18;14:00:01;1800e0;347711e0;12e0;680e0;51e-2;33e-2;57e-2;3435e-1;40e-2;3402e-1;29e-2
2016-10-18;14:30:01;1800e0;254873e0;36e0;648e0;47e-2;24e-2;52e-2;3410e-1;31e-2;3333e-1;23e-2
2016-10-18;15:00:01;1800e0;334606e0;43e0;803e0;51e-2;31e-2;57e-2;3439e-1;39e-2;3393e-1;28e-2
2016-10-18;15:30:01;1800e0;323251e0;24e0;1093e0;51e-2;29e-2;48e-2;3407e-1;37e-2;3357e-1;27e-2
2016-10-18;16:00:01;1800e0;289251e0;37e0;737e0;48e-2;26e-2;55e-2;3408e-1;34e-2;3343e-1;24e-2
2016-10-18;16:30:01;1800e0;207640e0;25e0;440e0;45e-2;18e-2;47e-2;3368e-1;27e-2;3297e-1;19e-2
2016-10-18;17:00:01;1800e0;129675e0;0e0;226e0;28e-2;11e-2;19e-2;3300e-1;19e-2;3213e-1;13e-2
2016-10-18;17:30:01;1800e0;46632e0;2e0;197e0;0e-2;6e-2;0e-2;3299e-1;11e-2;3226e-1;7e-2
2016-10-19;08:30:01;1800e0;52061e0;0e0;316e0;9e-2;7e-2;2e-2;3368e-1;14e-2;3305e-1;10e-2
2016-10-19;09:00:01;1800e0;154009e0;6e0;312e0;32e-2;13e-2;22e-2;3303e-1;21e-2;3232e-1;15e-2
2016-10-19;09:30:01;1800e0;40368e0;0e0;166e0;0e-2;6e-2;0e-2;3287e-1;10e-2;3234e-1;7e-2
2016-10-19;10:30:01;1800e0;140882e0;6e0;336e0;23e-2;13e-2;17e-2;3274e-1;19e-2;3219e-1;15e-2
2016-10-19;11:00:01;1800e0;390090e0;56e0;888e0;54e-2;36e-2;60e-2;3424e-1;43e-2;3401e-1;32e-2
2016-10-19;11:30:01;1800e0;195354e0;30e0;474e0;45e-2;18e-2;44e-2;3320e-1;25e-2;3253e-1;18e-2
2016-10-19;12:00:01;1800e0;794639e0;131e0;2857e0;77e-2;68e-2;82e-2;3536e-1;80e-2;3511e-1;58e-2
2016-10-19;12:30:01;1799e0;2254851e0;361e0;7762e0;182e-2;187e-2;185e-2;3708e-1;214e-2;3688e-1;146e-2
2016-10-19;13:00:01;1800e0;1389185e0;162e0;4712e0;119e-2;118e-2;122e-2;3617e-1;133e-2;3604e-1;96e-2
2016-10-19;13:30:01;1800e0;620506e0;106e0;2041e0;66e-2;54e-2;71e-2;3499e-1;63e-2;3476e-1;47e-2
2016-10-19;14:00:01;1800e0;919517e0;149e0;3216e0;85e-2;78e-2;89e-2;3561e-1;91e-2;3540e-1;67e-2
2016-10-19;14:30:01;1800e0;765329e0;68e0;2724e0;75e-2;66e-2;80e-2;3515e-1;77e-2;3502e-1;57e-2
2016-10-19;15:00:01;1800e0;638227e0;89e0;2050e0;68e-2;57e-2;74e-2;3483e-1;66e-2;3457e-1;48e-2
2016-10-19;15:30:01;1800e0;466189e0;55e0;1585e0;57e-2;42e-2;63e-2;3449e-1;50e-2;3426e-1;37e-2
2016-10-19;16:00:01;1800e0;538177e0;80e0;2076e0;61e-2;47e-2;67e-2;3480e-1;56e-2;3442e-1;42e-2
2016-10-19;16:30:01;1800e0;139362e0;0e0;228e0;27e-2;12e-2;16e-2;3269e-1;18e-2;3215e-1;14e-2
2016-10-19;17:00:01;1800e0;45706e0;0e0;108e0;4e-2;7e-2;0e-2;3353e-1;12e-2;3268e-1;9e-2
2016-10-20;08:30:02;1800e0;2116700e0;336e0;7295e0;175e-2;174e-2;179e-2;3816e-1;152e-2;3308e-1;206e-2
2016-10-20;09:00:02;1800e0;5925581e0;1419e0;20310e0;462e-2;477e-2;467e-2;3873e-1;424e-2;3747e-1;494e-2
2016-10-20;09:30:02;1800e0;8117468e0;2025e0;27904e0;636e-2;653e-2;643e-2;3803e-1;658e-2;3677e-1;615e-2
2016-10-20;10:00:02;1800e0;9768383e0;2639e0;33178e0;768e-2;786e-2;777e-2;3757e-1;864e-2;3634e-1;682e-2
2016-10-20;10:30:02;1800e0;11196671e0;2643e0;38153e0;871e-2;891e-2;882e-2;3714e-1;1058e-2;3626e-1;724e-2
2016-10-20;11:00:02;1800e0;11638324e0;2815e0;39758e0;905e-2;925e-2;916e-2;3679e-1;1151e-2;3643e-1;706e-2
2016-10-20;11:30:02;1800e0;12869669e0;3535e0;43991e0;1017e-2;1039e-2;1030e-2;3637e-1;1327e-2;3660e-1;738e-2
2016-10-20;12:00:02;1800e0;13818688e0;3805e0;47105e0;1085e-2;1108e-2;1099e-2;3581e-1;1447e-2;3681e-1;787e-2
2016-10-20;12:30:02;1800e0;11326068e0;2932e0;38636e0;886e-2;904e-2;896e-2;3618e-1;1159e-2;3702e-1;656e-2
2016-10-20;13:00:02;1800e0;12351853e0;3347e0;42028e0;967e-2;987e-2;979e-2;3614e-1;1265e-2;3714e-1;713e-2
2016-10-20;13:30:02;1800e0;9128325e0;2629e0;31021e0;717e-2;734e-2;726e-2;3637e-1;932e-2;3700e-1;524e-2
2016-10-20;14:00:02;1800e0;12701409e0;3407e0;43150e0;993e-2;1013e-2;1005e-2;3566e-1;1326e-2;3673e-1;732e-2
2016-10-20;14:30:02;1800e0;12952266e0;3666e0;44112e0;1015e-2;1035e-2;1027e-2;3576e-1;1361e-2;3654e-1;739e-2
2016-10-20;15:00:02;1800e0;12556816e0;2866e0;44660e0;979e-2;999e-2;990e-2;3596e-1;1298e-2;3609e-1;740e-2
2016-10-20;15:30:02;1800e0;12016999e0;2960e0;40376e0;937e-2;958e-2;948e-2;3608e-1;1192e-2;3585e-1;760e-2
2016-10-20;16:00:02;1800e0;8223190e0;2231e0;27956e0;640e-2;655e-2;646e-2;3681e-1;769e-2;3664e-1;545e-2
2016-10-20;16:30:02;1800e0;8760766e0;2838e0;29174e0;689e-2;706e-2;697e-2;3721e-1;761e-2;3662e-1;628e-2
2016-10-20;17:00:02;1800e0;6418086e0;1207e0;22551e0;505e-2;519e-2;510e-2;3749e-1;510e-2;3680e-1;505e-2
2016-10-20;17:30:02;1800e0;2425803e0;332e0;8517e0;197e-2;200e-2;201e-2;3661e-1;181e-2;3527e-1;213e-2
2016-10-20;18:00:02;1800e0;126265e0;6e0;339e0;25e-2;16e-2;18e-2;3366e-1;20e-2;3331e-1;21e-2
2016-10-21;09:00:02;1800e0;373541e0;25e0;1087e0;53e-2;35e-2;59e-2;3453e-1;40e-2;3430e-1;30e-2
2016-10-21;09:30:02;1800e0;809938e0;87e0;3023e0;77e-2;70e-2;81e-2;3582e-1;77e-2;3569e-1;62e-2
2016-10-21;10:00:02;1800e0;777565e0;93e0;3036e0;75e-2;69e-2;79e-2;3574e-1;77e-2;3561e-1;58e-2
2016-10-21;10:30:02;1800e0;804755e0;111e0;3056e0;77e-2;70e-2;81e-2;3575e-1;80e-2;3557e-1;59e-2
2016-10-21;11:00:02;1800e0;978872e0;143e0;3843e0;88e-2;84e-2;92e-2;3607e-1;95e-2;3590e-1;70e-2
2016-10-21;11:30:02;1800e0;1322782e0;137e0;4703e0;111e-2;112e-2;115e-2;3668e-1;124e-2;3647e-1;93e-2
2016-10-21;12:00:02;1800e0;2585298e0;408e0;9079e0;204e-2;213e-2;208e-2;3753e-1;240e-2;3743e-1;169e-2
2016-10-21;12:30:02;1800e0;2505096e0;352e0;8697e0;198e-2;206e-2;201e-2;3742e-1;233e-2;3734e-1;164e-2
2016-10-21;13:00:02;1800e0;1928960e0;152e0;6571e0;156e-2;161e-2;159e-2;3701e-1;179e-2;3701e-1;131e-2
2016-10-21;13:30:02;1800e0;1191030e0;180e0;4304e0;102e-2;101e-2;106e-2;3635e-1;113e-2;3616e-1;85e-2
2016-10-21;14:00:02;1800e0;1054626e0;192e0;3706e0;93e-2;90e-2;97e-2;3613e-1;102e-2;3599e-1;74e-2
2016-10-21;14:30:02;1800e0;428955e0;87e0;1395e0;55e-2;39e-2;62e-2;3476e-1;46e-2;3443e-1;34e-2
2016-10-21;15:00:02;1800e0;371024e0;53e0;817e0;52e-2;34e-2;59e-2;3456e-1;40e-2;3429e-1;30e-2
2016-10-21;15:30:02;1800e0;207877e0;18e0;502e0;46e-2;19e-2;48e-2;3381e-1;26e-2;3323e-1;20e-2
2016-10-21;16:00:02;1800e0;179543e0;18e0;373e0;41e-2;17e-2;38e-2;3365e-1;23e-2;3298e-1;17e-2
2016-10-21;16:30:02;1800e0;64250e0;6e0;75e0;11e-2;10e-2;6e-2;3390e-1;13e-2;3332e-1;10e-2
2016-10-22;09:00:02;1800e0;214033e0;6e0;455e0;41e-2;20e-2;38e-2;3443e-1;26e-2;3389e-1;19e-2
2016-10-22;09:30:02;1800e0;382854e0;45e0;1085e0;53e-2;34e-2;59e-2;3521e-1;42e-2;3474e-1;29e-2
2016-10-22;10:00:02;1800e0;472641e0;56e0;1746e0;57e-2;43e-2;63e-2;3549e-1;51e-2;3521e-1;36e-2
2016-10-22;10:30:02;1800e0;321657e0;44e0;790e0;50e-2;30e-2;57e-2;3508e-1;36e-2;3453e-1;26e-2
2016-10-22;11:00:02;1800e0;333789e0;31e0;660e0;50e-2;31e-2;57e-2;3507e-1;37e-2;3469e-1;27e-2
2016-10-22;11:30:02;1800e0;616189e0;112e0;2248e0;66e-2;55e-2;71e-2;3590e-1;64e-2;3557e-1;46e-2
2016-10-22;12:00:02;1800e0;919120e0;140e0;3480e0;84e-2;80e-2;88e-2;3647e-1;91e-2;3631e-1;65e-2
2016-10-22;12:30:02;1800e0;1190429e0;87e0;4426e0;102e-2;101e-2;105e-2;3696e-1;114e-2;3673e-1;82e-2
2016-10-22;13:00:02;1800e0;958224e0;118e0;3608e0;86e-2;81e-2;89e-2;3647e-1;94e-2;3631e-1;67e-2
2016-10-22;13:30:02;1800e0;549509e0;62e0;1856e0;63e-2;48e-2;68e-2;3550e-1;57e-2;3513e-1;41e-2
2016-10-22;14:00:02;1800e0;266501e0;12e0;587e0;48e-2;24e-2;53e-2;3461e-1;32e-2;3395e-1;23e-2
2016-10-22;14:30:02;1800e0;361952e0;12e0;1130e0;53e-2;33e-2;57e-2;3481e-1;41e-2;3441e-1;29e-2
2016-10-22;15:00:02;1800e0;547098e0;81e0;1828e0;61e-2;49e-2;67e-2;3558e-1;57e-2;3523e-1;42e-2
2016-10-22;15:30:02;1800e0;223175e0;31e0;432e0;43e-2;20e-2;36e-2;3416e-1;28e-2;3348e-1;19e-2
2016-10-22;16:00:02;1800e0;85315e0;2e0;145e0;7e-2;9e-2;1e-2;3296e-1;15e-2;3223e-1;10e-2
2016-10-22;16:30:02;1800e0;47538e0;0e0;111e0;4e-2;7e-2;0e-2;3457e-1;13e-2;3371e-1;9e-2
2016-10-23;09:00:03;1800e0;277354e0;12e0;716e0;40e-2;25e-2;39e-2;3449e-1;33e-2;3380e-1;22e-2
2016-10-23;09:30:03;1800e0;727200e0;108e0;2625e0;72e-2;64e-2;76e-2;3600e-1;74e-2;3568e-1;53e-2
2016-10-23;10:00:03;1800e0;767523e0;80e0;2866e0;74e-2;67e-2;79e-2;3599e-1;77e-2;3573e-1;55e-2
2016-10-23;10:30:03;1800e0;1257300e0;170e0;4372e0;107e-2;106e-2;111e-2;3687e-1;120e-2;3663e-1;86e-2
2016-10-23;11:00:03;1800e0;1076387e0;99e0;3949e0;95e-2;91e-2;99e-2;3646e-1;103e-2;3627e-1;75e-2
2016-10-23;11:30:03;1800e0;1371744e0;123e0;4557e0;115e-2;115e-2;119e-2;3699e-1;131e-2;3669e-1;93e-2
2016-10-23;12:00:03;1800e0;2659975e0;461e0;9069e0;211e-2;217e-2;214e-2;3755e-1;250e-2;3744e-1;169e-2
2016-10-23;12:30:03;1800e0;3165013e0;405e0;11274e0;249e-2;257e-2;252e-2;3752e-1;295e-2;3763e-1;202e-2
2016-10-23;13:00:03;1800e0;7325097e0;1583e0;25465e0;576e-2;589e-2;582e-2;3763e-1;714e-2;3783e-1;426e-2
2016-10-23;13:30:03;1800e0;5747393e0;1729e0;19268e0;452e-2;463e-2;456e-2;3706e-1;560e-2;3730e-1;345e-2
2016-10-23;14:00:03;1800e0;9109625e0;1730e0;31614e0;713e-2;728e-2;721e-2;3724e-1;910e-2;3760e-1;518e-2
2016-10-23;14:30:03;1800e0;3423412e0;766e0;11528e0;274e-2;280e-2;278e-2;3611e-1;346e-2;3626e-1;208e-2
2016-10-23;15:00:03;1800e0;1502301e0;409e0;4903e0;132e-2;124e-2;138e-2;3581e-1;146e-2;3557e-1;95e-2
2016-10-23;15:30:03;1800e0;12405168e0;3541e0;42191e0;974e-2;992e-2;984e-2;3697e-1;1198e-2;3674e-1;767e-2
2016-10-23;16:00:03;1800e0;6375765e0;1176e0;21982e0;504e-2;513e-2;511e-2;3606e-1;607e-2;3564e-1;430e-2
2016-10-23;16:30:03;1800e0;842127e0;99e0;2905e0;81e-2;72e-2;85e-2;3552e-1;81e-2;3572e-1;63e-2
2016-10-23;17:00:03;1800e0;483510e0;75e0;1556e0;60e-2;41e-2;65e-2;3463e-1;47e-2;3446e-1;41e-2
2016-10-23;17:30:03;1800e0;296552e0;44e0;939e0;45e-2;26e-2;48e-2;3422e-1;32e-2;3393e-1;26e-2
2016-10-24;09:00:03;1800e0;129780e0;0e0;558e0;35e-2;12e-2;22e-2;3389e-1;18e-2;3330e-1;13e-2
2016-10-24;09:30:03;1800e0;171020e0;27e0;339e0;36e-2;16e-2;29e-2;3367e-1;21e-2;3309e-1;16e-2
2016-10-24;10:00:03;1800e0;675257e0;36e0;2401e0;71e-2;60e-2;75e-2;3571e-1;67e-2;3538e-1;50e-2
2016-10-24;10:30:03;1800e0;2056272e0;246e0;7604e0;172e-2;178e-2;175e-2;3754e-1;196e-2;3721e-1;144e-2
2016-10-24;11:00:03;1800e0;5716460e0;1390e0;19546e0;447e-2;461e-2;452e-2;3763e-1;539e-2;3746e-1;352e-2
2016-10-24;11:30:03;1800e0;3564525e0;621e0;12654e0;279e-2;291e-2;283e-2;3760e-1;336e-2;3738e-1;226e-2
2016-10-24;12:00:03;1800e0;4693930e0;952e0;16341e0;365e-2;378e-2;370e-2;3771e-1;444e-2;3753e-1;289e-2
2016-10-24;12:30:03;1800e0;8785847e0;2279e0;29972e0;690e-2;707e-2;698e-2;3731e-1;859e-2;3765e-1;517e-2
2016-10-24;13:00:03;1800e0;6171036e0;1397e0;20944e0;488e-2;503e-2;494e-2;3757e-1;596e-2;3766e-1;366e-2
2016-10-24;13:30:03;1800e0;10294241e0;2467e0;35379e0;802e-2;820e-2;811e-2;3709e-1;1026e-2;3758e-1;594e-2
2016-10-24;14:00:03;1800e0;8485298e0;2494e0;28593e0;658e-2;675e-2;666e-2;3659e-1;856e-2;3709e-1;494e-2
2016-10-24;14:30:03;1800e0;6626722e0;1561e0;22713e0;520e-2;534e-2;526e-2;3733e-1;648e-2;3748e-1;391e-2
2016-10-24;15:00:03;1800e0;7474592e0;1814e0;25563e0;590e-2;606e-2;597e-2;3708e-1;735e-2;3704e-1;445e-2
2016-10-24;15:30:03;1800e0;1857326e0;160e0;6508e0;151e-2;156e-2;154e-2;3667e-1;180e-2;3648e-1;124e-2
2016-10-24;16:00:03;1800e0;2840337e0;588e0;9835e0;227e-2;233e-2;230e-2;3727e-1;261e-2;3729e-1;187e-2
2016-10-24;16:30:03;1800e0;3209647e0;552e0;11024e0;258e-2;263e-2;262e-2;3685e-1;283e-2;3683e-1;226e-2
2016-10-24;17:00:03;1800e0;424526e0;42e0;1200e0;56e-2;36e-2;61e-2;3445e-1;43e-2;3429e-1;36e-2
2016-10-24;17:30:03;1800e0;187364e0;12e0;545e0;36e-2;25e-2;38e-2;3381e-1;26e-2;3307e-1;33e-2
2016-10-25;09:00:04;1800e0;181969e0;31e0;809e0;46e-2;23e-2;44e-2;3452e-1;25e-2;3415e-1;19e-2
2016-10-25;09:30:04;1800e0;673347e0;91e0;2561e0;69e-2;61e-2;73e-2;3566e-1;66e-2;3543e-1;52e-2
2016-10-25;10:00:04;1800e0;1220745e0;186e0;4204e0;105e-2;105e-2;108e-2;3671e-1;117e-2;3627e-1;84e-2
2016-10-25;10:30:04;1800e0;1505907e0;140e0;5324e0;124e-2;127e-2;127e-2;3705e-1;143e-2;3659e-1;102e-2
2016-10-25;11:00:04;1800e0;1788428e0;183e0;6276e0;145e-2;150e-2;148e-2;3721e-1;165e-2;3692e-1;124e-2
2016-10-25;11:30:04;1800e0;5119362e0;1211e0;17378e0;403e-2;414e-2;408e-2;3755e-1;504e-2;3735e-1;295e-2
2016-10-25;12:00:04;1800e0;9156443e0;2432e0;30986e0;714e-2;732e-2;723e-2;3668e-1;932e-2;3722e-1;522e-2
2016-10-25;12:30:04;1800e0;9995197e0;2990e0;33847e0;778e-2;796e-2;787e-2;3693e-1;1004e-2;3749e-1;575e-2
2016-10-25;13:00:04;1800e0;5384366e0;915e0;18722e0;423e-2;438e-2;428e-2;3643e-1;535e-2;3688e-1;328e-2
2016-10-25;13:30:04;1800e0;10128941e0;2461e0;34487e0;799e-2;818e-2;808e-2;3602e-1;1040e-2;3688e-1;596e-2
2016-10-25;14:00:04;1800e0;6471942e0;1670e0;21922e0;511e-2;524e-2;516e-2;3590e-1;660e-2;3653e-1;382e-2
2016-10-25;14:30:04;1800e0;10596246e0;2675e0;36551e0;830e-2;848e-2;841e-2;3563e-1;1104e-2;3638e-1;611e-2
2016-10-25;15:00:04;1800e0;10988992e0;3243e0;36624e0;853e-2;872e-2;863e-2;3516e-1;1157e-2;3545e-1;662e-2
2016-10-25;15:30:04;1800e0;9919245e0;3244e0;32763e0;769e-2;787e-2;778e-2;3600e-1;985e-2;3585e-1;627e-2
2016-10-25;16:00:04;1800e0;8878761e0;2501e0;30166e0;694e-2;709e-2;701e-2;3633e-1;835e-2;3572e-1;601e-2
2016-10-25;16:30:04;1800e0;7988755e0;2556e0;26908e0;629e-2;645e-2;635e-2;3679e-1;707e-2;3594e-1;578e-2
2016-10-25;17:00:04;1800e0;5296113e0;1022e0;18318e0;417e-2;430e-2;421e-2;3717e-1;428e-2;3661e-1;416e-2
2016-10-25;17:30:04;1800e0;1466987e0;142e0;4982e0;126e-2;123e-2;128e-2;3522e-1;88e-2;3468e-1;163e-2
2016-10-26;08:30:04;1800e0;122438e0;6e0;629e0;22e-2;14e-2;16e-2;3505e-1;17e-2;3461e-1;15e-2
2016-10-26;09:00:04;1800e0;515395e0;20e0;1688e0;61e-2;46e-2;66e-2;3586e-1;49e-2;3573e-1;42e-2
2016-10-26;09:30:04;1800e0;2155920e0;314e0;7392e0;174e-2;181e-2;177e-2;3850e-1;180e-2;3796e-1;155e-2
2016-10-26;10:00:04;1799e0;1735323e0;159e0;6026e0;143e-2;147e-2;145e-2;3782e-1;152e-2;3746e-1;124e-2
2016-10-26;10:30:04;1800e0;2603469e0;348e0;9228e0;207e-2;216e-2;210e-2;3813e-1;232e-2;3795e-1;174e-2
2016-10-26;11:00:04;1800e0;5064060e0;883e0;17772e0;397e-2;408e-2;402e-2;3836e-1;470e-2;3800e-1;306e-2
2016-10-26;11:30:04;1800e0;4309383e0;744e0;14988e0;339e-2;351e-2;342e-2;3800e-1;404e-2;3773e-1;265e-2
2016-10-26;12:00:04;1800e0;3412227e0;481e0;11980e0;269e-2;279e-2;272e-2;3776e-1;320e-2;3761e-1;212e-2
2016-10-26;12:30:04;1800e0;1687691e0;316e0;5648e0;138e-2;140e-2;141e-2;3707e-1;158e-2;3679e-1;114e-2
2016-10-26;13:00:04;1800e0;809103e0;139e0;3332e0;80e-2;73e-2;82e-2;3606e-1;82e-2;3600e-1;62e-2
2016-10-26;13:30:04;1800e0;1807498e0;273e0;6088e0;149e-2;153e-2;151e-2;3709e-1;171e-2;3703e-1;120e-2
2016-10-26;14:00:04;1800e0;1879138e0;225e0;6042e0;153e-2;158e-2;155e-2;3705e-1;175e-2;3699e-1;127e-2
2016-10-26;14:30:04;1800e0;1930312e0;287e0;6569e0;157e-2;163e-2;159e-2;3699e-1;182e-2;3689e-1;129e-2
2016-10-26;15:00:04;1800e0;1651329e0;124e0;5750e0;136e-2;140e-2;138e-2;3676e-1;157e-2;3663e-1;113e-2
2016-10-26;15:30:04;1800e0;2219510e0;275e0;7883e0;178e-2;185e-2;180e-2;3712e-1;210e-2;3713e-1;145e-2
2016-10-26;16:00:04;1800e0;1055373e0;143e0;3821e0;93e-2;88e-2;97e-2;3603e-1;103e-2;3580e-1;74e-2
2016-10-26;16:30:04;1800e0;623194e0;68e0;2296e0;65e-2;53e-2;71e-2;3522e-1;63e-2;3516e-1;48e-2
2016-10-26;17:00:04;1800e0;483457e0;30e0;1683e0;58e-2;42e-2;64e-2;3502e-1;49e-2;3480e-1;39e-2
2016-10-26;17:30:04;1800e0;299848e0;53e0;889e0;31e-2;29e-2;31e-2;3345e-1;27e-2;3312e-1;34e-2
2016-10-27;09:30:05;1800e0;126793e0;6e0;417e0;22e-2;15e-2;19e-2;3350e-1;19e-2;3274e-1;15e-2
2016-10-27;10:00:05;1800e0;314882e0;49e0;1291e0;51e-2;32e-2;54e-2;3439e-1;39e-2;3382e-1;28e-2
2016-10-27;10:30:05;1800e0;350650e0;18e0;916e0;52e-2;32e-2;58e-2;3423e-1;41e-2;3368e-1;29e-2
2016-10-27;11:00:05;1800e0;314688e0;35e0;848e0;50e-2;29e-2;55e-2;3400e-1;37e-2;3336e-1;27e-2
2016-10-27;11:30:05;1800e0;860765e0;62e0;3169e0;81e-2;75e-2;84e-2;3540e-1;88e-2;3527e-1;64e-2
2016-10-27;12:00:05;1800e0;477976e0;31e0;1670e0;58e-2;43e-2;63e-2;3443e-1;53e-2;3403e-1;37e-2
2016-10-27;12:30:05;1800e0;776686e0;87e0;2637e0;76e-2;69e-2;79e-2;3522e-1;80e-2;3495e-1;57e-2
2016-10-27;13:00:05;1800e0;1189588e0;187e0;4152e0;103e-2;102e-2;106e-2;3579e-1;118e-2;3555e-1;85e-2
2016-10-27;13:30:05;1800e0;965592e0;122e0;3396e0;88e-2;84e-2;92e-2;3539e-1;98e-2;3514e-1;70e-2
2016-10-27;14:00:05;1800e0;4358472e0;517e0;15374e0;345e-2;354e-2;351e-2;3646e-1;436e-2;3651e-1;262e-2
2016-10-27;14:30:05;1800e0;8778608e0;2047e0;30039e0;693e-2;709e-2;701e-2;3624e-1;890e-2;3672e-1;519e-2
2016-10-27;15:00:05;1800e0;6479926e0;1444e0;22363e0;511e-2;525e-2;517e-2;3647e-1;642e-2;3656e-1;396e-2
2016-10-27;15:30:05;1800e0;9975263e0;2537e0;33836e0;785e-2;804e-2;794e-2;3640e-1;978e-2;3636e-1;626e-2
2016-10-27;16:00:05;1800e0;9029376e0;2245e0;30847e0;709e-2;727e-2;717e-2;3665e-1;844e-2;3648e-1;604e-2
2016-10-27;16:30:05;1800e0;5620229e0;1164e0;19435e0;444e-2;457e-2;449e-2;3689e-1;488e-2;3663e-1;407e-2
2016-10-27;17:00:05;1800e0;2256834e0;547e0;7470e0;189e-2;187e-2;193e-2;3555e-1;191e-2;3534e-1;178e-2
2016-10-27;17:30:05;1800e0;250983e0;6e0;786e0;34e-2;26e-2;32e-2;3352e-1;26e-2;3225e-1;34e-2
2016-10-28;09:30:05;1800e0;121794e0;12e0;431e0;32e-2;14e-2;28e-2;3343e-1;21e-2;3272e-1;15e-2
2016-10-28;10:00:05;1800e0;368827e0;31e0;1146e0;50e-2;33e-2;55e-2;3393e-1;41e-2;3309e-1;30e-2
2016-10-28;10:30:05;1800e0;419721e0;18e0;1225e0;56e-2;38e-2;60e-2;3411e-1;46e-2;3342e-1;34e-2
2016-10-28;11:00:05;1800e0;442408e0;37e0;1403e0;57e-2;39e-2;55e-2;3396e-1;48e-2;3328e-1;35e-2
2016-10-28;11:30:05;1800e0;5904639e0;1511e0;20232e0;462e-2;474e-2;468e-2;3716e-1;580e-2;3689e-1;348e-2
2016-10-28;12:00:05;1800e0;11726128e0;2790e0;40569e0;903e-2;922e-2;914e-2;3702e-1;1181e-2;3736e-1;664e-2
2016-10-28;12:30:05;1800e0;12043378e0;3175e0;41299e0;937e-2;956e-2;948e-2;3675e-1;1218e-2;3727e-1;685e-2
2016-10-28;13:00:05;1800e0;13291205e0;2916e0;45971e0;1028e-2;1048e-2;1040e-2;3657e-1;1347e-2;3743e-1;757e-2
2016-10-28;13:30:05;1800e0;12708864e0;4253e0;42467e0;985e-2;1004e-2;997e-2;3683e-1;1282e-2;3755e-1;719e-2
2016-10-28;14:00:05;1800e0;14094903e0;4048e0;47745e0;1087e-2;1108e-2;1099e-2;3670e-1;1438e-2;3740e-1;790e-2
2016-10-28;14:30:05;1800e0;13243989e0;2089e0;46745e0;1019e-2;1040e-2;1032e-2;3687e-1;1349e-2;3724e-1;742e-2
2016-10-28;15:00:05;1800e0;10855407e0;2863e0;37152e0;841e-2;860e-2;851e-2;3723e-1;1076e-2;3713e-1;630e-2
2016-10-28;15:30:05;1800e0;6180178e0;1373e0;21154e0;481e-2;496e-2;487e-2;3762e-1;585e-2;3732e-1;382e-2
2016-10-28;16:00:05;1800e0;8298108e0;2211e0;28163e0;644e-2;660e-2;651e-2;3773e-1;750e-2;3745e-1;543e-2
2016-10-28;16:30:05;1800e0;7329596e0;1406e0;25698e0;572e-2;589e-2;579e-2;3779e-1;627e-2;3738e-1;518e-2
2016-10-28;17:00:05;1800e0;2929721e0;399e0;10214e0;232e-2;240e-2;236e-2;3734e-1;242e-2;3671e-1;225e-2
2016-10-28;17:30:05;1800e0;420349e0;85e0;1364e0;43e-2;38e-2;44e-2;3402e-1;39e-2;3297e-1;40e-2
2016-10-29;09:00:06;1800e0;478162e0;18e0;1735e0;60e-2;43e-2;62e-2;3454e-1;46e-2;3431e-1;42e-2
2016-10-29;09:30:06;1800e0;1023984e0;119e0;3726e0;94e-2;88e-2;98e-2;3574e-1;90e-2;3592e-1;83e-2
2016-10-29;10:00:06;1800e0;6131961e0;1223e0;21139e0;478e-2;491e-2;483e-2;3789e-1;536e-2;3757e-1;416e-2
2016-10-29;10:30:06;1800e0;5688655e0;1196e0;19738e0;442e-2;454e-2;446e-2;3777e-1;520e-2;3747e-1;366e-2
2016-10-29;11:00:06;1800e0;5891387e0;1384e0;20303e0;456e-2;468e-2;461e-2;3756e-1;554e-2;3721e-1;367e-2
2016-10-29;11:30:06;1800e0;5712216e0;1587e0;19176e0;440e-2;452e-2;444e-2;3768e-1;547e-2;3742e-1;341e-2
2016-10-29;12:00:06;1800e0;8733007e0;2175e0;29893e0;676e-2;691e-2;683e-2;3748e-1;862e-2;3747e-1;501e-2
2016-10-29;12:30:06;1800e0;10856171e0;2836e0;37132e0;840e-2;856e-2;848e-2;3704e-1;1086e-2;3719e-1;624e-2
2016-10-29;13:00:06;1800e0;5820728e0;1333e0;20003e0;455e-2;467e-2;460e-2;3732e-1;563e-2;3719e-1;345e-2
2016-10-29;13:30:06;1800e0;3164768e0;620e0;10921e0;250e-2;258e-2;253e-2;3738e-1;301e-2;3703e-1;201e-2
2016-10-29;14:00:06;1800e0;5274923e0;900e0;18496e0;413e-2;423e-2;417e-2;3741e-1;510e-2;3724e-1;313e-2
2016-10-29;14:30:06;1800e0;6345750e0;1529e0;21738e0;496e-2;506e-2;501e-2;3723e-1;626e-2;3700e-1;366e-2
2016-10-29;15:00:06;1800e0;4500321e0;1034e0;15145e0;353e-2;362e-2;357e-2;3740e-1;432e-2;3708e-1;272e-2
2016-10-29;15:30:06;1800e0;5419307e0;998e0;18651e0;425e-2;434e-2;429e-2;3731e-1;512e-2;3698e-1;336e-2
2016-10-29;16:00:06;1800e0;7836135e0;2251e0;26733e0;612e-2;625e-2;618e-2;3768e-1;705e-2;3726e-1;517e-2
2016-10-29;16:30:06;1800e0;6334001e0;1339e0;21958e0;495e-2;507e-2;500e-2;3764e-1;545e-2;3720e-1;447e-2
2016-10-29;17:00:06;1800e0;1223227e0;232e0;4363e0;109e-2;104e-2;115e-2;3612e-1;108e-2;3571e-1;94e-2
2016-10-29;17:30:06;1800e0;233414e0;16e0;716e0;32e-2;21e-2;29e-2;3375e-1;23e-2;3259e-1;26e-2
2016-10-30;07:30:00;1800e0;935089e0;86e0;3469e0;88e-2;79e-2;86e-2;3729e-1;102e-2;3470e-1;57e-2
2016-10-30;08:00:00;1800e0;5458420e0;1212e0;18897e0;431e-2;444e-2;435e-2;3933e-1;394e-2;3815e-1;436e-2
2016-10-30;08:30:00;1800e0;7808466e0;2008e0;26509e0;614e-2;630e-2;620e-2;3825e-1;640e-2;3703e-1;577e-2
2016-10-30;09:00:00;1800e0;9607091e0;2793e0;32472e0;754e-2;771e-2;762e-2;3756e-1;863e-2;3621e-1;659e-2
2016-10-30;09:30:00;1800e0;11105112e0;3191e0;37137e0;872e-2;890e-2;881e-2;3689e-1;1070e-2;3585e-1;711e-2
2016-10-30;10:00:00;1800e0;12139903e0;3591e0;40887e0;953e-2;971e-2;963e-2;3666e-1;1225e-2;3595e-1;724e-2
2016-10-30;10:30:00;1800e0;12745536e0;3835e0;43061e0;1000e-2;1019e-2;1011e-2;3629e-1;1323e-2;3626e-1;730e-2
2016-10-30;11:00:00;1800e0;12962586e0;4334e0;43371e0;1016e-2;1035e-2;1027e-2;3592e-1;1353e-2;3662e-1;741e-2
2016-10-30;11:30:00;1800e0;13910307e0;3448e0;47817e0;1088e-2;1108e-2;1100e-2;3571e-1;1448e-2;3677e-1;804e-2
2016-10-30;12:00:00;1800e0;14417225e0;4268e0;48750e0;1125e-2;1145e-2;1137e-2;3534e-1;1508e-2;3677e-1;841e-2
2016-10-30;12:30:00;1800e0;12322280e0;2822e0;42441e0;965e-2;983e-2;975e-2;3604e-1;1270e-2;3705e-1;708e-2
2016-10-30;13:00:00;1800e0;12768211e0;3553e0;43299e0;994e-2;1013e-2;1004e-2;3626e-1;1316e-2;3701e-1;726e-2
2016-10-30;13:30:00;1800e0;11283423e0;3026e0;38252e0;885e-2;903e-2;894e-2;3657e-1;1159e-2;3689e-1;640e-2
2016-10-30;14:00:00;1800e0;10414617e0;2557e0;35408e0;817e-2;834e-2;826e-2;3696e-1;1044e-2;3675e-1;607e-2
2016-10-30;14:30:00;1800e0;11141228e0;2491e0;38181e0;870e-2;888e-2;879e-2;3670e-1;1089e-2;3625e-1;695e-2
2016-10-30;15:00:00;1800e0;9283041e0;2461e0;31685e0;725e-2;741e-2;732e-2;3702e-1;858e-2;3636e-1;621e-2
2016-10-30;15:30:00;1800e0;7996753e0;2194e0;27298e0;624e-2;639e-2;630e-2;3737e-1;688e-2;3658e-1;578e-2
2016-10-30;16:00:00;1800e0;2365577e0;597e0;7872e0;199e-2;192e-2;206e-2;3630e-1;198e-2;3573e-1;181e-2
2016-10-30;16:30:00;1800e0;89441e0;6e0;264e0;21e-2;12e-2;18e-2;3415e-1;15e-2;3294e-1;18e-2
2016-10-31;08:30:00;1800e0;145326e0;12e0;438e0;31e-2;13e-2;24e-2;3390e-1;20e-2;3304e-1;15e-2
2016-10-31;09:00:00;1800e0;421903e0;36e0;1189e0;54e-2;37e-2;59e-2;3484e-1;45e-2;3460e-1;34e-2
2016-10-31;09:30:00;1800e0;441852e0;74e0;1289e0;55e-2;39e-2;60e-2;3482e-1;47e-2;3454e-1;35e-2
2016-10-31;10:00:00;1800e0;506088e0;94e0;1735e0;60e-2;46e-2;63e-2;3500e-1;54e-2;3450e-1;40e-2
2016-10-31;10:30:00;1800e0;886084e0;85e0;3157e0;82e-2;78e-2;85e-2;3570e-1;89e-2;3548e-1;65e-2
2016-10-31;11:00:00;1800e0;682769e0;84e0;2563e0;70e-2;60e-2;74e-2;3535e-1;70e-2;3505e-1;52e-2
2016-10-31;11:30:00;1800e0;484198e0;37e0;1591e0;58e-2;43e-2;63e-2;3481e-1;52e-2;3431e-1;38e-2
2016-10-31;12:00:00;1800e0;917798e0;155e0;3451e0;84e-2;80e-2;88e-2;3575e-1;91e-2;3546e-1;67e-2
2016-10-31;12:30:00;1800e0;743715e0;70e0;2868e0;73e-2;65e-2;77e-2;3537e-1;75e-2;3504e-1;55e-2
2016-10-31;13:00:00;1800e0;692534e0;91e0;2696e0;70e-2;60e-2;74e-2;3532e-1;71e-2;3488e-1;53e-2
2016-10-31;13:30:00;1800e0;707087e0;103e0;2705e0;71e-2;62e-2;75e-2;3523e-1;72e-2;3491e-1;53e-2
2016-10-31;14:00:00;1800e0;611214e0;68e0;2059e0;65e-2;53e-2;70e-2;3496e-1;63e-2;3459e-1;47e-2
2016-10-31;14:30:00;1800e0;665967e0;112e0;2484e0;69e-2;57e-2;74e-2;3485e-1;69e-2;3466e-1;50e-2
2016-10-31;15:00:00;1800e0;458927e0;53e0;1349e0;57e-2;39e-2;63e-2;3441e-1;49e-2;3390e-1;36e-2
2016-10-31;15:30:00;1800e0;302504e0;12e0;688e0;49e-2;26e-2;54e-2;3387e-1;34e-2;3318e-1;25e-2
2016-10-31;16:00:00;1800e0;55315e0;0e0;105e0;10e-2;6e-2;3e-2;3336e-1;13e-2;3275e-1;9e-2
2016-11-01;08:30:00;1800e0;197214e0;6e0;749e0;47e-2;24e-2;50e-2;3425e-1;32e-2;3364e-1;24e-2
2016-11-01;09:00:00;1800e0;326212e0;68e0;905e0;51e-2;29e-2;56e-2;3395e-1;37e-2;3322e-1;28e-2
2016-11-01;09:30:00;1800e0;307220e0;44e0;696e0;49e-2;28e-2;56e-2;3388e-1;35e-2;3312e-1;26e-2
2016-11-01;10:00:00;1800e0;291277e0;24e0;654e0;49e-2;26e-2;54e-2;3374e-1;34e-2;3305e-1;25e-2
2016-11-01;10:30:00;1800e0;589865e0;76e0;2097e0;65e-2;52e-2;71e-2;3480e-1;61e-2;3429e-1;45e-2
2016-11-01;11:00:00;1800e0;1338888e0;182e0;4811e0;113e-2;112e-2;116e-2;3621e-1;128e-2;3577e-1;94e-2
2016-11-01;11:30:01;1799e0;1560285e0;238e0;5380e0;128e-2;130e-2;131e-2;3667e-1;148e-2;3614e-1;108e-2
2016-11-01;12:00:00;1800e0;2207205e0;296e0;7615e0;176e-2;181e-2;179e-2;3704e-1;207e-2;3668e-1;147e-2
2016-11-01;12:30:01;1800e0;3376079e0;582e0;11689e0;262e-2;271e-2;265e-2;3744e-1;322e-2;3711e-1;210e-2
2016-11-01;13:00:01;1800e0;4192462e0;998e0;14194e0;326e-2;335e-2;330e-2;3742e-1;407e-2;3711e-1;249e-2
2016-11-01;13:30:01;1799e0;11204395e0;3169e0;37747e0;864e-2;882e-2;874e-2;3728e-1;1124e-2;3750e-1;626e-2
2016-11-01;14:00:01;1800e0;6489063e0;1169e0;22838e0;507e-2;519e-2;512e-2;3724e-1;635e-2;3717e-1;385e-2
2016-11-01;14:30:01;1800e0;6996525e0;1597e0;23824e0;544e-2;556e-2;550e-2;3741e-1;659e-2;3719e-1;431e-2
2016-11-01;15:00:01;1800e0;2432925e0;330e0;8409e0;194e-2;199e-2;197e-2;3707e-1;222e-2;3674e-1;165e-2
2016-11-01;15:30:01;1800e0;2390744e0;404e0;8096e0;192e-2;196e-2;195e-2;3699e-1;205e-2;3699e-1;173e-2
2016-11-01;16:00:01;1800e0;2062500e0;219e0;7191e0;167e-2;169e-2;171e-2;3683e-1;198e-2;3652e-1;134e-2
2016-11-01;16:30:01;1800e0;143849e0;18e0;531e0;36e-2;20e-2;37e-2;3419e-1;22e-2;3190e-1;31e-2
2016-11-02;08:00:01;1800e0;501503e0;80e0;1640e0;57e-2;45e-2;59e-2;3555e-1;46e-2;3552e-1;43e-2
2016-11-02;08:30:01;1800e0;2255763e0;417e0;7792e0;184e-2;188e-2;188e-2;3755e-1;186e-2;3768e-1;167e-2
2016-11-02;09:00:01;1800e0;6145248e0;1962e0;20187e0;478e-2;492e-2;484e-2;3826e-1;535e-2;3777e-1;412e-2
2016-11-02;09:30:01;1800e0;3447037e0;837e0;11862e0;272e-2;280e-2;276e-2;3806e-1;314e-2;3789e-1;218e-2
2016-11-02;10:00:01;1800e0;2761637e0;435e0;9632e0;220e-2;226e-2;223e-2;3768e-1;258e-2;3739e-1;176e-2
2016-11-02;10:30:01;1800e0;1014344e0;112e0;3764e0;91e-2;87e-2;94e-2;3668e-1;97e-2;3640e-1;73e-2
2016-11-02;11:00:01;1800e0;2916622e0;467e0;10124e0;229e-2;238e-2;232e-2;3812e-1;271e-2;3813e-1;183e-2
2016-11-02;11:30:01;1800e0;3611964e0;613e0;12460e0;282e-2;292e-2;285e-2;3813e-1;342e-2;3811e-1;216e-2
2016-11-02;12:00:01;1800e0;3973715e0;785e0;13768e0;310e-2;320e-2;313e-2;3818e-1;373e-2;3812e-1;238e-2
2016-11-02;12:30:01;1800e0;2390124e0;216e0;8398e0;189e-2;194e-2;192e-2;3763e-1;226e-2;3744e-1;150e-2
2016-11-02;13:00:01;1800e0;1195371e0;129e0;4234e0;103e-2;100e-2;107e-2;3671e-1;112e-2;3662e-1;84e-2
2016-11-02;13:30:01;1800e0;3838593e0;845e0;13384e0;303e-2;307e-2;308e-2;3751e-1;366e-2;3734e-1;225e-2
2016-11-02;14:00:01;1800e0;2020820e0;253e0;7185e0;163e-2;166e-2;166e-2;3727e-1;193e-2;3703e-1;130e-2
2016-11-02;14:30:01;1800e0;922415e0;100e0;3425e0;84e-2;79e-2;88e-2;3653e-1;89e-2;3617e-1;67e-2
2016-11-02;15:00:01;1800e0;687941e0;137e0;2562e0;70e-2;60e-2;75e-2;3602e-1;69e-2;3562e-1;51e-2
2016-11-02;15:30:01;1800e0;294997e0;12e0;760e0;43e-2;26e-2;45e-2;3467e-1;33e-2;3413e-1;24e-2
2016-11-02;16:00:01;1800e0;106650e0;6e0;222e0;17e-2;9e-2;9e-2;3321e-1;17e-2;3299e-1;10e-2
2016-11-03;08:00:01;1800e0;4307601e0;674e0;15104e0;342e-2;356e-2;347e-2;3990e-1;303e-2;3928e-1;339e-2
2016-11-03;08:30:01;1800e0;7366879e0;2180e0;25041e0;583e-2;601e-2;591e-2;3940e-1;588e-2;3791e-1;531e-2
2016-11-03;09:00:01;1800e0;9447944e0;2844e0;31801e0;745e-2;765e-2;755e-2;3844e-1;831e-2;3693e-1;634e-2
2016-11-03;09:30:01;1800e0;10870815e0;2654e0;37146e0;858e-2;879e-2;869e-2;3756e-1;1032e-2;3637e-1;683e-2
2016-11-03;10:00:01;1800e0;11860858e0;3071e0;39916e0;938e-2;960e-2;950e-2;3702e-1;1190e-2;3634e-1;697e-2
2016-11-03;10:30:01;1800e0;12783782e0;3565e0;44098e0;1008e-2;1031e-2;1021e-2;3658e-1;1320e-2;3659e-1;723e-2
2016-11-03;11:00:01;1800e0;13646886e0;4362e0;45881e0;1070e-2;1093e-2;1083e-2;3638e-1;1408e-2;3719e-1;766e-2
2016-11-03;11:30:01;1800e0;14221602e0;4476e0;47826e0;1120e-2;1143e-2;1134e-2;3603e-1;1466e-2;3758e-1;805e-2
2016-11-03;12:00:01;1800e0;14518043e0;3191e0;49987e0;1134e-2;1157e-2;1148e-2;3597e-1;1495e-2;3787e-1;819e-2
2016-11-03;12:30:01;1800e0;14277857e0;3760e0;48500e0;1122e-2;1144e-2;1135e-2;3631e-1;1461e-2;3814e-1;794e-2
2016-11-03;13:00:01;1800e0;13551957e0;3860e0;46130e0;1071e-2;1093e-2;1084e-2;3664e-1;1382e-2;3773e-1;755e-2
2016-11-03;13:30:01;1800e0;11908211e0;3286e0;40327e0;939e-2;960e-2;950e-2;3669e-1;1218e-2;3720e-1;669e-2
2016-11-03;14:00:01;1800e0;9619572e0;2247e0;32984e0;759e-2;779e-2;769e-2;3709e-1;960e-2;3696e-1;561e-2
2016-11-03;14:30:01;1800e0;3947978e0;514e0;13982e0;312e-2;323e-2;315e-2;3784e-1;369e-2;3760e-1;246e-2
2016-11-03;15:00:01;1800e0;2269783e0;343e0;8012e0;182e-2;187e-2;185e-2;3750e-1;208e-2;3723e-1;149e-2
2016-11-03;15:30:01;1800e0;739326e0;111e0;2391e0;73e-2;64e-2;77e-2;3604e-1;72e-2;3579e-1;54e-2
2016-11-03;16:00:01;1800e0;182419e0;18e0;312e0;38e-2;14e-2;36e-2;3419e-1;22e-2;3353e-1;16e-2
2016-11-04;08:20:00;1800e0;131239e0;6e0;217e0;27e-2;12e-2;18e-2;3384e-1;18e-2;3330e-1;14e-2
2016-11-04;08:50:00;1800e0;394281e0;75e0;1097e0;53e-2;36e-2;59e-2;3521e-1;43e-2;3472e-1;31e-2
2016-11-04;09:20:00;1800e0;305929e0;18e0;727e0;49e-2;28e-2;54e-2;3470e-1;34e-2;3417e-1;26e-2
2016-11-04;09:50:00;1800e0;670855e0;56e0;2491e0;69e-2;60e-2;72e-2;3595e-1;68e-2;3538e-1;50e-2
2016-11-04;10:20:00;1800e0;708276e0;118e0;2344e0;71e-2;63e-2;74e-2;3597e-1;71e-2;3547e-1;53e-2
2016-11-04;10:50:00;1800e0;420566e0;47e0;1152e0;55e-2;39e-2;59e-2;3514e-1;45e-2;3476e-1;33e-2
2016-11-04;11:20:00;1800e0;632531e0;100e0;2130e0;67e-2;57e-2;70e-2;3569e-1;65e-2;3526e-1;48e-2
2016-11-04;11:50:00;1800e0;872197e0;68e0;3009e0;81e-2;77e-2;84e-2;3613e-1;86e-2;3571e-1;63e-2
2016-11-04;12:20:00;1800e0;434893e0;36e0;1274e0;56e-2;40e-2;60e-2;3504e-1;46e-2;3473e-1;35e-2
2016-11-04;12:50:00;1800e0;352245e0;49e0;963e0;52e-2;32e-2;55e-2;3480e-1;39e-2;3409e-1;29e-2
2016-11-04;13:20:00;1800e0;363792e0;49e0;1074e0;52e-2;34e-2;57e-2;3479e-1;41e-2;3416e-1;30e-2
2016-11-04;13:50:00;1800e0;257472e0;31e0;571e0;48e-2;23e-2;52e-2;3444e-1;30e-2;3350e-1;22e-2
2016-11-04;14:20:00;1800e0;123113e0;0e0;203e0;22e-2;11e-2;13e-2;3334e-1;17e-2;3264e-1;13e-2
2016-11-04;14:50:00;1800e0;186499e0;12e0;374e0;37e-2;18e-2;37e-2;3382e-1;24e-2;3316e-1;18e-2
2016-11-04;15:20:00;1800e0;93455e0;6e0;124e0;16e-2;11e-2;10e-2;3342e-1;15e-2;3282e-1;11e-2
2016-11-05;08:20:00;1800e0;141488e0;2e0;235e0;34e-2;12e-2;21e-2;3359e-1;19e-2;3290e-1;14e-2
2016-11-05;08:50:00;1800e0;321035e0;18e0;744e0;50e-2;30e-2;55e-2;3468e-1;36e-2;3410e-1;27e-2
2016-11-05;09:20:00;1800e0;622247e0;80e0;2160e0;65e-2;55e-2;70e-2;3562e-1;64e-2;3513e-1;47e-2
2016-11-05;09:50:00;1800e0;689626e0;68e0;2526e0;70e-2;61e-2;74e-2;3576e-1;71e-2;3527e-1;51e-2
2016-11-05;10:20:00;1800e0;795403e0;101e0;2941e0;77e-2;70e-2;81e-2;3585e-1;80e-2;3543e-1;59e-2
2016-11-05;10:50:00;1800e0;1014098e0;110e0;3785e0;91e-2;87e-2;94e-2;3627e-1;99e-2;3580e-1;73e-2
2016-11-05;11:20:00;1800e0;833357e0;80e0;3219e0;79e-2;72e-2;83e-2;3588e-1;84e-2;3550e-1;61e-2
2016-11-05;11:50:00;1800e0;1061964e0;162e0;4178e0;93e-2;90e-2;97e-2;3622e-1;103e-2;3581e-1;75e-2
2016-11-05;12:20:00;1800e0;1132859e0;118e0;4074e0;98e-2;96e-2;102e-2;3650e-1;110e-2;3582e-1;80e-2
2016-11-05;12:50:00;1800e0;807472e0;100e0;3157e0;77e-2;69e-2;81e-2;3584e-1;81e-2;3532e-1;59e-2
2016-11-05;13:20:00;1800e0;702451e0;56e0;2449e0;71e-2;61e-2;76e-2;3558e-1;71e-2;3510e-1;52e-2
2016-11-05;13:50:00;1800e0;373278e0;42e0;1164e0;53e-2;34e-2;59e-2;3475e-1;41e-2;3411e-1;30e-2
2016-11-05;14:20:00;1800e0;219022e0;12e0;580e0;47e-2;21e-2;45e-2;3403e-1;27e-2;3320e-1;20e-2
2016-11-05;14:50:00;1800e0;116495e0;0e0;217e0;24e-2;11e-2;9e-2;3338e-1;17e-2;3265e-1;12e-2
2016-11-05;15:20:00;1800e0;112478e0;0e0;263e0;19e-2;11e-2;11e-2;3321e-1;17e-2;3236e-1;12e-2
2016-11-06;08:50:00;1800e0;105496e0;0e0;203e0;15e-2;11e-2;12e-2;3346e-1;15e-2;3298e-1;10e-2
2016-11-06;09:20:00;1800e0;461048e0;49e0;1173e0;57e-2;43e-2;63e-2;3548e-1;48e-2;3507e-1;35e-2
2016-11-06;09:50:00;1800e0;633633e0;106e0;2290e0;67e-2;56e-2;71e-2;3616e-1;63e-2;3556e-1;46e-2
2016-11-06;10:20:00;1800e0;749050e0;112e0;2730e0;74e-2;66e-2;77e-2;3647e-1;74e-2;3577e-1;53e-2
2016-11-06;10:50:00;1800e0;727176e0;105e0;2650e0;72e-2;64e-2;77e-2;3647e-1;72e-2;3573e-1;51e-2
2016-11-06;11:20:00;1800e0;276992e0;56e0;701e0;48e-2;27e-2;56e-2;3496e-1;30e-2;3418e-1;23e-2
2016-11-06;11:50:00;1800e0;410503e0;30e0;1162e0;54e-2;39e-2;60e-2;3532e-1;40e-2;3508e-1;34e-2
2016-11-06;12:20:00;1800e0;845094e0;162e0;2976e0;80e-2;75e-2;84e-2;3650e-1;81e-2;3608e-1;62e-2
2016-11-06;12:50:00;1800e0;890194e0;86e0;3197e0;83e-2;78e-2;87e-2;3659e-1;86e-2;3606e-1;63e-2
2016-11-06;13:20:00;1800e0;817577e0;93e0;3228e0;77e-2;72e-2;82e-2;3651e-1;79e-2;3586e-1;58e-2
2016-11-06;13:50:00;1800e0;699682e0;125e0;2558e0;70e-2;61e-2;76e-2;3611e-1;69e-2;3565e-1;50e-2
2016-11-06;14:20:00;1800e0;563285e0;83e0;1975e0;62e-2;50e-2;69e-2;3579e-1;57e-2;3532e-1;41e-2
2016-11-06;14:50:00;1800e0;470558e0;39e0;1567e0;57e-2;42e-2;65e-2;3546e-1;48e-2;3516e-1;34e-2
2016-11-06;15:20:00;1800e0;335642e0;24e0;1252e0;51e-2;30e-2;60e-2;3511e-1;35e-2;3454e-1;25e-2
2016-11-06;15:50:00;1800e0;212407e0;23e0;625e0;46e-2;20e-2;42e-2;3448e-1;24e-2;3397e-1;18e-2
2016-11-06;16:20:00;1800e0;46093e0;0e0;75e0;8e-2;10e-2;3e-2;3434e-1;11e-2;3399e-1;9e-2
2016-11-07;07:50:00;1800e0;155273e0;0e0;467e0;43e-2;24e-2;43e-2;3634e-1;25e-2;3632e-1;25e-2
2016-11-07;08:20:00;1800e0;880245e0;138e0;2981e0;85e-2;77e-2;90e-2;3681e-1;73e-2;3657e-1;70e-2
2016-11-07;08:50:00;1800e0;632353e0;74e0;2058e0;67e-2;57e-2;71e-2;3676e-1;61e-2;3613e-1;48e-2
2016-11-07;09:20:00;1800e0;1150571e0;192e0;3547e0;100e-2;100e-2;103e-2;3776e-1;105e-2;3724e-1;79e-2
2016-11-07;09:50:00;1800e0;1190838e0;186e0;3625e0;103e-2;104e-2;106e-2;3761e-1;109e-2;3727e-1;83e-2
2016-11-07;10:20:00;1800e0;1634922e0;186e0;5253e0;135e-2;140e-2;138e-2;3820e-1;148e-2;3773e-1;108e-2
2016-11-07;10:50:00;1800e0;3247635e0;581e0;11405e0;257e-2;268e-2;261e-2;3871e-1;301e-2;3842e-1;194e-2
2016-11-07;11:20:00;1800e0;3715908e0;710e0;12940e0;293e-2;304e-2;296e-2;3866e-1;350e-2;3841e-1;218e-2
2016-11-07;11:50:00;1800e0;3997866e0;536e0;14029e0;315e-2;326e-2;318e-2;3853e-1;376e-2;3832e-1;237e-2
2016-11-07;12:20:00;1800e0;2983468e0;514e0;10318e0;236e-2;246e-2;239e-2;3850e-1;279e-2;3816e-1;181e-2
2016-11-07;12:50:00;1800e0;7393005e0;1867e0;25277e0;580e-2;596e-2;587e-2;3831e-1;719e-2;3840e-1;415e-2
2016-11-07;13:20:00;1800e0;11014165e0;2536e0;37902e0;869e-2;889e-2;879e-2;3676e-1;1118e-2;3768e-1;618e-2
2016-11-07;13:50:00;1800e0;11661163e0;2721e0;40136e0;914e-2;934e-2;924e-2;3650e-1;1192e-2;3695e-1;667e-2
2016-11-07;14:20:00;1800e0;10615130e0;2648e0;36108e0;831e-2;850e-2;840e-2;3697e-1;1039e-2;3701e-1;640e-2
2016-11-07;14:50:00;1800e0;9169079e0;2517e0;31089e0;721e-2;739e-2;729e-2;3769e-1;845e-2;3745e-1;583e-2
2016-11-07;15:20:00;1800e0;6999148e0;1949e0;23660e0;550e-2;566e-2;556e-2;3830e-1;601e-2;3781e-1;477e-2
2016-11-07;15:50:00;1800e0;701340e0;126e0;2340e0;74e-2;60e-2;79e-2;3607e-1;68e-2;3580e-1;50e-2
2016-11-07;16:20:00;1800e0;61222e0;0e0;78e0;17e-2;10e-2;11e-2;3560e-1;12e-2;3521e-1;11e-2
2016-11-08;07:50:00;1800e0;904493e0;78e0;3243e0;101e-2;93e-2;101e-2;3785e-1;82e-2;3758e-1;87e-2
2016-11-08;08:20:00;1800e0;5201185e0;1151e0;17948e0;411e-2;426e-2;416e-2;4050e-1;392e-2;3943e-1;375e-2
2016-11-08;08:50:00;1800e0;2253202e0;504e0;7737e0;186e-2;187e-2;190e-2;3849e-1;191e-2;3793e-1;148e-2
2016-11-08;09:20:00;1800e0;10386941e0;2790e0;35378e0;820e-2;841e-2;831e-2;3898e-1;930e-2;3806e-1;647e-2
2016-11-08;09:50:00;1800e0;11626458e0;3014e0;39270e0;923e-2;944e-2;935e-2;3824e-1;1106e-2;3788e-1;680e-2
2016-11-08;10:20:00;1800e0;11457930e0;2878e0;39329e0;902e-2;923e-2;914e-2;3775e-1;1133e-2;3803e-1;639e-2
2016-11-08;10:50:00;1800e0;13122803e0;2679e0;45426e0;1032e-2;1054e-2;1046e-2;3689e-1;1328e-2;3797e-1;730e-2
2016-11-08;11:20:00;1800e0;13776500e0;2918e0;47817e0;1077e-2;1100e-2;1091e-2;3643e-1;1399e-2;3815e-1;774e-2
2016-11-08;11:50:00;1800e0;14059995e0;4769e0;46923e0;1110e-2;1133e-2;1124e-2;3618e-1;1429e-2;3811e-1;798e-2
2016-11-08;12:20:00;1800e0;14253052e0;4457e0;47891e0;1125e-2;1147e-2;1138e-2;3676e-1;1432e-2;3840e-1;797e-2
2016-11-08;12:50:00;1800e0;13392118e0;3869e0;45245e0;1042e-2;1064e-2;1055e-2;3676e-1;1352e-2;3822e-1;747e-2
2016-11-08;13:20:00;1800e0;12933628e0;3535e0;44308e0;1009e-2;1031e-2;1022e-2;3722e-1;1302e-2;3813e-1;711e-2
2016-11-08;13:50:00;1800e0;11072710e0;3509e0;37317e0;866e-2;886e-2;877e-2;3758e-1;1099e-2;3769e-1;620e-2
2016-11-08;14:20:00;1800e0;8893293e0;2530e0;29760e0;699e-2;717e-2;708e-2;3791e-1;852e-2;3770e-1;526e-2
2016-11-08;14:50:00;1800e0;6753005e0;1610e0;23054e0;530e-2;545e-2;538e-2;3817e-1;616e-2;3787e-1;418e-2
2016-11-08;15:20:00;1800e0;977380e0;136e0;3064e0;90e-2;85e-2;94e-2;3721e-1;91e-2;3678e-1;68e-2
2016-11-08;15:50:00;1800e0;121965e0;12e0;187e0;23e-2;10e-2;12e-2;3469e-1;15e-2;3393e-1;13e-2
2016-11-09;08:20:00;1799e0;286158e0;25e0;685e0;48e-2;27e-2;54e-2;3600e-1;20e-2;3633e-1;34e-2
2016-11-09;08:50:00;1800e0;811761e0;125e0;2633e0;79e-2;72e-2;84e-2;3780e-1;50e-2;3796e-1;79e-2
2016-11-09;09:20:00;1800e0;1689828e0;478e0;5611e0;146e-2;144e-2;150e-2;3847e-1;107e-2;3820e-1;152e-2
2016-11-09;09:50:00;1800e0;2823897e0;453e0;9538e0;228e-2;235e-2;231e-2;3924e-1;184e-2;3895e-1;242e-2
2016-11-09;10:20:00;1800e0;5170577e0;981e0;17816e0;412e-2;425e-2;417e-2;4004e-1;379e-2;3942e-1;388e-2
2016-11-09;10:50:00;1800e0;10381277e0;2292e0;35686e0;823e-2;842e-2;832e-2;3854e-1;958e-2;3844e-1;621e-2
2016-11-09;11:20:00;1800e0;13980058e0;3590e0;47744e0;1104e-2;1125e-2;1117e-2;3779e-1;1327e-2;3873e-1;817e-2
2016-11-09;11:50:00;1800e0;14937373e0;3998e0;50653e0;1176e-2;1199e-2;1191e-2;3681e-1;1466e-2;3825e-1;870e-2
2016-11-09;12:20:00;1800e0;14907499e0;4299e0;50360e0;1170e-2;1192e-2;1184e-2;3646e-1;1475e-2;3788e-1;879e-2
2016-11-09;12:50:00;1800e0;7922262e0;1806e0;27342e0;628e-2;645e-2;635e-2;3757e-1;756e-2;3786e-1;479e-2
2016-11-09;13:20:00;1800e0;10085979e0;2636e0;34494e0;799e-2;819e-2;809e-2;3780e-1;980e-2;3807e-1;584e-2
2016-11-09;13:50:00;1800e0;10207421e0;2811e0;34641e0;802e-2;822e-2;812e-2;3717e-1;1010e-2;3724e-1;592e-2
2016-11-09;14:20:00;1800e0;7372634e0;1433e0;25547e0;581e-2;597e-2;588e-2;3797e-1;691e-2;3775e-1;448e-2
2016-11-09;14:50:00;1800e0;4695083e0;683e0;16330e0;369e-2;382e-2;373e-2;3809e-1;428e-2;3789e-1;294e-2
2016-11-09;15:20:00;1800e0;1107278e0;131e0;3968e0;99e-2;94e-2;103e-2;3670e-1;101e-2;3648e-1;78e-2
2016-11-09;15:50:00;1800e0;233903e0;6e0;489e0;39e-2;21e-2;38e-2;3478e-1;25e-2;3457e-1;20e-2
2016-11-10;08:20:00;1800e0;547190e0;125e0;1838e0;62e-2;50e-2;68e-2;3665e-1;50e-2;3649e-1;43e-2
2016-11-10;08:50:00;1800e0;3276956e0;701e0;11280e0;261e-2;270e-2;265e-2;3928e-1;274e-2;3914e-1;215e-2
2016-11-10;09:20:00;1800e0;1933219e0;262e0;6727e0;157e-2;163e-2;159e-2;3869e-1;168e-2;3851e-1;130e-2
2016-11-10;09:50:00;1800e0;1714059e0;218e0;5748e0;140e-2;145e-2;143e-2;3838e-1;148e-2;3839e-1;119e-2
2016-11-10;10:20:00;1800e0;2417313e0;389e0;8415e0;193e-2;202e-2;196e-2;3864e-1;210e-2;3874e-1;160e-2
2016-11-10;10:50:00;1800e0;3227891e0;400e0;11400e0;255e-2;265e-2;258e-2;3883e-1;283e-2;3875e-1;207e-2
2016-11-10;11:20:00;1800e0;7198353e0;1844e0;24711e0;568e-2;584e-2;574e-2;3890e-1;661e-2;3887e-1;423e-2
2016-11-10;11:50:00;1800e0;3007564e0;429e0;10336e0;241e-2;250e-2;244e-2;3822e-1;270e-2;3821e-1;195e-2
2016-11-10;12:20:00;1800e0;2407028e0;377e0;8092e0;194e-2;203e-2;197e-2;3831e-1;212e-2;3822e-1;160e-2
2016-11-10;12:50:00;1800e0;4469198e0;626e0;15508e0;357e-2;370e-2;361e-2;3878e-1;407e-2;3858e-1;271e-2
2016-11-10;13:20:00;1800e0;2598835e0;329e0;8862e0;210e-2;218e-2;212e-2;3831e-1;235e-2;3805e-1;167e-2
2016-11-10;13:50:00;1800e0;1617602e0;74e0;5379e0;133e-2;136e-2;136e-2;3795e-1;147e-2;3756e-1;109e-2
2016-11-10;14:20:00;1800e0;1215416e0;114e0;3823e0;105e-2;105e-2;107e-2;3755e-1;111e-2;3714e-1;85e-2
2016-11-10;14:50:00;1800e0;1144348e0;78e0;3776e0;100e-2;98e-2;103e-2;3739e-1;105e-2;3694e-1;80e-2
2016-11-10;15:20:00;1800e0;461549e0;56e0;1368e0;57e-2;42e-2;62e-2;3587e-1;45e-2;3547e-1;37e-2
2016-11-10;15:50:00;1800e0;642050e0;74e0;1971e0;67e-2;56e-2;67e-2;3629e-1;68e-2;3319e-1;44e-2
2016-11-11;08:20:01;1800e0;3653533e0;462e0;12674e0;291e-2;302e-2;295e-2;3997e-1;239e-2;3939e-1;307e-2
2016-11-11;08:50:01;1800e0;5895089e0;1455e0;20051e0;466e-2;481e-2;472e-2;3991e-1;419e-2;3908e-1;463e-2
2016-11-11;09:20:01;1800e0;8049434e0;1852e0;27627e0;637e-2;653e-2;643e-2;3954e-1;625e-2;3867e-1;585e-2
2016-11-11;09:50:01;1800e0;10638100e0;3054e0;35837e0;843e-2;863e-2;853e-2;3942e-1;920e-2;3838e-1;680e-2
2016-11-11;10:20:01;1800e0;12652426e0;3367e0;43336e0;1003e-2;1024e-2;1015e-2;3842e-1;1209e-2;3812e-1;725e-2
2016-11-11;10:50:01;1800e0;13667373e0;3214e0;47022e0;1080e-2;1102e-2;1093e-2;3724e-1;1348e-2;3841e-1;774e-2
2016-11-11;11:20:01;1800e0;14313443e0;3634e0;49012e0;1126e-2;1148e-2;1139e-2;3703e-1;1416e-2;3844e-1;813e-2
2016-11-11;11:50:01;1800e0;14577009e0;4590e0;48967e0;1140e-2;1162e-2;1154e-2;3679e-1;1448e-2;3841e-1;831e-2
2016-11-11;12:20:01;1800e0;14210987e0;4969e0;47194e0;1110e-2;1131e-2;1123e-2;3617e-1;1437e-2;3793e-1;820e-2
2016-11-11;12:50:01;1800e0;13480564e0;3498e0;45860e0;1054e-2;1076e-2;1067e-2;3565e-1;1392e-2;3759e-1;777e-2
2016-11-11;13:20:01;1800e0;12653223e0;3693e0;43304e0;986e-2;1008e-2;998e-2;3596e-1;1311e-2;3726e-1;721e-2
2016-11-11;13:50:01;1800e0;11586764e0;3209e0;38701e0;909e-2;930e-2;919e-2;3634e-1;1189e-2;3677e-1;669e-2
2016-11-11;14:20:01;1800e0;10506624e0;2785e0;35445e0;831e-2;852e-2;841e-2;3715e-1;1027e-2;3709e-1;632e-2
2016-11-11;14:50:01;1800e0;8915257e0;1963e0;30644e0;705e-2;724e-2;713e-2;3775e-1;825e-2;3714e-1;569e-2
2016-11-11;15:20:01;1800e0;6505044e0;1503e0;22701e0;512e-2;528e-2;517e-2;3820e-1;566e-2;3765e-1;443e-2
2016-11-11;15:50:01;1800e0;2393809e0;414e0;8236e0;194e-2;198e-2;198e-2;3752e-1;263e-2;3159e-1;122e-2
2016-11-11;16:20:01;1800e0;73057e0;0e0;177e0;17e-2;12e-2;14e-2;3252e-1;26e-2;3502e-1;11e-2
2016-11-12;07:50:01;1800e0;130201e0;12e0;550e0;41e-2;20e-2;42e-2;3710e-1;22e-2;3710e-1;22e-2
2016-11-12;08:20:00;1800e0;3450865e0;510e0;11921e0;275e-2;284e-2;279e-2;4053e-1;253e-2;3988e-1;253e-2
2016-11-12;08:50:01;1800e0;6782123e0;1807e0;23250e0;535e-2;550e-2;541e-2;4066e-1;533e-2;3931e-1;461e-2
2016-11-12;09:20:00;1800e0;9361228e0;2565e0;31720e0;740e-2;756e-2;747e-2;4015e-1;802e-2;3861e-1;587e-2
2016-11-12;09:50:00;1800e0;11197853e0;2659e0;38219e0;876e-2;894e-2;885e-2;3840e-1;1053e-2;3782e-1;662e-2
2016-11-12;10:20:00;1800e0;12391411e0;3696e0;41962e0;968e-2;986e-2;978e-2;3762e-1;1209e-2;3760e-1;715e-2
2016-11-12;10:50:01;1800e0;13187006e0;2831e0;45859e0;1038e-2;1057e-2;1049e-2;3733e-1;1306e-2;3825e-1;739e-2
2016-11-12;11:20:00;1800e0;13836229e0;3353e0;47744e0;1090e-2;1111e-2;1103e-2;3668e-1;1387e-2;3810e-1;785e-2
2016-11-12;11:50:00;1800e0;14200586e0;3262e0;48925e0;1118e-2;1138e-2;1130e-2;3664e-1;1421e-2;3821e-1;807e-2
2016-11-12;12:20:01;1800e0;14079435e0;3396e0;48269e0;1114e-2;1135e-2;1127e-2;3646e-1;1417e-2;3807e-1;802e-2
2016-11-12;12:50:01;1800e0;13420249e0;3556e0;45803e0;1054e-2;1074e-2;1066e-2;3611e-1;1372e-2;3774e-1;764e-2
2016-11-12;13:20:01;1800e0;12539918e0;2695e0;43938e0;979e-2;998e-2;990e-2;3614e-1;1294e-2;3729e-1;710e-2
2016-11-12;13:50:01;1800e0;11534717e0;2329e0;39749e0;899e-2;918e-2;909e-2;3662e-1;1176e-2;3689e-1;660e-2
2016-11-12;14:20:01;1800e0;10374590e0;2847e0;35014e0;816e-2;834e-2;825e-2;3703e-1;1017e-2;3689e-1;624e-2
2016-11-12;14:50:01;1800e0;8836358e0;2754e0;29754e0;698e-2;714e-2;705e-2;3766e-1;818e-2;3709e-1;564e-2
2016-11-12;15:20:01;1800e0;6400083e0;1388e0;22065e0;507e-2;521e-2;512e-2;3800e-1;560e-2;3770e-1;431e-2
2016-11-12;15:50:01;1800e0;2264581e0;161e0;7755e0;187e-2;189e-2;190e-2;3743e-1;251e-2;3106e-1;111e-2
2016-11-13;07:50:00;1800e0;293119e0;4e0;1173e0;60e-2;45e-2;60e-2;3819e-1;44e-2;3765e-1;41e-2
2016-11-13;08:20:00;1800e0;3683111e0;499e0;12740e0;293e-2;304e-2;296e-2;4059e-1;269e-2;3983e-1;271e-2
2016-11-13;08:50:00;1800e0;6943605e0;1852e0;23904e0;552e-2;569e-2;559e-2;4031e-1;556e-2;3893e-1;473e-2
2016-11-13;09:20:00;1800e0;8964309e0;2301e0;30436e0;711e-2;729e-2;719e-2;3907e-1;796e-2;3791e-1;566e-2
2016-11-13;09:50:00;1800e0;10018839e0;2621e0;34059e0;787e-2;806e-2;796e-2;3809e-1;946e-2;3754e-1;602e-2
2016-11-13;10:20:00;1800e0;2446915e0;479e0;8078e0;196e-2;203e-2;199e-2;3819e-1;223e-2;3843e-1;156e-2
2016-11-13;10:50:00;1800e0;7091724e0;2275e0;23821e0;560e-2;575e-2;566e-2;3887e-1;660e-2;3947e-1;404e-2
2016-11-13;11:20:00;1800e0;4488643e0;777e0;15522e0;354e-2;366e-2;357e-2;3848e-1;415e-2;3871e-1;270e-2
2016-11-13;11:50:00;1800e0;4441906e0;808e0;15193e0;352e-2;364e-2;355e-2;3894e-1;402e-2;3885e-1;269e-2
2016-11-13;12:20:00;1800e0;4889248e0;828e0;16881e0;391e-2;403e-2;394e-2;3882e-1;447e-2;3870e-1;293e-2
2016-11-13;12:50:00;1800e0;4163596e0;839e0;14166e0;332e-2;343e-2;335e-2;3878e-1;380e-2;3853e-1;253e-2
2016-11-13;13:20:00;1800e0;4797052e0;863e0;16330e0;382e-2;394e-2;386e-2;3875e-1;443e-2;3852e-1;285e-2
2016-11-13;13:50:00;1800e0;5152994e0;1079e0;17851e0;410e-2;423e-2;414e-2;3867e-1;480e-2;3842e-1;304e-2
2016-11-13;14:20:00;1800e0;8515061e0;2193e0;29036e0;672e-2;688e-2;679e-2;3820e-1;800e-2;3798e-1;509e-2
2016-11-13;14:50:00;1800e0;6230459e0;1591e0;21354e0;491e-2;504e-2;496e-2;3800e-1;568e-2;3754e-1;395e-2
2016-11-13;15:20:00;1800e0;1289740e0;175e0;4388e0;111e-2;110e-2;114e-2;3756e-1;115e-2;3685e-1;92e-2
2016-11-13;15:50:00;1800e0;1789781e0;243e0;6018e0;150e-2;150e-2;153e-2;3794e-1;193e-2;3457e-1;88e-2
2016-11-13;16:20:00;1799e0;57298e0;6e0;174e0;15e-2;10e-2;11e-2;3364e-1;16e-2;3518e-1;10e-2
2016-11-14;08:20:00;1800e0;974512e0;219e0;3189e0;92e-2;84e-2;97e-2;3765e-1;83e-2;3746e-1;74e-2
2016-11-14;08:50:00;1800e0;3580431e0;548e0;12545e0;281e-2;293e-2;285e-2;3933e-1;299e-2;3917e-1;241e-2
2016-11-14;09:20:00;1800e0;4100901e0;819e0;14078e0;326e-2;338e-2;330e-2;3898e-1;359e-2;3880e-1;261e-2
2016-11-14;09:50:00;1800e0;6769928e0;2061e0;22668e0;534e-2;551e-2;541e-2;3877e-1;624e-2;3849e-1;405e-2
2016-11-14;10:20:00;1800e0;10418761e0;2949e0;35005e0;819e-2;839e-2;829e-2;3753e-1;1021e-2;3761e-1;603e-2
2016-11-14;10:50:00;1800e0;11439428e0;2947e0;38570e0;896e-2;916e-2;906e-2;3704e-1;1138e-2;3785e-1;655e-2
2016-11-14;11:20:00;1800e0;12360047e0;2645e0;42811e0;972e-2;993e-2;984e-2;3638e-1;1247e-2;3762e-1;716e-2
2016-11-14;11:50:00;1800e0;13002653e0;3420e0;44384e0;1022e-2;1043e-2;1034e-2;3598e-1;1321e-2;3755e-1;759e-2
2016-11-14;12:20:00;1800e0;13530348e0;4037e0;45615e0;1057e-2;1077e-2;1069e-2;3640e-1;1362e-2;3780e-1;780e-2
2016-11-14;12:50:00;1800e0;12940069e0;3557e0;44337e0;1007e-2;1028e-2;1019e-2;3728e-1;1280e-2;3817e-1;731e-2
2016-11-14;13:20:00;1800e0;11435782e0;3678e0;38165e0;895e-2;914e-2;905e-2;3761e-1;1124e-2;3827e-1;643e-2
2016-11-14;13:50:00;1800e0;6410811e0;1441e0;21964e0;501e-2;516e-2;507e-2;3801e-1;618e-2;3802e-1;373e-2
2016-11-14;14:20:00;1800e0;3885436e0;699e0;13363e0;305e-2;317e-2;309e-2;3854e-1;357e-2;3820e-1;239e-2
2016-11-14;14:50:00;1800e0;2406620e0;407e0;8281e0;194e-2;199e-2;197e-2;3789e-1;222e-2;3744e-1;154e-2
2016-11-14;15:20:00;1800e0;464188e0;93e0;1489e0;57e-2;42e-2;63e-2;3560e-1;48e-2;3522e-1;36e-2
2016-11-14;15:50:00;1800e0;63475e0;0e0;147e0;19e-2;10e-2;12e-2;3490e-1;14e-2;3422e-1;11e-2
2016-11-15;09:20:00;1800e0;80010e0;0e0;272e0;8e-2;9e-2;3e-2;3383e-1;15e-2;3272e-1;9e-2
2016-11-15;09:50:00;1800e0;311349e0;24e0;835e0;50e-2;28e-2;51e-2;3483e-1;36e-2;3420e-1;25e-2
2016-11-15;10:20:00;1800e0;244114e0;18e0;478e0;44e-2;22e-2;39e-2;3444e-1;29e-2;3375e-1;20e-2
2016-11-15;10:50:00;1800e0;221210e0;6e0;399e0;46e-2;20e-2;41e-2;3443e-1;28e-2;3364e-1;19e-2
2016-11-15;11:20:00;1800e0;187858e0;6e0;385e0;44e-2;17e-2;40e-2;3421e-1;25e-2;3335e-1;17e-2
2016-11-15;11:50:00;1800e0;247924e0;12e0;564e0;47e-2;22e-2;53e-2;3464e-1;31e-2;3377e-1;21e-2
2016-11-15;12:20:00;1800e0;247001e0;24e0;536e0;47e-2;22e-2;51e-2;3459e-1;30e-2;3370e-1;20e-2
2016-11-15;12:50:00;1800e0;186049e0;10e0;344e0;45e-2;16e-2;40e-2;3416e-1;25e-2;3341e-1;16e-2
2016-11-15;13:20:00;1800e0;158214e0;0e0;241e0;41e-2;14e-2;28e-2;3389e-1;22e-2;3304e-1;14e-2
2016-11-15;13:50:00;1800e0;263828e0;18e0;564e0;48e-2;24e-2;49e-2;3457e-1;32e-2;3377e-1;22e-2
2016-11-15;14:20:00;1800e0;131182e0;6e0;227e0;24e-2;12e-2;19e-2;3345e-1;19e-2;3239e-1;12e-2
2016-11-15;14:50:00;1800e0;41403e0;0e0;81e0;1e-2;9e-2;0e-2;3457e-1;13e-2;3364e-1;8e-2
2016-11-16;08:20:00;1800e0;173947e0;18e0;313e0;45e-2;18e-2;46e-2;3487e-1;25e-2;3437e-1;18e-2
2016-11-16;08:50:00;1800e0;302278e0;24e0;681e0;49e-2;27e-2;55e-2;3474e-1;33e-2;3395e-1;24e-2
2016-11-16;09:20:00;1800e0;414719e0;25e0;833e0;54e-2;37e-2;60e-2;3517e-1;43e-2;3471e-1;31e-2
2016-11-16;09:50:00;1800e0;572826e0;81e0;2223e0;63e-2;51e-2;67e-2;3558e-1;58e-2;3518e-1;42e-2
2016-11-16;10:20:00;1800e0;605037e0;93e0;2340e0;65e-2;54e-2;69e-2;3565e-1;61e-2;3522e-1;44e-2
2016-11-16;10:50:00;1800e0;723184e0;130e0;2642e0;72e-2;63e-2;75e-2;3601e-1;71e-2;3546e-1;52e-2
2016-11-16;11:20:00;1800e0;563427e0;120e0;2077e0;62e-2;50e-2;67e-2;3541e-1;57e-2;3513e-1;41e-2
2016-11-16;11:50:00;1800e0;936728e0;116e0;3128e0;86e-2;81e-2;89e-2;3622e-1;90e-2;3577e-1;66e-2
2016-11-16;12:20:00;1800e0;1300617e0;62e0;4460e0;111e-2;110e-2;114e-2;3682e-1;124e-2;3621e-1;88e-2
2016-11-16;12:50:00;1800e0;1343693e0;149e0;4785e0;114e-2;113e-2;117e-2;3686e-1;128e-2;3627e-1;90e-2
2016-11-16;13:20:00;1800e0;939912e0;118e0;3604e0;85e-2;80e-2;88e-2;3619e-1;90e-2;3570e-1;66e-2
2016-11-16;13:50:00;1800e0;885037e0;69e0;3249e0;82e-2;76e-2;86e-2;3609e-1;86e-2;3559e-1;62e-2
2016-11-16;14:20:00;1800e0;284851e0;6e0;538e0;48e-2;25e-2;52e-2;3429e-1;31e-2;3362e-1;23e-2
2016-11-16;14:50:00;1800e0;191113e0;31e0;391e0;33e-2;17e-2;34e-2;3351e-1;23e-2;3241e-1;16e-2
2016-11-17;08:20:00;1800e0;1208312e0;127e0;4278e0;107e-2;102e-2;111e-2;3669e-1;102e-2;3655e-1;92e-2
2016-11-17;08:50:00;1800e0;4101784e0;609e0;14298e0;321e-2;333e-2;325e-2;3854e-1;348e-2;3824e-1;280e-2
2016-11-17;09:20:00;1800e0;5949371e0;1297e0;20643e0;466e-2;481e-2;471e-2;3833e-1;532e-2;3800e-1;381e-2
2016-11-17;09:50:00;1800e0;7691326e0;1888e0;26510e0;597e-2;613e-2;604e-2;3808e-1;725e-2;3761e-1;463e-2
2016-11-17;10:20:00;1800e0;7466148e0;1889e0;25409e0;586e-2;602e-2;593e-2;3782e-1;720e-2;3759e-1;437e-2
2016-11-17;10:50:00;1800e0;10535013e0;2953e0;35529e0;830e-2;849e-2;840e-2;3728e-1;1046e-2;3771e-1;599e-2
2016-11-17;11:20:00;1800e0;12219173e0;2643e0;42511e0;961e-2;982e-2;972e-2;3665e-1;1234e-2;3761e-1;695e-2
2016-11-17;11:50:00;1800e0;12631287e0;3081e0;44282e0;990e-2;1009e-2;1001e-2;3643e-1;1279e-2;3749e-1;725e-2
2016-11-17;12:20:00;1800e0;11494833e0;3574e0;38966e0;894e-2;913e-2;904e-2;3654e-1;1160e-2;3746e-1;661e-2
2016-11-17;12:50:00;1800e0;4790272e0;1281e0;16169e0;377e-2;385e-2;381e-2;3683e-1;474e-2;3683e-1;280e-2
2016-11-17;13:20:00;1800e0;903911e0;168e0;3330e0;84e-2;77e-2;88e-2;3583e-1;88e-2;3538e-1;64e-2
2016-11-17;13:50:00;1800e0;2551215e0;390e0;8712e0;204e-2;209e-2;207e-2;3722e-1;244e-2;3674e-1;157e-2
2016-11-17;14:20:00;1800e0;2228563e0;474e0;7646e0;186e-2;182e-2;192e-2;3618e-1;211e-2;3575e-1;138e-2
2016-11-17;14:50:00;1800e0;703539e0;61e0;2338e0;72e-2;60e-2;76e-2;3525e-1;69e-2;3483e-1;51e-2
2016-11-17;15:20:00;1800e0;98739e0;0e0;189e0;28e-2;10e-2;14e-2;3339e-1;16e-2;3276e-1;11e-2
2016-11-18;09:50:00;1800e0;343019e0;31e0;1038e0;50e-2;30e-2;50e-2;3448e-1;38e-2;3391e-1;27e-2
2016-11-18;10:20:00;1800e0;480497e0;44e0;1473e0;58e-2;44e-2;63e-2;3521e-1;51e-2;3480e-1;37e-2
2016-11-18;10:50:00;1800e0;162562e0;6e0;249e0;36e-2;14e-2;27e-2;3377e-1;22e-2;3297e-1;15e-2
2016-11-18;11:20:00;1800e0;224003e0;12e0;435e0;45e-2;19e-2;42e-2;3411e-1;27e-2;3331e-1;19e-2
2016-11-18;11:50:00;1800e0;109529e0;0e0;414e0;23e-2;11e-2;18e-2;3374e-1;18e-2;3295e-1;12e-2
2016-11-18;12:20:00;1800e0;233558e0;18e0;435e0;46e-2;21e-2;51e-2;3435e-1;28e-2;3340e-1;20e-2
2016-11-18;12:50:00;1800e0;603169e0;106e0;2186e0;65e-2;53e-2;70e-2;3551e-1;61e-2;3506e-1;44e-2
2016-11-18;13:20:00;1800e0;1147314e0;138e0;4259e0;102e-2;98e-2;106e-2;3649e-1;111e-2;3594e-1;79e-2
2016-11-18;13:50:00;1800e0;363972e0;56e0;1037e0;52e-2;33e-2;55e-2;3477e-1;40e-2;3409e-1;29e-2
2016-11-18;14:20:00;1800e0;159698e0;18e0;346e0;32e-2;15e-2;29e-2;3367e-1;21e-2;3291e-1;15e-2
2016-11-18;15:20:00;1800e0;407768e0;54e0;1330e0;55e-2;36e-2;59e-2;3465e-1;41e-2;3431e-1;32e-2
2016-11-18;15:50:00;1800e0;110982e0;0e0;298e0;25e-2;14e-2;19e-2;3410e-1;17e-2;3371e-1;14e-2
2016-11-19;08:50:00;1800e0;506057e0;57e0;1539e0;62e-2;45e-2;65e-2;3536e-1;49e-2;3475e-1;38e-2
2016-11-19;09:20:00;1800e0;949506e0;98e0;3336e0;87e-2;82e-2;91e-2;3650e-1;90e-2;3593e-1;66e-2
2016-11-19;09:50:00;1800e0;7817572e0;2432e0;26217e0;607e-2;622e-2;613e-2;3818e-1;739e-2;3791e-1;461e-2
2016-11-19;10:20:00;1800e0;10246940e0;3015e0;34506e0;800e-2;818e-2;808e-2;3753e-1;1010e-2;3759e-1;582e-2
2016-11-19;10:50:00;1800e0;11344574e0;2952e0;38922e0;890e-2;908e-2;899e-2;3747e-1;1121e-2;3811e-1;636e-2
2016-11-19;11:20:00;1799e0;11349775e0;2521e0;39043e0;894e-2;912e-2;903e-2;3707e-1;1125e-2;3778e-1;648e-2
2016-11-19;11:50:00;1800e0;10997784e0;2364e0;38077e0;857e-2;875e-2;866e-2;3730e-1;1084e-2;3791e-1;627e-2
2016-11-19;12:20:00;1799e0;8907610e0;2794e0;29873e0;694e-2;708e-2;700e-2;3717e-1;876e-2;3765e-1;511e-2
2016-11-19;12:50:00;1800e0;11593079e0;3017e0;39900e0;899e-2;917e-2;908e-2;3724e-1;1151e-2;3790e-1;653e-2
2016-11-19;13:20:00;1800e0;9286401e0;2547e0;31574e0;719e-2;734e-2;725e-2;3757e-1;916e-2;3783e-1;523e-2
2016-11-19;13:50:00;1800e0;8119117e0;2111e0;27539e0;628e-2;643e-2;634e-2;3770e-1;795e-2;3771e-1;462e-2
2016-11-19;14:20:00;1800e0;5107002e0;1352e0;17334e0;400e-2;412e-2;403e-2;3805e-1;485e-2;3770e-1;303e-2
2016-11-19;14:50:00;1800e0;1749964e0;289e0;5978e0;147e-2;145e-2;150e-2;3669e-1;164e-2;3620e-1;115e-2
2016-11-19;15:20:00;1800e0;422315e0;43e0;1165e0;55e-2;38e-2;61e-2;3501e-1;42e-2;3449e-1;33e-2
2016-11-19;15:50:00;1800e0;81848e0;0e0;118e0;20e-2;11e-2;13e-2;3398e-1;14e-2;3330e-1;10e-2
2016-11-20;08:20:00;1800e0;139522e0;18e0;673e0;45e-2;18e-2;50e-2;3534e-1;21e-2;3518e-1;21e-2
2016-11-20;08:50:00;1800e0;412105e0;50e0;1169e0;55e-2;38e-2;60e-2;3530e-1;41e-2;3508e-1;33e-2
2016-11-20;09:20:00;1800e0;868889e0;174e0;3086e0;81e-2;76e-2;84e-2;3655e-1;83e-2;3604e-1;61e-2
2016-11-20;09:50:00;1800e0;1768056e0;316e0;6027e0;145e-2;148e-2;148e-2;3764e-1;166e-2;3703e-1;114e-2
2016-11-20;10:20:00;1800e0;3867491e0;693e0;13477e0;305e-2;315e-2;308e-2;3823e-1;364e-2;3787e-1;231e-2
2016-11-20;10:50:00;1800e0;11622282e0;2567e0;40186e0;909e-2;928e-2;919e-2;3773e-1;1135e-2;3809e-1;660e-2
2016-11-20;11:20:00;1800e0;13022996e0;3475e0;44446e0;1012e-2;1031e-2;1022e-2;3730e-1;1289e-2;3792e-1;738e-2
2016-11-20;11:50:00;1800e0;12116505e0;2588e0;42008e0;932e-2;950e-2;942e-2;3744e-1;1190e-2;3803e-1;688e-2
2016-11-20;12:20:00;1800e0;9369908e0;2340e0;32124e0;724e-2;741e-2;731e-2;3791e-1;916e-2;3808e-1;527e-2
2016-11-20;12:50:00;1800e0;3032438e0;375e0;10685e0;238e-2;247e-2;241e-2;3790e-1;290e-2;3745e-1;183e-2
2016-11-20;13:20:00;1800e0;1333880e0;143e0;4688e0;113e-2;111e-2;116e-2;3691e-1;125e-2;3633e-1;91e-2
2016-11-20;13:50:00;1800e0;563101e0;81e0;2164e0;63e-2;51e-2;68e-2;3540e-1;57e-2;3495e-1;43e-2
2016-11-20;14:20:00;1800e0;461732e0;40e0;1692e0;58e-2;43e-2;64e-2;3509e-1;47e-2;3458e-1;35e-2
2016-11-20;14:50:00;1800e0;180533e0;2e0;433e0;42e-2;16e-2;35e-2;3371e-1;21e-2;3315e-1;16e-2
2016-11-21;08:20:00;1800e0;99590e0;0e0;279e0;26e-2;14e-2;23e-2;3378e-1;18e-2;3247e-1;15e-2
2016-11-21;08:50:01;1800e0;277641e0;55e0;729e0;48e-2;25e-2;54e-2;3411e-1;31e-2;3352e-1;24e-2
2016-11-21;09:20:01;1800e0;812067e0;119e0;2929e0;78e-2;71e-2;81e-2;3558e-1;80e-2;3517e-1;60e-2
2016-11-21;09:50:01;1800e0;1745062e0;168e0;5978e0;143e-2;146e-2;145e-2;3706e-1;167e-2;3626e-1;116e-2
2016-11-21;10:20:01;1800e0;1003935e0;100e0;3612e0;90e-2;86e-2;93e-2;3602e-1;96e-2;3560e-1;73e-2
2016-11-21;10:50:01;1800e0;861219e0;112e0;3089e0;81e-2;74e-2;84e-2;3566e-1;83e-2;3540e-1;64e-2
2016-11-21;11:20:01;1800e0;714529e0;115e0;2646e0;72e-2;63e-2;76e-2;3534e-1;72e-2;3498e-1;54e-2
2016-11-21;11:50:01;1800e0;1797878e0;205e0;5909e0;150e-2;151e-2;153e-2;3660e-1;175e-2;3610e-1;115e-2
2016-11-21;12:20:01;1800e0;5101002e0;1131e0;17582e0;402e-2;415e-2;406e-2;3766e-1;496e-2;3737e-1;301e-2
2016-11-21;12:50:01;1800e0;3574895e0;735e0;12129e0;287e-2;294e-2;291e-2;3662e-1;349e-2;3634e-1;220e-2
2016-11-21;13:20:01;1800e0;1523883e0;198e0;5156e0;129e-2;129e-2;132e-2;3615e-1;150e-2;3567e-1;100e-2
2016-11-21;13:50:01;1800e0;7952588e0;2132e0;27325e0;620e-2;637e-2;627e-2;3719e-1;793e-2;3700e-1;462e-2
2016-11-21;14:20:01;1800e0;2433043e0;425e0;8438e0;197e-2;201e-2;200e-2;3652e-1;237e-2;3601e-1;154e-2
2016-11-21;14:50:01;1800e0;479674e0;75e0;1661e0;59e-2;42e-2;61e-2;3446e-1;49e-2;3403e-1;38e-2
2016-11-21;15:20:01;1800e0;36651e0;0e0;135e0;2e-2;7e-2;0e-2;3333e-1;9e-2;3253e-1;8e-2
2016-11-22;08:50:01;1800e0;169223e0;18e0;283e0;43e-2;14e-2;37e-2;3341e-1;20e-2;3296e-1;17e-2
2016-11-22;09:20:01;1800e0;476099e0;74e0;1450e0;59e-2;42e-2;64e-2;3495e-1;49e-2;3434e-1;36e-2
2016-11-22;09:50:01;1800e0;1148636e0;139e0;3706e0;100e-2;99e-2;103e-2;3651e-1;112e-2;3584e-1;78e-2
2016-11-22;10:20:01;1800e0;1455796e0;162e0;4997e0;122e-2;124e-2;126e-2;3675e-1;140e-2;3611e-1;98e-2
2016-11-22;10:50:01;1800e0;1171472e0;81e0;3994e0;102e-2;101e-2;105e-2;3631e-1;114e-2;3575e-1;81e-2
2016-11-22;11:20:01;1800e0;880189e0;131e0;2894e0;83e-2;78e-2;84e-2;3565e-1;87e-2;3530e-1;64e-2
2016-11-22;11:50:01;1800e0;1214753e0;142e0;3794e0;105e-2;105e-2;108e-2;3628e-1;118e-2;3571e-1;85e-2
2016-11-22;12:20:01;1800e0;889902e0;99e0;3043e0;83e-2;77e-2;86e-2;3570e-1;86e-2;3534e-1;66e-2
2016-11-22;12:50:01;1800e0;653748e0;99e0;2182e0;67e-2;57e-2;71e-2;3528e-1;64e-2;3476e-1;50e-2
2016-11-22;13:20:01;1800e0;696935e0;112e0;2502e0;71e-2;62e-2;74e-2;3537e-1;71e-2;3470e-1;52e-2
2016-11-22;13:50:01;1800e0;652845e0;62e0;2195e0;67e-2;58e-2;71e-2;3537e-1;66e-2;3465e-1;49e-2
2016-11-22;14:20:01;1800e0;535608e0;66e0;1980e0;61e-2;48e-2;65e-2;3494e-1;56e-2;3442e-1;41e-2
2016-11-22;14:50:01;1800e0;304077e0;37e0;745e0;49e-2;26e-2;54e-2;3402e-1;34e-2;3333e-1;25e-2
2016-11-22;15:20:01;1800e0;64196e0;0e0;109e0;17e-2;9e-2;10e-2;3372e-1;14e-2;3312e-1;11e-2
2016-11-23;08:20:01;1800e0;143769e0;18e0;626e0;45e-2;21e-2;43e-2;3554e-1;25e-2;3532e-1;23e-2
2016-11-23;08:50:01;1800e0;1326679e0;136e0;4735e0;116e-2;112e-2;119e-2;3658e-1;120e-2;3627e-1;94e-2
2016-11-23;09:20:01;1800e0;3217115e0;570e0;11213e0;254e-2;264e-2;257e-2;3787e-1;294e-2;3751e-1;209e-2
2016-11-23;09:50:01;1800e0;3710975e0;777e0;12619e0;293e-2;303e-2;296e-2;3726e-1;350e-2;3694e-1;235e-2
2016-11-23;10:20:01;1800e0;2325559e0;336e0;8158e0;186e-2;194e-2;189e-2;3729e-1;222e-2;3682e-1;150e-2
2016-11-23;10:50:01;1800e0;4325930e0;636e0;15007e0;338e-2;351e-2;342e-2;3751e-1;417e-2;3729e-1;263e-2
2016-11-23;11:20:01;1800e0;10232387e0;2361e0;34972e0;799e-2;819e-2;808e-2;3642e-1;1033e-2;3722e-1;600e-2
2016-11-23;11:50:01;1800e0;9200054e0;2048e0;31875e0;717e-2;736e-2;725e-2;3627e-1;932e-2;3700e-1;544e-2
2016-11-23;12:20:01;1800e0;9575689e0;2533e0;32433e0;752e-2;771e-2;760e-2;3641e-1;967e-2;3719e-1;560e-2
2016-11-23;12:50:01;1800e0;10757268e0;2636e0;36702e0;844e-2;864e-2;853e-2;3600e-1;1100e-2;3692e-1;632e-2
2016-11-23;13:20:01;1800e0;5956847e0;1160e0;20314e0;470e-2;486e-2;475e-2;3670e-1;600e-2;3683e-1;353e-2
2016-11-23;13:50:01;1800e0;2604163e0;309e0;8977e0;207e-2;215e-2;210e-2;3661e-1;258e-2;3625e-1;164e-2
2016-11-23;14:20:01;1800e0;1092851e0;141e0;4070e0;95e-2;93e-2;97e-2;3582e-1;108e-2;3545e-1;76e-2
2016-11-23;14:50:01;1800e0;836190e0;85e0;2980e0;80e-2;72e-2;83e-2;3552e-1;84e-2;3501e-1;60e-2
2016-11-23;15:20:01;1800e0;192180e0;18e0;455e0;40e-2;17e-2;37e-2;3334e-1;23e-2;3266e-1;18e-2
2016-11-24;08:20:02;1800e0;737771e0;177e0;2470e0;92e-2;82e-2;90e-2;3683e-1;81e-2;3665e-1;73e-2
2016-11-24;08:50:02;1800e0;5129220e0;989e0;17664e0;402e-2;416e-2;407e-2;3909e-1;429e-2;3872e-1;348e-2
2016-11-24;09:20:02;1800e0;8016233e0;2159e0;27334e0;629e-2;646e-2;636e-2;3839e-1;724e-2;3779e-1;509e-2
2016-11-24;09:50:02;1800e0;9800074e0;2396e0;33706e0;769e-2;788e-2;778e-2;3765e-1;948e-2;3701e-1;587e-2
2016-11-24;10:20:02;1800e0;11093701e0;2492e0;38014e0;876e-2;895e-2;886e-2;3725e-1;1112e-2;3689e-1;636e-2
2016-11-24;10:50:02;1800e0;12030316e0;2871e0;41073e0;945e-2;966e-2;956e-2;3634e-1;1233e-2;3705e-1;690e-2
2016-11-24;11:20:02;1800e0;12799745e0;2901e0;44490e0;1007e-2;1028e-2;1018e-2;3593e-1;1316e-2;3728e-1;739e-2
2016-11-24;11:50:02;1800e0;13206536e0;3883e0;44679e0;1033e-2;1054e-2;1045e-2;3636e-1;1337e-2;3762e-1;759e-2
2016-11-24;12:20:02;1800e0;13347509e0;3952e0;44874e0;1049e-2;1069e-2;1060e-2;3673e-1;1338e-2;3792e-1;760e-2
2016-11-24;12:50:02;1800e0;12746251e0;3467e0;44096e0;991e-2;1011e-2;1002e-2;3668e-1;1286e-2;3779e-1;723e-2
2016-11-24;13:20:02;1800e0;11786427e0;3585e0;39319e0;920e-2;940e-2;930e-2;3676e-1;1194e-2;3768e-1;664e-2
2016-11-24;13:50:02;1800e0;10823705e0;3059e0;36617e0;848e-2;867e-2;857e-2;3710e-1;1085e-2;3733e-1;617e-2
2016-11-24;14:20:02;1800e0;10097680e0;2584e0;34486e0;788e-2;807e-2;796e-2;3709e-1;985e-2;3695e-1;610e-2
2016-11-24;14:50:02;1800e0;5810222e0;1345e0;20009e0;455e-2;470e-2;460e-2;3767e-1;538e-2;3754e-1;370e-2
2016-11-24;15:20:02;1800e0;3204544e0;564e0;11137e0;252e-2;262e-2;255e-2;3751e-1;305e-2;3571e-1;210e-2
2016-11-24;15:50:02;1800e0;405505e0;62e0;1301e0;50e-2;42e-2;47e-2;3478e-1;52e-2;3367e-1;35e-2
2016-11-25;08:50:02;1800e0;69550e0;0e0;528e0;8e-2;9e-2;1e-2;3394e-1;14e-2;3341e-1;10e-2
2016-11-25;09:20:02;1800e0;107792e0;2e0;227e0;23e-2;10e-2;4e-2;3347e-1;15e-2;3249e-1;11e-2
2016-11-25;09:50:02;1800e0;165994e0;0e0;232e0;43e-2;14e-2;32e-2;3385e-1;22e-2;3329e-1;16e-2
2016-11-25;10:20:02;1800e0;268502e0;31e0;707e0;47e-2;25e-2;52e-2;3463e-1;31e-2;3389e-1;23e-2
2016-11-25;10:50:02;1800e0;224085e0;12e0;423e0;46e-2;21e-2;48e-2;3432e-1;28e-2;3354e-1;20e-2
2016-11-25;11:20:02;1800e0;205392e0;18e0;413e0;45e-2;19e-2;46e-2;3428e-1;26e-2;3341e-1;19e-2
2016-11-25;11:50:02;1800e0;280984e0;31e0;570e0;48e-2;26e-2;50e-2;3459e-1;32e-2;3382e-1;23e-2
2016-11-25;12:20:02;1800e0;392854e0;12e0;1025e0;53e-2;35e-2;59e-2;3497e-1;42e-2;3451e-1;30e-2
2016-11-25;12:50:02;1800e0;605258e0;115e0;2352e0;65e-2;54e-2;69e-2;3560e-1;63e-2;3518e-1;45e-2
2016-11-25;13:20:02;1800e0;837055e0;72e0;3089e0;79e-2;73e-2;83e-2;3609e-1;83e-2;3555e-1;60e-2
2016-11-25;13:50:02;1800e0;987469e0;173e0;3427e0;89e-2;85e-2;92e-2;3634e-1;97e-2;3567e-1;69e-2
2016-11-25;14:20:02;1800e0;931082e0;153e0;3320e0;85e-2;80e-2;88e-2;3617e-1;92e-2;3566e-1;66e-2
2016-11-25;14:50:02;1800e0;684556e0;93e0;2518e0;70e-2;60e-2;74e-2;3564e-1;70e-2;3514e-1;50e-2
2016-11-25;15:20:02;1800e0;354408e0;33e0;1046e0;52e-2;32e-2;53e-2;3482e-1;38e-2;3415e-1;28e-2
2016-11-26;10:20:02;1800e0;287246e0;6e0;637e0;49e-2;25e-2;54e-2;3418e-1;31e-2;3357e-1;23e-2
2016-11-26;10:50:02;1800e0;411859e0;75e0;1346e0;55e-2;37e-2;62e-2;3471e-1;42e-2;3421e-1;31e-2
2016-11-26;11:20:02;1800e0;534785e0;92e0;2024e0;62e-2;48e-2;67e-2;3522e-1;54e-2;3482e-1;40e-2
2016-11-26;11:50:02;1800e0;318344e0;44e0;1030e0;51e-2;29e-2;56e-2;3432e-1;34e-2;3366e-1;25e-2
2016-11-26;12:20:02;1800e0;215870e0;25e0;647e0;46e-2;20e-2;48e-2;3384e-1;25e-2;3308e-1;19e-2
2016-11-26;12:50:02;1800e0;262499e0;31e0;832e0;48e-2;24e-2;49e-2;3394e-1;29e-2;3337e-1;22e-2
2016-11-26;13:20:02;1800e0;315677e0;16e0;1045e0;51e-2;30e-2;56e-2;3409e-1;34e-2;3361e-1;25e-2
2016-11-26;13:50:02;1800e0;203611e0;35e0;636e0;46e-2;19e-2;47e-2;3356e-1;24e-2;3280e-1;18e-2
2016-11-26;14:20:02;1800e0;250493e0;47e0;1068e0;49e-2;24e-2;54e-2;3386e-1;28e-2;3311e-1;21e-2
2016-11-26;14:50:02;1800e0;260321e0;14e0;1038e0;49e-2;25e-2;55e-2;3389e-1;29e-2;3310e-1;22e-2
2016-11-26;15:20:02;1800e0;138429e0;6e0;364e0;28e-2;15e-2;25e-2;3287e-1;18e-2;3245e-1;14e-2
2016-11-27;08:20:02;1800e0;704910e0;90e0;2529e0;94e-2;86e-2;92e-2;3818e-1;90e-2;3707e-1;67e-2
2016-11-27;08:50:02;1800e0;4852487e0;935e0;16914e0;383e-2;396e-2;387e-2;3913e-1;405e-2;3890e-1;328e-2
2016-11-27;09:20:02;1800e0;7506790e0;1971e0;25437e0;595e-2;612e-2;601e-2;3859e-1;676e-2;3787e-1;475e-2
2016-11-27;09:50:02;1800e0;9355028e0;2370e0;31802e0;738e-2;756e-2;746e-2;3801e-1;896e-2;3745e-1;554e-2
2016-11-27;10:20:02;1800e0;10834199e0;2990e0;36377e0;852e-2;872e-2;861e-2;3754e-1;1077e-2;3739e-1;613e-2
2016-11-27;10:50:02;1800e0;11986355e0;3253e0;40753e0;940e-2;960e-2;950e-2;3720e-1;1202e-2;3779e-1;670e-2
2016-11-27;11:20:02;1800e0;12880492e0;4031e0;43662e0;1005e-2;1025e-2;1016e-2;3718e-1;1284e-2;3820e-1;720e-2
2016-11-27;11:50:02;1800e0;13286791e0;3219e0;45451e0;1027e-2;1047e-2;1038e-2;3715e-1;1322e-2;3830e-1;743e-2
2016-11-27;12:20:02;1800e0;13297907e0;3415e0;45613e0;1028e-2;1047e-2;1039e-2;3712e-1;1324e-2;3860e-1;738e-2
2016-11-27;12:50:02;1800e0;12948602e0;3785e0;44251e0;997e-2;1016e-2;1007e-2;3716e-1;1293e-2;3871e-1;712e-2
2016-11-27;13:20:02;1800e0;12144920e0;3239e0;41028e0;943e-2;963e-2;952e-2;3735e-1;1214e-2;3829e-1;668e-2
2016-11-27;13:50:02;1800e0;10940529e0;3102e0;36999e0;851e-2;870e-2;860e-2;3770e-1;1086e-2;3799e-1;606e-2
2016-11-27;14:20:02;1800e0;9485304e0;2416e0;32633e0;741e-2;758e-2;748e-2;3808e-1;912e-2;3776e-1;550e-2
2016-11-27;14:50:02;1800e0;7524799e0;1835e0;25563e0;589e-2;605e-2;595e-2;3851e-1;689e-2;3810e-1;461e-2
2016-11-27;15:20:02;1800e0;4003044e0;710e0;14019e0;317e-2;327e-2;319e-2;3914e-1;364e-2;3592e-1;259e-2
2016-11-27;15:50:02;1799e0;404362e0;31e0;1326e0;53e-2;48e-2;52e-2;3616e-1;54e-2;3305e-1;40e-2
2016-11-28;08:40:13;1800e0;3412419e0;531e0;11827e0;272e-2;281e-2;276e-2;3987e-1;280e-2;3905e-1;230e-2
2016-11-28;09:10:13;1800e0;6951543e0;1770e0;24024e0;547e-2;564e-2;554e-2;3916e-1;605e-2;3849e-1;446e-2
2016-11-28;09:40:13;1800e0;9113528e0;2169e0;31111e0;720e-2;739e-2;728e-2;3849e-1;851e-2;3775e-1;547e-2
2016-11-28;10:10:13;1800e0;10586974e0;2865e0;35881e0;828e-2;848e-2;837e-2;3784e-1;1039e-2;3763e-1;602e-2
2016-11-28;10:40:13;1800e0;11837467e0;3043e0;40034e0;928e-2;949e-2;939e-2;3738e-1;1181e-2;3792e-1;660e-2
2016-11-28;11:10:13;1800e0;12690760e0;3681e0;43656e0;1000e-2;1022e-2;1012e-2;3686e-1;1274e-2;3830e-1;710e-2
2016-11-28;11:40:13;1800e0;13243427e0;3854e0;44972e0;1041e-2;1063e-2;1054e-2;3666e-1;1326e-2;3847e-1;747e-2
2016-11-28;12:10:13;1800e0;13359670e0;2617e0;46647e0;1045e-2;1067e-2;1058e-2;3653e-1;1340e-2;3871e-1;751e-2
2016-11-28;12:40:13;1800e0;13029603e0;3327e0;44655e0;1017e-2;1038e-2;1029e-2;3673e-1;1307e-2;3888e-1;722e-2
2016-11-28;13:10:13;1800e0;12275677e0;2568e0;42962e0;961e-2;981e-2;972e-2;3687e-1;1236e-2;3831e-1;682e-2
2016-11-28;13:40:13;1800e0;10833970e0;3378e0;36006e0;849e-2;869e-2;859e-2;3762e-1;1079e-2;3802e-1;598e-2
2016-11-28;14:10:13;1800e0;9954122e0;2638e0;33764e0;780e-2;800e-2;790e-2;3805e-1;969e-2;3779e-1;565e-2
2016-11-28;14:40:13;1800e0;8173159e0;1997e0;28045e0;640e-2;658e-2;648e-2;3836e-1;760e-2;3797e-1;494e-2
2016-11-28;15:10:13;1800e0;4350608e0;879e0;15147e0;344e-2;355e-2;348e-2;3879e-1;396e-2;3680e-1;276e-2
2016-11-28;15:40:13;1800e0;912951e0;124e0;3110e0;82e-2;79e-2;83e-2;3769e-1;87e-2;3265e-1;64e-2
2016-11-29;08:40:13;1800e0;662844e0;48e0;2279e0;70e-2;60e-2;74e-2;3679e-1;62e-2;3621e-1;49e-2
2016-11-29;09:10:13;1800e0;719413e0;99e0;2628e0;72e-2;65e-2;76e-2;3651e-1;69e-2;3622e-1;52e-2
2016-11-29;09:40:13;1800e0;2250017e0;417e0;7709e0;184e-2;187e-2;188e-2;3760e-1;207e-2;3744e-1;141e-2
2016-11-29;10:10:13;1800e0;881957e0;141e0;3232e0;82e-2;77e-2;85e-2;3642e-1;85e-2;3626e-1;62e-2
2016-11-29;10:40:13;1800e0;986443e0;106e0;3202e0;89e-2;86e-2;92e-2;3666e-1;95e-2;3640e-1;68e-2
2016-11-29;11:10:13;1800e0;693429e0;91e0;2538e0;71e-2;63e-2;74e-2;3602e-1;69e-2;3563e-1;50e-2
2016-11-29;11:40:13;1800e0;891669e0;99e0;3180e0;83e-2;79e-2;86e-2;3643e-1;87e-2;3622e-1;63e-2
2016-11-29;12:10:13;1800e0;704859e0;74e0;2528e0;71e-2;63e-2;75e-2;3602e-1;70e-2;3567e-1;50e-2
2016-11-29;12:40:13;1800e0;564569e0;39e0;1639e0;63e-2;51e-2;68e-2;3569e-1;57e-2;3532e-1;41e-2
2016-11-29;13:10:13;1800e0;1586768e0;159e0;5513e0;133e-2;134e-2;136e-2;3708e-1;150e-2;3679e-1;104e-2
2016-11-29;13:40:13;1800e0;1282562e0;110e0;4457e0;113e-2;109e-2;116e-2;3650e-1;123e-2;3621e-1;84e-2
2016-11-29;14:10:13;1800e0;656776e0;66e0;2280e0;69e-2;58e-2;73e-2;3571e-1;65e-2;3541e-1;48e-2
2016-11-29;14:40:13;1800e0;587341e0;86e0;1968e0;66e-2;53e-2;69e-2;3561e-1;60e-2;3504e-1;42e-2
2016-11-29;15:10:13;1800e0;91975e0;0e0;170e0;14e-2;11e-2;5e-2;3316e-1;13e-2;3225e-1;10e-2
2016-11-30;08:40:13;1800e0;154091e0;12e0;563e0;46e-2;21e-2;47e-2;3508e-1;23e-2;3469e-1;19e-2
2016-11-30;09:10:13;1800e0;479097e0;87e0;1470e0;60e-2;45e-2;66e-2;3525e-1;47e-2;3507e-1;37e-2
2016-11-30;09:40:13;1800e0;555596e0;103e0;2031e0;64e-2;51e-2;70e-2;3548e-1;55e-2;3520e-1;41e-2
2016-11-30;10:10:13;1800e0;619197e0;75e0;2318e0;68e-2;56e-2;74e-2;3574e-1;62e-2;3522e-1;44e-2
2016-11-30;10:40:13;1800e0;792984e0;124e0;3109e0;79e-2;70e-2;82e-2;3618e-1;78e-2;3564e-1;56e-2
2016-11-30;11:10:13;1800e0;727527e0;55e0;2954e0;75e-2;65e-2;78e-2;3588e-1;71e-2;3549e-1;54e-2
2016-11-30;11:40:13;1800e0;726939e0;93e0;2838e0;74e-2;64e-2;78e-2;3589e-1;71e-2;3553e-1;52e-2
2016-11-30;12:10:13;1800e0;550363e0;96e0;2067e0;64e-2;50e-2;69e-2;3534e-1;55e-2;3502e-1;40e-2
2016-11-30;12:40:13;1800e0;437340e0;60e0;1108e0;57e-2;41e-2;64e-2;3501e-1;44e-2;3477e-1;32e-2
2016-11-30;13:10:13;1800e0;465259e0;49e0;1457e0;59e-2;43e-2;64e-2;3516e-1;47e-2;3492e-1;34e-2
2016-11-30;13:40:13;1800e0;471663e0;33e0;1729e0;59e-2;44e-2;65e-2;3512e-1;47e-2;3486e-1;35e-2
2016-11-30;14:10:13;1800e0;410657e0;52e0;1508e0;55e-2;38e-2;61e-2;3501e-1;42e-2;3447e-1;31e-2
2016-11-30;14:40:13;1800e0;171893e0;6e0;479e0;38e-2;16e-2;34e-2;3374e-1;19e-2;3322e-1;17e-2
2016-11-30;15:10:13;1800e0;76348e0;0e0;112e0;12e-2;10e-2;7e-2;3352e-1;12e-2;3298e-1;10e-2
2016-12-01;09:10:14;1799e0;39085e0;2e0;270e0;1e-2;9e-2;0e-2;3429e-1;11e-2;3373e-1;7e-2
2016-12-01;09:40:14;1800e0;60616e0;6e0;222e0;0e-2;8e-2;0e-2;3203e-1;10e-2;3139e-1;6e-2
2016-12-01;10:10:14;1800e0;86821e0;0e0;222e0;11e-2;10e-2;3e-2;3263e-1;13e-2;3197e-1;9e-2
2016-12-01;10:40:14;1800e0;127910e0;0e0;178e0;30e-2;12e-2;15e-2;3316e-1;16e-2;3208e-1;11e-2
2016-12-01;11:10:14;1800e0;292039e0;65e0;1144e0;49e-2;27e-2;56e-2;3436e-1;32e-2;3346e-1;22e-2
2016-12-01;11:40:14;1800e0;267255e0;60e0;978e0;48e-2;25e-2;53e-2;3420e-1;30e-2;3340e-1;21e-2
2016-12-01;12:10:14;1800e0;336910e0;20e0;1127e0;52e-2;31e-2;57e-2;3438e-1;37e-2;3384e-1;26e-2
2016-12-01;12:40:14;1800e0;436332e0;75e0;1376e0;56e-2;40e-2;61e-2;3488e-1;46e-2;3445e-1;32e-2
2016-12-01;13:10:14;1800e0;446788e0;75e0;1251e0;56e-2;41e-2;61e-2;3491e-1;46e-2;3448e-1;33e-2
2016-12-01;13:40:14;1800e0;438028e0;111e0;1131e0;56e-2;41e-2;61e-2;3482e-1;46e-2;3440e-1;32e-2
2016-12-01;14:10:14;1800e0;321703e0;50e0;833e0;51e-2;30e-2;56e-2;3431e-1;35e-2;3365e-1;24e-2
2016-12-01;14:40:14;1800e0;132320e0;4e0;224e0;29e-2;13e-2;18e-2;3309e-1;17e-2;3248e-1;12e-2
2016-12-02;08:25:00;1800e0;348237e0;53e0;1279e0;68e-2;58e-2;66e-2;3811e-1;59e-2;3700e-1;46e-2
2016-12-02;08:55:00;1800e0;4562509e0;731e0;15825e0;359e-2;373e-2;364e-2;3930e-1;383e-2;3893e-1;305e-2
2016-12-02;09:25:00;1800e0;7311640e0;1829e0;24893e0;574e-2;592e-2;582e-2;3896e-1;655e-2;3840e-1;453e-2
2016-12-02;09:55:00;1800e0;9141430e0;2517e0;31120e0;716e-2;736e-2;726e-2;3853e-1;868e-2;3785e-1;531e-2
2016-12-02;10:25:00;1800e0;10447298e0;2960e0;35157e0;814e-2;835e-2;825e-2;3797e-1;1031e-2;3762e-1;585e-2
2016-12-02;10:55:00;1800e0;11528350e0;3006e0;39043e0;897e-2;919e-2;909e-2;3751e-1;1150e-2;3770e-1;644e-2
2016-12-02;11:25:00;1800e0;12371426e0;3587e0;42288e0;963e-2;985e-2;976e-2;3726e-1;1233e-2;3801e-1;693e-2
2016-12-02;11:55:00;1800e0;12776164e0;3029e0;44577e0;989e-2;1011e-2;1001e-2;3708e-1;1275e-2;3828e-1;716e-2
2016-12-02;12:25:00;1800e0;12794235e0;3605e0;43878e0;1004e-2;1026e-2;1017e-2;3701e-1;1279e-2;3856e-1;711e-2
2016-12-02;12:55:00;1800e0;12245832e0;3179e0;41284e0;967e-2;988e-2;978e-2;3671e-1;1237e-2;3832e-1;682e-2
2016-12-02;13:25:00;1800e0;11460973e0;2836e0;38910e0;902e-2;923e-2;912e-2;3726e-1;1150e-2;3793e-1;636e-2
2016-12-02;13:55:00;1800e0;10203778e0;2814e0;34355e0;799e-2;819e-2;809e-2;3754e-1;1017e-2;3765e-1;571e-2
2016-12-02;14:25:00;1800e0;8758444e0;2038e0;30263e0;689e-2;707e-2;697e-2;3783e-1;844e-2;3757e-1;514e-2
2016-12-02;14:55:00;1800e0;6482107e0;1555e0;22418e0;511e-2;527e-2;517e-2;3813e-1;603e-2;3735e-1;403e-2
2016-12-02;15:25:00;1800e0;2487073e0;334e0;8604e0;201e-2;207e-2;204e-2;3878e-1;233e-2;3525e-1;159e-2
2016-12-02;15:55:00;1800e0;61564e0;0e0;142e0;16e-2;12e-2;12e-2;3540e-1;13e-2;3494e-1;11e-2
2016-12-03;08:25:00;1800e0;80394e0;0e0;471e0;39e-2;14e-2;32e-2;3677e-1;17e-2;3654e-1;16e-2
2016-12-03;08:55:00;1800e0;435799e0;12e0;1163e0;56e-2;39e-2;61e-2;3685e-1;40e-2;3647e-1;34e-2
2016-12-03;09:25:00;1800e0;967708e0;48e0;3285e0;89e-2;84e-2;93e-2;3806e-1;86e-2;3793e-1;69e-2
2016-12-03;09:55:00;1800e0;5878880e0;1590e0;19881e0;464e-2;477e-2;469e-2;3955e-1;533e-2;3955e-1;342e-2
2016-12-03;10:25:00;1800e0;7350149e0;1320e0;25525e0;575e-2;589e-2;581e-2;3824e-1;700e-2;3834e-1;425e-2
2016-12-03;10:55:00;1800e0;8832694e0;2003e0;30307e0;690e-2;706e-2;696e-2;3748e-1;867e-2;3827e-1;502e-2
2016-12-03;11:25:00;1800e0;9087623e0;2438e0;30886e0;715e-2;732e-2;722e-2;3770e-1;887e-2;3869e-1;511e-2
2016-12-03;11:55:00;1800e0;11621190e0;2497e0;40180e0;913e-2;933e-2;924e-2;3739e-1;1143e-2;3867e-1;651e-2
2016-12-03;12:25:00;1800e0;9029922e0;2407e0;30908e0;708e-2;726e-2;715e-2;3760e-1;888e-2;3880e-1;505e-2
2016-12-03;12:55:00;1800e0;8653247e0;2228e0;29474e0;676e-2;693e-2;683e-2;3802e-1;844e-2;3883e-1;479e-2
2016-12-03;13:25:00;1800e0;8901476e0;2072e0;30586e0;699e-2;716e-2;706e-2;3761e-1;877e-2;3825e-1;500e-2
2016-12-03;13:55:00;1800e0;6610183e0;1371e0;22795e0;518e-2;533e-2;523e-2;3789e-1;642e-2;3795e-1;380e-2
2016-12-03;14:25:00;1800e0;3298271e0;498e0;11477e0;263e-2;271e-2;265e-2;3788e-1;313e-2;3757e-1;199e-2
2016-12-03;14:55:00;1800e0;564672e0;75e0;1529e0;64e-2;50e-2;68e-2;3588e-1;56e-2;3550e-1;41e-2
2016-12-03;15:25:00;1800e0;914294e0;69e0;3040e0;87e-2;78e-2;89e-2;3728e-1;89e-2;3445e-1;63e-2
2016-12-04;09:25:00;1800e0;126660e0;0e0;230e0;24e-2;12e-2;18e-2;3367e-1;17e-2;3320e-1;11e-2
2016-12-04;09:55:00;1800e0;296293e0;37e0;653e0;49e-2;27e-2;55e-2;3489e-1;32e-2;3420e-1;22e-2
2016-12-04;10:25:00;1800e0;397470e0;42e0;1060e0;54e-2;36e-2;60e-2;3507e-1;41e-2;3478e-1;29e-2
2016-12-04;10:55:00;1800e0;383218e0;6e0;968e0;53e-2;35e-2;59e-2;3522e-1;39e-2;3461e-1;28e-2
2016-12-04;11:25:00;1800e0;560849e0;124e0;1893e0;63e-2;50e-2;68e-2;3565e-1;57e-2;3538e-1;40e-2
2016-12-04;11:55:00;1800e0;452744e0;69e0;1480e0;57e-2;41e-2;62e-2;3535e-1;47e-2;3499e-1;33e-2
2016-12-04;12:25:00;1800e0;375717e0;49e0;680e0;53e-2;34e-2;59e-2;3508e-1;39e-2;3470e-1;28e-2
2016-12-04;12:55:00;1800e0;353184e0;18e0;699e0;52e-2;32e-2;58e-2;3498e-1;37e-2;3443e-1;26e-2
2016-12-04;13:25:00;1800e0;329027e0;36e0;915e0;51e-2;30e-2;57e-2;3488e-1;34e-2;3418e-1;24e-2
2016-12-04;13:55:00;1800e0;419951e0;55e0;1226e0;56e-2;38e-2;61e-2;3507e-1;43e-2;3465e-1;30e-2
2016-12-04;14:25:00;1800e0;700203e0;104e0;2466e0;71e-2;62e-2;74e-2;3601e-1;70e-2;3547e-1;48e-2
2016-12-04;14:55:00;1800e0;633663e0;104e0;2080e0;69e-2;56e-2;73e-2;3556e-1;64e-2;3496e-1;43e-2
2016-12-04;15:25:00;1799e0;229020e0;12e0;509e0;45e-2;21e-2;45e-2;3463e-1;27e-2;3226e-1;18e-2
2016-12-05;08:55:00;1800e0;154484e0;0e0;359e0;27e-2;16e-2;21e-2;3389e-1;19e-2;3324e-1;13e-2
2016-12-05;09:25:00;1800e0;176904e0;25e0;350e0;36e-2;17e-2;27e-2;3405e-1;21e-2;3337e-1;15e-2
2016-12-05;09:55:00;1800e0;424963e0;68e0;1296e0;56e-2;40e-2;61e-2;3525e-1;45e-2;3463e-1;31e-2
2016-12-05;10:25:00;1800e0;579101e0;66e0;2227e0;64e-2;53e-2;68e-2;3563e-1;59e-2;3531e-1;42e-2
2016-12-05;10:55:00;1800e0;875280e0;136e0;3334e0;82e-2;77e-2;85e-2;3640e-1;85e-2;3595e-1;60e-2
2016-12-05;11:25:00;1800e0;898421e0;55e0;3340e0;83e-2;78e-2;87e-2;3636e-1;88e-2;3596e-1;61e-2
2016-12-05;11:55:00;1800e0;2829069e0;428e0;9821e0;226e-2;231e-2;230e-2;3737e-1;272e-2;3721e-1;166e-2
2016-12-05;12:25:00;1800e0;955170e0;137e0;3496e0;87e-2;83e-2;90e-2;3636e-1;94e-2;3594e-1;64e-2
2016-12-05;12:55:00;1800e0;524774e0;95e0;1736e0;61e-2;48e-2;66e-2;3538e-1;55e-2;3492e-1;37e-2
2016-12-05;13:25:00;1800e0;363057e0;31e0;1038e0;53e-2;35e-2;59e-2;3480e-1;39e-2;3421e-1;27e-2
2016-12-05;13:55:00;1800e0;213423e0;10e0;794e0;47e-2;20e-2;51e-2;3415e-1;26e-2;3334e-1;18e-2
2016-12-05;14:25:00;1800e0;310452e0;25e0;777e0;50e-2;29e-2;56e-2;3461e-1;33e-2;3386e-1;24e-2
2016-12-05;14:55:00;1800e0;247957e0;25e0;516e0;47e-2;23e-2;52e-2;3440e-1;28e-2;3359e-1;20e-2
2016-12-06;08:55:00;1800e0;3730789e0;683e0;12751e0;299e-2;309e-2;303e-2;3993e-1;313e-2;3912e-1;247e-2
2016-12-06;09:25:00;1800e0;7001579e0;1648e0;24409e0;554e-2;571e-2;561e-2;3876e-1;627e-2;3839e-1;439e-2
2016-12-06;09:55:00;1800e0;8922810e0;2511e0;30256e0;703e-2;723e-2;712e-2;3769e-1;861e-2;3740e-1;532e-2
2016-12-06;10:25:00;1800e0;10203556e0;2879e0;34580e0;801e-2;820e-2;811e-2;3731e-1;1018e-2;3733e-1;583e-2
2016-12-06;10:55:00;1800e0;11394763e0;3205e0;38599e0;894e-2;915e-2;905e-2;3662e-1;1155e-2;3758e-1;649e-2
2016-12-06;11:25:00;1800e0;11957330e0;3592e0;39970e0;947e-2;968e-2;959e-2;3648e-1;1206e-2;3798e-1;684e-2
2016-12-06;11:55:00;1800e0;12645798e0;3819e0;43673e0;994e-2;1015e-2;1006e-2;3602e-1;1285e-2;3800e-1;728e-2
2016-12-06;12:25:00;1800e0;12369769e0;3640e0;42445e0;981e-2;1002e-2;992e-2;3604e-1;1254e-2;3837e-1;708e-2
2016-12-06;12:55:00;1800e0;10534263e0;2373e0;36316e0;834e-2;854e-2;844e-2;3642e-1;1066e-2;3787e-1;603e-2
2016-12-06;13:25:00;1800e0;11099369e0;2654e0;37779e0;873e-2;893e-2;883e-2;3639e-1;1130e-2;3722e-1;640e-2
2016-12-06;13:55:00;1800e0;7383193e0;2207e0;24951e0;583e-2;600e-2;590e-2;3736e-1;728e-2;3749e-1;428e-2
2016-12-06;14:25:00;1800e0;5795912e0;1397e0;19869e0;459e-2;474e-2;464e-2;3761e-1;560e-2;3741e-1;348e-2
2016-12-06;14:55:00;1800e0;3052974e0;449e0;10583e0;242e-2;253e-2;246e-2;3801e-1;286e-2;3750e-1;191e-2
2016-12-06;15:25:00;1800e0;2334709e0;255e0;8127e0;190e-2;194e-2;192e-2;3863e-1;226e-2;3629e-1;138e-2
2016-12-06;15:55:00;1800e0;108815e0;6e0;218e0;34e-2;15e-2;30e-2;3475e-1;20e-2;3433e-1;16e-2
2016-12-07;09:25:00;1800e0;384327e0;84e0;1095e0;51e-2;36e-2;54e-2;3518e-1;40e-2;3486e-1;29e-2
2016-12-07;09:55:00;1800e0;494591e0;74e0;1743e0;59e-2;46e-2;63e-2;3553e-1;49e-2;3539e-1;38e-2
2016-12-07;10:25:00;1800e0;544464e0;92e0;1931e0;62e-2;49e-2;66e-2;3566e-1;54e-2;3547e-1;40e-2
2016-12-07;10:55:00;1800e0;671205e0;81e0;2760e0;69e-2;60e-2;73e-2;3616e-1;66e-2;3561e-1;48e-2
2016-12-07;11:25:00;1800e0;520960e0;62e0;1798e0;60e-2;48e-2;65e-2;3555e-1;53e-2;3527e-1;38e-2
2016-12-07;11:55:00;1800e0;784425e0;79e0;2788e0;76e-2;70e-2;80e-2;3644e-1;77e-2;3574e-1;55e-2
2016-12-07;12:25:00;1800e0;359448e0;79e0;953e0;52e-2;34e-2;57e-2;3509e-1;38e-2;3458e-1;27e-2
2016-12-07;12:55:00;1800e0;205365e0;18e0;530e0;46e-2;19e-2;49e-2;3452e-1;25e-2;3378e-1;17e-2
2016-12-07;13:25:00;1800e0;251759e0;6e0;566e0;47e-2;23e-2;53e-2;3473e-1;28e-2;3406e-1;20e-2
2016-12-07;13:55:00;1800e0;260671e0;43e0;598e0;47e-2;24e-2;54e-2;3487e-1;29e-2;3394e-1;21e-2
2016-12-07;14:25:00;1800e0;99069e0;6e0;217e0;17e-2;11e-2;14e-2;3363e-1;15e-2;3273e-1;10e-2
2016-12-08;09:25:00;1800e0;54761e0;6e0;392e0;19e-2;11e-2;13e-2;3372e-1;16e-2;3305e-1;12e-2
2016-12-08;09:55:00;1800e0;196083e0;6e0;568e0;42e-2;19e-2;42e-2;3336e-1;25e-2;3259e-1;18e-2
2016-12-08;10:25:00;1800e0;175780e0;12e0;438e0;37e-2;17e-2;32e-2;3307e-1;23e-2;3238e-1;16e-2
2016-12-08;10:55:00;1800e0;157242e0;0e0;284e0;38e-2;15e-2;32e-2;3288e-1;21e-2;3227e-1;15e-2
2016-12-08;11:25:00;1800e0;185190e0;6e0;512e0;44e-2;18e-2;45e-2;3321e-1;24e-2;3240e-1;17e-2
2016-12-08;11:55:00;1800e0;234148e0;18e0;683e0;41e-2;22e-2;38e-2;3331e-1;29e-2;3246e-1;19e-2
2016-12-08;12:25:00;1800e0;1171554e0;105e0;4233e0;101e-2;99e-2;104e-2;3626e-1;120e-2;3554e-1;76e-2
2016-12-08;12:55:00;1800e0;493987e0;86e0;1706e0;59e-2;45e-2;64e-2;3465e-1;55e-2;3392e-1;36e-2
2016-12-08;13:25:00;1800e0;453596e0;43e0;1482e0;56e-2;41e-2;59e-2;3445e-1;51e-2;3377e-1;33e-2
2016-12-08;13:55:00;1800e0;229903e0;0e0;567e0;45e-2;22e-2;48e-2;3356e-1;29e-2;3256e-1;19e-2
2016-12-08;14:25:00;1800e0;233646e0;39e0;670e0;47e-2;22e-2;50e-2;3374e-1;29e-2;3273e-1;20e-2
2016-12-08;14:55:00;1800e0;119561e0;0e0;181e0;27e-2;12e-2;9e-2;3282e-1;17e-2;3177e-1;12e-2
2016-12-09;09:25:00;1800e0;228661e0;16e0;682e0;46e-2;20e-2;51e-2;3398e-1;27e-2;3329e-1;20e-2
2016-12-09;09:55:00;1800e0;316148e0;25e0;649e0;50e-2;29e-2;54e-2;3421e-1;34e-2;3377e-1;26e-2
2016-12-09;10:25:00;1800e0;275277e0;12e0;696e0;48e-2;25e-2;51e-2;3407e-1;31e-2;3347e-1;23e-2
2016-12-09;10:55:00;1800e0;359168e0;16e0;884e0;52e-2;33e-2;57e-2;3453e-1;38e-2;3391e-1;28e-2
2016-12-09;11:25:00;1800e0;694497e0;92e0;2514e0;71e-2;61e-2;75e-2;3545e-1;70e-2;3509e-1;50e-2
2016-12-09;11:55:00;1800e0;1678461e0;181e0;6009e0;138e-2;140e-2;141e-2;3688e-1;163e-2;3644e-1;108e-2
2016-12-09;12:25:00;1800e0;6866871e0;1436e0;23643e0;535e-2;549e-2;540e-2;3779e-1;668e-2;3814e-1;392e-2
2016-12-09;12:55:00;1800e0;8593283e0;2360e0;29164e0;668e-2;684e-2;675e-2;3780e-1;842e-2;3833e-1;481e-2
2016-12-09;13:25:00;1800e0;6314590e0;1212e0;21967e0;491e-2;504e-2;496e-2;3760e-1;618e-2;3769e-1;362e-2
2016-12-09;13:55:00;1800e0;5540422e0;1208e0;18989e0;429e-2;441e-2;433e-2;3771e-1;540e-2;3739e-1;321e-2
2016-12-09;14:25:00;1800e0;1595911e0;113e0;5533e0;130e-2;132e-2;133e-2;3696e-1;155e-2;3619e-1;104e-2
2016-12-09;14:55:00;1800e0;329658e0;62e0;1301e0;51e-2;29e-2;57e-2;3439e-1;36e-2;3360e-1;27e-2
2016-12-09;15:25:00;1800e0;109257e0;6e0;265e0;28e-2;13e-2;22e-2;3355e-1;17e-2;3302e-1;13e-2
2016-12-10;09:55:01;1800e0;47535e0;6e0;370e0;16e-2;9e-2;5e-2;3425e-1;12e-2;3338e-1;8e-2
2016-12-10;10:25:01;1800e0;96503e0;0e0;371e0;30e-2;12e-2;18e-2;3373e-1;17e-2;3298e-1;12e-2
2016-12-10;10:55:01;1800e0;152025e0;6e0;199e0;38e-2;13e-2;30e-2;3299e-1;20e-2;3231e-1;14e-2
2016-12-10;11:25:01;1800e0;173487e0;0e0;532e0;41e-2;15e-2;36e-2;3320e-1;22e-2;3252e-1;16e-2
2016-12-10;11:55:01;1800e0;232457e0;33e0;942e0;47e-2;21e-2;54e-2;3368e-1;29e-2;3282e-1;20e-2
2016-12-10;12:25:01;1800e0;298439e0;49e0;980e0;50e-2;26e-2;56e-2;3407e-1;34e-2;3327e-1;24e-2
2016-12-10;12:55:01;1800e0;389131e0;78e0;1395e0;54e-2;35e-2;60e-2;3439e-1;42e-2;3373e-1;30e-2
2016-12-10;13:25:01;1800e0;217306e0;31e0;722e0;42e-2;19e-2;39e-2;3350e-1;26e-2;3253e-1;18e-2
2016-12-10;13:55:01;1800e0;86106e0;6e0;131e0;11e-2;9e-2;5e-2;3228e-1;13e-2;3151e-1;9e-2
2016-12-10;14:25:01;1800e0;433567e0;43e0;1477e0;53e-2;39e-2;58e-2;3454e-1;47e-2;3392e-1;32e-2
2016-12-10;14:55:01;1800e0;155357e0;18e0;467e0;43e-2;26e-2;45e-2;3499e-1;33e-2;3420e-1;22e-2
2016-12-11;09:55:01;1800e0;35457e0;0e0;238e0;1e-2;7e-2;0e-2;3406e-1;11e-2;3320e-1;7e-2
2016-12-11;10:25:01;1800e0;99871e0;0e0;300e0;23e-2;15e-2;20e-2;3433e-1;19e-2;3379e-1;14e-2
2016-12-11;10:55:01;1800e0;160738e0;6e0;323e0;33e-2;15e-2;27e-2;3352e-1;20e-2;3286e-1;15e-2
2016-12-11;11:25:01;1800e0;280341e0;6e0;614e0;48e-2;25e-2;52e-2;3418e-1;31e-2;3367e-1;23e-2
2016-12-11;11:55:01;1800e0;462553e0;75e0;1555e0;57e-2;42e-2;61e-2;3496e-1;49e-2;3448e-1;35e-2
2016-12-11;12:25:01;1800e0;321522e0;37e0;819e0;50e-2;29e-2;55e-2;3439e-1;35e-2;3380e-1;26e-2
2016-12-11;12:55:01;1800e0;877313e0;76e0;3263e0;83e-2;76e-2;87e-2;3588e-1;87e-2;3549e-1;60e-2
2016-12-11;13:25:01;1800e0;401748e0;81e0;1105e0;52e-2;36e-2;55e-2;3445e-1;43e-2;3399e-1;30e-2
2016-12-11;13:55:01;1800e0;192594e0;8e0;380e0;41e-2;17e-2;36e-2;3359e-1;23e-2;3294e-1;17e-2
2016-12-11;14:25:01;1800e0;199547e0;6e0;468e0;46e-2;18e-2;47e-2;3377e-1;23e-2;3304e-1;18e-2
2016-12-11;14:55:01;1800e0;181494e0;24e0;413e0;30e-2;17e-2;29e-2;3340e-1;22e-2;3280e-1;16e-2
2016-12-12;08:55:01;1800e0;2274522e0;207e0;7819e0;189e-2;190e-2;189e-2;3889e-1;194e-2;3814e-1;150e-2
2016-12-12;09:25:01;1800e0;6259151e0;1252e0;21724e0;493e-2;509e-2;499e-2;3940e-1;549e-2;3922e-1;387e-2
2016-12-12;09:55:01;1800e0;8575137e0;2142e0;29248e0;679e-2;697e-2;687e-2;3905e-1;796e-2;3898e-1;493e-2
2016-12-12;10:25:01;1800e0;10164198e0;2608e0;34357e0;799e-2;819e-2;809e-2;3860e-1;979e-2;3879e-1;560e-2
2016-12-12;10:55:01;1800e0;11558297e0;3168e0;38714e0;920e-2;939e-2;929e-2;3854e-1;1117e-2;3926e-1;626e-2
2016-12-12;11:25:01;1800e0;12399145e0;2754e0;43287e0;992e-2;1012e-2;1003e-2;3820e-1;1202e-2;3941e-1;675e-2
2016-12-12;11:55:01;1800e0;12752648e0;3111e0;44277e0;1013e-2;1034e-2;1025e-2;3778e-1;1245e-2;3938e-1;699e-2
2016-12-12;12:25:01;1800e0;12693649e0;3588e0;44124e0;1003e-2;1024e-2;1014e-2;3755e-1;1247e-2;3949e-1;692e-2
2016-12-12;12:55:01;1800e0;12218948e0;2783e0;42176e0;969e-2;990e-2;981e-2;3752e-1;1207e-2;3842e-1;681e-2
2016-12-12;13:25:01;1800e0;11260643e0;3086e0;37848e0;895e-2;916e-2;906e-2;3749e-1;1120e-2;3802e-1;629e-2
2016-12-12;13:55:01;1800e0;10034517e0;2865e0;33875e0;797e-2;817e-2;807e-2;3776e-1;994e-2;3803e-1;558e-2
2016-12-12;14:25:01;1800e0;8266803e0;2380e0;28011e0;656e-2;674e-2;663e-2;3832e-1;792e-2;3800e-1;477e-2
2016-12-12;14:55:01;1800e0;5484809e0;1589e0;18634e0;437e-2;451e-2;441e-2;3857e-1;514e-2;3773e-1;329e-2
2016-12-12;15:25:01;1800e0;1671446e0;243e0;5610e0;146e-2;141e-2;143e-2;3725e-1;165e-2;3494e-1;105e-2
2016-12-12;15:55:01;1800e0;46504e0;0e0;99e0;17e-2;9e-2;1e-2;3533e-1;12e-2;3473e-1;11e-2
2016-12-13;08:55:01;1800e0;218694e0;12e0;1088e0;53e-2;35e-2;58e-2;3576e-1;41e-2;3524e-1;30e-2
2016-12-13;09:25:01;1800e0;762799e0;102e0;2763e0;75e-2;68e-2;79e-2;3670e-1;75e-2;3617e-1;54e-2
2016-12-13;09:55:01;1800e0;336615e0;43e0;868e0;51e-2;31e-2;57e-2;3523e-1;37e-2;3464e-1;26e-2
2016-12-13;10:25:01;1800e0;268480e0;69e0;504e0;48e-2;25e-2;52e-2;3479e-1;32e-2;3420e-1;23e-2
2016-12-13;10:55:01;1800e0;490565e0;50e0;1712e0;59e-2;44e-2;63e-2;3552e-1;52e-2;3507e-1;37e-2
2016-12-13;11:25:01;1800e0;242939e0;12e0;472e0;43e-2;23e-2;42e-2;3462e-1;29e-2;3384e-1;21e-2
2016-12-13;11:55:01;1800e0;262112e0;25e0;588e0;46e-2;24e-2;48e-2;3459e-1;31e-2;3399e-1;22e-2
2016-12-13;12:25:01;1800e0;385948e0;30e0;1215e0;54e-2;35e-2;59e-2;3508e-1;42e-2;3461e-1;30e-2
2016-12-13;12:55:01;1800e0;535509e0;56e0;1893e0;61e-2;48e-2;66e-2;3555e-1;55e-2;3521e-1;40e-2
2016-12-13;13:25:01;1800e0;204054e0;33e0;452e0;39e-2;19e-2;34e-2;3411e-1;25e-2;3352e-1;18e-2
2016-12-13;13:55:01;1800e0;149121e0;24e0;438e0;35e-2;22e-2;35e-2;3529e-1;28e-2;3465e-1;20e-2
2016-12-13;14:25:01;1800e0;52797e0;0e0;677e0;13e-2;9e-2;3e-2;3436e-1;12e-2;3340e-1;10e-2
2016-12-14;08:55:01;1800e0;1845094e0;264e0;6442e0;154e-2;154e-2;156e-2;3890e-1;159e-2;3784e-1;122e-2
2016-12-14;09:25:01;1800e0;5835866e0;1300e0;20277e0;459e-2;475e-2;465e-2;3948e-1;511e-2;3901e-1;363e-2
2016-12-14;09:55:01;1800e0;8188997e0;2363e0;27614e0;643e-2;661e-2;651e-2;3879e-1;765e-2;3808e-1;484e-2
2016-12-14;10:25:01;1800e0;9776106e0;2491e0;33201e0;772e-2;792e-2;782e-2;3793e-1;957e-2;3730e-1;563e-2
2016-12-14;10:55:01;1800e0;10915963e0;2941e0;36780e0;872e-2;893e-2;883e-2;3734e-1;1091e-2;3768e-1;615e-2
2016-12-14;11:25:01;1800e0;11756457e0;2269e0;40475e0;924e-2;945e-2;936e-2;3696e-1;1177e-2;3793e-1;667e-2
2016-12-14;11:55:01;1800e0;12233631e0;3171e0;41797e0;957e-2;979e-2;970e-2;3681e-1;1224e-2;3791e-1;700e-2
2016-12-14;12:25:01;1800e0;12207260e0;3370e0;40764e0;959e-2;980e-2;970e-2;3648e-1;1228e-2;3780e-1;703e-2
2016-12-14;12:55:01;1800e0;11770917e0;3361e0;39135e0;929e-2;950e-2;940e-2;3636e-1;1191e-2;3777e-1;676e-2
2016-12-14;13:25:01;1800e0;10860841e0;2709e0;36720e0;859e-2;880e-2;870e-2;3644e-1;1107e-2;3761e-1;617e-2
2016-12-14;13:55:01;1800e0;9614168e0;2473e0;33163e0;756e-2;776e-2;766e-2;3672e-1;978e-2;3731e-1;547e-2
2016-12-14;14:25:01;1800e0;8038455e0;1864e0;27555e0;633e-2;651e-2;641e-2;3718e-1;793e-2;3724e-1;474e-2
2016-12-14;14:55:01;1800e0;5703046e0;1372e0;19663e0;452e-2;467e-2;458e-2;3782e-1;548e-2;3761e-1;341e-2
2016-12-14;15:25:01;1800e0;2080453e0;240e0;7286e0;172e-2;174e-2;174e-2;3802e-1;209e-2;3509e-1;125e-2
2016-12-15;08:55:01;1800e0;83888e0;0e0;642e0;31e-2;14e-2;25e-2;3639e-1;16e-2;3612e-1;14e-2
2016-12-15;09:25:01;1800e0;409750e0;36e0;1086e0;55e-2;39e-2;58e-2;3608e-1;40e-2;3595e-1;32e-2
2016-12-15;09:55:01;1800e0;2252755e0;383e0;7607e0;183e-2;191e-2;187e-2;3934e-1;198e-2;3898e-1;141e-2
2016-12-15;10:25:01;1800e0;1986173e0;404e0;6593e0;164e-2;168e-2;167e-2;3859e-1;173e-2;3824e-1;131e-2
2016-12-15;10:55:01;1800e0;1328107e0;205e0;4476e0;112e-2;115e-2;115e-2;3823e-1;118e-2;3776e-1;92e-2
2016-12-15;11:25:01;1800e0;2098369e0;304e0;7199e0;170e-2;177e-2;174e-2;3880e-1;185e-2;3830e-1;137e-2
2016-12-15;11:55:01;1800e0;1753196e0;160e0;5958e0;143e-2;149e-2;147e-2;3913e-1;157e-2;3794e-1;113e-2
2016-12-15;12:25:01;1800e0;1527841e0;127e0;5131e0;127e-2;130e-2;130e-2;3889e-1;139e-2;3766e-1;100e-2
2016-12-15;12:55:01;1800e0;1710116e0;170e0;5845e0;140e-2;145e-2;143e-2;3829e-1;160e-2;3763e-1;108e-2
2016-12-15;13:25:01;1800e0;2014252e0;205e0;6937e0;164e-2;170e-2;167e-2;3830e-1;189e-2;3767e-1;123e-2
2016-12-15;13:55:01;1800e0;1908425e0;297e0;6446e0;157e-2;162e-2;160e-2;3828e-1;179e-2;3762e-1;117e-2
2016-12-15;14:25:01;1800e0;2482955e0;338e0;8543e0;201e-2;208e-2;204e-2;3835e-1;233e-2;3784e-1;149e-2
2016-12-15;14:55:01;1800e0;762344e0;55e0;2615e0;76e-2;67e-2;79e-2;3658e-1;74e-2;3609e-1;53e-2
2016-12-15;15:25:01;1800e0;266018e0;43e0;672e0;37e-2;24e-2;36e-2;3510e-1;31e-2;3407e-1;19e-2
2016-12-16;09:55:01;1800e0;56143e0;6e0;660e0;10e-2;10e-2;1e-2;3573e-1;13e-2;3474e-1;9e-2
2016-12-16;10:25:01;1800e0;87312e0;6e0;216e0;10e-2;10e-2;1e-2;3379e-1;13e-2;3304e-1;9e-2
2016-12-16;10:55:01;1800e0;124633e0;0e0;169e0;30e-2;11e-2;14e-2;3425e-1;17e-2;3322e-1;12e-2
2016-12-16;11:25:01;1800e0;210934e0;24e0;591e0;46e-2;20e-2;49e-2;3485e-1;26e-2;3415e-1;18e-2
2016-12-16;11:55:01;1800e0;267386e0;6e0;740e0;48e-2;25e-2;53e-2;3506e-1;30e-2;3431e-1;21e-2
2016-12-16;12:25:01;1800e0;233732e0;12e0;633e0;47e-2;22e-2;52e-2;3492e-1;28e-2;3418e-1;19e-2
2016-12-16;12:55:01;1800e0;392138e0;18e0;720e0;53e-2;37e-2;59e-2;3549e-1;42e-2;3503e-1;29e-2
2016-12-16;13:25:01;1800e0;303773e0;47e0;676e0;49e-2;28e-2;54e-2;3513e-1;33e-2;3446e-1;23e-2
2016-12-16;13:55:01;1800e0;184650e0;12e0;310e0;44e-2;17e-2;44e-2;3461e-1;23e-2;3388e-1;16e-2
2016-12-16;14:25:01;1800e0;90551e0;0e0;172e0;14e-2;9e-2;9e-2;3393e-1;13e-2;3311e-1;9e-2
2016-12-17;10:25:00;1800e0;80535e0;6e0;433e0;16e-2;9e-2;1e-2;3459e-1;13e-2;3406e-1;10e-2
2016-12-17;10:55:01;1800e0;142891e0;0e0;162e0;38e-2;12e-2;25e-2;3452e-1;18e-2;3406e-1;14e-2
2016-12-17;11:25:01;1800e0;196075e0;10e0;348e0;45e-2;17e-2;49e-2;3491e-1;24e-2;3442e-1;18e-2
2016-12-17;11:55:00;1800e0;220463e0;37e0;590e0;47e-2;19e-2;52e-2;3500e-1;26e-2;3448e-1;19e-2
2016-12-17;12:25:01;1800e0;257461e0;30e0;651e0;48e-2;22e-2;54e-2;3526e-1;29e-2;3468e-1;22e-2
2016-12-17;12:55:01;1800e0;253847e0;25e0;716e0;47e-2;21e-2;53e-2;3509e-1;29e-2;3456e-1;21e-2
2016-12-17;13:25:01;1800e0;151781e0;0e0;290e0;42e-2;12e-2;28e-2;3445e-1;19e-2;3420e-1;14e-2
2016-12-17;13:55:00;1800e0;126831e0;0e0;184e0;35e-2;9e-2;14e-2;3434e-1;17e-2;3399e-1;12e-2
2016-12-17;14:25:01;1800e0;52552e0;0e0;117e0;5e-2;6e-2;0e-2;3457e-1;12e-2;3403e-1;9e-2
2016-12-18;09:55:00;1800e0;170852e0;6e0;252e0;43e-2;13e-2;39e-2;3384e-1;22e-2;3322e-1;15e-2
2016-12-18;10:25:01;1800e0;229071e0;31e0;622e0;46e-2;19e-2;50e-2;3436e-1;28e-2;3350e-1;19e-2
2016-12-18;10:55:00;1800e0;911792e0;94e0;3092e0;85e-2;80e-2;89e-2;3627e-1;91e-2;3564e-1;62e-2
2016-12-18;11:25:00;1800e0;703264e0;110e0;2593e0;71e-2;61e-2;75e-2;3579e-1;71e-2;3526e-1;50e-2
2016-12-18;11:55:00;1800e0;688733e0;118e0;2634e0;70e-2;60e-2;74e-2;3584e-1;71e-2;3521e-1;48e-2
2016-12-18;12:25:00;1800e0;822928e0;97e0;2822e0;79e-2;72e-2;82e-2;3599e-1;82e-2;3548e-1;57e-2
2016-12-18;12:55:01;1800e0;1383557e0;117e0;4801e0;117e-2;117e-2;119e-2;3699e-1;137e-2;3613e-1;88e-2
2016-12-18;13:25:01;1800e0;800496e0;99e0;2719e0;78e-2;69e-2;82e-2;3582e-1;81e-2;3519e-1;54e-2
2016-12-18;13:55:01;1800e0;260901e0;43e0;667e0;48e-2;22e-2;53e-2;3445e-1;30e-2;3347e-1;21e-2
2016-12-18;14:25:01;1800e0;131579e0;0e0;209e0;33e-2;10e-2;16e-2;3341e-1;18e-2;3276e-1;12e-2
2016-12-18;14:55:01;1800e0;46271e0;0e0;93e0;1e-2;6e-2;0e-2;3391e-1;10e-2;3276e-1;7e-2
2016-12-19;10:25:01;1800e0;149934e0;0e0;200e0;35e-2;14e-2;27e-2;3407e-1;19e-2;3355e-1;13e-2
2016-12-19;10:55:01;1800e0;117367e0;6e0;256e0;16e-2;12e-2;16e-2;3364e-1;16e-2;3289e-1;11e-2
2016-12-19;11:25:01;1799e0;147967e0;0e0;199e0;36e-2;13e-2;27e-2;3399e-1;19e-2;3348e-1;13e-2
2016-12-19;11:55:01;1800e0;414219e0;44e0;1099e0;55e-2;38e-2;59e-2;3521e-1;44e-2;3459e-1;31e-2
2016-12-19;12:25:01;1800e0;862351e0;83e0;2974e0;81e-2;75e-2;84e-2;3639e-1;84e-2;3591e-1;60e-2
2016-12-19;12:55:01;1800e0;580211e0;77e0;2079e0;64e-2;52e-2;68e-2;3576e-1;59e-2;3520e-1;42e-2
2016-12-19;13:25:01;1800e0;388796e0;24e0;786e0;53e-2;36e-2;59e-2;3526e-1;41e-2;3466e-1;29e-2
2016-12-19;13:55:01;1800e0;366223e0;12e0;954e0;52e-2;34e-2;57e-2;3519e-1;39e-2;3455e-1;27e-2
2016-12-19;14:25:01;1800e0;257816e0;12e0;578e0;47e-2;24e-2;48e-2;3468e-1;29e-2;3385e-1;20e-2
2016-12-19;14:55:01;1800e0;95995e0;0e0;178e0;16e-2;9e-2;5e-2;3334e-1;14e-2;3258e-1;9e-2
2016-12-20;10:25:01;1800e0;123663e0;0e0;146e0;29e-2;11e-2;16e-2;3386e-1;17e-2;3341e-1;13e-2
2016-12-20;10:55:01;1800e0;167687e0;0e0;249e0;43e-2;14e-2;37e-2;3420e-1;21e-2;3358e-1;16e-2
2016-12-20;11:25:01;1800e0;203454e0;12e0;519e0;46e-2;19e-2;50e-2;3461e-1;26e-2;3382e-1;19e-2
2016-12-20;11:55:01;1800e0;303099e0;24e0;704e0;49e-2;28e-2;54e-2;3497e-1;33e-2;3437e-1;24e-2
2016-12-20;12:25:01;1800e0;342790e0;24e0;635e0;51e-2;31e-2;56e-2;3513e-1;37e-2;3458e-1;27e-2
2016-12-20;12:55:01;1800e0;277109e0;49e0;704e0;48e-2;25e-2;53e-2;3487e-1;31e-2;3423e-1;23e-2
2016-12-20;13:25:01;1800e0;241038e0;31e0;583e0;47e-2;22e-2;51e-2;3476e-1;29e-2;3406e-1;21e-2
2016-12-20;13:55:01;1800e0;210670e0;37e0;593e0;46e-2;19e-2;51e-2;3464e-1;27e-2;3381e-1;20e-2
2016-12-20;14:25:01;1800e0;152342e0;0e0;242e0;38e-2;13e-2;28e-2;3416e-1;20e-2;3359e-1;15e-2
2016-12-20;14:55:01;1800e0;51500e0;0e0;100e0;6e-2;7e-2;0e-2;3422e-1;12e-2;3362e-1;9e-2
2016-12-21;09:55:01;1800e0;93781e0;0e0;250e0;28e-2;12e-2;17e-2;3525e-1;17e-2;3465e-1;13e-2
2016-12-21;10:25:01;1800e0;182553e0;18e0;390e0;43e-2;17e-2;42e-2;3456e-1;23e-2;3400e-1;17e-2
2016-12-21;10:55:01;1800e0;200508e0;20e0;444e0;46e-2;19e-2;51e-2;3475e-1;24e-2;3416e-1;18e-2
2016-12-21;11:25:01;1800e0;244170e0;36e0;597e0;47e-2;23e-2;53e-2;3495e-1;28e-2;3437e-1;21e-2
2016-12-21;11:55:01;1800e0;147942e0;8e0;210e0;37e-2;13e-2;28e-2;3430e-1;19e-2;3382e-1;14e-2
2016-12-21;12:25:01;1800e0;160688e0;10e0;356e0;38e-2;15e-2;33e-2;3425e-1;20e-2;3359e-1;15e-2
2016-12-21;12:55:01;1800e0;151976e0;6e0;270e0;36e-2;14e-2;30e-2;3419e-1;19e-2;3365e-1;14e-2
2016-12-21;13:25:01;1800e0;63391e0;0e0;312e0;10e-2;9e-2;3e-2;3458e-1;13e-2;3367e-1;9e-2
2016-12-21;13:55:01;1800e0;70290e0;6e0;173e0;9e-2;9e-2;2e-2;3431e-1;13e-2;3320e-1;9e-2
2016-12-22;10:25:01;1800e0;94434e0;0e0;754e0;21e-2;11e-2;13e-2;3426e-1;17e-2;3353e-1;12e-2
2016-12-22;10:55:01;1800e0;95950e0;0e0;139e0;11e-2;11e-2;5e-2;3339e-1;15e-2;3281e-1;11e-2
2016-12-22;11:25:01;1800e0;41156e0;0e0;182e0;0e-2;8e-2;0e-2;3406e-1;11e-2;3272e-1;8e-2
2016-12-22;12:25:01;1800e0;154472e0;12e0;689e0;35e-2;18e-2;38e-2;3462e-1;23e-2;3349e-1;16e-2
2016-12-22;12:55:01;1800e0;199221e0;6e0;440e0;34e-2;20e-2;32e-2;3415e-1;25e-2;3329e-1;17e-2
2016-12-22;13:25:01;1800e0;187831e0;12e0;434e0;37e-2;18e-2;39e-2;3410e-1;25e-2;3321e-1;16e-2
2016-12-22;13:55:01;1800e0;202471e0;24e0;479e0;43e-2;19e-2;45e-2;3425e-1;26e-2;3335e-1;17e-2
2016-12-22;14:25:01;1800e0;69156e0;0e0;335e0;16e-2;10e-2;4e-2;3426e-1;14e-2;3348e-1;9e-2
2016-12-22;14:55:01;1800e0;83582e0;0e0;164e0;13e-2;9e-2;4e-2;3350e-1;14e-2;3271e-1;10e-2
2016-12-23;08:55:01;1800e0;322813e0;27e0;1283e0;60e-2;46e-2;62e-2;3689e-1;48e-2;3623e-1;38e-2
2016-12-23;09:25:01;1800e0;3228142e0;277e0;11408e0;257e-2;268e-2;261e-2;3848e-1;288e-2;3803e-1;209e-2
2016-12-23;09:55:01;1800e0;5866805e0;1495e0;20066e0;460e-2;476e-2;466e-2;3858e-1;546e-2;3811e-1;351e-2
2016-12-23;10:25:01;1800e0;7788146e0;2536e0;25936e0;609e-2;627e-2;617e-2;3840e-1;750e-2;3814e-1;442e-2
2016-12-23;10:55:01;1800e0;9114407e0;2547e0;30868e0;713e-2;732e-2;722e-2;3803e-1;891e-2;3828e-1;509e-2
2016-12-23;11:25:01;1800e0;9786504e0;2333e0;33348e0;765e-2;784e-2;774e-2;3766e-1;962e-2;3818e-1;551e-2
2016-12-23;11:55:01;1800e0;9986015e0;2507e0;34181e0;778e-2;798e-2;788e-2;3763e-1;979e-2;3812e-1;565e-2
2016-12-23;12:25:01;1800e0;10122950e0;2150e0;34873e0;790e-2;809e-2;799e-2;3779e-1;988e-2;3823e-1;571e-2
2016-12-23;12:55:01;1800e0;8937744e0;2858e0;30103e0;695e-2;714e-2;703e-2;3805e-1;870e-2;3824e-1;501e-2
2016-12-23;13:25:01;1800e0;8569370e0;1909e0;29414e0;666e-2;684e-2;673e-2;3812e-1;836e-2;3823e-1;478e-2
2016-12-23;13:55:01;1800e0;8473850e0;2039e0;29261e0;661e-2;679e-2;668e-2;3800e-1;830e-2;3807e-1;474e-2
2016-12-23;14:25:01;1800e0;6446281e0;2138e0;21715e0;504e-2;520e-2;509e-2;3817e-1;621e-2;3788e-1;372e-2
2016-12-23;14:55:01;1800e0;1997887e0;192e0;6683e0;170e-2;165e-2;175e-2;3637e-1;191e-2;3562e-1;124e-2
2016-12-23;15:25:02;1800e0;92267e0;6e0;164e0;27e-2;13e-2;21e-2;3439e-1;16e-2;3362e-1;12e-2
2016-12-24;09:25:02;1800e0;184286e0;0e0;286e0;36e-2;18e-2;28e-2;3413e-1;22e-2;3330e-1;16e-2
2016-12-24;09:55:02;1800e0;1791910e0;246e0;6265e0;149e-2;151e-2;152e-2;3744e-1;171e-2;3681e-1;112e-2
2016-12-24;10:25:02;1800e0;4968624e0;1151e0;16975e0;385e-2;399e-2;389e-2;3853e-1;473e-2;3805e-1;288e-2
2016-12-24;10:55:02;1800e0;7220358e0;1925e0;24475e0;559e-2;575e-2;565e-2;3830e-1;698e-2;3822e-1;408e-2
2016-12-24;11:25:02;1800e0;7107547e0;1421e0;24573e0;551e-2;567e-2;557e-2;3810e-1;689e-2;3799e-1;403e-2
2016-12-24;11:55:02;1800e0;4336284e0;828e0;14938e0;339e-2;348e-2;343e-2;3768e-1;419e-2;3730e-1;254e-2
2016-12-24;12:25:02;1800e0;5690824e0;1215e0;19636e0;439e-2;452e-2;444e-2;3807e-1;549e-2;3785e-1;326e-2
2016-12-24;12:55:02;1800e0;8131727e0;2266e0;27520e0;625e-2;640e-2;631e-2;3808e-1;788e-2;3811e-1;458e-2
2016-12-24;13:25:02;1800e0;5978799e0;1706e0;20273e0;459e-2;472e-2;464e-2;3803e-1;578e-2;3784e-1;342e-2
2016-12-24;13:55:02;1800e0;1950263e0;348e0;6944e0;160e-2;158e-2;164e-2;3679e-1;189e-2;3610e-1;118e-2
2016-12-24;14:25:02;1800e0;303080e0;16e0;991e0;48e-2;28e-2;49e-2;3450e-1;34e-2;3359e-1;23e-2
2016-12-25;09:25:02;1800e0;243742e0;43e0;541e0;47e-2;24e-2;50e-2;3469e-1;27e-2;3424e-1;22e-2
2016-12-25;09:55:02;1800e0;299708e0;34e0;724e0;50e-2;29e-2;56e-2;3480e-1;31e-2;3453e-1;26e-2
2016-12-25;10:25:02;1799e0;198872e0;12e0;463e0;45e-2;18e-2;45e-2;3422e-1;23e-2;3361e-1;18e-2
2016-12-25;10:55:02;1800e0;156802e0;6e0;350e0;36e-2;14e-2;32e-2;3383e-1;19e-2;3311e-1;15e-2
2016-12-25;11:25:02;1800e0;375318e0;45e0;963e0;53e-2;35e-2;59e-2;3496e-1;40e-2;3452e-1;29e-2
2016-12-25;11:55:02;1800e0;437026e0;80e0;1292e0;56e-2;40e-2;62e-2;3514e-1;45e-2;3472e-1;33e-2
2016-12-25;12:25:02;1800e0;254332e0;25e0;675e0;48e-2;23e-2;53e-2;3444e-1;29e-2;3369e-1;22e-2
2016-12-25;12:55:02;1800e0;269244e0;18e0;726e0;49e-2;24e-2;50e-2;3446e-1;30e-2;3368e-1;22e-2
2016-12-25;13:25:02;1800e0;192089e0;2e0;411e0;45e-2;17e-2;41e-2;3395e-1;23e-2;3318e-1;17e-2
2016-12-25;13:55:02;1800e0;150128e0;6e0;401e0;29e-2;15e-2;22e-2;3351e-1;19e-2;3301e-1;14e-2
2016-12-25;14:25:02;1800e0;113276e0;0e0;248e0;19e-2;11e-2;14e-2;3303e-1;16e-2;3228e-1;12e-2
2016-12-26;09:55:02;1800e0;469165e0;61e0;1501e0;59e-2;43e-2;64e-2;3502e-1;49e-2;3435e-1;35e-2
2016-12-26;10:25:02;1800e0;422526e0;37e0;1314e0;56e-2;39e-2;61e-2;3485e-1;44e-2;3428e-1;32e-2
2016-12-26;10:55:02;1800e0;3484201e0;680e0;11942e0;282e-2;282e-2;286e-2;3681e-1;337e-2;3634e-1;202e-2
2016-12-26;11:25:02;1800e0;9142156e0;2641e0;30659e0;713e-2;731e-2;721e-2;3809e-1;888e-2;3823e-1;514e-2
2016-12-26;11:55:02;1800e0;4372282e0;915e0;15034e0;344e-2;355e-2;348e-2;3762e-1;423e-2;3729e-1;258e-2
2016-12-26;12:25:02;1800e0;3110331e0;674e0;10562e0;249e-2;254e-2;252e-2;3721e-1;297e-2;3671e-1;188e-2
2016-12-26;12:55:02;1800e0;587583e0;111e0;2035e0;66e-2;53e-2;67e-2;3519e-1;59e-2;3453e-1;43e-2
2016-12-26;13:25:02;1800e0;7228584e0;1601e0;24746e0;564e-2;579e-2;571e-2;3806e-1;700e-2;3800e-1;406e-2
2016-12-26;13:55:02;1800e0;412314e0;55e0;1716e0;61e-2;49e-2;65e-2;3586e-1;54e-2;3534e-1;40e-2
2016-12-26;14:25:02;1800e0;915858e0;99e0;3129e0;85e-2;79e-2;88e-2;3663e-1;89e-2;3589e-1;63e-2
2016-12-26;14:55:02;1800e0;1322386e0;184e0;4561e0;116e-2;111e-2;119e-2;3656e-1;127e-2;3604e-1;86e-2
2016-12-26;15:25:02;1800e0;158304e0;22e0;436e0;47e-2;29e-2;50e-2;3027e-1;34e-2;2974e-1;24e-2
2016-12-27;08:55:00;1800e0;281692e0;37e0;974e0;53e-2;34e-2;54e-2;3585e-1;42e-2;3544e-1;33e-2
2016-12-27;09:25:00;1800e0;2574277e0;315e0;9034e0;202e-2;208e-2;205e-2;3802e-1;232e-2;3754e-1;170e-2
2016-12-27;09:55:00;1800e0;5743379e0;1206e0;20057e0;439e-2;453e-2;444e-2;3868e-1;532e-2;3810e-1;345e-2
2016-12-27;10:25:00;1800e0;8090993e0;2029e0;27800e0;614e-2;630e-2;621e-2;3859e-1;775e-2;3817e-1;458e-2
2016-12-27;10:55:00;1800e0;9827312e0;2360e0;33931e0;745e-2;762e-2;753e-2;3842e-1;953e-2;3837e-1;544e-2
2016-12-27;11:25:00;1800e0;11057415e0;2404e0;38205e0;837e-2;856e-2;846e-2;3820e-1;1075e-2;3848e-1;612e-2
2016-12-27;11:55:00;1800e0;11736538e0;3712e0;38833e0;896e-2;915e-2;905e-2;3811e-1;1139e-2;3836e-1;657e-2
2016-12-27;12:25:00;1800e0;10849867e0;2120e0;37794e0;835e-2;854e-2;844e-2;3805e-1;1056e-2;3830e-1;608e-2
2016-12-27;12:55:00;1800e0;10601870e0;3018e0;35849e0;817e-2;836e-2;826e-2;3819e-1;1030e-2;3841e-1;590e-2
2016-12-27;13:25:00;1800e0;10245148e0;2469e0;35131e0;789e-2;808e-2;798e-2;3823e-1;997e-2;3836e-1;568e-2
2016-12-27;13:55:00;1800e0;8832643e0;1862e0;30621e0;679e-2;697e-2;687e-2;3830e-1;858e-2;3828e-1;490e-2
2016-12-27;14:25:00;1800e0;4393278e0;1426e0;14763e0;341e-2;351e-2;345e-2;3806e-1;421e-2;3752e-1;254e-2
2016-12-27;14:55:00;1800e0;2143391e0;477e0;7493e0;174e-2;176e-2;179e-2;3732e-1;202e-2;3629e-1;137e-2
2016-12-27;15:25:00;1800e0;1726746e0;201e0;6088e0;150e-2;143e-2;154e-2;3656e-1;167e-2;3443e-1;113e-2
2016-12-28;08:35:00;1800e0;93265e0;6e0;99e0;40e-2;13e-2;30e-2;3676e-1;17e-2;3656e-1;15e-2
2016-12-28;09:05:00;1800e0;2107868e0;250e0;7092e0;176e-2;178e-2;179e-2;3954e-1;180e-2;3848e-1;138e-2
2016-12-28;09:35:00;1800e0;5021151e0;692e0;17601e0;403e-2;417e-2;408e-2;3933e-1;440e-2;3899e-1;313e-2
2016-12-28;10:05:00;1800e0;7555851e0;1668e0;26086e0;597e-2;614e-2;604e-2;3844e-1;706e-2;3812e-1;449e-2
2016-12-28;10:35:00;1800e0;5698894e0;733e0;20191e0;447e-2;462e-2;453e-2;3799e-1;547e-2;3811e-1;331e-2
2016-12-28;11:05:00;1800e0;3616906e0;674e0;12381e0;289e-2;301e-2;293e-2;3803e-1;344e-2;3795e-1;216e-2
2016-12-28;11:35:00;1800e0;3008319e0;317e0;10228e0;241e-2;250e-2;244e-2;3856e-1;284e-2;3841e-1;174e-2
2016-12-28;12:05:00;1800e0;5099244e0;904e0;17867e0;404e-2;418e-2;409e-2;3832e-1;485e-2;3839e-1;295e-2
2016-12-28;12:35:00;1800e0;1686082e0;321e0;5632e0;144e-2;142e-2;147e-2;3663e-1;163e-2;3635e-1;107e-2
2016-12-28;13:05:00;1800e0;777716e0;99e0;2652e0;76e-2;68e-2;79e-2;3650e-1;78e-2;3585e-1;54e-2
2016-12-28;13:35:00;1800e0;1717382e0;146e0;5647e0;142e-2;146e-2;145e-2;3776e-1;165e-2;3710e-1;107e-2
2016-12-28;14:05:00;1800e0;588278e0;87e0;1981e0;64e-2;52e-2;67e-2;3596e-1;60e-2;3542e-1;42e-2
2016-12-28;14:35:00;1800e0;215473e0;43e0;441e0;44e-2;19e-2;43e-2;3462e-1;25e-2;3411e-1;19e-2
2016-12-28;15:05:00;1800e0;69112e0;0e0;137e0;6e-2;7e-2;1e-2;3390e-1;12e-2;3362e-1;9e-2
2016-12-29;09:35:00;1800e0;174690e0;24e0;331e0;36e-2;16e-2;33e-2;3411e-1;22e-2;3345e-1;17e-2
2016-12-29;10:05:00;1800e0;460786e0;62e0;1594e0;57e-2;42e-2;62e-2;3537e-1;49e-2;3496e-1;36e-2
2016-12-29;10:35:00;1800e0;486369e0;81e0;1603e0;58e-2;44e-2;63e-2;3540e-1;51e-2;3503e-1;38e-2
2016-12-29;11:05:00;1800e0;564920e0;142e0;2105e0;63e-2;51e-2;67e-2;3562e-1;59e-2;3520e-1;43e-2
2016-12-29;11:35:00;1800e0;529450e0;68e0;1948e0;61e-2;48e-2;65e-2;3550e-1;56e-2;3506e-1;41e-2
2016-12-29;12:05:00;1800e0;535152e0;50e0;1891e0;61e-2;48e-2;65e-2;3553e-1;56e-2;3513e-1;40e-2
2016-12-29;12:35:00;1800e0;467112e0;25e0;1175e0;57e-2;43e-2;63e-2;3535e-1;49e-2;3496e-1;36e-2
2016-12-29;13:05:00;1800e0;418918e0;6e0;1113e0;55e-2;39e-2;60e-2;3520e-1;45e-2;3480e-1;33e-2
2016-12-29;13:35:00;1800e0;212879e0;12e0;452e0;43e-2;20e-2;39e-2;3439e-1;26e-2;3381e-1;20e-2
2016-12-29;14:05:00;1800e0;164360e0;0e0;212e0;44e-2;14e-2;30e-2;3397e-1;21e-2;3352e-1;16e-2
2016-12-29;14:35:00;1800e0;133216e0;0e0;151e0;30e-2;12e-2;17e-2;3368e-1;18e-2;3312e-1;14e-2
2016-12-29;15:05:00;1800e0;54993e0;2e0;176e0;0e-2;8e-2;0e-2;3327e-1;10e-2;3217e-1;8e-2
2016-12-30;09:05:00;1800e0;165349e0;18e0;790e0;26e-2;17e-2;26e-2;3472e-1;22e-2;3403e-1;16e-2
2016-12-30;09:35:00;1800e0;1087438e0;143e0;3468e0;99e-2;95e-2;103e-2;3720e-1;103e-2;3663e-1;73e-2
2016-12-30;10:05:00;1800e0;3140168e0;500e0;10696e0;251e-2;261e-2;254e-2;3865e-1;291e-2;3810e-1;191e-2
2016-12-30;10:35:00;1800e0;2988430e0;391e0;10402e0;240e-2;250e-2;243e-2;3830e-1;281e-2;3782e-1;181e-2
2016-12-30;11:05:00;1800e0;408970e0;45e0;1074e0;55e-2;39e-2;60e-2;3542e-1;44e-2;3504e-1;31e-2
2016-12-30;11:35:00;1800e0;333274e0;0e0;769e0;51e-2;32e-2;57e-2;3525e-1;37e-2;3466e-1;26e-2
2016-12-30;12:05:00;1800e0;346722e0;30e0;766e0;51e-2;32e-2;57e-2;3524e-1;38e-2;3467e-1;27e-2
2016-12-30;12:35:00;1800e0;340890e0;31e0;649e0;51e-2;31e-2;57e-2;3524e-1;37e-2;3469e-1;26e-2
2016-12-30;13:05:00;1800e0;196364e0;18e0;422e0;45e-2;18e-2;46e-2;3460e-1;25e-2;3373e-1;18e-2
2016-12-30;13:35:00;1800e0;168238e0;4e0;210e0;43e-2;15e-2;34e-2;3426e-1;22e-2;3372e-1;15e-2
2016-12-30;14:05:00;1800e0;160658e0;0e0;274e0;41e-2;15e-2;28e-2;3418e-1;20e-2;3357e-1;14e-2
2016-12-30;14:35:00;1800e0;92067e0;0e0;185e0;9e-2;11e-2;4e-2;3345e-1;14e-2;3257e-1;9e-2
2016-12-31;11:05:01;1800e0;65334e0;6e0;178e0;0e-2;10e-2;0e-2;3262e-1;10e-2;3161e-1;7e-2
2016-12-31;11:35:01;1800e0;146265e0;0e0;340e0;28e-2;16e-2;23e-2;3358e-1;19e-2;3280e-1;13e-2
2016-12-31;12:05:01;1800e0;93684e0;0e0;117e0;10e-2;11e-2;4e-2;3302e-1;13e-2;3219e-1;9e-2
2016-12-31;12:35:01;1800e0;86199e0;0e0;218e0;4e-2;11e-2;0e-2;3287e-1;13e-2;3244e-1;8e-2
2016-12-31;13:05:01;1800e0;71115e0;0e0;286e0;0e-2;10e-2;0e-2;3245e-1;11e-2;3173e-1;8e-2
2016-12-31;13:35:01;1800e0;82443e0;0e0;241e0;3e-2;11e-2;0e-2;3286e-1;12e-2;3193e-1;8e-2
2016-12-31;14:05:01;1800e0;88670e0;0e0;190e0;7e-2;11e-2;1e-2;3259e-1;13e-2;3199e-1;9e-2
2017-01-01;10:35:01;1800e0;147612e0;4e0;135e0;37e-2;13e-2;23e-2;3363e-1;20e-2;3300e-1;15e-2
2017-01-01;11:05:01;1800e0;276153e0;56e0;655e0;48e-2;26e-2;54e-2;3462e-1;33e-2;3373e-1;23e-2
2017-01-01;11:35:01;1800e0;334823e0;56e0;635e0;51e-2;32e-2;57e-2;3488e-1;38e-2;3416e-1;27e-2
2017-01-01;12:05:01;1800e0;577547e0;43e0;1965e0;65e-2;52e-2;69e-2;3551e-1;61e-2;3493e-1;44e-2
2017-01-01;12:35:01;1800e0;724168e0;62e0;2588e0;73e-2;64e-2;77e-2;3591e-1;75e-2;3536e-1;52e-2
2017-01-01;13:05:01;1800e0;468435e0;81e0;1565e0;58e-2;43e-2;63e-2;3525e-1;51e-2;3477e-1;37e-2
2017-01-01;13:35:01;1800e0;352756e0;6e0;735e0;52e-2;33e-2;59e-2;3497e-1;40e-2;3420e-1;29e-2
2017-01-01;14:05:01;1800e0;215986e0;6e0;547e0;47e-2;20e-2;49e-2;3438e-1;28e-2;3336e-1;20e-2
2017-01-01;14:35:01;1800e0;147373e0;16e0;243e0;37e-2;13e-2;21e-2;3382e-1;21e-2;3285e-1;15e-2
2017-01-01;15:05:01;1800e0;76068e0;0e0;155e0;4e-2;8e-2;0e-2;3311e-1;13e-2;3231e-1;9e-2
2017-01-02;09:05:01;1800e0;2494102e0;298e0;8732e0;206e-2;209e-2;208e-2;3966e-1;207e-2;3867e-1;168e-2
2017-01-02;09:35:01;1800e0;6315267e0;1358e0;21843e0;497e-2;513e-2;504e-2;4003e-1;542e-2;3921e-1;395e-2
2017-01-02;10:05:01;1800e0;8624325e0;2174e0;29488e0;678e-2;697e-2;687e-2;3930e-1;795e-2;3846e-1;504e-2
2017-01-02;10:35:01;1800e0;10246316e0;2994e0;34519e0;804e-2;824e-2;814e-2;3852e-1;983e-2;3784e-1;586e-2
2017-01-02;11:05:01;1800e0;11479296e0;2738e0;39091e0;897e-2;918e-2;908e-2;3780e-1;1130e-2;3816e-1;642e-2
2017-01-02;11:35:01;1800e0;11992432e0;2709e0;41529e0;939e-2;960e-2;951e-2;3775e-1;1179e-2;3849e-1;667e-2
2017-01-02;12:05:01;1800e0;12352275e0;3061e0;42506e0;973e-2;995e-2;986e-2;3764e-1;1212e-2;3844e-1;693e-2
2017-01-02;12:35:01;1800e0;12638547e0;3627e0;43407e0;992e-2;1013e-2;1004e-2;3784e-1;1234e-2;3858e-1;705e-2
2017-01-02;13:05:01;1800e0;12344190e0;3172e0;42236e0;971e-2;992e-2;983e-2;3776e-1;1212e-2;3853e-1;686e-2
2017-01-02;13:35:01;1800e0;11308166e0;2645e0;38445e0;892e-2;913e-2;903e-2;3775e-1;1117e-2;3847e-1;623e-2
2017-01-02;14:05:01;1800e0;9932909e0;2338e0;34179e0;781e-2;801e-2;791e-2;3812e-1;975e-2;3830e-1;548e-2
2017-01-02;14:35:01;1800e0;8100329e0;2419e0;27375e0;639e-2;657e-2;647e-2;3850e-1;773e-2;3817e-1;465e-2
2017-01-02;15:05:01;1800e0;5669241e0;1532e0;19198e0;448e-2;464e-2;453e-2;3877e-1;524e-2;3760e-1;346e-2
2017-01-02;15:35:01;1800e0;991886e0;84e0;3260e0;93e-2;86e-2;96e-2;3728e-1;97e-2;3545e-1;69e-2
2017-01-03;09:35:01;1800e0;43572e0;0e0;437e0;4e-2;10e-2;0e-2;3537e-1;12e-2;3459e-1;8e-2
2017-01-03;10:05:01;1800e0;246214e0;25e0;445e0;43e-2;24e-2;44e-2;3495e-1;29e-2;3419e-1;20e-2
2017-01-03;10:35:01;1800e0;464976e0;50e0;1575e0;57e-2;44e-2;63e-2;3564e-1;49e-2;3529e-1;35e-2
2017-01-03;11:05:01;1800e0;156774e0;0e0;357e0;35e-2;16e-2;27e-2;3432e-1;20e-2;3354e-1;14e-2
2017-01-03;11:35:01;1800e0;256455e0;27e0;678e0;41e-2;25e-2;40e-2;3477e-1;30e-2;3417e-1;20e-2
2017-01-03;12:05:01;1800e0;367563e0;36e0;942e0;53e-2;36e-2;59e-2;3531e-1;40e-2;3478e-1;28e-2
2017-01-03;12:35:01;1800e0;418622e0;37e0;1211e0;55e-2;40e-2;61e-2;3555e-1;45e-2;3497e-1;31e-2
2017-01-03;13:05:01;1800e0;293368e0;52e0;694e0;49e-2;29e-2;56e-2;3505e-1;33e-2;3429e-1;23e-2
2017-01-03;13:35:01;1800e0;252471e0;39e0;474e0;45e-2;24e-2;45e-2;3478e-1;29e-2;3405e-1;21e-2
2017-01-03;14:05:01;1800e0;132496e0;6e0;249e0;26e-2;14e-2;22e-2;3388e-1;18e-2;3319e-1;12e-2
2017-01-03;14:35:01;1800e0;93424e0;0e0;201e0;10e-2;11e-2;5e-2;3341e-1;14e-2;3261e-1;9e-2
2017-01-04;09:10:00;1800e0;426973e0;80e0;1378e0;56e-2;39e-2;55e-2;3620e-1;43e-2;3525e-1;30e-2
2017-01-04;09:40:00;1800e0;231838e0;6e0;568e0;47e-2;25e-2;51e-2;3516e-1;27e-2;3441e-1;19e-2
2017-01-04;10:10:00;1800e0;700421e0;136e0;2586e0;71e-2;63e-2;75e-2;3674e-1;68e-2;3612e-1;50e-2
2017-01-04;10:40:00;1800e0;1908647e0;129e0;6729e0;153e-2;159e-2;156e-2;3840e-1;183e-2;3768e-1;115e-2
2017-01-04;11:10:00;1800e0;962228e0;138e0;3625e0;87e-2;84e-2;90e-2;3730e-1;94e-2;3657e-1;64e-2
2017-01-04;11:40:00;1800e0;1152906e0;124e0;4247e0;99e-2;100e-2;102e-2;3757e-1;111e-2;3693e-1;76e-2
2017-01-04;12:10:00;1800e0;578977e0;43e0;2067e0;64e-2;53e-2;69e-2;3627e-1;58e-2;3569e-1;41e-2
2017-01-04;12:40:00;1800e0;447595e0;20e0;1512e0;57e-2;41e-2;63e-2;3574e-1;45e-2;3521e-1;33e-2
2017-01-04;13:10:00;1800e0;589708e0;152e0;2215e0;64e-2;54e-2;69e-2;3637e-1;59e-2;3570e-1;43e-2
2017-01-04;13:40:00;1800e0;2491358e0;338e0;8978e0;205e-2;202e-2;210e-2;3706e-1;238e-2;3678e-1;145e-2
2017-01-04;14:10:00;1800e0;888000e0;93e0;3304e0;82e-2;77e-2;86e-2;3684e-1;87e-2;3619e-1;61e-2
2017-01-04;14:40:00;1800e0;1212133e0;244e0;4385e0;106e-2;104e-2;110e-2;3734e-1;113e-2;3681e-1;81e-2
2017-01-04;15:10:00;1800e0;3707091e0;580e0;12827e0;293e-2;304e-2;296e-2;3868e-1;338e-2;3739e-1;233e-2
2017-01-04;15:40:00;1800e0;1368072e0;239e0;4643e0;125e-2;123e-2;123e-2;3660e-1;145e-2;3461e-1;93e-2
2017-01-05;09:10:00;1800e0;4048318e0;794e0;14076e0;320e-2;332e-2;324e-2;4075e-1;332e-2;4006e-1;261e-2
2017-01-05;09:40:00;1800e0;7398315e0;1631e0;25454e0;586e-2;604e-2;593e-2;4001e-1;643e-2;3960e-1;448e-2
2017-01-05;10:10:00;1800e0;9474739e0;2067e0;32713e0;748e-2;768e-2;758e-2;3953e-1;873e-2;3934e-1;534e-2
2017-01-05;10:40:00;1800e0;10980123e0;2977e0;37293e0;865e-2;886e-2;875e-2;3890e-1;1052e-2;3910e-1;597e-2
2017-01-05;11:10:00;1800e0;12282427e0;2901e0;42453e0;961e-2;982e-2;972e-2;3865e-1;1181e-2;3957e-1;660e-2
2017-01-05;11:40:00;1800e0;13285098e0;3218e0;45699e0;1038e-2;1060e-2;1050e-2;3875e-1;1265e-2;4008e-1;713e-2
2017-01-05;12:10:00;1800e0;13658788e0;3916e0;46244e0;1059e-2;1081e-2;1072e-2;3837e-1;1308e-2;3968e-1;746e-2
2017-01-05;12:40:00;1800e0;13591768e0;3934e0;46289e0;1050e-2;1071e-2;1062e-2;3825e-1;1306e-2;3957e-1;743e-2
2017-01-05;13:10:00;1800e0;13027710e0;3402e0;44791e0;1025e-2;1047e-2;1037e-2;3819e-1;1262e-2;3948e-1;707e-2
2017-01-05;13:40:00;1800e0;12112870e0;2644e0;42057e0;949e-2;970e-2;960e-2;3836e-1;1178e-2;3929e-1;651e-2
2017-01-05;14:10:00;1800e0;10791787e0;2855e0;36817e0;853e-2;874e-2;863e-2;3848e-1;1048e-2;3881e-1;587e-2
2017-01-05;14:40:00;1800e0;9188521e0;2756e0;30867e0;730e-2;749e-2;738e-2;3895e-1;862e-2;3870e-1;523e-2
2017-01-05;15:10:00;1800e0;6773791e0;1990e0;22957e0;535e-2;552e-2;541e-2;3944e-1;611e-2;3844e-1;407e-2
2017-01-05;15:40:00;1800e0;2553064e0;399e0;8756e0;209e-2;214e-2;213e-2;3897e-1;238e-2;3558e-1;165e-2
2017-01-06;09:10:00;1800e0;4388706e0;854e0;15045e0;353e-2;365e-2;357e-2;4139e-1;352e-2;4074e-1;281e-2
2017-01-06;09:40:00;1800e0;7599772e0;1940e0;26020e0;609e-2;626e-2;616e-2;4036e-1;651e-2;3960e-1;464e-2
2017-01-06;10:10:00;1800e0;9576012e0;2506e0;32676e0;766e-2;784e-2;774e-2;3980e-1;873e-2;3914e-1;547e-2
2017-01-06;10:40:00;1800e0;11146648e0;3051e0;37671e0;889e-2;909e-2;899e-2;3920e-1;1056e-2;3840e-1;621e-2
2017-01-06;11:10:00;1800e0;12270528e0;3090e0;42215e0;977e-2;997e-2;988e-2;3855e-1;1184e-2;3924e-1;665e-2
2017-01-06;11:40:00;1800e0;13066450e0;2935e0;45334e0;1030e-2;1050e-2;1041e-2;3799e-1;1268e-2;3942e-1;715e-2
